Iteration,NV,TOC
1,13,3195.517701
1,16,3041.979928
1,19,3015.609411
1,20,2934.796811
2,12,3377.436113
2,13,3195.517701
2,13,3195.517701
2,14,3022.964797
2,15,2925.769215
2,16,2907.014943
2,17,2822.473204
2,18,2792.725297
3,12,3377.436113
3,12,3377.436113
3,13,3088.275714
3,14,2944.254231
3,15,2925.769215
3,15,2925.769215
3,16,2842.633370
3,17,2822.473204
3,17,2822.473204
3,18,2792.725297
3,18,2792.725297
3,19,2742.613560
3,21,2661.604627
4,12,3377.436113
4,12,3377.436113
4,12,3377.436113
4,13,2902.270981
4,15,2859.011320
4,16,2842.633370
4,16,2842.633370
4,17,2646.292846
4,18,2626.542919
5,12,2992.950248
5,13,2902.270981
5,13,2902.270981
5,14,2879.257986
5,15,2859.011320
5,15,2859.011320
5,16,2807.217315
5,17,2646.292846
5,17,2646.292846
5,18,2626.542919
5,18,2626.542919
6,12,2992.950248
6,12,2992.950248
6,13,2902.270981
6,13,2902.270981
6,13,2902.270981
6,14,2879.257986
6,14,2879.257986
6,15,2789.318172
6,16,2759.985158
6,17,2646.292846
6,17,2646.292846
6,17,2646.292846
6,18,2626.542919
6,18,2626.542919
6,18,2626.542919
6,22,2600.280915
6,23,2596.892779
7,12,2992.950248
7,12,2992.950248
7,12,2992.950248
7,13,2885.566589
7,14,2879.257986
7,14,2879.257986
7,14,2879.257986
7,15,2774.020665
7,16,2759.985158
7,16,2759.985158
7,17,2646.292846
7,17,2646.292846
7,17,2646.292846
7,17,2646.292846
7,18,2626.542919
7,18,2626.542919
7,18,2626.542919
7,18,2626.542919
7,20,2616.406316
7,21,2575.285964
8,12,2992.950248
8,12,2992.950248
8,12,2992.950248
8,12,2992.950248
8,13,2885.566589
8,13,2885.566589
8,14,2879.257986
8,14,2879.257986
8,14,2879.257986
8,14,2879.257986
8,15,2721.678037
8,17,2613.572787
8,18,2569.155023
9,12,2975.964362
9,13,2885.566589
9,13,2885.566589
9,13,2885.566589
9,14,2757.657904
9,15,2720.424476
9,17,2613.572787
9,17,2613.572787
9,18,2569.155023
9,18,2569.155023
10,12,2975.964362
10,12,2975.964362
10,13,2885.566589
10,13,2885.566589
10,13,2885.566589
10,13,2885.566589
10,14,2757.657904
10,14,2757.657904
10,15,2720.424476
10,15,2720.424476
10,16,2699.104142
10,17,2578.635446
10,18,2520.016889
11,12,2975.964362
11,12,2975.964362
11,12,2975.964362
11,13,2885.566589
11,13,2885.566589
11,13,2885.566589
11,13,2885.566589
11,13,2885.566589
11,14,2561.899910
11,18,2520.016889
11,18,2520.016889
12,12,2975.964362
12,12,2975.964362
12,12,2975.964362
12,12,2975.964362
12,13,2885.566589
12,13,2885.566589
12,13,2885.566589
12,13,2885.566589
12,13,2885.566589
12,13,2885.566589
12,14,2561.899910
12,14,2561.899910
12,18,2520.016889
12,18,2520.016889
12,18,2520.016889
13,12,2841.219489
13,13,2802.355892
13,14,2561.899910
13,14,2561.899910
13,14,2561.899910
13,17,2527.880705
13,18,2451.634593
14,12,2841.219489
14,12,2841.219489
14,13,2802.355892
14,13,2802.355892
14,14,2561.899910
14,14,2561.899910
14,14,2561.899910
14,14,2561.899910
14,15,2538.694224
14,17,2527.880705
14,17,2527.880705
14,18,2451.634593
14,18,2451.634593
15,12,2841.219489
15,12,2841.219489
15,12,2841.219489
15,13,2564.620688
15,14,2561.899910
15,14,2561.899910
15,14,2561.899910
15,14,2561.899910
15,14,2561.899910
15,15,2538.694224
15,15,2538.694224
15,17,2527.880705
15,17,2527.880705
15,17,2527.880705
15,18,2451.634593
15,18,2451.634593
15,18,2451.634593
16,12,2734.867060
16,13,2564.620688
16,13,2564.620688
16,14,2561.899910
16,14,2561.899910
16,14,2561.899910
16,14,2561.899910
16,14,2561.899910
16,14,2561.899910
16,15,2538.694224
16,15,2538.694224
16,15,2538.694224
16,17,2527.880705
16,17,2527.880705
16,17,2527.880705
16,17,2527.880705
16,18,2451.634593
16,18,2451.634593
16,18,2451.634593
16,18,2451.634593
17,11,3246.323376
17,12,2734.867060
17,12,2734.867060
17,13,2564.620688
17,13,2564.620688
17,13,2564.620688
17,14,2561.899910
17,14,2561.899910
17,14,2561.899910
17,14,2561.899910
17,14,2561.899910
17,14,2561.899910
17,14,2561.899910
17,15,2480.909351
17,18,2451.634593
17,18,2451.634593
17,18,2451.634593
17,18,2451.634593
17,18,2451.634593
18,11,3246.323376
18,11,3246.323376
18,12,2734.867060
18,12,2734.867060
18,12,2734.867060
18,13,2564.620688
18,13,2564.620688
18,13,2564.620688
18,13,2564.620688
18,14,2561.899910
18,14,2561.899910
18,14,2561.899910
18,14,2561.899910
18,14,2561.899910
18,14,2561.899910
18,14,2561.899910
18,14,2561.899910
18,15,2480.909351
18,15,2480.909351
18,17,2469.495649
18,18,2451.634593
18,18,2451.634593
18,18,2451.634593
18,18,2451.634593
18,18,2451.634593
18,18,2451.634593
19,11,3246.323376
19,11,3246.323376
19,11,3246.323376
19,12,2734.867060
19,12,2734.867060
19,12,2734.867060
19,12,2734.867060
19,13,2564.620688
19,13,2564.620688
19,13,2564.620688
19,13,2564.620688
19,13,2564.620688
19,14,2561.899910
19,14,2561.899910
19,14,2561.899910
19,14,2561.899910
19,14,2561.899910
19,14,2561.899910
19,14,2561.899910
19,14,2561.899910
19,14,2561.899910
19,15,2480.909351
19,15,2480.909351
19,15,2480.909351
19,17,2469.495649
19,17,2469.495649
19,18,2451.634593
19,18,2451.634593
19,18,2451.634593
19,18,2451.634593
19,18,2451.634593
19,18,2451.634593
19,18,2451.634593
20,11,2982.576172
20,12,2517.567843
20,13,2463.672207
20,15,2414.721623
20,17,2406.583162
20,18,2384.107971
21,11,2982.576172
21,11,2982.576172
21,12,2517.567843
21,12,2517.567843
21,13,2463.672207
21,13,2463.672207
21,15,2414.721623
21,15,2414.721623
21,17,2406.583162
21,17,2406.583162
21,18,2384.107971
21,18,2384.107971
22,11,2982.576172
22,11,2982.576172
22,11,2982.576172
22,12,2517.567843
22,12,2517.567843
22,12,2517.567843
22,13,2463.672207
22,13,2463.672207
22,13,2463.672207
22,15,2414.721623
22,15,2414.721623
22,15,2414.721623
22,17,2406.583162
22,17,2406.583162
22,17,2406.583162
22,18,2384.107971
22,18,2384.107971
22,18,2384.107971
23,11,2982.576172
23,11,2982.576172
23,11,2982.576172
23,11,2982.576172
23,12,2517.567843
23,12,2517.567843
23,12,2517.567843
23,12,2517.567843
23,13,2463.672207
23,13,2463.672207
23,13,2463.672207
23,13,2463.672207
23,15,2414.721623
23,15,2414.721623
23,15,2414.721623
23,15,2414.721623
23,17,2406.583162
23,17,2406.583162
23,17,2406.583162
23,17,2406.583162
23,18,2384.107971
23,18,2384.107971
23,18,2384.107971
23,18,2384.107971
24,11,2982.576172
24,11,2982.576172
24,11,2982.576172
24,11,2982.576172
24,11,2982.576172
24,12,2517.567843
24,12,2517.567843
24,12,2517.567843
24,12,2517.567843
24,12,2517.567843
24,13,2463.672207
24,13,2463.672207
24,13,2463.672207
24,13,2463.672207
24,13,2463.672207
24,15,2414.721623
24,15,2414.721623
24,15,2414.721623
24,15,2414.721623
24,15,2414.721623
24,17,2383.330685
25,11,2982.576172
25,11,2982.576172
25,11,2982.576172
25,11,2982.576172
25,11,2982.576172
25,11,2982.576172
25,12,2517.567843
25,12,2517.567843
25,12,2517.567843
25,12,2517.567843
25,12,2517.567843
25,12,2517.567843
25,13,2463.672207
25,13,2463.672207
25,13,2463.672207
25,13,2463.672207
25,13,2463.672207
25,13,2463.672207
25,15,2414.721623
25,15,2414.721623
25,15,2414.721623
25,15,2414.721623
25,15,2414.721623
25,15,2414.721623
25,17,2383.330685
25,17,2383.330685
26,11,2982.576172
26,11,2982.576172
26,11,2982.576172
26,11,2982.576172
26,11,2982.576172
26,11,2982.576172
26,11,2982.576172
26,12,2517.567843
26,12,2517.567843
26,12,2517.567843
26,12,2517.567843
26,12,2517.567843
26,12,2517.567843
26,12,2517.567843
26,13,2463.672207
26,13,2463.672207
26,13,2463.672207
26,13,2463.672207
26,13,2463.672207
26,13,2463.672207
26,13,2463.672207
26,14,2463.625139
26,15,2414.721623
26,15,2414.721623
26,15,2414.721623
26,15,2414.721623
26,15,2414.721623
26,15,2414.721623
26,15,2414.721623
26,17,2383.330685
26,17,2383.330685
26,17,2383.330685
27,11,2733.391785
27,12,2422.691124
27,13,2364.976519
27,15,2314.322436
28,11,2733.391785
28,11,2733.391785
28,12,2422.691124
28,12,2422.691124
28,13,2354.936671
28,15,2314.322436
28,15,2314.322436
29,11,2733.391785
29,11,2733.391785
29,11,2733.391785
29,12,2422.691124
29,12,2422.691124
29,12,2422.691124
29,13,2354.936671
29,13,2354.936671
29,15,2314.322436
29,15,2314.322436
29,15,2314.322436
30,11,2733.391785
30,11,2733.391785
30,11,2733.391785
30,11,2733.391785
30,12,2422.691124
30,12,2422.691124
30,12,2422.691124
30,12,2422.691124
30,13,2354.936671
30,13,2354.936671
30,13,2354.936671
30,15,2314.322436
30,15,2314.322436
30,15,2314.322436
30,15,2314.322436
31,11,2582.319902
31,12,2422.691124
31,12,2422.691124
31,12,2422.691124
31,12,2422.691124
31,12,2422.691124
31,13,2350.612783
31,15,2314.322436
31,15,2314.322436
31,15,2314.322436
31,15,2314.322436
31,15,2314.322436
32,11,2582.319902
32,11,2582.319902
32,12,2422.691124
32,12,2422.691124
32,12,2422.691124
32,12,2422.691124
32,12,2422.691124
32,12,2422.691124
32,13,2350.612783
32,13,2350.612783
32,15,2314.322436
32,15,2314.322436
32,15,2314.322436
32,15,2314.322436
32,15,2314.322436
32,15,2314.322436
33,11,2582.319902
33,11,2582.319902
33,11,2582.319902
33,12,2422.691124
33,12,2422.691124
33,12,2422.691124
33,12,2422.691124
33,12,2422.691124
33,12,2422.691124
33,12,2422.691124
33,13,2350.612783
33,13,2350.612783
33,13,2350.612783
33,15,2314.322436
33,15,2314.322436
33,15,2314.322436
33,15,2314.322436
33,15,2314.322436
33,15,2314.322436
33,15,2314.322436
34,10,2534.613002
34,11,2514.480495
34,12,2358.999574
34,13,2285.599930
34,14,2276.096770
35,10,2534.613002
35,10,2534.613002
35,11,2478.733794
35,12,2358.999574
35,12,2358.999574
35,13,2285.599930
35,13,2285.599930
35,14,2276.096770
35,14,2276.096770
36,10,2534.613002
36,10,2534.613002
36,10,2534.613002
36,11,2478.733794
36,11,2478.733794
36,12,2358.999574
36,12,2358.999574
36,12,2358.999574
36,13,2285.599930
36,13,2285.599930
36,13,2285.599930
36,14,2276.096770
36,14,2276.096770
36,14,2276.096770
37,10,2534.613002
37,10,2534.613002
37,10,2534.613002
37,10,2534.613002
37,11,2478.733794
37,11,2478.733794
37,11,2478.733794
37,12,2358.999574
37,12,2358.999574
37,12,2358.999574
37,12,2358.999574
37,13,2285.599930
37,13,2285.599930
37,13,2285.599930
37,13,2285.599930
37,14,2276.096770
37,14,2276.096770
37,14,2276.096770
37,14,2276.096770
38,10,2457.838538
38,11,2341.123329
38,12,2293.783377
38,13,2229.067782
39,10,2457.838538
39,10,2457.838538
39,11,2341.123329
39,11,2341.123329
39,12,2293.783377
39,12,2293.783377
39,13,2229.067782
39,13,2229.067782
40,10,2457.838538
40,10,2457.838538
40,10,2457.838538
40,11,2341.123329
40,11,2341.123329
40,11,2341.123329
40,12,2293.783377
40,12,2293.783377
40,12,2293.783377
40,13,2229.067782
40,13,2229.067782
40,13,2229.067782
41,10,2457.838538
41,10,2457.838538
41,10,2457.838538
41,10,2457.838538
41,11,2341.123329
41,11,2341.123329
41,11,2341.123329
41,11,2341.123329
41,12,2293.783377
41,12,2293.783377
41,12,2293.783377
41,12,2293.783377
41,13,2229.067782
41,13,2229.067782
41,13,2229.067782
41,13,2229.067782
42,10,2380.115174
42,11,2300.850494
42,12,2269.018181
42,13,2208.774167
43,10,2380.115174
43,10,2380.115174
43,11,2300.850494
43,11,2300.850494
43,12,2269.018181
43,12,2269.018181
43,13,2208.774167
43,13,2208.774167
44,10,2380.115174
44,10,2380.115174
44,10,2380.115174
44,11,2300.850494
44,11,2300.850494
44,11,2300.850494
44,12,2269.018181
44,12,2269.018181
44,12,2269.018181
44,13,2208.774167
44,13,2208.774167
44,13,2208.774167
45,10,2380.115174
45,10,2380.115174
45,10,2380.115174
45,10,2380.115174
45,11,2300.850494
45,11,2300.850494
45,11,2300.850494
45,11,2300.850494
45,12,2269.018181
45,12,2269.018181
45,12,2269.018181
45,12,2269.018181
45,13,2208.774167
45,13,2208.774167
45,13,2208.774167
45,13,2208.774167
46,10,2308.888364
46,11,2266.117161
46,12,2192.644637
46,13,2182.879781
47,10,2308.888364
47,10,2308.888364
47,11,2266.117161
47,11,2266.117161
47,12,2192.644637
47,12,2192.644637
47,13,2182.879781
47,13,2182.879781
48,10,2308.888364
48,10,2308.888364
48,10,2308.888364
48,11,2266.117161
48,11,2266.117161
48,11,2266.117161
48,12,2192.644637
48,12,2192.644637
48,12,2192.644637
48,13,2182.879781
48,13,2182.879781
48,13,2182.879781
49,10,2308.888364
49,10,2308.888364
49,10,2308.888364
49,10,2308.888364
49,11,2266.117161
49,11,2266.117161
49,11,2266.117161
49,11,2266.117161
49,12,2192.644637
49,12,2192.644637
49,12,2192.644637
49,12,2192.644637
49,13,2182.879781
49,13,2182.879781
49,13,2182.879781
49,13,2182.879781
50,10,2279.088767
50,11,2232.718605
50,12,2166.456251
51,10,2279.088767
51,10,2279.088767
51,11,2232.718605
51,11,2232.718605
51,12,2166.456251
51,12,2166.456251
52,10,2279.088767
52,10,2279.088767
52,10,2279.088767
52,11,2232.718605
52,11,2232.718605
52,11,2232.718605
52,12,2166.456251
52,12,2166.456251
52,12,2166.456251
53,10,2279.088767
53,10,2279.088767
53,10,2279.088767
53,10,2279.088767
53,11,2220.274017
53,12,2166.456251
53,12,2166.456251
53,12,2166.456251
53,12,2166.456251
54,10,2279.088767
54,10,2279.088767
54,10,2279.088767
54,10,2279.088767
54,10,2279.088767
54,11,2220.274017
54,11,2220.274017
54,12,2166.456251
54,12,2166.456251
54,12,2166.456251
54,12,2166.456251
54,12,2166.456251
55,10,2279.088767
55,10,2279.088767
55,10,2279.088767
55,10,2279.088767
55,10,2279.088767
55,10,2279.088767
55,11,2220.274017
55,11,2220.274017
55,11,2220.274017
55,12,2166.456251
55,12,2166.456251
55,12,2166.456251
55,12,2166.456251
55,12,2166.456251
55,12,2166.456251
56,10,2229.443494
56,11,2181.732826
56,12,2145.195622
57,10,2229.443494
57,10,2229.443494
57,11,2181.732826
57,11,2181.732826
57,12,2145.195622
57,12,2145.195622
58,10,2229.443494
58,10,2229.443494
58,10,2229.443494
58,11,2181.732826
58,11,2181.732826
58,11,2181.732826
58,12,2145.195622
58,12,2145.195622
58,12,2145.195622
59,10,2229.443494
59,10,2229.443494
59,10,2229.443494
59,10,2229.443494
59,11,2181.732826
59,11,2181.732826
59,11,2181.732826
59,11,2181.732826
59,12,2145.195622
59,12,2145.195622
59,12,2145.195622
59,12,2145.195622
60,10,2179.572634
60,11,2155.317049
60,12,2137.347850
61,10,2162.012654
61,11,2153.523932
61,12,2137.347850
61,12,2137.347850
61,12,2137.347850
62,10,2162.012654
62,10,2162.012654
62,11,2153.523932
62,11,2153.523932
62,12,2137.347850
62,12,2137.347850
62,12,2137.347850
62,12,2137.347850
62,12,2137.347850
62,12,2137.347850
63,10,2162.012654
63,10,2162.012654
63,10,2162.012654
63,11,2153.523932
63,11,2153.523932
63,11,2153.523932
63,12,2137.347850
63,12,2137.347850
63,12,2137.347850
63,12,2137.347850
63,12,2137.347850
63,12,2137.347850
63,12,2137.347850
63,12,2137.347850
63,12,2137.347850
64,10,2162.012654
64,10,2162.012654
64,10,2162.012654
64,10,2162.012654
64,11,2153.523932
64,11,2153.523932
64,11,2153.523932
64,11,2153.523932
64,12,2137.347850
64,12,2137.347850
64,12,2137.347850
64,12,2137.347850
64,12,2137.347850
64,12,2137.347850
64,12,2137.347850
64,12,2137.347850
64,12,2137.347850
64,12,2137.347850
64,12,2137.347850
64,12,2137.347850
65,10,2147.324410
65,11,2137.556681
65,12,2125.348840
66,10,2147.324410
66,10,2147.324410
66,11,2137.556681
66,11,2137.556681
66,12,2125.348840
66,12,2125.348840
67,10,2147.324410
67,10,2147.324410
67,10,2147.324410
67,11,2137.556681
67,11,2137.556681
67,11,2137.556681
67,12,2125.348840
67,12,2125.348840
67,12,2125.348840
68,10,2147.324410
68,10,2147.324410
68,10,2147.324410
68,10,2147.324410
68,11,2137.556681
68,11,2137.556681
68,11,2137.556681
68,11,2137.556681
68,12,2125.348840
68,12,2125.348840
68,12,2125.348840
68,12,2125.348840
69,9,2304.054624
69,10,2147.324410
69,10,2147.324410
69,10,2147.324410
69,10,2147.324410
69,10,2147.324410
69,11,2137.556681
69,11,2137.556681
69,11,2137.556681
69,11,2137.556681
69,11,2137.556681
69,12,2125.348840
69,12,2125.348840
69,12,2125.348840
69,12,2125.348840
69,12,2125.348840
70,9,2304.054624
70,9,2304.054624
70,10,2147.324410
70,10,2147.324410
70,10,2147.324410
70,10,2147.324410
70,10,2147.324410
70,10,2147.324410
70,11,2137.556681
70,11,2137.556681
70,11,2137.556681
70,11,2137.556681
70,11,2137.556681
70,11,2137.556681
70,12,2125.348840
70,12,2125.348840
70,12,2125.348840
70,12,2125.348840
70,12,2125.348840
70,12,2125.348840
71,9,2304.054624
71,9,2304.054624
71,9,2304.054624
71,10,2147.324410
71,10,2147.324410
71,10,2147.324410
71,10,2147.324410
71,10,2147.324410
71,10,2147.324410
71,10,2147.324410
71,11,2137.556681
71,11,2137.556681
71,11,2137.556681
71,11,2137.556681
71,11,2137.556681
71,11,2137.556681
71,11,2137.556681
71,12,2125.348840
71,12,2125.348840
71,12,2125.348840
71,12,2125.348840
71,12,2125.348840
71,12,2125.348840
71,12,2125.348840
72,9,2289.344405
72,10,2128.393870
72,11,2111.662295
72,12,2109.515111
73,9,2289.344405
73,9,2289.344405
73,10,2128.393870
73,10,2128.393870
73,11,2111.662295
73,11,2111.662295
73,12,2109.515111
73,12,2109.515111
74,9,2289.344405
74,9,2289.344405
74,9,2289.344405
74,10,2128.393870
74,10,2128.393870
74,10,2128.393870
74,11,2111.662295
74,11,2111.662295
74,11,2111.662295
74,12,2109.515111
74,12,2109.515111
74,12,2109.515111
75,9,2289.344405
75,9,2289.344405
75,9,2289.344405
75,9,2289.344405
75,10,2128.393870
75,10,2128.393870
75,10,2128.393870
75,10,2128.393870
75,11,2111.662295
75,11,2111.662295
75,11,2111.662295
75,11,2111.662295
75,12,2109.515111
75,12,2109.515111
75,12,2109.515111
75,12,2109.515111
76,9,2238.988803
76,10,2102.930804
76,11,2097.942573
77,9,2238.988803
77,9,2238.988803
77,10,2102.930804
77,10,2102.930804
77,11,2097.942573
77,11,2097.942573
78,9,2238.988803
78,9,2238.988803
78,9,2238.988803
78,10,2102.930804
78,10,2102.930804
78,10,2102.930804
78,11,2097.942573
78,11,2097.942573
78,11,2097.942573
79,8,2463.633388
79,9,2238.988803
79,9,2238.988803
79,9,2238.988803
79,9,2238.988803
79,10,2102.930804
79,10,2102.930804
79,10,2102.930804
79,10,2102.930804
79,11,2097.942573
79,11,2097.942573
79,11,2097.942573
79,11,2097.942573
80,8,2463.633388
80,8,2463.633388
80,9,2238.988803
80,9,2238.988803
80,9,2238.988803
80,9,2238.988803
80,9,2238.988803
80,10,2102.930804
80,10,2102.930804
80,10,2102.930804
80,10,2102.930804
80,10,2102.930804
80,11,2097.942573
80,11,2097.942573
80,11,2097.942573
80,11,2097.942573
80,11,2097.942573
81,8,2463.633388
81,8,2463.633388
81,8,2463.633388
81,9,2238.988803
81,9,2238.988803
81,9,2238.988803
81,9,2238.988803
81,9,2238.988803
81,9,2238.988803
81,10,2102.930804
81,10,2102.930804
81,10,2102.930804
81,10,2102.930804
81,10,2102.930804
81,10,2102.930804
81,11,2097.942573
81,11,2097.942573
81,11,2097.942573
81,11,2097.942573
81,11,2097.942573
81,11,2097.942573
82,8,2416.536289
82,9,2194.692702
82,10,2098.883325
82,11,2075.996292
83,8,2408.553378
83,9,2194.692702
83,9,2194.692702
83,9,2194.692702
83,10,2098.883325
83,10,2098.883325
83,11,2075.996292
83,11,2075.996292
84,8,2385.902693
84,9,2189.243193
84,10,2063.398846
85,8,2385.902693
85,8,2385.902693
85,9,2189.243193
85,9,2189.243193
85,10,2063.398846
85,10,2063.398846
86,8,2385.902693
86,8,2385.902693
86,8,2385.902693
86,9,2189.243193
86,9,2189.243193
86,9,2189.243193
86,10,2063.398846
86,10,2063.398846
86,10,2063.398846
87,8,2385.902693
87,8,2385.902693
87,8,2385.902693
87,8,2385.902693
87,9,2189.243193
87,9,2189.243193
87,9,2189.243193
87,9,2189.243193
87,10,2063.398846
87,10,2063.398846
87,10,2063.398846
87,10,2063.398846
88,8,2367.465923
88,9,2152.963991
88,10,2046.449333
89,8,2367.465923
89,8,2367.465923
89,9,2152.963991
89,9,2152.963991
89,10,2046.449333
89,10,2046.449333
90,8,2367.465923
90,8,2367.465923
90,8,2367.465923
90,9,2152.963991
90,9,2152.963991
90,9,2152.963991
90,10,2046.449333
90,10,2046.449333
90,10,2046.449333
91,8,2367.465923
91,8,2367.465923
91,8,2367.465923
91,8,2367.465923
91,9,2152.963991
91,9,2152.963991
91,9,2152.963991
91,9,2152.963991
91,10,2046.449333
91,10,2046.449333
91,10,2046.449333
91,10,2046.449333
92,8,2315.580036
92,9,2124.761756
92,10,2028.389406
93,8,2278.853171
93,9,2118.338499
93,10,2028.389406
93,10,2028.389406
94,8,2278.853171
94,8,2278.853171
94,9,2118.338499
94,9,2118.338499
94,10,2028.389406
94,10,2028.389406
94,10,2028.389406
94,10,2028.389406
95,8,2278.853171
95,8,2278.853171
95,8,2278.853171
95,9,2118.338499
95,9,2118.338499
95,9,2118.338499
95,10,2028.389406
95,10,2028.389406
95,10,2028.389406
95,10,2028.389406
95,10,2028.389406
95,10,2028.389406
96,8,2278.853171
96,8,2278.853171
96,8,2278.853171
96,8,2278.853171
96,9,2118.338499
96,9,2118.338499
96,9,2118.338499
96,9,2118.338499
96,10,2028.389406
96,10,2028.389406
96,10,2028.389406
96,10,2028.389406
96,10,2028.389406
96,10,2028.389406
96,10,2028.389406
96,10,2028.389406
97,8,2232.511307
97,9,2085.914411
97,10,2019.134039
98,8,2232.511307
98,8,2232.511307
98,9,2085.914411
98,9,2085.914411
98,10,2019.134039
98,10,2019.134039
99,8,2232.511307
99,8,2232.511307
99,8,2232.511307
99,9,2085.914411
99,9,2085.914411
99,9,2085.914411
99,10,2019.134039
99,10,2019.134039
99,10,2019.134039
100,8,2232.511307
100,8,2232.511307
100,8,2232.511307
100,8,2232.511307
100,9,2085.914411
100,9,2085.914411
100,9,2085.914411
100,9,2085.914411
100,10,2019.134039
100,10,2019.134039
100,10,2019.134039
100,10,2019.134039
101,8,2183.990708
101,9,2075.448985
101,10,2016.644806
102,8,2183.990708
102,8,2183.990708
102,9,2075.448985
102,9,2075.448985
102,10,2016.644806
102,10,2016.644806
103,8,2183.990708
103,8,2183.990708
103,8,2183.990708
103,9,2075.448985
103,9,2075.448985
103,9,2075.448985
103,10,2016.644806
103,10,2016.644806
103,10,2016.644806
104,8,2183.990708
104,8,2183.990708
104,8,2183.990708
104,8,2183.990708
104,9,2075.448985
104,9,2075.448985
104,9,2075.448985
104,9,2075.448985
104,10,2016.644806
104,10,2016.644806
104,10,2016.644806
104,10,2016.644806
105,8,2152.157030
105,9,2046.258379
105,10,2016.025750
106,8,2152.157030
106,8,2152.157030
106,9,2046.258379
106,9,2046.258379
106,10,2016.025750
106,10,2016.025750
107,8,2152.157030
107,8,2152.157030
107,8,2152.157030
107,9,2046.258379
107,9,2046.258379
107,9,2046.258379
107,10,2016.025750
107,10,2016.025750
107,10,2016.025750
108,8,2152.157030
108,8,2152.157030
108,8,2152.157030
108,8,2152.157030
108,9,2046.258379
108,9,2046.258379
108,9,2046.258379
108,9,2046.258379
108,10,2016.025750
108,10,2016.025750
108,10,2016.025750
108,10,2016.025750
109,8,2145.997293
109,9,2038.944920
109,10,2011.849700
110,8,2145.997293
110,8,2145.997293
110,9,2038.944920
110,9,2038.944920
110,10,2011.849700
110,10,2011.849700
111,8,2145.997293
111,8,2145.997293
111,8,2145.997293
111,9,2038.944920
111,9,2038.944920
111,9,2038.944920
111,10,2011.849700
111,10,2011.849700
111,10,2011.849700
112,8,2145.997293
112,8,2145.997293
112,8,2145.997293
112,8,2145.997293
112,9,2038.944920
112,9,2038.944920
112,9,2038.944920
112,9,2038.944920
112,10,2011.849700
112,10,2011.849700
112,10,2011.849700
112,10,2011.849700
113,8,2143.615589
113,9,2035.546232
113,10,2006.669515
114,8,2097.205377
114,9,2030.333016
114,10,2006.669515
114,10,2006.669515
114,10,2006.669515
115,8,2097.205377
115,8,2097.205377
115,9,2030.333016
115,9,2030.333016
115,10,2006.669515
115,10,2006.669515
115,10,2006.669515
115,10,2006.669515
115,10,2006.669515
115,10,2006.669515
116,8,2097.205377
116,8,2097.205377
116,8,2097.205377
116,9,2030.333016
116,9,2030.333016
116,9,2030.333016
116,10,2006.669515
116,10,2006.669515
116,10,2006.669515
116,10,2006.669515
116,10,2006.669515
116,10,2006.669515
116,10,2006.669515
116,10,2006.669515
116,10,2006.669515
117,8,2097.205377
117,8,2097.205377
117,8,2097.205377
117,8,2097.205377
117,9,2030.333016
117,9,2030.333016
117,9,2030.333016
117,9,2030.333016
117,10,2006.669515
117,10,2006.669515
117,10,2006.669515
117,10,2006.669515
117,10,2006.669515
117,10,2006.669515
117,10,2006.669515
117,10,2006.669515
117,10,2006.669515
117,10,2006.669515
117,10,2006.669515
117,10,2006.669515
118,8,2087.746078
118,9,2027.855954
118,10,2005.511658
119,8,2087.746078
119,8,2087.746078
119,8,2087.746078
119,9,2025.882423
119,10,2005.511658
120,8,2087.746078
120,8,2087.746078
120,8,2087.746078
120,8,2087.746078
120,8,2087.746078
120,8,2087.746078
120,9,2025.882423
120,9,2025.882423
120,10,2005.511658
120,10,2005.511658
121,8,2087.746078
121,8,2087.746078
121,8,2087.746078
121,8,2087.746078
121,8,2087.746078
121,8,2087.746078
121,8,2087.746078
121,8,2087.746078
121,8,2087.746078
121,9,2025.882423
121,9,2025.882423
121,9,2025.882423
121,10,2005.511658
121,10,2005.511658
121,10,2005.511658
122,8,2087.746078
122,8,2087.746078
122,8,2087.746078
122,8,2087.746078
122,8,2087.746078
122,8,2087.746078
122,8,2087.746078
122,8,2087.746078
122,8,2087.746078
122,8,2087.746078
122,8,2087.746078
122,8,2087.746078
122,9,2025.882423
122,9,2025.882423
122,9,2025.882423
122,9,2025.882423
122,10,2005.511658
122,10,2005.511658
122,10,2005.511658
122,10,2005.511658
123,8,2069.206441
123,9,2018.101114
123,10,2003.108112
124,8,2069.206441
124,8,2069.206441
124,9,2018.101114
124,9,2018.101114
124,10,2003.108112
124,10,2003.108112
125,8,2069.206441
125,8,2069.206441
125,8,2069.206441
125,9,2018.101114
125,9,2018.101114
125,9,2018.101114
125,10,2003.108112
125,10,2003.108112
125,10,2003.108112
126,8,2069.206441
126,8,2069.206441
126,8,2069.206441
126,8,2069.206441
126,9,2018.101114
126,9,2018.101114
126,9,2018.101114
126,9,2018.101114
126,10,2003.108112
126,10,2003.108112
126,10,2003.108112
126,10,2003.108112
127,8,2061.418957
127,9,2015.635214
127,10,2001.815693
128,8,2061.418957
128,8,2061.418957
128,9,2014.915577
128,10,1999.034403
129,8,2061.418957
129,8,2061.418957
129,8,2061.418957
129,8,2061.418957
129,9,2014.915577
129,9,2014.915577
129,10,1999.034403
129,10,1999.034403
130,8,2061.418957
130,8,2061.418957
130,8,2061.418957
130,8,2061.418957
130,8,2061.418957
130,8,2061.418957
130,9,2014.915577
130,9,2014.915577
130,9,2014.915577
130,10,1999.034403
130,10,1999.034403
130,10,1999.034403
131,7,2436.234273
131,8,2061.418957
131,8,2061.418957
131,8,2061.418957
131,8,2061.418957
131,8,2061.418957
131,8,2061.418957
131,8,2061.418957
131,8,2061.418957
131,9,2014.915577
131,9,2014.915577
131,9,2014.915577
131,9,2014.915577
131,10,1999.034403
131,10,1999.034403
131,10,1999.034403
131,10,1999.034403
132,7,2436.234273
132,7,2436.234273
132,8,2061.418957
132,8,2061.418957
132,8,2061.418957
132,8,2061.418957
132,8,2061.418957
132,8,2061.418957
132,8,2061.418957
132,8,2061.418957
132,8,2061.418957
132,8,2061.418957
132,9,2014.915577
132,9,2014.915577
132,9,2014.915577
132,9,2014.915577
132,9,2014.915577
132,10,1999.034403
132,10,1999.034403
132,10,1999.034403
132,10,1999.034403
132,10,1999.034403
133,7,2436.234273
133,7,2436.234273
133,7,2436.234273
133,8,2061.418957
133,8,2061.418957
133,8,2061.418957
133,8,2061.418957
133,8,2061.418957
133,8,2061.418957
133,8,2061.418957
133,8,2061.418957
133,8,2061.418957
133,8,2061.418957
133,8,2061.418957
133,8,2061.418957
133,9,2014.915577
133,9,2014.915577
133,9,2014.915577
133,9,2014.915577
133,9,2014.915577
133,9,2014.915577
133,10,1999.034403
133,10,1999.034403
133,10,1999.034403
133,10,1999.034403
133,10,1999.034403
133,10,1999.034403
134,7,2388.751681
134,8,2037.632354
134,9,2013.135693
134,10,1999.034403
134,10,1999.034403
134,10,1999.034403
134,10,1999.034403
135,7,2388.751681
135,7,2388.751681
135,8,2037.632354
135,8,2037.632354
135,9,2013.135693
135,9,2013.135693
135,10,1999.034403
135,10,1999.034403
135,10,1999.034403
135,10,1999.034403
135,10,1999.034403
135,10,1999.034403
135,10,1999.034403
135,10,1999.034403
136,7,2388.751681
136,7,2388.751681
136,7,2388.751681
136,8,2037.632354
136,8,2037.632354
136,8,2037.632354
136,9,2013.135693
136,9,2013.135693
136,9,2013.135693
136,10,1999.034403
136,10,1999.034403
136,10,1999.034403
136,10,1999.034403
136,10,1999.034403
136,10,1999.034403
136,10,1999.034403
136,10,1999.034403
136,10,1999.034403
136,10,1999.034403
136,10,1999.034403
136,10,1999.034403
137,7,2388.751681
137,7,2388.751681
137,7,2388.751681
137,7,2388.751681
137,8,2037.632354
137,8,2037.632354
137,8,2037.632354
137,8,2037.632354
137,9,2013.135693
137,9,2013.135693
137,9,2013.135693
137,9,2013.135693
137,10,1999.034403
137,10,1999.034403
137,10,1999.034403
137,10,1999.034403
137,10,1999.034403
137,10,1999.034403
137,10,1999.034403
137,10,1999.034403
137,10,1999.034403
137,10,1999.034403
137,10,1999.034403
137,10,1999.034403
137,10,1999.034403
137,10,1999.034403
137,10,1999.034403
137,10,1999.034403
138,7,2321.729189
138,8,2037.632354
138,8,2037.632354
138,8,2037.632354
138,8,2037.632354
138,9,2011.500188
138,10,1996.140805
139,7,2321.729189
139,7,2321.729189
139,8,2037.632354
139,8,2037.632354
139,8,2037.632354
139,8,2037.632354
139,8,2037.632354
139,8,2037.632354
139,8,2037.632354
139,8,2037.632354
139,9,2011.500188
139,9,2011.500188
139,10,1996.140805
139,10,1996.140805
140,7,2321.729189
140,7,2321.729189
140,7,2321.729189
140,8,2037.632354
140,8,2037.632354
140,8,2037.632354
140,8,2037.632354
140,8,2037.632354
140,8,2037.632354
140,8,2037.632354
140,8,2037.632354
140,8,2037.632354
140,8,2037.632354
140,8,2037.632354
140,8,2037.632354
140,9,2011.500188
140,9,2011.500188
140,9,2011.500188
140,10,1996.140805
140,10,1996.140805
140,10,1996.140805
141,7,2321.729189
141,7,2321.729189
141,7,2321.729189
141,7,2321.729189
141,8,2037.632354
141,8,2037.632354
141,8,2037.632354
141,8,2037.632354
141,8,2037.632354
141,8,2037.632354
141,8,2037.632354
141,8,2037.632354
141,8,2037.632354
141,8,2037.632354
141,8,2037.632354
141,8,2037.632354
141,8,2037.632354
141,8,2037.632354
141,8,2037.632354
141,8,2037.632354
141,9,2011.500188
141,9,2011.500188
141,9,2011.500188
141,9,2011.500188
141,10,1996.140805
141,10,1996.140805
141,10,1996.140805
141,10,1996.140805
142,7,2248.431024
142,8,2035.173256
142,9,2010.173662
142,10,1994.014949
143,7,2248.431024
143,7,2248.431024
143,8,2035.173256
143,8,2035.173256
143,9,2010.173662
143,9,2010.173662
143,10,1994.014949
143,10,1994.014949
144,7,2248.431024
144,7,2248.431024
144,7,2248.431024
144,8,2035.173256
144,8,2035.173256
144,8,2035.173256
144,9,2010.173662
144,9,2010.173662
144,9,2010.173662
144,10,1994.014949
144,10,1994.014949
144,10,1994.014949
145,7,2248.431024
145,7,2248.431024
145,7,2248.431024
145,7,2248.431024
145,8,2035.173256
145,8,2035.173256
145,8,2035.173256
145,8,2035.173256
145,9,2010.173662
145,9,2010.173662
145,9,2010.173662
145,9,2010.173662
145,10,1994.014949
145,10,1994.014949
145,10,1994.014949
145,10,1994.014949
146,7,2220.583424
146,8,2031.070373
146,9,2006.183564
146,10,1992.967528
147,7,2153.980569
147,8,2031.070373
147,8,2031.070373
147,9,2006.183564
147,10,1992.967528
147,10,1992.967528
147,10,1992.967528
148,7,2153.980569
148,7,2153.980569
148,8,2031.070373
148,8,2031.070373
148,8,2031.070373
148,8,2031.070373
148,9,2006.183564
148,9,2006.183564
148,10,1992.967528
148,10,1992.967528
148,10,1992.967528
148,10,1992.967528
148,10,1992.967528
148,10,1992.967528
149,7,2153.980569
149,7,2153.980569
149,7,2153.980569
149,8,2031.070373
149,8,2031.070373
149,8,2031.070373
149,8,2031.070373
149,8,2031.070373
149,8,2031.070373
149,9,2006.183564
149,9,2006.183564
149,9,2006.183564
149,10,1992.967528
149,10,1992.967528
149,10,1992.967528
149,10,1992.967528
149,10,1992.967528
149,10,1992.967528
149,10,1992.967528
149,10,1992.967528
149,10,1992.967528
150,7,2153.980569
150,7,2153.980569
150,7,2153.980569
150,7,2153.980569
150,8,2031.070373
150,8,2031.070373
150,8,2031.070373
150,8,2031.070373
150,8,2031.070373
150,8,2031.070373
150,8,2031.070373
150,8,2031.070373
150,9,2006.183564
150,9,2006.183564
150,9,2006.183564
150,9,2006.183564
150,10,1992.967528
150,10,1992.967528
150,10,1992.967528
150,10,1992.967528
150,10,1992.967528
150,10,1992.967528
150,10,1992.967528
150,10,1992.967528
150,10,1992.967528
150,10,1992.967528
150,10,1992.967528
150,10,1992.967528
151,7,2140.559631
151,8,2031.070373
151,8,2031.070373
151,8,2031.070373
151,8,2031.070373
151,8,2031.070373
151,8,2031.070373
151,8,2031.070373
151,9,2000.881100
151,10,1992.760272
152,7,2137.578741
152,8,2030.834434
152,9,2000.881100
152,10,1989.430412
153,7,2137.578741
153,7,2137.578741
153,8,2030.386649
153,9,2000.881100
153,9,2000.881100
153,10,1989.430412
153,10,1989.430412
154,7,2137.578741
154,7,2137.578741
154,7,2137.578741
154,8,2030.386649
154,8,2030.386649
154,9,2000.881100
154,9,2000.881100
154,9,2000.881100
154,10,1989.430412
154,10,1989.430412
154,10,1989.430412
155,7,2137.578741
155,7,2137.578741
155,7,2137.578741
155,7,2137.578741
155,8,2030.386649
155,8,2030.386649
155,8,2030.386649
155,9,2000.881100
155,9,2000.881100
155,9,2000.881100
155,9,2000.881100
155,10,1989.430412
155,10,1989.430412
155,10,1989.430412
155,10,1989.430412
156,7,2118.684410
156,8,2029.916623
156,9,2000.881100
156,9,2000.881100
156,10,1989.430412
156,10,1989.430412
156,10,1989.430412
157,7,2118.684410
157,7,2118.684410
157,8,2029.916623
157,8,2029.916623
157,9,2000.881100
157,9,2000.881100
157,9,2000.881100
157,9,2000.881100
157,10,1989.430412
157,10,1989.430412
157,10,1989.430412
157,10,1989.430412
157,10,1989.430412
157,10,1989.430412
158,7,2118.684410
158,7,2118.684410
158,7,2118.684410
158,8,2029.916623
158,8,2029.916623
158,8,2029.916623
158,9,2000.881100
158,9,2000.881100
158,9,2000.881100
158,9,2000.881100
158,9,2000.881100
158,9,2000.881100
158,10,1989.430412
158,10,1989.430412
158,10,1989.430412
158,10,1989.430412
158,10,1989.430412
158,10,1989.430412
158,10,1989.430412
158,10,1989.430412
158,10,1989.430412
159,7,2118.684410
159,7,2118.684410
159,7,2118.684410
159,7,2118.684410
159,8,2029.916623
159,8,2029.916623
159,8,2029.916623
159,8,2029.916623
159,9,2000.881100
159,9,2000.881100
159,9,2000.881100
159,9,2000.881100
159,9,2000.881100
159,9,2000.881100
159,9,2000.881100
159,9,2000.881100
159,10,1989.430412
159,10,1989.430412
159,10,1989.430412
159,10,1989.430412
159,10,1989.430412
159,10,1989.430412
159,10,1989.430412
159,10,1989.430412
159,10,1989.430412
159,10,1989.430412
159,10,1989.430412
159,10,1989.430412
160,7,2101.714053
160,8,2029.916623
160,8,2029.916623
160,9,2000.881100
160,9,2000.881100
160,9,2000.881100
160,9,2000.881100
160,9,2000.881100
160,9,2000.881100
160,9,2000.881100
160,9,2000.881100
160,10,1989.332724
161,7,2101.714053
161,7,2101.714053
161,8,2029.916623
161,8,2029.916623
161,8,2029.916623
161,8,2029.916623
161,9,2000.881100
161,9,2000.881100
161,9,2000.881100
161,9,2000.881100
161,9,2000.881100
161,9,2000.881100
161,9,2000.881100
161,9,2000.881100
161,9,2000.881100
161,9,2000.881100
161,9,2000.881100
161,9,2000.881100
161,9,2000.881100
161,9,2000.881100
161,9,2000.881100
161,9,2000.881100
161,10,1989.332724
161,10,1989.332724
162,7,2101.714053
162,7,2101.714053
162,7,2101.714053
162,8,2029.916623
162,8,2029.916623
162,8,2029.916623
162,8,2029.916623
162,8,2029.916623
162,8,2029.916623
162,9,2000.881100
162,9,2000.881100
162,9,2000.881100
162,9,2000.881100
162,9,2000.881100
162,9,2000.881100
162,9,2000.881100
162,9,2000.881100
162,9,2000.881100
162,9,2000.881100
162,9,2000.881100
162,9,2000.881100
162,9,2000.881100
162,9,2000.881100
162,9,2000.881100
162,9,2000.881100
162,9,2000.881100
162,9,2000.881100
162,9,2000.881100
162,9,2000.881100
162,9,2000.881100
162,9,2000.881100
162,9,2000.881100
162,9,2000.881100
162,10,1989.332724
162,10,1989.332724
162,10,1989.332724
163,7,2101.714053
163,7,2101.714053
163,7,2101.714053
163,7,2101.714053
163,8,2029.916623
163,8,2029.916623
163,8,2029.916623
163,8,2029.916623
163,8,2029.916623
163,8,2029.916623
163,8,2029.916623
163,8,2029.916623
163,9,2000.881100
163,9,2000.881100
163,9,2000.881100
163,9,2000.881100
163,9,2000.881100
163,9,2000.881100
163,9,2000.881100
163,9,2000.881100
163,9,2000.881100
163,9,2000.881100
163,9,2000.881100
163,9,2000.881100
163,9,2000.881100
163,9,2000.881100
163,9,2000.881100
163,9,2000.881100
163,9,2000.881100
163,9,2000.881100
163,9,2000.881100
163,9,2000.881100
163,9,2000.881100
163,9,2000.881100
163,9,2000.881100
163,9,2000.881100
163,9,2000.881100
163,9,2000.881100
163,9,2000.881100
163,9,2000.881100
163,9,2000.881100
163,9,2000.881100
163,9,2000.881100
163,9,2000.881100
163,10,1989.332724
163,10,1989.332724
163,10,1989.332724
163,10,1989.332724
164,7,2095.745149
164,8,2029.672884
164,9,1987.852903
165,7,2095.745149
165,7,2095.745149
165,8,2029.672884
165,8,2029.672884
165,9,1987.852903
165,9,1987.852903
166,7,2095.745149
166,7,2095.745149
166,7,2095.745149
166,8,2029.672884
166,8,2029.672884
166,8,2029.672884
166,9,1987.852903
166,9,1987.852903
166,9,1987.852903
167,7,2095.745149
167,7,2095.745149
167,7,2095.745149
167,7,2095.745149
167,8,2029.672884
167,8,2029.672884
167,8,2029.672884
167,8,2029.672884
167,9,1987.852903
167,9,1987.852903
167,9,1987.852903
167,9,1987.852903
168,7,2083.811298
168,8,2029.672884
168,8,2029.672884
168,9,1987.415479
169,7,2083.811298
169,7,2083.811298
169,8,2029.672884
169,8,2029.672884
169,8,2029.672884
169,8,2029.672884
169,9,1987.415479
169,9,1987.415479
170,7,2083.811298
170,7,2083.811298
170,7,2083.811298
170,8,2029.672884
170,8,2029.672884
170,8,2029.672884
170,8,2029.672884
170,8,2029.672884
170,8,2029.672884
170,9,1987.415479
170,9,1987.415479
170,9,1987.415479
171,7,2083.811298
171,7,2083.811298
171,7,2083.811298
171,7,2083.811298
171,8,2029.672884
171,8,2029.672884
171,8,2029.672884
171,8,2029.672884
171,8,2029.672884
171,8,2029.672884
171,8,2029.672884
171,8,2029.672884
171,9,1987.415479
171,9,1987.415479
171,9,1987.415479
171,9,1987.415479
172,7,2072.673472
172,8,2029.668888
172,9,1983.534613
173,7,2072.673472
173,7,2072.673472
173,8,2029.668888
173,8,2029.668888
173,9,1983.534613
173,9,1983.534613
174,7,2072.673472
174,7,2072.673472
174,7,2072.673472
174,8,2029.668888
174,8,2029.668888
174,8,2029.668888
174,9,1983.534613
174,9,1983.534613
174,9,1983.534613
175,7,2072.673472
175,7,2072.673472
175,7,2072.673472
175,7,2072.673472
175,8,2029.668888
175,8,2029.668888
175,8,2029.668888
175,8,2029.668888
175,9,1983.534613
175,9,1983.534613
175,9,1983.534613
175,9,1983.534613
176,7,2072.673472
176,7,2072.673472
176,7,2072.673472
176,8,2029.668888
176,8,2029.668888
176,9,1975.107042
177,7,2072.673472
177,7,2072.673472
177,7,2072.673472
177,7,2072.673472
177,7,2072.673472
177,7,2072.673472
177,8,2029.668888
177,8,2029.668888
177,8,2029.668888
177,8,2029.668888
177,9,1975.107042
177,9,1975.107042
178,7,2072.673472
178,7,2072.673472
178,7,2072.673472
178,7,2072.673472
178,7,2072.673472
178,7,2072.673472
178,7,2072.673472
178,7,2072.673472
178,7,2072.673472
178,8,2029.668888
178,8,2029.668888
178,8,2029.668888
178,8,2029.668888
178,8,2029.668888
178,8,2029.668888
178,9,1975.107042
178,9,1975.107042
178,9,1975.107042
179,7,2072.673472
179,7,2072.673472
179,7,2072.673472
179,7,2072.673472
179,7,2072.673472
179,7,2072.673472
179,7,2072.673472
179,7,2072.673472
179,7,2072.673472
179,7,2072.673472
179,7,2072.673472
179,7,2072.673472
179,8,2029.668888
179,8,2029.668888
179,8,2029.668888
179,8,2029.668888
179,8,2029.668888
179,8,2029.668888
179,8,2029.668888
179,8,2029.668888
179,9,1975.107042
179,9,1975.107042
179,9,1975.107042
179,9,1975.107042
180,7,2070.033432
180,8,2025.731881
180,9,1973.496129
181,7,2064.353299
181,8,2018.020889
181,9,1968.453198
182,7,2064.353299
182,7,2064.353299
182,8,2018.020889
182,8,2018.020889
182,9,1968.453198
182,9,1968.453198
183,7,2064.353299
183,7,2064.353299
183,7,2064.353299
183,8,2018.020889
183,8,2018.020889
183,8,2018.020889
183,9,1968.453198
183,9,1968.453198
183,9,1968.453198
184,7,2064.353299
184,7,2064.353299
184,7,2064.353299
184,7,2064.353299
184,8,2018.020889
184,8,2018.020889
184,8,2018.020889
184,8,2018.020889
184,9,1968.453198
184,9,1968.453198
184,9,1968.453198
184,9,1968.453198
185,7,2059.145173
185,8,2018.020889
185,8,2018.020889
185,8,2018.020889
185,9,1967.799629
186,7,2059.145173
186,7,2059.145173
186,8,2018.020889
186,8,2018.020889
186,8,2018.020889
186,8,2018.020889
186,8,2018.020889
186,8,2018.020889
186,9,1967.799629
186,9,1967.799629
187,7,2059.145173
187,7,2059.145173
187,7,2059.145173
187,8,2018.020889
187,8,2018.020889
187,8,2018.020889
187,8,2018.020889
187,8,2018.020889
187,8,2018.020889
187,8,2018.020889
187,8,2018.020889
187,8,2018.020889
187,9,1967.799629
187,9,1967.799629
187,9,1967.799629
188,7,2059.145173
188,7,2059.145173
188,7,2059.145173
188,7,2059.145173
188,8,2018.020889
188,8,2018.020889
188,8,2018.020889
188,8,2018.020889
188,8,2018.020889
188,8,2018.020889
188,8,2018.020889
188,8,2018.020889
188,8,2018.020889
188,8,2018.020889
188,8,2018.020889
188,8,2018.020889
188,9,1967.799629
188,9,1967.799629
188,9,1967.799629
188,9,1967.799629
189,7,2058.558874
189,8,2018.020889
189,8,2018.020889
189,8,2018.020889
189,8,2018.020889
189,8,2018.020889
189,8,2018.020889
189,8,2018.020889
189,8,2018.020889
189,8,2018.020889
189,8,2018.020889
189,9,1965.428336
190,7,2058.558874
190,8,2018.020889
190,8,2018.020889
190,8,2018.020889
190,8,2018.020889
190,8,2018.020889
190,8,2018.020889
190,8,2018.020889
190,8,2018.020889
190,8,2018.020889
190,8,2018.020889
190,8,2018.020889
190,8,2018.020889
190,8,2018.020889
190,8,2018.020889
190,8,2018.020889
190,8,2018.020889
190,9,1964.553057
191,7,2058.558874
191,7,2058.558874
191,8,2018.020889
191,8,2018.020889
191,8,2018.020889
191,8,2018.020889
191,8,2018.020889
191,8,2018.020889
191,8,2018.020889
191,8,2018.020889
191,8,2018.020889
191,8,2018.020889
191,8,2018.020889
191,8,2018.020889
191,8,2018.020889
191,8,2018.020889
191,8,2018.020889
191,8,2018.020889
191,8,2018.020889
191,8,2018.020889
191,8,2018.020889
191,8,2018.020889
191,8,2018.020889
191,8,2018.020889
191,8,2018.020889
191,8,2018.020889
191,9,1964.553057
191,9,1964.553057
192,7,2058.558874
192,7,2058.558874
192,7,2058.558874
192,7,2058.558874
192,8,2014.083882
192,9,1964.553057
192,9,1964.553057
192,9,1964.553057
192,9,1964.553057
193,7,2058.558874
193,7,2058.558874
193,7,2058.558874
193,7,2058.558874
193,7,2058.558874
193,7,2058.558874
193,8,2014.083882
193,8,2014.083882
193,9,1964.553057
193,9,1964.553057
193,9,1964.553057
193,9,1964.553057
193,9,1964.553057
193,9,1964.553057
194,7,2058.558874
194,7,2058.558874
194,7,2058.558874
194,7,2058.558874
194,7,2058.558874
194,7,2058.558874
194,7,2058.558874
194,7,2058.558874
194,8,2014.083882
194,8,2014.083882
194,8,2014.083882
194,9,1964.553057
194,9,1964.553057
194,9,1964.553057
194,9,1964.553057
194,9,1964.553057
194,9,1964.553057
194,9,1964.553057
194,9,1964.553057
195,7,2058.558874
195,7,2058.558874
195,7,2058.558874
195,7,2058.558874
195,7,2058.558874
195,7,2058.558874
195,7,2058.558874
195,8,2014.083882
195,8,2014.083882
195,8,2014.083882
195,9,1964.464397
196,7,2050.853833
196,8,2014.083882
196,8,2014.083882
196,8,2014.083882
196,8,2014.083882
196,8,2014.083882
196,8,2014.083882
196,8,2014.083882
196,8,2014.083882
196,9,1964.464397
197,7,2050.853833
197,7,2050.853833
197,8,2014.083882
197,8,2014.083882
197,8,2014.083882
197,8,2014.083882
197,8,2014.083882
197,8,2014.083882
197,8,2014.083882
197,8,2014.083882
197,8,2014.083882
197,8,2014.083882
197,8,2014.083882
197,8,2014.083882
197,8,2014.083882
197,8,2014.083882
197,8,2014.083882
197,8,2014.083882
197,9,1964.464397
197,9,1964.464397
198,7,2050.853833
198,7,2050.853833
198,7,2050.853833
198,8,2014.083882
198,8,2014.083882
198,8,2014.083882
198,8,2014.083882
198,8,2014.083882
198,8,2014.083882
198,8,2014.083882
198,8,2014.083882
198,8,2014.083882
198,8,2014.083882
198,8,2014.083882
198,8,2014.083882
198,8,2014.083882
198,8,2014.083882
198,8,2014.083882
198,8,2014.083882
198,8,2014.083882
198,8,2014.083882
198,8,2014.083882
198,8,2014.083882
198,8,2014.083882
198,8,2014.083882
198,8,2014.083882
198,8,2014.083882
198,9,1964.464397
198,9,1964.464397
198,9,1964.464397
199,7,2050.853833
199,7,2050.853833
199,7,2050.853833
199,7,2050.853833
199,8,2014.083882
199,8,2014.083882
199,8,2014.083882
199,8,2014.083882
199,8,2014.083882
199,8,2014.083882
199,8,2014.083882
199,8,2014.083882
199,8,2014.083882
199,8,2014.083882
199,8,2014.083882
199,8,2014.083882
199,8,2014.083882
199,8,2014.083882
199,8,2014.083882
199,8,2014.083882
199,8,2014.083882
199,8,2014.083882
199,8,2014.083882
199,8,2014.083882
199,8,2014.083882
199,8,2014.083882
199,8,2014.083882
199,8,2014.083882
199,8,2014.083882
199,8,2014.083882
199,8,2014.083882
199,8,2014.083882
199,8,2014.083882
199,8,2014.083882
199,8,2014.083882
199,8,2014.083882
199,9,1964.464397
199,9,1964.464397
199,9,1964.464397
199,9,1964.464397
200,7,2050.853833
200,8,2014.083882
200,8,2014.083882
200,8,2014.083882
200,8,2014.083882
200,8,2014.083882
200,8,2014.083882
200,8,2014.083882
200,8,2014.083882
200,8,2014.083882
200,8,2014.083882
200,8,2014.083882
200,8,2014.083882
200,8,2014.083882
200,8,2014.083882
200,8,2014.083882
200,8,2014.083882
200,8,2014.083882
200,8,2014.083882
200,8,2014.083882
200,8,2014.083882
200,8,2014.083882
200,8,2014.083882
200,8,2014.083882
200,8,2014.083882
200,8,2014.083882
200,9,1964.464397
200,9,1964.464397
201,7,2048.826071
201,8,2014.083882
201,8,2014.083882
201,8,2014.083882
201,8,2014.083882
201,8,2014.083882
201,8,2014.083882
201,8,2014.083882
201,8,2014.083882
201,8,2014.083882
201,8,2014.083882
201,8,2014.083882
201,8,2014.083882
201,8,2014.083882
201,8,2014.083882
201,8,2014.083882
201,8,2014.083882
201,8,2014.083882
201,8,2014.083882
201,8,2014.083882
201,8,2014.083882
201,8,2014.083882
201,8,2014.083882
201,8,2014.083882
201,8,2014.083882
201,8,2014.083882
201,8,2014.083882
201,8,2014.083882
201,8,2014.083882
201,8,2014.083882
201,8,2014.083882
201,8,2014.083882
201,8,2014.083882
201,8,2014.083882
201,8,2014.083882
201,8,2014.083882
201,8,2014.083882
201,8,2014.083882
201,8,2014.083882
201,8,2014.083882
201,8,2014.083882
201,8,2014.083882
201,8,2014.083882
201,8,2014.083882
201,8,2014.083882
201,8,2014.083882
201,8,2014.083882
201,9,1963.028643
202,7,2048.826071
202,7,2048.826071
202,8,2014.083882
202,8,2014.083882
202,8,2014.083882
202,8,2014.083882
202,8,2014.083882
202,8,2014.083882
202,8,2014.083882
202,8,2014.083882
202,8,2014.083882
202,8,2014.083882
202,8,2014.083882
202,8,2014.083882
202,8,2014.083882
202,8,2014.083882
202,8,2014.083882
202,8,2014.083882
202,8,2014.083882
202,8,2014.083882
202,8,2014.083882
202,8,2014.083882
202,8,2014.083882
202,8,2014.083882
202,8,2014.083882
202,8,2014.083882
202,8,2014.083882
202,8,2014.083882
202,8,2014.083882
202,8,2014.083882
202,8,2014.083882
202,8,2014.083882
202,8,2014.083882
202,8,2014.083882
202,8,2014.083882
202,8,2014.083882
202,8,2014.083882
202,8,2014.083882
202,8,2014.083882
202,8,2014.083882
202,8,2014.083882
202,8,2014.083882
202,8,2014.083882
202,8,2014.083882
202,8,2014.083882
202,8,2014.083882
202,8,2014.083882
202,8,2014.083882
202,8,2014.083882
202,8,2014.083882
202,8,2014.083882
202,8,2014.083882
202,8,2014.083882
202,8,2014.083882
202,8,2014.083882
202,8,2014.083882
202,8,2014.083882
202,8,2014.083882
202,8,2014.083882
202,8,2014.083882
202,8,2014.083882
202,8,2014.083882
202,8,2014.083882
202,8,2014.083882
202,8,2014.083882
202,8,2014.083882
202,8,2014.083882
202,8,2014.083882
202,8,2014.083882
202,8,2014.083882
202,8,2014.083882
202,8,2014.083882
202,8,2014.083882
202,8,2014.083882
202,8,2014.083882
202,8,2014.083882
202,8,2014.083882
202,8,2014.083882
202,8,2014.083882
202,8,2014.083882
202,8,2014.083882
202,8,2014.083882
202,8,2014.083882
202,8,2014.083882
202,8,2014.083882
202,8,2014.083882
202,8,2014.083882
202,8,2014.083882
202,8,2014.083882
202,8,2014.083882
202,8,2014.083882
202,8,2014.083882
202,8,2014.083882
202,8,2014.083882
202,9,1963.028643
202,9,1963.028643
203,7,2048.826071
203,7,2048.826071
203,7,2048.826071
203,8,2014.083882
203,8,2014.083882
203,8,2014.083882
203,8,2014.083882
203,8,2014.083882
203,8,2014.083882
203,8,2014.083882
203,8,2014.083882
203,8,2014.083882
203,8,2014.083882
203,8,2014.083882
203,8,2014.083882
203,8,2014.083882
203,8,2014.083882
203,8,2014.083882
203,8,2014.083882
203,8,2014.083882
203,8,2014.083882
203,8,2014.083882
203,8,2014.083882
203,8,2014.083882
203,8,2014.083882
203,8,2014.083882
203,8,2014.083882
203,8,2014.083882
203,8,2014.083882
203,8,2014.083882
203,8,2014.083882
203,8,2014.083882
203,8,2014.083882
203,8,2014.083882
203,8,2014.083882
203,8,2014.083882
203,8,2014.083882
203,8,2014.083882
203,8,2014.083882
203,8,2014.083882
203,8,2014.083882
203,8,2014.083882
203,8,2014.083882
203,8,2014.083882
203,8,2014.083882
203,8,2014.083882
203,8,2014.083882
203,8,2014.083882
203,8,2014.083882
203,8,2014.083882
203,8,2014.083882
203,8,2014.083882
203,8,2014.083882
203,8,2014.083882
203,8,2014.083882
203,8,2014.083882
203,8,2014.083882
203,8,2014.083882
203,8,2014.083882
203,8,2014.083882
203,8,2014.083882
203,8,2014.083882
203,8,2014.083882
203,8,2014.083882
203,8,2014.083882
203,8,2014.083882
203,8,2014.083882
203,8,2014.083882
203,8,2014.083882
203,8,2014.083882
203,8,2014.083882
203,8,2014.083882
203,8,2014.083882
203,8,2014.083882
203,8,2014.083882
203,8,2014.083882
203,8,2014.083882
203,8,2014.083882
203,8,2014.083882
203,8,2014.083882
203,8,2014.083882
203,8,2014.083882
203,8,2014.083882
203,8,2014.083882
203,8,2014.083882
203,8,2014.083882
203,8,2014.083882
203,8,2014.083882
203,8,2014.083882
203,8,2014.083882
203,8,2014.083882
203,8,2014.083882
203,8,2014.083882
203,8,2014.083882
203,8,2014.083882
203,8,2014.083882
203,8,2014.083882
203,8,2014.083882
203,8,2014.083882
203,8,2014.083882
203,8,2014.083882
203,8,2014.083882
203,8,2014.083882
203,8,2014.083882
203,8,2014.083882
203,8,2014.083882
203,8,2014.083882
203,8,2014.083882
203,8,2014.083882
203,8,2014.083882
203,8,2014.083882
203,8,2014.083882
203,8,2014.083882
203,8,2014.083882
203,8,2014.083882
203,8,2014.083882
203,8,2014.083882
203,8,2014.083882
203,8,2014.083882
203,8,2014.083882
203,8,2014.083882
203,8,2014.083882
203,8,2014.083882
203,8,2014.083882
203,8,2014.083882
203,8,2014.083882
203,8,2014.083882
203,8,2014.083882
203,8,2014.083882
203,8,2014.083882
203,8,2014.083882
203,8,2014.083882
203,8,2014.083882
203,8,2014.083882
203,8,2014.083882
203,8,2014.083882
203,8,2014.083882
203,8,2014.083882
203,8,2014.083882
203,8,2014.083882
203,8,2014.083882
203,9,1963.028643
203,9,1963.028643
203,9,1963.028643
204,7,2048.826071
204,7,2048.826071
204,7,2048.826071
204,7,2048.826071
204,8,2014.083882
204,8,2014.083882
204,8,2014.083882
204,8,2014.083882
204,8,2014.083882
204,8,2014.083882
204,8,2014.083882
204,8,2014.083882
204,8,2014.083882
204,8,2014.083882
204,8,2014.083882
204,8,2014.083882
204,8,2014.083882
204,8,2014.083882
204,8,2014.083882
204,8,2014.083882
204,8,2014.083882
204,8,2014.083882
204,8,2014.083882
204,8,2014.083882
204,8,2014.083882
204,8,2014.083882
204,8,2014.083882
204,8,2014.083882
204,8,2014.083882
204,8,2014.083882
204,8,2014.083882
204,8,2014.083882
204,8,2014.083882
204,8,2014.083882
204,8,2014.083882
204,8,2014.083882
204,8,2014.083882
204,8,2014.083882
204,8,2014.083882
204,8,2014.083882
204,8,2014.083882
204,8,2014.083882
204,8,2014.083882
204,8,2014.083882
204,8,2014.083882
204,8,2014.083882
204,8,2014.083882
204,8,2014.083882
204,8,2014.083882
204,8,2014.083882
204,8,2014.083882
204,8,2014.083882
204,8,2014.083882
204,8,2014.083882
204,8,2014.083882
204,8,2014.083882
204,8,2014.083882
204,8,2014.083882
204,8,2014.083882
204,8,2014.083882
204,8,2014.083882
204,8,2014.083882
204,8,2014.083882
204,8,2014.083882
204,8,2014.083882
204,8,2014.083882
204,8,2014.083882
204,8,2014.083882
204,8,2014.083882
204,8,2014.083882
204,8,2014.083882
204,8,2014.083882
204,8,2014.083882
204,8,2014.083882
204,8,2014.083882
204,8,2014.083882
204,8,2014.083882
204,8,2014.083882
204,8,2014.083882
204,8,2014.083882
204,8,2014.083882
204,8,2014.083882
204,8,2014.083882
204,8,2014.083882
204,8,2014.083882
204,8,2014.083882
204,8,2014.083882
204,8,2014.083882
204,8,2014.083882
204,8,2014.083882
204,8,2014.083882
204,8,2014.083882
204,8,2014.083882
204,8,2014.083882
204,8,2014.083882
204,8,2014.083882
204,8,2014.083882
204,8,2014.083882
204,8,2014.083882
204,8,2014.083882
204,8,2014.083882
204,8,2014.083882
204,8,2014.083882
204,8,2014.083882
204,8,2014.083882
204,8,2014.083882
204,8,2014.083882
204,8,2014.083882
204,8,2014.083882
204,8,2014.083882
204,8,2014.083882
204,8,2014.083882
204,8,2014.083882
204,8,2014.083882
204,8,2014.083882
204,8,2014.083882
204,8,2014.083882
204,8,2014.083882
204,8,2014.083882
204,8,2014.083882
204,8,2014.083882
204,8,2014.083882
204,8,2014.083882
204,8,2014.083882
204,8,2014.083882
204,8,2014.083882
204,8,2014.083882
204,8,2014.083882
204,8,2014.083882
204,8,2014.083882
204,8,2014.083882
204,8,2014.083882
204,8,2014.083882
204,8,2014.083882
204,8,2014.083882
204,8,2014.083882
204,8,2014.083882
204,8,2014.083882
204,8,2014.083882
204,8,2014.083882
204,8,2014.083882
204,8,2014.083882
204,8,2014.083882
204,8,2014.083882
204,8,2014.083882
204,8,2014.083882
204,8,2014.083882
204,8,2014.083882
204,8,2014.083882
204,8,2014.083882
204,8,2014.083882
204,8,2014.083882
204,8,2014.083882
204,8,2014.083882
204,8,2014.083882
204,8,2014.083882
204,8,2014.083882
204,8,2014.083882
204,8,2014.083882
204,8,2014.083882
204,8,2014.083882
204,8,2014.083882
204,8,2014.083882
204,8,2014.083882
204,8,2014.083882
204,8,2014.083882
204,8,2014.083882
204,8,2014.083882
204,8,2014.083882
204,8,2014.083882
204,8,2014.083882
204,8,2014.083882
204,8,2014.083882
204,8,2014.083882
204,8,2014.083882
204,8,2014.083882
204,8,2014.083882
204,8,2014.083882
204,8,2014.083882
204,8,2014.083882
204,8,2014.083882
204,8,2014.083882
204,8,2014.083882
204,8,2014.083882
204,8,2014.083882
204,8,2014.083882
204,8,2014.083882
204,8,2014.083882
204,9,1963.028643
204,9,1963.028643
204,9,1963.028643
204,9,1963.028643
205,7,2048.826071
205,8,2013.547121
205,9,1963.028643
205,9,1963.028643
206,7,2048.826071
206,8,2013.001426
206,9,1963.028643
206,9,1963.028643
206,9,1963.028643
206,9,1963.028643
207,7,2048.826071
207,7,2048.826071
207,8,2013.001426
207,8,2013.001426
207,9,1963.028643
207,9,1963.028643
207,9,1963.028643
207,9,1963.028643
207,9,1963.028643
207,9,1963.028643
207,9,1963.028643
207,9,1963.028643
207,9,1963.028643
207,9,1963.028643
208,7,2048.826071
208,7,2048.826071
208,7,2048.826071
208,7,2048.826071
208,7,2048.826071
208,8,2013.001426
208,8,2013.001426
208,9,1963.028643
208,9,1963.028643
208,9,1963.028643
208,9,1963.028643
208,9,1963.028643
208,9,1963.028643
208,9,1963.028643
208,9,1963.028643
208,9,1963.028643
208,9,1963.028643
208,9,1963.028643
208,9,1963.028643
208,9,1963.028643
208,9,1963.028643
208,9,1963.028643
208,9,1963.028643
208,9,1963.028643
208,9,1963.028643
208,9,1963.028643
208,9,1963.028643
208,9,1963.028643
208,9,1963.028643
209,7,2048.826071
209,7,2048.826071
209,7,2048.826071
209,7,2048.826071
209,7,2048.826071
209,7,2048.826071
209,7,2048.826071
209,7,2048.826071
209,7,2048.826071
209,7,2048.826071
209,8,2013.001426
209,8,2013.001426
209,9,1963.028643
209,9,1963.028643
209,9,1963.028643
209,9,1963.028643
209,9,1963.028643
209,9,1963.028643
209,9,1963.028643
209,9,1963.028643
209,9,1963.028643
209,9,1963.028643
209,9,1963.028643
209,9,1963.028643
209,9,1963.028643
209,9,1963.028643
209,9,1963.028643
209,9,1963.028643
209,9,1963.028643
209,9,1963.028643
209,9,1963.028643
209,9,1963.028643
209,9,1963.028643
209,9,1963.028643
209,9,1963.028643
209,9,1963.028643
209,9,1963.028643
209,9,1963.028643
209,9,1963.028643
209,9,1963.028643
209,9,1963.028643
209,9,1963.028643
209,9,1963.028643
209,9,1963.028643
209,9,1963.028643
209,9,1963.028643
209,9,1963.028643
209,9,1963.028643
209,9,1963.028643
209,9,1963.028643
209,9,1963.028643
209,9,1963.028643
209,9,1963.028643
209,9,1963.028643
209,9,1963.028643
209,9,1963.028643
209,9,1963.028643
209,9,1963.028643
209,9,1963.028643
209,9,1963.028643
209,9,1963.028643
210,7,2048.826071
210,7,2048.826071
210,7,2048.826071
210,7,2048.826071
210,7,2048.826071
210,7,2048.826071
210,7,2048.826071
210,7,2048.826071
210,7,2048.826071
210,7,2048.826071
210,7,2048.826071
210,7,2048.826071
210,7,2048.826071
210,7,2048.826071
210,7,2048.826071
210,7,2048.826071
210,7,2048.826071
210,7,2048.826071
210,7,2048.826071
210,8,2013.001426
210,8,2013.001426
210,8,2013.001426
210,9,1961.772919
211,7,2048.826071
211,7,2048.826071
211,7,2048.826071
211,7,2048.826071
211,7,2048.826071
211,7,2048.826071
211,7,2048.826071
211,7,2048.826071
211,7,2048.826071
211,7,2048.826071
211,7,2048.826071
211,7,2048.826071
211,7,2048.826071
211,7,2048.826071
211,7,2048.826071
211,7,2048.826071
211,7,2048.826071
211,7,2048.826071
211,7,2048.826071
211,7,2048.826071
211,7,2048.826071
211,7,2048.826071
211,7,2048.826071
211,7,2048.826071
211,7,2048.826071
211,7,2048.826071
211,7,2048.826071
211,7,2048.826071
211,7,2048.826071
211,7,2048.826071
211,7,2048.826071
211,7,2048.826071
211,7,2048.826071
211,7,2048.826071
211,7,2048.826071
211,7,2048.826071
211,7,2048.826071
211,7,2048.826071
211,7,2048.826071
211,7,2048.826071
211,7,2048.826071
211,8,2013.001426
211,8,2013.001426
211,8,2013.001426
211,8,2013.001426
211,9,1961.772919
212,7,2048.826071
212,7,2048.826071
212,7,2048.826071
212,7,2048.826071
212,7,2048.826071
212,7,2048.826071
212,7,2048.826071
212,7,2048.826071
212,7,2048.826071
212,7,2048.826071
212,7,2048.826071
212,7,2048.826071
212,7,2048.826071
212,7,2048.826071
212,7,2048.826071
212,7,2048.826071
212,7,2048.826071
212,7,2048.826071
212,7,2048.826071
212,7,2048.826071
212,7,2048.826071
212,7,2048.826071
212,7,2048.826071
212,7,2048.826071
212,7,2048.826071
212,7,2048.826071
212,7,2048.826071
212,7,2048.826071
212,7,2048.826071
212,7,2048.826071
212,7,2048.826071
212,7,2048.826071
212,7,2048.826071
212,7,2048.826071
212,7,2048.826071
212,7,2048.826071
212,7,2048.826071
212,7,2048.826071
212,7,2048.826071
212,7,2048.826071
212,7,2048.826071
212,7,2048.826071
212,7,2048.826071
212,7,2048.826071
212,7,2048.826071
212,7,2048.826071
212,7,2048.826071
212,7,2048.826071
212,7,2048.826071
212,7,2048.826071
212,7,2048.826071
212,7,2048.826071
212,7,2048.826071
212,7,2048.826071
212,7,2048.826071
212,7,2048.826071
212,7,2048.826071
212,7,2048.826071
212,7,2048.826071
212,7,2048.826071
212,7,2048.826071
212,7,2048.826071
212,7,2048.826071
212,7,2048.826071
212,7,2048.826071
212,7,2048.826071
212,7,2048.826071
212,7,2048.826071
212,7,2048.826071
212,7,2048.826071
212,7,2048.826071
212,7,2048.826071
212,7,2048.826071
212,7,2048.826071
212,7,2048.826071
212,7,2048.826071
212,7,2048.826071
212,7,2048.826071
212,8,2013.001426
212,8,2013.001426
212,8,2013.001426
212,8,2013.001426
212,8,2013.001426
212,8,2013.001426
212,8,2013.001426
212,9,1961.635564
213,7,2048.826071
213,7,2048.826071
213,7,2048.826071
213,7,2048.826071
213,7,2048.826071
213,7,2048.826071
213,7,2048.826071
213,7,2048.826071
213,7,2048.826071
213,7,2048.826071
213,7,2048.826071
213,7,2048.826071
213,7,2048.826071
213,7,2048.826071
213,7,2048.826071
213,7,2048.826071
213,7,2048.826071
213,7,2048.826071
213,7,2048.826071
213,7,2048.826071
213,7,2048.826071
213,7,2048.826071
213,7,2048.826071
213,7,2048.826071
213,7,2048.826071
213,7,2048.826071
213,7,2048.826071
213,7,2048.826071
213,7,2048.826071
213,7,2048.826071
213,7,2048.826071
213,7,2048.826071
213,7,2048.826071
213,7,2048.826071
213,7,2048.826071
213,7,2048.826071
213,7,2048.826071
213,7,2048.826071
213,7,2048.826071
213,7,2048.826071
213,7,2048.826071
213,7,2048.826071
213,7,2048.826071
213,7,2048.826071
213,7,2048.826071
213,7,2048.826071
213,7,2048.826071
213,7,2048.826071
213,7,2048.826071
213,7,2048.826071
213,7,2048.826071
213,7,2048.826071
213,7,2048.826071
213,7,2048.826071
213,7,2048.826071
213,7,2048.826071
213,7,2048.826071
213,7,2048.826071
213,7,2048.826071
213,7,2048.826071
213,7,2048.826071
213,7,2048.826071
213,7,2048.826071
213,7,2048.826071
213,7,2048.826071
213,7,2048.826071
213,7,2048.826071
213,7,2048.826071
213,7,2048.826071
213,7,2048.826071
213,7,2048.826071
213,7,2048.826071
213,7,2048.826071
213,7,2048.826071
213,7,2048.826071
213,7,2048.826071
213,7,2048.826071
213,7,2048.826071
213,7,2048.826071
213,7,2048.826071
213,7,2048.826071
213,7,2048.826071
213,7,2048.826071
213,7,2048.826071
213,7,2048.826071
213,7,2048.826071
213,7,2048.826071
213,7,2048.826071
213,7,2048.826071
213,7,2048.826071
213,7,2048.826071
213,7,2048.826071
213,7,2048.826071
213,7,2048.826071
213,7,2048.826071
213,7,2048.826071
213,7,2048.826071
213,7,2048.826071
213,7,2048.826071
213,7,2048.826071
213,7,2048.826071
213,7,2048.826071
213,7,2048.826071
213,7,2048.826071
213,7,2048.826071
213,7,2048.826071
213,7,2048.826071
213,7,2048.826071
213,7,2048.826071
213,7,2048.826071
213,7,2048.826071
213,7,2048.826071
213,7,2048.826071
213,7,2048.826071
213,7,2048.826071
213,7,2048.826071
213,7,2048.826071
213,7,2048.826071
213,7,2048.826071
213,7,2048.826071
213,7,2048.826071
213,7,2048.826071
213,7,2048.826071
213,7,2048.826071
213,7,2048.826071
213,7,2048.826071
213,7,2048.826071
213,7,2048.826071
213,7,2048.826071
213,7,2048.826071
213,7,2048.826071
213,7,2048.826071
213,7,2048.826071
213,7,2048.826071
213,7,2048.826071
213,7,2048.826071
213,8,2013.001426
213,8,2013.001426
213,8,2013.001426
213,8,2013.001426
213,8,2013.001426
213,8,2013.001426
213,8,2013.001426
213,8,2013.001426
213,8,2013.001426
213,8,2013.001426
213,8,2013.001426
213,8,2013.001426
213,8,2013.001426
213,9,1961.635564
214,7,2048.826071
214,7,2048.826071
214,7,2048.826071
214,7,2048.826071
214,7,2048.826071
214,7,2048.826071
214,7,2048.826071
214,7,2048.826071
214,7,2048.826071
214,7,2048.826071
214,7,2048.826071
214,7,2048.826071
214,7,2048.826071
214,7,2048.826071
214,7,2048.826071
214,7,2048.826071
214,7,2048.826071
214,7,2048.826071
214,7,2048.826071
214,7,2048.826071
214,7,2048.826071
214,7,2048.826071
214,7,2048.826071
214,7,2048.826071
214,7,2048.826071
214,7,2048.826071
214,7,2048.826071
214,7,2048.826071
214,7,2048.826071
214,7,2048.826071
214,7,2048.826071
214,7,2048.826071
214,7,2048.826071
214,7,2048.826071
214,7,2048.826071
214,7,2048.826071
214,7,2048.826071
214,7,2048.826071
214,7,2048.826071
214,7,2048.826071
214,7,2048.826071
214,7,2048.826071
214,7,2048.826071
214,7,2048.826071
214,7,2048.826071
214,7,2048.826071
214,7,2048.826071
214,7,2048.826071
214,7,2048.826071
214,7,2048.826071
214,7,2048.826071
214,7,2048.826071
214,7,2048.826071
214,7,2048.826071
214,7,2048.826071
214,7,2048.826071
214,7,2048.826071
214,7,2048.826071
214,7,2048.826071
214,7,2048.826071
214,7,2048.826071
214,7,2048.826071
214,7,2048.826071
214,7,2048.826071
214,7,2048.826071
214,7,2048.826071
214,7,2048.826071
214,7,2048.826071
214,7,2048.826071
214,7,2048.826071
214,7,2048.826071
214,7,2048.826071
214,7,2048.826071
214,7,2048.826071
214,7,2048.826071
214,7,2048.826071
214,7,2048.826071
214,7,2048.826071
214,7,2048.826071
214,7,2048.826071
214,7,2048.826071
214,7,2048.826071
214,7,2048.826071
214,7,2048.826071
214,7,2048.826071
214,7,2048.826071
214,7,2048.826071
214,7,2048.826071
214,7,2048.826071
214,7,2048.826071
214,7,2048.826071
214,7,2048.826071
214,7,2048.826071
214,7,2048.826071
214,7,2048.826071
214,7,2048.826071
214,7,2048.826071
214,7,2048.826071
214,7,2048.826071
214,7,2048.826071
214,7,2048.826071
214,7,2048.826071
214,7,2048.826071
214,7,2048.826071
214,7,2048.826071
214,7,2048.826071
214,7,2048.826071
214,7,2048.826071
214,7,2048.826071
214,7,2048.826071
214,7,2048.826071
214,7,2048.826071
214,7,2048.826071
214,7,2048.826071
214,7,2048.826071
214,7,2048.826071
214,7,2048.826071
214,7,2048.826071
214,7,2048.826071
214,7,2048.826071
214,8,2013.001426
214,8,2013.001426
214,8,2013.001426
214,8,2013.001426
214,8,2013.001426
214,8,2013.001426
214,8,2013.001426
214,8,2013.001426
214,8,2013.001426
214,8,2013.001426
214,8,2013.001426
214,8,2013.001426
214,8,2013.001426
214,8,2013.001426
214,8,2013.001426
214,8,2013.001426
214,8,2013.001426
214,8,2013.001426
214,8,2013.001426
214,8,2013.001426
214,8,2013.001426
214,8,2013.001426
214,8,2013.001426
214,8,2013.001426
214,8,2013.001426
214,8,2013.001426
214,8,2013.001426
214,8,2013.001426
214,8,2013.001426
214,9,1961.452926
215,7,2048.826071
215,7,2048.826071
215,7,2048.826071
215,7,2048.826071
215,7,2048.826071
215,7,2048.826071
215,7,2048.826071
215,7,2048.826071
215,7,2048.826071
215,7,2048.826071
215,7,2048.826071
215,7,2048.826071
215,7,2048.826071
215,7,2048.826071
215,7,2048.826071
215,7,2048.826071
215,7,2048.826071
215,7,2048.826071
215,7,2048.826071
215,7,2048.826071
215,7,2048.826071
215,7,2048.826071
215,7,2048.826071
215,7,2048.826071
215,7,2048.826071
215,7,2048.826071
215,7,2048.826071
215,7,2048.826071
215,7,2048.826071
215,7,2048.826071
215,7,2048.826071
215,7,2048.826071
215,7,2048.826071
215,7,2048.826071
215,7,2048.826071
215,7,2048.826071
215,7,2048.826071
215,7,2048.826071
215,7,2048.826071
215,7,2048.826071
215,7,2048.826071
215,7,2048.826071
215,7,2048.826071
215,7,2048.826071
215,7,2048.826071
215,7,2048.826071
215,7,2048.826071
215,7,2048.826071
215,7,2048.826071
215,7,2048.826071
215,7,2048.826071
215,7,2048.826071
215,7,2048.826071
215,7,2048.826071
215,7,2048.826071
215,7,2048.826071
215,7,2048.826071
215,7,2048.826071
215,7,2048.826071
215,7,2048.826071
215,7,2048.826071
215,7,2048.826071
215,7,2048.826071
215,7,2048.826071
215,7,2048.826071
215,7,2048.826071
215,7,2048.826071
215,7,2048.826071
215,7,2048.826071
215,7,2048.826071
215,7,2048.826071
215,7,2048.826071
215,7,2048.826071
215,7,2048.826071
215,7,2048.826071
215,7,2048.826071
215,7,2048.826071
215,7,2048.826071
215,7,2048.826071
215,7,2048.826071
215,7,2048.826071
215,7,2048.826071
215,7,2048.826071
215,7,2048.826071
215,7,2048.826071
215,7,2048.826071
215,7,2048.826071
215,7,2048.826071
215,7,2048.826071
215,8,2013.001426
215,8,2013.001426
215,8,2013.001426
215,8,2013.001426
215,8,2013.001426
215,8,2013.001426
215,8,2013.001426
215,8,2013.001426
215,8,2013.001426
215,8,2013.001426
215,8,2013.001426
215,8,2013.001426
215,8,2013.001426
215,8,2013.001426
215,8,2013.001426
215,8,2013.001426
215,8,2013.001426
215,8,2013.001426
215,8,2013.001426
215,8,2013.001426
215,8,2013.001426
215,8,2013.001426
215,8,2013.001426
215,8,2013.001426
215,8,2013.001426
215,8,2013.001426
215,8,2013.001426
215,8,2013.001426
215,8,2013.001426
215,8,2013.001426
215,8,2013.001426
215,8,2013.001426
215,8,2013.001426
215,8,2013.001426
215,8,2013.001426
215,8,2013.001426
215,8,2013.001426
215,8,2013.001426
215,8,2013.001426
215,8,2013.001426
215,8,2013.001426
215,8,2013.001426
215,8,2013.001426
215,8,2013.001426
215,8,2013.001426
215,8,2013.001426
215,8,2013.001426
215,8,2013.001426
215,8,2013.001426
215,8,2013.001426
215,8,2013.001426
215,8,2013.001426
215,8,2013.001426
215,8,2013.001426
215,8,2013.001426
215,8,2013.001426
215,8,2013.001426
215,8,2013.001426
215,8,2013.001426
215,8,2013.001426
215,9,1961.452926
216,7,2048.826071
216,7,2048.826071
216,7,2048.826071
216,7,2048.826071
216,7,2048.826071
216,7,2048.826071
216,7,2048.826071
216,7,2048.826071
216,7,2048.826071
216,7,2048.826071
216,7,2048.826071
216,7,2048.826071
216,7,2048.826071
216,7,2048.826071
216,7,2048.826071
216,7,2048.826071
216,7,2048.826071
216,7,2048.826071
216,7,2048.826071
216,7,2048.826071
216,7,2048.826071
216,7,2048.826071
216,7,2048.826071
216,8,2013.001426
216,8,2013.001426
216,8,2013.001426
216,8,2013.001426
216,8,2013.001426
216,8,2013.001426
216,8,2013.001426
216,8,2013.001426
216,8,2013.001426
216,8,2013.001426
216,8,2013.001426
216,8,2013.001426
216,8,2013.001426
216,8,2013.001426
216,8,2013.001426
216,8,2013.001426
216,8,2013.001426
216,8,2013.001426
216,8,2013.001426
216,8,2013.001426
216,8,2013.001426
216,8,2013.001426
216,8,2013.001426
216,8,2013.001426
216,8,2013.001426
216,8,2013.001426
216,8,2013.001426
216,8,2013.001426
216,8,2013.001426
216,8,2013.001426
216,8,2013.001426
216,8,2013.001426
216,8,2013.001426
216,8,2013.001426
216,8,2013.001426
216,8,2013.001426
216,8,2013.001426
216,8,2013.001426
216,8,2013.001426
216,8,2013.001426
216,8,2013.001426
216,8,2013.001426
216,8,2013.001426
216,8,2013.001426
216,8,2013.001426
216,8,2013.001426
216,8,2013.001426
216,8,2013.001426
216,8,2013.001426
216,8,2013.001426
216,8,2013.001426
216,8,2013.001426
216,8,2013.001426
216,8,2013.001426
216,8,2013.001426
216,8,2013.001426
216,8,2013.001426
216,8,2013.001426
216,8,2013.001426
216,8,2013.001426
216,8,2013.001426
216,8,2013.001426
216,8,2013.001426
216,8,2013.001426
216,8,2013.001426
216,8,2013.001426
216,8,2013.001426
216,8,2013.001426
216,8,2013.001426
216,8,2013.001426
216,8,2013.001426
216,8,2013.001426
216,8,2013.001426
216,8,2013.001426
216,8,2013.001426
216,8,2013.001426
216,8,2013.001426
216,8,2013.001426
216,8,2013.001426
216,8,2013.001426
216,8,2013.001426
216,8,2013.001426
216,8,2013.001426
216,8,2013.001426
216,8,2013.001426
216,8,2013.001426
216,8,2013.001426
216,8,2013.001426
216,8,2013.001426
216,8,2013.001426
216,8,2013.001426
216,8,2013.001426
216,8,2013.001426
216,8,2013.001426
216,8,2013.001426
216,8,2013.001426
216,8,2013.001426
216,8,2013.001426
216,8,2013.001426
216,8,2013.001426
216,8,2013.001426
216,8,2013.001426
216,8,2013.001426
216,8,2013.001426
216,8,2013.001426
216,8,2013.001426
216,8,2013.001426
216,8,2013.001426
216,8,2013.001426
216,8,2013.001426
216,8,2013.001426
216,8,2013.001426
216,8,2013.001426
216,8,2013.001426
216,8,2013.001426
216,8,2013.001426
216,8,2013.001426
216,8,2013.001426
216,8,2013.001426
216,8,2013.001426
216,8,2013.001426
216,8,2013.001426
216,8,2013.001426
216,8,2013.001426
216,8,2013.001426
216,8,2013.001426
216,9,1961.452926
217,7,2046.245744
217,8,2013.001426
217,8,2013.001426
217,8,2013.001426
217,8,2013.001426
217,8,2013.001426
217,8,2013.001426
217,8,2013.001426
217,8,2013.001426
217,8,2013.001426
217,8,2013.001426
217,8,2013.001426
217,8,2013.001426
217,8,2013.001426
217,8,2013.001426
217,8,2013.001426
217,8,2013.001426
217,8,2013.001426
217,8,2013.001426
217,8,2013.001426
217,8,2013.001426
217,8,2013.001426
217,8,2013.001426
217,8,2013.001426
217,8,2013.001426
217,8,2013.001426
217,8,2013.001426
217,8,2013.001426
217,8,2013.001426
217,8,2013.001426
217,8,2013.001426
217,8,2013.001426
217,8,2013.001426
217,8,2013.001426
217,8,2013.001426
217,8,2013.001426
217,8,2013.001426
217,8,2013.001426
217,8,2013.001426
217,8,2013.001426
217,8,2013.001426
217,8,2013.001426
217,8,2013.001426
217,8,2013.001426
217,8,2013.001426
217,8,2013.001426
217,8,2013.001426
217,8,2013.001426
217,8,2013.001426
217,8,2013.001426
217,8,2013.001426
217,8,2013.001426
217,8,2013.001426
217,8,2013.001426
217,8,2013.001426
217,8,2013.001426
217,8,2013.001426
217,8,2013.001426
217,8,2013.001426
217,8,2013.001426
217,8,2013.001426
217,8,2013.001426
217,8,2013.001426
217,8,2013.001426
217,8,2013.001426
217,8,2013.001426
217,8,2013.001426
217,8,2013.001426
217,8,2013.001426
217,8,2013.001426
217,8,2013.001426
217,8,2013.001426
217,8,2013.001426
217,8,2013.001426
217,8,2013.001426
217,8,2013.001426
217,8,2013.001426
217,8,2013.001426
217,8,2013.001426
217,8,2013.001426
217,8,2013.001426
217,8,2013.001426
217,8,2013.001426
217,8,2013.001426
217,8,2013.001426
217,8,2013.001426
217,8,2013.001426
217,8,2013.001426
217,8,2013.001426
217,8,2013.001426
217,8,2013.001426
217,8,2013.001426
217,8,2013.001426
217,8,2013.001426
217,8,2013.001426
217,8,2013.001426
217,8,2013.001426
217,8,2013.001426
217,8,2013.001426
217,8,2013.001426
217,8,2013.001426
217,8,2013.001426
217,8,2013.001426
217,8,2013.001426
217,8,2013.001426
217,8,2013.001426
217,8,2013.001426
217,8,2013.001426
217,8,2013.001426
217,8,2013.001426
217,8,2013.001426
217,8,2013.001426
217,8,2013.001426
217,8,2013.001426
217,8,2013.001426
217,8,2013.001426
217,8,2013.001426
217,8,2013.001426
217,8,2013.001426
217,8,2013.001426
217,8,2013.001426
217,8,2013.001426
217,8,2013.001426
217,8,2013.001426
217,8,2013.001426
217,8,2013.001426
217,8,2013.001426
217,8,2013.001426
217,8,2013.001426
217,8,2013.001426
217,8,2013.001426
217,8,2013.001426
217,8,2013.001426
217,8,2013.001426
217,8,2013.001426
217,8,2013.001426
217,8,2013.001426
217,8,2013.001426
217,8,2013.001426
217,8,2013.001426
217,8,2013.001426
217,8,2013.001426
217,8,2013.001426
217,8,2013.001426
217,8,2013.001426
217,8,2013.001426
217,8,2013.001426
217,8,2013.001426
217,9,1961.452926
217,9,1961.452926
218,7,2046.245744
218,8,2013.001426
218,8,2013.001426
218,8,2013.001426
218,8,2013.001426
218,8,2013.001426
218,8,2013.001426
218,8,2013.001426
218,8,2013.001426
218,8,2013.001426
218,8,2013.001426
218,8,2013.001426
218,8,2013.001426
218,8,2013.001426
218,8,2013.001426
218,8,2013.001426
218,8,2013.001426
218,8,2013.001426
218,8,2013.001426
218,8,2013.001426
218,8,2013.001426
218,8,2013.001426
218,8,2013.001426
218,8,2013.001426
218,8,2013.001426
218,8,2013.001426
218,8,2013.001426
218,8,2013.001426
218,8,2013.001426
218,8,2013.001426
218,8,2013.001426
218,8,2013.001426
218,8,2013.001426
218,8,2013.001426
218,8,2013.001426
218,8,2013.001426
218,8,2013.001426
218,8,2013.001426
218,8,2013.001426
218,8,2013.001426
218,8,2013.001426
218,8,2013.001426
218,8,2013.001426
218,8,2013.001426
218,8,2013.001426
218,8,2013.001426
218,8,2013.001426
218,8,2013.001426
218,8,2013.001426
218,8,2013.001426
218,8,2013.001426
218,8,2013.001426
218,8,2013.001426
218,8,2013.001426
218,8,2013.001426
218,8,2013.001426
218,8,2013.001426
218,8,2013.001426
218,8,2013.001426
218,8,2013.001426
218,8,2013.001426
218,8,2013.001426
218,8,2013.001426
218,8,2013.001426
218,8,2013.001426
218,8,2013.001426
218,8,2013.001426
218,8,2013.001426
218,8,2013.001426
218,8,2013.001426
218,8,2013.001426
218,8,2013.001426
218,8,2013.001426
218,8,2013.001426
218,8,2013.001426
218,8,2013.001426
218,8,2013.001426
218,8,2013.001426
218,8,2013.001426
218,8,2013.001426
218,8,2013.001426
218,8,2013.001426
218,8,2013.001426
218,8,2013.001426
218,8,2013.001426
218,8,2013.001426
218,8,2013.001426
218,8,2013.001426
218,8,2013.001426
218,8,2013.001426
218,8,2013.001426
218,8,2013.001426
218,8,2013.001426
218,8,2013.001426
218,8,2013.001426
218,8,2013.001426
218,8,2013.001426
218,8,2013.001426
218,8,2013.001426
218,8,2013.001426
218,8,2013.001426
218,8,2013.001426
218,8,2013.001426
218,8,2013.001426
218,8,2013.001426
218,8,2013.001426
218,8,2013.001426
218,8,2013.001426
218,8,2013.001426
218,8,2013.001426
218,8,2013.001426
218,8,2013.001426
218,8,2013.001426
218,8,2013.001426
218,8,2013.001426
218,8,2013.001426
218,8,2013.001426
218,8,2013.001426
218,8,2013.001426
218,8,2013.001426
218,8,2013.001426
218,8,2013.001426
218,8,2013.001426
218,8,2013.001426
218,8,2013.001426
218,8,2013.001426
218,8,2013.001426
218,8,2013.001426
218,8,2013.001426
218,8,2013.001426
218,8,2013.001426
218,8,2013.001426
218,8,2013.001426
218,8,2013.001426
218,8,2013.001426
218,8,2013.001426
218,8,2013.001426
218,8,2013.001426
218,8,2013.001426
218,8,2013.001426
218,8,2013.001426
218,8,2013.001426
218,8,2013.001426
218,8,2013.001426
218,8,2013.001426
218,8,2013.001426
218,9,1961.452926
218,9,1961.452926
218,9,1961.452926
218,9,1961.452926
219,7,2046.245744
219,8,2013.001426
219,8,2013.001426
219,8,2013.001426
219,8,2013.001426
219,8,2013.001426
219,8,2013.001426
219,8,2013.001426
219,8,2013.001426
219,8,2013.001426
219,8,2013.001426
219,8,2013.001426
219,8,2013.001426
219,8,2013.001426
219,8,2013.001426
219,8,2013.001426
219,8,2013.001426
219,8,2013.001426
219,8,2013.001426
219,8,2013.001426
219,8,2013.001426
219,8,2013.001426
219,8,2013.001426
219,8,2013.001426
219,8,2013.001426
219,8,2013.001426
219,8,2013.001426
219,8,2013.001426
219,8,2013.001426
219,8,2013.001426
219,8,2013.001426
219,8,2013.001426
219,8,2013.001426
219,8,2013.001426
219,8,2013.001426
219,8,2013.001426
219,8,2013.001426
219,8,2013.001426
219,8,2013.001426
219,8,2013.001426
219,8,2013.001426
219,8,2013.001426
219,8,2013.001426
219,8,2013.001426
219,8,2013.001426
219,8,2013.001426
219,8,2013.001426
219,8,2013.001426
219,8,2013.001426
219,8,2013.001426
219,8,2013.001426
219,8,2013.001426
219,8,2013.001426
219,8,2013.001426
219,8,2013.001426
219,8,2013.001426
219,8,2013.001426
219,8,2013.001426
219,8,2013.001426
219,8,2013.001426
219,8,2013.001426
219,8,2013.001426
219,8,2013.001426
219,8,2013.001426
219,8,2013.001426
219,8,2013.001426
219,8,2013.001426
219,8,2013.001426
219,8,2013.001426
219,8,2013.001426
219,8,2013.001426
219,8,2013.001426
219,8,2013.001426
219,8,2013.001426
219,8,2013.001426
219,8,2013.001426
219,8,2013.001426
219,8,2013.001426
219,8,2013.001426
219,8,2013.001426
219,8,2013.001426
219,8,2013.001426
219,8,2013.001426
219,8,2013.001426
219,8,2013.001426
219,8,2013.001426
219,8,2013.001426
219,8,2013.001426
219,8,2013.001426
219,8,2013.001426
219,8,2013.001426
219,8,2013.001426
219,8,2013.001426
219,8,2013.001426
219,8,2013.001426
219,8,2013.001426
219,8,2013.001426
219,8,2013.001426
219,8,2013.001426
219,8,2013.001426
219,8,2013.001426
219,8,2013.001426
219,8,2013.001426
219,8,2013.001426
219,8,2013.001426
219,8,2013.001426
219,8,2013.001426
219,8,2013.001426
219,8,2013.001426
219,8,2013.001426
219,8,2013.001426
219,8,2013.001426
219,8,2013.001426
219,8,2013.001426
219,8,2013.001426
219,8,2013.001426
219,8,2013.001426
219,8,2013.001426
219,8,2013.001426
219,8,2013.001426
219,8,2013.001426
219,8,2013.001426
219,8,2013.001426
219,8,2013.001426
219,8,2013.001426
219,8,2013.001426
219,8,2013.001426
219,8,2013.001426
219,8,2013.001426
219,8,2013.001426
219,8,2013.001426
219,8,2013.001426
219,8,2013.001426
219,8,2013.001426
219,8,2013.001426
219,8,2013.001426
219,8,2013.001426
219,8,2013.001426
219,8,2013.001426
219,8,2013.001426
219,8,2013.001426
219,8,2013.001426
219,9,1961.452926
219,9,1961.452926
219,9,1961.452926
219,9,1961.452926
219,9,1961.452926
219,9,1961.452926
219,9,1961.452926
219,9,1961.452926
220,7,2046.245744
220,8,2013.001426
220,8,2013.001426
220,8,2013.001426
220,8,2013.001426
220,8,2013.001426
220,8,2013.001426
220,8,2013.001426
220,8,2013.001426
220,8,2013.001426
220,8,2013.001426
220,8,2013.001426
220,8,2013.001426
220,8,2013.001426
220,8,2013.001426
220,8,2013.001426
220,8,2013.001426
220,8,2013.001426
220,8,2013.001426
220,8,2013.001426
220,8,2013.001426
220,8,2013.001426
220,8,2013.001426
220,8,2013.001426
220,8,2013.001426
220,8,2013.001426
220,8,2013.001426
220,8,2013.001426
220,8,2013.001426
220,8,2013.001426
220,8,2013.001426
220,8,2013.001426
220,8,2013.001426
220,8,2013.001426
220,8,2013.001426
220,8,2013.001426
220,8,2013.001426
220,8,2013.001426
220,8,2013.001426
220,8,2013.001426
220,8,2013.001426
220,8,2013.001426
220,8,2013.001426
220,8,2013.001426
220,8,2013.001426
220,8,2013.001426
220,8,2013.001426
220,8,2013.001426
220,8,2013.001426
220,8,2013.001426
220,8,2013.001426
220,8,2013.001426
220,8,2013.001426
220,8,2013.001426
220,8,2013.001426
220,8,2013.001426
220,8,2013.001426
220,8,2013.001426
220,8,2013.001426
220,8,2013.001426
220,8,2013.001426
220,8,2013.001426
220,8,2013.001426
220,8,2013.001426
220,8,2013.001426
220,8,2013.001426
220,8,2013.001426
220,8,2013.001426
220,8,2013.001426
220,8,2013.001426
220,8,2013.001426
220,8,2013.001426
220,8,2013.001426
220,8,2013.001426
220,8,2013.001426
220,8,2013.001426
220,8,2013.001426
220,8,2013.001426
220,8,2013.001426
220,8,2013.001426
220,8,2013.001426
220,8,2013.001426
220,8,2013.001426
220,8,2013.001426
220,8,2013.001426
220,8,2013.001426
220,8,2013.001426
220,8,2013.001426
220,8,2013.001426
220,8,2013.001426
220,8,2013.001426
220,8,2013.001426
220,8,2013.001426
220,8,2013.001426
220,8,2013.001426
220,8,2013.001426
220,8,2013.001426
220,8,2013.001426
220,8,2013.001426
220,8,2013.001426
220,8,2013.001426
220,8,2013.001426
220,8,2013.001426
220,8,2013.001426
220,8,2013.001426
220,8,2013.001426
220,8,2013.001426
220,8,2013.001426
220,8,2013.001426
220,8,2013.001426
220,8,2013.001426
220,8,2013.001426
220,8,2013.001426
220,8,2013.001426
220,8,2013.001426
220,8,2013.001426
220,8,2013.001426
220,8,2013.001426
220,8,2013.001426
220,8,2013.001426
220,8,2013.001426
220,8,2013.001426
220,8,2013.001426
220,8,2013.001426
220,8,2013.001426
220,8,2013.001426
220,8,2013.001426
220,8,2013.001426
220,8,2013.001426
220,8,2013.001426
220,8,2013.001426
220,9,1961.452926
220,9,1961.452926
220,9,1961.452926
220,9,1961.452926
220,9,1961.452926
220,9,1961.452926
220,9,1961.452926
220,9,1961.452926
220,9,1961.452926
220,9,1961.452926
220,9,1961.452926
220,9,1961.452926
220,9,1961.452926
220,9,1961.452926
220,9,1961.452926
220,9,1961.452926
220,9,1961.452926
220,9,1961.452926
220,9,1961.452926
221,7,2046.245744
221,8,2012.883753
221,9,1961.452926
221,9,1961.452926
221,9,1961.452926
221,9,1961.452926
221,9,1961.452926
221,9,1961.452926
221,9,1961.452926
221,9,1961.452926
221,9,1961.452926
221,9,1961.452926
221,9,1961.452926
221,9,1961.452926
221,9,1961.452926
221,9,1961.452926
221,9,1961.452926
221,9,1961.452926
221,9,1961.452926
221,9,1961.452926
221,9,1961.452926
221,9,1961.452926
221,9,1961.452926
221,9,1961.452926
221,9,1961.452926
221,9,1961.452926
221,9,1961.452926
221,9,1961.452926
221,9,1961.452926
221,9,1961.452926
221,9,1961.452926
221,9,1961.452926
221,9,1961.452926
221,9,1961.452926
221,9,1961.452926
221,9,1961.452926
221,9,1961.452926
221,9,1961.452926
221,9,1961.452926
221,9,1961.452926
221,9,1961.452926
221,9,1961.452926
222,7,2046.245744
222,7,2046.245744
222,7,2046.245744
222,8,2012.883753
222,8,2012.883753
222,9,1961.265926
223,7,2046.245744
223,7,2046.245744
223,7,2046.245744
223,7,2046.245744
223,7,2046.245744
223,8,2012.883753
223,8,2012.883753
223,8,2012.883753
223,9,1961.265926
224,7,2046.093946
224,8,2012.883753
224,8,2012.883753
224,8,2012.883753
224,8,2012.883753
224,8,2012.883753
224,9,1961.265926
225,7,2046.093946
225,7,2046.093946
225,8,2012.883753
225,8,2012.883753
225,8,2012.883753
225,8,2012.883753
225,8,2012.883753
225,8,2012.883753
225,8,2012.883753
225,8,2012.883753
225,8,2012.883753
225,8,2012.883753
225,9,1961.265926
226,7,2046.093946
226,7,2046.093946
226,7,2046.093946
226,7,2046.093946
226,7,2046.093946
226,8,2011.350640
226,9,1961.265926
227,7,2042.089304
227,8,2011.350640
227,9,1961.265926
228,7,2042.089304
228,7,2042.089304
228,8,2011.350640
228,8,2011.350640
228,9,1961.265926
228,9,1961.265926
229,7,2042.089304
229,7,2042.089304
229,7,2042.089304
229,8,2011.350640
229,8,2011.350640
229,8,2011.350640
229,9,1961.265926
229,9,1961.265926
229,9,1961.265926
230,7,2042.089304
230,7,2042.089304
230,7,2042.089304
230,7,2042.089304
230,8,2011.350640
230,8,2011.350640
230,8,2011.350640
230,8,2011.350640
230,9,1961.265926
230,9,1961.265926
230,9,1961.265926
230,9,1961.265926
231,7,2042.089304
231,8,2010.460399
231,9,1961.265926
232,7,2042.089304
232,8,2010.460399
232,9,1961.265926
232,9,1961.265926
233,7,2042.089304
233,8,2010.460399
233,9,1961.265926
233,9,1961.265926
233,9,1961.265926
233,9,1961.265926
234,7,2041.503269
234,8,2009.653136
234,9,1961.265926
234,9,1961.265926
234,9,1961.265926
234,9,1961.265926
234,9,1961.265926
234,9,1961.265926
234,9,1961.265926
235,7,2041.195525
235,8,2009.653136
235,9,1961.265926
235,9,1961.265926
235,9,1961.265926
235,9,1961.265926
235,9,1961.265926
235,9,1961.265926
235,9,1961.265926
235,9,1961.265926
235,9,1961.265926
235,9,1961.265926
235,9,1961.265926
235,9,1961.265926
235,9,1961.265926
235,9,1961.265926
235,9,1961.265926
235,9,1961.265926
235,9,1961.265926
236,7,2041.195525
236,8,2009.653136
236,9,1961.214330
237,7,2041.195525
237,7,2041.195525
237,8,2009.653136
237,8,2009.653136
237,9,1961.214330
237,9,1961.214330
238,7,2041.195525
238,7,2041.195525
238,7,2041.195525
238,7,2041.195525
238,8,2009.653136
238,8,2009.653136
238,8,2009.653136
238,9,1961.195270
239,7,2041.195525
239,7,2041.195525
239,7,2041.195525
239,7,2041.195525
239,7,2041.195525
239,7,2041.195525
239,8,2009.653136
239,8,2009.653136
239,8,2009.653136
239,8,2009.653136
239,8,2009.653136
239,8,2009.653136
239,9,1960.383762
240,7,2041.195525
240,7,2041.195525
240,7,2041.195525
240,7,2041.195525
240,7,2041.195525
240,7,2041.195525
240,7,2041.195525
240,7,2041.195525
240,7,2041.195525
240,7,2041.195525
240,8,2009.653136
240,8,2009.653136
240,8,2009.653136
240,8,2009.653136
240,8,2009.653136
240,8,2009.653136
240,8,2009.653136
240,8,2009.653136
240,8,2009.653136
240,8,2009.653136
240,8,2009.653136
240,8,2009.653136
240,8,2009.653136
240,8,2009.653136
240,9,1960.383762
240,9,1960.383762
240,9,1960.383762
241,7,2041.195525
241,7,2041.195525
241,7,2041.195525
241,7,2041.195525
241,7,2041.195525
241,7,2041.195525
241,7,2041.195525
241,7,2041.195525
241,7,2041.195525
241,7,2041.195525
241,7,2041.195525
241,7,2041.195525
241,7,2041.195525
241,7,2041.195525
241,7,2041.195525
241,7,2041.195525
241,7,2041.195525
241,7,2041.195525
241,7,2041.195525
241,7,2041.195525
241,7,2041.195525
241,7,2041.195525
241,8,2009.653136
241,8,2009.653136
241,8,2009.653136
241,8,2009.653136
241,8,2009.653136
241,8,2009.653136
241,8,2009.653136
241,8,2009.653136
241,8,2009.653136
241,8,2009.653136
241,8,2009.653136
241,8,2009.653136
241,8,2009.653136
241,8,2009.653136
241,8,2009.653136
241,8,2009.653136
241,8,2009.653136
241,8,2009.653136
241,8,2009.653136
241,8,2009.653136
241,8,2009.653136
241,8,2009.653136
241,8,2009.653136
241,8,2009.653136
241,8,2009.653136
241,8,2009.653136
241,8,2009.653136
241,8,2009.653136
241,8,2009.653136
241,8,2009.653136
241,9,1960.383762
241,9,1960.383762
241,9,1960.383762
241,9,1960.383762
241,9,1960.383762
241,9,1960.383762
241,9,1960.383762
242,7,2041.195525
242,7,2041.195525
242,7,2041.195525
242,7,2041.195525
242,7,2041.195525
242,7,2041.195525
242,7,2041.195525
242,7,2041.195525
242,7,2041.195525
242,7,2041.195525
242,7,2041.195525
242,7,2041.195525
242,7,2041.195525
242,7,2041.195525
242,7,2041.195525
242,7,2041.195525
242,7,2041.195525
242,7,2041.195525
242,7,2041.195525
242,7,2041.195525
242,7,2041.195525
242,7,2041.195525
242,7,2041.195525
242,7,2041.195525
242,7,2041.195525
242,7,2041.195525
242,7,2041.195525
242,7,2041.195525
242,7,2041.195525
242,7,2041.195525
242,7,2041.195525
242,7,2041.195525
242,7,2041.195525
242,7,2041.195525
242,7,2041.195525
242,7,2041.195525
242,7,2041.195525
242,7,2041.195525
242,7,2041.195525
242,7,2041.195525
242,7,2041.195525
242,7,2041.195525
242,7,2041.195525
242,7,2041.195525
242,7,2041.195525
242,7,2041.195525
242,7,2041.195525
242,7,2041.195525
242,7,2041.195525
242,7,2041.195525
242,8,2009.653136
242,8,2009.653136
242,8,2009.653136
242,8,2009.653136
242,8,2009.653136
242,8,2009.653136
242,8,2009.653136
242,8,2009.653136
242,8,2009.653136
242,8,2009.653136
242,8,2009.653136
242,8,2009.653136
242,8,2009.653136
242,8,2009.653136
242,8,2009.653136
242,8,2009.653136
242,8,2009.653136
242,8,2009.653136
242,8,2009.653136
242,8,2009.653136
242,8,2009.653136
242,8,2009.653136
242,8,2009.653136
242,8,2009.653136
242,8,2009.653136
242,8,2009.653136
242,8,2009.653136
242,8,2009.653136
242,8,2009.653136
242,8,2009.653136
242,8,2009.653136
242,8,2009.653136
242,8,2009.653136
242,8,2009.653136
242,8,2009.653136
242,8,2009.653136
242,8,2009.653136
242,8,2009.653136
242,8,2009.653136
242,8,2009.653136
242,8,2009.653136
242,8,2009.653136
242,8,2009.653136
242,8,2009.653136
242,8,2009.653136
242,8,2009.653136
242,8,2009.653136
242,8,2009.653136
242,8,2009.653136
242,8,2009.653136
242,8,2009.653136
242,8,2009.653136
242,8,2009.653136
242,8,2009.653136
242,8,2009.653136
242,8,2009.653136
242,8,2009.653136
242,8,2009.653136
242,8,2009.653136
242,9,1960.383762
242,9,1960.383762
242,9,1960.383762
242,9,1960.383762
242,9,1960.383762
242,9,1960.383762
242,9,1960.383762
242,9,1960.383762
242,9,1960.383762
242,9,1960.383762
242,9,1960.383762
242,9,1960.383762
242,9,1960.383762
242,9,1960.383762
242,9,1960.383762
243,7,2040.675160
243,8,2009.653136
243,8,2009.653136
243,8,2009.653136
243,8,2009.653136
243,8,2009.653136
243,8,2009.653136
243,8,2009.653136
243,8,2009.653136
243,8,2009.653136
243,8,2009.653136
243,8,2009.653136
243,8,2009.653136
243,8,2009.653136
243,8,2009.653136
243,8,2009.653136
243,8,2009.653136
243,8,2009.653136
243,8,2009.653136
243,8,2009.653136
243,8,2009.653136
243,8,2009.653136
243,8,2009.653136
243,8,2009.653136
243,8,2009.653136
243,8,2009.653136
243,8,2009.653136
243,8,2009.653136
243,8,2009.653136
243,8,2009.653136
243,8,2009.653136
243,8,2009.653136
243,8,2009.653136
243,8,2009.653136
243,8,2009.653136
243,8,2009.653136
243,8,2009.653136
243,8,2009.653136
243,8,2009.653136
243,8,2009.653136
243,8,2009.653136
243,8,2009.653136
243,8,2009.653136
243,8,2009.653136
243,8,2009.653136
243,8,2009.653136
243,8,2009.653136
243,8,2009.653136
243,8,2009.653136
243,8,2009.653136
243,8,2009.653136
243,8,2009.653136
243,8,2009.653136
243,8,2009.653136
243,8,2009.653136
243,8,2009.653136
243,8,2009.653136
243,8,2009.653136
243,8,2009.653136
243,8,2009.653136
243,8,2009.653136
243,8,2009.653136
243,8,2009.653136
243,8,2009.653136
243,8,2009.653136
243,8,2009.653136
243,8,2009.653136
243,8,2009.653136
243,8,2009.653136
243,8,2009.653136
243,8,2009.653136
243,8,2009.653136
243,8,2009.653136
243,8,2009.653136
243,8,2009.653136
243,8,2009.653136
243,8,2009.653136
243,8,2009.653136
243,8,2009.653136
243,8,2009.653136
243,8,2009.653136
243,8,2009.653136
243,8,2009.653136
243,8,2009.653136
243,8,2009.653136
243,8,2009.653136
243,8,2009.653136
243,8,2009.653136
243,8,2009.653136
243,8,2009.653136
243,8,2009.653136
243,8,2009.653136
243,8,2009.653136
243,8,2009.653136
243,8,2009.653136
243,8,2009.653136
243,8,2009.653136
243,8,2009.653136
243,8,2009.653136
243,8,2009.653136
243,8,2009.653136
243,8,2009.653136
243,8,2009.653136
243,8,2009.653136
243,8,2009.653136
243,8,2009.653136
243,8,2009.653136
243,8,2009.653136
243,8,2009.653136
243,8,2009.653136
243,8,2009.653136
243,8,2009.653136
243,8,2009.653136
243,9,1960.383762
243,9,1960.383762
243,9,1960.383762
243,9,1960.383762
243,9,1960.383762
243,9,1960.383762
243,9,1960.383762
243,9,1960.383762
243,9,1960.383762
243,9,1960.383762
243,9,1960.383762
243,9,1960.383762
243,9,1960.383762
243,9,1960.383762
243,9,1960.383762
243,9,1960.383762
243,9,1960.383762
243,9,1960.383762
243,9,1960.383762
243,9,1960.383762
243,9,1960.383762
243,9,1960.383762
243,9,1960.383762
243,9,1960.383762
243,9,1960.383762
243,9,1960.383762
243,9,1960.383762
243,9,1960.383762
243,9,1960.383762
243,9,1960.383762
243,9,1960.383762
243,9,1960.383762
243,9,1960.383762
243,9,1960.383762
243,9,1960.383762
243,9,1960.383762
243,9,1960.383762
244,7,2040.675160
244,8,2009.653136
244,8,2009.653136
244,8,2009.653136
244,8,2009.653136
244,8,2009.653136
244,8,2009.653136
244,8,2009.653136
244,8,2009.653136
244,8,2009.653136
244,8,2009.653136
244,8,2009.653136
244,8,2009.653136
244,8,2009.653136
244,8,2009.653136
244,8,2009.653136
244,8,2009.653136
244,8,2009.653136
244,8,2009.653136
244,8,2009.653136
244,8,2009.653136
244,8,2009.653136
244,8,2009.653136
244,8,2009.653136
244,8,2009.653136
244,8,2009.653136
244,8,2009.653136
244,8,2009.653136
244,8,2009.653136
244,8,2009.653136
244,8,2009.653136
244,8,2009.653136
244,8,2009.653136
244,8,2009.653136
244,8,2009.653136
244,8,2009.653136
244,8,2009.653136
244,8,2009.653136
244,8,2009.653136
244,8,2009.653136
244,8,2009.653136
244,8,2009.653136
244,8,2009.653136
244,8,2009.653136
244,8,2009.653136
244,8,2009.653136
244,8,2009.653136
244,8,2009.653136
244,8,2009.653136
244,8,2009.653136
244,8,2009.653136
244,8,2009.653136
244,8,2009.653136
244,8,2009.653136
244,8,2009.653136
244,8,2009.653136
244,8,2009.653136
244,8,2009.653136
244,8,2009.653136
244,8,2009.653136
244,8,2009.653136
244,8,2009.653136
244,8,2009.653136
244,8,2009.653136
244,8,2009.653136
244,8,2009.653136
244,8,2009.653136
244,8,2009.653136
244,8,2009.653136
244,8,2009.653136
244,8,2009.653136
244,8,2009.653136
244,8,2009.653136
244,8,2009.653136
244,8,2009.653136
244,8,2009.653136
244,8,2009.653136
244,8,2009.653136
244,8,2009.653136
244,8,2009.653136
244,8,2009.653136
244,8,2009.653136
244,8,2009.653136
244,8,2009.653136
244,8,2009.653136
244,8,2009.653136
244,8,2009.653136
244,8,2009.653136
244,8,2009.653136
244,8,2009.653136
244,8,2009.653136
244,8,2009.653136
244,8,2009.653136
244,8,2009.653136
244,8,2009.653136
244,8,2009.653136
244,8,2009.653136
244,8,2009.653136
244,8,2009.653136
244,8,2009.653136
244,8,2009.653136
244,8,2009.653136
244,8,2009.653136
244,8,2009.653136
244,8,2009.653136
244,8,2009.653136
244,8,2009.653136
244,8,2009.653136
244,8,2009.653136
244,8,2009.653136
244,8,2009.653136
244,8,2009.653136
244,8,2009.653136
244,8,2009.653136
244,8,2009.653136
244,8,2009.653136
244,8,2009.653136
244,8,2009.653136
244,8,2009.653136
244,8,2009.653136
244,8,2009.653136
244,8,2009.653136
244,8,2009.653136
244,8,2009.653136
244,8,2009.653136
244,8,2009.653136
244,8,2009.653136
244,8,2009.653136
244,8,2009.653136
244,8,2009.653136
244,8,2009.653136
244,8,2009.653136
244,8,2009.653136
244,8,2009.653136
244,8,2009.653136
244,8,2009.653136
244,8,2009.653136
244,8,2009.653136
244,8,2009.653136
244,8,2009.653136
244,8,2009.653136
244,8,2009.653136
244,8,2009.653136
244,8,2009.653136
244,8,2009.653136
244,8,2009.653136
244,8,2009.653136
244,8,2009.653136
244,8,2009.653136
244,9,1959.140541
245,7,2040.675160
245,8,2009.653136
245,8,2009.653136
245,8,2009.653136
245,8,2009.653136
245,8,2009.653136
245,8,2009.653136
245,8,2009.653136
245,8,2009.653136
245,8,2009.653136
245,8,2009.653136
245,8,2009.653136
245,8,2009.653136
245,8,2009.653136
245,8,2009.653136
245,8,2009.653136
245,8,2009.653136
245,8,2009.653136
245,8,2009.653136
245,8,2009.653136
245,8,2009.653136
245,8,2009.653136
245,8,2009.653136
245,8,2009.653136
245,8,2009.653136
245,8,2009.653136
245,8,2009.653136
245,8,2009.653136
245,8,2009.653136
245,8,2009.653136
245,8,2009.653136
245,8,2009.653136
245,8,2009.653136
245,8,2009.653136
245,8,2009.653136
245,8,2009.653136
245,8,2009.653136
245,8,2009.653136
245,8,2009.653136
245,8,2009.653136
245,8,2009.653136
245,8,2009.653136
245,8,2009.653136
245,8,2009.653136
245,8,2009.653136
245,8,2009.653136
245,8,2009.653136
245,8,2009.653136
245,8,2009.653136
245,8,2009.653136
245,8,2009.653136
245,8,2009.653136
245,8,2009.653136
245,8,2009.653136
245,8,2009.653136
245,8,2009.653136
245,8,2009.653136
245,8,2009.653136
245,8,2009.653136
245,8,2009.653136
245,8,2009.653136
245,8,2009.653136
245,8,2009.653136
245,8,2009.653136
245,8,2009.653136
245,8,2009.653136
245,8,2009.653136
245,8,2009.653136
245,8,2009.653136
245,8,2009.653136
245,8,2009.653136
245,8,2009.653136
245,8,2009.653136
245,8,2009.653136
245,8,2009.653136
245,8,2009.653136
245,8,2009.653136
245,8,2009.653136
245,8,2009.653136
245,8,2009.653136
245,8,2009.653136
245,8,2009.653136
245,8,2009.653136
245,8,2009.653136
245,8,2009.653136
245,8,2009.653136
245,8,2009.653136
245,8,2009.653136
245,8,2009.653136
245,8,2009.653136
245,8,2009.653136
245,8,2009.653136
245,8,2009.653136
245,8,2009.653136
245,8,2009.653136
245,8,2009.653136
245,8,2009.653136
245,8,2009.653136
245,8,2009.653136
245,8,2009.653136
245,8,2009.653136
245,8,2009.653136
245,8,2009.653136
245,8,2009.653136
245,8,2009.653136
245,8,2009.653136
245,8,2009.653136
245,8,2009.653136
245,8,2009.653136
245,8,2009.653136
245,8,2009.653136
245,8,2009.653136
245,8,2009.653136
245,8,2009.653136
245,8,2009.653136
245,8,2009.653136
245,8,2009.653136
245,8,2009.653136
245,8,2009.653136
245,8,2009.653136
245,8,2009.653136
245,8,2009.653136
245,8,2009.653136
245,8,2009.653136
245,8,2009.653136
245,8,2009.653136
245,8,2009.653136
245,8,2009.653136
245,8,2009.653136
245,8,2009.653136
245,8,2009.653136
245,8,2009.653136
245,8,2009.653136
245,8,2009.653136
245,8,2009.653136
245,8,2009.653136
245,8,2009.653136
245,8,2009.653136
245,8,2009.653136
245,8,2009.653136
245,8,2009.653136
245,8,2009.653136
245,8,2009.653136
245,8,2009.653136
245,8,2009.653136
245,8,2009.653136
245,8,2009.653136
245,8,2009.653136
245,9,1959.140541
245,9,1959.140541
246,7,2040.134225
246,8,2009.653136
246,8,2009.653136
246,8,2009.653136
246,8,2009.653136
246,8,2009.653136
246,8,2009.653136
246,8,2009.653136
246,8,2009.653136
246,8,2009.653136
246,8,2009.653136
246,8,2009.653136
246,8,2009.653136
246,8,2009.653136
246,8,2009.653136
246,8,2009.653136
246,8,2009.653136
246,8,2009.653136
246,8,2009.653136
246,8,2009.653136
246,8,2009.653136
246,8,2009.653136
246,8,2009.653136
246,8,2009.653136
246,8,2009.653136
246,8,2009.653136
246,8,2009.653136
246,8,2009.653136
246,8,2009.653136
246,8,2009.653136
246,8,2009.653136
246,8,2009.653136
246,8,2009.653136
246,8,2009.653136
246,8,2009.653136
246,8,2009.653136
246,8,2009.653136
246,8,2009.653136
246,8,2009.653136
246,8,2009.653136
246,8,2009.653136
246,8,2009.653136
246,8,2009.653136
246,8,2009.653136
246,8,2009.653136
246,8,2009.653136
246,8,2009.653136
246,8,2009.653136
246,8,2009.653136
246,8,2009.653136
246,8,2009.653136
246,8,2009.653136
246,8,2009.653136
246,8,2009.653136
246,8,2009.653136
246,8,2009.653136
246,8,2009.653136
246,8,2009.653136
246,8,2009.653136
246,8,2009.653136
246,8,2009.653136
246,8,2009.653136
246,8,2009.653136
246,8,2009.653136
246,8,2009.653136
246,8,2009.653136
246,8,2009.653136
246,8,2009.653136
246,8,2009.653136
246,8,2009.653136
246,8,2009.653136
246,8,2009.653136
246,8,2009.653136
246,8,2009.653136
246,8,2009.653136
246,8,2009.653136
246,8,2009.653136
246,8,2009.653136
246,8,2009.653136
246,8,2009.653136
246,8,2009.653136
246,8,2009.653136
246,8,2009.653136
246,8,2009.653136
246,8,2009.653136
246,8,2009.653136
246,8,2009.653136
246,8,2009.653136
246,8,2009.653136
246,8,2009.653136
246,8,2009.653136
246,8,2009.653136
246,8,2009.653136
246,8,2009.653136
246,8,2009.653136
246,8,2009.653136
246,8,2009.653136
246,8,2009.653136
246,8,2009.653136
246,8,2009.653136
246,8,2009.653136
246,8,2009.653136
246,8,2009.653136
246,8,2009.653136
246,8,2009.653136
246,8,2009.653136
246,8,2009.653136
246,8,2009.653136
246,8,2009.653136
246,8,2009.653136
246,8,2009.653136
246,8,2009.653136
246,8,2009.653136
246,8,2009.653136
246,8,2009.653136
246,8,2009.653136
246,8,2009.653136
246,8,2009.653136
246,8,2009.653136
246,8,2009.653136
246,8,2009.653136
246,8,2009.653136
246,8,2009.653136
246,8,2009.653136
246,8,2009.653136
246,8,2009.653136
246,8,2009.653136
246,8,2009.653136
246,8,2009.653136
246,8,2009.653136
246,8,2009.653136
246,8,2009.653136
246,8,2009.653136
246,8,2009.653136
246,8,2009.653136
246,8,2009.653136
246,8,2009.653136
246,8,2009.653136
246,8,2009.653136
246,8,2009.653136
246,8,2009.653136
246,8,2009.653136
246,8,2009.653136
246,8,2009.653136
246,8,2009.653136
246,8,2009.653136
246,8,2009.653136
246,9,1959.140541
246,9,1959.140541
246,9,1959.140541
247,7,2040.134225
247,7,2040.134225
247,8,2009.653136
247,8,2009.653136
247,8,2009.653136
247,8,2009.653136
247,8,2009.653136
247,8,2009.653136
247,8,2009.653136
247,8,2009.653136
247,8,2009.653136
247,8,2009.653136
247,8,2009.653136
247,8,2009.653136
247,8,2009.653136
247,8,2009.653136
247,8,2009.653136
247,8,2009.653136
247,8,2009.653136
247,8,2009.653136
247,8,2009.653136
247,8,2009.653136
247,8,2009.653136
247,8,2009.653136
247,8,2009.653136
247,8,2009.653136
247,8,2009.653136
247,8,2009.653136
247,8,2009.653136
247,8,2009.653136
247,8,2009.653136
247,8,2009.653136
247,8,2009.653136
247,8,2009.653136
247,8,2009.653136
247,8,2009.653136
247,8,2009.653136
247,8,2009.653136
247,8,2009.653136
247,8,2009.653136
247,8,2009.653136
247,8,2009.653136
247,8,2009.653136
247,8,2009.653136
247,8,2009.653136
247,8,2009.653136
247,8,2009.653136
247,8,2009.653136
247,8,2009.653136
247,8,2009.653136
247,8,2009.653136
247,8,2009.653136
247,8,2009.653136
247,8,2009.653136
247,8,2009.653136
247,8,2009.653136
247,8,2009.653136
247,8,2009.653136
247,8,2009.653136
247,8,2009.653136
247,8,2009.653136
247,8,2009.653136
247,8,2009.653136
247,8,2009.653136
247,8,2009.653136
247,8,2009.653136
247,8,2009.653136
247,8,2009.653136
247,8,2009.653136
247,8,2009.653136
247,8,2009.653136
247,8,2009.653136
247,8,2009.653136
247,8,2009.653136
247,8,2009.653136
247,8,2009.653136
247,8,2009.653136
247,8,2009.653136
247,8,2009.653136
247,8,2009.653136
247,8,2009.653136
247,8,2009.653136
247,8,2009.653136
247,8,2009.653136
247,8,2009.653136
247,8,2009.653136
247,8,2009.653136
247,8,2009.653136
247,8,2009.653136
247,8,2009.653136
247,8,2009.653136
247,8,2009.653136
247,8,2009.653136
247,8,2009.653136
247,8,2009.653136
247,8,2009.653136
247,8,2009.653136
247,8,2009.653136
247,8,2009.653136
247,8,2009.653136
247,8,2009.653136
247,8,2009.653136
247,8,2009.653136
247,8,2009.653136
247,8,2009.653136
247,8,2009.653136
247,8,2009.653136
247,8,2009.653136
247,8,2009.653136
247,8,2009.653136
247,8,2009.653136
247,8,2009.653136
247,8,2009.653136
247,8,2009.653136
247,8,2009.653136
247,8,2009.653136
247,8,2009.653136
247,8,2009.653136
247,8,2009.653136
247,8,2009.653136
247,8,2009.653136
247,8,2009.653136
247,8,2009.653136
247,8,2009.653136
247,8,2009.653136
247,8,2009.653136
247,8,2009.653136
247,8,2009.653136
247,8,2009.653136
247,8,2009.653136
247,8,2009.653136
247,8,2009.653136
247,8,2009.653136
247,8,2009.653136
247,8,2009.653136
247,8,2009.653136
247,8,2009.653136
247,8,2009.653136
247,8,2009.653136
247,8,2009.653136
247,8,2009.653136
247,8,2009.653136
247,8,2009.653136
247,9,1959.140541
247,9,1959.140541
247,9,1959.140541
247,9,1959.140541
247,9,1959.140541
247,9,1959.140541
247,9,1959.140541
248,7,2040.134225
248,7,2040.134225
248,8,2009.653136
248,8,2009.653136
248,8,2009.653136
248,8,2009.653136
248,8,2009.653136
248,8,2009.653136
248,8,2009.653136
248,8,2009.653136
248,8,2009.653136
248,8,2009.653136
248,8,2009.653136
248,8,2009.653136
248,8,2009.653136
248,8,2009.653136
248,8,2009.653136
248,8,2009.653136
248,8,2009.653136
248,8,2009.653136
248,8,2009.653136
248,8,2009.653136
248,8,2009.653136
248,8,2009.653136
248,8,2009.653136
248,8,2009.653136
248,8,2009.653136
248,8,2009.653136
248,8,2009.653136
248,8,2009.653136
248,8,2009.653136
248,8,2009.653136
248,8,2009.653136
248,8,2009.653136
248,8,2009.653136
248,8,2009.653136
248,8,2009.653136
248,8,2009.653136
248,8,2009.653136
248,8,2009.653136
248,8,2009.653136
248,8,2009.653136
248,8,2009.653136
248,8,2009.653136
248,8,2009.653136
248,8,2009.653136
248,8,2009.653136
248,8,2009.653136
248,8,2009.653136
248,8,2009.653136
248,8,2009.653136
248,8,2009.653136
248,8,2009.653136
248,8,2009.653136
248,8,2009.653136
248,8,2009.653136
248,8,2009.653136
248,8,2009.653136
248,8,2009.653136
248,8,2009.653136
248,8,2009.653136
248,8,2009.653136
248,8,2009.653136
248,8,2009.653136
248,8,2009.653136
248,8,2009.653136
248,8,2009.653136
248,8,2009.653136
248,8,2009.653136
248,8,2009.653136
248,8,2009.653136
248,8,2009.653136
248,8,2009.653136
248,8,2009.653136
248,8,2009.653136
248,8,2009.653136
248,8,2009.653136
248,8,2009.653136
248,8,2009.653136
248,8,2009.653136
248,8,2009.653136
248,8,2009.653136
248,8,2009.653136
248,8,2009.653136
248,8,2009.653136
248,8,2009.653136
248,8,2009.653136
248,8,2009.653136
248,8,2009.653136
248,8,2009.653136
248,8,2009.653136
248,8,2009.653136
248,8,2009.653136
248,8,2009.653136
248,8,2009.653136
248,8,2009.653136
248,8,2009.653136
248,8,2009.653136
248,8,2009.653136
248,8,2009.653136
248,8,2009.653136
248,8,2009.653136
248,8,2009.653136
248,8,2009.653136
248,8,2009.653136
248,8,2009.653136
248,8,2009.653136
248,8,2009.653136
248,8,2009.653136
248,8,2009.653136
248,8,2009.653136
248,8,2009.653136
248,8,2009.653136
248,8,2009.653136
248,8,2009.653136
248,8,2009.653136
248,8,2009.653136
248,8,2009.653136
248,8,2009.653136
248,8,2009.653136
248,8,2009.653136
248,8,2009.653136
248,8,2009.653136
248,8,2009.653136
248,8,2009.653136
248,8,2009.653136
248,8,2009.653136
248,8,2009.653136
248,8,2009.653136
248,8,2009.653136
248,8,2009.653136
248,8,2009.653136
248,9,1959.140541
248,9,1959.140541
248,9,1959.140541
248,9,1959.140541
248,9,1959.140541
248,9,1959.140541
248,9,1959.140541
248,9,1959.140541
248,9,1959.140541
248,9,1959.140541
248,9,1959.140541
248,9,1959.140541
248,9,1959.140541
248,9,1959.140541
248,9,1959.140541
248,9,1959.140541
248,9,1959.140541
248,9,1959.140541
249,7,2040.134225
249,7,2040.134225
249,8,2009.653136
249,8,2009.653136
249,8,2009.653136
249,8,2009.653136
249,8,2009.653136
249,8,2009.653136
249,8,2009.653136
249,8,2009.653136
249,8,2009.653136
249,8,2009.653136
249,8,2009.653136
249,8,2009.653136
249,8,2009.653136
249,8,2009.653136
249,8,2009.653136
249,8,2009.653136
249,8,2009.653136
249,8,2009.653136
249,8,2009.653136
249,8,2009.653136
249,8,2009.653136
249,8,2009.653136
249,8,2009.653136
249,8,2009.653136
249,8,2009.653136
249,8,2009.653136
249,8,2009.653136
249,8,2009.653136
249,8,2009.653136
249,8,2009.653136
249,8,2009.653136
249,8,2009.653136
249,8,2009.653136
249,8,2009.653136
249,8,2009.653136
249,8,2009.653136
249,8,2009.653136
249,8,2009.653136
249,8,2009.653136
249,8,2009.653136
249,8,2009.653136
249,8,2009.653136
249,8,2009.653136
249,8,2009.653136
249,8,2009.653136
249,8,2009.653136
249,8,2009.653136
249,8,2009.653136
249,8,2009.653136
249,8,2009.653136
249,8,2009.653136
249,8,2009.653136
249,8,2009.653136
249,8,2009.653136
249,8,2009.653136
249,8,2009.653136
249,8,2009.653136
249,8,2009.653136
249,8,2009.653136
249,8,2009.653136
249,8,2009.653136
249,8,2009.653136
249,8,2009.653136
249,8,2009.653136
249,8,2009.653136
249,8,2009.653136
249,8,2009.653136
249,8,2009.653136
249,8,2009.653136
249,8,2009.653136
249,8,2009.653136
249,8,2009.653136
249,8,2009.653136
249,8,2009.653136
249,8,2009.653136
249,8,2009.653136
249,8,2009.653136
249,8,2009.653136
249,8,2009.653136
249,8,2009.653136
249,8,2009.653136
249,8,2009.653136
249,8,2009.653136
249,8,2009.653136
249,8,2009.653136
249,8,2009.653136
249,8,2009.653136
249,8,2009.653136
249,8,2009.653136
249,8,2009.653136
249,8,2009.653136
249,8,2009.653136
249,8,2009.653136
249,8,2009.653136
249,8,2009.653136
249,8,2009.653136
249,8,2009.653136
249,8,2009.653136
249,8,2009.653136
249,8,2009.653136
249,8,2009.653136
249,8,2009.653136
249,8,2009.653136
249,8,2009.653136
249,8,2009.653136
249,8,2009.653136
249,8,2009.653136
249,8,2009.653136
249,8,2009.653136
249,8,2009.653136
249,8,2009.653136
249,8,2009.653136
249,8,2009.653136
249,8,2009.653136
249,8,2009.653136
249,8,2009.653136
249,8,2009.653136
249,8,2009.653136
249,8,2009.653136
249,8,2009.653136
249,8,2009.653136
249,8,2009.653136
249,8,2009.653136
249,8,2009.653136
249,8,2009.653136
249,8,2009.653136
249,8,2009.653136
249,8,2009.653136
249,8,2009.653136
249,8,2009.653136
249,8,2009.653136
249,8,2009.653136
249,8,2009.653136
249,8,2009.653136
249,8,2009.653136
249,8,2009.653136
249,8,2009.653136
249,8,2009.653136
249,8,2009.653136
249,8,2009.653136
249,8,2009.653136
249,8,2009.653136
249,8,2009.653136
249,8,2009.653136
249,8,2009.653136
249,8,2009.653136
249,8,2009.653136
249,9,1958.252679
250,7,2040.134225
250,7,2040.134225
250,8,2009.653136
250,8,2009.653136
250,8,2009.653136
250,8,2009.653136
250,8,2009.653136
250,8,2009.653136
250,8,2009.653136
250,8,2009.653136
250,8,2009.653136
250,8,2009.653136
250,8,2009.653136
250,8,2009.653136
250,8,2009.653136
250,8,2009.653136
250,8,2009.653136
250,8,2009.653136
250,8,2009.653136
250,8,2009.653136
250,8,2009.653136
250,8,2009.653136
250,8,2009.653136
250,8,2009.653136
250,8,2009.653136
250,8,2009.653136
250,8,2009.653136
250,8,2009.653136
250,8,2009.653136
250,8,2009.653136
250,8,2009.653136
250,8,2009.653136
250,8,2009.653136
250,8,2009.653136
250,8,2009.653136
250,8,2009.653136
250,8,2009.653136
250,8,2009.653136
250,8,2009.653136
250,8,2009.653136
250,8,2009.653136
250,8,2009.653136
250,8,2009.653136
250,8,2009.653136
250,8,2009.653136
250,8,2009.653136
250,8,2009.653136
250,8,2009.653136
250,8,2009.653136
250,8,2009.653136
250,8,2009.653136
250,8,2009.653136
250,8,2009.653136
250,8,2009.653136
250,8,2009.653136
250,8,2009.653136
250,8,2009.653136
250,8,2009.653136
250,8,2009.653136
250,8,2009.653136
250,8,2009.653136
250,8,2009.653136
250,8,2009.653136
250,8,2009.653136
250,8,2009.653136
250,8,2009.653136
250,8,2009.653136
250,8,2009.653136
250,8,2009.653136
250,8,2009.653136
250,8,2009.653136
250,8,2009.653136
250,8,2009.653136
250,8,2009.653136
250,8,2009.653136
250,8,2009.653136
250,8,2009.653136
250,8,2009.653136
250,8,2009.653136
250,8,2009.653136
250,8,2009.653136
250,8,2009.653136
250,8,2009.653136
250,8,2009.653136
250,8,2009.653136
250,8,2009.653136
250,8,2009.653136
250,8,2009.653136
250,8,2009.653136
250,8,2009.653136
250,8,2009.653136
250,8,2009.653136
250,8,2009.653136
250,8,2009.653136
250,8,2009.653136
250,8,2009.653136
250,8,2009.653136
250,8,2009.653136
250,8,2009.653136
250,8,2009.653136
250,8,2009.653136
250,8,2009.653136
250,8,2009.653136
250,8,2009.653136
250,8,2009.653136
250,8,2009.653136
250,8,2009.653136
250,8,2009.653136
250,8,2009.653136
250,8,2009.653136
250,8,2009.653136
250,8,2009.653136
250,8,2009.653136
250,8,2009.653136
250,8,2009.653136
250,8,2009.653136
250,8,2009.653136
250,8,2009.653136
250,8,2009.653136
250,8,2009.653136
250,8,2009.653136
250,8,2009.653136
250,8,2009.653136
250,8,2009.653136
250,8,2009.653136
250,8,2009.653136
250,8,2009.653136
250,8,2009.653136
250,8,2009.653136
250,8,2009.653136
250,8,2009.653136
250,8,2009.653136
250,8,2009.653136
250,8,2009.653136
250,8,2009.653136
250,8,2009.653136
250,8,2009.653136
250,8,2009.653136
250,8,2009.653136
250,8,2009.653136
250,8,2009.653136
250,8,2009.653136
250,8,2009.653136
250,8,2009.653136
250,8,2009.653136
250,8,2009.653136
250,8,2009.653136
250,9,1958.252679
250,9,1958.252679
250,9,1958.252679
251,7,2040.134225
251,7,2040.134225
251,8,2009.653136
251,8,2009.653136
251,8,2009.653136
251,8,2009.653136
251,8,2009.653136
251,8,2009.653136
251,8,2009.653136
251,8,2009.653136
251,8,2009.653136
251,8,2009.653136
251,8,2009.653136
251,8,2009.653136
251,8,2009.653136
251,8,2009.653136
251,8,2009.653136
251,8,2009.653136
251,8,2009.653136
251,8,2009.653136
251,8,2009.653136
251,8,2009.653136
251,8,2009.653136
251,8,2009.653136
251,8,2009.653136
251,8,2009.653136
251,8,2009.653136
251,8,2009.653136
251,8,2009.653136
251,8,2009.653136
251,8,2009.653136
251,8,2009.653136
251,8,2009.653136
251,8,2009.653136
251,8,2009.653136
251,8,2009.653136
251,8,2009.653136
251,8,2009.653136
251,8,2009.653136
251,8,2009.653136
251,8,2009.653136
251,8,2009.653136
251,8,2009.653136
251,8,2009.653136
251,8,2009.653136
251,8,2009.653136
251,8,2009.653136
251,8,2009.653136
251,8,2009.653136
251,8,2009.653136
251,8,2009.653136
251,8,2009.653136
251,8,2009.653136
251,8,2009.653136
251,8,2009.653136
251,8,2009.653136
251,8,2009.653136
251,8,2009.653136
251,8,2009.653136
251,8,2009.653136
251,8,2009.653136
251,8,2009.653136
251,8,2009.653136
251,8,2009.653136
251,8,2009.653136
251,8,2009.653136
251,8,2009.653136
251,8,2009.653136
251,8,2009.653136
251,8,2009.653136
251,8,2009.653136
251,8,2009.653136
251,8,2009.653136
251,8,2009.653136
251,8,2009.653136
251,8,2009.653136
251,8,2009.653136
251,8,2009.653136
251,8,2009.653136
251,8,2009.653136
251,8,2009.653136
251,8,2009.653136
251,8,2009.653136
251,8,2009.653136
251,8,2009.653136
251,8,2009.653136
251,8,2009.653136
251,8,2009.653136
251,8,2009.653136
251,8,2009.653136
251,8,2009.653136
251,8,2009.653136
251,8,2009.653136
251,8,2009.653136
251,8,2009.653136
251,8,2009.653136
251,8,2009.653136
251,8,2009.653136
251,8,2009.653136
251,8,2009.653136
251,8,2009.653136
251,8,2009.653136
251,8,2009.653136
251,8,2009.653136
251,8,2009.653136
251,8,2009.653136
251,8,2009.653136
251,8,2009.653136
251,8,2009.653136
251,8,2009.653136
251,8,2009.653136
251,8,2009.653136
251,8,2009.653136
251,8,2009.653136
251,8,2009.653136
251,8,2009.653136
251,8,2009.653136
251,8,2009.653136
251,8,2009.653136
251,8,2009.653136
251,8,2009.653136
251,8,2009.653136
251,8,2009.653136
251,8,2009.653136
251,8,2009.653136
251,8,2009.653136
251,8,2009.653136
251,8,2009.653136
251,8,2009.653136
251,8,2009.653136
251,8,2009.653136
251,8,2009.653136
251,8,2009.653136
251,8,2009.653136
251,8,2009.653136
251,8,2009.653136
251,8,2009.653136
251,8,2009.653136
251,8,2009.653136
251,8,2009.653136
251,8,2009.653136
251,8,2009.653136
251,8,2009.653136
251,8,2009.653136
251,9,1958.252679
251,9,1958.252679
251,9,1958.252679
251,9,1958.252679
251,9,1958.252679
251,9,1958.252679
252,7,2038.688746
252,8,2009.653136
252,8,2009.653136
252,8,2009.653136
252,8,2009.653136
252,8,2009.653136
252,8,2009.653136
252,8,2009.653136
252,8,2009.653136
252,8,2009.653136
252,8,2009.653136
252,8,2009.653136
252,8,2009.653136
252,8,2009.653136
252,8,2009.653136
252,8,2009.653136
252,8,2009.653136
252,8,2009.653136
252,8,2009.653136
252,8,2009.653136
252,8,2009.653136
252,8,2009.653136
252,8,2009.653136
252,8,2009.653136
252,8,2009.653136
252,8,2009.653136
252,8,2009.653136
252,8,2009.653136
252,8,2009.653136
252,8,2009.653136
252,8,2009.653136
252,8,2009.653136
252,8,2009.653136
252,8,2009.653136
252,8,2009.653136
252,8,2009.653136
252,8,2009.653136
252,8,2009.653136
252,8,2009.653136
252,8,2009.653136
252,8,2009.653136
252,8,2009.653136
252,8,2009.653136
252,8,2009.653136
252,8,2009.653136
252,8,2009.653136
252,8,2009.653136
252,8,2009.653136
252,8,2009.653136
252,8,2009.653136
252,8,2009.653136
252,8,2009.653136
252,8,2009.653136
252,8,2009.653136
252,8,2009.653136
252,8,2009.653136
252,8,2009.653136
252,8,2009.653136
252,8,2009.653136
252,8,2009.653136
252,8,2009.653136
252,8,2009.653136
252,8,2009.653136
252,8,2009.653136
252,8,2009.653136
252,8,2009.653136
252,8,2009.653136
252,8,2009.653136
252,8,2009.653136
252,8,2009.653136
252,8,2009.653136
252,8,2009.653136
252,8,2009.653136
252,8,2009.653136
252,8,2009.653136
252,8,2009.653136
252,8,2009.653136
252,8,2009.653136
252,8,2009.653136
252,8,2009.653136
252,8,2009.653136
252,8,2009.653136
252,8,2009.653136
252,8,2009.653136
252,8,2009.653136
252,8,2009.653136
252,8,2009.653136
252,8,2009.653136
252,8,2009.653136
252,8,2009.653136
252,8,2009.653136
252,8,2009.653136
252,8,2009.653136
252,8,2009.653136
252,8,2009.653136
252,8,2009.653136
252,8,2009.653136
252,8,2009.653136
252,8,2009.653136
252,8,2009.653136
252,8,2009.653136
252,8,2009.653136
252,8,2009.653136
252,8,2009.653136
252,8,2009.653136
252,8,2009.653136
252,8,2009.653136
252,8,2009.653136
252,8,2009.653136
252,8,2009.653136
252,8,2009.653136
252,8,2009.653136
252,8,2009.653136
252,8,2009.653136
252,8,2009.653136
252,8,2009.653136
252,8,2009.653136
252,8,2009.653136
252,8,2009.653136
252,8,2009.653136
252,8,2009.653136
252,8,2009.653136
252,8,2009.653136
252,8,2009.653136
252,8,2009.653136
252,8,2009.653136
252,8,2009.653136
252,8,2009.653136
252,8,2009.653136
252,8,2009.653136
252,8,2009.653136
252,8,2009.653136
252,8,2009.653136
252,8,2009.653136
252,8,2009.653136
252,8,2009.653136
252,8,2009.653136
252,8,2009.653136
252,8,2009.653136
252,8,2009.653136
252,8,2009.653136
252,8,2009.653136
252,8,2009.653136
252,8,2009.653136
252,8,2009.653136
252,8,2009.653136
252,8,2009.653136
252,8,2009.653136
252,8,2009.653136
252,9,1958.248016
253,7,2038.688746
253,7,2038.688746
253,8,2009.653136
253,8,2009.653136
253,8,2009.653136
253,8,2009.653136
253,8,2009.653136
253,8,2009.653136
253,8,2009.653136
253,8,2009.653136
253,8,2009.653136
253,8,2009.653136
253,8,2009.653136
253,8,2009.653136
253,8,2009.653136
253,8,2009.653136
253,8,2009.653136
253,8,2009.653136
253,8,2009.653136
253,8,2009.653136
253,8,2009.653136
253,8,2009.653136
253,8,2009.653136
253,8,2009.653136
253,8,2009.653136
253,8,2009.653136
253,8,2009.653136
253,8,2009.653136
253,8,2009.653136
253,8,2009.653136
253,8,2009.653136
253,8,2009.653136
253,8,2009.653136
253,8,2009.653136
253,8,2009.653136
253,8,2009.653136
253,8,2009.653136
253,8,2009.653136
253,8,2009.653136
253,8,2009.653136
253,8,2009.653136
253,8,2009.653136
253,8,2009.653136
253,8,2009.653136
253,8,2009.653136
253,8,2009.653136
253,8,2009.653136
253,8,2009.653136
253,8,2009.653136
253,8,2009.653136
253,8,2009.653136
253,8,2009.653136
253,8,2009.653136
253,8,2009.653136
253,8,2009.653136
253,8,2009.653136
253,8,2009.653136
253,8,2009.653136
253,8,2009.653136
253,8,2009.653136
253,8,2009.653136
253,8,2009.653136
253,8,2009.653136
253,8,2009.653136
253,8,2009.653136
253,8,2009.653136
253,8,2009.653136
253,8,2009.653136
253,8,2009.653136
253,8,2009.653136
253,8,2009.653136
253,8,2009.653136
253,8,2009.653136
253,8,2009.653136
253,8,2009.653136
253,8,2009.653136
253,8,2009.653136
253,8,2009.653136
253,8,2009.653136
253,8,2009.653136
253,8,2009.653136
253,8,2009.653136
253,8,2009.653136
253,8,2009.653136
253,8,2009.653136
253,8,2009.653136
253,8,2009.653136
253,8,2009.653136
253,8,2009.653136
253,8,2009.653136
253,8,2009.653136
253,8,2009.653136
253,8,2009.653136
253,8,2009.653136
253,8,2009.653136
253,8,2009.653136
253,8,2009.653136
253,8,2009.653136
253,8,2009.653136
253,8,2009.653136
253,8,2009.653136
253,8,2009.653136
253,8,2009.653136
253,8,2009.653136
253,8,2009.653136
253,8,2009.653136
253,8,2009.653136
253,8,2009.653136
253,8,2009.653136
253,8,2009.653136
253,8,2009.653136
253,8,2009.653136
253,8,2009.653136
253,8,2009.653136
253,8,2009.653136
253,8,2009.653136
253,8,2009.653136
253,8,2009.653136
253,8,2009.653136
253,8,2009.653136
253,8,2009.653136
253,8,2009.653136
253,8,2009.653136
253,8,2009.653136
253,8,2009.653136
253,8,2009.653136
253,8,2009.653136
253,8,2009.653136
253,8,2009.653136
253,8,2009.653136
253,8,2009.653136
253,8,2009.653136
253,8,2009.653136
253,8,2009.653136
253,8,2009.653136
253,8,2009.653136
253,8,2009.653136
253,8,2009.653136
253,8,2009.653136
253,8,2009.653136
253,8,2009.653136
253,8,2009.653136
253,8,2009.653136
253,8,2009.653136
253,8,2009.653136
253,8,2009.653136
253,8,2009.653136
253,8,2009.653136
253,8,2009.653136
253,9,1958.248016
254,7,2038.688746
254,7,2038.688746
254,8,2009.653136
254,8,2009.653136
254,8,2009.653136
254,8,2009.653136
254,8,2009.653136
254,8,2009.653136
254,8,2009.653136
254,8,2009.653136
254,8,2009.653136
254,8,2009.653136
254,8,2009.653136
254,8,2009.653136
254,8,2009.653136
254,8,2009.653136
254,8,2009.653136
254,8,2009.653136
254,8,2009.653136
254,8,2009.653136
254,8,2009.653136
254,8,2009.653136
254,8,2009.653136
254,8,2009.653136
254,8,2009.653136
254,8,2009.653136
254,8,2009.653136
254,8,2009.653136
254,8,2009.653136
254,8,2009.653136
254,8,2009.653136
254,8,2009.653136
254,8,2009.653136
254,8,2009.653136
254,8,2009.653136
254,8,2009.653136
254,8,2009.653136
254,8,2009.653136
254,8,2009.653136
254,8,2009.653136
254,8,2009.653136
254,8,2009.653136
254,8,2009.653136
254,8,2009.653136
254,8,2009.653136
254,8,2009.653136
254,8,2009.653136
254,8,2009.653136
254,8,2009.653136
254,8,2009.653136
254,8,2009.653136
254,8,2009.653136
254,8,2009.653136
254,8,2009.653136
254,8,2009.653136
254,8,2009.653136
254,8,2009.653136
254,8,2009.653136
254,8,2009.653136
254,8,2009.653136
254,8,2009.653136
254,8,2009.653136
254,8,2009.653136
254,8,2009.653136
254,8,2009.653136
254,8,2009.653136
254,8,2009.653136
254,8,2009.653136
254,8,2009.653136
254,8,2009.653136
254,8,2009.653136
254,8,2009.653136
254,8,2009.653136
254,8,2009.653136
254,8,2009.653136
254,8,2009.653136
254,8,2009.653136
254,8,2009.653136
254,8,2009.653136
254,8,2009.653136
254,8,2009.653136
254,8,2009.653136
254,8,2009.653136
254,8,2009.653136
254,8,2009.653136
254,8,2009.653136
254,8,2009.653136
254,8,2009.653136
254,8,2009.653136
254,8,2009.653136
254,8,2009.653136
254,8,2009.653136
254,8,2009.653136
254,8,2009.653136
254,8,2009.653136
254,8,2009.653136
254,8,2009.653136
254,8,2009.653136
254,8,2009.653136
254,8,2009.653136
254,8,2009.653136
254,8,2009.653136
254,8,2009.653136
254,8,2009.653136
254,8,2009.653136
254,8,2009.653136
254,8,2009.653136
254,8,2009.653136
254,8,2009.653136
254,8,2009.653136
254,8,2009.653136
254,8,2009.653136
254,8,2009.653136
254,8,2009.653136
254,8,2009.653136
254,8,2009.653136
254,8,2009.653136
254,8,2009.653136
254,8,2009.653136
254,8,2009.653136
254,8,2009.653136
254,8,2009.653136
254,8,2009.653136
254,8,2009.653136
254,8,2009.653136
254,8,2009.653136
254,8,2009.653136
254,8,2009.653136
254,8,2009.653136
254,8,2009.653136
254,8,2009.653136
254,8,2009.653136
254,8,2009.653136
254,8,2009.653136
254,8,2009.653136
254,8,2009.653136
254,8,2009.653136
254,8,2009.653136
254,8,2009.653136
254,8,2009.653136
254,8,2009.653136
254,8,2009.653136
254,8,2009.653136
254,8,2009.653136
254,8,2009.653136
254,8,2009.653136
254,8,2009.653136
254,8,2009.653136
254,8,2009.653136
254,9,1958.248016
255,7,2038.688746
255,7,2038.688746
255,8,2009.653136
255,8,2009.653136
255,8,2009.653136
255,8,2009.653136
255,8,2009.653136
255,8,2009.653136
255,8,2009.653136
255,8,2009.653136
255,8,2009.653136
255,8,2009.653136
255,8,2009.653136
255,8,2009.653136
255,8,2009.653136
255,8,2009.653136
255,8,2009.653136
255,8,2009.653136
255,8,2009.653136
255,8,2009.653136
255,8,2009.653136
255,8,2009.653136
255,8,2009.653136
255,8,2009.653136
255,8,2009.653136
255,8,2009.653136
255,8,2009.653136
255,8,2009.653136
255,8,2009.653136
255,8,2009.653136
255,8,2009.653136
255,8,2009.653136
255,8,2009.653136
255,8,2009.653136
255,8,2009.653136
255,8,2009.653136
255,8,2009.653136
255,8,2009.653136
255,8,2009.653136
255,8,2009.653136
255,8,2009.653136
255,8,2009.653136
255,8,2009.653136
255,8,2009.653136
255,8,2009.653136
255,8,2009.653136
255,8,2009.653136
255,8,2009.653136
255,8,2009.653136
255,8,2009.653136
255,8,2009.653136
255,8,2009.653136
255,8,2009.653136
255,8,2009.653136
255,8,2009.653136
255,8,2009.653136
255,8,2009.653136
255,8,2009.653136
255,8,2009.653136
255,8,2009.653136
255,8,2009.653136
255,8,2009.653136
255,8,2009.653136
255,8,2009.653136
255,8,2009.653136
255,8,2009.653136
255,8,2009.653136
255,8,2009.653136
255,8,2009.653136
255,8,2009.653136
255,8,2009.653136
255,8,2009.653136
255,8,2009.653136
255,8,2009.653136
255,8,2009.653136
255,8,2009.653136
255,8,2009.653136
255,8,2009.653136
255,8,2009.653136
255,8,2009.653136
255,8,2009.653136
255,8,2009.653136
255,8,2009.653136
255,8,2009.653136
255,8,2009.653136
255,8,2009.653136
255,8,2009.653136
255,8,2009.653136
255,8,2009.653136
255,8,2009.653136
255,8,2009.653136
255,8,2009.653136
255,8,2009.653136
255,8,2009.653136
255,8,2009.653136
255,8,2009.653136
255,8,2009.653136
255,8,2009.653136
255,8,2009.653136
255,8,2009.653136
255,8,2009.653136
255,8,2009.653136
255,8,2009.653136
255,8,2009.653136
255,8,2009.653136
255,8,2009.653136
255,8,2009.653136
255,8,2009.653136
255,8,2009.653136
255,8,2009.653136
255,8,2009.653136
255,8,2009.653136
255,8,2009.653136
255,8,2009.653136
255,8,2009.653136
255,8,2009.653136
255,8,2009.653136
255,8,2009.653136
255,8,2009.653136
255,8,2009.653136
255,8,2009.653136
255,8,2009.653136
255,8,2009.653136
255,8,2009.653136
255,8,2009.653136
255,8,2009.653136
255,8,2009.653136
255,8,2009.653136
255,8,2009.653136
255,8,2009.653136
255,8,2009.653136
255,8,2009.653136
255,8,2009.653136
255,8,2009.653136
255,8,2009.653136
255,8,2009.653136
255,8,2009.653136
255,8,2009.653136
255,8,2009.653136
255,8,2009.653136
255,8,2009.653136
255,8,2009.653136
255,8,2009.653136
255,8,2009.653136
255,8,2009.653136
255,8,2009.653136
255,8,2009.653136
255,8,2009.653136
255,8,2009.653136
255,9,1958.248016
256,7,2038.688746
256,7,2038.688746
256,8,2009.653136
256,8,2009.653136
256,8,2009.653136
256,8,2009.653136
256,8,2009.653136
256,8,2009.653136
256,8,2009.653136
256,8,2009.653136
256,8,2009.653136
256,8,2009.653136
256,8,2009.653136
256,8,2009.653136
256,8,2009.653136
256,8,2009.653136
256,8,2009.653136
256,8,2009.653136
256,8,2009.653136
256,8,2009.653136
256,8,2009.653136
256,8,2009.653136
256,8,2009.653136
256,8,2009.653136
256,8,2009.653136
256,8,2009.653136
256,8,2009.653136
256,8,2009.653136
256,8,2009.653136
256,8,2009.653136
256,8,2009.653136
256,8,2009.653136
256,8,2009.653136
256,8,2009.653136
256,8,2009.653136
256,8,2009.653136
256,8,2009.653136
256,8,2009.653136
256,8,2009.653136
256,8,2009.653136
256,8,2009.653136
256,8,2009.653136
256,8,2009.653136
256,8,2009.653136
256,8,2009.653136
256,8,2009.653136
256,8,2009.653136
256,8,2009.653136
256,8,2009.653136
256,8,2009.653136
256,8,2009.653136
256,8,2009.653136
256,8,2009.653136
256,8,2009.653136
256,8,2009.653136
256,8,2009.653136
256,8,2009.653136
256,8,2009.653136
256,8,2009.653136
256,8,2009.653136
256,8,2009.653136
256,8,2009.653136
256,8,2009.653136
256,8,2009.653136
256,8,2009.653136
256,8,2009.653136
256,8,2009.653136
256,8,2009.653136
256,8,2009.653136
256,8,2009.653136
256,8,2009.653136
256,8,2009.653136
256,8,2009.653136
256,8,2009.653136
256,8,2009.653136
256,8,2009.653136
256,8,2009.653136
256,8,2009.653136
256,8,2009.653136
256,8,2009.653136
256,8,2009.653136
256,8,2009.653136
256,8,2009.653136
256,8,2009.653136
256,8,2009.653136
256,8,2009.653136
256,8,2009.653136
256,8,2009.653136
256,8,2009.653136
256,8,2009.653136
256,8,2009.653136
256,8,2009.653136
256,8,2009.653136
256,8,2009.653136
256,8,2009.653136
256,8,2009.653136
256,8,2009.653136
256,8,2009.653136
256,8,2009.653136
256,8,2009.653136
256,8,2009.653136
256,8,2009.653136
256,8,2009.653136
256,8,2009.653136
256,8,2009.653136
256,8,2009.653136
256,8,2009.653136
256,8,2009.653136
256,8,2009.653136
256,8,2009.653136
256,8,2009.653136
256,8,2009.653136
256,8,2009.653136
256,8,2009.653136
256,8,2009.653136
256,8,2009.653136
256,8,2009.653136
256,8,2009.653136
256,8,2009.653136
256,8,2009.653136
256,8,2009.653136
256,8,2009.653136
256,8,2009.653136
256,8,2009.653136
256,8,2009.653136
256,8,2009.653136
256,8,2009.653136
256,8,2009.653136
256,8,2009.653136
256,8,2009.653136
256,8,2009.653136
256,8,2009.653136
256,8,2009.653136
256,8,2009.653136
256,8,2009.653136
256,8,2009.653136
256,8,2009.653136
256,8,2009.653136
256,8,2009.653136
256,8,2009.653136
256,8,2009.653136
256,8,2009.653136
256,8,2009.653136
256,8,2009.653136
256,8,2009.653136
256,8,2009.653136
256,8,2009.653136
256,8,2009.653136
256,8,2009.653136
256,9,1958.204617
257,7,2038.688746
257,7,2038.688746
257,8,2009.653136
257,8,2009.653136
257,8,2009.653136
257,8,2009.653136
257,8,2009.653136
257,8,2009.653136
257,8,2009.653136
257,8,2009.653136
257,8,2009.653136
257,8,2009.653136
257,8,2009.653136
257,8,2009.653136
257,8,2009.653136
257,8,2009.653136
257,8,2009.653136
257,8,2009.653136
257,8,2009.653136
257,8,2009.653136
257,8,2009.653136
257,8,2009.653136
257,8,2009.653136
257,8,2009.653136
257,8,2009.653136
257,8,2009.653136
257,8,2009.653136
257,8,2009.653136
257,8,2009.653136
257,8,2009.653136
257,8,2009.653136
257,8,2009.653136
257,8,2009.653136
257,8,2009.653136
257,8,2009.653136
257,8,2009.653136
257,8,2009.653136
257,8,2009.653136
257,8,2009.653136
257,8,2009.653136
257,8,2009.653136
257,8,2009.653136
257,8,2009.653136
257,8,2009.653136
257,8,2009.653136
257,8,2009.653136
257,8,2009.653136
257,8,2009.653136
257,8,2009.653136
257,8,2009.653136
257,8,2009.653136
257,8,2009.653136
257,8,2009.653136
257,8,2009.653136
257,8,2009.653136
257,8,2009.653136
257,8,2009.653136
257,8,2009.653136
257,8,2009.653136
257,8,2009.653136
257,8,2009.653136
257,8,2009.653136
257,8,2009.653136
257,8,2009.653136
257,8,2009.653136
257,8,2009.653136
257,8,2009.653136
257,8,2009.653136
257,8,2009.653136
257,8,2009.653136
257,8,2009.653136
257,8,2009.653136
257,8,2009.653136
257,8,2009.653136
257,8,2009.653136
257,8,2009.653136
257,8,2009.653136
257,8,2009.653136
257,8,2009.653136
257,8,2009.653136
257,8,2009.653136
257,8,2009.653136
257,8,2009.653136
257,8,2009.653136
257,8,2009.653136
257,8,2009.653136
257,8,2009.653136
257,8,2009.653136
257,8,2009.653136
257,8,2009.653136
257,8,2009.653136
257,8,2009.653136
257,8,2009.653136
257,8,2009.653136
257,8,2009.653136
257,8,2009.653136
257,8,2009.653136
257,8,2009.653136
257,8,2009.653136
257,8,2009.653136
257,8,2009.653136
257,8,2009.653136
257,8,2009.653136
257,8,2009.653136
257,8,2009.653136
257,8,2009.653136
257,8,2009.653136
257,8,2009.653136
257,8,2009.653136
257,8,2009.653136
257,8,2009.653136
257,8,2009.653136
257,8,2009.653136
257,8,2009.653136
257,8,2009.653136
257,8,2009.653136
257,8,2009.653136
257,8,2009.653136
257,8,2009.653136
257,8,2009.653136
257,8,2009.653136
257,8,2009.653136
257,8,2009.653136
257,8,2009.653136
257,8,2009.653136
257,8,2009.653136
257,8,2009.653136
257,8,2009.653136
257,8,2009.653136
257,8,2009.653136
257,8,2009.653136
257,8,2009.653136
257,8,2009.653136
257,8,2009.653136
257,8,2009.653136
257,8,2009.653136
257,8,2009.653136
257,8,2009.653136
257,8,2009.653136
257,8,2009.653136
257,8,2009.653136
257,8,2009.653136
257,8,2009.653136
257,8,2009.653136
257,8,2009.653136
257,8,2009.653136
257,8,2009.653136
257,8,2009.653136
257,9,1958.204617
257,9,1958.204617
258,7,2038.688746
258,7,2038.688746
258,8,2009.653136
258,8,2009.653136
258,8,2009.653136
258,8,2009.653136
258,8,2009.653136
258,8,2009.653136
258,8,2009.653136
258,8,2009.653136
258,8,2009.653136
258,8,2009.653136
258,8,2009.653136
258,8,2009.653136
258,8,2009.653136
258,8,2009.653136
258,8,2009.653136
258,8,2009.653136
258,8,2009.653136
258,8,2009.653136
258,8,2009.653136
258,8,2009.653136
258,8,2009.653136
258,8,2009.653136
258,8,2009.653136
258,8,2009.653136
258,8,2009.653136
258,8,2009.653136
258,8,2009.653136
258,8,2009.653136
258,8,2009.653136
258,8,2009.653136
258,8,2009.653136
258,8,2009.653136
258,8,2009.653136
258,8,2009.653136
258,8,2009.653136
258,8,2009.653136
258,8,2009.653136
258,8,2009.653136
258,8,2009.653136
258,8,2009.653136
258,8,2009.653136
258,8,2009.653136
258,8,2009.653136
258,8,2009.653136
258,8,2009.653136
258,8,2009.653136
258,8,2009.653136
258,8,2009.653136
258,8,2009.653136
258,8,2009.653136
258,8,2009.653136
258,8,2009.653136
258,8,2009.653136
258,8,2009.653136
258,8,2009.653136
258,8,2009.653136
258,8,2009.653136
258,8,2009.653136
258,8,2009.653136
258,8,2009.653136
258,8,2009.653136
258,8,2009.653136
258,8,2009.653136
258,8,2009.653136
258,8,2009.653136
258,8,2009.653136
258,8,2009.653136
258,8,2009.653136
258,8,2009.653136
258,8,2009.653136
258,8,2009.653136
258,8,2009.653136
258,8,2009.653136
258,8,2009.653136
258,8,2009.653136
258,8,2009.653136
258,8,2009.653136
258,8,2009.653136
258,8,2009.653136
258,8,2009.653136
258,8,2009.653136
258,8,2009.653136
258,8,2009.653136
258,8,2009.653136
258,8,2009.653136
258,8,2009.653136
258,8,2009.653136
258,8,2009.653136
258,8,2009.653136
258,8,2009.653136
258,8,2009.653136
258,8,2009.653136
258,8,2009.653136
258,8,2009.653136
258,8,2009.653136
258,8,2009.653136
258,8,2009.653136
258,8,2009.653136
258,8,2009.653136
258,8,2009.653136
258,8,2009.653136
258,8,2009.653136
258,8,2009.653136
258,8,2009.653136
258,8,2009.653136
258,8,2009.653136
258,8,2009.653136
258,8,2009.653136
258,8,2009.653136
258,8,2009.653136
258,8,2009.653136
258,8,2009.653136
258,8,2009.653136
258,8,2009.653136
258,8,2009.653136
258,8,2009.653136
258,8,2009.653136
258,8,2009.653136
258,8,2009.653136
258,8,2009.653136
258,8,2009.653136
258,8,2009.653136
258,8,2009.653136
258,8,2009.653136
258,8,2009.653136
258,8,2009.653136
258,8,2009.653136
258,8,2009.653136
258,8,2009.653136
258,8,2009.653136
258,8,2009.653136
258,8,2009.653136
258,8,2009.653136
258,8,2009.653136
258,8,2009.653136
258,8,2009.653136
258,8,2009.653136
258,8,2009.653136
258,8,2009.653136
258,8,2009.653136
258,8,2009.653136
258,8,2009.653136
258,8,2009.653136
258,8,2009.653136
258,9,1958.204617
258,9,1958.204617
258,9,1958.204617
258,9,1958.204617
