Iteration,NV,TOC
1,8,3470.250380
1,9,3082.569097
1,11,2741.065072
1,13,2677.676305
1,14,2618.062720
1,17,2572.703075
1,19,2441.721741
1,21,2438.647067
1,22,2419.957985
1,25,2391.919930
1,30,2391.371140
1,33,2354.708182
2,8,3470.250380
2,8,3470.250380
2,9,3082.569097
2,9,3082.569097
2,11,2736.975148
2,13,2677.676305
2,13,2677.676305
2,14,2618.062720
2,14,2618.062720
2,17,2572.703075
2,17,2572.703075
2,18,2556.641621
2,19,2441.721741
2,19,2441.721741
2,21,2438.647067
2,21,2438.647067
2,22,2419.957985
2,22,2419.957985
2,25,2391.919930
2,25,2391.919930
2,30,2391.371140
2,30,2391.371140
2,33,2354.708182
2,33,2354.708182
3,8,3470.250380
3,8,3470.250380
3,8,3470.250380
3,9,3082.569097
3,9,3082.569097
3,9,3082.569097
3,10,2934.280438
3,11,2736.975148
3,11,2736.975148
3,13,2677.676305
3,13,2677.676305
3,13,2677.676305
3,14,2618.062720
3,14,2618.062720
3,14,2618.062720
3,17,2572.703075
3,17,2572.703075
3,17,2572.703075
3,18,2511.748451
3,19,2441.721741
3,19,2441.721741
3,19,2441.721741
3,21,2438.647067
3,21,2438.647067
3,21,2438.647067
3,22,2419.957985
3,22,2419.957985
3,22,2419.957985
3,25,2391.919930
3,25,2391.919930
3,25,2391.919930
3,30,2391.371140
3,30,2391.371140
3,30,2391.371140
3,33,2354.708182
3,33,2354.708182
3,33,2354.708182
4,8,3470.250380
4,8,3470.250380
4,8,3470.250380
4,8,3470.250380
4,9,3082.569097
4,9,3082.569097
4,9,3082.569097
4,9,3082.569097
4,10,2934.280438
4,10,2934.280438
4,11,2736.975148
4,11,2736.975148
4,11,2736.975148
4,12,2724.677930
4,13,2645.551973
4,14,2618.062720
4,14,2618.062720
4,14,2618.062720
4,14,2618.062720
4,17,2563.945051
4,18,2511.748451
4,18,2511.748451
4,19,2441.721741
4,19,2441.721741
4,19,2441.721741
4,19,2441.721741
4,21,2438.647067
4,21,2438.647067
4,21,2438.647067
4,21,2438.647067
4,22,2419.957985
4,22,2419.957985
4,22,2419.957985
4,22,2419.957985
4,25,2391.919930
4,25,2391.919930
4,25,2391.919930
4,25,2391.919930
4,30,2391.371140
4,30,2391.371140
4,30,2391.371140
4,30,2391.371140
4,33,2354.708182
4,33,2354.708182
4,33,2354.708182
4,33,2354.708182
5,8,3470.250380
5,8,3470.250380
5,8,3470.250380
5,8,3470.250380
5,8,3470.250380
5,9,3082.569097
5,9,3082.569097
5,9,3082.569097
5,9,3082.569097
5,9,3082.569097
5,10,2934.280438
5,10,2934.280438
5,10,2934.280438
5,11,2736.975148
5,11,2736.975148
5,11,2736.975148
5,11,2736.975148
5,12,2724.677930
5,12,2724.677930
5,13,2645.551973
5,13,2645.551973
5,14,2618.062720
5,14,2618.062720
5,14,2618.062720
5,14,2618.062720
5,14,2618.062720
5,16,2569.433605
5,17,2563.945051
5,17,2563.945051
5,18,2480.647864
5,19,2441.721741
5,19,2441.721741
5,19,2441.721741
5,19,2441.721741
5,19,2441.721741
5,20,2433.117952
5,22,2419.957985
5,22,2419.957985
5,22,2419.957985
5,22,2419.957985
5,22,2419.957985
5,24,2381.489657
5,33,2354.708182
5,33,2354.708182
5,33,2354.708182
5,33,2354.708182
5,33,2354.708182
6,8,3377.926473
6,9,3082.569097
6,9,3082.569097
6,9,3082.569097
6,9,3082.569097
6,9,3082.569097
6,9,3082.569097
6,10,2934.280438
6,10,2934.280438
6,10,2934.280438
6,10,2934.280438
6,11,2736.975148
6,11,2736.975148
6,11,2736.975148
6,11,2736.975148
6,11,2736.975148
6,12,2691.948662
6,13,2645.551973
6,13,2645.551973
6,13,2645.551973
6,14,2618.062720
6,14,2618.062720
6,14,2618.062720
6,14,2618.062720
6,14,2618.062720
6,14,2618.062720
6,16,2569.433605
6,16,2569.433605
6,17,2563.945051
6,17,2563.945051
6,17,2563.945051
6,18,2480.647864
6,18,2480.647864
6,19,2441.721741
6,19,2441.721741
6,19,2441.721741
6,19,2441.721741
6,19,2441.721741
6,19,2441.721741
6,20,2433.117952
6,20,2433.117952
6,22,2419.957985
6,22,2419.957985
6,22,2419.957985
6,22,2419.957985
6,22,2419.957985
6,22,2419.957985
6,24,2381.489657
6,24,2381.489657
6,33,2354.708182
6,33,2354.708182
6,33,2354.708182
6,33,2354.708182
6,33,2354.708182
6,33,2354.708182
7,8,3243.450915
7,9,2742.186864
7,10,2594.411632
7,12,2562.538711
7,13,2535.497608
7,15,2452.199252
7,17,2423.119326
7,18,2418.200722
7,19,2392.588304
7,20,2368.995742
7,23,2338.600661
7,29,2327.125095
7,30,2290.945739
8,8,2782.425640
8,9,2592.593789
8,10,2529.777713
8,11,2526.016731
8,12,2457.590548
8,13,2457.257052
8,14,2456.348875
8,15,2410.346655
8,17,2339.377703
8,18,2328.685673
8,20,2281.901249
8,26,2238.060813
9,8,2782.425640
9,8,2782.425640
9,9,2592.593789
9,9,2592.593789
9,10,2529.777713
9,10,2529.777713
9,11,2526.016731
9,11,2526.016731
9,12,2457.590548
9,12,2457.590548
9,13,2457.257052
9,13,2457.257052
9,14,2456.348875
9,14,2456.348875
9,15,2410.346655
9,15,2410.346655
9,17,2339.377703
9,17,2339.377703
9,18,2328.685673
9,18,2328.685673
9,20,2281.901249
9,20,2281.901249
9,26,2238.060813
9,26,2238.060813
10,8,2782.425640
10,8,2782.425640
10,8,2782.425640
10,9,2592.593789
10,9,2592.593789
10,9,2592.593789
10,10,2529.777713
10,10,2529.777713
10,10,2529.777713
10,11,2526.016731
10,11,2526.016731
10,11,2526.016731
10,12,2457.590548
10,12,2457.590548
10,12,2457.590548
10,13,2457.257052
10,13,2457.257052
10,13,2457.257052
10,14,2456.348875
10,14,2456.348875
10,14,2456.348875
10,15,2410.346655
10,15,2410.346655
10,15,2410.346655
10,17,2339.377703
10,17,2339.377703
10,17,2339.377703
10,18,2328.685673
10,18,2328.685673
10,18,2328.685673
10,20,2281.901249
10,20,2281.901249
10,20,2281.901249
10,26,2238.060813
10,26,2238.060813
10,26,2238.060813
11,8,2782.425640
11,8,2782.425640
11,8,2782.425640
11,8,2782.425640
11,9,2592.593789
11,9,2592.593789
11,9,2592.593789
11,9,2592.593789
11,10,2529.777713
11,10,2529.777713
11,10,2529.777713
11,10,2529.777713
11,11,2526.016731
11,11,2526.016731
11,11,2526.016731
11,11,2526.016731
11,12,2457.590548
11,12,2457.590548
11,12,2457.590548
11,12,2457.590548
11,13,2457.257052
11,13,2457.257052
11,13,2457.257052
11,13,2457.257052
11,14,2456.348875
11,14,2456.348875
11,14,2456.348875
11,14,2456.348875
11,15,2410.346655
11,15,2410.346655
11,15,2410.346655
11,15,2410.346655
11,17,2339.377703
11,17,2339.377703
11,17,2339.377703
11,17,2339.377703
11,18,2328.685673
11,18,2328.685673
11,18,2328.685673
11,18,2328.685673
11,20,2281.901249
11,20,2281.901249
11,20,2281.901249
11,20,2281.901249
11,26,2238.060813
11,26,2238.060813
11,26,2238.060813
11,26,2238.060813
12,8,2677.389512
12,9,2532.776436
12,10,2459.073380
12,11,2398.245445
12,13,2356.045267
12,14,2332.625985
12,17,2257.853598
12,19,2254.390551
12,22,2225.462640
12,24,2202.258772
12,27,2193.929684
13,8,2677.389512
13,8,2677.389512
13,9,2532.776436
13,9,2532.776436
13,10,2459.073380
13,10,2459.073380
13,11,2398.245445
13,11,2398.245445
13,13,2356.045267
13,13,2356.045267
13,14,2332.625985
13,14,2332.625985
13,17,2257.853598
13,17,2257.853598
13,19,2254.390551
13,19,2254.390551
13,22,2225.462640
13,22,2225.462640
13,24,2202.258772
13,24,2202.258772
13,27,2193.929684
13,27,2193.929684
14,8,2677.389512
14,8,2677.389512
14,8,2677.389512
14,9,2532.776436
14,9,2532.776436
14,9,2532.776436
14,10,2459.073380
14,10,2459.073380
14,10,2459.073380
14,11,2398.245445
14,11,2398.245445
14,11,2398.245445
14,13,2356.045267
14,13,2356.045267
14,13,2356.045267
14,14,2332.625985
14,14,2332.625985
14,14,2332.625985
14,17,2257.853598
14,17,2257.853598
14,17,2257.853598
14,19,2254.390551
14,19,2254.390551
14,19,2254.390551
14,22,2225.462640
14,22,2225.462640
14,22,2225.462640
14,24,2202.258772
14,24,2202.258772
14,24,2202.258772
14,27,2193.929684
14,27,2193.929684
14,27,2193.929684
15,8,2677.389512
15,8,2677.389512
15,8,2677.389512
15,8,2677.389512
15,9,2532.776436
15,9,2532.776436
15,9,2532.776436
15,9,2532.776436
15,10,2459.073380
15,10,2459.073380
15,10,2459.073380
15,10,2459.073380
15,11,2398.245445
15,11,2398.245445
15,11,2398.245445
15,11,2398.245445
15,13,2356.045267
15,13,2356.045267
15,13,2356.045267
15,13,2356.045267
15,14,2332.625985
15,14,2332.625985
15,14,2332.625985
15,14,2332.625985
15,17,2257.853598
15,17,2257.853598
15,17,2257.853598
15,17,2257.853598
15,19,2254.390551
15,19,2254.390551
15,19,2254.390551
15,19,2254.390551
15,22,2225.462640
15,22,2225.462640
15,22,2225.462640
15,22,2225.462640
15,24,2202.258772
15,24,2202.258772
15,24,2202.258772
15,24,2202.258772
15,27,2193.929684
15,27,2193.929684
15,27,2193.929684
15,27,2193.929684
16,7,2672.233165
16,8,2527.565741
16,9,2440.209873
16,10,2387.909582
16,11,2332.387474
16,12,2291.057978
16,13,2261.121984
16,16,2222.895452
16,18,2218.630708
16,19,2218.579589
16,21,2183.732763
16,23,2163.302249
17,7,2672.233165
17,7,2672.233165
17,8,2527.565741
17,8,2527.565741
17,9,2440.209873
17,9,2440.209873
17,10,2387.909582
17,10,2387.909582
17,11,2332.387474
17,11,2332.387474
17,12,2291.057978
17,12,2291.057978
17,13,2261.121984
17,13,2261.121984
17,16,2222.895452
17,16,2222.895452
17,18,2218.630708
17,18,2218.630708
17,19,2218.579589
17,19,2218.579589
17,21,2183.732763
17,21,2183.732763
17,23,2163.302249
17,23,2163.302249
18,7,2672.233165
18,7,2672.233165
18,7,2672.233165
18,8,2527.565741
18,8,2527.565741
18,8,2527.565741
18,9,2440.209873
18,9,2440.209873
18,9,2440.209873
18,10,2387.909582
18,10,2387.909582
18,10,2387.909582
18,11,2332.387474
18,11,2332.387474
18,11,2332.387474
18,12,2291.057978
18,12,2291.057978
18,12,2291.057978
18,13,2261.121984
18,13,2261.121984
18,13,2261.121984
18,16,2222.895452
18,16,2222.895452
18,16,2222.895452
18,18,2218.630708
18,18,2218.630708
18,18,2218.630708
18,19,2218.579589
18,19,2218.579589
18,19,2218.579589
18,21,2183.732763
18,21,2183.732763
18,21,2183.732763
18,23,2163.302249
18,23,2163.302249
18,23,2163.302249
19,7,2616.063093
19,8,2469.735302
19,9,2327.970507
19,10,2312.681818
19,11,2264.552682
19,12,2256.882762
19,13,2239.489268
19,16,2213.974918
19,16,2213.974918
19,19,2136.672279
19,22,2124.338273
20,7,2616.063093
20,7,2616.063093
20,8,2469.735302
20,8,2469.735302
20,9,2327.970507
20,9,2327.970507
20,10,2312.681818
20,10,2312.681818
20,11,2264.552682
20,11,2264.552682
20,12,2256.882762
20,12,2256.882762
20,13,2239.489268
20,13,2239.489268
20,16,2213.974918
20,16,2213.974918
20,16,2213.974918
20,16,2213.974918
20,19,2136.672279
20,19,2136.672279
20,22,2124.338273
20,22,2124.338273
21,7,2616.063093
21,7,2616.063093
21,7,2616.063093
21,8,2469.735302
21,8,2469.735302
21,8,2469.735302
21,9,2327.970507
21,9,2327.970507
21,9,2327.970507
21,10,2312.681818
21,10,2312.681818
21,10,2312.681818
21,11,2264.552682
21,11,2264.552682
21,11,2264.552682
21,12,2256.882762
21,12,2256.882762
21,12,2256.882762
21,13,2239.489268
21,13,2239.489268
21,13,2239.489268
21,16,2213.974918
21,16,2213.974918
21,16,2213.974918
21,16,2213.974918
21,16,2213.974918
21,16,2213.974918
21,17,2204.297331
21,19,2136.672279
21,19,2136.672279
21,19,2136.672279
21,22,2124.338273
21,22,2124.338273
21,22,2124.338273
22,7,2616.063093
22,7,2616.063093
22,7,2616.063093
22,7,2616.063093
22,8,2469.735302
22,8,2469.735302
22,8,2469.735302
22,8,2469.735302
22,9,2327.970507
22,9,2327.970507
22,9,2327.970507
22,9,2327.970507
22,10,2312.681818
22,10,2312.681818
22,10,2312.681818
22,10,2312.681818
22,11,2256.841837
22,13,2239.489268
22,13,2239.489268
22,13,2239.489268
22,13,2239.489268
22,16,2213.974918
22,16,2213.974918
22,16,2213.974918
22,16,2213.974918
22,16,2213.974918
22,16,2213.974918
22,16,2213.974918
22,16,2213.974918
22,17,2204.297331
22,17,2204.297331
22,19,2136.672279
22,19,2136.672279
22,19,2136.672279
22,19,2136.672279
22,22,2124.338273
22,22,2124.338273
22,22,2124.338273
22,22,2124.338273
23,7,2427.481746
23,8,2401.837410
23,9,2286.700958
23,11,2231.222426
23,12,2223.432216
23,13,2193.351309
23,15,2160.916297
23,16,2137.222951
23,18,2088.970619
23,22,2081.690717
24,7,2427.481746
24,7,2427.481746
24,8,2401.837410
24,8,2401.837410
24,9,2286.700958
24,9,2286.700958
24,11,2231.222426
24,11,2231.222426
24,12,2223.432216
24,12,2223.432216
24,13,2193.351309
24,13,2193.351309
24,15,2160.916297
24,15,2160.916297
24,16,2137.222951
24,16,2137.222951
24,18,2088.970619
24,18,2088.970619
24,22,2081.690717
24,22,2081.690717
25,7,2427.481746
25,7,2427.481746
25,7,2427.481746
25,8,2401.837410
25,8,2401.837410
25,8,2401.837410
25,9,2286.700958
25,9,2286.700958
25,9,2286.700958
25,11,2231.222426
25,11,2231.222426
25,11,2231.222426
25,12,2223.432216
25,12,2223.432216
25,12,2223.432216
25,13,2193.351309
25,13,2193.351309
25,13,2193.351309
25,15,2160.916297
25,15,2160.916297
25,15,2160.916297
25,16,2137.222951
25,16,2137.222951
25,16,2137.222951
25,18,2088.970619
25,18,2088.970619
25,18,2088.970619
25,22,2081.690717
25,22,2081.690717
25,22,2081.690717
26,7,2427.481746
26,7,2427.481746
26,7,2427.481746
26,7,2427.481746
26,8,2401.837410
26,8,2401.837410
26,8,2401.837410
26,8,2401.837410
26,9,2286.700958
26,9,2286.700958
26,9,2286.700958
26,9,2286.700958
26,10,2268.495496
26,11,2231.222426
26,11,2231.222426
26,11,2231.222426
26,11,2231.222426
26,12,2223.432216
26,12,2223.432216
26,12,2223.432216
26,12,2223.432216
26,13,2193.351309
26,13,2193.351309
26,13,2193.351309
26,13,2193.351309
26,15,2160.916297
26,15,2160.916297
26,15,2160.916297
26,15,2160.916297
26,16,2137.222951
26,16,2137.222951
26,16,2137.222951
26,16,2137.222951
26,18,2088.970619
26,18,2088.970619
26,18,2088.970619
26,18,2088.970619
26,22,2081.690717
26,22,2081.690717
26,22,2081.690717
26,22,2081.690717
27,7,2365.958506
27,8,2264.503954
27,9,2228.765872
27,10,2215.068586
27,11,2188.613507
27,12,2174.316876
27,13,2170.273256
27,14,2128.647590
27,17,2079.563797
27,18,2078.858872
27,21,2044.629140
28,7,2365.958506
28,7,2365.958506
28,8,2264.503954
28,8,2264.503954
28,9,2228.765872
28,9,2228.765872
28,10,2215.068586
28,10,2215.068586
28,11,2188.613507
28,11,2188.613507
28,12,2174.316876
28,12,2174.316876
28,13,2170.273256
28,13,2170.273256
28,14,2128.647590
28,14,2128.647590
28,17,2079.563797
28,17,2079.563797
28,18,2078.858872
28,18,2078.858872
28,21,2044.629140
28,21,2044.629140
29,7,2365.958506
29,7,2365.958506
29,7,2365.958506
29,8,2264.503954
29,8,2264.503954
29,8,2264.503954
29,9,2228.765872
29,9,2228.765872
29,9,2228.765872
29,10,2215.068586
29,10,2215.068586
29,10,2215.068586
29,11,2188.613507
29,11,2188.613507
29,11,2188.613507
29,12,2174.316876
29,12,2174.316876
29,12,2174.316876
29,13,2170.273256
29,13,2170.273256
29,13,2170.273256
29,14,2128.647590
29,14,2128.647590
29,14,2128.647590
29,17,2079.563797
29,17,2079.563797
29,17,2079.563797
29,18,2078.858872
29,18,2078.858872
29,18,2078.858872
29,21,2044.629140
29,21,2044.629140
29,21,2044.629140
30,7,2365.958506
30,7,2365.958506
30,7,2365.958506
30,7,2365.958506
30,8,2264.503954
30,8,2264.503954
30,8,2264.503954
30,8,2264.503954
30,9,2228.765872
30,9,2228.765872
30,9,2228.765872
30,9,2228.765872
30,10,2215.068586
30,10,2215.068586
30,10,2215.068586
30,10,2215.068586
30,11,2188.613507
30,11,2188.613507
30,11,2188.613507
30,11,2188.613507
30,12,2174.316876
30,12,2174.316876
30,12,2174.316876
30,12,2174.316876
30,13,2170.273256
30,13,2170.273256
30,13,2170.273256
30,13,2170.273256
30,14,2128.647590
30,14,2128.647590
30,14,2128.647590
30,14,2128.647590
30,17,2079.563797
30,17,2079.563797
30,17,2079.563797
30,17,2079.563797
30,18,2078.858872
30,18,2078.858872
30,18,2078.858872
30,18,2078.858872
30,21,2044.629140
30,21,2044.629140
30,21,2044.629140
30,21,2044.629140
31,7,2303.458965
31,8,2211.441960
31,9,2141.896727
31,13,2123.361165
31,14,2093.115196
31,16,2065.220232
31,18,2059.767620
31,19,2027.058829
32,7,2289.032025
32,8,2186.127568
32,9,2141.896727
32,9,2141.896727
32,9,2141.896727
32,10,2140.717548
32,12,2111.682445
32,13,2072.716265
32,16,2040.971891
32,17,2013.615299
33,7,2289.032025
33,7,2289.032025
33,8,2186.127568
33,8,2186.127568
33,9,2141.896727
33,9,2141.896727
33,9,2141.896727
33,9,2141.896727
33,9,2141.896727
33,9,2141.896727
33,10,2140.717548
33,10,2140.717548
33,12,2111.682445
33,12,2111.682445
33,13,2072.716265
33,13,2072.716265
33,16,2040.971891
33,16,2040.971891
33,17,2013.615299
33,17,2013.615299
34,7,2289.032025
34,7,2289.032025
34,7,2289.032025
34,8,2186.127568
34,8,2186.127568
34,8,2186.127568
34,9,2141.896727
34,9,2141.896727
34,9,2141.896727
34,9,2141.896727
34,9,2141.896727
34,9,2141.896727
34,9,2141.896727
34,9,2141.896727
34,9,2141.896727
34,10,2140.717548
34,10,2140.717548
34,10,2140.717548
34,12,2111.682445
34,12,2111.682445
34,12,2111.682445
34,13,2072.716265
34,13,2072.716265
34,13,2072.716265
34,16,2040.971891
34,16,2040.971891
34,16,2040.971891
34,17,2013.615299
34,17,2013.615299
34,17,2013.615299
35,7,2289.032025
35,7,2289.032025
35,7,2289.032025
35,7,2289.032025
35,8,2186.127568
35,8,2186.127568
35,8,2186.127568
35,8,2186.127568
35,9,2141.896727
35,9,2141.896727
35,9,2141.896727
35,9,2141.896727
35,9,2141.896727
35,9,2141.896727
35,9,2141.896727
35,9,2141.896727
35,9,2141.896727
35,9,2141.896727
35,9,2141.896727
35,9,2141.896727
35,10,2140.717548
35,10,2140.717548
35,10,2140.717548
35,10,2140.717548
35,12,2111.682445
35,12,2111.682445
35,12,2111.682445
35,12,2111.682445
35,13,2072.716265
35,13,2072.716265
35,13,2072.716265
35,13,2072.716265
35,16,2040.971891
35,16,2040.971891
35,16,2040.971891
35,16,2040.971891
35,17,2013.615299
35,17,2013.615299
35,17,2013.615299
35,17,2013.615299
36,6,2115.439187
36,9,2065.495232
36,13,2033.328700
36,15,2030.668517
36,17,2005.784824
37,6,2115.439187
37,6,2115.439187
37,9,2065.495232
37,9,2065.495232
37,13,2033.328700
37,13,2033.328700
37,15,2030.668517
37,15,2030.668517
37,17,2005.784824
37,17,2005.784824
38,6,2115.439187
38,6,2115.439187
38,6,2115.439187
38,9,2065.495232
38,9,2065.495232
38,9,2065.495232
38,13,2033.328700
38,13,2033.328700
38,13,2033.328700
38,15,2030.668517
38,15,2030.668517
38,15,2030.668517
38,17,2005.784824
38,17,2005.784824
38,17,2005.784824
39,6,2115.439187
39,6,2115.439187
39,6,2115.439187
39,6,2115.439187
39,9,2065.495232
39,9,2065.495232
39,9,2065.495232
39,9,2065.495232
39,13,2033.328700
39,13,2033.328700
39,13,2033.328700
39,13,2033.328700
39,15,2030.668517
39,15,2030.668517
39,15,2030.668517
39,15,2030.668517
39,17,2005.784824
39,17,2005.784824
39,17,2005.784824
39,17,2005.784824
40,6,2100.512125
40,8,2055.853683
40,13,2014.168177
40,16,2000.469241
40,17,1995.052409
41,6,2100.512125
41,6,2100.512125
41,8,2055.853683
41,8,2055.853683
41,13,2014.168177
41,13,2014.168177
41,16,2000.469241
41,16,2000.469241
41,17,1995.052409
41,17,1995.052409
42,6,2100.512125
42,6,2100.512125
42,6,2100.512125
42,8,2055.853683
42,8,2055.853683
42,8,2055.853683
42,13,2014.168177
42,13,2014.168177
42,13,2014.168177
42,16,2000.469241
42,16,2000.469241
42,16,2000.469241
42,17,1995.052409
42,17,1995.052409
42,17,1995.052409
43,6,2100.512125
43,6,2100.512125
43,6,2100.512125
43,6,2100.512125
43,8,2055.853683
43,8,2055.853683
43,8,2055.853683
43,8,2055.853683
43,13,2014.168177
43,13,2014.168177
43,13,2014.168177
43,13,2014.168177
43,16,2000.469241
43,16,2000.469241
43,16,2000.469241
43,16,2000.469241
43,17,1995.052409
43,17,1995.052409
43,17,1995.052409
43,17,1995.052409
44,6,2091.355997
44,8,2021.681392
44,13,1993.317739
44,17,1985.234736
45,6,2091.355997
45,6,2091.355997
45,8,2021.681392
45,8,2021.681392
45,13,1993.317739
45,13,1993.317739
45,17,1985.234736
45,17,1985.234736
46,6,2091.355997
46,6,2091.355997
46,6,2091.355997
46,8,2021.681392
46,8,2021.681392
46,8,2021.681392
46,13,1993.317739
46,13,1993.317739
46,13,1993.317739
46,17,1985.234736
46,17,1985.234736
46,17,1985.234736
47,6,2091.355997
47,6,2091.355997
47,6,2091.355997
47,6,2091.355997
47,8,2021.681392
47,8,2021.681392
47,8,2021.681392
47,8,2021.681392
47,13,1993.317739
47,13,1993.317739
47,13,1993.317739
47,13,1993.317739
47,17,1985.234736
47,17,1985.234736
47,17,1985.234736
47,17,1985.234736
48,6,2087.621601
48,8,1999.874065
48,13,1986.829796
48,17,1973.106186
49,6,2087.621601
49,6,2087.621601
49,8,1999.874065
49,8,1999.874065
49,13,1986.829796
49,13,1986.829796
49,17,1973.106186
49,17,1973.106186
50,6,2087.621601
50,6,2087.621601
50,6,2087.621601
50,8,1999.874065
50,8,1999.874065
50,8,1999.874065
50,13,1986.829796
50,13,1986.829796
50,13,1986.829796
50,17,1973.106186
50,17,1973.106186
50,17,1973.106186
51,6,2087.621601
51,6,2087.621601
51,6,2087.621601
51,6,2087.621601
51,8,1999.874065
51,8,1999.874065
51,8,1999.874065
51,8,1999.874065
51,13,1986.829796
51,13,1986.829796
51,13,1986.829796
51,13,1986.829796
51,17,1973.106186
51,17,1973.106186
51,17,1973.106186
51,17,1973.106186
52,6,2071.291222
52,7,1986.873242
52,8,1976.692289
52,13,1974.462709
52,16,1966.082102
53,6,2071.291222
53,6,2071.291222
53,7,1986.873242
53,7,1986.873242
53,8,1976.692289
53,8,1976.692289
53,13,1974.462709
53,13,1974.462709
53,16,1966.082102
53,16,1966.082102
54,6,2071.291222
54,6,2071.291222
54,6,2071.291222
54,7,1986.873242
54,7,1986.873242
54,7,1986.873242
54,8,1976.692289
54,8,1976.692289
54,8,1976.692289
54,13,1974.462709
54,13,1974.462709
54,13,1974.462709
54,16,1966.082102
54,16,1966.082102
54,16,1966.082102
55,6,2071.291222
55,6,2071.291222
55,6,2071.291222
55,6,2071.291222
55,7,1986.873242
55,7,1986.873242
55,7,1986.873242
55,7,1986.873242
55,8,1976.692289
55,8,1976.692289
55,8,1976.692289
55,8,1976.692289
55,13,1974.462709
55,13,1974.462709
55,13,1974.462709
55,13,1974.462709
55,16,1966.082102
55,16,1966.082102
55,16,1966.082102
55,16,1966.082102
56,6,2047.892544
56,7,1983.666052
56,8,1959.273988
57,6,2047.892544
57,6,2047.892544
57,7,1983.666052
57,7,1983.666052
57,8,1959.273988
57,8,1959.273988
58,6,2047.892544
58,6,2047.892544
58,6,2047.892544
58,7,1983.666052
58,7,1983.666052
58,7,1983.666052
58,8,1959.273988
58,8,1959.273988
58,8,1959.273988
59,6,2047.892544
59,6,2047.892544
59,6,2047.892544
59,6,2047.892544
59,7,1983.666052
59,7,1983.666052
59,7,1983.666052
59,7,1983.666052
59,8,1959.273988
59,8,1959.273988
59,8,1959.273988
59,8,1959.273988
60,6,2034.738272
60,7,1958.630614
60,8,1944.734859
61,6,2034.738272
61,6,2034.738272
61,7,1958.630614
61,7,1958.630614
61,8,1944.734859
61,8,1944.734859
62,6,2034.738272
62,6,2034.738272
62,6,2034.738272
62,7,1958.630614
62,7,1958.630614
62,7,1958.630614
62,8,1944.734859
62,8,1944.734859
62,8,1944.734859
63,6,2034.738272
63,6,2034.738272
63,6,2034.738272
63,6,2034.738272
63,7,1958.630614
63,7,1958.630614
63,7,1958.630614
63,7,1958.630614
63,8,1944.734859
63,8,1944.734859
63,8,1944.734859
63,8,1944.734859
64,6,2025.850088
64,7,1947.674390
64,8,1941.455104
65,6,1994.175699
65,7,1947.674390
65,7,1947.674390
65,8,1941.455104
65,8,1941.455104
66,6,1994.175699
66,6,1994.175699
66,7,1947.674390
66,7,1947.674390
66,7,1947.674390
66,8,1941.455104
66,8,1941.455104
66,8,1941.455104
67,6,1994.175699
67,6,1994.175699
67,6,1994.175699
67,7,1947.674390
67,7,1947.674390
67,7,1947.674390
67,7,1947.674390
67,8,1941.455104
67,8,1941.455104
67,8,1941.455104
67,8,1941.455104
68,6,1988.928751
68,7,1939.034229
68,8,1935.160528
69,6,1988.928751
69,6,1988.928751
69,7,1939.034229
69,7,1939.034229
69,8,1935.160528
69,8,1935.160528
70,6,1988.928751
70,6,1988.928751
70,6,1988.928751
70,7,1939.034229
70,7,1939.034229
70,7,1939.034229
70,8,1935.160528
70,8,1935.160528
70,8,1935.160528
71,6,1988.928751
71,6,1988.928751
71,6,1988.928751
71,6,1988.928751
71,7,1939.034229
71,7,1939.034229
71,7,1939.034229
71,7,1939.034229
71,8,1935.160528
71,8,1935.160528
71,8,1935.160528
71,8,1935.160528
72,6,1976.404432
72,7,1932.011496
72,8,1928.218150
73,6,1974.919405
73,7,1932.011496
73,7,1932.011496
73,8,1921.549364
74,6,1974.919405
74,6,1974.919405
74,7,1932.011496
74,7,1932.011496
74,7,1932.011496
74,7,1932.011496
74,8,1921.549364
74,8,1921.549364
75,6,1974.919405
75,6,1974.919405
75,6,1974.919405
75,7,1932.011496
75,7,1932.011496
75,7,1932.011496
75,7,1932.011496
75,7,1932.011496
75,7,1932.011496
75,8,1921.549364
75,8,1921.549364
75,8,1921.549364
76,6,1974.919405
76,6,1974.919405
76,6,1974.919405
76,6,1974.919405
76,7,1932.011496
76,7,1932.011496
76,7,1932.011496
76,7,1932.011496
76,7,1932.011496
76,7,1932.011496
76,7,1932.011496
76,7,1932.011496
76,8,1921.549364
76,8,1921.549364
76,8,1921.549364
76,8,1921.549364
77,6,1972.030373
77,7,1923.633393
77,8,1918.318037
78,6,1972.030373
78,6,1972.030373
78,7,1923.633393
78,7,1923.633393
78,8,1918.318037
78,8,1918.318037
79,6,1972.030373
79,6,1972.030373
79,6,1972.030373
79,7,1923.633393
79,7,1923.633393
79,7,1923.633393
79,8,1918.318037
79,8,1918.318037
79,8,1918.318037
80,6,1972.030373
80,6,1972.030373
80,6,1972.030373
80,6,1972.030373
80,7,1923.633393
80,7,1923.633393
80,7,1923.633393
80,7,1923.633393
80,8,1918.318037
80,8,1918.318037
80,8,1918.318037
80,8,1918.318037
81,6,1966.095318
81,7,1909.255240
82,6,1966.095318
82,6,1966.095318
82,7,1909.255240
82,7,1909.255240
83,6,1966.095318
83,6,1966.095318
83,6,1966.095318
83,7,1909.255240
83,7,1909.255240
83,7,1909.255240
84,6,1966.095318
84,6,1966.095318
84,6,1966.095318
84,6,1966.095318
84,7,1909.255240
84,7,1909.255240
84,7,1909.255240
84,7,1909.255240
85,6,1958.481785
85,7,1908.238786
86,6,1953.953939
86,7,1906.593780
87,6,1953.953939
87,6,1953.953939
87,6,1953.953939
87,7,1897.467869
88,6,1953.953939
88,6,1953.953939
88,6,1953.953939
88,6,1953.953939
88,6,1953.953939
88,6,1953.953939
88,6,1953.953939
88,6,1953.953939
88,7,1897.467869
88,7,1897.467869
89,6,1953.945411
89,7,1897.031380
90,6,1953.203877
90,7,1897.031380
91,6,1952.606757
91,7,1896.640039
92,6,1949.617555
92,7,1896.640039
92,7,1896.640039
93,6,1947.492431
93,7,1896.640039
93,7,1896.640039
93,7,1896.640039
93,7,1896.640039
93,7,1896.640039
94,6,1947.492431
94,6,1947.492431
94,7,1896.640039
94,7,1896.640039
94,7,1896.640039
94,7,1896.640039
94,7,1896.640039
94,7,1896.640039
94,7,1896.640039
94,7,1896.640039
94,7,1896.640039
94,7,1896.640039
94,7,1896.640039
95,6,1945.882585
95,7,1896.640039
95,7,1896.640039
95,7,1896.640039
95,7,1896.640039
95,7,1896.640039
95,7,1896.640039
95,7,1896.640039
95,7,1896.640039
95,7,1896.640039
95,7,1896.640039
95,7,1896.640039
95,7,1896.640039
95,7,1896.640039
95,7,1896.640039
95,7,1896.640039
95,7,1896.640039
95,7,1896.640039
95,7,1896.640039
95,7,1896.640039
95,7,1896.640039
96,6,1945.882585
96,7,1892.632646
97,6,1945.285465
97,7,1892.598626
98,6,1945.285465
98,6,1945.285465
98,7,1890.054982
99,6,1939.933005
99,7,1890.054982
100,6,1939.933005
100,6,1939.933005
100,7,1890.054982
101,6,1939.066337
101,7,1890.054982
101,7,1890.054982
102,6,1938.779372
102,7,1890.054982
102,7,1890.054982
102,7,1890.054982
102,7,1890.054982
103,6,1938.779372
103,6,1938.779372
103,7,1890.054982
103,7,1890.054982
103,7,1890.054982
103,7,1890.054982
103,7,1890.054982
103,7,1890.054982
103,7,1890.054982
103,7,1890.054982
103,7,1890.054982
104,6,1938.556551
104,7,1890.054982
104,7,1890.054982
104,7,1890.054982
104,7,1890.054982
104,7,1890.054982
104,7,1890.054982
104,7,1890.054982
104,7,1890.054982
104,7,1890.054982
104,7,1890.054982
104,7,1890.054982
104,7,1890.054982
104,7,1890.054982
104,7,1890.054982
104,7,1890.054982
104,7,1890.054982
104,7,1890.054982
104,7,1890.054982
104,7,1890.054982
104,7,1890.054982
105,6,1938.205717
105,7,1890.054982
105,7,1890.054982
105,7,1890.054982
105,7,1890.054982
105,7,1890.054982
105,7,1890.054982
105,7,1890.054982
105,7,1890.054982
105,7,1890.054982
105,7,1890.054982
105,7,1890.054982
105,7,1890.054982
105,7,1890.054982
105,7,1890.054982
105,7,1890.054982
105,7,1890.054982
105,7,1890.054982
105,7,1890.054982
105,7,1890.054982
105,7,1890.054982
105,7,1890.054982
105,7,1890.054982
105,7,1890.054982
105,7,1890.054982
105,7,1890.054982
105,7,1890.054982
105,7,1890.054982
105,7,1890.054982
105,7,1890.054982
105,7,1890.054982
105,7,1890.054982
105,7,1890.054982
105,7,1890.054982
105,7,1890.054982
105,7,1890.054982
105,7,1890.054982
105,7,1890.054982
105,7,1890.054982
105,7,1890.054982
105,7,1890.054982
105,7,1890.054982
105,7,1890.054982
106,6,1938.205717
106,6,1938.205717
106,7,1889.206730
107,6,1938.205717
107,6,1938.205717
107,6,1938.205717
107,6,1938.205717
107,7,1888.514070
108,6,1938.205717
108,6,1938.205717
108,6,1938.205717
108,6,1938.205717
108,6,1938.205717
108,6,1938.205717
108,6,1938.205717
108,7,1887.601763
109,6,1936.264663
109,7,1887.133261
110,6,1936.264663
110,6,1936.264663
110,6,1936.264663
110,7,1886.658606
111,6,1933.001556
111,7,1886.121224
112,6,1932.773482
112,7,1886.121224
112,7,1886.121224
113,6,1931.042457
113,7,1885.699796
114,6,1930.978802
114,7,1885.699796
115,6,1930.978802
115,6,1930.978802
115,7,1885.699796
115,7,1885.699796
116,6,1930.978802
116,6,1930.978802
116,6,1930.978802
116,6,1930.978802
116,6,1930.978802
116,7,1882.963581
117,6,1930.157223
117,7,1881.483087
118,6,1929.941500
118,7,1881.483087
119,6,1929.941500
119,6,1929.941500
119,6,1929.941500
119,7,1879.279306
120,6,1929.132196
120,7,1879.279306
121,6,1923.364769
121,7,1879.279306
121,7,1879.279306
122,6,1922.655342
122,7,1879.279306
122,7,1879.279306
122,7,1879.279306
123,6,1918.045774
123,7,1879.279306
123,7,1879.279306
123,7,1879.279306
123,7,1879.279306
124,6,1918.045774
124,6,1918.045774
124,7,1879.279306
124,7,1879.279306
124,7,1879.279306
124,7,1879.279306
124,7,1879.279306
124,7,1879.279306
124,7,1879.279306
124,7,1879.279306
125,6,1918.045774
125,6,1918.045774
125,6,1918.045774
125,7,1879.279306
125,7,1879.279306
125,7,1879.279306
125,7,1879.279306
125,7,1879.279306
125,7,1879.279306
125,7,1879.279306
125,7,1879.279306
125,7,1879.279306
125,7,1879.279306
125,7,1879.279306
125,7,1879.279306
125,7,1879.279306
125,7,1879.279306
125,7,1879.279306
126,6,1917.336347
126,7,1879.279306
126,7,1879.279306
126,7,1879.279306
126,7,1879.279306
126,7,1879.279306
126,7,1879.279306
126,7,1879.279306
126,7,1879.279306
126,7,1879.279306
126,7,1879.279306
126,7,1879.279306
126,7,1879.279306
126,7,1879.279306
126,7,1879.279306
126,7,1879.279306
126,7,1879.279306
126,7,1879.279306
126,7,1879.279306
126,7,1879.279306
126,7,1879.279306
126,7,1879.279306
126,7,1879.279306
126,7,1879.279306
126,7,1879.279306
126,7,1879.279306
126,7,1879.279306
126,7,1879.279306
126,7,1879.279306
126,7,1879.279306
126,7,1879.279306
127,6,1916.017301
127,7,1879.279306
127,7,1879.279306
127,7,1879.279306
127,7,1879.279306
127,7,1879.279306
127,7,1879.279306
127,7,1879.279306
127,7,1879.279306
127,7,1879.279306
127,7,1879.279306
127,7,1879.279306
127,7,1879.279306
127,7,1879.279306
127,7,1879.279306
127,7,1879.279306
127,7,1879.279306
127,7,1879.279306
127,7,1879.279306
127,7,1879.279306
127,7,1879.279306
127,7,1879.279306
127,7,1879.279306
127,7,1879.279306
127,7,1879.279306
127,7,1879.279306
127,7,1879.279306
127,7,1879.279306
127,7,1879.279306
127,7,1879.279306
127,7,1879.279306
127,7,1879.279306
127,7,1879.279306
127,7,1879.279306
127,7,1879.279306
127,7,1879.279306
127,7,1879.279306
127,7,1879.279306
127,7,1879.279306
127,7,1879.279306
127,7,1879.279306
127,7,1879.279306
127,7,1879.279306
127,7,1879.279306
127,7,1879.279306
127,7,1879.279306
127,7,1879.279306
127,7,1879.279306
127,7,1879.279306
127,7,1879.279306
127,7,1879.279306
127,7,1879.279306
127,7,1879.279306
128,6,1916.017301
128,6,1916.017301
128,7,1879.279306
128,7,1879.279306
128,7,1879.279306
128,7,1879.279306
128,7,1879.279306
128,7,1879.279306
128,7,1879.279306
128,7,1879.279306
128,7,1879.279306
128,7,1879.279306
128,7,1879.279306
128,7,1879.279306
128,7,1879.279306
128,7,1879.279306
128,7,1879.279306
128,7,1879.279306
128,7,1879.279306
128,7,1879.279306
128,7,1879.279306
128,7,1879.279306
128,7,1879.279306
128,7,1879.279306
128,7,1879.279306
128,7,1879.279306
128,7,1879.279306
128,7,1879.279306
128,7,1879.279306
128,7,1879.279306
128,7,1879.279306
128,7,1879.279306
128,7,1879.279306
128,7,1879.279306
128,7,1879.279306
128,7,1879.279306
128,7,1879.279306
128,7,1879.279306
128,7,1879.279306
128,7,1879.279306
128,7,1879.279306
128,7,1879.279306
128,7,1879.279306
128,7,1879.279306
128,7,1879.279306
128,7,1879.279306
128,7,1879.279306
128,7,1879.279306
128,7,1879.279306
128,7,1879.279306
128,7,1879.279306
128,7,1879.279306
128,7,1879.279306
128,7,1879.279306
128,7,1879.279306
128,7,1879.279306
128,7,1879.279306
128,7,1879.279306
128,7,1879.279306
128,7,1879.279306
128,7,1879.279306
128,7,1879.279306
128,7,1879.279306
128,7,1879.279306
128,7,1879.279306
128,7,1879.279306
128,7,1879.279306
128,7,1879.279306
128,7,1879.279306
128,7,1879.279306
128,7,1879.279306
128,7,1879.279306
128,7,1879.279306
128,7,1879.279306
128,7,1879.279306
128,7,1879.279306
128,7,1879.279306
128,7,1879.279306
128,7,1879.279306
128,7,1879.279306
128,7,1879.279306
128,7,1879.279306
128,7,1879.279306
128,7,1879.279306
128,7,1879.279306
128,7,1879.279306
128,7,1879.279306
128,7,1879.279306
128,7,1879.279306
128,7,1879.279306
128,7,1879.279306
128,7,1879.279306
128,7,1879.279306
129,6,1915.535363
129,7,1879.279306
129,7,1879.279306
129,7,1879.279306
129,7,1879.279306
129,7,1879.279306
129,7,1879.279306
129,7,1879.279306
129,7,1879.279306
129,7,1879.279306
129,7,1879.279306
129,7,1879.279306
129,7,1879.279306
129,7,1879.279306
129,7,1879.279306
129,7,1879.279306
129,7,1879.279306
129,7,1879.279306
129,7,1879.279306
129,7,1879.279306
129,7,1879.279306
129,7,1879.279306
129,7,1879.279306
129,7,1879.279306
129,7,1879.279306
129,7,1879.279306
129,7,1879.279306
129,7,1879.279306
129,7,1879.279306
129,7,1879.279306
129,7,1879.279306
129,7,1879.279306
129,7,1879.279306
129,7,1879.279306
129,7,1879.279306
129,7,1879.279306
129,7,1879.279306
129,7,1879.279306
129,7,1879.279306
129,7,1879.279306
129,7,1879.279306
129,7,1879.279306
129,7,1879.279306
129,7,1879.279306
129,7,1879.279306
129,7,1879.279306
129,7,1879.279306
129,7,1879.279306
129,7,1879.279306
129,7,1879.279306
129,7,1879.279306
129,7,1879.279306
129,7,1879.279306
129,7,1879.279306
129,7,1879.279306
129,7,1879.279306
129,7,1879.279306
129,7,1879.279306
129,7,1879.279306
129,7,1879.279306
129,7,1879.279306
129,7,1879.279306
129,7,1879.279306
129,7,1879.279306
129,7,1879.279306
129,7,1879.279306
129,7,1879.279306
129,7,1879.279306
129,7,1879.279306
129,7,1879.279306
129,7,1879.279306
129,7,1879.279306
129,7,1879.279306
129,7,1879.279306
129,7,1879.279306
129,7,1879.279306
129,7,1879.279306
129,7,1879.279306
129,7,1879.279306
129,7,1879.279306
129,7,1879.279306
129,7,1879.279306
129,7,1879.279306
129,7,1879.279306
129,7,1879.279306
129,7,1879.279306
129,7,1879.279306
129,7,1879.279306
129,7,1879.279306
129,7,1879.279306
129,7,1879.279306
129,7,1879.279306
129,7,1879.279306
129,7,1879.279306
129,7,1879.279306
129,7,1879.279306
129,7,1879.279306
129,7,1879.279306
129,7,1879.279306
129,7,1879.279306
129,7,1879.279306
129,7,1879.279306
129,7,1879.279306
129,7,1879.279306
129,7,1879.279306
129,7,1879.279306
129,7,1879.279306
129,7,1879.279306
129,7,1879.279306
129,7,1879.279306
129,7,1879.279306
129,7,1879.279306
129,7,1879.279306
129,7,1879.279306
129,7,1879.279306
129,7,1879.279306
129,7,1879.279306
129,7,1879.279306
129,7,1879.279306
129,7,1879.279306
129,7,1879.279306
129,7,1879.279306
129,7,1879.279306
129,7,1879.279306
129,7,1879.279306
129,7,1879.279306
129,7,1879.279306
129,7,1879.279306
129,7,1879.279306
129,7,1879.279306
129,7,1879.279306
129,7,1879.279306
129,7,1879.279306
129,7,1879.279306
129,7,1879.279306
129,7,1879.279306
129,7,1879.279306
129,7,1879.279306
129,7,1879.279306
129,7,1879.279306
129,7,1879.279306
129,7,1879.279306
129,7,1879.279306
129,7,1879.279306
129,7,1879.279306
129,7,1879.279306
129,7,1879.279306
129,7,1879.279306
129,7,1879.279306
129,7,1879.279306
130,6,1915.502580
130,7,1879.279306
130,7,1879.279306
130,7,1879.279306
130,7,1879.279306
130,7,1879.279306
130,7,1879.279306
130,7,1879.279306
130,7,1879.279306
130,7,1879.279306
130,7,1879.279306
130,7,1879.279306
130,7,1879.279306
130,7,1879.279306
130,7,1879.279306
130,7,1879.279306
130,7,1879.279306
130,7,1879.279306
130,7,1879.279306
130,7,1879.279306
130,7,1879.279306
130,7,1879.279306
130,7,1879.279306
130,7,1879.279306
130,7,1879.279306
130,7,1879.279306
130,7,1879.279306
130,7,1879.279306
130,7,1879.279306
130,7,1879.279306
130,7,1879.279306
130,7,1879.279306
130,7,1879.279306
130,7,1879.279306
130,7,1879.279306
130,7,1879.279306
130,7,1879.279306
130,7,1879.279306
130,7,1879.279306
130,7,1879.279306
130,7,1879.279306
130,7,1879.279306
130,7,1879.279306
130,7,1879.279306
130,7,1879.279306
130,7,1879.279306
130,7,1879.279306
130,7,1879.279306
130,7,1879.279306
130,7,1879.279306
130,7,1879.279306
130,7,1879.279306
130,7,1879.279306
130,7,1879.279306
130,7,1879.279306
130,7,1879.279306
130,7,1879.279306
130,7,1879.279306
130,7,1879.279306
130,7,1879.279306
130,7,1879.279306
130,7,1879.279306
130,7,1879.279306
130,7,1879.279306
130,7,1879.279306
130,7,1879.279306
130,7,1879.279306
130,7,1879.279306
130,7,1879.279306
130,7,1879.279306
130,7,1879.279306
130,7,1879.279306
130,7,1879.279306
130,7,1879.279306
130,7,1879.279306
130,7,1879.279306
130,7,1879.279306
130,7,1879.279306
130,7,1879.279306
130,7,1879.279306
130,7,1879.279306
130,7,1879.279306
130,7,1879.279306
130,7,1879.279306
130,7,1879.279306
130,7,1879.279306
130,7,1879.279306
130,7,1879.279306
130,7,1879.279306
130,7,1879.279306
130,7,1879.279306
130,7,1879.279306
130,7,1879.279306
130,7,1879.279306
130,7,1879.279306
130,7,1879.279306
130,7,1879.279306
130,7,1879.279306
130,7,1879.279306
130,7,1879.279306
130,7,1879.279306
130,7,1879.279306
130,7,1879.279306
130,7,1879.279306
130,7,1879.279306
130,7,1879.279306
130,7,1879.279306
130,7,1879.279306
130,7,1879.279306
130,7,1879.279306
130,7,1879.279306
130,7,1879.279306
130,7,1879.279306
130,7,1879.279306
130,7,1879.279306
130,7,1879.279306
130,7,1879.279306
130,7,1879.279306
130,7,1879.279306
130,7,1879.279306
130,7,1879.279306
130,7,1879.279306
130,7,1879.279306
130,7,1879.279306
130,7,1879.279306
130,7,1879.279306
130,7,1879.279306
130,7,1879.279306
130,7,1879.279306
130,7,1879.279306
130,7,1879.279306
130,7,1879.279306
130,7,1879.279306
130,7,1879.279306
130,7,1879.279306
130,7,1879.279306
130,7,1879.279306
130,7,1879.279306
130,7,1879.279306
130,7,1879.279306
130,7,1879.279306
130,7,1879.279306
130,7,1879.279306
130,7,1879.279306
130,7,1879.279306
130,7,1879.279306
130,7,1879.279306
130,7,1879.279306
130,7,1879.279306
130,7,1879.279306
131,6,1915.502580
131,6,1915.502580
131,7,1879.279306
131,7,1879.279306
131,7,1879.279306
131,7,1879.279306
131,7,1879.279306
131,7,1879.279306
131,7,1879.279306
131,7,1879.279306
131,7,1879.279306
131,7,1879.279306
131,7,1879.279306
131,7,1879.279306
131,7,1879.279306
131,7,1879.279306
131,7,1879.279306
131,7,1879.279306
131,7,1879.279306
131,7,1879.279306
131,7,1879.279306
131,7,1879.279306
131,7,1879.279306
131,7,1879.279306
131,7,1879.279306
131,7,1879.279306
131,7,1879.279306
131,7,1879.279306
131,7,1879.279306
131,7,1879.279306
131,7,1879.279306
131,7,1879.279306
131,7,1879.279306
131,7,1879.279306
131,7,1879.279306
131,7,1879.279306
131,7,1879.279306
131,7,1879.279306
131,7,1879.279306
131,7,1879.279306
131,7,1879.279306
131,7,1879.279306
131,7,1879.279306
131,7,1879.279306
131,7,1879.279306
131,7,1879.279306
131,7,1879.279306
131,7,1879.279306
131,7,1879.279306
131,7,1879.279306
131,7,1879.279306
131,7,1879.279306
131,7,1879.279306
131,7,1879.279306
131,7,1879.279306
131,7,1879.279306
131,7,1879.279306
131,7,1879.279306
131,7,1879.279306
131,7,1879.279306
131,7,1879.279306
131,7,1879.279306
131,7,1879.279306
131,7,1879.279306
131,7,1879.279306
131,7,1879.279306
131,7,1879.279306
131,7,1879.279306
131,7,1879.279306
131,7,1879.279306
131,7,1879.279306
131,7,1879.279306
131,7,1879.279306
131,7,1879.279306
131,7,1879.279306
131,7,1879.279306
131,7,1879.279306
131,7,1879.279306
131,7,1879.279306
131,7,1879.279306
131,7,1879.279306
131,7,1879.279306
131,7,1879.279306
131,7,1879.279306
131,7,1879.279306
131,7,1879.279306
131,7,1879.279306
131,7,1879.279306
131,7,1879.279306
131,7,1879.279306
131,7,1879.279306
131,7,1879.279306
131,7,1879.279306
131,7,1879.279306
131,7,1879.279306
131,7,1879.279306
131,7,1879.279306
131,7,1879.279306
131,7,1879.279306
131,7,1879.279306
131,7,1879.279306
131,7,1879.279306
131,7,1879.279306
131,7,1879.279306
131,7,1879.279306
131,7,1879.279306
131,7,1879.279306
131,7,1879.279306
131,7,1879.279306
131,7,1879.279306
131,7,1879.279306
131,7,1879.279306
131,7,1879.279306
131,7,1879.279306
131,7,1879.279306
131,7,1879.279306
131,7,1879.279306
131,7,1879.279306
131,7,1879.279306
131,7,1879.279306
131,7,1879.279306
131,7,1879.279306
131,7,1879.279306
131,7,1879.279306
131,7,1879.279306
131,7,1879.279306
131,7,1879.279306
131,7,1879.279306
131,7,1879.279306
131,7,1879.279306
131,7,1879.279306
131,7,1879.279306
131,7,1879.279306
131,7,1879.279306
131,7,1879.279306
131,7,1879.279306
131,7,1879.279306
131,7,1879.279306
131,7,1879.279306
131,7,1879.279306
131,7,1879.279306
131,7,1879.279306
131,7,1879.279306
131,7,1879.279306
131,7,1879.279306
131,7,1879.279306
131,7,1879.279306
131,7,1879.279306
131,7,1879.279306
131,7,1879.279306
132,6,1915.389962
132,7,1879.279306
132,7,1879.279306
132,7,1879.279306
132,7,1879.279306
132,7,1879.279306
132,7,1879.279306
132,7,1879.279306
132,7,1879.279306
132,7,1879.279306
132,7,1879.279306
132,7,1879.279306
132,7,1879.279306
132,7,1879.279306
132,7,1879.279306
132,7,1879.279306
132,7,1879.279306
132,7,1879.279306
132,7,1879.279306
132,7,1879.279306
132,7,1879.279306
132,7,1879.279306
132,7,1879.279306
132,7,1879.279306
132,7,1879.279306
132,7,1879.279306
132,7,1879.279306
132,7,1879.279306
132,7,1879.279306
132,7,1879.279306
132,7,1879.279306
132,7,1879.279306
132,7,1879.279306
132,7,1879.279306
132,7,1879.279306
132,7,1879.279306
132,7,1879.279306
132,7,1879.279306
132,7,1879.279306
132,7,1879.279306
132,7,1879.279306
132,7,1879.279306
132,7,1879.279306
132,7,1879.279306
132,7,1879.279306
132,7,1879.279306
132,7,1879.279306
132,7,1879.279306
132,7,1879.279306
132,7,1879.279306
132,7,1879.279306
132,7,1879.279306
132,7,1879.279306
132,7,1879.279306
132,7,1879.279306
132,7,1879.279306
132,7,1879.279306
132,7,1879.279306
132,7,1879.279306
132,7,1879.279306
132,7,1879.279306
132,7,1879.279306
132,7,1879.279306
132,7,1879.279306
132,7,1879.279306
132,7,1879.279306
132,7,1879.279306
132,7,1879.279306
132,7,1879.279306
132,7,1879.279306
132,7,1879.279306
132,7,1879.279306
132,7,1879.279306
132,7,1879.279306
132,7,1879.279306
132,7,1879.279306
132,7,1879.279306
132,7,1879.279306
132,7,1879.279306
132,7,1879.279306
132,7,1879.279306
132,7,1879.279306
132,7,1879.279306
132,7,1879.279306
132,7,1879.279306
132,7,1879.279306
132,7,1879.279306
132,7,1879.279306
132,7,1879.279306
132,7,1879.279306
132,7,1879.279306
132,7,1879.279306
132,7,1879.279306
132,7,1879.279306
132,7,1879.279306
132,7,1879.279306
132,7,1879.279306
132,7,1879.279306
132,7,1879.279306
132,7,1879.279306
132,7,1879.279306
132,7,1879.279306
132,7,1879.279306
132,7,1879.279306
132,7,1879.279306
132,7,1879.279306
132,7,1879.279306
132,7,1879.279306
132,7,1879.279306
132,7,1879.279306
132,7,1879.279306
132,7,1879.279306
132,7,1879.279306
132,7,1879.279306
132,7,1879.279306
132,7,1879.279306
132,7,1879.279306
132,7,1879.279306
132,7,1879.279306
132,7,1879.279306
132,7,1879.279306
132,7,1879.279306
132,7,1879.279306
132,7,1879.279306
132,7,1879.279306
132,7,1879.279306
132,7,1879.279306
132,7,1879.279306
132,7,1879.279306
132,7,1879.279306
132,7,1879.279306
132,7,1879.279306
132,7,1879.279306
132,7,1879.279306
132,7,1879.279306
132,7,1879.279306
132,7,1879.279306
132,7,1879.279306
132,7,1879.279306
132,7,1879.279306
132,7,1879.279306
132,7,1879.279306
132,7,1879.279306
132,7,1879.279306
132,7,1879.279306
132,7,1879.279306
132,7,1879.279306
132,7,1879.279306
132,7,1879.279306
132,7,1879.279306
133,6,1915.389962
133,6,1915.389962
133,7,1879.279306
133,7,1879.279306
133,7,1879.279306
133,7,1879.279306
133,7,1879.279306
133,7,1879.279306
133,7,1879.279306
133,7,1879.279306
133,7,1879.279306
133,7,1879.279306
133,7,1879.279306
133,7,1879.279306
133,7,1879.279306
133,7,1879.279306
133,7,1879.279306
133,7,1879.279306
133,7,1879.279306
133,7,1879.279306
133,7,1879.279306
133,7,1879.279306
133,7,1879.279306
133,7,1879.279306
133,7,1879.279306
133,7,1879.279306
133,7,1879.279306
133,7,1879.279306
133,7,1879.279306
133,7,1879.279306
133,7,1879.279306
133,7,1879.279306
133,7,1879.279306
133,7,1879.279306
133,7,1879.279306
133,7,1879.279306
133,7,1879.279306
133,7,1879.279306
133,7,1879.279306
133,7,1879.279306
133,7,1879.279306
133,7,1879.279306
133,7,1879.279306
133,7,1879.279306
133,7,1879.279306
133,7,1879.279306
133,7,1879.279306
133,7,1879.279306
133,7,1879.279306
133,7,1879.279306
133,7,1879.279306
133,7,1879.279306
133,7,1879.279306
133,7,1879.279306
133,7,1879.279306
133,7,1879.279306
133,7,1879.279306
133,7,1879.279306
133,7,1879.279306
133,7,1879.279306
133,7,1879.279306
133,7,1879.279306
133,7,1879.279306
133,7,1879.279306
133,7,1879.279306
133,7,1879.279306
133,7,1879.279306
133,7,1879.279306
133,7,1879.279306
133,7,1879.279306
133,7,1879.279306
133,7,1879.279306
133,7,1879.279306
133,7,1879.279306
133,7,1879.279306
133,7,1879.279306
133,7,1879.279306
133,7,1879.279306
133,7,1879.279306
133,7,1879.279306
133,7,1879.279306
133,7,1879.279306
133,7,1879.279306
133,7,1879.279306
133,7,1879.279306
133,7,1879.279306
133,7,1879.279306
133,7,1879.279306
133,7,1879.279306
133,7,1879.279306
133,7,1879.279306
133,7,1879.279306
133,7,1879.279306
133,7,1879.279306
133,7,1879.279306
133,7,1879.279306
133,7,1879.279306
133,7,1879.279306
133,7,1879.279306
133,7,1879.279306
133,7,1879.279306
133,7,1879.279306
133,7,1879.279306
133,7,1879.279306
133,7,1879.279306
133,7,1879.279306
133,7,1879.279306
133,7,1879.279306
133,7,1879.279306
133,7,1879.279306
133,7,1879.279306
133,7,1879.279306
133,7,1879.279306
133,7,1879.279306
133,7,1879.279306
133,7,1879.279306
133,7,1879.279306
133,7,1879.279306
133,7,1879.279306
133,7,1879.279306
133,7,1879.279306
133,7,1879.279306
133,7,1879.279306
133,7,1879.279306
133,7,1879.279306
133,7,1879.279306
133,7,1879.279306
133,7,1879.279306
133,7,1879.279306
133,7,1879.279306
133,7,1879.279306
133,7,1879.279306
133,7,1879.279306
133,7,1879.279306
133,7,1879.279306
133,7,1879.279306
133,7,1879.279306
133,7,1879.279306
133,7,1879.279306
133,7,1879.279306
133,7,1879.279306
133,7,1879.279306
133,7,1879.279306
133,7,1879.279306
133,7,1879.279306
133,7,1879.279306
133,7,1879.279306
133,7,1879.279306
133,7,1879.279306
133,7,1879.279306
134,6,1915.389962
134,6,1915.389962
134,7,1879.279306
134,7,1879.279306
134,7,1879.279306
134,7,1879.279306
134,7,1879.279306
134,7,1879.279306
134,7,1879.279306
134,7,1879.279306
134,7,1879.279306
134,7,1879.279306
134,7,1879.279306
134,7,1879.279306
134,7,1879.279306
134,7,1879.279306
134,7,1879.279306
134,7,1879.279306
134,7,1879.279306
134,7,1879.279306
134,7,1879.279306
134,7,1879.279306
134,7,1879.279306
134,7,1879.279306
134,7,1879.279306
134,7,1879.279306
134,7,1879.279306
134,7,1879.279306
134,7,1879.279306
134,7,1879.279306
134,7,1879.279306
134,7,1879.279306
134,7,1879.279306
134,7,1879.279306
134,7,1879.279306
134,7,1879.279306
134,7,1879.279306
134,7,1879.279306
134,7,1879.279306
134,7,1879.279306
134,7,1879.279306
134,7,1879.279306
134,7,1879.279306
134,7,1879.279306
134,7,1879.279306
134,7,1879.279306
134,7,1879.279306
134,7,1879.279306
134,7,1879.279306
134,7,1879.279306
134,7,1879.279306
134,7,1879.279306
134,7,1879.279306
134,7,1879.279306
134,7,1879.279306
134,7,1879.279306
134,7,1879.279306
134,7,1879.279306
134,7,1879.279306
134,7,1879.279306
134,7,1879.279306
134,7,1879.279306
134,7,1879.279306
134,7,1879.279306
134,7,1879.279306
134,7,1879.279306
134,7,1879.279306
134,7,1879.279306
134,7,1879.279306
134,7,1879.279306
134,7,1879.279306
134,7,1879.279306
134,7,1879.279306
134,7,1879.279306
134,7,1879.279306
134,7,1879.279306
134,7,1879.279306
134,7,1879.279306
134,7,1879.279306
134,7,1879.279306
134,7,1879.279306
134,7,1879.279306
134,7,1879.279306
134,7,1879.279306
134,7,1879.279306
134,7,1879.279306
134,7,1879.279306
134,7,1879.279306
134,7,1879.279306
134,7,1879.279306
134,7,1879.279306
134,7,1879.279306
134,7,1879.279306
134,7,1879.279306
134,7,1879.279306
134,7,1879.279306
134,7,1879.279306
134,7,1879.279306
134,7,1879.279306
134,7,1879.279306
134,7,1879.279306
134,7,1879.279306
134,7,1879.279306
134,7,1879.279306
134,7,1879.279306
134,7,1879.279306
134,7,1879.279306
134,7,1879.279306
134,7,1879.279306
134,7,1879.279306
134,7,1879.279306
134,7,1879.279306
134,7,1879.279306
134,7,1879.279306
134,7,1879.279306
134,7,1879.279306
134,7,1879.279306
134,7,1879.279306
134,7,1879.279306
134,7,1879.279306
134,7,1879.279306
134,7,1879.279306
134,7,1879.279306
134,7,1879.279306
134,7,1879.279306
134,7,1879.279306
134,7,1879.279306
134,7,1879.279306
134,7,1879.279306
134,7,1879.279306
134,7,1879.279306
134,7,1879.279306
134,7,1879.279306
134,7,1879.279306
134,7,1879.279306
134,7,1879.279306
134,7,1879.279306
134,7,1879.279306
134,7,1879.279306
134,7,1879.279306
134,7,1879.279306
134,7,1879.279306
134,7,1879.279306
134,7,1879.279306
134,7,1879.279306
134,7,1879.279306
134,7,1879.279306
134,7,1879.279306
134,7,1879.279306
134,7,1879.279306
135,6,1913.999406
135,7,1879.279306
135,7,1879.279306
135,7,1879.279306
135,7,1879.279306
135,7,1879.279306
135,7,1879.279306
135,7,1879.279306
135,7,1879.279306
135,7,1879.279306
135,7,1879.279306
135,7,1879.279306
135,7,1879.279306
135,7,1879.279306
135,7,1879.279306
135,7,1879.279306
135,7,1879.279306
135,7,1879.279306
135,7,1879.279306
135,7,1879.279306
135,7,1879.279306
135,7,1879.279306
135,7,1879.279306
135,7,1879.279306
135,7,1879.279306
135,7,1879.279306
135,7,1879.279306
135,7,1879.279306
135,7,1879.279306
135,7,1879.279306
135,7,1879.279306
135,7,1879.279306
135,7,1879.279306
135,7,1879.279306
135,7,1879.279306
135,7,1879.279306
135,7,1879.279306
135,7,1879.279306
135,7,1879.279306
135,7,1879.279306
135,7,1879.279306
135,7,1879.279306
135,7,1879.279306
135,7,1879.279306
135,7,1879.279306
135,7,1879.279306
135,7,1879.279306
135,7,1879.279306
135,7,1879.279306
135,7,1879.279306
135,7,1879.279306
135,7,1879.279306
135,7,1879.279306
135,7,1879.279306
135,7,1879.279306
135,7,1879.279306
135,7,1879.279306
135,7,1879.279306
135,7,1879.279306
135,7,1879.279306
135,7,1879.279306
135,7,1879.279306
135,7,1879.279306
135,7,1879.279306
135,7,1879.279306
135,7,1879.279306
135,7,1879.279306
135,7,1879.279306
135,7,1879.279306
135,7,1879.279306
135,7,1879.279306
135,7,1879.279306
135,7,1879.279306
135,7,1879.279306
135,7,1879.279306
135,7,1879.279306
135,7,1879.279306
135,7,1879.279306
135,7,1879.279306
135,7,1879.279306
135,7,1879.279306
135,7,1879.279306
135,7,1879.279306
135,7,1879.279306
135,7,1879.279306
135,7,1879.279306
135,7,1879.279306
135,7,1879.279306
135,7,1879.279306
135,7,1879.279306
135,7,1879.279306
135,7,1879.279306
135,7,1879.279306
135,7,1879.279306
135,7,1879.279306
135,7,1879.279306
135,7,1879.279306
135,7,1879.279306
135,7,1879.279306
135,7,1879.279306
135,7,1879.279306
135,7,1879.279306
135,7,1879.279306
135,7,1879.279306
135,7,1879.279306
135,7,1879.279306
135,7,1879.279306
135,7,1879.279306
135,7,1879.279306
135,7,1879.279306
135,7,1879.279306
135,7,1879.279306
135,7,1879.279306
135,7,1879.279306
135,7,1879.279306
135,7,1879.279306
135,7,1879.279306
135,7,1879.279306
135,7,1879.279306
135,7,1879.279306
135,7,1879.279306
135,7,1879.279306
135,7,1879.279306
135,7,1879.279306
135,7,1879.279306
135,7,1879.279306
135,7,1879.279306
135,7,1879.279306
135,7,1879.279306
135,7,1879.279306
135,7,1879.279306
135,7,1879.279306
135,7,1879.279306
135,7,1879.279306
135,7,1879.279306
135,7,1879.279306
135,7,1879.279306
135,7,1879.279306
135,7,1879.279306
135,7,1879.279306
135,7,1879.279306
135,7,1879.279306
135,7,1879.279306
135,7,1879.279306
135,7,1879.279306
135,7,1879.279306
135,7,1879.279306
135,7,1879.279306
135,7,1879.279306
135,7,1879.279306
136,6,1913.999406
136,6,1913.999406
136,7,1879.279306
136,7,1879.279306
136,7,1879.279306
136,7,1879.279306
136,7,1879.279306
136,7,1879.279306
136,7,1879.279306
136,7,1879.279306
136,7,1879.279306
136,7,1879.279306
136,7,1879.279306
136,7,1879.279306
136,7,1879.279306
136,7,1879.279306
136,7,1879.279306
136,7,1879.279306
136,7,1879.279306
136,7,1879.279306
136,7,1879.279306
136,7,1879.279306
136,7,1879.279306
136,7,1879.279306
136,7,1879.279306
136,7,1879.279306
136,7,1879.279306
136,7,1879.279306
136,7,1879.279306
136,7,1879.279306
136,7,1879.279306
136,7,1879.279306
136,7,1879.279306
136,7,1879.279306
136,7,1879.279306
136,7,1879.279306
136,7,1879.279306
136,7,1879.279306
136,7,1879.279306
136,7,1879.279306
136,7,1879.279306
136,7,1879.279306
136,7,1879.279306
136,7,1879.279306
136,7,1879.279306
136,7,1879.279306
136,7,1879.279306
136,7,1879.279306
136,7,1879.279306
136,7,1879.279306
136,7,1879.279306
136,7,1879.279306
136,7,1879.279306
136,7,1879.279306
136,7,1879.279306
136,7,1879.279306
136,7,1879.279306
136,7,1879.279306
136,7,1879.279306
136,7,1879.279306
136,7,1879.279306
136,7,1879.279306
136,7,1879.279306
136,7,1879.279306
136,7,1879.279306
136,7,1879.279306
136,7,1879.279306
136,7,1879.279306
136,7,1879.279306
136,7,1879.279306
136,7,1879.279306
136,7,1879.279306
136,7,1879.279306
136,7,1879.279306
136,7,1879.279306
136,7,1879.279306
136,7,1879.279306
136,7,1879.279306
136,7,1879.279306
136,7,1879.279306
136,7,1879.279306
136,7,1879.279306
136,7,1879.279306
136,7,1879.279306
136,7,1879.279306
136,7,1879.279306
136,7,1879.279306
136,7,1879.279306
136,7,1879.279306
136,7,1879.279306
136,7,1879.279306
136,7,1879.279306
136,7,1879.279306
136,7,1879.279306
136,7,1879.279306
136,7,1879.279306
136,7,1879.279306
136,7,1879.279306
136,7,1879.279306
136,7,1879.279306
136,7,1879.279306
136,7,1879.279306
136,7,1879.279306
136,7,1879.279306
136,7,1879.279306
136,7,1879.279306
136,7,1879.279306
136,7,1879.279306
136,7,1879.279306
136,7,1879.279306
136,7,1879.279306
136,7,1879.279306
136,7,1879.279306
136,7,1879.279306
136,7,1879.279306
136,7,1879.279306
136,7,1879.279306
136,7,1879.279306
136,7,1879.279306
136,7,1879.279306
136,7,1879.279306
136,7,1879.279306
136,7,1879.279306
136,7,1879.279306
136,7,1879.279306
136,7,1879.279306
136,7,1879.279306
136,7,1879.279306
136,7,1879.279306
136,7,1879.279306
136,7,1879.279306
136,7,1879.279306
136,7,1879.279306
136,7,1879.279306
136,7,1879.279306
136,7,1879.279306
136,7,1879.279306
136,7,1879.279306
136,7,1879.279306
136,7,1879.279306
136,7,1879.279306
136,7,1879.279306
136,7,1879.279306
136,7,1879.279306
136,7,1879.279306
136,7,1879.279306
136,7,1879.279306
136,7,1879.279306
136,7,1879.279306
136,7,1879.279306
137,6,1912.158058
137,7,1879.279306
137,7,1879.279306
137,7,1879.279306
137,7,1879.279306
137,7,1879.279306
137,7,1879.279306
137,7,1879.279306
137,7,1879.279306
137,7,1879.279306
137,7,1879.279306
137,7,1879.279306
137,7,1879.279306
137,7,1879.279306
137,7,1879.279306
137,7,1879.279306
137,7,1879.279306
137,7,1879.279306
137,7,1879.279306
137,7,1879.279306
137,7,1879.279306
137,7,1879.279306
137,7,1879.279306
137,7,1879.279306
137,7,1879.279306
137,7,1879.279306
137,7,1879.279306
137,7,1879.279306
137,7,1879.279306
137,7,1879.279306
137,7,1879.279306
137,7,1879.279306
137,7,1879.279306
137,7,1879.279306
137,7,1879.279306
137,7,1879.279306
137,7,1879.279306
137,7,1879.279306
137,7,1879.279306
137,7,1879.279306
137,7,1879.279306
137,7,1879.279306
137,7,1879.279306
137,7,1879.279306
137,7,1879.279306
137,7,1879.279306
137,7,1879.279306
137,7,1879.279306
137,7,1879.279306
137,7,1879.279306
137,7,1879.279306
137,7,1879.279306
137,7,1879.279306
137,7,1879.279306
137,7,1879.279306
137,7,1879.279306
137,7,1879.279306
137,7,1879.279306
137,7,1879.279306
137,7,1879.279306
137,7,1879.279306
137,7,1879.279306
137,7,1879.279306
137,7,1879.279306
137,7,1879.279306
137,7,1879.279306
137,7,1879.279306
137,7,1879.279306
137,7,1879.279306
137,7,1879.279306
137,7,1879.279306
137,7,1879.279306
137,7,1879.279306
137,7,1879.279306
137,7,1879.279306
137,7,1879.279306
137,7,1879.279306
137,7,1879.279306
137,7,1879.279306
137,7,1879.279306
137,7,1879.279306
137,7,1879.279306
137,7,1879.279306
137,7,1879.279306
137,7,1879.279306
137,7,1879.279306
137,7,1879.279306
137,7,1879.279306
137,7,1879.279306
137,7,1879.279306
137,7,1879.279306
137,7,1879.279306
137,7,1879.279306
137,7,1879.279306
137,7,1879.279306
137,7,1879.279306
137,7,1879.279306
137,7,1879.279306
137,7,1879.279306
137,7,1879.279306
137,7,1879.279306
137,7,1879.279306
137,7,1879.279306
137,7,1879.279306
137,7,1879.279306
137,7,1879.279306
137,7,1879.279306
137,7,1879.279306
137,7,1879.279306
137,7,1879.279306
137,7,1879.279306
137,7,1879.279306
137,7,1879.279306
137,7,1879.279306
137,7,1879.279306
137,7,1879.279306
137,7,1879.279306
137,7,1879.279306
137,7,1879.279306
137,7,1879.279306
137,7,1879.279306
137,7,1879.279306
137,7,1879.279306
137,7,1879.279306
137,7,1879.279306
137,7,1879.279306
137,7,1879.279306
137,7,1879.279306
137,7,1879.279306
137,7,1879.279306
137,7,1879.279306
137,7,1879.279306
137,7,1879.279306
137,7,1879.279306
137,7,1879.279306
137,7,1879.279306
137,7,1879.279306
137,7,1879.279306
137,7,1879.279306
137,7,1879.279306
137,7,1879.279306
137,7,1879.279306
137,7,1879.279306
137,7,1879.279306
137,7,1879.279306
137,7,1879.279306
137,7,1879.279306
137,7,1879.279306
137,7,1879.279306
137,7,1879.279306
138,6,1912.158058
138,7,1879.279306
138,7,1879.279306
138,7,1879.279306
138,7,1879.279306
138,7,1879.279306
138,7,1879.279306
138,7,1879.279306
138,7,1879.279306
138,7,1879.279306
138,7,1879.279306
138,7,1879.279306
138,7,1879.279306
138,7,1879.279306
138,7,1879.279306
138,7,1879.279306
138,7,1879.279306
138,7,1879.279306
138,7,1879.279306
138,7,1879.279306
138,7,1879.279306
138,7,1879.279306
138,7,1879.279306
138,7,1879.279306
138,7,1879.279306
138,7,1879.279306
138,7,1879.279306
138,7,1879.279306
138,7,1879.279306
138,7,1879.279306
138,7,1879.279306
138,7,1879.279306
138,7,1879.279306
138,7,1879.279306
138,7,1879.279306
138,7,1879.279306
138,7,1879.279306
138,7,1879.279306
138,7,1879.279306
138,7,1879.279306
138,7,1879.279306
138,7,1879.279306
138,7,1879.279306
138,7,1879.279306
138,7,1879.279306
138,7,1879.279306
138,7,1879.279306
138,7,1879.279306
138,7,1879.279306
138,7,1879.279306
138,7,1879.279306
138,7,1879.279306
138,7,1879.279306
138,7,1879.279306
138,7,1879.279306
138,7,1879.279306
138,7,1879.279306
138,7,1879.279306
138,7,1879.279306
138,7,1879.279306
138,7,1879.279306
138,7,1879.279306
138,7,1879.279306
138,7,1879.279306
138,7,1879.279306
138,7,1879.279306
138,7,1879.279306
138,7,1879.279306
138,7,1879.279306
138,7,1879.279306
138,7,1879.279306
138,7,1879.279306
138,7,1879.279306
138,7,1879.279306
138,7,1879.279306
138,7,1879.279306
138,7,1879.279306
138,7,1879.279306
138,7,1879.279306
138,7,1879.279306
138,7,1879.279306
138,7,1879.279306
138,7,1879.279306
138,7,1879.279306
138,7,1879.279306
138,7,1879.279306
138,7,1879.279306
138,7,1879.279306
138,7,1879.279306
138,7,1879.279306
138,7,1879.279306
138,7,1879.279306
138,7,1879.279306
138,7,1879.279306
138,7,1879.279306
138,7,1879.279306
138,7,1879.279306
138,7,1879.279306
138,7,1879.279306
138,7,1879.279306
138,7,1879.279306
138,7,1879.279306
138,7,1879.279306
138,7,1879.279306
138,7,1879.279306
138,7,1879.279306
138,7,1879.279306
138,7,1879.279306
138,7,1879.279306
138,7,1879.279306
138,7,1879.279306
138,7,1879.279306
138,7,1879.279306
138,7,1879.279306
138,7,1879.279306
138,7,1879.279306
138,7,1879.279306
138,7,1879.279306
138,7,1879.279306
138,7,1879.279306
138,7,1879.279306
138,7,1879.279306
138,7,1879.279306
138,7,1879.279306
138,7,1879.279306
138,7,1879.279306
138,7,1879.279306
138,7,1879.279306
138,7,1879.279306
138,7,1879.279306
138,7,1879.279306
138,7,1879.279306
138,7,1879.279306
138,7,1879.279306
138,7,1879.279306
138,7,1879.279306
138,7,1879.279306
138,7,1879.279306
138,7,1879.279306
138,7,1879.279306
138,7,1879.279306
138,7,1879.279306
138,7,1879.279306
138,7,1879.279306
138,7,1879.279306
138,7,1879.279306
138,7,1879.279306
138,7,1879.279306
138,7,1879.279306
138,7,1879.279306
139,6,1910.227386
139,7,1879.279306
139,7,1879.279306
139,7,1879.279306
139,7,1879.279306
139,7,1879.279306
139,7,1879.279306
139,7,1879.279306
139,7,1879.279306
139,7,1879.279306
139,7,1879.279306
139,7,1879.279306
139,7,1879.279306
139,7,1879.279306
139,7,1879.279306
139,7,1879.279306
139,7,1879.279306
139,7,1879.279306
139,7,1879.279306
139,7,1879.279306
139,7,1879.279306
139,7,1879.279306
139,7,1879.279306
139,7,1879.279306
139,7,1879.279306
139,7,1879.279306
139,7,1879.279306
139,7,1879.279306
139,7,1879.279306
139,7,1879.279306
139,7,1879.279306
139,7,1879.279306
139,7,1879.279306
139,7,1879.279306
139,7,1879.279306
139,7,1879.279306
139,7,1879.279306
139,7,1879.279306
139,7,1879.279306
139,7,1879.279306
139,7,1879.279306
139,7,1879.279306
139,7,1879.279306
139,7,1879.279306
139,7,1879.279306
139,7,1879.279306
139,7,1879.279306
139,7,1879.279306
139,7,1879.279306
139,7,1879.279306
139,7,1879.279306
139,7,1879.279306
139,7,1879.279306
139,7,1879.279306
139,7,1879.279306
139,7,1879.279306
139,7,1879.279306
139,7,1879.279306
139,7,1879.279306
139,7,1879.279306
139,7,1879.279306
139,7,1879.279306
139,7,1879.279306
139,7,1879.279306
139,7,1879.279306
139,7,1879.279306
139,7,1879.279306
139,7,1879.279306
139,7,1879.279306
139,7,1879.279306
139,7,1879.279306
139,7,1879.279306
139,7,1879.279306
139,7,1879.279306
139,7,1879.279306
139,7,1879.279306
139,7,1879.279306
139,7,1879.279306
139,7,1879.279306
139,7,1879.279306
139,7,1879.279306
139,7,1879.279306
139,7,1879.279306
139,7,1879.279306
139,7,1879.279306
139,7,1879.279306
139,7,1879.279306
139,7,1879.279306
139,7,1879.279306
139,7,1879.279306
139,7,1879.279306
139,7,1879.279306
139,7,1879.279306
139,7,1879.279306
139,7,1879.279306
139,7,1879.279306
139,7,1879.279306
139,7,1879.279306
139,7,1879.279306
139,7,1879.279306
139,7,1879.279306
139,7,1879.279306
139,7,1879.279306
139,7,1879.279306
139,7,1879.279306
139,7,1879.279306
139,7,1879.279306
139,7,1879.279306
139,7,1879.279306
139,7,1879.279306
139,7,1879.279306
139,7,1879.279306
139,7,1879.279306
139,7,1879.279306
139,7,1879.279306
139,7,1879.279306
139,7,1879.279306
139,7,1879.279306
139,7,1879.279306
139,7,1879.279306
139,7,1879.279306
139,7,1879.279306
139,7,1879.279306
139,7,1879.279306
139,7,1879.279306
139,7,1879.279306
139,7,1879.279306
139,7,1879.279306
139,7,1879.279306
139,7,1879.279306
139,7,1879.279306
139,7,1879.279306
139,7,1879.279306
139,7,1879.279306
139,7,1879.279306
139,7,1879.279306
139,7,1879.279306
139,7,1879.279306
139,7,1879.279306
139,7,1879.279306
139,7,1879.279306
139,7,1879.279306
139,7,1879.279306
139,7,1879.279306
139,7,1879.279306
139,7,1879.279306
139,7,1879.279306
139,7,1879.279306
139,7,1879.279306
139,7,1879.279306
140,6,1910.057394
140,7,1879.279306
140,7,1879.279306
140,7,1879.279306
140,7,1879.279306
140,7,1879.279306
140,7,1879.279306
140,7,1879.279306
140,7,1879.279306
140,7,1879.279306
140,7,1879.279306
140,7,1879.279306
140,7,1879.279306
140,7,1879.279306
140,7,1879.279306
140,7,1879.279306
140,7,1879.279306
140,7,1879.279306
140,7,1879.279306
140,7,1879.279306
140,7,1879.279306
140,7,1879.279306
140,7,1879.279306
140,7,1879.279306
140,7,1879.279306
140,7,1879.279306
140,7,1879.279306
140,7,1879.279306
140,7,1879.279306
140,7,1879.279306
140,7,1879.279306
140,7,1879.279306
140,7,1879.279306
140,7,1879.279306
140,7,1879.279306
140,7,1879.279306
140,7,1879.279306
140,7,1879.279306
140,7,1879.279306
140,7,1879.279306
140,7,1879.279306
140,7,1879.279306
140,7,1879.279306
140,7,1879.279306
140,7,1879.279306
140,7,1879.279306
140,7,1879.279306
140,7,1879.279306
140,7,1879.279306
140,7,1879.279306
140,7,1879.279306
140,7,1879.279306
140,7,1879.279306
140,7,1879.279306
140,7,1879.279306
140,7,1879.279306
140,7,1879.279306
140,7,1879.279306
140,7,1879.279306
140,7,1879.279306
140,7,1879.279306
140,7,1879.279306
140,7,1879.279306
140,7,1879.279306
140,7,1879.279306
140,7,1879.279306
140,7,1879.279306
140,7,1879.279306
140,7,1879.279306
140,7,1879.279306
140,7,1879.279306
140,7,1879.279306
140,7,1879.279306
140,7,1879.279306
140,7,1879.279306
140,7,1879.279306
140,7,1879.279306
140,7,1879.279306
140,7,1879.279306
140,7,1879.279306
140,7,1879.279306
140,7,1879.279306
140,7,1879.279306
140,7,1879.279306
140,7,1879.279306
140,7,1879.279306
140,7,1879.279306
140,7,1879.279306
140,7,1879.279306
140,7,1879.279306
140,7,1879.279306
140,7,1879.279306
140,7,1879.279306
140,7,1879.279306
140,7,1879.279306
140,7,1879.279306
140,7,1879.279306
140,7,1879.279306
140,7,1879.279306
140,7,1879.279306
140,7,1879.279306
140,7,1879.279306
140,7,1879.279306
140,7,1879.279306
140,7,1879.279306
140,7,1879.279306
140,7,1879.279306
140,7,1879.279306
140,7,1879.279306
140,7,1879.279306
140,7,1879.279306
140,7,1879.279306
140,7,1879.279306
140,7,1879.279306
140,7,1879.279306
140,7,1879.279306
140,7,1879.279306
140,7,1879.279306
140,7,1879.279306
140,7,1879.279306
140,7,1879.279306
140,7,1879.279306
140,7,1879.279306
140,7,1879.279306
140,7,1879.279306
140,7,1879.279306
140,7,1879.279306
140,7,1879.279306
140,7,1879.279306
140,7,1879.279306
140,7,1879.279306
140,7,1879.279306
140,7,1879.279306
140,7,1879.279306
140,7,1879.279306
140,7,1879.279306
140,7,1879.279306
140,7,1879.279306
140,7,1879.279306
140,7,1879.279306
140,7,1879.279306
140,7,1879.279306
140,7,1879.279306
140,7,1879.279306
140,7,1879.279306
140,7,1879.279306
140,7,1879.279306
140,7,1879.279306
140,7,1879.279306
140,7,1879.279306
141,6,1909.970398
141,7,1879.279306
141,7,1879.279306
141,7,1879.279306
141,7,1879.279306
141,7,1879.279306
141,7,1879.279306
141,7,1879.279306
141,7,1879.279306
141,7,1879.279306
141,7,1879.279306
141,7,1879.279306
141,7,1879.279306
141,7,1879.279306
141,7,1879.279306
141,7,1879.279306
141,7,1879.279306
141,7,1879.279306
141,7,1879.279306
141,7,1879.279306
141,7,1879.279306
141,7,1879.279306
141,7,1879.279306
141,7,1879.279306
141,7,1879.279306
141,7,1879.279306
141,7,1879.279306
141,7,1879.279306
141,7,1879.279306
141,7,1879.279306
141,7,1879.279306
141,7,1879.279306
141,7,1879.279306
141,7,1879.279306
141,7,1879.279306
141,7,1879.279306
141,7,1879.279306
141,7,1879.279306
141,7,1879.279306
141,7,1879.279306
141,7,1879.279306
141,7,1879.279306
141,7,1879.279306
141,7,1879.279306
141,7,1879.279306
141,7,1879.279306
141,7,1879.279306
141,7,1879.279306
141,7,1879.279306
141,7,1879.279306
141,7,1879.279306
141,7,1879.279306
141,7,1879.279306
141,7,1879.279306
141,7,1879.279306
141,7,1879.279306
141,7,1879.279306
141,7,1879.279306
141,7,1879.279306
141,7,1879.279306
141,7,1879.279306
141,7,1879.279306
141,7,1879.279306
141,7,1879.279306
141,7,1879.279306
141,7,1879.279306
141,7,1879.279306
141,7,1879.279306
141,7,1879.279306
141,7,1879.279306
141,7,1879.279306
141,7,1879.279306
141,7,1879.279306
141,7,1879.279306
141,7,1879.279306
141,7,1879.279306
141,7,1879.279306
141,7,1879.279306
141,7,1879.279306
141,7,1879.279306
141,7,1879.279306
141,7,1879.279306
141,7,1879.279306
141,7,1879.279306
141,7,1879.279306
141,7,1879.279306
141,7,1879.279306
141,7,1879.279306
141,7,1879.279306
141,7,1879.279306
141,7,1879.279306
141,7,1879.279306
141,7,1879.279306
141,7,1879.279306
141,7,1879.279306
141,7,1879.279306
141,7,1879.279306
141,7,1879.279306
141,7,1879.279306
141,7,1879.279306
141,7,1879.279306
141,7,1879.279306
141,7,1879.279306
141,7,1879.279306
141,7,1879.279306
141,7,1879.279306
141,7,1879.279306
141,7,1879.279306
141,7,1879.279306
141,7,1879.279306
141,7,1879.279306
141,7,1879.279306
141,7,1879.279306
141,7,1879.279306
141,7,1879.279306
141,7,1879.279306
141,7,1879.279306
141,7,1879.279306
141,7,1879.279306
141,7,1879.279306
141,7,1879.279306
141,7,1879.279306
141,7,1879.279306
141,7,1879.279306
141,7,1879.279306
141,7,1879.279306
141,7,1879.279306
141,7,1879.279306
141,7,1879.279306
141,7,1879.279306
141,7,1879.279306
141,7,1879.279306
141,7,1879.279306
141,7,1879.279306
141,7,1879.279306
141,7,1879.279306
141,7,1879.279306
141,7,1879.279306
141,7,1879.279306
141,7,1879.279306
141,7,1879.279306
141,7,1879.279306
141,7,1879.279306
141,7,1879.279306
141,7,1879.279306
141,7,1879.279306
141,7,1879.279306
141,7,1879.279306
141,7,1879.279306
141,7,1879.279306
142,6,1909.970398
142,6,1909.970398
142,7,1879.279306
142,7,1879.279306
142,7,1879.279306
142,7,1879.279306
142,7,1879.279306
142,7,1879.279306
142,7,1879.279306
142,7,1879.279306
142,7,1879.279306
142,7,1879.279306
142,7,1879.279306
142,7,1879.279306
142,7,1879.279306
142,7,1879.279306
142,7,1879.279306
142,7,1879.279306
142,7,1879.279306
142,7,1879.279306
142,7,1879.279306
142,7,1879.279306
142,7,1879.279306
142,7,1879.279306
142,7,1879.279306
142,7,1879.279306
142,7,1879.279306
142,7,1879.279306
142,7,1879.279306
142,7,1879.279306
142,7,1879.279306
142,7,1879.279306
142,7,1879.279306
142,7,1879.279306
142,7,1879.279306
142,7,1879.279306
142,7,1879.279306
142,7,1879.279306
142,7,1879.279306
142,7,1879.279306
142,7,1879.279306
142,7,1879.279306
142,7,1879.279306
142,7,1879.279306
142,7,1879.279306
142,7,1879.279306
142,7,1879.279306
142,7,1879.279306
142,7,1879.279306
142,7,1879.279306
142,7,1879.279306
142,7,1879.279306
142,7,1879.279306
142,7,1879.279306
142,7,1879.279306
142,7,1879.279306
142,7,1879.279306
142,7,1879.279306
142,7,1879.279306
142,7,1879.279306
142,7,1879.279306
142,7,1879.279306
142,7,1879.279306
142,7,1879.279306
142,7,1879.279306
142,7,1879.279306
142,7,1879.279306
142,7,1879.279306
142,7,1879.279306
142,7,1879.279306
142,7,1879.279306
142,7,1879.279306
142,7,1879.279306
142,7,1879.279306
142,7,1879.279306
142,7,1879.279306
142,7,1879.279306
142,7,1879.279306
142,7,1879.279306
142,7,1879.279306
142,7,1879.279306
142,7,1879.279306
142,7,1879.279306
142,7,1879.279306
142,7,1879.279306
142,7,1879.279306
142,7,1879.279306
142,7,1879.279306
142,7,1879.279306
142,7,1879.279306
142,7,1879.279306
142,7,1879.279306
142,7,1879.279306
142,7,1879.279306
142,7,1879.279306
142,7,1879.279306
142,7,1879.279306
142,7,1879.279306
142,7,1879.279306
142,7,1879.279306
142,7,1879.279306
142,7,1879.279306
142,7,1879.279306
142,7,1879.279306
142,7,1879.279306
142,7,1879.279306
142,7,1879.279306
142,7,1879.279306
142,7,1879.279306
142,7,1879.279306
142,7,1879.279306
142,7,1879.279306
142,7,1879.279306
142,7,1879.279306
142,7,1879.279306
142,7,1879.279306
142,7,1879.279306
142,7,1879.279306
142,7,1879.279306
142,7,1879.279306
142,7,1879.279306
142,7,1879.279306
142,7,1879.279306
142,7,1879.279306
142,7,1879.279306
142,7,1879.279306
142,7,1879.279306
142,7,1879.279306
142,7,1879.279306
142,7,1879.279306
142,7,1879.279306
142,7,1879.279306
142,7,1879.279306
142,7,1879.279306
142,7,1879.279306
142,7,1879.279306
142,7,1879.279306
142,7,1879.279306
142,7,1879.279306
142,7,1879.279306
142,7,1879.279306
142,7,1879.279306
142,7,1879.279306
142,7,1879.279306
142,7,1879.279306
142,7,1879.279306
142,7,1879.279306
142,7,1879.279306
142,7,1879.279306
142,7,1879.279306
143,6,1905.408849
143,7,1879.279306
143,7,1879.279306
143,7,1879.279306
143,7,1879.279306
143,7,1879.279306
143,7,1879.279306
143,7,1879.279306
143,7,1879.279306
143,7,1879.279306
143,7,1879.279306
143,7,1879.279306
143,7,1879.279306
143,7,1879.279306
143,7,1879.279306
143,7,1879.279306
143,7,1879.279306
143,7,1879.279306
143,7,1879.279306
143,7,1879.279306
143,7,1879.279306
143,7,1879.279306
143,7,1879.279306
143,7,1879.279306
143,7,1879.279306
143,7,1879.279306
143,7,1879.279306
143,7,1879.279306
143,7,1879.279306
143,7,1879.279306
143,7,1879.279306
143,7,1879.279306
143,7,1879.279306
143,7,1879.279306
143,7,1879.279306
143,7,1879.279306
143,7,1879.279306
143,7,1879.279306
143,7,1879.279306
143,7,1879.279306
143,7,1879.279306
143,7,1879.279306
143,7,1879.279306
143,7,1879.279306
143,7,1879.279306
143,7,1879.279306
143,7,1879.279306
143,7,1879.279306
143,7,1879.279306
143,7,1879.279306
143,7,1879.279306
143,7,1879.279306
143,7,1879.279306
143,7,1879.279306
143,7,1879.279306
143,7,1879.279306
143,7,1879.279306
143,7,1879.279306
143,7,1879.279306
143,7,1879.279306
143,7,1879.279306
143,7,1879.279306
143,7,1879.279306
143,7,1879.279306
143,7,1879.279306
143,7,1879.279306
143,7,1879.279306
143,7,1879.279306
143,7,1879.279306
143,7,1879.279306
143,7,1879.279306
143,7,1879.279306
143,7,1879.279306
143,7,1879.279306
143,7,1879.279306
143,7,1879.279306
143,7,1879.279306
143,7,1879.279306
143,7,1879.279306
143,7,1879.279306
143,7,1879.279306
143,7,1879.279306
143,7,1879.279306
143,7,1879.279306
143,7,1879.279306
143,7,1879.279306
143,7,1879.279306
143,7,1879.279306
143,7,1879.279306
143,7,1879.279306
143,7,1879.279306
143,7,1879.279306
143,7,1879.279306
143,7,1879.279306
143,7,1879.279306
143,7,1879.279306
143,7,1879.279306
143,7,1879.279306
143,7,1879.279306
143,7,1879.279306
143,7,1879.279306
143,7,1879.279306
143,7,1879.279306
143,7,1879.279306
143,7,1879.279306
143,7,1879.279306
143,7,1879.279306
143,7,1879.279306
143,7,1879.279306
143,7,1879.279306
143,7,1879.279306
143,7,1879.279306
143,7,1879.279306
143,7,1879.279306
143,7,1879.279306
143,7,1879.279306
143,7,1879.279306
143,7,1879.279306
143,7,1879.279306
143,7,1879.279306
143,7,1879.279306
143,7,1879.279306
143,7,1879.279306
143,7,1879.279306
143,7,1879.279306
143,7,1879.279306
143,7,1879.279306
143,7,1879.279306
143,7,1879.279306
143,7,1879.279306
143,7,1879.279306
143,7,1879.279306
143,7,1879.279306
143,7,1879.279306
143,7,1879.279306
143,7,1879.279306
143,7,1879.279306
143,7,1879.279306
143,7,1879.279306
143,7,1879.279306
143,7,1879.279306
143,7,1879.279306
143,7,1879.279306
143,7,1879.279306
143,7,1879.279306
143,7,1879.279306
143,7,1879.279306
143,7,1879.279306
143,7,1879.279306
143,7,1879.279306
144,6,1904.800379
144,7,1879.279306
144,7,1879.279306
144,7,1879.279306
144,7,1879.279306
144,7,1879.279306
144,7,1879.279306
144,7,1879.279306
144,7,1879.279306
144,7,1879.279306
144,7,1879.279306
144,7,1879.279306
144,7,1879.279306
144,7,1879.279306
144,7,1879.279306
144,7,1879.279306
144,7,1879.279306
144,7,1879.279306
144,7,1879.279306
144,7,1879.279306
144,7,1879.279306
144,7,1879.279306
144,7,1879.279306
144,7,1879.279306
144,7,1879.279306
144,7,1879.279306
144,7,1879.279306
144,7,1879.279306
144,7,1879.279306
144,7,1879.279306
144,7,1879.279306
144,7,1879.279306
144,7,1879.279306
144,7,1879.279306
144,7,1879.279306
144,7,1879.279306
144,7,1879.279306
144,7,1879.279306
144,7,1879.279306
144,7,1879.279306
144,7,1879.279306
144,7,1879.279306
144,7,1879.279306
144,7,1879.279306
144,7,1879.279306
144,7,1879.279306
144,7,1879.279306
144,7,1879.279306
144,7,1879.279306
144,7,1879.279306
144,7,1879.279306
144,7,1879.279306
144,7,1879.279306
144,7,1879.279306
144,7,1879.279306
144,7,1879.279306
144,7,1879.279306
144,7,1879.279306
144,7,1879.279306
144,7,1879.279306
144,7,1879.279306
144,7,1879.279306
144,7,1879.279306
144,7,1879.279306
144,7,1879.279306
144,7,1879.279306
144,7,1879.279306
144,7,1879.279306
144,7,1879.279306
144,7,1879.279306
144,7,1879.279306
144,7,1879.279306
144,7,1879.279306
144,7,1879.279306
144,7,1879.279306
144,7,1879.279306
144,7,1879.279306
144,7,1879.279306
144,7,1879.279306
144,7,1879.279306
144,7,1879.279306
144,7,1879.279306
144,7,1879.279306
144,7,1879.279306
144,7,1879.279306
144,7,1879.279306
144,7,1879.279306
144,7,1879.279306
144,7,1879.279306
144,7,1879.279306
144,7,1879.279306
144,7,1879.279306
144,7,1879.279306
144,7,1879.279306
144,7,1879.279306
144,7,1879.279306
144,7,1879.279306
144,7,1879.279306
144,7,1879.279306
144,7,1879.279306
144,7,1879.279306
144,7,1879.279306
144,7,1879.279306
144,7,1879.279306
144,7,1879.279306
144,7,1879.279306
144,7,1879.279306
144,7,1879.279306
144,7,1879.279306
144,7,1879.279306
144,7,1879.279306
144,7,1879.279306
144,7,1879.279306
144,7,1879.279306
144,7,1879.279306
144,7,1879.279306
144,7,1879.279306
144,7,1879.279306
144,7,1879.279306
144,7,1879.279306
144,7,1879.279306
144,7,1879.279306
144,7,1879.279306
144,7,1879.279306
144,7,1879.279306
144,7,1879.279306
144,7,1879.279306
144,7,1879.279306
144,7,1879.279306
144,7,1879.279306
144,7,1879.279306
144,7,1879.279306
144,7,1879.279306
144,7,1879.279306
144,7,1879.279306
144,7,1879.279306
144,7,1879.279306
144,7,1879.279306
144,7,1879.279306
144,7,1879.279306
144,7,1879.279306
144,7,1879.279306
144,7,1879.279306
144,7,1879.279306
144,7,1879.279306
144,7,1879.279306
144,7,1879.279306
144,7,1879.279306
144,7,1879.279306
144,7,1879.279306
145,6,1904.800379
145,6,1904.800379
145,7,1879.279306
145,7,1879.279306
145,7,1879.279306
145,7,1879.279306
145,7,1879.279306
145,7,1879.279306
145,7,1879.279306
145,7,1879.279306
145,7,1879.279306
145,7,1879.279306
145,7,1879.279306
145,7,1879.279306
145,7,1879.279306
145,7,1879.279306
145,7,1879.279306
145,7,1879.279306
145,7,1879.279306
145,7,1879.279306
145,7,1879.279306
145,7,1879.279306
145,7,1879.279306
145,7,1879.279306
145,7,1879.279306
145,7,1879.279306
145,7,1879.279306
145,7,1879.279306
145,7,1879.279306
145,7,1879.279306
145,7,1879.279306
145,7,1879.279306
145,7,1879.279306
145,7,1879.279306
145,7,1879.279306
145,7,1879.279306
145,7,1879.279306
145,7,1879.279306
145,7,1879.279306
145,7,1879.279306
145,7,1879.279306
145,7,1879.279306
145,7,1879.279306
145,7,1879.279306
145,7,1879.279306
145,7,1879.279306
145,7,1879.279306
145,7,1879.279306
145,7,1879.279306
145,7,1879.279306
145,7,1879.279306
145,7,1879.279306
145,7,1879.279306
145,7,1879.279306
145,7,1879.279306
145,7,1879.279306
145,7,1879.279306
145,7,1879.279306
145,7,1879.279306
145,7,1879.279306
145,7,1879.279306
145,7,1879.279306
145,7,1879.279306
145,7,1879.279306
145,7,1879.279306
145,7,1879.279306
145,7,1879.279306
145,7,1879.279306
145,7,1879.279306
145,7,1879.279306
145,7,1879.279306
145,7,1879.279306
145,7,1879.279306
145,7,1879.279306
145,7,1879.279306
145,7,1879.279306
145,7,1879.279306
145,7,1879.279306
145,7,1879.279306
145,7,1879.279306
145,7,1879.279306
145,7,1879.279306
145,7,1879.279306
145,7,1879.279306
145,7,1879.279306
145,7,1879.279306
145,7,1879.279306
145,7,1879.279306
145,7,1879.279306
145,7,1879.279306
145,7,1879.279306
145,7,1879.279306
145,7,1879.279306
145,7,1879.279306
145,7,1879.279306
145,7,1879.279306
145,7,1879.279306
145,7,1879.279306
145,7,1879.279306
145,7,1879.279306
145,7,1879.279306
145,7,1879.279306
145,7,1879.279306
145,7,1879.279306
145,7,1879.279306
145,7,1879.279306
145,7,1879.279306
145,7,1879.279306
145,7,1879.279306
145,7,1879.279306
145,7,1879.279306
145,7,1879.279306
145,7,1879.279306
145,7,1879.279306
145,7,1879.279306
145,7,1879.279306
145,7,1879.279306
145,7,1879.279306
145,7,1879.279306
145,7,1879.279306
145,7,1879.279306
145,7,1879.279306
145,7,1879.279306
145,7,1879.279306
145,7,1879.279306
145,7,1879.279306
145,7,1879.279306
145,7,1879.279306
145,7,1879.279306
145,7,1879.279306
145,7,1879.279306
145,7,1879.279306
145,7,1879.279306
145,7,1879.279306
145,7,1879.279306
145,7,1879.279306
145,7,1879.279306
145,7,1879.279306
145,7,1879.279306
145,7,1879.279306
145,7,1879.279306
145,7,1879.279306
145,7,1879.279306
145,7,1879.279306
145,7,1879.279306
145,7,1879.279306
145,7,1879.279306
145,7,1879.279306
145,7,1879.279306
145,7,1879.279306
146,6,1904.800379
146,6,1904.800379
146,7,1879.279306
146,7,1879.279306
146,7,1879.279306
146,7,1879.279306
146,7,1879.279306
146,7,1879.279306
146,7,1879.279306
146,7,1879.279306
146,7,1879.279306
146,7,1879.279306
146,7,1879.279306
146,7,1879.279306
146,7,1879.279306
146,7,1879.279306
146,7,1879.279306
146,7,1879.279306
146,7,1879.279306
146,7,1879.279306
146,7,1879.279306
146,7,1879.279306
146,7,1879.279306
146,7,1879.279306
146,7,1879.279306
146,7,1879.279306
146,7,1879.279306
146,7,1879.279306
146,7,1879.279306
146,7,1879.279306
146,7,1879.279306
146,7,1879.279306
146,7,1879.279306
146,7,1879.279306
146,7,1879.279306
146,7,1879.279306
146,7,1879.279306
146,7,1879.279306
146,7,1879.279306
146,7,1879.279306
146,7,1879.279306
146,7,1879.279306
146,7,1879.279306
146,7,1879.279306
146,7,1879.279306
146,7,1879.279306
146,7,1879.279306
146,7,1879.279306
146,7,1879.279306
146,7,1879.279306
146,7,1879.279306
146,7,1879.279306
146,7,1879.279306
146,7,1879.279306
146,7,1879.279306
146,7,1879.279306
146,7,1879.279306
146,7,1879.279306
146,7,1879.279306
146,7,1879.279306
146,7,1879.279306
146,7,1879.279306
146,7,1879.279306
146,7,1879.279306
146,7,1879.279306
146,7,1879.279306
146,7,1879.279306
146,7,1879.279306
146,7,1879.279306
146,7,1879.279306
146,7,1879.279306
146,7,1879.279306
146,7,1879.279306
146,7,1879.279306
146,7,1879.279306
146,7,1879.279306
146,7,1879.279306
146,7,1879.279306
146,7,1879.279306
146,7,1879.279306
146,7,1879.279306
146,7,1879.279306
146,7,1879.279306
146,7,1879.279306
146,7,1879.279306
146,7,1879.279306
146,7,1879.279306
146,7,1879.279306
146,7,1879.279306
146,7,1879.279306
146,7,1879.279306
146,7,1879.279306
146,7,1879.279306
146,7,1879.279306
146,7,1879.279306
146,7,1879.279306
146,7,1879.279306
146,7,1879.279306
146,7,1879.279306
146,7,1879.279306
146,7,1879.279306
146,7,1879.279306
146,7,1879.279306
146,7,1879.279306
146,7,1879.279306
146,7,1879.279306
146,7,1879.279306
146,7,1879.279306
146,7,1879.279306
146,7,1879.279306
146,7,1879.279306
146,7,1879.279306
146,7,1879.279306
146,7,1879.279306
146,7,1879.279306
146,7,1879.279306
146,7,1879.279306
146,7,1879.279306
146,7,1879.279306
146,7,1879.279306
146,7,1879.279306
146,7,1879.279306
146,7,1879.279306
146,7,1879.279306
146,7,1879.279306
146,7,1879.279306
146,7,1879.279306
146,7,1879.279306
146,7,1879.279306
146,7,1879.279306
146,7,1879.279306
146,7,1879.279306
146,7,1879.279306
146,7,1879.279306
146,7,1879.279306
146,7,1879.279306
146,7,1879.279306
146,7,1879.279306
146,7,1879.279306
146,7,1879.279306
146,7,1879.279306
146,7,1879.279306
146,7,1879.279306
146,7,1879.279306
146,7,1879.279306
146,7,1879.279306
146,7,1879.279306
146,7,1879.279306
146,7,1879.279306
146,7,1879.279306
147,6,1904.800379
147,6,1904.800379
147,6,1904.800379
147,7,1878.975658
148,6,1904.800379
148,6,1904.800379
148,6,1904.800379
148,6,1904.800379
148,7,1878.975658
149,6,1904.057208
149,7,1878.975658
150,6,1904.057208
150,6,1904.057208
150,7,1878.470240
151,6,1904.057208
151,6,1904.057208
151,6,1904.057208
151,6,1904.057208
151,6,1904.057208
151,7,1877.799213
152,6,1904.057208
152,6,1904.057208
152,6,1904.057208
152,6,1904.057208
152,6,1904.057208
152,6,1904.057208
152,6,1904.057208
152,6,1904.057208
152,6,1904.057208
152,6,1904.057208
152,6,1904.057208
152,6,1904.057208
152,7,1877.799213
153,6,1904.057208
153,6,1904.057208
153,6,1904.057208
153,6,1904.057208
153,6,1904.057208
153,6,1904.057208
153,6,1904.057208
153,6,1904.057208
153,6,1904.057208
153,6,1904.057208
153,6,1904.057208
153,6,1904.057208
153,6,1904.057208
153,6,1904.057208
153,6,1904.057208
153,6,1904.057208
153,6,1904.057208
153,6,1904.057208
153,6,1904.057208
153,6,1904.057208
153,6,1904.057208
153,6,1904.057208
153,6,1904.057208
153,6,1904.057208
153,6,1904.057208
153,6,1904.057208
153,7,1877.799213
154,6,1903.005254
154,7,1877.616927
155,6,1903.005254
155,7,1877.616927
156,6,1903.005254
156,7,1877.616927
156,7,1877.616927
156,7,1877.616927
157,6,1903.005254
157,7,1877.064042
158,6,1902.735924
158,7,1877.064042
158,7,1877.064042
158,7,1877.064042
159,6,1902.735924
159,6,1902.735924
159,7,1877.064042
159,7,1877.064042
159,7,1877.064042
159,7,1877.064042
159,7,1877.064042
159,7,1877.064042
160,6,1902.735924
160,6,1902.735924
160,6,1902.735924
160,6,1902.735924
160,7,1874.565792
161,6,1902.735924
161,6,1902.735924
161,6,1902.735924
161,6,1902.735924
161,6,1902.735924
161,6,1902.735924
161,6,1902.735924
161,6,1902.735924
161,6,1902.735924
161,6,1902.735924
161,7,1874.565792
162,6,1902.735924
162,6,1902.735924
162,6,1902.735924
162,6,1902.735924
162,6,1902.735924
162,6,1902.735924
162,6,1902.735924
162,6,1902.735924
162,6,1902.735924
162,6,1902.735924
162,6,1902.735924
162,6,1902.735924
162,6,1902.735924
162,6,1902.735924
162,6,1902.735924
162,6,1902.735924
162,6,1902.735924
162,6,1902.735924
162,6,1902.735924
162,6,1902.735924
162,6,1902.735924
162,6,1902.735924
162,7,1874.565792
162,7,1874.565792
163,6,1901.018438
163,7,1870.437055
164,6,1901.018438
164,7,1870.437055
165,6,1901.018438
165,7,1870.437055
166,6,1901.018438
166,6,1901.018438
166,7,1870.437055
167,6,1901.018438
167,6,1901.018438
167,6,1901.018438
167,7,1869.524712
168,6,1900.600375
168,7,1869.524712
169,6,1900.600375
169,6,1900.600375
169,7,1869.524712
169,7,1869.524712
170,6,1900.600375
170,6,1900.600375
170,6,1900.600375
170,6,1900.600375
170,7,1869.524712
170,7,1869.524712
170,7,1869.524712
170,7,1869.524712
170,7,1869.524712
171,6,1900.600375
171,6,1900.600375
171,6,1900.600375
171,6,1900.600375
171,6,1900.600375
171,6,1900.600375
171,6,1900.600375
171,6,1900.600375
171,6,1900.600375
171,7,1869.524712
171,7,1869.524712
171,7,1869.524712
171,7,1869.524712
171,7,1869.524712
171,7,1869.524712
171,7,1869.524712
171,7,1869.524712
171,7,1869.524712
171,7,1869.524712
171,7,1869.524712
172,6,1900.600375
172,6,1900.600375
172,6,1900.600375
172,6,1900.600375
172,6,1900.600375
172,6,1900.600375
172,6,1900.600375
172,6,1900.600375
172,6,1900.600375
172,6,1900.600375
172,6,1900.600375
172,6,1900.600375
172,6,1900.600375
172,6,1900.600375
172,6,1900.600375
172,6,1900.600375
172,6,1900.600375
172,6,1900.600375
172,6,1900.600375
172,7,1869.524712
172,7,1869.524712
172,7,1869.524712
172,7,1869.524712
172,7,1869.524712
172,7,1869.524712
172,7,1869.524712
172,7,1869.524712
172,7,1869.524712
172,7,1869.524712
172,7,1869.524712
172,7,1869.524712
172,7,1869.524712
172,7,1869.524712
172,7,1869.524712
172,7,1869.524712
172,7,1869.524712
172,7,1869.524712
172,7,1869.524712
172,7,1869.524712
173,6,1900.224282
173,7,1869.361736
174,6,1900.224282
174,7,1869.361736
174,7,1869.361736
175,6,1895.253693
175,7,1869.361736
175,7,1869.361736
175,7,1869.361736
175,7,1869.361736
175,7,1869.361736
176,5,1999.714390
176,6,1895.253693
176,6,1895.253693
176,7,1869.361736
176,7,1869.361736
176,7,1869.361736
176,7,1869.361736
176,7,1869.361736
176,7,1869.361736
176,7,1869.361736
176,7,1869.361736
176,7,1869.361736
176,7,1869.361736
177,5,1999.714390
177,5,1999.714390
177,6,1895.253693
177,6,1895.253693
177,6,1895.253693
177,7,1869.361736
177,7,1869.361736
177,7,1869.361736
177,7,1869.361736
177,7,1869.361736
177,7,1869.361736
177,7,1869.361736
177,7,1869.361736
177,7,1869.361736
177,7,1869.361736
177,7,1869.361736
177,7,1869.361736
177,7,1869.361736
177,7,1869.361736
177,7,1869.361736
178,5,1999.714390
178,5,1999.714390
178,5,1999.714390
178,6,1895.253693
178,6,1895.253693
178,6,1895.253693
178,6,1895.253693
178,7,1869.361736
178,7,1869.361736
178,7,1869.361736
178,7,1869.361736
178,7,1869.361736
178,7,1869.361736
178,7,1869.361736
178,7,1869.361736
178,7,1869.361736
178,7,1869.361736
178,7,1869.361736
178,7,1869.361736
178,7,1869.361736
178,7,1869.361736
178,7,1869.361736
178,7,1869.361736
178,7,1869.361736
178,7,1869.361736
178,7,1869.361736
178,7,1869.361736
179,5,1987.823490
179,6,1894.381621
179,7,1869.361736
179,7,1869.361736
179,7,1869.361736
179,7,1869.361736
179,7,1869.361736
179,7,1869.361736
179,7,1869.361736
179,7,1869.361736
179,7,1869.361736
179,7,1869.361736
179,7,1869.361736
179,7,1869.361736
179,7,1869.361736
179,7,1869.361736
179,7,1869.361736
179,7,1869.361736
179,7,1869.361736
179,7,1869.361736
179,7,1869.361736
180,5,1980.183999
180,6,1892.756053
180,7,1869.361736
180,7,1869.361736
180,7,1869.361736
180,7,1869.361736
180,7,1869.361736
180,7,1869.361736
180,7,1869.361736
180,7,1869.361736
180,7,1869.361736
180,7,1869.361736
180,7,1869.361736
180,7,1869.361736
180,7,1869.361736
180,7,1869.361736
180,7,1869.361736
180,7,1869.361736
180,7,1869.361736
180,7,1869.361736
180,7,1869.361736
180,7,1869.361736
180,7,1869.361736
180,7,1869.361736
180,7,1869.361736
180,7,1869.361736
180,7,1869.361736
180,7,1869.361736
180,7,1869.361736
180,7,1869.361736
180,7,1869.361736
180,7,1869.361736
180,7,1869.361736
180,7,1869.361736
180,7,1869.361736
180,7,1869.361736
180,7,1869.361736
180,7,1869.361736
180,7,1869.361736
180,7,1869.361736
181,5,1976.680228
181,6,1892.584460
181,7,1869.361736
181,7,1869.361736
181,7,1869.361736
181,7,1869.361736
181,7,1869.361736
181,7,1869.361736
181,7,1869.361736
181,7,1869.361736
181,7,1869.361736
181,7,1869.361736
181,7,1869.361736
181,7,1869.361736
181,7,1869.361736
181,7,1869.361736
181,7,1869.361736
181,7,1869.361736
181,7,1869.361736
181,7,1869.361736
181,7,1869.361736
181,7,1869.361736
181,7,1869.361736
181,7,1869.361736
181,7,1869.361736
181,7,1869.361736
181,7,1869.361736
181,7,1869.361736
181,7,1869.361736
181,7,1869.361736
181,7,1869.361736
181,7,1869.361736
181,7,1869.361736
181,7,1869.361736
181,7,1869.361736
181,7,1869.361736
181,7,1869.361736
181,7,1869.361736
181,7,1869.361736
181,7,1869.361736
181,7,1869.361736
181,7,1869.361736
181,7,1869.361736
181,7,1869.361736
181,7,1869.361736
181,7,1869.361736
181,7,1869.361736
181,7,1869.361736
181,7,1869.361736
181,7,1869.361736
181,7,1869.361736
181,7,1869.361736
181,7,1869.361736
181,7,1869.361736
181,7,1869.361736
181,7,1869.361736
181,7,1869.361736
181,7,1869.361736
181,7,1869.361736
181,7,1869.361736
181,7,1869.361736
181,7,1869.361736
181,7,1869.361736
181,7,1869.361736
181,7,1869.361736
181,7,1869.361736
181,7,1869.361736
181,7,1869.361736
181,7,1869.361736
181,7,1869.361736
181,7,1869.361736
181,7,1869.361736
181,7,1869.361736
181,7,1869.361736
181,7,1869.361736
181,7,1869.361736
181,7,1869.361736
181,7,1869.361736
181,7,1869.361736
181,7,1869.361736
181,7,1869.361736
181,7,1869.361736
181,7,1869.361736
181,7,1869.361736
181,7,1869.361736
181,7,1869.361736
181,7,1869.361736
182,5,1976.680228
182,5,1976.680228
182,6,1881.585477
182,7,1869.361736
182,7,1869.361736
182,7,1869.361736
182,7,1869.361736
182,7,1869.361736
182,7,1869.361736
182,7,1869.361736
182,7,1869.361736
182,7,1869.361736
182,7,1869.361736
182,7,1869.361736
182,7,1869.361736
182,7,1869.361736
182,7,1869.361736
182,7,1869.361736
182,7,1869.361736
182,7,1869.361736
182,7,1869.361736
182,7,1869.361736
182,7,1869.361736
182,7,1869.361736
182,7,1869.361736
182,7,1869.361736
182,7,1869.361736
182,7,1869.361736
182,7,1869.361736
182,7,1869.361736
182,7,1869.361736
182,7,1869.361736
182,7,1869.361736
182,7,1869.361736
182,7,1869.361736
182,7,1869.361736
182,7,1869.361736
182,7,1869.361736
182,7,1869.361736
182,7,1869.361736
182,7,1869.361736
182,7,1869.361736
182,7,1869.361736
182,7,1869.361736
182,7,1869.361736
182,7,1869.361736
182,7,1869.361736
182,7,1869.361736
182,7,1869.361736
182,7,1869.361736
182,7,1869.361736
182,7,1869.361736
182,7,1869.361736
182,7,1869.361736
182,7,1869.361736
182,7,1869.361736
182,7,1869.361736
182,7,1869.361736
182,7,1869.361736
182,7,1869.361736
182,7,1869.361736
182,7,1869.361736
182,7,1869.361736
182,7,1869.361736
182,7,1869.361736
182,7,1869.361736
182,7,1869.361736
182,7,1869.361736
182,7,1869.361736
182,7,1869.361736
182,7,1869.361736
182,7,1869.361736
182,7,1869.361736
182,7,1869.361736
182,7,1869.361736
182,7,1869.361736
182,7,1869.361736
182,7,1869.361736
182,7,1869.361736
182,7,1869.361736
182,7,1869.361736
182,7,1869.361736
182,7,1869.361736
182,7,1869.361736
182,7,1869.361736
182,7,1869.361736
182,7,1869.361736
182,7,1869.361736
182,7,1869.361736
182,7,1869.361736
182,7,1869.361736
182,7,1869.361736
182,7,1869.361736
182,7,1869.361736
182,7,1869.361736
182,7,1869.361736
182,7,1869.361736
182,7,1869.361736
182,7,1869.361736
182,7,1869.361736
182,7,1869.361736
182,7,1869.361736
182,7,1869.361736
182,7,1869.361736
182,7,1869.361736
182,7,1869.361736
182,7,1869.361736
182,7,1869.361736
182,7,1869.361736
182,7,1869.361736
182,7,1869.361736
182,7,1869.361736
182,7,1869.361736
182,7,1869.361736
182,7,1869.361736
182,7,1869.361736
182,7,1869.361736
182,7,1869.361736
182,7,1869.361736
182,7,1869.361736
182,7,1869.361736
182,7,1869.361736
182,7,1869.361736
182,7,1869.361736
182,7,1869.361736
182,7,1869.361736
182,7,1869.361736
182,7,1869.361736
182,7,1869.361736
182,7,1869.361736
182,7,1869.361736
182,7,1869.361736
182,7,1869.361736
182,7,1869.361736
182,7,1869.361736
182,7,1869.361736
182,7,1869.361736
182,7,1869.361736
182,7,1869.361736
182,7,1869.361736
182,7,1869.361736
182,7,1869.361736
182,7,1869.361736
182,7,1869.361736
182,7,1869.361736
182,7,1869.361736
182,7,1869.361736
182,7,1869.361736
182,7,1869.361736
182,7,1869.361736
182,7,1869.361736
182,7,1869.361736
182,7,1869.361736
182,7,1869.361736
182,7,1869.361736
182,7,1869.361736
182,7,1869.361736
182,7,1869.361736
182,7,1869.361736
182,7,1869.361736
182,7,1869.361736
182,7,1869.361736
182,7,1869.361736
182,7,1869.361736
182,7,1869.361736
182,7,1869.361736
182,7,1869.361736
182,7,1869.361736
182,7,1869.361736
182,7,1869.361736
182,7,1869.361736
182,7,1869.361736
182,7,1869.361736
183,5,1976.680228
183,5,1976.680228
183,5,1976.680228
183,6,1881.585477
183,6,1881.585477
183,7,1869.361736
183,7,1869.361736
183,7,1869.361736
183,7,1869.361736
183,7,1869.361736
183,7,1869.361736
183,7,1869.361736
183,7,1869.361736
183,7,1869.361736
183,7,1869.361736
183,7,1869.361736
183,7,1869.361736
183,7,1869.361736
183,7,1869.361736
183,7,1869.361736
183,7,1869.361736
183,7,1869.361736
183,7,1869.361736
183,7,1869.361736
183,7,1869.361736
183,7,1869.361736
183,7,1869.361736
183,7,1869.361736
183,7,1869.361736
183,7,1869.361736
183,7,1869.361736
183,7,1869.361736
183,7,1869.361736
183,7,1869.361736
183,7,1869.361736
183,7,1869.361736
183,7,1869.361736
183,7,1869.361736
183,7,1869.361736
183,7,1869.361736
183,7,1869.361736
183,7,1869.361736
183,7,1869.361736
183,7,1869.361736
183,7,1869.361736
183,7,1869.361736
183,7,1869.361736
183,7,1869.361736
183,7,1869.361736
183,7,1869.361736
183,7,1869.361736
183,7,1869.361736
183,7,1869.361736
183,7,1869.361736
183,7,1869.361736
183,7,1869.361736
183,7,1869.361736
183,7,1869.361736
183,7,1869.361736
183,7,1869.361736
183,7,1869.361736
183,7,1869.361736
183,7,1869.361736
183,7,1869.361736
183,7,1869.361736
183,7,1869.361736
183,7,1869.361736
183,7,1869.361736
183,7,1869.361736
183,7,1869.361736
183,7,1869.361736
183,7,1869.361736
183,7,1869.361736
183,7,1869.361736
183,7,1869.361736
183,7,1869.361736
183,7,1869.361736
183,7,1869.361736
183,7,1869.361736
183,7,1869.361736
183,7,1869.361736
183,7,1869.361736
183,7,1869.361736
183,7,1869.361736
183,7,1869.361736
183,7,1869.361736
183,7,1869.361736
183,7,1869.361736
183,7,1869.361736
183,7,1869.361736
183,7,1869.361736
183,7,1869.361736
183,7,1869.361736
183,7,1869.361736
183,7,1869.361736
183,7,1869.361736
183,7,1869.361736
183,7,1869.361736
183,7,1869.361736
183,7,1869.361736
183,7,1869.361736
183,7,1869.361736
183,7,1869.361736
183,7,1869.361736
183,7,1869.361736
183,7,1869.361736
183,7,1869.361736
183,7,1869.361736
183,7,1869.361736
183,7,1869.361736
183,7,1869.361736
183,7,1869.361736
183,7,1869.361736
183,7,1869.361736
183,7,1869.361736
183,7,1869.361736
183,7,1869.361736
183,7,1869.361736
183,7,1869.361736
183,7,1869.361736
183,7,1869.361736
183,7,1869.361736
183,7,1869.361736
183,7,1869.361736
183,7,1869.361736
183,7,1869.361736
183,7,1869.361736
183,7,1869.361736
183,7,1869.361736
183,7,1869.361736
183,7,1869.361736
183,7,1869.361736
183,7,1869.361736
183,7,1869.361736
183,7,1869.361736
183,7,1869.361736
183,7,1869.361736
183,7,1869.361736
183,7,1869.361736
183,7,1869.361736
183,7,1869.361736
183,7,1869.361736
183,7,1869.361736
183,7,1869.361736
183,7,1869.361736
183,7,1869.361736
183,7,1869.361736
183,7,1869.361736
183,7,1869.361736
183,7,1869.361736
183,7,1869.361736
183,7,1869.361736
183,7,1869.361736
183,7,1869.361736
183,7,1869.361736
183,7,1869.361736
183,7,1869.361736
183,7,1869.361736
183,7,1869.361736
183,7,1869.361736
183,7,1869.361736
183,7,1869.361736
183,7,1869.361736
183,7,1869.361736
183,7,1869.361736
183,7,1869.361736
183,7,1869.361736
183,7,1869.361736
183,7,1869.361736
183,7,1869.361736
183,7,1869.361736
183,7,1869.361736
183,7,1869.361736
183,7,1869.361736
183,7,1869.361736
183,7,1869.361736
183,7,1869.361736
183,7,1869.361736
183,7,1869.361736
183,7,1869.361736
183,7,1869.361736
183,7,1869.361736
183,7,1869.361736
183,7,1869.361736
183,7,1869.361736
183,7,1869.361736
183,7,1869.361736
183,7,1869.361736
183,7,1869.361736
183,7,1869.361736
183,7,1869.361736
183,7,1869.361736
183,7,1869.361736
183,7,1869.361736
183,7,1869.361736
183,7,1869.361736
183,7,1869.361736
183,7,1869.361736
183,7,1869.361736
183,7,1869.361736
183,7,1869.361736
183,7,1869.361736
183,7,1869.361736
183,7,1869.361736
183,7,1869.361736
183,7,1869.361736
183,7,1869.361736
183,7,1869.361736
183,7,1869.361736
183,7,1869.361736
183,7,1869.361736
183,7,1869.361736
183,7,1869.361736
183,7,1869.361736
183,7,1869.361736
183,7,1869.361736
183,7,1869.361736
183,7,1869.361736
183,7,1869.361736
183,7,1869.361736
183,7,1869.361736
183,7,1869.361736
183,7,1869.361736
183,7,1869.361736
183,7,1869.361736
183,7,1869.361736
183,7,1869.361736
183,7,1869.361736
183,7,1869.361736
183,7,1869.361736
183,7,1869.361736
183,7,1869.361736
183,7,1869.361736
183,7,1869.361736
183,7,1869.361736
183,7,1869.361736
183,7,1869.361736
183,7,1869.361736
183,7,1869.361736
183,7,1869.361736
183,7,1869.361736
183,7,1869.361736
183,7,1869.361736
183,7,1869.361736
183,7,1869.361736
183,7,1869.361736
183,7,1869.361736
183,7,1869.361736
183,7,1869.361736
183,7,1869.361736
183,7,1869.361736
183,7,1869.361736
183,7,1869.361736
183,7,1869.361736
183,7,1869.361736
183,7,1869.361736
183,7,1869.361736
183,7,1869.361736
183,7,1869.361736
183,7,1869.361736
184,5,1976.680228
184,5,1976.680228
184,5,1976.680228
184,5,1976.680228
184,6,1881.585477
184,6,1881.585477
184,6,1881.585477
184,7,1869.361736
184,7,1869.361736
184,7,1869.361736
184,7,1869.361736
184,7,1869.361736
184,7,1869.361736
184,7,1869.361736
184,7,1869.361736
184,7,1869.361736
184,7,1869.361736
184,7,1869.361736
184,7,1869.361736
184,7,1869.361736
184,7,1869.361736
184,7,1869.361736
184,7,1869.361736
184,7,1869.361736
184,7,1869.361736
184,7,1869.361736
184,7,1869.361736
184,7,1869.361736
184,7,1869.361736
184,7,1869.361736
184,7,1869.361736
184,7,1869.361736
184,7,1869.361736
184,7,1869.361736
184,7,1869.361736
184,7,1869.361736
184,7,1869.361736
184,7,1869.361736
184,7,1869.361736
184,7,1869.361736
184,7,1869.361736
184,7,1869.361736
184,7,1869.361736
184,7,1869.361736
184,7,1869.361736
184,7,1869.361736
184,7,1869.361736
184,7,1869.361736
184,7,1869.361736
184,7,1869.361736
184,7,1869.361736
184,7,1869.361736
184,7,1869.361736
184,7,1869.361736
184,7,1869.361736
184,7,1869.361736
184,7,1869.361736
184,7,1869.361736
184,7,1869.361736
184,7,1869.361736
184,7,1869.361736
184,7,1869.361736
184,7,1869.361736
184,7,1869.361736
184,7,1869.361736
184,7,1869.361736
184,7,1869.361736
184,7,1869.361736
184,7,1869.361736
184,7,1869.361736
184,7,1869.361736
184,7,1869.361736
184,7,1869.361736
184,7,1869.361736
184,7,1869.361736
184,7,1869.361736
184,7,1869.361736
184,7,1869.361736
184,7,1869.361736
184,7,1869.361736
184,7,1869.361736
184,7,1869.361736
184,7,1869.361736
184,7,1869.361736
184,7,1869.361736
184,7,1869.361736
184,7,1869.361736
184,7,1869.361736
184,7,1869.361736
184,7,1869.361736
184,7,1869.361736
184,7,1869.361736
184,7,1869.361736
184,7,1869.361736
184,7,1869.361736
184,7,1869.361736
184,7,1869.361736
184,7,1869.361736
184,7,1869.361736
184,7,1869.361736
184,7,1869.361736
184,7,1869.361736
184,7,1869.361736
184,7,1869.361736
184,7,1869.361736
184,7,1869.361736
184,7,1869.361736
184,7,1869.361736
184,7,1869.361736
184,7,1869.361736
184,7,1869.361736
184,7,1869.361736
184,7,1869.361736
184,7,1869.361736
184,7,1869.361736
184,7,1869.361736
184,7,1869.361736
184,7,1869.361736
184,7,1869.361736
184,7,1869.361736
184,7,1869.361736
184,7,1869.361736
184,7,1869.361736
184,7,1869.361736
184,7,1869.361736
184,7,1869.361736
184,7,1869.361736
184,7,1869.361736
184,7,1869.361736
184,7,1869.361736
184,7,1869.361736
184,7,1869.361736
184,7,1869.361736
184,7,1869.361736
184,7,1869.361736
184,7,1869.361736
184,7,1869.361736
184,7,1869.361736
184,7,1869.361736
184,7,1869.361736
184,7,1869.361736
184,7,1869.361736
184,7,1869.361736
184,7,1869.361736
184,7,1869.361736
184,7,1869.361736
184,7,1869.361736
184,7,1869.361736
184,7,1869.361736
184,7,1869.361736
184,7,1869.361736
184,7,1869.361736
184,7,1869.361736
184,7,1869.361736
184,7,1869.361736
184,7,1869.361736
184,7,1869.361736
184,7,1869.361736
184,7,1869.361736
184,7,1869.361736
184,7,1869.361736
184,7,1869.361736
184,7,1869.361736
184,7,1869.361736
184,7,1869.361736
184,7,1869.361736
184,7,1869.361736
184,7,1869.361736
184,7,1869.361736
184,7,1869.361736
184,7,1869.361736
184,7,1869.361736
184,7,1869.361736
184,7,1869.361736
184,7,1869.361736
184,7,1869.361736
184,7,1869.361736
184,7,1869.361736
184,7,1869.361736
184,7,1869.361736
184,7,1869.361736
184,7,1869.361736
184,7,1869.361736
184,7,1869.361736
184,7,1869.361736
184,7,1869.361736
184,7,1869.361736
184,7,1869.361736
184,7,1869.361736
184,7,1869.361736
184,7,1869.361736
184,7,1869.361736
184,7,1869.361736
184,7,1869.361736
184,7,1869.361736
184,7,1869.361736
184,7,1869.361736
184,7,1869.361736
184,7,1869.361736
184,7,1869.361736
184,7,1869.361736
184,7,1869.361736
184,7,1869.361736
184,7,1869.361736
184,7,1869.361736
184,7,1869.361736
184,7,1869.361736
184,7,1869.361736
184,7,1869.361736
184,7,1869.361736
184,7,1869.361736
184,7,1869.361736
184,7,1869.361736
184,7,1869.361736
184,7,1869.361736
184,7,1869.361736
184,7,1869.361736
184,7,1869.361736
184,7,1869.361736
184,7,1869.361736
184,7,1869.361736
184,7,1869.361736
184,7,1869.361736
184,7,1869.361736
184,7,1869.361736
184,7,1869.361736
184,7,1869.361736
184,7,1869.361736
184,7,1869.361736
184,7,1869.361736
184,7,1869.361736
184,7,1869.361736
184,7,1869.361736
184,7,1869.361736
184,7,1869.361736
184,7,1869.361736
184,7,1869.361736
184,7,1869.361736
184,7,1869.361736
184,7,1869.361736
184,7,1869.361736
184,7,1869.361736
184,7,1869.361736
184,7,1869.361736
184,7,1869.361736
184,7,1869.361736
184,7,1869.361736
184,7,1869.361736
184,7,1869.361736
184,7,1869.361736
184,7,1869.361736
184,7,1869.361736
184,7,1869.361736
184,7,1869.361736
184,7,1869.361736
184,7,1869.361736
184,7,1869.361736
184,7,1869.361736
184,7,1869.361736
184,7,1869.361736
184,7,1869.361736
184,7,1869.361736
184,7,1869.361736
184,7,1869.361736
184,7,1869.361736
184,7,1869.361736
184,7,1869.361736
184,7,1869.361736
184,7,1869.361736
184,7,1869.361736
184,7,1869.361736
184,7,1869.361736
184,7,1869.361736
184,7,1869.361736
184,7,1869.361736
184,7,1869.361736
184,7,1869.361736
184,7,1869.361736
184,7,1869.361736
184,7,1869.361736
184,7,1869.361736
184,7,1869.361736
184,7,1869.361736
184,7,1869.361736
184,7,1869.361736
184,7,1869.361736
184,7,1869.361736
184,7,1869.361736
184,7,1869.361736
184,7,1869.361736
184,7,1869.361736
184,7,1869.361736
184,7,1869.361736
184,7,1869.361736
184,7,1869.361736
184,7,1869.361736
184,7,1869.361736
184,7,1869.361736
184,7,1869.361736
184,7,1869.361736
184,7,1869.361736
184,7,1869.361736
184,7,1869.361736
184,7,1869.361736
184,7,1869.361736
184,7,1869.361736
184,7,1869.361736
184,7,1869.361736
184,7,1869.361736
184,7,1869.361736
184,7,1869.361736
184,7,1869.361736
184,7,1869.361736
184,7,1869.361736
184,7,1869.361736
184,7,1869.361736
184,7,1869.361736
184,7,1869.361736
184,7,1869.361736
184,7,1869.361736
184,7,1869.361736
184,7,1869.361736
184,7,1869.361736
184,7,1869.361736
184,7,1869.361736
184,7,1869.361736
184,7,1869.361736
184,7,1869.361736
184,7,1869.361736
184,7,1869.361736
184,7,1869.361736
184,7,1869.361736
184,7,1869.361736
184,7,1869.361736
184,7,1869.361736
184,7,1869.361736
184,7,1869.361736
184,7,1869.361736
184,7,1869.361736
184,7,1869.361736
184,7,1869.361736
184,7,1869.361736
184,7,1869.361736
184,7,1869.361736
184,7,1869.361736
184,7,1869.361736
184,7,1869.361736
185,5,1952.223072
185,6,1881.196803
185,7,1869.329894
186,5,1952.223072
186,5,1952.223072
186,6,1881.196803
186,6,1881.196803
186,7,1869.329894
186,7,1869.329894
187,5,1952.223072
187,5,1952.223072
187,5,1952.223072
187,6,1881.196803
187,6,1881.196803
187,6,1881.196803
187,7,1869.329894
187,7,1869.329894
187,7,1869.329894
188,5,1952.223072
188,5,1952.223072
188,5,1952.223072
188,5,1952.223072
188,6,1881.196803
188,6,1881.196803
188,6,1881.196803
188,6,1881.196803
188,7,1869.329894
188,7,1869.329894
188,7,1869.329894
188,7,1869.329894
189,5,1950.239509
189,6,1880.337378
189,7,1869.329894
189,7,1869.329894
189,7,1869.329894
189,7,1869.329894
190,5,1949.897604
190,6,1880.337378
190,7,1869.329894
190,7,1869.329894
190,7,1869.329894
190,7,1869.329894
190,7,1869.329894
190,7,1869.329894
190,7,1869.329894
190,7,1869.329894
190,7,1869.329894
190,7,1869.329894
190,7,1869.329894
191,5,1948.780061
191,6,1880.337378
191,6,1880.337378
191,7,1869.302150
192,5,1948.632061
192,6,1879.091366
192,7,1868.080069
193,5,1948.298562
193,6,1879.091366
193,6,1879.091366
193,7,1867.157734
194,5,1946.049792
194,6,1879.091366
194,6,1879.091366
194,6,1879.091366
194,7,1866.085672
195,5,1946.049792
195,5,1946.049792
195,6,1879.091366
195,6,1879.091366
195,6,1879.091366
195,6,1879.091366
195,6,1879.091366
195,6,1879.091366
195,7,1866.085672
195,7,1866.085672
196,5,1946.049792
196,5,1946.049792
196,5,1946.049792
196,6,1879.091366
196,6,1879.091366
196,6,1879.091366
196,6,1879.091366
196,6,1879.091366
196,6,1879.091366
196,6,1879.091366
196,6,1879.091366
196,6,1879.091366
196,7,1866.085672
196,7,1866.085672
196,7,1866.085672
197,5,1943.379430
197,6,1879.091366
197,6,1879.091366
197,6,1879.091366
197,6,1879.091366
197,6,1879.091366
197,6,1879.091366
197,6,1879.091366
197,6,1879.091366
197,6,1879.091366
197,7,1866.085672
197,7,1866.085672
197,7,1866.085672
197,7,1866.085672
197,7,1866.085672
198,5,1943.379430
198,5,1943.379430
198,6,1878.776981
198,7,1866.085672
198,7,1866.085672
198,7,1866.085672
198,7,1866.085672
198,7,1866.085672
198,7,1866.085672
198,7,1866.085672
198,7,1866.085672
198,7,1866.085672
198,7,1866.085672
198,7,1866.085672
198,7,1866.085672
198,7,1866.085672
199,5,1938.038679
199,6,1865.321491
200,5,1938.038679
200,5,1938.038679
200,6,1865.321491
200,6,1865.321491
201,5,1938.038679
201,5,1938.038679
201,5,1938.038679
201,6,1865.321491
201,6,1865.321491
201,6,1865.321491
202,5,1938.038679
202,5,1938.038679
202,5,1938.038679
202,5,1938.038679
202,6,1865.321491
202,6,1865.321491
202,6,1865.321491
202,6,1865.321491
203,5,1937.749834
203,6,1865.321491
203,6,1865.321491
203,6,1865.321491
203,6,1865.321491
204,5,1927.798436
204,6,1864.494505
205,5,1927.798436
205,6,1862.307458
206,5,1927.798436
206,5,1927.798436
206,6,1862.307458
206,6,1862.307458
206,6,1862.307458
207,5,1927.794344
207,6,1862.307458
207,6,1862.307458
207,6,1862.307458
207,6,1862.307458
207,6,1862.307458
207,6,1862.307458
207,6,1862.307458
208,5,1927.794344
208,5,1927.794344
208,5,1927.794344
208,6,1861.706500
209,5,1927.794344
209,5,1927.794344
209,5,1927.794344
209,5,1927.794344
209,5,1927.794344
209,6,1861.399009
210,5,1925.093995
210,6,1861.399009
210,6,1861.399009
210,6,1861.399009
211,5,1925.093995
211,6,1861.361347
212,5,1925.093995
212,5,1925.093995
212,6,1861.361347
212,6,1861.361347
213,5,1925.093995
213,5,1925.093995
213,5,1925.093995
213,6,1857.490462
214,5,1925.093995
214,5,1925.093995
214,5,1925.093995
214,5,1925.093995
214,6,1857.490462
214,6,1857.490462
215,5,1925.093995
215,5,1925.093995
215,5,1925.093995
215,5,1925.093995
215,5,1925.093995
215,5,1925.093995
215,5,1925.093995
215,5,1925.093995
215,6,1857.145735
216,5,1925.093995
216,5,1925.093995
216,5,1925.093995
216,5,1925.093995
216,5,1925.093995
216,5,1925.093995
216,5,1925.093995
216,5,1925.093995
216,5,1925.093995
216,5,1925.093995
216,5,1925.093995
216,5,1925.093995
216,5,1925.093995
216,5,1925.093995
216,5,1925.093995
216,5,1925.093995
216,5,1925.093995
216,6,1857.145735
217,5,1925.033139
217,6,1856.482540
218,5,1925.033139
218,5,1925.033139
218,6,1856.482540
218,6,1856.482540
219,5,1925.033139
219,5,1925.033139
219,5,1925.033139
219,6,1856.482540
219,6,1856.482540
219,6,1856.482540
219,6,1856.482540
219,6,1856.482540
220,5,1924.597927
220,6,1856.081344
221,5,1924.398378
221,6,1856.049673
222,5,1924.398378
222,6,1856.049673
222,6,1856.049673
223,5,1924.398378
223,5,1924.398378
223,6,1856.049673
223,6,1856.049673
223,6,1856.049673
223,6,1856.049673
223,6,1856.049673
223,6,1856.049673
224,5,1924.396314
224,6,1856.012012
225,5,1924.396314
225,6,1855.950070
226,5,1924.396314
226,6,1855.950070
227,5,1924.396314
227,5,1924.396314
227,6,1855.484863
228,5,1924.396314
228,5,1924.396314
228,5,1924.396314
228,5,1924.396314
228,5,1924.396314
228,6,1855.397084
229,5,1924.396314
229,5,1924.396314
229,5,1924.396314
229,5,1924.396314
229,5,1924.396314
229,5,1924.396314
229,5,1924.396314
229,5,1924.396314
229,5,1924.396314
229,6,1855.397084
229,6,1855.397084
230,5,1924.396314
230,5,1924.396314
230,5,1924.396314
230,5,1924.396314
230,5,1924.396314
230,5,1924.396314
230,5,1924.396314
230,5,1924.396314
230,5,1924.396314
230,5,1924.396314
230,5,1924.396314
230,5,1924.396314
230,5,1924.396314
230,5,1924.396314
230,5,1924.396314
230,5,1924.396314
230,5,1924.396314
230,6,1855.397084
230,6,1855.397084
230,6,1855.397084
230,6,1855.397084
231,5,1924.396314
231,5,1924.396314
231,5,1924.396314
231,5,1924.396314
231,5,1924.396314
231,5,1924.396314
231,5,1924.396314
231,5,1924.396314
231,5,1924.396314
231,5,1924.396314
231,5,1924.396314
231,5,1924.396314
231,5,1924.396314
231,5,1924.396314
231,5,1924.396314
231,5,1924.396314
231,5,1924.396314
231,5,1924.396314
231,5,1924.396314
231,5,1924.396314
231,5,1924.396314
231,5,1924.396314
231,5,1924.396314
231,5,1924.396314
231,5,1924.396314
231,5,1924.396314
231,5,1924.396314
231,5,1924.396314
231,5,1924.396314
231,5,1924.396314
231,5,1924.396314
231,5,1924.396314
231,5,1924.396314
231,5,1924.396314
231,6,1855.397084
231,6,1855.397084
231,6,1855.397084
231,6,1855.397084
232,5,1924.396314
232,5,1924.396314
232,5,1924.396314
232,5,1924.396314
232,5,1924.396314
232,5,1924.396314
232,5,1924.396314
232,5,1924.396314
232,5,1924.396314
232,5,1924.396314
232,5,1924.396314
232,5,1924.396314
232,5,1924.396314
232,5,1924.396314
232,5,1924.396314
232,5,1924.396314
232,5,1924.396314
232,5,1924.396314
232,5,1924.396314
232,5,1924.396314
232,5,1924.396314
232,5,1924.396314
232,5,1924.396314
232,5,1924.396314
232,5,1924.396314
232,5,1924.396314
232,5,1924.396314
232,5,1924.396314
232,5,1924.396314
232,5,1924.396314
232,5,1924.396314
232,5,1924.396314
232,5,1924.396314
232,5,1924.396314
232,5,1924.396314
232,5,1924.396314
232,5,1924.396314
232,5,1924.396314
232,5,1924.396314
232,5,1924.396314
232,5,1924.396314
232,5,1924.396314
232,5,1924.396314
232,5,1924.396314
232,5,1924.396314
232,5,1924.396314
232,5,1924.396314
232,5,1924.396314
232,5,1924.396314
232,5,1924.396314
232,5,1924.396314
232,5,1924.396314
232,5,1924.396314
232,5,1924.396314
232,5,1924.396314
232,5,1924.396314
232,5,1924.396314
232,5,1924.396314
232,5,1924.396314
232,5,1924.396314
232,5,1924.396314
232,5,1924.396314
232,5,1924.396314
232,6,1855.397084
232,6,1855.397084
232,6,1855.397084
232,6,1855.397084
232,6,1855.397084
232,6,1855.397084
232,6,1855.397084
233,5,1924.396314
233,5,1924.396314
233,5,1924.396314
233,5,1924.396314
233,5,1924.396314
233,5,1924.396314
233,5,1924.396314
233,5,1924.396314
233,5,1924.396314
233,5,1924.396314
233,5,1924.396314
233,5,1924.396314
233,5,1924.396314
233,5,1924.396314
233,5,1924.396314
233,5,1924.396314
233,5,1924.396314
233,5,1924.396314
233,5,1924.396314
233,5,1924.396314
233,5,1924.396314
233,5,1924.396314
233,5,1924.396314
233,5,1924.396314
233,5,1924.396314
233,5,1924.396314
233,5,1924.396314
233,5,1924.396314
233,5,1924.396314
233,5,1924.396314
233,5,1924.396314
233,5,1924.396314
233,5,1924.396314
233,5,1924.396314
233,5,1924.396314
233,5,1924.396314
233,5,1924.396314
233,5,1924.396314
233,5,1924.396314
233,5,1924.396314
233,5,1924.396314
233,5,1924.396314
233,5,1924.396314
233,5,1924.396314
233,5,1924.396314
233,5,1924.396314
233,5,1924.396314
233,5,1924.396314
233,5,1924.396314
233,5,1924.396314
233,5,1924.396314
233,5,1924.396314
233,5,1924.396314
233,5,1924.396314
233,5,1924.396314
233,5,1924.396314
233,5,1924.396314
233,5,1924.396314
233,5,1924.396314
233,5,1924.396314
233,5,1924.396314
233,5,1924.396314
233,5,1924.396314
233,5,1924.396314
233,5,1924.396314
233,5,1924.396314
233,5,1924.396314
233,5,1924.396314
233,5,1924.396314
233,5,1924.396314
233,5,1924.396314
233,5,1924.396314
233,5,1924.396314
233,5,1924.396314
233,5,1924.396314
233,5,1924.396314
233,5,1924.396314
233,5,1924.396314
233,5,1924.396314
233,5,1924.396314
233,5,1924.396314
233,5,1924.396314
233,5,1924.396314
233,5,1924.396314
233,5,1924.396314
233,5,1924.396314
233,5,1924.396314
233,5,1924.396314
233,5,1924.396314
233,5,1924.396314
233,5,1924.396314
233,5,1924.396314
233,5,1924.396314
233,5,1924.396314
233,5,1924.396314
233,5,1924.396314
233,5,1924.396314
233,5,1924.396314
233,5,1924.396314
233,5,1924.396314
233,5,1924.396314
233,5,1924.396314
233,5,1924.396314
233,5,1924.396314
233,5,1924.396314
233,5,1924.396314
233,5,1924.396314
233,5,1924.396314
233,5,1924.396314
233,5,1924.396314
233,5,1924.396314
233,5,1924.396314
233,5,1924.396314
233,5,1924.396314
233,5,1924.396314
233,5,1924.396314
233,5,1924.396314
233,5,1924.396314
233,5,1924.396314
233,5,1924.396314
233,5,1924.396314
233,5,1924.396314
233,5,1924.396314
233,5,1924.396314
233,5,1924.396314
233,5,1924.396314
233,5,1924.396314
233,5,1924.396314
233,5,1924.396314
233,6,1854.326026
234,5,1924.396314
234,5,1924.396314
234,5,1924.396314
234,5,1924.396314
234,5,1924.396314
234,5,1924.396314
234,5,1924.396314
234,5,1924.396314
234,5,1924.396314
234,5,1924.396314
234,5,1924.396314
234,5,1924.396314
234,5,1924.396314
234,5,1924.396314
234,5,1924.396314
234,5,1924.396314
234,5,1924.396314
234,5,1924.396314
234,5,1924.396314
234,5,1924.396314
234,5,1924.396314
234,5,1924.396314
234,5,1924.396314
234,5,1924.396314
234,5,1924.396314
234,5,1924.396314
234,5,1924.396314
234,5,1924.396314
234,5,1924.396314
234,5,1924.396314
234,5,1924.396314
234,5,1924.396314
234,5,1924.396314
234,5,1924.396314
234,5,1924.396314
234,5,1924.396314
234,5,1924.396314
234,5,1924.396314
234,5,1924.396314
234,5,1924.396314
234,5,1924.396314
234,5,1924.396314
234,5,1924.396314
234,5,1924.396314
234,5,1924.396314
234,5,1924.396314
234,5,1924.396314
234,5,1924.396314
234,5,1924.396314
234,5,1924.396314
234,5,1924.396314
234,5,1924.396314
234,5,1924.396314
234,5,1924.396314
234,5,1924.396314
234,5,1924.396314
234,5,1924.396314
234,5,1924.396314
234,5,1924.396314
234,5,1924.396314
234,5,1924.396314
234,5,1924.396314
234,5,1924.396314
234,5,1924.396314
234,5,1924.396314
234,5,1924.396314
234,5,1924.396314
234,5,1924.396314
234,5,1924.396314
234,5,1924.396314
234,5,1924.396314
234,5,1924.396314
234,5,1924.396314
234,5,1924.396314
234,5,1924.396314
234,5,1924.396314
234,5,1924.396314
234,5,1924.396314
234,5,1924.396314
234,5,1924.396314
234,5,1924.396314
234,5,1924.396314
234,5,1924.396314
234,5,1924.396314
234,5,1924.396314
234,5,1924.396314
234,5,1924.396314
234,5,1924.396314
234,5,1924.396314
234,5,1924.396314
234,5,1924.396314
234,5,1924.396314
234,5,1924.396314
234,5,1924.396314
234,5,1924.396314
234,5,1924.396314
234,5,1924.396314
234,5,1924.396314
234,5,1924.396314
234,5,1924.396314
234,5,1924.396314
234,5,1924.396314
234,5,1924.396314
234,5,1924.396314
234,5,1924.396314
234,5,1924.396314
234,5,1924.396314
234,5,1924.396314
234,5,1924.396314
234,5,1924.396314
234,5,1924.396314
234,5,1924.396314
234,5,1924.396314
234,5,1924.396314
234,5,1924.396314
234,5,1924.396314
234,5,1924.396314
234,5,1924.396314
234,5,1924.396314
234,5,1924.396314
234,5,1924.396314
234,5,1924.396314
234,5,1924.396314
234,5,1924.396314
234,5,1924.396314
234,5,1924.396314
234,5,1924.396314
234,5,1924.396314
234,5,1924.396314
234,5,1924.396314
234,5,1924.396314
234,5,1924.396314
234,5,1924.396314
234,5,1924.396314
234,5,1924.396314
234,5,1924.396314
234,5,1924.396314
234,5,1924.396314
234,5,1924.396314
234,5,1924.396314
234,5,1924.396314
234,5,1924.396314
234,5,1924.396314
234,5,1924.396314
234,5,1924.396314
234,5,1924.396314
234,5,1924.396314
234,5,1924.396314
234,5,1924.396314
234,6,1853.609468
235,5,1919.522112
235,6,1853.609468
235,6,1853.609468
236,5,1919.182046
236,6,1853.609468
236,6,1853.609468
237,5,1917.812912
237,6,1853.609468
237,6,1853.609468
237,6,1853.609468
238,5,1917.534478
238,6,1853.609468
238,6,1853.609468
238,6,1853.609468
238,6,1853.609468
239,5,1917.534478
239,6,1853.609468
239,6,1853.609468
239,6,1853.609468
239,6,1853.609468
239,6,1853.609468
240,5,1917.534478
240,6,1853.609468
240,6,1853.609468
240,6,1853.609468
240,6,1853.609468
240,6,1853.609468
240,6,1853.609468
240,6,1853.609468
240,6,1853.609468
240,6,1853.609468
241,5,1917.534478
241,5,1917.534478
241,5,1917.534478
241,6,1853.407594
242,5,1917.534478
242,5,1917.534478
242,5,1917.534478
242,5,1917.534478
242,6,1853.407594
242,6,1853.407594
243,5,1916.519369
243,6,1853.407594
243,6,1853.407594
243,6,1853.407594
243,6,1853.407594
244,5,1916.519369
244,5,1916.519369
244,6,1853.407594
244,6,1853.407594
244,6,1853.407594
244,6,1853.407594
244,6,1853.407594
245,5,1916.519369
245,5,1916.519369
245,5,1916.519369
245,6,1853.407594
245,6,1853.407594
245,6,1853.407594
245,6,1853.407594
245,6,1853.407594
245,6,1853.407594
246,5,1916.519369
246,5,1916.519369
246,5,1916.519369
246,5,1916.519369
246,5,1916.519369
246,5,1916.519369
246,5,1916.519369
246,6,1853.407594
246,6,1853.407594
246,6,1853.407594
246,6,1853.407594
246,6,1853.407594
246,6,1853.407594
246,6,1853.407594
246,6,1853.407594
246,6,1853.407594
246,6,1853.407594
247,5,1915.363356
247,6,1853.407594
247,6,1853.407594
247,6,1853.407594
247,6,1853.407594
247,6,1853.407594
247,6,1853.407594
247,6,1853.407594
247,6,1853.407594
247,6,1853.407594
247,6,1853.407594
247,6,1853.407594
247,6,1853.407594
247,6,1853.407594
247,6,1853.407594
247,6,1853.407594
247,6,1853.407594
247,6,1853.407594
247,6,1853.407594
247,6,1853.407594
247,6,1853.407594
247,6,1853.407594
248,5,1914.964902
248,6,1852.909259
249,5,1914.964902
249,5,1914.964902
249,6,1852.909259
249,6,1852.909259
250,5,1914.964902
250,5,1914.964902
250,6,1852.909259
250,6,1852.909259
250,6,1852.909259
250,6,1852.909259
251,5,1914.964902
251,5,1914.964902
251,5,1914.964902
251,6,1852.909259
251,6,1852.909259
251,6,1852.909259
251,6,1852.909259
251,6,1852.909259
251,6,1852.909259
252,5,1914.964902
252,5,1914.964902
252,5,1914.964902
252,5,1914.964902
252,5,1914.964902
252,5,1914.964902
252,6,1852.847317
253,5,1914.964902
253,5,1914.964902
253,5,1914.964902
253,5,1914.964902
253,5,1914.964902
253,5,1914.964902
253,5,1914.964902
253,5,1914.964902
253,5,1914.964902
253,5,1914.964902
253,5,1914.964902
253,5,1914.964902
253,5,1914.964902
253,5,1914.964902
253,5,1914.964902
253,6,1852.847317
