Iteration,NV,TOC
1,9,1798.975665
1,10,1725.597384
1,11,1693.994149
1,12,1674.021398
1,13,1669.495294
1,14,1655.609279
2,9,1798.975665
2,9,1798.975665
2,10,1725.597384
2,10,1725.597384
2,11,1693.994149
2,11,1693.994149
2,12,1674.021398
2,12,1674.021398
2,13,1669.495294
2,13,1669.495294
2,14,1655.609279
2,14,1655.609279
3,9,1798.975665
3,9,1798.975665
3,9,1798.975665
3,10,1725.597384
3,10,1725.597384
3,10,1725.597384
3,11,1693.994149
3,11,1693.994149
3,11,1693.994149
3,12,1674.021398
3,12,1674.021398
3,12,1674.021398
3,13,1669.495294
3,13,1669.495294
3,13,1669.495294
3,14,1655.609279
3,14,1655.609279
3,14,1655.609279
4,9,1798.975665
4,9,1798.975665
4,9,1798.975665
4,9,1798.975665
4,10,1725.597384
4,10,1725.597384
4,10,1725.597384
4,10,1725.597384
4,11,1693.994149
4,11,1693.994149
4,11,1693.994149
4,11,1693.994149
4,12,1674.021398
4,12,1674.021398
4,12,1674.021398
4,12,1674.021398
4,13,1655.653541
4,14,1655.609279
4,14,1655.609279
4,14,1655.609279
4,14,1655.609279
5,9,1798.975665
5,9,1798.975665
5,9,1798.975665
5,9,1798.975665
5,9,1798.975665
5,10,1725.597384
5,10,1725.597384
5,10,1725.597384
5,10,1725.597384
5,10,1725.597384
5,11,1693.994149
5,11,1693.994149
5,11,1693.994149
5,11,1693.994149
5,11,1693.994149
5,12,1672.364586
5,13,1655.653541
5,13,1655.653541
5,14,1655.609279
5,14,1655.609279
5,14,1655.609279
5,14,1655.609279
5,14,1655.609279
5,15,1653.308044
6,9,1798.975665
6,9,1798.975665
6,9,1798.975665
6,9,1798.975665
6,9,1798.975665
6,9,1798.975665
6,10,1725.597384
6,10,1725.597384
6,10,1725.597384
6,10,1725.597384
6,10,1725.597384
6,10,1725.597384
6,11,1644.589670
7,9,1798.975665
7,9,1798.975665
7,9,1798.975665
7,9,1798.975665
7,9,1798.975665
7,9,1798.975665
7,9,1798.975665
7,10,1725.597384
7,10,1725.597384
7,10,1725.597384
7,10,1725.597384
7,10,1725.597384
7,10,1725.597384
7,10,1725.597384
7,11,1644.589670
7,11,1644.589670
8,9,1794.561920
8,10,1717.173619
8,11,1644.589670
8,11,1644.589670
8,11,1644.589670
9,9,1794.561920
9,9,1794.561920
9,10,1681.904092
9,11,1644.589670
9,11,1644.589670
9,11,1644.589670
9,11,1644.589670
10,9,1794.561920
10,9,1794.561920
10,9,1794.561920
10,10,1670.334433
10,11,1609.735484
11,9,1794.561920
11,9,1794.561920
11,9,1794.561920
11,9,1794.561920
11,10,1670.334433
11,10,1670.334433
11,11,1609.735484
11,11,1609.735484
12,9,1794.561920
12,9,1794.561920
12,9,1794.561920
12,9,1794.561920
12,9,1794.561920
12,10,1670.334433
12,10,1670.334433
12,10,1670.334433
12,11,1609.735484
12,11,1609.735484
12,11,1609.735484
13,9,1609.056765
13,10,1567.452894
13,11,1555.773912
14,9,1609.056765
14,9,1609.056765
14,10,1567.452894
14,10,1567.452894
14,11,1555.773912
14,11,1555.773912
15,9,1609.056765
15,9,1609.056765
15,9,1609.056765
15,10,1567.452894
15,10,1567.452894
15,10,1567.452894
15,11,1555.773912
15,11,1555.773912
15,11,1555.773912
16,9,1609.056765
16,9,1609.056765
16,9,1609.056765
16,9,1609.056765
16,10,1567.452894
16,10,1567.452894
16,10,1567.452894
16,10,1567.452894
16,11,1555.773912
16,11,1555.773912
16,11,1555.773912
16,11,1555.773912
17,9,1558.204106
17,10,1514.820727
18,9,1558.204106
18,9,1558.204106
18,10,1514.820727
18,10,1514.820727
19,9,1558.204106
19,9,1558.204106
19,9,1558.204106
19,10,1514.820727
19,10,1514.820727
19,10,1514.820727
20,9,1558.204106
20,9,1558.204106
20,9,1558.204106
20,9,1558.204106
20,10,1514.820727
20,10,1514.820727
20,10,1514.820727
20,10,1514.820727
21,8,1542.538362
21,9,1507.167318
21,10,1484.305596
22,8,1542.538362
22,8,1542.538362
22,9,1507.167318
22,9,1507.167318
22,10,1484.305596
22,10,1484.305596
23,8,1542.538362
23,8,1542.538362
23,8,1542.538362
23,9,1507.167318
23,9,1507.167318
23,9,1507.167318
23,10,1484.305596
23,10,1484.305596
23,10,1484.305596
24,8,1542.538362
24,8,1542.538362
24,8,1542.538362
24,8,1542.538362
24,9,1507.167318
24,9,1507.167318
24,9,1507.167318
24,9,1507.167318
24,10,1484.305596
24,10,1484.305596
24,10,1484.305596
24,10,1484.305596
25,8,1479.781948
25,9,1454.356546
25,10,1434.578434
26,8,1479.781948
26,8,1479.781948
26,9,1454.356546
26,9,1454.356546
26,10,1434.578434
26,10,1434.578434
27,8,1479.781948
27,8,1479.781948
27,8,1479.781948
27,9,1454.356546
27,9,1454.356546
27,9,1454.356546
27,10,1434.578434
27,10,1434.578434
27,10,1434.578434
28,8,1479.781948
28,8,1479.781948
28,8,1479.781948
28,8,1479.781948
28,9,1454.356546
28,9,1454.356546
28,9,1454.356546
28,9,1454.356546
28,10,1434.578434
28,10,1434.578434
28,10,1434.578434
28,10,1434.578434
29,8,1478.924378
29,9,1431.040916
29,10,1406.650482
30,7,1513.086350
30,8,1478.924378
30,8,1478.924378
30,9,1431.040916
30,9,1431.040916
30,10,1406.650482
30,10,1406.650482
31,7,1513.086350
31,7,1513.086350
31,8,1478.924378
31,8,1478.924378
31,8,1478.924378
31,9,1431.040916
31,9,1431.040916
31,9,1431.040916
31,10,1406.650482
31,10,1406.650482
31,10,1406.650482
32,7,1513.086350
32,7,1513.086350
32,7,1513.086350
32,8,1478.924378
32,8,1478.924378
32,8,1478.924378
32,8,1478.924378
32,9,1431.040916
32,9,1431.040916
32,9,1431.040916
32,9,1431.040916
32,10,1406.650482
32,10,1406.650482
32,10,1406.650482
32,10,1406.650482
33,7,1471.167903
33,9,1406.694827
33,10,1404.115424
34,7,1471.167903
34,7,1471.167903
34,9,1406.694827
34,9,1406.694827
34,10,1404.115424
34,10,1404.115424
35,7,1471.167903
35,7,1471.167903
35,7,1471.167903
35,8,1443.521011
35,9,1406.694827
35,9,1406.694827
35,9,1406.694827
35,10,1404.115424
35,10,1404.115424
35,10,1404.115424
36,7,1471.167903
36,7,1471.167903
36,7,1471.167903
36,7,1471.167903
36,8,1443.521011
36,8,1443.521011
36,9,1406.694827
36,9,1406.694827
36,9,1406.694827
36,9,1406.694827
36,10,1404.115424
36,10,1404.115424
36,10,1404.115424
36,10,1404.115424
37,7,1471.167903
37,7,1471.167903
37,7,1471.167903
37,7,1471.167903
37,7,1471.167903
37,8,1443.521011
37,8,1443.521011
37,8,1443.521011
37,9,1406.694827
37,9,1406.694827
37,9,1406.694827
37,9,1406.694827
37,9,1406.694827
37,10,1404.115424
37,10,1404.115424
37,10,1404.115424
37,10,1404.115424
37,10,1404.115424
38,7,1409.952869
38,9,1362.999701
39,7,1409.952869
39,7,1409.952869
39,9,1362.999701
39,9,1362.999701
40,7,1409.952869
40,7,1409.952869
40,7,1409.952869
40,9,1362.999701
40,9,1362.999701
40,9,1362.999701
41,7,1409.952869
41,7,1409.952869
41,7,1409.952869
41,7,1409.952869
41,9,1362.999701
41,9,1362.999701
41,9,1362.999701
41,9,1362.999701
42,7,1357.027522
42,9,1333.510077
43,7,1347.395893
43,9,1330.373108
44,7,1341.489583
44,9,1305.220408
45,7,1339.371209
45,9,1305.220408
45,9,1305.220408
46,7,1325.366332
46,8,1287.472817
47,7,1325.366332
47,7,1325.366332
47,8,1275.484122
48,7,1325.366332
48,7,1325.366332
48,7,1325.366332
48,7,1325.366332
48,7,1325.366332
48,7,1325.366332
48,8,1274.883732
49,6,1304.081722
49,7,1284.166474
49,8,1252.698591
50,6,1304.081722
50,6,1304.081722
50,7,1284.166474
50,7,1284.166474
50,8,1252.698591
50,8,1252.698591
51,6,1304.081722
51,6,1304.081722
51,6,1304.081722
51,7,1284.166474
51,7,1284.166474
51,7,1284.166474
51,8,1252.698591
51,8,1252.698591
51,8,1252.698591
52,6,1304.081722
52,6,1304.081722
52,6,1304.081722
52,6,1304.081722
52,7,1284.166474
52,7,1284.166474
52,7,1284.166474
52,7,1284.166474
52,8,1252.698591
52,8,1252.698591
52,8,1252.698591
52,8,1252.698591
53,6,1296.924932
53,7,1283.229131
53,8,1252.698591
53,8,1252.698591
53,8,1252.698591
53,8,1252.698591
54,6,1296.924932
54,6,1296.924932
54,7,1283.229131
54,7,1283.229131
54,8,1252.698591
54,8,1252.698591
54,8,1252.698591
54,8,1252.698591
54,8,1252.698591
54,8,1252.698591
54,8,1252.698591
54,8,1252.698591
55,6,1296.924932
55,6,1296.924932
55,6,1296.924932
55,7,1283.229131
55,7,1283.229131
55,7,1283.229131
55,8,1252.698591
55,8,1252.698591
55,8,1252.698591
55,8,1252.698591
55,8,1252.698591
55,8,1252.698591
55,8,1252.698591
55,8,1252.698591
55,8,1252.698591
55,8,1252.698591
55,8,1252.698591
55,8,1252.698591
56,6,1296.924932
56,6,1296.924932
56,6,1296.924932
56,6,1296.924932
56,7,1283.229131
56,7,1283.229131
56,7,1283.229131
56,7,1283.229131
56,8,1252.698591
56,8,1252.698591
56,8,1252.698591
56,8,1252.698591
56,8,1252.698591
56,8,1252.698591
56,8,1252.698591
56,8,1252.698591
56,8,1252.698591
56,8,1252.698591
56,8,1252.698591
56,8,1252.698591
56,8,1252.698591
56,8,1252.698591
56,8,1252.698591
56,8,1252.698591
57,6,1272.089096
57,8,1252.698591
57,8,1252.698591
57,8,1252.698591
57,8,1252.698591
57,8,1252.698591
57,8,1252.698591
57,8,1252.698591
57,8,1252.698591
57,8,1252.698591
57,8,1252.698591
57,8,1252.698591
57,8,1252.698591
57,8,1252.698591
57,8,1252.698591
57,8,1252.698591
58,6,1272.089096
58,6,1272.089096
58,8,1252.698591
58,8,1252.698591
58,8,1252.698591
58,8,1252.698591
58,8,1252.698591
58,8,1252.698591
58,8,1252.698591
58,8,1252.698591
58,8,1252.698591
58,8,1252.698591
58,8,1252.698591
58,8,1252.698591
58,8,1252.698591
58,8,1252.698591
58,8,1252.698591
58,8,1252.698591
58,8,1252.698591
58,8,1252.698591
58,8,1252.698591
58,8,1252.698591
58,8,1252.698591
58,8,1252.698591
58,8,1252.698591
58,8,1252.698591
58,8,1252.698591
58,8,1252.698591
58,8,1252.698591
58,8,1252.698591
58,8,1252.698591
58,8,1252.698591
59,6,1272.089096
59,6,1272.089096
59,6,1272.089096
59,8,1252.698591
59,8,1252.698591
59,8,1252.698591
59,8,1252.698591
59,8,1252.698591
59,8,1252.698591
59,8,1252.698591
59,8,1252.698591
59,8,1252.698591
59,8,1252.698591
59,8,1252.698591
59,8,1252.698591
59,8,1252.698591
59,8,1252.698591
59,8,1252.698591
59,8,1252.698591
59,8,1252.698591
59,8,1252.698591
59,8,1252.698591
59,8,1252.698591
59,8,1252.698591
59,8,1252.698591
59,8,1252.698591
59,8,1252.698591
59,8,1252.698591
59,8,1252.698591
59,8,1252.698591
59,8,1252.698591
59,8,1252.698591
59,8,1252.698591
59,8,1252.698591
59,8,1252.698591
59,8,1252.698591
59,8,1252.698591
59,8,1252.698591
59,8,1252.698591
59,8,1252.698591
59,8,1252.698591
59,8,1252.698591
59,8,1252.698591
59,8,1252.698591
59,8,1252.698591
59,8,1252.698591
59,8,1252.698591
59,8,1252.698591
60,6,1272.089096
60,6,1272.089096
60,6,1272.089096
60,6,1272.089096
60,8,1252.698591
60,8,1252.698591
60,8,1252.698591
60,8,1252.698591
60,8,1252.698591
60,8,1252.698591
60,8,1252.698591
60,8,1252.698591
60,8,1252.698591
60,8,1252.698591
60,8,1252.698591
60,8,1252.698591
60,8,1252.698591
60,8,1252.698591
60,8,1252.698591
60,8,1252.698591
60,8,1252.698591
60,8,1252.698591
60,8,1252.698591
60,8,1252.698591
60,8,1252.698591
60,8,1252.698591
60,8,1252.698591
60,8,1252.698591
60,8,1252.698591
60,8,1252.698591
60,8,1252.698591
60,8,1252.698591
60,8,1252.698591
60,8,1252.698591
60,8,1252.698591
60,8,1252.698591
60,8,1252.698591
60,8,1252.698591
60,8,1252.698591
60,8,1252.698591
60,8,1252.698591
60,8,1252.698591
60,8,1252.698591
60,8,1252.698591
60,8,1252.698591
60,8,1252.698591
60,8,1252.698591
60,8,1252.698591
60,8,1252.698591
60,8,1252.698591
60,8,1252.698591
60,8,1252.698591
60,8,1252.698591
60,8,1252.698591
60,8,1252.698591
60,8,1252.698591
60,8,1252.698591
60,8,1252.698591
60,8,1252.698591
60,8,1252.698591
60,8,1252.698591
60,8,1252.698591
60,8,1252.698591
60,8,1252.698591
61,5,1271.959665
61,7,1261.195566
61,8,1237.818325
62,5,1271.959665
62,5,1271.959665
62,7,1261.195566
62,7,1261.195566
62,8,1237.818325
62,8,1237.818325
63,5,1271.959665
63,5,1271.959665
63,5,1271.959665
63,7,1261.195566
63,7,1261.195566
63,7,1261.195566
63,8,1237.818325
63,8,1237.818325
63,8,1237.818325
64,5,1271.959665
64,5,1271.959665
64,5,1271.959665
64,5,1271.959665
64,7,1261.195566
64,7,1261.195566
64,7,1261.195566
64,7,1261.195566
64,8,1237.818325
64,8,1237.818325
64,8,1237.818325
64,8,1237.818325
65,5,1267.809612
65,7,1245.150763
65,8,1225.820553
66,5,1267.809612
66,5,1267.809612
66,7,1245.150763
66,7,1245.150763
66,8,1225.820553
66,8,1225.820553
67,5,1267.809612
67,5,1267.809612
67,5,1267.809612
67,7,1245.150763
67,7,1245.150763
67,7,1245.150763
67,8,1225.820553
67,8,1225.820553
67,8,1225.820553
68,5,1267.809612
68,5,1267.809612
68,5,1267.809612
68,5,1267.809612
68,7,1245.150763
68,7,1245.150763
68,7,1245.150763
68,7,1245.150763
68,8,1225.820553
68,8,1225.820553
68,8,1225.820553
68,8,1225.820553
69,5,1261.673847
69,7,1245.150763
69,7,1245.150763
69,7,1245.150763
69,7,1245.150763
69,8,1225.820553
69,8,1225.820553
69,8,1225.820553
70,5,1261.673847
70,5,1261.673847
70,7,1245.150763
70,7,1245.150763
70,7,1245.150763
70,7,1245.150763
70,7,1245.150763
70,7,1245.150763
70,7,1245.150763
70,7,1245.150763
70,8,1225.820553
70,8,1225.820553
70,8,1225.820553
70,8,1225.820553
70,8,1225.820553
70,8,1225.820553
71,5,1261.673847
71,5,1261.673847
71,5,1261.673847
71,7,1245.150763
71,7,1245.150763
71,7,1245.150763
71,7,1245.150763
71,7,1245.150763
71,7,1245.150763
71,7,1245.150763
71,7,1245.150763
71,7,1245.150763
71,7,1245.150763
71,7,1245.150763
71,7,1245.150763
71,8,1225.820553
71,8,1225.820553
71,8,1225.820553
71,8,1225.820553
71,8,1225.820553
71,8,1225.820553
71,8,1225.820553
71,8,1225.820553
71,8,1225.820553
72,5,1261.673847
72,5,1261.673847
72,5,1261.673847
72,5,1261.673847
72,7,1245.150763
72,7,1245.150763
72,7,1245.150763
72,7,1245.150763
72,7,1245.150763
72,7,1245.150763
72,7,1245.150763
72,7,1245.150763
72,7,1245.150763
72,7,1245.150763
72,7,1245.150763
72,7,1245.150763
72,7,1245.150763
72,7,1245.150763
72,7,1245.150763
72,7,1245.150763
72,8,1225.820553
72,8,1225.820553
72,8,1225.820553
72,8,1225.820553
72,8,1225.820553
72,8,1225.820553
72,8,1225.820553
72,8,1225.820553
72,8,1225.820553
72,8,1225.820553
72,8,1225.820553
72,8,1225.820553
73,5,1242.781006
73,6,1242.183974
73,7,1240.385601
73,8,1225.820553
73,8,1225.820553
73,8,1225.820553
73,8,1225.820553
73,8,1225.820553
73,8,1225.820553
73,8,1225.820553
73,8,1225.820553
73,8,1225.820553
73,8,1225.820553
73,8,1225.820553
73,8,1225.820553
74,5,1242.781006
74,5,1242.781006
74,6,1242.183974
74,6,1242.183974
74,7,1240.385601
74,7,1240.385601
74,8,1225.820553
74,8,1225.820553
74,8,1225.820553
74,8,1225.820553
74,8,1225.820553
74,8,1225.820553
74,8,1225.820553
74,8,1225.820553
74,8,1225.820553
74,8,1225.820553
74,8,1225.820553
74,8,1225.820553
74,8,1225.820553
74,8,1225.820553
74,8,1225.820553
74,8,1225.820553
74,8,1225.820553
74,8,1225.820553
74,8,1225.820553
74,8,1225.820553
74,8,1225.820553
74,8,1225.820553
74,8,1225.820553
74,8,1225.820553
75,5,1242.781006
75,5,1242.781006
75,5,1242.781006
75,6,1242.183974
75,6,1242.183974
75,6,1242.183974
75,7,1240.385601
75,7,1240.385601
75,7,1240.385601
75,8,1225.820553
75,8,1225.820553
75,8,1225.820553
75,8,1225.820553
75,8,1225.820553
75,8,1225.820553
75,8,1225.820553
75,8,1225.820553
75,8,1225.820553
75,8,1225.820553
75,8,1225.820553
75,8,1225.820553
75,8,1225.820553
75,8,1225.820553
75,8,1225.820553
75,8,1225.820553
75,8,1225.820553
75,8,1225.820553
75,8,1225.820553
75,8,1225.820553
75,8,1225.820553
75,8,1225.820553
75,8,1225.820553
75,8,1225.820553
75,8,1225.820553
75,8,1225.820553
75,8,1225.820553
75,8,1225.820553
75,8,1225.820553
75,8,1225.820553
75,8,1225.820553
75,8,1225.820553
75,8,1225.820553
75,8,1225.820553
75,8,1225.820553
75,8,1225.820553
76,5,1242.781006
76,5,1242.781006
76,5,1242.781006
76,5,1242.781006
76,6,1242.183974
76,6,1242.183974
76,6,1242.183974
76,6,1242.183974
76,7,1240.385601
76,7,1240.385601
76,7,1240.385601
76,7,1240.385601
76,8,1225.820553
76,8,1225.820553
76,8,1225.820553
76,8,1225.820553
76,8,1225.820553
76,8,1225.820553
76,8,1225.820553
76,8,1225.820553
76,8,1225.820553
76,8,1225.820553
76,8,1225.820553
76,8,1225.820553
76,8,1225.820553
76,8,1225.820553
76,8,1225.820553
76,8,1225.820553
76,8,1225.820553
76,8,1225.820553
76,8,1225.820553
76,8,1225.820553
76,8,1225.820553
76,8,1225.820553
76,8,1225.820553
76,8,1225.820553
76,8,1225.820553
76,8,1225.820553
76,8,1225.820553
76,8,1225.820553
76,8,1225.820553
76,8,1225.820553
76,8,1225.820553
76,8,1225.820553
76,8,1225.820553
76,8,1225.820553
76,8,1225.820553
76,8,1225.820553
76,8,1225.820553
76,8,1225.820553
76,8,1225.820553
76,8,1225.820553
76,8,1225.820553
76,8,1225.820553
76,8,1225.820553
76,8,1225.820553
76,8,1225.820553
76,8,1225.820553
76,8,1225.820553
76,8,1225.820553
77,5,1242.781006
77,5,1242.781006
77,5,1242.781006
77,6,1233.515844
77,7,1215.020987
78,5,1242.781006
78,5,1242.781006
78,5,1242.781006
78,5,1242.781006
78,5,1242.781006
78,5,1242.781006
78,6,1233.515844
78,6,1233.515844
78,7,1215.020987
78,7,1215.020987
79,5,1242.781006
79,5,1242.781006
79,5,1242.781006
79,5,1242.781006
79,5,1242.781006
79,5,1242.781006
79,5,1242.781006
79,5,1242.781006
79,5,1242.781006
79,6,1233.515844
79,6,1233.515844
79,6,1233.515844
79,7,1215.020987
79,7,1215.020987
79,7,1215.020987
80,5,1242.781006
80,5,1242.781006
80,5,1242.781006
80,5,1242.781006
80,5,1242.781006
80,5,1242.781006
80,5,1242.781006
80,5,1242.781006
80,5,1242.781006
80,5,1242.781006
80,5,1242.781006
80,5,1242.781006
80,6,1233.515844
80,6,1233.515844
80,6,1233.515844
80,6,1233.515844
80,7,1215.020987
80,7,1215.020987
80,7,1215.020987
80,7,1215.020987
81,5,1225.405102
81,7,1214.170154
82,5,1225.405102
82,5,1225.405102
82,7,1214.170154
82,7,1214.170154
83,5,1225.405102
83,5,1225.405102
83,5,1225.405102
83,7,1214.170154
83,7,1214.170154
83,7,1214.170154
84,5,1225.405102
84,5,1225.405102
84,5,1225.405102
84,5,1225.405102
84,7,1214.170154
84,7,1214.170154
84,7,1214.170154
84,7,1214.170154
85,5,1225.405102
85,5,1225.405102
85,7,1210.006397
86,5,1225.405102
86,5,1225.405102
86,5,1225.405102
86,5,1225.405102
86,7,1210.006397
86,7,1210.006397
87,5,1225.405102
87,5,1225.405102
87,5,1225.405102
87,5,1225.405102
87,5,1225.405102
87,5,1225.405102
87,5,1225.405102
87,5,1225.405102
87,7,1206.731561
88,5,1219.521750
88,7,1206.207016
89,5,1219.425840
89,7,1206.207016
89,7,1206.207016
89,7,1206.207016
90,5,1218.199947
90,7,1205.541795
91,5,1218.199947
91,7,1201.388027
92,5,1218.199947
92,7,1201.388027
93,5,1212.198788
93,7,1201.388027
94,5,1212.198788
94,7,1200.201523
95,5,1212.198788
95,7,1200.201523
95,7,1200.201523
96,5,1212.198788
96,7,1194.994242
97,5,1212.198788
97,7,1194.994242
97,7,1194.994242
98,5,1212.198788
98,7,1194.994242
98,7,1194.994242
98,7,1194.994242
99,5,1212.198788
99,7,1194.994242
99,7,1194.994242
99,7,1194.994242
99,7,1194.994242
99,7,1194.994242
99,7,1194.994242
99,7,1194.994242
99,7,1194.994242
100,5,1212.198788
100,7,1194.994242
100,7,1194.994242
100,7,1194.994242
100,7,1194.994242
100,7,1194.994242
100,7,1194.994242
100,7,1194.994242
100,7,1194.994242
100,7,1194.994242
100,7,1194.994242
100,7,1194.994242
100,7,1194.994242
100,7,1194.994242
100,7,1194.994242
101,5,1212.198788
101,7,1194.994242
101,7,1194.994242
101,7,1194.994242
101,7,1194.994242
101,7,1194.994242
101,7,1194.994242
101,7,1194.994242
101,7,1194.994242
101,7,1194.994242
101,7,1194.994242
101,7,1194.994242
101,7,1194.994242
101,7,1194.994242
101,7,1194.994242
101,7,1194.994242
101,7,1194.994242
101,7,1194.994242
101,7,1194.994242
101,7,1194.994242
101,7,1194.994242
101,7,1194.994242
101,7,1194.994242
101,7,1194.994242
101,7,1194.994242
101,7,1194.994242
101,7,1194.994242
101,7,1194.994242
101,7,1194.994242
101,7,1194.994242
101,7,1194.994242
101,7,1194.994242
102,5,1212.198788
102,7,1194.994242
102,7,1194.994242
102,7,1194.994242
102,7,1194.994242
102,7,1194.994242
102,7,1194.994242
102,7,1194.994242
102,7,1194.994242
102,7,1194.994242
102,7,1194.994242
102,7,1194.994242
102,7,1194.994242
102,7,1194.994242
102,7,1194.994242
102,7,1194.994242
102,7,1194.994242
102,7,1194.994242
102,7,1194.994242
102,7,1194.994242
102,7,1194.994242
102,7,1194.994242
102,7,1194.994242
102,7,1194.994242
102,7,1194.994242
102,7,1194.994242
102,7,1194.994242
102,7,1194.994242
102,7,1194.994242
102,7,1194.994242
102,7,1194.994242
102,7,1194.994242
102,7,1194.994242
102,7,1194.994242
102,7,1194.994242
102,7,1194.994242
102,7,1194.994242
102,7,1194.994242
102,7,1194.994242
102,7,1194.994242
102,7,1194.994242
102,7,1194.994242
102,7,1194.994242
102,7,1194.994242
102,7,1194.994242
102,7,1194.994242
102,7,1194.994242
102,7,1194.994242
102,7,1194.994242
102,7,1194.994242
102,7,1194.994242
102,7,1194.994242
102,7,1194.994242
102,7,1194.994242
102,7,1194.994242
102,7,1194.994242
102,7,1194.994242
102,7,1194.994242
102,7,1194.994242
102,7,1194.994242
102,7,1194.994242
102,7,1194.994242
102,7,1194.994242
102,7,1194.994242
102,7,1194.994242
102,7,1194.994242
102,7,1194.994242
102,7,1194.994242
103,5,1212.198788
103,5,1212.198788
103,7,1191.151656
104,5,1212.198788
104,5,1212.198788
104,5,1212.198788
104,7,1191.151656
105,5,1212.198788
105,5,1212.198788
105,5,1212.198788
105,7,1191.151656
106,5,1212.198788
106,5,1212.198788
106,5,1212.198788
106,7,1189.054042
107,5,1212.198788
107,5,1212.198788
107,5,1212.198788
107,5,1212.198788
107,7,1189.054042
108,5,1212.198788
108,5,1212.198788
108,5,1212.198788
108,5,1212.198788
108,5,1212.198788
108,5,1212.198788
108,5,1212.198788
108,5,1212.198788
108,7,1189.054042
108,7,1189.054042
109,5,1212.198788
109,5,1212.198788
109,5,1212.198788
109,5,1212.198788
109,5,1212.198788
109,5,1212.198788
109,5,1212.198788
109,5,1212.198788
109,5,1212.198788
109,5,1212.198788
109,5,1212.198788
109,5,1212.198788
109,5,1212.198788
109,7,1189.054042
109,7,1189.054042
109,7,1189.054042
110,5,1212.198788
110,5,1212.198788
110,5,1212.198788
110,5,1212.198788
110,5,1212.198788
110,5,1212.198788
110,5,1212.198788
110,5,1212.198788
110,5,1212.198788
110,5,1212.198788
110,5,1212.198788
110,5,1212.198788
110,5,1212.198788
110,5,1212.198788
110,5,1212.198788
110,5,1212.198788
110,5,1212.198788
110,5,1212.198788
110,5,1212.198788
110,5,1212.198788
110,5,1212.198788
110,5,1212.198788
110,5,1212.198788
110,5,1212.198788
110,7,1189.054042
110,7,1189.054042
110,7,1189.054042
110,7,1189.054042
111,5,1212.198788
111,5,1212.198788
111,5,1212.198788
111,5,1212.198788
111,5,1212.198788
111,5,1212.198788
111,5,1212.198788
111,5,1212.198788
111,5,1212.198788
111,5,1212.198788
111,5,1212.198788
111,5,1212.198788
111,5,1212.198788
111,5,1212.198788
111,5,1212.198788
111,5,1212.198788
111,5,1212.198788
111,5,1212.198788
111,5,1212.198788
111,5,1212.198788
111,5,1212.198788
111,5,1212.198788
111,5,1212.198788
111,5,1212.198788
111,5,1212.198788
111,5,1212.198788
111,5,1212.198788
111,5,1212.198788
111,5,1212.198788
111,5,1212.198788
111,5,1212.198788
111,5,1212.198788
111,5,1212.198788
111,5,1212.198788
111,5,1212.198788
111,5,1212.198788
111,5,1212.198788
111,5,1212.198788
111,5,1212.198788
111,5,1212.198788
111,5,1212.198788
111,5,1212.198788
111,5,1212.198788
111,5,1212.198788
111,5,1212.198788
111,5,1212.198788
111,5,1212.198788
111,5,1212.198788
111,7,1189.054042
111,7,1189.054042
111,7,1189.054042
111,7,1189.054042
111,7,1189.054042
111,7,1189.054042
112,5,1212.198788
112,5,1212.198788
112,5,1212.198788
112,5,1212.198788
112,5,1212.198788
112,5,1212.198788
112,5,1212.198788
112,5,1212.198788
112,5,1212.198788
112,5,1212.198788
112,5,1212.198788
112,5,1212.198788
112,5,1212.198788
112,5,1212.198788
112,5,1212.198788
112,5,1212.198788
112,5,1212.198788
112,5,1212.198788
112,5,1212.198788
112,5,1212.198788
112,5,1212.198788
112,5,1212.198788
112,5,1212.198788
112,5,1212.198788
112,5,1212.198788
112,5,1212.198788
112,5,1212.198788
112,5,1212.198788
112,5,1212.198788
112,5,1212.198788
112,5,1212.198788
112,5,1212.198788
112,5,1212.198788
112,5,1212.198788
112,5,1212.198788
112,5,1212.198788
112,5,1212.198788
112,5,1212.198788
112,5,1212.198788
112,5,1212.198788
112,5,1212.198788
112,5,1212.198788
112,5,1212.198788
112,5,1212.198788
112,5,1212.198788
112,5,1212.198788
112,5,1212.198788
112,5,1212.198788
112,5,1212.198788
112,5,1212.198788
112,5,1212.198788
112,5,1212.198788
112,5,1212.198788
112,5,1212.198788
112,5,1212.198788
112,5,1212.198788
112,5,1212.198788
112,5,1212.198788
112,5,1212.198788
112,5,1212.198788
112,5,1212.198788
112,5,1212.198788
112,5,1212.198788
112,5,1212.198788
112,5,1212.198788
112,5,1212.198788
112,5,1212.198788
112,5,1212.198788
112,5,1212.198788
112,5,1212.198788
112,5,1212.198788
112,5,1212.198788
112,5,1212.198788
112,5,1212.198788
112,5,1212.198788
112,5,1212.198788
112,5,1212.198788
112,5,1212.198788
112,5,1212.198788
112,5,1212.198788
112,5,1212.198788
112,5,1212.198788
112,5,1212.198788
112,5,1212.198788
112,5,1212.198788
112,5,1212.198788
112,5,1212.198788
112,5,1212.198788
112,5,1212.198788
112,5,1212.198788
112,5,1212.198788
112,5,1212.198788
112,5,1212.198788
112,5,1212.198788
112,5,1212.198788
112,7,1189.054042
112,7,1189.054042
112,7,1189.054042
112,7,1189.054042
112,7,1189.054042
112,7,1189.054042
112,7,1189.054042
112,7,1189.054042
112,7,1189.054042
112,7,1189.054042
112,7,1189.054042
112,7,1189.054042
112,7,1189.054042
113,5,1212.198788
113,5,1212.198788
113,5,1212.198788
113,5,1212.198788
113,5,1212.198788
113,5,1212.198788
113,5,1212.198788
113,5,1212.198788
113,5,1212.198788
113,5,1212.198788
113,5,1212.198788
113,5,1212.198788
113,5,1212.198788
113,5,1212.198788
113,5,1212.198788
113,5,1212.198788
113,5,1212.198788
113,5,1212.198788
113,5,1212.198788
113,5,1212.198788
113,5,1212.198788
113,5,1212.198788
113,5,1212.198788
113,5,1212.198788
113,5,1212.198788
113,5,1212.198788
113,5,1212.198788
113,5,1212.198788
113,5,1212.198788
113,5,1212.198788
113,5,1212.198788
113,5,1212.198788
113,5,1212.198788
113,5,1212.198788
113,5,1212.198788
113,5,1212.198788
113,5,1212.198788
113,5,1212.198788
113,5,1212.198788
113,5,1212.198788
113,5,1212.198788
113,5,1212.198788
113,5,1212.198788
113,5,1212.198788
113,5,1212.198788
113,5,1212.198788
113,5,1212.198788
113,5,1212.198788
113,5,1212.198788
113,5,1212.198788
113,5,1212.198788
113,5,1212.198788
113,5,1212.198788
113,5,1212.198788
113,5,1212.198788
113,5,1212.198788
113,5,1212.198788
113,5,1212.198788
113,5,1212.198788
113,5,1212.198788
113,5,1212.198788
113,5,1212.198788
113,5,1212.198788
113,5,1212.198788
113,5,1212.198788
113,5,1212.198788
113,5,1212.198788
113,5,1212.198788
113,5,1212.198788
113,5,1212.198788
113,5,1212.198788
113,5,1212.198788
113,5,1212.198788
113,5,1212.198788
113,5,1212.198788
113,5,1212.198788
113,5,1212.198788
113,5,1212.198788
113,5,1212.198788
113,5,1212.198788
113,5,1212.198788
113,5,1212.198788
113,5,1212.198788
113,5,1212.198788
113,5,1212.198788
113,5,1212.198788
113,5,1212.198788
113,5,1212.198788
113,5,1212.198788
113,5,1212.198788
113,5,1212.198788
113,5,1212.198788
113,5,1212.198788
113,5,1212.198788
113,5,1212.198788
113,5,1212.198788
113,5,1212.198788
113,5,1212.198788
113,5,1212.198788
113,5,1212.198788
113,5,1212.198788
113,5,1212.198788
113,5,1212.198788
113,5,1212.198788
113,5,1212.198788
113,5,1212.198788
113,5,1212.198788
113,5,1212.198788
113,5,1212.198788
113,5,1212.198788
113,5,1212.198788
113,5,1212.198788
113,5,1212.198788
113,5,1212.198788
113,5,1212.198788
113,5,1212.198788
113,5,1212.198788
113,5,1212.198788
113,5,1212.198788
113,5,1212.198788
113,5,1212.198788
113,5,1212.198788
113,5,1212.198788
113,5,1212.198788
113,5,1212.198788
113,5,1212.198788
113,7,1189.054042
113,7,1189.054042
113,7,1189.054042
113,7,1189.054042
113,7,1189.054042
113,7,1189.054042
113,7,1189.054042
113,7,1189.054042
113,7,1189.054042
113,7,1189.054042
113,7,1189.054042
113,7,1189.054042
113,7,1189.054042
113,7,1189.054042
113,7,1189.054042
113,7,1189.054042
113,7,1189.054042
113,7,1189.054042
113,7,1189.054042
113,7,1189.054042
113,7,1189.054042
113,7,1189.054042
113,7,1189.054042
113,7,1189.054042
114,5,1212.198788
114,5,1212.198788
114,5,1212.198788
114,5,1212.198788
114,5,1212.198788
114,5,1212.198788
114,5,1212.198788
114,5,1212.198788
114,5,1212.198788
114,5,1212.198788
114,5,1212.198788
114,5,1212.198788
114,5,1212.198788
114,5,1212.198788
114,5,1212.198788
114,5,1212.198788
114,5,1212.198788
114,5,1212.198788
114,5,1212.198788
114,5,1212.198788
114,5,1212.198788
114,5,1212.198788
114,5,1212.198788
114,5,1212.198788
114,5,1212.198788
114,5,1212.198788
114,5,1212.198788
114,5,1212.198788
114,5,1212.198788
114,5,1212.198788
114,5,1212.198788
114,5,1212.198788
114,5,1212.198788
114,5,1212.198788
114,5,1212.198788
114,5,1212.198788
114,5,1212.198788
114,5,1212.198788
114,5,1212.198788
114,5,1212.198788
114,5,1212.198788
114,5,1212.198788
114,5,1212.198788
114,5,1212.198788
114,5,1212.198788
114,5,1212.198788
114,5,1212.198788
114,5,1212.198788
114,5,1212.198788
114,5,1212.198788
114,5,1212.198788
114,5,1212.198788
114,5,1212.198788
114,5,1212.198788
114,5,1212.198788
114,5,1212.198788
114,5,1212.198788
114,5,1212.198788
114,5,1212.198788
114,5,1212.198788
114,5,1212.198788
114,5,1212.198788
114,5,1212.198788
114,5,1212.198788
114,5,1212.198788
114,5,1212.198788
114,5,1212.198788
114,5,1212.198788
114,5,1212.198788
114,5,1212.198788
114,5,1212.198788
114,5,1212.198788
114,5,1212.198788
114,5,1212.198788
114,5,1212.198788
114,5,1212.198788
114,5,1212.198788
114,5,1212.198788
114,5,1212.198788
114,5,1212.198788
114,5,1212.198788
114,5,1212.198788
114,5,1212.198788
114,5,1212.198788
114,5,1212.198788
114,5,1212.198788
114,5,1212.198788
114,5,1212.198788
114,5,1212.198788
114,5,1212.198788
114,5,1212.198788
114,5,1212.198788
114,5,1212.198788
114,5,1212.198788
114,5,1212.198788
114,5,1212.198788
114,5,1212.198788
114,5,1212.198788
114,5,1212.198788
114,5,1212.198788
114,5,1212.198788
114,5,1212.198788
114,5,1212.198788
114,5,1212.198788
114,5,1212.198788
114,5,1212.198788
114,5,1212.198788
114,5,1212.198788
114,5,1212.198788
114,5,1212.198788
114,5,1212.198788
114,5,1212.198788
114,5,1212.198788
114,5,1212.198788
114,5,1212.198788
114,5,1212.198788
114,5,1212.198788
114,5,1212.198788
114,5,1212.198788
114,5,1212.198788
114,5,1212.198788
114,5,1212.198788
114,5,1212.198788
114,5,1212.198788
114,5,1212.198788
114,5,1212.198788
114,5,1212.198788
114,5,1212.198788
114,5,1212.198788
114,5,1212.198788
114,5,1212.198788
114,5,1212.198788
114,5,1212.198788
114,5,1212.198788
114,5,1212.198788
114,5,1212.198788
114,5,1212.198788
114,5,1212.198788
114,5,1212.198788
114,5,1212.198788
114,5,1212.198788
114,5,1212.198788
114,5,1212.198788
114,5,1212.198788
114,5,1212.198788
114,5,1212.198788
114,5,1212.198788
114,5,1212.198788
114,5,1212.198788
114,7,1188.422450
115,5,1212.198788
115,5,1212.198788
115,5,1212.198788
115,5,1212.198788
115,5,1212.198788
115,5,1212.198788
115,5,1212.198788
115,5,1212.198788
115,5,1212.198788
115,5,1212.198788
115,5,1212.198788
115,5,1212.198788
115,5,1212.198788
115,5,1212.198788
115,5,1212.198788
115,5,1212.198788
115,5,1212.198788
115,5,1212.198788
115,5,1212.198788
115,5,1212.198788
115,5,1212.198788
115,5,1212.198788
115,5,1212.198788
115,5,1212.198788
115,5,1212.198788
115,5,1212.198788
115,5,1212.198788
115,5,1212.198788
115,5,1212.198788
115,5,1212.198788
115,5,1212.198788
115,5,1212.198788
115,5,1212.198788
115,5,1212.198788
115,5,1212.198788
115,5,1212.198788
115,5,1212.198788
115,5,1212.198788
115,5,1212.198788
115,5,1212.198788
115,5,1212.198788
115,5,1212.198788
115,5,1212.198788
115,5,1212.198788
115,5,1212.198788
115,5,1212.198788
115,5,1212.198788
115,5,1212.198788
115,5,1212.198788
115,5,1212.198788
115,5,1212.198788
115,5,1212.198788
115,5,1212.198788
115,5,1212.198788
115,5,1212.198788
115,5,1212.198788
115,5,1212.198788
115,5,1212.198788
115,5,1212.198788
115,5,1212.198788
115,5,1212.198788
115,5,1212.198788
115,5,1212.198788
115,5,1212.198788
115,5,1212.198788
115,5,1212.198788
115,5,1212.198788
115,5,1212.198788
115,5,1212.198788
115,5,1212.198788
115,5,1212.198788
115,5,1212.198788
115,5,1212.198788
115,5,1212.198788
115,5,1212.198788
115,5,1212.198788
115,5,1212.198788
115,5,1212.198788
115,5,1212.198788
115,5,1212.198788
115,5,1212.198788
115,5,1212.198788
115,5,1212.198788
115,5,1212.198788
115,5,1212.198788
115,5,1212.198788
115,5,1212.198788
115,5,1212.198788
115,5,1212.198788
115,5,1212.198788
115,5,1212.198788
115,5,1212.198788
115,5,1212.198788
115,5,1212.198788
115,5,1212.198788
115,5,1212.198788
115,5,1212.198788
115,5,1212.198788
115,5,1212.198788
115,5,1212.198788
115,5,1212.198788
115,5,1212.198788
115,5,1212.198788
115,5,1212.198788
115,5,1212.198788
115,5,1212.198788
115,5,1212.198788
115,5,1212.198788
115,5,1212.198788
115,5,1212.198788
115,5,1212.198788
115,5,1212.198788
115,5,1212.198788
115,5,1212.198788
115,5,1212.198788
115,5,1212.198788
115,5,1212.198788
115,5,1212.198788
115,5,1212.198788
115,5,1212.198788
115,5,1212.198788
115,5,1212.198788
115,5,1212.198788
115,5,1212.198788
115,5,1212.198788
115,5,1212.198788
115,5,1212.198788
115,5,1212.198788
115,5,1212.198788
115,5,1212.198788
115,5,1212.198788
115,5,1212.198788
115,5,1212.198788
115,5,1212.198788
115,5,1212.198788
115,5,1212.198788
115,5,1212.198788
115,5,1212.198788
115,5,1212.198788
115,5,1212.198788
115,5,1212.198788
115,5,1212.198788
115,5,1212.198788
115,5,1212.198788
115,5,1212.198788
115,5,1212.198788
115,5,1212.198788
115,5,1212.198788
115,5,1212.198788
115,7,1188.422450
116,5,1212.198788
116,5,1212.198788
116,5,1212.198788
116,5,1212.198788
116,5,1212.198788
116,5,1212.198788
116,5,1212.198788
116,5,1212.198788
116,5,1212.198788
116,5,1212.198788
116,5,1212.198788
116,5,1212.198788
116,5,1212.198788
116,5,1212.198788
116,5,1212.198788
116,5,1212.198788
116,5,1212.198788
116,5,1212.198788
116,5,1212.198788
116,5,1212.198788
116,5,1212.198788
116,5,1212.198788
116,5,1212.198788
116,5,1212.198788
116,5,1212.198788
116,5,1212.198788
116,5,1212.198788
116,5,1212.198788
116,5,1212.198788
116,5,1212.198788
116,5,1212.198788
116,5,1212.198788
116,5,1212.198788
116,5,1212.198788
116,5,1212.198788
116,5,1212.198788
116,5,1212.198788
116,5,1212.198788
116,5,1212.198788
116,5,1212.198788
116,5,1212.198788
116,5,1212.198788
116,5,1212.198788
116,5,1212.198788
116,5,1212.198788
116,5,1212.198788
116,5,1212.198788
116,5,1212.198788
116,5,1212.198788
116,5,1212.198788
116,5,1212.198788
116,5,1212.198788
116,5,1212.198788
116,5,1212.198788
116,5,1212.198788
116,5,1212.198788
116,5,1212.198788
116,5,1212.198788
116,5,1212.198788
116,5,1212.198788
116,5,1212.198788
116,5,1212.198788
116,5,1212.198788
116,5,1212.198788
116,5,1212.198788
116,5,1212.198788
116,5,1212.198788
116,5,1212.198788
116,5,1212.198788
116,5,1212.198788
116,5,1212.198788
116,5,1212.198788
116,5,1212.198788
116,5,1212.198788
116,5,1212.198788
116,5,1212.198788
116,5,1212.198788
116,5,1212.198788
116,5,1212.198788
116,5,1212.198788
116,5,1212.198788
116,5,1212.198788
116,5,1212.198788
116,5,1212.198788
116,5,1212.198788
116,5,1212.198788
116,5,1212.198788
116,5,1212.198788
116,5,1212.198788
116,5,1212.198788
116,5,1212.198788
116,5,1212.198788
116,5,1212.198788
116,5,1212.198788
116,5,1212.198788
116,5,1212.198788
116,5,1212.198788
116,5,1212.198788
116,5,1212.198788
116,5,1212.198788
116,5,1212.198788
116,5,1212.198788
116,5,1212.198788
116,5,1212.198788
116,5,1212.198788
116,5,1212.198788
116,5,1212.198788
116,5,1212.198788
116,5,1212.198788
116,5,1212.198788
116,5,1212.198788
116,5,1212.198788
116,5,1212.198788
116,5,1212.198788
116,5,1212.198788
116,5,1212.198788
116,5,1212.198788
116,5,1212.198788
116,5,1212.198788
116,5,1212.198788
116,5,1212.198788
116,5,1212.198788
116,5,1212.198788
116,5,1212.198788
116,5,1212.198788
116,5,1212.198788
116,5,1212.198788
116,5,1212.198788
116,5,1212.198788
116,5,1212.198788
116,5,1212.198788
116,5,1212.198788
116,5,1212.198788
116,5,1212.198788
116,5,1212.198788
116,5,1212.198788
116,5,1212.198788
116,5,1212.198788
116,5,1212.198788
116,5,1212.198788
116,5,1212.198788
116,5,1212.198788
116,5,1212.198788
116,5,1212.198788
116,5,1212.198788
116,5,1212.198788
116,5,1212.198788
116,5,1212.198788
116,5,1212.198788
116,7,1188.422450
117,5,1212.198788
117,5,1212.198788
117,5,1212.198788
117,5,1212.198788
117,5,1212.198788
117,5,1212.198788
117,5,1212.198788
117,5,1212.198788
117,5,1212.198788
117,5,1212.198788
117,5,1212.198788
117,5,1212.198788
117,5,1212.198788
117,5,1212.198788
117,5,1212.198788
117,5,1212.198788
117,5,1212.198788
117,5,1212.198788
117,5,1212.198788
117,5,1212.198788
117,5,1212.198788
117,5,1212.198788
117,5,1212.198788
117,5,1212.198788
117,5,1212.198788
117,5,1212.198788
117,5,1212.198788
117,5,1212.198788
117,5,1212.198788
117,5,1212.198788
117,5,1212.198788
117,5,1212.198788
117,5,1212.198788
117,5,1212.198788
117,5,1212.198788
117,5,1212.198788
117,5,1212.198788
117,5,1212.198788
117,5,1212.198788
117,5,1212.198788
117,5,1212.198788
117,5,1212.198788
117,5,1212.198788
117,5,1212.198788
117,5,1212.198788
117,5,1212.198788
117,5,1212.198788
117,5,1212.198788
117,5,1212.198788
117,5,1212.198788
117,5,1212.198788
117,5,1212.198788
117,5,1212.198788
117,5,1212.198788
117,5,1212.198788
117,5,1212.198788
117,5,1212.198788
117,5,1212.198788
117,5,1212.198788
117,5,1212.198788
117,5,1212.198788
117,5,1212.198788
117,5,1212.198788
117,5,1212.198788
117,5,1212.198788
117,5,1212.198788
117,5,1212.198788
117,5,1212.198788
117,5,1212.198788
117,5,1212.198788
117,5,1212.198788
117,5,1212.198788
117,5,1212.198788
117,5,1212.198788
117,5,1212.198788
117,5,1212.198788
117,5,1212.198788
117,5,1212.198788
117,5,1212.198788
117,5,1212.198788
117,5,1212.198788
117,5,1212.198788
117,5,1212.198788
117,5,1212.198788
117,5,1212.198788
117,5,1212.198788
117,5,1212.198788
117,5,1212.198788
117,5,1212.198788
117,5,1212.198788
117,5,1212.198788
117,5,1212.198788
117,5,1212.198788
117,5,1212.198788
117,5,1212.198788
117,5,1212.198788
117,5,1212.198788
117,5,1212.198788
117,5,1212.198788
117,5,1212.198788
117,5,1212.198788
117,5,1212.198788
117,5,1212.198788
117,5,1212.198788
117,5,1212.198788
117,5,1212.198788
117,5,1212.198788
117,5,1212.198788
117,5,1212.198788
117,5,1212.198788
117,5,1212.198788
117,5,1212.198788
117,5,1212.198788
117,5,1212.198788
117,5,1212.198788
117,5,1212.198788
117,5,1212.198788
117,5,1212.198788
117,5,1212.198788
117,5,1212.198788
117,5,1212.198788
117,5,1212.198788
117,5,1212.198788
117,5,1212.198788
117,5,1212.198788
117,5,1212.198788
117,5,1212.198788
117,5,1212.198788
117,5,1212.198788
117,5,1212.198788
117,5,1212.198788
117,5,1212.198788
117,5,1212.198788
117,5,1212.198788
117,5,1212.198788
117,5,1212.198788
117,5,1212.198788
117,5,1212.198788
117,5,1212.198788
117,5,1212.198788
117,5,1212.198788
117,5,1212.198788
117,5,1212.198788
117,5,1212.198788
117,5,1212.198788
117,5,1212.198788
117,5,1212.198788
117,5,1212.198788
117,5,1212.198788
117,7,1188.422450
118,5,1212.198788
118,5,1212.198788
118,5,1212.198788
118,5,1212.198788
118,5,1212.198788
118,5,1212.198788
118,5,1212.198788
118,5,1212.198788
118,5,1212.198788
118,5,1212.198788
118,5,1212.198788
118,5,1212.198788
118,5,1212.198788
118,5,1212.198788
118,5,1212.198788
118,5,1212.198788
118,5,1212.198788
118,5,1212.198788
118,5,1212.198788
118,5,1212.198788
118,5,1212.198788
118,5,1212.198788
118,5,1212.198788
118,5,1212.198788
118,5,1212.198788
118,5,1212.198788
118,5,1212.198788
118,5,1212.198788
118,5,1212.198788
118,5,1212.198788
118,5,1212.198788
118,5,1212.198788
118,5,1212.198788
118,5,1212.198788
118,5,1212.198788
118,5,1212.198788
118,5,1212.198788
118,5,1212.198788
118,5,1212.198788
118,5,1212.198788
118,5,1212.198788
118,5,1212.198788
118,5,1212.198788
118,5,1212.198788
118,5,1212.198788
118,5,1212.198788
118,5,1212.198788
118,5,1212.198788
118,5,1212.198788
118,5,1212.198788
118,5,1212.198788
118,5,1212.198788
118,5,1212.198788
118,5,1212.198788
118,5,1212.198788
118,5,1212.198788
118,5,1212.198788
118,5,1212.198788
118,5,1212.198788
118,5,1212.198788
118,5,1212.198788
118,5,1212.198788
118,5,1212.198788
118,5,1212.198788
118,5,1212.198788
118,5,1212.198788
118,5,1212.198788
118,5,1212.198788
118,5,1212.198788
118,5,1212.198788
118,5,1212.198788
118,5,1212.198788
118,5,1212.198788
118,5,1212.198788
118,5,1212.198788
118,5,1212.198788
118,5,1212.198788
118,5,1212.198788
118,5,1212.198788
118,5,1212.198788
118,5,1212.198788
118,5,1212.198788
118,5,1212.198788
118,5,1212.198788
118,5,1212.198788
118,5,1212.198788
118,5,1212.198788
118,5,1212.198788
118,5,1212.198788
118,5,1212.198788
118,5,1212.198788
118,5,1212.198788
118,5,1212.198788
118,5,1212.198788
118,5,1212.198788
118,5,1212.198788
118,5,1212.198788
118,5,1212.198788
118,5,1212.198788
118,5,1212.198788
118,5,1212.198788
118,5,1212.198788
118,5,1212.198788
118,5,1212.198788
118,5,1212.198788
118,5,1212.198788
118,5,1212.198788
118,5,1212.198788
118,5,1212.198788
118,5,1212.198788
118,5,1212.198788
118,5,1212.198788
118,5,1212.198788
118,5,1212.198788
118,5,1212.198788
118,5,1212.198788
118,5,1212.198788
118,5,1212.198788
118,5,1212.198788
118,5,1212.198788
118,5,1212.198788
118,5,1212.198788
118,5,1212.198788
118,5,1212.198788
118,5,1212.198788
118,5,1212.198788
118,5,1212.198788
118,5,1212.198788
118,5,1212.198788
118,5,1212.198788
118,5,1212.198788
118,5,1212.198788
118,5,1212.198788
118,5,1212.198788
118,5,1212.198788
118,5,1212.198788
118,5,1212.198788
118,5,1212.198788
118,5,1212.198788
118,5,1212.198788
118,5,1212.198788
118,5,1212.198788
118,5,1212.198788
118,5,1212.198788
118,5,1212.198788
118,5,1212.198788
118,5,1212.198788
118,5,1212.198788
118,5,1212.198788
118,7,1188.422450
119,5,1212.198788
119,5,1212.198788
119,5,1212.198788
119,5,1212.198788
119,5,1212.198788
119,5,1212.198788
119,5,1212.198788
119,5,1212.198788
119,5,1212.198788
119,5,1212.198788
119,5,1212.198788
119,5,1212.198788
119,5,1212.198788
119,5,1212.198788
119,5,1212.198788
119,5,1212.198788
119,5,1212.198788
119,5,1212.198788
119,5,1212.198788
119,5,1212.198788
119,5,1212.198788
119,5,1212.198788
119,5,1212.198788
119,5,1212.198788
119,5,1212.198788
119,5,1212.198788
119,5,1212.198788
119,5,1212.198788
119,5,1212.198788
119,5,1212.198788
119,5,1212.198788
119,5,1212.198788
119,5,1212.198788
119,5,1212.198788
119,5,1212.198788
119,5,1212.198788
119,5,1212.198788
119,5,1212.198788
119,5,1212.198788
119,5,1212.198788
119,5,1212.198788
119,5,1212.198788
119,5,1212.198788
119,5,1212.198788
119,5,1212.198788
119,5,1212.198788
119,5,1212.198788
119,5,1212.198788
119,5,1212.198788
119,5,1212.198788
119,5,1212.198788
119,5,1212.198788
119,5,1212.198788
119,5,1212.198788
119,5,1212.198788
119,5,1212.198788
119,5,1212.198788
119,5,1212.198788
119,5,1212.198788
119,5,1212.198788
119,5,1212.198788
119,5,1212.198788
119,5,1212.198788
119,5,1212.198788
119,5,1212.198788
119,5,1212.198788
119,5,1212.198788
119,5,1212.198788
119,5,1212.198788
119,5,1212.198788
119,5,1212.198788
119,5,1212.198788
119,5,1212.198788
119,5,1212.198788
119,5,1212.198788
119,5,1212.198788
119,5,1212.198788
119,5,1212.198788
119,5,1212.198788
119,5,1212.198788
119,5,1212.198788
119,5,1212.198788
119,5,1212.198788
119,5,1212.198788
119,5,1212.198788
119,5,1212.198788
119,5,1212.198788
119,5,1212.198788
119,5,1212.198788
119,5,1212.198788
119,5,1212.198788
119,5,1212.198788
119,5,1212.198788
119,5,1212.198788
119,5,1212.198788
119,5,1212.198788
119,5,1212.198788
119,5,1212.198788
119,5,1212.198788
119,5,1212.198788
119,5,1212.198788
119,5,1212.198788
119,5,1212.198788
119,5,1212.198788
119,5,1212.198788
119,5,1212.198788
119,5,1212.198788
119,5,1212.198788
119,5,1212.198788
119,5,1212.198788
119,5,1212.198788
119,5,1212.198788
119,5,1212.198788
119,5,1212.198788
119,5,1212.198788
119,5,1212.198788
119,5,1212.198788
119,5,1212.198788
119,5,1212.198788
119,5,1212.198788
119,5,1212.198788
119,5,1212.198788
119,5,1212.198788
119,5,1212.198788
119,5,1212.198788
119,5,1212.198788
119,5,1212.198788
119,5,1212.198788
119,5,1212.198788
119,5,1212.198788
119,5,1212.198788
119,5,1212.198788
119,5,1212.198788
119,5,1212.198788
119,5,1212.198788
119,5,1212.198788
119,5,1212.198788
119,5,1212.198788
119,5,1212.198788
119,5,1212.198788
119,5,1212.198788
119,5,1212.198788
119,5,1212.198788
119,5,1212.198788
119,5,1212.198788
119,5,1212.198788
119,5,1212.198788
119,5,1212.198788
119,5,1212.198788
119,7,1188.422450
120,5,1212.198788
120,5,1212.198788
120,5,1212.198788
120,5,1212.198788
120,5,1212.198788
120,5,1212.198788
120,5,1212.198788
120,5,1212.198788
120,5,1212.198788
120,5,1212.198788
120,5,1212.198788
120,5,1212.198788
120,5,1212.198788
120,5,1212.198788
120,5,1212.198788
120,5,1212.198788
120,5,1212.198788
120,5,1212.198788
120,5,1212.198788
120,5,1212.198788
120,5,1212.198788
120,5,1212.198788
120,5,1212.198788
120,5,1212.198788
120,5,1212.198788
120,5,1212.198788
120,5,1212.198788
120,5,1212.198788
120,5,1212.198788
120,5,1212.198788
120,5,1212.198788
120,5,1212.198788
120,5,1212.198788
120,5,1212.198788
120,5,1212.198788
120,5,1212.198788
120,5,1212.198788
120,5,1212.198788
120,5,1212.198788
120,5,1212.198788
120,5,1212.198788
120,5,1212.198788
120,5,1212.198788
120,5,1212.198788
120,5,1212.198788
120,5,1212.198788
120,5,1212.198788
120,5,1212.198788
120,5,1212.198788
120,5,1212.198788
120,5,1212.198788
120,5,1212.198788
120,5,1212.198788
120,5,1212.198788
120,5,1212.198788
120,5,1212.198788
120,5,1212.198788
120,5,1212.198788
120,5,1212.198788
120,5,1212.198788
120,5,1212.198788
120,5,1212.198788
120,5,1212.198788
120,5,1212.198788
120,5,1212.198788
120,5,1212.198788
120,5,1212.198788
120,5,1212.198788
120,5,1212.198788
120,5,1212.198788
120,5,1212.198788
120,5,1212.198788
120,5,1212.198788
120,5,1212.198788
120,5,1212.198788
120,5,1212.198788
120,5,1212.198788
120,5,1212.198788
120,5,1212.198788
120,5,1212.198788
120,5,1212.198788
120,5,1212.198788
120,5,1212.198788
120,5,1212.198788
120,5,1212.198788
120,5,1212.198788
120,5,1212.198788
120,5,1212.198788
120,5,1212.198788
120,5,1212.198788
120,5,1212.198788
120,5,1212.198788
120,5,1212.198788
120,5,1212.198788
120,5,1212.198788
120,5,1212.198788
120,5,1212.198788
120,5,1212.198788
120,5,1212.198788
120,5,1212.198788
120,5,1212.198788
120,5,1212.198788
120,5,1212.198788
120,5,1212.198788
120,5,1212.198788
120,5,1212.198788
120,5,1212.198788
120,5,1212.198788
120,5,1212.198788
120,5,1212.198788
120,5,1212.198788
120,5,1212.198788
120,5,1212.198788
120,5,1212.198788
120,5,1212.198788
120,5,1212.198788
120,5,1212.198788
120,5,1212.198788
120,5,1212.198788
120,5,1212.198788
120,5,1212.198788
120,5,1212.198788
120,5,1212.198788
120,5,1212.198788
120,5,1212.198788
120,5,1212.198788
120,5,1212.198788
120,5,1212.198788
120,5,1212.198788
120,5,1212.198788
120,5,1212.198788
120,5,1212.198788
120,5,1212.198788
120,5,1212.198788
120,5,1212.198788
120,5,1212.198788
120,5,1212.198788
120,5,1212.198788
120,5,1212.198788
120,5,1212.198788
120,5,1212.198788
120,5,1212.198788
120,5,1212.198788
120,5,1212.198788
120,5,1212.198788
120,5,1212.198788
120,5,1212.198788
120,5,1212.198788
120,5,1212.198788
120,7,1188.422450
121,5,1212.040448
121,7,1188.422450
122,5,1212.040448
122,7,1188.422450
122,7,1188.422450
123,5,1212.040448
123,5,1212.040448
123,7,1188.422450
123,7,1188.422450
123,7,1188.422450
123,7,1188.422450
123,7,1188.422450
124,5,1212.040448
124,5,1212.040448
124,5,1212.040448
124,7,1188.422450
124,7,1188.422450
124,7,1188.422450
124,7,1188.422450
124,7,1188.422450
124,7,1188.422450
124,7,1188.422450
124,7,1188.422450
124,7,1188.422450
125,5,1212.040448
125,5,1212.040448
125,5,1212.040448
125,5,1212.040448
125,5,1212.040448
125,7,1188.422450
125,7,1188.422450
125,7,1188.422450
125,7,1188.422450
125,7,1188.422450
125,7,1188.422450
125,7,1188.422450
125,7,1188.422450
125,7,1188.422450
125,7,1188.422450
125,7,1188.422450
125,7,1188.422450
125,7,1188.422450
125,7,1188.422450
125,7,1188.422450
125,7,1188.422450
125,7,1188.422450
125,7,1188.422450
125,7,1188.422450
126,5,1212.040448
126,5,1212.040448
126,5,1212.040448
126,5,1212.040448
126,5,1212.040448
126,5,1212.040448
126,5,1212.040448
126,5,1212.040448
126,5,1212.040448
126,7,1188.422450
126,7,1188.422450
126,7,1188.422450
126,7,1188.422450
126,7,1188.422450
126,7,1188.422450
126,7,1188.422450
126,7,1188.422450
126,7,1188.422450
126,7,1188.422450
126,7,1188.422450
126,7,1188.422450
126,7,1188.422450
126,7,1188.422450
126,7,1188.422450
126,7,1188.422450
126,7,1188.422450
126,7,1188.422450
126,7,1188.422450
126,7,1188.422450
126,7,1188.422450
126,7,1188.422450
126,7,1188.422450
126,7,1188.422450
126,7,1188.422450
126,7,1188.422450
126,7,1188.422450
126,7,1188.422450
126,7,1188.422450
126,7,1188.422450
126,7,1188.422450
126,7,1188.422450
126,7,1188.422450
126,7,1188.422450
126,7,1188.422450
126,7,1188.422450
126,7,1188.422450
126,7,1188.422450
126,7,1188.422450
126,7,1188.422450
126,7,1188.422450
126,7,1188.422450
126,7,1188.422450
127,5,1212.040448
127,5,1212.040448
127,5,1212.040448
127,5,1212.040448
127,5,1212.040448
127,5,1212.040448
127,5,1212.040448
127,5,1212.040448
127,5,1212.040448
127,5,1212.040448
127,5,1212.040448
127,5,1212.040448
127,5,1212.040448
127,5,1212.040448
127,5,1212.040448
127,5,1212.040448
127,5,1212.040448
127,7,1188.422450
127,7,1188.422450
127,7,1188.422450
127,7,1188.422450
127,7,1188.422450
127,7,1188.422450
127,7,1188.422450
127,7,1188.422450
127,7,1188.422450
127,7,1188.422450
127,7,1188.422450
127,7,1188.422450
127,7,1188.422450
127,7,1188.422450
127,7,1188.422450
127,7,1188.422450
127,7,1188.422450
127,7,1188.422450
127,7,1188.422450
127,7,1188.422450
127,7,1188.422450
127,7,1188.422450
127,7,1188.422450
127,7,1188.422450
127,7,1188.422450
127,7,1188.422450
127,7,1188.422450
127,7,1188.422450
127,7,1188.422450
127,7,1188.422450
127,7,1188.422450
127,7,1188.422450
127,7,1188.422450
127,7,1188.422450
127,7,1188.422450
127,7,1188.422450
127,7,1188.422450
127,7,1188.422450
127,7,1188.422450
127,7,1188.422450
127,7,1188.422450
127,7,1188.422450
127,7,1188.422450
127,7,1188.422450
127,7,1188.422450
127,7,1188.422450
127,7,1188.422450
127,7,1188.422450
127,7,1188.422450
127,7,1188.422450
127,7,1188.422450
127,7,1188.422450
127,7,1188.422450
127,7,1188.422450
127,7,1188.422450
127,7,1188.422450
127,7,1188.422450
127,7,1188.422450
127,7,1188.422450
127,7,1188.422450
127,7,1188.422450
127,7,1188.422450
127,7,1188.422450
127,7,1188.422450
127,7,1188.422450
127,7,1188.422450
127,7,1188.422450
127,7,1188.422450
127,7,1188.422450
127,7,1188.422450
127,7,1188.422450
127,7,1188.422450
127,7,1188.422450
127,7,1188.422450
127,7,1188.422450
127,7,1188.422450
127,7,1188.422450
127,7,1188.422450
127,7,1188.422450
127,7,1188.422450
127,7,1188.422450
127,7,1188.422450
127,7,1188.422450
127,7,1188.422450
127,7,1188.422450
127,7,1188.422450
127,7,1188.422450
127,7,1188.422450
127,7,1188.422450
127,7,1188.422450
128,5,1212.040448
128,5,1212.040448
128,7,1188.422450
128,7,1188.422450
128,7,1188.422450
128,7,1188.422450
128,7,1188.422450
128,7,1188.422450
128,7,1188.422450
128,7,1188.422450
128,7,1188.422450
128,7,1188.422450
128,7,1188.422450
128,7,1188.422450
128,7,1188.422450
128,7,1188.422450
128,7,1188.422450
128,7,1188.422450
128,7,1188.422450
128,7,1188.422450
128,7,1188.422450
128,7,1188.422450
128,7,1188.422450
128,7,1188.422450
128,7,1188.422450
128,7,1188.422450
128,7,1188.422450
128,7,1188.422450
128,7,1188.422450
128,7,1188.422450
128,7,1188.422450
128,7,1188.422450
128,7,1188.422450
128,7,1188.422450
128,7,1188.422450
128,7,1188.422450
128,7,1188.422450
128,7,1188.422450
128,7,1188.422450
128,7,1188.422450
128,7,1188.422450
128,7,1188.422450
128,7,1188.422450
128,7,1188.422450
128,7,1188.422450
128,7,1188.422450
128,7,1188.422450
128,7,1188.422450
128,7,1188.422450
128,7,1188.422450
128,7,1188.422450
128,7,1188.422450
128,7,1188.422450
128,7,1188.422450
128,7,1188.422450
128,7,1188.422450
128,7,1188.422450
128,7,1188.422450
128,7,1188.422450
128,7,1188.422450
128,7,1188.422450
128,7,1188.422450
128,7,1188.422450
128,7,1188.422450
128,7,1188.422450
128,7,1188.422450
128,7,1188.422450
128,7,1188.422450
128,7,1188.422450
128,7,1188.422450
128,7,1188.422450
128,7,1188.422450
128,7,1188.422450
128,7,1188.422450
128,7,1188.422450
128,7,1188.422450
128,7,1188.422450
128,7,1188.422450
128,7,1188.422450
128,7,1188.422450
128,7,1188.422450
128,7,1188.422450
128,7,1188.422450
128,7,1188.422450
128,7,1188.422450
128,7,1188.422450
128,7,1188.422450
128,7,1188.422450
128,7,1188.422450
128,7,1188.422450
128,7,1188.422450
128,7,1188.422450
128,7,1188.422450
128,7,1188.422450
128,7,1188.422450
128,7,1188.422450
128,7,1188.422450
128,7,1188.422450
128,7,1188.422450
128,7,1188.422450
128,7,1188.422450
128,7,1188.422450
128,7,1188.422450
128,7,1188.422450
128,7,1188.422450
128,7,1188.422450
128,7,1188.422450
128,7,1188.422450
128,7,1188.422450
128,7,1188.422450
128,7,1188.422450
128,7,1188.422450
128,7,1188.422450
128,7,1188.422450
128,7,1188.422450
128,7,1188.422450
128,7,1188.422450
128,7,1188.422450
128,7,1188.422450
128,7,1188.422450
128,7,1188.422450
128,7,1188.422450
128,7,1188.422450
128,7,1188.422450
128,7,1188.422450
128,7,1188.422450
128,7,1188.422450
128,7,1188.422450
128,7,1188.422450
128,7,1188.422450
128,7,1188.422450
128,7,1188.422450
128,7,1188.422450
128,7,1188.422450
128,7,1188.422450
128,7,1188.422450
128,7,1188.422450
128,7,1188.422450
128,7,1188.422450
128,7,1188.422450
128,7,1188.422450
128,7,1188.422450
128,7,1188.422450
128,7,1188.422450
128,7,1188.422450
128,7,1188.422450
128,7,1188.422450
128,7,1188.422450
128,7,1188.422450
128,7,1188.422450
129,5,1212.040448
129,5,1212.040448
129,7,1188.422450
129,7,1188.422450
129,7,1188.422450
129,7,1188.422450
129,7,1188.422450
129,7,1188.422450
129,7,1188.422450
129,7,1188.422450
129,7,1188.422450
129,7,1188.422450
129,7,1188.422450
129,7,1188.422450
129,7,1188.422450
129,7,1188.422450
129,7,1188.422450
129,7,1188.422450
129,7,1188.422450
129,7,1188.422450
129,7,1188.422450
129,7,1188.422450
129,7,1188.422450
129,7,1188.422450
129,7,1188.422450
129,7,1188.422450
129,7,1188.422450
129,7,1188.422450
129,7,1188.422450
129,7,1188.422450
129,7,1188.422450
129,7,1188.422450
129,7,1188.422450
129,7,1188.422450
129,7,1188.422450
129,7,1188.422450
129,7,1188.422450
129,7,1188.422450
129,7,1188.422450
129,7,1188.422450
129,7,1188.422450
129,7,1188.422450
129,7,1188.422450
129,7,1188.422450
129,7,1188.422450
129,7,1188.422450
129,7,1188.422450
129,7,1188.422450
129,7,1188.422450
129,7,1188.422450
129,7,1188.422450
129,7,1188.422450
129,7,1188.422450
129,7,1188.422450
129,7,1188.422450
129,7,1188.422450
129,7,1188.422450
129,7,1188.422450
129,7,1188.422450
129,7,1188.422450
129,7,1188.422450
129,7,1188.422450
129,7,1188.422450
129,7,1188.422450
129,7,1188.422450
129,7,1188.422450
129,7,1188.422450
129,7,1188.422450
129,7,1188.422450
129,7,1188.422450
129,7,1188.422450
129,7,1188.422450
129,7,1188.422450
129,7,1188.422450
129,7,1188.422450
129,7,1188.422450
129,7,1188.422450
129,7,1188.422450
129,7,1188.422450
129,7,1188.422450
129,7,1188.422450
129,7,1188.422450
129,7,1188.422450
129,7,1188.422450
129,7,1188.422450
129,7,1188.422450
129,7,1188.422450
129,7,1188.422450
129,7,1188.422450
129,7,1188.422450
129,7,1188.422450
129,7,1188.422450
129,7,1188.422450
129,7,1188.422450
129,7,1188.422450
129,7,1188.422450
129,7,1188.422450
129,7,1188.422450
129,7,1188.422450
129,7,1188.422450
129,7,1188.422450
129,7,1188.422450
129,7,1188.422450
129,7,1188.422450
129,7,1188.422450
129,7,1188.422450
129,7,1188.422450
129,7,1188.422450
129,7,1188.422450
129,7,1188.422450
129,7,1188.422450
129,7,1188.422450
129,7,1188.422450
129,7,1188.422450
129,7,1188.422450
129,7,1188.422450
129,7,1188.422450
129,7,1188.422450
129,7,1188.422450
129,7,1188.422450
129,7,1188.422450
129,7,1188.422450
129,7,1188.422450
129,7,1188.422450
129,7,1188.422450
129,7,1188.422450
129,7,1188.422450
129,7,1188.422450
129,7,1188.422450
129,7,1188.422450
129,7,1188.422450
129,7,1188.422450
129,7,1188.422450
129,7,1188.422450
129,7,1188.422450
129,7,1188.422450
129,7,1188.422450
129,7,1188.422450
129,7,1188.422450
129,7,1188.422450
129,7,1188.422450
129,7,1188.422450
129,7,1188.422450
129,7,1188.422450
129,7,1188.422450
129,7,1188.422450
129,7,1188.422450
129,7,1188.422450
129,7,1188.422450
129,7,1188.422450
130,5,1212.040448
130,5,1212.040448
130,7,1188.422450
130,7,1188.422450
130,7,1188.422450
130,7,1188.422450
130,7,1188.422450
130,7,1188.422450
130,7,1188.422450
130,7,1188.422450
130,7,1188.422450
130,7,1188.422450
130,7,1188.422450
130,7,1188.422450
130,7,1188.422450
130,7,1188.422450
130,7,1188.422450
130,7,1188.422450
130,7,1188.422450
130,7,1188.422450
130,7,1188.422450
130,7,1188.422450
130,7,1188.422450
130,7,1188.422450
130,7,1188.422450
130,7,1188.422450
130,7,1188.422450
130,7,1188.422450
130,7,1188.422450
130,7,1188.422450
130,7,1188.422450
130,7,1188.422450
130,7,1188.422450
130,7,1188.422450
130,7,1188.422450
130,7,1188.422450
130,7,1188.422450
130,7,1188.422450
130,7,1188.422450
130,7,1188.422450
130,7,1188.422450
130,7,1188.422450
130,7,1188.422450
130,7,1188.422450
130,7,1188.422450
130,7,1188.422450
130,7,1188.422450
130,7,1188.422450
130,7,1188.422450
130,7,1188.422450
130,7,1188.422450
130,7,1188.422450
130,7,1188.422450
130,7,1188.422450
130,7,1188.422450
130,7,1188.422450
130,7,1188.422450
130,7,1188.422450
130,7,1188.422450
130,7,1188.422450
130,7,1188.422450
130,7,1188.422450
130,7,1188.422450
130,7,1188.422450
130,7,1188.422450
130,7,1188.422450
130,7,1188.422450
130,7,1188.422450
130,7,1188.422450
130,7,1188.422450
130,7,1188.422450
130,7,1188.422450
130,7,1188.422450
130,7,1188.422450
130,7,1188.422450
130,7,1188.422450
130,7,1188.422450
130,7,1188.422450
130,7,1188.422450
130,7,1188.422450
130,7,1188.422450
130,7,1188.422450
130,7,1188.422450
130,7,1188.422450
130,7,1188.422450
130,7,1188.422450
130,7,1188.422450
130,7,1188.422450
130,7,1188.422450
130,7,1188.422450
130,7,1188.422450
130,7,1188.422450
130,7,1188.422450
130,7,1188.422450
130,7,1188.422450
130,7,1188.422450
130,7,1188.422450
130,7,1188.422450
130,7,1188.422450
130,7,1188.422450
130,7,1188.422450
130,7,1188.422450
130,7,1188.422450
130,7,1188.422450
130,7,1188.422450
130,7,1188.422450
130,7,1188.422450
130,7,1188.422450
130,7,1188.422450
130,7,1188.422450
130,7,1188.422450
130,7,1188.422450
130,7,1188.422450
130,7,1188.422450
130,7,1188.422450
130,7,1188.422450
130,7,1188.422450
130,7,1188.422450
130,7,1188.422450
130,7,1188.422450
130,7,1188.422450
130,7,1188.422450
130,7,1188.422450
130,7,1188.422450
130,7,1188.422450
130,7,1188.422450
130,7,1188.422450
130,7,1188.422450
130,7,1188.422450
130,7,1188.422450
130,7,1188.422450
130,7,1188.422450
130,7,1188.422450
130,7,1188.422450
130,7,1188.422450
130,7,1188.422450
130,7,1188.422450
130,7,1188.422450
130,7,1188.422450
130,7,1188.422450
130,7,1188.422450
130,7,1188.422450
130,7,1188.422450
130,7,1188.422450
130,7,1188.422450
130,7,1188.422450
130,7,1188.422450
130,7,1188.422450
130,7,1188.422450
130,7,1188.422450
131,5,1212.040448
131,5,1212.040448
131,7,1188.422450
131,7,1188.422450
131,7,1188.422450
131,7,1188.422450
131,7,1188.422450
131,7,1188.422450
131,7,1188.422450
131,7,1188.422450
131,7,1188.422450
131,7,1188.422450
131,7,1188.422450
131,7,1188.422450
131,7,1188.422450
131,7,1188.422450
131,7,1188.422450
131,7,1188.422450
131,7,1188.422450
131,7,1188.422450
131,7,1188.422450
131,7,1188.422450
131,7,1188.422450
131,7,1188.422450
131,7,1188.422450
131,7,1188.422450
131,7,1188.422450
131,7,1188.422450
131,7,1188.422450
131,7,1188.422450
131,7,1188.422450
131,7,1188.422450
131,7,1188.422450
131,7,1188.422450
131,7,1188.422450
131,7,1188.422450
131,7,1188.422450
131,7,1188.422450
131,7,1188.422450
131,7,1188.422450
131,7,1188.422450
131,7,1188.422450
131,7,1188.422450
131,7,1188.422450
131,7,1188.422450
131,7,1188.422450
131,7,1188.422450
131,7,1188.422450
131,7,1188.422450
131,7,1188.422450
131,7,1188.422450
131,7,1188.422450
131,7,1188.422450
131,7,1188.422450
131,7,1188.422450
131,7,1188.422450
131,7,1188.422450
131,7,1188.422450
131,7,1188.422450
131,7,1188.422450
131,7,1188.422450
131,7,1188.422450
131,7,1188.422450
131,7,1188.422450
131,7,1188.422450
131,7,1188.422450
131,7,1188.422450
131,7,1188.422450
131,7,1188.422450
131,7,1188.422450
131,7,1188.422450
131,7,1188.422450
131,7,1188.422450
131,7,1188.422450
131,7,1188.422450
131,7,1188.422450
131,7,1188.422450
131,7,1188.422450
131,7,1188.422450
131,7,1188.422450
131,7,1188.422450
131,7,1188.422450
131,7,1188.422450
131,7,1188.422450
131,7,1188.422450
131,7,1188.422450
131,7,1188.422450
131,7,1188.422450
131,7,1188.422450
131,7,1188.422450
131,7,1188.422450
131,7,1188.422450
131,7,1188.422450
131,7,1188.422450
131,7,1188.422450
131,7,1188.422450
131,7,1188.422450
131,7,1188.422450
131,7,1188.422450
131,7,1188.422450
131,7,1188.422450
131,7,1188.422450
131,7,1188.422450
131,7,1188.422450
131,7,1188.422450
131,7,1188.422450
131,7,1188.422450
131,7,1188.422450
131,7,1188.422450
131,7,1188.422450
131,7,1188.422450
131,7,1188.422450
131,7,1188.422450
131,7,1188.422450
131,7,1188.422450
131,7,1188.422450
131,7,1188.422450
131,7,1188.422450
131,7,1188.422450
131,7,1188.422450
131,7,1188.422450
131,7,1188.422450
131,7,1188.422450
131,7,1188.422450
131,7,1188.422450
131,7,1188.422450
131,7,1188.422450
131,7,1188.422450
131,7,1188.422450
131,7,1188.422450
131,7,1188.422450
131,7,1188.422450
131,7,1188.422450
131,7,1188.422450
131,7,1188.422450
131,7,1188.422450
131,7,1188.422450
131,7,1188.422450
131,7,1188.422450
131,7,1188.422450
131,7,1188.422450
131,7,1188.422450
131,7,1188.422450
131,7,1188.422450
131,7,1188.422450
131,7,1188.422450
131,7,1188.422450
131,7,1188.422450
131,7,1188.422450
131,7,1188.422450
132,5,1212.040448
132,5,1212.040448
132,7,1188.422450
132,7,1188.422450
132,7,1188.422450
132,7,1188.422450
132,7,1188.422450
132,7,1188.422450
132,7,1188.422450
132,7,1188.422450
132,7,1188.422450
132,7,1188.422450
132,7,1188.422450
132,7,1188.422450
132,7,1188.422450
132,7,1188.422450
132,7,1188.422450
132,7,1188.422450
132,7,1188.422450
132,7,1188.422450
132,7,1188.422450
132,7,1188.422450
132,7,1188.422450
132,7,1188.422450
132,7,1188.422450
132,7,1188.422450
132,7,1188.422450
132,7,1188.422450
132,7,1188.422450
132,7,1188.422450
132,7,1188.422450
132,7,1188.422450
132,7,1188.422450
132,7,1188.422450
132,7,1188.422450
132,7,1188.422450
132,7,1188.422450
132,7,1188.422450
132,7,1188.422450
132,7,1188.422450
132,7,1188.422450
132,7,1188.422450
132,7,1188.422450
132,7,1188.422450
132,7,1188.422450
132,7,1188.422450
132,7,1188.422450
132,7,1188.422450
132,7,1188.422450
132,7,1188.422450
132,7,1188.422450
132,7,1188.422450
132,7,1188.422450
132,7,1188.422450
132,7,1188.422450
132,7,1188.422450
132,7,1188.422450
132,7,1188.422450
132,7,1188.422450
132,7,1188.422450
132,7,1188.422450
132,7,1188.422450
132,7,1188.422450
132,7,1188.422450
132,7,1188.422450
132,7,1188.422450
132,7,1188.422450
132,7,1188.422450
132,7,1188.422450
132,7,1188.422450
132,7,1188.422450
132,7,1188.422450
132,7,1188.422450
132,7,1188.422450
132,7,1188.422450
132,7,1188.422450
132,7,1188.422450
132,7,1188.422450
132,7,1188.422450
132,7,1188.422450
132,7,1188.422450
132,7,1188.422450
132,7,1188.422450
132,7,1188.422450
132,7,1188.422450
132,7,1188.422450
132,7,1188.422450
132,7,1188.422450
132,7,1188.422450
132,7,1188.422450
132,7,1188.422450
132,7,1188.422450
132,7,1188.422450
132,7,1188.422450
132,7,1188.422450
132,7,1188.422450
132,7,1188.422450
132,7,1188.422450
132,7,1188.422450
132,7,1188.422450
132,7,1188.422450
132,7,1188.422450
132,7,1188.422450
132,7,1188.422450
132,7,1188.422450
132,7,1188.422450
132,7,1188.422450
132,7,1188.422450
132,7,1188.422450
132,7,1188.422450
132,7,1188.422450
132,7,1188.422450
132,7,1188.422450
132,7,1188.422450
132,7,1188.422450
132,7,1188.422450
132,7,1188.422450
132,7,1188.422450
132,7,1188.422450
132,7,1188.422450
132,7,1188.422450
132,7,1188.422450
132,7,1188.422450
132,7,1188.422450
132,7,1188.422450
132,7,1188.422450
132,7,1188.422450
132,7,1188.422450
132,7,1188.422450
132,7,1188.422450
132,7,1188.422450
132,7,1188.422450
132,7,1188.422450
132,7,1188.422450
132,7,1188.422450
132,7,1188.422450
132,7,1188.422450
132,7,1188.422450
132,7,1188.422450
132,7,1188.422450
132,7,1188.422450
132,7,1188.422450
132,7,1188.422450
132,7,1188.422450
132,7,1188.422450
132,7,1188.422450
132,7,1188.422450
132,7,1188.422450
132,7,1188.422450
132,7,1188.422450
133,5,1212.040448
133,5,1212.040448
133,7,1188.422450
133,7,1188.422450
133,7,1188.422450
133,7,1188.422450
133,7,1188.422450
133,7,1188.422450
133,7,1188.422450
133,7,1188.422450
133,7,1188.422450
133,7,1188.422450
133,7,1188.422450
133,7,1188.422450
133,7,1188.422450
133,7,1188.422450
133,7,1188.422450
133,7,1188.422450
133,7,1188.422450
133,7,1188.422450
133,7,1188.422450
133,7,1188.422450
133,7,1188.422450
133,7,1188.422450
133,7,1188.422450
133,7,1188.422450
133,7,1188.422450
133,7,1188.422450
133,7,1188.422450
133,7,1188.422450
133,7,1188.422450
133,7,1188.422450
133,7,1188.422450
133,7,1188.422450
133,7,1188.422450
133,7,1188.422450
133,7,1188.422450
133,7,1188.422450
133,7,1188.422450
133,7,1188.422450
133,7,1188.422450
133,7,1188.422450
133,7,1188.422450
133,7,1188.422450
133,7,1188.422450
133,7,1188.422450
133,7,1188.422450
133,7,1188.422450
133,7,1188.422450
133,7,1188.422450
133,7,1188.422450
133,7,1188.422450
133,7,1188.422450
133,7,1188.422450
133,7,1188.422450
133,7,1188.422450
133,7,1188.422450
133,7,1188.422450
133,7,1188.422450
133,7,1188.422450
133,7,1188.422450
133,7,1188.422450
133,7,1188.422450
133,7,1188.422450
133,7,1188.422450
133,7,1188.422450
133,7,1188.422450
133,7,1188.422450
133,7,1188.422450
133,7,1188.422450
133,7,1188.422450
133,7,1188.422450
133,7,1188.422450
133,7,1188.422450
133,7,1188.422450
133,7,1188.422450
133,7,1188.422450
133,7,1188.422450
133,7,1188.422450
133,7,1188.422450
133,7,1188.422450
133,7,1188.422450
133,7,1188.422450
133,7,1188.422450
133,7,1188.422450
133,7,1188.422450
133,7,1188.422450
133,7,1188.422450
133,7,1188.422450
133,7,1188.422450
133,7,1188.422450
133,7,1188.422450
133,7,1188.422450
133,7,1188.422450
133,7,1188.422450
133,7,1188.422450
133,7,1188.422450
133,7,1188.422450
133,7,1188.422450
133,7,1188.422450
133,7,1188.422450
133,7,1188.422450
133,7,1188.422450
133,7,1188.422450
133,7,1188.422450
133,7,1188.422450
133,7,1188.422450
133,7,1188.422450
133,7,1188.422450
133,7,1188.422450
133,7,1188.422450
133,7,1188.422450
133,7,1188.422450
133,7,1188.422450
133,7,1188.422450
133,7,1188.422450
133,7,1188.422450
133,7,1188.422450
133,7,1188.422450
133,7,1188.422450
133,7,1188.422450
133,7,1188.422450
133,7,1188.422450
133,7,1188.422450
133,7,1188.422450
133,7,1188.422450
133,7,1188.422450
133,7,1188.422450
133,7,1188.422450
133,7,1188.422450
133,7,1188.422450
133,7,1188.422450
133,7,1188.422450
133,7,1188.422450
133,7,1188.422450
133,7,1188.422450
133,7,1188.422450
133,7,1188.422450
133,7,1188.422450
133,7,1188.422450
133,7,1188.422450
133,7,1188.422450
133,7,1188.422450
133,7,1188.422450
133,7,1188.422450
133,7,1188.422450
133,7,1188.422450
133,7,1188.422450
133,7,1188.422450
133,7,1188.422450
134,5,1212.040448
134,5,1212.040448
134,7,1188.422450
134,7,1188.422450
134,7,1188.422450
134,7,1188.422450
134,7,1188.422450
134,7,1188.422450
134,7,1188.422450
134,7,1188.422450
134,7,1188.422450
134,7,1188.422450
134,7,1188.422450
134,7,1188.422450
134,7,1188.422450
134,7,1188.422450
134,7,1188.422450
134,7,1188.422450
134,7,1188.422450
134,7,1188.422450
134,7,1188.422450
134,7,1188.422450
134,7,1188.422450
134,7,1188.422450
134,7,1188.422450
134,7,1188.422450
134,7,1188.422450
134,7,1188.422450
134,7,1188.422450
134,7,1188.422450
134,7,1188.422450
134,7,1188.422450
134,7,1188.422450
134,7,1188.422450
134,7,1188.422450
134,7,1188.422450
134,7,1188.422450
134,7,1188.422450
134,7,1188.422450
134,7,1188.422450
134,7,1188.422450
134,7,1188.422450
134,7,1188.422450
134,7,1188.422450
134,7,1188.422450
134,7,1188.422450
134,7,1188.422450
134,7,1188.422450
134,7,1188.422450
134,7,1188.422450
134,7,1188.422450
134,7,1188.422450
134,7,1188.422450
134,7,1188.422450
134,7,1188.422450
134,7,1188.422450
134,7,1188.422450
134,7,1188.422450
134,7,1188.422450
134,7,1188.422450
134,7,1188.422450
134,7,1188.422450
134,7,1188.422450
134,7,1188.422450
134,7,1188.422450
134,7,1188.422450
134,7,1188.422450
134,7,1188.422450
134,7,1188.422450
134,7,1188.422450
134,7,1188.422450
134,7,1188.422450
134,7,1188.422450
134,7,1188.422450
134,7,1188.422450
134,7,1188.422450
134,7,1188.422450
134,7,1188.422450
134,7,1188.422450
134,7,1188.422450
134,7,1188.422450
134,7,1188.422450
134,7,1188.422450
134,7,1188.422450
134,7,1188.422450
134,7,1188.422450
134,7,1188.422450
134,7,1188.422450
134,7,1188.422450
134,7,1188.422450
134,7,1188.422450
134,7,1188.422450
134,7,1188.422450
134,7,1188.422450
134,7,1188.422450
134,7,1188.422450
134,7,1188.422450
134,7,1188.422450
134,7,1188.422450
134,7,1188.422450
134,7,1188.422450
134,7,1188.422450
134,7,1188.422450
134,7,1188.422450
134,7,1188.422450
134,7,1188.422450
134,7,1188.422450
134,7,1188.422450
134,7,1188.422450
134,7,1188.422450
134,7,1188.422450
134,7,1188.422450
134,7,1188.422450
134,7,1188.422450
134,7,1188.422450
134,7,1188.422450
134,7,1188.422450
134,7,1188.422450
134,7,1188.422450
134,7,1188.422450
134,7,1188.422450
134,7,1188.422450
134,7,1188.422450
134,7,1188.422450
134,7,1188.422450
134,7,1188.422450
134,7,1188.422450
134,7,1188.422450
134,7,1188.422450
134,7,1188.422450
134,7,1188.422450
134,7,1188.422450
134,7,1188.422450
134,7,1188.422450
134,7,1188.422450
134,7,1188.422450
134,7,1188.422450
134,7,1188.422450
134,7,1188.422450
134,7,1188.422450
134,7,1188.422450
134,7,1188.422450
134,7,1188.422450
134,7,1188.422450
134,7,1188.422450
134,7,1188.422450
134,7,1188.422450
134,7,1188.422450
134,7,1188.422450
134,7,1188.422450
135,5,1212.040448
135,5,1212.040448
135,7,1188.422450
135,7,1188.422450
135,7,1188.422450
135,7,1188.422450
135,7,1188.422450
135,7,1188.422450
135,7,1188.422450
135,7,1188.422450
135,7,1188.422450
135,7,1188.422450
135,7,1188.422450
135,7,1188.422450
135,7,1188.422450
135,7,1188.422450
135,7,1188.422450
135,7,1188.422450
135,7,1188.422450
135,7,1188.422450
135,7,1188.422450
135,7,1188.422450
135,7,1188.422450
135,7,1188.422450
135,7,1188.422450
135,7,1188.422450
135,7,1188.422450
135,7,1188.422450
135,7,1188.422450
135,7,1188.422450
135,7,1188.422450
135,7,1188.422450
135,7,1188.422450
135,7,1188.422450
135,7,1188.422450
135,7,1188.422450
135,7,1188.422450
135,7,1188.422450
135,7,1188.422450
135,7,1188.422450
135,7,1188.422450
135,7,1188.422450
135,7,1188.422450
135,7,1188.422450
135,7,1188.422450
135,7,1188.422450
135,7,1188.422450
135,7,1188.422450
135,7,1188.422450
135,7,1188.422450
135,7,1188.422450
135,7,1188.422450
135,7,1188.422450
135,7,1188.422450
135,7,1188.422450
135,7,1188.422450
135,7,1188.422450
135,7,1188.422450
135,7,1188.422450
135,7,1188.422450
135,7,1188.422450
135,7,1188.422450
135,7,1188.422450
135,7,1188.422450
135,7,1188.422450
135,7,1188.422450
135,7,1188.422450
135,7,1188.422450
135,7,1188.422450
135,7,1188.422450
135,7,1188.422450
135,7,1188.422450
135,7,1188.422450
135,7,1188.422450
135,7,1188.422450
135,7,1188.422450
135,7,1188.422450
135,7,1188.422450
135,7,1188.422450
135,7,1188.422450
135,7,1188.422450
135,7,1188.422450
135,7,1188.422450
135,7,1188.422450
135,7,1188.422450
135,7,1188.422450
135,7,1188.422450
135,7,1188.422450
135,7,1188.422450
135,7,1188.422450
135,7,1188.422450
135,7,1188.422450
135,7,1188.422450
135,7,1188.422450
135,7,1188.422450
135,7,1188.422450
135,7,1188.422450
135,7,1188.422450
135,7,1188.422450
135,7,1188.422450
135,7,1188.422450
135,7,1188.422450
135,7,1188.422450
135,7,1188.422450
135,7,1188.422450
135,7,1188.422450
135,7,1188.422450
135,7,1188.422450
135,7,1188.422450
135,7,1188.422450
135,7,1188.422450
135,7,1188.422450
135,7,1188.422450
135,7,1188.422450
135,7,1188.422450
135,7,1188.422450
135,7,1188.422450
135,7,1188.422450
135,7,1188.422450
135,7,1188.422450
135,7,1188.422450
135,7,1188.422450
135,7,1188.422450
135,7,1188.422450
135,7,1188.422450
135,7,1188.422450
135,7,1188.422450
135,7,1188.422450
135,7,1188.422450
135,7,1188.422450
135,7,1188.422450
135,7,1188.422450
135,7,1188.422450
135,7,1188.422450
135,7,1188.422450
135,7,1188.422450
135,7,1188.422450
135,7,1188.422450
135,7,1188.422450
135,7,1188.422450
135,7,1188.422450
135,7,1188.422450
135,7,1188.422450
135,7,1188.422450
135,7,1188.422450
135,7,1188.422450
135,7,1188.422450
135,7,1188.422450
135,7,1188.422450
135,7,1188.422450
136,5,1212.040448
136,5,1212.040448
136,7,1188.422450
136,7,1188.422450
136,7,1188.422450
136,7,1188.422450
136,7,1188.422450
136,7,1188.422450
136,7,1188.422450
136,7,1188.422450
136,7,1188.422450
136,7,1188.422450
136,7,1188.422450
136,7,1188.422450
136,7,1188.422450
136,7,1188.422450
136,7,1188.422450
136,7,1188.422450
136,7,1188.422450
136,7,1188.422450
136,7,1188.422450
136,7,1188.422450
136,7,1188.422450
136,7,1188.422450
136,7,1188.422450
136,7,1188.422450
136,7,1188.422450
136,7,1188.422450
136,7,1188.422450
136,7,1188.422450
136,7,1188.422450
136,7,1188.422450
136,7,1188.422450
136,7,1188.422450
136,7,1188.422450
136,7,1188.422450
136,7,1188.422450
136,7,1188.422450
136,7,1188.422450
136,7,1188.422450
136,7,1188.422450
136,7,1188.422450
136,7,1188.422450
136,7,1188.422450
136,7,1188.422450
136,7,1188.422450
136,7,1188.422450
136,7,1188.422450
136,7,1188.422450
136,7,1188.422450
136,7,1188.422450
136,7,1188.422450
136,7,1188.422450
136,7,1188.422450
136,7,1188.422450
136,7,1188.422450
136,7,1188.422450
136,7,1188.422450
136,7,1188.422450
136,7,1188.422450
136,7,1188.422450
136,7,1188.422450
136,7,1188.422450
136,7,1188.422450
136,7,1188.422450
136,7,1188.422450
136,7,1188.422450
136,7,1188.422450
136,7,1188.422450
136,7,1188.422450
136,7,1188.422450
136,7,1188.422450
136,7,1188.422450
136,7,1188.422450
136,7,1188.422450
136,7,1188.422450
136,7,1188.422450
136,7,1188.422450
136,7,1188.422450
136,7,1188.422450
136,7,1188.422450
136,7,1188.422450
136,7,1188.422450
136,7,1188.422450
136,7,1188.422450
136,7,1188.422450
136,7,1188.422450
136,7,1188.422450
136,7,1188.422450
136,7,1188.422450
136,7,1188.422450
136,7,1188.422450
136,7,1188.422450
136,7,1188.422450
136,7,1188.422450
136,7,1188.422450
136,7,1188.422450
136,7,1188.422450
136,7,1188.422450
136,7,1188.422450
136,7,1188.422450
136,7,1188.422450
136,7,1188.422450
136,7,1188.422450
136,7,1188.422450
136,7,1188.422450
136,7,1188.422450
136,7,1188.422450
136,7,1188.422450
136,7,1188.422450
136,7,1188.422450
136,7,1188.422450
136,7,1188.422450
136,7,1188.422450
136,7,1188.422450
136,7,1188.422450
136,7,1188.422450
136,7,1188.422450
136,7,1188.422450
136,7,1188.422450
136,7,1188.422450
136,7,1188.422450
136,7,1188.422450
136,7,1188.422450
136,7,1188.422450
136,7,1188.422450
136,7,1188.422450
136,7,1188.422450
136,7,1188.422450
136,7,1188.422450
136,7,1188.422450
136,7,1188.422450
136,7,1188.422450
136,7,1188.422450
136,7,1188.422450
136,7,1188.422450
136,7,1188.422450
136,7,1188.422450
136,7,1188.422450
136,7,1188.422450
136,7,1188.422450
136,7,1188.422450
136,7,1188.422450
136,7,1188.422450
136,7,1188.422450
136,7,1188.422450
136,7,1188.422450
136,7,1188.422450
136,7,1188.422450
136,7,1188.422450
137,5,1212.040448
137,5,1212.040448
137,7,1188.422450
137,7,1188.422450
137,7,1188.422450
137,7,1188.422450
137,7,1188.422450
137,7,1188.422450
137,7,1188.422450
137,7,1188.422450
137,7,1188.422450
137,7,1188.422450
137,7,1188.422450
137,7,1188.422450
137,7,1188.422450
137,7,1188.422450
137,7,1188.422450
137,7,1188.422450
137,7,1188.422450
137,7,1188.422450
137,7,1188.422450
137,7,1188.422450
137,7,1188.422450
137,7,1188.422450
137,7,1188.422450
137,7,1188.422450
137,7,1188.422450
137,7,1188.422450
137,7,1188.422450
137,7,1188.422450
137,7,1188.422450
137,7,1188.422450
137,7,1188.422450
137,7,1188.422450
137,7,1188.422450
137,7,1188.422450
137,7,1188.422450
137,7,1188.422450
137,7,1188.422450
137,7,1188.422450
137,7,1188.422450
137,7,1188.422450
137,7,1188.422450
137,7,1188.422450
137,7,1188.422450
137,7,1188.422450
137,7,1188.422450
137,7,1188.422450
137,7,1188.422450
137,7,1188.422450
137,7,1188.422450
137,7,1188.422450
137,7,1188.422450
137,7,1188.422450
137,7,1188.422450
137,7,1188.422450
137,7,1188.422450
137,7,1188.422450
137,7,1188.422450
137,7,1188.422450
137,7,1188.422450
137,7,1188.422450
137,7,1188.422450
137,7,1188.422450
137,7,1188.422450
137,7,1188.422450
137,7,1188.422450
137,7,1188.422450
137,7,1188.422450
137,7,1188.422450
137,7,1188.422450
137,7,1188.422450
137,7,1188.422450
137,7,1188.422450
137,7,1188.422450
137,7,1188.422450
137,7,1188.422450
137,7,1188.422450
137,7,1188.422450
137,7,1188.422450
137,7,1188.422450
137,7,1188.422450
137,7,1188.422450
137,7,1188.422450
137,7,1188.422450
137,7,1188.422450
137,7,1188.422450
137,7,1188.422450
137,7,1188.422450
137,7,1188.422450
137,7,1188.422450
137,7,1188.422450
137,7,1188.422450
137,7,1188.422450
137,7,1188.422450
137,7,1188.422450
137,7,1188.422450
137,7,1188.422450
137,7,1188.422450
137,7,1188.422450
137,7,1188.422450
137,7,1188.422450
137,7,1188.422450
137,7,1188.422450
137,7,1188.422450
137,7,1188.422450
137,7,1188.422450
137,7,1188.422450
137,7,1188.422450
137,7,1188.422450
137,7,1188.422450
137,7,1188.422450
137,7,1188.422450
137,7,1188.422450
137,7,1188.422450
137,7,1188.422450
137,7,1188.422450
137,7,1188.422450
137,7,1188.422450
137,7,1188.422450
137,7,1188.422450
137,7,1188.422450
137,7,1188.422450
137,7,1188.422450
137,7,1188.422450
137,7,1188.422450
137,7,1188.422450
137,7,1188.422450
137,7,1188.422450
137,7,1188.422450
137,7,1188.422450
137,7,1188.422450
137,7,1188.422450
137,7,1188.422450
137,7,1188.422450
137,7,1188.422450
137,7,1188.422450
137,7,1188.422450
137,7,1188.422450
137,7,1188.422450
137,7,1188.422450
137,7,1188.422450
137,7,1188.422450
137,7,1188.422450
137,7,1188.422450
137,7,1188.422450
137,7,1188.422450
137,7,1188.422450
137,7,1188.422450
137,7,1188.422450
138,5,1212.040448
138,5,1212.040448
138,7,1188.422450
138,7,1188.422450
138,7,1188.422450
138,7,1188.422450
138,7,1188.422450
138,7,1188.422450
138,7,1188.422450
138,7,1188.422450
138,7,1188.422450
138,7,1188.422450
138,7,1188.422450
138,7,1188.422450
138,7,1188.422450
138,7,1188.422450
138,7,1188.422450
138,7,1188.422450
138,7,1188.422450
138,7,1188.422450
138,7,1188.422450
138,7,1188.422450
138,7,1188.422450
138,7,1188.422450
138,7,1188.422450
138,7,1188.422450
138,7,1188.422450
138,7,1188.422450
138,7,1188.422450
138,7,1188.422450
138,7,1188.422450
138,7,1188.422450
138,7,1188.422450
138,7,1188.422450
138,7,1188.422450
138,7,1188.422450
138,7,1188.422450
138,7,1188.422450
138,7,1188.422450
138,7,1188.422450
138,7,1188.422450
138,7,1188.422450
138,7,1188.422450
138,7,1188.422450
138,7,1188.422450
138,7,1188.422450
138,7,1188.422450
138,7,1188.422450
138,7,1188.422450
138,7,1188.422450
138,7,1188.422450
138,7,1188.422450
138,7,1188.422450
138,7,1188.422450
138,7,1188.422450
138,7,1188.422450
138,7,1188.422450
138,7,1188.422450
138,7,1188.422450
138,7,1188.422450
138,7,1188.422450
138,7,1188.422450
138,7,1188.422450
138,7,1188.422450
138,7,1188.422450
138,7,1188.422450
138,7,1188.422450
138,7,1188.422450
138,7,1188.422450
138,7,1188.422450
138,7,1188.422450
138,7,1188.422450
138,7,1188.422450
138,7,1188.422450
138,7,1188.422450
138,7,1188.422450
138,7,1188.422450
138,7,1188.422450
138,7,1188.422450
138,7,1188.422450
138,7,1188.422450
138,7,1188.422450
138,7,1188.422450
138,7,1188.422450
138,7,1188.422450
138,7,1188.422450
138,7,1188.422450
138,7,1188.422450
138,7,1188.422450
138,7,1188.422450
138,7,1188.422450
138,7,1188.422450
138,7,1188.422450
138,7,1188.422450
138,7,1188.422450
138,7,1188.422450
138,7,1188.422450
138,7,1188.422450
138,7,1188.422450
138,7,1188.422450
138,7,1188.422450
138,7,1188.422450
138,7,1188.422450
138,7,1188.422450
138,7,1188.422450
138,7,1188.422450
138,7,1188.422450
138,7,1188.422450
138,7,1188.422450
138,7,1188.422450
138,7,1188.422450
138,7,1188.422450
138,7,1188.422450
138,7,1188.422450
138,7,1188.422450
138,7,1188.422450
138,7,1188.422450
138,7,1188.422450
138,7,1188.422450
138,7,1188.422450
138,7,1188.422450
138,7,1188.422450
138,7,1188.422450
138,7,1188.422450
138,7,1188.422450
138,7,1188.422450
138,7,1188.422450
138,7,1188.422450
138,7,1188.422450
138,7,1188.422450
138,7,1188.422450
138,7,1188.422450
138,7,1188.422450
138,7,1188.422450
138,7,1188.422450
138,7,1188.422450
138,7,1188.422450
138,7,1188.422450
138,7,1188.422450
138,7,1188.422450
138,7,1188.422450
138,7,1188.422450
138,7,1188.422450
138,7,1188.422450
138,7,1188.422450
138,7,1188.422450
138,7,1188.422450
138,7,1188.422450
138,7,1188.422450
138,7,1188.422450
139,5,1212.040448
139,5,1212.040448
139,7,1188.422450
139,7,1188.422450
139,7,1188.422450
139,7,1188.422450
139,7,1188.422450
139,7,1188.422450
139,7,1188.422450
139,7,1188.422450
139,7,1188.422450
139,7,1188.422450
139,7,1188.422450
139,7,1188.422450
139,7,1188.422450
139,7,1188.422450
139,7,1188.422450
139,7,1188.422450
139,7,1188.422450
139,7,1188.422450
139,7,1188.422450
139,7,1188.422450
139,7,1188.422450
139,7,1188.422450
139,7,1188.422450
139,7,1188.422450
139,7,1188.422450
139,7,1188.422450
139,7,1188.422450
139,7,1188.422450
139,7,1188.422450
139,7,1188.422450
139,7,1188.422450
139,7,1188.422450
139,7,1188.422450
139,7,1188.422450
139,7,1188.422450
139,7,1188.422450
139,7,1188.422450
139,7,1188.422450
139,7,1188.422450
139,7,1188.422450
139,7,1188.422450
139,7,1188.422450
139,7,1188.422450
139,7,1188.422450
139,7,1188.422450
139,7,1188.422450
139,7,1188.422450
139,7,1188.422450
139,7,1188.422450
139,7,1188.422450
139,7,1188.422450
139,7,1188.422450
139,7,1188.422450
139,7,1188.422450
139,7,1188.422450
139,7,1188.422450
139,7,1188.422450
139,7,1188.422450
139,7,1188.422450
139,7,1188.422450
139,7,1188.422450
139,7,1188.422450
139,7,1188.422450
139,7,1188.422450
139,7,1188.422450
139,7,1188.422450
139,7,1188.422450
139,7,1188.422450
139,7,1188.422450
139,7,1188.422450
139,7,1188.422450
139,7,1188.422450
139,7,1188.422450
139,7,1188.422450
139,7,1188.422450
139,7,1188.422450
139,7,1188.422450
139,7,1188.422450
139,7,1188.422450
139,7,1188.422450
139,7,1188.422450
139,7,1188.422450
139,7,1188.422450
139,7,1188.422450
139,7,1188.422450
139,7,1188.422450
139,7,1188.422450
139,7,1188.422450
139,7,1188.422450
139,7,1188.422450
139,7,1188.422450
139,7,1188.422450
139,7,1188.422450
139,7,1188.422450
139,7,1188.422450
139,7,1188.422450
139,7,1188.422450
139,7,1188.422450
139,7,1188.422450
139,7,1188.422450
139,7,1188.422450
139,7,1188.422450
139,7,1188.422450
139,7,1188.422450
139,7,1188.422450
139,7,1188.422450
139,7,1188.422450
139,7,1188.422450
139,7,1188.422450
139,7,1188.422450
139,7,1188.422450
139,7,1188.422450
139,7,1188.422450
139,7,1188.422450
139,7,1188.422450
139,7,1188.422450
139,7,1188.422450
139,7,1188.422450
139,7,1188.422450
139,7,1188.422450
139,7,1188.422450
139,7,1188.422450
139,7,1188.422450
139,7,1188.422450
139,7,1188.422450
139,7,1188.422450
139,7,1188.422450
139,7,1188.422450
139,7,1188.422450
139,7,1188.422450
139,7,1188.422450
139,7,1188.422450
139,7,1188.422450
139,7,1188.422450
139,7,1188.422450
139,7,1188.422450
139,7,1188.422450
139,7,1188.422450
139,7,1188.422450
139,7,1188.422450
139,7,1188.422450
139,7,1188.422450
139,7,1188.422450
139,7,1188.422450
139,7,1188.422450
139,7,1188.422450
139,7,1188.422450
139,7,1188.422450
140,5,1212.040448
140,5,1212.040448
140,7,1188.422450
140,7,1188.422450
140,7,1188.422450
140,7,1188.422450
140,7,1188.422450
140,7,1188.422450
140,7,1188.422450
140,7,1188.422450
140,7,1188.422450
140,7,1188.422450
140,7,1188.422450
140,7,1188.422450
140,7,1188.422450
140,7,1188.422450
140,7,1188.422450
140,7,1188.422450
140,7,1188.422450
140,7,1188.422450
140,7,1188.422450
140,7,1188.422450
140,7,1188.422450
140,7,1188.422450
140,7,1188.422450
140,7,1188.422450
140,7,1188.422450
140,7,1188.422450
140,7,1188.422450
140,7,1188.422450
140,7,1188.422450
140,7,1188.422450
140,7,1188.422450
140,7,1188.422450
140,7,1188.422450
140,7,1188.422450
140,7,1188.422450
140,7,1188.422450
140,7,1188.422450
140,7,1188.422450
140,7,1188.422450
140,7,1188.422450
140,7,1188.422450
140,7,1188.422450
140,7,1188.422450
140,7,1188.422450
140,7,1188.422450
140,7,1188.422450
140,7,1188.422450
140,7,1188.422450
140,7,1188.422450
140,7,1188.422450
140,7,1188.422450
140,7,1188.422450
140,7,1188.422450
140,7,1188.422450
140,7,1188.422450
140,7,1188.422450
140,7,1188.422450
140,7,1188.422450
140,7,1188.422450
140,7,1188.422450
140,7,1188.422450
140,7,1188.422450
140,7,1188.422450
140,7,1188.422450
140,7,1188.422450
140,7,1188.422450
140,7,1188.422450
140,7,1188.422450
140,7,1188.422450
140,7,1188.422450
140,7,1188.422450
140,7,1188.422450
140,7,1188.422450
140,7,1188.422450
140,7,1188.422450
140,7,1188.422450
140,7,1188.422450
140,7,1188.422450
140,7,1188.422450
140,7,1188.422450
140,7,1188.422450
140,7,1188.422450
140,7,1188.422450
140,7,1188.422450
140,7,1188.422450
140,7,1188.422450
140,7,1188.422450
140,7,1188.422450
140,7,1188.422450
140,7,1188.422450
140,7,1188.422450
140,7,1188.422450
140,7,1188.422450
140,7,1188.422450
140,7,1188.422450
140,7,1188.422450
140,7,1188.422450
140,7,1188.422450
140,7,1188.422450
140,7,1188.422450
140,7,1188.422450
140,7,1188.422450
140,7,1188.422450
140,7,1188.422450
140,7,1188.422450
140,7,1188.422450
140,7,1188.422450
140,7,1188.422450
140,7,1188.422450
140,7,1188.422450
140,7,1188.422450
140,7,1188.422450
140,7,1188.422450
140,7,1188.422450
140,7,1188.422450
140,7,1188.422450
140,7,1188.422450
140,7,1188.422450
140,7,1188.422450
140,7,1188.422450
140,7,1188.422450
140,7,1188.422450
140,7,1188.422450
140,7,1188.422450
140,7,1188.422450
140,7,1188.422450
140,7,1188.422450
140,7,1188.422450
140,7,1188.422450
140,7,1188.422450
140,7,1188.422450
140,7,1188.422450
140,7,1188.422450
140,7,1188.422450
140,7,1188.422450
140,7,1188.422450
140,7,1188.422450
140,7,1188.422450
140,7,1188.422450
140,7,1188.422450
140,7,1188.422450
140,7,1188.422450
140,7,1188.422450
140,7,1188.422450
140,7,1188.422450
140,7,1188.422450
140,7,1188.422450
140,7,1188.422450
141,5,1212.040448
141,5,1212.040448
141,7,1188.422450
141,7,1188.422450
141,7,1188.422450
141,7,1188.422450
141,7,1188.422450
141,7,1188.422450
141,7,1188.422450
141,7,1188.422450
141,7,1188.422450
141,7,1188.422450
141,7,1188.422450
141,7,1188.422450
141,7,1188.422450
141,7,1188.422450
141,7,1188.422450
141,7,1188.422450
141,7,1188.422450
141,7,1188.422450
141,7,1188.422450
141,7,1188.422450
141,7,1188.422450
141,7,1188.422450
141,7,1188.422450
141,7,1188.422450
141,7,1188.422450
141,7,1188.422450
141,7,1188.422450
141,7,1188.422450
141,7,1188.422450
141,7,1188.422450
141,7,1188.422450
141,7,1188.422450
141,7,1188.422450
141,7,1188.422450
141,7,1188.422450
141,7,1188.422450
141,7,1188.422450
141,7,1188.422450
141,7,1188.422450
141,7,1188.422450
141,7,1188.422450
141,7,1188.422450
141,7,1188.422450
141,7,1188.422450
141,7,1188.422450
141,7,1188.422450
141,7,1188.422450
141,7,1188.422450
141,7,1188.422450
141,7,1188.422450
141,7,1188.422450
141,7,1188.422450
141,7,1188.422450
141,7,1188.422450
141,7,1188.422450
141,7,1188.422450
141,7,1188.422450
141,7,1188.422450
141,7,1188.422450
141,7,1188.422450
141,7,1188.422450
141,7,1188.422450
141,7,1188.422450
141,7,1188.422450
141,7,1188.422450
141,7,1188.422450
141,7,1188.422450
141,7,1188.422450
141,7,1188.422450
141,7,1188.422450
141,7,1188.422450
141,7,1188.422450
141,7,1188.422450
141,7,1188.422450
141,7,1188.422450
141,7,1188.422450
141,7,1188.422450
141,7,1188.422450
141,7,1188.422450
141,7,1188.422450
141,7,1188.422450
141,7,1188.422450
141,7,1188.422450
141,7,1188.422450
141,7,1188.422450
141,7,1188.422450
141,7,1188.422450
141,7,1188.422450
141,7,1188.422450
141,7,1188.422450
141,7,1188.422450
141,7,1188.422450
141,7,1188.422450
141,7,1188.422450
141,7,1188.422450
141,7,1188.422450
141,7,1188.422450
141,7,1188.422450
141,7,1188.422450
141,7,1188.422450
141,7,1188.422450
141,7,1188.422450
141,7,1188.422450
141,7,1188.422450
141,7,1188.422450
141,7,1188.422450
141,7,1188.422450
141,7,1188.422450
141,7,1188.422450
141,7,1188.422450
141,7,1188.422450
141,7,1188.422450
141,7,1188.422450
141,7,1188.422450
141,7,1188.422450
141,7,1188.422450
141,7,1188.422450
141,7,1188.422450
141,7,1188.422450
141,7,1188.422450
141,7,1188.422450
141,7,1188.422450
141,7,1188.422450
141,7,1188.422450
141,7,1188.422450
141,7,1188.422450
141,7,1188.422450
141,7,1188.422450
141,7,1188.422450
141,7,1188.422450
141,7,1188.422450
141,7,1188.422450
141,7,1188.422450
141,7,1188.422450
141,7,1188.422450
141,7,1188.422450
141,7,1188.422450
141,7,1188.422450
141,7,1188.422450
141,7,1188.422450
141,7,1188.422450
141,7,1188.422450
141,7,1188.422450
141,7,1188.422450
141,7,1188.422450
141,7,1188.422450
141,7,1188.422450
141,7,1188.422450
142,5,1212.040448
142,5,1212.040448
142,7,1188.422450
142,7,1188.422450
142,7,1188.422450
142,7,1188.422450
142,7,1188.422450
142,7,1188.422450
142,7,1188.422450
142,7,1188.422450
142,7,1188.422450
142,7,1188.422450
142,7,1188.422450
142,7,1188.422450
142,7,1188.422450
142,7,1188.422450
142,7,1188.422450
142,7,1188.422450
142,7,1188.422450
142,7,1188.422450
142,7,1188.422450
142,7,1188.422450
142,7,1188.422450
142,7,1188.422450
142,7,1188.422450
142,7,1188.422450
142,7,1188.422450
142,7,1188.422450
142,7,1188.422450
142,7,1188.422450
142,7,1188.422450
142,7,1188.422450
142,7,1188.422450
142,7,1188.422450
142,7,1188.422450
142,7,1188.422450
142,7,1188.422450
142,7,1188.422450
142,7,1188.422450
142,7,1188.422450
142,7,1188.422450
142,7,1188.422450
142,7,1188.422450
142,7,1188.422450
142,7,1188.422450
142,7,1188.422450
142,7,1188.422450
142,7,1188.422450
142,7,1188.422450
142,7,1188.422450
142,7,1188.422450
142,7,1188.422450
142,7,1188.422450
142,7,1188.422450
142,7,1188.422450
142,7,1188.422450
142,7,1188.422450
142,7,1188.422450
142,7,1188.422450
142,7,1188.422450
142,7,1188.422450
142,7,1188.422450
142,7,1188.422450
142,7,1188.422450
142,7,1188.422450
142,7,1188.422450
142,7,1188.422450
142,7,1188.422450
142,7,1188.422450
142,7,1188.422450
142,7,1188.422450
142,7,1188.422450
142,7,1188.422450
142,7,1188.422450
142,7,1188.422450
142,7,1188.422450
142,7,1188.422450
142,7,1188.422450
142,7,1188.422450
142,7,1188.422450
142,7,1188.422450
142,7,1188.422450
142,7,1188.422450
142,7,1188.422450
142,7,1188.422450
142,7,1188.422450
142,7,1188.422450
142,7,1188.422450
142,7,1188.422450
142,7,1188.422450
142,7,1188.422450
142,7,1188.422450
142,7,1188.422450
142,7,1188.422450
142,7,1188.422450
142,7,1188.422450
142,7,1188.422450
142,7,1188.422450
142,7,1188.422450
142,7,1188.422450
142,7,1188.422450
142,7,1188.422450
142,7,1188.422450
142,7,1188.422450
142,7,1188.422450
142,7,1188.422450
142,7,1188.422450
142,7,1188.422450
142,7,1188.422450
142,7,1188.422450
142,7,1188.422450
142,7,1188.422450
142,7,1188.422450
142,7,1188.422450
142,7,1188.422450
142,7,1188.422450
142,7,1188.422450
142,7,1188.422450
142,7,1188.422450
142,7,1188.422450
142,7,1188.422450
142,7,1188.422450
142,7,1188.422450
142,7,1188.422450
142,7,1188.422450
142,7,1188.422450
142,7,1188.422450
142,7,1188.422450
142,7,1188.422450
142,7,1188.422450
142,7,1188.422450
142,7,1188.422450
142,7,1188.422450
142,7,1188.422450
142,7,1188.422450
142,7,1188.422450
142,7,1188.422450
142,7,1188.422450
142,7,1188.422450
142,7,1188.422450
142,7,1188.422450
142,7,1188.422450
142,7,1188.422450
142,7,1188.422450
142,7,1188.422450
142,7,1188.422450
142,7,1188.422450
142,7,1188.422450
142,7,1188.422450
142,7,1188.422450
143,5,1212.040448
143,5,1212.040448
143,7,1188.422450
143,7,1188.422450
143,7,1188.422450
143,7,1188.422450
143,7,1188.422450
143,7,1188.422450
143,7,1188.422450
143,7,1188.422450
143,7,1188.422450
143,7,1188.422450
143,7,1188.422450
143,7,1188.422450
143,7,1188.422450
143,7,1188.422450
143,7,1188.422450
143,7,1188.422450
143,7,1188.422450
143,7,1188.422450
143,7,1188.422450
143,7,1188.422450
143,7,1188.422450
143,7,1188.422450
143,7,1188.422450
143,7,1188.422450
143,7,1188.422450
143,7,1188.422450
143,7,1188.422450
143,7,1188.422450
143,7,1188.422450
143,7,1188.422450
143,7,1188.422450
143,7,1188.422450
143,7,1188.422450
143,7,1188.422450
143,7,1188.422450
143,7,1188.422450
143,7,1188.422450
143,7,1188.422450
143,7,1188.422450
143,7,1188.422450
143,7,1188.422450
143,7,1188.422450
143,7,1188.422450
143,7,1188.422450
143,7,1188.422450
143,7,1188.422450
143,7,1188.422450
143,7,1188.422450
143,7,1188.422450
143,7,1188.422450
143,7,1188.422450
143,7,1188.422450
143,7,1188.422450
143,7,1188.422450
143,7,1188.422450
143,7,1188.422450
143,7,1188.422450
143,7,1188.422450
143,7,1188.422450
143,7,1188.422450
143,7,1188.422450
143,7,1188.422450
143,7,1188.422450
143,7,1188.422450
143,7,1188.422450
143,7,1188.422450
143,7,1188.422450
143,7,1188.422450
143,7,1188.422450
143,7,1188.422450
143,7,1188.422450
143,7,1188.422450
143,7,1188.422450
143,7,1188.422450
143,7,1188.422450
143,7,1188.422450
143,7,1188.422450
143,7,1188.422450
143,7,1188.422450
143,7,1188.422450
143,7,1188.422450
143,7,1188.422450
143,7,1188.422450
143,7,1188.422450
143,7,1188.422450
143,7,1188.422450
143,7,1188.422450
143,7,1188.422450
143,7,1188.422450
143,7,1188.422450
143,7,1188.422450
143,7,1188.422450
143,7,1188.422450
143,7,1188.422450
143,7,1188.422450
143,7,1188.422450
143,7,1188.422450
143,7,1188.422450
143,7,1188.422450
143,7,1188.422450
143,7,1188.422450
143,7,1188.422450
143,7,1188.422450
143,7,1188.422450
143,7,1188.422450
143,7,1188.422450
143,7,1188.422450
143,7,1188.422450
143,7,1188.422450
143,7,1188.422450
143,7,1188.422450
143,7,1188.422450
143,7,1188.422450
143,7,1188.422450
143,7,1188.422450
143,7,1188.422450
143,7,1188.422450
143,7,1188.422450
143,7,1188.422450
143,7,1188.422450
143,7,1188.422450
143,7,1188.422450
143,7,1188.422450
143,7,1188.422450
143,7,1188.422450
143,7,1188.422450
143,7,1188.422450
143,7,1188.422450
143,7,1188.422450
143,7,1188.422450
143,7,1188.422450
143,7,1188.422450
143,7,1188.422450
143,7,1188.422450
143,7,1188.422450
143,7,1188.422450
143,7,1188.422450
143,7,1188.422450
143,7,1188.422450
143,7,1188.422450
143,7,1188.422450
143,7,1188.422450
143,7,1188.422450
143,7,1188.422450
143,7,1188.422450
143,7,1188.422450
143,7,1188.422450
143,7,1188.422450
144,5,1212.040448
144,5,1212.040448
144,7,1188.422450
144,7,1188.422450
144,7,1188.422450
144,7,1188.422450
144,7,1188.422450
144,7,1188.422450
144,7,1188.422450
144,7,1188.422450
144,7,1188.422450
144,7,1188.422450
144,7,1188.422450
144,7,1188.422450
144,7,1188.422450
144,7,1188.422450
144,7,1188.422450
144,7,1188.422450
144,7,1188.422450
144,7,1188.422450
144,7,1188.422450
144,7,1188.422450
144,7,1188.422450
144,7,1188.422450
144,7,1188.422450
144,7,1188.422450
144,7,1188.422450
144,7,1188.422450
144,7,1188.422450
144,7,1188.422450
144,7,1188.422450
144,7,1188.422450
144,7,1188.422450
144,7,1188.422450
144,7,1188.422450
144,7,1188.422450
144,7,1188.422450
144,7,1188.422450
144,7,1188.422450
144,7,1188.422450
144,7,1188.422450
144,7,1188.422450
144,7,1188.422450
144,7,1188.422450
144,7,1188.422450
144,7,1188.422450
144,7,1188.422450
144,7,1188.422450
144,7,1188.422450
144,7,1188.422450
144,7,1188.422450
144,7,1188.422450
144,7,1188.422450
144,7,1188.422450
144,7,1188.422450
144,7,1188.422450
144,7,1188.422450
144,7,1188.422450
144,7,1188.422450
144,7,1188.422450
144,7,1188.422450
144,7,1188.422450
144,7,1188.422450
144,7,1188.422450
144,7,1188.422450
144,7,1188.422450
144,7,1188.422450
144,7,1188.422450
144,7,1188.422450
144,7,1188.422450
144,7,1188.422450
144,7,1188.422450
144,7,1188.422450
144,7,1188.422450
144,7,1188.422450
144,7,1188.422450
144,7,1188.422450
144,7,1188.422450
144,7,1188.422450
144,7,1188.422450
144,7,1188.422450
144,7,1188.422450
144,7,1188.422450
144,7,1188.422450
144,7,1188.422450
144,7,1188.422450
144,7,1188.422450
144,7,1188.422450
144,7,1188.422450
144,7,1188.422450
144,7,1188.422450
144,7,1188.422450
144,7,1188.422450
144,7,1188.422450
144,7,1188.422450
144,7,1188.422450
144,7,1188.422450
144,7,1188.422450
144,7,1188.422450
144,7,1188.422450
144,7,1188.422450
144,7,1188.422450
144,7,1188.422450
144,7,1188.422450
144,7,1188.422450
144,7,1188.422450
144,7,1188.422450
144,7,1188.422450
144,7,1188.422450
144,7,1188.422450
144,7,1188.422450
144,7,1188.422450
144,7,1188.422450
144,7,1188.422450
144,7,1188.422450
144,7,1188.422450
144,7,1188.422450
144,7,1188.422450
144,7,1188.422450
144,7,1188.422450
144,7,1188.422450
144,7,1188.422450
144,7,1188.422450
144,7,1188.422450
144,7,1188.422450
144,7,1188.422450
144,7,1188.422450
144,7,1188.422450
144,7,1188.422450
144,7,1188.422450
144,7,1188.422450
144,7,1188.422450
144,7,1188.422450
144,7,1188.422450
144,7,1188.422450
144,7,1188.422450
144,7,1188.422450
144,7,1188.422450
144,7,1188.422450
144,7,1188.422450
144,7,1188.422450
144,7,1188.422450
144,7,1188.422450
144,7,1188.422450
144,7,1188.422450
144,7,1188.422450
144,7,1188.422450
144,7,1188.422450
144,7,1188.422450
144,7,1188.422450
145,5,1212.040448
145,5,1212.040448
145,7,1188.422450
145,7,1188.422450
145,7,1188.422450
145,7,1188.422450
145,7,1188.422450
145,7,1188.422450
145,7,1188.422450
145,7,1188.422450
145,7,1188.422450
145,7,1188.422450
145,7,1188.422450
145,7,1188.422450
145,7,1188.422450
145,7,1188.422450
145,7,1188.422450
145,7,1188.422450
145,7,1188.422450
145,7,1188.422450
145,7,1188.422450
145,7,1188.422450
145,7,1188.422450
145,7,1188.422450
145,7,1188.422450
145,7,1188.422450
145,7,1188.422450
145,7,1188.422450
145,7,1188.422450
145,7,1188.422450
145,7,1188.422450
145,7,1188.422450
145,7,1188.422450
145,7,1188.422450
145,7,1188.422450
145,7,1188.422450
145,7,1188.422450
145,7,1188.422450
145,7,1188.422450
145,7,1188.422450
145,7,1188.422450
145,7,1188.422450
145,7,1188.422450
145,7,1188.422450
145,7,1188.422450
145,7,1188.422450
145,7,1188.422450
145,7,1188.422450
145,7,1188.422450
145,7,1188.422450
145,7,1188.422450
145,7,1188.422450
145,7,1188.422450
145,7,1188.422450
145,7,1188.422450
145,7,1188.422450
145,7,1188.422450
145,7,1188.422450
145,7,1188.422450
145,7,1188.422450
145,7,1188.422450
145,7,1188.422450
145,7,1188.422450
145,7,1188.422450
145,7,1188.422450
145,7,1188.422450
145,7,1188.422450
145,7,1188.422450
145,7,1188.422450
145,7,1188.422450
145,7,1188.422450
145,7,1188.422450
145,7,1188.422450
145,7,1188.422450
145,7,1188.422450
145,7,1188.422450
145,7,1188.422450
145,7,1188.422450
145,7,1188.422450
145,7,1188.422450
145,7,1188.422450
145,7,1188.422450
145,7,1188.422450
145,7,1188.422450
145,7,1188.422450
145,7,1188.422450
145,7,1188.422450
145,7,1188.422450
145,7,1188.422450
145,7,1188.422450
145,7,1188.422450
145,7,1188.422450
145,7,1188.422450
145,7,1188.422450
145,7,1188.422450
145,7,1188.422450
145,7,1188.422450
145,7,1188.422450
145,7,1188.422450
145,7,1188.422450
145,7,1188.422450
145,7,1188.422450
145,7,1188.422450
145,7,1188.422450
145,7,1188.422450
145,7,1188.422450
145,7,1188.422450
145,7,1188.422450
145,7,1188.422450
145,7,1188.422450
145,7,1188.422450
145,7,1188.422450
145,7,1188.422450
145,7,1188.422450
145,7,1188.422450
145,7,1188.422450
145,7,1188.422450
145,7,1188.422450
145,7,1188.422450
145,7,1188.422450
145,7,1188.422450
145,7,1188.422450
145,7,1188.422450
145,7,1188.422450
145,7,1188.422450
145,7,1188.422450
145,7,1188.422450
145,7,1188.422450
145,7,1188.422450
145,7,1188.422450
145,7,1188.422450
145,7,1188.422450
145,7,1188.422450
145,7,1188.422450
145,7,1188.422450
145,7,1188.422450
145,7,1188.422450
145,7,1188.422450
145,7,1188.422450
145,7,1188.422450
145,7,1188.422450
145,7,1188.422450
145,7,1188.422450
145,7,1188.422450
145,7,1188.422450
145,7,1188.422450
145,7,1188.422450
145,7,1188.422450
145,7,1188.422450
145,7,1188.422450
146,5,1212.040448
146,5,1212.040448
146,7,1188.422450
146,7,1188.422450
146,7,1188.422450
146,7,1188.422450
146,7,1188.422450
146,7,1188.422450
146,7,1188.422450
146,7,1188.422450
146,7,1188.422450
146,7,1188.422450
146,7,1188.422450
146,7,1188.422450
146,7,1188.422450
146,7,1188.422450
146,7,1188.422450
146,7,1188.422450
146,7,1188.422450
146,7,1188.422450
146,7,1188.422450
146,7,1188.422450
146,7,1188.422450
146,7,1188.422450
146,7,1188.422450
146,7,1188.422450
146,7,1188.422450
146,7,1188.422450
146,7,1188.422450
146,7,1188.422450
146,7,1188.422450
146,7,1188.422450
146,7,1188.422450
146,7,1188.422450
146,7,1188.422450
146,7,1188.422450
146,7,1188.422450
146,7,1188.422450
146,7,1188.422450
146,7,1188.422450
146,7,1188.422450
146,7,1188.422450
146,7,1188.422450
146,7,1188.422450
146,7,1188.422450
146,7,1188.422450
146,7,1188.422450
146,7,1188.422450
146,7,1188.422450
146,7,1188.422450
146,7,1188.422450
146,7,1188.422450
146,7,1188.422450
146,7,1188.422450
146,7,1188.422450
146,7,1188.422450
146,7,1188.422450
146,7,1188.422450
146,7,1188.422450
146,7,1188.422450
146,7,1188.422450
146,7,1188.422450
146,7,1188.422450
146,7,1188.422450
146,7,1188.422450
146,7,1188.422450
146,7,1188.422450
146,7,1188.422450
146,7,1188.422450
146,7,1188.422450
146,7,1188.422450
146,7,1188.422450
146,7,1188.422450
146,7,1188.422450
146,7,1188.422450
146,7,1188.422450
146,7,1188.422450
146,7,1188.422450
146,7,1188.422450
146,7,1188.422450
146,7,1188.422450
146,7,1188.422450
146,7,1188.422450
146,7,1188.422450
146,7,1188.422450
146,7,1188.422450
146,7,1188.422450
146,7,1188.422450
146,7,1188.422450
146,7,1188.422450
146,7,1188.422450
146,7,1188.422450
146,7,1188.422450
146,7,1188.422450
146,7,1188.422450
146,7,1188.422450
146,7,1188.422450
146,7,1188.422450
146,7,1188.422450
146,7,1188.422450
146,7,1188.422450
146,7,1188.422450
146,7,1188.422450
146,7,1188.422450
146,7,1188.422450
146,7,1188.422450
146,7,1188.422450
146,7,1188.422450
146,7,1188.422450
146,7,1188.422450
146,7,1188.422450
146,7,1188.422450
146,7,1188.422450
146,7,1188.422450
146,7,1188.422450
146,7,1188.422450
146,7,1188.422450
146,7,1188.422450
146,7,1188.422450
146,7,1188.422450
146,7,1188.422450
146,7,1188.422450
146,7,1188.422450
146,7,1188.422450
146,7,1188.422450
146,7,1188.422450
146,7,1188.422450
146,7,1188.422450
146,7,1188.422450
146,7,1188.422450
146,7,1188.422450
146,7,1188.422450
146,7,1188.422450
146,7,1188.422450
146,7,1188.422450
146,7,1188.422450
146,7,1188.422450
146,7,1188.422450
146,7,1188.422450
146,7,1188.422450
146,7,1188.422450
146,7,1188.422450
146,7,1188.422450
146,7,1188.422450
146,7,1188.422450
146,7,1188.422450
146,7,1188.422450
146,7,1188.422450
146,7,1188.422450
146,7,1188.422450
147,5,1212.040448
147,5,1212.040448
147,7,1188.422450
147,7,1188.422450
147,7,1188.422450
147,7,1188.422450
147,7,1188.422450
147,7,1188.422450
147,7,1188.422450
147,7,1188.422450
147,7,1188.422450
147,7,1188.422450
147,7,1188.422450
147,7,1188.422450
147,7,1188.422450
147,7,1188.422450
147,7,1188.422450
147,7,1188.422450
147,7,1188.422450
147,7,1188.422450
147,7,1188.422450
147,7,1188.422450
147,7,1188.422450
147,7,1188.422450
147,7,1188.422450
147,7,1188.422450
147,7,1188.422450
147,7,1188.422450
147,7,1188.422450
147,7,1188.422450
147,7,1188.422450
147,7,1188.422450
147,7,1188.422450
147,7,1188.422450
147,7,1188.422450
147,7,1188.422450
147,7,1188.422450
147,7,1188.422450
147,7,1188.422450
147,7,1188.422450
147,7,1188.422450
147,7,1188.422450
147,7,1188.422450
147,7,1188.422450
147,7,1188.422450
147,7,1188.422450
147,7,1188.422450
147,7,1188.422450
147,7,1188.422450
147,7,1188.422450
147,7,1188.422450
147,7,1188.422450
147,7,1188.422450
147,7,1188.422450
147,7,1188.422450
147,7,1188.422450
147,7,1188.422450
147,7,1188.422450
147,7,1188.422450
147,7,1188.422450
147,7,1188.422450
147,7,1188.422450
147,7,1188.422450
147,7,1188.422450
147,7,1188.422450
147,7,1188.422450
147,7,1188.422450
147,7,1188.422450
147,7,1188.422450
147,7,1188.422450
147,7,1188.422450
147,7,1188.422450
147,7,1188.422450
147,7,1188.422450
147,7,1188.422450
147,7,1188.422450
147,7,1188.422450
147,7,1188.422450
147,7,1188.422450
147,7,1188.422450
147,7,1188.422450
147,7,1188.422450
147,7,1188.422450
147,7,1188.422450
147,7,1188.422450
147,7,1188.422450
147,7,1188.422450
147,7,1188.422450
147,7,1188.422450
147,7,1188.422450
147,7,1188.422450
147,7,1188.422450
147,7,1188.422450
147,7,1188.422450
147,7,1188.422450
147,7,1188.422450
147,7,1188.422450
147,7,1188.422450
147,7,1188.422450
147,7,1188.422450
147,7,1188.422450
147,7,1188.422450
147,7,1188.422450
147,7,1188.422450
147,7,1188.422450
147,7,1188.422450
147,7,1188.422450
147,7,1188.422450
147,7,1188.422450
147,7,1188.422450
147,7,1188.422450
147,7,1188.422450
147,7,1188.422450
147,7,1188.422450
147,7,1188.422450
147,7,1188.422450
147,7,1188.422450
147,7,1188.422450
147,7,1188.422450
147,7,1188.422450
147,7,1188.422450
147,7,1188.422450
147,7,1188.422450
147,7,1188.422450
147,7,1188.422450
147,7,1188.422450
147,7,1188.422450
147,7,1188.422450
147,7,1188.422450
147,7,1188.422450
147,7,1188.422450
147,7,1188.422450
147,7,1188.422450
147,7,1188.422450
147,7,1188.422450
147,7,1188.422450
147,7,1188.422450
147,7,1188.422450
147,7,1188.422450
147,7,1188.422450
147,7,1188.422450
147,7,1188.422450
147,7,1188.422450
147,7,1188.422450
147,7,1188.422450
147,7,1188.422450
147,7,1188.422450
147,7,1188.422450
147,7,1188.422450
147,7,1188.422450
148,5,1212.040448
148,5,1212.040448
148,7,1188.422450
148,7,1188.422450
148,7,1188.422450
148,7,1188.422450
148,7,1188.422450
148,7,1188.422450
148,7,1188.422450
148,7,1188.422450
148,7,1188.422450
148,7,1188.422450
148,7,1188.422450
148,7,1188.422450
148,7,1188.422450
148,7,1188.422450
148,7,1188.422450
148,7,1188.422450
148,7,1188.422450
148,7,1188.422450
148,7,1188.422450
148,7,1188.422450
148,7,1188.422450
148,7,1188.422450
148,7,1188.422450
148,7,1188.422450
148,7,1188.422450
148,7,1188.422450
148,7,1188.422450
148,7,1188.422450
148,7,1188.422450
148,7,1188.422450
148,7,1188.422450
148,7,1188.422450
148,7,1188.422450
148,7,1188.422450
148,7,1188.422450
148,7,1188.422450
148,7,1188.422450
148,7,1188.422450
148,7,1188.422450
148,7,1188.422450
148,7,1188.422450
148,7,1188.422450
148,7,1188.422450
148,7,1188.422450
148,7,1188.422450
148,7,1188.422450
148,7,1188.422450
148,7,1188.422450
148,7,1188.422450
148,7,1188.422450
148,7,1188.422450
148,7,1188.422450
148,7,1188.422450
148,7,1188.422450
148,7,1188.422450
148,7,1188.422450
148,7,1188.422450
148,7,1188.422450
148,7,1188.422450
148,7,1188.422450
148,7,1188.422450
148,7,1188.422450
148,7,1188.422450
148,7,1188.422450
148,7,1188.422450
148,7,1188.422450
148,7,1188.422450
148,7,1188.422450
148,7,1188.422450
148,7,1188.422450
148,7,1188.422450
148,7,1188.422450
148,7,1188.422450
148,7,1188.422450
148,7,1188.422450
148,7,1188.422450
148,7,1188.422450
148,7,1188.422450
148,7,1188.422450
148,7,1188.422450
148,7,1188.422450
148,7,1188.422450
148,7,1188.422450
148,7,1188.422450
148,7,1188.422450
148,7,1188.422450
148,7,1188.422450
148,7,1188.422450
148,7,1188.422450
148,7,1188.422450
148,7,1188.422450
148,7,1188.422450
148,7,1188.422450
148,7,1188.422450
148,7,1188.422450
148,7,1188.422450
148,7,1188.422450
148,7,1188.422450
148,7,1188.422450
148,7,1188.422450
148,7,1188.422450
148,7,1188.422450
148,7,1188.422450
148,7,1188.422450
148,7,1188.422450
148,7,1188.422450
148,7,1188.422450
148,7,1188.422450
148,7,1188.422450
148,7,1188.422450
148,7,1188.422450
148,7,1188.422450
148,7,1188.422450
148,7,1188.422450
148,7,1188.422450
148,7,1188.422450
148,7,1188.422450
148,7,1188.422450
148,7,1188.422450
148,7,1188.422450
148,7,1188.422450
148,7,1188.422450
148,7,1188.422450
148,7,1188.422450
148,7,1188.422450
148,7,1188.422450
148,7,1188.422450
148,7,1188.422450
148,7,1188.422450
148,7,1188.422450
148,7,1188.422450
148,7,1188.422450
148,7,1188.422450
148,7,1188.422450
148,7,1188.422450
148,7,1188.422450
148,7,1188.422450
148,7,1188.422450
148,7,1188.422450
148,7,1188.422450
148,7,1188.422450
148,7,1188.422450
148,7,1188.422450
148,7,1188.422450
148,7,1188.422450
148,7,1188.422450
148,7,1188.422450
148,7,1188.422450
149,5,1212.040448
149,5,1212.040448
149,7,1188.422450
149,7,1188.422450
149,7,1188.422450
149,7,1188.422450
149,7,1188.422450
149,7,1188.422450
149,7,1188.422450
149,7,1188.422450
149,7,1188.422450
149,7,1188.422450
149,7,1188.422450
149,7,1188.422450
149,7,1188.422450
149,7,1188.422450
149,7,1188.422450
149,7,1188.422450
149,7,1188.422450
149,7,1188.422450
149,7,1188.422450
149,7,1188.422450
149,7,1188.422450
149,7,1188.422450
149,7,1188.422450
149,7,1188.422450
149,7,1188.422450
149,7,1188.422450
149,7,1188.422450
149,7,1188.422450
149,7,1188.422450
149,7,1188.422450
149,7,1188.422450
149,7,1188.422450
149,7,1188.422450
149,7,1188.422450
149,7,1188.422450
149,7,1188.422450
149,7,1188.422450
149,7,1188.422450
149,7,1188.422450
149,7,1188.422450
149,7,1188.422450
149,7,1188.422450
149,7,1188.422450
149,7,1188.422450
149,7,1188.422450
149,7,1188.422450
149,7,1188.422450
149,7,1188.422450
149,7,1188.422450
149,7,1188.422450
149,7,1188.422450
149,7,1188.422450
149,7,1188.422450
149,7,1188.422450
149,7,1188.422450
149,7,1188.422450
149,7,1188.422450
149,7,1188.422450
149,7,1188.422450
149,7,1188.422450
149,7,1188.422450
149,7,1188.422450
149,7,1188.422450
149,7,1188.422450
149,7,1188.422450
149,7,1188.422450
149,7,1188.422450
149,7,1188.422450
149,7,1188.422450
149,7,1188.422450
149,7,1188.422450
149,7,1188.422450
149,7,1188.422450
149,7,1188.422450
149,7,1188.422450
149,7,1188.422450
149,7,1188.422450
149,7,1188.422450
149,7,1188.422450
149,7,1188.422450
149,7,1188.422450
149,7,1188.422450
149,7,1188.422450
149,7,1188.422450
149,7,1188.422450
149,7,1188.422450
149,7,1188.422450
149,7,1188.422450
149,7,1188.422450
149,7,1188.422450
149,7,1188.422450
149,7,1188.422450
149,7,1188.422450
149,7,1188.422450
149,7,1188.422450
149,7,1188.422450
149,7,1188.422450
149,7,1188.422450
149,7,1188.422450
149,7,1188.422450
149,7,1188.422450
149,7,1188.422450
149,7,1188.422450
149,7,1188.422450
149,7,1188.422450
149,7,1188.422450
149,7,1188.422450
149,7,1188.422450
149,7,1188.422450
149,7,1188.422450
149,7,1188.422450
149,7,1188.422450
149,7,1188.422450
149,7,1188.422450
149,7,1188.422450
149,7,1188.422450
149,7,1188.422450
149,7,1188.422450
149,7,1188.422450
149,7,1188.422450
149,7,1188.422450
149,7,1188.422450
149,7,1188.422450
149,7,1188.422450
149,7,1188.422450
149,7,1188.422450
149,7,1188.422450
149,7,1188.422450
149,7,1188.422450
149,7,1188.422450
149,7,1188.422450
149,7,1188.422450
149,7,1188.422450
149,7,1188.422450
149,7,1188.422450
149,7,1188.422450
149,7,1188.422450
149,7,1188.422450
149,7,1188.422450
149,7,1188.422450
149,7,1188.422450
149,7,1188.422450
149,7,1188.422450
149,7,1188.422450
149,7,1188.422450
149,7,1188.422450
149,7,1188.422450
149,7,1188.422450
150,5,1212.040448
150,5,1212.040448
150,7,1188.422450
150,7,1188.422450
150,7,1188.422450
150,7,1188.422450
150,7,1188.422450
150,7,1188.422450
150,7,1188.422450
150,7,1188.422450
150,7,1188.422450
150,7,1188.422450
150,7,1188.422450
150,7,1188.422450
150,7,1188.422450
150,7,1188.422450
150,7,1188.422450
150,7,1188.422450
150,7,1188.422450
150,7,1188.422450
150,7,1188.422450
150,7,1188.422450
150,7,1188.422450
150,7,1188.422450
150,7,1188.422450
150,7,1188.422450
150,7,1188.422450
150,7,1188.422450
150,7,1188.422450
150,7,1188.422450
150,7,1188.422450
150,7,1188.422450
150,7,1188.422450
150,7,1188.422450
150,7,1188.422450
150,7,1188.422450
150,7,1188.422450
150,7,1188.422450
150,7,1188.422450
150,7,1188.422450
150,7,1188.422450
150,7,1188.422450
150,7,1188.422450
150,7,1188.422450
150,7,1188.422450
150,7,1188.422450
150,7,1188.422450
150,7,1188.422450
150,7,1188.422450
150,7,1188.422450
150,7,1188.422450
150,7,1188.422450
150,7,1188.422450
150,7,1188.422450
150,7,1188.422450
150,7,1188.422450
150,7,1188.422450
150,7,1188.422450
150,7,1188.422450
150,7,1188.422450
150,7,1188.422450
150,7,1188.422450
150,7,1188.422450
150,7,1188.422450
150,7,1188.422450
150,7,1188.422450
150,7,1188.422450
150,7,1188.422450
150,7,1188.422450
150,7,1188.422450
150,7,1188.422450
150,7,1188.422450
150,7,1188.422450
150,7,1188.422450
150,7,1188.422450
150,7,1188.422450
150,7,1188.422450
150,7,1188.422450
150,7,1188.422450
150,7,1188.422450
150,7,1188.422450
150,7,1188.422450
150,7,1188.422450
150,7,1188.422450
150,7,1188.422450
150,7,1188.422450
150,7,1188.422450
150,7,1188.422450
150,7,1188.422450
150,7,1188.422450
150,7,1188.422450
150,7,1188.422450
150,7,1188.422450
150,7,1188.422450
150,7,1188.422450
150,7,1188.422450
150,7,1188.422450
150,7,1188.422450
150,7,1188.422450
150,7,1188.422450
150,7,1188.422450
150,7,1188.422450
150,7,1188.422450
150,7,1188.422450
150,7,1188.422450
150,7,1188.422450
150,7,1188.422450
150,7,1188.422450
150,7,1188.422450
150,7,1188.422450
150,7,1188.422450
150,7,1188.422450
150,7,1188.422450
150,7,1188.422450
150,7,1188.422450
150,7,1188.422450
150,7,1188.422450
150,7,1188.422450
150,7,1188.422450
150,7,1188.422450
150,7,1188.422450
150,7,1188.422450
150,7,1188.422450
150,7,1188.422450
150,7,1188.422450
150,7,1188.422450
150,7,1188.422450
150,7,1188.422450
150,7,1188.422450
150,7,1188.422450
150,7,1188.422450
150,7,1188.422450
150,7,1188.422450
150,7,1188.422450
150,7,1188.422450
150,7,1188.422450
150,7,1188.422450
150,7,1188.422450
150,7,1188.422450
150,7,1188.422450
150,7,1188.422450
150,7,1188.422450
150,7,1188.422450
150,7,1188.422450
150,7,1188.422450
150,7,1188.422450
150,7,1188.422450
150,7,1188.422450
150,7,1188.422450
150,7,1188.422450
151,5,1212.040448
151,5,1212.040448
151,7,1188.422450
151,7,1188.422450
151,7,1188.422450
151,7,1188.422450
151,7,1188.422450
151,7,1188.422450
151,7,1188.422450
151,7,1188.422450
151,7,1188.422450
151,7,1188.422450
151,7,1188.422450
151,7,1188.422450
151,7,1188.422450
151,7,1188.422450
151,7,1188.422450
151,7,1188.422450
151,7,1188.422450
151,7,1188.422450
151,7,1188.422450
151,7,1188.422450
151,7,1188.422450
151,7,1188.422450
151,7,1188.422450
151,7,1188.422450
151,7,1188.422450
151,7,1188.422450
151,7,1188.422450
151,7,1188.422450
151,7,1188.422450
151,7,1188.422450
151,7,1188.422450
151,7,1188.422450
151,7,1188.422450
151,7,1188.422450
151,7,1188.422450
151,7,1188.422450
151,7,1188.422450
151,7,1188.422450
151,7,1188.422450
151,7,1188.422450
151,7,1188.422450
151,7,1188.422450
151,7,1188.422450
151,7,1188.422450
151,7,1188.422450
151,7,1188.422450
151,7,1188.422450
151,7,1188.422450
151,7,1188.422450
151,7,1188.422450
151,7,1188.422450
151,7,1188.422450
151,7,1188.422450
151,7,1188.422450
151,7,1188.422450
151,7,1188.422450
151,7,1188.422450
151,7,1188.422450
151,7,1188.422450
151,7,1188.422450
151,7,1188.422450
151,7,1188.422450
151,7,1188.422450
151,7,1188.422450
151,7,1188.422450
151,7,1188.422450
151,7,1188.422450
151,7,1188.422450
151,7,1188.422450
151,7,1188.422450
151,7,1188.422450
151,7,1188.422450
151,7,1188.422450
151,7,1188.422450
151,7,1188.422450
151,7,1188.422450
151,7,1188.422450
151,7,1188.422450
151,7,1188.422450
151,7,1188.422450
151,7,1188.422450
151,7,1188.422450
151,7,1188.422450
151,7,1188.422450
151,7,1188.422450
151,7,1188.422450
151,7,1188.422450
151,7,1188.422450
151,7,1188.422450
151,7,1188.422450
151,7,1188.422450
151,7,1188.422450
151,7,1188.422450
151,7,1188.422450
151,7,1188.422450
151,7,1188.422450
151,7,1188.422450
151,7,1188.422450
151,7,1188.422450
151,7,1188.422450
151,7,1188.422450
151,7,1188.422450
151,7,1188.422450
151,7,1188.422450
151,7,1188.422450
151,7,1188.422450
151,7,1188.422450
151,7,1188.422450
151,7,1188.422450
151,7,1188.422450
151,7,1188.422450
151,7,1188.422450
151,7,1188.422450
151,7,1188.422450
151,7,1188.422450
151,7,1188.422450
151,7,1188.422450
151,7,1188.422450
151,7,1188.422450
151,7,1188.422450
151,7,1188.422450
151,7,1188.422450
151,7,1188.422450
151,7,1188.422450
151,7,1188.422450
151,7,1188.422450
151,7,1188.422450
151,7,1188.422450
151,7,1188.422450
151,7,1188.422450
151,7,1188.422450
151,7,1188.422450
151,7,1188.422450
151,7,1188.422450
151,7,1188.422450
151,7,1188.422450
151,7,1188.422450
151,7,1188.422450
151,7,1188.422450
151,7,1188.422450
151,7,1188.422450
151,7,1188.422450
151,7,1188.422450
151,7,1188.422450
151,7,1188.422450
151,7,1188.422450
151,7,1188.422450
151,7,1188.422450
152,5,1212.040448
152,5,1212.040448
152,7,1188.422450
152,7,1188.422450
152,7,1188.422450
152,7,1188.422450
152,7,1188.422450
152,7,1188.422450
152,7,1188.422450
152,7,1188.422450
152,7,1188.422450
152,7,1188.422450
152,7,1188.422450
152,7,1188.422450
152,7,1188.422450
152,7,1188.422450
152,7,1188.422450
152,7,1188.422450
152,7,1188.422450
152,7,1188.422450
152,7,1188.422450
152,7,1188.422450
152,7,1188.422450
152,7,1188.422450
152,7,1188.422450
152,7,1188.422450
152,7,1188.422450
152,7,1188.422450
152,7,1188.422450
152,7,1188.422450
152,7,1188.422450
152,7,1188.422450
152,7,1188.422450
152,7,1188.422450
152,7,1188.422450
152,7,1188.422450
152,7,1188.422450
152,7,1188.422450
152,7,1188.422450
152,7,1188.422450
152,7,1188.422450
152,7,1188.422450
152,7,1188.422450
152,7,1188.422450
152,7,1188.422450
152,7,1188.422450
152,7,1188.422450
152,7,1188.422450
152,7,1188.422450
152,7,1188.422450
152,7,1188.422450
152,7,1188.422450
152,7,1188.422450
152,7,1188.422450
152,7,1188.422450
152,7,1188.422450
152,7,1188.422450
152,7,1188.422450
152,7,1188.422450
152,7,1188.422450
152,7,1188.422450
152,7,1188.422450
152,7,1188.422450
152,7,1188.422450
152,7,1188.422450
152,7,1188.422450
152,7,1188.422450
152,7,1188.422450
152,7,1188.422450
152,7,1188.422450
152,7,1188.422450
152,7,1188.422450
152,7,1188.422450
152,7,1188.422450
152,7,1188.422450
152,7,1188.422450
152,7,1188.422450
152,7,1188.422450
152,7,1188.422450
152,7,1188.422450
152,7,1188.422450
152,7,1188.422450
152,7,1188.422450
152,7,1188.422450
152,7,1188.422450
152,7,1188.422450
152,7,1188.422450
152,7,1188.422450
152,7,1188.422450
152,7,1188.422450
152,7,1188.422450
152,7,1188.422450
152,7,1188.422450
152,7,1188.422450
152,7,1188.422450
152,7,1188.422450
152,7,1188.422450
152,7,1188.422450
152,7,1188.422450
152,7,1188.422450
152,7,1188.422450
152,7,1188.422450
152,7,1188.422450
152,7,1188.422450
152,7,1188.422450
152,7,1188.422450
152,7,1188.422450
152,7,1188.422450
152,7,1188.422450
152,7,1188.422450
152,7,1188.422450
152,7,1188.422450
152,7,1188.422450
152,7,1188.422450
152,7,1188.422450
152,7,1188.422450
152,7,1188.422450
152,7,1188.422450
152,7,1188.422450
152,7,1188.422450
152,7,1188.422450
152,7,1188.422450
152,7,1188.422450
152,7,1188.422450
152,7,1188.422450
152,7,1188.422450
152,7,1188.422450
152,7,1188.422450
152,7,1188.422450
152,7,1188.422450
152,7,1188.422450
152,7,1188.422450
152,7,1188.422450
152,7,1188.422450
152,7,1188.422450
152,7,1188.422450
152,7,1188.422450
152,7,1188.422450
152,7,1188.422450
152,7,1188.422450
152,7,1188.422450
152,7,1188.422450
152,7,1188.422450
152,7,1188.422450
152,7,1188.422450
152,7,1188.422450
152,7,1188.422450
152,7,1188.422450
152,7,1188.422450
152,7,1188.422450
153,5,1212.040448
153,5,1212.040448
153,7,1188.422450
153,7,1188.422450
153,7,1188.422450
153,7,1188.422450
153,7,1188.422450
153,7,1188.422450
153,7,1188.422450
153,7,1188.422450
153,7,1188.422450
153,7,1188.422450
153,7,1188.422450
153,7,1188.422450
153,7,1188.422450
153,7,1188.422450
153,7,1188.422450
153,7,1188.422450
153,7,1188.422450
153,7,1188.422450
153,7,1188.422450
153,7,1188.422450
153,7,1188.422450
153,7,1188.422450
153,7,1188.422450
153,7,1188.422450
153,7,1188.422450
153,7,1188.422450
153,7,1188.422450
153,7,1188.422450
153,7,1188.422450
153,7,1188.422450
153,7,1188.422450
153,7,1188.422450
153,7,1188.422450
153,7,1188.422450
153,7,1188.422450
153,7,1188.422450
153,7,1188.422450
153,7,1188.422450
153,7,1188.422450
153,7,1188.422450
153,7,1188.422450
153,7,1188.422450
153,7,1188.422450
153,7,1188.422450
153,7,1188.422450
153,7,1188.422450
153,7,1188.422450
153,7,1188.422450
153,7,1188.422450
153,7,1188.422450
153,7,1188.422450
153,7,1188.422450
153,7,1188.422450
153,7,1188.422450
153,7,1188.422450
153,7,1188.422450
153,7,1188.422450
153,7,1188.422450
153,7,1188.422450
153,7,1188.422450
153,7,1188.422450
153,7,1188.422450
153,7,1188.422450
153,7,1188.422450
153,7,1188.422450
153,7,1188.422450
153,7,1188.422450
153,7,1188.422450
153,7,1188.422450
153,7,1188.422450
153,7,1188.422450
153,7,1188.422450
153,7,1188.422450
153,7,1188.422450
153,7,1188.422450
153,7,1188.422450
153,7,1188.422450
153,7,1188.422450
153,7,1188.422450
153,7,1188.422450
153,7,1188.422450
153,7,1188.422450
153,7,1188.422450
153,7,1188.422450
153,7,1188.422450
153,7,1188.422450
153,7,1188.422450
153,7,1188.422450
153,7,1188.422450
153,7,1188.422450
153,7,1188.422450
153,7,1188.422450
153,7,1188.422450
153,7,1188.422450
153,7,1188.422450
153,7,1188.422450
153,7,1188.422450
153,7,1188.422450
153,7,1188.422450
153,7,1188.422450
153,7,1188.422450
153,7,1188.422450
153,7,1188.422450
153,7,1188.422450
153,7,1188.422450
153,7,1188.422450
153,7,1188.422450
153,7,1188.422450
153,7,1188.422450
153,7,1188.422450
153,7,1188.422450
153,7,1188.422450
153,7,1188.422450
153,7,1188.422450
153,7,1188.422450
153,7,1188.422450
153,7,1188.422450
153,7,1188.422450
153,7,1188.422450
153,7,1188.422450
153,7,1188.422450
153,7,1188.422450
153,7,1188.422450
153,7,1188.422450
153,7,1188.422450
153,7,1188.422450
153,7,1188.422450
153,7,1188.422450
153,7,1188.422450
153,7,1188.422450
153,7,1188.422450
153,7,1188.422450
153,7,1188.422450
153,7,1188.422450
153,7,1188.422450
153,7,1188.422450
153,7,1188.422450
153,7,1188.422450
153,7,1188.422450
153,7,1188.422450
153,7,1188.422450
153,7,1188.422450
153,7,1188.422450
153,7,1188.422450
153,7,1188.422450
153,7,1188.422450
153,7,1188.422450
153,7,1188.422450
154,5,1212.040448
154,5,1212.040448
154,7,1188.422450
154,7,1188.422450
154,7,1188.422450
154,7,1188.422450
154,7,1188.422450
154,7,1188.422450
154,7,1188.422450
154,7,1188.422450
154,7,1188.422450
154,7,1188.422450
154,7,1188.422450
154,7,1188.422450
154,7,1188.422450
154,7,1188.422450
154,7,1188.422450
154,7,1188.422450
154,7,1188.422450
154,7,1188.422450
154,7,1188.422450
154,7,1188.422450
154,7,1188.422450
154,7,1188.422450
154,7,1188.422450
154,7,1188.422450
154,7,1188.422450
154,7,1188.422450
154,7,1188.422450
154,7,1188.422450
154,7,1188.422450
154,7,1188.422450
154,7,1188.422450
154,7,1188.422450
154,7,1188.422450
154,7,1188.422450
154,7,1188.422450
154,7,1188.422450
154,7,1188.422450
154,7,1188.422450
154,7,1188.422450
154,7,1188.422450
154,7,1188.422450
154,7,1188.422450
154,7,1188.422450
154,7,1188.422450
154,7,1188.422450
154,7,1188.422450
154,7,1188.422450
154,7,1188.422450
154,7,1188.422450
154,7,1188.422450
154,7,1188.422450
154,7,1188.422450
154,7,1188.422450
154,7,1188.422450
154,7,1188.422450
154,7,1188.422450
154,7,1188.422450
154,7,1188.422450
154,7,1188.422450
154,7,1188.422450
154,7,1188.422450
154,7,1188.422450
154,7,1188.422450
154,7,1188.422450
154,7,1188.422450
154,7,1188.422450
154,7,1188.422450
154,7,1188.422450
154,7,1188.422450
154,7,1188.422450
154,7,1188.422450
154,7,1188.422450
154,7,1188.422450
154,7,1188.422450
154,7,1188.422450
154,7,1188.422450
154,7,1188.422450
154,7,1188.422450
154,7,1188.422450
154,7,1188.422450
154,7,1188.422450
154,7,1188.422450
154,7,1188.422450
154,7,1188.422450
154,7,1188.422450
154,7,1188.422450
154,7,1188.422450
154,7,1188.422450
154,7,1188.422450
154,7,1188.422450
154,7,1188.422450
154,7,1188.422450
154,7,1188.422450
154,7,1188.422450
154,7,1188.422450
154,7,1188.422450
154,7,1188.422450
154,7,1188.422450
154,7,1188.422450
154,7,1188.422450
154,7,1188.422450
154,7,1188.422450
154,7,1188.422450
154,7,1188.422450
154,7,1188.422450
154,7,1188.422450
154,7,1188.422450
154,7,1188.422450
154,7,1188.422450
154,7,1188.422450
154,7,1188.422450
154,7,1188.422450
154,7,1188.422450
154,7,1188.422450
154,7,1188.422450
154,7,1188.422450
154,7,1188.422450
154,7,1188.422450
154,7,1188.422450
154,7,1188.422450
154,7,1188.422450
154,7,1188.422450
154,7,1188.422450
154,7,1188.422450
154,7,1188.422450
154,7,1188.422450
154,7,1188.422450
154,7,1188.422450
154,7,1188.422450
154,7,1188.422450
154,7,1188.422450
154,7,1188.422450
154,7,1188.422450
154,7,1188.422450
154,7,1188.422450
154,7,1188.422450
154,7,1188.422450
154,7,1188.422450
154,7,1188.422450
154,7,1188.422450
154,7,1188.422450
154,7,1188.422450
154,7,1188.422450
154,7,1188.422450
154,7,1188.422450
154,7,1188.422450
154,7,1188.422450
154,7,1188.422450
155,5,1212.040448
155,5,1212.040448
155,7,1188.422450
155,7,1188.422450
155,7,1188.422450
155,7,1188.422450
155,7,1188.422450
155,7,1188.422450
155,7,1188.422450
155,7,1188.422450
155,7,1188.422450
155,7,1188.422450
155,7,1188.422450
155,7,1188.422450
155,7,1188.422450
155,7,1188.422450
155,7,1188.422450
155,7,1188.422450
155,7,1188.422450
155,7,1188.422450
155,7,1188.422450
155,7,1188.422450
155,7,1188.422450
155,7,1188.422450
155,7,1188.422450
155,7,1188.422450
155,7,1188.422450
155,7,1188.422450
155,7,1188.422450
155,7,1188.422450
155,7,1188.422450
155,7,1188.422450
155,7,1188.422450
155,7,1188.422450
155,7,1188.422450
155,7,1188.422450
155,7,1188.422450
155,7,1188.422450
155,7,1188.422450
155,7,1188.422450
155,7,1188.422450
155,7,1188.422450
155,7,1188.422450
155,7,1188.422450
155,7,1188.422450
155,7,1188.422450
155,7,1188.422450
155,7,1188.422450
155,7,1188.422450
155,7,1188.422450
155,7,1188.422450
155,7,1188.422450
155,7,1188.422450
155,7,1188.422450
155,7,1188.422450
155,7,1188.422450
155,7,1188.422450
155,7,1188.422450
155,7,1188.422450
155,7,1188.422450
155,7,1188.422450
155,7,1188.422450
155,7,1188.422450
155,7,1188.422450
155,7,1188.422450
155,7,1188.422450
155,7,1188.422450
155,7,1188.422450
155,7,1188.422450
155,7,1188.422450
155,7,1188.422450
155,7,1188.422450
155,7,1188.422450
155,7,1188.422450
155,7,1188.422450
155,7,1188.422450
155,7,1188.422450
155,7,1188.422450
155,7,1188.422450
155,7,1188.422450
155,7,1188.422450
155,7,1188.422450
155,7,1188.422450
155,7,1188.422450
155,7,1188.422450
155,7,1188.422450
155,7,1188.422450
155,7,1188.422450
155,7,1188.422450
155,7,1188.422450
155,7,1188.422450
155,7,1188.422450
155,7,1188.422450
155,7,1188.422450
155,7,1188.422450
155,7,1188.422450
155,7,1188.422450
155,7,1188.422450
155,7,1188.422450
155,7,1188.422450
155,7,1188.422450
155,7,1188.422450
155,7,1188.422450
155,7,1188.422450
155,7,1188.422450
155,7,1188.422450
155,7,1188.422450
155,7,1188.422450
155,7,1188.422450
155,7,1188.422450
155,7,1188.422450
155,7,1188.422450
155,7,1188.422450
155,7,1188.422450
155,7,1188.422450
155,7,1188.422450
155,7,1188.422450
155,7,1188.422450
155,7,1188.422450
155,7,1188.422450
155,7,1188.422450
155,7,1188.422450
155,7,1188.422450
155,7,1188.422450
155,7,1188.422450
155,7,1188.422450
155,7,1188.422450
155,7,1188.422450
155,7,1188.422450
155,7,1188.422450
155,7,1188.422450
155,7,1188.422450
155,7,1188.422450
155,7,1188.422450
155,7,1188.422450
155,7,1188.422450
155,7,1188.422450
155,7,1188.422450
155,7,1188.422450
155,7,1188.422450
155,7,1188.422450
155,7,1188.422450
155,7,1188.422450
155,7,1188.422450
155,7,1188.422450
155,7,1188.422450
155,7,1188.422450
155,7,1188.422450
155,7,1188.422450
155,7,1188.422450
156,5,1212.040448
156,5,1212.040448
156,7,1188.422450
156,7,1188.422450
156,7,1188.422450
156,7,1188.422450
156,7,1188.422450
156,7,1188.422450
156,7,1188.422450
156,7,1188.422450
156,7,1188.422450
156,7,1188.422450
156,7,1188.422450
156,7,1188.422450
156,7,1188.422450
156,7,1188.422450
156,7,1188.422450
156,7,1188.422450
156,7,1188.422450
156,7,1188.422450
156,7,1188.422450
156,7,1188.422450
156,7,1188.422450
156,7,1188.422450
156,7,1188.422450
156,7,1188.422450
156,7,1188.422450
156,7,1188.422450
156,7,1188.422450
156,7,1188.422450
156,7,1188.422450
156,7,1188.422450
156,7,1188.422450
156,7,1188.422450
156,7,1188.422450
156,7,1188.422450
156,7,1188.422450
156,7,1188.422450
156,7,1188.422450
156,7,1188.422450
156,7,1188.422450
156,7,1188.422450
156,7,1188.422450
156,7,1188.422450
156,7,1188.422450
156,7,1188.422450
156,7,1188.422450
156,7,1188.422450
156,7,1188.422450
156,7,1188.422450
156,7,1188.422450
156,7,1188.422450
156,7,1188.422450
156,7,1188.422450
156,7,1188.422450
156,7,1188.422450
156,7,1188.422450
156,7,1188.422450
156,7,1188.422450
156,7,1188.422450
156,7,1188.422450
156,7,1188.422450
156,7,1188.422450
156,7,1188.422450
156,7,1188.422450
156,7,1188.422450
156,7,1188.422450
156,7,1188.422450
156,7,1188.422450
156,7,1188.422450
156,7,1188.422450
156,7,1188.422450
156,7,1188.422450
156,7,1188.422450
156,7,1188.422450
156,7,1188.422450
156,7,1188.422450
156,7,1188.422450
156,7,1188.422450
156,7,1188.422450
156,7,1188.422450
156,7,1188.422450
156,7,1188.422450
156,7,1188.422450
156,7,1188.422450
156,7,1188.422450
156,7,1188.422450
156,7,1188.422450
156,7,1188.422450
156,7,1188.422450
156,7,1188.422450
156,7,1188.422450
156,7,1188.422450
156,7,1188.422450
156,7,1188.422450
156,7,1188.422450
156,7,1188.422450
156,7,1188.422450
156,7,1188.422450
156,7,1188.422450
156,7,1188.422450
156,7,1188.422450
156,7,1188.422450
156,7,1188.422450
156,7,1188.422450
156,7,1188.422450
156,7,1188.422450
156,7,1188.422450
156,7,1188.422450
156,7,1188.422450
156,7,1188.422450
156,7,1188.422450
156,7,1188.422450
156,7,1188.422450
156,7,1188.422450
156,7,1188.422450
156,7,1188.422450
156,7,1188.422450
156,7,1188.422450
156,7,1188.422450
156,7,1188.422450
156,7,1188.422450
156,7,1188.422450
156,7,1188.422450
156,7,1188.422450
156,7,1188.422450
156,7,1188.422450
156,7,1188.422450
156,7,1188.422450
156,7,1188.422450
156,7,1188.422450
156,7,1188.422450
156,7,1188.422450
156,7,1188.422450
156,7,1188.422450
156,7,1188.422450
156,7,1188.422450
156,7,1188.422450
156,7,1188.422450
156,7,1188.422450
156,7,1188.422450
156,7,1188.422450
156,7,1188.422450
156,7,1188.422450
156,7,1188.422450
156,7,1188.422450
156,7,1188.422450
156,7,1188.422450
156,7,1188.422450
156,7,1188.422450
157,5,1212.040448
157,5,1212.040448
157,7,1188.422450
157,7,1188.422450
157,7,1188.422450
157,7,1188.422450
157,7,1188.422450
157,7,1188.422450
157,7,1188.422450
157,7,1188.422450
157,7,1188.422450
157,7,1188.422450
157,7,1188.422450
157,7,1188.422450
157,7,1188.422450
157,7,1188.422450
157,7,1188.422450
157,7,1188.422450
157,7,1188.422450
157,7,1188.422450
157,7,1188.422450
157,7,1188.422450
157,7,1188.422450
157,7,1188.422450
157,7,1188.422450
157,7,1188.422450
157,7,1188.422450
157,7,1188.422450
157,7,1188.422450
157,7,1188.422450
157,7,1188.422450
157,7,1188.422450
157,7,1188.422450
157,7,1188.422450
157,7,1188.422450
157,7,1188.422450
157,7,1188.422450
157,7,1188.422450
157,7,1188.422450
157,7,1188.422450
157,7,1188.422450
157,7,1188.422450
157,7,1188.422450
157,7,1188.422450
157,7,1188.422450
157,7,1188.422450
157,7,1188.422450
157,7,1188.422450
157,7,1188.422450
157,7,1188.422450
157,7,1188.422450
157,7,1188.422450
157,7,1188.422450
157,7,1188.422450
157,7,1188.422450
157,7,1188.422450
157,7,1188.422450
157,7,1188.422450
157,7,1188.422450
157,7,1188.422450
157,7,1188.422450
157,7,1188.422450
157,7,1188.422450
157,7,1188.422450
157,7,1188.422450
157,7,1188.422450
157,7,1188.422450
157,7,1188.422450
157,7,1188.422450
157,7,1188.422450
157,7,1188.422450
157,7,1188.422450
157,7,1188.422450
157,7,1188.422450
157,7,1188.422450
157,7,1188.422450
157,7,1188.422450
157,7,1188.422450
157,7,1188.422450
157,7,1188.422450
157,7,1188.422450
157,7,1188.422450
157,7,1188.422450
157,7,1188.422450
157,7,1188.422450
157,7,1188.422450
157,7,1188.422450
157,7,1188.422450
157,7,1188.422450
157,7,1188.422450
157,7,1188.422450
157,7,1188.422450
157,7,1188.422450
157,7,1188.422450
157,7,1188.422450
157,7,1188.422450
157,7,1188.422450
157,7,1188.422450
157,7,1188.422450
157,7,1188.422450
157,7,1188.422450
157,7,1188.422450
157,7,1188.422450
157,7,1188.422450
157,7,1188.422450
157,7,1188.422450
157,7,1188.422450
157,7,1188.422450
157,7,1188.422450
157,7,1188.422450
157,7,1188.422450
157,7,1188.422450
157,7,1188.422450
157,7,1188.422450
157,7,1188.422450
157,7,1188.422450
157,7,1188.422450
157,7,1188.422450
157,7,1188.422450
157,7,1188.422450
157,7,1188.422450
157,7,1188.422450
157,7,1188.422450
157,7,1188.422450
157,7,1188.422450
157,7,1188.422450
157,7,1188.422450
157,7,1188.422450
157,7,1188.422450
157,7,1188.422450
157,7,1188.422450
157,7,1188.422450
157,7,1188.422450
157,7,1188.422450
157,7,1188.422450
157,7,1188.422450
157,7,1188.422450
157,7,1188.422450
157,7,1188.422450
157,7,1188.422450
157,7,1188.422450
157,7,1188.422450
157,7,1188.422450
157,7,1188.422450
157,7,1188.422450
157,7,1188.422450
157,7,1188.422450
157,7,1188.422450
157,7,1188.422450
157,7,1188.422450
158,5,1212.040448
158,5,1212.040448
158,7,1188.422450
158,7,1188.422450
158,7,1188.422450
158,7,1188.422450
158,7,1188.422450
158,7,1188.422450
158,7,1188.422450
158,7,1188.422450
158,7,1188.422450
158,7,1188.422450
158,7,1188.422450
158,7,1188.422450
158,7,1188.422450
158,7,1188.422450
158,7,1188.422450
158,7,1188.422450
158,7,1188.422450
158,7,1188.422450
158,7,1188.422450
158,7,1188.422450
158,7,1188.422450
158,7,1188.422450
158,7,1188.422450
158,7,1188.422450
158,7,1188.422450
158,7,1188.422450
158,7,1188.422450
158,7,1188.422450
158,7,1188.422450
158,7,1188.422450
158,7,1188.422450
158,7,1188.422450
158,7,1188.422450
158,7,1188.422450
158,7,1188.422450
158,7,1188.422450
158,7,1188.422450
158,7,1188.422450
158,7,1188.422450
158,7,1188.422450
158,7,1188.422450
158,7,1188.422450
158,7,1188.422450
158,7,1188.422450
158,7,1188.422450
158,7,1188.422450
158,7,1188.422450
158,7,1188.422450
158,7,1188.422450
158,7,1188.422450
158,7,1188.422450
158,7,1188.422450
158,7,1188.422450
158,7,1188.422450
158,7,1188.422450
158,7,1188.422450
158,7,1188.422450
158,7,1188.422450
158,7,1188.422450
158,7,1188.422450
158,7,1188.422450
158,7,1188.422450
158,7,1188.422450
158,7,1188.422450
158,7,1188.422450
158,7,1188.422450
158,7,1188.422450
158,7,1188.422450
158,7,1188.422450
158,7,1188.422450
158,7,1188.422450
158,7,1188.422450
158,7,1188.422450
158,7,1188.422450
158,7,1188.422450
158,7,1188.422450
158,7,1188.422450
158,7,1188.422450
158,7,1188.422450
158,7,1188.422450
158,7,1188.422450
158,7,1188.422450
158,7,1188.422450
158,7,1188.422450
158,7,1188.422450
158,7,1188.422450
158,7,1188.422450
158,7,1188.422450
158,7,1188.422450
158,7,1188.422450
158,7,1188.422450
158,7,1188.422450
158,7,1188.422450
158,7,1188.422450
158,7,1188.422450
158,7,1188.422450
158,7,1188.422450
158,7,1188.422450
158,7,1188.422450
158,7,1188.422450
158,7,1188.422450
158,7,1188.422450
158,7,1188.422450
158,7,1188.422450
158,7,1188.422450
158,7,1188.422450
158,7,1188.422450
158,7,1188.422450
158,7,1188.422450
158,7,1188.422450
158,7,1188.422450
158,7,1188.422450
158,7,1188.422450
158,7,1188.422450
158,7,1188.422450
158,7,1188.422450
158,7,1188.422450
158,7,1188.422450
158,7,1188.422450
158,7,1188.422450
158,7,1188.422450
158,7,1188.422450
158,7,1188.422450
158,7,1188.422450
158,7,1188.422450
158,7,1188.422450
158,7,1188.422450
158,7,1188.422450
158,7,1188.422450
158,7,1188.422450
158,7,1188.422450
158,7,1188.422450
158,7,1188.422450
158,7,1188.422450
158,7,1188.422450
158,7,1188.422450
158,7,1188.422450
158,7,1188.422450
158,7,1188.422450
158,7,1188.422450
158,7,1188.422450
158,7,1188.422450
158,7,1188.422450
158,7,1188.422450
158,7,1188.422450
158,7,1188.422450
158,7,1188.422450
158,7,1188.422450
159,5,1212.040448
159,5,1212.040448
159,7,1188.422450
159,7,1188.422450
159,7,1188.422450
159,7,1188.422450
159,7,1188.422450
159,7,1188.422450
159,7,1188.422450
159,7,1188.422450
159,7,1188.422450
159,7,1188.422450
159,7,1188.422450
159,7,1188.422450
159,7,1188.422450
159,7,1188.422450
159,7,1188.422450
159,7,1188.422450
159,7,1188.422450
159,7,1188.422450
159,7,1188.422450
159,7,1188.422450
159,7,1188.422450
159,7,1188.422450
159,7,1188.422450
159,7,1188.422450
159,7,1188.422450
159,7,1188.422450
159,7,1188.422450
159,7,1188.422450
159,7,1188.422450
159,7,1188.422450
159,7,1188.422450
159,7,1188.422450
159,7,1188.422450
159,7,1188.422450
159,7,1188.422450
159,7,1188.422450
159,7,1188.422450
159,7,1188.422450
159,7,1188.422450
159,7,1188.422450
159,7,1188.422450
159,7,1188.422450
159,7,1188.422450
159,7,1188.422450
159,7,1188.422450
159,7,1188.422450
159,7,1188.422450
159,7,1188.422450
159,7,1188.422450
159,7,1188.422450
159,7,1188.422450
159,7,1188.422450
159,7,1188.422450
159,7,1188.422450
159,7,1188.422450
159,7,1188.422450
159,7,1188.422450
159,7,1188.422450
159,7,1188.422450
159,7,1188.422450
159,7,1188.422450
159,7,1188.422450
159,7,1188.422450
159,7,1188.422450
159,7,1188.422450
159,7,1188.422450
159,7,1188.422450
159,7,1188.422450
159,7,1188.422450
159,7,1188.422450
159,7,1188.422450
159,7,1188.422450
159,7,1188.422450
159,7,1188.422450
159,7,1188.422450
159,7,1188.422450
159,7,1188.422450
159,7,1188.422450
159,7,1188.422450
159,7,1188.422450
159,7,1188.422450
159,7,1188.422450
159,7,1188.422450
159,7,1188.422450
159,7,1188.422450
159,7,1188.422450
159,7,1188.422450
159,7,1188.422450
159,7,1188.422450
159,7,1188.422450
159,7,1188.422450
159,7,1188.422450
159,7,1188.422450
159,7,1188.422450
159,7,1188.422450
159,7,1188.422450
159,7,1188.422450
159,7,1188.422450
159,7,1188.422450
159,7,1188.422450
159,7,1188.422450
159,7,1188.422450
159,7,1188.422450
159,7,1188.422450
159,7,1188.422450
159,7,1188.422450
159,7,1188.422450
159,7,1188.422450
159,7,1188.422450
159,7,1188.422450
159,7,1188.422450
159,7,1188.422450
159,7,1188.422450
159,7,1188.422450
159,7,1188.422450
159,7,1188.422450
159,7,1188.422450
159,7,1188.422450
159,7,1188.422450
159,7,1188.422450
159,7,1188.422450
159,7,1188.422450
159,7,1188.422450
159,7,1188.422450
159,7,1188.422450
159,7,1188.422450
159,7,1188.422450
159,7,1188.422450
159,7,1188.422450
159,7,1188.422450
159,7,1188.422450
159,7,1188.422450
159,7,1188.422450
159,7,1188.422450
159,7,1188.422450
159,7,1188.422450
159,7,1188.422450
159,7,1188.422450
159,7,1188.422450
159,7,1188.422450
159,7,1188.422450
159,7,1188.422450
159,7,1188.422450
159,7,1188.422450
159,7,1188.422450
159,7,1188.422450
159,7,1188.422450
159,7,1188.422450
160,5,1212.040448
160,5,1212.040448
160,7,1188.422450
160,7,1188.422450
160,7,1188.422450
160,7,1188.422450
160,7,1188.422450
160,7,1188.422450
160,7,1188.422450
160,7,1188.422450
160,7,1188.422450
160,7,1188.422450
160,7,1188.422450
160,7,1188.422450
160,7,1188.422450
160,7,1188.422450
160,7,1188.422450
160,7,1188.422450
160,7,1188.422450
160,7,1188.422450
160,7,1188.422450
160,7,1188.422450
160,7,1188.422450
160,7,1188.422450
160,7,1188.422450
160,7,1188.422450
160,7,1188.422450
160,7,1188.422450
160,7,1188.422450
160,7,1188.422450
160,7,1188.422450
160,7,1188.422450
160,7,1188.422450
160,7,1188.422450
160,7,1188.422450
160,7,1188.422450
160,7,1188.422450
160,7,1188.422450
160,7,1188.422450
160,7,1188.422450
160,7,1188.422450
160,7,1188.422450
160,7,1188.422450
160,7,1188.422450
160,7,1188.422450
160,7,1188.422450
160,7,1188.422450
160,7,1188.422450
160,7,1188.422450
160,7,1188.422450
160,7,1188.422450
160,7,1188.422450
160,7,1188.422450
160,7,1188.422450
160,7,1188.422450
160,7,1188.422450
160,7,1188.422450
160,7,1188.422450
160,7,1188.422450
160,7,1188.422450
160,7,1188.422450
160,7,1188.422450
160,7,1188.422450
160,7,1188.422450
160,7,1188.422450
160,7,1188.422450
160,7,1188.422450
160,7,1188.422450
160,7,1188.422450
160,7,1188.422450
160,7,1188.422450
160,7,1188.422450
160,7,1188.422450
160,7,1188.422450
160,7,1188.422450
160,7,1188.422450
160,7,1188.422450
160,7,1188.422450
160,7,1188.422450
160,7,1188.422450
160,7,1188.422450
160,7,1188.422450
160,7,1188.422450
160,7,1188.422450
160,7,1188.422450
160,7,1188.422450
160,7,1188.422450
160,7,1188.422450
160,7,1188.422450
160,7,1188.422450
160,7,1188.422450
160,7,1188.422450
160,7,1188.422450
160,7,1188.422450
160,7,1188.422450
160,7,1188.422450
160,7,1188.422450
160,7,1188.422450
160,7,1188.422450
160,7,1188.422450
160,7,1188.422450
160,7,1188.422450
160,7,1188.422450
160,7,1188.422450
160,7,1188.422450
160,7,1188.422450
160,7,1188.422450
160,7,1188.422450
160,7,1188.422450
160,7,1188.422450
160,7,1188.422450
160,7,1188.422450
160,7,1188.422450
160,7,1188.422450
160,7,1188.422450
160,7,1188.422450
160,7,1188.422450
160,7,1188.422450
160,7,1188.422450
160,7,1188.422450
160,7,1188.422450
160,7,1188.422450
160,7,1188.422450
160,7,1188.422450
160,7,1188.422450
160,7,1188.422450
160,7,1188.422450
160,7,1188.422450
160,7,1188.422450
160,7,1188.422450
160,7,1188.422450
160,7,1188.422450
160,7,1188.422450
160,7,1188.422450
160,7,1188.422450
160,7,1188.422450
160,7,1188.422450
160,7,1188.422450
160,7,1188.422450
160,7,1188.422450
160,7,1188.422450
160,7,1188.422450
160,7,1188.422450
160,7,1188.422450
160,7,1188.422450
160,7,1188.422450
160,7,1188.422450
160,7,1188.422450
160,7,1188.422450
160,7,1188.422450
161,5,1212.040448
161,5,1212.040448
161,7,1188.422450
161,7,1188.422450
161,7,1188.422450
161,7,1188.422450
161,7,1188.422450
161,7,1188.422450
161,7,1188.422450
161,7,1188.422450
161,7,1188.422450
161,7,1188.422450
161,7,1188.422450
161,7,1188.422450
161,7,1188.422450
161,7,1188.422450
161,7,1188.422450
161,7,1188.422450
161,7,1188.422450
161,7,1188.422450
161,7,1188.422450
161,7,1188.422450
161,7,1188.422450
161,7,1188.422450
161,7,1188.422450
161,7,1188.422450
161,7,1188.422450
161,7,1188.422450
161,7,1188.422450
161,7,1188.422450
161,7,1188.422450
161,7,1188.422450
161,7,1188.422450
161,7,1188.422450
161,7,1188.422450
161,7,1188.422450
161,7,1188.422450
161,7,1188.422450
161,7,1188.422450
161,7,1188.422450
161,7,1188.422450
161,7,1188.422450
161,7,1188.422450
161,7,1188.422450
161,7,1188.422450
161,7,1188.422450
161,7,1188.422450
161,7,1188.422450
161,7,1188.422450
161,7,1188.422450
161,7,1188.422450
161,7,1188.422450
161,7,1188.422450
161,7,1188.422450
161,7,1188.422450
161,7,1188.422450
161,7,1188.422450
161,7,1188.422450
161,7,1188.422450
161,7,1188.422450
161,7,1188.422450
161,7,1188.422450
161,7,1188.422450
161,7,1188.422450
161,7,1188.422450
161,7,1188.422450
161,7,1188.422450
161,7,1188.422450
161,7,1188.422450
161,7,1188.422450
161,7,1188.422450
161,7,1188.422450
161,7,1188.422450
161,7,1188.422450
161,7,1188.422450
161,7,1188.422450
161,7,1188.422450
161,7,1188.422450
161,7,1188.422450
161,7,1188.422450
161,7,1188.422450
161,7,1188.422450
161,7,1188.422450
161,7,1188.422450
161,7,1188.422450
161,7,1188.422450
161,7,1188.422450
161,7,1188.422450
161,7,1188.422450
161,7,1188.422450
161,7,1188.422450
161,7,1188.422450
161,7,1188.422450
161,7,1188.422450
161,7,1188.422450
161,7,1188.422450
161,7,1188.422450
161,7,1188.422450
161,7,1188.422450
161,7,1188.422450
161,7,1188.422450
161,7,1188.422450
161,7,1188.422450
161,7,1188.422450
161,7,1188.422450
161,7,1188.422450
161,7,1188.422450
161,7,1188.422450
161,7,1188.422450
161,7,1188.422450
161,7,1188.422450
161,7,1188.422450
161,7,1188.422450
161,7,1188.422450
161,7,1188.422450
161,7,1188.422450
161,7,1188.422450
161,7,1188.422450
161,7,1188.422450
161,7,1188.422450
161,7,1188.422450
161,7,1188.422450
161,7,1188.422450
161,7,1188.422450
161,7,1188.422450
161,7,1188.422450
161,7,1188.422450
161,7,1188.422450
161,7,1188.422450
161,7,1188.422450
161,7,1188.422450
161,7,1188.422450
161,7,1188.422450
161,7,1188.422450
161,7,1188.422450
161,7,1188.422450
161,7,1188.422450
161,7,1188.422450
161,7,1188.422450
161,7,1188.422450
161,7,1188.422450
161,7,1188.422450
161,7,1188.422450
161,7,1188.422450
161,7,1188.422450
161,7,1188.422450
161,7,1188.422450
161,7,1188.422450
161,7,1188.422450
161,7,1188.422450
162,5,1210.570843
162,7,1188.422450
162,7,1188.422450
162,7,1188.422450
162,7,1188.422450
162,7,1188.422450
162,7,1188.422450
162,7,1188.422450
162,7,1188.422450
162,7,1188.422450
162,7,1188.422450
162,7,1188.422450
162,7,1188.422450
162,7,1188.422450
162,7,1188.422450
162,7,1188.422450
162,7,1188.422450
162,7,1188.422450
162,7,1188.422450
162,7,1188.422450
162,7,1188.422450
162,7,1188.422450
162,7,1188.422450
162,7,1188.422450
162,7,1188.422450
162,7,1188.422450
162,7,1188.422450
162,7,1188.422450
162,7,1188.422450
162,7,1188.422450
162,7,1188.422450
162,7,1188.422450
162,7,1188.422450
162,7,1188.422450
162,7,1188.422450
162,7,1188.422450
162,7,1188.422450
162,7,1188.422450
162,7,1188.422450
162,7,1188.422450
162,7,1188.422450
162,7,1188.422450
162,7,1188.422450
162,7,1188.422450
162,7,1188.422450
162,7,1188.422450
162,7,1188.422450
162,7,1188.422450
162,7,1188.422450
162,7,1188.422450
162,7,1188.422450
162,7,1188.422450
162,7,1188.422450
162,7,1188.422450
162,7,1188.422450
162,7,1188.422450
162,7,1188.422450
162,7,1188.422450
162,7,1188.422450
162,7,1188.422450
162,7,1188.422450
162,7,1188.422450
162,7,1188.422450
162,7,1188.422450
162,7,1188.422450
162,7,1188.422450
162,7,1188.422450
162,7,1188.422450
162,7,1188.422450
162,7,1188.422450
162,7,1188.422450
162,7,1188.422450
162,7,1188.422450
162,7,1188.422450
162,7,1188.422450
162,7,1188.422450
162,7,1188.422450
162,7,1188.422450
162,7,1188.422450
162,7,1188.422450
162,7,1188.422450
162,7,1188.422450
162,7,1188.422450
162,7,1188.422450
162,7,1188.422450
162,7,1188.422450
162,7,1188.422450
162,7,1188.422450
162,7,1188.422450
162,7,1188.422450
162,7,1188.422450
162,7,1188.422450
162,7,1188.422450
162,7,1188.422450
162,7,1188.422450
162,7,1188.422450
162,7,1188.422450
162,7,1188.422450
162,7,1188.422450
162,7,1188.422450
162,7,1188.422450
162,7,1188.422450
162,7,1188.422450
162,7,1188.422450
162,7,1188.422450
162,7,1188.422450
162,7,1188.422450
162,7,1188.422450
162,7,1188.422450
162,7,1188.422450
162,7,1188.422450
162,7,1188.422450
162,7,1188.422450
162,7,1188.422450
162,7,1188.422450
162,7,1188.422450
162,7,1188.422450
162,7,1188.422450
162,7,1188.422450
162,7,1188.422450
162,7,1188.422450
162,7,1188.422450
162,7,1188.422450
162,7,1188.422450
162,7,1188.422450
162,7,1188.422450
162,7,1188.422450
162,7,1188.422450
162,7,1188.422450
162,7,1188.422450
162,7,1188.422450
162,7,1188.422450
162,7,1188.422450
162,7,1188.422450
162,7,1188.422450
162,7,1188.422450
162,7,1188.422450
162,7,1188.422450
162,7,1188.422450
162,7,1188.422450
162,7,1188.422450
162,7,1188.422450
162,7,1188.422450
162,7,1188.422450
162,7,1188.422450
162,7,1188.422450
162,7,1188.422450
162,7,1188.422450
162,7,1188.422450
162,7,1188.422450
163,5,1210.570843
163,7,1188.422450
163,7,1188.422450
163,7,1188.422450
163,7,1188.422450
163,7,1188.422450
163,7,1188.422450
163,7,1188.422450
163,7,1188.422450
163,7,1188.422450
163,7,1188.422450
163,7,1188.422450
163,7,1188.422450
163,7,1188.422450
163,7,1188.422450
163,7,1188.422450
163,7,1188.422450
163,7,1188.422450
163,7,1188.422450
163,7,1188.422450
163,7,1188.422450
163,7,1188.422450
163,7,1188.422450
163,7,1188.422450
163,7,1188.422450
163,7,1188.422450
163,7,1188.422450
163,7,1188.422450
163,7,1188.422450
163,7,1188.422450
163,7,1188.422450
163,7,1188.422450
163,7,1188.422450
163,7,1188.422450
163,7,1188.422450
163,7,1188.422450
163,7,1188.422450
163,7,1188.422450
163,7,1188.422450
163,7,1188.422450
163,7,1188.422450
163,7,1188.422450
163,7,1188.422450
163,7,1188.422450
163,7,1188.422450
163,7,1188.422450
163,7,1188.422450
163,7,1188.422450
163,7,1188.422450
163,7,1188.422450
163,7,1188.422450
163,7,1188.422450
163,7,1188.422450
163,7,1188.422450
163,7,1188.422450
163,7,1188.422450
163,7,1188.422450
163,7,1188.422450
163,7,1188.422450
163,7,1188.422450
163,7,1188.422450
163,7,1188.422450
163,7,1188.422450
163,7,1188.422450
163,7,1188.422450
163,7,1188.422450
163,7,1188.422450
163,7,1188.422450
163,7,1188.422450
163,7,1188.422450
163,7,1188.422450
163,7,1188.422450
163,7,1188.422450
163,7,1188.422450
163,7,1188.422450
163,7,1188.422450
163,7,1188.422450
163,7,1188.422450
163,7,1188.422450
163,7,1188.422450
163,7,1188.422450
163,7,1188.422450
163,7,1188.422450
163,7,1188.422450
163,7,1188.422450
163,7,1188.422450
163,7,1188.422450
163,7,1188.422450
163,7,1188.422450
163,7,1188.422450
163,7,1188.422450
163,7,1188.422450
163,7,1188.422450
163,7,1188.422450
163,7,1188.422450
163,7,1188.422450
163,7,1188.422450
163,7,1188.422450
163,7,1188.422450
163,7,1188.422450
163,7,1188.422450
163,7,1188.422450
163,7,1188.422450
163,7,1188.422450
163,7,1188.422450
163,7,1188.422450
163,7,1188.422450
163,7,1188.422450
163,7,1188.422450
163,7,1188.422450
163,7,1188.422450
163,7,1188.422450
163,7,1188.422450
163,7,1188.422450
163,7,1188.422450
163,7,1188.422450
163,7,1188.422450
163,7,1188.422450
163,7,1188.422450
163,7,1188.422450
163,7,1188.422450
163,7,1188.422450
163,7,1188.422450
163,7,1188.422450
163,7,1188.422450
163,7,1188.422450
163,7,1188.422450
163,7,1188.422450
163,7,1188.422450
163,7,1188.422450
163,7,1188.422450
163,7,1188.422450
163,7,1188.422450
163,7,1188.422450
163,7,1188.422450
163,7,1188.422450
163,7,1188.422450
163,7,1188.422450
163,7,1188.422450
163,7,1188.422450
163,7,1188.422450
163,7,1188.422450
163,7,1188.422450
163,7,1188.422450
163,7,1188.422450
163,7,1188.422450
163,7,1188.422450
163,7,1188.422450
163,7,1188.422450
163,7,1188.422450
164,5,1210.570843
164,7,1188.422450
164,7,1188.422450
164,7,1188.422450
164,7,1188.422450
164,7,1188.422450
164,7,1188.422450
164,7,1188.422450
164,7,1188.422450
164,7,1188.422450
164,7,1188.422450
164,7,1188.422450
164,7,1188.422450
164,7,1188.422450
164,7,1188.422450
164,7,1188.422450
164,7,1188.422450
164,7,1188.422450
164,7,1188.422450
164,7,1188.422450
164,7,1188.422450
164,7,1188.422450
164,7,1188.422450
164,7,1188.422450
164,7,1188.422450
164,7,1188.422450
164,7,1188.422450
164,7,1188.422450
164,7,1188.422450
164,7,1188.422450
164,7,1188.422450
164,7,1188.422450
164,7,1188.422450
164,7,1188.422450
164,7,1188.422450
164,7,1188.422450
164,7,1188.422450
164,7,1188.422450
164,7,1188.422450
164,7,1188.422450
164,7,1188.422450
164,7,1188.422450
164,7,1188.422450
164,7,1188.422450
164,7,1188.422450
164,7,1188.422450
164,7,1188.422450
164,7,1188.422450
164,7,1188.422450
164,7,1188.422450
164,7,1188.422450
164,7,1188.422450
164,7,1188.422450
164,7,1188.422450
164,7,1188.422450
164,7,1188.422450
164,7,1188.422450
164,7,1188.422450
164,7,1188.422450
164,7,1188.422450
164,7,1188.422450
164,7,1188.422450
164,7,1188.422450
164,7,1188.422450
164,7,1188.422450
164,7,1188.422450
164,7,1188.422450
164,7,1188.422450
164,7,1188.422450
164,7,1188.422450
164,7,1188.422450
164,7,1188.422450
164,7,1188.422450
164,7,1188.422450
164,7,1188.422450
164,7,1188.422450
164,7,1188.422450
164,7,1188.422450
164,7,1188.422450
164,7,1188.422450
164,7,1188.422450
164,7,1188.422450
164,7,1188.422450
164,7,1188.422450
164,7,1188.422450
164,7,1188.422450
164,7,1188.422450
164,7,1188.422450
164,7,1188.422450
164,7,1188.422450
164,7,1188.422450
164,7,1188.422450
164,7,1188.422450
164,7,1188.422450
164,7,1188.422450
164,7,1188.422450
164,7,1188.422450
164,7,1188.422450
164,7,1188.422450
164,7,1188.422450
164,7,1188.422450
164,7,1188.422450
164,7,1188.422450
164,7,1188.422450
164,7,1188.422450
164,7,1188.422450
164,7,1188.422450
164,7,1188.422450
164,7,1188.422450
164,7,1188.422450
164,7,1188.422450
164,7,1188.422450
164,7,1188.422450
164,7,1188.422450
164,7,1188.422450
164,7,1188.422450
164,7,1188.422450
164,7,1188.422450
164,7,1188.422450
164,7,1188.422450
164,7,1188.422450
164,7,1188.422450
164,7,1188.422450
164,7,1188.422450
164,7,1188.422450
164,7,1188.422450
164,7,1188.422450
164,7,1188.422450
164,7,1188.422450
164,7,1188.422450
164,7,1188.422450
164,7,1188.422450
164,7,1188.422450
164,7,1188.422450
164,7,1188.422450
164,7,1188.422450
164,7,1188.422450
164,7,1188.422450
164,7,1188.422450
164,7,1188.422450
164,7,1188.422450
164,7,1188.422450
164,7,1188.422450
164,7,1188.422450
164,7,1188.422450
164,7,1188.422450
164,7,1188.422450
164,7,1188.422450
164,7,1188.422450
164,7,1188.422450
165,5,1210.570843
165,5,1210.570843
165,7,1188.422450
165,7,1188.422450
165,7,1188.422450
165,7,1188.422450
165,7,1188.422450
165,7,1188.422450
165,7,1188.422450
165,7,1188.422450
165,7,1188.422450
165,7,1188.422450
165,7,1188.422450
165,7,1188.422450
165,7,1188.422450
165,7,1188.422450
165,7,1188.422450
165,7,1188.422450
165,7,1188.422450
165,7,1188.422450
165,7,1188.422450
165,7,1188.422450
165,7,1188.422450
165,7,1188.422450
165,7,1188.422450
165,7,1188.422450
165,7,1188.422450
165,7,1188.422450
165,7,1188.422450
165,7,1188.422450
165,7,1188.422450
165,7,1188.422450
165,7,1188.422450
165,7,1188.422450
165,7,1188.422450
165,7,1188.422450
165,7,1188.422450
165,7,1188.422450
165,7,1188.422450
165,7,1188.422450
165,7,1188.422450
165,7,1188.422450
165,7,1188.422450
165,7,1188.422450
165,7,1188.422450
165,7,1188.422450
165,7,1188.422450
165,7,1188.422450
165,7,1188.422450
165,7,1188.422450
165,7,1188.422450
165,7,1188.422450
165,7,1188.422450
165,7,1188.422450
165,7,1188.422450
165,7,1188.422450
165,7,1188.422450
165,7,1188.422450
165,7,1188.422450
165,7,1188.422450
165,7,1188.422450
165,7,1188.422450
165,7,1188.422450
165,7,1188.422450
165,7,1188.422450
165,7,1188.422450
165,7,1188.422450
165,7,1188.422450
165,7,1188.422450
165,7,1188.422450
165,7,1188.422450
165,7,1188.422450
165,7,1188.422450
165,7,1188.422450
165,7,1188.422450
165,7,1188.422450
165,7,1188.422450
165,7,1188.422450
165,7,1188.422450
165,7,1188.422450
165,7,1188.422450
165,7,1188.422450
165,7,1188.422450
165,7,1188.422450
165,7,1188.422450
165,7,1188.422450
165,7,1188.422450
165,7,1188.422450
165,7,1188.422450
165,7,1188.422450
165,7,1188.422450
165,7,1188.422450
165,7,1188.422450
165,7,1188.422450
165,7,1188.422450
165,7,1188.422450
165,7,1188.422450
165,7,1188.422450
165,7,1188.422450
165,7,1188.422450
165,7,1188.422450
165,7,1188.422450
165,7,1188.422450
165,7,1188.422450
165,7,1188.422450
165,7,1188.422450
165,7,1188.422450
165,7,1188.422450
165,7,1188.422450
165,7,1188.422450
165,7,1188.422450
165,7,1188.422450
165,7,1188.422450
165,7,1188.422450
165,7,1188.422450
165,7,1188.422450
165,7,1188.422450
165,7,1188.422450
165,7,1188.422450
165,7,1188.422450
165,7,1188.422450
165,7,1188.422450
165,7,1188.422450
165,7,1188.422450
165,7,1188.422450
165,7,1188.422450
165,7,1188.422450
165,7,1188.422450
165,7,1188.422450
165,7,1188.422450
165,7,1188.422450
165,7,1188.422450
165,7,1188.422450
165,7,1188.422450
165,7,1188.422450
165,7,1188.422450
165,7,1188.422450
165,7,1188.422450
165,7,1188.422450
165,7,1188.422450
165,7,1188.422450
165,7,1188.422450
165,7,1188.422450
165,7,1188.422450
165,7,1188.422450
165,7,1188.422450
165,7,1188.422450
165,7,1188.422450
165,7,1188.422450
165,7,1188.422450
166,5,1210.570843
166,5,1210.570843
166,7,1188.422450
166,7,1188.422450
166,7,1188.422450
166,7,1188.422450
166,7,1188.422450
166,7,1188.422450
166,7,1188.422450
166,7,1188.422450
166,7,1188.422450
166,7,1188.422450
166,7,1188.422450
166,7,1188.422450
166,7,1188.422450
166,7,1188.422450
166,7,1188.422450
166,7,1188.422450
166,7,1188.422450
166,7,1188.422450
166,7,1188.422450
166,7,1188.422450
166,7,1188.422450
166,7,1188.422450
166,7,1188.422450
166,7,1188.422450
166,7,1188.422450
166,7,1188.422450
166,7,1188.422450
166,7,1188.422450
166,7,1188.422450
166,7,1188.422450
166,7,1188.422450
166,7,1188.422450
166,7,1188.422450
166,7,1188.422450
166,7,1188.422450
166,7,1188.422450
166,7,1188.422450
166,7,1188.422450
166,7,1188.422450
166,7,1188.422450
166,7,1188.422450
166,7,1188.422450
166,7,1188.422450
166,7,1188.422450
166,7,1188.422450
166,7,1188.422450
166,7,1188.422450
166,7,1188.422450
166,7,1188.422450
166,7,1188.422450
166,7,1188.422450
166,7,1188.422450
166,7,1188.422450
166,7,1188.422450
166,7,1188.422450
166,7,1188.422450
166,7,1188.422450
166,7,1188.422450
166,7,1188.422450
166,7,1188.422450
166,7,1188.422450
166,7,1188.422450
166,7,1188.422450
166,7,1188.422450
166,7,1188.422450
166,7,1188.422450
166,7,1188.422450
166,7,1188.422450
166,7,1188.422450
166,7,1188.422450
166,7,1188.422450
166,7,1188.422450
166,7,1188.422450
166,7,1188.422450
166,7,1188.422450
166,7,1188.422450
166,7,1188.422450
166,7,1188.422450
166,7,1188.422450
166,7,1188.422450
166,7,1188.422450
166,7,1188.422450
166,7,1188.422450
166,7,1188.422450
166,7,1188.422450
166,7,1188.422450
166,7,1188.422450
166,7,1188.422450
166,7,1188.422450
166,7,1188.422450
166,7,1188.422450
166,7,1188.422450
166,7,1188.422450
166,7,1188.422450
166,7,1188.422450
166,7,1188.422450
166,7,1188.422450
166,7,1188.422450
166,7,1188.422450
166,7,1188.422450
166,7,1188.422450
166,7,1188.422450
166,7,1188.422450
166,7,1188.422450
166,7,1188.422450
166,7,1188.422450
166,7,1188.422450
166,7,1188.422450
166,7,1188.422450
166,7,1188.422450
166,7,1188.422450
166,7,1188.422450
166,7,1188.422450
166,7,1188.422450
166,7,1188.422450
166,7,1188.422450
166,7,1188.422450
166,7,1188.422450
166,7,1188.422450
166,7,1188.422450
166,7,1188.422450
166,7,1188.422450
166,7,1188.422450
166,7,1188.422450
166,7,1188.422450
166,7,1188.422450
166,7,1188.422450
166,7,1188.422450
166,7,1188.422450
166,7,1188.422450
166,7,1188.422450
166,7,1188.422450
166,7,1188.422450
166,7,1188.422450
166,7,1188.422450
166,7,1188.422450
166,7,1188.422450
166,7,1188.422450
166,7,1188.422450
166,7,1188.422450
166,7,1188.422450
166,7,1188.422450
166,7,1188.422450
166,7,1188.422450
166,7,1188.422450
166,7,1188.422450
166,7,1188.422450
166,7,1188.422450
167,5,1210.570843
167,5,1210.570843
167,7,1188.422450
167,7,1188.422450
167,7,1188.422450
167,7,1188.422450
167,7,1188.422450
167,7,1188.422450
167,7,1188.422450
167,7,1188.422450
167,7,1188.422450
167,7,1188.422450
167,7,1188.422450
167,7,1188.422450
167,7,1188.422450
167,7,1188.422450
167,7,1188.422450
167,7,1188.422450
167,7,1188.422450
167,7,1188.422450
167,7,1188.422450
167,7,1188.422450
167,7,1188.422450
167,7,1188.422450
167,7,1188.422450
167,7,1188.422450
167,7,1188.422450
167,7,1188.422450
167,7,1188.422450
167,7,1188.422450
167,7,1188.422450
167,7,1188.422450
167,7,1188.422450
167,7,1188.422450
167,7,1188.422450
167,7,1188.422450
167,7,1188.422450
167,7,1188.422450
167,7,1188.422450
167,7,1188.422450
167,7,1188.422450
167,7,1188.422450
167,7,1188.422450
167,7,1188.422450
167,7,1188.422450
167,7,1188.422450
167,7,1188.422450
167,7,1188.422450
167,7,1188.422450
167,7,1188.422450
167,7,1188.422450
167,7,1188.422450
167,7,1188.422450
167,7,1188.422450
167,7,1188.422450
167,7,1188.422450
167,7,1188.422450
167,7,1188.422450
167,7,1188.422450
167,7,1188.422450
167,7,1188.422450
167,7,1188.422450
167,7,1188.422450
167,7,1188.422450
167,7,1188.422450
167,7,1188.422450
167,7,1188.422450
167,7,1188.422450
167,7,1188.422450
167,7,1188.422450
167,7,1188.422450
167,7,1188.422450
167,7,1188.422450
167,7,1188.422450
167,7,1188.422450
167,7,1188.422450
167,7,1188.422450
167,7,1188.422450
167,7,1188.422450
167,7,1188.422450
167,7,1188.422450
167,7,1188.422450
167,7,1188.422450
167,7,1188.422450
167,7,1188.422450
167,7,1188.422450
167,7,1188.422450
167,7,1188.422450
167,7,1188.422450
167,7,1188.422450
167,7,1188.422450
167,7,1188.422450
167,7,1188.422450
167,7,1188.422450
167,7,1188.422450
167,7,1188.422450
167,7,1188.422450
167,7,1188.422450
167,7,1188.422450
167,7,1188.422450
167,7,1188.422450
167,7,1188.422450
167,7,1188.422450
167,7,1188.422450
167,7,1188.422450
167,7,1188.422450
167,7,1188.422450
167,7,1188.422450
167,7,1188.422450
167,7,1188.422450
167,7,1188.422450
167,7,1188.422450
167,7,1188.422450
167,7,1188.422450
167,7,1188.422450
167,7,1188.422450
167,7,1188.422450
167,7,1188.422450
167,7,1188.422450
167,7,1188.422450
167,7,1188.422450
167,7,1188.422450
167,7,1188.422450
167,7,1188.422450
167,7,1188.422450
167,7,1188.422450
167,7,1188.422450
167,7,1188.422450
167,7,1188.422450
167,7,1188.422450
167,7,1188.422450
167,7,1188.422450
167,7,1188.422450
167,7,1188.422450
167,7,1188.422450
167,7,1188.422450
167,7,1188.422450
167,7,1188.422450
167,7,1188.422450
167,7,1188.422450
167,7,1188.422450
167,7,1188.422450
167,7,1188.422450
167,7,1188.422450
167,7,1188.422450
167,7,1188.422450
167,7,1188.422450
167,7,1188.422450
167,7,1188.422450
167,7,1188.422450
168,5,1210.570843
168,5,1210.570843
168,7,1188.422450
168,7,1188.422450
168,7,1188.422450
168,7,1188.422450
168,7,1188.422450
168,7,1188.422450
168,7,1188.422450
168,7,1188.422450
168,7,1188.422450
168,7,1188.422450
168,7,1188.422450
168,7,1188.422450
168,7,1188.422450
168,7,1188.422450
168,7,1188.422450
168,7,1188.422450
168,7,1188.422450
168,7,1188.422450
168,7,1188.422450
168,7,1188.422450
168,7,1188.422450
168,7,1188.422450
168,7,1188.422450
168,7,1188.422450
168,7,1188.422450
168,7,1188.422450
168,7,1188.422450
168,7,1188.422450
168,7,1188.422450
168,7,1188.422450
168,7,1188.422450
168,7,1188.422450
168,7,1188.422450
168,7,1188.422450
168,7,1188.422450
168,7,1188.422450
168,7,1188.422450
168,7,1188.422450
168,7,1188.422450
168,7,1188.422450
168,7,1188.422450
168,7,1188.422450
168,7,1188.422450
168,7,1188.422450
168,7,1188.422450
168,7,1188.422450
168,7,1188.422450
168,7,1188.422450
168,7,1188.422450
168,7,1188.422450
168,7,1188.422450
168,7,1188.422450
168,7,1188.422450
168,7,1188.422450
168,7,1188.422450
168,7,1188.422450
168,7,1188.422450
168,7,1188.422450
168,7,1188.422450
168,7,1188.422450
168,7,1188.422450
168,7,1188.422450
168,7,1188.422450
168,7,1188.422450
168,7,1188.422450
168,7,1188.422450
168,7,1188.422450
168,7,1188.422450
168,7,1188.422450
168,7,1188.422450
168,7,1188.422450
168,7,1188.422450
168,7,1188.422450
168,7,1188.422450
168,7,1188.422450
168,7,1188.422450
168,7,1188.422450
168,7,1188.422450
168,7,1188.422450
168,7,1188.422450
168,7,1188.422450
168,7,1188.422450
168,7,1188.422450
168,7,1188.422450
168,7,1188.422450
168,7,1188.422450
168,7,1188.422450
168,7,1188.422450
168,7,1188.422450
168,7,1188.422450
168,7,1188.422450
168,7,1188.422450
168,7,1188.422450
168,7,1188.422450
168,7,1188.422450
168,7,1188.422450
168,7,1188.422450
168,7,1188.422450
168,7,1188.422450
168,7,1188.422450
168,7,1188.422450
168,7,1188.422450
168,7,1188.422450
168,7,1188.422450
168,7,1188.422450
168,7,1188.422450
168,7,1188.422450
168,7,1188.422450
168,7,1188.422450
168,7,1188.422450
168,7,1188.422450
168,7,1188.422450
168,7,1188.422450
168,7,1188.422450
168,7,1188.422450
168,7,1188.422450
168,7,1188.422450
168,7,1188.422450
168,7,1188.422450
168,7,1188.422450
168,7,1188.422450
168,7,1188.422450
168,7,1188.422450
168,7,1188.422450
168,7,1188.422450
168,7,1188.422450
168,7,1188.422450
168,7,1188.422450
168,7,1188.422450
168,7,1188.422450
168,7,1188.422450
168,7,1188.422450
168,7,1188.422450
168,7,1188.422450
168,7,1188.422450
168,7,1188.422450
168,7,1188.422450
168,7,1188.422450
168,7,1188.422450
168,7,1188.422450
168,7,1188.422450
168,7,1188.422450
168,7,1188.422450
168,7,1188.422450
168,7,1188.422450
168,7,1188.422450
168,7,1188.422450
168,7,1188.422450
169,5,1210.570843
169,5,1210.570843
169,7,1188.422450
169,7,1188.422450
169,7,1188.422450
169,7,1188.422450
169,7,1188.422450
169,7,1188.422450
169,7,1188.422450
169,7,1188.422450
169,7,1188.422450
169,7,1188.422450
169,7,1188.422450
169,7,1188.422450
169,7,1188.422450
169,7,1188.422450
169,7,1188.422450
169,7,1188.422450
169,7,1188.422450
169,7,1188.422450
169,7,1188.422450
169,7,1188.422450
169,7,1188.422450
169,7,1188.422450
169,7,1188.422450
169,7,1188.422450
169,7,1188.422450
169,7,1188.422450
169,7,1188.422450
169,7,1188.422450
169,7,1188.422450
169,7,1188.422450
169,7,1188.422450
169,7,1188.422450
169,7,1188.422450
169,7,1188.422450
169,7,1188.422450
169,7,1188.422450
169,7,1188.422450
169,7,1188.422450
169,7,1188.422450
169,7,1188.422450
169,7,1188.422450
169,7,1188.422450
169,7,1188.422450
169,7,1188.422450
169,7,1188.422450
169,7,1188.422450
169,7,1188.422450
169,7,1188.422450
169,7,1188.422450
169,7,1188.422450
169,7,1188.422450
169,7,1188.422450
169,7,1188.422450
169,7,1188.422450
169,7,1188.422450
169,7,1188.422450
169,7,1188.422450
169,7,1188.422450
169,7,1188.422450
169,7,1188.422450
169,7,1188.422450
169,7,1188.422450
169,7,1188.422450
169,7,1188.422450
169,7,1188.422450
169,7,1188.422450
169,7,1188.422450
169,7,1188.422450
169,7,1188.422450
169,7,1188.422450
169,7,1188.422450
169,7,1188.422450
169,7,1188.422450
169,7,1188.422450
169,7,1188.422450
169,7,1188.422450
169,7,1188.422450
169,7,1188.422450
169,7,1188.422450
169,7,1188.422450
169,7,1188.422450
169,7,1188.422450
169,7,1188.422450
169,7,1188.422450
169,7,1188.422450
169,7,1188.422450
169,7,1188.422450
169,7,1188.422450
169,7,1188.422450
169,7,1188.422450
169,7,1188.422450
169,7,1188.422450
169,7,1188.422450
169,7,1188.422450
169,7,1188.422450
169,7,1188.422450
169,7,1188.422450
169,7,1188.422450
169,7,1188.422450
169,7,1188.422450
169,7,1188.422450
169,7,1188.422450
169,7,1188.422450
169,7,1188.422450
169,7,1188.422450
169,7,1188.422450
169,7,1188.422450
169,7,1188.422450
169,7,1188.422450
169,7,1188.422450
169,7,1188.422450
169,7,1188.422450
169,7,1188.422450
169,7,1188.422450
169,7,1188.422450
169,7,1188.422450
169,7,1188.422450
169,7,1188.422450
169,7,1188.422450
169,7,1188.422450
169,7,1188.422450
169,7,1188.422450
169,7,1188.422450
169,7,1188.422450
169,7,1188.422450
169,7,1188.422450
169,7,1188.422450
169,7,1188.422450
169,7,1188.422450
169,7,1188.422450
169,7,1188.422450
169,7,1188.422450
169,7,1188.422450
169,7,1188.422450
169,7,1188.422450
169,7,1188.422450
169,7,1188.422450
169,7,1188.422450
169,7,1188.422450
169,7,1188.422450
169,7,1188.422450
169,7,1188.422450
169,7,1188.422450
169,7,1188.422450
169,7,1188.422450
169,7,1188.422450
169,7,1188.422450
169,7,1188.422450
170,5,1210.570843
170,5,1210.570843
170,7,1188.422450
170,7,1188.422450
170,7,1188.422450
170,7,1188.422450
170,7,1188.422450
170,7,1188.422450
170,7,1188.422450
170,7,1188.422450
170,7,1188.422450
170,7,1188.422450
170,7,1188.422450
170,7,1188.422450
170,7,1188.422450
170,7,1188.422450
170,7,1188.422450
170,7,1188.422450
170,7,1188.422450
170,7,1188.422450
170,7,1188.422450
170,7,1188.422450
170,7,1188.422450
170,7,1188.422450
170,7,1188.422450
170,7,1188.422450
170,7,1188.422450
170,7,1188.422450
170,7,1188.422450
170,7,1188.422450
170,7,1188.422450
170,7,1188.422450
170,7,1188.422450
170,7,1188.422450
170,7,1188.422450
170,7,1188.422450
170,7,1188.422450
170,7,1188.422450
170,7,1188.422450
170,7,1188.422450
170,7,1188.422450
170,7,1188.422450
170,7,1188.422450
170,7,1188.422450
170,7,1188.422450
170,7,1188.422450
170,7,1188.422450
170,7,1188.422450
170,7,1188.422450
170,7,1188.422450
170,7,1188.422450
170,7,1188.422450
170,7,1188.422450
170,7,1188.422450
170,7,1188.422450
170,7,1188.422450
170,7,1188.422450
170,7,1188.422450
170,7,1188.422450
170,7,1188.422450
170,7,1188.422450
170,7,1188.422450
170,7,1188.422450
170,7,1188.422450
170,7,1188.422450
170,7,1188.422450
170,7,1188.422450
170,7,1188.422450
170,7,1188.422450
170,7,1188.422450
170,7,1188.422450
170,7,1188.422450
170,7,1188.422450
170,7,1188.422450
170,7,1188.422450
170,7,1188.422450
170,7,1188.422450
170,7,1188.422450
170,7,1188.422450
170,7,1188.422450
170,7,1188.422450
170,7,1188.422450
170,7,1188.422450
170,7,1188.422450
170,7,1188.422450
170,7,1188.422450
170,7,1188.422450
170,7,1188.422450
170,7,1188.422450
170,7,1188.422450
170,7,1188.422450
170,7,1188.422450
170,7,1188.422450
170,7,1188.422450
170,7,1188.422450
170,7,1188.422450
170,7,1188.422450
170,7,1188.422450
170,7,1188.422450
170,7,1188.422450
170,7,1188.422450
170,7,1188.422450
170,7,1188.422450
170,7,1188.422450
170,7,1188.422450
170,7,1188.422450
170,7,1188.422450
170,7,1188.422450
170,7,1188.422450
170,7,1188.422450
170,7,1188.422450
170,7,1188.422450
170,7,1188.422450
170,7,1188.422450
170,7,1188.422450
170,7,1188.422450
170,7,1188.422450
170,7,1188.422450
170,7,1188.422450
170,7,1188.422450
170,7,1188.422450
170,7,1188.422450
170,7,1188.422450
170,7,1188.422450
170,7,1188.422450
170,7,1188.422450
170,7,1188.422450
170,7,1188.422450
170,7,1188.422450
170,7,1188.422450
170,7,1188.422450
170,7,1188.422450
170,7,1188.422450
170,7,1188.422450
170,7,1188.422450
170,7,1188.422450
170,7,1188.422450
170,7,1188.422450
170,7,1188.422450
170,7,1188.422450
170,7,1188.422450
170,7,1188.422450
170,7,1188.422450
170,7,1188.422450
170,7,1188.422450
170,7,1188.422450
170,7,1188.422450
170,7,1188.422450
170,7,1188.422450
170,7,1188.422450
171,5,1210.570843
171,5,1210.570843
171,7,1188.422450
171,7,1188.422450
171,7,1188.422450
171,7,1188.422450
171,7,1188.422450
171,7,1188.422450
171,7,1188.422450
171,7,1188.422450
171,7,1188.422450
171,7,1188.422450
171,7,1188.422450
171,7,1188.422450
171,7,1188.422450
171,7,1188.422450
171,7,1188.422450
171,7,1188.422450
171,7,1188.422450
171,7,1188.422450
171,7,1188.422450
171,7,1188.422450
171,7,1188.422450
171,7,1188.422450
171,7,1188.422450
171,7,1188.422450
171,7,1188.422450
171,7,1188.422450
171,7,1188.422450
171,7,1188.422450
171,7,1188.422450
171,7,1188.422450
171,7,1188.422450
171,7,1188.422450
171,7,1188.422450
171,7,1188.422450
171,7,1188.422450
171,7,1188.422450
171,7,1188.422450
171,7,1188.422450
171,7,1188.422450
171,7,1188.422450
171,7,1188.422450
171,7,1188.422450
171,7,1188.422450
171,7,1188.422450
171,7,1188.422450
171,7,1188.422450
171,7,1188.422450
171,7,1188.422450
171,7,1188.422450
171,7,1188.422450
171,7,1188.422450
171,7,1188.422450
171,7,1188.422450
171,7,1188.422450
171,7,1188.422450
171,7,1188.422450
171,7,1188.422450
171,7,1188.422450
171,7,1188.422450
171,7,1188.422450
171,7,1188.422450
171,7,1188.422450
171,7,1188.422450
171,7,1188.422450
171,7,1188.422450
171,7,1188.422450
171,7,1188.422450
171,7,1188.422450
171,7,1188.422450
171,7,1188.422450
171,7,1188.422450
171,7,1188.422450
171,7,1188.422450
171,7,1188.422450
171,7,1188.422450
171,7,1188.422450
171,7,1188.422450
171,7,1188.422450
171,7,1188.422450
171,7,1188.422450
171,7,1188.422450
171,7,1188.422450
171,7,1188.422450
171,7,1188.422450
171,7,1188.422450
171,7,1188.422450
171,7,1188.422450
171,7,1188.422450
171,7,1188.422450
171,7,1188.422450
171,7,1188.422450
171,7,1188.422450
171,7,1188.422450
171,7,1188.422450
171,7,1188.422450
171,7,1188.422450
171,7,1188.422450
171,7,1188.422450
171,7,1188.422450
171,7,1188.422450
171,7,1188.422450
171,7,1188.422450
171,7,1188.422450
171,7,1188.422450
171,7,1188.422450
171,7,1188.422450
171,7,1188.422450
171,7,1188.422450
171,7,1188.422450
171,7,1188.422450
171,7,1188.422450
171,7,1188.422450
171,7,1188.422450
171,7,1188.422450
171,7,1188.422450
171,7,1188.422450
171,7,1188.422450
171,7,1188.422450
171,7,1188.422450
171,7,1188.422450
171,7,1188.422450
171,7,1188.422450
171,7,1188.422450
171,7,1188.422450
171,7,1188.422450
171,7,1188.422450
171,7,1188.422450
171,7,1188.422450
171,7,1188.422450
171,7,1188.422450
171,7,1188.422450
171,7,1188.422450
171,7,1188.422450
171,7,1188.422450
171,7,1188.422450
171,7,1188.422450
171,7,1188.422450
171,7,1188.422450
171,7,1188.422450
171,7,1188.422450
171,7,1188.422450
171,7,1188.422450
171,7,1188.422450
171,7,1188.422450
171,7,1188.422450
171,7,1188.422450
171,7,1188.422450
171,7,1188.422450
172,5,1210.570843
172,5,1210.570843
172,7,1188.422450
172,7,1188.422450
172,7,1188.422450
172,7,1188.422450
172,7,1188.422450
172,7,1188.422450
172,7,1188.422450
172,7,1188.422450
172,7,1188.422450
172,7,1188.422450
172,7,1188.422450
172,7,1188.422450
172,7,1188.422450
172,7,1188.422450
172,7,1188.422450
172,7,1188.422450
172,7,1188.422450
172,7,1188.422450
172,7,1188.422450
172,7,1188.422450
172,7,1188.422450
172,7,1188.422450
172,7,1188.422450
172,7,1188.422450
172,7,1188.422450
172,7,1188.422450
172,7,1188.422450
172,7,1188.422450
172,7,1188.422450
172,7,1188.422450
172,7,1188.422450
172,7,1188.422450
172,7,1188.422450
172,7,1188.422450
172,7,1188.422450
172,7,1188.422450
172,7,1188.422450
172,7,1188.422450
172,7,1188.422450
172,7,1188.422450
172,7,1188.422450
172,7,1188.422450
172,7,1188.422450
172,7,1188.422450
172,7,1188.422450
172,7,1188.422450
172,7,1188.422450
172,7,1188.422450
172,7,1188.422450
172,7,1188.422450
172,7,1188.422450
172,7,1188.422450
172,7,1188.422450
172,7,1188.422450
172,7,1188.422450
172,7,1188.422450
172,7,1188.422450
172,7,1188.422450
172,7,1188.422450
172,7,1188.422450
172,7,1188.422450
172,7,1188.422450
172,7,1188.422450
172,7,1188.422450
172,7,1188.422450
172,7,1188.422450
172,7,1188.422450
172,7,1188.422450
172,7,1188.422450
172,7,1188.422450
172,7,1188.422450
172,7,1188.422450
172,7,1188.422450
172,7,1188.422450
172,7,1188.422450
172,7,1188.422450
172,7,1188.422450
172,7,1188.422450
172,7,1188.422450
172,7,1188.422450
172,7,1188.422450
172,7,1188.422450
172,7,1188.422450
172,7,1188.422450
172,7,1188.422450
172,7,1188.422450
172,7,1188.422450
172,7,1188.422450
172,7,1188.422450
172,7,1188.422450
172,7,1188.422450
172,7,1188.422450
172,7,1188.422450
172,7,1188.422450
172,7,1188.422450
172,7,1188.422450
172,7,1188.422450
172,7,1188.422450
172,7,1188.422450
172,7,1188.422450
172,7,1188.422450
172,7,1188.422450
172,7,1188.422450
172,7,1188.422450
172,7,1188.422450
172,7,1188.422450
172,7,1188.422450
172,7,1188.422450
172,7,1188.422450
172,7,1188.422450
172,7,1188.422450
172,7,1188.422450
172,7,1188.422450
172,7,1188.422450
172,7,1188.422450
172,7,1188.422450
172,7,1188.422450
172,7,1188.422450
172,7,1188.422450
172,7,1188.422450
172,7,1188.422450
172,7,1188.422450
172,7,1188.422450
172,7,1188.422450
172,7,1188.422450
172,7,1188.422450
172,7,1188.422450
172,7,1188.422450
172,7,1188.422450
172,7,1188.422450
172,7,1188.422450
172,7,1188.422450
172,7,1188.422450
172,7,1188.422450
172,7,1188.422450
172,7,1188.422450
172,7,1188.422450
172,7,1188.422450
172,7,1188.422450
172,7,1188.422450
172,7,1188.422450
172,7,1188.422450
172,7,1188.422450
172,7,1188.422450
172,7,1188.422450
172,7,1188.422450
172,7,1188.422450
172,7,1188.422450
173,5,1210.570843
173,5,1210.570843
173,7,1188.422450
173,7,1188.422450
173,7,1188.422450
173,7,1188.422450
173,7,1188.422450
173,7,1188.422450
173,7,1188.422450
173,7,1188.422450
173,7,1188.422450
173,7,1188.422450
173,7,1188.422450
173,7,1188.422450
173,7,1188.422450
173,7,1188.422450
173,7,1188.422450
173,7,1188.422450
173,7,1188.422450
173,7,1188.422450
173,7,1188.422450
173,7,1188.422450
173,7,1188.422450
173,7,1188.422450
173,7,1188.422450
173,7,1188.422450
173,7,1188.422450
173,7,1188.422450
173,7,1188.422450
173,7,1188.422450
173,7,1188.422450
173,7,1188.422450
173,7,1188.422450
173,7,1188.422450
173,7,1188.422450
173,7,1188.422450
173,7,1188.422450
173,7,1188.422450
173,7,1188.422450
173,7,1188.422450
173,7,1188.422450
173,7,1188.422450
173,7,1188.422450
173,7,1188.422450
173,7,1188.422450
173,7,1188.422450
173,7,1188.422450
173,7,1188.422450
173,7,1188.422450
173,7,1188.422450
173,7,1188.422450
173,7,1188.422450
173,7,1188.422450
173,7,1188.422450
173,7,1188.422450
173,7,1188.422450
173,7,1188.422450
173,7,1188.422450
173,7,1188.422450
173,7,1188.422450
173,7,1188.422450
173,7,1188.422450
173,7,1188.422450
173,7,1188.422450
173,7,1188.422450
173,7,1188.422450
173,7,1188.422450
173,7,1188.422450
173,7,1188.422450
173,7,1188.422450
173,7,1188.422450
173,7,1188.422450
173,7,1188.422450
173,7,1188.422450
173,7,1188.422450
173,7,1188.422450
173,7,1188.422450
173,7,1188.422450
173,7,1188.422450
173,7,1188.422450
173,7,1188.422450
173,7,1188.422450
173,7,1188.422450
173,7,1188.422450
173,7,1188.422450
173,7,1188.422450
173,7,1188.422450
173,7,1188.422450
173,7,1188.422450
173,7,1188.422450
173,7,1188.422450
173,7,1188.422450
173,7,1188.422450
173,7,1188.422450
173,7,1188.422450
173,7,1188.422450
173,7,1188.422450
173,7,1188.422450
173,7,1188.422450
173,7,1188.422450
173,7,1188.422450
173,7,1188.422450
173,7,1188.422450
173,7,1188.422450
173,7,1188.422450
173,7,1188.422450
173,7,1188.422450
173,7,1188.422450
173,7,1188.422450
173,7,1188.422450
173,7,1188.422450
173,7,1188.422450
173,7,1188.422450
173,7,1188.422450
173,7,1188.422450
173,7,1188.422450
173,7,1188.422450
173,7,1188.422450
173,7,1188.422450
173,7,1188.422450
173,7,1188.422450
173,7,1188.422450
173,7,1188.422450
173,7,1188.422450
173,7,1188.422450
173,7,1188.422450
173,7,1188.422450
173,7,1188.422450
173,7,1188.422450
173,7,1188.422450
173,7,1188.422450
173,7,1188.422450
173,7,1188.422450
173,7,1188.422450
173,7,1188.422450
173,7,1188.422450
173,7,1188.422450
173,7,1188.422450
173,7,1188.422450
173,7,1188.422450
173,7,1188.422450
173,7,1188.422450
173,7,1188.422450
173,7,1188.422450
173,7,1188.422450
173,7,1188.422450
173,7,1188.422450
173,7,1188.422450
173,7,1188.422450
173,7,1188.422450
174,5,1210.570843
174,5,1210.570843
174,7,1188.422450
174,7,1188.422450
174,7,1188.422450
174,7,1188.422450
174,7,1188.422450
174,7,1188.422450
174,7,1188.422450
174,7,1188.422450
174,7,1188.422450
174,7,1188.422450
174,7,1188.422450
174,7,1188.422450
174,7,1188.422450
174,7,1188.422450
174,7,1188.422450
174,7,1188.422450
174,7,1188.422450
174,7,1188.422450
174,7,1188.422450
174,7,1188.422450
174,7,1188.422450
174,7,1188.422450
174,7,1188.422450
174,7,1188.422450
174,7,1188.422450
174,7,1188.422450
174,7,1188.422450
174,7,1188.422450
174,7,1188.422450
174,7,1188.422450
174,7,1188.422450
174,7,1188.422450
174,7,1188.422450
174,7,1188.422450
174,7,1188.422450
174,7,1188.422450
174,7,1188.422450
174,7,1188.422450
174,7,1188.422450
174,7,1188.422450
174,7,1188.422450
174,7,1188.422450
174,7,1188.422450
174,7,1188.422450
174,7,1188.422450
174,7,1188.422450
174,7,1188.422450
174,7,1188.422450
174,7,1188.422450
174,7,1188.422450
174,7,1188.422450
174,7,1188.422450
174,7,1188.422450
174,7,1188.422450
174,7,1188.422450
174,7,1188.422450
174,7,1188.422450
174,7,1188.422450
174,7,1188.422450
174,7,1188.422450
174,7,1188.422450
174,7,1188.422450
174,7,1188.422450
174,7,1188.422450
174,7,1188.422450
174,7,1188.422450
174,7,1188.422450
174,7,1188.422450
174,7,1188.422450
174,7,1188.422450
174,7,1188.422450
174,7,1188.422450
174,7,1188.422450
174,7,1188.422450
174,7,1188.422450
174,7,1188.422450
174,7,1188.422450
174,7,1188.422450
174,7,1188.422450
174,7,1188.422450
174,7,1188.422450
174,7,1188.422450
174,7,1188.422450
174,7,1188.422450
174,7,1188.422450
174,7,1188.422450
174,7,1188.422450
174,7,1188.422450
174,7,1188.422450
174,7,1188.422450
174,7,1188.422450
174,7,1188.422450
174,7,1188.422450
174,7,1188.422450
174,7,1188.422450
174,7,1188.422450
174,7,1188.422450
174,7,1188.422450
174,7,1188.422450
174,7,1188.422450
174,7,1188.422450
174,7,1188.422450
174,7,1188.422450
174,7,1188.422450
174,7,1188.422450
174,7,1188.422450
174,7,1188.422450
174,7,1188.422450
174,7,1188.422450
174,7,1188.422450
174,7,1188.422450
174,7,1188.422450
174,7,1188.422450
174,7,1188.422450
174,7,1188.422450
174,7,1188.422450
174,7,1188.422450
174,7,1188.422450
174,7,1188.422450
174,7,1188.422450
174,7,1188.422450
174,7,1188.422450
174,7,1188.422450
174,7,1188.422450
174,7,1188.422450
174,7,1188.422450
174,7,1188.422450
174,7,1188.422450
174,7,1188.422450
174,7,1188.422450
174,7,1188.422450
174,7,1188.422450
174,7,1188.422450
174,7,1188.422450
174,7,1188.422450
174,7,1188.422450
174,7,1188.422450
174,7,1188.422450
174,7,1188.422450
174,7,1188.422450
174,7,1188.422450
174,7,1188.422450
174,7,1188.422450
174,7,1188.422450
174,7,1188.422450
174,7,1188.422450
174,7,1188.422450
174,7,1188.422450
175,5,1210.570843
175,5,1210.570843
175,7,1188.422450
175,7,1188.422450
175,7,1188.422450
175,7,1188.422450
175,7,1188.422450
175,7,1188.422450
175,7,1188.422450
175,7,1188.422450
175,7,1188.422450
175,7,1188.422450
175,7,1188.422450
175,7,1188.422450
175,7,1188.422450
175,7,1188.422450
175,7,1188.422450
175,7,1188.422450
175,7,1188.422450
175,7,1188.422450
175,7,1188.422450
175,7,1188.422450
175,7,1188.422450
175,7,1188.422450
175,7,1188.422450
175,7,1188.422450
175,7,1188.422450
175,7,1188.422450
175,7,1188.422450
175,7,1188.422450
175,7,1188.422450
175,7,1188.422450
175,7,1188.422450
175,7,1188.422450
175,7,1188.422450
175,7,1188.422450
175,7,1188.422450
175,7,1188.422450
175,7,1188.422450
175,7,1188.422450
175,7,1188.422450
175,7,1188.422450
175,7,1188.422450
175,7,1188.422450
175,7,1188.422450
175,7,1188.422450
175,7,1188.422450
175,7,1188.422450
175,7,1188.422450
175,7,1188.422450
175,7,1188.422450
175,7,1188.422450
175,7,1188.422450
175,7,1188.422450
175,7,1188.422450
175,7,1188.422450
175,7,1188.422450
175,7,1188.422450
175,7,1188.422450
175,7,1188.422450
175,7,1188.422450
175,7,1188.422450
175,7,1188.422450
175,7,1188.422450
175,7,1188.422450
175,7,1188.422450
175,7,1188.422450
175,7,1188.422450
175,7,1188.422450
175,7,1188.422450
175,7,1188.422450
175,7,1188.422450
175,7,1188.422450
175,7,1188.422450
175,7,1188.422450
175,7,1188.422450
175,7,1188.422450
175,7,1188.422450
175,7,1188.422450
175,7,1188.422450
175,7,1188.422450
175,7,1188.422450
175,7,1188.422450
175,7,1188.422450
175,7,1188.422450
175,7,1188.422450
175,7,1188.422450
175,7,1188.422450
175,7,1188.422450
175,7,1188.422450
175,7,1188.422450
175,7,1188.422450
175,7,1188.422450
175,7,1188.422450
175,7,1188.422450
175,7,1188.422450
175,7,1188.422450
175,7,1188.422450
175,7,1188.422450
175,7,1188.422450
175,7,1188.422450
175,7,1188.422450
175,7,1188.422450
175,7,1188.422450
175,7,1188.422450
175,7,1188.422450
175,7,1188.422450
175,7,1188.422450
175,7,1188.422450
175,7,1188.422450
175,7,1188.422450
175,7,1188.422450
175,7,1188.422450
175,7,1188.422450
175,7,1188.422450
175,7,1188.422450
175,7,1188.422450
175,7,1188.422450
175,7,1188.422450
175,7,1188.422450
175,7,1188.422450
175,7,1188.422450
175,7,1188.422450
175,7,1188.422450
175,7,1188.422450
175,7,1188.422450
175,7,1188.422450
175,7,1188.422450
175,7,1188.422450
175,7,1188.422450
175,7,1188.422450
175,7,1188.422450
175,7,1188.422450
175,7,1188.422450
175,7,1188.422450
175,7,1188.422450
175,7,1188.422450
175,7,1188.422450
175,7,1188.422450
175,7,1188.422450
175,7,1188.422450
175,7,1188.422450
175,7,1188.422450
175,7,1188.422450
175,7,1188.422450
175,7,1188.422450
175,7,1188.422450
175,7,1188.422450
175,7,1188.422450
175,7,1188.422450
176,5,1210.570843
176,5,1210.570843
176,7,1188.422450
176,7,1188.422450
176,7,1188.422450
176,7,1188.422450
176,7,1188.422450
176,7,1188.422450
176,7,1188.422450
176,7,1188.422450
176,7,1188.422450
176,7,1188.422450
176,7,1188.422450
176,7,1188.422450
176,7,1188.422450
176,7,1188.422450
176,7,1188.422450
176,7,1188.422450
176,7,1188.422450
176,7,1188.422450
176,7,1188.422450
176,7,1188.422450
176,7,1188.422450
176,7,1188.422450
176,7,1188.422450
176,7,1188.422450
176,7,1188.422450
176,7,1188.422450
176,7,1188.422450
176,7,1188.422450
176,7,1188.422450
176,7,1188.422450
176,7,1188.422450
176,7,1188.422450
176,7,1188.422450
176,7,1188.422450
176,7,1188.422450
176,7,1188.422450
176,7,1188.422450
176,7,1188.422450
176,7,1188.422450
176,7,1188.422450
176,7,1188.422450
176,7,1188.422450
176,7,1188.422450
176,7,1188.422450
176,7,1188.422450
176,7,1188.422450
176,7,1188.422450
176,7,1188.422450
176,7,1188.422450
176,7,1188.422450
176,7,1188.422450
176,7,1188.422450
176,7,1188.422450
176,7,1188.422450
176,7,1188.422450
176,7,1188.422450
176,7,1188.422450
176,7,1188.422450
176,7,1188.422450
176,7,1188.422450
176,7,1188.422450
176,7,1188.422450
176,7,1188.422450
176,7,1188.422450
176,7,1188.422450
176,7,1188.422450
176,7,1188.422450
176,7,1188.422450
176,7,1188.422450
176,7,1188.422450
176,7,1188.422450
176,7,1188.422450
176,7,1188.422450
176,7,1188.422450
176,7,1188.422450
176,7,1188.422450
176,7,1188.422450
176,7,1188.422450
176,7,1188.422450
176,7,1188.422450
176,7,1188.422450
176,7,1188.422450
176,7,1188.422450
176,7,1188.422450
176,7,1188.422450
176,7,1188.422450
176,7,1188.422450
176,7,1188.422450
176,7,1188.422450
176,7,1188.422450
176,7,1188.422450
176,7,1188.422450
176,7,1188.422450
176,7,1188.422450
176,7,1188.422450
176,7,1188.422450
176,7,1188.422450
176,7,1188.422450
176,7,1188.422450
176,7,1188.422450
176,7,1188.422450
176,7,1188.422450
176,7,1188.422450
176,7,1188.422450
176,7,1188.422450
176,7,1188.422450
176,7,1188.422450
176,7,1188.422450
176,7,1188.422450
176,7,1188.422450
176,7,1188.422450
176,7,1188.422450
176,7,1188.422450
176,7,1188.422450
176,7,1188.422450
176,7,1188.422450
176,7,1188.422450
176,7,1188.422450
176,7,1188.422450
176,7,1188.422450
176,7,1188.422450
176,7,1188.422450
176,7,1188.422450
176,7,1188.422450
176,7,1188.422450
176,7,1188.422450
176,7,1188.422450
176,7,1188.422450
176,7,1188.422450
176,7,1188.422450
176,7,1188.422450
176,7,1188.422450
176,7,1188.422450
176,7,1188.422450
176,7,1188.422450
176,7,1188.422450
176,7,1188.422450
176,7,1188.422450
176,7,1188.422450
176,7,1188.422450
176,7,1188.422450
176,7,1188.422450
176,7,1188.422450
176,7,1188.422450
176,7,1188.422450
176,7,1188.422450
176,7,1188.422450
176,7,1188.422450
177,5,1210.570843
177,5,1210.570843
177,7,1188.422450
177,7,1188.422450
177,7,1188.422450
177,7,1188.422450
177,7,1188.422450
177,7,1188.422450
177,7,1188.422450
177,7,1188.422450
177,7,1188.422450
177,7,1188.422450
177,7,1188.422450
177,7,1188.422450
177,7,1188.422450
177,7,1188.422450
177,7,1188.422450
177,7,1188.422450
177,7,1188.422450
177,7,1188.422450
177,7,1188.422450
177,7,1188.422450
177,7,1188.422450
177,7,1188.422450
177,7,1188.422450
177,7,1188.422450
177,7,1188.422450
177,7,1188.422450
177,7,1188.422450
177,7,1188.422450
177,7,1188.422450
177,7,1188.422450
177,7,1188.422450
177,7,1188.422450
177,7,1188.422450
177,7,1188.422450
177,7,1188.422450
177,7,1188.422450
177,7,1188.422450
177,7,1188.422450
177,7,1188.422450
177,7,1188.422450
177,7,1188.422450
177,7,1188.422450
177,7,1188.422450
177,7,1188.422450
177,7,1188.422450
177,7,1188.422450
177,7,1188.422450
177,7,1188.422450
177,7,1188.422450
177,7,1188.422450
177,7,1188.422450
177,7,1188.422450
177,7,1188.422450
177,7,1188.422450
177,7,1188.422450
177,7,1188.422450
177,7,1188.422450
177,7,1188.422450
177,7,1188.422450
177,7,1188.422450
177,7,1188.422450
177,7,1188.422450
177,7,1188.422450
177,7,1188.422450
177,7,1188.422450
177,7,1188.422450
177,7,1188.422450
177,7,1188.422450
177,7,1188.422450
177,7,1188.422450
177,7,1188.422450
177,7,1188.422450
177,7,1188.422450
177,7,1188.422450
177,7,1188.422450
177,7,1188.422450
177,7,1188.422450
177,7,1188.422450
177,7,1188.422450
177,7,1188.422450
177,7,1188.422450
177,7,1188.422450
177,7,1188.422450
177,7,1188.422450
177,7,1188.422450
177,7,1188.422450
177,7,1188.422450
177,7,1188.422450
177,7,1188.422450
177,7,1188.422450
177,7,1188.422450
177,7,1188.422450
177,7,1188.422450
177,7,1188.422450
177,7,1188.422450
177,7,1188.422450
177,7,1188.422450
177,7,1188.422450
177,7,1188.422450
177,7,1188.422450
177,7,1188.422450
177,7,1188.422450
177,7,1188.422450
177,7,1188.422450
177,7,1188.422450
177,7,1188.422450
177,7,1188.422450
177,7,1188.422450
177,7,1188.422450
177,7,1188.422450
177,7,1188.422450
177,7,1188.422450
177,7,1188.422450
177,7,1188.422450
177,7,1188.422450
177,7,1188.422450
177,7,1188.422450
177,7,1188.422450
177,7,1188.422450
177,7,1188.422450
177,7,1188.422450
177,7,1188.422450
177,7,1188.422450
177,7,1188.422450
177,7,1188.422450
177,7,1188.422450
177,7,1188.422450
177,7,1188.422450
177,7,1188.422450
177,7,1188.422450
177,7,1188.422450
177,7,1188.422450
177,7,1188.422450
177,7,1188.422450
177,7,1188.422450
177,7,1188.422450
177,7,1188.422450
177,7,1188.422450
177,7,1188.422450
177,7,1188.422450
177,7,1188.422450
177,7,1188.422450
177,7,1188.422450
177,7,1188.422450
177,7,1188.422450
177,7,1188.422450
177,7,1188.422450
177,7,1188.422450
178,5,1210.570843
178,5,1210.570843
178,7,1188.422450
178,7,1188.422450
178,7,1188.422450
178,7,1188.422450
178,7,1188.422450
178,7,1188.422450
178,7,1188.422450
178,7,1188.422450
178,7,1188.422450
178,7,1188.422450
178,7,1188.422450
178,7,1188.422450
178,7,1188.422450
178,7,1188.422450
178,7,1188.422450
178,7,1188.422450
178,7,1188.422450
178,7,1188.422450
178,7,1188.422450
178,7,1188.422450
178,7,1188.422450
178,7,1188.422450
178,7,1188.422450
178,7,1188.422450
178,7,1188.422450
178,7,1188.422450
178,7,1188.422450
178,7,1188.422450
178,7,1188.422450
178,7,1188.422450
178,7,1188.422450
178,7,1188.422450
178,7,1188.422450
178,7,1188.422450
178,7,1188.422450
178,7,1188.422450
178,7,1188.422450
178,7,1188.422450
178,7,1188.422450
178,7,1188.422450
178,7,1188.422450
178,7,1188.422450
178,7,1188.422450
178,7,1188.422450
178,7,1188.422450
178,7,1188.422450
178,7,1188.422450
178,7,1188.422450
178,7,1188.422450
178,7,1188.422450
178,7,1188.422450
178,7,1188.422450
178,7,1188.422450
178,7,1188.422450
178,7,1188.422450
178,7,1188.422450
178,7,1188.422450
178,7,1188.422450
178,7,1188.422450
178,7,1188.422450
178,7,1188.422450
178,7,1188.422450
178,7,1188.422450
178,7,1188.422450
178,7,1188.422450
178,7,1188.422450
178,7,1188.422450
178,7,1188.422450
178,7,1188.422450
178,7,1188.422450
178,7,1188.422450
178,7,1188.422450
178,7,1188.422450
178,7,1188.422450
178,7,1188.422450
178,7,1188.422450
178,7,1188.422450
178,7,1188.422450
178,7,1188.422450
178,7,1188.422450
178,7,1188.422450
178,7,1188.422450
178,7,1188.422450
178,7,1188.422450
178,7,1188.422450
178,7,1188.422450
178,7,1188.422450
178,7,1188.422450
178,7,1188.422450
178,7,1188.422450
178,7,1188.422450
178,7,1188.422450
178,7,1188.422450
178,7,1188.422450
178,7,1188.422450
178,7,1188.422450
178,7,1188.422450
178,7,1188.422450
178,7,1188.422450
178,7,1188.422450
178,7,1188.422450
178,7,1188.422450
178,7,1188.422450
178,7,1188.422450
178,7,1188.422450
178,7,1188.422450
178,7,1188.422450
178,7,1188.422450
178,7,1188.422450
178,7,1188.422450
178,7,1188.422450
178,7,1188.422450
178,7,1188.422450
178,7,1188.422450
178,7,1188.422450
178,7,1188.422450
178,7,1188.422450
178,7,1188.422450
178,7,1188.422450
178,7,1188.422450
178,7,1188.422450
178,7,1188.422450
178,7,1188.422450
178,7,1188.422450
178,7,1188.422450
178,7,1188.422450
178,7,1188.422450
178,7,1188.422450
178,7,1188.422450
178,7,1188.422450
178,7,1188.422450
178,7,1188.422450
178,7,1188.422450
178,7,1188.422450
178,7,1188.422450
178,7,1188.422450
178,7,1188.422450
178,7,1188.422450
178,7,1188.422450
178,7,1188.422450
178,7,1188.422450
178,7,1188.422450
178,7,1188.422450
178,7,1188.422450
178,7,1188.422450
178,7,1188.422450
178,7,1188.422450
178,7,1188.422450
179,5,1210.570843
179,5,1210.570843
179,7,1188.422450
179,7,1188.422450
179,7,1188.422450
179,7,1188.422450
179,7,1188.422450
179,7,1188.422450
179,7,1188.422450
179,7,1188.422450
179,7,1188.422450
179,7,1188.422450
179,7,1188.422450
179,7,1188.422450
179,7,1188.422450
179,7,1188.422450
179,7,1188.422450
179,7,1188.422450
179,7,1188.422450
179,7,1188.422450
179,7,1188.422450
179,7,1188.422450
179,7,1188.422450
179,7,1188.422450
179,7,1188.422450
179,7,1188.422450
179,7,1188.422450
179,7,1188.422450
179,7,1188.422450
179,7,1188.422450
179,7,1188.422450
179,7,1188.422450
179,7,1188.422450
179,7,1188.422450
179,7,1188.422450
179,7,1188.422450
179,7,1188.422450
179,7,1188.422450
179,7,1188.422450
179,7,1188.422450
179,7,1188.422450
179,7,1188.422450
179,7,1188.422450
179,7,1188.422450
179,7,1188.422450
179,7,1188.422450
179,7,1188.422450
179,7,1188.422450
179,7,1188.422450
179,7,1188.422450
179,7,1188.422450
179,7,1188.422450
179,7,1188.422450
179,7,1188.422450
179,7,1188.422450
179,7,1188.422450
179,7,1188.422450
179,7,1188.422450
179,7,1188.422450
179,7,1188.422450
179,7,1188.422450
179,7,1188.422450
179,7,1188.422450
179,7,1188.422450
179,7,1188.422450
179,7,1188.422450
179,7,1188.422450
179,7,1188.422450
179,7,1188.422450
179,7,1188.422450
179,7,1188.422450
179,7,1188.422450
179,7,1188.422450
179,7,1188.422450
179,7,1188.422450
179,7,1188.422450
179,7,1188.422450
179,7,1188.422450
179,7,1188.422450
179,7,1188.422450
179,7,1188.422450
179,7,1188.422450
179,7,1188.422450
179,7,1188.422450
179,7,1188.422450
179,7,1188.422450
179,7,1188.422450
179,7,1188.422450
179,7,1188.422450
179,7,1188.422450
179,7,1188.422450
179,7,1188.422450
179,7,1188.422450
179,7,1188.422450
179,7,1188.422450
179,7,1188.422450
179,7,1188.422450
179,7,1188.422450
179,7,1188.422450
179,7,1188.422450
179,7,1188.422450
179,7,1188.422450
179,7,1188.422450
179,7,1188.422450
179,7,1188.422450
179,7,1188.422450
179,7,1188.422450
179,7,1188.422450
179,7,1188.422450
179,7,1188.422450
179,7,1188.422450
179,7,1188.422450
179,7,1188.422450
179,7,1188.422450
179,7,1188.422450
179,7,1188.422450
179,7,1188.422450
179,7,1188.422450
179,7,1188.422450
179,7,1188.422450
179,7,1188.422450
179,7,1188.422450
179,7,1188.422450
179,7,1188.422450
179,7,1188.422450
179,7,1188.422450
179,7,1188.422450
179,7,1188.422450
179,7,1188.422450
179,7,1188.422450
179,7,1188.422450
179,7,1188.422450
179,7,1188.422450
179,7,1188.422450
179,7,1188.422450
179,7,1188.422450
179,7,1188.422450
179,7,1188.422450
179,7,1188.422450
179,7,1188.422450
179,7,1188.422450
179,7,1188.422450
179,7,1188.422450
179,7,1188.422450
179,7,1188.422450
179,7,1188.422450
179,7,1188.422450
179,7,1188.422450
179,7,1188.422450
179,7,1188.422450
180,5,1210.570843
180,5,1210.570843
180,7,1188.422450
180,7,1188.422450
180,7,1188.422450
180,7,1188.422450
180,7,1188.422450
180,7,1188.422450
180,7,1188.422450
180,7,1188.422450
180,7,1188.422450
180,7,1188.422450
180,7,1188.422450
180,7,1188.422450
180,7,1188.422450
180,7,1188.422450
180,7,1188.422450
180,7,1188.422450
180,7,1188.422450
180,7,1188.422450
180,7,1188.422450
180,7,1188.422450
180,7,1188.422450
180,7,1188.422450
180,7,1188.422450
180,7,1188.422450
180,7,1188.422450
180,7,1188.422450
180,7,1188.422450
180,7,1188.422450
180,7,1188.422450
180,7,1188.422450
180,7,1188.422450
180,7,1188.422450
180,7,1188.422450
180,7,1188.422450
180,7,1188.422450
180,7,1188.422450
180,7,1188.422450
180,7,1188.422450
180,7,1188.422450
180,7,1188.422450
180,7,1188.422450
180,7,1188.422450
180,7,1188.422450
180,7,1188.422450
180,7,1188.422450
180,7,1188.422450
180,7,1188.422450
180,7,1188.422450
180,7,1188.422450
180,7,1188.422450
180,7,1188.422450
180,7,1188.422450
180,7,1188.422450
180,7,1188.422450
180,7,1188.422450
180,7,1188.422450
180,7,1188.422450
180,7,1188.422450
180,7,1188.422450
180,7,1188.422450
180,7,1188.422450
180,7,1188.422450
180,7,1188.422450
180,7,1188.422450
180,7,1188.422450
180,7,1188.422450
180,7,1188.422450
180,7,1188.422450
180,7,1188.422450
180,7,1188.422450
180,7,1188.422450
180,7,1188.422450
180,7,1188.422450
180,7,1188.422450
180,7,1188.422450
180,7,1188.422450
180,7,1188.422450
180,7,1188.422450
180,7,1188.422450
180,7,1188.422450
180,7,1188.422450
180,7,1188.422450
180,7,1188.422450
180,7,1188.422450
180,7,1188.422450
180,7,1188.422450
180,7,1188.422450
180,7,1188.422450
180,7,1188.422450
180,7,1188.422450
180,7,1188.422450
180,7,1188.422450
180,7,1188.422450
180,7,1188.422450
180,7,1188.422450
180,7,1188.422450
180,7,1188.422450
180,7,1188.422450
180,7,1188.422450
180,7,1188.422450
180,7,1188.422450
180,7,1188.422450
180,7,1188.422450
180,7,1188.422450
180,7,1188.422450
180,7,1188.422450
180,7,1188.422450
180,7,1188.422450
180,7,1188.422450
180,7,1188.422450
180,7,1188.422450
180,7,1188.422450
180,7,1188.422450
180,7,1188.422450
180,7,1188.422450
180,7,1188.422450
180,7,1188.422450
180,7,1188.422450
180,7,1188.422450
180,7,1188.422450
180,7,1188.422450
180,7,1188.422450
180,7,1188.422450
180,7,1188.422450
180,7,1188.422450
180,7,1188.422450
180,7,1188.422450
180,7,1188.422450
180,7,1188.422450
180,7,1188.422450
180,7,1188.422450
180,7,1188.422450
180,7,1188.422450
180,7,1188.422450
180,7,1188.422450
180,7,1188.422450
180,7,1188.422450
180,7,1188.422450
180,7,1188.422450
180,7,1188.422450
180,7,1188.422450
180,7,1188.422450
180,7,1188.422450
180,7,1188.422450
180,7,1188.422450
180,7,1188.422450
180,7,1188.422450
180,7,1188.422450
181,5,1210.570843
181,5,1210.570843
181,7,1188.422450
181,7,1188.422450
181,7,1188.422450
181,7,1188.422450
181,7,1188.422450
181,7,1188.422450
181,7,1188.422450
181,7,1188.422450
181,7,1188.422450
181,7,1188.422450
181,7,1188.422450
181,7,1188.422450
181,7,1188.422450
181,7,1188.422450
181,7,1188.422450
181,7,1188.422450
181,7,1188.422450
181,7,1188.422450
181,7,1188.422450
181,7,1188.422450
181,7,1188.422450
181,7,1188.422450
181,7,1188.422450
181,7,1188.422450
181,7,1188.422450
181,7,1188.422450
181,7,1188.422450
181,7,1188.422450
181,7,1188.422450
181,7,1188.422450
181,7,1188.422450
181,7,1188.422450
181,7,1188.422450
181,7,1188.422450
181,7,1188.422450
181,7,1188.422450
181,7,1188.422450
181,7,1188.422450
181,7,1188.422450
181,7,1188.422450
181,7,1188.422450
181,7,1188.422450
181,7,1188.422450
181,7,1188.422450
181,7,1188.422450
181,7,1188.422450
181,7,1188.422450
181,7,1188.422450
181,7,1188.422450
181,7,1188.422450
181,7,1188.422450
181,7,1188.422450
181,7,1188.422450
181,7,1188.422450
181,7,1188.422450
181,7,1188.422450
181,7,1188.422450
181,7,1188.422450
181,7,1188.422450
181,7,1188.422450
181,7,1188.422450
181,7,1188.422450
181,7,1188.422450
181,7,1188.422450
181,7,1188.422450
181,7,1188.422450
181,7,1188.422450
181,7,1188.422450
181,7,1188.422450
181,7,1188.422450
181,7,1188.422450
181,7,1188.422450
181,7,1188.422450
181,7,1188.422450
181,7,1188.422450
181,7,1188.422450
181,7,1188.422450
181,7,1188.422450
181,7,1188.422450
181,7,1188.422450
181,7,1188.422450
181,7,1188.422450
181,7,1188.422450
181,7,1188.422450
181,7,1188.422450
181,7,1188.422450
181,7,1188.422450
181,7,1188.422450
181,7,1188.422450
181,7,1188.422450
181,7,1188.422450
181,7,1188.422450
181,7,1188.422450
181,7,1188.422450
181,7,1188.422450
181,7,1188.422450
181,7,1188.422450
181,7,1188.422450
181,7,1188.422450
181,7,1188.422450
181,7,1188.422450
181,7,1188.422450
181,7,1188.422450
181,7,1188.422450
181,7,1188.422450
181,7,1188.422450
181,7,1188.422450
181,7,1188.422450
181,7,1188.422450
181,7,1188.422450
181,7,1188.422450
181,7,1188.422450
181,7,1188.422450
181,7,1188.422450
181,7,1188.422450
181,7,1188.422450
181,7,1188.422450
181,7,1188.422450
181,7,1188.422450
181,7,1188.422450
181,7,1188.422450
181,7,1188.422450
181,7,1188.422450
181,7,1188.422450
181,7,1188.422450
181,7,1188.422450
181,7,1188.422450
181,7,1188.422450
181,7,1188.422450
181,7,1188.422450
181,7,1188.422450
181,7,1188.422450
181,7,1188.422450
181,7,1188.422450
181,7,1188.422450
181,7,1188.422450
181,7,1188.422450
181,7,1188.422450
181,7,1188.422450
181,7,1188.422450
181,7,1188.422450
181,7,1188.422450
181,7,1188.422450
181,7,1188.422450
181,7,1188.422450
181,7,1188.422450
181,7,1188.422450
181,7,1188.422450
182,5,1210.570843
182,5,1210.570843
182,7,1188.422450
182,7,1188.422450
182,7,1188.422450
182,7,1188.422450
182,7,1188.422450
182,7,1188.422450
182,7,1188.422450
182,7,1188.422450
182,7,1188.422450
182,7,1188.422450
182,7,1188.422450
182,7,1188.422450
182,7,1188.422450
182,7,1188.422450
182,7,1188.422450
182,7,1188.422450
182,7,1188.422450
182,7,1188.422450
182,7,1188.422450
182,7,1188.422450
182,7,1188.422450
182,7,1188.422450
182,7,1188.422450
182,7,1188.422450
182,7,1188.422450
182,7,1188.422450
182,7,1188.422450
182,7,1188.422450
182,7,1188.422450
182,7,1188.422450
182,7,1188.422450
182,7,1188.422450
182,7,1188.422450
182,7,1188.422450
182,7,1188.422450
182,7,1188.422450
182,7,1188.422450
182,7,1188.422450
182,7,1188.422450
182,7,1188.422450
182,7,1188.422450
182,7,1188.422450
182,7,1188.422450
182,7,1188.422450
182,7,1188.422450
182,7,1188.422450
182,7,1188.422450
182,7,1188.422450
182,7,1188.422450
182,7,1188.422450
182,7,1188.422450
182,7,1188.422450
182,7,1188.422450
182,7,1188.422450
182,7,1188.422450
182,7,1188.422450
182,7,1188.422450
182,7,1188.422450
182,7,1188.422450
182,7,1188.422450
182,7,1188.422450
182,7,1188.422450
182,7,1188.422450
182,7,1188.422450
182,7,1188.422450
182,7,1188.422450
182,7,1188.422450
182,7,1188.422450
182,7,1188.422450
182,7,1188.422450
182,7,1188.422450
182,7,1188.422450
182,7,1188.422450
182,7,1188.422450
182,7,1188.422450
182,7,1188.422450
182,7,1188.422450
182,7,1188.422450
182,7,1188.422450
182,7,1188.422450
182,7,1188.422450
182,7,1188.422450
182,7,1188.422450
182,7,1188.422450
182,7,1188.422450
182,7,1188.422450
182,7,1188.422450
182,7,1188.422450
182,7,1188.422450
182,7,1188.422450
182,7,1188.422450
182,7,1188.422450
182,7,1188.422450
182,7,1188.422450
182,7,1188.422450
182,7,1188.422450
182,7,1188.422450
182,7,1188.422450
182,7,1188.422450
182,7,1188.422450
182,7,1188.422450
182,7,1188.422450
182,7,1188.422450
182,7,1188.422450
182,7,1188.422450
182,7,1188.422450
182,7,1188.422450
182,7,1188.422450
182,7,1188.422450
182,7,1188.422450
182,7,1188.422450
182,7,1188.422450
182,7,1188.422450
182,7,1188.422450
182,7,1188.422450
182,7,1188.422450
182,7,1188.422450
182,7,1188.422450
182,7,1188.422450
182,7,1188.422450
182,7,1188.422450
182,7,1188.422450
182,7,1188.422450
182,7,1188.422450
182,7,1188.422450
182,7,1188.422450
182,7,1188.422450
182,7,1188.422450
182,7,1188.422450
182,7,1188.422450
182,7,1188.422450
182,7,1188.422450
182,7,1188.422450
182,7,1188.422450
182,7,1188.422450
182,7,1188.422450
182,7,1188.422450
182,7,1188.422450
182,7,1188.422450
182,7,1188.422450
182,7,1188.422450
182,7,1188.422450
182,7,1188.422450
182,7,1188.422450
182,7,1188.422450
182,7,1188.422450
182,7,1188.422450
182,7,1188.422450
183,5,1210.570843
183,5,1210.570843
183,7,1188.422450
183,7,1188.422450
183,7,1188.422450
183,7,1188.422450
183,7,1188.422450
183,7,1188.422450
183,7,1188.422450
183,7,1188.422450
183,7,1188.422450
183,7,1188.422450
183,7,1188.422450
183,7,1188.422450
183,7,1188.422450
183,7,1188.422450
183,7,1188.422450
183,7,1188.422450
183,7,1188.422450
183,7,1188.422450
183,7,1188.422450
183,7,1188.422450
183,7,1188.422450
183,7,1188.422450
183,7,1188.422450
183,7,1188.422450
183,7,1188.422450
183,7,1188.422450
183,7,1188.422450
183,7,1188.422450
183,7,1188.422450
183,7,1188.422450
183,7,1188.422450
183,7,1188.422450
183,7,1188.422450
183,7,1188.422450
183,7,1188.422450
183,7,1188.422450
183,7,1188.422450
183,7,1188.422450
183,7,1188.422450
183,7,1188.422450
183,7,1188.422450
183,7,1188.422450
183,7,1188.422450
183,7,1188.422450
183,7,1188.422450
183,7,1188.422450
183,7,1188.422450
183,7,1188.422450
183,7,1188.422450
183,7,1188.422450
183,7,1188.422450
183,7,1188.422450
183,7,1188.422450
183,7,1188.422450
183,7,1188.422450
183,7,1188.422450
183,7,1188.422450
183,7,1188.422450
183,7,1188.422450
183,7,1188.422450
183,7,1188.422450
183,7,1188.422450
183,7,1188.422450
183,7,1188.422450
183,7,1188.422450
183,7,1188.422450
183,7,1188.422450
183,7,1188.422450
183,7,1188.422450
183,7,1188.422450
183,7,1188.422450
183,7,1188.422450
183,7,1188.422450
183,7,1188.422450
183,7,1188.422450
183,7,1188.422450
183,7,1188.422450
183,7,1188.422450
183,7,1188.422450
183,7,1188.422450
183,7,1188.422450
183,7,1188.422450
183,7,1188.422450
183,7,1188.422450
183,7,1188.422450
183,7,1188.422450
183,7,1188.422450
183,7,1188.422450
183,7,1188.422450
183,7,1188.422450
183,7,1188.422450
183,7,1188.422450
183,7,1188.422450
183,7,1188.422450
183,7,1188.422450
183,7,1188.422450
183,7,1188.422450
183,7,1188.422450
183,7,1188.422450
183,7,1188.422450
183,7,1188.422450
183,7,1188.422450
183,7,1188.422450
183,7,1188.422450
183,7,1188.422450
183,7,1188.422450
183,7,1188.422450
183,7,1188.422450
183,7,1188.422450
183,7,1188.422450
183,7,1188.422450
183,7,1188.422450
183,7,1188.422450
183,7,1188.422450
183,7,1188.422450
183,7,1188.422450
183,7,1188.422450
183,7,1188.422450
183,7,1188.422450
183,7,1188.422450
183,7,1188.422450
183,7,1188.422450
183,7,1188.422450
183,7,1188.422450
183,7,1188.422450
183,7,1188.422450
183,7,1188.422450
183,7,1188.422450
183,7,1188.422450
183,7,1188.422450
183,7,1188.422450
183,7,1188.422450
183,7,1188.422450
183,7,1188.422450
183,7,1188.422450
183,7,1188.422450
183,7,1188.422450
183,7,1188.422450
183,7,1188.422450
183,7,1188.422450
183,7,1188.422450
183,7,1188.422450
183,7,1188.422450
183,7,1188.422450
183,7,1188.422450
183,7,1188.422450
183,7,1188.422450
183,7,1188.422450
184,5,1210.570843
184,5,1210.570843
184,7,1188.422450
184,7,1188.422450
184,7,1188.422450
184,7,1188.422450
184,7,1188.422450
184,7,1188.422450
184,7,1188.422450
184,7,1188.422450
184,7,1188.422450
184,7,1188.422450
184,7,1188.422450
184,7,1188.422450
184,7,1188.422450
184,7,1188.422450
184,7,1188.422450
184,7,1188.422450
184,7,1188.422450
184,7,1188.422450
184,7,1188.422450
184,7,1188.422450
184,7,1188.422450
184,7,1188.422450
184,7,1188.422450
184,7,1188.422450
184,7,1188.422450
184,7,1188.422450
184,7,1188.422450
184,7,1188.422450
184,7,1188.422450
184,7,1188.422450
184,7,1188.422450
184,7,1188.422450
184,7,1188.422450
184,7,1188.422450
184,7,1188.422450
184,7,1188.422450
184,7,1188.422450
184,7,1188.422450
184,7,1188.422450
184,7,1188.422450
184,7,1188.422450
184,7,1188.422450
184,7,1188.422450
184,7,1188.422450
184,7,1188.422450
184,7,1188.422450
184,7,1188.422450
184,7,1188.422450
184,7,1188.422450
184,7,1188.422450
184,7,1188.422450
184,7,1188.422450
184,7,1188.422450
184,7,1188.422450
184,7,1188.422450
184,7,1188.422450
184,7,1188.422450
184,7,1188.422450
184,7,1188.422450
184,7,1188.422450
184,7,1188.422450
184,7,1188.422450
184,7,1188.422450
184,7,1188.422450
184,7,1188.422450
184,7,1188.422450
184,7,1188.422450
184,7,1188.422450
184,7,1188.422450
184,7,1188.422450
184,7,1188.422450
184,7,1188.422450
184,7,1188.422450
184,7,1188.422450
184,7,1188.422450
184,7,1188.422450
184,7,1188.422450
184,7,1188.422450
184,7,1188.422450
184,7,1188.422450
184,7,1188.422450
184,7,1188.422450
184,7,1188.422450
184,7,1188.422450
184,7,1188.422450
184,7,1188.422450
184,7,1188.422450
184,7,1188.422450
184,7,1188.422450
184,7,1188.422450
184,7,1188.422450
184,7,1188.422450
184,7,1188.422450
184,7,1188.422450
184,7,1188.422450
184,7,1188.422450
184,7,1188.422450
184,7,1188.422450
184,7,1188.422450
184,7,1188.422450
184,7,1188.422450
184,7,1188.422450
184,7,1188.422450
184,7,1188.422450
184,7,1188.422450
184,7,1188.422450
184,7,1188.422450
184,7,1188.422450
184,7,1188.422450
184,7,1188.422450
184,7,1188.422450
184,7,1188.422450
184,7,1188.422450
184,7,1188.422450
184,7,1188.422450
184,7,1188.422450
184,7,1188.422450
184,7,1188.422450
184,7,1188.422450
184,7,1188.422450
184,7,1188.422450
184,7,1188.422450
184,7,1188.422450
184,7,1188.422450
184,7,1188.422450
184,7,1188.422450
184,7,1188.422450
184,7,1188.422450
184,7,1188.422450
184,7,1188.422450
184,7,1188.422450
184,7,1188.422450
184,7,1188.422450
184,7,1188.422450
184,7,1188.422450
184,7,1188.422450
184,7,1188.422450
184,7,1188.422450
184,7,1188.422450
184,7,1188.422450
184,7,1188.422450
184,7,1188.422450
184,7,1188.422450
184,7,1188.422450
184,7,1188.422450
184,7,1188.422450
184,7,1188.422450
184,7,1188.422450
185,5,1210.570843
185,5,1210.570843
185,7,1188.422450
185,7,1188.422450
185,7,1188.422450
185,7,1188.422450
185,7,1188.422450
185,7,1188.422450
185,7,1188.422450
185,7,1188.422450
185,7,1188.422450
185,7,1188.422450
185,7,1188.422450
185,7,1188.422450
185,7,1188.422450
185,7,1188.422450
185,7,1188.422450
185,7,1188.422450
185,7,1188.422450
185,7,1188.422450
185,7,1188.422450
185,7,1188.422450
185,7,1188.422450
185,7,1188.422450
185,7,1188.422450
185,7,1188.422450
185,7,1188.422450
185,7,1188.422450
185,7,1188.422450
185,7,1188.422450
185,7,1188.422450
185,7,1188.422450
185,7,1188.422450
185,7,1188.422450
185,7,1188.422450
185,7,1188.422450
185,7,1188.422450
185,7,1188.422450
185,7,1188.422450
185,7,1188.422450
185,7,1188.422450
185,7,1188.422450
185,7,1188.422450
185,7,1188.422450
185,7,1188.422450
185,7,1188.422450
185,7,1188.422450
185,7,1188.422450
185,7,1188.422450
185,7,1188.422450
185,7,1188.422450
185,7,1188.422450
185,7,1188.422450
185,7,1188.422450
185,7,1188.422450
185,7,1188.422450
185,7,1188.422450
185,7,1188.422450
185,7,1188.422450
185,7,1188.422450
185,7,1188.422450
185,7,1188.422450
185,7,1188.422450
185,7,1188.422450
185,7,1188.422450
185,7,1188.422450
185,7,1188.422450
185,7,1188.422450
185,7,1188.422450
185,7,1188.422450
185,7,1188.422450
185,7,1188.422450
185,7,1188.422450
185,7,1188.422450
185,7,1188.422450
185,7,1188.422450
185,7,1188.422450
185,7,1188.422450
185,7,1188.422450
185,7,1188.422450
185,7,1188.422450
185,7,1188.422450
185,7,1188.422450
185,7,1188.422450
185,7,1188.422450
185,7,1188.422450
185,7,1188.422450
185,7,1188.422450
185,7,1188.422450
185,7,1188.422450
185,7,1188.422450
185,7,1188.422450
185,7,1188.422450
185,7,1188.422450
185,7,1188.422450
185,7,1188.422450
185,7,1188.422450
185,7,1188.422450
185,7,1188.422450
185,7,1188.422450
185,7,1188.422450
185,7,1188.422450
185,7,1188.422450
185,7,1188.422450
185,7,1188.422450
185,7,1188.422450
185,7,1188.422450
185,7,1188.422450
185,7,1188.422450
185,7,1188.422450
185,7,1188.422450
185,7,1188.422450
185,7,1188.422450
185,7,1188.422450
185,7,1188.422450
185,7,1188.422450
185,7,1188.422450
185,7,1188.422450
185,7,1188.422450
185,7,1188.422450
185,7,1188.422450
185,7,1188.422450
185,7,1188.422450
185,7,1188.422450
185,7,1188.422450
185,7,1188.422450
185,7,1188.422450
185,7,1188.422450
185,7,1188.422450
185,7,1188.422450
185,7,1188.422450
185,7,1188.422450
185,7,1188.422450
185,7,1188.422450
185,7,1188.422450
185,7,1188.422450
185,7,1188.422450
185,7,1188.422450
185,7,1188.422450
185,7,1188.422450
185,7,1188.422450
185,7,1188.422450
185,7,1188.422450
185,7,1188.422450
185,7,1188.422450
185,7,1188.422450
185,7,1188.422450
185,7,1188.422450
185,7,1188.422450
185,7,1188.422450
