Iteration,NV,TOC
1,11,2624.222550
1,12,2599.322755
1,13,2545.707015
1,14,2514.631548
1,15,2490.826923
1,16,2482.574385
1,17,2476.655828
1,18,2429.673073
1,20,2397.322510
1,21,2388.686589
2,11,2624.222550
2,11,2624.222550
2,12,2599.322755
2,12,2599.322755
2,13,2545.707015
2,13,2545.707015
2,14,2514.631548
2,14,2514.631548
2,15,2475.087524
2,16,2470.484125
2,18,2409.506352
2,19,2407.764391
2,20,2397.322510
2,20,2397.322510
2,21,2388.686589
2,21,2388.686589
3,10,3211.278325
3,11,2624.222550
3,11,2624.222550
3,11,2624.222550
3,12,2599.322755
3,12,2599.322755
3,12,2599.322755
3,13,2545.707015
3,13,2545.707015
3,13,2545.707015
3,14,2514.631548
3,14,2514.631548
3,14,2514.631548
3,15,2475.087524
3,15,2475.087524
3,16,2470.484125
3,16,2470.484125
3,18,2401.968610
3,20,2397.322510
3,20,2397.322510
3,20,2397.322510
3,21,2388.686589
3,21,2388.686589
3,21,2388.686589
3,24,2382.062931
4,10,3211.278325
4,10,3211.278325
4,11,2624.222550
4,11,2624.222550
4,11,2624.222550
4,11,2624.222550
4,12,2599.322755
4,12,2599.322755
4,12,2599.322755
4,12,2599.322755
4,13,2522.978052
4,14,2512.370455
4,15,2475.087524
4,15,2475.087524
4,15,2475.087524
4,16,2470.484125
4,16,2470.484125
4,16,2470.484125
4,18,2401.968610
4,18,2401.968610
4,20,2397.322510
4,20,2397.322510
4,20,2397.322510
4,20,2397.322510
4,21,2388.686589
4,21,2388.686589
4,21,2388.686589
4,21,2388.686589
4,23,2383.820525
4,24,2382.062931
4,24,2382.062931
5,10,2921.485746
5,11,2624.222550
5,11,2624.222550
5,11,2624.222550
5,11,2624.222550
5,11,2624.222550
5,12,2599.322755
5,12,2599.322755
5,12,2599.322755
5,12,2599.322755
5,12,2599.322755
5,13,2522.978052
5,13,2522.978052
5,14,2512.370455
5,14,2512.370455
5,15,2475.087524
5,15,2475.087524
5,15,2475.087524
5,15,2475.087524
5,16,2470.484125
5,16,2470.484125
5,16,2470.484125
5,16,2470.484125
5,18,2401.968610
5,18,2401.968610
5,18,2401.968610
5,20,2397.322510
5,20,2397.322510
5,20,2397.322510
5,20,2397.322510
5,20,2397.322510
5,21,2388.686589
5,21,2388.686589
5,21,2388.686589
5,21,2388.686589
5,21,2388.686589
5,23,2383.820525
5,23,2383.820525
5,24,2382.062931
5,24,2382.062931
5,24,2382.062931
6,10,2921.485746
6,10,2921.485746
6,11,2548.812563
6,13,2522.978052
6,13,2522.978052
6,13,2522.978052
6,14,2512.370455
6,14,2512.370455
6,14,2512.370455
6,15,2475.087524
6,15,2475.087524
6,15,2475.087524
6,15,2475.087524
6,15,2475.087524
6,16,2470.484125
6,16,2470.484125
6,16,2470.484125
6,16,2470.484125
6,16,2470.484125
6,17,2467.867391
6,18,2401.968610
6,18,2401.968610
6,18,2401.968610
6,18,2401.968610
6,20,2397.322510
6,20,2397.322510
6,20,2397.322510
6,20,2397.322510
6,20,2397.322510
6,20,2397.322510
6,21,2388.686589
6,21,2388.686589
6,21,2388.686589
6,21,2388.686589
6,21,2388.686589
6,21,2388.686589
6,23,2383.820525
6,23,2383.820525
6,23,2383.820525
6,24,2382.062931
6,24,2382.062931
6,24,2382.062931
6,24,2382.062931
7,10,2921.485746
7,10,2921.485746
7,10,2921.485746
7,11,2548.812563
7,11,2548.812563
7,13,2522.978052
7,13,2522.978052
7,13,2522.978052
7,13,2522.978052
7,14,2505.078081
7,15,2475.087524
7,15,2475.087524
7,15,2475.087524
7,15,2475.087524
7,15,2475.087524
7,15,2475.087524
7,16,2470.484125
7,16,2470.484125
7,16,2470.484125
7,16,2470.484125
7,16,2470.484125
7,16,2470.484125
7,17,2429.443086
7,18,2401.968610
7,18,2401.968610
7,18,2401.968610
7,18,2401.968610
7,18,2401.968610
7,20,2397.322510
7,20,2397.322510
7,20,2397.322510
7,20,2397.322510
7,20,2397.322510
7,20,2397.322510
7,20,2397.322510
7,21,2388.686589
7,21,2388.686589
7,21,2388.686589
7,21,2388.686589
7,21,2388.686589
7,21,2388.686589
7,21,2388.686589
7,23,2383.820525
7,23,2383.820525
7,23,2383.820525
7,23,2383.820525
7,24,2382.062931
7,24,2382.062931
7,24,2382.062931
7,24,2382.062931
7,24,2382.062931
8,10,2921.485746
8,10,2921.485746
8,10,2921.485746
8,10,2921.485746
8,11,2548.812563
8,11,2548.812563
8,11,2548.812563
8,13,2522.978052
8,13,2522.978052
8,13,2522.978052
8,13,2522.978052
8,13,2522.978052
8,14,2505.078081
8,14,2505.078081
8,15,2475.087524
8,15,2475.087524
8,15,2475.087524
8,15,2475.087524
8,15,2475.087524
8,15,2475.087524
8,15,2475.087524
8,16,2470.484125
8,16,2470.484125
8,16,2470.484125
8,16,2470.484125
8,16,2470.484125
8,16,2470.484125
8,16,2470.484125
8,17,2429.443086
8,17,2429.443086
8,18,2401.968610
8,18,2401.968610
8,18,2401.968610
8,18,2401.968610
8,18,2401.968610
8,18,2401.968610
8,20,2397.322510
8,20,2397.322510
8,20,2397.322510
8,20,2397.322510
8,20,2397.322510
8,20,2397.322510
8,20,2397.322510
8,20,2397.322510
8,21,2388.686589
8,21,2388.686589
8,21,2388.686589
8,21,2388.686589
8,21,2388.686589
8,21,2388.686589
8,21,2388.686589
8,21,2388.686589
8,22,2378.444141
9,10,2921.485746
9,10,2921.485746
9,10,2921.485746
9,10,2921.485746
9,10,2921.485746
9,11,2548.812563
9,11,2548.812563
9,11,2548.812563
9,11,2548.812563
9,13,2522.978052
9,13,2522.978052
9,13,2522.978052
9,13,2522.978052
9,13,2522.978052
9,13,2522.978052
9,14,2505.078081
9,14,2505.078081
9,14,2505.078081
9,15,2449.750565
9,17,2423.286140
9,18,2401.968610
9,18,2401.968610
9,18,2401.968610
9,18,2401.968610
9,18,2401.968610
9,18,2401.968610
9,18,2401.968610
9,20,2397.322510
9,20,2397.322510
9,20,2397.322510
9,20,2397.322510
9,20,2397.322510
9,20,2397.322510
9,20,2397.322510
9,20,2397.322510
9,20,2397.322510
9,21,2388.686589
9,21,2388.686589
9,21,2388.686589
9,21,2388.686589
9,21,2388.686589
9,21,2388.686589
9,21,2388.686589
9,21,2388.686589
9,21,2388.686589
9,22,2378.444141
9,22,2378.444141
10,10,2921.485746
10,10,2921.485746
10,10,2921.485746
10,10,2921.485746
10,10,2921.485746
10,10,2921.485746
10,11,2548.812563
10,11,2548.812563
10,11,2548.812563
10,11,2548.812563
10,11,2548.812563
10,13,2522.978052
10,13,2522.978052
10,13,2522.978052
10,13,2522.978052
10,13,2522.978052
10,13,2522.978052
10,13,2522.978052
10,14,2505.078081
10,14,2505.078081
10,14,2505.078081
10,14,2505.078081
10,15,2449.750565
10,15,2449.750565
10,17,2423.286140
10,17,2423.286140
10,18,2401.968610
10,18,2401.968610
10,18,2401.968610
10,18,2401.968610
10,18,2401.968610
10,18,2401.968610
10,18,2401.968610
10,18,2401.968610
10,19,2400.939759
10,20,2397.322510
10,20,2397.322510
10,20,2397.322510
10,20,2397.322510
10,20,2397.322510
10,20,2397.322510
10,20,2397.322510
10,20,2397.322510
10,20,2397.322510
10,20,2397.322510
10,21,2388.686589
10,21,2388.686589
10,21,2388.686589
10,21,2388.686589
10,21,2388.686589
10,21,2388.686589
10,21,2388.686589
10,21,2388.686589
10,21,2388.686589
10,21,2388.686589
10,22,2378.444141
10,22,2378.444141
10,22,2378.444141
11,9,2822.644575
11,10,2560.782365
11,11,2445.347108
11,13,2438.399736
11,14,2405.817929
11,15,2392.193348
11,16,2382.839173
11,17,2365.494586
11,18,2326.125625
11,22,2315.890924
12,8,2810.540047
12,9,2765.203979
12,10,2511.726260
12,11,2408.291006
12,12,2402.096766
12,13,2381.911459
12,14,2361.026098
12,16,2286.161414
12,23,2284.897490
13,8,2755.618709
13,9,2538.801687
13,10,2488.635726
13,11,2400.636009
13,12,2337.248916
13,13,2320.137228
13,16,2264.177059
13,20,2245.412255
13,21,2244.014289
14,8,2755.618709
14,8,2755.618709
14,9,2538.801687
14,9,2538.801687
14,10,2488.635726
14,10,2488.635726
14,11,2400.636009
14,11,2400.636009
14,12,2337.248916
14,12,2337.248916
14,13,2320.137228
14,13,2320.137228
14,16,2264.177059
14,16,2264.177059
14,20,2245.412255
14,20,2245.412255
14,21,2244.014289
14,21,2244.014289
15,8,2755.618709
15,8,2755.618709
15,8,2755.618709
15,9,2538.801687
15,9,2538.801687
15,9,2538.801687
15,10,2488.635726
15,10,2488.635726
15,10,2488.635726
15,11,2400.636009
15,11,2400.636009
15,11,2400.636009
15,12,2337.248916
15,12,2337.248916
15,12,2337.248916
15,13,2320.137228
15,13,2320.137228
15,13,2320.137228
15,16,2264.177059
15,16,2264.177059
15,16,2264.177059
15,20,2245.412255
15,20,2245.412255
15,20,2245.412255
15,21,2244.014289
15,21,2244.014289
15,21,2244.014289
16,8,2755.618709
16,8,2755.618709
16,8,2755.618709
16,8,2755.618709
16,9,2538.801687
16,9,2538.801687
16,9,2538.801687
16,9,2538.801687
16,10,2488.635726
16,10,2488.635726
16,10,2488.635726
16,10,2488.635726
16,11,2400.636009
16,11,2400.636009
16,11,2400.636009
16,11,2400.636009
16,12,2337.248916
16,12,2337.248916
16,12,2337.248916
16,12,2337.248916
16,13,2320.137228
16,13,2320.137228
16,13,2320.137228
16,13,2320.137228
16,16,2264.177059
16,16,2264.177059
16,16,2264.177059
16,16,2264.177059
16,20,2245.412255
16,20,2245.412255
16,20,2245.412255
16,20,2245.412255
16,21,2244.014289
16,21,2244.014289
16,21,2244.014289
16,21,2244.014289
17,8,2500.297488
17,9,2435.919695
17,11,2328.536175
17,12,2283.656059
17,15,2261.081924
17,16,2259.645777
17,19,2236.851548
17,20,2235.877311
17,21,2230.019643
18,8,2500.297488
18,8,2500.297488
18,9,2435.919695
18,9,2435.919695
18,11,2328.536175
18,11,2328.536175
18,12,2283.656059
18,12,2283.656059
18,15,2261.081924
18,15,2261.081924
18,16,2259.645777
18,16,2259.645777
18,19,2236.851548
18,19,2236.851548
18,20,2235.877311
18,20,2235.877311
18,21,2230.019643
18,21,2230.019643
19,8,2500.297488
19,8,2500.297488
19,8,2500.297488
19,9,2435.919695
19,9,2435.919695
19,9,2435.919695
19,11,2328.536175
19,11,2328.536175
19,11,2328.536175
19,12,2283.656059
19,12,2283.656059
19,12,2283.656059
19,15,2261.081924
19,15,2261.081924
19,15,2261.081924
19,16,2259.645777
19,16,2259.645777
19,16,2259.645777
19,19,2236.851548
19,19,2236.851548
19,19,2236.851548
19,20,2235.877311
19,20,2235.877311
19,20,2235.877311
19,21,2230.019643
19,21,2230.019643
19,21,2230.019643
20,8,2500.297488
20,8,2500.297488
20,8,2500.297488
20,8,2500.297488
20,9,2435.919695
20,9,2435.919695
20,9,2435.919695
20,9,2435.919695
20,11,2328.536175
20,11,2328.536175
20,11,2328.536175
20,11,2328.536175
20,12,2283.656059
20,12,2283.656059
20,12,2283.656059
20,12,2283.656059
20,15,2261.081924
20,15,2261.081924
20,15,2261.081924
20,15,2261.081924
20,16,2259.645777
20,16,2259.645777
20,16,2259.645777
20,16,2259.645777
20,19,2236.851548
20,19,2236.851548
20,19,2236.851548
20,19,2236.851548
20,20,2235.877311
20,20,2235.877311
20,20,2235.877311
20,20,2235.877311
20,21,2230.019643
20,21,2230.019643
20,21,2230.019643
20,21,2230.019643
21,8,2443.485986
21,9,2376.750475
21,11,2274.090561
21,12,2271.789300
21,14,2258.924135
21,15,2220.131339
21,19,2206.733148
21,20,2185.907851
22,8,2443.485986
22,8,2443.485986
22,9,2376.750475
22,9,2376.750475
22,11,2274.090561
22,11,2274.090561
22,12,2271.789300
22,12,2271.789300
22,14,2258.924135
22,14,2258.924135
22,15,2220.131339
22,15,2220.131339
22,19,2206.733148
22,19,2206.733148
22,20,2185.907851
22,20,2185.907851
23,8,2443.485986
23,8,2443.485986
23,8,2443.485986
23,9,2376.750475
23,9,2376.750475
23,9,2376.750475
23,11,2274.090561
23,11,2274.090561
23,11,2274.090561
23,12,2271.789300
23,12,2271.789300
23,12,2271.789300
23,14,2257.145663
23,15,2220.131339
23,15,2220.131339
23,15,2220.131339
23,19,2206.733148
23,19,2206.733148
23,19,2206.733148
23,20,2185.907851
23,20,2185.907851
23,20,2185.907851
24,8,2443.485986
24,8,2443.485986
24,8,2443.485986
24,8,2443.485986
24,9,2376.750475
24,9,2376.750475
24,9,2376.750475
24,9,2376.750475
24,11,2274.090561
24,11,2274.090561
24,11,2274.090561
24,11,2274.090561
24,12,2271.789300
24,12,2271.789300
24,12,2271.789300
24,12,2271.789300
24,14,2257.145663
24,14,2257.145663
24,15,2220.131339
24,15,2220.131339
24,15,2220.131339
24,15,2220.131339
24,19,2206.733148
24,19,2206.733148
24,19,2206.733148
24,19,2206.733148
24,20,2185.907851
24,20,2185.907851
24,20,2185.907851
24,20,2185.907851
25,8,2412.665217
25,9,2340.543671
25,10,2268.692678
25,11,2255.816077
25,12,2222.664783
25,14,2202.734107
25,15,2194.717406
25,17,2182.773445
25,20,2161.979851
26,8,2412.665217
26,8,2412.665217
26,9,2340.543671
26,9,2340.543671
26,10,2268.692678
26,10,2268.692678
26,11,2255.816077
26,11,2255.816077
26,12,2222.664783
26,12,2222.664783
26,14,2202.734107
26,14,2202.734107
26,15,2194.717406
26,15,2194.717406
26,17,2182.773445
26,17,2182.773445
26,20,2161.979851
26,20,2161.979851
27,8,2412.665217
27,8,2412.665217
27,8,2412.665217
27,9,2340.543671
27,9,2340.543671
27,9,2340.543671
27,10,2268.692678
27,10,2268.692678
27,10,2268.692678
27,11,2255.816077
27,11,2255.816077
27,11,2255.816077
27,12,2222.664783
27,12,2222.664783
27,12,2222.664783
27,14,2202.734107
27,14,2202.734107
27,14,2202.734107
27,15,2194.717406
27,15,2194.717406
27,15,2194.717406
27,17,2182.773445
27,17,2182.773445
27,17,2182.773445
27,20,2161.979851
27,20,2161.979851
27,20,2161.979851
28,8,2412.665217
28,8,2412.665217
28,8,2412.665217
28,8,2412.665217
28,9,2340.543671
28,9,2340.543671
28,9,2340.543671
28,9,2340.543671
28,10,2268.692678
28,10,2268.692678
28,10,2268.692678
28,10,2268.692678
28,11,2255.816077
28,11,2255.816077
28,11,2255.816077
28,11,2255.816077
28,12,2222.664783
28,12,2222.664783
28,12,2222.664783
28,12,2222.664783
28,14,2202.734107
28,14,2202.734107
28,14,2202.734107
28,14,2202.734107
28,15,2194.717406
28,15,2194.717406
28,15,2194.717406
28,15,2194.717406
28,17,2182.773445
28,17,2182.773445
28,17,2182.773445
28,17,2182.773445
28,20,2161.979851
28,20,2161.979851
28,20,2161.979851
28,20,2161.979851
29,8,2395.057825
29,9,2322.471961
29,10,2202.658664
29,11,2200.058249
29,12,2196.220049
29,13,2187.756960
29,14,2180.639304
29,17,2167.200170
29,18,2136.068669
30,8,2395.057825
30,8,2395.057825
30,9,2322.471961
30,9,2322.471961
30,10,2202.658664
30,10,2202.658664
30,11,2200.058249
30,11,2200.058249
30,12,2196.220049
30,12,2196.220049
30,13,2187.756960
30,13,2187.756960
30,14,2180.639304
30,14,2180.639304
30,17,2167.200170
30,17,2167.200170
30,18,2136.068669
30,18,2136.068669
31,8,2395.057825
31,8,2395.057825
31,8,2395.057825
31,9,2322.471961
31,9,2322.471961
31,9,2322.471961
31,10,2202.658664
31,10,2202.658664
31,10,2202.658664
31,11,2200.058249
31,11,2200.058249
31,11,2200.058249
31,12,2196.220049
31,12,2196.220049
31,12,2196.220049
31,13,2187.756960
31,13,2187.756960
31,13,2187.756960
31,14,2180.639304
31,14,2180.639304
31,14,2180.639304
31,17,2167.200170
31,17,2167.200170
31,17,2167.200170
31,18,2136.068669
31,18,2136.068669
31,18,2136.068669
32,8,2395.057825
32,8,2395.057825
32,8,2395.057825
32,8,2395.057825
32,9,2322.471961
32,9,2322.471961
32,9,2322.471961
32,9,2322.471961
32,10,2202.658664
32,10,2202.658664
32,10,2202.658664
32,10,2202.658664
32,11,2200.058249
32,11,2200.058249
32,11,2200.058249
32,11,2200.058249
32,12,2196.220049
32,12,2196.220049
32,12,2196.220049
32,12,2196.220049
32,13,2187.756960
32,13,2187.756960
32,13,2187.756960
32,13,2187.756960
32,14,2180.639304
32,14,2180.639304
32,14,2180.639304
32,14,2180.639304
32,17,2167.200170
32,17,2167.200170
32,17,2167.200170
32,17,2167.200170
32,18,2136.068669
32,18,2136.068669
32,18,2136.068669
32,18,2136.068669
33,8,2380.676073
33,9,2299.344031
33,10,2164.528303
33,13,2147.323515
33,18,2093.270993
34,8,2380.676073
34,8,2380.676073
34,9,2299.344031
34,9,2299.344031
34,10,2164.528303
34,10,2164.528303
34,13,2147.323515
34,13,2147.323515
34,18,2093.270993
34,18,2093.270993
35,8,2380.676073
35,8,2380.676073
35,8,2380.676073
35,9,2299.344031
35,9,2299.344031
35,9,2299.344031
35,10,2164.528303
35,10,2164.528303
35,10,2164.528303
35,13,2147.323515
35,13,2147.323515
35,13,2147.323515
35,18,2093.270993
35,18,2093.270993
35,18,2093.270993
36,8,2380.676073
36,8,2380.676073
36,8,2380.676073
36,8,2380.676073
36,9,2299.344031
36,9,2299.344031
36,9,2299.344031
36,9,2299.344031
36,10,2164.528303
36,10,2164.528303
36,10,2164.528303
36,10,2164.528303
36,13,2147.323515
36,13,2147.323515
36,13,2147.323515
36,13,2147.323515
36,18,2093.270993
36,18,2093.270993
36,18,2093.270993
36,18,2093.270993
37,8,2366.659328
37,9,2283.683665
37,10,2140.289051
37,12,2130.860130
37,17,2060.892645
38,8,2366.659328
38,8,2366.659328
38,9,2283.683665
38,9,2283.683665
38,10,2140.289051
38,10,2140.289051
38,12,2130.860130
38,12,2130.860130
38,17,2060.892645
38,17,2060.892645
39,8,2366.659328
39,8,2366.659328
39,8,2366.659328
39,9,2283.683665
39,9,2283.683665
39,9,2283.683665
39,10,2140.289051
39,10,2140.289051
39,10,2140.289051
39,12,2130.860130
39,12,2130.860130
39,12,2130.860130
39,17,2060.892645
39,17,2060.892645
39,17,2060.892645
40,8,2366.659328
40,8,2366.659328
40,8,2366.659328
40,8,2366.659328
40,9,2283.683665
40,9,2283.683665
40,9,2283.683665
40,9,2283.683665
40,10,2140.289051
40,10,2140.289051
40,10,2140.289051
40,10,2140.289051
40,12,2130.860130
40,12,2130.860130
40,12,2130.860130
40,12,2130.860130
40,17,2060.892645
40,17,2060.892645
40,17,2060.892645
40,17,2060.892645
41,8,2335.541855
41,9,2270.794309
41,10,2120.271880
41,17,2058.166624
42,7,2462.345138
42,8,2335.541855
42,8,2335.541855
42,9,2270.794309
42,9,2270.794309
42,10,2120.271880
42,10,2120.271880
42,16,2118.763334
42,17,2058.166624
42,17,2058.166624
43,7,2462.345138
43,7,2462.345138
43,8,2335.541855
43,8,2335.541855
43,8,2335.541855
43,9,2270.794309
43,9,2270.794309
43,9,2270.794309
43,10,2120.271880
43,10,2120.271880
43,10,2120.271880
43,16,2118.763334
43,16,2118.763334
43,17,2058.166624
43,17,2058.166624
43,17,2058.166624
44,7,2458.889128
44,8,2335.541855
44,8,2335.541855
44,8,2335.541855
44,8,2335.541855
44,9,2270.794309
44,9,2270.794309
44,9,2270.794309
44,9,2270.794309
44,10,2120.271880
44,10,2120.271880
44,10,2120.271880
44,10,2120.271880
44,16,2098.798862
44,17,2058.166624
44,17,2058.166624
44,17,2058.166624
44,17,2058.166624
45,7,2458.889128
45,7,2458.889128
45,8,2335.541855
45,8,2335.541855
45,8,2335.541855
45,8,2335.541855
45,8,2335.541855
45,9,2183.559753
45,10,2120.271880
45,10,2120.271880
45,10,2120.271880
45,10,2120.271880
45,10,2120.271880
45,16,2098.798862
45,16,2098.798862
45,17,2058.166624
45,17,2058.166624
45,17,2058.166624
45,17,2058.166624
45,17,2058.166624
46,7,2458.889128
46,7,2458.889128
46,7,2458.889128
46,8,2335.541855
46,8,2335.541855
46,8,2335.541855
46,8,2335.541855
46,8,2335.541855
46,8,2335.541855
46,9,2183.559753
46,9,2183.559753
46,10,2120.271880
46,10,2120.271880
46,10,2120.271880
46,10,2120.271880
46,10,2120.271880
46,10,2120.271880
46,16,2098.798862
46,16,2098.798862
46,16,2098.798862
46,17,2058.166624
46,17,2058.166624
46,17,2058.166624
46,17,2058.166624
46,17,2058.166624
46,17,2058.166624
47,7,2458.889128
47,7,2458.889128
47,7,2458.889128
47,7,2458.889128
47,8,2335.541855
47,8,2335.541855
47,8,2335.541855
47,8,2335.541855
47,8,2335.541855
47,8,2335.541855
47,8,2335.541855
47,9,2183.559753
47,9,2183.559753
47,9,2183.559753
47,10,2120.271880
47,10,2120.271880
47,10,2120.271880
47,10,2120.271880
47,10,2120.271880
47,10,2120.271880
47,10,2120.271880
47,15,2117.899124
47,16,2098.798862
47,16,2098.798862
47,16,2098.798862
47,16,2098.798862
47,17,2058.166624
47,17,2058.166624
47,17,2058.166624
47,17,2058.166624
47,17,2058.166624
47,17,2058.166624
47,17,2058.166624
48,7,2383.009943
48,8,2308.523261
48,9,2103.747563
48,10,2099.442413
48,15,2078.651082
48,16,2047.002328
48,17,2044.343619
49,7,2383.009943
49,7,2383.009943
49,8,2308.523261
49,8,2308.523261
49,9,2103.747563
49,9,2103.747563
49,10,2099.442413
49,10,2099.442413
49,15,2078.651082
49,15,2078.651082
49,16,2047.002328
49,16,2047.002328
49,17,2044.343619
49,17,2044.343619
50,7,2383.009943
50,7,2383.009943
50,7,2383.009943
50,8,2308.523261
50,8,2308.523261
50,8,2308.523261
50,9,2103.747563
50,9,2103.747563
50,9,2103.747563
50,10,2099.442413
50,10,2099.442413
50,10,2099.442413
50,15,2078.651082
50,15,2078.651082
50,15,2078.651082
50,16,2047.002328
50,16,2047.002328
50,16,2047.002328
50,17,2044.343619
50,17,2044.343619
50,17,2044.343619
51,7,2383.009943
51,7,2383.009943
51,7,2383.009943
51,7,2383.009943
51,8,2308.523261
51,8,2308.523261
51,8,2308.523261
51,8,2308.523261
51,9,2103.747563
51,9,2103.747563
51,9,2103.747563
51,9,2103.747563
51,10,2099.442413
51,10,2099.442413
51,10,2099.442413
51,10,2099.442413
51,15,2078.651082
51,15,2078.651082
51,15,2078.651082
51,15,2078.651082
51,16,2047.002328
51,16,2047.002328
51,16,2047.002328
51,16,2047.002328
51,17,2044.343619
51,17,2044.343619
51,17,2044.343619
51,17,2044.343619
52,7,2363.821333
52,8,2300.397076
52,9,2083.937857
52,15,2078.651082
52,15,2078.651082
52,15,2078.651082
52,15,2078.651082
52,15,2078.651082
52,16,2035.013191
53,7,2363.821333
53,7,2363.821333
53,8,2300.397076
53,8,2300.397076
53,9,2083.937857
53,9,2083.937857
53,15,2078.651082
53,15,2078.651082
53,15,2078.651082
53,15,2078.651082
53,15,2078.651082
53,15,2078.651082
53,15,2078.651082
53,15,2078.651082
53,15,2078.651082
53,15,2078.651082
53,16,2035.013191
53,16,2035.013191
54,7,2363.821333
54,7,2363.821333
54,7,2363.821333
54,8,2300.397076
54,8,2300.397076
54,8,2300.397076
54,9,2083.937857
54,9,2083.937857
54,9,2083.937857
54,15,2068.380745
54,16,2035.013191
54,16,2035.013191
54,16,2035.013191
55,7,2363.821333
55,7,2363.821333
55,7,2363.821333
55,7,2363.821333
55,8,2300.397076
55,8,2300.397076
55,8,2300.397076
55,8,2300.397076
55,9,2083.937857
55,9,2083.937857
55,9,2083.937857
55,9,2083.937857
55,15,2068.380745
55,15,2068.380745
55,16,2035.013191
55,16,2035.013191
55,16,2035.013191
55,16,2035.013191
56,7,2304.998065
56,8,2276.881098
56,9,2064.815641
56,14,2062.748526
56,15,2003.129432
57,7,2304.998065
57,7,2304.998065
57,8,2276.881098
57,8,2276.881098
57,9,2064.815641
57,9,2064.815641
57,14,2062.748526
57,14,2062.748526
57,15,2003.129432
57,15,2003.129432
58,7,2304.998065
58,7,2304.998065
58,7,2304.998065
58,8,2276.881098
58,8,2276.881098
58,8,2276.881098
58,9,2064.815641
58,9,2064.815641
58,9,2064.815641
58,14,2062.748526
58,14,2062.748526
58,14,2062.748526
58,15,2003.129432
58,15,2003.129432
58,15,2003.129432
59,7,2304.998065
59,7,2304.998065
59,7,2304.998065
59,7,2304.998065
59,8,2276.881098
59,8,2276.881098
59,8,2276.881098
59,8,2276.881098
59,9,2064.815641
59,9,2064.815641
59,9,2064.815641
59,9,2064.815641
59,14,2062.748526
59,14,2062.748526
59,14,2062.748526
59,14,2062.748526
59,15,2003.129432
59,15,2003.129432
59,15,2003.129432
59,15,2003.129432
60,7,2298.370986
60,8,2061.135875
60,13,2055.497532
60,14,2002.725374
60,15,1999.530115
61,7,2298.370986
61,7,2298.370986
61,8,2061.135875
61,8,2061.135875
61,13,2055.497532
61,13,2055.497532
61,14,2002.725374
61,14,2002.725374
61,15,1999.530115
61,15,1999.530115
62,7,2298.370986
62,7,2298.370986
62,7,2298.370986
62,8,2061.135875
62,8,2061.135875
62,8,2061.135875
62,13,2055.497532
62,13,2055.497532
62,13,2055.497532
62,14,2002.725374
62,14,2002.725374
62,14,2002.725374
62,15,1999.530115
62,15,1999.530115
62,15,1999.530115
63,7,2298.370986
63,7,2298.370986
63,7,2298.370986
63,7,2298.370986
63,8,2061.135875
63,8,2061.135875
63,8,2061.135875
63,8,2061.135875
63,13,2055.497532
63,13,2055.497532
63,13,2055.497532
63,13,2055.497532
63,14,2002.725374
63,14,2002.725374
63,14,2002.725374
63,14,2002.725374
63,15,1999.530115
63,15,1999.530115
63,15,1999.530115
63,15,1999.530115
64,7,2273.242034
64,8,2057.255179
64,12,1987.969392
65,7,2185.473411
65,8,2057.255179
65,8,2057.255179
65,12,1987.969392
65,12,1987.969392
66,7,2147.739244
66,8,2057.255179
66,8,2057.255179
66,8,2057.255179
66,12,1987.969392
66,12,1987.969392
66,12,1987.969392
67,7,2147.739244
67,7,2147.739244
67,8,2057.255179
67,8,2057.255179
67,8,2057.255179
67,8,2057.255179
67,12,1987.969392
67,12,1987.969392
67,12,1987.969392
67,12,1987.969392
68,7,2147.739244
68,7,2147.739244
68,7,2147.739244
68,8,2057.255179
68,8,2057.255179
68,8,2057.255179
68,8,2057.255179
68,8,2057.255179
68,12,1987.969392
68,12,1987.969392
68,12,1987.969392
68,12,1987.969392
68,12,1987.969392
69,7,2052.982504
69,8,2046.478830
69,12,1973.267272
70,7,2052.982504
70,7,2052.982504
70,8,2046.478830
70,8,2046.478830
70,11,2027.741487
70,12,1973.267272
70,12,1973.267272
71,7,2052.982504
71,7,2052.982504
71,7,2052.982504
71,8,2046.478830
71,8,2046.478830
71,8,2046.478830
71,11,2027.741487
71,11,2027.741487
71,12,1973.267272
71,12,1973.267272
71,12,1973.267272
72,7,2052.982504
72,7,2052.982504
72,7,2052.982504
72,7,2052.982504
72,8,2046.478830
72,8,2046.478830
72,8,2046.478830
72,8,2046.478830
72,11,2027.741487
72,11,2027.741487
72,11,2027.741487
72,12,1973.267272
72,12,1973.267272
72,12,1973.267272
72,12,1973.267272
73,6,2120.525321
73,7,2052.982504
73,7,2052.982504
73,7,2052.982504
73,7,2052.982504
73,7,2052.982504
73,8,2046.478830
73,8,2046.478830
73,8,2046.478830
73,8,2046.478830
73,8,2046.478830
73,11,2027.741487
73,11,2027.741487
73,11,2027.741487
73,11,2027.741487
73,12,1973.267272
73,12,1973.267272
73,12,1973.267272
73,12,1973.267272
73,12,1973.267272
74,6,2120.525321
74,6,2120.525321
74,7,2052.982504
74,7,2052.982504
74,7,2052.982504
74,7,2052.982504
74,7,2052.982504
74,7,2052.982504
74,8,2046.478830
74,8,2046.478830
74,8,2046.478830
74,8,2046.478830
74,8,2046.478830
74,8,2046.478830
74,11,2027.741487
74,11,2027.741487
74,11,2027.741487
74,11,2027.741487
74,11,2027.741487
74,12,1973.267272
74,12,1973.267272
74,12,1973.267272
74,12,1973.267272
74,12,1973.267272
74,12,1973.267272
75,6,2120.525321
75,6,2120.525321
75,6,2120.525321
75,7,2052.982504
75,7,2052.982504
75,7,2052.982504
75,7,2052.982504
75,7,2052.982504
75,7,2052.982504
75,7,2052.982504
75,8,2046.478830
75,8,2046.478830
75,8,2046.478830
75,8,2046.478830
75,8,2046.478830
75,8,2046.478830
75,8,2046.478830
75,11,2027.741487
75,11,2027.741487
75,11,2027.741487
75,11,2027.741487
75,11,2027.741487
75,11,2027.741487
75,12,1973.267272
75,12,1973.267272
75,12,1973.267272
75,12,1973.267272
75,12,1973.267272
75,12,1973.267272
75,12,1973.267272
76,6,2116.436006
76,7,2044.163955
76,8,2032.122062
76,11,1992.237284
76,12,1971.353186
77,6,2116.436006
77,6,2116.436006
77,7,2044.163955
77,7,2044.163955
77,8,2032.122062
77,8,2032.122062
77,11,1992.237284
77,11,1992.237284
77,12,1971.353186
77,12,1971.353186
78,6,2116.436006
78,6,2116.436006
78,6,2116.436006
78,7,2044.163955
78,7,2044.163955
78,7,2044.163955
78,8,2032.122062
78,8,2032.122062
78,8,2032.122062
78,11,1992.237284
78,11,1992.237284
78,11,1992.237284
78,12,1971.353186
78,12,1971.353186
78,12,1971.353186
79,6,2116.436006
79,6,2116.436006
79,6,2116.436006
79,6,2116.436006
79,7,2044.163955
79,7,2044.163955
79,7,2044.163955
79,7,2044.163955
79,8,2032.122062
79,8,2032.122062
79,8,2032.122062
79,8,2032.122062
79,11,1992.237284
79,11,1992.237284
79,11,1992.237284
79,11,1992.237284
79,12,1971.353186
79,12,1971.353186
79,12,1971.353186
79,12,1971.353186
80,6,2091.471677
80,7,2032.697717
80,8,2029.438482
80,11,1986.857017
80,12,1970.044763
81,6,2091.471677
81,6,2091.471677
81,7,2032.697717
81,7,2032.697717
81,8,2029.438482
81,8,2029.438482
81,11,1986.857017
81,11,1986.857017
81,12,1970.044763
81,12,1970.044763
82,6,2091.471677
82,6,2091.471677
82,6,2091.471677
82,7,2032.697717
82,7,2032.697717
82,7,2032.697717
82,8,2029.438482
82,8,2029.438482
82,8,2029.438482
82,11,1986.857017
82,11,1986.857017
82,11,1986.857017
82,12,1970.044763
82,12,1970.044763
82,12,1970.044763
83,6,2091.471677
83,6,2091.471677
83,6,2091.471677
83,6,2091.471677
83,7,2032.697717
83,7,2032.697717
83,7,2032.697717
83,7,2032.697717
83,8,2029.438482
83,8,2029.438482
83,8,2029.438482
83,8,2029.438482
83,11,1986.857017
83,11,1986.857017
83,11,1986.857017
83,11,1986.857017
83,12,1970.044763
83,12,1970.044763
83,12,1970.044763
83,12,1970.044763
84,6,2058.361607
84,7,2023.784399
84,8,2017.554791
84,11,1963.477442
85,6,2058.361607
85,6,2058.361607
85,7,2023.784399
85,7,2023.784399
85,8,2017.554791
85,8,2017.554791
85,11,1963.477442
85,11,1963.477442
86,6,2058.361607
86,6,2058.361607
86,6,2058.361607
86,7,2023.784399
86,7,2023.784399
86,7,2023.784399
86,8,2017.554791
86,8,2017.554791
86,8,2017.554791
86,11,1963.477442
86,11,1963.477442
86,11,1963.477442
87,6,2058.361607
87,6,2058.361607
87,6,2058.361607
87,6,2058.361607
87,7,2023.784399
87,7,2023.784399
87,7,2023.784399
87,7,2023.784399
87,8,2017.554791
87,8,2017.554791
87,8,2017.554791
87,8,2017.554791
87,11,1963.477442
87,11,1963.477442
87,11,1963.477442
87,11,1963.477442
88,6,2053.206257
88,7,2021.857780
88,8,2014.378144
88,11,1954.221818
89,6,2053.206257
89,6,2053.206257
89,7,2021.857780
89,7,2021.857780
89,8,2014.378144
89,8,2014.378144
89,11,1954.221818
89,11,1954.221818
90,6,2053.206257
90,6,2053.206257
90,6,2053.206257
90,7,2021.857780
90,7,2021.857780
90,7,2021.857780
90,8,2014.378144
90,8,2014.378144
90,8,2014.378144
90,11,1954.221818
90,11,1954.221818
90,11,1954.221818
91,6,2053.206257
91,6,2053.206257
91,6,2053.206257
91,6,2053.206257
91,7,2021.857780
91,7,2021.857780
91,7,2021.857780
91,7,2021.857780
91,8,2014.378144
91,8,2014.378144
91,8,2014.378144
91,8,2014.378144
91,11,1954.221818
91,11,1954.221818
91,11,1954.221818
91,11,1954.221818
92,6,2047.828414
92,7,2018.994885
92,8,2007.392021
92,11,1952.307732
93,6,2047.828414
93,6,2047.828414
93,7,2018.994885
93,7,2018.994885
93,8,2007.392021
93,8,2007.392021
93,11,1952.307732
93,11,1952.307732
93,12,1950.814856
94,6,2047.828414
94,6,2047.828414
94,6,2047.828414
94,7,2018.994885
94,7,2018.994885
94,7,2018.994885
94,8,2007.392021
94,8,2007.392021
94,8,2007.392021
94,11,1952.307732
94,11,1952.307732
94,11,1952.307732
94,12,1950.814856
94,12,1950.814856
95,6,2047.828414
95,6,2047.828414
95,6,2047.828414
95,6,2047.828414
95,7,2018.994885
95,7,2018.994885
95,7,2018.994885
95,7,2018.994885
95,8,2007.392021
95,8,2007.392021
95,8,2007.392021
95,8,2007.392021
95,11,1952.307732
95,11,1952.307732
95,11,1952.307732
95,11,1952.307732
95,12,1950.814856
95,12,1950.814856
95,12,1950.814856
96,6,2044.395257
96,7,2016.435734
96,8,2001.417221
96,11,1951.677292
96,12,1947.281215
97,6,2044.395257
97,6,2044.395257
97,7,2016.348383
97,8,1998.267650
97,11,1944.591790
97,12,1943.327000
98,6,2044.395257
98,6,2044.395257
98,6,2044.395257
98,6,2044.395257
98,7,2016.348383
98,7,2016.348383
98,8,1998.267650
98,8,1998.267650
98,11,1944.591790
98,11,1944.591790
98,12,1943.327000
98,12,1943.327000
99,6,2044.395257
99,6,2044.395257
99,6,2044.395257
99,6,2044.395257
99,6,2044.395257
99,6,2044.395257
99,7,2016.348383
99,7,2016.348383
99,7,2016.348383
99,8,1998.267650
99,8,1998.267650
99,8,1998.267650
99,11,1944.591790
99,11,1944.591790
99,11,1944.591790
99,12,1943.327000
99,12,1943.327000
99,12,1943.327000
100,6,2044.395257
100,6,2044.395257
100,6,2044.395257
100,6,2044.395257
100,6,2044.395257
100,6,2044.395257
100,6,2044.395257
100,6,2044.395257
100,7,2016.348383
100,7,2016.348383
100,7,2016.348383
100,7,2016.348383
100,8,1998.267650
100,8,1998.267650
100,8,1998.267650
100,8,1998.267650
100,11,1944.591790
100,11,1944.591790
100,11,1944.591790
100,11,1944.591790
100,12,1943.327000
100,12,1943.327000
100,12,1943.327000
100,12,1943.327000
101,6,2039.544325
101,7,2014.905278
101,8,1994.563385
101,11,1944.591790
101,11,1944.591790
101,11,1944.591790
101,11,1944.591790
101,11,1944.591790
101,11,1944.591790
101,12,1942.397750
102,6,2028.624439
102,7,2014.905278
102,7,2014.905278
102,7,2014.905278
102,8,1990.595379
102,11,1941.762454
103,6,2028.624439
103,6,2028.624439
103,7,2014.905278
103,7,2014.905278
103,7,2014.905278
103,7,2014.905278
103,7,2014.905278
103,7,2014.905278
103,8,1990.595379
103,8,1990.595379
103,11,1941.762454
103,11,1941.762454
104,6,2028.624439
104,6,2028.624439
104,6,2028.624439
104,7,2014.905278
104,7,2014.905278
104,7,2014.905278
104,7,2014.905278
104,7,2014.905278
104,7,2014.905278
104,7,2014.905278
104,7,2014.905278
104,7,2014.905278
104,8,1990.595379
104,8,1990.595379
104,8,1990.595379
104,11,1941.762454
104,11,1941.762454
104,11,1941.762454
105,6,2028.624439
105,6,2028.624439
105,6,2028.624439
105,6,2028.624439
105,7,2014.905278
105,7,2014.905278
105,7,2014.905278
105,7,2014.905278
105,7,2014.905278
105,7,2014.905278
105,7,2014.905278
105,7,2014.905278
105,7,2014.905278
105,7,2014.905278
105,7,2014.905278
105,7,2014.905278
105,8,1990.595379
105,8,1990.595379
105,8,1990.595379
105,8,1990.595379
105,11,1941.762454
105,11,1941.762454
105,11,1941.762454
105,11,1941.762454
105,12,1939.047914
106,6,2028.624439
106,6,2028.624439
106,6,2028.624439
106,6,2028.624439
106,6,2028.624439
106,7,2014.905278
106,7,2014.905278
106,7,2014.905278
106,7,2014.905278
106,7,2014.905278
106,7,2014.905278
106,7,2014.905278
106,7,2014.905278
106,7,2014.905278
106,7,2014.905278
106,7,2014.905278
106,7,2014.905278
106,7,2014.905278
106,7,2014.905278
106,7,2014.905278
106,8,1990.595379
106,8,1990.595379
106,8,1990.595379
106,8,1990.595379
106,8,1990.595379
106,11,1941.762454
106,11,1941.762454
106,11,1941.762454
106,11,1941.762454
106,11,1941.762454
106,12,1939.047914
106,12,1939.047914
107,6,2028.624439
107,6,2028.624439
107,6,2028.624439
107,6,2028.624439
107,6,2028.624439
107,6,2028.624439
107,7,2014.905278
107,7,2014.905278
107,7,2014.905278
107,7,2014.905278
107,7,2014.905278
107,7,2014.905278
107,7,2014.905278
107,7,2014.905278
107,7,2014.905278
107,7,2014.905278
107,7,2014.905278
107,7,2014.905278
107,7,2014.905278
107,7,2014.905278
107,7,2014.905278
107,7,2014.905278
107,7,2014.905278
107,7,2014.905278
107,8,1990.595379
107,8,1990.595379
107,8,1990.595379
107,8,1990.595379
107,8,1990.595379
107,8,1990.595379
107,10,1975.485726
107,11,1941.762454
107,11,1941.762454
107,11,1941.762454
107,11,1941.762454
107,11,1941.762454
107,11,1941.762454
107,12,1939.047914
107,12,1939.047914
107,12,1939.047914
108,6,2028.624439
108,6,2028.624439
108,6,2028.624439
108,6,2028.624439
108,6,2028.624439
108,6,2028.624439
108,6,2028.624439
108,7,2014.905278
108,7,2014.905278
108,7,2014.905278
108,7,2014.905278
108,7,2014.905278
108,7,2014.905278
108,7,2014.905278
108,7,2014.905278
108,7,2014.905278
108,7,2014.905278
108,7,2014.905278
108,7,2014.905278
108,7,2014.905278
108,7,2014.905278
108,7,2014.905278
108,7,2014.905278
108,7,2014.905278
108,7,2014.905278
108,7,2014.905278
108,7,2014.905278
108,7,2014.905278
108,8,1990.595379
108,8,1990.595379
108,8,1990.595379
108,8,1990.595379
108,8,1990.595379
108,8,1990.595379
108,8,1990.595379
108,10,1975.485726
108,10,1975.485726
108,11,1941.762454
108,11,1941.762454
108,11,1941.762454
108,11,1941.762454
108,11,1941.762454
108,11,1941.762454
108,11,1941.762454
108,12,1939.047914
108,12,1939.047914
108,12,1939.047914
108,12,1939.047914
109,6,2028.624439
109,6,2028.624439
109,6,2028.624439
109,6,2028.624439
109,6,2028.624439
109,6,2028.624439
109,6,2028.624439
109,6,2028.624439
109,7,2014.905278
109,7,2014.905278
109,7,2014.905278
109,7,2014.905278
109,7,2014.905278
109,7,2014.905278
109,7,2014.905278
109,7,2014.905278
109,7,2014.905278
109,7,2014.905278
109,7,2014.905278
109,7,2014.905278
109,7,2014.905278
109,7,2014.905278
109,7,2014.905278
109,7,2014.905278
109,7,2014.905278
109,7,2014.905278
109,7,2014.905278
109,7,2014.905278
109,7,2014.905278
109,7,2014.905278
109,7,2014.905278
109,7,2014.905278
109,8,1990.595379
109,8,1990.595379
109,8,1990.595379
109,8,1990.595379
109,8,1990.595379
109,8,1990.595379
109,8,1990.595379
109,8,1990.595379
109,10,1975.485726
109,10,1975.485726
109,10,1975.485726
109,11,1941.762454
109,11,1941.762454
109,11,1941.762454
109,11,1941.762454
109,11,1941.762454
109,11,1941.762454
109,11,1941.762454
109,11,1941.762454
109,12,1939.047914
109,12,1939.047914
109,12,1939.047914
109,12,1939.047914
109,12,1939.047914
110,6,2027.177954
110,7,2012.691555
110,8,1986.275084
110,10,1950.548819
110,11,1941.426013
110,12,1938.742717
111,6,2027.177954
111,6,2027.177954
111,7,2012.691555
111,7,2012.691555
111,8,1986.275084
111,8,1986.275084
111,10,1950.548819
111,10,1950.548819
111,11,1941.426013
111,11,1941.426013
111,12,1938.742717
111,12,1938.742717
112,6,2027.177954
112,6,2027.177954
112,6,2027.177954
112,7,2012.691555
112,7,2012.691555
112,7,2012.691555
112,8,1986.275084
112,8,1986.275084
112,8,1986.275084
112,10,1950.548819
112,10,1950.548819
112,10,1950.548819
112,11,1941.426013
112,11,1941.426013
112,11,1941.426013
112,12,1938.691158
113,6,2027.177954
113,6,2027.177954
113,6,2027.177954
113,6,2027.177954
113,7,2006.452954
113,8,1986.275084
113,8,1986.275084
113,8,1986.275084
113,8,1986.275084
113,10,1950.548819
113,10,1950.548819
113,10,1950.548819
113,10,1950.548819
113,11,1941.426013
113,11,1941.426013
113,11,1941.426013
113,11,1941.426013
113,12,1938.691158
113,12,1938.691158
114,6,2027.177954
114,6,2027.177954
114,6,2027.177954
114,6,2027.177954
114,6,2027.177954
114,7,2006.452954
114,7,2006.452954
114,8,1986.275084
114,8,1986.275084
114,8,1986.275084
114,8,1986.275084
114,8,1986.275084
114,10,1950.548819
114,10,1950.548819
114,10,1950.548819
114,10,1950.548819
114,10,1950.548819
114,11,1941.426013
114,11,1941.426013
114,11,1941.426013
114,11,1941.426013
114,11,1941.426013
114,12,1938.691158
114,12,1938.691158
114,12,1938.691158
115,6,2027.177954
115,6,2027.177954
115,6,2027.177954
115,6,2027.177954
115,6,2027.177954
115,6,2027.177954
115,7,2006.452954
115,7,2006.452954
115,7,2006.452954
115,8,1986.275084
115,8,1986.275084
115,8,1986.275084
115,8,1986.275084
115,8,1986.275084
115,8,1986.275084
115,10,1950.548819
115,10,1950.548819
115,10,1950.548819
115,10,1950.548819
115,10,1950.548819
115,10,1950.548819
115,11,1941.426013
115,11,1941.426013
115,11,1941.426013
115,11,1941.426013
115,11,1941.426013
115,11,1941.426013
115,12,1938.691158
115,12,1938.691158
115,12,1938.691158
115,12,1938.691158
116,6,2012.179642
116,7,2001.923512
116,8,1985.199510
116,10,1946.086028
116,11,1938.976721
116,12,1936.507369
117,6,2012.179642
117,6,2012.179642
117,7,2001.923512
117,7,2001.923512
117,8,1985.199510
117,8,1985.199510
117,10,1946.086028
117,10,1946.086028
117,11,1938.976721
117,11,1938.976721
117,12,1936.507369
117,12,1936.507369
118,6,2012.179642
118,6,2012.179642
118,6,2012.179642
118,7,2001.923512
118,7,2001.923512
118,7,2001.923512
118,8,1985.199510
118,8,1985.199510
118,8,1985.199510
118,10,1946.086028
118,10,1946.086028
118,10,1946.086028
118,11,1938.976721
118,11,1938.976721
118,11,1938.976721
118,12,1936.507369
118,12,1936.507369
118,12,1936.507369
119,6,2012.179642
119,6,2012.179642
119,6,2012.179642
119,6,2012.179642
119,7,2001.923512
119,7,2001.923512
119,7,2001.923512
119,7,2001.923512
119,8,1985.199510
119,8,1985.199510
119,8,1985.199510
119,8,1985.199510
119,10,1946.086028
119,10,1946.086028
119,10,1946.086028
119,10,1946.086028
119,11,1938.976721
119,11,1938.976721
119,11,1938.976721
119,11,1938.976721
119,12,1935.951971
120,6,2007.000782
120,7,1997.657143
120,8,1982.735844
120,10,1943.277273
120,11,1938.231239
120,12,1935.951971
120,12,1935.951971
120,12,1935.951971
121,6,2005.106020
121,7,1996.372344
121,8,1982.735844
121,8,1982.735844
121,8,1982.735844
121,10,1942.649106
121,11,1938.231239
121,11,1938.231239
121,12,1932.789944
122,6,2005.106020
122,6,2005.106020
122,7,1996.372344
122,7,1996.372344
122,8,1982.735844
122,8,1982.735844
122,8,1982.735844
122,8,1982.735844
122,8,1982.735844
122,8,1982.735844
122,10,1942.649106
122,10,1942.649106
122,11,1938.231239
122,11,1938.231239
122,11,1938.231239
122,11,1938.231239
122,12,1932.789944
122,12,1932.789944
123,6,2005.106020
123,6,2005.106020
123,6,2005.106020
123,7,1996.372344
123,7,1996.372344
123,7,1996.372344
123,8,1982.735844
123,8,1982.735844
123,8,1982.735844
123,8,1982.735844
123,8,1982.735844
123,8,1982.735844
123,8,1982.735844
123,8,1982.735844
123,8,1982.735844
123,10,1942.649106
123,10,1942.649106
123,10,1942.649106
123,11,1938.231239
123,11,1938.231239
123,11,1938.231239
123,11,1938.231239
123,11,1938.231239
123,11,1938.231239
123,12,1932.789944
123,12,1932.789944
123,12,1932.789944
124,6,2005.106020
124,6,2005.106020
124,6,2005.106020
124,6,2005.106020
124,7,1996.372344
124,7,1996.372344
124,7,1996.372344
124,7,1996.372344
124,8,1982.735844
124,8,1982.735844
124,8,1982.735844
124,8,1982.735844
124,8,1982.735844
124,8,1982.735844
124,8,1982.735844
124,8,1982.735844
124,8,1982.735844
124,8,1982.735844
124,8,1982.735844
124,8,1982.735844
124,10,1942.649106
124,10,1942.649106
124,10,1942.649106
124,10,1942.649106
124,11,1938.231239
124,11,1938.231239
124,11,1938.231239
124,11,1938.231239
124,11,1938.231239
124,11,1938.231239
124,11,1938.231239
124,11,1938.231239
124,12,1932.789944
124,12,1932.789944
124,12,1932.789944
124,12,1932.789944
125,6,2004.175619
125,7,1995.315275
125,8,1980.182762
125,10,1936.354649
125,11,1935.564848
125,12,1932.021875
126,6,2004.175619
126,6,2004.175619
126,7,1995.315275
126,7,1995.315275
126,8,1980.182762
126,8,1980.182762
126,10,1936.354649
126,10,1936.354649
126,11,1935.564848
126,11,1935.564848
126,12,1932.021875
126,12,1932.021875
127,6,2004.175619
127,6,2004.175619
127,6,2004.175619
127,7,1995.315275
127,7,1995.315275
127,7,1995.315275
127,8,1980.182762
127,8,1980.182762
127,8,1980.182762
127,10,1936.354649
127,10,1936.354649
127,10,1936.354649
127,11,1935.564848
127,11,1935.564848
127,11,1935.564848
127,12,1932.021875
127,12,1932.021875
127,12,1932.021875
128,6,2004.175619
128,6,2004.175619
128,6,2004.175619
128,6,2004.175619
128,7,1995.315275
128,7,1995.315275
128,7,1995.315275
128,7,1995.315275
128,8,1980.182762
128,8,1980.182762
128,8,1980.182762
128,8,1980.182762
128,10,1936.354649
128,10,1936.354649
128,10,1936.354649
128,10,1936.354649
128,11,1935.564848
128,11,1935.564848
128,11,1935.564848
128,11,1935.564848
128,12,1932.021875
128,12,1932.021875
128,12,1932.021875
128,12,1932.021875
129,6,2003.569679
129,7,1991.117223
129,8,1980.182762
129,8,1980.182762
129,8,1980.182762
129,8,1980.182762
129,8,1980.182762
129,8,1980.182762
129,10,1935.884993
129,11,1933.135069
129,12,1931.944539
130,6,2003.569679
130,6,2003.569679
130,7,1991.117223
130,7,1991.117223
130,8,1980.182762
130,8,1980.182762
130,8,1980.182762
130,8,1980.182762
130,8,1980.182762
130,8,1980.182762
130,8,1980.182762
130,8,1980.182762
130,8,1980.182762
130,8,1980.182762
130,8,1980.182762
130,8,1980.182762
130,10,1935.884993
130,10,1935.884993
130,11,1933.135069
130,11,1933.135069
130,12,1931.944539
130,12,1931.944539
131,6,2003.569679
131,6,2003.569679
131,6,2003.569679
131,7,1991.117223
131,7,1991.117223
131,7,1991.117223
131,8,1980.182762
131,8,1980.182762
131,8,1980.182762
131,8,1980.182762
131,8,1980.182762
131,8,1980.182762
131,8,1980.182762
131,8,1980.182762
131,8,1980.182762
131,8,1980.182762
131,8,1980.182762
131,8,1980.182762
131,8,1980.182762
131,8,1980.182762
131,8,1980.182762
131,8,1980.182762
131,8,1980.182762
131,8,1980.182762
131,10,1935.884993
131,10,1935.884993
131,10,1935.884993
131,11,1933.135069
131,11,1933.135069
131,11,1933.135069
131,12,1931.944539
131,12,1931.944539
131,12,1931.944539
132,6,2003.569679
132,6,2003.569679
132,6,2003.569679
132,6,2003.569679
132,7,1991.117223
132,7,1991.117223
132,7,1991.117223
132,7,1991.117223
132,8,1980.182762
132,8,1980.182762
132,8,1980.182762
132,8,1980.182762
132,8,1980.182762
132,8,1980.182762
132,8,1980.182762
132,8,1980.182762
132,8,1980.182762
132,8,1980.182762
132,8,1980.182762
132,8,1980.182762
132,8,1980.182762
132,8,1980.182762
132,8,1980.182762
132,8,1980.182762
132,8,1980.182762
132,8,1980.182762
132,8,1980.182762
132,8,1980.182762
132,8,1980.182762
132,8,1980.182762
132,8,1980.182762
132,8,1980.182762
132,10,1935.884993
132,10,1935.884993
132,10,1935.884993
132,10,1935.884993
132,11,1933.135069
132,11,1933.135069
132,11,1933.135069
132,11,1933.135069
132,12,1931.944539
132,12,1931.944539
132,12,1931.944539
132,12,1931.944539
133,6,2000.717045
133,7,1987.414378
133,8,1979.936936
133,10,1934.603935
133,11,1931.766509
134,6,2000.717045
134,6,2000.717045
134,7,1987.414378
134,7,1987.414378
134,8,1979.936936
134,8,1979.936936
134,10,1934.603935
134,10,1934.603935
134,11,1931.766509
134,11,1931.766509
135,6,2000.717045
135,6,2000.717045
135,6,2000.717045
135,7,1987.414378
135,7,1987.414378
135,7,1987.414378
135,8,1979.936936
135,8,1979.936936
135,8,1979.936936
135,10,1934.603935
135,10,1934.603935
135,10,1934.603935
135,11,1931.766509
135,11,1931.766509
135,11,1931.766509
136,6,2000.717045
136,6,2000.717045
136,6,2000.717045
136,6,2000.717045
136,7,1987.414378
136,7,1987.414378
136,7,1987.414378
136,7,1987.414378
136,8,1979.936936
136,8,1979.936936
136,8,1979.936936
136,8,1979.936936
136,10,1934.603935
136,10,1934.603935
136,10,1934.603935
136,10,1934.603935
136,11,1931.766509
136,11,1931.766509
136,11,1931.766509
136,11,1931.766509
137,6,2000.692754
137,7,1986.374860
137,8,1979.936936
137,8,1979.936936
137,8,1979.936936
137,8,1979.936936
137,8,1979.936936
137,10,1934.090134
137,11,1930.948152
138,6,2000.629510
138,7,1986.374860
138,7,1986.374860
138,7,1986.374860
138,8,1977.920800
138,10,1934.090134
138,10,1934.090134
138,10,1934.090134
138,11,1930.910180
139,6,2000.629510
139,6,2000.629510
139,7,1986.374860
139,7,1986.374860
139,7,1986.374860
139,7,1986.374860
139,7,1986.374860
139,7,1986.374860
139,8,1977.920800
139,8,1977.920800
139,10,1934.090134
139,10,1934.090134
139,10,1934.090134
139,10,1934.090134
139,10,1934.090134
139,10,1934.090134
139,11,1930.910180
139,11,1930.910180
140,6,2000.629510
140,6,2000.629510
140,6,2000.629510
140,7,1986.374860
140,7,1986.374860
140,7,1986.374860
140,7,1986.374860
140,7,1986.374860
140,7,1986.374860
140,7,1986.374860
140,7,1986.374860
140,7,1986.374860
140,8,1977.920800
140,8,1977.920800
140,8,1977.920800
140,10,1934.090134
140,10,1934.090134
140,10,1934.090134
140,10,1934.090134
140,10,1934.090134
140,10,1934.090134
140,10,1934.090134
140,10,1934.090134
140,10,1934.090134
140,11,1930.910180
140,11,1930.910180
140,11,1930.910180
141,6,2000.629510
141,6,2000.629510
141,6,2000.629510
141,6,2000.629510
141,7,1986.374860
141,7,1986.374860
141,7,1986.374860
141,7,1986.374860
141,7,1986.374860
141,7,1986.374860
141,7,1986.374860
141,7,1986.374860
141,7,1986.374860
141,7,1986.374860
141,7,1986.374860
141,7,1986.374860
141,8,1977.920800
141,8,1977.920800
141,8,1977.920800
141,8,1977.920800
141,10,1934.090134
141,10,1934.090134
141,10,1934.090134
141,10,1934.090134
141,10,1934.090134
141,10,1934.090134
141,10,1934.090134
141,10,1934.090134
141,10,1934.090134
141,10,1934.090134
141,10,1934.090134
141,10,1934.090134
141,11,1930.910180
141,11,1930.910180
141,11,1930.910180
141,11,1930.910180
142,6,1997.714862
142,7,1986.225299
142,8,1969.942773
142,10,1933.960802
142,11,1924.982831
143,6,1997.714862
143,6,1997.714862
143,7,1986.225299
143,7,1986.225299
143,7,1986.225299
143,8,1969.899377
143,10,1933.960802
143,11,1924.352391
144,6,1997.419695
144,7,1986.213603
144,8,1969.899377
144,8,1969.899377
144,8,1969.899377
144,10,1933.583241
144,11,1924.352391
144,11,1924.352391
145,6,1997.419695
145,7,1986.213603
145,7,1986.213603
145,7,1986.213603
145,8,1968.072582
145,10,1932.213861
145,11,1924.352391
145,11,1924.352391
145,11,1924.352391
145,11,1924.352391
146,6,1997.419695
146,6,1997.419695
146,7,1986.213603
146,7,1986.213603
146,7,1986.213603
146,7,1986.213603
146,7,1986.213603
146,7,1986.213603
146,8,1968.072582
146,8,1968.072582
146,10,1932.213861
146,10,1932.213861
146,11,1924.352391
146,11,1924.352391
146,11,1924.352391
146,11,1924.352391
146,11,1924.352391
146,11,1924.352391
146,11,1924.352391
146,11,1924.352391
147,6,1997.419695
147,6,1997.419695
147,6,1997.419695
147,7,1986.213603
147,7,1986.213603
147,7,1986.213603
147,7,1986.213603
147,7,1986.213603
147,7,1986.213603
147,7,1986.213603
147,7,1986.213603
147,7,1986.213603
147,8,1968.072582
147,8,1968.072582
147,8,1968.072582
147,10,1932.213861
147,10,1932.213861
147,10,1932.213861
147,11,1924.352391
147,11,1924.352391
147,11,1924.352391
147,11,1924.352391
147,11,1924.352391
147,11,1924.352391
147,11,1924.352391
147,11,1924.352391
147,11,1924.352391
147,11,1924.352391
147,11,1924.352391
147,11,1924.352391
148,6,1997.419695
148,6,1997.419695
148,6,1997.419695
148,6,1997.419695
148,7,1986.213603
148,7,1986.213603
148,7,1986.213603
148,7,1986.213603
148,7,1986.213603
148,7,1986.213603
148,7,1986.213603
148,7,1986.213603
148,7,1986.213603
148,7,1986.213603
148,7,1986.213603
148,7,1986.213603
148,8,1968.072582
148,8,1968.072582
148,8,1968.072582
148,8,1968.072582
148,10,1932.213861
148,10,1932.213861
148,10,1932.213861
148,10,1932.213861
148,11,1924.352391
148,11,1924.352391
148,11,1924.352391
148,11,1924.352391
148,11,1924.352391
148,11,1924.352391
148,11,1924.352391
148,11,1924.352391
148,11,1924.352391
148,11,1924.352391
148,11,1924.352391
148,11,1924.352391
148,11,1924.352391
148,11,1924.352391
148,11,1924.352391
148,11,1924.352391
149,6,1997.419695
149,6,1997.419695
149,6,1997.419695
149,7,1983.171220
149,8,1964.893196
149,10,1931.266987
149,11,1923.062406
150,6,1997.419695
150,6,1997.419695
150,6,1997.419695
150,6,1997.419695
150,6,1997.419695
150,6,1997.419695
150,7,1983.171220
150,7,1983.171220
150,8,1964.893196
150,8,1964.893196
150,10,1931.266987
150,10,1931.266987
150,11,1923.062406
150,11,1923.062406
151,6,1997.419695
151,6,1997.419695
151,6,1997.419695
151,6,1997.419695
151,6,1997.419695
151,6,1997.419695
151,6,1997.419695
151,6,1997.419695
151,6,1997.419695
151,7,1983.171220
151,7,1983.171220
151,7,1983.171220
151,8,1964.893196
151,8,1964.893196
151,8,1964.893196
151,10,1931.266987
151,10,1931.266987
151,10,1931.266987
151,11,1923.062406
151,11,1923.062406
151,11,1923.062406
152,6,1997.419695
152,6,1997.419695
152,6,1997.419695
152,6,1997.419695
152,6,1997.419695
152,6,1997.419695
152,6,1997.419695
152,6,1997.419695
152,6,1997.419695
152,6,1997.419695
152,6,1997.419695
152,6,1997.419695
152,7,1983.171220
152,7,1983.171220
152,7,1983.171220
152,7,1983.171220
152,8,1964.893196
152,8,1964.893196
152,8,1964.893196
152,8,1964.893196
152,10,1931.266987
152,10,1931.266987
152,10,1931.266987
152,10,1931.266987
152,11,1923.062406
152,11,1923.062406
152,11,1923.062406
152,11,1923.062406
153,6,1995.542648
153,7,1980.608519
153,8,1964.858692
153,10,1931.266987
153,10,1931.266987
153,10,1931.266987
153,10,1931.266987
153,11,1923.062406
153,11,1923.062406
153,11,1923.062406
154,6,1995.536343
154,7,1980.608519
154,7,1980.608519
154,7,1980.608519
154,8,1964.858692
154,8,1964.858692
154,8,1964.858692
154,10,1930.918281
154,11,1923.062406
154,11,1923.062406
154,11,1923.062406
154,11,1923.062406
154,11,1923.062406
154,11,1923.062406
155,6,1994.759709
155,7,1980.285743
155,8,1964.841559
155,10,1930.918281
155,10,1930.918281
155,10,1930.918281
155,11,1923.062406
155,11,1923.062406
155,11,1923.062406
155,11,1923.062406
155,11,1923.062406
155,11,1923.062406
155,11,1923.062406
155,11,1923.062406
155,11,1923.062406
155,11,1923.062406
155,11,1923.062406
155,11,1923.062406
155,11,1923.062406
156,6,1994.759709
156,6,1994.759709
156,7,1979.907551
156,8,1963.512705
156,10,1923.979747
156,11,1922.925797
157,6,1994.759709
157,6,1994.759709
157,6,1994.759709
157,6,1994.759709
157,7,1979.907551
157,7,1979.907551
157,8,1963.512705
157,8,1963.512705
157,10,1923.979747
157,10,1923.979747
157,11,1922.925797
157,11,1922.925797
158,6,1994.759709
158,6,1994.759709
158,6,1994.759709
158,6,1994.759709
158,6,1994.759709
158,6,1994.759709
158,7,1979.907551
158,7,1979.907551
158,7,1979.907551
158,8,1963.512705
158,8,1963.512705
158,8,1963.512705
158,10,1923.979747
158,10,1923.979747
158,10,1923.979747
158,11,1922.925797
158,11,1922.925797
158,11,1922.925797
159,6,1994.759709
159,6,1994.759709
159,6,1994.759709
159,6,1994.759709
159,6,1994.759709
159,6,1994.759709
159,6,1994.759709
159,6,1994.759709
159,7,1979.907551
159,7,1979.907551
159,7,1979.907551
159,7,1979.907551
159,8,1963.512705
159,8,1963.512705
159,8,1963.512705
159,8,1963.512705
159,10,1923.979747
159,10,1923.979747
159,10,1923.979747
159,10,1923.979747
159,11,1922.925797
159,11,1922.925797
159,11,1922.925797
159,11,1922.925797
160,6,1994.714209
160,7,1978.313522
160,8,1963.201493
160,10,1923.979747
160,10,1923.979747
160,11,1922.912542
161,6,1994.714209
161,7,1975.090554
161,8,1963.201493
161,9,1918.517413
162,6,1994.714209
162,6,1994.714209
162,7,1975.090554
162,7,1975.090554
162,8,1963.201493
162,8,1963.201493
162,9,1918.517413
162,9,1918.517413
163,6,1994.714209
163,6,1994.714209
163,6,1994.714209
163,7,1975.090554
163,7,1975.090554
163,7,1975.090554
163,8,1963.201493
163,8,1963.201493
163,8,1963.201493
163,9,1918.517413
163,9,1918.517413
163,9,1918.517413
164,6,1994.714209
164,6,1994.714209
164,6,1994.714209
164,6,1994.714209
164,7,1975.090554
164,7,1975.090554
164,7,1975.090554
164,7,1975.090554
164,8,1963.201493
164,8,1963.201493
164,8,1963.201493
164,8,1963.201493
164,9,1918.517413
164,9,1918.517413
164,9,1918.517413
164,9,1918.517413
165,6,1994.714209
165,6,1994.714209
165,6,1994.714209
165,7,1974.780294
165,8,1962.542039
165,9,1918.270106
166,6,1994.397704
166,7,1974.780294
166,8,1960.799158
166,9,1918.270106
166,9,1918.270106
167,6,1994.397704
167,7,1974.780294
167,8,1960.676315
167,9,1918.069225
168,6,1994.353500
168,7,1974.426432
168,8,1960.159508
168,9,1918.069225
168,9,1918.069225
169,6,1994.353500
169,6,1994.353500
169,6,1994.353500
169,7,1974.426432
169,7,1974.426432
169,7,1974.426432
169,8,1958.224653
169,9,1918.069225
169,9,1918.069225
169,9,1918.069225
169,9,1918.069225
169,9,1918.069225
170,6,1994.353500
170,6,1994.353500
170,6,1994.353500
170,6,1994.353500
170,6,1994.353500
170,6,1994.353500
170,7,1974.426432
170,7,1974.426432
170,7,1974.426432
170,7,1974.426432
170,7,1974.426432
170,7,1974.426432
170,8,1958.224653
170,8,1958.224653
170,9,1918.069225
170,9,1918.069225
170,9,1918.069225
170,9,1918.069225
170,9,1918.069225
170,9,1918.069225
170,9,1918.069225
170,9,1918.069225
170,9,1918.069225
170,9,1918.069225
171,6,1994.353500
171,6,1994.353500
171,6,1994.353500
171,6,1994.353500
171,6,1994.353500
171,6,1994.353500
171,6,1994.353500
171,6,1994.353500
171,6,1994.353500
171,7,1974.426432
171,7,1974.426432
171,7,1974.426432
171,7,1974.426432
171,7,1974.426432
171,7,1974.426432
171,7,1974.426432
171,7,1974.426432
171,7,1974.426432
171,8,1958.224653
171,8,1958.224653
171,8,1958.224653
171,9,1918.069225
171,9,1918.069225
171,9,1918.069225
171,9,1918.069225
171,9,1918.069225
171,9,1918.069225
171,9,1918.069225
171,9,1918.069225
171,9,1918.069225
171,9,1918.069225
171,9,1918.069225
171,9,1918.069225
171,9,1918.069225
171,9,1918.069225
171,9,1918.069225
172,6,1994.353500
172,6,1994.353500
172,6,1994.353500
172,6,1994.353500
172,6,1994.353500
172,6,1994.353500
172,6,1994.353500
172,6,1994.353500
172,6,1994.353500
172,7,1973.747183
172,8,1958.224653
172,8,1958.224653
172,8,1958.224653
172,8,1958.224653
172,9,1916.562496
173,6,1993.747561
173,7,1973.732261
173,8,1958.224653
173,8,1958.224653
173,8,1958.224653
173,8,1958.224653
173,8,1958.224653
173,8,1958.224653
173,8,1958.224653
173,8,1958.224653
173,8,1958.224653
173,9,1914.146361
174,6,1993.747561
174,6,1993.747561
174,7,1973.732261
174,7,1973.732261
174,8,1958.224653
174,8,1958.224653
174,8,1958.224653
174,8,1958.224653
174,8,1958.224653
174,8,1958.224653
174,8,1958.224653
174,8,1958.224653
174,8,1958.224653
174,8,1958.224653
174,8,1958.224653
174,8,1958.224653
174,8,1958.224653
174,8,1958.224653
174,8,1958.224653
174,8,1958.224653
174,8,1958.224653
174,8,1958.224653
174,9,1914.146361
174,9,1914.146361
175,6,1993.747561
175,6,1993.747561
175,6,1993.747561
175,7,1973.732261
175,7,1973.732261
175,7,1973.732261
175,8,1958.224653
175,8,1958.224653
175,8,1958.224653
175,8,1958.224653
175,8,1958.224653
175,8,1958.224653
175,8,1958.224653
175,8,1958.224653
175,8,1958.224653
175,8,1958.224653
175,8,1958.224653
175,8,1958.224653
175,8,1958.224653
175,8,1958.224653
175,8,1958.224653
175,8,1958.224653
175,8,1958.224653
175,8,1958.224653
175,8,1958.224653
175,8,1958.224653
175,8,1958.224653
175,8,1958.224653
175,8,1958.224653
175,8,1958.224653
175,8,1958.224653
175,8,1958.224653
175,8,1958.224653
175,9,1914.146361
175,9,1914.146361
175,9,1914.146361
176,6,1993.747561
176,6,1993.747561
176,6,1993.747561
176,6,1993.747561
176,7,1973.732261
176,7,1973.732261
176,7,1973.732261
176,7,1973.732261
176,8,1958.224653
176,8,1958.224653
176,8,1958.224653
176,8,1958.224653
176,8,1958.224653
176,8,1958.224653
176,8,1958.224653
176,8,1958.224653
176,8,1958.224653
176,8,1958.224653
176,8,1958.224653
176,8,1958.224653
176,8,1958.224653
176,8,1958.224653
176,8,1958.224653
176,8,1958.224653
176,8,1958.224653
176,8,1958.224653
176,8,1958.224653
176,8,1958.224653
176,8,1958.224653
176,8,1958.224653
176,8,1958.224653
176,8,1958.224653
176,8,1958.224653
176,8,1958.224653
176,8,1958.224653
176,8,1958.224653
176,8,1958.224653
176,8,1958.224653
176,8,1958.224653
176,8,1958.224653
176,8,1958.224653
176,8,1958.224653
176,8,1958.224653
176,8,1958.224653
176,9,1914.146361
176,9,1914.146361
176,9,1914.146361
176,9,1914.146361
177,6,1993.747561
177,6,1993.747561
177,6,1993.747561
177,6,1993.747561
177,7,1972.498043
177,8,1956.429165
177,9,1914.146361
177,9,1914.146361
177,9,1914.146361
177,9,1914.146361
177,9,1914.146361
178,6,1993.747561
178,6,1993.747561
178,6,1993.747561
178,6,1993.747561
178,6,1993.747561
178,6,1993.747561
178,6,1993.747561
178,6,1993.747561
178,7,1972.498043
178,7,1972.498043
178,8,1956.429165
178,8,1956.429165
178,9,1914.146361
178,9,1914.146361
178,9,1914.146361
178,9,1914.146361
178,9,1914.146361
178,9,1914.146361
178,9,1914.146361
178,9,1914.146361
178,9,1914.146361
178,9,1914.146361
179,6,1993.747561
179,6,1993.747561
179,6,1993.747561
179,6,1993.747561
179,6,1993.747561
179,6,1993.747561
179,6,1993.747561
179,6,1993.747561
179,6,1993.747561
179,6,1993.747561
179,6,1993.747561
179,6,1993.747561
179,7,1972.498043
179,7,1972.498043
179,7,1972.498043
179,8,1956.429165
179,8,1956.429165
179,8,1956.429165
179,9,1914.146361
179,9,1914.146361
179,9,1914.146361
179,9,1914.146361
179,9,1914.146361
179,9,1914.146361
179,9,1914.146361
179,9,1914.146361
179,9,1914.146361
179,9,1914.146361
179,9,1914.146361
179,9,1914.146361
179,9,1914.146361
179,9,1914.146361
179,9,1914.146361
180,6,1993.747561
180,6,1993.747561
180,6,1993.747561
180,6,1993.747561
180,6,1993.747561
180,6,1993.747561
180,6,1993.747561
180,6,1993.747561
180,6,1993.747561
180,6,1993.747561
180,6,1993.747561
180,6,1993.747561
180,6,1993.747561
180,6,1993.747561
180,6,1993.747561
180,6,1993.747561
180,7,1972.498043
180,7,1972.498043
180,7,1972.498043
180,7,1972.498043
180,8,1956.429165
180,8,1956.429165
180,8,1956.429165
180,8,1956.429165
180,9,1914.146361
180,9,1914.146361
180,9,1914.146361
180,9,1914.146361
180,9,1914.146361
180,9,1914.146361
180,9,1914.146361
180,9,1914.146361
180,9,1914.146361
180,9,1914.146361
180,9,1914.146361
180,9,1914.146361
180,9,1914.146361
180,9,1914.146361
180,9,1914.146361
180,9,1914.146361
180,9,1914.146361
180,9,1914.146361
180,9,1914.146361
180,9,1914.146361
181,6,1993.747561
181,6,1993.747561
181,6,1993.747561
181,6,1993.747561
181,6,1993.747561
181,6,1993.747561
181,6,1993.747561
181,6,1993.747561
181,6,1993.747561
181,6,1993.747561
181,6,1993.747561
181,6,1993.747561
181,6,1993.747561
181,6,1993.747561
181,7,1972.480037
181,8,1954.164996
181,9,1914.104935
182,6,1991.919615
182,7,1971.346936
182,8,1954.164996
182,8,1954.164996
182,8,1954.164996
182,9,1914.040000
183,6,1989.090769
183,7,1971.346936
183,7,1971.346936
183,7,1971.346936
183,8,1954.164996
183,8,1954.164996
183,8,1954.164996
183,8,1954.164996
183,8,1954.164996
183,8,1954.164996
183,8,1954.164996
183,8,1954.164996
183,8,1954.164996
183,9,1914.040000
183,9,1914.040000
183,9,1914.040000
184,6,1989.090769
184,6,1989.090769
184,7,1971.346936
184,7,1971.346936
184,7,1971.346936
184,7,1971.346936
184,7,1971.346936
184,7,1971.346936
184,8,1954.164996
184,8,1954.164996
184,8,1954.164996
184,8,1954.164996
184,8,1954.164996
184,8,1954.164996
184,8,1954.164996
184,8,1954.164996
184,8,1954.164996
184,8,1954.164996
184,8,1954.164996
184,8,1954.164996
184,8,1954.164996
184,8,1954.164996
184,8,1954.164996
184,8,1954.164996
184,8,1954.164996
184,8,1954.164996
184,9,1914.040000
184,9,1914.040000
184,9,1914.040000
184,9,1914.040000
184,9,1914.040000
184,9,1914.040000
185,6,1989.090769
185,6,1989.090769
185,6,1989.090769
185,7,1971.346936
185,7,1971.346936
185,7,1971.346936
185,7,1971.346936
185,7,1971.346936
185,7,1971.346936
185,7,1971.346936
185,7,1971.346936
185,7,1971.346936
185,8,1954.164996
185,8,1954.164996
185,8,1954.164996
185,8,1954.164996
185,8,1954.164996
185,8,1954.164996
185,8,1954.164996
185,8,1954.164996
185,8,1954.164996
185,8,1954.164996
185,8,1954.164996
185,8,1954.164996
185,8,1954.164996
185,8,1954.164996
185,8,1954.164996
185,8,1954.164996
185,8,1954.164996
185,8,1954.164996
185,8,1954.164996
185,8,1954.164996
185,8,1954.164996
185,8,1954.164996
185,8,1954.164996
185,8,1954.164996
185,8,1954.164996
185,8,1954.164996
185,8,1954.164996
185,9,1914.040000
185,9,1914.040000
185,9,1914.040000
185,9,1914.040000
185,9,1914.040000
185,9,1914.040000
185,9,1914.040000
185,9,1914.040000
185,9,1914.040000
186,6,1989.090769
186,6,1989.090769
186,6,1989.090769
186,6,1989.090769
186,7,1961.107953
186,8,1954.164996
186,8,1954.164996
186,8,1954.164996
186,8,1954.164996
186,8,1954.164996
186,8,1954.164996
186,8,1954.164996
186,8,1954.164996
186,8,1954.164996
186,8,1954.164996
186,8,1954.164996
186,8,1954.164996
186,8,1954.164996
186,8,1954.164996
186,8,1954.164996
186,8,1954.164996
186,8,1954.164996
186,8,1954.164996
186,8,1954.164996
186,8,1954.164996
186,8,1954.164996
186,8,1954.164996
186,8,1954.164996
186,8,1954.164996
186,8,1954.164996
186,8,1954.164996
186,8,1954.164996
186,8,1954.164996
186,8,1954.164996
186,8,1954.164996
186,8,1954.164996
186,8,1954.164996
186,8,1954.164996
186,8,1954.164996
186,8,1954.164996
186,8,1954.164996
186,9,1914.040000
186,9,1914.040000
186,9,1914.040000
186,9,1914.040000
186,9,1914.040000
186,9,1914.040000
186,9,1914.040000
186,9,1914.040000
186,9,1914.040000
186,9,1914.040000
186,9,1914.040000
186,9,1914.040000
187,6,1989.090769
187,6,1989.090769
187,6,1989.090769
187,6,1989.090769
187,6,1989.090769
187,7,1961.107953
187,7,1961.107953
187,8,1954.164996
187,8,1954.164996
187,8,1954.164996
187,8,1954.164996
187,8,1954.164996
187,8,1954.164996
187,8,1954.164996
187,8,1954.164996
187,8,1954.164996
187,8,1954.164996
187,8,1954.164996
187,8,1954.164996
187,8,1954.164996
187,8,1954.164996
187,8,1954.164996
187,8,1954.164996
187,8,1954.164996
187,8,1954.164996
187,8,1954.164996
187,8,1954.164996
187,8,1954.164996
187,8,1954.164996
187,8,1954.164996
187,8,1954.164996
187,8,1954.164996
187,8,1954.164996
187,8,1954.164996
187,8,1954.164996
187,8,1954.164996
187,8,1954.164996
187,8,1954.164996
187,8,1954.164996
187,8,1954.164996
187,8,1954.164996
187,8,1954.164996
187,8,1954.164996
187,8,1954.164996
187,8,1954.164996
187,8,1954.164996
187,8,1954.164996
187,8,1954.164996
187,8,1954.164996
187,8,1954.164996
187,8,1954.164996
187,8,1954.164996
187,9,1914.040000
187,9,1914.040000
187,9,1914.040000
187,9,1914.040000
187,9,1914.040000
187,9,1914.040000
187,9,1914.040000
187,9,1914.040000
187,9,1914.040000
187,9,1914.040000
187,9,1914.040000
187,9,1914.040000
187,9,1914.040000
187,9,1914.040000
187,9,1914.040000
188,6,1989.090769
188,6,1989.090769
188,6,1989.090769
188,6,1989.090769
188,6,1989.090769
188,6,1989.090769
188,7,1961.107953
188,7,1961.107953
188,7,1961.107953
188,8,1954.164996
188,8,1954.164996
188,8,1954.164996
188,8,1954.164996
188,8,1954.164996
188,8,1954.164996
188,8,1954.164996
188,8,1954.164996
188,8,1954.164996
188,8,1954.164996
188,8,1954.164996
188,8,1954.164996
188,8,1954.164996
188,8,1954.164996
188,8,1954.164996
188,8,1954.164996
188,8,1954.164996
188,8,1954.164996
188,8,1954.164996
188,8,1954.164996
188,8,1954.164996
188,8,1954.164996
188,8,1954.164996
188,8,1954.164996
188,8,1954.164996
188,8,1954.164996
188,8,1954.164996
188,8,1954.164996
188,8,1954.164996
188,8,1954.164996
188,8,1954.164996
188,8,1954.164996
188,8,1954.164996
188,8,1954.164996
188,8,1954.164996
188,8,1954.164996
188,8,1954.164996
188,8,1954.164996
188,8,1954.164996
188,8,1954.164996
188,8,1954.164996
188,8,1954.164996
188,8,1954.164996
188,8,1954.164996
188,8,1954.164996
188,8,1954.164996
188,8,1954.164996
188,8,1954.164996
188,8,1954.164996
188,8,1954.164996
188,8,1954.164996
188,8,1954.164996
188,8,1954.164996
188,8,1954.164996
188,9,1914.040000
188,9,1914.040000
188,9,1914.040000
188,9,1914.040000
188,9,1914.040000
188,9,1914.040000
188,9,1914.040000
188,9,1914.040000
188,9,1914.040000
188,9,1914.040000
188,9,1914.040000
188,9,1914.040000
188,9,1914.040000
188,9,1914.040000
188,9,1914.040000
188,9,1914.040000
188,9,1914.040000
188,9,1914.040000
189,6,1988.821750
189,7,1958.692440
189,8,1954.032942
189,9,1914.040000
189,9,1914.040000
189,9,1914.040000
189,9,1914.040000
189,9,1914.040000
189,9,1914.040000
189,9,1914.040000
189,9,1914.040000
189,9,1914.040000
189,9,1914.040000
189,9,1914.040000
189,9,1914.040000
189,9,1914.040000
190,6,1988.821750
190,6,1988.821750
190,7,1958.692440
190,7,1958.692440
190,7,1958.692440
190,8,1954.032942
190,8,1954.032942
190,8,1954.032942
190,9,1912.248285
191,6,1988.821750
191,6,1988.821750
191,6,1988.821750
191,6,1988.821750
191,7,1958.655221
191,8,1954.030586
191,9,1912.248285
192,6,1988.821750
192,6,1988.821750
192,6,1988.821750
192,6,1988.821750
192,6,1988.821750
192,6,1988.821750
192,6,1988.821750
192,6,1988.821750
192,6,1988.821750
192,7,1958.655221
192,7,1958.655221
192,7,1958.655221
192,8,1954.030586
192,9,1912.248285
193,6,1988.821750
193,6,1988.821750
193,6,1988.821750
193,6,1988.821750
193,6,1988.821750
193,6,1988.821750
193,6,1988.821750
193,6,1988.821750
193,6,1988.821750
193,6,1988.821750
193,6,1988.821750
193,6,1988.821750
193,6,1988.821750
193,6,1988.821750
193,6,1988.821750
193,6,1988.821750
193,6,1988.821750
193,6,1988.821750
193,6,1988.821750
193,6,1988.821750
193,6,1988.821750
193,6,1988.821750
193,6,1988.821750
193,7,1958.655221
193,7,1958.655221
193,7,1958.655221
193,7,1958.655221
193,7,1958.655221
193,7,1958.655221
193,7,1958.655221
193,8,1952.542500
193,9,1910.973888
194,6,1988.549319
194,7,1958.446369
194,8,1951.075381
194,9,1910.879100
195,6,1988.549319
195,6,1988.549319
195,7,1958.446369
195,7,1958.446369
195,7,1958.446369
195,8,1950.822909
195,9,1910.879100
195,9,1910.879100
196,6,1988.549319
196,6,1988.549319
196,6,1988.549319
196,7,1957.407872
196,8,1950.822909
196,8,1950.822909
196,9,1910.879100
196,9,1910.879100
196,9,1910.879100
196,9,1910.879100
196,9,1910.879100
197,6,1988.549319
197,6,1988.549319
197,6,1988.549319
197,6,1988.549319
197,6,1988.549319
197,6,1988.549319
197,7,1957.407872
197,7,1957.407872
197,8,1950.822909
197,8,1950.822909
197,8,1950.822909
197,8,1950.822909
197,9,1910.879100
197,9,1910.879100
197,9,1910.879100
197,9,1910.879100
197,9,1910.879100
197,9,1910.879100
197,9,1910.879100
197,9,1910.879100
197,9,1910.879100
197,9,1910.879100
198,6,1988.015777
198,7,1957.407872
198,7,1957.407872
198,7,1957.407872
198,7,1957.407872
198,8,1950.822909
198,8,1950.822909
198,8,1950.822909
198,8,1950.822909
198,8,1950.822909
198,9,1910.879100
198,9,1910.879100
198,9,1910.879100
198,9,1910.879100
198,9,1910.879100
198,9,1910.879100
198,9,1910.879100
198,9,1910.879100
198,9,1910.879100
198,9,1910.879100
198,9,1910.879100
198,9,1910.879100
198,9,1910.879100
198,9,1910.879100
198,9,1910.879100
198,9,1910.879100
199,6,1988.015777
199,6,1988.015777
199,7,1957.260530
199,8,1948.948854
199,9,1910.879100
199,9,1910.879100
199,9,1910.879100
199,9,1910.879100
199,9,1910.879100
199,9,1910.879100
199,9,1910.879100
199,9,1910.879100
199,9,1910.879100
199,9,1910.879100
199,9,1910.879100
199,9,1910.879100
199,9,1910.879100
199,9,1910.879100
199,9,1910.879100
199,9,1910.879100
199,9,1910.879100
199,9,1910.879100
199,9,1910.879100
199,9,1910.879100
199,9,1910.879100
199,9,1910.879100
199,9,1910.879100
199,9,1910.879100
199,9,1910.879100
199,9,1910.879100
199,9,1910.879100
199,9,1910.879100
199,9,1910.879100
199,9,1910.879100
199,9,1910.879100
199,9,1910.879100
199,9,1910.879100
199,9,1910.879100
199,9,1910.879100
200,6,1988.015777
200,6,1988.015777
200,6,1988.015777
200,6,1988.015777
200,6,1988.015777
200,7,1957.260530
200,7,1957.260530
200,8,1948.948854
200,8,1948.948854
200,8,1948.948854
200,9,1910.879100
200,9,1910.879100
200,9,1910.879100
200,9,1910.879100
200,9,1910.879100
200,9,1910.879100
200,9,1910.879100
200,9,1910.879100
200,9,1910.879100
200,9,1910.879100
200,9,1910.879100
200,9,1910.879100
200,9,1910.879100
200,9,1910.879100
200,9,1910.879100
200,9,1910.879100
200,9,1910.879100
200,9,1910.879100
200,9,1910.879100
200,9,1910.879100
200,9,1910.879100
200,9,1910.879100
200,9,1910.879100
200,9,1910.879100
200,9,1910.879100
200,9,1910.879100
200,9,1910.879100
200,9,1910.879100
200,9,1910.879100
200,9,1910.879100
200,9,1910.879100
200,9,1910.879100
200,9,1910.879100
200,9,1910.879100
200,9,1910.879100
200,9,1910.879100
200,9,1910.879100
200,9,1910.879100
200,9,1910.879100
200,9,1910.879100
200,9,1910.879100
200,9,1910.879100
200,9,1910.879100
200,9,1910.879100
200,9,1910.879100
200,9,1910.879100
200,9,1910.879100
200,9,1910.879100
200,9,1910.879100
200,9,1910.879100
200,9,1910.879100
200,9,1910.879100
200,9,1910.879100
200,9,1910.879100
200,9,1910.879100
200,9,1910.879100
200,9,1910.879100
200,9,1910.879100
200,9,1910.879100
200,9,1910.879100
200,9,1910.879100
200,9,1910.879100
200,9,1910.879100
200,9,1910.879100
200,9,1910.879100
200,9,1910.879100
200,9,1910.879100
200,9,1910.879100
200,9,1910.879100
200,9,1910.879100
200,9,1910.879100
200,9,1910.879100
200,9,1910.879100
200,9,1910.879100
200,9,1910.879100
200,9,1910.879100
200,9,1910.879100
200,9,1910.879100
200,9,1910.879100
201,6,1987.519735
201,7,1956.931359
201,8,1948.948854
201,8,1948.948854
201,8,1948.948854
201,8,1948.948854
201,8,1948.948854
201,8,1948.948854
201,8,1948.948854
201,9,1910.441991
202,6,1987.519735
202,7,1956.870540
202,8,1948.948854
202,8,1948.948854
202,8,1948.948854
202,8,1948.948854
202,8,1948.948854
202,8,1948.948854
202,8,1948.948854
202,8,1948.948854
202,8,1948.948854
202,8,1948.948854
202,8,1948.948854
202,8,1948.948854
202,8,1948.948854
202,8,1948.948854
202,8,1948.948854
202,8,1948.948854
202,8,1948.948854
202,8,1948.948854
202,8,1948.948854
202,9,1910.441991
202,9,1910.441991
203,6,1987.519735
203,6,1987.519735
203,7,1956.870540
203,7,1956.870540
203,7,1956.870540
203,8,1948.948854
203,8,1948.948854
203,8,1948.948854
203,8,1948.948854
203,8,1948.948854
203,8,1948.948854
203,8,1948.948854
203,8,1948.948854
203,8,1948.948854
203,8,1948.948854
203,8,1948.948854
203,8,1948.948854
203,8,1948.948854
203,8,1948.948854
203,8,1948.948854
203,8,1948.948854
203,8,1948.948854
203,8,1948.948854
203,8,1948.948854
203,8,1948.948854
203,8,1948.948854
203,8,1948.948854
203,8,1948.948854
203,8,1948.948854
203,8,1948.948854
203,8,1948.948854
203,8,1948.948854
203,8,1948.948854
203,8,1948.948854
203,8,1948.948854
203,8,1948.948854
203,8,1948.948854
203,8,1948.948854
203,8,1948.948854
203,8,1948.948854
203,8,1948.948854
203,8,1948.948854
203,8,1948.948854
203,8,1948.948854
203,8,1948.948854
203,8,1948.948854
203,8,1948.948854
203,8,1948.948854
203,8,1948.948854
203,8,1948.948854
203,8,1948.948854
203,8,1948.948854
203,8,1948.948854
203,8,1948.948854
203,9,1910.441991
203,9,1910.441991
203,9,1910.441991
204,6,1987.519735
204,6,1987.519735
204,6,1987.519735
204,6,1987.519735
204,7,1956.801664
204,8,1945.321861
204,9,1910.441991
204,9,1910.441991
204,9,1910.441991
204,9,1910.441991
204,9,1910.441991
204,9,1910.441991
204,9,1910.441991
204,9,1910.441991
204,9,1910.441991
205,6,1987.519735
205,6,1987.519735
205,6,1987.519735
205,6,1987.519735
205,6,1987.519735
205,6,1987.519735
205,6,1987.519735
205,6,1987.519735
205,7,1956.801664
205,7,1956.801664
205,8,1945.321861
205,8,1945.321861
205,9,1910.441991
205,9,1910.441991
205,9,1910.441991
205,9,1910.441991
205,9,1910.441991
205,9,1910.441991
205,9,1910.441991
205,9,1910.441991
205,9,1910.441991
205,9,1910.441991
205,9,1910.441991
205,9,1910.441991
205,9,1910.441991
205,9,1910.441991
205,9,1910.441991
205,9,1910.441991
205,9,1910.441991
205,9,1910.441991
206,6,1987.519735
206,6,1987.519735
206,6,1987.519735
206,6,1987.519735
206,6,1987.519735
206,6,1987.519735
206,6,1987.519735
206,6,1987.519735
206,6,1987.519735
206,6,1987.519735
206,6,1987.519735
206,6,1987.519735
206,7,1956.801664
206,7,1956.801664
206,7,1956.801664
206,8,1945.321861
206,8,1945.321861
206,8,1945.321861
206,9,1910.441991
206,9,1910.441991
206,9,1910.441991
206,9,1910.441991
206,9,1910.441991
206,9,1910.441991
206,9,1910.441991
206,9,1910.441991
206,9,1910.441991
206,9,1910.441991
206,9,1910.441991
206,9,1910.441991
206,9,1910.441991
206,9,1910.441991
206,9,1910.441991
206,9,1910.441991
206,9,1910.441991
206,9,1910.441991
206,9,1910.441991
206,9,1910.441991
206,9,1910.441991
206,9,1910.441991
206,9,1910.441991
206,9,1910.441991
206,9,1910.441991
206,9,1910.441991
206,9,1910.441991
207,6,1987.519735
207,6,1987.519735
207,6,1987.519735
207,6,1987.519735
207,6,1987.519735
207,6,1987.519735
207,6,1987.519735
207,6,1987.519735
207,6,1987.519735
207,6,1987.519735
207,6,1987.519735
207,6,1987.519735
207,6,1987.519735
207,6,1987.519735
207,6,1987.519735
207,6,1987.519735
207,7,1956.801664
207,7,1956.801664
207,7,1956.801664
207,7,1956.801664
207,8,1945.321861
207,8,1945.321861
207,8,1945.321861
207,8,1945.321861
207,9,1910.441991
207,9,1910.441991
207,9,1910.441991
207,9,1910.441991
207,9,1910.441991
207,9,1910.441991
207,9,1910.441991
207,9,1910.441991
207,9,1910.441991
207,9,1910.441991
207,9,1910.441991
207,9,1910.441991
207,9,1910.441991
207,9,1910.441991
207,9,1910.441991
207,9,1910.441991
207,9,1910.441991
207,9,1910.441991
207,9,1910.441991
207,9,1910.441991
207,9,1910.441991
207,9,1910.441991
207,9,1910.441991
207,9,1910.441991
207,9,1910.441991
207,9,1910.441991
207,9,1910.441991
207,9,1910.441991
207,9,1910.441991
207,9,1910.441991
207,9,1910.441991
207,9,1910.441991
207,9,1910.441991
207,9,1910.441991
207,9,1910.441991
207,9,1910.441991
208,6,1987.362246
208,7,1956.801664
208,7,1956.801664
208,7,1956.801664
208,7,1956.801664
208,8,1928.855979
208,9,1910.441991
208,9,1910.441991
208,9,1910.441991
208,9,1910.441991
208,9,1910.441991
208,9,1910.441991
208,9,1910.441991
208,9,1910.441991
208,9,1910.441991
208,9,1910.441991
208,9,1910.441991
208,9,1910.441991
208,9,1910.441991
208,9,1910.441991
208,9,1910.441991
208,9,1910.441991
208,9,1910.441991
208,9,1910.441991
208,9,1910.441991
208,9,1910.441991
208,9,1910.441991
208,9,1910.441991
208,9,1910.441991
208,9,1910.441991
208,9,1910.441991
208,9,1910.441991
208,9,1910.441991
208,9,1910.441991
208,9,1910.441991
208,9,1910.441991
208,9,1910.441991
208,9,1910.441991
208,9,1910.441991
208,9,1910.441991
208,9,1910.441991
209,6,1987.362246
209,6,1987.362246
209,7,1956.801664
209,7,1956.801664
209,7,1956.801664
209,7,1956.801664
209,7,1956.801664
209,7,1956.801664
209,7,1956.801664
209,7,1956.801664
209,8,1928.855979
209,8,1928.855979
209,9,1910.441991
209,9,1910.441991
209,9,1910.441991
209,9,1910.441991
209,9,1910.441991
209,9,1910.441991
209,9,1910.441991
209,9,1910.441991
209,9,1910.441991
209,9,1910.441991
209,9,1910.441991
209,9,1910.441991
209,9,1910.441991
209,9,1910.441991
209,9,1910.441991
209,9,1910.441991
209,9,1910.441991
209,9,1910.441991
209,9,1910.441991
209,9,1910.441991
209,9,1910.441991
209,9,1910.441991
209,9,1910.441991
209,9,1910.441991
209,9,1910.441991
209,9,1910.441991
209,9,1910.441991
209,9,1910.441991
209,9,1910.441991
209,9,1910.441991
209,9,1910.441991
209,9,1910.441991
209,9,1910.441991
209,9,1910.441991
209,9,1910.441991
209,9,1910.441991
209,9,1910.441991
209,9,1910.441991
209,9,1910.441991
209,9,1910.441991
209,9,1910.441991
209,9,1910.441991
209,9,1910.441991
209,9,1910.441991
209,9,1910.441991
209,9,1910.441991
209,9,1910.441991
209,9,1910.441991
209,9,1910.441991
209,9,1910.441991
209,9,1910.441991
209,9,1910.441991
209,9,1910.441991
209,9,1910.441991
209,9,1910.441991
209,9,1910.441991
209,9,1910.441991
209,9,1910.441991
209,9,1910.441991
209,9,1910.441991
209,9,1910.441991
209,9,1910.441991
209,9,1910.441991
209,9,1910.441991
209,9,1910.441991
209,9,1910.441991
209,9,1910.441991
209,9,1910.441991
209,9,1910.441991
209,9,1910.441991
210,6,1987.362246
210,6,1987.362246
210,6,1987.362246
210,7,1956.801664
210,7,1956.801664
210,7,1956.801664
210,7,1956.801664
210,7,1956.801664
210,7,1956.801664
210,7,1956.801664
210,7,1956.801664
210,7,1956.801664
210,7,1956.801664
210,7,1956.801664
210,7,1956.801664
210,8,1928.855979
210,8,1928.855979
210,8,1928.855979
210,9,1910.441991
210,9,1910.441991
210,9,1910.441991
210,9,1910.441991
210,9,1910.441991
210,9,1910.441991
210,9,1910.441991
210,9,1910.441991
210,9,1910.441991
210,9,1910.441991
210,9,1910.441991
210,9,1910.441991
210,9,1910.441991
210,9,1910.441991
210,9,1910.441991
210,9,1910.441991
210,9,1910.441991
210,9,1910.441991
210,9,1910.441991
210,9,1910.441991
210,9,1910.441991
210,9,1910.441991
210,9,1910.441991
210,9,1910.441991
210,9,1910.441991
210,9,1910.441991
210,9,1910.441991
210,9,1910.441991
210,9,1910.441991
210,9,1910.441991
210,9,1910.441991
210,9,1910.441991
210,9,1910.441991
210,9,1910.441991
210,9,1910.441991
210,9,1910.441991
210,9,1910.441991
210,9,1910.441991
210,9,1910.441991
210,9,1910.441991
210,9,1910.441991
210,9,1910.441991
210,9,1910.441991
210,9,1910.441991
210,9,1910.441991
210,9,1910.441991
210,9,1910.441991
210,9,1910.441991
210,9,1910.441991
210,9,1910.441991
210,9,1910.441991
210,9,1910.441991
210,9,1910.441991
210,9,1910.441991
210,9,1910.441991
210,9,1910.441991
210,9,1910.441991
210,9,1910.441991
210,9,1910.441991
210,9,1910.441991
210,9,1910.441991
210,9,1910.441991
210,9,1910.441991
210,9,1910.441991
210,9,1910.441991
210,9,1910.441991
210,9,1910.441991
210,9,1910.441991
210,9,1910.441991
210,9,1910.441991
210,9,1910.441991
210,9,1910.441991
210,9,1910.441991
210,9,1910.441991
210,9,1910.441991
210,9,1910.441991
210,9,1910.441991
210,9,1910.441991
210,9,1910.441991
210,9,1910.441991
210,9,1910.441991
210,9,1910.441991
210,9,1910.441991
210,9,1910.441991
210,9,1910.441991
210,9,1910.441991
210,9,1910.441991
210,9,1910.441991
210,9,1910.441991
210,9,1910.441991
210,9,1910.441991
210,9,1910.441991
210,9,1910.441991
210,9,1910.441991
210,9,1910.441991
210,9,1910.441991
210,9,1910.441991
210,9,1910.441991
210,9,1910.441991
210,9,1910.441991
210,9,1910.441991
210,9,1910.441991
210,9,1910.441991
210,9,1910.441991
210,9,1910.441991
211,6,1987.362246
211,6,1987.362246
211,6,1987.362246
211,6,1987.362246
211,7,1956.801664
211,7,1956.801664
211,7,1956.801664
211,7,1956.801664
211,7,1956.801664
211,7,1956.801664
211,7,1956.801664
211,7,1956.801664
211,7,1956.801664
211,7,1956.801664
211,7,1956.801664
211,7,1956.801664
211,7,1956.801664
211,7,1956.801664
211,7,1956.801664
211,7,1956.801664
211,8,1928.855979
211,8,1928.855979
211,8,1928.855979
211,8,1928.855979
211,9,1910.441991
211,9,1910.441991
211,9,1910.441991
211,9,1910.441991
211,9,1910.441991
211,9,1910.441991
211,9,1910.441991
211,9,1910.441991
211,9,1910.441991
211,9,1910.441991
211,9,1910.441991
211,9,1910.441991
211,9,1910.441991
211,9,1910.441991
211,9,1910.441991
211,9,1910.441991
211,9,1910.441991
211,9,1910.441991
211,9,1910.441991
211,9,1910.441991
211,9,1910.441991
211,9,1910.441991
211,9,1910.441991
211,9,1910.441991
211,9,1910.441991
211,9,1910.441991
211,9,1910.441991
211,9,1910.441991
211,9,1910.441991
211,9,1910.441991
211,9,1910.441991
211,9,1910.441991
211,9,1910.441991
211,9,1910.441991
211,9,1910.441991
211,9,1910.441991
211,9,1910.441991
211,9,1910.441991
211,9,1910.441991
211,9,1910.441991
211,9,1910.441991
211,9,1910.441991
211,9,1910.441991
211,9,1910.441991
211,9,1910.441991
211,9,1910.441991
211,9,1910.441991
211,9,1910.441991
211,9,1910.441991
211,9,1910.441991
211,9,1910.441991
211,9,1910.441991
211,9,1910.441991
211,9,1910.441991
211,9,1910.441991
211,9,1910.441991
211,9,1910.441991
211,9,1910.441991
211,9,1910.441991
211,9,1910.441991
211,9,1910.441991
211,9,1910.441991
211,9,1910.441991
211,9,1910.441991
211,9,1910.441991
211,9,1910.441991
211,9,1910.441991
211,9,1910.441991
211,9,1910.441991
211,9,1910.441991
211,9,1910.441991
211,9,1910.441991
211,9,1910.441991
211,9,1910.441991
211,9,1910.441991
211,9,1910.441991
211,9,1910.441991
211,9,1910.441991
211,9,1910.441991
211,9,1910.441991
211,9,1910.441991
211,9,1910.441991
211,9,1910.441991
211,9,1910.441991
211,9,1910.441991
211,9,1910.441991
211,9,1910.441991
211,9,1910.441991
211,9,1910.441991
211,9,1910.441991
211,9,1910.441991
211,9,1910.441991
211,9,1910.441991
211,9,1910.441991
211,9,1910.441991
211,9,1910.441991
211,9,1910.441991
211,9,1910.441991
211,9,1910.441991
211,9,1910.441991
211,9,1910.441991
211,9,1910.441991
211,9,1910.441991
211,9,1910.441991
211,9,1910.441991
211,9,1910.441991
211,9,1910.441991
211,9,1910.441991
211,9,1910.441991
211,9,1910.441991
211,9,1910.441991
211,9,1910.441991
211,9,1910.441991
211,9,1910.441991
211,9,1910.441991
211,9,1910.441991
211,9,1910.441991
211,9,1910.441991
211,9,1910.441991
211,9,1910.441991
211,9,1910.441991
211,9,1910.441991
211,9,1910.441991
211,9,1910.441991
211,9,1910.441991
211,9,1910.441991
211,9,1910.441991
211,9,1910.441991
211,9,1910.441991
211,9,1910.441991
211,9,1910.441991
211,9,1910.441991
211,9,1910.441991
211,9,1910.441991
211,9,1910.441991
211,9,1910.441991
211,9,1910.441991
211,9,1910.441991
211,9,1910.441991
211,9,1910.441991
212,6,1987.346742
212,7,1956.269847
212,8,1921.471508
212,9,1910.441991
212,9,1910.441991
212,9,1910.441991
212,9,1910.441991
212,9,1910.441991
212,9,1910.441991
212,9,1910.441991
212,9,1910.441991
212,9,1910.441991
212,9,1910.441991
212,9,1910.441991
212,9,1910.441991
212,9,1910.441991
212,9,1910.441991
212,9,1910.441991
212,9,1910.441991
212,9,1910.441991
212,9,1910.441991
212,9,1910.441991
212,9,1910.441991
212,9,1910.441991
212,9,1910.441991
212,9,1910.441991
212,9,1910.441991
212,9,1910.441991
212,9,1910.441991
212,9,1910.441991
212,9,1910.441991
212,9,1910.441991
212,9,1910.441991
212,9,1910.441991
212,9,1910.441991
212,9,1910.441991
212,9,1910.441991
212,9,1910.441991
212,9,1910.441991
212,9,1910.441991
212,9,1910.441991
212,9,1910.441991
212,9,1910.441991
212,9,1910.441991
212,9,1910.441991
212,9,1910.441991
212,9,1910.441991
212,9,1910.441991
212,9,1910.441991
212,9,1910.441991
212,9,1910.441991
212,9,1910.441991
212,9,1910.441991
212,9,1910.441991
212,9,1910.441991
212,9,1910.441991
212,9,1910.441991
212,9,1910.441991
212,9,1910.441991
212,9,1910.441991
212,9,1910.441991
212,9,1910.441991
212,9,1910.441991
212,9,1910.441991
212,9,1910.441991
212,9,1910.441991
212,9,1910.441991
212,9,1910.441991
212,9,1910.441991
212,9,1910.441991
212,9,1910.441991
212,9,1910.441991
212,9,1910.441991
212,9,1910.441991
212,9,1910.441991
212,9,1910.441991
212,9,1910.441991
212,9,1910.441991
212,9,1910.441991
212,9,1910.441991
212,9,1910.441991
212,9,1910.441991
212,9,1910.441991
212,9,1910.441991
212,9,1910.441991
212,9,1910.441991
212,9,1910.441991
212,9,1910.441991
212,9,1910.441991
212,9,1910.441991
212,9,1910.441991
212,9,1910.441991
212,9,1910.441991
212,9,1910.441991
212,9,1910.441991
212,9,1910.441991
212,9,1910.441991
212,9,1910.441991
212,9,1910.441991
212,9,1910.441991
212,9,1910.441991
212,9,1910.441991
212,9,1910.441991
212,9,1910.441991
212,9,1910.441991
212,9,1910.441991
212,9,1910.441991
212,9,1910.441991
212,9,1910.441991
212,9,1910.441991
212,9,1910.441991
212,9,1910.441991
212,9,1910.441991
212,9,1910.441991
212,9,1910.441991
212,9,1910.441991
212,9,1910.441991
212,9,1910.441991
212,9,1910.441991
212,9,1910.441991
212,9,1910.441991
212,9,1910.441991
212,9,1910.441991
212,9,1910.441991
213,6,1987.346742
213,6,1987.346742
213,7,1956.269847
213,7,1956.269847
213,8,1921.471508
213,8,1921.471508
213,9,1910.441991
213,9,1910.441991
213,9,1910.441991
213,9,1910.441991
213,9,1910.441991
213,9,1910.441991
213,9,1910.441991
213,9,1910.441991
213,9,1910.441991
213,9,1910.441991
213,9,1910.441991
213,9,1910.441991
213,9,1910.441991
213,9,1910.441991
213,9,1910.441991
213,9,1910.441991
213,9,1910.441991
213,9,1910.441991
213,9,1910.441991
213,9,1910.441991
213,9,1910.441991
213,9,1910.441991
213,9,1910.441991
213,9,1910.441991
213,9,1910.441991
213,9,1910.441991
213,9,1910.441991
213,9,1910.441991
213,9,1910.441991
213,9,1910.441991
213,9,1910.441991
213,9,1910.441991
213,9,1910.441991
213,9,1910.441991
213,9,1910.441991
213,9,1910.441991
213,9,1910.441991
213,9,1910.441991
213,9,1910.441991
213,9,1910.441991
213,9,1910.441991
213,9,1910.441991
213,9,1910.441991
213,9,1910.441991
213,9,1910.441991
213,9,1910.441991
213,9,1910.441991
213,9,1910.441991
213,9,1910.441991
213,9,1910.441991
213,9,1910.441991
213,9,1910.441991
213,9,1910.441991
213,9,1910.441991
213,9,1910.441991
213,9,1910.441991
213,9,1910.441991
213,9,1910.441991
213,9,1910.441991
213,9,1910.441991
213,9,1910.441991
213,9,1910.441991
213,9,1910.441991
213,9,1910.441991
213,9,1910.441991
213,9,1910.441991
213,9,1910.441991
213,9,1910.441991
213,9,1910.441991
213,9,1910.441991
213,9,1910.441991
213,9,1910.441991
213,9,1910.441991
213,9,1910.441991
213,9,1910.441991
213,9,1910.441991
213,9,1910.441991
213,9,1910.441991
213,9,1910.441991
213,9,1910.441991
213,9,1910.441991
213,9,1910.441991
213,9,1910.441991
213,9,1910.441991
213,9,1910.441991
213,9,1910.441991
213,9,1910.441991
213,9,1910.441991
213,9,1910.441991
213,9,1910.441991
213,9,1910.441991
213,9,1910.441991
213,9,1910.441991
213,9,1910.441991
213,9,1910.441991
213,9,1910.441991
213,9,1910.441991
213,9,1910.441991
213,9,1910.441991
213,9,1910.441991
213,9,1910.441991
213,9,1910.441991
213,9,1910.441991
213,9,1910.441991
213,9,1910.441991
213,9,1910.441991
213,9,1910.441991
213,9,1910.441991
213,9,1910.441991
213,9,1910.441991
213,9,1910.441991
213,9,1910.441991
213,9,1910.441991
213,9,1910.441991
213,9,1910.441991
213,9,1910.441991
213,9,1910.441991
213,9,1910.441991
213,9,1910.441991
213,9,1910.441991
213,9,1910.441991
213,9,1910.441991
213,9,1910.441991
213,9,1910.441991
213,9,1910.441991
213,9,1910.441991
213,9,1910.441991
213,9,1910.441991
213,9,1910.441991
213,9,1910.441991
213,9,1910.441991
213,9,1910.441991
213,9,1910.441991
213,9,1910.441991
213,9,1910.441991
213,9,1910.441991
213,9,1910.441991
213,9,1910.441991
213,9,1910.441991
213,9,1910.441991
213,9,1910.441991
213,9,1910.441991
213,9,1910.441991
213,9,1910.441991
213,9,1910.441991
213,9,1910.441991
213,9,1910.441991
213,9,1910.441991
213,9,1910.441991
213,9,1910.441991
213,9,1910.441991
213,9,1910.441991
213,9,1910.441991
213,9,1910.441991
213,9,1910.441991
213,9,1910.441991
213,9,1910.441991
213,9,1910.441991
213,9,1910.441991
213,9,1910.441991
213,9,1910.441991
213,9,1910.441991
213,9,1910.441991
213,9,1910.441991
213,9,1910.441991
213,9,1910.441991
213,9,1910.441991
213,9,1910.441991
213,9,1910.441991
213,9,1910.441991
213,9,1910.441991
213,9,1910.441991
213,9,1910.441991
213,9,1910.441991
213,9,1910.441991
213,9,1910.441991
213,9,1910.441991
213,9,1910.441991
213,9,1910.441991
213,9,1910.441991
213,9,1910.441991
213,9,1910.441991
213,9,1910.441991
213,9,1910.441991
213,9,1910.441991
213,9,1910.441991
213,9,1910.441991
213,9,1910.441991
213,9,1910.441991
213,9,1910.441991
213,9,1910.441991
213,9,1910.441991
213,9,1910.441991
213,9,1910.441991
213,9,1910.441991
213,9,1910.441991
213,9,1910.441991
213,9,1910.441991
213,9,1910.441991
213,9,1910.441991
213,9,1910.441991
213,9,1910.441991
213,9,1910.441991
213,9,1910.441991
213,9,1910.441991
213,9,1910.441991
213,9,1910.441991
213,9,1910.441991
213,9,1910.441991
213,9,1910.441991
213,9,1910.441991
213,9,1910.441991
213,9,1910.441991
213,9,1910.441991
213,9,1910.441991
213,9,1910.441991
213,9,1910.441991
213,9,1910.441991
213,9,1910.441991
213,9,1910.441991
213,9,1910.441991
213,9,1910.441991
213,9,1910.441991
213,9,1910.441991
213,9,1910.441991
213,9,1910.441991
213,9,1910.441991
213,9,1910.441991
213,9,1910.441991
213,9,1910.441991
213,9,1910.441991
213,9,1910.441991
213,9,1910.441991
213,9,1910.441991
213,9,1910.441991
213,9,1910.441991
213,9,1910.441991
213,9,1910.441991
213,9,1910.441991
213,9,1910.441991
213,9,1910.441991
213,9,1910.441991
214,6,1987.346742
214,6,1987.346742
214,6,1987.346742
214,7,1956.269847
214,7,1956.269847
214,7,1956.269847
214,8,1921.471508
214,8,1921.471508
214,8,1921.471508
214,9,1910.441991
214,9,1910.441991
214,9,1910.441991
214,9,1910.441991
214,9,1910.441991
214,9,1910.441991
214,9,1910.441991
214,9,1910.441991
214,9,1910.441991
214,9,1910.441991
214,9,1910.441991
214,9,1910.441991
214,9,1910.441991
214,9,1910.441991
214,9,1910.441991
214,9,1910.441991
214,9,1910.441991
214,9,1910.441991
214,9,1910.441991
214,9,1910.441991
214,9,1910.441991
214,9,1910.441991
214,9,1910.441991
214,9,1910.441991
214,9,1910.441991
214,9,1910.441991
214,9,1910.441991
214,9,1910.441991
214,9,1910.441991
214,9,1910.441991
214,9,1910.441991
214,9,1910.441991
214,9,1910.441991
214,9,1910.441991
214,9,1910.441991
214,9,1910.441991
214,9,1910.441991
214,9,1910.441991
214,9,1910.441991
214,9,1910.441991
214,9,1910.441991
214,9,1910.441991
214,9,1910.441991
214,9,1910.441991
214,9,1910.441991
214,9,1910.441991
214,9,1910.441991
214,9,1910.441991
214,9,1910.441991
214,9,1910.441991
214,9,1910.441991
214,9,1910.441991
214,9,1910.441991
214,9,1910.441991
214,9,1910.441991
214,9,1910.441991
214,9,1910.441991
214,9,1910.441991
214,9,1910.441991
214,9,1910.441991
214,9,1910.441991
214,9,1910.441991
214,9,1910.441991
214,9,1910.441991
214,9,1910.441991
214,9,1910.441991
214,9,1910.441991
214,9,1910.441991
214,9,1910.441991
214,9,1910.441991
214,9,1910.441991
214,9,1910.441991
214,9,1910.441991
214,9,1910.441991
214,9,1910.441991
214,9,1910.441991
214,9,1910.441991
214,9,1910.441991
214,9,1910.441991
214,9,1910.441991
214,9,1910.441991
214,9,1910.441991
214,9,1910.441991
214,9,1910.441991
214,9,1910.441991
214,9,1910.441991
214,9,1910.441991
214,9,1910.441991
214,9,1910.441991
214,9,1910.441991
214,9,1910.441991
214,9,1910.441991
214,9,1910.441991
214,9,1910.441991
214,9,1910.441991
214,9,1910.441991
214,9,1910.441991
214,9,1910.441991
214,9,1910.441991
214,9,1910.441991
214,9,1910.441991
214,9,1910.441991
214,9,1910.441991
214,9,1910.441991
214,9,1910.441991
214,9,1910.441991
214,9,1910.441991
214,9,1910.441991
214,9,1910.441991
214,9,1910.441991
214,9,1910.441991
214,9,1910.441991
214,9,1910.441991
214,9,1910.441991
214,9,1910.441991
214,9,1910.441991
214,9,1910.441991
214,9,1910.441991
214,9,1910.441991
214,9,1910.441991
214,9,1910.441991
214,9,1910.441991
214,9,1910.441991
214,9,1910.441991
214,9,1910.441991
214,9,1910.441991
214,9,1910.441991
214,9,1910.441991
214,9,1910.441991
214,9,1910.441991
214,9,1910.441991
214,9,1910.441991
214,9,1910.441991
214,9,1910.441991
214,9,1910.441991
214,9,1910.441991
214,9,1910.441991
214,9,1910.441991
214,9,1910.441991
214,9,1910.441991
214,9,1910.441991
214,9,1910.441991
214,9,1910.441991
214,9,1910.441991
214,9,1910.441991
214,9,1910.441991
214,9,1910.441991
214,9,1910.441991
214,9,1910.441991
214,9,1910.441991
214,9,1910.441991
214,9,1910.441991
214,9,1910.441991
214,9,1910.441991
214,9,1910.441991
214,9,1910.441991
214,9,1910.441991
214,9,1910.441991
214,9,1910.441991
214,9,1910.441991
214,9,1910.441991
214,9,1910.441991
214,9,1910.441991
214,9,1910.441991
214,9,1910.441991
214,9,1910.441991
214,9,1910.441991
214,9,1910.441991
214,9,1910.441991
214,9,1910.441991
214,9,1910.441991
214,9,1910.441991
214,9,1910.441991
214,9,1910.441991
214,9,1910.441991
214,9,1910.441991
214,9,1910.441991
214,9,1910.441991
214,9,1910.441991
214,9,1910.441991
214,9,1910.441991
214,9,1910.441991
214,9,1910.441991
214,9,1910.441991
214,9,1910.441991
214,9,1910.441991
214,9,1910.441991
214,9,1910.441991
214,9,1910.441991
214,9,1910.441991
214,9,1910.441991
214,9,1910.441991
214,9,1910.441991
214,9,1910.441991
214,9,1910.441991
214,9,1910.441991
214,9,1910.441991
214,9,1910.441991
214,9,1910.441991
214,9,1910.441991
214,9,1910.441991
214,9,1910.441991
214,9,1910.441991
214,9,1910.441991
214,9,1910.441991
214,9,1910.441991
214,9,1910.441991
214,9,1910.441991
214,9,1910.441991
214,9,1910.441991
214,9,1910.441991
214,9,1910.441991
214,9,1910.441991
214,9,1910.441991
214,9,1910.441991
214,9,1910.441991
214,9,1910.441991
214,9,1910.441991
214,9,1910.441991
214,9,1910.441991
214,9,1910.441991
214,9,1910.441991
214,9,1910.441991
214,9,1910.441991
214,9,1910.441991
214,9,1910.441991
214,9,1910.441991
214,9,1910.441991
214,9,1910.441991
214,9,1910.441991
214,9,1910.441991
214,9,1910.441991
214,9,1910.441991
214,9,1910.441991
214,9,1910.441991
214,9,1910.441991
214,9,1910.441991
214,9,1910.441991
214,9,1910.441991
214,9,1910.441991
214,9,1910.441991
214,9,1910.441991
214,9,1910.441991
214,9,1910.441991
214,9,1910.441991
214,9,1910.441991
214,9,1910.441991
214,9,1910.441991
214,9,1910.441991
214,9,1910.441991
214,9,1910.441991
214,9,1910.441991
214,9,1910.441991
214,9,1910.441991
214,9,1910.441991
214,9,1910.441991
214,9,1910.441991
214,9,1910.441991
214,9,1910.441991
214,9,1910.441991
214,9,1910.441991
214,9,1910.441991
214,9,1910.441991
214,9,1910.441991
214,9,1910.441991
214,9,1910.441991
214,9,1910.441991
214,9,1910.441991
214,9,1910.441991
214,9,1910.441991
214,9,1910.441991
214,9,1910.441991
214,9,1910.441991
214,9,1910.441991
214,9,1910.441991
214,9,1910.441991
214,9,1910.441991
214,9,1910.441991
214,9,1910.441991
214,9,1910.441991
214,9,1910.441991
214,9,1910.441991
214,9,1910.441991
214,9,1910.441991
214,9,1910.441991
214,9,1910.441991
214,9,1910.441991
214,9,1910.441991
214,9,1910.441991
214,9,1910.441991
214,9,1910.441991
214,9,1910.441991
214,9,1910.441991
214,9,1910.441991
214,9,1910.441991
214,9,1910.441991
214,9,1910.441991
214,9,1910.441991
214,9,1910.441991
214,9,1910.441991
214,9,1910.441991
214,9,1910.441991
214,9,1910.441991
214,9,1910.441991
214,9,1910.441991
214,9,1910.441991
214,9,1910.441991
214,9,1910.441991
214,9,1910.441991
214,9,1910.441991
214,9,1910.441991
214,9,1910.441991
214,9,1910.441991
214,9,1910.441991
214,9,1910.441991
214,9,1910.441991
214,9,1910.441991
214,9,1910.441991
214,9,1910.441991
214,9,1910.441991
214,9,1910.441991
214,9,1910.441991
214,9,1910.441991
214,9,1910.441991
214,9,1910.441991
214,9,1910.441991
214,9,1910.441991
214,9,1910.441991
214,9,1910.441991
214,9,1910.441991
214,9,1910.441991
214,9,1910.441991
214,9,1910.441991
214,9,1910.441991
214,9,1910.441991
214,9,1910.441991
214,9,1910.441991
214,9,1910.441991
214,9,1910.441991
214,9,1910.441991
214,9,1910.441991
214,9,1910.441991
214,9,1910.441991
214,9,1910.441991
214,9,1910.441991
214,9,1910.441991
214,9,1910.441991
214,9,1910.441991
214,9,1910.441991
214,9,1910.441991
214,9,1910.441991
214,9,1910.441991
214,9,1910.441991
214,9,1910.441991
214,9,1910.441991
214,9,1910.441991
214,9,1910.441991
214,9,1910.441991
214,9,1910.441991
214,9,1910.441991
214,9,1910.441991
214,9,1910.441991
214,9,1910.441991
215,6,1987.346742
215,6,1987.346742
215,6,1987.346742
215,6,1987.346742
215,7,1956.269847
215,7,1956.269847
215,7,1956.269847
215,7,1956.269847
215,8,1921.471508
215,8,1921.471508
215,8,1921.471508
215,8,1921.471508
215,9,1910.441991
215,9,1910.441991
215,9,1910.441991
215,9,1910.441991
215,9,1910.441991
215,9,1910.441991
215,9,1910.441991
215,9,1910.441991
215,9,1910.441991
215,9,1910.441991
215,9,1910.441991
215,9,1910.441991
215,9,1910.441991
215,9,1910.441991
215,9,1910.441991
215,9,1910.441991
215,9,1910.441991
215,9,1910.441991
215,9,1910.441991
215,9,1910.441991
215,9,1910.441991
215,9,1910.441991
215,9,1910.441991
215,9,1910.441991
215,9,1910.441991
215,9,1910.441991
215,9,1910.441991
215,9,1910.441991
215,9,1910.441991
215,9,1910.441991
215,9,1910.441991
215,9,1910.441991
215,9,1910.441991
215,9,1910.441991
215,9,1910.441991
215,9,1910.441991
215,9,1910.441991
215,9,1910.441991
215,9,1910.441991
215,9,1910.441991
215,9,1910.441991
215,9,1910.441991
215,9,1910.441991
215,9,1910.441991
215,9,1910.441991
215,9,1910.441991
215,9,1910.441991
215,9,1910.441991
215,9,1910.441991
215,9,1910.441991
215,9,1910.441991
215,9,1910.441991
215,9,1910.441991
215,9,1910.441991
215,9,1910.441991
215,9,1910.441991
215,9,1910.441991
215,9,1910.441991
215,9,1910.441991
215,9,1910.441991
215,9,1910.441991
215,9,1910.441991
215,9,1910.441991
215,9,1910.441991
215,9,1910.441991
215,9,1910.441991
215,9,1910.441991
215,9,1910.441991
215,9,1910.441991
215,9,1910.441991
215,9,1910.441991
215,9,1910.441991
215,9,1910.441991
215,9,1910.441991
215,9,1910.441991
215,9,1910.441991
215,9,1910.441991
215,9,1910.441991
215,9,1910.441991
215,9,1910.441991
215,9,1910.441991
215,9,1910.441991
215,9,1910.441991
215,9,1910.441991
215,9,1910.441991
215,9,1910.441991
215,9,1910.441991
215,9,1910.441991
215,9,1910.441991
215,9,1910.441991
215,9,1910.441991
215,9,1910.441991
215,9,1910.441991
215,9,1910.441991
215,9,1910.441991
215,9,1910.441991
215,9,1910.441991
215,9,1910.441991
215,9,1910.441991
215,9,1910.441991
215,9,1910.441991
215,9,1910.441991
215,9,1910.441991
215,9,1910.441991
215,9,1910.441991
215,9,1910.441991
215,9,1910.441991
215,9,1910.441991
215,9,1910.441991
215,9,1910.441991
215,9,1910.441991
215,9,1910.441991
215,9,1910.441991
215,9,1910.441991
215,9,1910.441991
215,9,1910.441991
215,9,1910.441991
215,9,1910.441991
215,9,1910.441991
215,9,1910.441991
215,9,1910.441991
215,9,1910.441991
215,9,1910.441991
215,9,1910.441991
215,9,1910.441991
215,9,1910.441991
215,9,1910.441991
215,9,1910.441991
215,9,1910.441991
215,9,1910.441991
215,9,1910.441991
215,9,1910.441991
215,9,1910.441991
215,9,1910.441991
215,9,1910.441991
215,9,1910.441991
215,9,1910.441991
215,9,1910.441991
215,9,1910.441991
215,9,1910.441991
215,9,1910.441991
215,9,1910.441991
215,9,1910.441991
215,9,1910.441991
215,9,1910.441991
215,9,1910.441991
215,9,1910.441991
215,9,1910.441991
215,9,1910.441991
215,9,1910.441991
215,9,1910.441991
215,9,1910.441991
215,9,1910.441991
215,9,1910.441991
215,9,1910.441991
215,9,1910.441991
215,9,1910.441991
215,9,1910.441991
215,9,1910.441991
215,9,1910.441991
215,9,1910.441991
215,9,1910.441991
215,9,1910.441991
215,9,1910.441991
215,9,1910.441991
215,9,1910.441991
215,9,1910.441991
215,9,1910.441991
215,9,1910.441991
215,9,1910.441991
215,9,1910.441991
215,9,1910.441991
215,9,1910.441991
215,9,1910.441991
215,9,1910.441991
215,9,1910.441991
215,9,1910.441991
215,9,1910.441991
215,9,1910.441991
215,9,1910.441991
215,9,1910.441991
215,9,1910.441991
215,9,1910.441991
215,9,1910.441991
215,9,1910.441991
215,9,1910.441991
215,9,1910.441991
215,9,1910.441991
215,9,1910.441991
215,9,1910.441991
215,9,1910.441991
215,9,1910.441991
215,9,1910.441991
215,9,1910.441991
215,9,1910.441991
215,9,1910.441991
215,9,1910.441991
215,9,1910.441991
215,9,1910.441991
215,9,1910.441991
215,9,1910.441991
215,9,1910.441991
215,9,1910.441991
215,9,1910.441991
215,9,1910.441991
215,9,1910.441991
215,9,1910.441991
215,9,1910.441991
215,9,1910.441991
215,9,1910.441991
215,9,1910.441991
215,9,1910.441991
215,9,1910.441991
215,9,1910.441991
215,9,1910.441991
215,9,1910.441991
215,9,1910.441991
215,9,1910.441991
215,9,1910.441991
215,9,1910.441991
215,9,1910.441991
215,9,1910.441991
215,9,1910.441991
215,9,1910.441991
215,9,1910.441991
215,9,1910.441991
215,9,1910.441991
215,9,1910.441991
215,9,1910.441991
215,9,1910.441991
215,9,1910.441991
215,9,1910.441991
215,9,1910.441991
215,9,1910.441991
215,9,1910.441991
215,9,1910.441991
215,9,1910.441991
215,9,1910.441991
215,9,1910.441991
215,9,1910.441991
215,9,1910.441991
215,9,1910.441991
215,9,1910.441991
215,9,1910.441991
215,9,1910.441991
215,9,1910.441991
215,9,1910.441991
215,9,1910.441991
215,9,1910.441991
215,9,1910.441991
215,9,1910.441991
215,9,1910.441991
215,9,1910.441991
215,9,1910.441991
215,9,1910.441991
215,9,1910.441991
215,9,1910.441991
215,9,1910.441991
215,9,1910.441991
215,9,1910.441991
215,9,1910.441991
215,9,1910.441991
215,9,1910.441991
215,9,1910.441991
215,9,1910.441991
215,9,1910.441991
215,9,1910.441991
215,9,1910.441991
215,9,1910.441991
215,9,1910.441991
215,9,1910.441991
215,9,1910.441991
215,9,1910.441991
215,9,1910.441991
215,9,1910.441991
215,9,1910.441991
215,9,1910.441991
215,9,1910.441991
215,9,1910.441991
215,9,1910.441991
215,9,1910.441991
215,9,1910.441991
215,9,1910.441991
215,9,1910.441991
215,9,1910.441991
215,9,1910.441991
215,9,1910.441991
215,9,1910.441991
215,9,1910.441991
215,9,1910.441991
215,9,1910.441991
215,9,1910.441991
215,9,1910.441991
215,9,1910.441991
215,9,1910.441991
215,9,1910.441991
215,9,1910.441991
215,9,1910.441991
215,9,1910.441991
215,9,1910.441991
215,9,1910.441991
215,9,1910.441991
215,9,1910.441991
215,9,1910.441991
215,9,1910.441991
215,9,1910.441991
215,9,1910.441991
215,9,1910.441991
215,9,1910.441991
215,9,1910.441991
215,9,1910.441991
215,9,1910.441991
215,9,1910.441991
215,9,1910.441991
215,9,1910.441991
215,9,1910.441991
215,9,1910.441991
215,9,1910.441991
215,9,1910.441991
215,9,1910.441991
215,9,1910.441991
215,9,1910.441991
215,9,1910.441991
215,9,1910.441991
215,9,1910.441991
215,9,1910.441991
215,9,1910.441991
215,9,1910.441991
215,9,1910.441991
215,9,1910.441991
215,9,1910.441991
215,9,1910.441991
215,9,1910.441991
215,9,1910.441991
215,9,1910.441991
215,9,1910.441991
215,9,1910.441991
215,9,1910.441991
215,9,1910.441991
215,9,1910.441991
215,9,1910.441991
215,9,1910.441991
215,9,1910.441991
215,9,1910.441991
215,9,1910.441991
215,9,1910.441991
215,9,1910.441991
215,9,1910.441991
215,9,1910.441991
215,9,1910.441991
215,9,1910.441991
215,9,1910.441991
215,9,1910.441991
215,9,1910.441991
215,9,1910.441991
215,9,1910.441991
215,9,1910.441991
215,9,1910.441991
215,9,1910.441991
215,9,1910.441991
215,9,1910.441991
215,9,1910.441991
215,9,1910.441991
215,9,1910.441991
215,9,1910.441991
215,9,1910.441991
215,9,1910.441991
215,9,1910.441991
215,9,1910.441991
215,9,1910.441991
215,9,1910.441991
215,9,1910.441991
215,9,1910.441991
215,9,1910.441991
215,9,1910.441991
215,9,1910.441991
215,9,1910.441991
215,9,1910.441991
215,9,1910.441991
215,9,1910.441991
215,9,1910.441991
215,9,1910.441991
215,9,1910.441991
215,9,1910.441991
215,9,1910.441991
215,9,1910.441991
215,9,1910.441991
215,9,1910.441991
215,9,1910.441991
215,9,1910.441991
215,9,1910.441991
215,9,1910.441991
215,9,1910.441991
215,9,1910.441991
215,9,1910.441991
215,9,1910.441991
215,9,1910.441991
215,9,1910.441991
215,9,1910.441991
215,9,1910.441991
215,9,1910.441991
215,9,1910.441991
215,9,1910.441991
215,9,1910.441991
215,9,1910.441991
215,9,1910.441991
215,9,1910.441991
215,9,1910.441991
215,9,1910.441991
215,9,1910.441991
215,9,1910.441991
215,9,1910.441991
215,9,1910.441991
215,9,1910.441991
215,9,1910.441991
215,9,1910.441991
215,9,1910.441991
215,9,1910.441991
215,9,1910.441991
215,9,1910.441991
215,9,1910.441991
215,9,1910.441991
215,9,1910.441991
215,9,1910.441991
215,9,1910.441991
215,9,1910.441991
215,9,1910.441991
215,9,1910.441991
215,9,1910.441991
215,9,1910.441991
215,9,1910.441991
215,9,1910.441991
215,9,1910.441991
215,9,1910.441991
215,9,1910.441991
215,9,1910.441991
215,9,1910.441991
215,9,1910.441991
215,9,1910.441991
215,9,1910.441991
215,9,1910.441991
215,9,1910.441991
215,9,1910.441991
215,9,1910.441991
215,9,1910.441991
215,9,1910.441991
215,9,1910.441991
215,9,1910.441991
215,9,1910.441991
215,9,1910.441991
215,9,1910.441991
215,9,1910.441991
215,9,1910.441991
215,9,1910.441991
215,9,1910.441991
215,9,1910.441991
215,9,1910.441991
215,9,1910.441991
215,9,1910.441991
215,9,1910.441991
215,9,1910.441991
215,9,1910.441991
215,9,1910.441991
215,9,1910.441991
215,9,1910.441991
215,9,1910.441991
215,9,1910.441991
215,9,1910.441991
215,9,1910.441991
215,9,1910.441991
215,9,1910.441991
215,9,1910.441991
215,9,1910.441991
215,9,1910.441991
215,9,1910.441991
215,9,1910.441991
215,9,1910.441991
215,9,1910.441991
215,9,1910.441991
215,9,1910.441991
215,9,1910.441991
215,9,1910.441991
215,9,1910.441991
215,9,1910.441991
216,6,1987.345653
216,7,1956.100871
216,8,1919.803579
216,9,1910.337411
217,6,1987.345653
217,6,1987.345653
217,6,1987.345653
217,7,1956.100871
217,7,1956.100871
217,7,1956.100871
217,8,1919.803579
217,8,1919.803579
217,9,1910.333225
218,6,1986.887881
218,7,1956.100871
218,7,1956.100871
218,7,1956.100871
218,7,1956.100871
218,7,1956.100871
218,7,1956.100871
218,7,1956.100871
218,8,1919.803579
218,8,1919.803579
218,8,1919.803579
218,8,1919.803579
218,8,1919.803579
218,8,1919.803579
218,9,1910.275291
219,6,1984.938949
219,7,1955.049981
219,8,1919.803579
219,8,1919.803579
219,8,1919.803579
219,8,1919.803579
219,8,1919.803579
219,8,1919.803579
219,8,1919.803579
219,8,1919.803579
219,8,1919.803579
219,8,1919.803579
219,8,1919.803579
219,8,1919.803579
219,8,1919.803579
219,8,1919.803579
219,8,1919.803579
219,9,1910.275291
219,9,1910.275291
220,6,1983.914381
220,7,1955.049981
220,7,1955.049981
220,7,1955.049981
220,8,1919.705834
220,9,1910.183386
221,6,1983.895458
221,7,1955.049981
221,7,1955.049981
221,7,1955.049981
221,7,1955.049981
221,7,1955.049981
221,7,1955.049981
221,7,1955.049981
221,7,1955.049981
221,8,1919.705834
221,9,1910.183386
221,9,1910.183386
221,9,1910.183386
222,6,1983.735696
222,7,1954.954888
222,8,1919.277622
222,9,1910.183386
222,9,1910.183386
222,9,1910.183386
222,9,1910.183386
222,9,1910.183386
223,6,1983.735696
223,6,1983.735696
223,7,1939.427092
223,8,1919.142829
223,9,1910.171782
224,6,1983.735696
224,6,1983.735696
224,6,1983.735696
224,6,1983.735696
224,7,1939.427092
224,7,1939.427092
224,8,1919.142829
224,8,1919.142829
224,9,1910.171782
224,9,1910.171782
225,6,1983.735696
225,6,1983.735696
225,6,1983.735696
225,6,1983.735696
225,6,1983.735696
225,6,1983.735696
225,7,1939.427092
225,7,1939.427092
225,7,1939.427092
225,8,1919.142829
225,8,1919.142829
225,8,1919.142829
225,9,1910.171782
225,9,1910.171782
225,9,1910.171782
226,6,1983.735696
226,6,1983.735696
226,6,1983.735696
226,6,1983.735696
226,6,1983.735696
226,6,1983.735696
226,6,1983.735696
226,6,1983.735696
226,7,1939.427092
226,7,1939.427092
226,7,1939.427092
226,7,1939.427092
226,8,1919.142829
226,8,1919.142829
226,8,1919.142829
226,8,1919.142829
226,9,1910.171782
226,9,1910.171782
226,9,1910.171782
226,9,1910.171782
227,6,1983.735696
227,6,1983.735696
227,6,1983.735696
227,6,1983.735696
227,6,1983.735696
227,6,1983.735696
227,6,1983.735696
227,6,1983.735696
227,6,1983.735696
227,7,1939.130607
227,8,1918.926397
227,9,1910.171782
227,9,1910.171782
228,6,1983.735696
228,6,1983.735696
228,6,1983.735696
228,6,1983.735696
228,6,1983.735696
228,6,1983.735696
228,6,1983.735696
228,6,1983.735696
228,6,1983.735696
228,6,1983.735696
228,6,1983.735696
228,6,1983.735696
228,6,1983.735696
228,6,1983.735696
228,6,1983.735696
228,6,1983.735696
228,6,1983.735696
228,6,1983.735696
228,6,1983.735696
228,6,1983.735696
228,6,1983.735696
228,6,1983.735696
228,6,1983.735696
228,7,1938.970828
228,8,1918.408152
228,9,1910.171782
228,9,1910.171782
228,9,1910.171782
228,9,1910.171782
229,6,1983.735696
229,6,1983.735696
229,6,1983.735696
229,6,1983.735696
229,6,1983.735696
229,6,1983.735696
229,6,1983.735696
229,6,1983.735696
229,6,1983.735696
229,6,1983.735696
229,6,1983.735696
229,6,1983.735696
229,6,1983.735696
229,6,1983.735696
229,6,1983.735696
229,6,1983.735696
229,6,1983.735696
229,6,1983.735696
229,6,1983.735696
229,6,1983.735696
229,6,1983.735696
229,6,1983.735696
229,6,1983.735696
229,6,1983.735696
229,6,1983.735696
229,6,1983.735696
229,6,1983.735696
229,6,1983.735696
229,6,1983.735696
229,6,1983.735696
229,6,1983.735696
229,6,1983.735696
229,6,1983.735696
229,6,1983.735696
229,6,1983.735696
229,6,1983.735696
229,6,1983.735696
229,6,1983.735696
229,6,1983.735696
229,6,1983.735696
229,6,1983.735696
229,6,1983.735696
229,6,1983.735696
229,6,1983.735696
229,6,1983.735696
229,6,1983.735696
229,7,1938.970828
229,7,1938.970828
229,8,1918.408152
229,8,1918.408152
229,9,1910.171782
229,9,1910.171782
229,9,1910.171782
229,9,1910.171782
229,9,1910.171782
229,9,1910.171782
229,9,1910.171782
229,9,1910.171782
229,11,1908.536063
230,6,1983.735696
230,6,1983.735696
230,6,1983.735696
230,6,1983.735696
230,6,1983.735696
230,6,1983.735696
230,6,1983.735696
230,6,1983.735696
230,6,1983.735696
230,6,1983.735696
230,6,1983.735696
230,6,1983.735696
230,6,1983.735696
230,6,1983.735696
230,6,1983.735696
230,6,1983.735696
230,6,1983.735696
230,6,1983.735696
230,6,1983.735696
230,6,1983.735696
230,6,1983.735696
230,6,1983.735696
230,6,1983.735696
230,6,1983.735696
230,6,1983.735696
230,6,1983.735696
230,6,1983.735696
230,6,1983.735696
230,6,1983.735696
230,6,1983.735696
230,6,1983.735696
230,6,1983.735696
230,6,1983.735696
230,6,1983.735696
230,6,1983.735696
230,6,1983.735696
230,6,1983.735696
230,6,1983.735696
230,6,1983.735696
230,6,1983.735696
230,6,1983.735696
230,6,1983.735696
230,6,1983.735696
230,6,1983.735696
230,6,1983.735696
230,6,1983.735696
230,6,1983.735696
230,6,1983.735696
230,6,1983.735696
230,6,1983.735696
230,6,1983.735696
230,6,1983.735696
230,6,1983.735696
230,6,1983.735696
230,6,1983.735696
230,6,1983.735696
230,6,1983.735696
230,6,1983.735696
230,6,1983.735696
230,6,1983.735696
230,6,1983.735696
230,6,1983.735696
230,6,1983.735696
230,6,1983.735696
230,6,1983.735696
230,6,1983.735696
230,6,1983.735696
230,6,1983.735696
230,6,1983.735696
230,7,1938.970828
230,7,1938.970828
230,7,1938.970828
230,8,1918.408152
230,8,1918.408152
230,8,1918.408152
230,9,1910.171782
230,9,1910.171782
230,9,1910.171782
230,9,1910.171782
230,9,1910.171782
230,9,1910.171782
230,9,1910.171782
230,9,1910.171782
230,9,1910.171782
230,9,1910.171782
230,9,1910.171782
230,9,1910.171782
230,11,1908.536063
230,11,1908.536063
231,6,1983.735696
231,6,1983.735696
231,6,1983.735696
231,6,1983.735696
231,6,1983.735696
231,6,1983.735696
231,6,1983.735696
231,6,1983.735696
231,6,1983.735696
231,6,1983.735696
231,6,1983.735696
231,6,1983.735696
231,6,1983.735696
231,6,1983.735696
231,6,1983.735696
231,6,1983.735696
231,6,1983.735696
231,6,1983.735696
231,6,1983.735696
231,6,1983.735696
231,6,1983.735696
231,6,1983.735696
231,6,1983.735696
231,6,1983.735696
231,6,1983.735696
231,6,1983.735696
231,6,1983.735696
231,6,1983.735696
231,6,1983.735696
231,6,1983.735696
231,6,1983.735696
231,6,1983.735696
231,6,1983.735696
231,6,1983.735696
231,6,1983.735696
231,6,1983.735696
231,6,1983.735696
231,6,1983.735696
231,6,1983.735696
231,6,1983.735696
231,6,1983.735696
231,6,1983.735696
231,6,1983.735696
231,6,1983.735696
231,6,1983.735696
231,6,1983.735696
231,6,1983.735696
231,6,1983.735696
231,6,1983.735696
231,6,1983.735696
231,6,1983.735696
231,6,1983.735696
231,6,1983.735696
231,6,1983.735696
231,6,1983.735696
231,6,1983.735696
231,6,1983.735696
231,6,1983.735696
231,6,1983.735696
231,6,1983.735696
231,6,1983.735696
231,6,1983.735696
231,6,1983.735696
231,6,1983.735696
231,6,1983.735696
231,6,1983.735696
231,6,1983.735696
231,6,1983.735696
231,6,1983.735696
231,6,1983.735696
231,6,1983.735696
231,6,1983.735696
231,6,1983.735696
231,6,1983.735696
231,6,1983.735696
231,6,1983.735696
231,6,1983.735696
231,6,1983.735696
231,6,1983.735696
231,6,1983.735696
231,6,1983.735696
231,6,1983.735696
231,6,1983.735696
231,6,1983.735696
231,6,1983.735696
231,6,1983.735696
231,6,1983.735696
231,6,1983.735696
231,6,1983.735696
231,6,1983.735696
231,6,1983.735696
231,6,1983.735696
231,7,1938.970828
231,7,1938.970828
231,7,1938.970828
231,7,1938.970828
231,8,1918.408152
231,8,1918.408152
231,8,1918.408152
231,8,1918.408152
231,9,1910.171782
231,9,1910.171782
231,9,1910.171782
231,9,1910.171782
231,9,1910.171782
231,9,1910.171782
231,9,1910.171782
231,9,1910.171782
231,9,1910.171782
231,9,1910.171782
231,9,1910.171782
231,9,1910.171782
231,9,1910.171782
231,9,1910.171782
231,9,1910.171782
231,9,1910.171782
231,11,1908.536063
231,11,1908.536063
231,11,1908.536063
232,6,1983.691926
232,7,1938.370545
232,8,1918.278399
232,9,1910.080217
232,11,1908.536063
232,11,1908.536063
232,11,1908.536063
232,11,1908.536063
232,11,1908.536063
233,6,1983.691926
233,6,1983.691926
233,7,1935.973889
233,8,1918.278399
233,9,1910.080217
233,9,1910.080217
233,11,1908.536063
233,11,1908.536063
233,11,1908.536063
233,11,1908.536063
233,11,1908.536063
233,11,1908.536063
233,11,1908.536063
233,11,1908.536063
233,11,1908.536063
233,11,1908.536063
233,11,1908.536063
233,11,1908.536063
234,6,1983.691926
234,6,1983.691926
234,6,1983.691926
234,7,1935.973889
234,7,1935.973889
234,7,1935.973889
234,8,1918.238420
234,9,1909.469143
234,10,1907.945673
234,11,1905.796980
235,6,1983.691926
235,6,1983.691926
235,6,1983.691926
235,6,1983.691926
235,6,1983.691926
235,6,1983.691926
235,7,1935.973889
235,7,1935.973889
235,7,1935.973889
235,7,1935.973889
235,7,1935.973889
235,7,1935.973889
235,8,1918.238420
235,8,1918.238420
235,9,1909.469143
235,9,1909.469143
235,10,1907.945673
235,10,1907.945673
235,11,1905.796980
235,11,1905.796980
236,6,1983.691926
236,6,1983.691926
236,6,1983.691926
236,6,1983.691926
236,6,1983.691926
236,6,1983.691926
236,6,1983.691926
236,6,1983.691926
236,6,1983.691926
236,7,1935.973889
236,7,1935.973889
236,7,1935.973889
236,7,1935.973889
236,7,1935.973889
236,7,1935.973889
236,7,1935.973889
236,7,1935.973889
236,7,1935.973889
236,8,1918.238420
236,8,1918.238420
236,8,1918.238420
236,9,1909.469143
236,9,1909.469143
236,9,1909.469143
236,10,1907.945673
236,10,1907.945673
236,10,1907.945673
236,11,1905.796980
236,11,1905.796980
236,11,1905.796980
237,6,1983.691926
237,6,1983.691926
237,6,1983.691926
237,6,1983.691926
237,6,1983.691926
237,6,1983.691926
237,6,1983.691926
237,6,1983.691926
237,6,1983.691926
237,6,1983.691926
237,6,1983.691926
237,6,1983.691926
237,7,1935.973889
237,7,1935.973889
237,7,1935.973889
237,7,1935.973889
237,7,1935.973889
237,7,1935.973889
237,7,1935.973889
237,7,1935.973889
237,7,1935.973889
237,7,1935.973889
237,7,1935.973889
237,7,1935.973889
237,8,1918.238420
237,8,1918.238420
237,8,1918.238420
237,8,1918.238420
237,9,1909.469143
237,9,1909.469143
237,9,1909.469143
237,9,1909.469143
237,10,1907.945673
237,10,1907.945673
237,10,1907.945673
237,10,1907.945673
237,11,1905.796980
237,11,1905.796980
237,11,1905.796980
237,11,1905.796980
238,6,1983.658531
238,7,1932.853364
238,8,1918.200729
238,9,1909.338423
238,10,1905.753339
238,11,1904.739391
239,6,1983.658531
239,7,1931.906848
239,8,1918.200729
239,9,1909.331745
239,10,1905.753339
239,10,1905.753339
239,10,1905.753339
239,11,1904.739391
239,11,1904.739391
240,6,1983.658531
240,7,1931.903248
240,8,1918.200729
240,8,1918.200729
240,9,1909.331745
240,9,1909.331745
240,10,1904.697128
241,6,1983.658531
241,6,1983.658531
241,7,1931.903248
241,7,1931.903248
241,8,1918.200729
241,8,1918.200729
241,8,1918.200729
241,8,1918.200729
241,9,1909.331745
241,9,1909.331745
241,9,1909.331745
241,9,1909.331745
241,10,1904.697128
241,10,1904.697128
242,6,1983.658531
242,6,1983.658531
242,6,1983.658531
242,7,1931.903248
242,7,1931.903248
242,7,1931.903248
242,8,1918.200729
242,8,1918.200729
242,8,1918.200729
242,8,1918.200729
242,8,1918.200729
242,8,1918.200729
242,9,1909.331745
242,9,1909.331745
242,9,1909.331745
242,9,1909.331745
242,9,1909.331745
242,9,1909.331745
242,10,1904.697128
242,10,1904.697128
242,10,1904.697128
243,6,1983.658531
243,6,1983.658531
243,6,1983.658531
243,6,1983.658531
243,7,1931.903248
243,7,1931.903248
243,7,1931.903248
243,7,1931.903248
243,8,1918.200729
243,8,1918.200729
243,8,1918.200729
243,8,1918.200729
243,8,1918.200729
243,8,1918.200729
243,8,1918.200729
243,8,1918.200729
243,9,1909.331745
243,9,1909.331745
243,9,1909.331745
243,9,1909.331745
243,9,1909.331745
243,9,1909.331745
243,9,1909.331745
243,9,1909.331745
243,10,1904.697128
243,10,1904.697128
243,10,1904.697128
243,10,1904.697128
244,6,1983.458144
244,7,1930.667415
244,8,1918.078896
244,9,1908.922903
244,10,1904.697128
244,10,1904.697128
244,10,1904.697128
244,10,1904.697128
245,6,1983.458144
245,6,1983.458144
245,7,1929.007040
245,8,1918.078896
245,8,1918.078896
245,8,1918.078896
245,9,1908.922903
245,9,1908.922903
245,9,1908.922903
245,10,1904.697128
245,10,1904.697128
245,10,1904.697128
245,10,1904.697128
245,10,1904.697128
245,10,1904.697128
245,10,1904.697128
245,10,1904.697128
246,6,1983.458144
246,6,1983.458144
246,6,1983.458144
246,6,1983.458144
246,7,1929.007040
246,7,1929.007040
246,8,1918.078896
246,8,1918.078896
246,8,1918.078896
246,8,1918.078896
246,8,1918.078896
246,8,1918.078896
246,9,1908.922903
246,9,1908.922903
246,9,1908.922903
246,9,1908.922903
246,9,1908.922903
246,9,1908.922903
246,10,1904.697128
246,10,1904.697128
246,10,1904.697128
246,10,1904.697128
246,10,1904.697128
246,10,1904.697128
246,10,1904.697128
246,10,1904.697128
246,10,1904.697128
246,10,1904.697128
246,10,1904.697128
246,10,1904.697128
246,10,1904.697128
246,10,1904.697128
246,10,1904.697128
246,10,1904.697128
247,6,1983.458144
247,6,1983.458144
247,6,1983.458144
247,6,1983.458144
247,6,1983.458144
247,6,1983.458144
247,7,1929.007040
247,7,1929.007040
247,7,1929.007040
247,8,1918.078896
247,8,1918.078896
247,8,1918.078896
247,8,1918.078896
247,8,1918.078896
247,8,1918.078896
247,8,1918.078896
247,8,1918.078896
247,8,1918.078896
247,9,1908.922903
247,9,1908.922903
247,9,1908.922903
247,9,1908.922903
247,9,1908.922903
247,9,1908.922903
247,9,1908.922903
247,9,1908.922903
247,9,1908.922903
247,10,1904.697128
247,10,1904.697128
247,10,1904.697128
247,10,1904.697128
247,10,1904.697128
247,10,1904.697128
247,10,1904.697128
247,10,1904.697128
247,10,1904.697128
247,10,1904.697128
247,10,1904.697128
247,10,1904.697128
247,10,1904.697128
247,10,1904.697128
247,10,1904.697128
247,10,1904.697128
247,10,1904.697128
247,10,1904.697128
247,10,1904.697128
247,10,1904.697128
247,10,1904.697128
247,10,1904.697128
247,10,1904.697128
247,10,1904.697128
248,6,1983.458144
248,6,1983.458144
248,6,1983.458144
248,6,1983.458144
248,6,1983.458144
248,7,1928.883635
248,8,1918.007461
248,9,1907.752402
248,10,1904.697128
248,10,1904.697128
248,10,1904.697128
248,10,1904.697128
248,10,1904.697128
248,10,1904.697128
248,10,1904.697128
248,10,1904.697128
248,10,1904.697128
248,10,1904.697128
248,10,1904.697128
248,10,1904.697128
248,10,1904.697128
248,10,1904.697128
248,10,1904.697128
248,10,1904.697128
248,10,1904.697128
248,10,1904.697128
248,10,1904.697128
248,10,1904.697128
248,10,1904.697128
248,10,1904.697128
248,10,1904.697128
248,10,1904.697128
248,10,1904.697128
248,10,1904.697128
248,10,1904.697128
248,10,1904.697128
248,10,1904.697128
248,10,1904.697128
248,10,1904.697128
248,11,1904.608993
249,6,1983.458144
249,6,1983.458144
249,6,1983.458144
249,6,1983.458144
249,6,1983.458144
249,6,1983.458144
249,6,1983.458144
249,6,1983.458144
249,6,1983.458144
249,6,1983.458144
249,7,1928.883635
249,7,1928.883635
249,8,1918.007461
249,8,1918.007461
249,9,1907.752402
249,9,1907.752402
249,10,1904.697128
249,10,1904.697128
249,10,1904.697128
249,10,1904.697128
249,10,1904.697128
249,10,1904.697128
249,10,1904.697128
249,10,1904.697128
249,10,1904.697128
249,10,1904.697128
249,10,1904.697128
249,10,1904.697128
249,10,1904.697128
249,10,1904.697128
249,10,1904.697128
249,10,1904.697128
249,10,1904.697128
249,10,1904.697128
249,10,1904.697128
249,10,1904.697128
249,10,1904.697128
249,10,1904.697128
249,10,1904.697128
249,10,1904.697128
249,10,1904.697128
249,10,1904.697128
249,10,1904.697128
249,10,1904.697128
249,10,1904.697128
249,10,1904.697128
249,10,1904.697128
249,10,1904.697128
249,10,1904.697128
249,10,1904.697128
249,10,1904.697128
249,10,1904.697128
249,10,1904.697128
249,10,1904.697128
249,10,1904.697128
249,10,1904.697128
249,10,1904.697128
249,10,1904.697128
249,10,1904.697128
249,10,1904.697128
249,10,1904.697128
249,10,1904.697128
249,10,1904.697128
249,10,1904.697128
249,10,1904.697128
249,10,1904.697128
249,10,1904.697128
249,10,1904.697128
249,10,1904.697128
249,10,1904.697128
249,10,1904.697128
249,10,1904.697128
249,10,1904.697128
249,10,1904.697128
249,10,1904.697128
249,10,1904.697128
249,10,1904.697128
249,10,1904.697128
249,11,1904.608993
249,11,1904.608993
250,6,1983.458144
250,6,1983.458144
250,6,1983.458144
250,6,1983.458144
250,6,1983.458144
250,6,1983.458144
250,6,1983.458144
250,6,1983.458144
250,6,1983.458144
250,6,1983.458144
250,6,1983.458144
250,6,1983.458144
250,6,1983.458144
250,6,1983.458144
250,6,1983.458144
250,7,1928.883635
250,7,1928.883635
250,7,1928.883635
250,8,1918.007461
250,8,1918.007461
250,8,1918.007461
250,9,1907.752402
250,9,1907.752402
250,9,1907.752402
250,10,1904.697128
250,10,1904.697128
250,10,1904.697128
250,10,1904.697128
250,10,1904.697128
250,10,1904.697128
250,10,1904.697128
250,10,1904.697128
250,10,1904.697128
250,10,1904.697128
250,10,1904.697128
250,10,1904.697128
250,10,1904.697128
250,10,1904.697128
250,10,1904.697128
250,10,1904.697128
250,10,1904.697128
250,10,1904.697128
250,10,1904.697128
250,10,1904.697128
250,10,1904.697128
250,10,1904.697128
250,10,1904.697128
250,10,1904.697128
250,10,1904.697128
250,10,1904.697128
250,10,1904.697128
250,10,1904.697128
250,10,1904.697128
250,10,1904.697128
250,10,1904.697128
250,10,1904.697128
250,10,1904.697128
250,10,1904.697128
250,10,1904.697128
250,10,1904.697128
250,10,1904.697128
250,10,1904.697128
250,10,1904.697128
250,10,1904.697128
250,10,1904.697128
250,10,1904.697128
250,10,1904.697128
250,10,1904.697128
250,10,1904.697128
250,10,1904.697128
250,10,1904.697128
250,10,1904.697128
250,10,1904.697128
250,10,1904.697128
250,10,1904.697128
250,10,1904.697128
250,10,1904.697128
250,10,1904.697128
250,10,1904.697128
250,10,1904.697128
250,10,1904.697128
250,10,1904.697128
250,10,1904.697128
250,10,1904.697128
250,10,1904.697128
250,10,1904.697128
250,10,1904.697128
250,10,1904.697128
250,10,1904.697128
250,10,1904.697128
250,10,1904.697128
250,10,1904.697128
250,10,1904.697128
250,10,1904.697128
250,10,1904.697128
250,10,1904.697128
250,10,1904.697128
250,10,1904.697128
250,10,1904.697128
250,10,1904.697128
250,10,1904.697128
250,10,1904.697128
250,10,1904.697128
250,10,1904.697128
250,10,1904.697128
250,10,1904.697128
250,10,1904.697128
250,10,1904.697128
250,10,1904.697128
250,10,1904.697128
250,10,1904.697128
250,10,1904.697128
250,10,1904.697128
250,10,1904.697128
250,10,1904.697128
250,10,1904.697128
250,10,1904.697128
250,11,1904.608993
250,11,1904.608993
250,11,1904.608993
251,6,1983.458144
251,6,1983.458144
251,6,1983.458144
251,6,1983.458144
251,6,1983.458144
251,6,1983.458144
251,6,1983.458144
251,6,1983.458144
251,6,1983.458144
251,6,1983.458144
251,6,1983.458144
251,6,1983.458144
251,6,1983.458144
251,6,1983.458144
251,6,1983.458144
251,6,1983.458144
251,6,1983.458144
251,6,1983.458144
251,6,1983.458144
251,6,1983.458144
251,7,1928.883635
251,7,1928.883635
251,7,1928.883635
251,7,1928.883635
251,8,1918.007461
251,8,1918.007461
251,8,1918.007461
251,8,1918.007461
251,9,1907.752402
251,9,1907.752402
251,9,1907.752402
251,9,1907.752402
251,10,1904.697128
251,10,1904.697128
251,10,1904.697128
251,10,1904.697128
251,10,1904.697128
251,10,1904.697128
251,10,1904.697128
251,10,1904.697128
251,10,1904.697128
251,10,1904.697128
251,10,1904.697128
251,10,1904.697128
251,10,1904.697128
251,10,1904.697128
251,10,1904.697128
251,10,1904.697128
251,10,1904.697128
251,10,1904.697128
251,10,1904.697128
251,10,1904.697128
251,10,1904.697128
251,10,1904.697128
251,10,1904.697128
251,10,1904.697128
251,10,1904.697128
251,10,1904.697128
251,10,1904.697128
251,10,1904.697128
251,10,1904.697128
251,10,1904.697128
251,10,1904.697128
251,10,1904.697128
251,10,1904.697128
251,10,1904.697128
251,10,1904.697128
251,10,1904.697128
251,10,1904.697128
251,10,1904.697128
251,10,1904.697128
251,10,1904.697128
251,10,1904.697128
251,10,1904.697128
251,10,1904.697128
251,10,1904.697128
251,10,1904.697128
251,10,1904.697128
251,10,1904.697128
251,10,1904.697128
251,10,1904.697128
251,10,1904.697128
251,10,1904.697128
251,10,1904.697128
251,10,1904.697128
251,10,1904.697128
251,10,1904.697128
251,10,1904.697128
251,10,1904.697128
251,10,1904.697128
251,10,1904.697128
251,10,1904.697128
251,10,1904.697128
251,10,1904.697128
251,10,1904.697128
251,10,1904.697128
251,10,1904.697128
251,10,1904.697128
251,10,1904.697128
251,10,1904.697128
251,10,1904.697128
251,10,1904.697128
251,10,1904.697128
251,10,1904.697128
251,10,1904.697128
251,10,1904.697128
251,10,1904.697128
251,10,1904.697128
251,10,1904.697128
251,10,1904.697128
251,10,1904.697128
251,10,1904.697128
251,10,1904.697128
251,10,1904.697128
251,10,1904.697128
251,10,1904.697128
251,10,1904.697128
251,10,1904.697128
251,10,1904.697128
251,10,1904.697128
251,10,1904.697128
251,10,1904.697128
251,10,1904.697128
251,10,1904.697128
251,10,1904.697128
251,10,1904.697128
251,10,1904.697128
251,10,1904.697128
251,10,1904.697128
251,10,1904.697128
251,10,1904.697128
251,10,1904.697128
251,10,1904.697128
251,10,1904.697128
251,10,1904.697128
251,10,1904.697128
251,10,1904.697128
251,10,1904.697128
251,10,1904.697128
251,10,1904.697128
251,10,1904.697128
251,10,1904.697128
251,10,1904.697128
251,10,1904.697128
251,10,1904.697128
251,10,1904.697128
251,10,1904.697128
251,10,1904.697128
251,10,1904.697128
251,10,1904.697128
251,10,1904.697128
251,10,1904.697128
251,10,1904.697128
251,10,1904.697128
251,10,1904.697128
251,10,1904.697128
251,11,1904.608993
251,11,1904.608993
251,11,1904.608993
251,11,1904.608993
252,6,1983.458144
252,6,1983.458144
252,6,1983.458144
252,6,1983.458144
252,6,1983.458144
252,6,1983.458144
252,6,1983.458144
252,6,1983.458144
252,6,1983.458144
252,6,1983.458144
252,6,1983.458144
252,6,1983.458144
252,6,1983.458144
252,6,1983.458144
252,6,1983.458144
252,6,1983.458144
252,6,1983.458144
252,6,1983.458144
252,7,1928.376566
252,8,1918.007461
252,8,1918.007461
252,8,1918.007461
252,9,1907.060151
252,10,1904.371869
253,6,1983.458144
253,6,1983.458144
253,6,1983.458144
253,6,1983.458144
253,6,1983.458144
253,6,1983.458144
253,6,1983.458144
253,6,1983.458144
253,6,1983.458144
253,6,1983.458144
253,6,1983.458144
253,6,1983.458144
253,6,1983.458144
253,6,1983.458144
253,6,1983.458144
253,6,1983.458144
253,6,1983.458144
253,6,1983.458144
253,6,1983.458144
253,6,1983.458144
253,6,1983.458144
253,6,1983.458144
253,6,1983.458144
253,6,1983.458144
253,6,1983.458144
253,6,1983.458144
253,6,1983.458144
253,6,1983.458144
253,6,1983.458144
253,6,1983.458144
253,6,1983.458144
253,6,1983.458144
253,6,1983.458144
253,6,1983.458144
253,6,1983.458144
253,6,1983.458144
253,7,1928.376566
253,7,1928.376566
253,8,1918.007461
253,8,1918.007461
253,8,1918.007461
253,8,1918.007461
253,8,1918.007461
253,8,1918.007461
253,9,1907.060151
253,9,1907.060151
253,10,1904.371869
253,10,1904.371869
254,6,1983.458144
254,6,1983.458144
254,6,1983.458144
254,6,1983.458144
254,6,1983.458144
254,6,1983.458144
254,6,1983.458144
254,6,1983.458144
254,6,1983.458144
254,6,1983.458144
254,6,1983.458144
254,6,1983.458144
254,6,1983.458144
254,6,1983.458144
254,6,1983.458144
254,6,1983.458144
254,6,1983.458144
254,6,1983.458144
254,6,1983.458144
254,6,1983.458144
254,6,1983.458144
254,6,1983.458144
254,6,1983.458144
254,6,1983.458144
254,6,1983.458144
254,6,1983.458144
254,6,1983.458144
254,6,1983.458144
254,6,1983.458144
254,6,1983.458144
254,6,1983.458144
254,6,1983.458144
254,6,1983.458144
254,6,1983.458144
254,6,1983.458144
254,6,1983.458144
254,6,1983.458144
254,6,1983.458144
254,6,1983.458144
254,6,1983.458144
254,6,1983.458144
254,6,1983.458144
254,6,1983.458144
254,6,1983.458144
254,6,1983.458144
254,6,1983.458144
254,6,1983.458144
254,6,1983.458144
254,6,1983.458144
254,6,1983.458144
254,6,1983.458144
254,6,1983.458144
254,6,1983.458144
254,6,1983.458144
254,7,1928.376566
254,7,1928.376566
254,7,1928.376566
254,8,1918.007461
254,8,1918.007461
254,8,1918.007461
254,8,1918.007461
254,8,1918.007461
254,8,1918.007461
254,8,1918.007461
254,8,1918.007461
254,8,1918.007461
254,9,1907.060151
254,9,1907.060151
254,9,1907.060151
254,10,1904.371869
254,10,1904.371869
254,10,1904.371869
255,6,1983.458144
255,6,1983.458144
255,6,1983.458144
255,6,1983.458144
255,6,1983.458144
255,6,1983.458144
255,6,1983.458144
255,6,1983.458144
255,6,1983.458144
255,6,1983.458144
255,6,1983.458144
255,6,1983.458144
255,6,1983.458144
255,6,1983.458144
255,6,1983.458144
255,6,1983.458144
255,6,1983.458144
255,6,1983.458144
255,6,1983.458144
255,6,1983.458144
255,6,1983.458144
255,6,1983.458144
255,6,1983.458144
255,6,1983.458144
255,6,1983.458144
255,6,1983.458144
255,6,1983.458144
255,6,1983.458144
255,6,1983.458144
255,6,1983.458144
255,6,1983.458144
255,6,1983.458144
255,6,1983.458144
255,6,1983.458144
255,6,1983.458144
255,6,1983.458144
255,6,1983.458144
255,6,1983.458144
255,6,1983.458144
255,6,1983.458144
255,6,1983.458144
255,6,1983.458144
255,6,1983.458144
255,6,1983.458144
255,6,1983.458144
255,6,1983.458144
255,6,1983.458144
255,6,1983.458144
255,6,1983.458144
255,6,1983.458144
255,6,1983.458144
255,6,1983.458144
255,6,1983.458144
255,6,1983.458144
255,6,1983.458144
255,6,1983.458144
255,6,1983.458144
255,6,1983.458144
255,6,1983.458144
255,6,1983.458144
255,6,1983.458144
255,6,1983.458144
255,6,1983.458144
255,6,1983.458144
255,6,1983.458144
255,6,1983.458144
255,6,1983.458144
255,6,1983.458144
255,6,1983.458144
255,6,1983.458144
255,6,1983.458144
255,6,1983.458144
255,7,1928.376566
255,7,1928.376566
255,7,1928.376566
255,7,1928.376566
255,8,1918.007461
255,8,1918.007461
255,8,1918.007461
255,8,1918.007461
255,8,1918.007461
255,8,1918.007461
255,8,1918.007461
255,8,1918.007461
255,8,1918.007461
255,8,1918.007461
255,8,1918.007461
255,8,1918.007461
255,9,1907.060151
255,9,1907.060151
255,9,1907.060151
255,9,1907.060151
255,10,1904.371869
255,10,1904.371869
255,10,1904.371869
255,10,1904.371869
256,6,1983.458144
256,6,1983.458144
256,6,1983.458144
256,6,1983.458144
256,6,1983.458144
256,6,1983.458144
256,6,1983.458144
256,6,1983.458144
256,6,1983.458144
256,6,1983.458144
256,6,1983.458144
256,6,1983.458144
256,6,1983.458144
256,6,1983.458144
256,6,1983.458144
256,6,1983.458144
256,6,1983.458144
256,6,1983.458144
256,6,1983.458144
256,6,1983.458144
256,6,1983.458144
256,6,1983.458144
256,6,1983.458144
256,6,1983.458144
256,6,1983.458144
256,6,1983.458144
256,6,1983.458144
256,6,1983.458144
256,6,1983.458144
256,6,1983.458144
256,6,1983.458144
256,6,1983.458144
256,6,1983.458144
256,6,1983.458144
256,6,1983.458144
256,6,1983.458144
256,6,1983.458144
256,6,1983.458144
256,6,1983.458144
256,6,1983.458144
256,6,1983.458144
256,6,1983.458144
256,6,1983.458144
256,6,1983.458144
256,6,1983.458144
256,6,1983.458144
256,6,1983.458144
256,6,1983.458144
256,6,1983.458144
256,6,1983.458144
256,6,1983.458144
256,6,1983.458144
256,6,1983.458144
256,6,1983.458144
256,6,1983.458144
256,6,1983.458144
256,6,1983.458144
256,6,1983.458144
256,6,1983.458144
256,6,1983.458144
256,6,1983.458144
256,6,1983.458144
256,6,1983.458144
256,6,1983.458144
256,6,1983.458144
256,6,1983.458144
256,6,1983.458144
256,6,1983.458144
256,6,1983.458144
256,7,1927.983390
256,8,1918.007461
256,8,1918.007461
256,8,1918.007461
256,8,1918.007461
256,8,1918.007461
256,8,1918.007461
256,8,1918.007461
256,8,1918.007461
256,8,1918.007461
256,8,1918.007461
256,8,1918.007461
256,8,1918.007461
256,8,1918.007461
256,8,1918.007461
256,9,1905.550142
256,10,1904.371869
256,10,1904.371869
257,6,1983.458144
257,6,1983.458144
257,6,1983.458144
257,6,1983.458144
257,6,1983.458144
257,6,1983.458144
257,6,1983.458144
257,6,1983.458144
257,6,1983.458144
257,6,1983.458144
257,6,1983.458144
257,6,1983.458144
257,6,1983.458144
257,6,1983.458144
257,6,1983.458144
257,6,1983.458144
257,6,1983.458144
257,6,1983.458144
257,6,1983.458144
257,6,1983.458144
257,6,1983.458144
257,6,1983.458144
257,6,1983.458144
257,6,1983.458144
257,6,1983.458144
257,6,1983.458144
257,6,1983.458144
257,6,1983.458144
257,6,1983.458144
257,6,1983.458144
257,6,1983.458144
257,6,1983.458144
257,6,1983.458144
257,6,1983.458144
257,6,1983.458144
257,6,1983.458144
257,6,1983.458144
257,6,1983.458144
257,6,1983.458144
257,6,1983.458144
257,6,1983.458144
257,6,1983.458144
257,6,1983.458144
257,6,1983.458144
257,6,1983.458144
257,6,1983.458144
257,6,1983.458144
257,6,1983.458144
257,6,1983.458144
257,6,1983.458144
257,6,1983.458144
257,6,1983.458144
257,6,1983.458144
257,6,1983.458144
257,6,1983.458144
257,6,1983.458144
257,6,1983.458144
257,6,1983.458144
257,6,1983.458144
257,6,1983.458144
257,6,1983.458144
257,6,1983.458144
257,6,1983.458144
257,6,1983.458144
257,6,1983.458144
257,6,1983.458144
257,6,1983.458144
257,6,1983.458144
257,6,1983.458144
257,6,1983.458144
257,6,1983.458144
257,6,1983.458144
257,6,1983.458144
257,6,1983.458144
257,6,1983.458144
257,6,1983.458144
257,6,1983.458144
257,6,1983.458144
257,6,1983.458144
257,6,1983.458144
257,6,1983.458144
257,6,1983.458144
257,6,1983.458144
257,6,1983.458144
257,6,1983.458144
257,6,1983.458144
257,6,1983.458144
257,6,1983.458144
257,6,1983.458144
257,6,1983.458144
257,6,1983.458144
257,6,1983.458144
257,6,1983.458144
257,6,1983.458144
257,6,1983.458144
257,6,1983.458144
257,6,1983.458144
257,6,1983.458144
257,6,1983.458144
257,6,1983.458144
257,6,1983.458144
257,6,1983.458144
257,6,1983.458144
257,6,1983.458144
257,6,1983.458144
257,6,1983.458144
257,7,1927.983390
257,7,1927.983390
257,7,1927.983390
257,8,1918.007461
257,8,1918.007461
257,8,1918.007461
257,8,1918.007461
257,8,1918.007461
257,8,1918.007461
257,8,1918.007461
257,8,1918.007461
257,8,1918.007461
257,8,1918.007461
257,8,1918.007461
257,8,1918.007461
257,8,1918.007461
257,8,1918.007461
257,8,1918.007461
257,8,1918.007461
257,8,1918.007461
257,8,1918.007461
257,8,1918.007461
257,8,1918.007461
257,8,1918.007461
257,8,1918.007461
257,8,1918.007461
257,8,1918.007461
257,8,1918.007461
257,8,1918.007461
257,8,1918.007461
257,8,1918.007461
257,8,1918.007461
257,8,1918.007461
257,8,1918.007461
257,8,1918.007461
257,8,1918.007461
257,8,1918.007461
257,8,1918.007461
257,8,1918.007461
257,9,1905.550142
257,9,1905.550142
257,10,1904.371869
257,10,1904.371869
257,10,1904.371869
258,6,1983.458144
258,6,1983.458144
258,6,1983.458144
258,6,1983.458144
258,6,1983.458144
258,6,1983.458144
258,6,1983.458144
258,6,1983.458144
258,6,1983.458144
258,6,1983.458144
258,6,1983.458144
258,6,1983.458144
258,6,1983.458144
258,6,1983.458144
258,6,1983.458144
258,6,1983.458144
258,6,1983.458144
258,6,1983.458144
258,6,1983.458144
258,6,1983.458144
258,6,1983.458144
258,6,1983.458144
258,6,1983.458144
258,6,1983.458144
258,6,1983.458144
258,6,1983.458144
258,6,1983.458144
258,6,1983.458144
258,6,1983.458144
258,6,1983.458144
258,6,1983.458144
258,6,1983.458144
258,6,1983.458144
258,6,1983.458144
258,6,1983.458144
258,6,1983.458144
258,6,1983.458144
258,6,1983.458144
258,6,1983.458144
258,6,1983.458144
258,6,1983.458144
258,6,1983.458144
258,6,1983.458144
258,6,1983.458144
258,7,1927.958746
258,8,1918.007461
258,8,1918.007461
258,8,1918.007461
258,8,1918.007461
258,8,1918.007461
258,8,1918.007461
258,8,1918.007461
258,8,1918.007461
258,8,1918.007461
258,8,1918.007461
258,8,1918.007461
258,8,1918.007461
258,8,1918.007461
258,8,1918.007461
258,8,1918.007461
258,8,1918.007461
258,8,1918.007461
258,8,1918.007461
258,8,1918.007461
258,8,1918.007461
258,8,1918.007461
258,8,1918.007461
258,8,1918.007461
258,8,1918.007461
258,8,1918.007461
258,8,1918.007461
258,8,1918.007461
258,8,1918.007461
258,8,1918.007461
258,8,1918.007461
258,8,1918.007461
258,8,1918.007461
258,8,1918.007461
258,8,1918.007461
258,8,1918.007461
258,8,1918.007461
258,8,1918.007461
258,8,1918.007461
258,8,1918.007461
258,8,1918.007461
258,8,1918.007461
258,8,1918.007461
258,8,1918.007461
258,8,1918.007461
258,8,1918.007461
258,8,1918.007461
258,8,1918.007461
258,8,1918.007461
258,8,1918.007461
258,8,1918.007461
258,8,1918.007461
258,8,1918.007461
258,8,1918.007461
258,8,1918.007461
258,8,1918.007461
258,8,1918.007461
258,8,1918.007461
258,8,1918.007461
258,8,1918.007461
258,8,1918.007461
258,8,1918.007461
258,8,1918.007461
258,8,1918.007461
258,8,1918.007461
258,8,1918.007461
258,8,1918.007461
258,8,1918.007461
258,8,1918.007461
258,8,1918.007461
258,8,1918.007461
258,8,1918.007461
258,8,1918.007461
258,8,1918.007461
258,8,1918.007461
258,8,1918.007461
258,8,1918.007461
258,8,1918.007461
258,8,1918.007461
258,8,1918.007461
258,8,1918.007461
258,8,1918.007461
258,8,1918.007461
258,8,1918.007461
258,8,1918.007461
258,8,1918.007461
258,8,1918.007461
258,8,1918.007461
258,8,1918.007461
258,8,1918.007461
258,8,1918.007461
258,8,1918.007461
258,8,1918.007461
258,8,1918.007461
258,8,1918.007461
258,8,1918.007461
258,8,1918.007461
258,8,1918.007461
258,8,1918.007461
258,8,1918.007461
258,9,1905.540978
258,10,1904.371869
258,10,1904.371869
258,10,1904.371869
258,10,1904.371869
258,10,1904.371869
259,6,1983.458144
259,6,1983.458144
259,6,1983.458144
259,6,1983.458144
259,6,1983.458144
259,6,1983.458144
259,6,1983.458144
259,6,1983.458144
259,6,1983.458144
259,6,1983.458144
259,6,1983.458144
259,6,1983.458144
259,6,1983.458144
259,6,1983.458144
259,6,1983.458144
259,6,1983.458144
259,6,1983.458144
259,6,1983.458144
259,6,1983.458144
259,6,1983.458144
259,6,1983.458144
259,6,1983.458144
259,6,1983.458144
259,6,1983.458144
259,6,1983.458144
259,6,1983.458144
259,6,1983.458144
259,6,1983.458144
259,6,1983.458144
259,6,1983.458144
259,6,1983.458144
259,6,1983.458144
259,6,1983.458144
259,6,1983.458144
259,6,1983.458144
259,6,1983.458144
259,6,1983.458144
259,6,1983.458144
259,6,1983.458144
259,6,1983.458144
259,6,1983.458144
259,6,1983.458144
259,6,1983.458144
259,6,1983.458144
259,6,1983.458144
259,6,1983.458144
259,6,1983.458144
259,6,1983.458144
259,6,1983.458144
259,6,1983.458144
259,6,1983.458144
259,6,1983.458144
259,6,1983.458144
259,6,1983.458144
259,6,1983.458144
259,6,1983.458144
259,6,1983.458144
259,6,1983.458144
259,6,1983.458144
259,6,1983.458144
259,6,1983.458144
259,6,1983.458144
259,6,1983.458144
259,6,1983.458144
259,6,1983.458144
259,6,1983.458144
259,6,1983.458144
259,6,1983.458144
259,6,1983.458144
259,6,1983.458144
259,6,1983.458144
259,6,1983.458144
259,6,1983.458144
259,6,1983.458144
259,6,1983.458144
259,6,1983.458144
259,6,1983.458144
259,6,1983.458144
259,6,1983.458144
259,6,1983.458144
259,6,1983.458144
259,6,1983.458144
259,6,1983.458144
259,6,1983.458144
259,6,1983.458144
259,6,1983.458144
259,6,1983.458144
259,6,1983.458144
259,6,1983.458144
259,6,1983.458144
259,6,1983.458144
259,6,1983.458144
259,6,1983.458144
259,6,1983.458144
259,6,1983.458144
259,6,1983.458144
259,6,1983.458144
259,6,1983.458144
259,7,1927.773111
259,8,1917.983258
259,9,1905.540978
259,9,1905.540978
259,10,1904.363489
260,6,1983.458144
260,6,1983.458144
260,6,1983.458144
260,6,1983.458144
260,6,1983.458144
260,6,1983.458144
260,6,1983.458144
260,6,1983.458144
260,6,1983.458144
260,6,1983.458144
260,6,1983.458144
260,6,1983.458144
260,6,1983.458144
260,6,1983.458144
260,6,1983.458144
260,6,1983.458144
260,6,1983.458144
260,6,1983.458144
260,6,1983.458144
260,6,1983.458144
260,6,1983.458144
260,6,1983.458144
260,6,1983.458144
260,6,1983.458144
260,6,1983.458144
260,6,1983.458144
260,6,1983.458144
260,6,1983.458144
260,6,1983.458144
260,6,1983.458144
260,6,1983.458144
260,6,1983.458144
260,6,1983.458144
260,6,1983.458144
260,6,1983.458144
260,6,1983.458144
260,6,1983.458144
260,6,1983.458144
260,6,1983.458144
260,6,1983.458144
260,6,1983.458144
260,6,1983.458144
260,6,1983.458144
260,6,1983.458144
260,6,1983.458144
260,6,1983.458144
260,6,1983.458144
260,6,1983.458144
260,6,1983.458144
260,6,1983.458144
260,6,1983.458144
260,6,1983.458144
260,6,1983.458144
260,6,1983.458144
260,6,1983.458144
260,6,1983.458144
260,6,1983.458144
260,6,1983.458144
260,6,1983.458144
260,6,1983.458144
260,6,1983.458144
260,6,1983.458144
260,6,1983.458144
260,6,1983.458144
260,6,1983.458144
260,6,1983.458144
260,6,1983.458144
260,6,1983.458144
260,6,1983.458144
260,6,1983.458144
260,6,1983.458144
260,6,1983.458144
260,6,1983.458144
260,6,1983.458144
260,6,1983.458144
260,6,1983.458144
260,6,1983.458144
260,6,1983.458144
260,6,1983.458144
260,6,1983.458144
260,6,1983.458144
260,6,1983.458144
260,6,1983.458144
260,6,1983.458144
260,6,1983.458144
260,6,1983.458144
260,6,1983.458144
260,6,1983.458144
260,6,1983.458144
260,6,1983.458144
260,6,1983.458144
260,6,1983.458144
260,6,1983.458144
260,6,1983.458144
260,6,1983.458144
260,6,1983.458144
260,6,1983.458144
260,6,1983.458144
260,6,1983.458144
260,6,1983.458144
260,6,1983.458144
260,6,1983.458144
260,6,1983.458144
260,6,1983.458144
260,6,1983.458144
260,6,1983.458144
260,6,1983.458144
260,6,1983.458144
260,6,1983.458144
260,6,1983.458144
260,6,1983.458144
260,6,1983.458144
260,6,1983.458144
260,6,1983.458144
260,6,1983.458144
260,6,1983.458144
260,6,1983.458144
260,6,1983.458144
260,6,1983.458144
260,6,1983.458144
260,6,1983.458144
260,6,1983.458144
260,6,1983.458144
260,6,1983.458144
260,6,1983.458144
260,6,1983.458144
260,6,1983.458144
260,6,1983.458144
260,6,1983.458144
260,6,1983.458144
260,6,1983.458144
260,6,1983.458144
260,6,1983.458144
260,6,1983.458144
260,6,1983.458144
260,6,1983.458144
260,6,1983.458144
260,6,1983.458144
260,6,1983.458144
260,6,1983.458144
260,6,1983.458144
260,6,1983.458144
260,6,1983.458144
260,6,1983.458144
260,6,1983.458144
260,7,1927.655830
260,8,1917.983258
260,8,1917.983258
260,8,1917.983258
260,9,1904.034008
261,6,1983.458144
261,6,1983.458144
261,6,1983.458144
261,6,1983.458144
261,6,1983.458144
261,6,1983.458144
261,6,1983.458144
261,6,1983.458144
261,6,1983.458144
261,6,1983.458144
261,6,1983.458144
261,6,1983.458144
261,6,1983.458144
261,6,1983.458144
261,6,1983.458144
261,6,1983.458144
261,6,1983.458144
261,6,1983.458144
261,6,1983.458144
261,6,1983.458144
261,6,1983.458144
261,6,1983.458144
261,6,1983.458144
261,6,1983.458144
261,6,1983.458144
261,6,1983.458144
261,6,1983.458144
261,6,1983.458144
261,6,1983.458144
261,6,1983.458144
261,6,1983.458144
261,6,1983.458144
261,6,1983.458144
261,6,1983.458144
261,6,1983.458144
261,6,1983.458144
261,6,1983.458144
261,6,1983.458144
261,6,1983.458144
261,6,1983.458144
261,6,1983.458144
261,6,1983.458144
261,6,1983.458144
261,6,1983.458144
261,6,1983.458144
261,6,1983.458144
261,6,1983.458144
261,6,1983.458144
261,6,1983.458144
261,6,1983.458144
261,6,1983.458144
261,6,1983.458144
261,6,1983.458144
261,6,1983.458144
261,6,1983.458144
261,6,1983.458144
261,6,1983.458144
261,6,1983.458144
261,6,1983.458144
261,6,1983.458144
261,6,1983.458144
261,6,1983.458144
261,6,1983.458144
261,6,1983.458144
261,6,1983.458144
261,6,1983.458144
261,6,1983.458144
261,6,1983.458144
261,6,1983.458144
261,6,1983.458144
261,6,1983.458144
261,6,1983.458144
261,6,1983.458144
261,6,1983.458144
261,6,1983.458144
261,6,1983.458144
261,6,1983.458144
261,6,1983.458144
261,6,1983.458144
261,6,1983.458144
261,6,1983.458144
261,6,1983.458144
261,6,1983.458144
261,6,1983.458144
261,6,1983.458144
261,6,1983.458144
261,6,1983.458144
261,6,1983.458144
261,6,1983.458144
261,6,1983.458144
261,6,1983.458144
261,6,1983.458144
261,6,1983.458144
261,6,1983.458144
261,6,1983.458144
261,6,1983.458144
261,6,1983.458144
261,6,1983.458144
261,6,1983.458144
261,6,1983.458144
261,6,1983.458144
261,6,1983.458144
261,6,1983.458144
261,6,1983.458144
261,6,1983.458144
261,6,1983.458144
261,6,1983.458144
261,6,1983.458144
261,6,1983.458144
261,6,1983.458144
261,6,1983.458144
261,6,1983.458144
261,6,1983.458144
261,6,1983.458144
261,6,1983.458144
261,6,1983.458144
261,6,1983.458144
261,6,1983.458144
261,6,1983.458144
261,6,1983.458144
261,6,1983.458144
261,6,1983.458144
261,6,1983.458144
261,6,1983.458144
261,6,1983.458144
261,6,1983.458144
261,6,1983.458144
261,6,1983.458144
261,6,1983.458144
261,6,1983.458144
261,6,1983.458144
261,6,1983.458144
261,6,1983.458144
261,6,1983.458144
261,6,1983.458144
261,6,1983.458144
261,6,1983.458144
261,6,1983.458144
261,6,1983.458144
261,6,1983.458144
261,6,1983.458144
261,6,1983.458144
261,6,1983.458144
261,6,1983.458144
261,6,1983.458144
261,6,1983.458144
261,6,1983.458144
261,6,1983.458144
261,6,1983.458144
261,6,1983.458144
261,6,1983.458144
261,6,1983.458144
261,6,1983.458144
261,6,1983.458144
261,6,1983.458144
261,6,1983.458144
261,6,1983.458144
261,6,1983.458144
261,6,1983.458144
261,6,1983.458144
261,6,1983.458144
261,6,1983.458144
261,6,1983.458144
261,6,1983.458144
261,6,1983.458144
261,6,1983.458144
261,6,1983.458144
261,6,1983.458144
261,6,1983.458144
261,6,1983.458144
261,6,1983.458144
261,6,1983.458144
261,6,1983.458144
261,6,1983.458144
261,6,1983.458144
261,6,1983.458144
261,6,1983.458144
261,6,1983.458144
261,6,1983.458144
261,6,1983.458144
261,6,1983.458144
261,6,1983.458144
261,6,1983.458144
261,6,1983.458144
261,6,1983.458144
261,6,1983.458144
261,6,1983.458144
261,6,1983.458144
261,6,1983.458144
261,6,1983.458144
261,6,1983.458144
261,6,1983.458144
261,6,1983.458144
261,6,1983.458144
261,6,1983.458144
261,6,1983.458144
261,6,1983.458144
261,6,1983.458144
261,6,1983.458144
261,6,1983.458144
261,6,1983.458144
261,6,1983.458144
261,6,1983.458144
261,6,1983.458144
261,6,1983.458144
261,6,1983.458144
261,6,1983.458144
261,6,1983.458144
261,6,1983.458144
261,6,1983.458144
261,6,1983.458144
261,6,1983.458144
261,6,1983.458144
261,6,1983.458144
261,6,1983.458144
261,6,1983.458144
261,6,1983.458144
261,6,1983.458144
261,6,1983.458144
261,6,1983.458144
261,6,1983.458144
261,6,1983.458144
261,6,1983.458144
261,6,1983.458144
261,6,1983.458144
261,6,1983.458144
261,6,1983.458144
261,6,1983.458144
261,6,1983.458144
261,6,1983.458144
261,6,1983.458144
261,6,1983.458144
261,6,1983.458144
261,6,1983.458144
261,6,1983.458144
261,6,1983.458144
261,6,1983.458144
261,6,1983.458144
261,6,1983.458144
261,6,1983.458144
261,6,1983.458144
261,6,1983.458144
261,6,1983.458144
261,6,1983.458144
261,6,1983.458144
261,6,1983.458144
261,6,1983.458144
261,6,1983.458144
261,6,1983.458144
261,6,1983.458144
261,6,1983.458144
261,6,1983.458144
261,6,1983.458144
261,6,1983.458144
261,6,1983.458144
261,6,1983.458144
261,6,1983.458144
261,6,1983.458144
261,6,1983.458144
261,6,1983.458144
261,6,1983.458144
261,6,1983.458144
261,6,1983.458144
261,6,1983.458144
261,6,1983.458144
261,6,1983.458144
261,6,1983.458144
261,6,1983.458144
261,6,1983.458144
261,6,1983.458144
261,6,1983.458144
261,6,1983.458144
261,6,1983.458144
261,6,1983.458144
261,6,1983.458144
261,6,1983.458144
261,6,1983.458144
261,6,1983.458144
261,6,1983.458144
261,6,1983.458144
261,6,1983.458144
261,6,1983.458144
261,6,1983.458144
261,6,1983.458144
261,6,1983.458144
261,6,1983.458144
261,6,1983.458144
261,6,1983.458144
261,6,1983.458144
261,6,1983.458144
261,7,1927.655830
261,7,1927.655830
261,8,1917.983258
261,8,1917.983258
261,8,1917.983258
261,8,1917.983258
261,8,1917.983258
261,8,1917.983258
261,9,1904.034008
261,9,1904.034008
262,6,1983.458144
262,6,1983.458144
262,6,1983.458144
262,6,1983.458144
262,6,1983.458144
262,6,1983.458144
262,6,1983.458144
262,6,1983.458144
262,6,1983.458144
262,6,1983.458144
262,6,1983.458144
262,6,1983.458144
262,6,1983.458144
262,6,1983.458144
262,6,1983.458144
262,6,1983.458144
262,6,1983.458144
262,6,1983.458144
262,6,1983.458144
262,6,1983.458144
262,6,1983.458144
262,6,1983.458144
262,6,1983.458144
262,6,1983.458144
262,6,1983.458144
262,6,1983.458144
262,6,1983.458144
262,6,1983.458144
262,6,1983.458144
262,6,1983.458144
262,6,1983.458144
262,6,1983.458144
262,6,1983.458144
262,6,1983.458144
262,6,1983.458144
262,6,1983.458144
262,6,1983.458144
262,6,1983.458144
262,6,1983.458144
262,6,1983.458144
262,6,1983.458144
262,6,1983.458144
262,6,1983.458144
262,6,1983.458144
262,6,1983.458144
262,6,1983.458144
262,6,1983.458144
262,6,1983.458144
262,6,1983.458144
262,6,1983.458144
262,6,1983.458144
262,6,1983.458144
262,6,1983.458144
262,6,1983.458144
262,6,1983.458144
262,6,1983.458144
262,6,1983.458144
262,6,1983.458144
262,6,1983.458144
262,6,1983.458144
262,6,1983.458144
262,6,1983.458144
262,6,1983.458144
262,6,1983.458144
262,6,1983.458144
262,6,1983.458144
262,6,1983.458144
262,6,1983.458144
262,6,1983.458144
262,6,1983.458144
262,6,1983.458144
262,6,1983.458144
262,6,1983.458144
262,6,1983.458144
262,6,1983.458144
262,6,1983.458144
262,6,1983.458144
262,6,1983.458144
262,6,1983.458144
262,6,1983.458144
262,6,1983.458144
262,6,1983.458144
262,6,1983.458144
262,6,1983.458144
262,6,1983.458144
262,6,1983.458144
262,6,1983.458144
262,6,1983.458144
262,6,1983.458144
262,6,1983.458144
262,6,1983.458144
262,6,1983.458144
262,6,1983.458144
262,6,1983.458144
262,6,1983.458144
262,6,1983.458144
262,6,1983.458144
262,6,1983.458144
262,6,1983.458144
262,6,1983.458144
262,6,1983.458144
262,6,1983.458144
262,6,1983.458144
262,6,1983.458144
262,6,1983.458144
262,6,1983.458144
262,6,1983.458144
262,6,1983.458144
262,6,1983.458144
262,6,1983.458144
262,6,1983.458144
262,6,1983.458144
262,6,1983.458144
262,6,1983.458144
262,6,1983.458144
262,6,1983.458144
262,6,1983.458144
262,6,1983.458144
262,6,1983.458144
262,6,1983.458144
262,6,1983.458144
262,6,1983.458144
262,6,1983.458144
262,6,1983.458144
262,6,1983.458144
262,6,1983.458144
262,6,1983.458144
262,6,1983.458144
262,6,1983.458144
262,6,1983.458144
262,6,1983.458144
262,6,1983.458144
262,6,1983.458144
262,6,1983.458144
262,6,1983.458144
262,6,1983.458144
262,6,1983.458144
262,6,1983.458144
262,6,1983.458144
262,6,1983.458144
262,6,1983.458144
262,6,1983.458144
262,6,1983.458144
262,6,1983.458144
262,6,1983.458144
262,6,1983.458144
262,6,1983.458144
262,6,1983.458144
262,6,1983.458144
262,6,1983.458144
262,6,1983.458144
262,6,1983.458144
262,6,1983.458144
262,6,1983.458144
262,6,1983.458144
262,6,1983.458144
262,6,1983.458144
262,6,1983.458144
262,6,1983.458144
262,6,1983.458144
262,6,1983.458144
262,6,1983.458144
262,6,1983.458144
262,6,1983.458144
262,6,1983.458144
262,6,1983.458144
262,6,1983.458144
262,6,1983.458144
262,6,1983.458144
262,6,1983.458144
262,6,1983.458144
262,6,1983.458144
262,6,1983.458144
262,6,1983.458144
262,6,1983.458144
262,6,1983.458144
262,6,1983.458144
262,6,1983.458144
262,6,1983.458144
262,6,1983.458144
262,6,1983.458144
262,6,1983.458144
262,6,1983.458144
262,6,1983.458144
262,6,1983.458144
262,6,1983.458144
262,6,1983.458144
262,6,1983.458144
262,6,1983.458144
262,6,1983.458144
262,6,1983.458144
262,6,1983.458144
262,6,1983.458144
262,6,1983.458144
262,6,1983.458144
262,6,1983.458144
262,6,1983.458144
262,6,1983.458144
262,6,1983.458144
262,6,1983.458144
262,6,1983.458144
262,6,1983.458144
262,6,1983.458144
262,6,1983.458144
262,6,1983.458144
262,6,1983.458144
262,6,1983.458144
262,6,1983.458144
262,6,1983.458144
262,6,1983.458144
262,6,1983.458144
262,6,1983.458144
262,6,1983.458144
262,6,1983.458144
262,6,1983.458144
262,6,1983.458144
262,6,1983.458144
262,6,1983.458144
262,6,1983.458144
262,6,1983.458144
262,6,1983.458144
262,6,1983.458144
262,6,1983.458144
262,6,1983.458144
262,6,1983.458144
262,6,1983.458144
262,6,1983.458144
262,6,1983.458144
262,6,1983.458144
262,6,1983.458144
262,6,1983.458144
262,6,1983.458144
262,6,1983.458144
262,6,1983.458144
262,6,1983.458144
262,6,1983.458144
262,6,1983.458144
262,6,1983.458144
262,6,1983.458144
262,6,1983.458144
262,6,1983.458144
262,6,1983.458144
262,6,1983.458144
262,6,1983.458144
262,6,1983.458144
262,6,1983.458144
262,6,1983.458144
262,6,1983.458144
262,6,1983.458144
262,6,1983.458144
262,6,1983.458144
262,6,1983.458144
262,6,1983.458144
262,6,1983.458144
262,6,1983.458144
262,6,1983.458144
262,6,1983.458144
262,6,1983.458144
262,6,1983.458144
262,6,1983.458144
262,6,1983.458144
262,6,1983.458144
262,6,1983.458144
262,6,1983.458144
262,6,1983.458144
262,6,1983.458144
262,6,1983.458144
262,6,1983.458144
262,6,1983.458144
262,6,1983.458144
262,6,1983.458144
262,6,1983.458144
262,6,1983.458144
262,6,1983.458144
262,6,1983.458144
262,6,1983.458144
262,6,1983.458144
262,6,1983.458144
262,6,1983.458144
262,6,1983.458144
262,6,1983.458144
262,6,1983.458144
262,6,1983.458144
262,6,1983.458144
262,6,1983.458144
262,6,1983.458144
262,6,1983.458144
262,6,1983.458144
262,6,1983.458144
262,6,1983.458144
262,6,1983.458144
262,6,1983.458144
262,6,1983.458144
262,6,1983.458144
262,6,1983.458144
262,6,1983.458144
262,6,1983.458144
262,6,1983.458144
262,6,1983.458144
262,6,1983.458144
262,6,1983.458144
262,6,1983.458144
262,6,1983.458144
262,6,1983.458144
262,6,1983.458144
262,6,1983.458144
262,6,1983.458144
262,6,1983.458144
262,6,1983.458144
262,6,1983.458144
262,6,1983.458144
262,6,1983.458144
262,6,1983.458144
262,6,1983.458144
262,6,1983.458144
262,6,1983.458144
262,6,1983.458144
262,6,1983.458144
262,6,1983.458144
262,6,1983.458144
262,6,1983.458144
262,6,1983.458144
262,6,1983.458144
262,6,1983.458144
262,6,1983.458144
262,6,1983.458144
262,6,1983.458144
262,6,1983.458144
262,6,1983.458144
262,6,1983.458144
262,6,1983.458144
262,6,1983.458144
262,6,1983.458144
262,6,1983.458144
262,6,1983.458144
262,6,1983.458144
262,6,1983.458144
262,6,1983.458144
262,6,1983.458144
262,6,1983.458144
262,6,1983.458144
262,6,1983.458144
262,6,1983.458144
262,6,1983.458144
262,6,1983.458144
262,6,1983.458144
262,6,1983.458144
262,6,1983.458144
262,6,1983.458144
262,6,1983.458144
262,6,1983.458144
262,6,1983.458144
262,6,1983.458144
262,6,1983.458144
262,6,1983.458144
262,6,1983.458144
262,6,1983.458144
262,6,1983.458144
262,6,1983.458144
262,6,1983.458144
262,6,1983.458144
262,6,1983.458144
262,6,1983.458144
262,6,1983.458144
262,6,1983.458144
262,6,1983.458144
262,6,1983.458144
262,6,1983.458144
262,6,1983.458144
262,6,1983.458144
262,6,1983.458144
262,6,1983.458144
262,6,1983.458144
262,6,1983.458144
262,6,1983.458144
262,6,1983.458144
262,6,1983.458144
262,6,1983.458144
262,6,1983.458144
262,6,1983.458144
262,6,1983.458144
262,6,1983.458144
262,6,1983.458144
262,6,1983.458144
262,6,1983.458144
262,6,1983.458144
262,6,1983.458144
262,6,1983.458144
262,6,1983.458144
262,6,1983.458144
262,6,1983.458144
262,6,1983.458144
262,6,1983.458144
262,6,1983.458144
262,6,1983.458144
262,6,1983.458144
262,6,1983.458144
262,6,1983.458144
262,6,1983.458144
262,6,1983.458144
262,6,1983.458144
262,6,1983.458144
262,6,1983.458144
262,6,1983.458144
262,6,1983.458144
262,6,1983.458144
262,6,1983.458144
262,6,1983.458144
262,6,1983.458144
262,6,1983.458144
262,6,1983.458144
262,6,1983.458144
262,6,1983.458144
262,6,1983.458144
262,6,1983.458144
262,6,1983.458144
262,6,1983.458144
262,6,1983.458144
262,6,1983.458144
262,6,1983.458144
262,6,1983.458144
262,6,1983.458144
262,6,1983.458144
262,6,1983.458144
262,6,1983.458144
262,6,1983.458144
262,6,1983.458144
262,6,1983.458144
262,6,1983.458144
262,6,1983.458144
262,6,1983.458144
262,6,1983.458144
262,6,1983.458144
262,6,1983.458144
262,6,1983.458144
262,7,1927.655830
262,7,1927.655830
262,7,1927.655830
262,8,1917.983258
262,8,1917.983258
262,8,1917.983258
262,8,1917.983258
262,8,1917.983258
262,8,1917.983258
262,8,1917.983258
262,8,1917.983258
262,8,1917.983258
262,9,1904.034008
262,9,1904.034008
262,9,1904.034008
263,6,1983.458144
263,6,1983.458144
263,6,1983.458144
263,6,1983.458144
263,6,1983.458144
263,6,1983.458144
263,6,1983.458144
263,6,1983.458144
263,6,1983.458144
263,6,1983.458144
263,6,1983.458144
263,6,1983.458144
263,6,1983.458144
263,6,1983.458144
263,6,1983.458144
263,6,1983.458144
263,6,1983.458144
263,6,1983.458144
263,6,1983.458144
263,6,1983.458144
263,6,1983.458144
263,6,1983.458144
263,6,1983.458144
263,6,1983.458144
263,6,1983.458144
263,6,1983.458144
263,6,1983.458144
263,6,1983.458144
263,6,1983.458144
263,6,1983.458144
263,6,1983.458144
263,6,1983.458144
263,6,1983.458144
263,6,1983.458144
263,6,1983.458144
263,6,1983.458144
263,6,1983.458144
263,6,1983.458144
263,6,1983.458144
263,6,1983.458144
263,6,1983.458144
263,6,1983.458144
263,6,1983.458144
263,6,1983.458144
263,6,1983.458144
263,6,1983.458144
263,6,1983.458144
263,6,1983.458144
263,6,1983.458144
263,6,1983.458144
263,6,1983.458144
263,6,1983.458144
263,6,1983.458144
263,6,1983.458144
263,6,1983.458144
263,6,1983.458144
263,6,1983.458144
263,6,1983.458144
263,6,1983.458144
263,6,1983.458144
263,6,1983.458144
263,6,1983.458144
263,6,1983.458144
263,6,1983.458144
263,6,1983.458144
263,6,1983.458144
263,6,1983.458144
263,6,1983.458144
263,6,1983.458144
263,6,1983.458144
263,6,1983.458144
263,6,1983.458144
263,6,1983.458144
263,6,1983.458144
263,6,1983.458144
263,6,1983.458144
263,6,1983.458144
263,6,1983.458144
263,6,1983.458144
263,6,1983.458144
263,6,1983.458144
263,6,1983.458144
263,6,1983.458144
263,6,1983.458144
263,6,1983.458144
263,6,1983.458144
263,6,1983.458144
263,6,1983.458144
263,6,1983.458144
263,6,1983.458144
263,6,1983.458144
263,6,1983.458144
263,6,1983.458144
263,6,1983.458144
263,6,1983.458144
263,6,1983.458144
263,6,1983.458144
263,6,1983.458144
263,6,1983.458144
263,6,1983.458144
263,6,1983.458144
263,6,1983.458144
263,6,1983.458144
263,6,1983.458144
263,6,1983.458144
263,6,1983.458144
263,6,1983.458144
263,6,1983.458144
263,6,1983.458144
263,6,1983.458144
263,6,1983.458144
263,6,1983.458144
263,6,1983.458144
263,6,1983.458144
263,6,1983.458144
263,6,1983.458144
263,6,1983.458144
263,6,1983.458144
263,6,1983.458144
263,6,1983.458144
263,6,1983.458144
263,6,1983.458144
263,6,1983.458144
263,6,1983.458144
263,6,1983.458144
263,6,1983.458144
263,6,1983.458144
263,6,1983.458144
263,6,1983.458144
263,6,1983.458144
263,6,1983.458144
263,6,1983.458144
263,6,1983.458144
263,6,1983.458144
263,6,1983.458144
263,6,1983.458144
263,6,1983.458144
263,6,1983.458144
263,6,1983.458144
263,6,1983.458144
263,6,1983.458144
263,6,1983.458144
263,6,1983.458144
263,6,1983.458144
263,6,1983.458144
263,6,1983.458144
263,6,1983.458144
263,6,1983.458144
263,6,1983.458144
263,6,1983.458144
263,6,1983.458144
263,6,1983.458144
263,6,1983.458144
263,6,1983.458144
263,6,1983.458144
263,6,1983.458144
263,6,1983.458144
263,6,1983.458144
263,6,1983.458144
263,6,1983.458144
263,6,1983.458144
263,6,1983.458144
263,6,1983.458144
263,6,1983.458144
263,6,1983.458144
263,6,1983.458144
263,6,1983.458144
263,6,1983.458144
263,6,1983.458144
263,6,1983.458144
263,6,1983.458144
263,6,1983.458144
263,6,1983.458144
263,6,1983.458144
263,6,1983.458144
263,6,1983.458144
263,6,1983.458144
263,6,1983.458144
263,6,1983.458144
263,6,1983.458144
263,6,1983.458144
263,6,1983.458144
263,6,1983.458144
263,6,1983.458144
263,6,1983.458144
263,6,1983.458144
263,6,1983.458144
263,6,1983.458144
263,6,1983.458144
263,6,1983.458144
263,6,1983.458144
263,6,1983.458144
263,6,1983.458144
263,6,1983.458144
263,6,1983.458144
263,6,1983.458144
263,6,1983.458144
263,6,1983.458144
263,6,1983.458144
263,6,1983.458144
263,6,1983.458144
263,6,1983.458144
263,6,1983.458144
263,6,1983.458144
263,6,1983.458144
263,6,1983.458144
263,6,1983.458144
263,6,1983.458144
263,6,1983.458144
263,6,1983.458144
263,6,1983.458144
263,6,1983.458144
263,6,1983.458144
263,6,1983.458144
263,6,1983.458144
263,6,1983.458144
263,6,1983.458144
263,6,1983.458144
263,6,1983.458144
263,6,1983.458144
263,6,1983.458144
263,6,1983.458144
263,6,1983.458144
263,6,1983.458144
263,6,1983.458144
263,6,1983.458144
263,6,1983.458144
263,6,1983.458144
263,6,1983.458144
263,6,1983.458144
263,6,1983.458144
263,6,1983.458144
263,6,1983.458144
263,6,1983.458144
263,6,1983.458144
263,6,1983.458144
263,6,1983.458144
263,6,1983.458144
263,6,1983.458144
263,6,1983.458144
263,6,1983.458144
263,6,1983.458144
263,6,1983.458144
263,6,1983.458144
263,6,1983.458144
263,6,1983.458144
263,6,1983.458144
263,6,1983.458144
263,6,1983.458144
263,6,1983.458144
263,6,1983.458144
263,6,1983.458144
263,6,1983.458144
263,6,1983.458144
263,6,1983.458144
263,6,1983.458144
263,6,1983.458144
263,6,1983.458144
263,6,1983.458144
263,6,1983.458144
263,6,1983.458144
263,6,1983.458144
263,6,1983.458144
263,6,1983.458144
263,6,1983.458144
263,6,1983.458144
263,6,1983.458144
263,6,1983.458144
263,6,1983.458144
263,6,1983.458144
263,6,1983.458144
263,6,1983.458144
263,6,1983.458144
263,6,1983.458144
263,6,1983.458144
263,6,1983.458144
263,6,1983.458144
263,6,1983.458144
263,6,1983.458144
263,6,1983.458144
263,6,1983.458144
263,6,1983.458144
263,6,1983.458144
263,6,1983.458144
263,6,1983.458144
263,6,1983.458144
263,6,1983.458144
263,6,1983.458144
263,6,1983.458144
263,6,1983.458144
263,6,1983.458144
263,6,1983.458144
263,6,1983.458144
263,6,1983.458144
263,6,1983.458144
263,6,1983.458144
263,6,1983.458144
263,6,1983.458144
263,6,1983.458144
263,6,1983.458144
263,6,1983.458144
263,6,1983.458144
263,6,1983.458144
263,6,1983.458144
263,6,1983.458144
263,6,1983.458144
263,6,1983.458144
263,6,1983.458144
263,6,1983.458144
263,6,1983.458144
263,6,1983.458144
263,6,1983.458144
263,6,1983.458144
263,6,1983.458144
263,6,1983.458144
263,6,1983.458144
263,6,1983.458144
263,6,1983.458144
263,6,1983.458144
263,6,1983.458144
263,6,1983.458144
263,6,1983.458144
263,6,1983.458144
263,6,1983.458144
263,6,1983.458144
263,6,1983.458144
263,6,1983.458144
263,6,1983.458144
263,6,1983.458144
263,6,1983.458144
263,6,1983.458144
263,6,1983.458144
263,6,1983.458144
263,6,1983.458144
263,6,1983.458144
263,6,1983.458144
263,6,1983.458144
263,6,1983.458144
263,6,1983.458144
263,6,1983.458144
263,6,1983.458144
263,6,1983.458144
263,6,1983.458144
263,6,1983.458144
263,6,1983.458144
263,6,1983.458144
263,6,1983.458144
263,6,1983.458144
263,6,1983.458144
263,6,1983.458144
263,6,1983.458144
263,6,1983.458144
263,6,1983.458144
263,6,1983.458144
263,6,1983.458144
263,6,1983.458144
263,6,1983.458144
263,6,1983.458144
263,6,1983.458144
263,6,1983.458144
263,6,1983.458144
263,6,1983.458144
263,6,1983.458144
263,6,1983.458144
263,6,1983.458144
263,6,1983.458144
263,6,1983.458144
263,6,1983.458144
263,6,1983.458144
263,6,1983.458144
263,6,1983.458144
263,6,1983.458144
263,6,1983.458144
263,6,1983.458144
263,6,1983.458144
263,6,1983.458144
263,6,1983.458144
263,6,1983.458144
263,6,1983.458144
263,6,1983.458144
263,6,1983.458144
263,6,1983.458144
263,6,1983.458144
263,6,1983.458144
263,6,1983.458144
263,6,1983.458144
263,6,1983.458144
263,6,1983.458144
263,6,1983.458144
263,6,1983.458144
263,6,1983.458144
263,6,1983.458144
263,6,1983.458144
263,6,1983.458144
263,6,1983.458144
263,6,1983.458144
263,6,1983.458144
263,6,1983.458144
263,6,1983.458144
263,6,1983.458144
263,6,1983.458144
263,6,1983.458144
263,6,1983.458144
263,6,1983.458144
263,6,1983.458144
263,6,1983.458144
263,6,1983.458144
263,6,1983.458144
263,6,1983.458144
263,6,1983.458144
263,6,1983.458144
263,6,1983.458144
263,6,1983.458144
263,6,1983.458144
263,6,1983.458144
263,6,1983.458144
263,6,1983.458144
263,6,1983.458144
263,6,1983.458144
263,6,1983.458144
263,6,1983.458144
263,6,1983.458144
263,6,1983.458144
263,6,1983.458144
263,6,1983.458144
263,6,1983.458144
263,6,1983.458144
263,6,1983.458144
263,6,1983.458144
263,6,1983.458144
263,6,1983.458144
263,6,1983.458144
263,6,1983.458144
263,6,1983.458144
263,6,1983.458144
263,6,1983.458144
263,6,1983.458144
263,6,1983.458144
263,6,1983.458144
263,6,1983.458144
263,6,1983.458144
263,6,1983.458144
263,6,1983.458144
263,6,1983.458144
263,6,1983.458144
263,6,1983.458144
263,6,1983.458144
263,6,1983.458144
263,6,1983.458144
263,6,1983.458144
263,6,1983.458144
263,6,1983.458144
263,6,1983.458144
263,6,1983.458144
263,6,1983.458144
263,6,1983.458144
263,6,1983.458144
263,6,1983.458144
263,6,1983.458144
263,6,1983.458144
263,6,1983.458144
263,6,1983.458144
263,6,1983.458144
263,6,1983.458144
263,6,1983.458144
263,6,1983.458144
263,6,1983.458144
263,6,1983.458144
263,6,1983.458144
263,6,1983.458144
263,6,1983.458144
263,6,1983.458144
263,6,1983.458144
263,6,1983.458144
263,6,1983.458144
263,6,1983.458144
263,6,1983.458144
263,6,1983.458144
263,6,1983.458144
263,6,1983.458144
263,6,1983.458144
263,6,1983.458144
263,6,1983.458144
263,6,1983.458144
263,6,1983.458144
263,6,1983.458144
263,6,1983.458144
263,6,1983.458144
263,6,1983.458144
263,6,1983.458144
263,6,1983.458144
263,6,1983.458144
263,6,1983.458144
263,6,1983.458144
263,6,1983.458144
263,6,1983.458144
263,6,1983.458144
263,6,1983.458144
263,6,1983.458144
263,6,1983.458144
263,6,1983.458144
263,6,1983.458144
263,6,1983.458144
263,6,1983.458144
263,6,1983.458144
263,6,1983.458144
263,6,1983.458144
263,6,1983.458144
263,6,1983.458144
263,6,1983.458144
263,6,1983.458144
263,6,1983.458144
263,6,1983.458144
263,6,1983.458144
263,6,1983.458144
263,6,1983.458144
263,6,1983.458144
263,6,1983.458144
263,6,1983.458144
263,6,1983.458144
263,6,1983.458144
263,6,1983.458144
263,6,1983.458144
263,6,1983.458144
263,6,1983.458144
263,6,1983.458144
263,6,1983.458144
263,6,1983.458144
263,6,1983.458144
263,6,1983.458144
263,6,1983.458144
263,6,1983.458144
263,6,1983.458144
263,6,1983.458144
263,6,1983.458144
263,6,1983.458144
263,6,1983.458144
263,6,1983.458144
263,6,1983.458144
263,6,1983.458144
263,6,1983.458144
263,6,1983.458144
263,6,1983.458144
263,6,1983.458144
263,6,1983.458144
263,6,1983.458144
263,6,1983.458144
263,6,1983.458144
263,6,1983.458144
263,6,1983.458144
263,6,1983.458144
263,6,1983.458144
263,6,1983.458144
263,6,1983.458144
263,6,1983.458144
263,6,1983.458144
263,6,1983.458144
263,6,1983.458144
263,6,1983.458144
263,6,1983.458144
263,6,1983.458144
263,6,1983.458144
263,6,1983.458144
263,6,1983.458144
263,6,1983.458144
263,6,1983.458144
263,6,1983.458144
263,6,1983.458144
263,6,1983.458144
263,6,1983.458144
263,6,1983.458144
263,6,1983.458144
263,6,1983.458144
263,6,1983.458144
263,6,1983.458144
263,6,1983.458144
263,6,1983.458144
263,6,1983.458144
263,6,1983.458144
263,6,1983.458144
263,7,1927.655830
263,7,1927.655830
263,7,1927.655830
263,7,1927.655830
263,8,1917.983258
263,8,1917.983258
263,8,1917.983258
263,8,1917.983258
263,8,1917.983258
263,8,1917.983258
263,8,1917.983258
263,8,1917.983258
263,8,1917.983258
263,8,1917.983258
263,8,1917.983258
263,8,1917.983258
263,9,1904.034008
263,9,1904.034008
263,9,1904.034008
263,9,1904.034008
264,6,1979.938118
264,7,1927.655830
264,7,1927.655830
264,7,1927.655830
264,7,1927.655830
264,8,1917.983258
264,8,1917.983258
264,8,1917.983258
264,8,1917.983258
264,8,1917.983258
264,8,1917.983258
264,8,1917.983258
264,8,1917.983258
264,8,1917.983258
264,8,1917.983258
264,8,1917.983258
264,9,1904.034008
264,9,1904.034008
264,9,1904.034008
264,9,1904.034008
264,9,1904.034008
264,9,1904.034008
265,6,1979.903343
265,7,1927.655830
265,7,1927.655830
265,7,1927.655830
265,7,1927.655830
265,7,1927.655830
265,7,1927.655830
265,8,1917.983258
265,8,1917.983258
265,8,1917.983258
265,8,1917.983258
265,8,1917.983258
265,8,1917.983258
265,8,1917.983258
265,8,1917.983258
265,8,1917.983258
265,8,1917.983258
265,8,1917.983258
265,8,1917.983258
265,8,1917.983258
265,8,1917.983258
265,8,1917.983258
265,8,1917.983258
265,8,1917.983258
265,8,1917.983258
265,8,1917.983258
265,8,1917.983258
265,8,1917.983258
265,8,1917.983258
265,9,1904.034008
265,9,1904.034008
265,9,1904.034008
265,9,1904.034008
265,9,1904.034008
265,9,1904.034008
265,9,1904.034008
265,9,1904.034008
265,9,1904.034008
265,9,1904.034008
265,9,1904.034008
265,9,1904.034008
265,9,1904.034008
265,9,1904.034008
266,6,1979.903343
266,7,1927.655830
266,7,1927.655830
266,7,1927.655830
266,7,1927.655830
266,7,1927.655830
266,7,1927.655830
266,7,1927.655830
266,7,1927.655830
266,7,1927.655830
266,7,1927.655830
266,7,1927.655830
266,7,1927.655830
266,7,1927.655830
266,7,1927.655830
266,7,1927.655830
266,8,1917.983258
266,8,1917.983258
266,8,1917.983258
266,8,1917.983258
266,8,1917.983258
266,8,1917.983258
266,8,1917.983258
266,8,1917.983258
266,8,1917.983258
266,8,1917.983258
266,8,1917.983258
266,8,1917.983258
266,8,1917.983258
266,8,1917.983258
266,8,1917.983258
266,8,1917.983258
266,8,1917.983258
266,8,1917.983258
266,8,1917.983258
266,8,1917.983258
266,8,1917.983258
266,8,1917.983258
266,8,1917.983258
266,8,1917.983258
266,8,1917.983258
266,8,1917.983258
266,8,1917.983258
266,8,1917.983258
266,8,1917.983258
266,8,1917.983258
266,8,1917.983258
266,8,1917.983258
266,8,1917.983258
266,8,1917.983258
266,8,1917.983258
266,8,1917.983258
266,8,1917.983258
266,8,1917.983258
266,8,1917.983258
266,8,1917.983258
266,8,1917.983258
266,8,1917.983258
266,8,1917.983258
266,8,1917.983258
266,8,1917.983258
266,8,1917.983258
266,8,1917.983258
266,8,1917.983258
266,8,1917.983258
266,8,1917.983258
266,8,1917.983258
266,8,1917.983258
266,9,1904.034008
266,9,1904.034008
266,9,1904.034008
266,9,1904.034008
266,9,1904.034008
266,9,1904.034008
266,9,1904.034008
266,9,1904.034008
266,9,1904.034008
266,9,1904.034008
266,9,1904.034008
266,9,1904.034008
266,9,1904.034008
266,9,1904.034008
266,9,1904.034008
266,9,1904.034008
266,9,1904.034008
266,9,1904.034008
266,9,1904.034008
266,9,1904.034008
266,9,1904.034008
266,9,1904.034008
266,9,1904.034008
266,9,1904.034008
266,9,1904.034008
266,9,1904.034008
266,9,1904.034008
266,9,1904.034008
266,9,1904.034008
266,9,1904.034008
266,9,1904.034008
266,9,1904.034008
266,9,1904.034008
266,9,1904.034008
266,9,1904.034008
267,6,1979.903343
267,6,1979.903343
267,7,1927.655830
267,7,1927.655830
267,7,1927.655830
267,7,1927.655830
267,7,1927.655830
267,7,1927.655830
267,7,1927.655830
267,7,1927.655830
267,7,1927.655830
267,7,1927.655830
267,7,1927.655830
267,7,1927.655830
267,7,1927.655830
267,7,1927.655830
267,7,1927.655830
267,7,1927.655830
267,7,1927.655830
267,7,1927.655830
267,7,1927.655830
267,7,1927.655830
267,7,1927.655830
267,7,1927.655830
267,7,1927.655830
267,7,1927.655830
267,7,1927.655830
267,7,1927.655830
267,7,1927.655830
267,7,1927.655830
267,7,1927.655830
267,7,1927.655830
267,7,1927.655830
267,7,1927.655830
267,7,1927.655830
267,7,1927.655830
267,8,1917.966932
267,9,1903.475716
268,6,1979.903343
268,6,1979.903343
268,6,1979.903343
268,7,1927.413298
268,8,1917.966932
268,9,1903.475716
268,9,1903.475716
269,6,1979.903343
269,6,1979.903343
269,6,1979.903343
269,6,1979.903343
269,6,1979.903343
269,7,1927.413298
269,8,1917.966932
269,8,1917.966932
269,8,1917.966932
269,9,1903.475716
269,9,1903.475716
269,9,1903.475716
269,9,1903.475716
270,6,1979.903343
270,6,1979.903343
270,6,1979.903343
270,6,1979.903343
270,6,1979.903343
270,6,1979.903343
270,6,1979.903343
270,6,1979.903343
270,6,1979.903343
270,6,1979.903343
270,6,1979.903343
270,7,1927.413298
270,7,1927.413298
270,8,1917.966932
270,8,1917.966932
270,8,1917.966932
270,8,1917.966932
270,8,1917.966932
270,8,1917.966932
270,8,1917.966932
270,8,1917.966932
270,9,1903.475716
270,9,1903.475716
270,9,1903.475716
270,9,1903.475716
270,9,1903.475716
270,9,1903.475716
270,9,1903.475716
271,6,1979.903343
271,6,1979.903343
271,6,1979.903343
271,6,1979.903343
271,6,1979.903343
271,6,1979.903343
271,6,1979.903343
271,6,1979.903343
271,6,1979.903343
271,6,1979.903343
271,6,1979.903343
271,6,1979.903343
271,6,1979.903343
271,6,1979.903343
271,6,1979.903343
271,6,1979.903343
271,6,1979.903343
271,6,1979.903343
271,6,1979.903343
271,6,1979.903343
271,6,1979.903343
271,6,1979.903343
271,6,1979.903343
271,6,1979.903343
271,6,1979.903343
271,6,1979.903343
271,6,1979.903343
271,6,1979.903343
271,6,1979.903343
271,6,1979.903343
271,7,1927.413298
271,7,1927.413298
271,8,1917.966932
271,8,1917.966932
271,8,1917.966932
271,8,1917.966932
271,8,1917.966932
271,8,1917.966932
271,8,1917.966932
271,8,1917.966932
271,8,1917.966932
271,8,1917.966932
271,8,1917.966932
271,8,1917.966932
271,8,1917.966932
271,8,1917.966932
271,8,1917.966932
271,8,1917.966932
271,8,1917.966932
271,8,1917.966932
271,9,1903.475716
271,9,1903.475716
271,9,1903.475716
271,9,1903.475716
271,9,1903.475716
271,9,1903.475716
271,9,1903.475716
271,9,1903.475716
271,9,1903.475716
271,9,1903.475716
271,9,1903.475716
271,9,1903.475716
271,9,1903.475716
271,9,1903.475716
271,9,1903.475716
271,9,1903.475716
272,6,1976.471691
272,7,1927.413298
272,7,1927.413298
272,7,1927.413298
272,7,1927.413298
272,8,1917.966932
272,8,1917.966932
272,8,1917.966932
272,8,1917.966932
272,8,1917.966932
272,8,1917.966932
272,8,1917.966932
272,8,1917.966932
272,8,1917.966932
272,8,1917.966932
272,8,1917.966932
272,8,1917.966932
272,8,1917.966932
272,8,1917.966932
272,8,1917.966932
272,8,1917.966932
272,8,1917.966932
272,8,1917.966932
272,8,1917.966932
272,8,1917.966932
272,8,1917.966932
272,8,1917.966932
272,8,1917.966932
272,8,1917.966932
272,8,1917.966932
272,8,1917.966932
272,8,1917.966932
272,8,1917.966932
272,8,1917.966932
272,8,1917.966932
272,8,1917.966932
272,8,1917.966932
272,8,1917.966932
272,8,1917.966932
272,8,1917.966932
272,8,1917.966932
272,8,1917.966932
272,8,1917.966932
272,9,1903.475716
272,9,1903.475716
272,9,1903.475716
272,9,1903.475716
272,9,1903.475716
272,9,1903.475716
272,9,1903.475716
272,9,1903.475716
272,9,1903.475716
272,9,1903.475716
272,9,1903.475716
272,9,1903.475716
272,9,1903.475716
272,9,1903.475716
272,9,1903.475716
272,9,1903.475716
272,9,1903.475716
272,9,1903.475716
272,9,1903.475716
272,9,1903.475716
272,9,1903.475716
272,9,1903.475716
272,9,1903.475716
272,9,1903.475716
272,9,1903.475716
272,9,1903.475716
272,9,1903.475716
272,9,1903.475716
272,9,1903.475716
272,9,1903.475716
272,9,1903.475716
272,9,1903.475716
272,9,1903.475716
272,9,1903.475716
