Iteration,NV,TOC
1,9,4203.389379
1,10,4184.831355
1,11,3404.538914
1,12,3259.964087
1,13,2772.293368
1,15,2760.371500
1,17,2673.993485
1,18,2597.844502
1,21,2554.257287
1,23,2524.203445
1,29,2449.799612
2,9,4203.389379
2,9,4203.389379
2,10,4184.831355
2,10,4184.831355
2,11,3404.538914
2,11,3404.538914
2,12,3025.086768
2,13,2772.293368
2,13,2772.293368
2,15,2760.371500
2,15,2760.371500
2,17,2673.993485
2,17,2673.993485
2,18,2597.844502
2,18,2597.844502
2,21,2554.257287
2,21,2554.257287
2,23,2524.203445
2,23,2524.203445
2,24,2502.322805
2,29,2449.799612
2,29,2449.799612
3,9,4203.389379
3,9,4203.389379
3,9,4203.389379
3,10,4184.831355
3,10,4184.831355
3,10,4184.831355
3,11,3404.538914
3,11,3404.538914
3,11,3404.538914
3,12,3025.086768
3,12,3025.086768
3,13,2772.293368
3,13,2772.293368
3,13,2772.293368
3,15,2760.371500
3,15,2760.371500
3,15,2760.371500
3,17,2673.993485
3,17,2673.993485
3,17,2673.993485
3,18,2597.844502
3,18,2597.844502
3,18,2597.844502
3,21,2554.257287
3,21,2554.257287
3,21,2554.257287
3,23,2524.203445
3,23,2524.203445
3,23,2524.203445
3,24,2502.322805
3,24,2502.322805
3,27,2458.683953
3,29,2449.799612
3,29,2449.799612
3,29,2449.799612
4,9,4203.389379
4,9,4203.389379
4,9,4203.389379
4,9,4203.389379
4,10,4184.831355
4,10,4184.831355
4,10,4184.831355
4,10,4184.831355
4,11,3404.538914
4,11,3404.538914
4,11,3404.538914
4,11,3404.538914
4,12,3025.086768
4,12,3025.086768
4,12,3025.086768
4,13,2772.293368
4,13,2772.293368
4,13,2772.293368
4,13,2772.293368
4,15,2760.371500
4,15,2760.371500
4,15,2760.371500
4,15,2760.371500
4,17,2673.993485
4,17,2673.993485
4,17,2673.993485
4,17,2673.993485
4,18,2597.844502
4,18,2597.844502
4,18,2597.844502
4,18,2597.844502
4,21,2554.257287
4,21,2554.257287
4,21,2554.257287
4,21,2554.257287
4,23,2524.203445
4,23,2524.203445
4,23,2524.203445
4,23,2524.203445
4,24,2502.322805
4,24,2502.322805
4,24,2502.322805
4,27,2458.683953
4,27,2458.683953
4,29,2449.799612
4,29,2449.799612
4,29,2449.799612
4,29,2449.799612
5,9,3917.625011
5,10,3272.352257
5,11,2989.102962
5,12,2684.505021
5,13,2641.902589
5,16,2547.986009
5,19,2521.191907
5,20,2503.547899
5,21,2495.105164
5,22,2466.695768
5,25,2422.698627
5,26,2391.854201
6,9,3917.625011
6,9,3917.625011
6,10,3272.352257
6,10,3272.352257
6,11,2989.102962
6,11,2989.102962
6,12,2684.505021
6,12,2684.505021
6,13,2641.902589
6,13,2641.902589
6,16,2547.986009
6,16,2547.986009
6,19,2521.191907
6,19,2521.191907
6,20,2503.547899
6,20,2503.547899
6,21,2495.105164
6,21,2495.105164
6,22,2466.695768
6,22,2466.695768
6,25,2422.698627
6,25,2422.698627
6,26,2391.854201
6,26,2391.854201
7,9,3917.625011
7,9,3917.625011
7,9,3917.625011
7,10,3272.352257
7,10,3272.352257
7,10,3272.352257
7,11,2989.102962
7,11,2989.102962
7,11,2989.102962
7,12,2684.505021
7,12,2684.505021
7,12,2684.505021
7,13,2641.902589
7,13,2641.902589
7,13,2641.902589
7,16,2547.986009
7,16,2547.986009
7,16,2547.986009
7,19,2521.191907
7,19,2521.191907
7,19,2521.191907
7,20,2503.547899
7,20,2503.547899
7,20,2503.547899
7,21,2495.105164
7,21,2495.105164
7,21,2495.105164
7,22,2466.695768
7,22,2466.695768
7,22,2466.695768
7,25,2422.698627
7,25,2422.698627
7,25,2422.698627
7,26,2391.854201
7,26,2391.854201
7,26,2391.854201
8,9,3917.625011
8,9,3917.625011
8,9,3917.625011
8,9,3917.625011
8,10,3272.352257
8,10,3272.352257
8,10,3272.352257
8,10,3272.352257
8,11,2989.102962
8,11,2989.102962
8,11,2989.102962
8,11,2989.102962
8,12,2672.035923
8,13,2641.902589
8,13,2641.902589
8,13,2641.902589
8,13,2641.902589
8,16,2547.986009
8,16,2547.986009
8,16,2547.986009
8,16,2547.986009
8,19,2521.191907
8,19,2521.191907
8,19,2521.191907
8,19,2521.191907
8,20,2503.547899
8,20,2503.547899
8,20,2503.547899
8,20,2503.547899
8,21,2495.105164
8,21,2495.105164
8,21,2495.105164
8,21,2495.105164
8,22,2466.695768
8,22,2466.695768
8,22,2466.695768
8,22,2466.695768
8,25,2422.698627
8,25,2422.698627
8,25,2422.698627
8,25,2422.698627
8,26,2391.854201
8,26,2391.854201
8,26,2391.854201
8,26,2391.854201
9,8,3764.644603
9,9,3171.649104
9,10,2931.909344
9,11,2615.165897
9,12,2581.594370
9,13,2568.657633
9,14,2516.433056
9,17,2469.071406
9,19,2440.041470
9,21,2414.217599
9,22,2404.526251
9,23,2380.832991
9,24,2363.236246
9,25,2346.876835
10,8,3764.644603
10,8,3764.644603
10,9,3171.649104
10,9,3171.649104
10,10,2931.909344
10,10,2931.909344
10,11,2615.165897
10,11,2615.165897
10,12,2581.594370
10,12,2581.594370
10,13,2568.657633
10,13,2568.657633
10,14,2516.433056
10,14,2516.433056
10,17,2469.071406
10,17,2469.071406
10,19,2440.041470
10,19,2440.041470
10,21,2414.217599
10,21,2414.217599
10,22,2404.526251
10,22,2404.526251
10,23,2380.832991
10,23,2380.832991
10,24,2363.236246
10,24,2363.236246
10,25,2346.876835
10,25,2346.876835
10,27,2332.851053
11,8,3764.644603
11,8,3764.644603
11,8,3764.644603
11,9,3171.649104
11,9,3171.649104
11,9,3171.649104
11,10,2931.909344
11,10,2931.909344
11,10,2931.909344
11,11,2615.165897
11,11,2615.165897
11,11,2615.165897
11,12,2581.594370
11,12,2581.594370
11,12,2581.594370
11,13,2568.657633
11,13,2568.657633
11,13,2568.657633
11,14,2516.433056
11,14,2516.433056
11,14,2516.433056
11,17,2469.071406
11,17,2469.071406
11,17,2469.071406
11,19,2440.041470
11,19,2440.041470
11,19,2440.041470
11,21,2414.217599
11,21,2414.217599
11,21,2414.217599
11,22,2389.868780
11,23,2380.832991
11,23,2380.832991
11,23,2380.832991
11,24,2363.236246
11,24,2363.236246
11,24,2363.236246
11,25,2346.876835
11,25,2346.876835
11,25,2346.876835
11,27,2332.851053
11,27,2332.851053
12,8,3764.644603
12,8,3764.644603
12,8,3764.644603
12,8,3764.644603
12,9,3171.649104
12,9,3171.649104
12,9,3171.649104
12,9,3171.649104
12,10,2931.909344
12,10,2931.909344
12,10,2931.909344
12,10,2931.909344
12,11,2615.165897
12,11,2615.165897
12,11,2615.165897
12,11,2615.165897
12,12,2581.594370
12,12,2581.594370
12,12,2581.594370
12,12,2581.594370
12,13,2568.657633
12,13,2568.657633
12,13,2568.657633
12,13,2568.657633
12,14,2516.433056
12,14,2516.433056
12,14,2516.433056
12,14,2516.433056
12,17,2469.071406
12,17,2469.071406
12,17,2469.071406
12,17,2469.071406
12,19,2440.041470
12,19,2440.041470
12,19,2440.041470
12,19,2440.041470
12,21,2414.217599
12,21,2414.217599
12,21,2414.217599
12,21,2414.217599
12,22,2389.868780
12,22,2389.868780
12,23,2380.832991
12,23,2380.832991
12,23,2380.832991
12,23,2380.832991
12,24,2363.236246
12,24,2363.236246
12,24,2363.236246
12,24,2363.236246
12,25,2346.876835
12,25,2346.876835
12,25,2346.876835
12,25,2346.876835
12,27,2332.851053
12,27,2332.851053
12,27,2332.851053
13,7,3756.617756
13,8,3116.530155
13,9,2980.161767
13,10,2814.836146
13,11,2518.345590
13,12,2498.216684
13,13,2484.052783
13,14,2472.363268
13,15,2414.853346
13,17,2388.561320
13,19,2353.289773
13,22,2296.231055
14,7,3756.617756
14,7,3756.617756
14,8,3116.530155
14,8,3116.530155
14,9,2980.161767
14,9,2980.161767
14,10,2814.836146
14,10,2814.836146
14,11,2518.345590
14,11,2518.345590
14,12,2498.216684
14,12,2498.216684
14,13,2484.052783
14,13,2484.052783
14,14,2472.363268
14,14,2472.363268
14,15,2414.853346
14,15,2414.853346
14,17,2388.561320
14,17,2388.561320
14,19,2353.289773
14,19,2353.289773
14,22,2296.231055
14,22,2296.231055
15,7,3756.617756
15,7,3756.617756
15,7,3756.617756
15,8,3116.530155
15,8,3116.530155
15,8,3116.530155
15,9,2980.161767
15,9,2980.161767
15,9,2980.161767
15,10,2814.836146
15,10,2814.836146
15,10,2814.836146
15,11,2518.345590
15,11,2518.345590
15,11,2518.345590
15,12,2498.216684
15,12,2498.216684
15,12,2498.216684
15,13,2484.052783
15,13,2484.052783
15,13,2484.052783
15,14,2472.363268
15,14,2472.363268
15,14,2472.363268
15,15,2414.853346
15,15,2414.853346
15,15,2414.853346
15,17,2388.561320
15,17,2388.561320
15,17,2388.561320
15,19,2353.289773
15,19,2353.289773
15,19,2353.289773
15,22,2296.231055
15,22,2296.231055
15,22,2296.231055
16,7,3756.617756
16,7,3756.617756
16,7,3756.617756
16,7,3756.617756
16,8,3116.530155
16,8,3116.530155
16,8,3116.530155
16,8,3116.530155
16,9,2980.161767
16,9,2980.161767
16,9,2980.161767
16,9,2980.161767
16,10,2814.836146
16,10,2814.836146
16,10,2814.836146
16,10,2814.836146
16,11,2518.345590
16,11,2518.345590
16,11,2518.345590
16,11,2518.345590
16,12,2498.216684
16,12,2498.216684
16,12,2498.216684
16,12,2498.216684
16,13,2484.052783
16,13,2484.052783
16,13,2484.052783
16,13,2484.052783
16,14,2472.363268
16,14,2472.363268
16,14,2472.363268
16,14,2472.363268
16,15,2414.853346
16,15,2414.853346
16,15,2414.853346
16,15,2414.853346
16,17,2388.561320
16,17,2388.561320
16,17,2388.561320
16,17,2388.561320
16,19,2353.289773
16,19,2353.289773
16,19,2353.289773
16,19,2353.289773
16,22,2296.231055
16,22,2296.231055
16,22,2296.231055
16,22,2296.231055
17,7,3565.374444
17,8,2964.604756
17,9,2741.163837
17,10,2518.021459
17,11,2435.971384
17,12,2422.837555
17,15,2390.793091
17,16,2361.604012
17,18,2335.554939
17,19,2323.191218
17,20,2318.769885
17,21,2254.189588
18,7,3439.247116
18,8,2662.537915
18,10,2488.568535
18,11,2411.107359
18,12,2406.905327
18,14,2383.019089
18,16,2352.333569
18,18,2228.457826
19,7,3439.247116
19,7,3439.247116
19,8,2662.537915
19,8,2662.537915
19,10,2488.568535
19,10,2488.568535
19,11,2411.107359
19,11,2411.107359
19,12,2406.905327
19,12,2406.905327
19,14,2383.019089
19,14,2383.019089
19,16,2352.333569
19,16,2352.333569
19,18,2228.457826
19,18,2228.457826
20,7,3439.247116
20,7,3439.247116
20,7,3439.247116
20,8,2662.537915
20,8,2662.537915
20,8,2662.537915
20,10,2488.568535
20,10,2488.568535
20,10,2488.568535
20,11,2411.107359
20,11,2411.107359
20,11,2411.107359
20,12,2406.905327
20,12,2406.905327
20,12,2406.905327
20,14,2383.019089
20,14,2383.019089
20,14,2383.019089
20,16,2352.333569
20,16,2352.333569
20,16,2352.333569
20,18,2228.457826
20,18,2228.457826
20,18,2228.457826
21,7,3439.247116
21,7,3439.247116
21,7,3439.247116
21,7,3439.247116
21,8,2662.537915
21,8,2662.537915
21,8,2662.537915
21,8,2662.537915
21,10,2488.568535
21,10,2488.568535
21,10,2488.568535
21,10,2488.568535
21,11,2411.107359
21,11,2411.107359
21,11,2411.107359
21,11,2411.107359
21,12,2406.905327
21,12,2406.905327
21,12,2406.905327
21,12,2406.905327
21,14,2383.019089
21,14,2383.019089
21,14,2383.019089
21,14,2383.019089
21,16,2352.333569
21,16,2352.333569
21,16,2352.333569
21,16,2352.333569
21,18,2228.457826
21,18,2228.457826
21,18,2228.457826
21,18,2228.457826
22,7,3337.747288
22,8,2564.253753
22,9,2365.744945
22,10,2360.308992
22,14,2326.985361
22,15,2308.341359
22,17,2171.035437
23,7,3075.640016
23,8,2496.689549
23,9,2351.809195
23,10,2350.700045
23,13,2299.771151
23,15,2158.602290
24,7,3075.640016
24,7,3075.640016
24,8,2496.689549
24,8,2496.689549
24,9,2351.809195
24,9,2351.809195
24,10,2350.700045
24,10,2350.700045
24,13,2299.771151
24,13,2299.771151
24,15,2158.602290
24,15,2158.602290
25,7,3075.640016
25,7,3075.640016
25,7,3075.640016
25,8,2496.689549
25,8,2496.689549
25,8,2496.689549
25,9,2351.809195
25,9,2351.809195
25,9,2351.809195
25,10,2350.700045
25,10,2350.700045
25,10,2350.700045
25,13,2299.771151
25,13,2299.771151
25,13,2299.771151
25,15,2158.602290
25,15,2158.602290
25,15,2158.602290
26,7,3075.640016
26,7,3075.640016
26,7,3075.640016
26,7,3075.640016
26,8,2496.689549
26,8,2496.689549
26,8,2496.689549
26,8,2496.689549
26,9,2351.809195
26,9,2351.809195
26,9,2351.809195
26,9,2351.809195
26,10,2350.700045
26,10,2350.700045
26,10,2350.700045
26,10,2350.700045
26,13,2299.771151
26,13,2299.771151
26,13,2299.771151
26,13,2299.771151
26,15,2158.602290
26,15,2158.602290
26,15,2158.602290
26,15,2158.602290
27,7,2978.735620
27,8,2441.434767
27,9,2343.554177
27,10,2338.148744
27,12,2297.302350
27,13,2284.543798
27,15,2152.908397
28,7,2905.657120
28,8,2426.206688
28,9,2310.813254
28,10,2300.752956
28,12,2295.381706
28,13,2257.809440
28,14,2145.027871
28,15,2126.191113
29,7,2891.003090
29,8,2308.361249
29,9,2272.063217
29,13,2250.539862
29,14,2122.300909
30,6,2879.414297
30,7,2875.891156
30,8,2259.269029
30,12,2243.541955
30,14,2108.898435
31,6,2879.414297
31,6,2879.414297
31,7,2875.891156
31,7,2875.891156
31,8,2259.269029
31,8,2259.269029
31,12,2243.541955
31,12,2243.541955
31,14,2108.898435
31,14,2108.898435
32,6,2879.414297
32,6,2879.414297
32,6,2879.414297
32,7,2875.891156
32,7,2875.891156
32,7,2875.891156
32,8,2259.269029
32,8,2259.269029
32,8,2259.269029
32,12,2243.541955
32,12,2243.541955
32,12,2243.541955
32,14,2108.898435
32,14,2108.898435
32,14,2108.898435
33,6,2879.414297
33,6,2879.414297
33,6,2879.414297
33,6,2879.414297
33,7,2875.891156
33,7,2875.891156
33,7,2875.891156
33,7,2875.891156
33,8,2259.269029
33,8,2259.269029
33,8,2259.269029
33,8,2259.269029
33,12,2243.541955
33,12,2243.541955
33,12,2243.541955
33,12,2243.541955
33,14,2108.898435
33,14,2108.898435
33,14,2108.898435
33,14,2108.898435
34,6,2845.159111
34,7,2258.860534
34,8,2235.306262
34,12,2231.152883
34,13,2109.466310
34,14,2103.842478
35,6,2845.159111
35,6,2845.159111
35,7,2258.860534
35,7,2258.860534
35,8,2235.306262
35,8,2235.306262
35,12,2231.152883
35,12,2231.152883
35,13,2109.466310
35,13,2109.466310
35,14,2103.842478
35,14,2103.842478
36,6,2845.159111
36,6,2845.159111
36,6,2845.159111
36,7,2258.860534
36,7,2258.860534
36,7,2258.860534
36,8,2235.306262
36,8,2235.306262
36,8,2235.306262
36,12,2231.152883
36,12,2231.152883
36,12,2231.152883
36,13,2109.466310
36,13,2109.466310
36,13,2109.466310
36,14,2103.842478
36,14,2103.842478
36,14,2103.842478
37,6,2845.159111
37,6,2845.159111
37,6,2845.159111
37,6,2845.159111
37,7,2258.860534
37,7,2258.860534
37,7,2258.860534
37,7,2258.860534
37,8,2235.306262
37,8,2235.306262
37,8,2235.306262
37,8,2235.306262
37,12,2231.152883
37,12,2231.152883
37,12,2231.152883
37,12,2231.152883
37,13,2109.466310
37,13,2109.466310
37,13,2109.466310
37,13,2109.466310
37,14,2103.842478
37,14,2103.842478
37,14,2103.842478
37,14,2103.842478
38,6,2708.912521
38,7,2224.361885
38,12,2217.884967
38,13,2090.902524
39,6,2708.912521
39,6,2708.912521
39,7,2224.361885
39,7,2224.361885
39,12,2217.884967
39,12,2217.884967
39,13,2090.902524
39,13,2090.902524
40,6,2708.912521
40,6,2708.912521
40,6,2708.912521
40,7,2224.361885
40,7,2224.361885
40,7,2224.361885
40,12,2217.884967
40,12,2217.884967
40,12,2217.884967
40,13,2090.902524
40,13,2090.902524
40,13,2090.902524
41,6,2708.912521
41,6,2708.912521
41,6,2708.912521
41,6,2708.912521
41,7,2224.361885
41,7,2224.361885
41,7,2224.361885
41,7,2224.361885
41,12,2217.884967
41,12,2217.884967
41,12,2217.884967
41,12,2217.884967
41,13,2090.902524
41,13,2090.902524
41,13,2090.902524
41,13,2090.902524
42,6,2547.733599
42,7,2214.303853
42,12,2213.301100
42,13,2088.420169
43,6,2547.733599
43,6,2547.733599
43,7,2214.303853
43,7,2214.303853
43,12,2213.301100
43,12,2213.301100
43,13,2088.420169
43,13,2088.420169
44,6,2547.733599
44,6,2547.733599
44,6,2547.733599
44,7,2214.303853
44,7,2214.303853
44,7,2214.303853
44,12,2213.301100
44,12,2213.301100
44,12,2213.301100
44,13,2088.420169
44,13,2088.420169
44,13,2088.420169
45,6,2547.733599
45,6,2547.733599
45,6,2547.733599
45,6,2547.733599
45,7,2214.303853
45,7,2214.303853
45,7,2214.303853
45,7,2214.303853
45,12,2213.301100
45,12,2213.301100
45,12,2213.301100
45,12,2213.301100
45,13,2088.420169
45,13,2088.420169
45,13,2088.420169
45,13,2088.420169
46,6,2375.290710
46,7,2201.145654
46,13,2084.481373
47,6,2375.290710
47,6,2375.290710
47,7,2201.145654
47,7,2201.145654
47,12,2148.407076
47,13,2084.481373
47,13,2084.481373
48,6,2375.290710
48,6,2375.290710
48,6,2375.290710
48,7,2201.145654
48,7,2201.145654
48,7,2201.145654
48,12,2148.407076
48,12,2148.407076
48,13,2084.481373
48,13,2084.481373
48,13,2084.481373
49,6,2375.290710
49,6,2375.290710
49,6,2375.290710
49,6,2375.290710
49,7,2201.145654
49,7,2201.145654
49,7,2201.145654
49,7,2201.145654
49,12,2148.407076
49,12,2148.407076
49,12,2148.407076
49,13,2084.481373
49,13,2084.481373
49,13,2084.481373
49,13,2084.481373
50,6,2368.052904
50,7,2181.643745
50,12,2148.407076
50,12,2148.407076
50,12,2148.407076
50,12,2148.407076
50,13,2080.266989
51,6,2368.052904
51,6,2368.052904
51,7,2181.643745
51,7,2181.643745
51,12,2148.407076
51,12,2148.407076
51,12,2148.407076
51,12,2148.407076
51,12,2148.407076
51,12,2148.407076
51,12,2148.407076
51,12,2148.407076
51,13,2080.266989
51,13,2080.266989
52,6,2368.052904
52,6,2368.052904
52,6,2368.052904
52,7,2181.643745
52,7,2181.643745
52,7,2181.643745
52,12,2135.145181
52,13,2080.266989
52,13,2080.266989
52,13,2080.266989
53,6,2368.052904
53,6,2368.052904
53,6,2368.052904
53,6,2368.052904
53,7,2181.643745
53,7,2181.643745
53,7,2181.643745
53,7,2181.643745
53,12,2135.145181
53,12,2135.145181
53,13,2080.266989
53,13,2080.266989
53,13,2080.266989
53,13,2080.266989
54,6,2338.462745
54,7,2173.571264
54,11,2116.792275
54,13,2080.266989
54,13,2080.266989
54,14,2066.788502
55,6,2338.462745
55,6,2338.462745
55,7,2173.571264
55,7,2173.571264
55,11,2116.792275
55,11,2116.792275
55,13,2080.266989
55,13,2080.266989
55,13,2080.266989
55,13,2080.266989
55,14,2066.788502
55,14,2066.788502
56,6,2338.462745
56,6,2338.462745
56,6,2338.462745
56,7,2173.571264
56,7,2173.571264
56,7,2173.571264
56,11,2116.792275
56,11,2116.792275
56,11,2116.792275
56,13,2080.266989
56,13,2080.266989
56,13,2080.266989
56,13,2080.266989
56,13,2080.266989
56,13,2080.266989
56,14,2066.788502
56,14,2066.788502
56,14,2066.788502
57,6,2338.462745
57,6,2338.462745
57,6,2338.462745
57,6,2338.462745
57,7,2173.571264
57,7,2173.571264
57,7,2173.571264
57,7,2173.571264
57,11,2116.792275
57,11,2116.792275
57,11,2116.792275
57,11,2116.792275
57,13,2080.266989
57,13,2080.266989
57,13,2080.266989
57,13,2080.266989
57,13,2080.266989
57,13,2080.266989
57,13,2080.266989
57,13,2080.266989
57,14,2066.788502
57,14,2066.788502
57,14,2066.788502
57,14,2066.788502
58,6,2305.197850
58,7,2163.864409
58,11,2077.599005
58,14,2066.168552
59,6,2305.197850
59,6,2305.197850
59,7,2163.864409
59,7,2163.864409
59,11,2077.599005
59,11,2077.599005
59,14,2066.168552
59,14,2066.168552
60,6,2305.197850
60,6,2305.197850
60,6,2305.197850
60,7,2163.864409
60,7,2163.864409
60,7,2163.864409
60,11,2077.599005
60,11,2077.599005
60,11,2077.599005
60,14,2066.168552
60,14,2066.168552
60,14,2066.168552
61,6,2305.197850
61,6,2305.197850
61,6,2305.197850
61,6,2305.197850
61,7,2163.864409
61,7,2163.864409
61,7,2163.864409
61,7,2163.864409
61,11,2077.599005
61,11,2077.599005
61,11,2077.599005
61,11,2077.599005
61,14,2066.168552
61,14,2066.168552
61,14,2066.168552
61,14,2066.168552
62,6,2281.259062
62,7,2156.547866
62,11,2077.191264
62,14,2064.665384
63,6,2281.259062
63,6,2281.259062
63,7,2156.547866
63,7,2156.547866
63,11,2077.191264
63,11,2077.191264
63,14,2064.665384
63,14,2064.665384
64,6,2281.259062
64,6,2281.259062
64,6,2281.259062
64,7,2156.547866
64,7,2156.547866
64,7,2156.547866
64,11,2077.191264
64,11,2077.191264
64,11,2077.191264
64,14,2064.665384
64,14,2064.665384
64,14,2064.665384
65,6,2281.259062
65,6,2281.259062
65,6,2281.259062
65,6,2281.259062
65,7,2156.547866
65,7,2156.547866
65,7,2156.547866
65,7,2156.547866
65,11,2077.191264
65,11,2077.191264
65,11,2077.191264
65,11,2077.191264
65,14,2064.665384
65,14,2064.665384
65,14,2064.665384
65,14,2064.665384
66,6,2253.294949
66,7,2156.140218
66,11,2068.914534
66,14,2063.783548
67,6,2253.294949
67,6,2253.294949
67,7,2156.140218
67,7,2156.140218
67,11,2068.914534
67,11,2068.914534
67,14,2063.783548
67,14,2063.783548
68,6,2253.294949
68,6,2253.294949
68,6,2253.294949
68,7,2156.140218
68,7,2156.140218
68,7,2156.140218
68,11,2068.914534
68,11,2068.914534
68,11,2068.914534
68,14,2063.783548
68,14,2063.783548
68,14,2063.783548
69,6,2253.294949
69,6,2253.294949
69,6,2253.294949
69,6,2253.294949
69,7,2156.140218
69,7,2156.140218
69,7,2156.140218
69,7,2156.140218
69,11,2068.914534
69,11,2068.914534
69,11,2068.914534
69,11,2068.914534
69,14,2063.783548
69,14,2063.783548
69,14,2063.783548
69,14,2063.783548
70,6,2236.290539
70,7,2146.312536
70,11,2068.752312
70,14,2063.163783
71,6,2228.928654
71,7,2134.103022
71,11,2068.752312
71,11,2068.752312
71,14,2059.625538
72,6,2228.928654
72,6,2228.928654
72,7,2134.103022
72,7,2134.103022
72,11,2068.752312
72,11,2068.752312
72,11,2068.752312
72,11,2068.752312
72,14,2059.625538
72,14,2059.625538
73,6,2228.928654
73,6,2228.928654
73,6,2228.928654
73,7,2134.103022
73,7,2134.103022
73,7,2134.103022
73,11,2068.752312
73,11,2068.752312
73,11,2068.752312
73,11,2068.752312
73,11,2068.752312
73,11,2068.752312
73,12,2060.972395
73,14,2059.625538
73,14,2059.625538
73,14,2059.625538
74,6,2228.928654
74,6,2228.928654
74,6,2228.928654
74,6,2228.928654
74,7,2134.103022
74,7,2134.103022
74,7,2134.103022
74,7,2134.103022
74,11,2068.752312
74,11,2068.752312
74,11,2068.752312
74,11,2068.752312
74,11,2068.752312
74,11,2068.752312
74,11,2068.752312
74,11,2068.752312
74,12,2060.972395
74,12,2060.972395
74,14,2059.625538
74,14,2059.625538
74,14,2059.625538
74,14,2059.625538
75,6,2228.928654
75,6,2228.928654
75,6,2228.928654
75,6,2228.928654
75,6,2228.928654
75,7,2134.103022
75,7,2134.103022
75,7,2134.103022
75,7,2134.103022
75,7,2134.103022
75,11,2068.752312
75,11,2068.752312
75,11,2068.752312
75,11,2068.752312
75,11,2068.752312
75,11,2068.752312
75,11,2068.752312
75,11,2068.752312
75,11,2068.752312
75,11,2068.752312
75,12,2060.972395
75,12,2060.972395
75,12,2060.972395
75,14,2059.625538
75,14,2059.625538
75,14,2059.625538
75,14,2059.625538
75,14,2059.625538
76,6,2220.014826
76,7,2120.678971
76,11,2068.752312
76,11,2068.752312
76,11,2068.752312
76,11,2068.752312
76,11,2068.752312
76,11,2068.752312
76,11,2068.752312
76,11,2068.752312
76,11,2068.752312
76,12,2060.972395
76,12,2060.972395
76,12,2060.972395
76,12,2060.972395
76,14,2059.625538
76,14,2059.625538
76,14,2059.625538
76,14,2059.625538
76,14,2059.625538
76,14,2059.625538
77,6,2220.014826
77,6,2220.014826
77,7,2120.678971
77,7,2120.678971
77,11,2068.752312
77,11,2068.752312
77,11,2068.752312
77,11,2068.752312
77,11,2068.752312
77,11,2068.752312
77,11,2068.752312
77,11,2068.752312
77,11,2068.752312
77,11,2068.752312
77,11,2068.752312
77,11,2068.752312
77,11,2068.752312
77,11,2068.752312
77,11,2068.752312
77,11,2068.752312
77,11,2068.752312
77,11,2068.752312
77,12,2060.972395
77,12,2060.972395
77,12,2060.972395
77,12,2060.972395
77,12,2060.972395
77,12,2060.972395
77,12,2060.972395
77,12,2060.972395
77,14,2059.625538
77,14,2059.625538
77,14,2059.625538
77,14,2059.625538
77,14,2059.625538
77,14,2059.625538
77,14,2059.625538
77,14,2059.625538
77,14,2059.625538
77,14,2059.625538
77,14,2059.625538
77,14,2059.625538
78,6,2220.014826
78,6,2220.014826
78,6,2220.014826
78,7,2120.678971
78,7,2120.678971
78,7,2120.678971
78,11,2068.752312
78,11,2068.752312
78,11,2068.752312
78,11,2068.752312
78,11,2068.752312
78,11,2068.752312
78,11,2068.752312
78,11,2068.752312
78,11,2068.752312
78,11,2068.752312
78,11,2068.752312
78,11,2068.752312
78,11,2068.752312
78,11,2068.752312
78,11,2068.752312
78,11,2068.752312
78,11,2068.752312
78,11,2068.752312
78,11,2068.752312
78,11,2068.752312
78,11,2068.752312
78,11,2068.752312
78,11,2068.752312
78,11,2068.752312
78,11,2068.752312
78,11,2068.752312
78,11,2068.752312
78,12,2060.972395
78,12,2060.972395
78,12,2060.972395
78,12,2060.972395
78,12,2060.972395
78,12,2060.972395
78,12,2060.972395
78,12,2060.972395
78,12,2060.972395
78,12,2060.972395
78,12,2060.972395
78,12,2060.972395
78,14,2059.625538
78,14,2059.625538
78,14,2059.625538
78,14,2059.625538
78,14,2059.625538
78,14,2059.625538
78,14,2059.625538
78,14,2059.625538
78,14,2059.625538
78,14,2059.625538
78,14,2059.625538
78,14,2059.625538
78,14,2059.625538
78,14,2059.625538
78,14,2059.625538
78,14,2059.625538
78,14,2059.625538
78,14,2059.625538
79,6,2220.014826
79,6,2220.014826
79,6,2220.014826
79,6,2220.014826
79,7,2120.678971
79,7,2120.678971
79,7,2120.678971
79,7,2120.678971
79,11,2068.752312
79,11,2068.752312
79,11,2068.752312
79,11,2068.752312
79,11,2068.752312
79,11,2068.752312
79,11,2068.752312
79,11,2068.752312
79,11,2068.752312
79,11,2068.752312
79,11,2068.752312
79,11,2068.752312
79,11,2068.752312
79,11,2068.752312
79,11,2068.752312
79,11,2068.752312
79,11,2068.752312
79,11,2068.752312
79,11,2068.752312
79,11,2068.752312
79,11,2068.752312
79,11,2068.752312
79,11,2068.752312
79,11,2068.752312
79,11,2068.752312
79,11,2068.752312
79,11,2068.752312
79,11,2068.752312
79,11,2068.752312
79,11,2068.752312
79,11,2068.752312
79,11,2068.752312
79,11,2068.752312
79,11,2068.752312
79,11,2068.752312
79,11,2068.752312
79,12,2060.972395
79,12,2060.972395
79,12,2060.972395
79,12,2060.972395
79,12,2060.972395
79,12,2060.972395
79,12,2060.972395
79,12,2060.972395
79,12,2060.972395
79,12,2060.972395
79,12,2060.972395
79,12,2060.972395
79,12,2060.972395
79,12,2060.972395
79,12,2060.972395
79,12,2060.972395
79,14,2059.625538
79,14,2059.625538
79,14,2059.625538
79,14,2059.625538
79,14,2059.625538
79,14,2059.625538
79,14,2059.625538
79,14,2059.625538
79,14,2059.625538
79,14,2059.625538
79,14,2059.625538
79,14,2059.625538
79,14,2059.625538
79,14,2059.625538
79,14,2059.625538
79,14,2059.625538
79,14,2059.625538
79,14,2059.625538
79,14,2059.625538
79,14,2059.625538
79,14,2059.625538
79,14,2059.625538
79,14,2059.625538
79,14,2059.625538
80,6,2220.014826
80,6,2220.014826
80,6,2220.014826
80,7,2117.379386
80,11,2059.192599
80,12,2053.872524
81,6,2220.014826
81,6,2220.014826
81,6,2220.014826
81,6,2220.014826
81,6,2220.014826
81,6,2220.014826
81,7,2117.379386
81,7,2117.379386
81,11,2059.192599
81,11,2059.192599
81,12,2053.872524
81,12,2053.872524
82,6,2220.014826
82,6,2220.014826
82,6,2220.014826
82,6,2220.014826
82,6,2220.014826
82,6,2220.014826
82,6,2220.014826
82,6,2220.014826
82,6,2220.014826
82,7,2117.379386
82,7,2117.379386
82,7,2117.379386
82,11,2059.192599
82,11,2059.192599
82,11,2059.192599
82,12,2053.872524
82,12,2053.872524
82,12,2053.872524
83,6,2220.014826
83,6,2220.014826
83,6,2220.014826
83,6,2220.014826
83,6,2220.014826
83,6,2220.014826
83,6,2220.014826
83,6,2220.014826
83,6,2220.014826
83,6,2220.014826
83,6,2220.014826
83,6,2220.014826
83,7,2117.379386
83,7,2117.379386
83,7,2117.379386
83,7,2117.379386
83,11,2059.192599
83,11,2059.192599
83,11,2059.192599
83,11,2059.192599
83,12,2053.872524
83,12,2053.872524
83,12,2053.872524
83,12,2053.872524
84,6,2203.714378
84,7,2112.365276
84,11,2051.031496
84,12,2037.619938
85,6,2203.714378
85,6,2203.714378
85,7,2112.365276
85,7,2112.365276
85,11,2051.031496
85,11,2051.031496
85,12,2037.619938
85,12,2037.619938
86,6,2203.714378
86,6,2203.714378
86,6,2203.714378
86,7,2112.365276
86,7,2112.365276
86,7,2112.365276
86,11,2051.031496
86,11,2051.031496
86,11,2051.031496
86,12,2037.619938
86,12,2037.619938
86,12,2037.619938
87,6,2203.714378
87,6,2203.714378
87,6,2203.714378
87,6,2203.714378
87,7,2112.365276
87,7,2112.365276
87,7,2112.365276
87,7,2112.365276
87,11,2051.031496
87,11,2051.031496
87,11,2051.031496
87,11,2051.031496
87,12,2037.619938
87,12,2037.619938
87,12,2037.619938
87,12,2037.619938
88,6,2197.433614
88,7,2112.011345
88,11,2041.838530
88,12,2037.619938
88,12,2037.619938
88,12,2037.619938
88,12,2037.619938
89,6,2186.553278
89,7,2112.011345
89,11,2041.603931
89,12,2037.619938
89,12,2037.619938
89,12,2037.619938
89,12,2037.619938
89,12,2037.619938
89,12,2037.619938
89,12,2037.619938
89,12,2037.619938
89,12,2037.619938
89,12,2037.619938
90,6,2186.553278
90,6,2186.553278
90,7,2112.011345
90,7,2112.011345
90,11,2041.603931
90,11,2041.603931
90,12,2037.619938
90,12,2037.619938
90,12,2037.619938
90,12,2037.619938
90,12,2037.619938
90,12,2037.619938
90,12,2037.619938
90,12,2037.619938
90,12,2037.619938
90,12,2037.619938
90,12,2037.619938
90,12,2037.619938
90,12,2037.619938
90,12,2037.619938
90,12,2037.619938
90,12,2037.619938
90,12,2037.619938
90,12,2037.619938
90,12,2037.619938
90,12,2037.619938
91,6,2186.553278
91,6,2186.553278
91,6,2186.553278
91,7,2112.011345
91,7,2112.011345
91,7,2112.011345
91,11,2041.603931
91,11,2041.603931
91,11,2041.603931
91,12,2037.619938
91,12,2037.619938
91,12,2037.619938
91,12,2037.619938
91,12,2037.619938
91,12,2037.619938
91,12,2037.619938
91,12,2037.619938
91,12,2037.619938
91,12,2037.619938
91,12,2037.619938
91,12,2037.619938
91,12,2037.619938
91,12,2037.619938
91,12,2037.619938
91,12,2037.619938
91,12,2037.619938
91,12,2037.619938
91,12,2037.619938
91,12,2037.619938
91,12,2037.619938
91,12,2037.619938
91,12,2037.619938
91,12,2037.619938
91,12,2037.619938
91,12,2037.619938
91,12,2037.619938
91,12,2037.619938
91,12,2037.619938
91,12,2037.619938
92,6,2186.553278
92,6,2186.553278
92,6,2186.553278
92,6,2186.553278
92,7,2112.011345
92,7,2112.011345
92,7,2112.011345
92,7,2112.011345
92,11,2041.603931
92,11,2041.603931
92,11,2041.603931
92,11,2041.603931
92,12,2037.619938
92,12,2037.619938
92,12,2037.619938
92,12,2037.619938
92,12,2037.619938
92,12,2037.619938
92,12,2037.619938
92,12,2037.619938
92,12,2037.619938
92,12,2037.619938
92,12,2037.619938
92,12,2037.619938
92,12,2037.619938
92,12,2037.619938
92,12,2037.619938
92,12,2037.619938
92,12,2037.619938
92,12,2037.619938
92,12,2037.619938
92,12,2037.619938
92,12,2037.619938
92,12,2037.619938
92,12,2037.619938
92,12,2037.619938
92,12,2037.619938
92,12,2037.619938
92,12,2037.619938
92,12,2037.619938
92,12,2037.619938
92,12,2037.619938
92,12,2037.619938
92,12,2037.619938
92,12,2037.619938
92,12,2037.619938
92,12,2037.619938
92,12,2037.619938
92,12,2037.619938
92,12,2037.619938
92,12,2037.619938
92,12,2037.619938
93,6,2176.396230
93,7,2107.987519
93,11,2036.034994
93,12,2032.858346
94,6,2176.396230
94,6,2176.396230
94,7,2107.987519
94,7,2107.987519
94,10,2085.322757
94,11,2036.034994
94,11,2036.034994
94,12,2032.858346
94,12,2032.858346
95,6,2176.396230
95,6,2176.396230
95,6,2176.396230
95,7,2107.987519
95,7,2107.987519
95,7,2107.987519
95,10,2085.322757
95,10,2085.322757
95,11,2036.034994
95,11,2036.034994
95,11,2036.034994
95,12,2032.858346
95,12,2032.858346
95,12,2032.858346
96,6,2176.396230
96,6,2176.396230
96,6,2176.396230
96,6,2176.396230
96,7,2107.987519
96,7,2107.987519
96,7,2107.987519
96,7,2107.987519
96,10,2085.322757
96,10,2085.322757
96,10,2085.322757
96,11,2036.034994
96,11,2036.034994
96,11,2036.034994
96,11,2036.034994
96,12,2032.858346
96,12,2032.858346
96,12,2032.858346
96,12,2032.858346
97,6,2171.101211
97,7,2107.987519
97,7,2107.987519
97,7,2107.987519
97,10,2082.765868
97,11,2035.872771
97,12,2032.696123
98,6,2171.101211
98,6,2171.101211
98,7,2107.987519
98,7,2107.987519
98,7,2107.987519
98,7,2107.987519
98,7,2107.987519
98,7,2107.987519
98,10,2082.765868
98,10,2082.765868
98,11,2035.872771
98,11,2035.872771
98,12,2032.696123
98,12,2032.696123
98,14,2030.679598
99,6,2171.101211
99,6,2171.101211
99,6,2171.101211
99,7,2107.987519
99,7,2107.987519
99,7,2107.987519
99,7,2107.987519
99,7,2107.987519
99,7,2107.987519
99,7,2107.987519
99,7,2107.987519
99,7,2107.987519
99,10,2082.765868
99,10,2082.765868
99,10,2082.765868
99,11,2035.872771
99,11,2035.872771
99,11,2035.872771
99,12,2032.696123
99,12,2032.696123
99,12,2032.696123
99,14,2030.679598
99,14,2030.679598
100,6,2171.101211
100,6,2171.101211
100,6,2171.101211
100,6,2171.101211
100,7,2107.987519
100,7,2107.987519
100,7,2107.987519
100,7,2107.987519
100,7,2107.987519
100,7,2107.987519
100,7,2107.987519
100,7,2107.987519
100,7,2107.987519
100,7,2107.987519
100,7,2107.987519
100,7,2107.987519
100,10,2082.765868
100,10,2082.765868
100,10,2082.765868
100,10,2082.765868
100,11,2035.872771
100,11,2035.872771
100,11,2035.872771
100,11,2035.872771
100,12,2032.696123
100,12,2032.696123
100,12,2032.696123
100,12,2032.696123
100,14,2030.679598
100,14,2030.679598
100,14,2030.679598
101,6,2164.855463
101,7,2107.723191
101,10,2082.538137
101,11,2035.765444
101,12,2032.696123
101,12,2032.696123
101,12,2032.696123
101,13,2027.503791
102,6,2164.855463
102,6,2164.855463
102,7,2107.723191
102,7,2107.723191
102,10,2082.538137
102,10,2082.538137
102,11,2035.765444
102,11,2035.765444
102,12,2032.696123
102,12,2032.696123
102,12,2032.696123
102,12,2032.696123
102,12,2032.696123
102,12,2032.696123
102,13,2027.503791
102,13,2027.503791
103,6,2164.855463
103,6,2164.855463
103,6,2164.855463
103,7,2107.723191
103,7,2107.723191
103,7,2107.723191
103,10,2082.538137
103,10,2082.538137
103,10,2082.538137
103,11,2035.765444
103,11,2035.765444
103,11,2035.765444
103,12,2032.696123
103,12,2032.696123
103,12,2032.696123
103,12,2032.696123
103,12,2032.696123
103,12,2032.696123
103,12,2032.696123
103,12,2032.696123
103,12,2032.696123
103,13,2027.503791
103,13,2027.503791
103,13,2027.503791
104,6,2164.855463
104,6,2164.855463
104,6,2164.855463
104,6,2164.855463
104,7,2107.723191
104,7,2107.723191
104,7,2107.723191
104,7,2107.723191
104,10,2082.538137
104,10,2082.538137
104,10,2082.538137
104,10,2082.538137
104,11,2035.765444
104,11,2035.765444
104,11,2035.765444
104,11,2035.765444
104,12,2032.696123
104,12,2032.696123
104,12,2032.696123
104,12,2032.696123
104,12,2032.696123
104,12,2032.696123
104,12,2032.696123
104,12,2032.696123
104,12,2032.696123
104,12,2032.696123
104,12,2032.696123
104,12,2032.696123
104,13,2027.503791
104,13,2027.503791
104,13,2027.503791
104,13,2027.503791
105,6,2164.855463
105,6,2164.855463
105,6,2164.855463
105,6,2164.855463
105,7,2107.644197
105,10,2031.241901
105,12,2027.405686
106,6,2164.855463
106,6,2164.855463
106,6,2164.855463
106,6,2164.855463
106,6,2164.855463
106,6,2164.855463
106,6,2164.855463
106,6,2164.855463
106,7,2107.644197
106,7,2107.644197
106,10,2031.241901
106,11,2023.643740
107,6,2164.855463
107,6,2164.855463
107,6,2164.855463
107,6,2164.855463
107,6,2164.855463
107,6,2164.855463
107,6,2164.855463
107,6,2164.855463
107,6,2164.855463
107,6,2164.855463
107,6,2164.855463
107,6,2164.855463
107,6,2164.855463
107,6,2164.855463
107,6,2164.855463
107,6,2164.855463
107,7,2107.644197
107,7,2107.644197
107,7,2107.644197
107,7,2107.644197
107,10,2031.241901
107,10,2031.241901
107,11,2023.643740
107,11,2023.643740
108,6,2164.855463
108,6,2164.855463
108,6,2164.855463
108,6,2164.855463
108,6,2164.855463
108,6,2164.855463
108,6,2164.855463
108,6,2164.855463
108,6,2164.855463
108,6,2164.855463
108,6,2164.855463
108,6,2164.855463
108,6,2164.855463
108,6,2164.855463
108,6,2164.855463
108,6,2164.855463
108,6,2164.855463
108,6,2164.855463
108,6,2164.855463
108,6,2164.855463
108,6,2164.855463
108,6,2164.855463
108,6,2164.855463
108,6,2164.855463
108,7,2107.644197
108,7,2107.644197
108,7,2107.644197
108,7,2107.644197
108,7,2107.644197
108,7,2107.644197
108,10,2031.241901
108,10,2031.241901
108,10,2031.241901
108,11,2023.643740
108,11,2023.643740
108,11,2023.643740
109,6,2164.855463
109,6,2164.855463
109,6,2164.855463
109,6,2164.855463
109,6,2164.855463
109,6,2164.855463
109,6,2164.855463
109,6,2164.855463
109,6,2164.855463
109,6,2164.855463
109,6,2164.855463
109,6,2164.855463
109,6,2164.855463
109,6,2164.855463
109,6,2164.855463
109,6,2164.855463
109,6,2164.855463
109,6,2164.855463
109,6,2164.855463
109,6,2164.855463
109,6,2164.855463
109,6,2164.855463
109,6,2164.855463
109,6,2164.855463
109,6,2164.855463
109,6,2164.855463
109,6,2164.855463
109,6,2164.855463
109,6,2164.855463
109,6,2164.855463
109,6,2164.855463
109,6,2164.855463
109,7,2107.644197
109,7,2107.644197
109,7,2107.644197
109,7,2107.644197
109,7,2107.644197
109,7,2107.644197
109,7,2107.644197
109,7,2107.644197
109,10,2031.241901
109,10,2031.241901
109,10,2031.241901
109,10,2031.241901
109,11,2023.643740
109,11,2023.643740
109,11,2023.643740
109,11,2023.643740
110,6,2164.855463
110,6,2164.855463
110,6,2164.855463
110,6,2164.855463
110,6,2164.855463
110,6,2164.855463
110,6,2164.855463
110,6,2164.855463
110,6,2164.855463
110,6,2164.855463
110,6,2164.855463
110,6,2164.855463
110,6,2164.855463
110,6,2164.855463
110,6,2164.855463
110,6,2164.855463
110,6,2164.855463
110,6,2164.855463
110,6,2164.855463
110,6,2164.855463
110,6,2164.855463
110,6,2164.855463
110,6,2164.855463
110,6,2164.855463
110,6,2164.855463
110,6,2164.855463
110,6,2164.855463
110,6,2164.855463
110,6,2164.855463
110,6,2164.855463
110,6,2164.855463
110,6,2164.855463
110,6,2164.855463
110,6,2164.855463
110,6,2164.855463
110,6,2164.855463
110,6,2164.855463
110,6,2164.855463
110,6,2164.855463
110,6,2164.855463
110,7,2107.644197
110,7,2107.644197
110,7,2107.644197
110,7,2107.644197
110,7,2107.644197
110,7,2107.644197
110,7,2107.644197
110,7,2107.644197
110,7,2107.644197
110,7,2107.644197
110,8,2100.517574
110,10,2031.241901
110,10,2031.241901
110,10,2031.241901
110,10,2031.241901
110,10,2031.241901
110,11,2023.643740
110,11,2023.643740
110,11,2023.643740
110,11,2023.643740
110,11,2023.643740
111,6,2164.855463
111,6,2164.855463
111,6,2164.855463
111,6,2164.855463
111,6,2164.855463
111,6,2164.855463
111,6,2164.855463
111,6,2164.855463
111,6,2164.855463
111,6,2164.855463
111,6,2164.855463
111,6,2164.855463
111,6,2164.855463
111,6,2164.855463
111,6,2164.855463
111,6,2164.855463
111,6,2164.855463
111,6,2164.855463
111,6,2164.855463
111,6,2164.855463
111,6,2164.855463
111,6,2164.855463
111,6,2164.855463
111,6,2164.855463
111,6,2164.855463
111,6,2164.855463
111,6,2164.855463
111,6,2164.855463
111,6,2164.855463
111,6,2164.855463
111,6,2164.855463
111,6,2164.855463
111,6,2164.855463
111,6,2164.855463
111,6,2164.855463
111,6,2164.855463
111,6,2164.855463
111,6,2164.855463
111,6,2164.855463
111,6,2164.855463
111,6,2164.855463
111,6,2164.855463
111,6,2164.855463
111,6,2164.855463
111,6,2164.855463
111,6,2164.855463
111,6,2164.855463
111,6,2164.855463
111,7,2107.644197
111,7,2107.644197
111,7,2107.644197
111,7,2107.644197
111,7,2107.644197
111,7,2107.644197
111,7,2107.644197
111,7,2107.644197
111,7,2107.644197
111,7,2107.644197
111,7,2107.644197
111,7,2107.644197
111,8,2100.517574
111,8,2100.517574
111,10,2031.241901
111,10,2031.241901
111,10,2031.241901
111,10,2031.241901
111,10,2031.241901
111,10,2031.241901
111,11,2023.643740
111,11,2023.643740
111,11,2023.643740
111,11,2023.643740
111,11,2023.643740
111,11,2023.643740
112,6,2164.855463
112,6,2164.855463
112,6,2164.855463
112,6,2164.855463
112,6,2164.855463
112,6,2164.855463
112,6,2164.855463
112,6,2164.855463
112,6,2164.855463
112,6,2164.855463
112,6,2164.855463
112,6,2164.855463
112,6,2164.855463
112,6,2164.855463
112,6,2164.855463
112,6,2164.855463
112,6,2164.855463
112,6,2164.855463
112,6,2164.855463
112,6,2164.855463
112,6,2164.855463
112,6,2164.855463
112,6,2164.855463
112,6,2164.855463
112,6,2164.855463
112,6,2164.855463
112,6,2164.855463
112,6,2164.855463
112,6,2164.855463
112,6,2164.855463
112,6,2164.855463
112,6,2164.855463
112,6,2164.855463
112,6,2164.855463
112,6,2164.855463
112,6,2164.855463
112,6,2164.855463
112,6,2164.855463
112,6,2164.855463
112,6,2164.855463
112,6,2164.855463
112,6,2164.855463
112,6,2164.855463
112,6,2164.855463
112,6,2164.855463
112,6,2164.855463
112,6,2164.855463
112,6,2164.855463
112,6,2164.855463
112,6,2164.855463
112,6,2164.855463
112,6,2164.855463
112,6,2164.855463
112,6,2164.855463
112,6,2164.855463
112,6,2164.855463
112,7,2107.644197
112,7,2107.644197
112,7,2107.644197
112,7,2107.644197
112,7,2107.644197
112,7,2107.644197
112,7,2107.644197
112,7,2107.644197
112,7,2107.644197
112,7,2107.644197
112,7,2107.644197
112,7,2107.644197
112,7,2107.644197
112,7,2107.644197
112,8,2100.517574
112,8,2100.517574
112,8,2100.517574
112,10,2031.241901
112,10,2031.241901
112,10,2031.241901
112,10,2031.241901
112,10,2031.241901
112,10,2031.241901
112,10,2031.241901
112,11,2023.643740
112,11,2023.643740
112,11,2023.643740
112,11,2023.643740
112,11,2023.643740
112,11,2023.643740
112,11,2023.643740
113,6,2146.103486
113,7,2107.644197
113,7,2107.644197
113,7,2107.644197
113,7,2107.644197
113,7,2107.644197
113,7,2107.644197
113,7,2107.644197
113,7,2107.644197
113,8,2100.517574
113,8,2100.517574
113,8,2100.517574
113,10,2031.014170
113,11,2021.236991
114,6,2146.103486
114,6,2146.103486
114,7,2107.644197
114,7,2107.644197
114,7,2107.644197
114,7,2107.644197
114,7,2107.644197
114,7,2107.644197
114,7,2107.644197
114,7,2107.644197
114,7,2107.644197
114,7,2107.644197
114,7,2107.644197
114,7,2107.644197
114,7,2107.644197
114,7,2107.644197
114,7,2107.644197
114,7,2107.644197
114,8,2100.517574
114,8,2100.517574
114,8,2100.517574
114,8,2100.517574
114,8,2100.517574
114,8,2100.517574
114,10,2031.014170
114,10,2031.014170
114,11,2021.236991
114,11,2021.236991
115,6,2146.103486
115,6,2146.103486
115,6,2146.103486
115,7,2107.644197
115,7,2107.644197
115,7,2107.644197
115,7,2107.644197
115,7,2107.644197
115,7,2107.644197
115,7,2107.644197
115,7,2107.644197
115,7,2107.644197
115,7,2107.644197
115,7,2107.644197
115,7,2107.644197
115,7,2107.644197
115,7,2107.644197
115,7,2107.644197
115,7,2107.644197
115,7,2107.644197
115,7,2107.644197
115,7,2107.644197
115,7,2107.644197
115,7,2107.644197
115,7,2107.644197
115,7,2107.644197
115,7,2107.644197
115,8,2100.517574
115,8,2100.517574
115,8,2100.517574
115,8,2100.517574
115,8,2100.517574
115,8,2100.517574
115,8,2100.517574
115,8,2100.517574
115,8,2100.517574
115,10,2031.014170
115,10,2031.014170
115,10,2031.014170
115,11,2021.236991
115,11,2021.236991
115,11,2021.236991
116,6,2146.103486
116,6,2146.103486
116,6,2146.103486
116,6,2146.103486
116,7,2107.610943
116,8,2100.517574
116,8,2100.517574
116,8,2100.517574
116,8,2100.517574
116,8,2100.517574
116,8,2100.517574
116,8,2100.517574
116,8,2100.517574
116,8,2100.517574
116,8,2100.517574
116,8,2100.517574
116,8,2100.517574
116,10,2031.014170
116,10,2031.014170
116,10,2031.014170
116,10,2031.014170
116,11,2021.236991
116,11,2021.236991
116,11,2021.236991
116,11,2021.236991
117,6,2145.595751
117,7,2107.610943
117,7,2107.610943
117,8,2095.218132
117,10,2030.851947
117,11,2020.992238
118,6,2145.595751
118,6,2145.595751
118,7,2107.610943
118,7,2107.610943
118,7,2107.610943
118,7,2107.610943
118,8,2095.218132
118,8,2095.218132
118,10,2030.851947
118,10,2030.851947
118,11,2020.992238
118,11,2020.992238
119,6,2145.595751
119,6,2145.595751
119,6,2145.595751
119,7,2107.610943
119,7,2107.610943
119,7,2107.610943
119,7,2107.610943
119,7,2107.610943
119,7,2107.610943
119,8,2095.218132
119,8,2095.218132
119,8,2095.218132
119,10,2030.851947
119,10,2030.851947
119,10,2030.851947
119,11,2020.992238
119,11,2020.992238
119,11,2020.992238
120,6,2145.595751
120,6,2145.595751
120,6,2145.595751
120,6,2145.595751
120,7,2107.610943
120,7,2107.610943
120,7,2107.610943
120,7,2107.610943
120,7,2107.610943
120,7,2107.610943
120,7,2107.610943
120,7,2107.610943
120,8,2095.218132
120,8,2095.218132
120,8,2095.218132
120,8,2095.218132
120,10,2030.851947
120,10,2030.851947
120,10,2030.851947
120,10,2030.851947
120,11,2020.992238
120,11,2020.992238
120,11,2020.992238
120,11,2020.992238
121,6,2145.595751
121,6,2145.595751
121,6,2145.595751
121,6,2145.595751
121,6,2145.595751
121,7,2103.860724
121,8,2090.720407
121,10,2030.607194
121,11,2020.764507
122,6,2145.595751
122,6,2145.595751
122,6,2145.595751
122,6,2145.595751
122,6,2145.595751
122,6,2145.595751
122,6,2145.595751
122,6,2145.595751
122,6,2145.595751
122,6,2145.595751
122,7,2103.860724
122,7,2103.860724
122,8,2090.720407
122,8,2090.720407
122,10,2030.607194
122,10,2030.607194
122,11,2020.764507
122,11,2020.764507
123,6,2145.595751
123,6,2145.595751
123,6,2145.595751
123,6,2145.595751
123,6,2145.595751
123,6,2145.595751
123,6,2145.595751
123,6,2145.595751
123,6,2145.595751
123,6,2145.595751
123,6,2145.595751
123,6,2145.595751
123,6,2145.595751
123,6,2145.595751
123,6,2145.595751
123,7,2103.860724
123,7,2103.860724
123,7,2103.860724
123,8,2090.720407
123,8,2090.720407
123,8,2090.720407
123,10,2030.607194
123,10,2030.607194
123,10,2030.607194
123,11,2020.764507
123,11,2020.764507
123,11,2020.764507
124,6,2145.595751
124,6,2145.595751
124,6,2145.595751
124,6,2145.595751
124,6,2145.595751
124,6,2145.595751
124,6,2145.595751
124,6,2145.595751
124,6,2145.595751
124,6,2145.595751
124,6,2145.595751
124,6,2145.595751
124,6,2145.595751
124,6,2145.595751
124,6,2145.595751
124,6,2145.595751
124,6,2145.595751
124,6,2145.595751
124,6,2145.595751
124,6,2145.595751
124,7,2103.860724
124,7,2103.860724
124,7,2103.860724
124,7,2103.860724
124,8,2090.720407
124,8,2090.720407
124,8,2090.720407
124,8,2090.720407
124,10,2030.607194
124,10,2030.607194
124,10,2030.607194
124,10,2030.607194
124,11,2020.764507
124,11,2020.764507
124,11,2020.764507
124,11,2020.764507
125,6,2135.494873
125,7,2103.860724
125,7,2103.860724
125,8,2076.067442
125,10,2029.020365
125,11,2013.174407
126,6,2135.494873
126,7,2103.860724
126,7,2103.860724
126,7,2103.860724
126,7,2103.860724
126,7,2103.860724
126,7,2103.860724
126,8,2075.521027
126,10,2029.020365
126,11,2013.174407
126,11,2013.174407
127,6,2134.734073
127,7,2103.860724
127,7,2103.860724
127,7,2103.860724
127,7,2103.860724
127,7,2103.860724
127,7,2103.860724
127,7,2103.860724
127,7,2103.860724
127,7,2103.860724
127,7,2103.860724
127,8,2075.521027
127,8,2075.521027
127,10,2024.544277
127,11,2013.174407
127,11,2013.174407
127,11,2013.174407
127,11,2013.174407
127,11,2013.174407
127,11,2013.174407
128,6,2133.032744
128,7,2103.860724
128,7,2103.860724
128,7,2103.860724
128,7,2103.860724
128,7,2103.860724
128,7,2103.860724
128,7,2103.860724
128,7,2103.860724
128,7,2103.860724
128,7,2103.860724
128,7,2103.860724
128,7,2103.860724
128,7,2103.860724
128,7,2103.860724
128,7,2103.860724
128,7,2103.860724
128,7,2103.860724
128,7,2103.860724
128,7,2103.860724
128,8,2075.521027
128,8,2075.521027
128,8,2075.521027
128,8,2075.521027
128,8,2075.521027
128,10,2024.423945
128,11,2013.174407
128,11,2013.174407
128,11,2013.174407
128,11,2013.174407
128,11,2013.174407
128,11,2013.174407
128,11,2013.174407
128,11,2013.174407
128,11,2013.174407
128,11,2013.174407
128,11,2013.174407
128,11,2013.174407
128,11,2013.174407
128,11,2013.174407
128,11,2013.174407
129,6,2133.032744
129,6,2133.032744
129,7,2103.860724
129,7,2103.860724
129,7,2103.860724
129,7,2103.860724
129,7,2103.860724
129,7,2103.860724
129,7,2103.860724
129,7,2103.860724
129,7,2103.860724
129,7,2103.860724
129,7,2103.860724
129,7,2103.860724
129,7,2103.860724
129,7,2103.860724
129,7,2103.860724
129,7,2103.860724
129,7,2103.860724
129,7,2103.860724
129,7,2103.860724
129,7,2103.860724
129,7,2103.860724
129,7,2103.860724
129,7,2103.860724
129,7,2103.860724
129,7,2103.860724
129,7,2103.860724
129,7,2103.860724
129,7,2103.860724
129,7,2103.860724
129,7,2103.860724
129,7,2103.860724
129,7,2103.860724
129,7,2103.860724
129,7,2103.860724
129,7,2103.860724
129,7,2103.860724
129,7,2103.860724
129,7,2103.860724
129,7,2103.860724
129,7,2103.860724
129,7,2103.860724
129,8,2075.521027
129,8,2075.521027
129,8,2075.521027
129,8,2075.521027
129,8,2075.521027
129,8,2075.521027
129,8,2075.521027
129,8,2075.521027
129,8,2075.521027
129,8,2075.521027
129,8,2075.521027
129,8,2075.521027
129,8,2075.521027
129,10,2024.423945
129,11,2012.450450
130,6,2133.032744
130,6,2133.032744
130,6,2133.032744
130,6,2133.032744
130,6,2133.032744
130,7,2103.860724
130,7,2103.860724
130,7,2103.860724
130,7,2103.860724
130,7,2103.860724
130,7,2103.860724
130,7,2103.860724
130,7,2103.860724
130,7,2103.860724
130,7,2103.860724
130,7,2103.860724
130,7,2103.860724
130,7,2103.860724
130,7,2103.860724
130,7,2103.860724
130,7,2103.860724
130,7,2103.860724
130,7,2103.860724
130,7,2103.860724
130,7,2103.860724
130,7,2103.860724
130,7,2103.860724
130,7,2103.860724
130,7,2103.860724
130,7,2103.860724
130,7,2103.860724
130,7,2103.860724
130,7,2103.860724
130,7,2103.860724
130,7,2103.860724
130,7,2103.860724
130,7,2103.860724
130,7,2103.860724
130,7,2103.860724
130,7,2103.860724
130,7,2103.860724
130,7,2103.860724
130,7,2103.860724
130,7,2103.860724
130,7,2103.860724
130,7,2103.860724
130,7,2103.860724
130,7,2103.860724
130,7,2103.860724
130,7,2103.860724
130,7,2103.860724
130,7,2103.860724
130,7,2103.860724
130,7,2103.860724
130,7,2103.860724
130,7,2103.860724
130,7,2103.860724
130,7,2103.860724
130,7,2103.860724
130,7,2103.860724
130,7,2103.860724
130,7,2103.860724
130,7,2103.860724
130,7,2103.860724
130,7,2103.860724
130,7,2103.860724
130,7,2103.860724
130,7,2103.860724
130,7,2103.860724
130,7,2103.860724
130,7,2103.860724
130,7,2103.860724
130,7,2103.860724
130,7,2103.860724
130,7,2103.860724
130,7,2103.860724
130,7,2103.860724
130,7,2103.860724
130,7,2103.860724
130,7,2103.860724
130,7,2103.860724
130,7,2103.860724
130,7,2103.860724
130,7,2103.860724
130,7,2103.860724
130,7,2103.860724
130,7,2103.860724
130,7,2103.860724
130,7,2103.860724
130,7,2103.860724
130,7,2103.860724
130,7,2103.860724
130,7,2103.860724
130,7,2103.860724
130,7,2103.860724
130,7,2103.860724
130,7,2103.860724
130,7,2103.860724
130,7,2103.860724
130,7,2103.860724
130,7,2103.860724
130,8,2070.408694
130,10,2024.423945
130,10,2024.423945
130,11,2012.139018
131,6,2133.032744
131,6,2133.032744
131,6,2133.032744
131,6,2133.032744
131,6,2133.032744
131,6,2133.032744
131,6,2133.032744
131,6,2133.032744
131,6,2133.032744
131,6,2133.032744
131,7,2103.860724
131,7,2103.860724
131,7,2103.860724
131,7,2103.860724
131,7,2103.860724
131,7,2103.860724
131,7,2103.860724
131,7,2103.860724
131,7,2103.860724
131,7,2103.860724
131,7,2103.860724
131,7,2103.860724
131,7,2103.860724
131,7,2103.860724
131,7,2103.860724
131,7,2103.860724
131,7,2103.860724
131,7,2103.860724
131,7,2103.860724
131,7,2103.860724
131,7,2103.860724
131,7,2103.860724
131,7,2103.860724
131,7,2103.860724
131,7,2103.860724
131,7,2103.860724
131,7,2103.860724
131,7,2103.860724
131,7,2103.860724
131,7,2103.860724
131,7,2103.860724
131,7,2103.860724
131,7,2103.860724
131,7,2103.860724
131,7,2103.860724
131,7,2103.860724
131,7,2103.860724
131,7,2103.860724
131,7,2103.860724
131,7,2103.860724
131,7,2103.860724
131,7,2103.860724
131,7,2103.860724
131,7,2103.860724
131,7,2103.860724
131,7,2103.860724
131,7,2103.860724
131,7,2103.860724
131,7,2103.860724
131,7,2103.860724
131,7,2103.860724
131,7,2103.860724
131,7,2103.860724
131,7,2103.860724
131,7,2103.860724
131,7,2103.860724
131,7,2103.860724
131,7,2103.860724
131,7,2103.860724
131,7,2103.860724
131,7,2103.860724
131,7,2103.860724
131,7,2103.860724
131,7,2103.860724
131,7,2103.860724
131,7,2103.860724
131,7,2103.860724
131,7,2103.860724
131,7,2103.860724
131,7,2103.860724
131,7,2103.860724
131,7,2103.860724
131,7,2103.860724
131,7,2103.860724
131,7,2103.860724
131,7,2103.860724
131,7,2103.860724
131,7,2103.860724
131,7,2103.860724
131,7,2103.860724
131,7,2103.860724
131,7,2103.860724
131,7,2103.860724
131,7,2103.860724
131,7,2103.860724
131,7,2103.860724
131,7,2103.860724
131,7,2103.860724
131,7,2103.860724
131,7,2103.860724
131,7,2103.860724
131,7,2103.860724
131,7,2103.860724
131,7,2103.860724
131,7,2103.860724
131,7,2103.860724
131,7,2103.860724
131,7,2103.860724
131,7,2103.860724
131,7,2103.860724
131,7,2103.860724
131,7,2103.860724
131,7,2103.860724
131,7,2103.860724
131,7,2103.860724
131,7,2103.860724
131,7,2103.860724
131,7,2103.860724
131,7,2103.860724
131,7,2103.860724
131,7,2103.860724
131,7,2103.860724
131,7,2103.860724
131,7,2103.860724
131,7,2103.860724
131,7,2103.860724
131,7,2103.860724
131,7,2103.860724
131,7,2103.860724
131,7,2103.860724
131,7,2103.860724
131,7,2103.860724
131,7,2103.860724
131,7,2103.860724
131,7,2103.860724
131,7,2103.860724
131,7,2103.860724
131,7,2103.860724
131,7,2103.860724
131,7,2103.860724
131,7,2103.860724
131,7,2103.860724
131,7,2103.860724
131,7,2103.860724
131,7,2103.860724
131,7,2103.860724
131,7,2103.860724
131,7,2103.860724
131,7,2103.860724
131,7,2103.860724
131,7,2103.860724
131,7,2103.860724
131,7,2103.860724
131,7,2103.860724
131,7,2103.860724
131,7,2103.860724
131,7,2103.860724
131,7,2103.860724
131,7,2103.860724
131,7,2103.860724
131,7,2103.860724
131,7,2103.860724
131,7,2103.860724
131,7,2103.860724
131,7,2103.860724
131,7,2103.860724
131,7,2103.860724
131,7,2103.860724
131,7,2103.860724
131,7,2103.860724
131,7,2103.860724
131,7,2103.860724
131,7,2103.860724
131,7,2103.860724
131,7,2103.860724
131,7,2103.860724
131,7,2103.860724
131,7,2103.860724
131,7,2103.860724
131,7,2103.860724
131,7,2103.860724
131,7,2103.860724
131,7,2103.860724
131,7,2103.860724
131,7,2103.860724
131,7,2103.860724
131,7,2103.860724
131,7,2103.860724
131,7,2103.860724
131,7,2103.860724
131,7,2103.860724
131,7,2103.860724
131,7,2103.860724
131,7,2103.860724
131,7,2103.860724
131,7,2103.860724
131,7,2103.860724
131,7,2103.860724
131,7,2103.860724
131,7,2103.860724
131,7,2103.860724
131,7,2103.860724
131,8,2070.408694
131,8,2070.408694
131,10,2024.423945
131,10,2024.423945
131,10,2024.423945
131,10,2024.423945
131,11,2012.139018
131,11,2012.139018
132,6,2133.032744
132,6,2133.032744
132,6,2133.032744
132,6,2133.032744
132,6,2133.032744
132,6,2133.032744
132,6,2133.032744
132,6,2133.032744
132,6,2133.032744
132,6,2133.032744
132,6,2133.032744
132,6,2133.032744
132,6,2133.032744
132,6,2133.032744
132,6,2133.032744
132,7,2103.860724
132,7,2103.860724
132,7,2103.860724
132,7,2103.860724
132,7,2103.860724
132,7,2103.860724
132,7,2103.860724
132,7,2103.860724
132,7,2103.860724
132,7,2103.860724
132,7,2103.860724
132,7,2103.860724
132,7,2103.860724
132,7,2103.860724
132,7,2103.860724
132,7,2103.860724
132,7,2103.860724
132,7,2103.860724
132,7,2103.860724
132,7,2103.860724
132,7,2103.860724
132,7,2103.860724
132,7,2103.860724
132,7,2103.860724
132,7,2103.860724
132,7,2103.860724
132,7,2103.860724
132,7,2103.860724
132,7,2103.860724
132,7,2103.860724
132,7,2103.860724
132,7,2103.860724
132,7,2103.860724
132,7,2103.860724
132,7,2103.860724
132,7,2103.860724
132,7,2103.860724
132,7,2103.860724
132,7,2103.860724
132,7,2103.860724
132,7,2103.860724
132,7,2103.860724
132,7,2103.860724
132,7,2103.860724
132,7,2103.860724
132,7,2103.860724
132,7,2103.860724
132,7,2103.860724
132,7,2103.860724
132,7,2103.860724
132,7,2103.860724
132,7,2103.860724
132,7,2103.860724
132,7,2103.860724
132,7,2103.860724
132,7,2103.860724
132,7,2103.860724
132,7,2103.860724
132,7,2103.860724
132,7,2103.860724
132,7,2103.860724
132,7,2103.860724
132,7,2103.860724
132,7,2103.860724
132,7,2103.860724
132,7,2103.860724
132,7,2103.860724
132,7,2103.860724
132,7,2103.860724
132,7,2103.860724
132,7,2103.860724
132,7,2103.860724
132,7,2103.860724
132,7,2103.860724
132,7,2103.860724
132,7,2103.860724
132,7,2103.860724
132,7,2103.860724
132,7,2103.860724
132,7,2103.860724
132,7,2103.860724
132,7,2103.860724
132,7,2103.860724
132,7,2103.860724
132,7,2103.860724
132,7,2103.860724
132,7,2103.860724
132,7,2103.860724
132,7,2103.860724
132,7,2103.860724
132,7,2103.860724
132,7,2103.860724
132,7,2103.860724
132,7,2103.860724
132,7,2103.860724
132,7,2103.860724
132,7,2103.860724
132,7,2103.860724
132,7,2103.860724
132,7,2103.860724
132,7,2103.860724
132,7,2103.860724
132,7,2103.860724
132,7,2103.860724
132,7,2103.860724
132,7,2103.860724
132,7,2103.860724
132,7,2103.860724
132,7,2103.860724
132,7,2103.860724
132,7,2103.860724
132,7,2103.860724
132,7,2103.860724
132,7,2103.860724
132,7,2103.860724
132,7,2103.860724
132,7,2103.860724
132,7,2103.860724
132,7,2103.860724
132,7,2103.860724
132,7,2103.860724
132,7,2103.860724
132,7,2103.860724
132,7,2103.860724
132,7,2103.860724
132,7,2103.860724
132,7,2103.860724
132,7,2103.860724
132,7,2103.860724
132,7,2103.860724
132,7,2103.860724
132,7,2103.860724
132,7,2103.860724
132,7,2103.860724
132,7,2103.860724
132,7,2103.860724
132,7,2103.860724
132,7,2103.860724
132,7,2103.860724
132,7,2103.860724
132,7,2103.860724
132,7,2103.860724
132,7,2103.860724
132,7,2103.860724
132,7,2103.860724
132,7,2103.860724
132,7,2103.860724
132,7,2103.860724
132,7,2103.860724
132,7,2103.860724
132,7,2103.860724
132,7,2103.860724
132,7,2103.860724
132,7,2103.860724
132,7,2103.860724
132,7,2103.860724
132,7,2103.860724
132,7,2103.860724
132,7,2103.860724
132,7,2103.860724
132,7,2103.860724
132,7,2103.860724
132,7,2103.860724
132,7,2103.860724
132,7,2103.860724
132,7,2103.860724
132,7,2103.860724
132,7,2103.860724
132,7,2103.860724
132,7,2103.860724
132,7,2103.860724
132,7,2103.860724
132,7,2103.860724
132,7,2103.860724
132,7,2103.860724
132,7,2103.860724
132,7,2103.860724
132,7,2103.860724
132,7,2103.860724
132,7,2103.860724
132,7,2103.860724
132,7,2103.860724
132,7,2103.860724
132,7,2103.860724
132,7,2103.860724
132,7,2103.860724
132,7,2103.860724
132,7,2103.860724
132,7,2103.860724
132,7,2103.860724
132,7,2103.860724
132,7,2103.860724
132,7,2103.860724
132,7,2103.860724
132,7,2103.860724
132,7,2103.860724
132,7,2103.860724
132,7,2103.860724
132,7,2103.860724
132,7,2103.860724
132,7,2103.860724
132,7,2103.860724
132,7,2103.860724
132,7,2103.860724
132,7,2103.860724
132,7,2103.860724
132,7,2103.860724
132,7,2103.860724
132,7,2103.860724
132,7,2103.860724
132,7,2103.860724
132,7,2103.860724
132,7,2103.860724
132,7,2103.860724
132,7,2103.860724
132,7,2103.860724
132,7,2103.860724
132,7,2103.860724
132,7,2103.860724
132,7,2103.860724
132,7,2103.860724
132,7,2103.860724
132,7,2103.860724
132,7,2103.860724
132,7,2103.860724
132,7,2103.860724
132,7,2103.860724
132,7,2103.860724
132,7,2103.860724
132,7,2103.860724
132,7,2103.860724
132,7,2103.860724
132,7,2103.860724
132,7,2103.860724
132,7,2103.860724
132,7,2103.860724
132,7,2103.860724
132,7,2103.860724
132,7,2103.860724
132,7,2103.860724
132,7,2103.860724
132,7,2103.860724
132,7,2103.860724
132,7,2103.860724
132,7,2103.860724
132,7,2103.860724
132,7,2103.860724
132,7,2103.860724
132,7,2103.860724
132,7,2103.860724
132,7,2103.860724
132,7,2103.860724
132,7,2103.860724
132,7,2103.860724
132,7,2103.860724
132,7,2103.860724
132,7,2103.860724
132,7,2103.860724
132,7,2103.860724
132,7,2103.860724
132,7,2103.860724
132,7,2103.860724
132,7,2103.860724
132,7,2103.860724
132,7,2103.860724
132,7,2103.860724
132,7,2103.860724
132,7,2103.860724
132,7,2103.860724
132,7,2103.860724
132,7,2103.860724
132,7,2103.860724
132,7,2103.860724
132,7,2103.860724
132,7,2103.860724
132,7,2103.860724
132,7,2103.860724
132,7,2103.860724
132,7,2103.860724
132,7,2103.860724
132,7,2103.860724
132,7,2103.860724
132,7,2103.860724
132,7,2103.860724
132,7,2103.860724
132,7,2103.860724
132,7,2103.860724
132,7,2103.860724
132,8,2070.408694
132,8,2070.408694
132,8,2070.408694
132,10,2024.423945
132,10,2024.423945
132,10,2024.423945
132,10,2024.423945
132,10,2024.423945
132,10,2024.423945
132,11,2012.139018
132,11,2012.139018
132,11,2012.139018
133,6,2133.032744
133,6,2133.032744
133,6,2133.032744
133,6,2133.032744
133,6,2133.032744
133,6,2133.032744
133,6,2133.032744
133,6,2133.032744
133,6,2133.032744
133,6,2133.032744
133,6,2133.032744
133,6,2133.032744
133,6,2133.032744
133,6,2133.032744
133,6,2133.032744
133,6,2133.032744
133,6,2133.032744
133,6,2133.032744
133,6,2133.032744
133,6,2133.032744
133,7,2103.860724
133,7,2103.860724
133,7,2103.860724
133,7,2103.860724
133,7,2103.860724
133,7,2103.860724
133,7,2103.860724
133,7,2103.860724
133,7,2103.860724
133,7,2103.860724
133,7,2103.860724
133,7,2103.860724
133,7,2103.860724
133,7,2103.860724
133,7,2103.860724
133,7,2103.860724
133,7,2103.860724
133,7,2103.860724
133,7,2103.860724
133,7,2103.860724
133,7,2103.860724
133,7,2103.860724
133,7,2103.860724
133,7,2103.860724
133,7,2103.860724
133,7,2103.860724
133,7,2103.860724
133,7,2103.860724
133,7,2103.860724
133,7,2103.860724
133,7,2103.860724
133,7,2103.860724
133,7,2103.860724
133,7,2103.860724
133,7,2103.860724
133,7,2103.860724
133,7,2103.860724
133,7,2103.860724
133,7,2103.860724
133,7,2103.860724
133,7,2103.860724
133,7,2103.860724
133,7,2103.860724
133,7,2103.860724
133,7,2103.860724
133,7,2103.860724
133,7,2103.860724
133,7,2103.860724
133,7,2103.860724
133,7,2103.860724
133,7,2103.860724
133,7,2103.860724
133,7,2103.860724
133,7,2103.860724
133,7,2103.860724
133,7,2103.860724
133,7,2103.860724
133,7,2103.860724
133,7,2103.860724
133,7,2103.860724
133,7,2103.860724
133,7,2103.860724
133,7,2103.860724
133,7,2103.860724
133,7,2103.860724
133,7,2103.860724
133,7,2103.860724
133,7,2103.860724
133,7,2103.860724
133,7,2103.860724
133,7,2103.860724
133,7,2103.860724
133,7,2103.860724
133,7,2103.860724
133,7,2103.860724
133,7,2103.860724
133,7,2103.860724
133,7,2103.860724
133,7,2103.860724
133,7,2103.860724
133,7,2103.860724
133,7,2103.860724
133,7,2103.860724
133,7,2103.860724
133,7,2103.860724
133,7,2103.860724
133,7,2103.860724
133,7,2103.860724
133,7,2103.860724
133,7,2103.860724
133,7,2103.860724
133,7,2103.860724
133,7,2103.860724
133,7,2103.860724
133,7,2103.860724
133,7,2103.860724
133,7,2103.860724
133,7,2103.860724
133,7,2103.860724
133,7,2103.860724
133,7,2103.860724
133,7,2103.860724
133,7,2103.860724
133,7,2103.860724
133,7,2103.860724
133,7,2103.860724
133,7,2103.860724
133,7,2103.860724
133,7,2103.860724
133,7,2103.860724
133,7,2103.860724
133,7,2103.860724
133,7,2103.860724
133,7,2103.860724
133,7,2103.860724
133,7,2103.860724
133,7,2103.860724
133,7,2103.860724
133,7,2103.860724
133,7,2103.860724
133,7,2103.860724
133,7,2103.860724
133,7,2103.860724
133,7,2103.860724
133,7,2103.860724
133,7,2103.860724
133,7,2103.860724
133,7,2103.860724
133,7,2103.860724
133,7,2103.860724
133,7,2103.860724
133,7,2103.860724
133,7,2103.860724
133,7,2103.860724
133,7,2103.860724
133,7,2103.860724
133,7,2103.860724
133,7,2103.860724
133,7,2103.860724
133,7,2103.860724
133,7,2103.860724
133,7,2103.860724
133,7,2103.860724
133,7,2103.860724
133,7,2103.860724
133,7,2103.860724
133,7,2103.860724
133,7,2103.860724
133,7,2103.860724
133,7,2103.860724
133,7,2103.860724
133,7,2103.860724
133,7,2103.860724
133,7,2103.860724
133,7,2103.860724
133,7,2103.860724
133,7,2103.860724
133,7,2103.860724
133,7,2103.860724
133,7,2103.860724
133,7,2103.860724
133,7,2103.860724
133,7,2103.860724
133,7,2103.860724
133,7,2103.860724
133,7,2103.860724
133,7,2103.860724
133,7,2103.860724
133,7,2103.860724
133,7,2103.860724
133,7,2103.860724
133,7,2103.860724
133,7,2103.860724
133,7,2103.860724
133,7,2103.860724
133,7,2103.860724
133,7,2103.860724
133,7,2103.860724
133,7,2103.860724
133,7,2103.860724
133,7,2103.860724
133,7,2103.860724
133,7,2103.860724
133,7,2103.860724
133,7,2103.860724
133,7,2103.860724
133,7,2103.860724
133,7,2103.860724
133,7,2103.860724
133,7,2103.860724
133,7,2103.860724
133,7,2103.860724
133,7,2103.860724
133,7,2103.860724
133,7,2103.860724
133,7,2103.860724
133,7,2103.860724
133,7,2103.860724
133,7,2103.860724
133,7,2103.860724
133,7,2103.860724
133,7,2103.860724
133,7,2103.860724
133,7,2103.860724
133,7,2103.860724
133,7,2103.860724
133,7,2103.860724
133,7,2103.860724
133,7,2103.860724
133,7,2103.860724
133,7,2103.860724
133,7,2103.860724
133,7,2103.860724
133,7,2103.860724
133,7,2103.860724
133,7,2103.860724
133,7,2103.860724
133,7,2103.860724
133,7,2103.860724
133,7,2103.860724
133,7,2103.860724
133,7,2103.860724
133,7,2103.860724
133,7,2103.860724
133,7,2103.860724
133,7,2103.860724
133,7,2103.860724
133,7,2103.860724
133,7,2103.860724
133,7,2103.860724
133,7,2103.860724
133,7,2103.860724
133,7,2103.860724
133,7,2103.860724
133,7,2103.860724
133,7,2103.860724
133,7,2103.860724
133,7,2103.860724
133,7,2103.860724
133,7,2103.860724
133,7,2103.860724
133,7,2103.860724
133,7,2103.860724
133,7,2103.860724
133,7,2103.860724
133,7,2103.860724
133,7,2103.860724
133,7,2103.860724
133,7,2103.860724
133,7,2103.860724
133,7,2103.860724
133,7,2103.860724
133,7,2103.860724
133,7,2103.860724
133,7,2103.860724
133,7,2103.860724
133,7,2103.860724
133,7,2103.860724
133,7,2103.860724
133,7,2103.860724
133,7,2103.860724
133,7,2103.860724
133,7,2103.860724
133,7,2103.860724
133,7,2103.860724
133,7,2103.860724
133,7,2103.860724
133,7,2103.860724
133,7,2103.860724
133,7,2103.860724
133,7,2103.860724
133,7,2103.860724
133,7,2103.860724
133,7,2103.860724
133,7,2103.860724
133,7,2103.860724
133,7,2103.860724
133,7,2103.860724
133,7,2103.860724
133,7,2103.860724
133,7,2103.860724
133,7,2103.860724
133,7,2103.860724
133,7,2103.860724
133,7,2103.860724
133,7,2103.860724
133,7,2103.860724
133,7,2103.860724
133,7,2103.860724
133,7,2103.860724
133,7,2103.860724
133,7,2103.860724
133,7,2103.860724
133,7,2103.860724
133,7,2103.860724
133,7,2103.860724
133,7,2103.860724
133,7,2103.860724
133,7,2103.860724
133,7,2103.860724
133,7,2103.860724
133,7,2103.860724
133,7,2103.860724
133,7,2103.860724
133,7,2103.860724
133,7,2103.860724
133,7,2103.860724
133,7,2103.860724
133,7,2103.860724
133,7,2103.860724
133,7,2103.860724
133,7,2103.860724
133,7,2103.860724
133,7,2103.860724
133,7,2103.860724
133,7,2103.860724
133,7,2103.860724
133,7,2103.860724
133,7,2103.860724
133,7,2103.860724
133,7,2103.860724
133,7,2103.860724
133,7,2103.860724
133,7,2103.860724
133,7,2103.860724
133,7,2103.860724
133,7,2103.860724
133,7,2103.860724
133,7,2103.860724
133,7,2103.860724
133,7,2103.860724
133,7,2103.860724
133,7,2103.860724
133,7,2103.860724
133,7,2103.860724
133,7,2103.860724
133,7,2103.860724
133,7,2103.860724
133,7,2103.860724
133,7,2103.860724
133,7,2103.860724
133,7,2103.860724
133,7,2103.860724
133,7,2103.860724
133,7,2103.860724
133,7,2103.860724
133,7,2103.860724
133,7,2103.860724
133,7,2103.860724
133,7,2103.860724
133,7,2103.860724
133,7,2103.860724
133,7,2103.860724
133,7,2103.860724
133,7,2103.860724
133,7,2103.860724
133,7,2103.860724
133,7,2103.860724
133,7,2103.860724
133,7,2103.860724
133,7,2103.860724
133,7,2103.860724
133,7,2103.860724
133,7,2103.860724
133,7,2103.860724
133,7,2103.860724
133,7,2103.860724
133,7,2103.860724
133,7,2103.860724
133,7,2103.860724
133,7,2103.860724
133,7,2103.860724
133,7,2103.860724
133,7,2103.860724
133,7,2103.860724
133,7,2103.860724
133,7,2103.860724
133,7,2103.860724
133,7,2103.860724
133,7,2103.860724
133,7,2103.860724
133,7,2103.860724
133,7,2103.860724
133,7,2103.860724
133,8,2070.408694
133,8,2070.408694
133,8,2070.408694
133,8,2070.408694
133,10,2024.423945
133,10,2024.423945
133,10,2024.423945
133,10,2024.423945
133,10,2024.423945
133,10,2024.423945
133,10,2024.423945
133,10,2024.423945
133,11,2012.139018
133,11,2012.139018
133,11,2012.139018
133,11,2012.139018
134,6,2132.639802
134,7,2098.499017
134,8,2059.377122
134,10,2021.239048
134,11,2012.118463
135,6,2132.639802
135,6,2132.639802
135,7,2098.499017
135,7,2098.499017
135,8,2059.377122
135,8,2059.377122
135,10,2021.239048
135,10,2021.239048
135,11,2012.118463
135,11,2012.118463
136,6,2132.639802
136,6,2132.639802
136,6,2132.639802
136,7,2098.499017
136,7,2098.499017
136,7,2098.499017
136,8,2059.377122
136,8,2059.377122
136,8,2059.377122
136,10,2021.239048
136,10,2021.239048
136,10,2021.239048
136,11,2012.118463
136,11,2012.118463
136,11,2012.118463
137,6,2132.639802
137,6,2132.639802
137,6,2132.639802
137,6,2132.639802
137,7,2098.499017
137,7,2098.499017
137,7,2098.499017
137,7,2098.499017
137,8,2059.377122
137,8,2059.377122
137,8,2059.377122
137,8,2059.377122
137,10,2021.239048
137,10,2021.239048
137,10,2021.239048
137,10,2021.239048
137,11,2012.118463
137,11,2012.118463
137,11,2012.118463
137,11,2012.118463
138,6,2129.745054
138,7,2098.144818
138,8,2058.263374
138,10,2021.118717
138,11,2012.118463
138,11,2012.118463
138,11,2012.118463
138,11,2012.118463
139,6,2129.122526
139,7,2097.834841
139,8,2058.071051
139,10,2021.118717
139,10,2021.118717
139,11,2007.758451
140,6,2129.122526
140,6,2129.122526
140,7,2097.834841
140,7,2097.834841
140,8,2058.071051
140,8,2058.071051
140,10,2021.118717
140,10,2021.118717
140,10,2021.118717
140,10,2021.118717
140,11,2007.758451
140,11,2007.758451
141,6,2129.122526
141,6,2129.122526
141,6,2129.122526
141,7,2097.834841
141,7,2097.834841
141,7,2097.834841
141,8,2058.071051
141,8,2058.071051
141,8,2058.071051
141,10,2021.118717
141,10,2021.118717
141,10,2021.118717
141,10,2021.118717
141,10,2021.118717
141,10,2021.118717
141,11,2007.758451
141,11,2007.758451
141,11,2007.758451
142,6,2129.122526
142,6,2129.122526
142,6,2129.122526
142,6,2129.122526
142,7,2097.834841
142,7,2097.834841
142,7,2097.834841
142,7,2097.834841
142,8,2058.071051
142,8,2058.071051
142,8,2058.071051
142,8,2058.071051
142,10,2021.118717
142,10,2021.118717
142,10,2021.118717
142,10,2021.118717
142,10,2021.118717
142,10,2021.118717
142,10,2021.118717
142,10,2021.118717
142,11,2007.758451
142,11,2007.758451
142,11,2007.758451
142,11,2007.758451
143,6,2120.652358
143,7,2097.834841
143,7,2097.834841
143,7,2097.834841
143,7,2097.834841
143,8,2054.486676
143,10,2021.118717
143,10,2021.118717
143,10,2021.118717
143,10,2021.118717
143,11,2007.758451
143,11,2007.758451
144,6,2120.652358
144,6,2120.652358
144,7,2097.834841
144,7,2097.834841
144,7,2097.834841
144,7,2097.834841
144,7,2097.834841
144,7,2097.834841
144,7,2097.834841
144,7,2097.834841
144,8,2054.486676
144,8,2054.486676
144,10,2021.118717
144,10,2021.118717
144,10,2021.118717
144,10,2021.118717
144,10,2021.118717
144,10,2021.118717
144,10,2021.118717
144,10,2021.118717
144,11,2007.758451
144,11,2007.758451
144,11,2007.758451
144,11,2007.758451
145,6,2120.652358
145,6,2120.652358
145,6,2120.652358
145,7,2097.834841
145,7,2097.834841
145,7,2097.834841
145,7,2097.834841
145,7,2097.834841
145,7,2097.834841
145,7,2097.834841
145,7,2097.834841
145,7,2097.834841
145,7,2097.834841
145,7,2097.834841
145,7,2097.834841
145,8,2054.486676
145,8,2054.486676
145,8,2054.486676
145,10,2021.118717
145,10,2021.118717
145,10,2021.118717
145,10,2021.118717
145,10,2021.118717
145,10,2021.118717
145,10,2021.118717
145,10,2021.118717
145,10,2021.118717
145,10,2021.118717
145,10,2021.118717
145,10,2021.118717
145,11,2007.758451
145,11,2007.758451
145,11,2007.758451
145,11,2007.758451
145,11,2007.758451
145,11,2007.758451
146,6,2120.652358
146,6,2120.652358
146,6,2120.652358
146,6,2120.652358
146,7,2097.834841
146,7,2097.834841
146,7,2097.834841
146,7,2097.834841
146,7,2097.834841
146,7,2097.834841
146,7,2097.834841
146,7,2097.834841
146,7,2097.834841
146,7,2097.834841
146,7,2097.834841
146,7,2097.834841
146,7,2097.834841
146,7,2097.834841
146,7,2097.834841
146,7,2097.834841
146,8,2054.486676
146,8,2054.486676
146,8,2054.486676
146,8,2054.486676
146,10,2021.118717
146,10,2021.118717
146,10,2021.118717
146,10,2021.118717
146,10,2021.118717
146,10,2021.118717
146,10,2021.118717
146,10,2021.118717
146,10,2021.118717
146,10,2021.118717
146,10,2021.118717
146,10,2021.118717
146,10,2021.118717
146,10,2021.118717
146,10,2021.118717
146,10,2021.118717
146,11,2007.758451
146,11,2007.758451
146,11,2007.758451
146,11,2007.758451
146,11,2007.758451
146,11,2007.758451
146,11,2007.758451
146,11,2007.758451
147,6,2118.468172
147,7,2095.274797
147,8,2054.292868
147,10,2015.221964
147,11,2006.275066
148,6,2117.648040
148,7,2093.897644
148,8,2054.292868
148,10,2015.221964
148,11,2006.275066
149,6,2117.648040
149,6,2117.648040
149,7,2093.897644
149,7,2093.897644
149,8,2054.292868
149,8,2054.292868
149,9,2035.154968
149,10,2015.221964
149,10,2015.221964
149,11,2006.275066
149,11,2006.275066
150,6,2117.648040
150,6,2117.648040
150,6,2117.648040
150,7,2093.897644
150,7,2093.897644
150,7,2093.897644
150,8,2054.292868
150,8,2054.292868
150,8,2054.292868
150,9,2035.154968
150,9,2035.154968
150,10,2015.221964
150,10,2015.221964
150,10,2015.221964
150,11,2006.275066
150,11,2006.275066
150,11,2006.275066
151,6,2117.648040
151,6,2117.648040
151,6,2117.648040
151,6,2117.648040
151,7,2093.897644
151,7,2093.897644
151,7,2093.897644
151,7,2093.897644
151,8,2054.292868
151,8,2054.292868
151,8,2054.292868
151,8,2054.292868
151,9,2035.154968
151,9,2035.154968
151,9,2035.154968
151,10,2015.221964
151,10,2015.221964
151,10,2015.221964
151,10,2015.221964
151,11,2006.275066
151,11,2006.275066
151,11,2006.275066
151,11,2006.275066
152,6,2111.111073
152,7,2093.897644
152,7,2093.897644
152,8,2054.292868
152,8,2054.292868
152,8,2054.292868
152,8,2054.292868
152,8,2054.292868
152,9,2035.154968
152,9,2035.154968
152,9,2035.154968
152,10,2014.391073
152,11,2006.275066
152,11,2006.275066
153,6,2111.111073
153,6,2111.111073
153,7,2093.897644
153,7,2093.897644
153,7,2093.897644
153,7,2093.897644
153,8,2054.292868
153,8,2054.292868
153,8,2054.292868
153,8,2054.292868
153,8,2054.292868
153,8,2054.292868
153,8,2054.292868
153,8,2054.292868
153,8,2054.292868
153,8,2054.292868
153,9,2035.154968
153,9,2035.154968
153,9,2035.154968
153,9,2035.154968
153,9,2035.154968
153,9,2035.154968
153,10,2014.391073
153,10,2014.391073
153,11,2006.275066
153,11,2006.275066
153,11,2006.275066
153,11,2006.275066
154,6,2111.111073
154,6,2111.111073
154,6,2111.111073
154,7,2093.897644
154,7,2093.897644
154,7,2093.897644
154,7,2093.897644
154,7,2093.897644
154,7,2093.897644
154,8,2054.292868
154,8,2054.292868
154,8,2054.292868
154,8,2054.292868
154,8,2054.292868
154,8,2054.292868
154,8,2054.292868
154,8,2054.292868
154,8,2054.292868
154,8,2054.292868
154,8,2054.292868
154,8,2054.292868
154,8,2054.292868
154,8,2054.292868
154,8,2054.292868
154,9,2035.154968
154,9,2035.154968
154,9,2035.154968
154,9,2035.154968
154,9,2035.154968
154,9,2035.154968
154,9,2035.154968
154,9,2035.154968
154,9,2035.154968
154,10,2014.391073
154,10,2014.391073
154,10,2014.391073
154,11,2006.275066
154,11,2006.275066
154,11,2006.275066
154,11,2006.275066
154,11,2006.275066
154,11,2006.275066
155,6,2111.111073
155,6,2111.111073
155,6,2111.111073
155,6,2111.111073
155,7,2093.897644
155,7,2093.897644
155,7,2093.897644
155,7,2093.897644
155,7,2093.897644
155,7,2093.897644
155,7,2093.897644
155,7,2093.897644
155,8,2054.292868
155,8,2054.292868
155,8,2054.292868
155,8,2054.292868
155,8,2054.292868
155,8,2054.292868
155,8,2054.292868
155,8,2054.292868
155,8,2054.292868
155,8,2054.292868
155,8,2054.292868
155,8,2054.292868
155,8,2054.292868
155,8,2054.292868
155,8,2054.292868
155,8,2054.292868
155,8,2054.292868
155,8,2054.292868
155,8,2054.292868
155,8,2054.292868
155,9,2035.154968
155,9,2035.154968
155,9,2035.154968
155,9,2035.154968
155,9,2035.154968
155,9,2035.154968
155,9,2035.154968
155,9,2035.154968
155,9,2035.154968
155,9,2035.154968
155,9,2035.154968
155,9,2035.154968
155,10,2014.391073
155,10,2014.391073
155,10,2014.391073
155,10,2014.391073
155,11,2006.275066
155,11,2006.275066
155,11,2006.275066
155,11,2006.275066
155,11,2006.275066
155,11,2006.275066
155,11,2006.275066
155,11,2006.275066
156,6,2110.553466
156,7,2051.878916
156,9,2032.627496
156,10,2013.665551
156,11,2006.008723
157,6,2110.553466
157,6,2110.553466
157,7,2051.878916
157,7,2051.878916
157,9,2032.627496
157,9,2032.627496
157,10,2013.665551
157,10,2013.665551
157,11,2006.008723
157,11,2006.008723
158,6,2110.553466
158,6,2110.553466
158,6,2110.553466
158,7,2051.878916
158,7,2051.878916
158,7,2051.878916
158,9,2032.627496
158,9,2032.627496
158,9,2032.627496
158,10,2013.665551
158,10,2013.665551
158,10,2013.665551
158,11,2006.008723
158,11,2006.008723
158,11,2006.008723
159,6,2110.553466
159,6,2110.553466
159,6,2110.553466
159,6,2110.553466
159,7,2051.878916
159,7,2051.878916
159,7,2051.878916
159,7,2051.878916
159,9,2032.627496
159,9,2032.627496
159,9,2032.627496
159,9,2032.627496
159,10,2013.665551
159,10,2013.665551
159,10,2013.665551
159,10,2013.665551
159,11,2006.008723
159,11,2006.008723
159,11,2006.008723
159,11,2006.008723
160,6,2110.397790
160,7,2051.222618
160,9,2032.627496
160,9,2032.627496
160,9,2032.627496
160,9,2032.627496
160,9,2032.627496
160,10,2012.014999
160,11,2006.008723
160,11,2006.008723
161,6,2110.397790
161,6,2110.397790
161,7,2051.222618
161,7,2051.222618
161,9,2027.292121
161,10,2012.014999
161,10,2012.014999
161,11,2006.008723
161,11,2006.008723
161,11,2006.008723
161,11,2006.008723
162,6,2110.397790
162,6,2110.397790
162,6,2110.397790
162,7,2051.222618
162,7,2051.222618
162,7,2051.222618
162,9,2027.292121
162,9,2027.292121
162,10,2012.014999
162,10,2012.014999
162,10,2012.014999
162,11,2006.008723
162,11,2006.008723
162,11,2006.008723
162,11,2006.008723
162,11,2006.008723
162,11,2006.008723
163,6,2110.397790
163,6,2110.397790
163,6,2110.397790
163,6,2110.397790
163,7,2051.222618
163,7,2051.222618
163,7,2051.222618
163,7,2051.222618
163,9,2027.292121
163,9,2027.292121
163,9,2027.292121
163,10,2012.014999
163,10,2012.014999
163,10,2012.014999
163,10,2012.014999
163,11,2006.008723
163,11,2006.008723
163,11,2006.008723
163,11,2006.008723
163,11,2006.008723
163,11,2006.008723
163,11,2006.008723
163,11,2006.008723
164,6,2106.955047
164,7,2047.472399
164,9,2027.292121
164,9,2027.292121
164,9,2027.292121
164,10,2011.952746
164,11,2006.008723
164,11,2006.008723
164,11,2006.008723
164,11,2006.008723
164,11,2006.008723
164,11,2006.008723
164,11,2006.008723
164,11,2006.008723
164,11,2006.008723
165,6,2106.955047
165,6,2106.955047
165,6,2106.955047
165,7,2047.216285
165,9,2025.744340
165,10,2011.952746
165,11,2006.008723
165,11,2006.008723
165,11,2006.008723
165,11,2006.008723
165,11,2006.008723
165,11,2006.008723
165,11,2006.008723
165,11,2006.008723
165,11,2006.008723
165,11,2006.008723
165,11,2006.008723
165,11,2006.008723
165,11,2006.008723
165,11,2006.008723
166,6,2106.955047
166,6,2106.955047
166,6,2106.955047
166,6,2106.955047
166,6,2106.955047
166,6,2106.955047
166,7,2047.216285
166,7,2047.216285
166,9,2025.744340
166,9,2025.744340
166,10,2011.952746
166,10,2011.952746
166,11,2006.008723
166,11,2006.008723
166,11,2006.008723
166,11,2006.008723
166,11,2006.008723
166,11,2006.008723
166,11,2006.008723
166,11,2006.008723
166,11,2006.008723
166,11,2006.008723
166,11,2006.008723
166,11,2006.008723
166,11,2006.008723
166,11,2006.008723
166,11,2006.008723
166,11,2006.008723
166,11,2006.008723
166,11,2006.008723
166,11,2006.008723
166,11,2006.008723
166,11,2006.008723
166,11,2006.008723
166,11,2006.008723
166,11,2006.008723
166,11,2006.008723
166,11,2006.008723
166,11,2006.008723
166,11,2006.008723
167,6,2106.955047
167,6,2106.955047
167,6,2106.955047
167,6,2106.955047
167,6,2106.955047
167,6,2106.955047
167,6,2106.955047
167,6,2106.955047
167,6,2106.955047
167,7,2047.216285
167,7,2047.216285
167,7,2047.216285
167,9,2025.744340
167,9,2025.744340
167,9,2025.744340
167,10,2011.952746
167,10,2011.952746
167,10,2011.952746
167,11,2006.008723
167,11,2006.008723
167,11,2006.008723
167,11,2006.008723
167,11,2006.008723
167,11,2006.008723
167,11,2006.008723
167,11,2006.008723
167,11,2006.008723
167,11,2006.008723
167,11,2006.008723
167,11,2006.008723
167,11,2006.008723
167,11,2006.008723
167,11,2006.008723
167,11,2006.008723
167,11,2006.008723
167,11,2006.008723
167,11,2006.008723
167,11,2006.008723
167,11,2006.008723
167,11,2006.008723
167,11,2006.008723
167,11,2006.008723
167,11,2006.008723
167,11,2006.008723
167,11,2006.008723
167,11,2006.008723
167,11,2006.008723
167,11,2006.008723
167,11,2006.008723
167,11,2006.008723
167,11,2006.008723
167,11,2006.008723
167,11,2006.008723
167,11,2006.008723
167,11,2006.008723
167,11,2006.008723
167,11,2006.008723
167,11,2006.008723
167,11,2006.008723
167,11,2006.008723
168,6,2106.571978
168,7,2046.951957
168,9,2024.997067
168,10,2011.952746
168,10,2011.952746
168,11,2002.538302
169,6,2106.571978
169,6,2106.571978
169,7,2046.951957
169,7,2046.951957
169,9,2024.997067
169,9,2024.997067
169,10,2011.952746
169,10,2011.952746
169,10,2011.952746
169,10,2011.952746
169,11,2002.538302
169,11,2002.538302
170,6,2106.571978
170,6,2106.571978
170,6,2106.571978
170,7,2046.951957
170,7,2046.951957
170,7,2046.951957
170,9,2024.997067
170,9,2024.997067
170,9,2024.997067
170,10,2011.952746
170,10,2011.952746
170,10,2011.952746
170,10,2011.952746
170,10,2011.952746
170,10,2011.952746
170,11,2002.538302
170,11,2002.538302
170,11,2002.538302
171,6,2106.571978
171,6,2106.571978
171,6,2106.571978
171,6,2106.571978
171,7,2046.951957
171,7,2046.951957
171,7,2046.951957
171,7,2046.951957
171,9,2024.997067
171,9,2024.997067
171,9,2024.997067
171,9,2024.997067
171,10,2011.952746
171,10,2011.952746
171,10,2011.952746
171,10,2011.952746
171,10,2011.952746
171,10,2011.952746
171,10,2011.952746
171,10,2011.952746
171,11,2002.538302
171,11,2002.538302
171,11,2002.538302
171,11,2002.538302
172,6,2104.131666
172,7,2046.951957
172,7,2046.951957
172,7,2046.951957
172,9,2024.567312
172,10,2011.952746
172,10,2011.952746
172,10,2011.952746
172,10,2011.952746
172,10,2011.952746
172,10,2011.952746
172,11,2002.538302
172,11,2002.538302
173,6,2102.299561
173,7,2046.951957
173,7,2046.951957
173,7,2046.951957
173,7,2046.951957
173,7,2046.951957
173,7,2046.951957
173,7,2046.951957
173,7,2046.951957
173,9,2022.381790
173,10,2011.952746
173,10,2011.952746
173,10,2011.952746
173,10,2011.952746
173,10,2011.952746
173,10,2011.952746
173,10,2011.952746
173,10,2011.952746
173,10,2011.952746
173,10,2011.952746
173,11,2002.538302
173,11,2002.538302
174,6,2102.299561
174,7,2046.951957
174,7,2046.951957
174,7,2046.951957
174,7,2046.951957
174,7,2046.951957
174,7,2046.951957
174,7,2046.951957
174,7,2046.951957
174,7,2046.951957
174,7,2046.951957
174,7,2046.951957
174,7,2046.951957
174,7,2046.951957
174,7,2046.951957
174,9,2022.152395
174,10,2011.952746
174,10,2011.952746
174,10,2011.952746
174,10,2011.952746
174,10,2011.952746
174,10,2011.952746
174,10,2011.952746
174,10,2011.952746
174,10,2011.952746
174,10,2011.952746
174,10,2011.952746
174,10,2011.952746
174,10,2011.952746
174,10,2011.952746
174,10,2011.952746
174,10,2011.952746
174,10,2011.952746
174,10,2011.952746
174,10,2011.952746
174,11,2002.538302
174,11,2002.538302
174,11,2002.538302
175,6,2097.382224
175,7,2046.951957
175,7,2046.951957
175,7,2046.951957
175,7,2046.951957
175,7,2046.951957
175,7,2046.951957
175,7,2046.951957
175,7,2046.951957
175,7,2046.951957
175,7,2046.951957
175,7,2046.951957
175,7,2046.951957
175,7,2046.951957
175,7,2046.951957
175,7,2046.951957
175,7,2046.951957
175,7,2046.951957
175,7,2046.951957
175,7,2046.951957
175,7,2046.951957
175,7,2046.951957
175,7,2046.951957
175,7,2046.951957
175,7,2046.951957
175,7,2046.951957
175,7,2046.951957
175,7,2046.951957
175,7,2046.951957
175,9,2021.357199
175,10,2007.975842
175,11,2001.805299
176,6,2097.382224
176,7,2046.951957
176,7,2046.951957
176,7,2046.951957
176,7,2046.951957
176,7,2046.951957
176,7,2046.951957
176,7,2046.951957
176,7,2046.951957
176,7,2046.951957
176,7,2046.951957
176,7,2046.951957
176,7,2046.951957
176,7,2046.951957
176,7,2046.951957
176,7,2046.951957
176,7,2046.951957
176,7,2046.951957
176,7,2046.951957
176,7,2046.951957
176,7,2046.951957
176,7,2046.951957
176,7,2046.951957
176,7,2046.951957
176,7,2046.951957
176,7,2046.951957
176,7,2046.951957
176,7,2046.951957
176,7,2046.951957
176,7,2046.951957
176,7,2046.951957
176,7,2046.951957
176,7,2046.951957
176,7,2046.951957
176,7,2046.951957
176,7,2046.951957
176,7,2046.951957
176,7,2046.951957
176,7,2046.951957
176,7,2046.951957
176,7,2046.951957
176,7,2046.951957
176,7,2046.951957
176,7,2046.951957
176,7,2046.951957
176,7,2046.951957
176,7,2046.951957
176,7,2046.951957
176,7,2046.951957
176,7,2046.951957
176,7,2046.951957
176,7,2046.951957
176,7,2046.951957
176,7,2046.951957
176,7,2046.951957
176,7,2046.951957
176,9,2021.357199
176,10,2007.975842
176,10,2007.975842
176,10,2007.975842
176,11,2001.805299
176,11,2001.805299
177,6,2097.382224
177,6,2097.382224
177,6,2097.382224
177,7,2046.951957
177,7,2046.951957
177,7,2046.951957
177,7,2046.951957
177,7,2046.951957
177,7,2046.951957
177,7,2046.951957
177,7,2046.951957
177,7,2046.951957
177,7,2046.951957
177,7,2046.951957
177,7,2046.951957
177,7,2046.951957
177,7,2046.951957
177,7,2046.951957
177,7,2046.951957
177,7,2046.951957
177,7,2046.951957
177,7,2046.951957
177,7,2046.951957
177,7,2046.951957
177,7,2046.951957
177,7,2046.951957
177,7,2046.951957
177,7,2046.951957
177,7,2046.951957
177,7,2046.951957
177,7,2046.951957
177,7,2046.951957
177,7,2046.951957
177,7,2046.951957
177,7,2046.951957
177,7,2046.951957
177,7,2046.951957
177,7,2046.951957
177,7,2046.951957
177,7,2046.951957
177,7,2046.951957
177,7,2046.951957
177,7,2046.951957
177,7,2046.951957
177,7,2046.951957
177,7,2046.951957
177,7,2046.951957
177,7,2046.951957
177,7,2046.951957
177,7,2046.951957
177,7,2046.951957
177,7,2046.951957
177,7,2046.951957
177,7,2046.951957
177,7,2046.951957
177,7,2046.951957
177,7,2046.951957
177,7,2046.951957
177,7,2046.951957
177,7,2046.951957
177,7,2046.951957
177,7,2046.951957
177,7,2046.951957
177,7,2046.951957
177,7,2046.951957
177,7,2046.951957
177,7,2046.951957
177,7,2046.951957
177,7,2046.951957
177,7,2046.951957
177,7,2046.951957
177,7,2046.951957
177,7,2046.951957
177,7,2046.951957
177,7,2046.951957
177,7,2046.951957
177,7,2046.951957
177,7,2046.951957
177,7,2046.951957
177,7,2046.951957
177,7,2046.951957
177,7,2046.951957
177,7,2046.951957
177,7,2046.951957
177,7,2046.951957
177,7,2046.951957
177,7,2046.951957
177,7,2046.951957
177,7,2046.951957
177,7,2046.951957
177,7,2046.951957
177,7,2046.951957
177,7,2046.951957
177,7,2046.951957
177,7,2046.951957
177,7,2046.951957
177,7,2046.951957
177,7,2046.951957
177,7,2046.951957
177,7,2046.951957
177,7,2046.951957
177,7,2046.951957
177,7,2046.951957
177,7,2046.951957
177,7,2046.951957
177,7,2046.951957
177,7,2046.951957
177,7,2046.951957
177,7,2046.951957
177,7,2046.951957
177,7,2046.951957
177,7,2046.951957
177,7,2046.951957
177,7,2046.951957
177,7,2046.951957
177,7,2046.951957
177,9,2021.352150
177,10,2007.975842
177,10,2007.975842
177,10,2007.975842
177,10,2007.975842
177,10,2007.975842
177,10,2007.975842
177,11,2001.805299
177,11,2001.805299
177,11,2001.805299
177,11,2001.805299
178,6,2097.382224
178,6,2097.382224
178,7,2046.951957
178,7,2046.951957
178,7,2046.951957
178,7,2046.951957
178,7,2046.951957
178,7,2046.951957
178,7,2046.951957
178,7,2046.951957
178,7,2046.951957
178,7,2046.951957
178,7,2046.951957
178,7,2046.951957
178,7,2046.951957
178,7,2046.951957
178,7,2046.951957
178,7,2046.951957
178,7,2046.951957
178,7,2046.951957
178,7,2046.951957
178,7,2046.951957
178,7,2046.951957
178,7,2046.951957
178,7,2046.951957
178,7,2046.951957
178,7,2046.951957
178,7,2046.951957
178,7,2046.951957
178,7,2046.951957
178,7,2046.951957
178,7,2046.951957
178,7,2046.951957
178,7,2046.951957
178,7,2046.951957
178,7,2046.951957
178,7,2046.951957
178,7,2046.951957
178,7,2046.951957
178,7,2046.951957
178,7,2046.951957
178,7,2046.951957
178,7,2046.951957
178,7,2046.951957
178,7,2046.951957
178,7,2046.951957
178,7,2046.951957
178,7,2046.951957
178,7,2046.951957
178,7,2046.951957
178,7,2046.951957
178,7,2046.951957
178,7,2046.951957
178,7,2046.951957
178,7,2046.951957
178,7,2046.951957
178,7,2046.951957
178,7,2046.951957
178,7,2046.951957
178,7,2046.951957
178,7,2046.951957
178,7,2046.951957
178,7,2046.951957
178,7,2046.951957
178,7,2046.951957
178,7,2046.951957
178,7,2046.951957
178,7,2046.951957
178,7,2046.951957
178,7,2046.951957
178,7,2046.951957
178,7,2046.951957
178,7,2046.951957
178,7,2046.951957
178,7,2046.951957
178,7,2046.951957
178,7,2046.951957
178,7,2046.951957
178,7,2046.951957
178,7,2046.951957
178,7,2046.951957
178,7,2046.951957
178,7,2046.951957
178,7,2046.951957
178,7,2046.951957
178,7,2046.951957
178,7,2046.951957
178,7,2046.951957
178,7,2046.951957
178,7,2046.951957
178,7,2046.951957
178,7,2046.951957
178,7,2046.951957
178,7,2046.951957
178,7,2046.951957
178,7,2046.951957
178,7,2046.951957
178,7,2046.951957
178,7,2046.951957
178,7,2046.951957
178,7,2046.951957
178,7,2046.951957
178,7,2046.951957
178,7,2046.951957
178,7,2046.951957
178,7,2046.951957
178,7,2046.951957
178,7,2046.951957
178,7,2046.951957
178,7,2046.951957
178,7,2046.951957
178,7,2046.951957
178,7,2046.951957
178,7,2046.951957
178,7,2046.951957
178,7,2046.951957
178,7,2046.951957
178,7,2046.951957
178,7,2046.951957
178,7,2046.951957
178,7,2046.951957
178,7,2046.951957
178,7,2046.951957
178,7,2046.951957
178,7,2046.951957
178,7,2046.951957
178,7,2046.951957
178,7,2046.951957
178,7,2046.951957
178,7,2046.951957
178,7,2046.951957
178,7,2046.951957
178,7,2046.951957
178,7,2046.951957
178,7,2046.951957
178,7,2046.951957
178,7,2046.951957
178,7,2046.951957
178,7,2046.951957
178,7,2046.951957
178,9,2019.740598
178,10,2002.415168
178,11,2001.805299
178,11,2001.805299
178,11,2001.805299
178,11,2001.805299
178,11,2001.805299
178,11,2001.805299
178,11,2001.805299
178,11,2001.805299
179,6,2097.382224
179,6,2097.382224
179,6,2097.382224
179,6,2097.382224
179,7,2046.951957
179,7,2046.951957
179,7,2046.951957
179,7,2046.951957
179,7,2046.951957
179,7,2046.951957
179,7,2046.951957
179,7,2046.951957
179,7,2046.951957
179,7,2046.951957
179,7,2046.951957
179,7,2046.951957
179,7,2046.951957
179,7,2046.951957
179,7,2046.951957
179,7,2046.951957
179,7,2046.951957
179,7,2046.951957
179,7,2046.951957
179,7,2046.951957
179,7,2046.951957
179,7,2046.951957
179,7,2046.951957
179,7,2046.951957
179,7,2046.951957
179,7,2046.951957
179,7,2046.951957
179,7,2046.951957
179,7,2046.951957
179,7,2046.951957
179,7,2046.951957
179,7,2046.951957
179,7,2046.951957
179,7,2046.951957
179,7,2046.951957
179,7,2046.951957
179,7,2046.951957
179,7,2046.951957
179,7,2046.951957
179,7,2046.951957
179,7,2046.951957
179,7,2046.951957
179,7,2046.951957
179,7,2046.951957
179,7,2046.951957
179,7,2046.951957
179,7,2046.951957
179,7,2046.951957
179,7,2046.951957
179,7,2046.951957
179,7,2046.951957
179,7,2046.951957
179,7,2046.951957
179,7,2046.951957
179,7,2046.951957
179,7,2046.951957
179,7,2046.951957
179,7,2046.951957
179,7,2046.951957
179,7,2046.951957
179,7,2046.951957
179,7,2046.951957
179,7,2046.951957
179,7,2046.951957
179,7,2046.951957
179,7,2046.951957
179,7,2046.951957
179,7,2046.951957
179,7,2046.951957
179,7,2046.951957
179,7,2046.951957
179,7,2046.951957
179,7,2046.951957
179,7,2046.951957
179,7,2046.951957
179,7,2046.951957
179,7,2046.951957
179,7,2046.951957
179,7,2046.951957
179,7,2046.951957
179,7,2046.951957
179,7,2046.951957
179,7,2046.951957
179,7,2046.951957
179,7,2046.951957
179,7,2046.951957
179,7,2046.951957
179,7,2046.951957
179,7,2046.951957
179,7,2046.951957
179,7,2046.951957
179,7,2046.951957
179,7,2046.951957
179,7,2046.951957
179,7,2046.951957
179,7,2046.951957
179,7,2046.951957
179,7,2046.951957
179,7,2046.951957
179,7,2046.951957
179,7,2046.951957
179,7,2046.951957
179,7,2046.951957
179,7,2046.951957
179,7,2046.951957
179,7,2046.951957
179,7,2046.951957
179,7,2046.951957
179,7,2046.951957
179,7,2046.951957
179,7,2046.951957
179,7,2046.951957
179,7,2046.951957
179,7,2046.951957
179,7,2046.951957
179,7,2046.951957
179,7,2046.951957
179,7,2046.951957
179,7,2046.951957
179,7,2046.951957
179,7,2046.951957
179,7,2046.951957
179,7,2046.951957
179,7,2046.951957
179,7,2046.951957
179,7,2046.951957
179,7,2046.951957
179,7,2046.951957
179,7,2046.951957
179,7,2046.951957
179,7,2046.951957
179,7,2046.951957
179,7,2046.951957
179,7,2046.951957
179,7,2046.951957
179,7,2046.951957
179,7,2046.951957
179,7,2046.951957
179,7,2046.951957
179,7,2046.951957
179,7,2046.951957
179,7,2046.951957
179,7,2046.951957
179,7,2046.951957
179,7,2046.951957
179,7,2046.951957
179,7,2046.951957
179,7,2046.951957
179,7,2046.951957
179,7,2046.951957
179,7,2046.951957
179,7,2046.951957
179,7,2046.951957
179,7,2046.951957
179,7,2046.951957
179,7,2046.951957
179,7,2046.951957
179,7,2046.951957
179,7,2046.951957
179,7,2046.951957
179,7,2046.951957
179,7,2046.951957
179,7,2046.951957
179,7,2046.951957
179,7,2046.951957
179,7,2046.951957
179,7,2046.951957
179,7,2046.951957
179,7,2046.951957
179,7,2046.951957
179,7,2046.951957
179,7,2046.951957
179,7,2046.951957
179,7,2046.951957
179,7,2046.951957
179,7,2046.951957
179,7,2046.951957
179,7,2046.951957
179,7,2046.951957
179,7,2046.951957
179,7,2046.951957
179,7,2046.951957
179,7,2046.951957
179,7,2046.951957
179,7,2046.951957
179,7,2046.951957
179,7,2046.951957
179,7,2046.951957
179,7,2046.951957
179,7,2046.951957
179,7,2046.951957
179,7,2046.951957
179,7,2046.951957
179,7,2046.951957
179,7,2046.951957
179,7,2046.951957
179,7,2046.951957
179,7,2046.951957
179,7,2046.951957
179,7,2046.951957
179,7,2046.951957
179,7,2046.951957
179,7,2046.951957
179,7,2046.951957
179,7,2046.951957
179,7,2046.951957
179,7,2046.951957
179,7,2046.951957
179,7,2046.951957
179,7,2046.951957
179,7,2046.951957
179,7,2046.951957
179,7,2046.951957
179,7,2046.951957
179,7,2046.951957
179,7,2046.951957
179,7,2046.951957
179,7,2046.951957
179,7,2046.951957
179,7,2046.951957
179,7,2046.951957
179,7,2046.951957
179,7,2046.951957
179,7,2046.951957
179,7,2046.951957
179,7,2046.951957
179,7,2046.951957
179,7,2046.951957
179,7,2046.951957
179,7,2046.951957
179,7,2046.951957
179,7,2046.951957
179,7,2046.951957
179,7,2046.951957
179,7,2046.951957
179,7,2046.951957
179,7,2046.951957
179,7,2046.951957
179,7,2046.951957
179,7,2046.951957
179,7,2046.951957
179,7,2046.951957
179,7,2046.951957
179,7,2046.951957
179,7,2046.951957
179,7,2046.951957
179,7,2046.951957
179,7,2046.951957
179,7,2046.951957
179,7,2046.951957
179,7,2046.951957
179,7,2046.951957
179,7,2046.951957
179,7,2046.951957
179,7,2046.951957
179,7,2046.951957
179,7,2046.951957
179,7,2046.951957
179,7,2046.951957
179,7,2046.951957
179,7,2046.951957
179,7,2046.951957
179,7,2046.951957
179,7,2046.951957
179,7,2046.951957
179,7,2046.951957
179,7,2046.951957
179,7,2046.951957
179,7,2046.951957
179,7,2046.951957
179,7,2046.951957
179,7,2046.951957
179,7,2046.951957
179,7,2046.951957
179,7,2046.951957
179,7,2046.951957
179,9,2019.740598
179,9,2019.740598
179,10,2002.415168
179,10,2002.415168
179,11,2001.805299
179,11,2001.805299
179,11,2001.805299
179,11,2001.805299
179,11,2001.805299
179,11,2001.805299
179,11,2001.805299
179,11,2001.805299
179,11,2001.805299
179,11,2001.805299
179,11,2001.805299
179,11,2001.805299
179,11,2001.805299
179,11,2001.805299
179,11,2001.805299
179,11,2001.805299
180,6,2097.382224
180,6,2097.382224
180,6,2097.382224
180,6,2097.382224
180,6,2097.382224
180,6,2097.382224
180,7,2046.951957
180,7,2046.951957
180,7,2046.951957
180,7,2046.951957
180,7,2046.951957
180,7,2046.951957
180,7,2046.951957
180,7,2046.951957
180,7,2046.951957
180,7,2046.951957
180,7,2046.951957
180,7,2046.951957
180,7,2046.951957
180,7,2046.951957
180,7,2046.951957
180,7,2046.951957
180,7,2046.951957
180,7,2046.951957
180,7,2046.951957
180,7,2046.951957
180,7,2046.951957
180,7,2046.951957
180,7,2046.951957
180,7,2046.951957
180,7,2046.951957
180,7,2046.951957
180,7,2046.951957
180,7,2046.951957
180,7,2046.951957
180,7,2046.951957
180,7,2046.951957
180,7,2046.951957
180,7,2046.951957
180,7,2046.951957
180,7,2046.951957
180,7,2046.951957
180,7,2046.951957
180,7,2046.951957
180,7,2046.951957
180,7,2046.951957
180,7,2046.951957
180,7,2046.951957
180,7,2046.951957
180,7,2046.951957
180,7,2046.951957
180,7,2046.951957
180,7,2046.951957
180,7,2046.951957
180,7,2046.951957
180,7,2046.951957
180,7,2046.951957
180,7,2046.951957
180,7,2046.951957
180,7,2046.951957
180,7,2046.951957
180,7,2046.951957
180,7,2046.951957
180,7,2046.951957
180,7,2046.951957
180,7,2046.951957
180,7,2046.951957
180,7,2046.951957
180,7,2046.951957
180,7,2046.951957
180,7,2046.951957
180,7,2046.951957
180,7,2046.951957
180,7,2046.951957
180,7,2046.951957
180,7,2046.951957
180,7,2046.951957
180,7,2046.951957
180,7,2046.951957
180,7,2046.951957
180,7,2046.951957
180,7,2046.951957
180,7,2046.951957
180,7,2046.951957
180,7,2046.951957
180,7,2046.951957
180,7,2046.951957
180,7,2046.951957
180,7,2046.951957
180,7,2046.951957
180,7,2046.951957
180,7,2046.951957
180,7,2046.951957
180,7,2046.951957
180,7,2046.951957
180,7,2046.951957
180,7,2046.951957
180,7,2046.951957
180,7,2046.951957
180,7,2046.951957
180,7,2046.951957
180,7,2046.951957
180,7,2046.951957
180,7,2046.951957
180,7,2046.951957
180,7,2046.951957
180,7,2046.951957
180,7,2046.951957
180,7,2046.951957
180,7,2046.951957
180,7,2046.951957
180,7,2046.951957
180,7,2046.951957
180,7,2046.951957
180,7,2046.951957
180,7,2046.951957
180,7,2046.951957
180,7,2046.951957
180,7,2046.951957
180,7,2046.951957
180,7,2046.951957
180,7,2046.951957
180,7,2046.951957
180,7,2046.951957
180,7,2046.951957
180,7,2046.951957
180,7,2046.951957
180,7,2046.951957
180,7,2046.951957
180,7,2046.951957
180,7,2046.951957
180,7,2046.951957
180,7,2046.951957
180,7,2046.951957
180,7,2046.951957
180,7,2046.951957
180,7,2046.951957
180,7,2046.951957
180,7,2046.951957
180,7,2046.951957
180,7,2046.951957
180,7,2046.951957
180,7,2046.951957
180,7,2046.951957
180,7,2046.951957
180,7,2046.951957
180,7,2046.951957
180,7,2046.951957
180,7,2046.951957
180,7,2046.951957
180,7,2046.951957
180,7,2046.951957
180,7,2046.951957
180,7,2046.951957
180,7,2046.951957
180,7,2046.951957
180,7,2046.951957
180,7,2046.951957
180,7,2046.951957
180,7,2046.951957
180,7,2046.951957
180,7,2046.951957
180,7,2046.951957
180,7,2046.951957
180,7,2046.951957
180,7,2046.951957
180,7,2046.951957
180,7,2046.951957
180,7,2046.951957
180,7,2046.951957
180,7,2046.951957
180,7,2046.951957
180,7,2046.951957
180,7,2046.951957
180,7,2046.951957
180,7,2046.951957
180,7,2046.951957
180,7,2046.951957
180,7,2046.951957
180,7,2046.951957
180,7,2046.951957
180,7,2046.951957
180,7,2046.951957
180,7,2046.951957
180,7,2046.951957
180,7,2046.951957
180,7,2046.951957
180,7,2046.951957
180,7,2046.951957
180,7,2046.951957
180,7,2046.951957
180,7,2046.951957
180,7,2046.951957
180,7,2046.951957
180,7,2046.951957
180,7,2046.951957
180,7,2046.951957
180,7,2046.951957
180,7,2046.951957
180,7,2046.951957
180,7,2046.951957
180,7,2046.951957
180,7,2046.951957
180,7,2046.951957
180,7,2046.951957
180,7,2046.951957
180,7,2046.951957
180,7,2046.951957
180,7,2046.951957
180,7,2046.951957
180,7,2046.951957
180,7,2046.951957
180,7,2046.951957
180,7,2046.951957
180,7,2046.951957
180,7,2046.951957
180,7,2046.951957
180,7,2046.951957
180,7,2046.951957
180,7,2046.951957
180,7,2046.951957
180,7,2046.951957
180,7,2046.951957
180,7,2046.951957
180,7,2046.951957
180,7,2046.951957
180,7,2046.951957
180,7,2046.951957
180,7,2046.951957
180,7,2046.951957
180,7,2046.951957
180,7,2046.951957
180,7,2046.951957
180,7,2046.951957
180,7,2046.951957
180,7,2046.951957
180,7,2046.951957
180,7,2046.951957
180,7,2046.951957
180,7,2046.951957
180,7,2046.951957
180,7,2046.951957
180,7,2046.951957
180,7,2046.951957
180,7,2046.951957
180,7,2046.951957
180,7,2046.951957
180,7,2046.951957
180,7,2046.951957
180,7,2046.951957
180,7,2046.951957
180,7,2046.951957
180,7,2046.951957
180,7,2046.951957
180,7,2046.951957
180,7,2046.951957
180,7,2046.951957
180,7,2046.951957
180,7,2046.951957
180,7,2046.951957
180,7,2046.951957
180,7,2046.951957
180,7,2046.951957
180,7,2046.951957
180,7,2046.951957
180,7,2046.951957
180,7,2046.951957
180,7,2046.951957
180,7,2046.951957
180,7,2046.951957
180,7,2046.951957
180,7,2046.951957
180,7,2046.951957
180,7,2046.951957
180,7,2046.951957
180,7,2046.951957
180,7,2046.951957
180,7,2046.951957
180,7,2046.951957
180,7,2046.951957
180,7,2046.951957
180,7,2046.951957
180,7,2046.951957
180,7,2046.951957
180,7,2046.951957
180,7,2046.951957
180,7,2046.951957
180,7,2046.951957
180,7,2046.951957
180,7,2046.951957
180,7,2046.951957
180,7,2046.951957
180,7,2046.951957
180,7,2046.951957
180,7,2046.951957
180,7,2046.951957
180,7,2046.951957
180,7,2046.951957
180,7,2046.951957
180,7,2046.951957
180,7,2046.951957
180,7,2046.951957
180,7,2046.951957
180,7,2046.951957
180,7,2046.951957
180,7,2046.951957
180,7,2046.951957
180,7,2046.951957
180,7,2046.951957
180,7,2046.951957
180,7,2046.951957
180,7,2046.951957
180,7,2046.951957
180,7,2046.951957
180,7,2046.951957
180,7,2046.951957
180,7,2046.951957
180,7,2046.951957
180,7,2046.951957
180,7,2046.951957
180,7,2046.951957
180,7,2046.951957
180,7,2046.951957
180,7,2046.951957
180,7,2046.951957
180,7,2046.951957
180,7,2046.951957
180,7,2046.951957
180,7,2046.951957
180,7,2046.951957
180,7,2046.951957
180,7,2046.951957
180,7,2046.951957
180,7,2046.951957
180,7,2046.951957
180,7,2046.951957
180,7,2046.951957
180,7,2046.951957
180,7,2046.951957
180,7,2046.951957
180,7,2046.951957
180,7,2046.951957
180,7,2046.951957
180,7,2046.951957
180,7,2046.951957
180,7,2046.951957
180,7,2046.951957
180,7,2046.951957
180,7,2046.951957
180,7,2046.951957
180,7,2046.951957
180,7,2046.951957
180,7,2046.951957
180,7,2046.951957
180,7,2046.951957
180,7,2046.951957
180,7,2046.951957
180,7,2046.951957
180,7,2046.951957
180,7,2046.951957
180,7,2046.951957
180,7,2046.951957
180,7,2046.951957
180,7,2046.951957
180,7,2046.951957
180,7,2046.951957
180,7,2046.951957
180,7,2046.951957
180,7,2046.951957
180,7,2046.951957
180,7,2046.951957
180,7,2046.951957
180,7,2046.951957
180,7,2046.951957
180,7,2046.951957
180,7,2046.951957
180,7,2046.951957
180,7,2046.951957
180,7,2046.951957
180,7,2046.951957
180,7,2046.951957
180,7,2046.951957
180,7,2046.951957
180,7,2046.951957
180,7,2046.951957
180,7,2046.951957
180,7,2046.951957
180,7,2046.951957
180,7,2046.951957
180,7,2046.951957
180,7,2046.951957
180,7,2046.951957
180,7,2046.951957
180,7,2046.951957
180,7,2046.951957
180,7,2046.951957
180,7,2046.951957
180,7,2046.951957
180,7,2046.951957
180,7,2046.951957
180,7,2046.951957
180,7,2046.951957
180,7,2046.951957
180,7,2046.951957
180,7,2046.951957
180,7,2046.951957
180,7,2046.951957
180,7,2046.951957
180,7,2046.951957
180,7,2046.951957
180,7,2046.951957
180,7,2046.951957
180,7,2046.951957
180,7,2046.951957
180,7,2046.951957
180,7,2046.951957
180,7,2046.951957
180,7,2046.951957
180,7,2046.951957
180,7,2046.951957
180,9,2019.740598
180,9,2019.740598
180,9,2019.740598
180,10,2002.415168
180,10,2002.415168
180,10,2002.415168
180,11,2001.805299
180,11,2001.805299
180,11,2001.805299
180,11,2001.805299
180,11,2001.805299
180,11,2001.805299
180,11,2001.805299
180,11,2001.805299
180,11,2001.805299
180,11,2001.805299
180,11,2001.805299
180,11,2001.805299
180,11,2001.805299
180,11,2001.805299
180,11,2001.805299
180,11,2001.805299
180,11,2001.805299
180,11,2001.805299
180,11,2001.805299
180,11,2001.805299
180,11,2001.805299
180,11,2001.805299
180,11,2001.805299
180,11,2001.805299
181,6,2097.382224
181,6,2097.382224
181,6,2097.382224
181,6,2097.382224
181,6,2097.382224
181,6,2097.382224
181,6,2097.382224
181,6,2097.382224
181,7,2046.951957
181,7,2046.951957
181,7,2046.951957
181,7,2046.951957
181,7,2046.951957
181,7,2046.951957
181,7,2046.951957
181,7,2046.951957
181,7,2046.951957
181,7,2046.951957
181,7,2046.951957
181,7,2046.951957
181,7,2046.951957
181,7,2046.951957
181,7,2046.951957
181,7,2046.951957
181,7,2046.951957
181,7,2046.951957
181,7,2046.951957
181,7,2046.951957
181,7,2046.951957
181,7,2046.951957
181,7,2046.951957
181,7,2046.951957
181,7,2046.951957
181,7,2046.951957
181,7,2046.951957
181,7,2046.951957
181,7,2046.951957
181,7,2046.951957
181,7,2046.951957
181,7,2046.951957
181,7,2046.951957
181,7,2046.951957
181,7,2046.951957
181,7,2046.951957
181,7,2046.951957
181,7,2046.951957
181,7,2046.951957
181,7,2046.951957
181,7,2046.951957
181,7,2046.951957
181,7,2046.951957
181,7,2046.951957
181,7,2046.951957
181,7,2046.951957
181,7,2046.951957
181,7,2046.951957
181,7,2046.951957
181,7,2046.951957
181,7,2046.951957
181,7,2046.951957
181,7,2046.951957
181,7,2046.951957
181,7,2046.951957
181,7,2046.951957
181,7,2046.951957
181,7,2046.951957
181,7,2046.951957
181,7,2046.951957
181,7,2046.951957
181,7,2046.951957
181,7,2046.951957
181,7,2046.951957
181,7,2046.951957
181,7,2046.951957
181,7,2046.951957
181,7,2046.951957
181,7,2046.951957
181,7,2046.951957
181,7,2046.951957
181,7,2046.951957
181,7,2046.951957
181,7,2046.951957
181,7,2046.951957
181,7,2046.951957
181,7,2046.951957
181,7,2046.951957
181,7,2046.951957
181,7,2046.951957
181,7,2046.951957
181,7,2046.951957
181,7,2046.951957
181,7,2046.951957
181,7,2046.951957
181,7,2046.951957
181,7,2046.951957
181,7,2046.951957
181,7,2046.951957
181,7,2046.951957
181,7,2046.951957
181,7,2046.951957
181,7,2046.951957
181,7,2046.951957
181,7,2046.951957
181,7,2046.951957
181,7,2046.951957
181,7,2046.951957
181,7,2046.951957
181,7,2046.951957
181,7,2046.951957
181,7,2046.951957
181,7,2046.951957
181,7,2046.951957
181,7,2046.951957
181,7,2046.951957
181,7,2046.951957
181,7,2046.951957
181,7,2046.951957
181,7,2046.951957
181,7,2046.951957
181,7,2046.951957
181,7,2046.951957
181,7,2046.951957
181,7,2046.951957
181,7,2046.951957
181,7,2046.951957
181,7,2046.951957
181,7,2046.951957
181,7,2046.951957
181,7,2046.951957
181,7,2046.951957
181,7,2046.951957
181,7,2046.951957
181,7,2046.951957
181,7,2046.951957
181,7,2046.951957
181,7,2046.951957
181,7,2046.951957
181,7,2046.951957
181,7,2046.951957
181,7,2046.951957
181,7,2046.951957
181,7,2046.951957
181,7,2046.951957
181,7,2046.951957
181,7,2046.951957
181,7,2046.951957
181,7,2046.951957
181,7,2046.951957
181,7,2046.951957
181,7,2046.951957
181,7,2046.951957
181,7,2046.951957
181,7,2046.951957
181,7,2046.951957
181,7,2046.951957
181,7,2046.951957
181,7,2046.951957
181,7,2046.951957
181,7,2046.951957
181,7,2046.951957
181,7,2046.951957
181,7,2046.951957
181,7,2046.951957
181,7,2046.951957
181,7,2046.951957
181,7,2046.951957
181,7,2046.951957
181,7,2046.951957
181,7,2046.951957
181,7,2046.951957
181,7,2046.951957
181,7,2046.951957
181,7,2046.951957
181,7,2046.951957
181,7,2046.951957
181,7,2046.951957
181,7,2046.951957
181,7,2046.951957
181,7,2046.951957
181,7,2046.951957
181,7,2046.951957
181,7,2046.951957
181,7,2046.951957
181,7,2046.951957
181,7,2046.951957
181,7,2046.951957
181,7,2046.951957
181,7,2046.951957
181,7,2046.951957
181,7,2046.951957
181,7,2046.951957
181,7,2046.951957
181,7,2046.951957
181,7,2046.951957
181,7,2046.951957
181,7,2046.951957
181,7,2046.951957
181,7,2046.951957
181,7,2046.951957
181,7,2046.951957
181,7,2046.951957
181,7,2046.951957
181,7,2046.951957
181,7,2046.951957
181,7,2046.951957
181,7,2046.951957
181,7,2046.951957
181,7,2046.951957
181,7,2046.951957
181,7,2046.951957
181,7,2046.951957
181,7,2046.951957
181,7,2046.951957
181,7,2046.951957
181,7,2046.951957
181,7,2046.951957
181,7,2046.951957
181,7,2046.951957
181,7,2046.951957
181,7,2046.951957
181,7,2046.951957
181,7,2046.951957
181,7,2046.951957
181,7,2046.951957
181,7,2046.951957
181,7,2046.951957
181,7,2046.951957
181,7,2046.951957
181,7,2046.951957
181,7,2046.951957
181,7,2046.951957
181,7,2046.951957
181,7,2046.951957
181,7,2046.951957
181,7,2046.951957
181,7,2046.951957
181,7,2046.951957
181,7,2046.951957
181,7,2046.951957
181,7,2046.951957
181,7,2046.951957
181,7,2046.951957
181,7,2046.951957
181,7,2046.951957
181,7,2046.951957
181,7,2046.951957
181,7,2046.951957
181,7,2046.951957
181,7,2046.951957
181,7,2046.951957
181,7,2046.951957
181,7,2046.951957
181,7,2046.951957
181,7,2046.951957
181,7,2046.951957
181,7,2046.951957
181,7,2046.951957
181,7,2046.951957
181,7,2046.951957
181,7,2046.951957
181,7,2046.951957
181,7,2046.951957
181,7,2046.951957
181,7,2046.951957
181,7,2046.951957
181,7,2046.951957
181,7,2046.951957
181,7,2046.951957
181,7,2046.951957
181,7,2046.951957
181,7,2046.951957
181,7,2046.951957
181,7,2046.951957
181,7,2046.951957
181,7,2046.951957
181,7,2046.951957
181,7,2046.951957
181,7,2046.951957
181,7,2046.951957
181,7,2046.951957
181,7,2046.951957
181,7,2046.951957
181,7,2046.951957
181,7,2046.951957
181,7,2046.951957
181,7,2046.951957
181,7,2046.951957
181,7,2046.951957
181,7,2046.951957
181,7,2046.951957
181,7,2046.951957
181,7,2046.951957
181,7,2046.951957
181,7,2046.951957
181,7,2046.951957
181,7,2046.951957
181,7,2046.951957
181,7,2046.951957
181,7,2046.951957
181,7,2046.951957
181,7,2046.951957
181,7,2046.951957
181,7,2046.951957
181,7,2046.951957
181,7,2046.951957
181,7,2046.951957
181,7,2046.951957
181,7,2046.951957
181,7,2046.951957
181,7,2046.951957
181,7,2046.951957
181,7,2046.951957
181,7,2046.951957
181,7,2046.951957
181,7,2046.951957
181,7,2046.951957
181,7,2046.951957
181,7,2046.951957
181,7,2046.951957
181,7,2046.951957
181,7,2046.951957
181,7,2046.951957
181,7,2046.951957
181,7,2046.951957
181,7,2046.951957
181,7,2046.951957
181,7,2046.951957
181,7,2046.951957
181,7,2046.951957
181,7,2046.951957
181,7,2046.951957
181,7,2046.951957
181,7,2046.951957
181,7,2046.951957
181,7,2046.951957
181,7,2046.951957
181,7,2046.951957
181,7,2046.951957
181,7,2046.951957
181,7,2046.951957
181,7,2046.951957
181,7,2046.951957
181,7,2046.951957
181,7,2046.951957
181,7,2046.951957
181,7,2046.951957
181,7,2046.951957
181,7,2046.951957
181,7,2046.951957
181,7,2046.951957
181,7,2046.951957
181,7,2046.951957
181,7,2046.951957
181,7,2046.951957
181,7,2046.951957
181,7,2046.951957
181,7,2046.951957
181,7,2046.951957
181,7,2046.951957
181,7,2046.951957
181,7,2046.951957
181,7,2046.951957
181,7,2046.951957
181,7,2046.951957
181,7,2046.951957
181,7,2046.951957
181,7,2046.951957
181,7,2046.951957
181,7,2046.951957
181,7,2046.951957
181,7,2046.951957
181,7,2046.951957
181,7,2046.951957
181,7,2046.951957
181,7,2046.951957
181,7,2046.951957
181,7,2046.951957
181,7,2046.951957
181,7,2046.951957
181,7,2046.951957
181,7,2046.951957
181,7,2046.951957
181,7,2046.951957
181,7,2046.951957
181,7,2046.951957
181,7,2046.951957
181,7,2046.951957
181,7,2046.951957
181,7,2046.951957
181,7,2046.951957
181,7,2046.951957
181,7,2046.951957
181,7,2046.951957
181,7,2046.951957
181,7,2046.951957
181,7,2046.951957
181,7,2046.951957
181,7,2046.951957
181,7,2046.951957
181,7,2046.951957
181,7,2046.951957
181,7,2046.951957
181,7,2046.951957
181,7,2046.951957
181,7,2046.951957
181,7,2046.951957
181,7,2046.951957
181,7,2046.951957
181,7,2046.951957
181,7,2046.951957
181,7,2046.951957
181,7,2046.951957
181,7,2046.951957
181,7,2046.951957
181,7,2046.951957
181,7,2046.951957
181,7,2046.951957
181,7,2046.951957
181,7,2046.951957
181,7,2046.951957
181,7,2046.951957
181,7,2046.951957
181,7,2046.951957
181,7,2046.951957
181,7,2046.951957
181,7,2046.951957
181,7,2046.951957
181,7,2046.951957
181,7,2046.951957
181,7,2046.951957
181,7,2046.951957
181,7,2046.951957
181,7,2046.951957
181,7,2046.951957
181,7,2046.951957
181,7,2046.951957
181,7,2046.951957
181,7,2046.951957
181,7,2046.951957
181,7,2046.951957
181,7,2046.951957
181,7,2046.951957
181,7,2046.951957
181,7,2046.951957
181,7,2046.951957
181,7,2046.951957
181,7,2046.951957
181,7,2046.951957
181,7,2046.951957
181,7,2046.951957
181,7,2046.951957
181,7,2046.951957
181,7,2046.951957
181,7,2046.951957
181,7,2046.951957
181,7,2046.951957
181,7,2046.951957
181,7,2046.951957
181,7,2046.951957
181,7,2046.951957
181,7,2046.951957
181,7,2046.951957
181,7,2046.951957
181,7,2046.951957
181,7,2046.951957
181,7,2046.951957
181,7,2046.951957
181,7,2046.951957
181,7,2046.951957
181,7,2046.951957
181,7,2046.951957
181,7,2046.951957
181,7,2046.951957
181,7,2046.951957
181,7,2046.951957
181,7,2046.951957
181,7,2046.951957
181,7,2046.951957
181,7,2046.951957
181,7,2046.951957
181,7,2046.951957
181,7,2046.951957
181,7,2046.951957
181,7,2046.951957
181,7,2046.951957
181,7,2046.951957
181,7,2046.951957
181,7,2046.951957
181,7,2046.951957
181,7,2046.951957
181,7,2046.951957
181,7,2046.951957
181,7,2046.951957
181,7,2046.951957
181,7,2046.951957
181,7,2046.951957
181,7,2046.951957
181,7,2046.951957
181,7,2046.951957
181,7,2046.951957
181,7,2046.951957
181,7,2046.951957
181,7,2046.951957
181,7,2046.951957
181,7,2046.951957
181,7,2046.951957
181,7,2046.951957
181,7,2046.951957
181,7,2046.951957
181,7,2046.951957
181,7,2046.951957
181,7,2046.951957
181,7,2046.951957
181,7,2046.951957
181,7,2046.951957
181,7,2046.951957
181,7,2046.951957
181,7,2046.951957
181,7,2046.951957
181,7,2046.951957
181,7,2046.951957
181,7,2046.951957
181,7,2046.951957
181,7,2046.951957
181,7,2046.951957
181,7,2046.951957
181,7,2046.951957
181,7,2046.951957
181,7,2046.951957
181,7,2046.951957
181,7,2046.951957
181,7,2046.951957
181,7,2046.951957
181,7,2046.951957
181,7,2046.951957
181,7,2046.951957
181,7,2046.951957
181,7,2046.951957
181,7,2046.951957
181,7,2046.951957
181,7,2046.951957
181,7,2046.951957
181,7,2046.951957
181,7,2046.951957
181,7,2046.951957
181,7,2046.951957
181,7,2046.951957
181,7,2046.951957
181,7,2046.951957
181,7,2046.951957
181,7,2046.951957
181,7,2046.951957
181,7,2046.951957
181,7,2046.951957
181,7,2046.951957
181,7,2046.951957
181,7,2046.951957
181,7,2046.951957
181,7,2046.951957
181,7,2046.951957
181,9,2019.740598
181,9,2019.740598
181,9,2019.740598
181,9,2019.740598
181,10,2002.415168
181,10,2002.415168
181,10,2002.415168
181,10,2002.415168
181,11,2001.805299
181,11,2001.805299
181,11,2001.805299
181,11,2001.805299
181,11,2001.805299
181,11,2001.805299
181,11,2001.805299
181,11,2001.805299
181,11,2001.805299
181,11,2001.805299
181,11,2001.805299
181,11,2001.805299
181,11,2001.805299
181,11,2001.805299
181,11,2001.805299
181,11,2001.805299
181,11,2001.805299
181,11,2001.805299
181,11,2001.805299
181,11,2001.805299
181,11,2001.805299
181,11,2001.805299
181,11,2001.805299
181,11,2001.805299
181,11,2001.805299
181,11,2001.805299
181,11,2001.805299
181,11,2001.805299
181,11,2001.805299
181,11,2001.805299
181,11,2001.805299
181,11,2001.805299
182,6,2094.028916
182,7,2046.951957
182,7,2046.951957
182,7,2046.951957
182,7,2046.951957
182,7,2046.951957
182,7,2046.951957
182,7,2046.951957
182,7,2046.951957
182,7,2046.951957
182,7,2046.951957
182,7,2046.951957
182,7,2046.951957
182,7,2046.951957
182,7,2046.951957
182,7,2046.951957
182,7,2046.951957
182,7,2046.951957
182,7,2046.951957
182,7,2046.951957
182,7,2046.951957
182,7,2046.951957
182,7,2046.951957
182,7,2046.951957
182,7,2046.951957
182,7,2046.951957
182,7,2046.951957
182,7,2046.951957
182,7,2046.951957
182,7,2046.951957
182,7,2046.951957
182,7,2046.951957
182,7,2046.951957
182,7,2046.951957
182,7,2046.951957
182,7,2046.951957
182,7,2046.951957
182,7,2046.951957
182,7,2046.951957
182,7,2046.951957
182,7,2046.951957
182,7,2046.951957
182,7,2046.951957
182,7,2046.951957
182,7,2046.951957
182,7,2046.951957
182,7,2046.951957
182,7,2046.951957
182,7,2046.951957
182,7,2046.951957
182,7,2046.951957
182,7,2046.951957
182,7,2046.951957
182,7,2046.951957
182,7,2046.951957
182,7,2046.951957
182,7,2046.951957
182,7,2046.951957
182,7,2046.951957
182,7,2046.951957
182,7,2046.951957
182,7,2046.951957
182,7,2046.951957
182,7,2046.951957
182,7,2046.951957
182,7,2046.951957
182,7,2046.951957
182,7,2046.951957
182,7,2046.951957
182,7,2046.951957
182,7,2046.951957
182,7,2046.951957
182,7,2046.951957
182,7,2046.951957
182,7,2046.951957
182,7,2046.951957
182,7,2046.951957
182,7,2046.951957
182,7,2046.951957
182,7,2046.951957
182,7,2046.951957
182,7,2046.951957
182,7,2046.951957
182,7,2046.951957
182,7,2046.951957
182,7,2046.951957
182,7,2046.951957
182,7,2046.951957
182,7,2046.951957
182,7,2046.951957
182,7,2046.951957
182,7,2046.951957
182,7,2046.951957
182,7,2046.951957
182,7,2046.951957
182,7,2046.951957
182,7,2046.951957
182,7,2046.951957
182,7,2046.951957
182,7,2046.951957
182,7,2046.951957
182,7,2046.951957
182,7,2046.951957
182,7,2046.951957
182,7,2046.951957
182,7,2046.951957
182,7,2046.951957
182,7,2046.951957
182,7,2046.951957
182,7,2046.951957
182,7,2046.951957
182,7,2046.951957
182,7,2046.951957
182,7,2046.951957
182,7,2046.951957
182,7,2046.951957
182,7,2046.951957
182,7,2046.951957
182,7,2046.951957
182,7,2046.951957
182,7,2046.951957
182,7,2046.951957
182,7,2046.951957
182,7,2046.951957
182,7,2046.951957
182,7,2046.951957
182,7,2046.951957
182,7,2046.951957
182,7,2046.951957
182,7,2046.951957
182,7,2046.951957
182,7,2046.951957
182,7,2046.951957
182,7,2046.951957
182,7,2046.951957
182,7,2046.951957
182,7,2046.951957
182,7,2046.951957
182,7,2046.951957
182,7,2046.951957
182,7,2046.951957
182,7,2046.951957
182,7,2046.951957
182,9,2019.740598
182,9,2019.740598
182,9,2019.740598
182,9,2019.740598
182,10,2002.415168
182,10,2002.415168
182,11,2001.707825
183,6,2094.028916
183,6,2094.028916
183,7,2046.951957
183,7,2046.951957
183,7,2046.951957
183,7,2046.951957
183,7,2046.951957
183,7,2046.951957
183,7,2046.951957
183,7,2046.951957
183,7,2046.951957
183,7,2046.951957
183,7,2046.951957
183,7,2046.951957
183,7,2046.951957
183,7,2046.951957
183,7,2046.951957
183,7,2046.951957
183,7,2046.951957
183,7,2046.951957
183,7,2046.951957
183,7,2046.951957
183,7,2046.951957
183,7,2046.951957
183,7,2046.951957
183,7,2046.951957
183,7,2046.951957
183,7,2046.951957
183,7,2046.951957
183,7,2046.951957
183,7,2046.951957
183,7,2046.951957
183,7,2046.951957
183,7,2046.951957
183,7,2046.951957
183,7,2046.951957
183,7,2046.951957
183,7,2046.951957
183,7,2046.951957
183,7,2046.951957
183,7,2046.951957
183,7,2046.951957
183,7,2046.951957
183,7,2046.951957
183,7,2046.951957
183,7,2046.951957
183,7,2046.951957
183,7,2046.951957
183,7,2046.951957
183,7,2046.951957
183,7,2046.951957
183,7,2046.951957
183,7,2046.951957
183,7,2046.951957
183,7,2046.951957
183,7,2046.951957
183,7,2046.951957
183,7,2046.951957
183,7,2046.951957
183,7,2046.951957
183,7,2046.951957
183,7,2046.951957
183,7,2046.951957
183,7,2046.951957
183,7,2046.951957
183,7,2046.951957
183,7,2046.951957
183,7,2046.951957
183,7,2046.951957
183,7,2046.951957
183,7,2046.951957
183,7,2046.951957
183,7,2046.951957
183,7,2046.951957
183,7,2046.951957
183,7,2046.951957
183,7,2046.951957
183,7,2046.951957
183,7,2046.951957
183,7,2046.951957
183,7,2046.951957
183,7,2046.951957
183,7,2046.951957
183,7,2046.951957
183,7,2046.951957
183,7,2046.951957
183,7,2046.951957
183,7,2046.951957
183,7,2046.951957
183,7,2046.951957
183,7,2046.951957
183,7,2046.951957
183,7,2046.951957
183,7,2046.951957
183,7,2046.951957
183,7,2046.951957
183,7,2046.951957
183,7,2046.951957
183,7,2046.951957
183,7,2046.951957
183,7,2046.951957
183,7,2046.951957
183,7,2046.951957
183,7,2046.951957
183,7,2046.951957
183,7,2046.951957
183,7,2046.951957
183,7,2046.951957
183,7,2046.951957
183,7,2046.951957
183,7,2046.951957
183,7,2046.951957
183,7,2046.951957
183,7,2046.951957
183,7,2046.951957
183,7,2046.951957
183,7,2046.951957
183,7,2046.951957
183,7,2046.951957
183,7,2046.951957
183,7,2046.951957
183,7,2046.951957
183,7,2046.951957
183,7,2046.951957
183,7,2046.951957
183,7,2046.951957
183,7,2046.951957
183,7,2046.951957
183,7,2046.951957
183,7,2046.951957
183,7,2046.951957
183,7,2046.951957
183,7,2046.951957
183,7,2046.951957
183,7,2046.951957
183,7,2046.951957
183,7,2046.951957
183,7,2046.951957
183,7,2046.951957
183,9,2019.740598
183,9,2019.740598
183,9,2019.740598
183,9,2019.740598
183,9,2019.740598
183,9,2019.740598
183,9,2019.740598
183,10,2002.415168
183,10,2002.415168
183,10,2002.415168
183,11,2001.707825
184,6,2094.028916
184,6,2094.028916
184,7,2046.951957
184,7,2046.951957
184,7,2046.951957
184,7,2046.951957
184,7,2046.951957
184,7,2046.951957
184,7,2046.951957
184,7,2046.951957
184,7,2046.951957
184,7,2046.951957
184,7,2046.951957
184,7,2046.951957
184,7,2046.951957
184,7,2046.951957
184,7,2046.951957
184,7,2046.951957
184,7,2046.951957
184,7,2046.951957
184,7,2046.951957
184,7,2046.951957
184,7,2046.951957
184,7,2046.951957
184,7,2046.951957
184,7,2046.951957
184,7,2046.951957
184,7,2046.951957
184,7,2046.951957
184,7,2046.951957
184,7,2046.951957
184,7,2046.951957
184,7,2046.951957
184,7,2046.951957
184,7,2046.951957
184,7,2046.951957
184,7,2046.951957
184,7,2046.951957
184,7,2046.951957
184,7,2046.951957
184,7,2046.951957
184,7,2046.951957
184,7,2046.951957
184,7,2046.951957
184,7,2046.951957
184,7,2046.951957
184,7,2046.951957
184,7,2046.951957
184,7,2046.951957
184,7,2046.951957
184,7,2046.951957
184,7,2046.951957
184,7,2046.951957
184,7,2046.951957
184,7,2046.951957
184,7,2046.951957
184,7,2046.951957
184,7,2046.951957
184,7,2046.951957
184,7,2046.951957
184,7,2046.951957
184,7,2046.951957
184,7,2046.951957
184,7,2046.951957
184,7,2046.951957
184,7,2046.951957
184,7,2046.951957
184,7,2046.951957
184,7,2046.951957
184,7,2046.951957
184,7,2046.951957
184,7,2046.951957
184,7,2046.951957
184,7,2046.951957
184,7,2046.951957
184,7,2046.951957
184,7,2046.951957
184,7,2046.951957
184,7,2046.951957
184,7,2046.951957
184,7,2046.951957
184,7,2046.951957
184,7,2046.951957
184,7,2046.951957
184,7,2046.951957
184,7,2046.951957
184,7,2046.951957
184,7,2046.951957
184,7,2046.951957
184,7,2046.951957
184,7,2046.951957
184,7,2046.951957
184,7,2046.951957
184,7,2046.951957
184,7,2046.951957
184,7,2046.951957
184,7,2046.951957
184,7,2046.951957
184,7,2046.951957
184,7,2046.951957
184,7,2046.951957
184,7,2046.951957
184,7,2046.951957
184,7,2046.951957
184,7,2046.951957
184,7,2046.951957
184,7,2046.951957
184,7,2046.951957
184,7,2046.951957
184,7,2046.951957
184,7,2046.951957
184,7,2046.951957
184,7,2046.951957
184,7,2046.951957
184,7,2046.951957
184,7,2046.951957
184,7,2046.951957
184,7,2046.951957
184,7,2046.951957
184,7,2046.951957
184,7,2046.951957
184,7,2046.951957
184,7,2046.951957
184,7,2046.951957
184,7,2046.951957
184,7,2046.951957
184,7,2046.951957
184,7,2046.951957
184,7,2046.951957
184,7,2046.951957
184,7,2046.951957
184,7,2046.951957
184,9,2019.740598
184,9,2019.740598
184,9,2019.740598
184,9,2019.740598
184,9,2019.740598
184,9,2019.740598
184,9,2019.740598
184,9,2019.740598
184,9,2019.740598
184,9,2019.740598
184,9,2019.740598
184,9,2019.740598
184,10,2002.415168
184,10,2002.415168
184,10,2002.415168
184,10,2002.415168
184,10,2002.415168
184,11,2001.707825
185,6,2094.028916
185,6,2094.028916
185,7,2046.951957
185,7,2046.951957
185,7,2046.951957
185,7,2046.951957
185,7,2046.951957
185,7,2046.951957
185,7,2046.951957
185,7,2046.951957
185,7,2046.951957
185,7,2046.951957
185,7,2046.951957
185,7,2046.951957
185,7,2046.951957
185,7,2046.951957
185,7,2046.951957
185,7,2046.951957
185,7,2046.951957
185,7,2046.951957
185,7,2046.951957
185,7,2046.951957
185,7,2046.951957
185,7,2046.951957
185,7,2046.951957
185,7,2046.951957
185,7,2046.951957
185,7,2046.951957
185,7,2046.951957
185,7,2046.951957
185,7,2046.951957
185,7,2046.951957
185,7,2046.951957
185,7,2046.951957
185,7,2046.951957
185,7,2046.951957
185,7,2046.951957
185,7,2046.951957
185,7,2046.951957
185,7,2046.951957
185,7,2046.951957
185,7,2046.951957
185,7,2046.951957
185,7,2046.951957
185,7,2046.951957
185,7,2046.951957
185,7,2046.951957
185,7,2046.951957
185,7,2046.951957
185,7,2046.951957
185,7,2046.951957
185,7,2046.951957
185,7,2046.951957
185,7,2046.951957
185,7,2046.951957
185,7,2046.951957
185,7,2046.951957
185,7,2046.951957
185,7,2046.951957
185,7,2046.951957
185,7,2046.951957
185,7,2046.951957
185,7,2046.951957
185,7,2046.951957
185,7,2046.951957
185,7,2046.951957
185,7,2046.951957
185,7,2046.951957
185,7,2046.951957
185,7,2046.951957
185,7,2046.951957
185,7,2046.951957
185,7,2046.951957
185,7,2046.951957
185,7,2046.951957
185,7,2046.951957
185,7,2046.951957
185,7,2046.951957
185,7,2046.951957
185,7,2046.951957
185,7,2046.951957
185,7,2046.951957
185,7,2046.951957
185,7,2046.951957
185,7,2046.951957
185,7,2046.951957
185,7,2046.951957
185,7,2046.951957
185,7,2046.951957
185,7,2046.951957
185,7,2046.951957
185,7,2046.951957
185,7,2046.951957
185,7,2046.951957
185,7,2046.951957
185,7,2046.951957
185,7,2046.951957
185,7,2046.951957
185,7,2046.951957
185,7,2046.951957
185,7,2046.951957
185,7,2046.951957
185,7,2046.951957
185,7,2046.951957
185,7,2046.951957
185,7,2046.951957
185,7,2046.951957
185,7,2046.951957
185,7,2046.951957
185,7,2046.951957
185,7,2046.951957
185,7,2046.951957
185,7,2046.951957
185,7,2046.951957
185,7,2046.951957
185,7,2046.951957
185,7,2046.951957
185,7,2046.951957
185,7,2046.951957
185,7,2046.951957
185,7,2046.951957
185,7,2046.951957
185,7,2046.951957
185,7,2046.951957
185,7,2046.951957
185,7,2046.951957
185,7,2046.951957
185,7,2046.951957
185,7,2046.951957
185,7,2046.951957
185,7,2046.951957
185,7,2046.951957
185,7,2046.951957
185,7,2046.951957
185,7,2046.951957
185,7,2046.951957
185,7,2046.951957
185,7,2046.951957
185,7,2046.951957
185,7,2046.951957
185,7,2046.951957
185,7,2046.951957
185,7,2046.951957
185,7,2046.951957
185,7,2046.951957
185,7,2046.951957
185,7,2046.951957
185,7,2046.951957
185,9,2019.597083
185,10,1999.009922
186,6,2094.028916
186,6,2094.028916
186,6,2094.028916
186,6,2094.028916
186,7,2046.951957
186,7,2046.951957
186,7,2046.951957
186,7,2046.951957
186,7,2046.951957
186,7,2046.951957
186,7,2046.951957
186,7,2046.951957
186,7,2046.951957
186,7,2046.951957
186,7,2046.951957
186,7,2046.951957
186,7,2046.951957
186,7,2046.951957
186,7,2046.951957
186,7,2046.951957
186,7,2046.951957
186,7,2046.951957
186,7,2046.951957
186,7,2046.951957
186,7,2046.951957
186,7,2046.951957
186,7,2046.951957
186,7,2046.951957
186,7,2046.951957
186,7,2046.951957
186,7,2046.951957
186,7,2046.951957
186,7,2046.951957
186,7,2046.951957
186,7,2046.951957
186,7,2046.951957
186,7,2046.951957
186,7,2046.951957
186,7,2046.951957
186,7,2046.951957
186,7,2046.951957
186,7,2046.951957
186,7,2046.951957
186,7,2046.951957
186,7,2046.951957
186,7,2046.951957
186,7,2046.951957
186,7,2046.951957
186,7,2046.951957
186,7,2046.951957
186,7,2046.951957
186,7,2046.951957
186,7,2046.951957
186,7,2046.951957
186,7,2046.951957
186,7,2046.951957
186,7,2046.951957
186,7,2046.951957
186,7,2046.951957
186,7,2046.951957
186,7,2046.951957
186,7,2046.951957
186,7,2046.951957
186,7,2046.951957
186,7,2046.951957
186,7,2046.951957
186,7,2046.951957
186,7,2046.951957
186,7,2046.951957
186,7,2046.951957
186,7,2046.951957
186,7,2046.951957
186,7,2046.951957
186,7,2046.951957
186,7,2046.951957
186,7,2046.951957
186,7,2046.951957
186,7,2046.951957
186,7,2046.951957
186,7,2046.951957
186,7,2046.951957
186,7,2046.951957
186,7,2046.951957
186,7,2046.951957
186,7,2046.951957
186,7,2046.951957
186,7,2046.951957
186,7,2046.951957
186,7,2046.951957
186,7,2046.951957
186,7,2046.951957
186,7,2046.951957
186,7,2046.951957
186,7,2046.951957
186,7,2046.951957
186,7,2046.951957
186,7,2046.951957
186,7,2046.951957
186,7,2046.951957
186,7,2046.951957
186,7,2046.951957
186,7,2046.951957
186,7,2046.951957
186,7,2046.951957
186,7,2046.951957
186,7,2046.951957
186,7,2046.951957
186,7,2046.951957
186,7,2046.951957
186,7,2046.951957
186,7,2046.951957
186,7,2046.951957
186,7,2046.951957
186,7,2046.951957
186,7,2046.951957
186,7,2046.951957
186,7,2046.951957
186,7,2046.951957
186,7,2046.951957
186,7,2046.951957
186,7,2046.951957
186,7,2046.951957
186,7,2046.951957
186,7,2046.951957
186,7,2046.951957
186,7,2046.951957
186,7,2046.951957
186,7,2046.951957
186,7,2046.951957
186,7,2046.951957
186,7,2046.951957
186,7,2046.951957
186,7,2046.951957
186,7,2046.951957
186,7,2046.951957
186,7,2046.951957
186,7,2046.951957
186,7,2046.951957
186,7,2046.951957
186,7,2046.951957
186,7,2046.951957
186,7,2046.951957
186,7,2046.951957
186,7,2046.951957
186,7,2046.951957
186,7,2046.951957
186,7,2046.951957
186,7,2046.951957
186,7,2046.951957
186,7,2046.951957
186,7,2046.951957
186,7,2046.951957
186,7,2046.951957
186,7,2046.951957
186,7,2046.951957
186,7,2046.951957
186,7,2046.951957
186,7,2046.951957
186,7,2046.951957
186,7,2046.951957
186,7,2046.951957
186,7,2046.951957
186,7,2046.951957
186,7,2046.951957
186,7,2046.951957
186,7,2046.951957
186,7,2046.951957
186,7,2046.951957
186,7,2046.951957
186,7,2046.951957
186,7,2046.951957
186,7,2046.951957
186,7,2046.951957
186,7,2046.951957
186,7,2046.951957
186,7,2046.951957
186,7,2046.951957
186,7,2046.951957
186,7,2046.951957
186,7,2046.951957
186,7,2046.951957
186,7,2046.951957
186,7,2046.951957
186,7,2046.951957
186,7,2046.951957
186,7,2046.951957
186,7,2046.951957
186,7,2046.951957
186,7,2046.951957
186,7,2046.951957
186,7,2046.951957
186,7,2046.951957
186,7,2046.951957
186,7,2046.951957
186,7,2046.951957
186,7,2046.951957
186,7,2046.951957
186,7,2046.951957
186,7,2046.951957
186,7,2046.951957
186,7,2046.951957
186,7,2046.951957
186,7,2046.951957
186,7,2046.951957
186,7,2046.951957
186,7,2046.951957
186,7,2046.951957
186,7,2046.951957
186,7,2046.951957
186,7,2046.951957
186,7,2046.951957
186,7,2046.951957
186,7,2046.951957
186,7,2046.951957
186,7,2046.951957
186,7,2046.951957
186,7,2046.951957
186,7,2046.951957
186,7,2046.951957
186,7,2046.951957
186,7,2046.951957
186,7,2046.951957
186,7,2046.951957
186,7,2046.951957
186,7,2046.951957
186,7,2046.951957
186,7,2046.951957
186,7,2046.951957
186,7,2046.951957
186,7,2046.951957
186,7,2046.951957
186,7,2046.951957
186,7,2046.951957
186,7,2046.951957
186,7,2046.951957
186,7,2046.951957
186,7,2046.951957
186,7,2046.951957
186,7,2046.951957
186,7,2046.951957
186,7,2046.951957
186,7,2046.951957
186,7,2046.951957
186,7,2046.951957
186,7,2046.951957
186,7,2046.951957
186,7,2046.951957
186,7,2046.951957
186,7,2046.951957
186,7,2046.951957
186,7,2046.951957
186,7,2046.951957
186,7,2046.951957
186,7,2046.951957
186,7,2046.951957
186,7,2046.951957
186,7,2046.951957
186,7,2046.951957
186,7,2046.951957
186,7,2046.951957
186,7,2046.951957
186,7,2046.951957
186,7,2046.951957
186,7,2046.951957
186,7,2046.951957
186,7,2046.951957
186,7,2046.951957
186,7,2046.951957
186,7,2046.951957
186,7,2046.951957
186,7,2046.951957
186,7,2046.951957
186,7,2046.951957
186,7,2046.951957
186,7,2046.951957
186,7,2046.951957
186,7,2046.951957
186,7,2046.951957
186,7,2046.951957
186,7,2046.951957
186,7,2046.951957
186,7,2046.951957
186,7,2046.951957
186,7,2046.951957
186,7,2046.951957
186,7,2046.951957
186,7,2046.951957
186,7,2046.951957
186,7,2046.951957
186,7,2046.951957
186,7,2046.951957
186,7,2046.951957
186,7,2046.951957
186,7,2046.951957
186,7,2046.951957
186,7,2046.951957
186,9,2019.597083
186,9,2019.597083
186,10,1999.009922
186,10,1999.009922
187,6,2094.028916
187,6,2094.028916
187,6,2094.028916
187,6,2094.028916
187,6,2094.028916
187,6,2094.028916
187,7,2046.951957
187,7,2046.951957
187,7,2046.951957
187,7,2046.951957
187,7,2046.951957
187,7,2046.951957
187,7,2046.951957
187,7,2046.951957
187,7,2046.951957
187,7,2046.951957
187,7,2046.951957
187,7,2046.951957
187,7,2046.951957
187,7,2046.951957
187,7,2046.951957
187,7,2046.951957
187,7,2046.951957
187,7,2046.951957
187,7,2046.951957
187,7,2046.951957
187,7,2046.951957
187,7,2046.951957
187,7,2046.951957
187,7,2046.951957
187,7,2046.951957
187,7,2046.951957
187,7,2046.951957
187,7,2046.951957
187,7,2046.951957
187,7,2046.951957
187,7,2046.951957
187,7,2046.951957
187,7,2046.951957
187,7,2046.951957
187,7,2046.951957
187,7,2046.951957
187,7,2046.951957
187,7,2046.951957
187,7,2046.951957
187,7,2046.951957
187,7,2046.951957
187,7,2046.951957
187,7,2046.951957
187,7,2046.951957
187,7,2046.951957
187,7,2046.951957
187,7,2046.951957
187,7,2046.951957
187,7,2046.951957
187,7,2046.951957
187,7,2046.951957
187,7,2046.951957
187,7,2046.951957
187,7,2046.951957
187,7,2046.951957
187,7,2046.951957
187,7,2046.951957
187,7,2046.951957
187,7,2046.951957
187,7,2046.951957
187,7,2046.951957
187,7,2046.951957
187,7,2046.951957
187,7,2046.951957
187,7,2046.951957
187,7,2046.951957
187,7,2046.951957
187,7,2046.951957
187,7,2046.951957
187,7,2046.951957
187,7,2046.951957
187,7,2046.951957
187,7,2046.951957
187,7,2046.951957
187,7,2046.951957
187,7,2046.951957
187,7,2046.951957
187,7,2046.951957
187,7,2046.951957
187,7,2046.951957
187,7,2046.951957
187,7,2046.951957
187,7,2046.951957
187,7,2046.951957
187,7,2046.951957
187,7,2046.951957
187,7,2046.951957
187,7,2046.951957
187,7,2046.951957
187,7,2046.951957
187,7,2046.951957
187,7,2046.951957
187,7,2046.951957
187,7,2046.951957
187,7,2046.951957
187,7,2046.951957
187,7,2046.951957
187,7,2046.951957
187,7,2046.951957
187,7,2046.951957
187,7,2046.951957
187,7,2046.951957
187,7,2046.951957
187,7,2046.951957
187,7,2046.951957
187,7,2046.951957
187,7,2046.951957
187,7,2046.951957
187,7,2046.951957
187,7,2046.951957
187,7,2046.951957
187,7,2046.951957
187,7,2046.951957
187,7,2046.951957
187,7,2046.951957
187,7,2046.951957
187,7,2046.951957
187,7,2046.951957
187,7,2046.951957
187,7,2046.951957
187,7,2046.951957
187,7,2046.951957
187,7,2046.951957
187,7,2046.951957
187,7,2046.951957
187,7,2046.951957
187,7,2046.951957
187,7,2046.951957
187,7,2046.951957
187,7,2046.951957
187,7,2046.951957
187,7,2046.951957
187,7,2046.951957
187,7,2046.951957
187,7,2046.951957
187,7,2046.951957
187,7,2046.951957
187,7,2046.951957
187,7,2046.951957
187,7,2046.951957
187,7,2046.951957
187,7,2046.951957
187,7,2046.951957
187,7,2046.951957
187,7,2046.951957
187,7,2046.951957
187,7,2046.951957
187,7,2046.951957
187,7,2046.951957
187,7,2046.951957
187,7,2046.951957
187,7,2046.951957
187,7,2046.951957
187,7,2046.951957
187,7,2046.951957
187,7,2046.951957
187,7,2046.951957
187,7,2046.951957
187,7,2046.951957
187,7,2046.951957
187,7,2046.951957
187,7,2046.951957
187,7,2046.951957
187,7,2046.951957
187,7,2046.951957
187,7,2046.951957
187,7,2046.951957
187,7,2046.951957
187,7,2046.951957
187,7,2046.951957
187,7,2046.951957
187,7,2046.951957
187,7,2046.951957
187,7,2046.951957
187,7,2046.951957
187,7,2046.951957
187,7,2046.951957
187,7,2046.951957
187,7,2046.951957
187,7,2046.951957
187,7,2046.951957
187,7,2046.951957
187,7,2046.951957
187,7,2046.951957
187,7,2046.951957
187,7,2046.951957
187,7,2046.951957
187,7,2046.951957
187,7,2046.951957
187,7,2046.951957
187,7,2046.951957
187,7,2046.951957
187,7,2046.951957
187,7,2046.951957
187,7,2046.951957
187,7,2046.951957
187,7,2046.951957
187,7,2046.951957
187,7,2046.951957
187,7,2046.951957
187,7,2046.951957
187,7,2046.951957
187,7,2046.951957
187,7,2046.951957
187,7,2046.951957
187,7,2046.951957
187,7,2046.951957
187,7,2046.951957
187,7,2046.951957
187,7,2046.951957
187,7,2046.951957
187,7,2046.951957
187,7,2046.951957
187,7,2046.951957
187,7,2046.951957
187,7,2046.951957
187,7,2046.951957
187,7,2046.951957
187,7,2046.951957
187,7,2046.951957
187,7,2046.951957
187,7,2046.951957
187,7,2046.951957
187,7,2046.951957
187,7,2046.951957
187,7,2046.951957
187,7,2046.951957
187,7,2046.951957
187,7,2046.951957
187,7,2046.951957
187,7,2046.951957
187,7,2046.951957
187,7,2046.951957
187,7,2046.951957
187,7,2046.951957
187,7,2046.951957
187,7,2046.951957
187,7,2046.951957
187,7,2046.951957
187,7,2046.951957
187,7,2046.951957
187,7,2046.951957
187,7,2046.951957
187,7,2046.951957
187,7,2046.951957
187,7,2046.951957
187,7,2046.951957
187,7,2046.951957
187,7,2046.951957
187,7,2046.951957
187,7,2046.951957
187,7,2046.951957
187,7,2046.951957
187,7,2046.951957
187,7,2046.951957
187,7,2046.951957
187,7,2046.951957
187,7,2046.951957
187,7,2046.951957
187,7,2046.951957
187,7,2046.951957
187,7,2046.951957
187,7,2046.951957
187,7,2046.951957
187,7,2046.951957
187,7,2046.951957
187,7,2046.951957
187,7,2046.951957
187,7,2046.951957
187,7,2046.951957
187,7,2046.951957
187,7,2046.951957
187,7,2046.951957
187,7,2046.951957
187,7,2046.951957
187,7,2046.951957
187,7,2046.951957
187,7,2046.951957
187,7,2046.951957
187,7,2046.951957
187,7,2046.951957
187,7,2046.951957
187,7,2046.951957
187,7,2046.951957
187,7,2046.951957
187,7,2046.951957
187,7,2046.951957
187,7,2046.951957
187,7,2046.951957
187,7,2046.951957
187,7,2046.951957
187,7,2046.951957
187,7,2046.951957
187,7,2046.951957
187,7,2046.951957
187,7,2046.951957
187,7,2046.951957
187,7,2046.951957
187,7,2046.951957
187,7,2046.951957
187,7,2046.951957
187,7,2046.951957
187,7,2046.951957
187,7,2046.951957
187,7,2046.951957
187,7,2046.951957
187,7,2046.951957
187,7,2046.951957
187,7,2046.951957
187,7,2046.951957
187,7,2046.951957
187,7,2046.951957
187,7,2046.951957
187,7,2046.951957
187,7,2046.951957
187,7,2046.951957
187,7,2046.951957
187,7,2046.951957
187,7,2046.951957
187,7,2046.951957
187,7,2046.951957
187,7,2046.951957
187,7,2046.951957
187,7,2046.951957
187,7,2046.951957
187,7,2046.951957
187,7,2046.951957
187,7,2046.951957
187,7,2046.951957
187,7,2046.951957
187,7,2046.951957
187,7,2046.951957
187,7,2046.951957
187,7,2046.951957
187,7,2046.951957
187,7,2046.951957
187,7,2046.951957
187,7,2046.951957
187,7,2046.951957
187,7,2046.951957
187,7,2046.951957
187,7,2046.951957
187,7,2046.951957
187,7,2046.951957
187,7,2046.951957
187,7,2046.951957
187,7,2046.951957
187,7,2046.951957
187,7,2046.951957
187,7,2046.951957
187,7,2046.951957
187,7,2046.951957
187,7,2046.951957
187,7,2046.951957
187,7,2046.951957
187,7,2046.951957
187,7,2046.951957
187,7,2046.951957
187,7,2046.951957
187,7,2046.951957
187,7,2046.951957
187,7,2046.951957
187,7,2046.951957
187,7,2046.951957
187,7,2046.951957
187,7,2046.951957
187,7,2046.951957
187,7,2046.951957
187,7,2046.951957
187,7,2046.951957
187,7,2046.951957
187,7,2046.951957
187,7,2046.951957
187,7,2046.951957
187,7,2046.951957
187,7,2046.951957
187,7,2046.951957
187,7,2046.951957
187,7,2046.951957
187,7,2046.951957
187,7,2046.951957
187,7,2046.951957
187,7,2046.951957
187,7,2046.951957
187,7,2046.951957
187,7,2046.951957
187,7,2046.951957
187,7,2046.951957
187,7,2046.951957
187,7,2046.951957
187,7,2046.951957
187,7,2046.951957
187,7,2046.951957
187,7,2046.951957
187,7,2046.951957
187,7,2046.951957
187,7,2046.951957
187,7,2046.951957
187,7,2046.951957
187,7,2046.951957
187,7,2046.951957
187,7,2046.951957
187,7,2046.951957
187,7,2046.951957
187,7,2046.951957
187,7,2046.951957
187,7,2046.951957
187,7,2046.951957
187,7,2046.951957
187,7,2046.951957
187,7,2046.951957
187,7,2046.951957
187,7,2046.951957
187,7,2046.951957
187,7,2046.951957
187,7,2046.951957
187,7,2046.951957
187,7,2046.951957
187,7,2046.951957
187,7,2046.951957
187,7,2046.951957
187,7,2046.951957
187,7,2046.951957
187,7,2046.951957
187,7,2046.951957
187,7,2046.951957
187,7,2046.951957
187,7,2046.951957
187,7,2046.951957
187,7,2046.951957
187,7,2046.951957
187,7,2046.951957
187,7,2046.951957
187,7,2046.951957
187,7,2046.951957
187,7,2046.951957
187,7,2046.951957
187,7,2046.951957
187,9,2019.597083
187,9,2019.597083
187,9,2019.597083
187,10,1999.009922
187,10,1999.009922
187,10,1999.009922
188,6,2094.028916
188,6,2094.028916
188,6,2094.028916
188,6,2094.028916
188,6,2094.028916
188,6,2094.028916
188,6,2094.028916
188,6,2094.028916
188,7,2046.951957
188,7,2046.951957
188,7,2046.951957
188,7,2046.951957
188,7,2046.951957
188,7,2046.951957
188,7,2046.951957
188,7,2046.951957
188,7,2046.951957
188,7,2046.951957
188,7,2046.951957
188,7,2046.951957
188,7,2046.951957
188,7,2046.951957
188,7,2046.951957
188,7,2046.951957
188,7,2046.951957
188,7,2046.951957
188,7,2046.951957
188,7,2046.951957
188,7,2046.951957
188,7,2046.951957
188,7,2046.951957
188,7,2046.951957
188,7,2046.951957
188,7,2046.951957
188,7,2046.951957
188,7,2046.951957
188,7,2046.951957
188,7,2046.951957
188,7,2046.951957
188,7,2046.951957
188,7,2046.951957
188,7,2046.951957
188,7,2046.951957
188,7,2046.951957
188,7,2046.951957
188,7,2046.951957
188,7,2046.951957
188,7,2046.951957
188,7,2046.951957
188,7,2046.951957
188,7,2046.951957
188,7,2046.951957
188,7,2046.951957
188,7,2046.951957
188,7,2046.951957
188,7,2046.951957
188,7,2046.951957
188,7,2046.951957
188,7,2046.951957
188,7,2046.951957
188,7,2046.951957
188,7,2046.951957
188,7,2046.951957
188,7,2046.951957
188,7,2046.951957
188,7,2046.951957
188,7,2046.951957
188,7,2046.951957
188,7,2046.951957
188,7,2046.951957
188,7,2046.951957
188,7,2046.951957
188,7,2046.951957
188,7,2046.951957
188,7,2046.951957
188,7,2046.951957
188,7,2046.951957
188,7,2046.951957
188,7,2046.951957
188,7,2046.951957
188,7,2046.951957
188,7,2046.951957
188,7,2046.951957
188,7,2046.951957
188,7,2046.951957
188,7,2046.951957
188,7,2046.951957
188,7,2046.951957
188,7,2046.951957
188,7,2046.951957
188,7,2046.951957
188,7,2046.951957
188,7,2046.951957
188,7,2046.951957
188,7,2046.951957
188,7,2046.951957
188,7,2046.951957
188,7,2046.951957
188,7,2046.951957
188,7,2046.951957
188,7,2046.951957
188,7,2046.951957
188,7,2046.951957
188,7,2046.951957
188,7,2046.951957
188,7,2046.951957
188,7,2046.951957
188,7,2046.951957
188,7,2046.951957
188,7,2046.951957
188,7,2046.951957
188,7,2046.951957
188,7,2046.951957
188,7,2046.951957
188,7,2046.951957
188,7,2046.951957
188,7,2046.951957
188,7,2046.951957
188,7,2046.951957
188,7,2046.951957
188,7,2046.951957
188,7,2046.951957
188,7,2046.951957
188,7,2046.951957
188,7,2046.951957
188,7,2046.951957
188,7,2046.951957
188,7,2046.951957
188,7,2046.951957
188,7,2046.951957
188,7,2046.951957
188,7,2046.951957
188,7,2046.951957
188,7,2046.951957
188,7,2046.951957
188,7,2046.951957
188,7,2046.951957
188,7,2046.951957
188,7,2046.951957
188,7,2046.951957
188,7,2046.951957
188,7,2046.951957
188,7,2046.951957
188,7,2046.951957
188,7,2046.951957
188,7,2046.951957
188,7,2046.951957
188,7,2046.951957
188,7,2046.951957
188,7,2046.951957
188,7,2046.951957
188,7,2046.951957
188,7,2046.951957
188,7,2046.951957
188,7,2046.951957
188,7,2046.951957
188,7,2046.951957
188,7,2046.951957
188,7,2046.951957
188,7,2046.951957
188,7,2046.951957
188,7,2046.951957
188,7,2046.951957
188,7,2046.951957
188,7,2046.951957
188,7,2046.951957
188,7,2046.951957
188,7,2046.951957
188,7,2046.951957
188,7,2046.951957
188,7,2046.951957
188,7,2046.951957
188,7,2046.951957
188,7,2046.951957
188,7,2046.951957
188,7,2046.951957
188,7,2046.951957
188,7,2046.951957
188,7,2046.951957
188,7,2046.951957
188,7,2046.951957
188,7,2046.951957
188,7,2046.951957
188,7,2046.951957
188,7,2046.951957
188,7,2046.951957
188,7,2046.951957
188,7,2046.951957
188,7,2046.951957
188,7,2046.951957
188,7,2046.951957
188,7,2046.951957
188,7,2046.951957
188,7,2046.951957
188,7,2046.951957
188,7,2046.951957
188,7,2046.951957
188,7,2046.951957
188,7,2046.951957
188,7,2046.951957
188,7,2046.951957
188,7,2046.951957
188,7,2046.951957
188,7,2046.951957
188,7,2046.951957
188,7,2046.951957
188,7,2046.951957
188,7,2046.951957
188,7,2046.951957
188,7,2046.951957
188,7,2046.951957
188,7,2046.951957
188,7,2046.951957
188,7,2046.951957
188,7,2046.951957
188,7,2046.951957
188,7,2046.951957
188,7,2046.951957
188,7,2046.951957
188,7,2046.951957
188,7,2046.951957
188,7,2046.951957
188,7,2046.951957
188,7,2046.951957
188,7,2046.951957
188,7,2046.951957
188,7,2046.951957
188,7,2046.951957
188,7,2046.951957
188,7,2046.951957
188,7,2046.951957
188,7,2046.951957
188,7,2046.951957
188,7,2046.951957
188,7,2046.951957
188,7,2046.951957
188,7,2046.951957
188,7,2046.951957
188,7,2046.951957
188,7,2046.951957
188,7,2046.951957
188,7,2046.951957
188,7,2046.951957
188,7,2046.951957
188,7,2046.951957
188,7,2046.951957
188,7,2046.951957
188,7,2046.951957
188,7,2046.951957
188,7,2046.951957
188,7,2046.951957
188,7,2046.951957
188,7,2046.951957
188,7,2046.951957
188,7,2046.951957
188,7,2046.951957
188,7,2046.951957
188,7,2046.951957
188,7,2046.951957
188,7,2046.951957
188,7,2046.951957
188,7,2046.951957
188,7,2046.951957
188,7,2046.951957
188,7,2046.951957
188,7,2046.951957
188,7,2046.951957
188,7,2046.951957
188,7,2046.951957
188,7,2046.951957
188,7,2046.951957
188,7,2046.951957
188,7,2046.951957
188,7,2046.951957
188,7,2046.951957
188,7,2046.951957
188,7,2046.951957
188,7,2046.951957
188,7,2046.951957
188,7,2046.951957
188,7,2046.951957
188,7,2046.951957
188,7,2046.951957
188,7,2046.951957
188,7,2046.951957
188,7,2046.951957
188,7,2046.951957
188,7,2046.951957
188,7,2046.951957
188,7,2046.951957
188,7,2046.951957
188,7,2046.951957
188,7,2046.951957
188,7,2046.951957
188,7,2046.951957
188,7,2046.951957
188,7,2046.951957
188,7,2046.951957
188,7,2046.951957
188,7,2046.951957
188,7,2046.951957
188,7,2046.951957
188,7,2046.951957
188,7,2046.951957
188,7,2046.951957
188,7,2046.951957
188,7,2046.951957
188,7,2046.951957
188,7,2046.951957
188,7,2046.951957
188,7,2046.951957
188,7,2046.951957
188,7,2046.951957
188,7,2046.951957
188,7,2046.951957
188,7,2046.951957
188,7,2046.951957
188,7,2046.951957
188,7,2046.951957
188,7,2046.951957
188,7,2046.951957
188,7,2046.951957
188,7,2046.951957
188,7,2046.951957
188,7,2046.951957
188,7,2046.951957
188,7,2046.951957
188,7,2046.951957
188,7,2046.951957
188,7,2046.951957
188,7,2046.951957
188,7,2046.951957
188,7,2046.951957
188,7,2046.951957
188,7,2046.951957
188,7,2046.951957
188,7,2046.951957
188,7,2046.951957
188,7,2046.951957
188,7,2046.951957
188,7,2046.951957
188,7,2046.951957
188,7,2046.951957
188,7,2046.951957
188,7,2046.951957
188,7,2046.951957
188,7,2046.951957
188,7,2046.951957
188,7,2046.951957
188,7,2046.951957
188,7,2046.951957
188,7,2046.951957
188,7,2046.951957
188,7,2046.951957
188,7,2046.951957
188,7,2046.951957
188,7,2046.951957
188,7,2046.951957
188,7,2046.951957
188,7,2046.951957
188,7,2046.951957
188,7,2046.951957
188,7,2046.951957
188,7,2046.951957
188,7,2046.951957
188,7,2046.951957
188,7,2046.951957
188,7,2046.951957
188,7,2046.951957
188,7,2046.951957
188,7,2046.951957
188,7,2046.951957
188,7,2046.951957
188,7,2046.951957
188,7,2046.951957
188,7,2046.951957
188,7,2046.951957
188,7,2046.951957
188,7,2046.951957
188,7,2046.951957
188,7,2046.951957
188,7,2046.951957
188,7,2046.951957
188,7,2046.951957
188,7,2046.951957
188,7,2046.951957
188,7,2046.951957
188,7,2046.951957
188,7,2046.951957
188,7,2046.951957
188,7,2046.951957
188,7,2046.951957
188,7,2046.951957
188,7,2046.951957
188,7,2046.951957
188,7,2046.951957
188,7,2046.951957
188,7,2046.951957
188,7,2046.951957
188,7,2046.951957
188,7,2046.951957
188,7,2046.951957
188,7,2046.951957
188,7,2046.951957
188,7,2046.951957
188,7,2046.951957
188,7,2046.951957
188,7,2046.951957
188,7,2046.951957
188,7,2046.951957
188,7,2046.951957
188,7,2046.951957
188,7,2046.951957
188,7,2046.951957
188,7,2046.951957
188,7,2046.951957
188,7,2046.951957
188,7,2046.951957
188,7,2046.951957
188,7,2046.951957
188,7,2046.951957
188,7,2046.951957
188,7,2046.951957
188,7,2046.951957
188,7,2046.951957
188,7,2046.951957
188,7,2046.951957
188,7,2046.951957
188,7,2046.951957
188,7,2046.951957
188,7,2046.951957
188,7,2046.951957
188,7,2046.951957
188,7,2046.951957
188,7,2046.951957
188,7,2046.951957
188,7,2046.951957
188,7,2046.951957
188,7,2046.951957
188,7,2046.951957
188,7,2046.951957
188,7,2046.951957
188,7,2046.951957
188,7,2046.951957
188,7,2046.951957
188,7,2046.951957
188,7,2046.951957
188,7,2046.951957
188,7,2046.951957
188,7,2046.951957
188,7,2046.951957
188,7,2046.951957
188,7,2046.951957
188,7,2046.951957
188,7,2046.951957
188,7,2046.951957
188,7,2046.951957
188,7,2046.951957
188,7,2046.951957
188,7,2046.951957
188,7,2046.951957
188,7,2046.951957
188,7,2046.951957
188,7,2046.951957
188,7,2046.951957
188,7,2046.951957
188,7,2046.951957
188,7,2046.951957
188,7,2046.951957
188,7,2046.951957
188,7,2046.951957
188,7,2046.951957
188,7,2046.951957
188,7,2046.951957
188,7,2046.951957
188,7,2046.951957
188,7,2046.951957
188,7,2046.951957
188,7,2046.951957
188,7,2046.951957
188,7,2046.951957
188,7,2046.951957
188,7,2046.951957
188,7,2046.951957
188,7,2046.951957
188,7,2046.951957
188,7,2046.951957
188,7,2046.951957
188,7,2046.951957
188,7,2046.951957
188,7,2046.951957
188,7,2046.951957
188,7,2046.951957
188,7,2046.951957
188,7,2046.951957
188,7,2046.951957
188,7,2046.951957
188,7,2046.951957
188,7,2046.951957
188,7,2046.951957
188,7,2046.951957
188,7,2046.951957
188,7,2046.951957
188,7,2046.951957
188,7,2046.951957
188,7,2046.951957
188,7,2046.951957
188,7,2046.951957
188,7,2046.951957
188,7,2046.951957
188,7,2046.951957
188,7,2046.951957
188,7,2046.951957
188,7,2046.951957
188,7,2046.951957
188,7,2046.951957
188,7,2046.951957
188,7,2046.951957
188,7,2046.951957
188,7,2046.951957
188,7,2046.951957
188,7,2046.951957
188,7,2046.951957
188,7,2046.951957
188,7,2046.951957
188,7,2046.951957
188,7,2046.951957
188,7,2046.951957
188,7,2046.951957
188,7,2046.951957
188,7,2046.951957
188,7,2046.951957
188,7,2046.951957
188,7,2046.951957
188,7,2046.951957
188,7,2046.951957
188,7,2046.951957
188,7,2046.951957
188,7,2046.951957
188,7,2046.951957
188,7,2046.951957
188,7,2046.951957
188,7,2046.951957
188,7,2046.951957
188,7,2046.951957
188,7,2046.951957
188,7,2046.951957
188,7,2046.951957
188,7,2046.951957
188,7,2046.951957
188,7,2046.951957
188,7,2046.951957
188,7,2046.951957
188,7,2046.951957
188,7,2046.951957
188,7,2046.951957
188,7,2046.951957
188,7,2046.951957
188,7,2046.951957
188,7,2046.951957
188,7,2046.951957
188,7,2046.951957
188,7,2046.951957
188,7,2046.951957
188,7,2046.951957
188,7,2046.951957
188,7,2046.951957
188,7,2046.951957
188,7,2046.951957
188,7,2046.951957
188,7,2046.951957
188,7,2046.951957
188,7,2046.951957
188,7,2046.951957
188,7,2046.951957
188,7,2046.951957
188,7,2046.951957
188,7,2046.951957
188,7,2046.951957
188,7,2046.951957
188,7,2046.951957
188,7,2046.951957
188,7,2046.951957
188,7,2046.951957
188,7,2046.951957
188,7,2046.951957
188,7,2046.951957
188,7,2046.951957
188,7,2046.951957
188,7,2046.951957
188,7,2046.951957
188,7,2046.951957
188,9,2019.597083
188,9,2019.597083
188,9,2019.597083
188,9,2019.597083
188,10,1999.009922
188,10,1999.009922
188,10,1999.009922
188,10,1999.009922
189,6,2092.550437
189,7,2046.896856
189,9,2017.707246
189,10,1998.991521
190,6,2092.550437
190,6,2092.550437
190,7,2046.896856
190,9,2017.707246
190,9,2017.707246
190,10,1998.991521
190,10,1998.991521
191,6,2092.387474
191,7,2046.896856
191,7,2046.896856
191,9,2017.707246
191,9,2017.707246
191,9,2017.707246
191,9,2017.707246
191,10,1998.991521
191,10,1998.991521
191,10,1998.991521
191,10,1998.991521
192,6,2091.787843
192,7,2046.896856
192,7,2046.896856
192,7,2046.896856
192,7,2046.896856
192,9,2017.707246
192,9,2017.707246
192,9,2017.707246
192,9,2017.707246
192,9,2017.707246
192,9,2017.707246
192,9,2017.707246
192,9,2017.707246
192,9,2017.707246
192,9,2017.707246
192,9,2017.707246
192,10,1998.991521
192,10,1998.991521
192,10,1998.991521
192,10,1998.991521
192,10,1998.991521
192,10,1998.991521
192,10,1998.991521
192,10,1998.991521
193,6,2091.787843
193,7,2043.824860
193,9,2017.707246
193,9,2017.707246
193,9,2017.707246
193,9,2017.707246
193,9,2017.707246
193,9,2017.707246
193,9,2017.707246
193,9,2017.707246
193,9,2017.707246
193,9,2017.707246
193,9,2017.707246
193,9,2017.707246
193,9,2017.707246
193,9,2017.707246
193,9,2017.707246
193,9,2017.707246
193,9,2017.707246
193,9,2017.707246
193,9,2017.707246
193,9,2017.707246
193,9,2017.707246
193,9,2017.707246
193,10,1998.991521
193,10,1998.991521
193,10,1998.991521
193,10,1998.991521
193,10,1998.991521
193,10,1998.991521
193,10,1998.991521
193,10,1998.991521
193,10,1998.991521
193,10,1998.991521
193,10,1998.991521
193,10,1998.991521
193,10,1998.991521
193,10,1998.991521
194,6,2091.787843
194,6,2091.787843
194,7,2043.824860
194,7,2043.824860
194,9,2017.707246
194,9,2017.707246
194,9,2017.707246
194,9,2017.707246
194,9,2017.707246
194,9,2017.707246
194,9,2017.707246
194,9,2017.707246
194,9,2017.707246
194,9,2017.707246
194,9,2017.707246
194,9,2017.707246
194,9,2017.707246
194,9,2017.707246
194,9,2017.707246
194,9,2017.707246
194,9,2017.707246
194,9,2017.707246
194,9,2017.707246
194,9,2017.707246
194,9,2017.707246
194,9,2017.707246
194,9,2017.707246
194,9,2017.707246
194,9,2017.707246
194,9,2017.707246
194,9,2017.707246
194,9,2017.707246
194,9,2017.707246
194,9,2017.707246
194,9,2017.707246
194,9,2017.707246
194,9,2017.707246
194,9,2017.707246
194,9,2017.707246
194,9,2017.707246
194,9,2017.707246
194,9,2017.707246
194,9,2017.707246
194,9,2017.707246
194,9,2017.707246
194,9,2017.707246
194,9,2017.707246
194,9,2017.707246
194,10,1998.991521
194,10,1998.991521
194,10,1998.991521
194,10,1998.991521
194,10,1998.991521
194,10,1998.991521
194,10,1998.991521
194,10,1998.991521
194,10,1998.991521
194,10,1998.991521
194,10,1998.991521
194,10,1998.991521
194,10,1998.991521
194,10,1998.991521
194,10,1998.991521
194,10,1998.991521
194,10,1998.991521
194,10,1998.991521
194,10,1998.991521
194,10,1998.991521
194,10,1998.991521
194,10,1998.991521
194,10,1998.991521
194,10,1998.991521
194,10,1998.991521
194,10,1998.991521
194,10,1998.991521
194,10,1998.991521
195,6,2091.787843
195,6,2091.787843
195,6,2091.787843
195,7,2043.824860
195,7,2043.824860
195,7,2043.824860
195,9,2017.707246
195,9,2017.707246
195,9,2017.707246
195,9,2017.707246
195,9,2017.707246
195,9,2017.707246
195,9,2017.707246
195,9,2017.707246
195,9,2017.707246
195,9,2017.707246
195,9,2017.707246
195,9,2017.707246
195,9,2017.707246
195,9,2017.707246
195,9,2017.707246
195,9,2017.707246
195,9,2017.707246
195,9,2017.707246
195,9,2017.707246
195,9,2017.707246
195,9,2017.707246
195,9,2017.707246
195,9,2017.707246
195,9,2017.707246
195,9,2017.707246
195,9,2017.707246
195,9,2017.707246
195,9,2017.707246
195,9,2017.707246
195,9,2017.707246
195,9,2017.707246
195,9,2017.707246
195,9,2017.707246
195,9,2017.707246
195,9,2017.707246
195,9,2017.707246
195,9,2017.707246
195,9,2017.707246
195,9,2017.707246
195,9,2017.707246
195,9,2017.707246
195,9,2017.707246
195,9,2017.707246
195,9,2017.707246
195,9,2017.707246
195,9,2017.707246
195,9,2017.707246
195,9,2017.707246
195,9,2017.707246
195,9,2017.707246
195,9,2017.707246
195,9,2017.707246
195,9,2017.707246
195,9,2017.707246
195,9,2017.707246
195,9,2017.707246
195,9,2017.707246
195,9,2017.707246
195,9,2017.707246
195,9,2017.707246
195,9,2017.707246
195,9,2017.707246
195,9,2017.707246
195,9,2017.707246
195,9,2017.707246
195,9,2017.707246
195,10,1998.991521
195,10,1998.991521
195,10,1998.991521
195,10,1998.991521
195,10,1998.991521
195,10,1998.991521
195,10,1998.991521
195,10,1998.991521
195,10,1998.991521
195,10,1998.991521
195,10,1998.991521
195,10,1998.991521
195,10,1998.991521
195,10,1998.991521
195,10,1998.991521
195,10,1998.991521
195,10,1998.991521
195,10,1998.991521
195,10,1998.991521
195,10,1998.991521
195,10,1998.991521
195,10,1998.991521
195,10,1998.991521
195,10,1998.991521
195,10,1998.991521
195,10,1998.991521
195,10,1998.991521
195,10,1998.991521
195,10,1998.991521
195,10,1998.991521
195,10,1998.991521
195,10,1998.991521
195,10,1998.991521
195,10,1998.991521
195,10,1998.991521
195,10,1998.991521
195,10,1998.991521
195,10,1998.991521
195,10,1998.991521
195,10,1998.991521
195,10,1998.991521
195,10,1998.991521
196,6,2091.787843
196,6,2091.787843
196,6,2091.787843
196,6,2091.787843
196,7,2043.824860
196,7,2043.824860
196,7,2043.824860
196,7,2043.824860
196,9,2017.707246
196,9,2017.707246
196,9,2017.707246
196,9,2017.707246
196,9,2017.707246
196,9,2017.707246
196,9,2017.707246
196,9,2017.707246
196,9,2017.707246
196,9,2017.707246
196,9,2017.707246
196,9,2017.707246
196,9,2017.707246
196,9,2017.707246
196,9,2017.707246
196,9,2017.707246
196,9,2017.707246
196,9,2017.707246
196,9,2017.707246
196,9,2017.707246
196,9,2017.707246
196,9,2017.707246
196,9,2017.707246
196,9,2017.707246
196,9,2017.707246
196,9,2017.707246
196,9,2017.707246
196,9,2017.707246
196,9,2017.707246
196,9,2017.707246
196,9,2017.707246
196,9,2017.707246
196,9,2017.707246
196,9,2017.707246
196,9,2017.707246
196,9,2017.707246
196,9,2017.707246
196,9,2017.707246
196,9,2017.707246
196,9,2017.707246
196,9,2017.707246
196,9,2017.707246
196,9,2017.707246
196,9,2017.707246
196,9,2017.707246
196,9,2017.707246
196,9,2017.707246
196,9,2017.707246
196,9,2017.707246
196,9,2017.707246
196,9,2017.707246
196,9,2017.707246
196,9,2017.707246
196,9,2017.707246
196,9,2017.707246
196,9,2017.707246
196,9,2017.707246
196,9,2017.707246
196,9,2017.707246
196,9,2017.707246
196,9,2017.707246
196,9,2017.707246
196,9,2017.707246
196,9,2017.707246
196,9,2017.707246
196,9,2017.707246
196,9,2017.707246
196,9,2017.707246
196,9,2017.707246
196,9,2017.707246
196,9,2017.707246
196,9,2017.707246
196,9,2017.707246
196,9,2017.707246
196,9,2017.707246
196,9,2017.707246
196,9,2017.707246
196,9,2017.707246
196,9,2017.707246
196,9,2017.707246
196,9,2017.707246
196,9,2017.707246
196,9,2017.707246
196,9,2017.707246
196,9,2017.707246
196,9,2017.707246
196,9,2017.707246
196,9,2017.707246
196,10,1998.991521
196,10,1998.991521
196,10,1998.991521
196,10,1998.991521
196,10,1998.991521
196,10,1998.991521
196,10,1998.991521
196,10,1998.991521
196,10,1998.991521
196,10,1998.991521
196,10,1998.991521
196,10,1998.991521
196,10,1998.991521
196,10,1998.991521
196,10,1998.991521
196,10,1998.991521
196,10,1998.991521
196,10,1998.991521
196,10,1998.991521
196,10,1998.991521
196,10,1998.991521
196,10,1998.991521
196,10,1998.991521
196,10,1998.991521
196,10,1998.991521
196,10,1998.991521
196,10,1998.991521
196,10,1998.991521
196,10,1998.991521
196,10,1998.991521
196,10,1998.991521
196,10,1998.991521
196,10,1998.991521
196,10,1998.991521
196,10,1998.991521
196,10,1998.991521
196,10,1998.991521
196,10,1998.991521
196,10,1998.991521
196,10,1998.991521
196,10,1998.991521
196,10,1998.991521
196,10,1998.991521
196,10,1998.991521
196,10,1998.991521
196,10,1998.991521
196,10,1998.991521
196,10,1998.991521
196,10,1998.991521
196,10,1998.991521
196,10,1998.991521
196,10,1998.991521
196,10,1998.991521
196,10,1998.991521
196,10,1998.991521
196,10,1998.991521
197,6,2091.787843
197,6,2091.787843
197,6,2091.787843
197,7,2043.824860
197,7,2043.824860
197,7,2043.824860
197,9,2017.328942
197,10,1998.763790
198,6,2090.579832
198,7,2043.824860
198,7,2043.824860
198,7,2043.824860
198,7,2043.824860
198,7,2043.824860
198,7,2043.824860
198,7,2043.824860
198,9,2017.328942
198,10,1998.752782
199,6,2085.993606
199,7,2043.824860
199,7,2043.824860
199,7,2043.824860
199,7,2043.824860
199,7,2043.824860
199,7,2043.824860
199,7,2043.824860
199,7,2043.824860
199,7,2043.824860
199,7,2043.824860
199,7,2043.824860
199,7,2043.824860
199,7,2043.824860
199,7,2043.824860
199,7,2043.824860
199,9,2007.088116
199,10,1998.752782
199,10,1998.752782
200,6,2085.993606
200,6,2085.993606
200,7,2043.824860
200,7,2043.824860
200,7,2043.824860
200,7,2043.824860
200,7,2043.824860
200,7,2043.824860
200,7,2043.824860
200,7,2043.824860
200,7,2043.824860
200,7,2043.824860
200,7,2043.824860
200,7,2043.824860
200,7,2043.824860
200,7,2043.824860
200,7,2043.824860
200,7,2043.824860
200,7,2043.824860
200,7,2043.824860
200,7,2043.824860
200,7,2043.824860
200,7,2043.824860
200,7,2043.824860
200,7,2043.824860
200,7,2043.824860
200,7,2043.824860
200,7,2043.824860
200,7,2043.824860
200,7,2043.824860
200,7,2043.824860
200,7,2043.824860
200,9,2007.088116
200,9,2007.088116
200,10,1998.752782
200,10,1998.752782
200,10,1998.752782
200,10,1998.752782
201,6,2085.993606
201,6,2085.993606
201,6,2085.993606
201,7,2043.824860
201,7,2043.824860
201,7,2043.824860
201,7,2043.824860
201,7,2043.824860
201,7,2043.824860
201,7,2043.824860
201,7,2043.824860
201,7,2043.824860
201,7,2043.824860
201,7,2043.824860
201,7,2043.824860
201,7,2043.824860
201,7,2043.824860
201,7,2043.824860
201,7,2043.824860
201,7,2043.824860
201,7,2043.824860
201,7,2043.824860
201,7,2043.824860
201,7,2043.824860
201,7,2043.824860
201,7,2043.824860
201,7,2043.824860
201,7,2043.824860
201,7,2043.824860
201,7,2043.824860
201,7,2043.824860
201,7,2043.824860
201,7,2043.824860
201,7,2043.824860
201,7,2043.824860
201,7,2043.824860
201,7,2043.824860
201,7,2043.824860
201,7,2043.824860
201,7,2043.824860
201,7,2043.824860
201,7,2043.824860
201,7,2043.824860
201,7,2043.824860
201,7,2043.824860
201,7,2043.824860
201,7,2043.824860
201,7,2043.824860
201,9,2007.088116
201,9,2007.088116
201,9,2007.088116
201,10,1998.752782
201,10,1998.752782
201,10,1998.752782
201,10,1998.752782
201,10,1998.752782
201,10,1998.752782
202,6,2085.993606
202,6,2085.993606
202,6,2085.993606
202,6,2085.993606
202,7,2043.824860
202,7,2043.824860
202,7,2043.824860
202,7,2043.824860
202,7,2043.824860
202,7,2043.824860
202,7,2043.824860
202,7,2043.824860
202,7,2043.824860
202,7,2043.824860
202,7,2043.824860
202,7,2043.824860
202,7,2043.824860
202,7,2043.824860
202,7,2043.824860
202,7,2043.824860
202,7,2043.824860
202,7,2043.824860
202,7,2043.824860
202,7,2043.824860
202,7,2043.824860
202,7,2043.824860
202,7,2043.824860
202,7,2043.824860
202,7,2043.824860
202,7,2043.824860
202,7,2043.824860
202,7,2043.824860
202,7,2043.824860
202,7,2043.824860
202,7,2043.824860
202,7,2043.824860
202,7,2043.824860
202,7,2043.824860
202,7,2043.824860
202,7,2043.824860
202,7,2043.824860
202,7,2043.824860
202,7,2043.824860
202,7,2043.824860
202,7,2043.824860
202,7,2043.824860
202,7,2043.824860
202,7,2043.824860
202,7,2043.824860
202,7,2043.824860
202,7,2043.824860
202,7,2043.824860
202,7,2043.824860
202,7,2043.824860
202,7,2043.824860
202,7,2043.824860
202,7,2043.824860
202,7,2043.824860
202,7,2043.824860
202,7,2043.824860
202,7,2043.824860
202,7,2043.824860
202,7,2043.824860
202,7,2043.824860
202,9,2007.088116
202,9,2007.088116
202,9,2007.088116
202,9,2007.088116
202,10,1998.752782
202,10,1998.752782
202,10,1998.752782
202,10,1998.752782
202,10,1998.752782
202,10,1998.752782
202,10,1998.752782
202,10,1998.752782
203,6,2085.961394
203,7,2040.718775
203,9,2004.555637
203,10,1998.752782
203,10,1998.752782
203,10,1998.752782
203,10,1998.752782
204,6,2085.961394
204,6,2085.961394
204,7,2040.718775
204,7,2040.718775
204,9,2004.555637
204,9,2004.555637
204,10,1998.752782
204,10,1998.752782
204,10,1998.752782
204,10,1998.752782
204,10,1998.752782
204,10,1998.752782
204,10,1998.752782
204,10,1998.752782
205,6,2085.961394
205,6,2085.961394
205,6,2085.961394
205,7,2040.718775
205,7,2040.718775
205,7,2040.718775
205,9,2004.555637
205,9,2004.555637
205,9,2004.555637
205,10,1998.752782
205,10,1998.752782
205,10,1998.752782
205,10,1998.752782
205,10,1998.752782
205,10,1998.752782
205,10,1998.752782
205,10,1998.752782
205,10,1998.752782
205,10,1998.752782
205,10,1998.752782
205,10,1998.752782
206,6,2085.961394
206,6,2085.961394
206,6,2085.961394
206,6,2085.961394
206,7,2040.718775
206,7,2040.718775
206,7,2040.718775
206,7,2040.718775
206,9,2004.555637
206,9,2004.555637
206,9,2004.555637
206,9,2004.555637
206,10,1998.752782
206,10,1998.752782
206,10,1998.752782
206,10,1998.752782
206,10,1998.752782
206,10,1998.752782
206,10,1998.752782
206,10,1998.752782
206,10,1998.752782
206,10,1998.752782
206,10,1998.752782
206,10,1998.752782
206,10,1998.752782
206,10,1998.752782
206,10,1998.752782
206,10,1998.752782
207,6,2085.392448
207,7,2040.718775
207,7,2040.718775
207,7,2040.718775
207,7,2040.718775
207,7,2040.718775
207,9,2004.555637
207,9,2004.555637
207,9,2004.555637
207,9,2004.555637
207,10,1998.752782
207,10,1998.752782
207,10,1998.752782
207,10,1998.752782
207,10,1998.752782
207,10,1998.752782
207,10,1998.752782
207,10,1998.752782
207,10,1998.752782
207,10,1998.752782
207,10,1998.752782
208,6,2085.392448
208,6,2085.392448
208,7,2040.718775
208,7,2040.718775
208,7,2040.718775
208,7,2040.718775
208,7,2040.718775
208,7,2040.718775
208,7,2040.718775
208,7,2040.718775
208,7,2040.718775
208,7,2040.718775
208,9,2004.555637
208,9,2004.555637
208,9,2004.555637
208,9,2004.555637
208,9,2004.555637
208,9,2004.555637
208,9,2004.555637
208,10,1998.752782
208,10,1998.752782
208,10,1998.752782
208,10,1998.752782
208,10,1998.752782
208,10,1998.752782
208,10,1998.752782
208,10,1998.752782
208,10,1998.752782
208,10,1998.752782
208,10,1998.752782
208,10,1998.752782
208,10,1998.752782
208,10,1998.752782
208,10,1998.752782
208,10,1998.752782
208,10,1998.752782
209,6,2085.164447
209,7,2040.718775
209,7,2040.718775
209,7,2040.718775
209,7,2040.718775
209,7,2040.718775
209,7,2040.718775
209,7,2040.718775
209,7,2040.718775
209,7,2040.718775
209,7,2040.718775
209,7,2040.718775
209,7,2040.718775
209,7,2040.718775
209,7,2040.718775
209,7,2040.718775
209,7,2040.718775
209,7,2040.718775
209,7,2040.718775
209,9,2004.555637
209,9,2004.555637
209,9,2004.555637
209,9,2004.555637
209,9,2004.555637
209,9,2004.555637
209,9,2004.555637
209,9,2004.555637
209,9,2004.555637
209,9,2004.555637
209,9,2004.555637
209,9,2004.555637
209,9,2004.555637
209,10,1998.752782
209,10,1998.752782
209,10,1998.752782
209,10,1998.752782
209,10,1998.752782
209,10,1998.752782
209,10,1998.752782
209,10,1998.752782
209,10,1998.752782
209,10,1998.752782
209,10,1998.752782
209,10,1998.752782
209,10,1998.752782
209,10,1998.752782
209,10,1998.752782
209,10,1998.752782
209,10,1998.752782
209,10,1998.752782
209,10,1998.752782
209,10,1998.752782
209,10,1998.752782
209,10,1998.752782
209,10,1998.752782
209,10,1998.752782
209,10,1998.752782
209,10,1998.752782
209,10,1998.752782
209,10,1998.752782
209,10,1998.752782
209,10,1998.752782
209,10,1998.752782
209,10,1998.752782
209,10,1998.752782
209,10,1998.752782
210,6,2084.032957
210,7,2040.718775
210,7,2040.718775
210,7,2040.718775
210,7,2040.718775
210,7,2040.718775
210,7,2040.718775
210,7,2040.718775
210,7,2040.718775
210,7,2040.718775
210,7,2040.718775
210,7,2040.718775
210,7,2040.718775
210,7,2040.718775
210,7,2040.718775
210,7,2040.718775
210,7,2040.718775
210,7,2040.718775
210,7,2040.718775
210,7,2040.718775
210,7,2040.718775
210,7,2040.718775
210,7,2040.718775
210,7,2040.718775
210,7,2040.718775
210,7,2040.718775
210,7,2040.718775
210,7,2040.718775
210,7,2040.718775
210,7,2040.718775
210,7,2040.718775
210,7,2040.718775
210,7,2040.718775
210,7,2040.718775
210,7,2040.718775
210,7,2040.718775
210,7,2040.718775
210,7,2040.718775
210,7,2040.718775
210,7,2040.718775
210,7,2040.718775
210,7,2040.718775
210,9,2004.555637
210,9,2004.555637
210,9,2004.555637
210,9,2004.555637
210,9,2004.555637
210,9,2004.555637
210,9,2004.555637
210,9,2004.555637
210,9,2004.555637
210,9,2004.555637
210,9,2004.555637
210,9,2004.555637
210,9,2004.555637
210,9,2004.555637
210,9,2004.555637
210,9,2004.555637
210,9,2004.555637
210,9,2004.555637
210,9,2004.555637
210,9,2004.555637
210,9,2004.555637
210,9,2004.555637
210,9,2004.555637
210,9,2004.555637
210,9,2004.555637
210,9,2004.555637
210,9,2004.555637
210,9,2004.555637
210,9,2004.555637
210,10,1998.752782
210,10,1998.752782
210,10,1998.752782
210,10,1998.752782
210,10,1998.752782
210,10,1998.752782
210,10,1998.752782
210,10,1998.752782
210,10,1998.752782
210,10,1998.752782
210,10,1998.752782
210,10,1998.752782
210,10,1998.752782
210,10,1998.752782
210,10,1998.752782
210,10,1998.752782
210,10,1998.752782
210,10,1998.752782
210,10,1998.752782
210,10,1998.752782
210,10,1998.752782
210,10,1998.752782
210,10,1998.752782
210,10,1998.752782
210,10,1998.752782
210,10,1998.752782
210,10,1998.752782
210,10,1998.752782
210,10,1998.752782
210,10,1998.752782
210,10,1998.752782
210,10,1998.752782
210,10,1998.752782
210,10,1998.752782
210,10,1998.752782
210,10,1998.752782
210,10,1998.752782
210,10,1998.752782
210,10,1998.752782
210,10,1998.752782
210,10,1998.752782
210,10,1998.752782
210,10,1998.752782
210,10,1998.752782
210,10,1998.752782
210,10,1998.752782
210,10,1998.752782
210,10,1998.752782
211,6,2082.549474
211,7,2038.811487
211,9,2004.555637
211,9,2004.555637
211,9,2004.555637
211,9,2004.555637
211,9,2004.555637
211,9,2004.555637
211,9,2004.555637
211,9,2004.555637
211,9,2004.555637
211,9,2004.555637
211,9,2004.555637
211,9,2004.555637
211,9,2004.555637
211,9,2004.555637
211,9,2004.555637
211,9,2004.555637
211,9,2004.555637
211,9,2004.555637
211,9,2004.555637
211,9,2004.555637
211,9,2004.555637
211,9,2004.555637
211,9,2004.555637
211,9,2004.555637
211,9,2004.555637
211,9,2004.555637
211,9,2004.555637
211,9,2004.555637
211,9,2004.555637
211,9,2004.555637
211,9,2004.555637
211,9,2004.555637
211,9,2004.555637
211,9,2004.555637
211,9,2004.555637
211,9,2004.555637
211,9,2004.555637
211,9,2004.555637
211,9,2004.555637
211,9,2004.555637
211,9,2004.555637
211,9,2004.555637
211,9,2004.555637
211,9,2004.555637
211,9,2004.555637
211,9,2004.555637
211,9,2004.555637
211,9,2004.555637
211,9,2004.555637
211,9,2004.555637
211,9,2004.555637
211,9,2004.555637
211,9,2004.555637
211,9,2004.555637
211,9,2004.555637
211,9,2004.555637
211,9,2004.555637
211,9,2004.555637
211,9,2004.555637
211,10,1998.177097
212,6,2082.549474
212,7,2038.811487
212,7,2038.811487
212,9,2004.555637
212,9,2004.555637
212,9,2004.555637
212,9,2004.555637
212,9,2004.555637
212,9,2004.555637
212,9,2004.555637
212,9,2004.555637
212,9,2004.555637
212,9,2004.555637
212,9,2004.555637
212,9,2004.555637
212,9,2004.555637
212,9,2004.555637
212,9,2004.555637
212,9,2004.555637
212,9,2004.555637
212,9,2004.555637
212,9,2004.555637
212,9,2004.555637
212,9,2004.555637
212,9,2004.555637
212,9,2004.555637
212,9,2004.555637
212,9,2004.555637
212,9,2004.555637
212,9,2004.555637
212,9,2004.555637
212,9,2004.555637
212,9,2004.555637
212,9,2004.555637
212,9,2004.555637
212,9,2004.555637
212,9,2004.555637
212,9,2004.555637
212,9,2004.555637
212,9,2004.555637
212,9,2004.555637
212,9,2004.555637
212,9,2004.555637
212,9,2004.555637
212,9,2004.555637
212,9,2004.555637
212,9,2004.555637
212,9,2004.555637
212,9,2004.555637
212,9,2004.555637
212,9,2004.555637
212,9,2004.555637
212,9,2004.555637
212,9,2004.555637
212,9,2004.555637
212,9,2004.555637
212,9,2004.555637
212,9,2004.555637
212,9,2004.555637
212,9,2004.555637
212,9,2004.555637
212,9,2004.555637
212,9,2004.555637
212,9,2004.555637
212,9,2004.555637
212,9,2004.555637
212,9,2004.555637
212,9,2004.555637
212,9,2004.555637
212,9,2004.555637
212,9,2004.555637
212,9,2004.555637
212,9,2004.555637
212,9,2004.555637
212,9,2004.555637
212,9,2004.555637
212,9,2004.555637
212,9,2004.555637
212,9,2004.555637
212,9,2004.555637
212,9,2004.555637
212,9,2004.555637
212,9,2004.555637
212,9,2004.555637
212,9,2004.555637
212,9,2004.555637
212,9,2004.555637
212,9,2004.555637
212,9,2004.555637
212,9,2004.555637
212,9,2004.555637
212,9,2004.555637
212,9,2004.555637
212,9,2004.555637
212,9,2004.555637
212,9,2004.555637
212,9,2004.555637
212,9,2004.555637
212,9,2004.555637
212,9,2004.555637
212,9,2004.555637
212,9,2004.555637
212,9,2004.555637
212,9,2004.555637
212,9,2004.555637
212,9,2004.555637
212,9,2004.555637
212,9,2004.555637
212,9,2004.555637
212,9,2004.555637
212,9,2004.555637
212,9,2004.555637
212,9,2004.555637
212,9,2004.555637
212,9,2004.555637
212,9,2004.555637
212,9,2004.555637
212,9,2004.555637
212,9,2004.555637
212,9,2004.555637
212,9,2004.555637
212,9,2004.555637
212,9,2004.555637
212,9,2004.555637
212,10,1998.177097
213,6,2082.549474
213,6,2082.549474
213,7,2038.738218
213,9,2004.555637
213,9,2004.555637
213,9,2004.555637
213,9,2004.555637
213,9,2004.555637
213,9,2004.555637
213,9,2004.555637
213,9,2004.555637
213,9,2004.555637
213,9,2004.555637
213,9,2004.555637
213,9,2004.555637
213,9,2004.555637
213,9,2004.555637
213,9,2004.555637
213,9,2004.555637
213,9,2004.555637
213,9,2004.555637
213,9,2004.555637
213,9,2004.555637
213,9,2004.555637
213,9,2004.555637
213,9,2004.555637
213,9,2004.555637
213,9,2004.555637
213,9,2004.555637
213,9,2004.555637
213,9,2004.555637
213,9,2004.555637
213,9,2004.555637
213,9,2004.555637
213,9,2004.555637
213,9,2004.555637
213,9,2004.555637
213,9,2004.555637
213,9,2004.555637
213,9,2004.555637
213,9,2004.555637
213,9,2004.555637
213,9,2004.555637
213,9,2004.555637
213,9,2004.555637
213,9,2004.555637
213,9,2004.555637
213,9,2004.555637
213,9,2004.555637
213,9,2004.555637
213,9,2004.555637
213,9,2004.555637
213,9,2004.555637
213,9,2004.555637
213,9,2004.555637
213,9,2004.555637
213,9,2004.555637
213,9,2004.555637
213,9,2004.555637
213,9,2004.555637
213,9,2004.555637
213,9,2004.555637
213,9,2004.555637
213,9,2004.555637
213,9,2004.555637
213,9,2004.555637
213,9,2004.555637
213,9,2004.555637
213,9,2004.555637
213,9,2004.555637
213,9,2004.555637
213,9,2004.555637
213,9,2004.555637
213,9,2004.555637
213,9,2004.555637
213,9,2004.555637
213,9,2004.555637
213,9,2004.555637
213,9,2004.555637
213,9,2004.555637
213,9,2004.555637
213,9,2004.555637
213,9,2004.555637
213,9,2004.555637
213,9,2004.555637
213,9,2004.555637
213,9,2004.555637
213,9,2004.555637
213,9,2004.555637
213,9,2004.555637
213,9,2004.555637
213,9,2004.555637
213,9,2004.555637
213,9,2004.555637
213,9,2004.555637
213,9,2004.555637
213,9,2004.555637
213,9,2004.555637
213,9,2004.555637
213,9,2004.555637
213,9,2004.555637
213,9,2004.555637
213,9,2004.555637
213,9,2004.555637
213,9,2004.555637
213,9,2004.555637
213,9,2004.555637
213,9,2004.555637
213,9,2004.555637
213,9,2004.555637
213,9,2004.555637
213,9,2004.555637
213,9,2004.555637
213,9,2004.555637
213,9,2004.555637
213,9,2004.555637
213,9,2004.555637
213,9,2004.555637
213,9,2004.555637
213,9,2004.555637
213,9,2004.555637
213,9,2004.555637
213,9,2004.555637
213,9,2004.555637
213,9,2004.555637
213,9,2004.555637
213,9,2004.555637
213,9,2004.555637
213,9,2004.555637
213,9,2004.555637
213,9,2004.555637
213,9,2004.555637
213,9,2004.555637
213,9,2004.555637
213,9,2004.555637
213,9,2004.555637
213,9,2004.555637
213,9,2004.555637
213,9,2004.555637
213,9,2004.555637
213,9,2004.555637
213,9,2004.555637
213,9,2004.555637
213,9,2004.555637
213,9,2004.555637
213,9,2004.555637
213,9,2004.555637
213,9,2004.555637
213,10,1998.177097
213,10,1998.177097
214,6,2082.549474
214,6,2082.549474
214,6,2082.549474
214,6,2082.549474
214,6,2082.549474
214,6,2082.549474
214,7,2038.738218
214,7,2038.738218
214,9,2002.374996
214,10,1998.177097
214,10,1998.177097
214,10,1998.177097
214,10,1998.177097
215,6,2082.549474
215,6,2082.549474
215,6,2082.549474
215,6,2082.549474
215,6,2082.549474
215,6,2082.549474
215,6,2082.549474
215,6,2082.549474
215,6,2082.549474
215,6,2082.549474
215,6,2082.549474
215,6,2082.549474
215,6,2082.549474
215,6,2082.549474
215,6,2082.549474
215,7,2038.738218
215,7,2038.738218
215,7,2038.738218
215,7,2038.738218
215,9,2002.369947
215,10,1998.177097
215,10,1998.177097
215,10,1998.177097
215,10,1998.177097
215,10,1998.177097
216,6,2082.549474
216,6,2082.549474
216,6,2082.549474
216,6,2082.549474
216,6,2082.549474
216,6,2082.549474
216,6,2082.549474
216,6,2082.549474
216,6,2082.549474
216,6,2082.549474
216,6,2082.549474
216,6,2082.549474
216,6,2082.549474
216,6,2082.549474
216,6,2082.549474
216,6,2082.549474
216,6,2082.549474
216,6,2082.549474
216,6,2082.549474
216,6,2082.549474
216,6,2082.549474
216,6,2082.549474
216,6,2082.549474
216,6,2082.549474
216,6,2082.549474
216,6,2082.549474
216,6,2082.549474
216,6,2082.549474
216,6,2082.549474
216,6,2082.549474
216,6,2082.549474
216,6,2082.549474
216,7,2038.738218
216,7,2038.738218
216,7,2038.738218
216,7,2038.738218
216,7,2038.738218
216,7,2038.738218
216,7,2038.738218
216,7,2038.738218
216,7,2038.738218
216,9,2002.369947
216,10,1998.177097
216,10,1998.177097
216,10,1998.177097
216,10,1998.177097
216,10,1998.177097
216,10,1998.177097
216,10,1998.177097
217,6,2082.549474
217,6,2082.549474
217,6,2082.549474
217,6,2082.549474
217,6,2082.549474
217,6,2082.549474
217,6,2082.549474
217,6,2082.549474
217,6,2082.549474
217,6,2082.549474
217,6,2082.549474
217,6,2082.549474
217,6,2082.549474
217,6,2082.549474
217,6,2082.549474
217,6,2082.549474
217,6,2082.549474
217,6,2082.549474
217,6,2082.549474
217,6,2082.549474
217,6,2082.549474
217,6,2082.549474
217,6,2082.549474
217,6,2082.549474
217,6,2082.549474
217,6,2082.549474
217,6,2082.549474
217,6,2082.549474
217,6,2082.549474
217,6,2082.549474
217,6,2082.549474
217,6,2082.549474
217,6,2082.549474
217,6,2082.549474
217,6,2082.549474
217,6,2082.549474
217,6,2082.549474
217,6,2082.549474
217,6,2082.549474
217,6,2082.549474
217,6,2082.549474
217,6,2082.549474
217,6,2082.549474
217,6,2082.549474
217,6,2082.549474
217,6,2082.549474
217,6,2082.549474
217,6,2082.549474
217,6,2082.549474
217,6,2082.549474
217,6,2082.549474
217,6,2082.549474
217,6,2082.549474
217,6,2082.549474
217,6,2082.549474
217,6,2082.549474
217,6,2082.549474
217,6,2082.549474
217,6,2082.549474
217,6,2082.549474
217,6,2082.549474
217,6,2082.549474
217,6,2082.549474
217,6,2082.549474
217,7,2038.738218
217,7,2038.738218
217,7,2038.738218
217,7,2038.738218
217,7,2038.738218
217,7,2038.738218
217,7,2038.738218
217,7,2038.738218
217,7,2038.738218
217,7,2038.738218
217,7,2038.738218
217,7,2038.738218
217,7,2038.738218
217,7,2038.738218
217,7,2038.738218
217,9,2002.369947
217,9,2002.369947
217,10,1998.177097
217,10,1998.177097
217,10,1998.177097
217,10,1998.177097
217,10,1998.177097
217,10,1998.177097
217,10,1998.177097
217,10,1998.177097
217,10,1998.177097
217,10,1998.177097
217,10,1998.177097
218,6,2082.549474
218,6,2082.549474
218,6,2082.549474
218,6,2082.549474
218,6,2082.549474
218,6,2082.549474
218,6,2082.549474
218,6,2082.549474
218,6,2082.549474
218,6,2082.549474
218,6,2082.549474
218,6,2082.549474
218,6,2082.549474
218,6,2082.549474
218,6,2082.549474
218,6,2082.549474
218,6,2082.549474
218,6,2082.549474
218,6,2082.549474
218,6,2082.549474
218,6,2082.549474
218,6,2082.549474
218,6,2082.549474
218,6,2082.549474
218,6,2082.549474
218,6,2082.549474
218,6,2082.549474
218,6,2082.549474
218,6,2082.549474
218,6,2082.549474
218,6,2082.549474
218,6,2082.549474
218,6,2082.549474
218,6,2082.549474
218,6,2082.549474
218,6,2082.549474
218,6,2082.549474
218,6,2082.549474
218,6,2082.549474
218,6,2082.549474
218,6,2082.549474
218,6,2082.549474
218,6,2082.549474
218,6,2082.549474
218,6,2082.549474
218,6,2082.549474
218,6,2082.549474
218,6,2082.549474
218,6,2082.549474
218,6,2082.549474
218,6,2082.549474
218,6,2082.549474
218,6,2082.549474
218,6,2082.549474
218,6,2082.549474
218,6,2082.549474
218,6,2082.549474
218,6,2082.549474
218,6,2082.549474
218,6,2082.549474
218,6,2082.549474
218,6,2082.549474
218,6,2082.549474
218,6,2082.549474
218,6,2082.549474
218,6,2082.549474
218,6,2082.549474
218,6,2082.549474
218,6,2082.549474
218,6,2082.549474
218,6,2082.549474
218,6,2082.549474
218,6,2082.549474
218,6,2082.549474
218,6,2082.549474
218,6,2082.549474
218,6,2082.549474
218,6,2082.549474
218,6,2082.549474
218,6,2082.549474
218,6,2082.549474
218,6,2082.549474
218,6,2082.549474
218,6,2082.549474
218,6,2082.549474
218,6,2082.549474
218,6,2082.549474
218,6,2082.549474
218,6,2082.549474
218,6,2082.549474
218,6,2082.549474
218,6,2082.549474
218,6,2082.549474
218,6,2082.549474
218,6,2082.549474
218,6,2082.549474
218,6,2082.549474
218,6,2082.549474
218,6,2082.549474
218,6,2082.549474
218,6,2082.549474
218,6,2082.549474
218,6,2082.549474
218,6,2082.549474
218,6,2082.549474
218,6,2082.549474
218,7,2038.738218
218,7,2038.738218
218,7,2038.738218
218,7,2038.738218
218,7,2038.738218
218,7,2038.738218
218,7,2038.738218
218,7,2038.738218
218,7,2038.738218
218,7,2038.738218
218,7,2038.738218
218,7,2038.738218
218,7,2038.738218
218,7,2038.738218
218,7,2038.738218
218,7,2038.738218
218,7,2038.738218
218,7,2038.738218
218,7,2038.738218
218,7,2038.738218
218,7,2038.738218
218,7,2038.738218
218,7,2038.738218
218,7,2038.738218
218,7,2038.738218
218,7,2038.738218
218,7,2038.738218
218,7,2038.738218
218,9,2002.058514
218,10,1998.177097
218,10,1998.177097
218,10,1998.177097
218,10,1998.177097
218,10,1998.177097
218,10,1998.177097
218,10,1998.177097
218,10,1998.177097
218,10,1998.177097
218,10,1998.177097
218,10,1998.177097
218,10,1998.177097
218,10,1998.177097
218,10,1998.177097
218,10,1998.177097
219,6,2082.549474
219,6,2082.549474
219,6,2082.549474
219,6,2082.549474
219,6,2082.549474
219,6,2082.549474
219,6,2082.549474
219,6,2082.549474
219,6,2082.549474
219,6,2082.549474
219,6,2082.549474
219,6,2082.549474
219,6,2082.549474
219,6,2082.549474
219,6,2082.549474
219,6,2082.549474
219,6,2082.549474
219,6,2082.549474
219,6,2082.549474
219,6,2082.549474
219,6,2082.549474
219,6,2082.549474
219,6,2082.549474
219,6,2082.549474
219,6,2082.549474
219,6,2082.549474
219,6,2082.549474
219,6,2082.549474
219,6,2082.549474
219,6,2082.549474
219,6,2082.549474
219,6,2082.549474
219,6,2082.549474
219,6,2082.549474
219,6,2082.549474
219,6,2082.549474
219,6,2082.549474
219,6,2082.549474
219,6,2082.549474
219,6,2082.549474
219,6,2082.549474
219,6,2082.549474
219,6,2082.549474
219,6,2082.549474
219,6,2082.549474
219,6,2082.549474
219,6,2082.549474
219,6,2082.549474
219,6,2082.549474
219,6,2082.549474
219,6,2082.549474
219,6,2082.549474
219,6,2082.549474
219,6,2082.549474
219,6,2082.549474
219,6,2082.549474
219,6,2082.549474
219,7,2038.738218
219,7,2038.738218
219,7,2038.738218
219,7,2038.738218
219,7,2038.738218
219,7,2038.738218
219,7,2038.738218
219,7,2038.738218
219,7,2038.738218
219,7,2038.738218
219,7,2038.738218
219,7,2038.738218
219,7,2038.738218
219,7,2038.738218
219,7,2038.738218
219,7,2038.738218
219,7,2038.738218
219,7,2038.738218
219,7,2038.738218
219,7,2038.738218
219,7,2038.738218
219,7,2038.738218
219,7,2038.738218
219,7,2038.738218
219,7,2038.738218
219,7,2038.738218
219,7,2038.738218
219,7,2038.738218
219,7,2038.738218
219,7,2038.738218
219,7,2038.738218
219,7,2038.738218
219,7,2038.738218
219,7,2038.738218
219,7,2038.738218
219,7,2038.738218
219,7,2038.738218
219,7,2038.738218
219,7,2038.738218
219,7,2038.738218
219,7,2038.738218
219,7,2038.738218
219,7,2038.738218
219,7,2038.738218
219,7,2038.738218
219,7,2038.738218
219,7,2038.738218
219,7,2038.738218
219,7,2038.738218
219,7,2038.738218
219,7,2038.738218
219,7,2038.738218
219,7,2038.738218
219,7,2038.738218
219,7,2038.738218
219,7,2038.738218
219,7,2038.738218
219,7,2038.738218
219,7,2038.738218
219,7,2038.738218
219,7,2038.738218
219,7,2038.738218
219,7,2038.738218
219,7,2038.738218
219,9,2002.058514
219,9,2002.058514
219,10,1998.177097
219,10,1998.177097
219,10,1998.177097
219,10,1998.177097
219,10,1998.177097
219,10,1998.177097
219,10,1998.177097
219,10,1998.177097
219,10,1998.177097
219,10,1998.177097
219,10,1998.177097
219,10,1998.177097
219,10,1998.177097
219,10,1998.177097
219,10,1998.177097
219,10,1998.177097
219,10,1998.177097
219,10,1998.177097
219,10,1998.177097
219,10,1998.177097
219,10,1998.177097
219,10,1998.177097
219,10,1998.177097
219,10,1998.177097
219,10,1998.177097
219,10,1998.177097
219,10,1998.177097
220,6,2082.549474
220,6,2082.549474
220,6,2082.549474
220,6,2082.549474
220,6,2082.549474
220,6,2082.549474
220,6,2082.549474
220,6,2082.549474
220,6,2082.549474
220,6,2082.549474
220,6,2082.549474
220,6,2082.549474
220,6,2082.549474
220,6,2082.549474
220,6,2082.549474
220,6,2082.549474
220,6,2082.549474
220,6,2082.549474
220,6,2082.549474
220,6,2082.549474
220,6,2082.549474
220,6,2082.549474
220,6,2082.549474
220,6,2082.549474
220,6,2082.549474
220,6,2082.549474
220,6,2082.549474
220,6,2082.549474
220,6,2082.549474
220,6,2082.549474
220,6,2082.549474
220,6,2082.549474
220,6,2082.549474
220,6,2082.549474
220,6,2082.549474
220,6,2082.549474
220,6,2082.549474
220,6,2082.549474
220,6,2082.549474
220,6,2082.549474
220,6,2082.549474
220,6,2082.549474
220,6,2082.549474
220,6,2082.549474
220,6,2082.549474
220,6,2082.549474
220,6,2082.549474
220,6,2082.549474
220,6,2082.549474
220,6,2082.549474
220,6,2082.549474
220,6,2082.549474
220,6,2082.549474
220,6,2082.549474
220,6,2082.549474
220,6,2082.549474
220,6,2082.549474
220,6,2082.549474
220,6,2082.549474
220,6,2082.549474
220,6,2082.549474
220,6,2082.549474
220,6,2082.549474
220,6,2082.549474
220,6,2082.549474
220,6,2082.549474
220,6,2082.549474
220,6,2082.549474
220,6,2082.549474
220,6,2082.549474
220,6,2082.549474
220,6,2082.549474
220,6,2082.549474
220,6,2082.549474
220,6,2082.549474
220,6,2082.549474
220,6,2082.549474
220,6,2082.549474
220,6,2082.549474
220,6,2082.549474
220,6,2082.549474
220,6,2082.549474
220,6,2082.549474
220,6,2082.549474
220,6,2082.549474
220,6,2082.549474
220,6,2082.549474
220,6,2082.549474
220,6,2082.549474
220,6,2082.549474
220,6,2082.549474
220,6,2082.549474
220,6,2082.549474
220,6,2082.549474
220,6,2082.549474
220,6,2082.549474
220,6,2082.549474
220,6,2082.549474
220,6,2082.549474
220,6,2082.549474
220,6,2082.549474
220,6,2082.549474
220,6,2082.549474
220,6,2082.549474
220,6,2082.549474
220,6,2082.549474
220,6,2082.549474
220,6,2082.549474
220,6,2082.549474
220,6,2082.549474
220,6,2082.549474
220,6,2082.549474
220,6,2082.549474
220,7,2038.738218
220,7,2038.738218
220,7,2038.738218
220,7,2038.738218
220,7,2038.738218
220,7,2038.738218
220,7,2038.738218
220,7,2038.738218
220,7,2038.738218
220,7,2038.738218
220,7,2038.738218
220,7,2038.738218
220,7,2038.738218
220,7,2038.738218
220,7,2038.738218
220,7,2038.738218
220,7,2038.738218
220,7,2038.738218
220,7,2038.738218
220,7,2038.738218
220,7,2038.738218
220,7,2038.738218
220,7,2038.738218
220,7,2038.738218
220,7,2038.738218
220,7,2038.738218
220,7,2038.738218
220,7,2038.738218
220,7,2038.738218
220,7,2038.738218
220,7,2038.738218
220,7,2038.738218
220,7,2038.738218
220,7,2038.738218
220,7,2038.738218
220,7,2038.738218
220,7,2038.738218
220,7,2038.738218
220,7,2038.738218
220,7,2038.738218
220,7,2038.738218
220,7,2038.738218
220,7,2038.738218
220,7,2038.738218
220,7,2038.738218
220,7,2038.738218
220,7,2038.738218
220,7,2038.738218
220,7,2038.738218
220,7,2038.738218
220,7,2038.738218
220,7,2038.738218
220,7,2038.738218
220,7,2038.738218
220,7,2038.738218
220,7,2038.738218
220,7,2038.738218
220,7,2038.738218
220,7,2038.738218
220,7,2038.738218
220,7,2038.738218
220,7,2038.738218
220,7,2038.738218
220,7,2038.738218
220,7,2038.738218
220,7,2038.738218
220,7,2038.738218
220,7,2038.738218
220,7,2038.738218
220,7,2038.738218
220,7,2038.738218
220,7,2038.738218
220,7,2038.738218
220,7,2038.738218
220,7,2038.738218
220,7,2038.738218
220,7,2038.738218
220,7,2038.738218
220,7,2038.738218
220,7,2038.738218
220,7,2038.738218
220,7,2038.738218
220,7,2038.738218
220,7,2038.738218
220,7,2038.738218
220,7,2038.738218
220,7,2038.738218
220,7,2038.738218
220,7,2038.738218
220,7,2038.738218
220,7,2038.738218
220,7,2038.738218
220,7,2038.738218
220,7,2038.738218
220,7,2038.738218
220,7,2038.738218
220,7,2038.738218
220,7,2038.738218
220,7,2038.738218
220,7,2038.738218
220,7,2038.738218
220,7,2038.738218
220,7,2038.738218
220,7,2038.738218
220,7,2038.738218
220,7,2038.738218
220,7,2038.738218
220,7,2038.738218
220,7,2038.738218
220,7,2038.738218
220,7,2038.738218
220,7,2038.738218
220,7,2038.738218
220,7,2038.738218
220,7,2038.738218
220,7,2038.738218
220,7,2038.738218
220,7,2038.738218
220,7,2038.738218
220,7,2038.738218
220,7,2038.738218
220,7,2038.738218
220,7,2038.738218
220,7,2038.738218
220,7,2038.738218
220,7,2038.738218
220,7,2038.738218
220,7,2038.738218
220,8,2032.367261
220,9,2002.058514
220,9,2002.058514
220,9,2002.058514
220,9,2002.058514
220,10,1998.177097
220,10,1998.177097
220,10,1998.177097
220,10,1998.177097
220,10,1998.177097
220,10,1998.177097
220,10,1998.177097
220,10,1998.177097
220,10,1998.177097
220,10,1998.177097
220,10,1998.177097
220,10,1998.177097
220,10,1998.177097
220,10,1998.177097
220,10,1998.177097
220,10,1998.177097
220,10,1998.177097
220,10,1998.177097
220,10,1998.177097
220,10,1998.177097
220,10,1998.177097
220,10,1998.177097
220,10,1998.177097
220,10,1998.177097
220,10,1998.177097
220,10,1998.177097
220,10,1998.177097
220,10,1998.177097
220,10,1998.177097
220,10,1998.177097
220,10,1998.177097
220,10,1998.177097
220,10,1998.177097
220,10,1998.177097
220,10,1998.177097
220,10,1998.177097
220,10,1998.177097
220,10,1998.177097
220,10,1998.177097
220,10,1998.177097
220,10,1998.177097
220,10,1998.177097
220,10,1998.177097
220,10,1998.177097
220,10,1998.177097
220,10,1998.177097
220,10,1998.177097
220,10,1998.177097
220,10,1998.177097
220,10,1998.177097
220,10,1998.177097
220,10,1998.177097
220,10,1998.177097
220,10,1998.177097
221,6,2082.549474
221,6,2082.549474
221,6,2082.549474
221,6,2082.549474
221,6,2082.549474
221,6,2082.549474
221,6,2082.549474
221,6,2082.549474
221,6,2082.549474
221,6,2082.549474
221,6,2082.549474
221,6,2082.549474
221,6,2082.549474
221,6,2082.549474
221,6,2082.549474
221,6,2082.549474
221,6,2082.549474
221,6,2082.549474
221,6,2082.549474
221,6,2082.549474
221,6,2082.549474
221,6,2082.549474
221,6,2082.549474
221,6,2082.549474
221,6,2082.549474
221,6,2082.549474
221,6,2082.549474
221,6,2082.549474
221,6,2082.549474
221,6,2082.549474
221,6,2082.549474
221,6,2082.549474
221,6,2082.549474
221,6,2082.549474
221,6,2082.549474
221,6,2082.549474
221,6,2082.549474
221,6,2082.549474
221,6,2082.549474
221,6,2082.549474
221,6,2082.549474
221,6,2082.549474
221,6,2082.549474
221,6,2082.549474
221,6,2082.549474
221,6,2082.549474
221,6,2082.549474
221,6,2082.549474
221,6,2082.549474
221,6,2082.549474
221,6,2082.549474
221,6,2082.549474
221,6,2082.549474
221,6,2082.549474
221,6,2082.549474
221,6,2082.549474
221,6,2082.549474
221,6,2082.549474
221,6,2082.549474
221,6,2082.549474
221,6,2082.549474
221,6,2082.549474
221,6,2082.549474
221,6,2082.549474
221,6,2082.549474
221,6,2082.549474
221,6,2082.549474
221,6,2082.549474
221,6,2082.549474
221,6,2082.549474
221,6,2082.549474
221,6,2082.549474
221,6,2082.549474
221,6,2082.549474
221,6,2082.549474
221,6,2082.549474
221,6,2082.549474
221,6,2082.549474
221,6,2082.549474
221,6,2082.549474
221,6,2082.549474
221,6,2082.549474
221,6,2082.549474
221,6,2082.549474
221,6,2082.549474
221,6,2082.549474
221,6,2082.549474
221,6,2082.549474
221,6,2082.549474
221,6,2082.549474
221,6,2082.549474
221,6,2082.549474
221,6,2082.549474
221,6,2082.549474
221,6,2082.549474
221,6,2082.549474
221,6,2082.549474
221,6,2082.549474
221,6,2082.549474
221,6,2082.549474
221,6,2082.549474
221,6,2082.549474
221,6,2082.549474
221,6,2082.549474
221,6,2082.549474
221,6,2082.549474
221,6,2082.549474
221,6,2082.549474
221,6,2082.549474
221,6,2082.549474
221,6,2082.549474
221,6,2082.549474
221,6,2082.549474
221,6,2082.549474
221,6,2082.549474
221,6,2082.549474
221,6,2082.549474
221,6,2082.549474
221,6,2082.549474
221,6,2082.549474
221,6,2082.549474
221,6,2082.549474
221,6,2082.549474
221,6,2082.549474
221,6,2082.549474
221,6,2082.549474
221,6,2082.549474
221,6,2082.549474
221,6,2082.549474
221,6,2082.549474
221,6,2082.549474
221,6,2082.549474
221,6,2082.549474
221,6,2082.549474
221,6,2082.549474
221,6,2082.549474
221,6,2082.549474
221,6,2082.549474
221,6,2082.549474
221,6,2082.549474
221,6,2082.549474
221,6,2082.549474
221,6,2082.549474
221,6,2082.549474
221,6,2082.549474
221,6,2082.549474
221,6,2082.549474
221,6,2082.549474
221,6,2082.549474
221,6,2082.549474
221,6,2082.549474
221,6,2082.549474
221,6,2082.549474
221,6,2082.549474
221,6,2082.549474
221,6,2082.549474
221,6,2082.549474
221,6,2082.549474
221,6,2082.549474
221,6,2082.549474
221,6,2082.549474
221,6,2082.549474
221,6,2082.549474
221,6,2082.549474
221,6,2082.549474
221,6,2082.549474
221,6,2082.549474
221,6,2082.549474
221,6,2082.549474
221,7,2038.738218
221,7,2038.738218
221,7,2038.738218
221,7,2038.738218
221,7,2038.738218
221,7,2038.738218
221,7,2038.738218
221,7,2038.738218
221,7,2038.738218
221,7,2038.738218
221,7,2038.738218
221,7,2038.738218
221,7,2038.738218
221,7,2038.738218
221,7,2038.738218
221,7,2038.738218
221,7,2038.738218
221,7,2038.738218
221,7,2038.738218
221,7,2038.738218
221,7,2038.738218
221,7,2038.738218
221,7,2038.738218
221,7,2038.738218
221,7,2038.738218
221,7,2038.738218
221,7,2038.738218
221,7,2038.738218
221,7,2038.738218
221,7,2038.738218
221,7,2038.738218
221,7,2038.738218
221,7,2038.738218
221,7,2038.738218
221,7,2038.738218
221,7,2038.738218
221,7,2038.738218
221,7,2038.738218
221,7,2038.738218
221,7,2038.738218
221,7,2038.738218
221,7,2038.738218
221,7,2038.738218
221,7,2038.738218
221,7,2038.738218
221,7,2038.738218
221,7,2038.738218
221,7,2038.738218
221,7,2038.738218
221,7,2038.738218
221,7,2038.738218
221,7,2038.738218
221,7,2038.738218
221,7,2038.738218
221,7,2038.738218
221,7,2038.738218
221,7,2038.738218
221,7,2038.738218
221,7,2038.738218
221,7,2038.738218
221,7,2038.738218
221,7,2038.738218
221,7,2038.738218
221,7,2038.738218
221,7,2038.738218
221,7,2038.738218
221,7,2038.738218
221,7,2038.738218
221,7,2038.738218
221,7,2038.738218
221,7,2038.738218
221,7,2038.738218
221,7,2038.738218
221,7,2038.738218
221,7,2038.738218
221,7,2038.738218
221,7,2038.738218
221,7,2038.738218
221,7,2038.738218
221,7,2038.738218
221,7,2038.738218
221,7,2038.738218
221,7,2038.738218
221,7,2038.738218
221,7,2038.738218
221,7,2038.738218
221,7,2038.738218
221,7,2038.738218
221,7,2038.738218
221,7,2038.738218
221,7,2038.738218
221,7,2038.738218
221,7,2038.738218
221,7,2038.738218
221,7,2038.738218
221,7,2038.738218
221,7,2038.738218
221,7,2038.738218
221,7,2038.738218
221,7,2038.738218
221,7,2038.738218
221,7,2038.738218
221,7,2038.738218
221,7,2038.738218
221,7,2038.738218
221,7,2038.738218
221,7,2038.738218
221,7,2038.738218
221,7,2038.738218
221,7,2038.738218
221,7,2038.738218
221,7,2038.738218
221,7,2038.738218
221,7,2038.738218
221,7,2038.738218
221,7,2038.738218
221,7,2038.738218
221,7,2038.738218
221,7,2038.738218
221,7,2038.738218
221,7,2038.738218
221,7,2038.738218
221,7,2038.738218
221,7,2038.738218
221,7,2038.738218
221,7,2038.738218
221,7,2038.738218
221,7,2038.738218
221,7,2038.738218
221,7,2038.738218
221,7,2038.738218
221,7,2038.738218
221,7,2038.738218
221,7,2038.738218
221,7,2038.738218
221,7,2038.738218
221,7,2038.738218
221,7,2038.738218
221,7,2038.738218
221,7,2038.738218
221,7,2038.738218
221,7,2038.738218
221,7,2038.738218
221,7,2038.738218
221,7,2038.738218
221,7,2038.738218
221,7,2038.738218
221,7,2038.738218
221,7,2038.738218
221,7,2038.738218
221,7,2038.738218
221,7,2038.738218
221,7,2038.738218
221,7,2038.738218
221,7,2038.738218
221,7,2038.738218
221,7,2038.738218
221,7,2038.738218
221,7,2038.738218
221,7,2038.738218
221,7,2038.738218
221,7,2038.738218
221,7,2038.738218
221,7,2038.738218
221,7,2038.738218
221,7,2038.738218
221,7,2038.738218
221,7,2038.738218
221,7,2038.738218
221,7,2038.738218
221,7,2038.738218
221,7,2038.738218
221,7,2038.738218
221,7,2038.738218
221,7,2038.738218
221,7,2038.738218
221,7,2038.738218
221,7,2038.738218
221,7,2038.738218
221,7,2038.738218
221,7,2038.738218
221,7,2038.738218
221,7,2038.738218
221,7,2038.738218
221,7,2038.738218
221,7,2038.738218
221,7,2038.738218
221,7,2038.738218
221,7,2038.738218
221,7,2038.738218
221,7,2038.738218
221,7,2038.738218
221,8,2032.367261
221,8,2032.367261
221,9,2002.058514
221,9,2002.058514
221,9,2002.058514
221,9,2002.058514
221,9,2002.058514
221,9,2002.058514
221,10,1998.177097
221,10,1998.177097
221,10,1998.177097
221,10,1998.177097
221,10,1998.177097
221,10,1998.177097
221,10,1998.177097
221,10,1998.177097
221,10,1998.177097
221,10,1998.177097
221,10,1998.177097
221,10,1998.177097
221,10,1998.177097
221,10,1998.177097
221,10,1998.177097
221,10,1998.177097
221,10,1998.177097
221,10,1998.177097
221,10,1998.177097
221,10,1998.177097
221,10,1998.177097
221,10,1998.177097
221,10,1998.177097
221,10,1998.177097
221,10,1998.177097
221,10,1998.177097
221,10,1998.177097
221,10,1998.177097
221,10,1998.177097
221,10,1998.177097
221,10,1998.177097
221,10,1998.177097
221,10,1998.177097
221,10,1998.177097
221,10,1998.177097
221,10,1998.177097
221,10,1998.177097
221,10,1998.177097
221,10,1998.177097
221,10,1998.177097
221,10,1998.177097
221,10,1998.177097
221,10,1998.177097
221,10,1998.177097
221,10,1998.177097
221,10,1998.177097
221,10,1998.177097
221,10,1998.177097
221,10,1998.177097
221,10,1998.177097
221,10,1998.177097
221,10,1998.177097
221,10,1998.177097
221,10,1998.177097
221,10,1998.177097
221,10,1998.177097
221,10,1998.177097
221,10,1998.177097
221,10,1998.177097
221,10,1998.177097
221,10,1998.177097
221,10,1998.177097
221,10,1998.177097
221,10,1998.177097
221,10,1998.177097
221,10,1998.177097
221,10,1998.177097
221,10,1998.177097
221,10,1998.177097
221,10,1998.177097
221,10,1998.177097
221,10,1998.177097
221,10,1998.177097
221,10,1998.177097
221,10,1998.177097
221,10,1998.177097
221,10,1998.177097
221,10,1998.177097
221,10,1998.177097
221,10,1998.177097
221,10,1998.177097
222,6,2082.549474
222,6,2082.549474
222,6,2082.549474
222,6,2082.549474
222,6,2082.549474
222,6,2082.549474
222,6,2082.549474
222,6,2082.549474
222,6,2082.549474
222,6,2082.549474
222,6,2082.549474
222,6,2082.549474
222,6,2082.549474
222,6,2082.549474
222,6,2082.549474
222,6,2082.549474
222,6,2082.549474
222,6,2082.549474
222,6,2082.549474
222,6,2082.549474
222,6,2082.549474
222,6,2082.549474
222,6,2082.549474
222,6,2082.549474
222,6,2082.549474
222,6,2082.549474
222,6,2082.549474
222,6,2082.549474
222,6,2082.549474
222,6,2082.549474
222,6,2082.549474
222,6,2082.549474
222,6,2082.549474
222,6,2082.549474
222,6,2082.549474
222,6,2082.549474
222,6,2082.549474
222,6,2082.549474
222,6,2082.549474
222,6,2082.549474
222,6,2082.549474
222,6,2082.549474
222,6,2082.549474
222,6,2082.549474
222,6,2082.549474
222,6,2082.549474
222,6,2082.549474
222,6,2082.549474
222,6,2082.549474
222,6,2082.549474
222,6,2082.549474
222,6,2082.549474
222,6,2082.549474
222,6,2082.549474
222,6,2082.549474
222,6,2082.549474
222,6,2082.549474
222,6,2082.549474
222,6,2082.549474
222,6,2082.549474
222,6,2082.549474
222,6,2082.549474
222,6,2082.549474
222,6,2082.549474
222,6,2082.549474
222,6,2082.549474
222,6,2082.549474
222,6,2082.549474
222,6,2082.549474
222,6,2082.549474
222,6,2082.549474
222,6,2082.549474
222,6,2082.549474
222,6,2082.549474
222,6,2082.549474
222,6,2082.549474
222,6,2082.549474
222,6,2082.549474
222,6,2082.549474
222,6,2082.549474
222,6,2082.549474
222,6,2082.549474
222,6,2082.549474
222,6,2082.549474
222,6,2082.549474
222,6,2082.549474
222,6,2082.549474
222,6,2082.549474
222,6,2082.549474
222,6,2082.549474
222,6,2082.549474
222,6,2082.549474
222,6,2082.549474
222,6,2082.549474
222,6,2082.549474
222,6,2082.549474
222,6,2082.549474
222,6,2082.549474
222,6,2082.549474
222,6,2082.549474
222,6,2082.549474
222,6,2082.549474
222,6,2082.549474
222,6,2082.549474
222,6,2082.549474
222,6,2082.549474
222,6,2082.549474
222,6,2082.549474
222,6,2082.549474
222,6,2082.549474
222,6,2082.549474
222,6,2082.549474
222,6,2082.549474
222,6,2082.549474
222,6,2082.549474
222,6,2082.549474
222,6,2082.549474
222,6,2082.549474
222,6,2082.549474
222,6,2082.549474
222,6,2082.549474
222,6,2082.549474
222,6,2082.549474
222,6,2082.549474
222,6,2082.549474
222,6,2082.549474
222,6,2082.549474
222,6,2082.549474
222,6,2082.549474
222,6,2082.549474
222,6,2082.549474
222,6,2082.549474
222,6,2082.549474
222,6,2082.549474
222,6,2082.549474
222,6,2082.549474
222,6,2082.549474
222,6,2082.549474
222,6,2082.549474
222,6,2082.549474
222,6,2082.549474
222,6,2082.549474
222,6,2082.549474
222,6,2082.549474
222,6,2082.549474
222,6,2082.549474
222,6,2082.549474
222,6,2082.549474
222,6,2082.549474
222,6,2082.549474
222,6,2082.549474
222,6,2082.549474
222,6,2082.549474
222,6,2082.549474
222,6,2082.549474
222,6,2082.549474
222,6,2082.549474
222,6,2082.549474
222,6,2082.549474
222,6,2082.549474
222,6,2082.549474
222,6,2082.549474
222,6,2082.549474
222,6,2082.549474
222,6,2082.549474
222,6,2082.549474
222,6,2082.549474
222,6,2082.549474
222,6,2082.549474
222,6,2082.549474
222,6,2082.549474
222,6,2082.549474
222,6,2082.549474
222,6,2082.549474
222,6,2082.549474
222,6,2082.549474
222,6,2082.549474
222,6,2082.549474
222,6,2082.549474
222,6,2082.549474
222,6,2082.549474
222,6,2082.549474
222,6,2082.549474
222,6,2082.549474
222,6,2082.549474
222,6,2082.549474
222,6,2082.549474
222,6,2082.549474
222,6,2082.549474
222,6,2082.549474
222,6,2082.549474
222,6,2082.549474
222,6,2082.549474
222,6,2082.549474
222,6,2082.549474
222,6,2082.549474
222,6,2082.549474
222,6,2082.549474
222,6,2082.549474
222,6,2082.549474
222,6,2082.549474
222,6,2082.549474
222,6,2082.549474
222,6,2082.549474
222,6,2082.549474
222,6,2082.549474
222,6,2082.549474
222,6,2082.549474
222,6,2082.549474
222,6,2082.549474
222,6,2082.549474
222,6,2082.549474
222,6,2082.549474
222,6,2082.549474
222,6,2082.549474
222,6,2082.549474
222,6,2082.549474
222,6,2082.549474
222,6,2082.549474
222,6,2082.549474
222,6,2082.549474
222,6,2082.549474
222,6,2082.549474
222,6,2082.549474
222,6,2082.549474
222,7,2038.738218
222,7,2038.738218
222,7,2038.738218
222,7,2038.738218
222,7,2038.738218
222,7,2038.738218
222,7,2038.738218
222,7,2038.738218
222,7,2038.738218
222,7,2038.738218
222,7,2038.738218
222,7,2038.738218
222,7,2038.738218
222,7,2038.738218
222,7,2038.738218
222,7,2038.738218
222,7,2038.738218
222,7,2038.738218
222,7,2038.738218
222,7,2038.738218
222,7,2038.738218
222,7,2038.738218
222,7,2038.738218
222,7,2038.738218
222,7,2038.738218
222,7,2038.738218
222,7,2038.738218
222,7,2038.738218
222,7,2038.738218
222,7,2038.738218
222,7,2038.738218
222,7,2038.738218
222,7,2038.738218
222,7,2038.738218
222,7,2038.738218
222,7,2038.738218
222,7,2038.738218
222,7,2038.738218
222,7,2038.738218
222,7,2038.738218
222,7,2038.738218
222,7,2038.738218
222,7,2038.738218
222,7,2038.738218
222,7,2038.738218
222,7,2038.738218
222,7,2038.738218
222,7,2038.738218
222,7,2038.738218
222,7,2038.738218
222,7,2038.738218
222,7,2038.738218
222,7,2038.738218
222,7,2038.738218
222,7,2038.738218
222,7,2038.738218
222,7,2038.738218
222,7,2038.738218
222,7,2038.738218
222,7,2038.738218
222,7,2038.738218
222,7,2038.738218
222,7,2038.738218
222,7,2038.738218
222,7,2038.738218
222,7,2038.738218
222,7,2038.738218
222,7,2038.738218
222,7,2038.738218
222,7,2038.738218
222,7,2038.738218
222,7,2038.738218
222,7,2038.738218
222,7,2038.738218
222,7,2038.738218
222,7,2038.738218
222,7,2038.738218
222,7,2038.738218
222,7,2038.738218
222,7,2038.738218
222,7,2038.738218
222,7,2038.738218
222,7,2038.738218
222,7,2038.738218
222,7,2038.738218
222,7,2038.738218
222,7,2038.738218
222,7,2038.738218
222,7,2038.738218
222,7,2038.738218
222,7,2038.738218
222,7,2038.738218
222,7,2038.738218
222,7,2038.738218
222,7,2038.738218
222,7,2038.738218
222,7,2038.738218
222,7,2038.738218
222,7,2038.738218
222,7,2038.738218
222,7,2038.738218
222,7,2038.738218
222,7,2038.738218
222,7,2038.738218
222,7,2038.738218
222,7,2038.738218
222,7,2038.738218
222,7,2038.738218
222,7,2038.738218
222,7,2038.738218
222,7,2038.738218
222,7,2038.738218
222,7,2038.738218
222,7,2038.738218
222,7,2038.738218
222,7,2038.738218
222,7,2038.738218
222,7,2038.738218
222,7,2038.738218
222,7,2038.738218
222,7,2038.738218
222,7,2038.738218
222,7,2038.738218
222,7,2038.738218
222,7,2038.738218
222,7,2038.738218
222,7,2038.738218
222,7,2038.738218
222,7,2038.738218
222,7,2038.738218
222,7,2038.738218
222,7,2038.738218
222,7,2038.738218
222,7,2038.738218
222,7,2038.738218
222,7,2038.738218
222,7,2038.738218
222,7,2038.738218
222,7,2038.738218
222,7,2038.738218
222,7,2038.738218
222,7,2038.738218
222,7,2038.738218
222,7,2038.738218
222,7,2038.738218
222,7,2038.738218
222,7,2038.738218
222,7,2038.738218
222,7,2038.738218
222,7,2038.738218
222,7,2038.738218
222,7,2038.738218
222,7,2038.738218
222,7,2038.738218
222,7,2038.738218
222,7,2038.738218
222,7,2038.738218
222,7,2038.738218
222,7,2038.738218
222,7,2038.738218
222,7,2038.738218
222,7,2038.738218
222,7,2038.738218
222,7,2038.738218
222,7,2038.738218
222,7,2038.738218
222,7,2038.738218
222,7,2038.738218
222,7,2038.738218
222,7,2038.738218
222,7,2038.738218
222,7,2038.738218
222,7,2038.738218
222,7,2038.738218
222,7,2038.738218
222,7,2038.738218
222,7,2038.738218
222,7,2038.738218
222,7,2038.738218
222,7,2038.738218
222,7,2038.738218
222,7,2038.738218
222,7,2038.738218
222,7,2038.738218
222,7,2038.738218
222,7,2038.738218
222,7,2038.738218
222,7,2038.738218
222,7,2038.738218
222,7,2038.738218
222,7,2038.738218
222,7,2038.738218
222,7,2038.738218
222,7,2038.738218
222,7,2038.738218
222,7,2038.738218
222,7,2038.738218
222,7,2038.738218
222,7,2038.738218
222,7,2038.738218
222,7,2038.738218
222,7,2038.738218
222,7,2038.738218
222,7,2038.738218
222,7,2038.738218
222,7,2038.738218
222,7,2038.738218
222,7,2038.738218
222,7,2038.738218
222,7,2038.738218
222,7,2038.738218
222,7,2038.738218
222,7,2038.738218
222,7,2038.738218
222,7,2038.738218
222,7,2038.738218
222,7,2038.738218
222,7,2038.738218
222,7,2038.738218
222,7,2038.738218
222,7,2038.738218
222,7,2038.738218
222,7,2038.738218
222,7,2038.738218
222,7,2038.738218
222,7,2038.738218
222,7,2038.738218
222,7,2038.738218
222,7,2038.738218
222,7,2038.738218
222,7,2038.738218
222,7,2038.738218
222,7,2038.738218
222,7,2038.738218
222,7,2038.738218
222,7,2038.738218
222,7,2038.738218
222,7,2038.738218
222,7,2038.738218
222,7,2038.738218
222,7,2038.738218
222,7,2038.738218
222,7,2038.738218
222,7,2038.738218
222,7,2038.738218
222,7,2038.738218
222,7,2038.738218
222,7,2038.738218
222,7,2038.738218
222,7,2038.738218
222,7,2038.738218
222,7,2038.738218
222,7,2038.738218
222,7,2038.738218
222,7,2038.738218
222,7,2038.738218
222,8,2032.367261
222,8,2032.367261
222,8,2032.367261
222,9,2002.058514
222,9,2002.058514
222,9,2002.058514
222,9,2002.058514
222,9,2002.058514
222,9,2002.058514
222,9,2002.058514
222,9,2002.058514
222,10,1998.177097
222,10,1998.177097
222,10,1998.177097
222,10,1998.177097
222,10,1998.177097
222,10,1998.177097
222,10,1998.177097
222,10,1998.177097
222,10,1998.177097
222,10,1998.177097
222,10,1998.177097
222,10,1998.177097
222,10,1998.177097
222,10,1998.177097
222,10,1998.177097
222,10,1998.177097
222,10,1998.177097
222,10,1998.177097
222,10,1998.177097
222,10,1998.177097
222,10,1998.177097
222,10,1998.177097
222,10,1998.177097
222,10,1998.177097
222,10,1998.177097
222,10,1998.177097
222,10,1998.177097
222,10,1998.177097
222,10,1998.177097
222,10,1998.177097
222,10,1998.177097
222,10,1998.177097
222,10,1998.177097
222,10,1998.177097
222,10,1998.177097
222,10,1998.177097
222,10,1998.177097
222,10,1998.177097
222,10,1998.177097
222,10,1998.177097
222,10,1998.177097
222,10,1998.177097
222,10,1998.177097
222,10,1998.177097
222,10,1998.177097
222,10,1998.177097
222,10,1998.177097
222,10,1998.177097
222,10,1998.177097
222,10,1998.177097
222,10,1998.177097
222,10,1998.177097
222,10,1998.177097
222,10,1998.177097
222,10,1998.177097
222,10,1998.177097
222,10,1998.177097
222,10,1998.177097
222,10,1998.177097
222,10,1998.177097
222,10,1998.177097
222,10,1998.177097
222,10,1998.177097
222,10,1998.177097
222,10,1998.177097
222,10,1998.177097
222,10,1998.177097
222,10,1998.177097
222,10,1998.177097
222,10,1998.177097
222,10,1998.177097
222,10,1998.177097
222,10,1998.177097
222,10,1998.177097
222,10,1998.177097
222,10,1998.177097
222,10,1998.177097
222,10,1998.177097
222,10,1998.177097
222,10,1998.177097
222,10,1998.177097
222,10,1998.177097
222,10,1998.177097
222,10,1998.177097
222,10,1998.177097
222,10,1998.177097
222,10,1998.177097
222,10,1998.177097
222,10,1998.177097
222,10,1998.177097
222,10,1998.177097
222,10,1998.177097
222,10,1998.177097
222,10,1998.177097
222,10,1998.177097
222,10,1998.177097
222,10,1998.177097
222,10,1998.177097
222,10,1998.177097
222,10,1998.177097
222,10,1998.177097
222,10,1998.177097
222,10,1998.177097
222,10,1998.177097
222,10,1998.177097
222,10,1998.177097
222,10,1998.177097
222,10,1998.177097
223,6,2082.549474
223,6,2082.549474
223,6,2082.549474
223,6,2082.549474
223,6,2082.549474
223,6,2082.549474
223,6,2082.549474
223,6,2082.549474
223,6,2082.549474
223,6,2082.549474
223,6,2082.549474
223,6,2082.549474
223,6,2082.549474
223,6,2082.549474
223,6,2082.549474
223,6,2082.549474
223,6,2082.549474
223,6,2082.549474
223,6,2082.549474
223,6,2082.549474
223,6,2082.549474
223,6,2082.549474
223,6,2082.549474
223,6,2082.549474
223,6,2082.549474
223,6,2082.549474
223,6,2082.549474
223,6,2082.549474
223,6,2082.549474
223,6,2082.549474
223,6,2082.549474
223,6,2082.549474
223,6,2082.549474
223,6,2082.549474
223,6,2082.549474
223,6,2082.549474
223,6,2082.549474
223,6,2082.549474
223,6,2082.549474
223,6,2082.549474
223,6,2082.549474
223,6,2082.549474
223,6,2082.549474
223,6,2082.549474
223,6,2082.549474
223,6,2082.549474
223,6,2082.549474
223,6,2082.549474
223,6,2082.549474
223,6,2082.549474
223,6,2082.549474
223,6,2082.549474
223,6,2082.549474
223,6,2082.549474
223,6,2082.549474
223,6,2082.549474
223,6,2082.549474
223,6,2082.549474
223,6,2082.549474
223,6,2082.549474
223,6,2082.549474
223,6,2082.549474
223,6,2082.549474
223,6,2082.549474
223,6,2082.549474
223,6,2082.549474
223,6,2082.549474
223,6,2082.549474
223,6,2082.549474
223,6,2082.549474
223,6,2082.549474
223,6,2082.549474
223,6,2082.549474
223,6,2082.549474
223,6,2082.549474
223,6,2082.549474
223,6,2082.549474
223,6,2082.549474
223,6,2082.549474
223,6,2082.549474
223,6,2082.549474
223,6,2082.549474
223,6,2082.549474
223,6,2082.549474
223,6,2082.549474
223,6,2082.549474
223,6,2082.549474
223,6,2082.549474
223,6,2082.549474
223,6,2082.549474
223,6,2082.549474
223,6,2082.549474
223,6,2082.549474
223,6,2082.549474
223,6,2082.549474
223,6,2082.549474
223,6,2082.549474
223,6,2082.549474
223,6,2082.549474
223,6,2082.549474
223,6,2082.549474
223,6,2082.549474
223,6,2082.549474
223,6,2082.549474
223,6,2082.549474
223,6,2082.549474
223,6,2082.549474
223,6,2082.549474
223,6,2082.549474
223,6,2082.549474
223,6,2082.549474
223,6,2082.549474
223,6,2082.549474
223,6,2082.549474
223,6,2082.549474
223,6,2082.549474
223,6,2082.549474
223,6,2082.549474
223,6,2082.549474
223,6,2082.549474
223,6,2082.549474
223,6,2082.549474
223,6,2082.549474
223,6,2082.549474
223,6,2082.549474
223,6,2082.549474
223,6,2082.549474
223,6,2082.549474
223,6,2082.549474
223,6,2082.549474
223,6,2082.549474
223,6,2082.549474
223,6,2082.549474
223,6,2082.549474
223,6,2082.549474
223,6,2082.549474
223,6,2082.549474
223,6,2082.549474
223,6,2082.549474
223,6,2082.549474
223,6,2082.549474
223,6,2082.549474
223,6,2082.549474
223,6,2082.549474
223,7,2035.969734
223,8,2032.367261
223,8,2032.367261
223,8,2032.367261
223,9,2001.863086
223,10,1998.166089
224,6,2082.549474
224,6,2082.549474
224,6,2082.549474
224,6,2082.549474
224,6,2082.549474
224,6,2082.549474
224,6,2082.549474
224,6,2082.549474
224,6,2082.549474
224,6,2082.549474
224,6,2082.549474
224,6,2082.549474
224,6,2082.549474
224,6,2082.549474
224,6,2082.549474
224,6,2082.549474
224,6,2082.549474
224,6,2082.549474
224,6,2082.549474
224,6,2082.549474
224,6,2082.549474
224,6,2082.549474
224,6,2082.549474
224,6,2082.549474
224,6,2082.549474
224,6,2082.549474
224,6,2082.549474
224,6,2082.549474
224,6,2082.549474
224,6,2082.549474
224,6,2082.549474
224,6,2082.549474
224,6,2082.549474
224,6,2082.549474
224,6,2082.549474
224,6,2082.549474
224,6,2082.549474
224,6,2082.549474
224,6,2082.549474
224,6,2082.549474
224,6,2082.549474
224,6,2082.549474
224,6,2082.549474
224,6,2082.549474
224,6,2082.549474
224,6,2082.549474
224,6,2082.549474
224,6,2082.549474
224,6,2082.549474
224,6,2082.549474
224,6,2082.549474
224,6,2082.549474
224,6,2082.549474
224,6,2082.549474
224,6,2082.549474
224,6,2082.549474
224,6,2082.549474
224,6,2082.549474
224,6,2082.549474
224,6,2082.549474
224,6,2082.549474
224,6,2082.549474
224,6,2082.549474
224,6,2082.549474
224,6,2082.549474
224,6,2082.549474
224,6,2082.549474
224,6,2082.549474
224,6,2082.549474
224,6,2082.549474
224,6,2082.549474
224,6,2082.549474
224,6,2082.549474
224,6,2082.549474
224,6,2082.549474
224,6,2082.549474
224,6,2082.549474
224,6,2082.549474
224,6,2082.549474
224,6,2082.549474
224,6,2082.549474
224,6,2082.549474
224,6,2082.549474
224,6,2082.549474
224,6,2082.549474
224,6,2082.549474
224,6,2082.549474
224,6,2082.549474
224,6,2082.549474
224,6,2082.549474
224,6,2082.549474
224,6,2082.549474
224,6,2082.549474
224,6,2082.549474
224,6,2082.549474
224,6,2082.549474
224,6,2082.549474
224,6,2082.549474
224,6,2082.549474
224,6,2082.549474
224,6,2082.549474
224,6,2082.549474
224,6,2082.549474
224,6,2082.549474
224,6,2082.549474
224,6,2082.549474
224,6,2082.549474
224,6,2082.549474
224,6,2082.549474
224,6,2082.549474
224,6,2082.549474
224,6,2082.549474
224,6,2082.549474
224,6,2082.549474
224,6,2082.549474
224,6,2082.549474
224,6,2082.549474
224,6,2082.549474
224,6,2082.549474
224,6,2082.549474
224,6,2082.549474
224,6,2082.549474
224,6,2082.549474
224,6,2082.549474
224,6,2082.549474
224,6,2082.549474
224,6,2082.549474
224,6,2082.549474
224,6,2082.549474
224,6,2082.549474
224,6,2082.549474
224,6,2082.549474
224,6,2082.549474
224,6,2082.549474
224,6,2082.549474
224,6,2082.549474
224,6,2082.549474
224,6,2082.549474
224,6,2082.549474
224,6,2082.549474
224,7,2035.895256
224,8,2032.367261
224,8,2032.367261
224,8,2032.367261
224,8,2032.367261
224,8,2032.367261
224,8,2032.367261
224,9,2001.863086
224,10,1998.166089
224,10,1998.166089
225,6,2082.549474
225,6,2082.549474
225,6,2082.549474
225,6,2082.549474
225,6,2082.549474
225,6,2082.549474
225,6,2082.549474
225,6,2082.549474
225,6,2082.549474
225,6,2082.549474
225,6,2082.549474
225,6,2082.549474
225,6,2082.549474
225,6,2082.549474
225,6,2082.549474
225,6,2082.549474
225,6,2082.549474
225,6,2082.549474
225,6,2082.549474
225,6,2082.549474
225,6,2082.549474
225,6,2082.549474
225,6,2082.549474
225,6,2082.549474
225,6,2082.549474
225,6,2082.549474
225,6,2082.549474
225,6,2082.549474
225,6,2082.549474
225,6,2082.549474
225,6,2082.549474
225,6,2082.549474
225,6,2082.549474
225,6,2082.549474
225,6,2082.549474
225,6,2082.549474
225,6,2082.549474
225,6,2082.549474
225,6,2082.549474
225,6,2082.549474
225,6,2082.549474
225,6,2082.549474
225,6,2082.549474
225,6,2082.549474
225,6,2082.549474
225,6,2082.549474
225,6,2082.549474
225,6,2082.549474
225,6,2082.549474
225,6,2082.549474
225,6,2082.549474
225,6,2082.549474
225,6,2082.549474
225,6,2082.549474
225,6,2082.549474
225,6,2082.549474
225,6,2082.549474
225,6,2082.549474
225,6,2082.549474
225,6,2082.549474
225,6,2082.549474
225,6,2082.549474
225,6,2082.549474
225,6,2082.549474
225,6,2082.549474
225,6,2082.549474
225,6,2082.549474
225,6,2082.549474
225,6,2082.549474
225,6,2082.549474
225,6,2082.549474
225,6,2082.549474
225,6,2082.549474
225,6,2082.549474
225,6,2082.549474
225,6,2082.549474
225,6,2082.549474
225,6,2082.549474
225,6,2082.549474
225,6,2082.549474
225,6,2082.549474
225,6,2082.549474
225,6,2082.549474
225,6,2082.549474
225,6,2082.549474
225,6,2082.549474
225,6,2082.549474
225,6,2082.549474
225,6,2082.549474
225,6,2082.549474
225,6,2082.549474
225,6,2082.549474
225,6,2082.549474
225,6,2082.549474
225,6,2082.549474
225,6,2082.549474
225,6,2082.549474
225,6,2082.549474
225,6,2082.549474
225,6,2082.549474
225,6,2082.549474
225,6,2082.549474
225,6,2082.549474
225,6,2082.549474
225,6,2082.549474
225,6,2082.549474
225,6,2082.549474
225,6,2082.549474
225,6,2082.549474
225,6,2082.549474
225,6,2082.549474
225,6,2082.549474
225,6,2082.549474
225,6,2082.549474
225,6,2082.549474
225,6,2082.549474
225,6,2082.549474
225,6,2082.549474
225,6,2082.549474
225,6,2082.549474
225,6,2082.549474
225,6,2082.549474
225,6,2082.549474
225,6,2082.549474
225,6,2082.549474
225,6,2082.549474
225,6,2082.549474
225,6,2082.549474
225,6,2082.549474
225,6,2082.549474
225,6,2082.549474
225,6,2082.549474
225,6,2082.549474
225,6,2082.549474
225,7,2035.895256
225,8,2032.367261
225,8,2032.367261
225,8,2032.367261
225,8,2032.367261
225,8,2032.367261
225,8,2032.367261
225,8,2032.367261
225,8,2032.367261
225,8,2032.367261
225,9,2001.863086
225,9,2001.863086
225,9,2001.863086
225,10,1998.166089
225,10,1998.166089
225,10,1998.166089
226,6,2082.549474
226,6,2082.549474
226,6,2082.549474
226,6,2082.549474
226,6,2082.549474
226,6,2082.549474
226,6,2082.549474
226,6,2082.549474
226,6,2082.549474
226,6,2082.549474
226,6,2082.549474
226,6,2082.549474
226,6,2082.549474
226,6,2082.549474
226,6,2082.549474
226,6,2082.549474
226,6,2082.549474
226,6,2082.549474
226,6,2082.549474
226,6,2082.549474
226,6,2082.549474
226,6,2082.549474
226,6,2082.549474
226,6,2082.549474
226,6,2082.549474
226,6,2082.549474
226,6,2082.549474
226,6,2082.549474
226,6,2082.549474
226,6,2082.549474
226,6,2082.549474
226,6,2082.549474
226,6,2082.549474
226,6,2082.549474
226,6,2082.549474
226,6,2082.549474
226,6,2082.549474
226,6,2082.549474
226,6,2082.549474
226,6,2082.549474
226,6,2082.549474
226,6,2082.549474
226,6,2082.549474
226,6,2082.549474
226,6,2082.549474
226,6,2082.549474
226,6,2082.549474
226,6,2082.549474
226,6,2082.549474
226,6,2082.549474
226,6,2082.549474
226,6,2082.549474
226,6,2082.549474
226,6,2082.549474
226,6,2082.549474
226,6,2082.549474
226,6,2082.549474
226,6,2082.549474
226,6,2082.549474
226,6,2082.549474
226,6,2082.549474
226,6,2082.549474
226,6,2082.549474
226,6,2082.549474
226,6,2082.549474
226,6,2082.549474
226,6,2082.549474
226,6,2082.549474
226,6,2082.549474
226,6,2082.549474
226,6,2082.549474
226,6,2082.549474
226,6,2082.549474
226,6,2082.549474
226,6,2082.549474
226,6,2082.549474
226,6,2082.549474
226,6,2082.549474
226,6,2082.549474
226,6,2082.549474
226,6,2082.549474
226,6,2082.549474
226,6,2082.549474
226,6,2082.549474
226,6,2082.549474
226,6,2082.549474
226,6,2082.549474
226,6,2082.549474
226,6,2082.549474
226,6,2082.549474
226,6,2082.549474
226,6,2082.549474
226,6,2082.549474
226,6,2082.549474
226,6,2082.549474
226,6,2082.549474
226,6,2082.549474
226,6,2082.549474
226,6,2082.549474
226,6,2082.549474
226,6,2082.549474
226,6,2082.549474
226,6,2082.549474
226,6,2082.549474
226,6,2082.549474
226,6,2082.549474
226,6,2082.549474
226,6,2082.549474
226,6,2082.549474
226,6,2082.549474
226,6,2082.549474
226,6,2082.549474
226,6,2082.549474
226,6,2082.549474
226,6,2082.549474
226,6,2082.549474
226,6,2082.549474
226,6,2082.549474
226,6,2082.549474
226,6,2082.549474
226,7,2035.585279
226,8,2032.367261
226,8,2032.367261
226,8,2032.367261
226,8,2032.367261
226,8,2032.367261
226,8,2032.367261
226,8,2032.367261
226,8,2032.367261
226,8,2032.367261
226,8,2032.367261
226,8,2032.367261
226,8,2032.367261
226,8,2032.367261
226,8,2032.367261
226,8,2032.367261
226,8,2032.367261
226,8,2032.367261
226,8,2032.367261
226,8,2032.367261
226,8,2032.367261
226,9,2001.863086
226,9,2001.863086
226,9,2001.863086
226,9,2001.863086
226,9,2001.863086
226,10,1998.166089
226,10,1998.166089
226,10,1998.166089
226,10,1998.166089
227,6,2082.549474
227,6,2082.549474
227,6,2082.549474
227,6,2082.549474
227,6,2082.549474
227,6,2082.549474
227,6,2082.549474
227,6,2082.549474
227,6,2082.549474
227,6,2082.549474
227,6,2082.549474
227,6,2082.549474
227,6,2082.549474
227,6,2082.549474
227,6,2082.549474
227,6,2082.549474
227,6,2082.549474
227,6,2082.549474
227,6,2082.549474
227,6,2082.549474
227,6,2082.549474
227,6,2082.549474
227,6,2082.549474
227,6,2082.549474
227,6,2082.549474
227,6,2082.549474
227,6,2082.549474
227,6,2082.549474
227,6,2082.549474
227,6,2082.549474
227,6,2082.549474
227,6,2082.549474
227,6,2082.549474
227,6,2082.549474
227,6,2082.549474
227,6,2082.549474
227,6,2082.549474
227,6,2082.549474
227,6,2082.549474
227,6,2082.549474
227,6,2082.549474
227,6,2082.549474
227,6,2082.549474
227,6,2082.549474
227,6,2082.549474
227,6,2082.549474
227,6,2082.549474
227,6,2082.549474
227,6,2082.549474
227,6,2082.549474
227,6,2082.549474
227,6,2082.549474
227,6,2082.549474
227,6,2082.549474
227,6,2082.549474
227,6,2082.549474
227,6,2082.549474
227,6,2082.549474
227,6,2082.549474
227,6,2082.549474
227,6,2082.549474
227,6,2082.549474
227,6,2082.549474
227,6,2082.549474
227,6,2082.549474
227,6,2082.549474
227,6,2082.549474
227,6,2082.549474
227,6,2082.549474
227,6,2082.549474
227,6,2082.549474
227,6,2082.549474
227,6,2082.549474
227,6,2082.549474
227,6,2082.549474
227,6,2082.549474
227,6,2082.549474
227,6,2082.549474
227,6,2082.549474
227,6,2082.549474
227,6,2082.549474
227,6,2082.549474
227,6,2082.549474
227,6,2082.549474
227,6,2082.549474
227,6,2082.549474
227,6,2082.549474
227,6,2082.549474
227,6,2082.549474
227,6,2082.549474
227,6,2082.549474
227,6,2082.549474
227,6,2082.549474
227,6,2082.549474
227,6,2082.549474
227,6,2082.549474
227,6,2082.549474
227,6,2082.549474
227,6,2082.549474
227,6,2082.549474
227,6,2082.549474
227,6,2082.549474
227,6,2082.549474
227,6,2082.549474
227,6,2082.549474
227,6,2082.549474
227,6,2082.549474
227,6,2082.549474
227,6,2082.549474
227,6,2082.549474
227,6,2082.549474
227,6,2082.549474
227,6,2082.549474
227,6,2082.549474
227,6,2082.549474
227,6,2082.549474
227,6,2082.549474
227,6,2082.549474
227,6,2082.549474
227,6,2082.549474
227,6,2082.549474
227,6,2082.549474
227,6,2082.549474
227,6,2082.549474
227,6,2082.549474
227,6,2082.549474
227,6,2082.549474
227,6,2082.549474
227,6,2082.549474
227,6,2082.549474
227,6,2082.549474
227,6,2082.549474
227,7,2035.585279
227,8,2029.546230
227,9,2001.863086
227,9,2001.863086
227,9,2001.863086
227,9,2001.863086
227,9,2001.863086
227,9,2001.863086
227,9,2001.863086
227,9,2001.863086
227,9,2001.863086
227,9,2001.863086
227,10,1998.166089
227,10,1998.166089
227,10,1998.166089
227,10,1998.166089
227,10,1998.166089
227,10,1998.166089
228,6,2082.549474
228,6,2082.549474
228,6,2082.549474
228,6,2082.549474
228,6,2082.549474
228,6,2082.549474
228,6,2082.549474
228,6,2082.549474
228,6,2082.549474
228,6,2082.549474
228,6,2082.549474
228,6,2082.549474
228,6,2082.549474
228,6,2082.549474
228,6,2082.549474
228,6,2082.549474
228,6,2082.549474
228,6,2082.549474
228,6,2082.549474
228,6,2082.549474
228,6,2082.549474
228,6,2082.549474
228,6,2082.549474
228,6,2082.549474
228,6,2082.549474
228,6,2082.549474
228,6,2082.549474
228,6,2082.549474
228,6,2082.549474
228,6,2082.549474
228,6,2082.549474
228,6,2082.549474
228,6,2082.549474
228,6,2082.549474
228,6,2082.549474
228,6,2082.549474
228,6,2082.549474
228,6,2082.549474
228,6,2082.549474
228,6,2082.549474
228,6,2082.549474
228,6,2082.549474
228,6,2082.549474
228,6,2082.549474
228,6,2082.549474
228,6,2082.549474
228,6,2082.549474
228,6,2082.549474
228,6,2082.549474
228,6,2082.549474
228,6,2082.549474
228,6,2082.549474
228,6,2082.549474
228,6,2082.549474
228,6,2082.549474
228,6,2082.549474
228,6,2082.549474
228,6,2082.549474
228,6,2082.549474
228,6,2082.549474
228,6,2082.549474
228,6,2082.549474
228,6,2082.549474
228,6,2082.549474
228,6,2082.549474
228,6,2082.549474
228,6,2082.549474
228,6,2082.549474
228,6,2082.549474
228,6,2082.549474
228,6,2082.549474
228,6,2082.549474
228,6,2082.549474
228,6,2082.549474
228,6,2082.549474
228,6,2082.549474
228,6,2082.549474
228,6,2082.549474
228,6,2082.549474
228,6,2082.549474
228,6,2082.549474
228,6,2082.549474
228,6,2082.549474
228,6,2082.549474
228,6,2082.549474
228,6,2082.549474
228,6,2082.549474
228,6,2082.549474
228,6,2082.549474
228,6,2082.549474
228,6,2082.549474
228,6,2082.549474
228,6,2082.549474
228,6,2082.549474
228,6,2082.549474
228,6,2082.549474
228,6,2082.549474
228,6,2082.549474
228,6,2082.549474
228,6,2082.549474
228,6,2082.549474
228,6,2082.549474
228,6,2082.549474
228,6,2082.549474
228,6,2082.549474
228,6,2082.549474
228,6,2082.549474
228,6,2082.549474
228,6,2082.549474
228,6,2082.549474
228,6,2082.549474
228,6,2082.549474
228,6,2082.549474
228,6,2082.549474
228,6,2082.549474
228,6,2082.549474
228,6,2082.549474
228,7,2035.585279
228,7,2035.585279
228,8,2029.339879
228,9,2001.863086
228,9,2001.863086
228,9,2001.863086
228,9,2001.863086
228,9,2001.863086
228,9,2001.863086
228,9,2001.863086
228,9,2001.863086
228,9,2001.863086
228,9,2001.863086
228,9,2001.863086
228,9,2001.863086
228,9,2001.863086
228,9,2001.863086
228,9,2001.863086
228,9,2001.863086
228,9,2001.863086
228,9,2001.863086
228,9,2001.863086
228,10,1998.166089
228,10,1998.166089
228,10,1998.166089
228,10,1998.166089
228,10,1998.166089
228,10,1998.166089
228,10,1998.166089
228,10,1998.166089
228,10,1998.166089
228,10,1998.166089
228,10,1998.166089
229,6,2082.549474
229,6,2082.549474
229,6,2082.549474
229,6,2082.549474
229,6,2082.549474
229,6,2082.549474
229,6,2082.549474
229,6,2082.549474
229,6,2082.549474
229,6,2082.549474
229,6,2082.549474
229,6,2082.549474
229,6,2082.549474
229,6,2082.549474
229,6,2082.549474
229,6,2082.549474
229,6,2082.549474
229,6,2082.549474
229,6,2082.549474
229,6,2082.549474
229,6,2082.549474
229,6,2082.549474
229,6,2082.549474
229,6,2082.549474
229,6,2082.549474
229,6,2082.549474
229,6,2082.549474
229,6,2082.549474
229,6,2082.549474
229,6,2082.549474
229,6,2082.549474
229,6,2082.549474
229,6,2082.549474
229,6,2082.549474
229,6,2082.549474
229,6,2082.549474
229,6,2082.549474
229,6,2082.549474
229,6,2082.549474
229,6,2082.549474
229,6,2082.549474
229,6,2082.549474
229,6,2082.549474
229,6,2082.549474
229,6,2082.549474
229,6,2082.549474
229,6,2082.549474
229,6,2082.549474
229,6,2082.549474
229,6,2082.549474
229,6,2082.549474
229,6,2082.549474
229,6,2082.549474
229,6,2082.549474
229,6,2082.549474
229,6,2082.549474
229,6,2082.549474
229,6,2082.549474
229,6,2082.549474
229,6,2082.549474
229,6,2082.549474
229,6,2082.549474
229,6,2082.549474
229,6,2082.549474
229,6,2082.549474
229,6,2082.549474
229,6,2082.549474
229,6,2082.549474
229,6,2082.549474
229,6,2082.549474
229,6,2082.549474
229,6,2082.549474
229,6,2082.549474
229,6,2082.549474
229,6,2082.549474
229,6,2082.549474
229,6,2082.549474
229,6,2082.549474
229,6,2082.549474
229,6,2082.549474
229,6,2082.549474
229,6,2082.549474
229,6,2082.549474
229,6,2082.549474
229,6,2082.549474
229,6,2082.549474
229,6,2082.549474
229,6,2082.549474
229,6,2082.549474
229,7,2035.585279
229,7,2035.585279
229,7,2035.585279
229,7,2035.585279
229,7,2035.585279
229,7,2035.585279
229,8,2029.339879
229,8,2029.339879
229,9,2001.863086
229,9,2001.863086
229,9,2001.863086
229,9,2001.863086
229,9,2001.863086
229,9,2001.863086
229,9,2001.863086
229,9,2001.863086
229,9,2001.863086
229,9,2001.863086
229,9,2001.863086
229,9,2001.863086
229,9,2001.863086
229,9,2001.863086
229,9,2001.863086
229,9,2001.863086
229,9,2001.863086
229,9,2001.863086
229,9,2001.863086
229,9,2001.863086
229,9,2001.863086
229,9,2001.863086
229,9,2001.863086
229,9,2001.863086
229,9,2001.863086
229,9,2001.863086
229,9,2001.863086
229,9,2001.863086
229,9,2001.863086
229,9,2001.863086
229,9,2001.863086
229,9,2001.863086
229,9,2001.863086
229,9,2001.863086
229,10,1998.166089
229,10,1998.166089
229,10,1998.166089
229,10,1998.166089
229,10,1998.166089
229,10,1998.166089
229,10,1998.166089
229,10,1998.166089
229,10,1998.166089
229,10,1998.166089
229,10,1998.166089
229,10,1998.166089
229,10,1998.166089
229,10,1998.166089
229,10,1998.166089
229,10,1998.166089
229,10,1998.166089
229,10,1998.166089
229,10,1998.166089
230,6,2082.549474
230,6,2082.549474
230,6,2082.549474
230,6,2082.549474
230,6,2082.549474
230,6,2082.549474
230,6,2082.549474
230,6,2082.549474
230,6,2082.549474
230,6,2082.549474
230,6,2082.549474
230,6,2082.549474
230,6,2082.549474
230,6,2082.549474
230,6,2082.549474
230,6,2082.549474
230,6,2082.549474
230,6,2082.549474
230,6,2082.549474
230,6,2082.549474
230,6,2082.549474
230,6,2082.549474
230,6,2082.549474
230,6,2082.549474
230,6,2082.549474
230,6,2082.549474
230,6,2082.549474
230,6,2082.549474
230,6,2082.549474
230,6,2082.549474
230,6,2082.549474
230,6,2082.549474
230,6,2082.549474
230,6,2082.549474
230,6,2082.549474
230,6,2082.549474
230,6,2082.549474
230,6,2082.549474
230,6,2082.549474
230,6,2082.549474
230,6,2082.549474
230,6,2082.549474
230,6,2082.549474
230,6,2082.549474
230,6,2082.549474
230,6,2082.549474
230,6,2082.549474
230,6,2082.549474
230,6,2082.549474
230,6,2082.549474
230,6,2082.549474
230,6,2082.549474
230,6,2082.549474
230,6,2082.549474
230,6,2082.549474
230,6,2082.549474
230,6,2082.549474
230,7,2035.577654
230,8,2029.339879
230,8,2029.339879
230,8,2029.339879
230,8,2029.339879
230,9,2001.863086
230,9,2001.863086
230,9,2001.863086
230,9,2001.863086
230,9,2001.863086
230,9,2001.863086
230,9,2001.863086
230,9,2001.863086
230,9,2001.863086
230,9,2001.863086
230,9,2001.863086
230,9,2001.863086
230,9,2001.863086
230,9,2001.863086
230,9,2001.863086
230,9,2001.863086
230,9,2001.863086
230,9,2001.863086
230,9,2001.863086
230,9,2001.863086
230,9,2001.863086
230,9,2001.863086
230,9,2001.863086
230,9,2001.863086
230,9,2001.863086
230,9,2001.863086
230,9,2001.863086
230,9,2001.863086
230,9,2001.863086
230,9,2001.863086
230,9,2001.863086
230,9,2001.863086
230,9,2001.863086
230,9,2001.863086
230,9,2001.863086
230,9,2001.863086
230,9,2001.863086
230,9,2001.863086
230,9,2001.863086
230,9,2001.863086
230,9,2001.863086
230,9,2001.863086
230,9,2001.863086
230,9,2001.863086
230,9,2001.863086
230,9,2001.863086
230,9,2001.863086
230,9,2001.863086
230,9,2001.863086
230,9,2001.863086
230,9,2001.863086
230,9,2001.863086
230,9,2001.863086
230,9,2001.863086
230,10,1998.166089
230,10,1998.166089
230,10,1998.166089
230,10,1998.166089
230,10,1998.166089
230,10,1998.166089
230,10,1998.166089
230,10,1998.166089
230,10,1998.166089
230,10,1998.166089
230,10,1998.166089
230,10,1998.166089
230,10,1998.166089
230,10,1998.166089
230,10,1998.166089
230,10,1998.166089
230,10,1998.166089
230,10,1998.166089
230,10,1998.166089
230,10,1998.166089
230,10,1998.166089
230,10,1998.166089
230,10,1998.166089
230,10,1998.166089
230,10,1998.166089
230,10,1998.166089
230,10,1998.166089
230,10,1998.166089
230,10,1998.166089
230,10,1998.166089
230,10,1998.166089
230,10,1998.166089
230,10,1998.166089
230,10,1998.166089
231,6,2082.549474
231,6,2082.549474
231,7,2035.577654
231,7,2035.577654
231,8,2029.339879
231,8,2029.339879
231,9,2001.863086
231,9,2001.863086
231,9,2001.863086
231,9,2001.863086
231,9,2001.863086
231,9,2001.863086
231,9,2001.863086
231,9,2001.863086
231,9,2001.863086
231,9,2001.863086
231,9,2001.863086
231,9,2001.863086
231,9,2001.863086
231,9,2001.863086
231,9,2001.863086
231,9,2001.863086
231,9,2001.863086
231,9,2001.863086
231,9,2001.863086
231,9,2001.863086
231,9,2001.863086
231,9,2001.863086
231,9,2001.863086
231,9,2001.863086
231,9,2001.863086
231,9,2001.863086
231,9,2001.863086
231,9,2001.863086
231,9,2001.863086
231,9,2001.863086
231,9,2001.863086
231,9,2001.863086
231,9,2001.863086
231,9,2001.863086
231,9,2001.863086
231,9,2001.863086
231,9,2001.863086
231,9,2001.863086
231,9,2001.863086
231,9,2001.863086
231,9,2001.863086
231,9,2001.863086
231,9,2001.863086
231,9,2001.863086
231,9,2001.863086
231,9,2001.863086
231,9,2001.863086
231,9,2001.863086
231,9,2001.863086
231,9,2001.863086
231,9,2001.863086
231,9,2001.863086
231,9,2001.863086
231,9,2001.863086
231,9,2001.863086
231,9,2001.863086
231,9,2001.863086
231,9,2001.863086
231,9,2001.863086
231,9,2001.863086
231,9,2001.863086
231,9,2001.863086
231,9,2001.863086
231,9,2001.863086
231,9,2001.863086
231,9,2001.863086
231,9,2001.863086
231,9,2001.863086
231,9,2001.863086
231,9,2001.863086
231,9,2001.863086
231,9,2001.863086
231,9,2001.863086
231,9,2001.863086
231,9,2001.863086
231,9,2001.863086
231,9,2001.863086
231,9,2001.863086
231,9,2001.863086
231,9,2001.863086
231,9,2001.863086
231,9,2001.863086
231,9,2001.863086
231,9,2001.863086
231,10,1998.166089
231,10,1998.166089
231,10,1998.166089
231,10,1998.166089
231,10,1998.166089
231,10,1998.166089
231,10,1998.166089
231,10,1998.166089
231,10,1998.166089
231,10,1998.166089
231,10,1998.166089
231,10,1998.166089
231,10,1998.166089
231,10,1998.166089
231,10,1998.166089
231,10,1998.166089
231,10,1998.166089
231,10,1998.166089
231,10,1998.166089
231,10,1998.166089
231,10,1998.166089
231,10,1998.166089
231,10,1998.166089
231,10,1998.166089
231,10,1998.166089
231,10,1998.166089
231,10,1998.166089
231,10,1998.166089
231,10,1998.166089
231,10,1998.166089
231,10,1998.166089
231,10,1998.166089
231,10,1998.166089
231,10,1998.166089
231,10,1998.166089
231,10,1998.166089
231,10,1998.166089
231,10,1998.166089
231,10,1998.166089
231,10,1998.166089
231,10,1998.166089
231,10,1998.166089
231,10,1998.166089
231,10,1998.166089
231,10,1998.166089
231,10,1998.166089
231,10,1998.166089
231,10,1998.166089
231,10,1998.166089
231,10,1998.166089
231,10,1998.166089
231,10,1998.166089
231,10,1998.166089
231,10,1998.166089
231,10,1998.166089
231,10,1998.166089
231,10,1998.166089
231,10,1998.166089
231,10,1998.166089
231,10,1998.166089
232,6,2082.549474
232,6,2082.549474
232,7,2035.538381
232,8,2029.339879
232,8,2029.339879
232,9,2001.863086
232,9,2001.863086
232,9,2001.863086
232,9,2001.863086
232,9,2001.863086
232,9,2001.863086
232,9,2001.863086
232,9,2001.863086
232,9,2001.863086
232,9,2001.863086
232,9,2001.863086
232,9,2001.863086
232,9,2001.863086
232,9,2001.863086
232,9,2001.863086
232,9,2001.863086
232,9,2001.863086
232,9,2001.863086
232,9,2001.863086
232,9,2001.863086
232,9,2001.863086
232,9,2001.863086
232,9,2001.863086
232,9,2001.863086
232,9,2001.863086
232,9,2001.863086
232,9,2001.863086
232,9,2001.863086
232,9,2001.863086
232,9,2001.863086
232,9,2001.863086
232,9,2001.863086
232,9,2001.863086
232,9,2001.863086
232,9,2001.863086
232,9,2001.863086
232,9,2001.863086
232,10,1998.166089
232,10,1998.166089
232,10,1998.166089
232,10,1998.166089
232,10,1998.166089
232,10,1998.166089
232,10,1998.166089
232,10,1998.166089
232,10,1998.166089
232,10,1998.166089
232,10,1998.166089
232,10,1998.166089
232,10,1998.166089
232,10,1998.166089
232,10,1998.166089
232,10,1998.166089
232,10,1998.166089
232,10,1998.166089
232,10,1998.166089
232,10,1998.166089
232,10,1998.166089
232,10,1998.166089
232,10,1998.166089
232,10,1998.166089
232,10,1998.166089
232,10,1998.166089
232,10,1998.166089
232,10,1998.166089
232,10,1998.166089
232,10,1998.166089
232,10,1998.166089
232,10,1998.166089
232,10,1998.166089
232,10,1998.166089
232,10,1998.166089
232,10,1998.166089
232,10,1998.166089
232,10,1998.166089
232,10,1998.166089
232,10,1998.166089
232,10,1998.166089
232,10,1998.166089
232,10,1998.166089
232,10,1998.166089
232,10,1998.166089
232,10,1998.166089
232,10,1998.166089
232,10,1998.166089
232,10,1998.166089
232,10,1998.166089
232,10,1998.166089
232,10,1998.166089
232,10,1998.166089
232,10,1998.166089
232,10,1998.166089
232,10,1998.166089
232,10,1998.166089
232,10,1998.166089
232,10,1998.166089
232,10,1998.166089
232,10,1998.166089
232,10,1998.166089
232,10,1998.166089
232,10,1998.166089
232,10,1998.166089
232,10,1998.166089
232,10,1998.166089
232,10,1998.166089
232,10,1998.166089
232,10,1998.166089
232,10,1998.166089
232,10,1998.166089
232,10,1998.166089
232,10,1998.166089
232,10,1998.166089
232,10,1998.166089
232,10,1998.166089
232,10,1998.166089
232,10,1998.166089
232,10,1998.166089
232,10,1998.166089
232,10,1998.166089
232,10,1998.166089
232,10,1998.166089
232,10,1998.166089
232,10,1998.166089
232,10,1998.166089
232,10,1998.166089
232,10,1998.166089
232,10,1998.166089
232,10,1998.166089
232,10,1998.166089
232,10,1998.166089
232,10,1998.166089
232,10,1998.166089
232,10,1998.166089
232,10,1998.166089
232,10,1998.166089
232,10,1998.166089
232,10,1998.166089
232,10,1998.166089
232,10,1998.166089
232,10,1998.166089
232,10,1998.166089
232,10,1998.166089
232,10,1998.166089
232,10,1998.166089
232,10,1998.166089
233,6,2082.549474
233,6,2082.549474
233,7,2035.538381
233,7,2035.538381
233,8,2029.339879
233,8,2029.339879
233,9,2001.863086
233,9,2001.863086
233,10,1998.166089
233,10,1998.166089
233,10,1998.166089
233,10,1998.166089
233,10,1998.166089
233,10,1998.166089
233,10,1998.166089
233,10,1998.166089
233,10,1998.166089
233,10,1998.166089
233,10,1998.166089
233,10,1998.166089
233,10,1998.166089
233,10,1998.166089
233,10,1998.166089
233,10,1998.166089
233,10,1998.166089
233,10,1998.166089
233,10,1998.166089
233,10,1998.166089
233,10,1998.166089
233,10,1998.166089
233,10,1998.166089
233,10,1998.166089
233,10,1998.166089
233,10,1998.166089
233,10,1998.166089
233,10,1998.166089
233,10,1998.166089
233,10,1998.166089
233,10,1998.166089
233,10,1998.166089
233,10,1998.166089
233,10,1998.166089
233,10,1998.166089
233,10,1998.166089
233,10,1998.166089
233,10,1998.166089
233,10,1998.166089
233,10,1998.166089
233,10,1998.166089
233,10,1998.166089
233,10,1998.166089
233,10,1998.166089
233,10,1998.166089
233,10,1998.166089
233,10,1998.166089
233,10,1998.166089
233,10,1998.166089
233,10,1998.166089
233,10,1998.166089
233,10,1998.166089
233,10,1998.166089
233,10,1998.166089
233,10,1998.166089
233,10,1998.166089
233,10,1998.166089
233,10,1998.166089
233,10,1998.166089
233,10,1998.166089
233,10,1998.166089
233,10,1998.166089
233,10,1998.166089
233,10,1998.166089
233,10,1998.166089
233,10,1998.166089
233,10,1998.166089
233,10,1998.166089
233,10,1998.166089
233,10,1998.166089
233,10,1998.166089
233,10,1998.166089
233,10,1998.166089
233,10,1998.166089
233,10,1998.166089
233,10,1998.166089
233,10,1998.166089
233,10,1998.166089
233,10,1998.166089
233,10,1998.166089
233,10,1998.166089
233,10,1998.166089
233,10,1998.166089
233,10,1998.166089
233,10,1998.166089
233,10,1998.166089
233,10,1998.166089
233,10,1998.166089
233,10,1998.166089
233,10,1998.166089
233,10,1998.166089
233,10,1998.166089
233,10,1998.166089
233,10,1998.166089
233,10,1998.166089
233,10,1998.166089
233,10,1998.166089
233,10,1998.166089
233,10,1998.166089
233,10,1998.166089
233,10,1998.166089
233,10,1998.166089
233,10,1998.166089
233,10,1998.166089
233,10,1998.166089
233,10,1998.166089
233,10,1998.166089
233,10,1998.166089
233,10,1998.166089
233,10,1998.166089
233,10,1998.166089
233,10,1998.166089
233,10,1998.166089
233,10,1998.166089
233,10,1998.166089
233,10,1998.166089
233,10,1998.166089
233,10,1998.166089
233,10,1998.166089
233,10,1998.166089
233,10,1998.166089
233,10,1998.166089
233,10,1998.166089
233,10,1998.166089
233,10,1998.166089
233,10,1998.166089
233,10,1998.166089
233,10,1998.166089
233,10,1998.166089
233,10,1998.166089
233,10,1998.166089
233,10,1998.166089
233,10,1998.166089
233,10,1998.166089
233,10,1998.166089
233,10,1998.166089
233,10,1998.166089
233,10,1998.166089
233,10,1998.166089
233,10,1998.166089
233,10,1998.166089
233,10,1998.166089
234,6,2082.549474
234,6,2082.549474
234,7,2035.538381
234,7,2035.538381
234,8,2029.105670
234,9,2001.863086
234,9,2001.863086
234,10,1998.166089
234,10,1998.166089
234,10,1998.166089
234,10,1998.166089
234,10,1998.166089
234,10,1998.166089
234,10,1998.166089
234,10,1998.166089
234,10,1998.166089
234,10,1998.166089
234,10,1998.166089
234,10,1998.166089
234,10,1998.166089
234,10,1998.166089
234,10,1998.166089
234,10,1998.166089
234,10,1998.166089
234,10,1998.166089
234,10,1998.166089
234,10,1998.166089
234,10,1998.166089
234,10,1998.166089
234,10,1998.166089
234,10,1998.166089
234,10,1998.166089
234,10,1998.166089
234,10,1998.166089
234,10,1998.166089
234,10,1998.166089
234,10,1998.166089
234,10,1998.166089
234,10,1998.166089
234,10,1998.166089
234,10,1998.166089
234,10,1998.166089
234,10,1998.166089
234,10,1998.166089
234,10,1998.166089
234,10,1998.166089
234,10,1998.166089
234,10,1998.166089
234,10,1998.166089
234,10,1998.166089
234,10,1998.166089
234,10,1998.166089
234,10,1998.166089
234,10,1998.166089
234,10,1998.166089
234,10,1998.166089
234,10,1998.166089
234,10,1998.166089
234,10,1998.166089
234,10,1998.166089
234,10,1998.166089
234,10,1998.166089
234,10,1998.166089
234,10,1998.166089
234,10,1998.166089
234,10,1998.166089
234,10,1998.166089
234,10,1998.166089
234,10,1998.166089
234,10,1998.166089
234,10,1998.166089
234,10,1998.166089
234,10,1998.166089
234,10,1998.166089
234,10,1998.166089
234,10,1998.166089
234,10,1998.166089
234,10,1998.166089
234,10,1998.166089
234,10,1998.166089
234,10,1998.166089
234,10,1998.166089
234,10,1998.166089
234,10,1998.166089
234,10,1998.166089
234,10,1998.166089
234,10,1998.166089
234,10,1998.166089
234,10,1998.166089
234,10,1998.166089
234,10,1998.166089
234,10,1998.166089
234,10,1998.166089
234,10,1998.166089
234,10,1998.166089
234,10,1998.166089
234,10,1998.166089
234,10,1998.166089
234,10,1998.166089
234,10,1998.166089
234,10,1998.166089
234,10,1998.166089
234,10,1998.166089
234,10,1998.166089
234,10,1998.166089
234,10,1998.166089
234,10,1998.166089
234,10,1998.166089
234,10,1998.166089
234,10,1998.166089
234,10,1998.166089
234,10,1998.166089
234,10,1998.166089
234,10,1998.166089
234,10,1998.166089
234,10,1998.166089
234,10,1998.166089
234,10,1998.166089
234,10,1998.166089
234,10,1998.166089
234,10,1998.166089
234,10,1998.166089
234,10,1998.166089
234,10,1998.166089
234,10,1998.166089
234,10,1998.166089
234,10,1998.166089
234,10,1998.166089
234,10,1998.166089
234,10,1998.166089
234,10,1998.166089
234,10,1998.166089
234,10,1998.166089
234,10,1998.166089
234,10,1998.166089
234,10,1998.166089
234,10,1998.166089
234,10,1998.166089
234,10,1998.166089
234,10,1998.166089
234,10,1998.166089
234,10,1998.166089
234,10,1998.166089
234,10,1998.166089
234,10,1998.166089
234,10,1998.166089
234,10,1998.166089
234,10,1998.166089
234,10,1998.166089
234,10,1998.166089
235,6,2082.549474
235,6,2082.549474
235,7,2035.538381
235,7,2035.538381
235,8,2029.105670
235,8,2029.105670
235,9,2001.863086
235,9,2001.863086
235,10,1998.166089
235,10,1998.166089
235,10,1998.166089
235,10,1998.166089
235,10,1998.166089
235,10,1998.166089
235,10,1998.166089
235,10,1998.166089
235,10,1998.166089
235,10,1998.166089
235,10,1998.166089
235,10,1998.166089
235,10,1998.166089
235,10,1998.166089
235,10,1998.166089
235,10,1998.166089
235,10,1998.166089
235,10,1998.166089
235,10,1998.166089
235,10,1998.166089
235,10,1998.166089
235,10,1998.166089
235,10,1998.166089
235,10,1998.166089
235,10,1998.166089
235,10,1998.166089
235,10,1998.166089
235,10,1998.166089
235,10,1998.166089
235,10,1998.166089
235,10,1998.166089
235,10,1998.166089
235,10,1998.166089
235,10,1998.166089
235,10,1998.166089
235,10,1998.166089
235,10,1998.166089
235,10,1998.166089
235,10,1998.166089
235,10,1998.166089
235,10,1998.166089
235,10,1998.166089
235,10,1998.166089
235,10,1998.166089
235,10,1998.166089
235,10,1998.166089
235,10,1998.166089
235,10,1998.166089
235,10,1998.166089
235,10,1998.166089
235,10,1998.166089
235,10,1998.166089
235,10,1998.166089
235,10,1998.166089
235,10,1998.166089
235,10,1998.166089
235,10,1998.166089
235,10,1998.166089
235,10,1998.166089
235,10,1998.166089
235,10,1998.166089
235,10,1998.166089
235,10,1998.166089
235,10,1998.166089
235,10,1998.166089
235,10,1998.166089
235,10,1998.166089
235,10,1998.166089
235,10,1998.166089
235,10,1998.166089
235,10,1998.166089
235,10,1998.166089
235,10,1998.166089
235,10,1998.166089
235,10,1998.166089
235,10,1998.166089
235,10,1998.166089
235,10,1998.166089
235,10,1998.166089
235,10,1998.166089
235,10,1998.166089
235,10,1998.166089
235,10,1998.166089
235,10,1998.166089
235,10,1998.166089
235,10,1998.166089
235,10,1998.166089
235,10,1998.166089
235,10,1998.166089
235,10,1998.166089
235,10,1998.166089
235,10,1998.166089
235,10,1998.166089
235,10,1998.166089
235,10,1998.166089
235,10,1998.166089
235,10,1998.166089
235,10,1998.166089
235,10,1998.166089
235,10,1998.166089
235,10,1998.166089
235,10,1998.166089
235,10,1998.166089
235,10,1998.166089
235,10,1998.166089
235,10,1998.166089
235,10,1998.166089
235,10,1998.166089
235,10,1998.166089
235,10,1998.166089
235,10,1998.166089
235,10,1998.166089
235,10,1998.166089
235,10,1998.166089
235,10,1998.166089
235,10,1998.166089
235,10,1998.166089
235,10,1998.166089
235,10,1998.166089
235,10,1998.166089
235,10,1998.166089
235,10,1998.166089
235,10,1998.166089
235,10,1998.166089
235,10,1998.166089
235,10,1998.166089
235,10,1998.166089
235,10,1998.166089
235,10,1998.166089
235,10,1998.166089
235,10,1998.166089
235,10,1998.166089
235,10,1998.166089
235,10,1998.166089
235,10,1998.166089
235,10,1998.166089
235,10,1998.166089
235,10,1998.166089
235,10,1998.166089
235,10,1998.166089
235,10,1998.166089
235,10,1998.166089
236,6,2082.549474
236,6,2082.549474
236,7,2035.538381
236,7,2035.538381
236,8,2029.105670
236,8,2029.105670
236,9,2001.863086
236,9,2001.863086
236,10,1998.166089
236,10,1998.166089
236,10,1998.166089
236,10,1998.166089
236,10,1998.166089
236,10,1998.166089
236,10,1998.166089
236,10,1998.166089
236,10,1998.166089
236,10,1998.166089
236,10,1998.166089
236,10,1998.166089
236,10,1998.166089
236,10,1998.166089
236,10,1998.166089
236,10,1998.166089
236,10,1998.166089
236,10,1998.166089
236,10,1998.166089
236,10,1998.166089
236,10,1998.166089
236,10,1998.166089
236,10,1998.166089
236,10,1998.166089
236,10,1998.166089
236,10,1998.166089
236,10,1998.166089
236,10,1998.166089
236,10,1998.166089
236,10,1998.166089
236,10,1998.166089
236,10,1998.166089
236,10,1998.166089
236,10,1998.166089
236,10,1998.166089
236,10,1998.166089
236,10,1998.166089
236,10,1998.166089
236,10,1998.166089
236,10,1998.166089
236,10,1998.166089
236,10,1998.166089
236,10,1998.166089
236,10,1998.166089
236,10,1998.166089
236,10,1998.166089
236,10,1998.166089
236,10,1998.166089
236,10,1998.166089
236,10,1998.166089
236,10,1998.166089
236,10,1998.166089
236,10,1998.166089
236,10,1998.166089
236,10,1998.166089
236,10,1998.166089
236,10,1998.166089
236,10,1998.166089
236,10,1998.166089
236,10,1998.166089
236,10,1998.166089
236,10,1998.166089
236,10,1998.166089
236,10,1998.166089
236,10,1998.166089
236,10,1998.166089
236,10,1998.166089
236,10,1998.166089
236,10,1998.166089
236,10,1998.166089
236,10,1998.166089
236,10,1998.166089
236,10,1998.166089
236,10,1998.166089
236,10,1998.166089
236,10,1998.166089
236,10,1998.166089
236,10,1998.166089
236,10,1998.166089
236,10,1998.166089
236,10,1998.166089
236,10,1998.166089
236,10,1998.166089
236,10,1998.166089
236,10,1998.166089
236,10,1998.166089
236,10,1998.166089
236,10,1998.166089
236,10,1998.166089
236,10,1998.166089
236,10,1998.166089
236,10,1998.166089
236,10,1998.166089
236,10,1998.166089
236,10,1998.166089
236,10,1998.166089
236,10,1998.166089
236,10,1998.166089
236,10,1998.166089
236,10,1998.166089
236,10,1998.166089
236,10,1998.166089
236,10,1998.166089
236,10,1998.166089
236,10,1998.166089
236,10,1998.166089
236,10,1998.166089
236,10,1998.166089
236,10,1998.166089
236,10,1998.166089
236,10,1998.166089
236,10,1998.166089
236,10,1998.166089
236,10,1998.166089
236,10,1998.166089
236,10,1998.166089
236,10,1998.166089
236,10,1998.166089
236,10,1998.166089
236,10,1998.166089
236,10,1998.166089
236,10,1998.166089
236,10,1998.166089
236,10,1998.166089
236,10,1998.166089
236,10,1998.166089
236,10,1998.166089
236,10,1998.166089
236,10,1998.166089
236,10,1998.166089
236,10,1998.166089
236,10,1998.166089
236,10,1998.166089
236,10,1998.166089
236,10,1998.166089
236,10,1998.166089
236,10,1998.166089
236,10,1998.166089
236,10,1998.166089
236,10,1998.166089
236,10,1998.166089
236,10,1998.166089
237,6,2082.549474
237,6,2082.549474
237,7,2035.538381
237,7,2035.538381
237,8,2026.608867
237,9,2001.863086
237,9,2001.863086
237,10,1998.166089
237,10,1998.166089
237,10,1998.166089
237,10,1998.166089
237,10,1998.166089
237,10,1998.166089
237,10,1998.166089
237,10,1998.166089
237,10,1998.166089
237,10,1998.166089
237,10,1998.166089
237,10,1998.166089
237,10,1998.166089
237,10,1998.166089
237,10,1998.166089
237,10,1998.166089
237,10,1998.166089
237,10,1998.166089
237,10,1998.166089
237,10,1998.166089
237,10,1998.166089
237,10,1998.166089
237,10,1998.166089
237,10,1998.166089
237,10,1998.166089
237,10,1998.166089
237,10,1998.166089
237,10,1998.166089
237,10,1998.166089
237,10,1998.166089
237,10,1998.166089
237,10,1998.166089
237,10,1998.166089
237,10,1998.166089
237,10,1998.166089
237,10,1998.166089
237,10,1998.166089
237,10,1998.166089
237,10,1998.166089
237,10,1998.166089
237,10,1998.166089
237,10,1998.166089
237,10,1998.166089
237,10,1998.166089
237,10,1998.166089
237,10,1998.166089
237,10,1998.166089
237,10,1998.166089
237,10,1998.166089
237,10,1998.166089
237,10,1998.166089
237,10,1998.166089
237,10,1998.166089
237,10,1998.166089
237,10,1998.166089
237,10,1998.166089
237,10,1998.166089
237,10,1998.166089
237,10,1998.166089
237,10,1998.166089
237,10,1998.166089
237,10,1998.166089
237,10,1998.166089
237,10,1998.166089
237,10,1998.166089
237,10,1998.166089
237,10,1998.166089
237,10,1998.166089
237,10,1998.166089
237,10,1998.166089
237,10,1998.166089
237,10,1998.166089
237,10,1998.166089
237,10,1998.166089
237,10,1998.166089
237,10,1998.166089
237,10,1998.166089
237,10,1998.166089
237,10,1998.166089
237,10,1998.166089
237,10,1998.166089
237,10,1998.166089
237,10,1998.166089
237,10,1998.166089
237,10,1998.166089
237,10,1998.166089
237,10,1998.166089
237,10,1998.166089
237,10,1998.166089
237,10,1998.166089
237,10,1998.166089
237,10,1998.166089
237,10,1998.166089
237,10,1998.166089
237,10,1998.166089
237,10,1998.166089
237,10,1998.166089
237,10,1998.166089
237,10,1998.166089
237,10,1998.166089
237,10,1998.166089
237,10,1998.166089
237,10,1998.166089
237,10,1998.166089
237,10,1998.166089
237,10,1998.166089
237,10,1998.166089
237,10,1998.166089
237,10,1998.166089
237,10,1998.166089
237,10,1998.166089
237,10,1998.166089
237,10,1998.166089
237,10,1998.166089
237,10,1998.166089
237,10,1998.166089
237,10,1998.166089
237,10,1998.166089
237,10,1998.166089
237,10,1998.166089
237,10,1998.166089
237,10,1998.166089
237,10,1998.166089
237,10,1998.166089
237,10,1998.166089
237,10,1998.166089
237,10,1998.166089
237,10,1998.166089
237,10,1998.166089
237,10,1998.166089
237,10,1998.166089
237,10,1998.166089
237,10,1998.166089
237,10,1998.166089
237,10,1998.166089
237,10,1998.166089
237,10,1998.166089
237,10,1998.166089
237,10,1998.166089
237,10,1998.166089
237,10,1998.166089
237,10,1998.166089
237,10,1998.166089
