Iteration,NV,TOC
1,6,2736.108893
1,7,2365.017804
1,8,2302.364202
1,9,2252.453112
1,11,2207.242871
1,12,2194.363257
1,14,2180.206853
2,6,2736.108893
2,6,2736.108893
2,7,2365.017804
2,7,2365.017804
2,8,2302.364202
2,8,2302.364202
2,9,2252.453112
2,9,2252.453112
2,11,2207.242871
2,11,2207.242871
2,12,2194.363257
2,12,2194.363257
2,14,2180.206853
2,14,2180.206853
3,6,2736.108893
3,6,2736.108893
3,6,2736.108893
3,7,2361.114069
3,8,2302.364202
3,8,2302.364202
3,8,2302.364202
3,9,2252.453112
3,9,2252.453112
3,9,2252.453112
3,10,2225.291831
3,11,2207.242871
3,11,2207.242871
3,11,2207.242871
3,12,2194.363257
3,12,2194.363257
3,12,2194.363257
3,14,2180.206853
3,14,2180.206853
3,14,2180.206853
4,6,2545.455158
4,7,2361.114069
4,7,2361.114069
4,8,2302.364202
4,8,2302.364202
4,8,2302.364202
4,8,2302.364202
4,9,2252.453112
4,9,2252.453112
4,9,2252.453112
4,9,2252.453112
4,10,2196.198303
4,12,2194.363257
4,12,2194.363257
4,12,2194.363257
4,12,2194.363257
4,13,2168.122258
5,6,2545.455158
5,6,2545.455158
5,7,2361.114069
5,7,2361.114069
5,7,2361.114069
5,8,2256.639342
5,9,2252.453112
5,9,2252.453112
5,9,2252.453112
5,9,2252.453112
5,9,2252.453112
5,10,2196.198303
5,10,2196.198303
5,11,2181.936681
5,13,2168.122258
5,13,2168.122258
6,6,2545.455158
6,6,2545.455158
6,6,2545.455158
6,7,2352.962110
6,8,2256.639342
6,8,2256.639342
6,9,2252.453112
6,9,2252.453112
6,9,2252.453112
6,9,2252.453112
6,9,2252.453112
6,9,2252.453112
6,10,2196.198303
6,10,2196.198303
6,10,2196.198303
6,11,2181.936681
6,11,2181.936681
6,13,2168.122258
6,13,2168.122258
6,13,2168.122258
7,6,2545.455158
7,6,2545.455158
7,6,2545.455158
7,6,2545.455158
7,7,2352.962110
7,7,2352.962110
7,8,2256.639342
7,8,2256.639342
7,8,2256.639342
7,9,2252.453112
7,9,2252.453112
7,9,2252.453112
7,9,2252.453112
7,9,2252.453112
7,9,2252.453112
7,9,2252.453112
7,10,2196.198303
7,10,2196.198303
7,10,2196.198303
7,10,2196.198303
7,11,2181.936681
7,11,2181.936681
7,11,2181.936681
7,13,2168.122258
7,13,2168.122258
7,13,2168.122258
7,13,2168.122258
8,6,2545.455158
8,6,2545.455158
8,6,2545.455158
8,6,2545.455158
8,6,2545.455158
8,7,2352.962110
8,7,2352.962110
8,7,2352.962110
8,8,2256.639342
8,8,2256.639342
8,8,2256.639342
8,8,2256.639342
8,9,2223.918044
8,10,2196.198303
8,10,2196.198303
8,10,2196.198303
8,10,2196.198303
8,10,2196.198303
8,11,2181.936681
8,11,2181.936681
8,11,2181.936681
8,11,2181.936681
8,13,2168.122258
8,13,2168.122258
8,13,2168.122258
8,13,2168.122258
8,13,2168.122258
9,6,2540.514652
9,7,2239.353582
9,9,2223.918044
9,9,2223.918044
9,10,2196.198303
9,10,2196.198303
9,10,2196.198303
9,10,2196.198303
9,10,2196.198303
9,10,2196.198303
9,11,2181.936681
9,11,2181.936681
9,11,2181.936681
9,11,2181.936681
9,11,2181.936681
9,13,2168.122258
9,13,2168.122258
9,13,2168.122258
9,13,2168.122258
9,13,2168.122258
9,13,2168.122258
10,6,2532.282546
10,7,2239.353582
10,7,2239.353582
10,9,2223.918044
10,9,2223.918044
10,9,2223.918044
10,10,2196.198303
10,10,2196.198303
10,10,2196.198303
10,10,2196.198303
10,10,2196.198303
10,10,2196.198303
10,10,2196.198303
10,11,2181.936681
10,11,2181.936681
10,11,2181.936681
10,11,2181.936681
10,11,2181.936681
10,11,2181.936681
10,13,2168.122258
10,13,2168.122258
10,13,2168.122258
10,13,2168.122258
10,13,2168.122258
10,13,2168.122258
10,13,2168.122258
11,6,2384.528144
11,7,2239.353582
11,7,2239.353582
11,7,2239.353582
11,9,2223.918044
11,9,2223.918044
11,9,2223.918044
11,9,2223.918044
11,10,2196.198303
11,10,2196.198303
11,10,2196.198303
11,10,2196.198303
11,10,2196.198303
11,10,2196.198303
11,10,2196.198303
11,10,2196.198303
11,11,2181.936681
11,11,2181.936681
11,11,2181.936681
11,11,2181.936681
11,11,2181.936681
11,11,2181.936681
11,11,2181.936681
11,13,2162.397499
12,6,2384.528144
12,6,2384.528144
12,7,2239.353582
12,7,2239.353582
12,7,2239.353582
12,7,2239.353582
12,9,2220.407416
12,10,2196.198303
12,10,2196.198303
12,10,2196.198303
12,10,2196.198303
12,10,2196.198303
12,10,2196.198303
12,10,2196.198303
12,10,2196.198303
12,10,2196.198303
12,11,2181.936681
12,11,2181.936681
12,11,2181.936681
12,11,2181.936681
12,11,2181.936681
12,11,2181.936681
12,11,2181.936681
12,11,2181.936681
12,13,2162.397499
12,13,2162.397499
13,6,2384.528144
13,6,2384.528144
13,6,2384.528144
13,7,2239.353582
13,7,2239.353582
13,7,2239.353582
13,7,2239.353582
13,7,2239.353582
13,9,2220.407416
13,9,2220.407416
13,10,2196.198303
13,10,2196.198303
13,10,2196.198303
13,10,2196.198303
13,10,2196.198303
13,10,2196.198303
13,10,2196.198303
13,10,2196.198303
13,10,2196.198303
13,10,2196.198303
13,11,2181.936681
13,11,2181.936681
13,11,2181.936681
13,11,2181.936681
13,11,2181.936681
13,11,2181.936681
13,11,2181.936681
13,11,2181.936681
13,11,2181.936681
13,13,2162.397499
13,13,2162.397499
13,13,2162.397499
14,6,2384.528144
14,6,2384.528144
14,6,2384.528144
14,6,2384.528144
14,7,2239.353582
14,7,2239.353582
14,7,2239.353582
14,7,2239.353582
14,7,2239.353582
14,7,2239.353582
14,9,2220.407416
14,9,2220.407416
14,9,2220.407416
14,10,2196.198303
14,10,2196.198303
14,10,2196.198303
14,10,2196.198303
14,10,2196.198303
14,10,2196.198303
14,10,2196.198303
14,10,2196.198303
14,10,2196.198303
14,10,2196.198303
14,10,2196.198303
14,11,2181.936681
14,11,2181.936681
14,11,2181.936681
14,11,2181.936681
14,11,2181.936681
14,11,2181.936681
14,11,2181.936681
14,11,2181.936681
14,11,2181.936681
14,11,2181.936681
14,13,2149.600668
15,6,2384.528144
15,6,2384.528144
15,6,2384.528144
15,6,2384.528144
15,6,2384.528144
15,7,2239.353582
15,7,2239.353582
15,7,2239.353582
15,7,2239.353582
15,7,2239.353582
15,7,2239.353582
15,7,2239.353582
15,9,2220.407416
15,9,2220.407416
15,9,2220.407416
15,9,2220.407416
15,10,2196.198303
15,10,2196.198303
15,10,2196.198303
15,10,2196.198303
15,10,2196.198303
15,10,2196.198303
15,10,2196.198303
15,10,2196.198303
15,10,2196.198303
15,10,2196.198303
15,10,2196.198303
15,10,2196.198303
15,11,2181.936681
15,11,2181.936681
15,11,2181.936681
15,11,2181.936681
15,11,2181.936681
15,11,2181.936681
15,11,2181.936681
15,11,2181.936681
15,11,2181.936681
15,11,2181.936681
15,11,2181.936681
15,12,2161.958348
15,13,2149.600668
15,13,2149.600668
16,6,2384.528144
16,6,2384.528144
16,6,2384.528144
16,6,2384.528144
16,6,2384.528144
16,6,2384.528144
16,7,2239.353582
16,7,2239.353582
16,7,2239.353582
16,7,2239.353582
16,7,2239.353582
16,7,2239.353582
16,7,2239.353582
16,7,2239.353582
16,9,2220.407416
16,9,2220.407416
16,9,2220.407416
16,9,2220.407416
16,9,2220.407416
16,10,2196.198303
16,10,2196.198303
16,10,2196.198303
16,10,2196.198303
16,10,2196.198303
16,10,2196.198303
16,10,2196.198303
16,10,2196.198303
16,10,2196.198303
16,10,2196.198303
16,10,2196.198303
16,10,2196.198303
16,10,2196.198303
16,11,2181.936681
16,11,2181.936681
16,11,2181.936681
16,11,2181.936681
16,11,2181.936681
16,11,2181.936681
16,11,2181.936681
16,11,2181.936681
16,11,2181.936681
16,11,2181.936681
16,11,2181.936681
16,11,2181.936681
16,12,2161.958348
16,12,2161.958348
16,13,2149.600668
16,13,2149.600668
16,13,2149.600668
17,6,2384.528144
17,6,2384.528144
17,6,2384.528144
17,6,2384.528144
17,6,2384.528144
17,6,2384.528144
17,6,2384.528144
17,7,2239.353582
17,7,2239.353582
17,7,2239.353582
17,7,2239.353582
17,7,2239.353582
17,7,2239.353582
17,7,2239.353582
17,7,2239.353582
17,7,2239.353582
17,9,2220.407416
17,9,2220.407416
17,9,2220.407416
17,9,2220.407416
17,9,2220.407416
17,9,2220.407416
17,10,2196.198303
17,10,2196.198303
17,10,2196.198303
17,10,2196.198303
17,10,2196.198303
17,10,2196.198303
17,10,2196.198303
17,10,2196.198303
17,10,2196.198303
17,10,2196.198303
17,10,2196.198303
17,10,2196.198303
17,10,2196.198303
17,10,2196.198303
17,11,2181.936681
17,11,2181.936681
17,11,2181.936681
17,11,2181.936681
17,11,2181.936681
17,11,2181.936681
17,11,2181.936681
17,11,2181.936681
17,11,2181.936681
17,11,2181.936681
17,11,2181.936681
17,11,2181.936681
17,11,2181.936681
17,12,2161.958348
17,12,2161.958348
17,12,2161.958348
17,13,2149.600668
17,13,2149.600668
17,13,2149.600668
17,13,2149.600668
18,6,2384.528144
18,6,2384.528144
18,6,2384.528144
18,6,2384.528144
18,6,2384.528144
18,6,2384.528144
18,6,2384.528144
18,6,2384.528144
18,7,2239.353582
18,7,2239.353582
18,7,2239.353582
18,7,2239.353582
18,7,2239.353582
18,7,2239.353582
18,7,2239.353582
18,7,2239.353582
18,7,2239.353582
18,7,2239.353582
18,9,2220.407416
18,9,2220.407416
18,9,2220.407416
18,9,2220.407416
18,9,2220.407416
18,9,2220.407416
18,9,2220.407416
18,10,2196.198303
18,10,2196.198303
18,10,2196.198303
18,10,2196.198303
18,10,2196.198303
18,10,2196.198303
18,10,2196.198303
18,10,2196.198303
18,10,2196.198303
18,10,2196.198303
18,10,2196.198303
18,10,2196.198303
18,10,2196.198303
18,10,2196.198303
18,10,2196.198303
18,11,2181.936681
18,11,2181.936681
18,11,2181.936681
18,11,2181.936681
18,11,2181.936681
18,11,2181.936681
18,11,2181.936681
18,11,2181.936681
18,11,2181.936681
18,11,2181.936681
18,11,2181.936681
18,11,2181.936681
18,11,2181.936681
18,11,2181.936681
18,12,2161.958348
18,12,2161.958348
18,12,2161.958348
18,12,2161.958348
18,13,2149.600668
18,13,2149.600668
18,13,2149.600668
18,13,2149.600668
18,13,2149.600668
19,6,2384.528144
19,6,2384.528144
19,6,2384.528144
19,6,2384.528144
19,6,2384.528144
19,6,2384.528144
19,6,2384.528144
19,6,2384.528144
19,6,2384.528144
19,7,2239.353582
19,7,2239.353582
19,7,2239.353582
19,7,2239.353582
19,7,2239.353582
19,7,2239.353582
19,7,2239.353582
19,7,2239.353582
19,7,2239.353582
19,7,2239.353582
19,7,2239.353582
19,9,2147.039331
20,6,2384.528144
20,6,2384.528144
20,6,2384.528144
20,6,2384.528144
20,6,2384.528144
20,6,2384.528144
20,6,2384.528144
20,6,2384.528144
20,6,2384.528144
20,6,2384.528144
20,7,2239.353582
20,7,2239.353582
20,7,2239.353582
20,7,2239.353582
20,7,2239.353582
20,7,2239.353582
20,7,2239.353582
20,7,2239.353582
20,7,2239.353582
20,7,2239.353582
20,7,2239.353582
20,7,2239.353582
20,9,2147.039331
20,9,2147.039331
21,6,2384.528144
21,6,2384.528144
21,6,2384.528144
21,6,2384.528144
21,6,2384.528144
21,6,2384.528144
21,6,2384.528144
21,6,2384.528144
21,6,2384.528144
21,6,2384.528144
21,6,2384.528144
21,7,2239.353582
21,7,2239.353582
21,7,2239.353582
21,7,2239.353582
21,7,2239.353582
21,7,2239.353582
21,7,2239.353582
21,7,2239.353582
21,7,2239.353582
21,7,2239.353582
21,7,2239.353582
21,7,2239.353582
21,7,2239.353582
21,9,2147.039331
21,9,2147.039331
21,9,2147.039331
22,6,2384.528144
22,6,2384.528144
22,6,2384.528144
22,6,2384.528144
22,6,2384.528144
22,6,2384.528144
22,6,2384.528144
22,6,2384.528144
22,6,2384.528144
22,6,2384.528144
22,6,2384.528144
22,6,2384.528144
22,7,2221.059712
22,8,2207.178941
22,9,2147.039331
22,9,2147.039331
22,9,2147.039331
22,9,2147.039331
23,6,2384.528144
23,6,2384.528144
23,6,2384.528144
23,6,2384.528144
23,6,2384.528144
23,6,2384.528144
23,6,2384.528144
23,6,2384.528144
23,6,2384.528144
23,6,2384.528144
23,6,2384.528144
23,6,2384.528144
23,6,2384.528144
23,7,2221.059712
23,7,2221.059712
23,8,2207.178941
23,8,2207.178941
23,9,2147.039331
23,9,2147.039331
23,9,2147.039331
23,9,2147.039331
23,9,2147.039331
23,12,2132.669172
24,6,2384.528144
24,6,2384.528144
24,6,2384.528144
24,6,2384.528144
24,6,2384.528144
24,6,2384.528144
24,6,2384.528144
24,6,2384.528144
24,6,2384.528144
24,6,2384.528144
24,6,2384.528144
24,6,2384.528144
24,6,2384.528144
24,6,2384.528144
24,7,2221.059712
24,7,2221.059712
24,7,2221.059712
24,8,2207.178941
24,8,2207.178941
24,8,2207.178941
24,9,2147.039331
24,9,2147.039331
24,9,2147.039331
24,9,2147.039331
24,9,2147.039331
24,9,2147.039331
24,12,2132.669172
24,12,2132.669172
25,6,2384.528144
25,6,2384.528144
25,6,2384.528144
25,6,2384.528144
25,6,2384.528144
25,6,2384.528144
25,6,2384.528144
25,6,2384.528144
25,6,2384.528144
25,6,2384.528144
25,6,2384.528144
25,6,2384.528144
25,6,2384.528144
25,6,2384.528144
25,6,2384.528144
25,7,2221.059712
25,7,2221.059712
25,7,2221.059712
25,7,2221.059712
25,8,2207.178941
25,8,2207.178941
25,8,2207.178941
25,8,2207.178941
25,9,2147.039331
25,9,2147.039331
25,9,2147.039331
25,9,2147.039331
25,9,2147.039331
25,9,2147.039331
25,9,2147.039331
25,12,2132.669172
25,12,2132.669172
25,12,2132.669172
26,6,2384.528144
26,6,2384.528144
26,6,2384.528144
26,6,2384.528144
26,6,2384.528144
26,6,2384.528144
26,6,2384.528144
26,6,2384.528144
26,6,2384.528144
26,6,2384.528144
26,6,2384.528144
26,6,2384.528144
26,6,2384.528144
26,6,2384.528144
26,6,2384.528144
26,6,2384.528144
26,7,2221.059712
26,7,2221.059712
26,7,2221.059712
26,7,2221.059712
26,7,2221.059712
26,8,2207.178941
26,8,2207.178941
26,8,2207.178941
26,8,2207.178941
26,8,2207.178941
26,9,2147.039331
26,9,2147.039331
26,9,2147.039331
26,9,2147.039331
26,9,2147.039331
26,9,2147.039331
26,9,2147.039331
26,9,2147.039331
26,11,2115.438224
27,6,2384.528144
27,6,2384.528144
27,6,2384.528144
27,6,2384.528144
27,6,2384.528144
27,6,2384.528144
27,6,2384.528144
27,6,2384.528144
27,6,2384.528144
27,6,2384.528144
27,6,2384.528144
27,6,2384.528144
27,6,2384.528144
27,6,2384.528144
27,6,2384.528144
27,6,2384.528144
27,6,2384.528144
27,7,2221.059712
27,7,2221.059712
27,7,2221.059712
27,7,2221.059712
27,7,2221.059712
27,7,2221.059712
27,8,2207.178941
27,8,2207.178941
27,8,2207.178941
27,8,2207.178941
27,8,2207.178941
27,8,2207.178941
27,9,2147.039331
27,9,2147.039331
27,9,2147.039331
27,9,2147.039331
27,9,2147.039331
27,9,2147.039331
27,9,2147.039331
27,9,2147.039331
27,9,2147.039331
27,11,2115.438224
27,11,2115.438224
27,12,2098.313912
28,6,2384.528144
28,6,2384.528144
28,6,2384.528144
28,6,2384.528144
28,6,2384.528144
28,6,2384.528144
28,6,2384.528144
28,6,2384.528144
28,6,2384.528144
28,6,2384.528144
28,6,2384.528144
28,6,2384.528144
28,6,2384.528144
28,6,2384.528144
28,6,2384.528144
28,6,2384.528144
28,6,2384.528144
28,6,2384.528144
28,7,2221.059712
28,7,2221.059712
28,7,2221.059712
28,7,2221.059712
28,7,2221.059712
28,7,2221.059712
28,7,2221.059712
28,8,2207.178941
28,8,2207.178941
28,8,2207.178941
28,8,2207.178941
28,8,2207.178941
28,8,2207.178941
28,8,2207.178941
28,9,2147.039331
28,9,2147.039331
28,9,2147.039331
28,9,2147.039331
28,9,2147.039331
28,9,2147.039331
28,9,2147.039331
28,9,2147.039331
28,9,2147.039331
28,9,2147.039331
28,11,2115.438224
28,11,2115.438224
28,11,2115.438224
28,12,2098.313912
28,12,2098.313912
29,6,2384.528144
29,6,2384.528144
29,6,2384.528144
29,6,2384.528144
29,6,2384.528144
29,6,2384.528144
29,6,2384.528144
29,6,2384.528144
29,6,2384.528144
29,6,2384.528144
29,6,2384.528144
29,6,2384.528144
29,6,2384.528144
29,6,2384.528144
29,6,2384.528144
29,6,2384.528144
29,6,2384.528144
29,6,2384.528144
29,6,2384.528144
29,7,2208.657950
29,8,2207.178941
29,8,2207.178941
29,8,2207.178941
29,8,2207.178941
29,8,2207.178941
29,8,2207.178941
29,8,2207.178941
29,8,2207.178941
29,9,2141.902166
29,11,2115.438224
29,11,2115.438224
29,11,2115.438224
29,11,2115.438224
29,12,2098.313912
29,12,2098.313912
29,12,2098.313912
30,6,2384.528144
30,6,2384.528144
30,6,2384.528144
30,6,2384.528144
30,6,2384.528144
30,6,2384.528144
30,6,2384.528144
30,6,2384.528144
30,6,2384.528144
30,6,2384.528144
30,6,2384.528144
30,6,2384.528144
30,6,2384.528144
30,6,2384.528144
30,6,2384.528144
30,6,2384.528144
30,6,2384.528144
30,6,2384.528144
30,6,2384.528144
30,6,2384.528144
30,7,2208.657950
30,7,2208.657950
30,8,2207.178941
30,8,2207.178941
30,8,2207.178941
30,8,2207.178941
30,8,2207.178941
30,8,2207.178941
30,8,2207.178941
30,8,2207.178941
30,8,2207.178941
30,9,2141.902166
30,9,2141.902166
30,11,2115.438224
30,11,2115.438224
30,11,2115.438224
30,11,2115.438224
30,11,2115.438224
30,12,2098.313912
30,12,2098.313912
30,12,2098.313912
30,12,2098.313912
31,6,2384.528144
31,6,2384.528144
31,6,2384.528144
31,6,2384.528144
31,6,2384.528144
31,6,2384.528144
31,6,2384.528144
31,6,2384.528144
31,6,2384.528144
31,6,2384.528144
31,6,2384.528144
31,6,2384.528144
31,6,2384.528144
31,6,2384.528144
31,6,2384.528144
31,6,2384.528144
31,6,2384.528144
31,6,2384.528144
31,6,2384.528144
31,6,2384.528144
31,6,2384.528144
31,7,2208.657950
31,7,2208.657950
31,7,2208.657950
31,8,2207.178941
31,8,2207.178941
31,8,2207.178941
31,8,2207.178941
31,8,2207.178941
31,8,2207.178941
31,8,2207.178941
31,8,2207.178941
31,8,2207.178941
31,8,2207.178941
31,9,2139.986909
31,11,2115.438224
31,11,2115.438224
31,11,2115.438224
31,11,2115.438224
31,11,2115.438224
31,11,2115.438224
31,12,2098.313912
31,12,2098.313912
31,12,2098.313912
31,12,2098.313912
31,12,2098.313912
32,6,2375.234958
32,7,2208.657950
32,7,2208.657950
32,7,2208.657950
32,7,2208.657950
32,8,2207.178941
32,8,2207.178941
32,8,2207.178941
32,8,2207.178941
32,8,2207.178941
32,8,2207.178941
32,8,2207.178941
32,8,2207.178941
32,8,2207.178941
32,8,2207.178941
32,8,2207.178941
32,9,2139.986909
32,9,2139.986909
32,11,2115.438224
32,11,2115.438224
32,11,2115.438224
32,11,2115.438224
32,11,2115.438224
32,11,2115.438224
32,11,2115.438224
32,12,2098.313912
32,12,2098.313912
32,12,2098.313912
32,12,2098.313912
32,12,2098.313912
32,12,2098.313912
33,6,2375.234958
33,6,2375.234958
33,7,2198.579516
33,9,2139.986909
33,9,2139.986909
33,9,2139.986909
33,11,2115.438224
33,11,2115.438224
33,11,2115.438224
33,11,2115.438224
33,11,2115.438224
33,11,2115.438224
33,11,2115.438224
33,11,2115.438224
33,12,2098.313912
33,12,2098.313912
33,12,2098.313912
33,12,2098.313912
33,12,2098.313912
33,12,2098.313912
33,12,2098.313912
34,6,2375.234958
34,6,2375.234958
34,6,2375.234958
34,7,2198.579516
34,7,2198.579516
34,8,2165.560598
34,9,2139.986909
34,9,2139.986909
34,9,2139.986909
34,9,2139.986909
34,11,2115.438224
34,11,2115.438224
34,11,2115.438224
34,11,2115.438224
34,11,2115.438224
34,11,2115.438224
34,11,2115.438224
34,11,2115.438224
34,11,2115.438224
34,12,2098.313912
34,12,2098.313912
34,12,2098.313912
34,12,2098.313912
34,12,2098.313912
34,12,2098.313912
34,12,2098.313912
34,12,2098.313912
35,6,2375.234958
35,6,2375.234958
35,6,2375.234958
35,6,2375.234958
35,7,2198.579516
35,7,2198.579516
35,7,2198.579516
35,8,2165.560598
35,8,2165.560598
35,9,2139.986909
35,9,2139.986909
35,9,2139.986909
35,9,2139.986909
35,9,2139.986909
35,11,2115.438224
35,11,2115.438224
35,11,2115.438224
35,11,2115.438224
35,11,2115.438224
35,11,2115.438224
35,11,2115.438224
35,11,2115.438224
35,11,2115.438224
35,11,2115.438224
35,12,2098.313912
35,12,2098.313912
35,12,2098.313912
35,12,2098.313912
35,12,2098.313912
35,12,2098.313912
35,12,2098.313912
35,12,2098.313912
35,12,2098.313912
36,6,2375.234958
36,6,2375.234958
36,6,2375.234958
36,6,2375.234958
36,6,2375.234958
36,7,2198.579516
36,7,2198.579516
36,7,2198.579516
36,7,2198.579516
36,8,2165.560598
36,8,2165.560598
36,8,2165.560598
36,9,2127.401041
36,11,2115.438224
36,11,2115.438224
36,11,2115.438224
36,11,2115.438224
36,11,2115.438224
36,11,2115.438224
36,11,2115.438224
36,11,2115.438224
36,11,2115.438224
36,11,2115.438224
36,11,2115.438224
36,12,2098.313912
36,12,2098.313912
36,12,2098.313912
36,12,2098.313912
36,12,2098.313912
36,12,2098.313912
36,12,2098.313912
36,12,2098.313912
36,12,2098.313912
36,12,2098.313912
37,6,2375.234958
37,6,2375.234958
37,6,2375.234958
37,6,2375.234958
37,6,2375.234958
37,6,2375.234958
37,7,2198.579516
37,7,2198.579516
37,7,2198.579516
37,7,2198.579516
37,7,2198.579516
37,8,2147.023332
37,9,2127.401041
37,9,2127.401041
37,10,2112.568693
37,12,2098.313912
37,12,2098.313912
37,12,2098.313912
37,12,2098.313912
37,12,2098.313912
37,12,2098.313912
37,12,2098.313912
37,12,2098.313912
37,12,2098.313912
37,12,2098.313912
37,12,2098.313912
38,6,2375.234958
38,6,2375.234958
38,6,2375.234958
38,6,2375.234958
38,6,2375.234958
38,6,2375.234958
38,6,2375.234958
38,7,2198.579516
38,7,2198.579516
38,7,2198.579516
38,7,2198.579516
38,7,2198.579516
38,7,2198.579516
38,8,2147.023332
38,8,2147.023332
38,9,2127.401041
38,9,2127.401041
38,9,2127.401041
38,10,2112.568693
38,10,2112.568693
38,12,2098.313912
38,12,2098.313912
38,12,2098.313912
38,12,2098.313912
38,12,2098.313912
38,12,2098.313912
38,12,2098.313912
38,12,2098.313912
38,12,2098.313912
38,12,2098.313912
38,12,2098.313912
38,12,2098.313912
39,6,2375.234958
39,6,2375.234958
39,6,2375.234958
39,6,2375.234958
39,6,2375.234958
39,6,2375.234958
39,6,2375.234958
39,6,2375.234958
39,7,2184.444964
39,8,2147.023332
39,8,2147.023332
39,8,2147.023332
39,9,2127.401041
39,9,2127.401041
39,9,2127.401041
39,9,2127.401041
39,10,2112.568693
39,10,2112.568693
39,10,2112.568693
39,12,2098.313912
39,12,2098.313912
39,12,2098.313912
39,12,2098.313912
39,12,2098.313912
39,12,2098.313912
39,12,2098.313912
39,12,2098.313912
39,12,2098.313912
39,12,2098.313912
39,12,2098.313912
39,12,2098.313912
39,12,2098.313912
40,6,2375.234958
40,6,2375.234958
40,6,2375.234958
40,6,2375.234958
40,6,2375.234958
40,6,2375.234958
40,6,2375.234958
40,6,2375.234958
40,6,2375.234958
40,7,2184.444964
40,7,2184.444964
40,8,2147.023332
40,8,2147.023332
40,8,2147.023332
40,8,2147.023332
40,9,2127.401041
40,9,2127.401041
40,9,2127.401041
40,9,2127.401041
40,9,2127.401041
40,10,2112.568693
40,10,2112.568693
40,10,2112.568693
40,10,2112.568693
40,12,2098.313912
40,12,2098.313912
40,12,2098.313912
40,12,2098.313912
40,12,2098.313912
40,12,2098.313912
40,12,2098.313912
40,12,2098.313912
40,12,2098.313912
40,12,2098.313912
40,12,2098.313912
40,12,2098.313912
40,12,2098.313912
40,12,2098.313912
41,6,2375.234958
41,6,2375.234958
41,6,2375.234958
41,6,2375.234958
41,6,2375.234958
41,6,2375.234958
41,6,2375.234958
41,6,2375.234958
41,6,2375.234958
41,6,2375.234958
41,7,2165.529409
41,8,2147.023332
41,8,2147.023332
41,8,2147.023332
41,8,2147.023332
41,8,2147.023332
41,9,2127.401041
41,9,2127.401041
41,9,2127.401041
41,9,2127.401041
41,9,2127.401041
41,9,2127.401041
41,10,2112.568693
41,10,2112.568693
41,10,2112.568693
41,10,2112.568693
41,10,2112.568693
41,12,2098.313912
41,12,2098.313912
41,12,2098.313912
41,12,2098.313912
41,12,2098.313912
41,12,2098.313912
41,12,2098.313912
41,12,2098.313912
41,12,2098.313912
41,12,2098.313912
41,12,2098.313912
41,12,2098.313912
41,12,2098.313912
41,12,2098.313912
41,12,2098.313912
42,6,2375.234958
42,6,2375.234958
42,6,2375.234958
42,6,2375.234958
42,6,2375.234958
42,6,2375.234958
42,6,2375.234958
42,6,2375.234958
42,6,2375.234958
42,6,2375.234958
42,6,2375.234958
42,7,2165.529409
42,7,2165.529409
42,8,2147.023332
42,8,2147.023332
42,8,2147.023332
42,8,2147.023332
42,8,2147.023332
42,8,2147.023332
42,9,2127.401041
42,9,2127.401041
42,9,2127.401041
42,9,2127.401041
42,9,2127.401041
42,9,2127.401041
42,9,2127.401041
42,10,2112.568693
42,10,2112.568693
42,10,2112.568693
42,10,2112.568693
42,10,2112.568693
42,10,2112.568693
42,12,2098.313912
42,12,2098.313912
42,12,2098.313912
42,12,2098.313912
42,12,2098.313912
42,12,2098.313912
42,12,2098.313912
42,12,2098.313912
42,12,2098.313912
42,12,2098.313912
42,12,2098.313912
42,12,2098.313912
42,12,2098.313912
42,12,2098.313912
42,12,2098.313912
42,12,2098.313912
43,6,2375.234958
43,6,2375.234958
43,6,2375.234958
43,6,2375.234958
43,6,2375.234958
43,6,2375.234958
43,6,2375.234958
43,6,2375.234958
43,6,2375.234958
43,6,2375.234958
43,6,2375.234958
43,6,2375.234958
43,7,2165.529409
43,7,2165.529409
43,7,2165.529409
43,8,2147.023332
43,8,2147.023332
43,8,2147.023332
43,8,2147.023332
43,8,2147.023332
43,8,2147.023332
43,8,2147.023332
43,9,2127.401041
43,9,2127.401041
43,9,2127.401041
43,9,2127.401041
43,9,2127.401041
43,9,2127.401041
43,9,2127.401041
43,9,2127.401041
43,10,2112.568693
43,10,2112.568693
43,10,2112.568693
43,10,2112.568693
43,10,2112.568693
43,10,2112.568693
43,10,2112.568693
43,12,2098.313912
43,12,2098.313912
43,12,2098.313912
43,12,2098.313912
43,12,2098.313912
43,12,2098.313912
43,12,2098.313912
43,12,2098.313912
43,12,2098.313912
43,12,2098.313912
43,12,2098.313912
43,12,2098.313912
43,12,2098.313912
43,12,2098.313912
43,12,2098.313912
43,12,2098.313912
43,12,2098.313912
44,6,2375.234958
44,6,2375.234958
44,6,2375.234958
44,6,2375.234958
44,6,2375.234958
44,6,2375.234958
44,6,2375.234958
44,6,2375.234958
44,6,2375.234958
44,6,2375.234958
44,6,2375.234958
44,6,2375.234958
44,6,2375.234958
44,7,2165.529409
44,7,2165.529409
44,7,2165.529409
44,7,2165.529409
44,8,2141.095487
44,9,2127.401041
44,9,2127.401041
44,9,2127.401041
44,9,2127.401041
44,9,2127.401041
44,9,2127.401041
44,9,2127.401041
44,9,2127.401041
44,9,2127.401041
44,10,2112.568693
44,10,2112.568693
44,10,2112.568693
44,10,2112.568693
44,10,2112.568693
44,10,2112.568693
44,10,2112.568693
44,10,2112.568693
44,12,2098.313912
44,12,2098.313912
44,12,2098.313912
44,12,2098.313912
44,12,2098.313912
44,12,2098.313912
44,12,2098.313912
44,12,2098.313912
44,12,2098.313912
44,12,2098.313912
44,12,2098.313912
44,12,2098.313912
44,12,2098.313912
44,12,2098.313912
44,12,2098.313912
44,12,2098.313912
44,12,2098.313912
44,12,2098.313912
45,6,2372.833927
45,7,2165.529409
45,7,2165.529409
45,7,2165.529409
45,7,2165.529409
45,7,2165.529409
45,8,2141.095487
45,8,2141.095487
45,9,2127.401041
45,9,2127.401041
45,9,2127.401041
45,9,2127.401041
45,9,2127.401041
45,9,2127.401041
45,9,2127.401041
45,9,2127.401041
45,9,2127.401041
45,9,2127.401041
45,10,2112.568693
45,10,2112.568693
45,10,2112.568693
45,10,2112.568693
45,10,2112.568693
45,10,2112.568693
45,10,2112.568693
45,10,2112.568693
45,10,2112.568693
45,12,2098.313912
45,12,2098.313912
45,12,2098.313912
45,12,2098.313912
45,12,2098.313912
45,12,2098.313912
45,12,2098.313912
45,12,2098.313912
45,12,2098.313912
45,12,2098.313912
45,12,2098.313912
45,12,2098.313912
45,12,2098.313912
45,12,2098.313912
45,12,2098.313912
45,12,2098.313912
45,12,2098.313912
45,12,2098.313912
45,12,2098.313912
46,6,2372.833927
46,6,2372.833927
46,7,2165.529409
46,7,2165.529409
46,7,2165.529409
46,7,2165.529409
46,7,2165.529409
46,7,2165.529409
46,8,2141.095487
46,8,2141.095487
46,8,2141.095487
46,9,2127.401041
46,9,2127.401041
46,9,2127.401041
46,9,2127.401041
46,9,2127.401041
46,9,2127.401041
46,9,2127.401041
46,9,2127.401041
46,9,2127.401041
46,9,2127.401041
46,9,2127.401041
46,10,2080.408764
47,6,2372.833927
47,6,2372.833927
47,6,2372.833927
47,7,2165.529409
47,7,2165.529409
47,7,2165.529409
47,7,2165.529409
47,7,2165.529409
47,7,2165.529409
47,7,2165.529409
47,8,2141.095487
47,8,2141.095487
47,8,2141.095487
47,8,2141.095487
47,9,2127.401041
47,9,2127.401041
47,9,2127.401041
47,9,2127.401041
47,9,2127.401041
47,9,2127.401041
47,9,2127.401041
47,9,2127.401041
47,9,2127.401041
47,9,2127.401041
47,9,2127.401041
47,9,2127.401041
47,10,2080.408764
47,10,2080.408764
48,6,2372.833927
48,6,2372.833927
48,6,2372.833927
48,6,2372.833927
48,7,2152.743784
48,8,2141.095487
48,8,2141.095487
48,8,2141.095487
48,8,2141.095487
48,8,2141.095487
48,9,2127.401041
48,9,2127.401041
48,9,2127.401041
48,9,2127.401041
48,9,2127.401041
48,9,2127.401041
48,9,2127.401041
48,9,2127.401041
48,9,2127.401041
48,9,2127.401041
48,9,2127.401041
48,9,2127.401041
48,9,2127.401041
48,10,2080.408764
48,10,2080.408764
48,10,2080.408764
49,6,2372.833927
49,6,2372.833927
49,6,2372.833927
49,6,2372.833927
49,6,2372.833927
49,7,2152.743784
49,7,2152.743784
49,8,2141.095487
49,8,2141.095487
49,8,2141.095487
49,8,2141.095487
49,8,2141.095487
49,8,2141.095487
49,9,2121.060324
49,10,2080.408764
49,10,2080.408764
49,10,2080.408764
49,10,2080.408764
50,6,2204.840204
50,7,2152.743784
50,7,2152.743784
50,7,2152.743784
50,8,2141.095487
50,8,2141.095487
50,8,2141.095487
50,8,2141.095487
50,8,2141.095487
50,8,2141.095487
50,8,2141.095487
50,9,2121.060324
50,9,2121.060324
50,10,2080.408764
50,10,2080.408764
50,10,2080.408764
50,10,2080.408764
50,10,2080.408764
51,6,2204.840204
51,6,2204.840204
51,7,2152.743784
51,7,2152.743784
51,7,2152.743784
51,7,2152.743784
51,8,2141.095487
51,8,2141.095487
51,8,2141.095487
51,8,2141.095487
51,8,2141.095487
51,8,2141.095487
51,8,2141.095487
51,8,2141.095487
51,9,2121.060324
51,9,2121.060324
51,9,2121.060324
51,10,2080.408764
51,10,2080.408764
51,10,2080.408764
51,10,2080.408764
51,10,2080.408764
51,10,2080.408764
52,6,2204.840204
52,6,2204.840204
52,6,2204.840204
52,7,2152.743784
52,7,2152.743784
52,7,2152.743784
52,7,2152.743784
52,7,2152.743784
52,8,2141.095487
52,8,2141.095487
52,8,2141.095487
52,8,2141.095487
52,8,2141.095487
52,8,2141.095487
52,8,2141.095487
52,8,2141.095487
52,8,2141.095487
52,9,2121.060324
52,9,2121.060324
52,9,2121.060324
52,9,2121.060324
52,10,2080.408764
52,10,2080.408764
52,10,2080.408764
52,10,2080.408764
52,10,2080.408764
52,10,2080.408764
52,10,2080.408764
53,6,2204.840204
53,6,2204.840204
53,6,2204.840204
53,6,2204.840204
53,7,2152.743784
53,7,2152.743784
53,7,2152.743784
53,7,2152.743784
53,7,2152.743784
53,7,2152.743784
53,8,2141.095487
53,8,2141.095487
53,8,2141.095487
53,8,2141.095487
53,8,2141.095487
53,8,2141.095487
53,8,2141.095487
53,8,2141.095487
53,8,2141.095487
53,8,2141.095487
53,9,2121.060324
53,9,2121.060324
53,9,2121.060324
53,9,2121.060324
53,9,2121.060324
53,10,2080.408764
53,10,2080.408764
53,10,2080.408764
53,10,2080.408764
53,10,2080.408764
53,10,2080.408764
53,10,2080.408764
53,10,2080.408764
54,6,2204.840204
54,6,2204.840204
54,6,2204.840204
54,6,2204.840204
54,6,2204.840204
54,7,2152.743784
54,7,2152.743784
54,7,2152.743784
54,7,2152.743784
54,7,2152.743784
54,7,2152.743784
54,7,2152.743784
54,8,2141.095487
54,8,2141.095487
54,8,2141.095487
54,8,2141.095487
54,8,2141.095487
54,8,2141.095487
54,8,2141.095487
54,8,2141.095487
54,8,2141.095487
54,8,2141.095487
54,8,2141.095487
54,9,2114.572941
54,10,2080.408764
54,10,2080.408764
54,10,2080.408764
54,10,2080.408764
54,10,2080.408764
54,10,2080.408764
54,10,2080.408764
54,10,2080.408764
54,10,2080.408764
55,6,2204.840204
55,6,2204.840204
55,6,2204.840204
55,6,2204.840204
55,6,2204.840204
55,6,2204.840204
55,7,2152.743784
55,7,2152.743784
55,7,2152.743784
55,7,2152.743784
55,7,2152.743784
55,7,2152.743784
55,7,2152.743784
55,7,2152.743784
55,8,2137.722342
55,9,2114.572941
55,9,2114.572941
55,10,2080.408764
55,10,2080.408764
55,10,2080.408764
55,10,2080.408764
55,10,2080.408764
55,10,2080.408764
55,10,2080.408764
55,10,2080.408764
55,10,2080.408764
55,10,2080.408764
56,6,2204.840204
56,6,2204.840204
56,6,2204.840204
56,6,2204.840204
56,6,2204.840204
56,6,2204.840204
56,6,2204.840204
56,7,2152.743784
56,7,2152.743784
56,7,2152.743784
56,7,2152.743784
56,7,2152.743784
56,7,2152.743784
56,7,2152.743784
56,7,2152.743784
56,7,2152.743784
56,8,2132.205549
56,9,2114.572941
56,9,2114.572941
56,9,2114.572941
56,10,2080.408764
56,10,2080.408764
56,10,2080.408764
56,10,2080.408764
56,10,2080.408764
56,10,2080.408764
56,10,2080.408764
56,10,2080.408764
56,10,2080.408764
56,10,2080.408764
56,10,2080.408764
57,5,2449.313245
57,6,2204.840204
57,6,2204.840204
57,6,2204.840204
57,6,2204.840204
57,6,2204.840204
57,6,2204.840204
57,6,2204.840204
57,6,2204.840204
57,7,2152.743784
57,7,2152.743784
57,7,2152.743784
57,7,2152.743784
57,7,2152.743784
57,7,2152.743784
57,7,2152.743784
57,7,2152.743784
57,7,2152.743784
57,7,2152.743784
57,8,2132.205549
57,8,2132.205549
57,9,2106.340455
57,10,2080.408764
57,10,2080.408764
57,10,2080.408764
57,10,2080.408764
57,10,2080.408764
57,10,2080.408764
57,10,2080.408764
57,10,2080.408764
57,10,2080.408764
57,10,2080.408764
57,10,2080.408764
57,10,2080.408764
58,5,2449.313245
58,5,2449.313245
58,6,2179.377705
58,7,2152.743784
58,7,2152.743784
58,7,2152.743784
58,7,2152.743784
58,7,2152.743784
58,7,2152.743784
58,7,2152.743784
58,7,2152.743784
58,7,2152.743784
58,7,2152.743784
58,7,2152.743784
58,8,2132.205549
58,8,2132.205549
58,8,2132.205549
58,9,2106.340455
58,9,2106.340455
58,10,2080.408764
58,10,2080.408764
58,10,2080.408764
58,10,2080.408764
58,10,2080.408764
58,10,2080.408764
58,10,2080.408764
58,10,2080.408764
58,10,2080.408764
58,10,2080.408764
58,10,2080.408764
58,10,2080.408764
58,10,2080.408764
59,5,2407.677406
59,6,2179.377705
59,6,2179.377705
59,7,2152.743784
59,7,2152.743784
59,7,2152.743784
59,7,2152.743784
59,7,2152.743784
59,7,2152.743784
59,7,2152.743784
59,7,2152.743784
59,7,2152.743784
59,7,2152.743784
59,7,2152.743784
59,7,2152.743784
59,8,2132.205549
59,8,2132.205549
59,8,2132.205549
59,8,2132.205549
59,9,2105.810166
59,10,2080.408764
59,10,2080.408764
59,10,2080.408764
59,10,2080.408764
59,10,2080.408764
59,10,2080.408764
59,10,2080.408764
59,10,2080.408764
59,10,2080.408764
59,10,2080.408764
59,10,2080.408764
59,10,2080.408764
59,10,2080.408764
59,10,2080.408764
60,5,2373.502487
60,6,2124.124366
60,8,2120.154607
60,9,2100.779785
60,10,2080.408764
60,10,2080.408764
60,10,2080.408764
60,10,2080.408764
60,10,2080.408764
60,10,2080.408764
60,10,2080.408764
60,10,2080.408764
60,10,2080.408764
60,10,2080.408764
60,10,2080.408764
60,10,2080.408764
60,10,2080.408764
60,10,2080.408764
60,10,2080.408764
61,5,2373.502487
61,5,2373.502487
61,6,2124.124366
61,6,2124.124366
61,8,2120.154607
61,8,2120.154607
61,9,2099.278545
61,10,2079.827129
62,5,2373.502487
62,5,2373.502487
62,5,2373.502487
62,6,2124.124366
62,6,2124.124366
62,6,2124.124366
62,8,2120.154607
62,8,2120.154607
62,8,2120.154607
62,9,2099.278545
62,9,2099.278545
62,10,2079.827129
62,10,2079.827129
63,5,2373.502487
63,5,2373.502487
63,5,2373.502487
63,5,2373.502487
63,6,2124.124366
63,6,2124.124366
63,6,2124.124366
63,6,2124.124366
63,8,2120.154607
63,8,2120.154607
63,8,2120.154607
63,8,2120.154607
63,9,2099.278545
63,9,2099.278545
63,9,2099.278545
63,10,2079.827129
63,10,2079.827129
63,10,2079.827129
64,5,2373.502487
64,5,2373.502487
64,5,2373.502487
64,5,2373.502487
64,5,2373.502487
64,6,2124.124366
64,6,2124.124366
64,6,2124.124366
64,6,2124.124366
64,6,2124.124366
64,8,2120.154607
64,8,2120.154607
64,8,2120.154607
64,8,2120.154607
64,8,2120.154607
64,9,2099.278545
64,9,2099.278545
64,9,2099.278545
64,9,2099.278545
64,10,2079.413504
65,5,2350.332835
65,6,2124.124366
65,6,2124.124366
65,6,2124.124366
65,6,2124.124366
65,6,2124.124366
65,6,2124.124366
65,7,2101.031021
65,9,2099.278545
65,9,2099.278545
65,9,2099.278545
65,9,2099.278545
65,9,2099.278545
65,10,2079.413504
65,10,2079.413504
66,5,2257.918362
66,6,2124.124366
66,6,2124.124366
66,6,2124.124366
66,6,2124.124366
66,6,2124.124366
66,6,2124.124366
66,6,2124.124366
66,7,2101.031021
66,7,2101.031021
66,9,2099.278545
66,9,2099.278545
66,9,2099.278545
66,9,2099.278545
66,9,2099.278545
66,9,2099.278545
66,10,2079.413504
66,10,2079.413504
66,10,2079.413504
67,5,2257.918362
67,5,2257.918362
67,6,2124.124366
67,6,2124.124366
67,6,2124.124366
67,6,2124.124366
67,6,2124.124366
67,6,2124.124366
67,6,2124.124366
67,6,2124.124366
67,7,2101.031021
67,7,2101.031021
67,7,2101.031021
67,9,2099.278545
67,9,2099.278545
67,9,2099.278545
67,9,2099.278545
67,9,2099.278545
67,9,2099.278545
67,9,2099.278545
67,10,2079.413504
67,10,2079.413504
67,10,2079.413504
67,10,2079.413504
68,5,2257.918362
68,5,2257.918362
68,5,2257.918362
68,6,2124.124366
68,6,2124.124366
68,6,2124.124366
68,6,2124.124366
68,6,2124.124366
68,6,2124.124366
68,6,2124.124366
68,6,2124.124366
68,6,2124.124366
68,7,2101.031021
68,7,2101.031021
68,7,2101.031021
68,7,2101.031021
68,9,2099.278545
68,9,2099.278545
68,9,2099.278545
68,9,2099.278545
68,9,2099.278545
68,9,2099.278545
68,9,2099.278545
68,9,2099.278545
68,10,2079.413504
68,10,2079.413504
68,10,2079.413504
68,10,2079.413504
68,10,2079.413504
69,5,2257.918362
69,5,2257.918362
69,5,2257.918362
69,5,2257.918362
69,6,2095.624571
69,8,2092.910859
69,10,2079.413504
69,10,2079.413504
69,10,2079.413504
69,10,2079.413504
69,10,2079.413504
69,10,2079.413504
70,5,2257.918362
70,5,2257.918362
70,5,2257.918362
70,5,2257.918362
70,5,2257.918362
70,6,2095.624571
70,6,2095.624571
70,8,2092.910859
70,8,2092.910859
70,9,2091.687777
70,10,2079.413504
70,10,2079.413504
70,10,2079.413504
70,10,2079.413504
70,10,2079.413504
70,10,2079.413504
70,10,2079.413504
70,11,2074.509805
71,5,2257.918362
71,5,2257.918362
71,5,2257.918362
71,5,2257.918362
71,5,2257.918362
71,5,2257.918362
71,6,2095.624571
71,6,2095.624571
71,6,2095.624571
71,8,2092.910859
71,8,2092.910859
71,8,2092.910859
71,9,2091.687777
71,9,2091.687777
71,10,2079.413504
71,10,2079.413504
71,10,2079.413504
71,10,2079.413504
71,10,2079.413504
71,10,2079.413504
71,10,2079.413504
71,10,2079.413504
71,11,2074.509805
71,11,2074.509805
72,5,2223.123416
72,6,2095.624571
72,6,2095.624571
72,6,2095.624571
72,6,2095.624571
72,8,2092.910859
72,8,2092.910859
72,8,2092.910859
72,8,2092.910859
72,9,2091.687777
72,9,2091.687777
72,9,2091.687777
72,10,2079.413504
72,10,2079.413504
72,10,2079.413504
72,10,2079.413504
72,10,2079.413504
72,10,2079.413504
72,10,2079.413504
72,10,2079.413504
72,10,2079.413504
72,11,2074.509805
72,11,2074.509805
72,11,2074.509805
73,5,2223.123416
73,5,2223.123416
73,6,2095.624571
73,6,2095.624571
73,6,2095.624571
73,6,2095.624571
73,6,2095.624571
73,8,2092.910859
73,8,2092.910859
73,8,2092.910859
73,8,2092.910859
73,8,2092.910859
73,9,2091.687777
73,9,2091.687777
73,9,2091.687777
73,9,2091.687777
73,10,2079.413504
73,10,2079.413504
73,10,2079.413504
73,10,2079.413504
73,10,2079.413504
73,10,2079.413504
73,10,2079.413504
73,10,2079.413504
73,10,2079.413504
73,10,2079.413504
73,11,2074.509805
73,11,2074.509805
73,11,2074.509805
73,11,2074.509805
74,5,2223.123416
74,5,2223.123416
74,5,2223.123416
74,6,2095.624571
74,6,2095.624571
74,6,2095.624571
74,6,2095.624571
74,6,2095.624571
74,6,2095.624571
74,8,2092.910859
74,8,2092.910859
74,8,2092.910859
74,8,2092.910859
74,8,2092.910859
74,8,2092.910859
74,9,2091.687777
74,9,2091.687777
74,9,2091.687777
74,9,2091.687777
74,9,2091.687777
74,10,2079.413504
74,10,2079.413504
74,10,2079.413504
74,10,2079.413504
74,10,2079.413504
74,10,2079.413504
74,10,2079.413504
74,10,2079.413504
74,10,2079.413504
74,10,2079.413504
74,10,2079.413504
74,11,2074.509805
74,11,2074.509805
74,11,2074.509805
74,11,2074.509805
74,11,2074.509805
75,5,2223.123416
75,5,2223.123416
75,5,2223.123416
75,5,2223.123416
75,6,2095.624571
75,6,2095.624571
75,6,2095.624571
75,6,2095.624571
75,6,2095.624571
75,6,2095.624571
75,6,2095.624571
75,8,2092.910859
75,8,2092.910859
75,8,2092.910859
75,8,2092.910859
75,8,2092.910859
75,8,2092.910859
75,8,2092.910859
75,9,2083.209339
75,10,2079.413504
75,10,2079.413504
75,10,2079.413504
75,10,2079.413504
75,10,2079.413504
75,10,2079.413504
75,10,2079.413504
75,10,2079.413504
75,10,2079.413504
75,10,2079.413504
75,10,2079.413504
75,10,2079.413504
75,11,2074.509805
75,11,2074.509805
75,11,2074.509805
75,11,2074.509805
75,11,2074.509805
75,11,2074.509805
76,5,2223.123416
76,5,2223.123416
76,5,2223.123416
76,5,2223.123416
76,5,2223.123416
76,6,2095.624571
76,6,2095.624571
76,6,2095.624571
76,6,2095.624571
76,6,2095.624571
76,6,2095.624571
76,6,2095.624571
76,6,2095.624571
76,8,2092.910859
76,8,2092.910859
76,8,2092.910859
76,8,2092.910859
76,8,2092.910859
76,8,2092.910859
76,8,2092.910859
76,8,2092.910859
76,9,2083.209339
76,9,2083.209339
76,10,2079.413504
76,10,2079.413504
76,10,2079.413504
76,10,2079.413504
76,10,2079.413504
76,10,2079.413504
76,10,2079.413504
76,10,2079.413504
76,10,2079.413504
76,10,2079.413504
76,10,2079.413504
76,10,2079.413504
76,10,2079.413504
76,10,2079.413504
76,11,2074.509805
76,11,2074.509805
76,11,2074.509805
76,11,2074.509805
76,11,2074.509805
76,11,2074.509805
76,11,2074.509805
77,5,2223.123416
77,5,2223.123416
77,5,2223.123416
77,5,2223.123416
77,5,2223.123416
77,5,2223.123416
77,6,2095.624571
77,6,2095.624571
77,6,2095.624571
77,6,2095.624571
77,6,2095.624571
77,6,2095.624571
77,6,2095.624571
77,6,2095.624571
77,6,2095.624571
77,7,2088.320276
77,9,2083.209339
77,9,2083.209339
77,9,2083.209339
77,10,2079.413504
77,10,2079.413504
77,10,2079.413504
77,10,2079.413504
77,10,2079.413504
77,10,2079.413504
77,10,2079.413504
77,10,2079.413504
77,10,2079.413504
77,10,2079.413504
77,10,2079.413504
77,10,2079.413504
77,10,2079.413504
77,10,2079.413504
77,10,2079.413504
77,10,2079.413504
77,11,2073.485066
78,5,2223.123416
78,5,2223.123416
78,5,2223.123416
78,5,2223.123416
78,5,2223.123416
78,5,2223.123416
78,5,2223.123416
78,6,2095.624571
78,6,2095.624571
78,6,2095.624571
78,6,2095.624571
78,6,2095.624571
78,6,2095.624571
78,6,2095.624571
78,6,2095.624571
78,6,2095.624571
78,6,2095.624571
78,7,2088.320276
78,7,2088.320276
78,9,2083.209339
78,9,2083.209339
78,9,2083.209339
78,9,2083.209339
78,10,2079.413504
78,10,2079.413504
78,10,2079.413504
78,10,2079.413504
78,10,2079.413504
78,10,2079.413504
78,10,2079.413504
78,10,2079.413504
78,10,2079.413504
78,10,2079.413504
78,10,2079.413504
78,10,2079.413504
78,10,2079.413504
78,10,2079.413504
78,10,2079.413504
78,10,2079.413504
78,10,2079.413504
78,10,2079.413504
78,11,2073.485066
78,11,2073.485066
79,5,2223.123416
79,5,2223.123416
79,5,2223.123416
79,5,2223.123416
79,5,2223.123416
79,5,2223.123416
79,5,2223.123416
79,5,2223.123416
79,6,2094.911701
79,7,2088.320276
79,7,2088.320276
79,7,2088.320276
79,7,2088.320276
79,9,2083.209339
79,9,2083.209339
79,9,2083.209339
79,9,2083.209339
79,9,2083.209339
79,10,2071.238738
80,5,2223.123416
80,5,2223.123416
80,5,2223.123416
80,5,2223.123416
80,5,2223.123416
80,5,2223.123416
80,5,2223.123416
80,5,2223.123416
80,5,2223.123416
80,6,2093.382497
80,7,2088.320276
80,7,2088.320276
80,7,2088.320276
80,7,2088.320276
80,7,2088.320276
80,7,2088.320276
80,9,2058.017658
81,5,2223.123416
81,5,2223.123416
81,5,2223.123416
81,5,2223.123416
81,5,2223.123416
81,5,2223.123416
81,5,2223.123416
81,5,2223.123416
81,5,2223.123416
81,5,2223.123416
81,6,2093.382497
81,6,2093.382497
81,7,2088.320276
81,7,2088.320276
81,7,2088.320276
81,7,2088.320276
81,7,2088.320276
81,7,2088.320276
81,7,2088.320276
81,7,2088.320276
81,9,2058.017658
81,9,2058.017658
82,5,2223.123416
82,5,2223.123416
82,5,2223.123416
82,5,2223.123416
82,5,2223.123416
82,5,2223.123416
82,5,2223.123416
82,5,2223.123416
82,5,2223.123416
82,5,2223.123416
82,5,2223.123416
82,6,2093.382497
82,6,2093.382497
82,6,2093.382497
82,7,2088.320276
82,7,2088.320276
82,7,2088.320276
82,7,2088.320276
82,7,2088.320276
82,7,2088.320276
82,7,2088.320276
82,7,2088.320276
82,7,2088.320276
82,7,2088.320276
82,9,2058.017658
82,9,2058.017658
82,9,2058.017658
83,5,2223.123416
83,5,2223.123416
83,5,2223.123416
83,5,2223.123416
83,5,2223.123416
83,5,2223.123416
83,5,2223.123416
83,5,2223.123416
83,5,2223.123416
83,5,2223.123416
83,5,2223.123416
83,5,2223.123416
83,6,2093.382497
83,6,2093.382497
83,6,2093.382497
83,6,2093.382497
83,7,2088.320276
83,7,2088.320276
83,7,2088.320276
83,7,2088.320276
83,7,2088.320276
83,7,2088.320276
83,7,2088.320276
83,7,2088.320276
83,7,2088.320276
83,7,2088.320276
83,7,2088.320276
83,7,2088.320276
83,8,2067.384551
83,9,2058.017658
83,9,2058.017658
83,9,2058.017658
83,9,2058.017658
84,5,2223.123416
84,5,2223.123416
84,5,2223.123416
84,5,2223.123416
84,5,2223.123416
84,5,2223.123416
84,5,2223.123416
84,5,2223.123416
84,5,2223.123416
84,5,2223.123416
84,5,2223.123416
84,5,2223.123416
84,5,2223.123416
84,6,2093.382497
84,6,2093.382497
84,6,2093.382497
84,6,2093.382497
84,6,2093.382497
84,7,2088.320276
84,7,2088.320276
84,7,2088.320276
84,7,2088.320276
84,7,2088.320276
84,7,2088.320276
84,7,2088.320276
84,7,2088.320276
84,7,2088.320276
84,7,2088.320276
84,7,2088.320276
84,7,2088.320276
84,7,2088.320276
84,7,2088.320276
84,8,2067.384551
84,8,2067.384551
84,9,2058.017658
84,9,2058.017658
84,9,2058.017658
84,9,2058.017658
84,9,2058.017658
85,5,2223.123416
85,5,2223.123416
85,5,2223.123416
85,5,2223.123416
85,5,2223.123416
85,5,2223.123416
85,5,2223.123416
85,5,2223.123416
85,5,2223.123416
85,5,2223.123416
85,5,2223.123416
85,5,2223.123416
85,5,2223.123416
85,5,2223.123416
85,6,2093.382497
85,6,2093.382497
85,6,2093.382497
85,6,2093.382497
85,6,2093.382497
85,6,2093.382497
85,7,2088.320276
85,7,2088.320276
85,7,2088.320276
85,7,2088.320276
85,7,2088.320276
85,7,2088.320276
85,7,2088.320276
85,7,2088.320276
85,7,2088.320276
85,7,2088.320276
85,7,2088.320276
85,7,2088.320276
85,7,2088.320276
85,7,2088.320276
85,7,2088.320276
85,7,2088.320276
85,8,2067.384551
85,8,2067.384551
85,8,2067.384551
85,9,2058.017658
85,9,2058.017658
85,9,2058.017658
85,9,2058.017658
85,9,2058.017658
85,9,2058.017658
86,5,2223.123416
86,5,2223.123416
86,5,2223.123416
86,5,2223.123416
86,5,2223.123416
86,5,2223.123416
86,5,2223.123416
86,5,2223.123416
86,5,2223.123416
86,5,2223.123416
86,5,2223.123416
86,5,2223.123416
86,5,2223.123416
86,5,2223.123416
86,5,2223.123416
86,6,2093.382497
86,6,2093.382497
86,6,2093.382497
86,6,2093.382497
86,6,2093.382497
86,6,2093.382497
86,6,2093.382497
86,7,2088.320276
86,7,2088.320276
86,7,2088.320276
86,7,2088.320276
86,7,2088.320276
86,7,2088.320276
86,7,2088.320276
86,7,2088.320276
86,7,2088.320276
86,7,2088.320276
86,7,2088.320276
86,7,2088.320276
86,7,2088.320276
86,7,2088.320276
86,7,2088.320276
86,7,2088.320276
86,7,2088.320276
86,7,2088.320276
86,8,2067.384551
86,8,2067.384551
86,8,2067.384551
86,8,2067.384551
86,9,2058.017658
86,9,2058.017658
86,9,2058.017658
86,9,2058.017658
86,9,2058.017658
86,9,2058.017658
86,9,2058.017658
87,5,2223.123416
87,5,2223.123416
87,5,2223.123416
87,5,2223.123416
87,5,2223.123416
87,5,2223.123416
87,5,2223.123416
87,5,2223.123416
87,5,2223.123416
87,5,2223.123416
87,5,2223.123416
87,5,2223.123416
87,5,2223.123416
87,5,2223.123416
87,5,2223.123416
87,5,2223.123416
87,6,2093.382497
87,6,2093.382497
87,6,2093.382497
87,6,2093.382497
87,6,2093.382497
87,6,2093.382497
87,6,2093.382497
87,6,2093.382497
87,7,2088.320276
87,7,2088.320276
87,7,2088.320276
87,7,2088.320276
87,7,2088.320276
87,7,2088.320276
87,7,2088.320276
87,7,2088.320276
87,7,2088.320276
87,7,2088.320276
87,7,2088.320276
87,7,2088.320276
87,7,2088.320276
87,7,2088.320276
87,7,2088.320276
87,7,2088.320276
87,7,2088.320276
87,7,2088.320276
87,7,2088.320276
87,7,2088.320276
87,8,2067.384551
87,8,2067.384551
87,8,2067.384551
87,8,2067.384551
87,8,2067.384551
87,9,2058.017658
87,9,2058.017658
87,9,2058.017658
87,9,2058.017658
87,9,2058.017658
87,9,2058.017658
87,9,2058.017658
87,9,2058.017658
88,5,2223.123416
88,5,2223.123416
88,5,2223.123416
88,5,2223.123416
88,5,2223.123416
88,5,2223.123416
88,5,2223.123416
88,5,2223.123416
88,5,2223.123416
88,5,2223.123416
88,5,2223.123416
88,5,2223.123416
88,5,2223.123416
88,5,2223.123416
88,5,2223.123416
88,5,2223.123416
88,5,2223.123416
88,6,2093.382497
88,6,2093.382497
88,6,2093.382497
88,6,2093.382497
88,6,2093.382497
88,6,2093.382497
88,6,2093.382497
88,6,2093.382497
88,6,2093.382497
88,7,2088.320276
88,7,2088.320276
88,7,2088.320276
88,7,2088.320276
88,7,2088.320276
88,7,2088.320276
88,7,2088.320276
88,7,2088.320276
88,7,2088.320276
88,7,2088.320276
88,7,2088.320276
88,7,2088.320276
88,7,2088.320276
88,7,2088.320276
88,7,2088.320276
88,7,2088.320276
88,7,2088.320276
88,7,2088.320276
88,7,2088.320276
88,7,2088.320276
88,7,2088.320276
88,7,2088.320276
88,8,2066.472357
88,9,2058.017658
88,9,2058.017658
88,9,2058.017658
88,9,2058.017658
88,9,2058.017658
88,9,2058.017658
88,9,2058.017658
88,9,2058.017658
88,9,2058.017658
88,11,2052.355772
89,5,2223.123416
89,5,2223.123416
89,5,2223.123416
89,5,2223.123416
89,5,2223.123416
89,5,2223.123416
89,5,2223.123416
89,5,2223.123416
89,5,2223.123416
89,5,2223.123416
89,5,2223.123416
89,5,2223.123416
89,5,2223.123416
89,5,2223.123416
89,5,2223.123416
89,5,2223.123416
89,5,2223.123416
89,5,2223.123416
89,6,2093.382497
89,6,2093.382497
89,6,2093.382497
89,6,2093.382497
89,6,2093.382497
89,6,2093.382497
89,6,2093.382497
89,6,2093.382497
89,6,2093.382497
89,6,2093.382497
89,7,2088.320276
89,7,2088.320276
89,7,2088.320276
89,7,2088.320276
89,7,2088.320276
89,7,2088.320276
89,7,2088.320276
89,7,2088.320276
89,7,2088.320276
89,7,2088.320276
89,7,2088.320276
89,7,2088.320276
89,7,2088.320276
89,7,2088.320276
89,7,2088.320276
89,7,2088.320276
89,7,2088.320276
89,7,2088.320276
89,7,2088.320276
89,7,2088.320276
89,7,2088.320276
89,7,2088.320276
89,7,2088.320276
89,7,2088.320276
89,7,2088.320276
89,8,2066.472357
89,8,2066.472357
89,9,2056.062100
89,11,2052.355772
89,11,2052.355772
90,5,2223.123416
90,5,2223.123416
90,5,2223.123416
90,5,2223.123416
90,5,2223.123416
90,5,2223.123416
90,5,2223.123416
90,5,2223.123416
90,5,2223.123416
90,5,2223.123416
90,5,2223.123416
90,5,2223.123416
90,5,2223.123416
90,5,2223.123416
90,5,2223.123416
90,5,2223.123416
90,5,2223.123416
90,5,2223.123416
90,5,2223.123416
90,6,2093.382497
90,6,2093.382497
90,6,2093.382497
90,6,2093.382497
90,6,2093.382497
90,6,2093.382497
90,6,2093.382497
90,6,2093.382497
90,6,2093.382497
90,6,2093.382497
90,6,2093.382497
90,7,2076.065932
90,8,2066.472357
90,8,2066.472357
90,8,2066.472357
90,9,2047.588091
91,5,2223.123416
91,5,2223.123416
91,5,2223.123416
91,5,2223.123416
91,5,2223.123416
91,5,2223.123416
91,5,2223.123416
91,5,2223.123416
91,5,2223.123416
91,5,2223.123416
91,5,2223.123416
91,5,2223.123416
91,5,2223.123416
91,5,2223.123416
91,5,2223.123416
91,5,2223.123416
91,5,2223.123416
91,5,2223.123416
91,5,2223.123416
91,5,2223.123416
91,6,2093.382497
91,6,2093.382497
91,6,2093.382497
91,6,2093.382497
91,6,2093.382497
91,6,2093.382497
91,6,2093.382497
91,6,2093.382497
91,6,2093.382497
91,6,2093.382497
91,6,2093.382497
91,6,2093.382497
91,7,2076.065932
91,7,2076.065932
91,8,2066.472357
91,8,2066.472357
91,8,2066.472357
91,8,2066.472357
91,9,2047.588091
91,9,2047.588091
92,5,2213.407121
92,6,2093.382497
92,6,2093.382497
92,6,2093.382497
92,6,2093.382497
92,6,2093.382497
92,6,2093.382497
92,6,2093.382497
92,6,2093.382497
92,6,2093.382497
92,6,2093.382497
92,6,2093.382497
92,6,2093.382497
92,6,2093.382497
92,7,2076.065932
92,7,2076.065932
92,7,2076.065932
92,8,2056.913046
92,9,2047.588091
92,9,2047.588091
92,9,2047.588091
93,5,2213.407121
93,5,2213.407121
93,6,2093.382497
93,6,2093.382497
93,6,2093.382497
93,6,2093.382497
93,6,2093.382497
93,6,2093.382497
93,6,2093.382497
93,6,2093.382497
93,6,2093.382497
93,6,2093.382497
93,6,2093.382497
93,6,2093.382497
93,6,2093.382497
93,6,2093.382497
93,7,2076.065932
93,7,2076.065932
93,7,2076.065932
93,7,2076.065932
93,8,2056.913046
93,8,2056.913046
93,8,2056.913046
93,9,2047.588091
93,9,2047.588091
93,9,2047.588091
93,9,2047.588091
94,5,2213.407121
94,5,2213.407121
94,5,2213.407121
94,6,2093.382497
94,6,2093.382497
94,6,2093.382497
94,6,2093.382497
94,6,2093.382497
94,6,2093.382497
94,6,2093.382497
94,6,2093.382497
94,6,2093.382497
94,6,2093.382497
94,6,2093.382497
94,6,2093.382497
94,6,2093.382497
94,6,2093.382497
94,6,2093.382497
94,7,2076.065932
94,7,2076.065932
94,7,2076.065932
94,7,2076.065932
94,7,2076.065932
94,8,2056.913046
94,8,2056.913046
94,8,2056.913046
94,8,2056.913046
94,8,2056.913046
94,9,2047.588091
94,9,2047.588091
94,9,2047.588091
94,9,2047.588091
94,9,2047.588091
95,5,2213.407121
95,5,2213.407121
95,5,2213.407121
95,5,2213.407121
95,6,2093.382497
95,6,2093.382497
95,6,2093.382497
95,6,2093.382497
95,6,2093.382497
95,6,2093.382497
95,6,2093.382497
95,6,2093.382497
95,6,2093.382497
95,6,2093.382497
95,6,2093.382497
95,6,2093.382497
95,6,2093.382497
95,6,2093.382497
95,6,2093.382497
95,6,2093.382497
95,7,2076.065932
95,7,2076.065932
95,7,2076.065932
95,7,2076.065932
95,7,2076.065932
95,7,2076.065932
95,8,2056.913046
95,8,2056.913046
95,8,2056.913046
95,8,2056.913046
95,8,2056.913046
95,8,2056.913046
95,8,2056.913046
95,9,2047.588091
95,9,2047.588091
95,9,2047.588091
95,9,2047.588091
95,9,2047.588091
95,9,2047.588091
96,5,2104.330643
96,6,2092.036593
96,7,2076.065932
96,7,2076.065932
96,7,2076.065932
96,7,2076.065932
96,7,2076.065932
96,7,2076.065932
96,7,2076.065932
96,8,2056.913046
96,8,2056.913046
96,8,2056.913046
96,8,2056.913046
96,8,2056.913046
96,8,2056.913046
96,8,2056.913046
96,8,2056.913046
96,8,2056.913046
96,9,2047.588091
96,9,2047.588091
96,9,2047.588091
96,9,2047.588091
96,9,2047.588091
96,9,2047.588091
96,9,2047.588091
97,5,2104.330643
97,5,2104.330643
97,6,2083.102873
97,7,2076.065932
97,7,2076.065932
97,7,2076.065932
97,7,2076.065932
97,7,2076.065932
97,7,2076.065932
97,7,2076.065932
97,7,2076.065932
97,8,2045.925893
98,5,2104.330643
98,5,2104.330643
98,5,2104.330643
98,6,2083.102873
98,6,2083.102873
98,7,2076.065932
98,7,2076.065932
98,7,2076.065932
98,7,2076.065932
98,7,2076.065932
98,7,2076.065932
98,7,2076.065932
98,7,2076.065932
98,7,2076.065932
98,8,2045.925893
98,8,2045.925893
99,5,2104.330643
99,5,2104.330643
99,5,2104.330643
99,5,2104.330643
99,6,2083.102873
99,6,2083.102873
99,6,2083.102873
99,7,2076.065932
99,7,2076.065932
99,7,2076.065932
99,7,2076.065932
99,7,2076.065932
99,7,2076.065932
99,7,2076.065932
99,7,2076.065932
99,7,2076.065932
99,7,2076.065932
99,8,2045.925893
99,8,2045.925893
99,8,2045.925893
100,5,2104.330643
100,5,2104.330643
100,5,2104.330643
100,5,2104.330643
100,5,2104.330643
100,6,2083.102873
100,6,2083.102873
100,6,2083.102873
100,6,2083.102873
100,7,2076.065932
100,7,2076.065932
100,7,2076.065932
100,7,2076.065932
100,7,2076.065932
100,7,2076.065932
100,7,2076.065932
100,7,2076.065932
100,7,2076.065932
100,7,2076.065932
100,7,2076.065932
100,8,2045.925893
100,8,2045.925893
100,8,2045.925893
100,8,2045.925893
101,5,2104.330643
101,5,2104.330643
101,5,2104.330643
101,5,2104.330643
101,5,2104.330643
101,5,2104.330643
101,6,2083.102873
101,6,2083.102873
101,6,2083.102873
101,6,2083.102873
101,6,2083.102873
101,7,2076.065932
101,7,2076.065932
101,7,2076.065932
101,7,2076.065932
101,7,2076.065932
101,7,2076.065932
101,7,2076.065932
101,7,2076.065932
101,7,2076.065932
101,7,2076.065932
101,7,2076.065932
101,7,2076.065932
101,8,2045.925893
101,8,2045.925893
101,8,2045.925893
101,8,2045.925893
101,8,2045.925893
102,5,2104.330643
102,5,2104.330643
102,5,2104.330643
102,5,2104.330643
102,5,2104.330643
102,5,2104.330643
102,5,2104.330643
102,6,2083.102873
102,6,2083.102873
102,6,2083.102873
102,6,2083.102873
102,6,2083.102873
102,6,2083.102873
102,7,2076.065932
102,7,2076.065932
102,7,2076.065932
102,7,2076.065932
102,7,2076.065932
102,7,2076.065932
102,7,2076.065932
102,7,2076.065932
102,7,2076.065932
102,7,2076.065932
102,7,2076.065932
102,7,2076.065932
102,7,2076.065932
102,8,2045.925893
102,8,2045.925893
102,8,2045.925893
102,8,2045.925893
102,8,2045.925893
102,8,2045.925893
103,5,2104.330643
103,5,2104.330643
103,5,2104.330643
103,5,2104.330643
103,5,2104.330643
103,5,2104.330643
103,5,2104.330643
103,5,2104.330643
103,6,2083.102873
103,6,2083.102873
103,6,2083.102873
103,6,2083.102873
103,6,2083.102873
103,6,2083.102873
103,6,2083.102873
103,7,2076.065932
103,7,2076.065932
103,7,2076.065932
103,7,2076.065932
103,7,2076.065932
103,7,2076.065932
103,7,2076.065932
103,7,2076.065932
103,7,2076.065932
103,7,2076.065932
103,7,2076.065932
103,7,2076.065932
103,7,2076.065932
103,7,2076.065932
103,8,2045.925893
103,8,2045.925893
103,8,2045.925893
103,8,2045.925893
103,8,2045.925893
103,8,2045.925893
103,8,2045.925893
104,5,2104.330643
104,5,2104.330643
104,5,2104.330643
104,5,2104.330643
104,5,2104.330643
104,5,2104.330643
104,5,2104.330643
104,5,2104.330643
104,5,2104.330643
104,6,2083.102873
104,6,2083.102873
104,6,2083.102873
104,6,2083.102873
104,6,2083.102873
104,6,2083.102873
104,6,2083.102873
104,6,2083.102873
104,7,2072.463837
104,8,2045.925893
104,8,2045.925893
104,8,2045.925893
104,8,2045.925893
104,8,2045.925893
104,8,2045.925893
104,8,2045.925893
104,8,2045.925893
105,5,2104.330643
105,5,2104.330643
105,5,2104.330643
105,5,2104.330643
105,5,2104.330643
105,5,2104.330643
105,5,2104.330643
105,5,2104.330643
105,5,2104.330643
105,5,2104.330643
105,6,2083.102873
105,6,2083.102873
105,6,2083.102873
105,6,2083.102873
105,6,2083.102873
105,6,2083.102873
105,6,2083.102873
105,6,2083.102873
105,6,2083.102873
105,7,2072.463837
105,7,2072.463837
105,8,2045.925893
105,8,2045.925893
105,8,2045.925893
105,8,2045.925893
105,8,2045.925893
105,8,2045.925893
105,8,2045.925893
105,8,2045.925893
105,8,2045.925893
105,12,2041.904864
106,5,2099.150091
106,6,2083.102873
106,6,2083.102873
106,6,2083.102873
106,6,2083.102873
106,6,2083.102873
106,6,2083.102873
106,6,2083.102873
106,6,2083.102873
106,6,2083.102873
106,6,2083.102873
106,7,2072.463837
106,7,2072.463837
106,7,2072.463837
106,8,2045.925893
106,8,2045.925893
106,8,2045.925893
106,8,2045.925893
106,8,2045.925893
106,8,2045.925893
106,8,2045.925893
106,8,2045.925893
106,8,2045.925893
106,8,2045.925893
106,12,2041.904864
106,12,2041.904864
107,5,2099.150091
107,5,2099.150091
107,6,2083.102873
107,6,2083.102873
107,6,2083.102873
107,6,2083.102873
107,6,2083.102873
107,6,2083.102873
107,6,2083.102873
107,6,2083.102873
107,6,2083.102873
107,6,2083.102873
107,6,2083.102873
107,7,2072.463837
107,7,2072.463837
107,7,2072.463837
107,7,2072.463837
107,8,2045.925893
107,8,2045.925893
107,8,2045.925893
107,8,2045.925893
107,8,2045.925893
107,8,2045.925893
107,8,2045.925893
107,8,2045.925893
107,8,2045.925893
107,8,2045.925893
107,8,2045.925893
107,12,2041.904864
107,12,2041.904864
107,12,2041.904864
108,5,2099.150091
108,5,2099.150091
108,5,2099.150091
108,6,2083.102873
108,6,2083.102873
108,6,2083.102873
108,6,2083.102873
108,6,2083.102873
108,6,2083.102873
108,6,2083.102873
108,6,2083.102873
108,6,2083.102873
108,6,2083.102873
108,6,2083.102873
108,6,2083.102873
108,7,2072.463837
108,7,2072.463837
108,7,2072.463837
108,7,2072.463837
108,7,2072.463837
108,8,2045.599576
108,9,2039.081555
109,5,2099.150091
109,5,2099.150091
109,5,2099.150091
109,5,2099.150091
109,6,2083.102873
109,6,2083.102873
109,6,2083.102873
109,6,2083.102873
109,6,2083.102873
109,6,2083.102873
109,6,2083.102873
109,6,2083.102873
109,6,2083.102873
109,6,2083.102873
109,6,2083.102873
109,6,2083.102873
109,6,2083.102873
109,7,2072.463837
109,7,2072.463837
109,7,2072.463837
109,7,2072.463837
109,7,2072.463837
109,7,2072.463837
109,8,2045.599576
109,8,2045.599576
109,9,2039.081555
109,9,2039.081555
110,5,2099.150091
110,5,2099.150091
110,5,2099.150091
110,5,2099.150091
110,5,2099.150091
110,6,2083.102873
110,6,2083.102873
110,6,2083.102873
110,6,2083.102873
110,6,2083.102873
110,6,2083.102873
110,6,2083.102873
110,6,2083.102873
110,6,2083.102873
110,6,2083.102873
110,6,2083.102873
110,6,2083.102873
110,6,2083.102873
110,6,2083.102873
110,7,2072.463837
110,7,2072.463837
110,7,2072.463837
110,7,2072.463837
110,7,2072.463837
110,7,2072.463837
110,7,2072.463837
110,8,2034.207213
111,5,2099.150091
111,5,2099.150091
111,5,2099.150091
111,5,2099.150091
111,5,2099.150091
111,5,2099.150091
111,6,2083.102873
111,6,2083.102873
111,6,2083.102873
111,6,2083.102873
111,6,2083.102873
111,6,2083.102873
111,6,2083.102873
111,6,2083.102873
111,6,2083.102873
111,6,2083.102873
111,6,2083.102873
111,6,2083.102873
111,6,2083.102873
111,6,2083.102873
111,6,2083.102873
111,7,2072.463837
111,7,2072.463837
111,7,2072.463837
111,7,2072.463837
111,7,2072.463837
111,7,2072.463837
111,7,2072.463837
111,7,2072.463837
111,8,2034.207213
111,8,2034.207213
112,5,2099.150091
112,5,2099.150091
112,5,2099.150091
112,5,2099.150091
112,5,2099.150091
112,5,2099.150091
112,5,2099.150091
112,6,2077.346194
112,7,2067.619634
112,8,2034.207213
112,8,2034.207213
112,8,2034.207213
113,5,2097.794885
113,6,2077.346194
113,6,2077.346194
113,7,2067.619634
113,7,2067.619634
113,8,2034.207213
113,8,2034.207213
113,8,2034.207213
113,8,2034.207213
113,9,2033.095044
114,5,2097.794885
114,5,2097.794885
114,6,2077.346194
114,6,2077.346194
114,6,2077.346194
114,7,2067.619634
114,7,2067.619634
114,7,2067.619634
114,8,2034.207213
114,8,2034.207213
114,8,2034.207213
114,8,2034.207213
114,8,2034.207213
114,9,2025.041181
115,5,2097.794885
115,5,2097.794885
115,5,2097.794885
115,6,2076.847421
115,7,2067.619634
115,7,2067.619634
115,7,2067.619634
115,7,2067.619634
115,8,2034.207213
115,8,2034.207213
115,8,2034.207213
115,8,2034.207213
115,8,2034.207213
115,8,2034.207213
115,9,2025.041181
115,9,2025.041181
116,5,2097.794885
116,5,2097.794885
116,5,2097.794885
116,5,2097.794885
116,6,2076.847421
116,6,2076.847421
116,7,2056.522373
116,8,2034.207213
116,8,2034.207213
116,8,2034.207213
116,8,2034.207213
116,8,2034.207213
116,8,2034.207213
116,8,2034.207213
116,9,2025.041181
116,9,2025.041181
116,9,2025.041181
117,5,2097.794885
117,5,2097.794885
117,5,2097.794885
117,5,2097.794885
117,5,2097.794885
117,6,2076.847421
117,6,2076.847421
117,6,2076.847421
117,7,2056.522373
117,7,2056.522373
117,8,2034.207213
117,8,2034.207213
117,8,2034.207213
117,8,2034.207213
117,8,2034.207213
117,8,2034.207213
117,8,2034.207213
117,8,2034.207213
117,9,2025.041181
117,9,2025.041181
117,9,2025.041181
117,9,2025.041181
118,5,2097.794885
118,5,2097.794885
118,5,2097.794885
118,5,2097.794885
118,5,2097.794885
118,5,2097.794885
118,6,2059.823189
118,7,2056.522373
118,7,2056.522373
118,7,2056.522373
118,8,2034.207213
118,8,2034.207213
118,8,2034.207213
118,8,2034.207213
118,8,2034.207213
118,8,2034.207213
118,8,2034.207213
118,8,2034.207213
118,8,2034.207213
118,9,2025.041181
118,9,2025.041181
118,9,2025.041181
118,9,2025.041181
118,9,2025.041181
119,5,2097.794885
119,5,2097.794885
119,5,2097.794885
119,5,2097.794885
119,5,2097.794885
119,5,2097.794885
119,5,2097.794885
119,6,2059.823189
119,6,2059.823189
119,7,2056.522373
119,7,2056.522373
119,7,2056.522373
119,7,2056.522373
119,8,2034.207213
119,8,2034.207213
119,8,2034.207213
119,8,2034.207213
119,8,2034.207213
119,8,2034.207213
119,8,2034.207213
119,8,2034.207213
119,8,2034.207213
119,8,2034.207213
119,9,2025.041181
119,9,2025.041181
119,9,2025.041181
119,9,2025.041181
119,9,2025.041181
119,9,2025.041181
120,5,2097.794885
120,5,2097.794885
120,5,2097.794885
120,5,2097.794885
120,5,2097.794885
120,5,2097.794885
120,5,2097.794885
120,5,2097.794885
120,6,2059.823189
120,6,2059.823189
120,6,2059.823189
120,7,2051.890606
120,8,2034.207213
120,8,2034.207213
120,8,2034.207213
120,8,2034.207213
120,8,2034.207213
120,8,2034.207213
120,8,2034.207213
120,8,2034.207213
120,8,2034.207213
120,8,2034.207213
120,8,2034.207213
120,9,2025.041181
120,9,2025.041181
120,9,2025.041181
120,9,2025.041181
120,9,2025.041181
120,9,2025.041181
120,9,2025.041181
120,12,2024.636001
121,5,2097.794885
121,5,2097.794885
121,5,2097.794885
121,5,2097.794885
121,5,2097.794885
121,5,2097.794885
121,5,2097.794885
121,5,2097.794885
121,5,2097.794885
121,6,2059.823189
121,6,2059.823189
121,6,2059.823189
121,6,2059.823189
121,7,2051.890606
121,7,2051.890606
121,8,2034.207213
121,8,2034.207213
121,8,2034.207213
121,8,2034.207213
121,8,2034.207213
121,8,2034.207213
121,8,2034.207213
121,8,2034.207213
121,8,2034.207213
121,8,2034.207213
121,8,2034.207213
121,8,2034.207213
121,9,2025.041181
121,9,2025.041181
121,9,2025.041181
121,9,2025.041181
121,9,2025.041181
121,9,2025.041181
121,9,2025.041181
121,9,2025.041181
121,12,2024.636001
121,12,2024.636001
122,5,2097.794885
122,5,2097.794885
122,5,2097.794885
122,5,2097.794885
122,5,2097.794885
122,5,2097.794885
122,5,2097.794885
122,5,2097.794885
122,5,2097.794885
122,5,2097.794885
122,6,2059.823189
122,6,2059.823189
122,6,2059.823189
122,6,2059.823189
122,6,2059.823189
122,7,2051.890606
122,7,2051.890606
122,7,2051.890606
122,8,2034.207213
122,8,2034.207213
122,8,2034.207213
122,8,2034.207213
122,8,2034.207213
122,8,2034.207213
122,8,2034.207213
122,8,2034.207213
122,8,2034.207213
122,8,2034.207213
122,8,2034.207213
122,8,2034.207213
122,8,2034.207213
122,9,2025.041181
122,9,2025.041181
122,9,2025.041181
122,9,2025.041181
122,9,2025.041181
122,9,2025.041181
122,9,2025.041181
122,9,2025.041181
122,9,2025.041181
122,12,2024.636001
122,12,2024.636001
122,12,2024.636001
123,5,2097.794885
123,5,2097.794885
123,5,2097.794885
123,5,2097.794885
123,5,2097.794885
123,5,2097.794885
123,5,2097.794885
123,5,2097.794885
123,5,2097.794885
123,5,2097.794885
123,5,2097.794885
123,6,2059.823189
123,6,2059.823189
123,6,2059.823189
123,6,2059.823189
123,6,2059.823189
123,6,2059.823189
123,7,2051.890606
123,7,2051.890606
123,7,2051.890606
123,7,2051.890606
123,8,2013.313138
124,5,2097.794885
124,5,2097.794885
124,5,2097.794885
124,5,2097.794885
124,5,2097.794885
124,5,2097.794885
124,5,2097.794885
124,5,2097.794885
124,5,2097.794885
124,5,2097.794885
124,5,2097.794885
124,5,2097.794885
124,6,2059.823189
124,6,2059.823189
124,6,2059.823189
124,6,2059.823189
124,6,2059.823189
124,6,2059.823189
124,6,2059.823189
124,7,2043.292018
124,8,2013.313138
124,8,2013.313138
125,5,2095.127321
125,6,2059.630941
125,7,2043.292018
125,7,2043.292018
125,8,2013.313138
125,8,2013.313138
125,8,2013.313138
126,5,2095.127321
126,5,2095.127321
126,6,2059.630941
126,6,2059.630941
126,7,2043.292018
126,7,2043.292018
126,7,2043.292018
126,8,2013.313138
126,8,2013.313138
126,8,2013.313138
126,8,2013.313138
126,14,2012.063424
127,5,2095.127321
127,5,2095.127321
127,5,2095.127321
127,6,2059.630941
127,6,2059.630941
127,6,2059.630941
127,7,2043.292018
127,7,2043.292018
127,7,2043.292018
127,7,2043.292018
127,8,2013.313138
127,8,2013.313138
127,8,2013.313138
127,8,2013.313138
127,8,2013.313138
127,14,2012.063424
127,14,2012.063424
128,5,2079.563838
128,6,2049.795199
128,7,2043.292018
128,7,2043.292018
128,7,2043.292018
128,7,2043.292018
128,7,2043.292018
128,8,2013.313138
128,8,2013.313138
128,8,2013.313138
128,8,2013.313138
128,8,2013.313138
128,8,2013.313138
128,14,2012.063424
128,14,2012.063424
128,14,2012.063424
129,5,2079.563838
129,5,2079.563838
129,6,2049.795199
129,6,2049.795199
129,7,2043.292018
129,7,2043.292018
129,7,2043.292018
129,7,2043.292018
129,7,2043.292018
129,7,2043.292018
129,8,2013.313138
129,8,2013.313138
129,8,2013.313138
129,8,2013.313138
129,8,2013.313138
129,8,2013.313138
129,8,2013.313138
129,14,2012.063424
129,14,2012.063424
129,14,2012.063424
129,14,2012.063424
130,5,2075.743361
130,6,2049.795199
130,6,2049.795199
130,6,2049.795199
130,7,2043.292018
130,7,2043.292018
130,7,2043.292018
130,7,2043.292018
130,7,2043.292018
130,7,2043.292018
130,7,2043.292018
130,8,2013.313138
130,8,2013.313138
130,8,2013.313138
130,8,2013.313138
130,8,2013.313138
130,8,2013.313138
130,8,2013.313138
130,8,2013.313138
130,14,2012.063424
130,14,2012.063424
130,14,2012.063424
130,14,2012.063424
130,14,2012.063424
131,5,2075.743361
131,5,2075.743361
131,6,2049.795199
131,6,2049.795199
131,6,2049.795199
131,6,2049.795199
131,7,2043.292018
131,7,2043.292018
131,7,2043.292018
131,7,2043.292018
131,7,2043.292018
131,7,2043.292018
131,7,2043.292018
131,7,2043.292018
131,8,2013.313138
131,8,2013.313138
131,8,2013.313138
131,8,2013.313138
131,8,2013.313138
131,8,2013.313138
131,8,2013.313138
131,8,2013.313138
131,8,2013.313138
131,14,2012.063424
131,14,2012.063424
131,14,2012.063424
131,14,2012.063424
131,14,2012.063424
131,14,2012.063424
132,5,2075.743361
132,5,2075.743361
132,5,2075.743361
132,6,2049.795199
132,6,2049.795199
132,6,2049.795199
132,6,2049.795199
132,6,2049.795199
132,7,2043.292018
132,7,2043.292018
132,7,2043.292018
132,7,2043.292018
132,7,2043.292018
132,7,2043.292018
132,7,2043.292018
132,7,2043.292018
132,7,2043.292018
132,8,2013.313138
132,8,2013.313138
132,8,2013.313138
132,8,2013.313138
132,8,2013.313138
132,8,2013.313138
132,8,2013.313138
132,8,2013.313138
132,8,2013.313138
132,8,2013.313138
132,14,2012.063424
132,14,2012.063424
132,14,2012.063424
132,14,2012.063424
132,14,2012.063424
132,14,2012.063424
132,14,2012.063424
133,5,2075.743361
133,5,2075.743361
133,5,2075.743361
133,5,2075.743361
133,6,2049.795199
133,6,2049.795199
133,6,2049.795199
133,6,2049.795199
133,6,2049.795199
133,6,2049.795199
133,7,2043.292018
133,7,2043.292018
133,7,2043.292018
133,7,2043.292018
133,7,2043.292018
133,7,2043.292018
133,7,2043.292018
133,7,2043.292018
133,7,2043.292018
133,7,2043.292018
133,8,2013.313138
133,8,2013.313138
133,8,2013.313138
133,8,2013.313138
133,8,2013.313138
133,8,2013.313138
133,8,2013.313138
133,8,2013.313138
133,8,2013.313138
133,8,2013.313138
133,8,2013.313138
133,14,2012.063424
133,14,2012.063424
133,14,2012.063424
133,14,2012.063424
133,14,2012.063424
133,14,2012.063424
133,14,2012.063424
133,14,2012.063424
134,5,2075.743361
134,5,2075.743361
134,5,2075.743361
134,5,2075.743361
134,5,2075.743361
134,6,2049.795199
134,6,2049.795199
134,6,2049.795199
134,6,2049.795199
134,6,2049.795199
134,6,2049.795199
134,6,2049.795199
134,7,2043.292018
134,7,2043.292018
134,7,2043.292018
134,7,2043.292018
134,7,2043.292018
134,7,2043.292018
134,7,2043.292018
134,7,2043.292018
134,7,2043.292018
134,7,2043.292018
134,7,2043.292018
134,8,2013.313138
134,8,2013.313138
134,8,2013.313138
134,8,2013.313138
134,8,2013.313138
134,8,2013.313138
134,8,2013.313138
134,8,2013.313138
134,8,2013.313138
134,8,2013.313138
134,8,2013.313138
134,8,2013.313138
134,14,2012.063424
134,14,2012.063424
134,14,2012.063424
134,14,2012.063424
134,14,2012.063424
134,14,2012.063424
134,14,2012.063424
134,14,2012.063424
134,14,2012.063424
135,5,2075.743361
135,5,2075.743361
135,5,2075.743361
135,5,2075.743361
135,5,2075.743361
135,5,2075.743361
135,6,2049.795199
135,6,2049.795199
135,6,2049.795199
135,6,2049.795199
135,6,2049.795199
135,6,2049.795199
135,6,2049.795199
135,6,2049.795199
135,7,2043.292018
135,7,2043.292018
135,7,2043.292018
135,7,2043.292018
135,7,2043.292018
135,7,2043.292018
135,7,2043.292018
135,7,2043.292018
135,7,2043.292018
135,7,2043.292018
135,7,2043.292018
135,7,2043.292018
135,8,2013.313138
135,8,2013.313138
135,8,2013.313138
135,8,2013.313138
135,8,2013.313138
135,8,2013.313138
135,8,2013.313138
135,8,2013.313138
135,8,2013.313138
135,8,2013.313138
135,8,2013.313138
135,8,2013.313138
135,8,2013.313138
135,14,2012.063424
135,14,2012.063424
135,14,2012.063424
135,14,2012.063424
135,14,2012.063424
135,14,2012.063424
135,14,2012.063424
135,14,2012.063424
135,14,2012.063424
135,14,2012.063424
136,5,2075.743361
136,5,2075.743361
136,5,2075.743361
136,5,2075.743361
136,5,2075.743361
136,5,2075.743361
136,5,2075.743361
136,6,2049.795199
136,6,2049.795199
136,6,2049.795199
136,6,2049.795199
136,6,2049.795199
136,6,2049.795199
136,6,2049.795199
136,6,2049.795199
136,6,2049.795199
136,7,2043.292018
136,7,2043.292018
136,7,2043.292018
136,7,2043.292018
136,7,2043.292018
136,7,2043.292018
136,7,2043.292018
136,7,2043.292018
136,7,2043.292018
136,7,2043.292018
136,7,2043.292018
136,7,2043.292018
136,7,2043.292018
136,8,2013.313138
136,8,2013.313138
136,8,2013.313138
136,8,2013.313138
136,8,2013.313138
136,8,2013.313138
136,8,2013.313138
136,8,2013.313138
136,8,2013.313138
136,8,2013.313138
136,8,2013.313138
136,8,2013.313138
136,8,2013.313138
136,8,2013.313138
136,14,2012.063424
136,14,2012.063424
136,14,2012.063424
136,14,2012.063424
136,14,2012.063424
136,14,2012.063424
136,14,2012.063424
136,14,2012.063424
136,14,2012.063424
136,14,2012.063424
136,14,2012.063424
137,5,2075.743361
137,5,2075.743361
137,5,2075.743361
137,5,2075.743361
137,5,2075.743361
137,5,2075.743361
137,5,2075.743361
137,5,2075.743361
137,6,2049.795199
137,6,2049.795199
137,6,2049.795199
137,6,2049.795199
137,6,2049.795199
137,6,2049.795199
137,6,2049.795199
137,6,2049.795199
137,6,2049.795199
137,6,2049.795199
137,7,2017.491982
137,8,2013.313138
137,8,2013.313138
137,8,2013.313138
137,8,2013.313138
137,8,2013.313138
137,8,2013.313138
137,8,2013.313138
137,8,2013.313138
137,8,2013.313138
137,8,2013.313138
137,8,2013.313138
137,8,2013.313138
137,8,2013.313138
137,8,2013.313138
137,8,2013.313138
137,14,2012.063424
137,14,2012.063424
137,14,2012.063424
137,14,2012.063424
137,14,2012.063424
137,14,2012.063424
137,14,2012.063424
137,14,2012.063424
137,14,2012.063424
137,14,2012.063424
137,14,2012.063424
137,14,2012.063424
138,5,2075.743361
138,5,2075.743361
138,5,2075.743361
138,5,2075.743361
138,5,2075.743361
138,5,2075.743361
138,5,2075.743361
138,5,2075.743361
138,5,2075.743361
138,6,2045.324610
138,7,2017.491982
138,7,2017.491982
138,8,2012.106979
138,14,2012.063424
138,14,2012.063424
138,14,2012.063424
138,14,2012.063424
138,14,2012.063424
138,14,2012.063424
138,14,2012.063424
138,14,2012.063424
138,14,2012.063424
138,14,2012.063424
138,14,2012.063424
138,14,2012.063424
138,14,2012.063424
139,5,2075.743361
139,5,2075.743361
139,5,2075.743361
139,5,2075.743361
139,5,2075.743361
139,5,2075.743361
139,5,2075.743361
139,5,2075.743361
139,5,2075.743361
139,5,2075.743361
139,6,2009.098457
140,5,2075.743361
140,5,2075.743361
140,5,2075.743361
140,5,2075.743361
140,5,2075.743361
140,5,2075.743361
140,5,2075.743361
140,5,2075.743361
140,5,2075.743361
140,5,2075.743361
140,5,2075.743361
140,6,2009.098457
140,6,2009.098457
141,5,2075.743361
141,5,2075.743361
141,5,2075.743361
141,5,2075.743361
141,5,2075.743361
141,5,2075.743361
141,5,2075.743361
141,5,2075.743361
141,5,2075.743361
141,5,2075.743361
141,5,2075.743361
141,5,2075.743361
141,6,2009.098457
141,6,2009.098457
141,6,2009.098457
142,5,2075.743361
142,5,2075.743361
142,5,2075.743361
142,5,2075.743361
142,5,2075.743361
142,5,2075.743361
142,5,2075.743361
142,5,2075.743361
142,5,2075.743361
142,5,2075.743361
142,5,2075.743361
142,5,2075.743361
142,5,2075.743361
142,6,2009.098457
142,6,2009.098457
142,6,2009.098457
142,6,2009.098457
143,5,2075.743361
143,5,2075.743361
143,5,2075.743361
143,5,2075.743361
143,5,2075.743361
143,5,2075.743361
143,5,2075.743361
143,5,2075.743361
143,5,2075.743361
143,5,2075.743361
143,5,2075.743361
143,5,2075.743361
143,5,2075.743361
143,5,2075.743361
143,6,2009.098457
143,6,2009.098457
143,6,2009.098457
143,6,2009.098457
143,6,2009.098457
144,5,2075.743361
144,5,2075.743361
144,5,2075.743361
144,5,2075.743361
144,5,2075.743361
144,5,2075.743361
144,5,2075.743361
144,5,2075.743361
144,5,2075.743361
144,5,2075.743361
144,5,2075.743361
144,5,2075.743361
144,5,2075.743361
144,5,2075.743361
144,5,2075.743361
144,6,2009.098457
144,6,2009.098457
144,6,2009.098457
144,6,2009.098457
144,6,2009.098457
144,6,2009.098457
145,5,2075.743361
145,5,2075.743361
145,5,2075.743361
145,5,2075.743361
145,5,2075.743361
145,5,2075.743361
145,5,2075.743361
145,5,2075.743361
145,5,2075.743361
145,5,2075.743361
145,5,2075.743361
145,5,2075.743361
145,5,2075.743361
145,5,2075.743361
145,5,2075.743361
145,5,2075.743361
145,6,2009.098457
145,6,2009.098457
145,6,2009.098457
145,6,2009.098457
145,6,2009.098457
145,6,2009.098457
145,6,2009.098457
146,5,2075.743361
146,5,2075.743361
146,5,2075.743361
146,5,2075.743361
146,5,2075.743361
146,5,2075.743361
146,5,2075.743361
146,5,2075.743361
146,5,2075.743361
146,5,2075.743361
146,5,2075.743361
146,5,2075.743361
146,5,2075.743361
146,5,2075.743361
146,5,2075.743361
146,5,2075.743361
146,5,2075.743361
146,6,2009.098457
146,6,2009.098457
146,6,2009.098457
146,6,2009.098457
146,6,2009.098457
146,6,2009.098457
146,6,2009.098457
146,6,2009.098457
147,5,2075.743361
147,5,2075.743361
147,5,2075.743361
147,5,2075.743361
147,5,2075.743361
147,5,2075.743361
147,5,2075.743361
147,5,2075.743361
147,5,2075.743361
147,5,2075.743361
147,5,2075.743361
147,5,2075.743361
147,5,2075.743361
147,5,2075.743361
147,5,2075.743361
147,5,2075.743361
147,5,2075.743361
147,5,2075.743361
147,6,2009.098457
147,6,2009.098457
147,6,2009.098457
147,6,2009.098457
147,6,2009.098457
147,6,2009.098457
147,6,2009.098457
147,6,2009.098457
147,6,2009.098457
147,8,2008.237177
148,5,2075.743361
148,5,2075.743361
148,5,2075.743361
148,5,2075.743361
148,5,2075.743361
148,5,2075.743361
148,5,2075.743361
148,5,2075.743361
148,5,2075.743361
148,5,2075.743361
148,5,2075.743361
148,5,2075.743361
148,5,2075.743361
148,5,2075.743361
148,5,2075.743361
148,5,2075.743361
148,5,2075.743361
148,5,2075.743361
148,5,2075.743361
148,6,2009.098457
148,6,2009.098457
148,6,2009.098457
148,6,2009.098457
148,6,2009.098457
148,6,2009.098457
148,6,2009.098457
148,6,2009.098457
148,6,2009.098457
148,6,2009.098457
148,8,2008.237177
148,8,2008.237177
149,5,2075.743361
149,5,2075.743361
149,5,2075.743361
149,5,2075.743361
149,5,2075.743361
149,5,2075.743361
149,5,2075.743361
149,5,2075.743361
149,5,2075.743361
149,5,2075.743361
149,5,2075.743361
149,5,2075.743361
149,5,2075.743361
149,5,2075.743361
149,5,2075.743361
149,5,2075.743361
149,5,2075.743361
149,5,2075.743361
149,5,2075.743361
149,5,2075.743361
149,6,2009.098457
149,6,2009.098457
149,6,2009.098457
149,6,2009.098457
149,6,2009.098457
149,6,2009.098457
149,6,2009.098457
149,6,2009.098457
149,6,2009.098457
149,6,2009.098457
149,6,2009.098457
149,8,2006.401824
150,5,2070.647224
150,6,2009.098457
150,6,2009.098457
150,6,2009.098457
150,6,2009.098457
150,6,2009.098457
150,6,2009.098457
150,6,2009.098457
150,6,2009.098457
150,6,2009.098457
150,6,2009.098457
150,6,2009.098457
150,6,2009.098457
150,8,2006.401824
150,8,2006.401824
151,5,2070.647224
151,5,2070.647224
151,6,2009.098457
151,6,2009.098457
151,6,2009.098457
151,6,2009.098457
151,6,2009.098457
151,6,2009.098457
151,6,2009.098457
151,6,2009.098457
151,6,2009.098457
151,6,2009.098457
151,6,2009.098457
151,6,2009.098457
151,6,2009.098457
151,8,2005.321834
152,5,2070.647224
152,5,2070.647224
152,5,2070.647224
152,6,2009.098457
152,6,2009.098457
152,6,2009.098457
152,6,2009.098457
152,6,2009.098457
152,6,2009.098457
152,6,2009.098457
152,6,2009.098457
152,6,2009.098457
152,6,2009.098457
152,6,2009.098457
152,6,2009.098457
152,6,2009.098457
152,6,2009.098457
152,8,2005.321834
152,8,2005.321834
153,5,2070.647224
153,5,2070.647224
153,5,2070.647224
153,5,2070.647224
153,6,2009.098457
153,6,2009.098457
153,6,2009.098457
153,6,2009.098457
153,6,2009.098457
153,6,2009.098457
153,6,2009.098457
153,6,2009.098457
153,6,2009.098457
153,6,2009.098457
153,6,2009.098457
153,6,2009.098457
153,6,2009.098457
153,6,2009.098457
153,6,2009.098457
153,8,2005.321834
153,8,2005.321834
153,8,2005.321834
154,5,2070.647224
154,5,2070.647224
154,5,2070.647224
154,5,2070.647224
154,5,2070.647224
154,6,2009.098457
154,6,2009.098457
154,6,2009.098457
154,6,2009.098457
154,6,2009.098457
154,6,2009.098457
154,6,2009.098457
154,6,2009.098457
154,6,2009.098457
154,6,2009.098457
154,6,2009.098457
154,6,2009.098457
154,6,2009.098457
154,6,2009.098457
154,6,2009.098457
154,6,2009.098457
154,8,2005.321834
154,8,2005.321834
154,8,2005.321834
154,8,2005.321834
155,5,2070.647224
155,5,2070.647224
155,5,2070.647224
155,5,2070.647224
155,5,2070.647224
155,5,2070.647224
155,6,2009.098457
155,6,2009.098457
155,6,2009.098457
155,6,2009.098457
155,6,2009.098457
155,6,2009.098457
155,6,2009.098457
155,6,2009.098457
155,6,2009.098457
155,6,2009.098457
155,6,2009.098457
155,6,2009.098457
155,6,2009.098457
155,6,2009.098457
155,6,2009.098457
155,6,2009.098457
155,6,2009.098457
155,8,1997.159616
156,5,2070.647224
156,5,2070.647224
156,5,2070.647224
156,5,2070.647224
156,5,2070.647224
156,5,2070.647224
156,5,2070.647224
156,6,2004.633360
156,8,1997.159616
156,8,1997.159616
157,5,2070.647224
157,5,2070.647224
157,5,2070.647224
157,5,2070.647224
157,5,2070.647224
157,5,2070.647224
157,5,2070.647224
157,5,2070.647224
157,6,2004.633360
157,6,2004.633360
157,8,1997.159616
157,8,1997.159616
157,8,1997.159616
158,5,2070.647224
158,5,2070.647224
158,5,2070.647224
158,5,2070.647224
158,5,2070.647224
158,5,2070.647224
158,5,2070.647224
158,5,2070.647224
158,5,2070.647224
158,6,2004.633360
158,6,2004.633360
158,6,2004.633360
158,8,1997.159616
158,8,1997.159616
158,8,1997.159616
158,8,1997.159616
159,5,2070.647224
159,5,2070.647224
159,5,2070.647224
159,5,2070.647224
159,5,2070.647224
159,5,2070.647224
159,5,2070.647224
159,5,2070.647224
159,5,2070.647224
159,5,2070.647224
159,6,2004.633360
159,6,2004.633360
159,6,2004.633360
159,6,2004.633360
159,8,1997.159616
159,8,1997.159616
159,8,1997.159616
159,8,1997.159616
159,8,1997.159616
160,5,2070.647224
160,5,2070.647224
160,5,2070.647224
160,5,2070.647224
160,5,2070.647224
160,5,2070.647224
160,5,2070.647224
160,5,2070.647224
160,5,2070.647224
160,5,2070.647224
160,5,2070.647224
160,6,2004.633360
160,6,2004.633360
160,6,2004.633360
160,6,2004.633360
160,6,2004.633360
160,8,1997.159616
160,8,1997.159616
160,8,1997.159616
160,8,1997.159616
160,8,1997.159616
160,8,1997.159616
161,5,2070.647224
161,5,2070.647224
161,5,2070.647224
161,5,2070.647224
161,5,2070.647224
161,5,2070.647224
161,5,2070.647224
161,5,2070.647224
161,5,2070.647224
161,5,2070.647224
161,5,2070.647224
161,5,2070.647224
161,6,2004.633360
161,6,2004.633360
161,6,2004.633360
161,6,2004.633360
161,6,2004.633360
161,6,2004.633360
161,8,1997.159616
161,8,1997.159616
161,8,1997.159616
161,8,1997.159616
161,8,1997.159616
161,8,1997.159616
161,8,1997.159616
162,5,2070.647224
162,5,2070.647224
162,5,2070.647224
162,5,2070.647224
162,5,2070.647224
162,5,2070.647224
162,5,2070.647224
162,5,2070.647224
162,5,2070.647224
162,5,2070.647224
162,5,2070.647224
162,5,2070.647224
162,5,2070.647224
162,6,1996.317570
163,5,2070.647224
163,5,2070.647224
163,5,2070.647224
163,5,2070.647224
163,5,2070.647224
163,5,2070.647224
163,5,2070.647224
163,5,2070.647224
163,5,2070.647224
163,5,2070.647224
163,5,2070.647224
163,5,2070.647224
163,5,2070.647224
163,5,2070.647224
163,6,1996.317570
163,6,1996.317570
164,5,2070.647224
164,5,2070.647224
164,5,2070.647224
164,5,2070.647224
164,5,2070.647224
164,5,2070.647224
164,5,2070.647224
164,5,2070.647224
164,5,2070.647224
164,5,2070.647224
164,5,2070.647224
164,5,2070.647224
164,5,2070.647224
164,5,2070.647224
164,5,2070.647224
164,6,1996.317570
164,6,1996.317570
164,6,1996.317570
164,8,1992.454713
165,5,2070.647224
165,5,2070.647224
165,5,2070.647224
165,5,2070.647224
165,5,2070.647224
165,5,2070.647224
165,5,2070.647224
165,5,2070.647224
165,5,2070.647224
165,5,2070.647224
165,5,2070.647224
165,5,2070.647224
165,5,2070.647224
165,5,2070.647224
165,5,2070.647224
165,5,2070.647224
165,6,1996.317570
165,6,1996.317570
165,6,1996.317570
165,6,1996.317570
165,8,1992.454713
165,8,1992.454713
166,5,2069.752823
166,6,1996.317570
166,6,1996.317570
166,6,1996.317570
166,6,1996.317570
166,6,1996.317570
166,8,1992.454713
166,8,1992.454713
166,8,1992.454713
167,5,2068.715197
167,6,1996.317570
167,6,1996.317570
167,6,1996.317570
167,6,1996.317570
167,6,1996.317570
167,6,1996.317570
167,8,1992.454713
167,8,1992.454713
167,8,1992.454713
167,8,1992.454713
168,5,2068.715197
168,5,2068.715197
168,6,1996.317570
168,6,1996.317570
168,6,1996.317570
168,6,1996.317570
168,6,1996.317570
168,6,1996.317570
168,6,1996.317570
168,8,1992.454713
168,8,1992.454713
168,8,1992.454713
168,8,1992.454713
168,8,1992.454713
169,5,2068.715197
169,5,2068.715197
169,5,2068.715197
169,6,1996.317570
169,6,1996.317570
169,6,1996.317570
169,6,1996.317570
169,6,1996.317570
169,6,1996.317570
169,6,1996.317570
169,6,1996.317570
169,7,1995.799650
169,8,1992.454713
169,8,1992.454713
169,8,1992.454713
169,8,1992.454713
169,8,1992.454713
169,8,1992.454713
170,5,2068.715197
170,5,2068.715197
170,5,2068.715197
170,5,2068.715197
170,6,1996.317570
170,6,1996.317570
170,6,1996.317570
170,6,1996.317570
170,6,1996.317570
170,6,1996.317570
170,6,1996.317570
170,6,1996.317570
170,6,1996.317570
170,7,1995.799650
170,7,1995.799650
170,8,1992.454713
170,8,1992.454713
170,8,1992.454713
170,8,1992.454713
170,8,1992.454713
170,8,1992.454713
170,8,1992.454713
171,5,2068.715197
171,5,2068.715197
171,5,2068.715197
171,5,2068.715197
171,5,2068.715197
171,6,1995.437078
171,8,1992.454713
171,8,1992.454713
171,8,1992.454713
171,8,1992.454713
171,8,1992.454713
171,8,1992.454713
171,8,1992.454713
171,8,1992.454713
172,5,2068.715197
172,5,2068.715197
172,5,2068.715197
172,5,2068.715197
172,5,2068.715197
172,5,2068.715197
172,6,1991.130010
173,5,2068.715197
173,5,2068.715197
173,5,2068.715197
173,5,2068.715197
173,5,2068.715197
173,5,2068.715197
173,5,2068.715197
173,6,1991.130010
173,6,1991.130010
174,5,2068.715197
174,5,2068.715197
174,5,2068.715197
174,5,2068.715197
174,5,2068.715197
174,5,2068.715197
174,5,2068.715197
174,5,2068.715197
174,6,1985.100517
175,5,2068.715197
175,5,2068.715197
175,5,2068.715197
175,5,2068.715197
175,5,2068.715197
175,5,2068.715197
175,5,2068.715197
175,5,2068.715197
175,5,2068.715197
175,6,1985.100517
175,6,1985.100517
176,5,2068.715197
176,5,2068.715197
176,5,2068.715197
176,5,2068.715197
176,5,2068.715197
176,5,2068.715197
176,5,2068.715197
176,5,2068.715197
176,5,2068.715197
176,5,2068.715197
176,6,1985.100517
176,6,1985.100517
176,6,1985.100517
177,5,2068.715197
177,5,2068.715197
177,5,2068.715197
177,5,2068.715197
177,5,2068.715197
177,5,2068.715197
177,5,2068.715197
177,5,2068.715197
177,5,2068.715197
177,5,2068.715197
177,5,2068.715197
177,6,1985.100517
177,6,1985.100517
177,6,1985.100517
177,6,1985.100517
178,5,2068.715197
178,5,2068.715197
178,5,2068.715197
178,5,2068.715197
178,5,2068.715197
178,5,2068.715197
178,5,2068.715197
178,5,2068.715197
178,5,2068.715197
178,5,2068.715197
178,5,2068.715197
178,5,2068.715197
178,6,1985.100517
178,6,1985.100517
178,6,1985.100517
178,6,1985.100517
178,6,1985.100517
179,5,2068.715197
179,5,2068.715197
179,5,2068.715197
179,5,2068.715197
179,5,2068.715197
179,5,2068.715197
179,5,2068.715197
179,5,2068.715197
179,5,2068.715197
179,5,2068.715197
179,5,2068.715197
179,5,2068.715197
179,5,2068.715197
179,6,1985.100517
179,6,1985.100517
179,6,1985.100517
179,6,1985.100517
179,6,1985.100517
179,6,1985.100517
179,6,1985.100517
180,5,2067.380919
180,6,1985.100517
180,6,1985.100517
180,6,1985.100517
180,6,1985.100517
180,6,1985.100517
180,6,1985.100517
180,6,1985.100517
180,6,1985.100517
180,6,1985.100517
181,5,2067.380919
181,5,2067.380919
181,6,1985.100517
181,6,1985.100517
181,6,1985.100517
181,6,1985.100517
181,6,1985.100517
181,6,1985.100517
181,6,1985.100517
181,6,1985.100517
181,6,1985.100517
181,6,1985.100517
181,6,1985.100517
182,5,2067.380919
182,5,2067.380919
182,5,2067.380919
182,6,1985.100517
182,6,1985.100517
182,6,1985.100517
182,6,1985.100517
182,6,1985.100517
182,6,1985.100517
182,6,1985.100517
182,6,1985.100517
182,6,1985.100517
182,6,1985.100517
182,6,1985.100517
182,6,1985.100517
182,6,1985.100517
183,5,2067.380919
183,5,2067.380919
183,5,2067.380919
183,5,2067.380919
183,6,1985.100517
183,6,1985.100517
183,6,1985.100517
183,6,1985.100517
183,6,1985.100517
183,6,1985.100517
183,6,1985.100517
183,6,1985.100517
183,6,1985.100517
183,6,1985.100517
183,6,1985.100517
183,6,1985.100517
183,6,1985.100517
183,6,1985.100517
183,6,1985.100517
184,5,2066.649850
184,6,1985.100517
184,6,1985.100517
184,6,1985.100517
184,6,1985.100517
184,6,1985.100517
184,6,1985.100517
184,6,1985.100517
184,6,1985.100517
184,6,1985.100517
184,6,1985.100517
184,6,1985.100517
184,6,1985.100517
184,6,1985.100517
184,6,1985.100517
184,6,1985.100517
184,6,1985.100517
184,6,1985.100517
185,5,2066.456406
185,6,1985.100517
185,6,1985.100517
185,6,1985.100517
185,6,1985.100517
185,6,1985.100517
185,6,1985.100517
185,6,1985.100517
185,6,1985.100517
185,6,1985.100517
185,6,1985.100517
185,6,1985.100517
185,6,1985.100517
185,6,1985.100517
185,6,1985.100517
185,6,1985.100517
185,6,1985.100517
185,6,1985.100517
185,6,1985.100517
185,6,1985.100517
186,5,2066.456406
186,5,2066.456406
186,6,1985.100517
186,6,1985.100517
186,6,1985.100517
186,6,1985.100517
186,6,1985.100517
186,6,1985.100517
186,6,1985.100517
186,6,1985.100517
186,6,1985.100517
186,6,1985.100517
186,6,1985.100517
186,6,1985.100517
186,6,1985.100517
186,6,1985.100517
186,6,1985.100517
186,6,1985.100517
186,6,1985.100517
186,6,1985.100517
186,6,1985.100517
186,6,1985.100517
186,6,1985.100517
187,5,2066.456406
187,5,2066.456406
187,5,2066.456406
187,6,1985.100517
187,6,1985.100517
187,6,1985.100517
187,6,1985.100517
187,6,1985.100517
187,6,1985.100517
187,6,1985.100517
187,6,1985.100517
187,6,1985.100517
187,6,1985.100517
187,6,1985.100517
187,6,1985.100517
187,6,1985.100517
187,6,1985.100517
187,6,1985.100517
187,6,1985.100517
187,6,1985.100517
187,6,1985.100517
187,6,1985.100517
187,6,1985.100517
187,6,1985.100517
187,6,1985.100517
187,6,1985.100517
188,5,2066.456406
188,5,2066.456406
188,5,2066.456406
188,5,2066.456406
188,6,1985.100517
188,6,1985.100517
188,6,1985.100517
188,6,1985.100517
188,6,1985.100517
188,6,1985.100517
188,6,1985.100517
188,6,1985.100517
188,6,1985.100517
188,6,1985.100517
188,6,1985.100517
188,6,1985.100517
188,6,1985.100517
188,6,1985.100517
188,6,1985.100517
188,6,1985.100517
188,6,1985.100517
188,6,1985.100517
188,6,1985.100517
188,6,1985.100517
188,6,1985.100517
188,6,1985.100517
188,6,1985.100517
188,6,1985.100517
188,6,1985.100517
189,5,2066.456406
189,5,2066.456406
189,5,2066.456406
189,5,2066.456406
189,5,2066.456406
189,6,1983.135475
190,5,2066.456406
190,5,2066.456406
190,5,2066.456406
190,5,2066.456406
190,5,2066.456406
190,5,2066.456406
190,6,1983.135475
190,6,1983.135475
191,5,2066.456406
191,5,2066.456406
191,5,2066.456406
191,5,2066.456406
191,5,2066.456406
191,5,2066.456406
191,5,2066.456406
191,6,1982.588441
192,5,2065.929179
192,6,1981.603430
193,5,2065.929179
193,5,2065.929179
193,6,1980.425634
194,5,2065.929179
194,5,2065.929179
194,5,2065.929179
194,6,1980.425634
194,6,1980.425634
195,5,2065.929179
195,5,2065.929179
195,5,2065.929179
195,5,2065.929179
195,6,1980.425634
195,6,1980.425634
195,6,1980.425634
196,5,2065.929179
196,5,2065.929179
196,5,2065.929179
196,5,2065.929179
196,5,2065.929179
196,6,1980.425634
196,6,1980.425634
196,6,1980.425634
196,6,1980.425634
197,5,2065.929179
197,5,2065.929179
197,5,2065.929179
197,5,2065.929179
197,5,2065.929179
197,5,2065.929179
197,6,1980.425634
197,6,1980.425634
197,6,1980.425634
197,6,1980.425634
197,6,1980.425634
198,5,2065.396309
198,6,1980.425634
198,6,1980.425634
198,6,1980.425634
198,6,1980.425634
198,6,1980.425634
198,6,1980.425634
199,5,2065.396309
199,5,2065.396309
199,6,1980.425634
199,6,1980.425634
199,6,1980.425634
199,6,1980.425634
199,6,1980.425634
199,6,1980.425634
199,6,1980.425634
200,5,2065.385744
200,6,1980.425634
200,6,1980.425634
200,6,1980.425634
200,6,1980.425634
200,6,1980.425634
200,6,1980.425634
200,6,1980.425634
200,6,1980.425634
201,5,2065.385744
201,5,2065.385744
201,6,1980.425634
201,6,1980.425634
201,6,1980.425634
201,6,1980.425634
201,6,1980.425634
201,6,1980.425634
201,6,1980.425634
201,6,1980.425634
201,6,1980.425634
202,5,2063.694684
202,6,1980.425634
202,6,1980.425634
202,6,1980.425634
202,6,1980.425634
202,6,1980.425634
202,6,1980.425634
202,6,1980.425634
202,6,1980.425634
202,6,1980.425634
202,6,1980.425634
203,5,2063.694684
203,5,2063.694684
203,6,1980.425634
203,6,1980.425634
203,6,1980.425634
203,6,1980.425634
203,6,1980.425634
203,6,1980.425634
203,6,1980.425634
203,6,1980.425634
203,6,1980.425634
203,6,1980.425634
203,6,1980.425634
204,5,2060.061198
204,6,1977.515778
205,5,2060.061198
205,5,2060.061198
205,6,1977.515778
205,6,1977.515778
206,5,2057.507844
206,6,1974.328301
207,5,2057.507844
207,5,2057.507844
207,6,1974.328301
207,6,1974.328301
208,5,2057.507844
208,5,2057.507844
208,5,2057.507844
208,6,1974.328301
208,6,1974.328301
208,6,1974.328301
209,5,2053.868981
209,6,1974.328301
209,6,1974.328301
209,6,1974.328301
209,6,1974.328301
210,5,2053.868981
210,5,2053.868981
210,6,1974.328301
210,6,1974.328301
210,6,1974.328301
210,6,1974.328301
210,6,1974.328301
211,5,2053.868981
211,5,2053.868981
211,5,2053.868981
211,6,1972.440659
212,5,2053.868981
212,5,2053.868981
212,5,2053.868981
212,5,2053.868981
212,6,1972.440659
212,6,1972.440659
213,5,2053.868981
213,5,2053.868981
213,5,2053.868981
213,5,2053.868981
213,5,2053.868981
213,6,1972.440659
213,6,1972.440659
213,6,1972.440659
214,5,2053.868981
214,5,2053.868981
214,5,2053.868981
214,5,2053.868981
214,5,2053.868981
214,5,2053.868981
214,6,1972.440659
214,6,1972.440659
214,6,1972.440659
214,6,1972.440659
215,5,2053.868981
215,5,2053.868981
215,5,2053.868981
215,5,2053.868981
215,5,2053.868981
215,5,2053.868981
215,5,2053.868981
215,6,1972.440659
215,6,1972.440659
215,6,1972.440659
215,6,1972.440659
215,6,1972.440659
216,5,2053.868981
216,5,2053.868981
216,5,2053.868981
216,5,2053.868981
216,5,2053.868981
216,5,2053.868981
216,5,2053.868981
216,5,2053.868981
216,6,1972.440659
216,6,1972.440659
216,6,1972.440659
216,6,1972.440659
216,6,1972.440659
216,6,1972.440659
216,6,1972.440659
217,5,2053.868981
217,5,2053.868981
217,5,2053.868981
217,5,2053.868981
217,5,2053.868981
217,5,2053.868981
217,5,2053.868981
217,5,2053.868981
217,5,2053.868981
217,6,1972.440659
217,6,1972.440659
217,6,1972.440659
217,6,1972.440659
217,6,1972.440659
217,6,1972.440659
217,6,1972.440659
217,6,1972.440659
217,6,1972.440659
218,5,2053.868981
218,5,2053.868981
218,5,2053.868981
218,5,2053.868981
218,5,2053.868981
218,5,2053.868981
218,5,2053.868981
218,5,2053.868981
218,5,2053.868981
218,5,2053.868981
218,6,1972.440659
218,6,1972.440659
218,6,1972.440659
218,6,1972.440659
218,6,1972.440659
218,6,1972.440659
218,6,1972.440659
218,6,1972.440659
218,6,1972.440659
218,6,1972.440659
218,6,1972.440659
219,5,2053.868981
219,5,2053.868981
219,5,2053.868981
219,5,2053.868981
219,5,2053.868981
219,5,2053.868981
219,5,2053.868981
219,5,2053.868981
219,5,2053.868981
219,5,2053.868981
219,5,2053.868981
219,6,1972.440659
219,6,1972.440659
219,6,1972.440659
219,6,1972.440659
219,6,1972.440659
219,6,1972.440659
219,6,1972.440659
219,6,1972.440659
219,6,1972.440659
219,6,1972.440659
219,6,1972.440659
219,6,1972.440659
219,6,1972.440659
220,5,2053.868981
220,5,2053.868981
220,5,2053.868981
220,5,2053.868981
220,5,2053.868981
220,5,2053.868981
220,5,2053.868981
220,5,2053.868981
220,5,2053.868981
220,5,2053.868981
220,5,2053.868981
220,5,2053.868981
220,6,1972.440659
220,6,1972.440659
220,6,1972.440659
220,6,1972.440659
220,6,1972.440659
220,6,1972.440659
220,6,1972.440659
220,6,1972.440659
220,6,1972.440659
220,6,1972.440659
220,6,1972.440659
220,6,1972.440659
220,6,1972.440659
220,6,1972.440659
220,6,1972.440659
221,5,2050.040396
221,6,1972.440659
221,6,1972.440659
221,6,1972.440659
221,6,1972.440659
221,6,1972.440659
221,6,1972.440659
221,6,1972.440659
221,6,1972.440659
221,6,1972.440659
221,6,1972.440659
221,6,1972.440659
221,6,1972.440659
221,6,1972.440659
221,6,1972.440659
221,6,1972.440659
221,6,1972.440659
221,6,1972.440659
222,5,2050.040396
222,5,2050.040396
222,6,1972.440659
222,6,1972.440659
222,6,1972.440659
222,6,1972.440659
222,6,1972.440659
222,6,1972.440659
222,6,1972.440659
222,6,1972.440659
222,6,1972.440659
222,6,1972.440659
222,6,1972.440659
222,6,1972.440659
222,6,1972.440659
222,6,1972.440659
222,6,1972.440659
222,6,1972.440659
222,6,1972.440659
222,6,1972.440659
222,6,1972.440659
223,5,2050.040396
223,5,2050.040396
223,5,2050.040396
223,6,1972.440659
223,6,1972.440659
223,6,1972.440659
223,6,1972.440659
223,6,1972.440659
223,6,1972.440659
223,6,1972.440659
223,6,1972.440659
223,6,1972.440659
223,6,1972.440659
223,6,1972.440659
223,6,1972.440659
223,6,1972.440659
223,6,1972.440659
223,6,1972.440659
223,6,1972.440659
223,6,1972.440659
223,6,1972.440659
223,6,1972.440659
223,6,1972.440659
223,6,1972.440659
224,5,2050.040396
224,5,2050.040396
224,5,2050.040396
224,5,2050.040396
224,6,1972.440659
224,6,1972.440659
224,6,1972.440659
224,6,1972.440659
224,6,1972.440659
224,6,1972.440659
224,6,1972.440659
224,6,1972.440659
224,6,1972.440659
224,6,1972.440659
224,6,1972.440659
224,6,1972.440659
224,6,1972.440659
224,6,1972.440659
224,6,1972.440659
224,6,1972.440659
224,6,1972.440659
224,6,1972.440659
224,6,1972.440659
224,6,1972.440659
224,6,1972.440659
224,6,1972.440659
224,6,1972.440659
224,6,1972.440659
225,5,2050.040396
225,5,2050.040396
225,5,2050.040396
225,5,2050.040396
225,5,2050.040396
225,6,1972.440659
225,6,1972.440659
225,6,1972.440659
225,6,1972.440659
225,6,1972.440659
225,6,1972.440659
225,6,1972.440659
225,6,1972.440659
225,6,1972.440659
225,6,1972.440659
225,6,1972.440659
225,6,1972.440659
225,6,1972.440659
225,6,1972.440659
225,6,1972.440659
225,6,1972.440659
225,6,1972.440659
225,6,1972.440659
225,6,1972.440659
225,6,1972.440659
225,6,1972.440659
225,6,1972.440659
225,6,1972.440659
225,6,1972.440659
225,6,1972.440659
225,6,1972.440659
225,6,1972.440659
225,6,1972.440659
226,5,2050.040396
226,5,2050.040396
226,5,2050.040396
226,5,2050.040396
226,5,2050.040396
226,5,2050.040396
226,6,1969.936568
227,5,2043.901912
227,6,1969.936568
227,6,1969.936568
228,5,2043.901912
228,5,2043.901912
228,6,1969.936568
228,6,1969.936568
228,6,1969.936568
228,7,1966.896592
229,5,2043.901912
229,5,2043.901912
229,5,2043.901912
229,6,1969.936568
229,6,1969.936568
229,6,1969.936568
229,6,1969.936568
229,7,1966.896592
229,7,1966.896592
230,5,2043.901912
230,5,2043.901912
230,5,2043.901912
230,5,2043.901912
230,6,1969.936568
230,6,1969.936568
230,6,1969.936568
230,6,1969.936568
230,6,1969.936568
230,7,1966.896592
230,7,1966.896592
230,7,1966.896592
231,5,2043.901912
231,5,2043.901912
231,5,2043.901912
231,5,2043.901912
231,5,2043.901912
231,6,1969.936568
231,6,1969.936568
231,6,1969.936568
231,6,1969.936568
231,6,1969.936568
231,6,1969.936568
231,7,1966.896592
231,7,1966.896592
231,7,1966.896592
231,7,1966.896592
232,5,2043.901912
232,5,2043.901912
232,5,2043.901912
232,5,2043.901912
232,5,2043.901912
232,5,2043.901912
232,6,1969.936568
232,6,1969.936568
232,6,1969.936568
232,6,1969.936568
232,6,1969.936568
232,6,1969.936568
232,6,1969.936568
232,7,1966.896592
232,7,1966.896592
232,7,1966.896592
232,7,1966.896592
232,7,1966.896592
233,5,2043.901912
233,5,2043.901912
233,5,2043.901912
233,5,2043.901912
233,5,2043.901912
233,5,2043.901912
233,5,2043.901912
233,6,1969.936568
233,6,1969.936568
233,6,1969.936568
233,6,1969.936568
233,6,1969.936568
233,6,1969.936568
233,6,1969.936568
233,6,1969.936568
233,7,1966.896592
233,7,1966.896592
233,7,1966.896592
233,7,1966.896592
233,7,1966.896592
233,7,1966.896592
234,5,2043.901912
234,5,2043.901912
234,5,2043.901912
234,5,2043.901912
234,5,2043.901912
234,5,2043.901912
234,5,2043.901912
234,5,2043.901912
234,6,1969.317823
234,7,1966.896592
234,7,1966.896592
234,7,1966.896592
234,7,1966.896592
234,7,1966.896592
234,7,1966.896592
234,7,1966.896592
235,5,2037.899512
235,6,1969.317823
235,6,1969.317823
235,7,1966.896592
235,7,1966.896592
235,7,1966.896592
235,7,1966.896592
235,7,1966.896592
235,7,1966.896592
235,7,1966.896592
235,7,1966.896592
236,5,2036.576152
236,6,1966.855499
237,5,2036.576152
237,5,2036.576152
237,6,1966.855499
237,6,1966.855499
238,5,2036.576152
238,5,2036.576152
238,5,2036.576152
238,6,1966.855499
238,6,1966.855499
238,6,1966.855499
239,5,2036.576152
239,5,2036.576152
239,5,2036.576152
239,5,2036.576152
239,6,1965.367837
240,5,2036.576152
240,5,2036.576152
240,5,2036.576152
240,5,2036.576152
240,5,2036.576152
240,6,1965.367837
240,6,1965.367837
241,5,2036.576152
241,5,2036.576152
241,5,2036.576152
241,5,2036.576152
241,5,2036.576152
241,5,2036.576152
241,6,1965.367837
241,6,1965.367837
241,6,1965.367837
242,5,2031.886852
242,6,1965.367837
242,6,1965.367837
242,6,1965.367837
242,6,1965.367837
243,5,2031.886852
243,5,2031.886852
243,6,1965.367837
243,6,1965.367837
243,6,1965.367837
243,6,1965.367837
243,6,1965.367837
243,7,1964.648488
244,5,2031.886852
244,5,2031.886852
244,5,2031.886852
244,6,1965.367837
244,6,1965.367837
244,6,1965.367837
244,6,1965.367837
244,6,1965.367837
244,6,1965.367837
244,7,1964.648488
244,7,1964.648488
245,5,2031.886852
245,5,2031.886852
245,5,2031.886852
245,5,2031.886852
245,6,1965.367837
245,6,1965.367837
245,6,1965.367837
245,6,1965.367837
245,6,1965.367837
245,6,1965.367837
245,6,1965.367837
245,7,1964.648488
245,7,1964.648488
245,7,1964.648488
246,5,2031.886852
246,5,2031.886852
246,5,2031.886852
246,5,2031.886852
246,5,2031.886852
246,6,1965.367837
246,6,1965.367837
246,6,1965.367837
246,6,1965.367837
246,6,1965.367837
246,6,1965.367837
246,6,1965.367837
246,6,1965.367837
246,7,1964.648488
246,7,1964.648488
246,7,1964.648488
246,7,1964.648488
247,5,2031.886852
247,5,2031.886852
247,5,2031.886852
247,5,2031.886852
247,5,2031.886852
247,5,2031.886852
247,6,1965.367837
247,6,1965.367837
247,6,1965.367837
247,6,1965.367837
247,6,1965.367837
247,6,1965.367837
247,6,1965.367837
247,6,1965.367837
247,6,1965.367837
247,7,1964.648488
247,7,1964.648488
247,7,1964.648488
247,7,1964.648488
247,7,1964.648488
248,5,2031.886852
248,5,2031.886852
248,5,2031.886852
248,5,2031.886852
248,5,2031.886852
248,5,2031.886852
248,5,2031.886852
248,6,1965.367837
248,6,1965.367837
248,6,1965.367837
248,6,1965.367837
248,6,1965.367837
248,6,1965.367837
248,6,1965.367837
248,6,1965.367837
248,6,1965.367837
248,6,1965.367837
248,7,1964.648488
248,7,1964.648488
248,7,1964.648488
248,7,1964.648488
248,7,1964.648488
248,7,1964.648488
249,5,2031.886852
249,5,2031.886852
249,5,2031.886852
249,5,2031.886852
249,5,2031.886852
249,5,2031.886852
249,5,2031.886852
249,5,2031.886852
249,6,1965.367837
249,6,1965.367837
249,6,1965.367837
249,6,1965.367837
249,6,1965.367837
249,6,1965.367837
249,6,1965.367837
249,6,1965.367837
249,6,1965.367837
249,6,1965.367837
249,6,1965.367837
249,7,1959.502243
250,5,2031.886852
250,5,2031.886852
250,5,2031.886852
250,5,2031.886852
250,5,2031.886852
250,5,2031.886852
250,5,2031.886852
250,5,2031.886852
250,5,2031.886852
250,6,1965.367837
250,6,1965.367837
250,6,1965.367837
250,6,1965.367837
250,6,1965.367837
250,6,1965.367837
250,6,1965.367837
250,6,1965.367837
250,6,1965.367837
250,6,1965.367837
250,6,1965.367837
250,6,1965.367837
250,7,1959.502243
250,7,1959.502243
251,5,2031.886852
251,5,2031.886852
251,5,2031.886852
251,5,2031.886852
251,5,2031.886852
251,5,2031.886852
251,5,2031.886852
251,5,2031.886852
251,5,2031.886852
251,5,2031.886852
251,6,1965.367837
251,6,1965.367837
251,6,1965.367837
251,6,1965.367837
251,6,1965.367837
251,6,1965.367837
251,6,1965.367837
251,6,1965.367837
251,6,1965.367837
251,6,1965.367837
251,6,1965.367837
251,6,1965.367837
251,6,1965.367837
251,7,1959.502243
251,7,1959.502243
251,7,1959.502243
252,5,2031.886852
252,5,2031.886852
252,5,2031.886852
252,5,2031.886852
252,5,2031.886852
252,5,2031.886852
252,5,2031.886852
252,5,2031.886852
252,5,2031.886852
252,5,2031.886852
252,5,2031.886852
252,6,1965.367837
252,6,1965.367837
252,6,1965.367837
252,6,1965.367837
252,6,1965.367837
252,6,1965.367837
252,6,1965.367837
252,6,1965.367837
252,6,1965.367837
252,6,1965.367837
252,6,1965.367837
252,6,1965.367837
252,6,1965.367837
252,6,1965.367837
252,7,1959.502243
252,7,1959.502243
252,7,1959.502243
252,7,1959.502243
253,5,2031.886852
253,5,2031.886852
253,5,2031.886852
253,5,2031.886852
253,5,2031.886852
253,5,2031.886852
253,5,2031.886852
253,5,2031.886852
253,5,2031.886852
253,5,2031.886852
253,5,2031.886852
253,5,2031.886852
253,6,1965.367837
253,6,1965.367837
253,6,1965.367837
253,6,1965.367837
253,6,1965.367837
253,6,1965.367837
253,6,1965.367837
253,6,1965.367837
253,6,1965.367837
253,6,1965.367837
253,6,1965.367837
253,6,1965.367837
253,6,1965.367837
253,6,1965.367837
253,6,1965.367837
253,7,1959.502243
253,7,1959.502243
253,7,1959.502243
253,7,1959.502243
253,7,1959.502243
254,5,2031.886852
254,5,2031.886852
254,5,2031.886852
254,5,2031.886852
254,5,2031.886852
254,5,2031.886852
254,5,2031.886852
254,5,2031.886852
254,5,2031.886852
254,5,2031.886852
254,5,2031.886852
254,5,2031.886852
254,5,2031.886852
254,6,1965.367837
254,6,1965.367837
254,6,1965.367837
254,6,1965.367837
254,6,1965.367837
254,6,1965.367837
254,6,1965.367837
254,6,1965.367837
254,6,1965.367837
254,6,1965.367837
254,6,1965.367837
254,6,1965.367837
254,6,1965.367837
254,6,1965.367837
254,6,1965.367837
254,6,1965.367837
254,7,1959.502243
254,7,1959.502243
254,7,1959.502243
254,7,1959.502243
254,7,1959.502243
254,7,1959.502243
255,5,2031.886852
255,5,2031.886852
255,5,2031.886852
255,5,2031.886852
255,5,2031.886852
255,5,2031.886852
255,5,2031.886852
255,5,2031.886852
255,5,2031.886852
255,5,2031.886852
255,5,2031.886852
255,5,2031.886852
255,5,2031.886852
255,5,2031.886852
255,6,1965.367837
255,6,1965.367837
255,6,1965.367837
255,6,1965.367837
255,6,1965.367837
255,6,1965.367837
255,6,1965.367837
255,6,1965.367837
255,6,1965.367837
255,6,1965.367837
255,6,1965.367837
255,6,1965.367837
255,6,1965.367837
255,6,1965.367837
255,6,1965.367837
255,6,1965.367837
255,6,1965.367837
255,7,1959.502243
255,7,1959.502243
255,7,1959.502243
255,7,1959.502243
255,7,1959.502243
255,7,1959.502243
255,7,1959.502243
256,5,2031.886852
256,5,2031.886852
256,5,2031.886852
256,5,2031.886852
256,5,2031.886852
256,5,2031.886852
256,5,2031.886852
256,5,2031.886852
256,5,2031.886852
256,5,2031.886852
256,5,2031.886852
256,5,2031.886852
256,5,2031.886852
256,5,2031.886852
256,5,2031.886852
256,6,1965.367837
256,6,1965.367837
256,6,1965.367837
256,6,1965.367837
256,6,1965.367837
256,6,1965.367837
256,6,1965.367837
256,6,1965.367837
256,6,1965.367837
256,6,1965.367837
256,6,1965.367837
256,6,1965.367837
256,6,1965.367837
256,6,1965.367837
256,6,1965.367837
256,6,1965.367837
256,6,1965.367837
256,6,1965.367837
256,7,1959.502243
256,7,1959.502243
256,7,1959.502243
256,7,1959.502243
256,7,1959.502243
256,7,1959.502243
256,7,1959.502243
256,7,1959.502243
257,5,2031.886852
257,5,2031.886852
257,5,2031.886852
257,5,2031.886852
257,5,2031.886852
257,5,2031.886852
257,5,2031.886852
257,5,2031.886852
257,5,2031.886852
257,5,2031.886852
257,5,2031.886852
257,5,2031.886852
257,5,2031.886852
257,5,2031.886852
257,5,2031.886852
257,5,2031.886852
257,6,1965.367837
257,6,1965.367837
257,6,1965.367837
257,6,1965.367837
257,6,1965.367837
257,6,1965.367837
257,6,1965.367837
257,6,1965.367837
257,6,1965.367837
257,6,1965.367837
257,6,1965.367837
257,6,1965.367837
257,6,1965.367837
257,6,1965.367837
257,6,1965.367837
257,6,1965.367837
257,6,1965.367837
257,6,1965.367837
257,6,1965.367837
257,7,1959.502243
257,7,1959.502243
257,7,1959.502243
257,7,1959.502243
257,7,1959.502243
257,7,1959.502243
257,7,1959.502243
257,7,1959.502243
257,7,1959.502243
258,5,2031.886852
258,5,2031.886852
258,5,2031.886852
258,5,2031.886852
258,5,2031.886852
258,5,2031.886852
258,5,2031.886852
258,5,2031.886852
258,5,2031.886852
258,5,2031.886852
258,5,2031.886852
258,5,2031.886852
258,5,2031.886852
258,5,2031.886852
258,5,2031.886852
258,5,2031.886852
258,5,2031.886852
258,6,1965.367837
258,6,1965.367837
258,6,1965.367837
258,6,1965.367837
258,6,1965.367837
258,6,1965.367837
258,6,1965.367837
258,6,1965.367837
258,6,1965.367837
258,6,1965.367837
258,6,1965.367837
258,6,1965.367837
258,6,1965.367837
258,6,1965.367837
258,6,1965.367837
258,6,1965.367837
258,6,1965.367837
258,6,1965.367837
258,6,1965.367837
258,6,1965.367837
258,7,1959.502243
258,7,1959.502243
258,7,1959.502243
258,7,1959.502243
258,7,1959.502243
258,7,1959.502243
258,7,1959.502243
258,7,1959.502243
258,7,1959.502243
258,7,1959.502243
259,5,2031.886852
259,5,2031.886852
259,5,2031.886852
259,5,2031.886852
259,5,2031.886852
259,5,2031.886852
259,5,2031.886852
259,5,2031.886852
259,5,2031.886852
259,5,2031.886852
259,5,2031.886852
259,5,2031.886852
259,5,2031.886852
259,5,2031.886852
259,5,2031.886852
259,5,2031.886852
259,5,2031.886852
259,5,2031.886852
259,6,1964.903686
259,7,1959.502243
259,7,1959.502243
259,7,1959.502243
259,7,1959.502243
259,7,1959.502243
259,7,1959.502243
259,7,1959.502243
259,7,1959.502243
259,7,1959.502243
259,7,1959.502243
259,7,1959.502243
260,5,2031.886852
260,5,2031.886852
260,5,2031.886852
260,5,2031.886852
260,5,2031.886852
260,5,2031.886852
260,5,2031.886852
260,5,2031.886852
260,5,2031.886852
260,5,2031.886852
260,5,2031.886852
260,5,2031.886852
260,5,2031.886852
260,5,2031.886852
260,5,2031.886852
260,5,2031.886852
260,5,2031.886852
260,5,2031.886852
260,5,2031.886852
260,6,1964.903686
260,6,1964.903686
260,7,1959.502243
260,7,1959.502243
260,7,1959.502243
260,7,1959.502243
260,7,1959.502243
260,7,1959.502243
260,7,1959.502243
260,7,1959.502243
260,7,1959.502243
260,7,1959.502243
260,7,1959.502243
260,7,1959.502243
261,5,2031.886852
261,5,2031.886852
261,5,2031.886852
261,5,2031.886852
261,5,2031.886852
261,5,2031.886852
261,5,2031.886852
261,5,2031.886852
261,5,2031.886852
261,5,2031.886852
261,5,2031.886852
261,5,2031.886852
261,5,2031.886852
261,5,2031.886852
261,5,2031.886852
261,5,2031.886852
261,5,2031.886852
261,5,2031.886852
261,5,2031.886852
261,5,2031.886852
261,6,1964.903686
261,6,1964.903686
261,6,1964.903686
261,6,1964.903686
261,7,1959.502243
261,7,1959.502243
261,7,1959.502243
261,7,1959.502243
261,7,1959.502243
261,7,1959.502243
261,7,1959.502243
261,7,1959.502243
261,7,1959.502243
261,7,1959.502243
261,7,1959.502243
261,7,1959.502243
261,7,1959.502243
262,5,2031.886852
262,5,2031.886852
262,5,2031.886852
262,5,2031.886852
262,5,2031.886852
262,5,2031.886852
262,5,2031.886852
262,5,2031.886852
262,5,2031.886852
262,5,2031.886852
262,5,2031.886852
262,5,2031.886852
262,5,2031.886852
262,5,2031.886852
262,5,2031.886852
262,5,2031.886852
262,5,2031.886852
262,5,2031.886852
262,5,2031.886852
262,5,2031.886852
262,5,2031.886852
262,6,1964.903686
262,6,1964.903686
262,6,1964.903686
262,6,1964.903686
262,6,1964.903686
262,6,1964.903686
262,7,1953.633784
263,5,2031.886852
263,5,2031.886852
263,5,2031.886852
263,5,2031.886852
263,5,2031.886852
263,5,2031.886852
263,5,2031.886852
263,5,2031.886852
263,5,2031.886852
263,5,2031.886852
263,5,2031.886852
263,5,2031.886852
263,5,2031.886852
263,5,2031.886852
263,5,2031.886852
263,5,2031.886852
263,5,2031.886852
263,5,2031.886852
263,5,2031.886852
263,5,2031.886852
263,5,2031.886852
263,5,2031.886852
263,6,1964.903686
263,6,1964.903686
263,6,1964.903686
263,6,1964.903686
263,6,1964.903686
263,6,1964.903686
263,6,1964.903686
263,6,1964.903686
263,7,1953.633784
263,7,1953.633784
264,5,2031.886852
264,5,2031.886852
264,5,2031.886852
264,5,2031.886852
264,5,2031.886852
264,5,2031.886852
264,5,2031.886852
264,5,2031.886852
264,5,2031.886852
264,5,2031.886852
264,5,2031.886852
264,5,2031.886852
264,5,2031.886852
264,5,2031.886852
264,5,2031.886852
264,5,2031.886852
264,5,2031.886852
264,5,2031.886852
264,5,2031.886852
264,5,2031.886852
264,5,2031.886852
264,5,2031.886852
264,5,2031.886852
264,6,1963.803137
264,7,1953.633784
264,7,1953.633784
264,7,1953.633784
265,5,2031.886852
265,5,2031.886852
265,5,2031.886852
265,5,2031.886852
265,5,2031.886852
265,5,2031.886852
265,5,2031.886852
265,5,2031.886852
265,5,2031.886852
265,5,2031.886852
265,5,2031.886852
265,5,2031.886852
265,5,2031.886852
265,5,2031.886852
265,5,2031.886852
265,5,2031.886852
265,5,2031.886852
265,5,2031.886852
265,5,2031.886852
265,5,2031.886852
265,5,2031.886852
265,5,2031.886852
265,5,2031.886852
265,5,2031.886852
265,6,1963.803137
265,6,1963.803137
265,7,1953.633784
265,7,1953.633784
265,7,1953.633784
265,7,1953.633784
266,5,2031.886852
266,5,2031.886852
266,5,2031.886852
266,5,2031.886852
266,5,2031.886852
266,5,2031.886852
266,5,2031.886852
266,5,2031.886852
266,5,2031.886852
266,5,2031.886852
266,5,2031.886852
266,5,2031.886852
266,5,2031.886852
266,5,2031.886852
266,5,2031.886852
266,5,2031.886852
266,5,2031.886852
266,5,2031.886852
266,5,2031.886852
266,5,2031.886852
266,5,2031.886852
266,5,2031.886852
266,5,2031.886852
266,5,2031.886852
266,5,2031.886852
266,6,1963.803137
266,6,1963.803137
266,6,1963.803137
266,7,1953.633784
266,7,1953.633784
266,7,1953.633784
266,7,1953.633784
266,7,1953.633784
267,5,2031.886852
267,5,2031.886852
267,5,2031.886852
267,5,2031.886852
267,5,2031.886852
267,5,2031.886852
267,5,2031.886852
267,5,2031.886852
267,5,2031.886852
267,5,2031.886852
267,5,2031.886852
267,5,2031.886852
267,5,2031.886852
267,5,2031.886852
267,5,2031.886852
267,5,2031.886852
267,5,2031.886852
267,5,2031.886852
267,5,2031.886852
267,5,2031.886852
267,5,2031.886852
267,5,2031.886852
267,5,2031.886852
267,5,2031.886852
267,5,2031.886852
267,5,2031.886852
267,6,1963.803137
267,6,1963.803137
267,6,1963.803137
267,6,1963.803137
267,7,1953.633784
267,7,1953.633784
267,7,1953.633784
267,7,1953.633784
267,7,1953.633784
267,7,1953.633784
268,5,2030.393301
268,6,1963.803137
268,6,1963.803137
268,6,1963.803137
268,6,1963.803137
268,6,1963.803137
268,7,1953.633784
268,7,1953.633784
268,7,1953.633784
268,7,1953.633784
268,7,1953.633784
268,7,1953.633784
268,7,1953.633784
269,5,2030.393301
269,5,2030.393301
269,6,1963.803137
269,6,1963.803137
269,6,1963.803137
269,6,1963.803137
269,6,1963.803137
269,6,1963.803137
269,7,1953.633784
269,7,1953.633784
269,7,1953.633784
269,7,1953.633784
269,7,1953.633784
269,7,1953.633784
269,7,1953.633784
269,7,1953.633784
270,5,2030.393301
270,5,2030.393301
270,5,2030.393301
270,6,1953.517459
271,5,2029.690203
271,6,1953.517459
271,6,1953.517459
272,5,2029.690203
272,5,2029.690203
272,6,1953.517459
272,6,1953.517459
272,6,1953.517459
272,6,1953.517459
273,5,2029.690203
273,5,2029.690203
273,5,2029.690203
273,6,1953.517459
273,6,1953.517459
273,6,1953.517459
273,6,1953.517459
273,6,1953.517459
273,6,1953.517459
274,5,2029.690203
274,5,2029.690203
274,5,2029.690203
274,5,2029.690203
274,6,1953.517459
274,6,1953.517459
274,6,1953.517459
274,6,1953.517459
274,6,1953.517459
274,6,1953.517459
274,6,1953.517459
274,6,1953.517459
274,6,1953.517459
275,5,2028.401592
275,6,1953.517459
275,6,1953.517459
275,6,1953.517459
275,6,1953.517459
275,6,1953.517459
275,6,1953.517459
275,6,1953.517459
275,6,1953.517459
275,6,1953.517459
275,6,1953.517459
275,6,1953.517459
275,6,1953.517459
276,5,2028.401592
276,5,2028.401592
276,6,1953.517459
276,6,1953.517459
276,6,1953.517459
276,6,1953.517459
276,6,1953.517459
276,6,1953.517459
276,6,1953.517459
276,6,1953.517459
276,6,1953.517459
276,6,1953.517459
276,6,1953.517459
276,6,1953.517459
276,6,1953.517459
276,6,1953.517459
276,6,1953.517459
276,6,1953.517459
277,5,2027.678840
277,6,1953.517459
277,6,1953.517459
277,6,1953.517459
277,6,1953.517459
277,6,1953.517459
277,6,1953.517459
277,6,1953.517459
277,6,1953.517459
277,6,1953.517459
277,6,1953.517459
277,6,1953.517459
277,6,1953.517459
277,6,1953.517459
277,6,1953.517459
277,6,1953.517459
277,6,1953.517459
277,6,1953.517459
277,6,1953.517459
277,6,1953.517459
277,6,1953.517459
277,7,1951.532593
278,5,2027.678840
278,5,2027.678840
278,6,1953.517459
278,6,1953.517459
278,6,1953.517459
278,6,1953.517459
278,6,1953.517459
278,6,1953.517459
278,6,1953.517459
278,6,1953.517459
278,6,1953.517459
278,6,1953.517459
278,6,1953.517459
278,6,1953.517459
278,6,1953.517459
278,6,1953.517459
278,6,1953.517459
278,6,1953.517459
278,6,1953.517459
278,6,1953.517459
278,6,1953.517459
278,6,1953.517459
278,6,1953.517459
278,6,1953.517459
278,6,1953.517459
278,6,1953.517459
278,7,1951.532593
278,7,1951.532593
279,5,2027.678840
279,5,2027.678840
279,5,2027.678840
279,6,1953.517459
279,6,1953.517459
279,6,1953.517459
279,6,1953.517459
279,6,1953.517459
279,6,1953.517459
279,6,1953.517459
279,6,1953.517459
279,6,1953.517459
279,6,1953.517459
279,6,1953.517459
279,6,1953.517459
279,6,1953.517459
279,6,1953.517459
279,6,1953.517459
279,6,1953.517459
279,6,1953.517459
279,6,1953.517459
279,6,1953.517459
279,6,1953.517459
279,6,1953.517459
279,6,1953.517459
279,6,1953.517459
279,6,1953.517459
279,6,1953.517459
279,6,1953.517459
279,6,1953.517459
279,6,1953.517459
279,7,1951.532593
279,7,1951.532593
279,7,1951.532593
280,5,2027.678840
280,5,2027.678840
280,5,2027.678840
280,5,2027.678840
280,6,1953.517459
280,6,1953.517459
280,6,1953.517459
280,6,1953.517459
280,6,1953.517459
280,6,1953.517459
280,6,1953.517459
280,6,1953.517459
280,6,1953.517459
280,6,1953.517459
280,6,1953.517459
280,6,1953.517459
280,6,1953.517459
280,6,1953.517459
280,6,1953.517459
280,6,1953.517459
280,6,1953.517459
280,6,1953.517459
280,6,1953.517459
280,6,1953.517459
280,6,1953.517459
280,6,1953.517459
280,6,1953.517459
280,6,1953.517459
280,6,1953.517459
280,6,1953.517459
280,6,1953.517459
280,6,1953.517459
280,6,1953.517459
280,6,1953.517459
280,6,1953.517459
280,6,1953.517459
280,7,1951.532593
280,7,1951.532593
280,7,1951.532593
280,7,1951.532593
281,5,2027.678840
281,5,2027.678840
281,5,2027.678840
281,5,2027.678840
281,5,2027.678840
281,6,1953.517459
281,6,1953.517459
281,6,1953.517459
281,6,1953.517459
281,6,1953.517459
281,6,1953.517459
281,6,1953.517459
281,6,1953.517459
281,6,1953.517459
281,6,1953.517459
281,6,1953.517459
281,6,1953.517459
281,6,1953.517459
281,6,1953.517459
281,6,1953.517459
281,6,1953.517459
281,6,1953.517459
281,6,1953.517459
281,6,1953.517459
281,6,1953.517459
281,6,1953.517459
281,6,1953.517459
281,6,1953.517459
281,6,1953.517459
281,6,1953.517459
281,6,1953.517459
281,6,1953.517459
281,6,1953.517459
281,6,1953.517459
281,6,1953.517459
281,6,1953.517459
281,6,1953.517459
281,6,1953.517459
281,6,1953.517459
281,6,1953.517459
281,6,1953.517459
281,6,1953.517459
281,7,1951.532593
281,7,1951.532593
281,7,1951.532593
281,7,1951.532593
281,7,1951.532593
282,5,2027.678840
282,5,2027.678840
282,5,2027.678840
282,5,2027.678840
282,5,2027.678840
282,5,2027.678840
282,6,1953.517459
282,6,1953.517459
282,6,1953.517459
282,6,1953.517459
282,6,1953.517459
282,6,1953.517459
282,6,1953.517459
282,6,1953.517459
282,6,1953.517459
282,6,1953.517459
282,6,1953.517459
282,6,1953.517459
282,6,1953.517459
282,6,1953.517459
282,6,1953.517459
282,6,1953.517459
282,6,1953.517459
282,6,1953.517459
282,6,1953.517459
282,6,1953.517459
282,6,1953.517459
282,6,1953.517459
282,6,1953.517459
282,6,1953.517459
282,6,1953.517459
282,6,1953.517459
282,6,1953.517459
282,6,1953.517459
282,6,1953.517459
282,6,1953.517459
282,6,1953.517459
282,6,1953.517459
282,6,1953.517459
282,6,1953.517459
282,6,1953.517459
282,6,1953.517459
282,6,1953.517459
282,6,1953.517459
282,6,1953.517459
282,6,1953.517459
282,6,1953.517459
282,6,1953.517459
282,7,1951.532593
282,7,1951.532593
282,7,1951.532593
282,7,1951.532593
282,7,1951.532593
282,7,1951.532593
283,5,2027.678840
283,5,2027.678840
283,5,2027.678840
283,5,2027.678840
283,5,2027.678840
283,5,2027.678840
283,5,2027.678840
283,6,1953.517459
283,6,1953.517459
283,6,1953.517459
283,6,1953.517459
283,6,1953.517459
283,6,1953.517459
283,6,1953.517459
283,6,1953.517459
283,6,1953.517459
283,6,1953.517459
283,6,1953.517459
283,6,1953.517459
283,6,1953.517459
283,6,1953.517459
283,6,1953.517459
283,6,1953.517459
283,6,1953.517459
283,6,1953.517459
283,6,1953.517459
283,6,1953.517459
283,6,1953.517459
283,6,1953.517459
283,6,1953.517459
283,6,1953.517459
283,6,1953.517459
283,6,1953.517459
283,6,1953.517459
283,6,1953.517459
283,6,1953.517459
283,6,1953.517459
283,6,1953.517459
283,6,1953.517459
283,6,1953.517459
283,6,1953.517459
283,6,1953.517459
283,6,1953.517459
283,6,1953.517459
283,6,1953.517459
283,6,1953.517459
283,6,1953.517459
283,6,1953.517459
283,6,1953.517459
283,6,1953.517459
283,6,1953.517459
283,6,1953.517459
283,6,1953.517459
283,6,1953.517459
283,7,1951.532593
283,7,1951.532593
283,7,1951.532593
283,7,1951.532593
283,7,1951.532593
283,7,1951.532593
283,7,1951.532593
284,5,2027.678840
284,5,2027.678840
284,5,2027.678840
284,5,2027.678840
284,5,2027.678840
284,5,2027.678840
284,5,2027.678840
284,5,2027.678840
284,6,1953.517459
284,6,1953.517459
284,6,1953.517459
284,6,1953.517459
284,6,1953.517459
284,6,1953.517459
284,6,1953.517459
284,6,1953.517459
284,6,1953.517459
284,6,1953.517459
284,6,1953.517459
284,6,1953.517459
284,6,1953.517459
284,6,1953.517459
284,6,1953.517459
284,6,1953.517459
284,6,1953.517459
284,6,1953.517459
284,6,1953.517459
284,6,1953.517459
284,6,1953.517459
284,6,1953.517459
284,6,1953.517459
284,6,1953.517459
284,6,1953.517459
284,6,1953.517459
284,6,1953.517459
284,6,1953.517459
284,6,1953.517459
284,6,1953.517459
284,6,1953.517459
284,6,1953.517459
284,6,1953.517459
284,6,1953.517459
284,6,1953.517459
284,6,1953.517459
284,6,1953.517459
284,6,1953.517459
284,6,1953.517459
284,6,1953.517459
284,6,1953.517459
284,6,1953.517459
284,6,1953.517459
284,6,1953.517459
284,6,1953.517459
284,6,1953.517459
284,6,1953.517459
284,6,1953.517459
284,6,1953.517459
284,6,1953.517459
284,6,1953.517459
284,6,1953.517459
284,7,1951.532593
284,7,1951.532593
284,7,1951.532593
284,7,1951.532593
284,7,1951.532593
284,7,1951.532593
284,7,1951.532593
284,7,1951.532593
285,5,2027.678840
285,5,2027.678840
285,5,2027.678840
285,5,2027.678840
285,5,2027.678840
285,5,2027.678840
285,5,2027.678840
285,5,2027.678840
285,5,2027.678840
285,6,1953.517459
285,6,1953.517459
285,6,1953.517459
285,6,1953.517459
285,6,1953.517459
285,6,1953.517459
285,6,1953.517459
285,6,1953.517459
285,6,1953.517459
285,6,1953.517459
285,6,1953.517459
285,6,1953.517459
285,6,1953.517459
285,6,1953.517459
285,6,1953.517459
285,6,1953.517459
285,6,1953.517459
285,6,1953.517459
285,6,1953.517459
285,6,1953.517459
285,6,1953.517459
285,6,1953.517459
285,6,1953.517459
285,6,1953.517459
285,6,1953.517459
285,6,1953.517459
285,6,1953.517459
285,6,1953.517459
285,6,1953.517459
285,6,1953.517459
285,6,1953.517459
285,6,1953.517459
285,6,1953.517459
285,6,1953.517459
285,6,1953.517459
285,6,1953.517459
285,6,1953.517459
285,6,1953.517459
285,6,1953.517459
285,6,1953.517459
285,6,1953.517459
285,6,1953.517459
285,6,1953.517459
285,6,1953.517459
285,6,1953.517459
285,6,1953.517459
285,6,1953.517459
285,6,1953.517459
285,6,1953.517459
285,6,1953.517459
285,6,1953.517459
285,6,1953.517459
285,6,1953.517459
285,6,1953.517459
285,6,1953.517459
285,6,1953.517459
285,6,1953.517459
285,7,1951.532593
285,7,1951.532593
285,7,1951.532593
285,7,1951.532593
285,7,1951.532593
285,7,1951.532593
285,7,1951.532593
285,7,1951.532593
285,7,1951.532593
286,5,2027.678840
286,5,2027.678840
286,5,2027.678840
286,5,2027.678840
286,5,2027.678840
286,5,2027.678840
286,5,2027.678840
286,5,2027.678840
286,5,2027.678840
286,5,2027.678840
286,6,1953.517459
286,6,1953.517459
286,6,1953.517459
286,6,1953.517459
286,6,1953.517459
286,6,1953.517459
286,6,1953.517459
286,6,1953.517459
286,6,1953.517459
286,6,1953.517459
286,6,1953.517459
286,6,1953.517459
286,6,1953.517459
286,6,1953.517459
286,6,1953.517459
286,6,1953.517459
286,6,1953.517459
286,6,1953.517459
286,6,1953.517459
286,6,1953.517459
286,6,1953.517459
286,6,1953.517459
286,6,1953.517459
286,6,1953.517459
286,6,1953.517459
286,6,1953.517459
286,6,1953.517459
286,6,1953.517459
286,6,1953.517459
286,6,1953.517459
286,6,1953.517459
286,6,1953.517459
286,6,1953.517459
286,6,1953.517459
286,6,1953.517459
286,6,1953.517459
286,6,1953.517459
286,6,1953.517459
286,6,1953.517459
286,6,1953.517459
286,6,1953.517459
286,6,1953.517459
286,6,1953.517459
286,6,1953.517459
286,6,1953.517459
286,6,1953.517459
286,6,1953.517459
286,6,1953.517459
286,6,1953.517459
286,6,1953.517459
286,6,1953.517459
286,6,1953.517459
286,6,1953.517459
286,6,1953.517459
286,6,1953.517459
286,6,1953.517459
286,6,1953.517459
286,6,1953.517459
286,6,1953.517459
286,6,1953.517459
286,6,1953.517459
286,6,1953.517459
286,6,1953.517459
286,7,1951.532593
286,7,1951.532593
286,7,1951.532593
286,7,1951.532593
286,7,1951.532593
286,7,1951.532593
286,7,1951.532593
286,7,1951.532593
286,7,1951.532593
286,7,1951.532593
287,5,2027.678840
287,5,2027.678840
287,5,2027.678840
287,5,2027.678840
287,5,2027.678840
287,5,2027.678840
287,5,2027.678840
287,5,2027.678840
287,5,2027.678840
287,5,2027.678840
287,5,2027.678840
287,6,1951.632145
287,7,1951.532593
287,7,1951.532593
287,7,1951.532593
287,7,1951.532593
287,7,1951.532593
287,7,1951.532593
287,7,1951.532593
287,7,1951.532593
287,7,1951.532593
287,7,1951.532593
287,7,1951.532593
288,5,2027.678840
288,5,2027.678840
288,5,2027.678840
288,5,2027.678840
288,5,2027.678840
288,5,2027.678840
288,5,2027.678840
288,5,2027.678840
288,5,2027.678840
288,5,2027.678840
288,5,2027.678840
288,5,2027.678840
288,6,1951.632145
288,6,1951.632145
288,7,1951.532593
288,7,1951.532593
288,7,1951.532593
288,7,1951.532593
288,7,1951.532593
288,7,1951.532593
288,7,1951.532593
288,7,1951.532593
288,7,1951.532593
288,7,1951.532593
288,7,1951.532593
288,7,1951.532593
289,5,2027.678840
289,5,2027.678840
289,5,2027.678840
289,5,2027.678840
289,5,2027.678840
289,5,2027.678840
289,5,2027.678840
289,5,2027.678840
289,5,2027.678840
289,5,2027.678840
289,5,2027.678840
289,5,2027.678840
289,5,2027.678840
289,6,1951.632145
289,6,1951.632145
289,6,1951.632145
289,7,1951.532593
289,7,1951.532593
289,7,1951.532593
289,7,1951.532593
289,7,1951.532593
289,7,1951.532593
289,7,1951.532593
289,7,1951.532593
289,7,1951.532593
289,7,1951.532593
289,7,1951.532593
289,7,1951.532593
289,7,1951.532593
290,5,2027.678840
290,5,2027.678840
290,5,2027.678840
290,5,2027.678840
290,5,2027.678840
290,5,2027.678840
290,5,2027.678840
290,5,2027.678840
290,5,2027.678840
290,5,2027.678840
290,5,2027.678840
290,5,2027.678840
290,5,2027.678840
290,5,2027.678840
290,6,1950.262589
291,5,2027.678840
291,5,2027.678840
291,5,2027.678840
291,5,2027.678840
291,5,2027.678840
291,5,2027.678840
291,5,2027.678840
291,5,2027.678840
291,5,2027.678840
291,5,2027.678840
291,5,2027.678840
291,5,2027.678840
291,5,2027.678840
291,5,2027.678840
291,5,2027.678840
291,6,1950.262589
291,6,1950.262589
291,6,1950.262589
292,5,2027.678840
292,5,2027.678840
292,5,2027.678840
292,5,2027.678840
292,5,2027.678840
292,5,2027.678840
292,5,2027.678840
292,5,2027.678840
292,5,2027.678840
292,5,2027.678840
292,5,2027.678840
292,5,2027.678840
292,5,2027.678840
292,5,2027.678840
292,5,2027.678840
292,5,2027.678840
292,6,1950.262589
292,6,1950.262589
292,6,1950.262589
292,6,1950.262589
292,6,1950.262589
293,5,2027.678840
293,5,2027.678840
293,5,2027.678840
293,5,2027.678840
293,5,2027.678840
293,5,2027.678840
293,5,2027.678840
293,5,2027.678840
293,5,2027.678840
293,5,2027.678840
293,5,2027.678840
293,5,2027.678840
293,5,2027.678840
293,5,2027.678840
293,5,2027.678840
293,5,2027.678840
293,5,2027.678840
293,6,1950.249498
294,5,2027.491833
294,6,1950.246675
295,5,2027.491833
295,5,2027.491833
295,6,1948.210014
296,5,2027.491833
296,5,2027.491833
296,5,2027.491833
296,6,1948.210014
296,6,1948.210014
297,5,2027.491833
297,5,2027.491833
297,5,2027.491833
297,5,2027.491833
297,6,1948.210014
297,6,1948.210014
297,6,1948.210014
298,5,2027.410625
298,6,1948.210014
298,6,1948.210014
298,6,1948.210014
298,6,1948.210014
299,5,2027.410625
299,5,2027.410625
299,6,1948.210014
299,6,1948.210014
299,6,1948.210014
299,6,1948.210014
299,6,1948.210014
300,5,2025.182742
300,6,1948.210014
300,6,1948.210014
300,6,1948.210014
300,6,1948.210014
300,6,1948.210014
300,6,1948.210014
301,5,2025.182742
301,5,2025.182742
301,6,1948.210014
301,6,1948.210014
301,6,1948.210014
301,6,1948.210014
301,6,1948.210014
301,6,1948.210014
301,6,1948.210014
302,5,2025.182742
302,5,2025.182742
302,5,2025.182742
302,6,1948.210014
302,6,1948.210014
302,6,1948.210014
302,6,1948.210014
302,6,1948.210014
302,6,1948.210014
302,6,1948.210014
302,6,1948.210014
303,5,2025.182742
303,5,2025.182742
303,5,2025.182742
303,5,2025.182742
303,6,1946.717681
304,5,2025.182742
304,5,2025.182742
304,5,2025.182742
304,5,2025.182742
304,5,2025.182742
304,6,1946.717681
304,6,1946.717681
305,5,2025.182742
305,5,2025.182742
305,5,2025.182742
305,5,2025.182742
305,5,2025.182742
305,5,2025.182742
305,6,1946.717681
305,6,1946.717681
305,6,1946.717681
306,5,2025.182742
306,5,2025.182742
306,5,2025.182742
306,5,2025.182742
306,5,2025.182742
306,5,2025.182742
306,5,2025.182742
306,6,1946.717681
306,6,1946.717681
306,6,1946.717681
306,6,1946.717681
307,5,2025.182742
307,5,2025.182742
307,5,2025.182742
307,5,2025.182742
307,5,2025.182742
307,5,2025.182742
307,5,2025.182742
307,5,2025.182742
307,6,1946.717681
307,6,1946.717681
307,6,1946.717681
307,6,1946.717681
307,6,1946.717681
307,7,1943.869175
308,5,2025.182742
308,5,2025.182742
308,5,2025.182742
308,5,2025.182742
308,5,2025.182742
308,5,2025.182742
308,5,2025.182742
308,5,2025.182742
308,5,2025.182742
308,6,1946.717681
308,6,1946.717681
308,6,1946.717681
308,6,1946.717681
308,6,1946.717681
308,6,1946.717681
308,7,1943.869175
308,7,1943.869175
309,5,2025.182742
309,5,2025.182742
309,5,2025.182742
309,5,2025.182742
309,5,2025.182742
309,5,2025.182742
309,5,2025.182742
309,5,2025.182742
309,5,2025.182742
309,5,2025.182742
309,6,1946.717681
309,6,1946.717681
309,6,1946.717681
309,6,1946.717681
309,6,1946.717681
309,6,1946.717681
309,6,1946.717681
309,7,1943.869175
309,7,1943.869175
309,7,1943.869175
310,5,2025.182742
310,5,2025.182742
310,5,2025.182742
310,5,2025.182742
310,5,2025.182742
310,5,2025.182742
310,5,2025.182742
310,5,2025.182742
310,5,2025.182742
310,5,2025.182742
310,5,2025.182742
310,6,1946.554530
310,7,1943.869175
310,7,1943.869175
310,7,1943.869175
310,7,1943.869175
310,7,1943.869175
311,5,2025.182742
311,5,2025.182742
311,5,2025.182742
311,5,2025.182742
311,5,2025.182742
311,5,2025.182742
311,5,2025.182742
311,5,2025.182742
311,5,2025.182742
311,5,2025.182742
311,5,2025.182742
311,5,2025.182742
311,6,1946.554530
311,6,1946.554530
311,7,1943.869175
311,7,1943.869175
311,7,1943.869175
311,7,1943.869175
311,7,1943.869175
311,7,1943.869175
311,7,1943.869175
312,5,2025.182742
312,5,2025.182742
312,5,2025.182742
312,5,2025.182742
312,5,2025.182742
312,5,2025.182742
312,5,2025.182742
312,5,2025.182742
312,5,2025.182742
312,5,2025.182742
312,5,2025.182742
312,5,2025.182742
312,5,2025.182742
312,6,1946.554530
312,6,1946.554530
312,6,1946.554530
312,7,1943.869175
312,7,1943.869175
312,7,1943.869175
312,7,1943.869175
312,7,1943.869175
312,7,1943.869175
312,7,1943.869175
312,7,1943.869175
312,7,1943.869175
313,5,2025.182742
313,5,2025.182742
313,5,2025.182742
313,5,2025.182742
313,5,2025.182742
313,5,2025.182742
313,5,2025.182742
313,5,2025.182742
313,5,2025.182742
313,5,2025.182742
313,5,2025.182742
313,5,2025.182742
313,5,2025.182742
313,5,2025.182742
313,6,1946.554530
313,6,1946.554530
313,6,1946.554530
313,6,1946.554530
313,7,1943.869175
313,7,1943.869175
313,7,1943.869175
313,7,1943.869175
313,7,1943.869175
313,7,1943.869175
313,7,1943.869175
313,7,1943.869175
313,7,1943.869175
313,7,1943.869175
313,7,1943.869175
314,5,2025.182742
314,5,2025.182742
314,5,2025.182742
314,5,2025.182742
314,5,2025.182742
314,5,2025.182742
314,5,2025.182742
314,5,2025.182742
314,5,2025.182742
314,5,2025.182742
314,5,2025.182742
314,5,2025.182742
314,5,2025.182742
314,5,2025.182742
314,5,2025.182742
314,6,1946.554530
314,6,1946.554530
314,6,1946.554530
314,6,1946.554530
314,6,1946.554530
314,7,1943.869175
314,7,1943.869175
314,7,1943.869175
314,7,1943.869175
314,7,1943.869175
314,7,1943.869175
314,7,1943.869175
314,7,1943.869175
314,7,1943.869175
314,7,1943.869175
314,7,1943.869175
314,7,1943.869175
314,7,1943.869175
315,5,2025.182742
315,5,2025.182742
315,5,2025.182742
315,5,2025.182742
315,5,2025.182742
315,5,2025.182742
315,5,2025.182742
315,5,2025.182742
315,5,2025.182742
315,5,2025.182742
315,5,2025.182742
315,5,2025.182742
315,5,2025.182742
315,5,2025.182742
315,5,2025.182742
315,5,2025.182742
315,6,1946.554530
315,6,1946.554530
315,6,1946.554530
315,6,1946.554530
315,6,1946.554530
315,6,1946.554530
315,7,1943.869175
315,7,1943.869175
315,7,1943.869175
315,7,1943.869175
315,7,1943.869175
315,7,1943.869175
315,7,1943.869175
315,7,1943.869175
315,7,1943.869175
315,7,1943.869175
315,7,1943.869175
315,7,1943.869175
315,7,1943.869175
315,7,1943.869175
315,7,1943.869175
316,5,2025.182742
316,5,2025.182742
316,5,2025.182742
316,5,2025.182742
316,5,2025.182742
316,5,2025.182742
316,5,2025.182742
316,5,2025.182742
316,5,2025.182742
316,5,2025.182742
316,5,2025.182742
316,5,2025.182742
316,5,2025.182742
316,5,2025.182742
316,5,2025.182742
316,5,2025.182742
316,5,2025.182742
316,6,1946.554530
316,6,1946.554530
316,6,1946.554530
316,6,1946.554530
316,6,1946.554530
316,6,1946.554530
316,6,1946.554530
316,7,1943.869175
316,7,1943.869175
316,7,1943.869175
316,7,1943.869175
316,7,1943.869175
316,7,1943.869175
316,7,1943.869175
316,7,1943.869175
316,7,1943.869175
316,7,1943.869175
316,7,1943.869175
316,7,1943.869175
316,7,1943.869175
316,7,1943.869175
316,7,1943.869175
316,7,1943.869175
316,7,1943.869175
316,7,1943.869175
316,7,1943.869175
317,5,2025.182742
317,5,2025.182742
317,5,2025.182742
317,5,2025.182742
317,5,2025.182742
317,5,2025.182742
317,5,2025.182742
317,5,2025.182742
317,5,2025.182742
317,5,2025.182742
317,5,2025.182742
317,5,2025.182742
317,5,2025.182742
317,5,2025.182742
317,5,2025.182742
317,5,2025.182742
317,5,2025.182742
317,5,2025.182742
317,6,1946.554530
317,6,1946.554530
317,6,1946.554530
317,6,1946.554530
317,6,1946.554530
317,6,1946.554530
317,6,1946.554530
317,6,1946.554530
317,7,1943.869175
317,7,1943.869175
317,7,1943.869175
317,7,1943.869175
317,7,1943.869175
317,7,1943.869175
317,7,1943.869175
317,7,1943.869175
317,7,1943.869175
317,7,1943.869175
317,7,1943.869175
317,7,1943.869175
317,7,1943.869175
317,7,1943.869175
317,7,1943.869175
317,7,1943.869175
317,7,1943.869175
317,7,1943.869175
317,7,1943.869175
317,7,1943.869175
317,7,1943.869175
317,7,1943.869175
317,7,1943.869175
318,5,2020.641196
318,6,1946.554530
318,6,1946.554530
318,6,1946.554530
318,6,1946.554530
318,6,1946.554530
318,6,1946.554530
318,6,1946.554530
318,6,1946.554530
318,6,1946.554530
318,7,1943.869175
318,7,1943.869175
318,7,1943.869175
318,7,1943.869175
318,7,1943.869175
318,7,1943.869175
318,7,1943.869175
318,7,1943.869175
318,7,1943.869175
318,7,1943.869175
318,7,1943.869175
318,7,1943.869175
318,7,1943.869175
318,7,1943.869175
318,7,1943.869175
318,7,1943.869175
318,7,1943.869175
318,7,1943.869175
318,7,1943.869175
318,7,1943.869175
318,7,1943.869175
318,7,1943.869175
318,7,1943.869175
318,7,1943.869175
318,7,1943.869175
318,7,1943.869175
318,7,1943.869175
319,5,2020.641196
319,5,2020.641196
319,6,1946.099193
319,7,1942.915539
320,5,2020.641196
320,5,2020.641196
320,5,2020.641196
320,6,1944.490975
320,7,1942.915539
320,7,1942.915539
321,5,2020.641196
321,5,2020.641196
321,5,2020.641196
321,5,2020.641196
321,6,1944.490975
321,6,1944.490975
321,7,1942.915539
321,7,1942.915539
321,7,1942.915539
322,5,2020.641196
322,5,2020.641196
322,5,2020.641196
322,5,2020.641196
322,5,2020.641196
322,6,1944.140314
322,7,1942.915539
322,7,1942.915539
322,7,1942.915539
322,7,1942.915539
323,5,2020.641196
323,5,2020.641196
323,5,2020.641196
323,5,2020.641196
323,5,2020.641196
323,5,2020.641196
323,6,1944.140314
323,6,1944.140314
323,7,1942.915539
323,7,1942.915539
323,7,1942.915539
323,7,1942.915539
323,7,1942.915539
324,5,2020.641196
324,5,2020.641196
324,5,2020.641196
324,5,2020.641196
324,5,2020.641196
324,5,2020.641196
324,5,2020.641196
324,6,1944.112510
324,7,1941.907647
325,5,2020.641196
325,5,2020.641196
325,5,2020.641196
325,5,2020.641196
325,5,2020.641196
325,5,2020.641196
325,5,2020.641196
325,5,2020.641196
325,6,1944.112510
325,6,1944.112510
325,7,1941.907647
325,7,1941.907647
326,5,2020.641196
326,5,2020.641196
326,5,2020.641196
326,5,2020.641196
326,5,2020.641196
326,5,2020.641196
326,5,2020.641196
326,5,2020.641196
326,5,2020.641196
326,6,1944.112510
326,6,1944.112510
326,6,1944.112510
326,7,1941.907647
326,7,1941.907647
326,7,1941.907647
327,5,2020.641196
327,5,2020.641196
327,5,2020.641196
327,5,2020.641196
327,5,2020.641196
327,5,2020.641196
327,5,2020.641196
327,5,2020.641196
327,5,2020.641196
327,5,2020.641196
327,6,1944.112510
327,6,1944.112510
327,6,1944.112510
327,6,1944.112510
327,7,1941.907647
327,7,1941.907647
327,7,1941.907647
327,7,1941.907647
328,5,2020.641196
328,5,2020.641196
328,5,2020.641196
328,5,2020.641196
328,5,2020.641196
328,5,2020.641196
328,5,2020.641196
328,5,2020.641196
328,5,2020.641196
328,5,2020.641196
328,5,2020.641196
328,6,1944.112510
328,6,1944.112510
328,6,1944.112510
328,6,1944.112510
328,6,1944.112510
328,6,1944.112510
328,7,1941.907647
328,7,1941.907647
328,7,1941.907647
328,7,1941.907647
328,7,1941.907647
329,5,2020.641196
329,5,2020.641196
329,5,2020.641196
329,5,2020.641196
329,5,2020.641196
329,5,2020.641196
329,5,2020.641196
329,5,2020.641196
329,5,2020.641196
329,5,2020.641196
329,5,2020.641196
329,5,2020.641196
329,6,1944.112510
329,6,1944.112510
329,6,1944.112510
329,6,1944.112510
329,6,1944.112510
329,6,1944.112510
329,6,1944.112510
329,6,1944.112510
329,7,1941.907647
329,7,1941.907647
329,7,1941.907647
329,7,1941.907647
329,7,1941.907647
329,7,1941.907647
330,5,2020.641196
330,5,2020.641196
330,5,2020.641196
330,5,2020.641196
330,5,2020.641196
330,5,2020.641196
330,5,2020.641196
330,5,2020.641196
330,5,2020.641196
330,5,2020.641196
330,5,2020.641196
330,5,2020.641196
330,5,2020.641196
330,6,1944.112510
330,6,1944.112510
330,6,1944.112510
330,6,1944.112510
330,6,1944.112510
330,6,1944.112510
330,6,1944.112510
330,6,1944.112510
330,6,1944.112510
330,6,1944.112510
330,7,1941.907647
330,7,1941.907647
330,7,1941.907647
330,7,1941.907647
330,7,1941.907647
330,7,1941.907647
330,7,1941.907647
331,5,2020.641196
331,5,2020.641196
331,5,2020.641196
331,5,2020.641196
331,5,2020.641196
331,5,2020.641196
331,5,2020.641196
331,5,2020.641196
331,5,2020.641196
331,5,2020.641196
331,5,2020.641196
331,5,2020.641196
331,5,2020.641196
331,5,2020.641196
331,6,1942.918965
331,7,1941.907647
331,7,1941.907647
331,7,1941.907647
331,7,1941.907647
331,7,1941.907647
331,7,1941.907647
331,7,1941.907647
331,7,1941.907647
332,5,2020.641196
332,5,2020.641196
332,5,2020.641196
332,5,2020.641196
332,5,2020.641196
332,5,2020.641196
332,5,2020.641196
332,5,2020.641196
332,5,2020.641196
332,5,2020.641196
332,5,2020.641196
332,5,2020.641196
332,5,2020.641196
332,5,2020.641196
332,5,2020.641196
332,6,1942.918965
332,6,1942.918965
332,7,1939.682034
