Iteration,NV,TOC
1,9,3188.667984
1,10,2625.177315
1,11,2497.990673
1,13,2430.684242
1,15,2399.817193
1,16,2292.836008
1,17,2218.885993
1,24,2181.589152
2,9,3075.187356
2,10,2625.177315
2,10,2625.177315
2,11,2497.990673
2,11,2497.990673
2,13,2430.684242
2,13,2430.684242
2,14,2337.426786
2,16,2292.836008
2,16,2292.836008
2,17,2218.885993
2,17,2218.885993
2,24,2181.589152
2,24,2181.589152
3,9,3075.187356
3,9,3075.187356
3,10,2625.177315
3,10,2625.177315
3,10,2625.177315
3,11,2395.254711
3,14,2337.426786
3,14,2337.426786
3,16,2292.836008
3,16,2292.836008
3,16,2292.836008
3,17,2218.885993
3,17,2218.885993
3,17,2218.885993
3,19,2204.110830
3,24,2181.589152
3,24,2181.589152
3,24,2181.589152
4,8,3424.032465
4,9,3075.187356
4,9,3075.187356
4,9,3075.187356
4,10,2625.177315
4,10,2625.177315
4,10,2625.177315
4,10,2625.177315
4,11,2395.254711
4,11,2395.254711
4,14,2337.426786
4,14,2337.426786
4,14,2337.426786
4,16,2292.836008
4,16,2292.836008
4,16,2292.836008
4,16,2292.836008
4,17,2218.885993
4,17,2218.885993
4,17,2218.885993
4,17,2218.885993
4,19,2204.110830
4,19,2204.110830
4,24,2181.589152
4,24,2181.589152
4,24,2181.589152
4,24,2181.589152
5,8,3424.032465
5,8,3424.032465
5,9,2787.603843
5,10,2625.177315
5,10,2625.177315
5,10,2625.177315
5,10,2625.177315
5,10,2625.177315
5,11,2395.254711
5,11,2395.254711
5,11,2395.254711
5,14,2337.426786
5,14,2337.426786
5,14,2337.426786
5,14,2337.426786
5,15,2323.092768
5,16,2292.836008
5,16,2292.836008
5,16,2292.836008
5,16,2292.836008
5,16,2292.836008
5,17,2218.885993
5,17,2218.885993
5,17,2218.885993
5,17,2218.885993
5,17,2218.885993
5,19,2204.110830
5,19,2204.110830
5,19,2204.110830
5,24,2181.589152
5,24,2181.589152
5,24,2181.589152
5,24,2181.589152
5,24,2181.589152
6,8,3337.194811
6,9,2787.603843
6,9,2787.603843
6,10,2587.779085
6,11,2395.254711
6,11,2395.254711
6,11,2395.254711
6,11,2395.254711
6,14,2337.426786
6,14,2337.426786
6,14,2337.426786
6,14,2337.426786
6,14,2337.426786
6,15,2323.092768
6,15,2323.092768
6,16,2277.181974
6,17,2218.885993
6,17,2218.885993
6,17,2218.885993
6,17,2218.885993
6,17,2218.885993
6,17,2218.885993
6,19,2204.110830
6,19,2204.110830
6,19,2204.110830
6,19,2204.110830
6,24,2181.589152
6,24,2181.589152
6,24,2181.589152
6,24,2181.589152
6,24,2181.589152
6,24,2181.589152
7,8,3280.153641
7,9,2773.064126
7,10,2537.426448
7,11,2395.254711
7,11,2395.254711
7,11,2395.254711
7,11,2395.254711
7,11,2395.254711
7,14,2337.426786
7,14,2337.426786
7,14,2337.426786
7,14,2337.426786
7,14,2337.426786
7,14,2337.426786
7,15,2323.092768
7,15,2323.092768
7,15,2323.092768
7,16,2277.181974
7,16,2277.181974
7,17,2218.885993
7,17,2218.885993
7,17,2218.885993
7,17,2218.885993
7,17,2218.885993
7,17,2218.885993
7,17,2218.885993
7,19,2204.110830
7,19,2204.110830
7,19,2204.110830
7,19,2204.110830
7,19,2204.110830
7,24,2181.589152
7,24,2181.589152
7,24,2181.589152
7,24,2181.589152
7,24,2181.589152
7,24,2181.589152
7,24,2181.589152
8,8,3280.153641
8,8,3280.153641
8,9,2573.306569
8,10,2537.426448
8,10,2537.426448
8,11,2395.254711
8,11,2395.254711
8,11,2395.254711
8,11,2395.254711
8,11,2395.254711
8,11,2395.254711
8,14,2337.426786
8,14,2337.426786
8,14,2337.426786
8,14,2337.426786
8,14,2337.426786
8,14,2337.426786
8,14,2337.426786
8,15,2323.092768
8,15,2323.092768
8,15,2323.092768
8,15,2323.092768
8,16,2277.181974
8,16,2277.181974
8,16,2277.181974
8,17,2218.885993
8,17,2218.885993
8,17,2218.885993
8,17,2218.885993
8,17,2218.885993
8,17,2218.885993
8,17,2218.885993
8,17,2218.885993
8,19,2204.110830
8,19,2204.110830
8,19,2204.110830
8,19,2204.110830
8,19,2204.110830
8,19,2204.110830
8,24,2181.589152
8,24,2181.589152
8,24,2181.589152
8,24,2181.589152
8,24,2181.589152
8,24,2181.589152
8,24,2181.589152
8,24,2181.589152
9,8,3280.153641
9,8,3280.153641
9,8,3280.153641
9,9,2573.306569
9,9,2573.306569
9,10,2537.426448
9,10,2537.426448
9,10,2537.426448
9,11,2395.254711
9,11,2395.254711
9,11,2395.254711
9,11,2395.254711
9,11,2395.254711
9,11,2395.254711
9,11,2395.254711
9,14,2337.426786
9,14,2337.426786
9,14,2337.426786
9,14,2337.426786
9,14,2337.426786
9,14,2337.426786
9,14,2337.426786
9,14,2337.426786
9,15,2323.092768
9,15,2323.092768
9,15,2323.092768
9,15,2323.092768
9,15,2323.092768
9,16,2273.038806
9,17,2218.885993
9,17,2218.885993
9,17,2218.885993
9,17,2218.885993
9,17,2218.885993
9,17,2218.885993
9,17,2218.885993
9,17,2218.885993
9,17,2218.885993
9,18,2214.616792
9,19,2204.110830
9,19,2204.110830
9,19,2204.110830
9,19,2204.110830
9,19,2204.110830
9,19,2204.110830
9,19,2204.110830
9,24,2181.589152
9,24,2181.589152
9,24,2181.589152
9,24,2181.589152
9,24,2181.589152
9,24,2181.589152
9,24,2181.589152
9,24,2181.589152
9,24,2181.589152
10,8,2998.438150
10,9,2573.306569
10,9,2573.306569
10,9,2573.306569
10,10,2426.901366
10,11,2395.254711
10,11,2395.254711
10,11,2395.254711
10,11,2395.254711
10,11,2395.254711
10,11,2395.254711
10,11,2395.254711
10,11,2395.254711
10,12,2352.639844
10,14,2337.426786
10,14,2337.426786
10,14,2337.426786
10,14,2337.426786
10,14,2337.426786
10,14,2337.426786
10,14,2337.426786
10,14,2337.426786
10,14,2337.426786
10,15,2271.096629
10,17,2218.885993
10,17,2218.885993
10,17,2218.885993
10,17,2218.885993
10,17,2218.885993
10,17,2218.885993
10,17,2218.885993
10,17,2218.885993
10,17,2218.885993
10,17,2218.885993
10,18,2214.616792
10,18,2214.616792
10,19,2204.110830
10,19,2204.110830
10,19,2204.110830
10,19,2204.110830
10,19,2204.110830
10,19,2204.110830
10,19,2204.110830
10,19,2204.110830
10,23,2180.529735
11,8,2998.438150
11,8,2998.438150
11,9,2573.306569
11,9,2573.306569
11,9,2573.306569
11,9,2573.306569
11,10,2426.901366
11,10,2426.901366
11,11,2395.254711
11,11,2395.254711
11,11,2395.254711
11,11,2395.254711
11,11,2395.254711
11,11,2395.254711
11,11,2395.254711
11,11,2395.254711
11,11,2395.254711
11,12,2352.639844
11,12,2352.639844
11,14,2330.516242
11,15,2271.096629
11,15,2271.096629
11,17,2218.885993
11,17,2218.885993
11,17,2218.885993
11,17,2218.885993
11,17,2218.885993
11,17,2218.885993
11,17,2218.885993
11,17,2218.885993
11,17,2218.885993
11,17,2218.885993
11,17,2218.885993
11,18,2214.616792
11,18,2214.616792
11,18,2214.616792
11,19,2204.110830
11,19,2204.110830
11,19,2204.110830
11,19,2204.110830
11,19,2204.110830
11,19,2204.110830
11,19,2204.110830
11,19,2204.110830
11,19,2204.110830
11,22,2189.428715
11,23,2180.529735
11,23,2180.529735
12,8,2998.438150
12,8,2998.438150
12,8,2998.438150
12,9,2573.306569
12,9,2573.306569
12,9,2573.306569
12,9,2573.306569
12,9,2573.306569
12,10,2426.901366
12,10,2426.901366
12,10,2426.901366
12,11,2395.254711
12,11,2395.254711
12,11,2395.254711
12,11,2395.254711
12,11,2395.254711
12,11,2395.254711
12,11,2395.254711
12,11,2395.254711
12,11,2395.254711
12,11,2395.254711
12,12,2352.639844
12,12,2352.639844
12,12,2352.639844
12,13,2347.619388
12,14,2330.516242
12,14,2330.516242
12,15,2271.096629
12,15,2271.096629
12,15,2271.096629
12,16,2267.259041
12,17,2218.885993
12,17,2218.885993
12,17,2218.885993
12,17,2218.885993
12,17,2218.885993
12,17,2218.885993
12,17,2218.885993
12,17,2218.885993
12,17,2218.885993
12,17,2218.885993
12,17,2218.885993
12,17,2218.885993
12,18,2214.616792
12,18,2214.616792
12,18,2214.616792
12,18,2214.616792
12,19,2204.110830
12,19,2204.110830
12,19,2204.110830
12,19,2204.110830
12,19,2204.110830
12,19,2204.110830
12,19,2204.110830
12,19,2204.110830
12,19,2204.110830
12,19,2204.110830
12,22,2189.428715
12,22,2189.428715
12,23,2180.529735
12,23,2180.529735
12,23,2180.529735
13,8,2883.908762
13,9,2573.306569
13,9,2573.306569
13,9,2573.306569
13,9,2573.306569
13,9,2573.306569
13,9,2573.306569
13,10,2422.858739
13,11,2395.254711
13,11,2395.254711
13,11,2395.254711
13,11,2395.254711
13,11,2395.254711
13,11,2395.254711
13,11,2395.254711
13,11,2395.254711
13,11,2395.254711
13,11,2395.254711
13,11,2395.254711
13,12,2352.639844
13,12,2352.639844
13,12,2352.639844
13,12,2352.639844
13,13,2347.619388
13,13,2347.619388
13,14,2330.516242
13,14,2330.516242
13,14,2330.516242
13,15,2271.096629
13,15,2271.096629
13,15,2271.096629
13,15,2271.096629
13,16,2267.259041
13,16,2267.259041
13,17,2218.885993
13,17,2218.885993
13,17,2218.885993
13,17,2218.885993
13,17,2218.885993
13,17,2218.885993
13,17,2218.885993
13,17,2218.885993
13,17,2218.885993
13,17,2218.885993
13,17,2218.885993
13,17,2218.885993
13,17,2218.885993
13,18,2214.616792
13,18,2214.616792
13,18,2214.616792
13,18,2214.616792
13,18,2214.616792
13,19,2204.110830
13,19,2204.110830
13,19,2204.110830
13,19,2204.110830
13,19,2204.110830
13,19,2204.110830
13,19,2204.110830
13,19,2204.110830
13,19,2204.110830
13,19,2204.110830
13,19,2204.110830
13,22,2189.428715
13,22,2189.428715
13,22,2189.428715
13,23,2180.529735
13,23,2180.529735
13,23,2180.529735
13,23,2180.529735
14,8,2883.908762
14,8,2883.908762
14,9,2573.306569
14,9,2573.306569
14,9,2573.306569
14,9,2573.306569
14,9,2573.306569
14,9,2573.306569
14,9,2573.306569
14,10,2422.858739
14,10,2422.858739
14,11,2395.254711
14,11,2395.254711
14,11,2395.254711
14,11,2395.254711
14,11,2395.254711
14,11,2395.254711
14,11,2395.254711
14,11,2395.254711
14,11,2395.254711
14,11,2395.254711
14,11,2395.254711
14,11,2395.254711
14,12,2352.639844
14,12,2352.639844
14,12,2352.639844
14,12,2352.639844
14,12,2352.639844
14,13,2347.619388
14,13,2347.619388
14,13,2347.619388
14,14,2330.516242
14,14,2330.516242
14,14,2330.516242
14,14,2330.516242
14,15,2271.096629
14,15,2271.096629
14,15,2271.096629
14,15,2271.096629
14,15,2271.096629
14,16,2266.165029
14,17,2204.852579
14,19,2204.110830
14,19,2204.110830
14,19,2204.110830
14,19,2204.110830
14,19,2204.110830
14,19,2204.110830
14,19,2204.110830
14,19,2204.110830
14,19,2204.110830
14,19,2204.110830
14,19,2204.110830
14,19,2204.110830
14,21,2162.893736
15,8,2883.908762
15,8,2883.908762
15,8,2883.908762
15,9,2573.306569
15,9,2573.306569
15,9,2573.306569
15,9,2573.306569
15,9,2573.306569
15,9,2573.306569
15,9,2573.306569
15,9,2573.306569
15,10,2422.858739
15,10,2422.858739
15,10,2422.858739
15,11,2395.254711
15,11,2395.254711
15,11,2395.254711
15,11,2395.254711
15,11,2395.254711
15,11,2395.254711
15,11,2395.254711
15,11,2395.254711
15,11,2395.254711
15,11,2395.254711
15,11,2395.254711
15,11,2395.254711
15,11,2395.254711
15,12,2352.639844
15,12,2352.639844
15,12,2352.639844
15,12,2352.639844
15,12,2352.639844
15,12,2352.639844
15,13,2347.619388
15,13,2347.619388
15,13,2347.619388
15,13,2347.619388
15,14,2330.516242
15,14,2330.516242
15,14,2330.516242
15,14,2330.516242
15,14,2330.516242
15,15,2271.096629
15,15,2271.096629
15,15,2271.096629
15,15,2271.096629
15,15,2271.096629
15,15,2271.096629
15,16,2266.165029
15,16,2266.165029
15,17,2204.852579
15,17,2204.852579
15,19,2204.110830
15,19,2204.110830
15,19,2204.110830
15,19,2204.110830
15,19,2204.110830
15,19,2204.110830
15,19,2204.110830
15,19,2204.110830
15,19,2204.110830
15,19,2204.110830
15,19,2204.110830
15,19,2204.110830
15,19,2204.110830
15,21,2162.893736
15,21,2162.893736
16,8,2883.908762
16,8,2883.908762
16,8,2883.908762
16,8,2883.908762
16,9,2573.306569
16,9,2573.306569
16,9,2573.306569
16,9,2573.306569
16,9,2573.306569
16,9,2573.306569
16,9,2573.306569
16,9,2573.306569
16,9,2573.306569
16,10,2422.858739
16,10,2422.858739
16,10,2422.858739
16,10,2422.858739
16,11,2395.254711
16,11,2395.254711
16,11,2395.254711
16,11,2395.254711
16,11,2395.254711
16,11,2395.254711
16,11,2395.254711
16,11,2395.254711
16,11,2395.254711
16,11,2395.254711
16,11,2395.254711
16,11,2395.254711
16,11,2395.254711
16,11,2395.254711
16,12,2352.639844
16,12,2352.639844
16,12,2352.639844
16,12,2352.639844
16,12,2352.639844
16,12,2352.639844
16,12,2352.639844
16,13,2347.619388
16,13,2347.619388
16,13,2347.619388
16,13,2347.619388
16,13,2347.619388
16,14,2330.516242
16,14,2330.516242
16,14,2330.516242
16,14,2330.516242
16,14,2330.516242
16,14,2330.516242
16,15,2271.096629
16,15,2271.096629
16,15,2271.096629
16,15,2271.096629
16,15,2271.096629
16,15,2271.096629
16,15,2271.096629
16,16,2266.165029
16,16,2266.165029
16,16,2266.165029
16,17,2204.852579
16,17,2204.852579
16,17,2204.852579
16,19,2204.110830
16,19,2204.110830
16,19,2204.110830
16,19,2204.110830
16,19,2204.110830
16,19,2204.110830
16,19,2204.110830
16,19,2204.110830
16,19,2204.110830
16,19,2204.110830
16,19,2204.110830
16,19,2204.110830
16,19,2204.110830
16,19,2204.110830
16,21,2162.893736
16,21,2162.893736
16,21,2162.893736
17,8,2868.217533
17,9,2573.306569
17,9,2573.306569
17,9,2573.306569
17,9,2573.306569
17,9,2573.306569
17,9,2573.306569
17,9,2573.306569
17,9,2573.306569
17,9,2573.306569
17,9,2573.306569
17,10,2422.858739
17,10,2422.858739
17,10,2422.858739
17,10,2422.858739
17,10,2422.858739
17,11,2395.254711
17,11,2395.254711
17,11,2395.254711
17,11,2395.254711
17,11,2395.254711
17,11,2395.254711
17,11,2395.254711
17,11,2395.254711
17,11,2395.254711
17,11,2395.254711
17,11,2395.254711
17,11,2395.254711
17,11,2395.254711
17,11,2395.254711
17,11,2395.254711
17,12,2318.926241
17,15,2271.096629
17,15,2271.096629
17,15,2271.096629
17,15,2271.096629
17,15,2271.096629
17,15,2271.096629
17,15,2271.096629
17,15,2271.096629
17,16,2266.165029
17,16,2266.165029
17,16,2266.165029
17,16,2266.165029
17,17,2204.852579
17,17,2204.852579
17,17,2204.852579
17,17,2204.852579
17,19,2204.110830
17,19,2204.110830
17,19,2204.110830
17,19,2204.110830
17,19,2204.110830
17,19,2204.110830
17,19,2204.110830
17,19,2204.110830
17,19,2204.110830
17,19,2204.110830
17,19,2204.110830
17,19,2204.110830
17,19,2204.110830
17,19,2204.110830
17,19,2204.110830
17,21,2162.893736
17,21,2162.893736
17,21,2162.893736
17,21,2162.893736
18,8,2868.217533
18,8,2868.217533
18,9,2573.306569
18,9,2573.306569
18,9,2573.306569
18,9,2573.306569
18,9,2573.306569
18,9,2573.306569
18,9,2573.306569
18,9,2573.306569
18,9,2573.306569
18,9,2573.306569
18,9,2573.306569
18,10,2422.858739
18,10,2422.858739
18,10,2422.858739
18,10,2422.858739
18,10,2422.858739
18,10,2422.858739
18,11,2395.254711
18,11,2395.254711
18,11,2395.254711
18,11,2395.254711
18,11,2395.254711
18,11,2395.254711
18,11,2395.254711
18,11,2395.254711
18,11,2395.254711
18,11,2395.254711
18,11,2395.254711
18,11,2395.254711
18,11,2395.254711
18,11,2395.254711
18,11,2395.254711
18,11,2395.254711
18,12,2318.926241
18,12,2318.926241
18,13,2301.949510
18,15,2271.096629
18,15,2271.096629
18,15,2271.096629
18,15,2271.096629
18,15,2271.096629
18,15,2271.096629
18,15,2271.096629
18,15,2271.096629
18,15,2271.096629
18,16,2266.165029
18,16,2266.165029
18,16,2266.165029
18,16,2266.165029
18,16,2266.165029
18,17,2204.852579
18,17,2204.852579
18,17,2204.852579
18,17,2204.852579
18,17,2204.852579
18,19,2204.110830
18,19,2204.110830
18,19,2204.110830
18,19,2204.110830
18,19,2204.110830
18,19,2204.110830
18,19,2204.110830
18,19,2204.110830
18,19,2204.110830
18,19,2204.110830
18,19,2204.110830
18,19,2204.110830
18,19,2204.110830
18,19,2204.110830
18,19,2204.110830
18,19,2204.110830
18,21,2162.893736
18,21,2162.893736
18,21,2162.893736
18,21,2162.893736
18,21,2162.893736
19,8,2868.217533
19,8,2868.217533
19,8,2868.217533
19,9,2563.492877
19,10,2422.858739
19,10,2422.858739
19,10,2422.858739
19,10,2422.858739
19,10,2422.858739
19,10,2422.858739
19,10,2422.858739
19,11,2395.254711
19,11,2395.254711
19,11,2395.254711
19,11,2395.254711
19,11,2395.254711
19,11,2395.254711
19,11,2395.254711
19,11,2395.254711
19,11,2395.254711
19,11,2395.254711
19,11,2395.254711
19,11,2395.254711
19,11,2395.254711
19,11,2395.254711
19,11,2395.254711
19,11,2395.254711
19,11,2395.254711
19,12,2318.926241
19,12,2318.926241
19,12,2318.926241
19,13,2301.949510
19,13,2301.949510
19,15,2271.096629
19,15,2271.096629
19,15,2271.096629
19,15,2271.096629
19,15,2271.096629
19,15,2271.096629
19,15,2271.096629
19,15,2271.096629
19,15,2271.096629
19,15,2271.096629
19,16,2261.000592
19,17,2204.852579
19,17,2204.852579
19,17,2204.852579
19,17,2204.852579
19,17,2204.852579
19,17,2204.852579
19,19,2204.110830
19,19,2204.110830
19,19,2204.110830
19,19,2204.110830
19,19,2204.110830
19,19,2204.110830
19,19,2204.110830
19,19,2204.110830
19,19,2204.110830
19,19,2204.110830
19,19,2204.110830
19,19,2204.110830
19,19,2204.110830
19,19,2204.110830
19,19,2204.110830
19,19,2204.110830
19,19,2204.110830
19,21,2162.893736
19,21,2162.893736
19,21,2162.893736
19,21,2162.893736
19,21,2162.893736
19,21,2162.893736
20,8,2868.217533
20,8,2868.217533
20,8,2868.217533
20,8,2868.217533
20,9,2563.492877
20,9,2563.492877
20,10,2422.858739
20,10,2422.858739
20,10,2422.858739
20,10,2422.858739
20,10,2422.858739
20,10,2422.858739
20,10,2422.858739
20,10,2422.858739
20,11,2395.254711
20,11,2395.254711
20,11,2395.254711
20,11,2395.254711
20,11,2395.254711
20,11,2395.254711
20,11,2395.254711
20,11,2395.254711
20,11,2395.254711
20,11,2395.254711
20,11,2395.254711
20,11,2395.254711
20,11,2395.254711
20,11,2395.254711
20,11,2395.254711
20,11,2395.254711
20,11,2395.254711
20,11,2395.254711
20,12,2318.926241
20,12,2318.926241
20,12,2318.926241
20,12,2318.926241
20,13,2301.949510
20,13,2301.949510
20,13,2301.949510
20,15,2271.096629
20,15,2271.096629
20,15,2271.096629
20,15,2271.096629
20,15,2271.096629
20,15,2271.096629
20,15,2271.096629
20,15,2271.096629
20,15,2271.096629
20,15,2271.096629
20,15,2271.096629
20,16,2261.000592
20,16,2261.000592
20,17,2204.852579
20,17,2204.852579
20,17,2204.852579
20,17,2204.852579
20,17,2204.852579
20,17,2204.852579
20,17,2204.852579
20,19,2204.110830
20,19,2204.110830
20,19,2204.110830
20,19,2204.110830
20,19,2204.110830
20,19,2204.110830
20,19,2204.110830
20,19,2204.110830
20,19,2204.110830
20,19,2204.110830
20,19,2204.110830
20,19,2204.110830
20,19,2204.110830
20,19,2204.110830
20,19,2204.110830
20,19,2204.110830
20,19,2204.110830
20,19,2204.110830
20,21,2162.893736
20,21,2162.893736
20,21,2162.893736
20,21,2162.893736
20,21,2162.893736
20,21,2162.893736
20,21,2162.893736
21,8,2816.023432
21,9,2549.049531
21,10,2422.858739
21,10,2422.858739
21,10,2422.858739
21,10,2422.858739
21,10,2422.858739
21,10,2422.858739
21,10,2422.858739
21,10,2422.858739
21,10,2422.858739
21,11,2395.254711
21,11,2395.254711
21,11,2395.254711
21,11,2395.254711
21,11,2395.254711
21,11,2395.254711
21,11,2395.254711
21,11,2395.254711
21,11,2395.254711
21,11,2395.254711
21,11,2395.254711
21,11,2395.254711
21,11,2395.254711
21,11,2395.254711
21,11,2395.254711
21,11,2395.254711
21,11,2395.254711
21,11,2395.254711
21,11,2395.254711
21,12,2318.926241
21,12,2318.926241
21,12,2318.926241
21,12,2318.926241
21,12,2318.926241
21,13,2279.118919
21,15,2271.096629
21,15,2271.096629
21,15,2271.096629
21,15,2271.096629
21,15,2271.096629
21,15,2271.096629
21,15,2271.096629
21,15,2271.096629
21,15,2271.096629
21,15,2271.096629
21,15,2271.096629
21,15,2271.096629
21,16,2257.265988
21,17,2204.852579
21,17,2204.852579
21,17,2204.852579
21,17,2204.852579
21,17,2204.852579
21,17,2204.852579
21,17,2204.852579
21,17,2204.852579
21,19,2196.919851
21,21,2162.893736
21,21,2162.893736
21,21,2162.893736
21,21,2162.893736
21,21,2162.893736
21,21,2162.893736
21,21,2162.893736
21,21,2162.893736
22,8,2816.023432
22,8,2816.023432
22,9,2517.201384
22,10,2422.858739
22,10,2422.858739
22,10,2422.858739
22,10,2422.858739
22,10,2422.858739
22,10,2422.858739
22,10,2422.858739
22,10,2422.858739
22,10,2422.858739
22,10,2422.858739
22,11,2299.500671
22,12,2277.477300
22,15,2261.783411
22,16,2257.265988
22,16,2257.265988
22,17,2204.852579
22,17,2204.852579
22,17,2204.852579
22,17,2204.852579
22,17,2204.852579
22,17,2204.852579
22,17,2204.852579
22,17,2204.852579
22,17,2204.852579
22,19,2196.919851
22,19,2196.919851
22,21,2162.893736
22,21,2162.893736
22,21,2162.893736
22,21,2162.893736
22,21,2162.893736
22,21,2162.893736
22,21,2162.893736
22,21,2162.893736
22,21,2162.893736
23,8,2658.801743
23,9,2517.201384
23,9,2517.201384
23,10,2422.858739
23,10,2422.858739
23,10,2422.858739
23,10,2422.858739
23,10,2422.858739
23,10,2422.858739
23,10,2422.858739
23,10,2422.858739
23,10,2422.858739
23,10,2422.858739
23,10,2422.858739
23,11,2299.500671
23,11,2299.500671
23,12,2277.477300
23,12,2277.477300
23,15,2261.783411
23,15,2261.783411
23,16,2257.265988
23,16,2257.265988
23,16,2257.265988
23,17,2204.852579
23,17,2204.852579
23,17,2204.852579
23,17,2204.852579
23,17,2204.852579
23,17,2204.852579
23,17,2204.852579
23,17,2204.852579
23,17,2204.852579
23,17,2204.852579
23,19,2196.919851
23,19,2196.919851
23,19,2196.919851
23,21,2162.893736
23,21,2162.893736
23,21,2162.893736
23,21,2162.893736
23,21,2162.893736
23,21,2162.893736
23,21,2162.893736
23,21,2162.893736
23,21,2162.893736
23,21,2162.893736
24,8,2658.801743
24,8,2658.801743
24,9,2508.564010
24,10,2422.858739
24,10,2422.858739
24,10,2422.858739
24,10,2422.858739
24,10,2422.858739
24,10,2422.858739
24,10,2422.858739
24,10,2422.858739
24,10,2422.858739
24,10,2422.858739
24,10,2422.858739
24,10,2422.858739
24,11,2299.500671
24,11,2299.500671
24,11,2299.500671
24,12,2277.477300
24,12,2277.477300
24,12,2277.477300
24,14,2245.087203
24,16,2243.540582
24,17,2204.852579
24,17,2204.852579
24,17,2204.852579
24,17,2204.852579
24,17,2204.852579
24,17,2204.852579
24,17,2204.852579
24,17,2204.852579
24,17,2204.852579
24,17,2204.852579
24,17,2204.852579
24,19,2184.935969
24,21,2162.893736
24,21,2162.893736
24,21,2162.893736
24,21,2162.893736
24,21,2162.893736
24,21,2162.893736
24,21,2162.893736
24,21,2162.893736
24,21,2162.893736
24,21,2162.893736
24,21,2162.893736
25,8,2658.801743
25,8,2658.801743
25,8,2658.801743
25,9,2508.564010
25,9,2508.564010
25,10,2402.432481
25,11,2299.500671
25,11,2299.500671
25,11,2299.500671
25,11,2299.500671
25,12,2277.477300
25,12,2277.477300
25,12,2277.477300
25,12,2277.477300
25,13,2271.766246
25,14,2245.087203
25,14,2245.087203
25,16,2243.540582
25,16,2243.540582
25,17,2204.852579
25,17,2204.852579
25,17,2204.852579
25,17,2204.852579
25,17,2204.852579
25,17,2204.852579
25,17,2204.852579
25,17,2204.852579
25,17,2204.852579
25,17,2204.852579
25,17,2204.852579
25,17,2204.852579
25,19,2184.935969
25,19,2184.935969
25,21,2162.893736
25,21,2162.893736
25,21,2162.893736
25,21,2162.893736
25,21,2162.893736
25,21,2162.893736
25,21,2162.893736
25,21,2162.893736
25,21,2162.893736
25,21,2162.893736
25,21,2162.893736
25,21,2162.893736
26,8,2658.801743
26,8,2658.801743
26,8,2658.801743
26,8,2658.801743
26,9,2508.564010
26,9,2508.564010
26,9,2508.564010
26,10,2402.432481
26,10,2402.432481
26,11,2277.742495
26,12,2272.940731
26,13,2271.766246
26,13,2271.766246
26,14,2245.087203
26,14,2245.087203
26,14,2245.087203
26,16,2215.596650
26,17,2204.852579
26,17,2204.852579
26,17,2204.852579
26,17,2204.852579
26,17,2204.852579
26,17,2204.852579
26,17,2204.852579
26,17,2204.852579
26,17,2204.852579
26,17,2204.852579
26,17,2204.852579
26,17,2204.852579
26,17,2204.852579
26,19,2184.935969
26,19,2184.935969
26,19,2184.935969
26,21,2162.893736
26,21,2162.893736
26,21,2162.893736
26,21,2162.893736
26,21,2162.893736
26,21,2162.893736
26,21,2162.893736
26,21,2162.893736
26,21,2162.893736
26,21,2162.893736
26,21,2162.893736
26,21,2162.893736
26,21,2162.893736
27,8,2658.801743
27,8,2658.801743
27,8,2658.801743
27,8,2658.801743
27,8,2658.801743
27,9,2508.564010
27,9,2508.564010
27,9,2508.564010
27,9,2508.564010
27,10,2402.432481
27,10,2402.432481
27,10,2402.432481
27,11,2277.742495
27,11,2277.742495
27,12,2267.760603
27,14,2233.851870
27,16,2215.596650
27,16,2215.596650
27,17,2204.852579
27,17,2204.852579
27,17,2204.852579
27,17,2204.852579
27,17,2204.852579
27,17,2204.852579
27,17,2204.852579
27,17,2204.852579
27,17,2204.852579
27,17,2204.852579
27,17,2204.852579
27,17,2204.852579
27,17,2204.852579
27,17,2204.852579
27,19,2184.935969
27,19,2184.935969
27,19,2184.935969
27,19,2184.935969
27,21,2162.893736
27,21,2162.893736
27,21,2162.893736
27,21,2162.893736
27,21,2162.893736
27,21,2162.893736
27,21,2162.893736
27,21,2162.893736
27,21,2162.893736
27,21,2162.893736
27,21,2162.893736
27,21,2162.893736
27,21,2162.893736
27,21,2162.893736
28,8,2658.801743
28,8,2658.801743
28,8,2658.801743
28,8,2658.801743
28,8,2658.801743
28,8,2658.801743
28,9,2443.934761
28,10,2402.432481
28,10,2402.432481
28,10,2402.432481
28,10,2402.432481
28,11,2277.742495
28,11,2277.742495
28,11,2277.742495
28,12,2267.760603
28,12,2267.760603
28,14,2233.851870
28,14,2233.851870
28,16,2197.167366
28,19,2184.935969
28,19,2184.935969
28,19,2184.935969
28,19,2184.935969
28,19,2184.935969
28,21,2162.893736
28,21,2162.893736
28,21,2162.893736
28,21,2162.893736
28,21,2162.893736
28,21,2162.893736
28,21,2162.893736
28,21,2162.893736
28,21,2162.893736
28,21,2162.893736
28,21,2162.893736
28,21,2162.893736
28,21,2162.893736
28,21,2162.893736
28,21,2162.893736
28,23,2146.578554
29,8,2601.258517
29,9,2443.934761
29,9,2443.934761
29,10,2402.432481
29,10,2402.432481
29,10,2402.432481
29,10,2402.432481
29,10,2402.432481
29,11,2277.742495
29,11,2277.742495
29,11,2277.742495
29,11,2277.742495
29,12,2267.760603
29,12,2267.760603
29,12,2267.760603
29,14,2233.851870
29,14,2233.851870
29,14,2233.851870
29,16,2197.167366
29,16,2197.167366
29,18,2191.945058
29,19,2184.935969
29,19,2184.935969
29,19,2184.935969
29,19,2184.935969
29,19,2184.935969
29,19,2184.935969
29,21,2162.893736
29,21,2162.893736
29,21,2162.893736
29,21,2162.893736
29,21,2162.893736
29,21,2162.893736
29,21,2162.893736
29,21,2162.893736
29,21,2162.893736
29,21,2162.893736
29,21,2162.893736
29,21,2162.893736
29,21,2162.893736
29,21,2162.893736
29,21,2162.893736
29,21,2162.893736
29,23,2146.578554
29,23,2146.578554
30,8,2601.258517
30,8,2601.258517
30,9,2443.934761
30,9,2443.934761
30,9,2443.934761
30,10,2383.461266
30,11,2277.742495
30,11,2277.742495
30,11,2277.742495
30,11,2277.742495
30,11,2277.742495
30,12,2267.760603
30,12,2267.760603
30,12,2267.760603
30,12,2267.760603
30,13,2267.085455
30,14,2233.851870
30,14,2233.851870
30,14,2233.851870
30,14,2233.851870
30,15,2196.645089
30,18,2191.945058
30,18,2191.945058
30,19,2184.935969
30,19,2184.935969
30,19,2184.935969
30,19,2184.935969
30,19,2184.935969
30,19,2184.935969
30,19,2184.935969
30,21,2162.893736
30,21,2162.893736
30,21,2162.893736
30,21,2162.893736
30,21,2162.893736
30,21,2162.893736
30,21,2162.893736
30,21,2162.893736
30,21,2162.893736
30,21,2162.893736
30,21,2162.893736
30,21,2162.893736
30,21,2162.893736
30,21,2162.893736
30,21,2162.893736
30,21,2162.893736
30,21,2162.893736
30,23,2146.578554
30,23,2146.578554
30,23,2146.578554
31,8,2582.363734
31,9,2443.934761
31,9,2443.934761
31,9,2443.934761
31,9,2443.934761
31,10,2383.461266
31,10,2383.461266
31,11,2277.742495
31,11,2277.742495
31,11,2277.742495
31,11,2277.742495
31,11,2277.742495
31,11,2277.742495
31,12,2264.059004
31,14,2233.851870
31,14,2233.851870
31,14,2233.851870
31,14,2233.851870
31,14,2233.851870
31,15,2196.645089
31,15,2196.645089
31,18,2191.945058
31,18,2191.945058
31,18,2191.945058
31,19,2184.935969
31,19,2184.935969
31,19,2184.935969
31,19,2184.935969
31,19,2184.935969
31,19,2184.935969
31,19,2184.935969
31,19,2184.935969
31,21,2162.893736
31,21,2162.893736
31,21,2162.893736
31,21,2162.893736
31,21,2162.893736
31,21,2162.893736
31,21,2162.893736
31,21,2162.893736
31,21,2162.893736
31,21,2162.893736
31,21,2162.893736
31,21,2162.893736
31,21,2162.893736
31,21,2162.893736
31,21,2162.893736
31,21,2162.893736
31,21,2162.893736
31,21,2162.893736
31,23,2146.578554
31,23,2146.578554
31,23,2146.578554
31,23,2146.578554
32,8,2582.363734
32,8,2582.363734
32,9,2443.934761
32,9,2443.934761
32,9,2443.934761
32,9,2443.934761
32,9,2443.934761
32,10,2336.507998
32,11,2277.742495
32,11,2277.742495
32,11,2277.742495
32,11,2277.742495
32,11,2277.742495
32,11,2277.742495
32,11,2277.742495
32,12,2248.583405
32,14,2222.002988
32,15,2196.645089
32,15,2196.645089
32,15,2196.645089
32,18,2191.945058
32,18,2191.945058
32,18,2191.945058
32,18,2191.945058
32,19,2184.935969
32,19,2184.935969
32,19,2184.935969
32,19,2184.935969
32,19,2184.935969
32,19,2184.935969
32,19,2184.935969
32,19,2184.935969
32,19,2184.935969
32,21,2162.893736
32,21,2162.893736
32,21,2162.893736
32,21,2162.893736
32,21,2162.893736
32,21,2162.893736
32,21,2162.893736
32,21,2162.893736
32,21,2162.893736
32,21,2162.893736
32,21,2162.893736
32,21,2162.893736
32,21,2162.893736
32,21,2162.893736
32,21,2162.893736
32,21,2162.893736
32,21,2162.893736
32,21,2162.893736
32,21,2162.893736
32,23,2146.578554
32,23,2146.578554
32,23,2146.578554
32,23,2146.578554
32,23,2146.578554
33,8,2577.444904
33,9,2440.915726
33,10,2336.507998
33,10,2336.507998
33,11,2277.742495
33,11,2277.742495
33,11,2277.742495
33,11,2277.742495
33,11,2277.742495
33,11,2277.742495
33,11,2277.742495
33,11,2277.742495
33,12,2248.583405
33,12,2248.583405
33,14,2222.002988
33,14,2222.002988
33,15,2196.645089
33,15,2196.645089
33,15,2196.645089
33,15,2196.645089
33,18,2191.945058
33,18,2191.945058
33,18,2191.945058
33,18,2191.945058
33,18,2191.945058
33,19,2184.935969
33,19,2184.935969
33,19,2184.935969
33,19,2184.935969
33,19,2184.935969
33,19,2184.935969
33,19,2184.935969
33,19,2184.935969
33,19,2184.935969
33,19,2184.935969
33,21,2134.739843
34,8,2577.444904
34,8,2577.444904
34,9,2412.899245
34,10,2336.507998
34,10,2336.507998
34,10,2336.507998
34,11,2277.742495
34,11,2277.742495
34,11,2277.742495
34,11,2277.742495
34,11,2277.742495
34,11,2277.742495
34,11,2277.742495
34,11,2277.742495
34,11,2277.742495
34,12,2248.583405
34,12,2248.583405
34,12,2248.583405
34,14,2222.002988
34,14,2222.002988
34,14,2222.002988
34,14,2222.002988
34,15,2196.645089
34,15,2196.645089
34,15,2196.645089
34,15,2196.645089
34,15,2196.645089
34,18,2191.945058
34,18,2191.945058
34,18,2191.945058
34,18,2191.945058
34,18,2191.945058
34,18,2191.945058
34,19,2184.935969
34,19,2184.935969
34,19,2184.935969
34,19,2184.935969
34,19,2184.935969
34,19,2184.935969
34,19,2184.935969
34,19,2184.935969
34,19,2184.935969
34,19,2184.935969
34,19,2184.935969
34,21,2134.739843
34,21,2134.739843
35,7,2887.101443
35,8,2577.444904
35,8,2577.444904
35,8,2577.444904
35,9,2412.899245
35,9,2412.899245
35,10,2336.507998
35,10,2336.507998
35,10,2336.507998
35,10,2336.507998
35,11,2277.742495
35,11,2277.742495
35,11,2277.742495
35,11,2277.742495
35,11,2277.742495
35,11,2277.742495
35,11,2277.742495
35,11,2277.742495
35,11,2277.742495
35,11,2277.742495
35,12,2248.583405
35,12,2248.583405
35,12,2248.583405
35,12,2248.583405
35,14,2222.002988
35,14,2222.002988
35,14,2222.002988
35,14,2222.002988
35,14,2222.002988
35,14,2222.002988
35,15,2196.645089
35,15,2196.645089
35,15,2196.645089
35,15,2196.645089
35,15,2196.645089
35,15,2196.645089
35,17,2186.096346
35,19,2184.935969
35,19,2184.935969
35,19,2184.935969
35,19,2184.935969
35,19,2184.935969
35,19,2184.935969
35,19,2184.935969
35,19,2184.935969
35,19,2184.935969
35,19,2184.935969
35,19,2184.935969
35,19,2184.935969
35,21,2134.739843
35,21,2134.739843
35,21,2134.739843
36,7,2887.101443
36,7,2887.101443
36,8,2577.444904
36,8,2577.444904
36,8,2577.444904
36,8,2577.444904
36,9,2400.629189
36,10,2321.851398
36,11,2277.742495
36,11,2277.742495
36,11,2277.742495
36,11,2277.742495
36,11,2277.742495
36,11,2277.742495
36,11,2277.742495
36,11,2277.742495
36,11,2277.742495
36,11,2277.742495
36,11,2277.742495
36,12,2248.583405
36,12,2248.583405
36,12,2248.583405
36,12,2248.583405
36,12,2248.583405
36,14,2222.002988
36,14,2222.002988
36,14,2222.002988
36,14,2222.002988
36,14,2222.002988
36,14,2222.002988
36,14,2222.002988
36,14,2222.002988
36,15,2196.645089
36,15,2196.645089
36,15,2196.645089
36,15,2196.645089
36,15,2196.645089
36,15,2196.645089
36,15,2196.645089
36,16,2190.075696
36,17,2186.096346
36,17,2186.096346
36,19,2184.935969
36,19,2184.935969
36,19,2184.935969
36,19,2184.935969
36,19,2184.935969
36,19,2184.935969
36,19,2184.935969
36,19,2184.935969
36,19,2184.935969
36,19,2184.935969
36,19,2184.935969
36,19,2184.935969
36,19,2184.935969
36,21,2134.739843
36,21,2134.739843
36,21,2134.739843
36,21,2134.739843
37,7,2853.698491
37,8,2577.444904
37,8,2577.444904
37,8,2577.444904
37,8,2577.444904
37,8,2577.444904
37,9,2400.629189
37,9,2400.629189
37,10,2321.851398
37,10,2321.851398
37,11,2277.742495
37,11,2277.742495
37,11,2277.742495
37,11,2277.742495
37,11,2277.742495
37,11,2277.742495
37,11,2277.742495
37,11,2277.742495
37,11,2277.742495
37,11,2277.742495
37,11,2277.742495
37,11,2277.742495
37,12,2248.583405
37,12,2248.583405
37,12,2248.583405
37,12,2248.583405
37,12,2248.583405
37,12,2248.583405
37,14,2222.002988
37,14,2222.002988
37,14,2222.002988
37,14,2222.002988
37,14,2222.002988
37,14,2222.002988
37,14,2222.002988
37,14,2222.002988
37,14,2222.002988
37,14,2222.002988
37,15,2174.211439
37,19,2173.747441
37,21,2134.739843
37,21,2134.739843
37,21,2134.739843
37,21,2134.739843
37,21,2134.739843
38,7,2852.972623
38,8,2541.208801
38,9,2400.629189
38,9,2400.629189
38,9,2400.629189
38,10,2321.851398
38,10,2321.851398
38,10,2321.851398
38,11,2277.742495
38,11,2277.742495
38,11,2277.742495
38,11,2277.742495
38,11,2277.742495
38,11,2277.742495
38,11,2277.742495
38,11,2277.742495
38,11,2277.742495
38,11,2277.742495
38,11,2277.742495
38,11,2277.742495
38,11,2277.742495
38,12,2248.583405
38,12,2248.583405
38,12,2248.583405
38,12,2248.583405
38,12,2248.583405
38,12,2248.583405
38,12,2248.583405
38,14,2211.647163
38,15,2174.211439
38,15,2174.211439
38,19,2173.747441
38,19,2173.747441
38,20,2173.249474
38,21,2134.739843
38,21,2134.739843
38,21,2134.739843
38,21,2134.739843
38,21,2134.739843
38,21,2134.739843
39,7,2852.972623
39,7,2852.972623
39,8,2541.208801
39,8,2541.208801
39,9,2379.545344
39,10,2321.851398
39,10,2321.851398
39,10,2321.851398
39,10,2321.851398
39,11,2270.043105
39,12,2248.583405
39,12,2248.583405
39,12,2248.583405
39,12,2248.583405
39,12,2248.583405
39,12,2248.583405
39,12,2248.583405
39,12,2248.583405
39,14,2205.660608
39,15,2174.211439
39,15,2174.211439
39,15,2174.211439
39,19,2173.747441
39,19,2173.747441
39,19,2173.747441
39,20,2173.249474
39,20,2173.249474
39,21,2134.739843
39,21,2134.739843
39,21,2134.739843
39,21,2134.739843
39,21,2134.739843
39,21,2134.739843
39,21,2134.739843
40,7,2822.896762
40,8,2541.208801
40,8,2541.208801
40,8,2541.208801
40,9,2379.545344
40,9,2379.545344
40,10,2321.851398
40,10,2321.851398
40,10,2321.851398
40,10,2321.851398
40,10,2321.851398
40,11,2270.043105
40,11,2270.043105
40,12,2248.583405
40,12,2248.583405
40,12,2248.583405
40,12,2248.583405
40,12,2248.583405
40,12,2248.583405
40,12,2248.583405
40,12,2248.583405
40,12,2248.583405
40,13,2232.517913
40,14,2191.757936
40,15,2174.211439
40,15,2174.211439
40,15,2174.211439
40,15,2174.211439
40,19,2173.747441
40,19,2173.747441
40,19,2173.747441
40,19,2173.747441
40,20,2173.249474
40,20,2173.249474
40,20,2173.249474
40,21,2134.739843
40,21,2134.739843
40,21,2134.739843
40,21,2134.739843
40,21,2134.739843
40,21,2134.739843
40,21,2134.739843
40,21,2134.739843
41,7,2753.216296
41,8,2541.208801
41,8,2541.208801
41,8,2541.208801
41,8,2541.208801
41,9,2379.545344
41,9,2379.545344
41,9,2379.545344
41,10,2321.851398
41,10,2321.851398
41,10,2321.851398
41,10,2321.851398
41,10,2321.851398
41,10,2321.851398
41,11,2270.043105
41,11,2270.043105
41,11,2270.043105
41,12,2248.583405
41,12,2248.583405
41,12,2248.583405
41,12,2248.583405
41,12,2248.583405
41,12,2248.583405
41,12,2248.583405
41,12,2248.583405
41,12,2248.583405
41,12,2248.583405
41,13,2232.517913
41,13,2232.517913
41,14,2191.757936
41,14,2191.757936
41,15,2174.211439
41,15,2174.211439
41,15,2174.211439
41,15,2174.211439
41,15,2174.211439
41,19,2173.747441
41,19,2173.747441
41,19,2173.747441
41,19,2173.747441
41,19,2173.747441
41,20,2173.249474
41,20,2173.249474
41,20,2173.249474
41,20,2173.249474
41,21,2134.739843
41,21,2134.739843
41,21,2134.739843
41,21,2134.739843
41,21,2134.739843
41,21,2134.739843
41,21,2134.739843
41,21,2134.739843
41,21,2134.739843
42,7,2753.216296
42,7,2753.216296
42,8,2534.176741
42,9,2379.545344
42,9,2379.545344
42,9,2379.545344
42,9,2379.545344
42,10,2321.851398
42,10,2321.851398
42,10,2321.851398
42,10,2321.851398
42,10,2321.851398
42,10,2321.851398
42,10,2321.851398
42,11,2270.043105
42,11,2270.043105
42,11,2270.043105
42,11,2270.043105
42,12,2248.583405
42,12,2248.583405
42,12,2248.583405
42,12,2248.583405
42,12,2248.583405
42,12,2248.583405
42,12,2248.583405
42,12,2248.583405
42,12,2248.583405
42,12,2248.583405
42,12,2248.583405
42,13,2232.517913
42,13,2232.517913
42,13,2232.517913
42,14,2185.106037
42,15,2174.211439
42,15,2174.211439
42,15,2174.211439
42,15,2174.211439
42,15,2174.211439
42,15,2174.211439
42,17,2166.092533
42,18,2163.758567
42,21,2134.739843
42,21,2134.739843
42,21,2134.739843
42,21,2134.739843
42,21,2134.739843
42,21,2134.739843
42,21,2134.739843
42,21,2134.739843
42,21,2134.739843
42,21,2134.739843
43,7,2753.216296
43,7,2753.216296
43,7,2753.216296
43,8,2534.176741
43,8,2534.176741
43,9,2373.411602
43,10,2321.851398
43,10,2321.851398
43,10,2321.851398
43,10,2321.851398
43,10,2321.851398
43,10,2321.851398
43,10,2321.851398
43,10,2321.851398
43,11,2233.593391
43,13,2232.517913
43,13,2232.517913
43,13,2232.517913
43,13,2232.517913
43,14,2185.106037
43,14,2185.106037
43,15,2174.211439
43,15,2174.211439
43,15,2174.211439
43,15,2174.211439
43,15,2174.211439
43,15,2174.211439
43,15,2174.211439
43,17,2166.092533
43,17,2166.092533
43,18,2163.758567
43,18,2163.758567
43,21,2134.739843
43,21,2134.739843
43,21,2134.739843
43,21,2134.739843
43,21,2134.739843
43,21,2134.739843
43,21,2134.739843
43,21,2134.739843
43,21,2134.739843
43,21,2134.739843
43,21,2134.739843
44,7,2753.216296
44,7,2753.216296
44,7,2753.216296
44,7,2753.216296
44,8,2534.176741
44,8,2534.176741
44,8,2534.176741
44,9,2373.411602
44,9,2373.411602
44,10,2321.851398
44,10,2321.851398
44,10,2321.851398
44,10,2321.851398
44,10,2321.851398
44,10,2321.851398
44,10,2321.851398
44,10,2321.851398
44,10,2321.851398
44,11,2233.593391
44,11,2233.593391
44,13,2232.517913
44,13,2232.517913
44,13,2232.517913
44,13,2232.517913
44,13,2232.517913
44,13,2232.517913
44,14,2185.106037
44,14,2185.106037
44,14,2185.106037
44,15,2174.211439
44,15,2174.211439
44,15,2174.211439
44,15,2174.211439
44,15,2174.211439
44,15,2174.211439
44,15,2174.211439
44,15,2174.211439
44,17,2166.092533
44,17,2166.092533
44,17,2166.092533
44,18,2163.758567
44,18,2163.758567
44,18,2163.758567
44,21,2134.739843
44,21,2134.739843
44,21,2134.739843
44,21,2134.739843
44,21,2134.739843
44,21,2134.739843
44,21,2134.739843
44,21,2134.739843
44,21,2134.739843
44,21,2134.739843
44,21,2134.739843
44,21,2134.739843
45,7,2743.275868
45,8,2435.617578
45,9,2373.411602
45,9,2373.411602
45,9,2373.411602
45,10,2319.995584
45,11,2233.593391
45,11,2233.593391
45,11,2233.593391
45,13,2232.517913
45,13,2232.517913
45,13,2232.517913
45,13,2232.517913
45,13,2232.517913
45,13,2232.517913
45,13,2232.517913
45,13,2232.517913
45,14,2185.106037
45,14,2185.106037
45,14,2185.106037
45,14,2185.106037
45,15,2174.211439
45,15,2174.211439
45,15,2174.211439
45,15,2174.211439
45,15,2174.211439
45,15,2174.211439
45,15,2174.211439
45,15,2174.211439
45,15,2174.211439
45,17,2156.034805
45,21,2134.739843
45,21,2134.739843
45,21,2134.739843
45,21,2134.739843
45,21,2134.739843
45,21,2134.739843
45,21,2134.739843
45,21,2134.739843
45,21,2134.739843
45,21,2134.739843
45,21,2134.739843
45,21,2134.739843
45,21,2134.739843
46,7,2726.159440
46,8,2435.617578
46,8,2435.617578
46,9,2373.411602
46,9,2373.411602
46,9,2373.411602
46,9,2373.411602
46,10,2319.995584
46,10,2319.995584
46,11,2233.593391
46,11,2233.593391
46,11,2233.593391
46,11,2233.593391
46,13,2232.517913
46,13,2232.517913
46,13,2232.517913
46,13,2232.517913
46,13,2232.517913
46,13,2232.517913
46,13,2232.517913
46,13,2232.517913
46,13,2232.517913
46,13,2232.517913
46,14,2172.914818
46,17,2156.034805
46,17,2156.034805
46,18,2155.855867
46,21,2134.739843
46,21,2134.739843
46,21,2134.739843
46,21,2134.739843
46,21,2134.739843
46,21,2134.739843
46,21,2134.739843
46,21,2134.739843
46,21,2134.739843
46,21,2134.739843
46,21,2134.739843
46,21,2134.739843
46,21,2134.739843
46,21,2134.739843
47,7,2702.641896
47,8,2435.617578
47,8,2435.617578
47,8,2435.617578
47,9,2373.411602
47,9,2373.411602
47,9,2373.411602
47,9,2373.411602
47,9,2373.411602
47,10,2302.706586
47,11,2233.593391
47,11,2233.593391
47,11,2233.593391
47,11,2233.593391
47,11,2233.593391
47,12,2213.812877
47,14,2172.914818
47,14,2172.914818
47,16,2157.875741
47,17,2156.034805
47,17,2156.034805
47,17,2156.034805
47,18,2155.855867
47,18,2155.855867
47,21,2121.182483
48,7,2702.641896
48,7,2702.641896
48,8,2435.617578
48,8,2435.617578
48,8,2435.617578
48,8,2435.617578
48,9,2373.411602
48,9,2373.411602
48,9,2373.411602
48,9,2373.411602
48,9,2373.411602
48,9,2373.411602
48,10,2294.134100
48,11,2222.179902
48,12,2213.812877
48,12,2213.812877
48,14,2172.914818
48,14,2172.914818
48,14,2172.914818
48,16,2157.875741
48,16,2157.875741
48,17,2156.034805
48,17,2156.034805
48,17,2156.034805
48,17,2156.034805
48,18,2155.855867
48,18,2155.855867
48,18,2155.855867
48,21,2121.182483
48,21,2121.182483
49,7,2643.593473
49,8,2435.617578
49,8,2435.617578
49,8,2435.617578
49,8,2435.617578
49,8,2435.617578
49,9,2347.731590
49,10,2267.791934
49,11,2222.179902
49,11,2222.179902
49,12,2213.812877
49,12,2213.812877
49,12,2213.812877
49,14,2172.914818
49,14,2172.914818
49,14,2172.914818
49,14,2172.914818
49,16,2157.875741
49,16,2157.875741
49,16,2157.875741
49,17,2156.034805
49,17,2156.034805
49,17,2156.034805
49,17,2156.034805
49,17,2156.034805
49,18,2155.855867
49,18,2155.855867
49,18,2155.855867
49,18,2155.855867
49,21,2121.182483
49,21,2121.182483
49,21,2121.182483
50,7,2643.593473
50,7,2643.593473
50,8,2401.615615
50,9,2347.731590
50,9,2347.731590
50,10,2267.791934
50,10,2267.791934
50,11,2222.179902
50,11,2222.179902
50,11,2222.179902
50,12,2213.812877
50,12,2213.812877
50,12,2213.812877
50,12,2213.812877
50,14,2172.914818
50,14,2172.914818
50,14,2172.914818
50,14,2172.914818
50,14,2172.914818
50,16,2155.234274
50,21,2121.182483
50,21,2121.182483
50,21,2121.182483
50,21,2121.182483
51,7,2639.883128
51,8,2401.615615
51,8,2401.615615
51,9,2347.731590
51,9,2347.731590
51,9,2347.731590
51,10,2267.791934
51,10,2267.791934
51,10,2267.791934
51,11,2222.179902
51,11,2222.179902
51,11,2222.179902
51,11,2222.179902
51,12,2213.812877
51,12,2213.812877
51,12,2213.812877
51,12,2213.812877
51,12,2213.812877
51,14,2172.914818
51,14,2172.914818
51,14,2172.914818
51,14,2172.914818
51,14,2172.914818
51,14,2172.914818
51,16,2155.234274
51,16,2155.234274
51,17,2147.598375
51,21,2121.182483
51,21,2121.182483
51,21,2121.182483
51,21,2121.182483
51,21,2121.182483
52,7,2639.883128
52,7,2639.883128
52,8,2401.615615
52,8,2401.615615
52,8,2401.615615
52,9,2347.731590
52,9,2347.731590
52,9,2347.731590
52,9,2347.731590
52,10,2267.791934
52,10,2267.791934
52,10,2267.791934
52,10,2267.791934
52,11,2222.179902
52,11,2222.179902
52,11,2222.179902
52,11,2222.179902
52,11,2222.179902
52,12,2213.812877
52,12,2213.812877
52,12,2213.812877
52,12,2213.812877
52,12,2213.812877
52,12,2213.812877
52,13,2209.797018
52,14,2172.914818
52,14,2172.914818
52,14,2172.914818
52,14,2172.914818
52,14,2172.914818
52,14,2172.914818
52,14,2172.914818
52,15,2171.507000
52,16,2155.234274
52,16,2155.234274
52,16,2155.234274
52,17,2147.598375
52,17,2147.598375
52,21,2121.182483
52,21,2121.182483
52,21,2121.182483
52,21,2121.182483
52,21,2121.182483
52,21,2121.182483
53,7,2617.944385
53,8,2401.615615
53,8,2401.615615
53,8,2401.615615
53,8,2401.615615
53,9,2347.731590
53,9,2347.731590
53,9,2347.731590
53,9,2347.731590
53,9,2347.731590
53,10,2267.791934
53,10,2267.791934
53,10,2267.791934
53,10,2267.791934
53,10,2267.791934
53,11,2222.179902
53,11,2222.179902
53,11,2222.179902
53,11,2222.179902
53,11,2222.179902
53,11,2222.179902
53,12,2213.812877
53,12,2213.812877
53,12,2213.812877
53,12,2213.812877
53,12,2213.812877
53,12,2213.812877
53,12,2213.812877
53,13,2209.797018
53,13,2209.797018
53,14,2172.914818
53,14,2172.914818
53,14,2172.914818
53,14,2172.914818
53,14,2172.914818
53,14,2172.914818
53,14,2172.914818
53,14,2172.914818
53,15,2171.507000
53,15,2171.507000
53,16,2155.234274
53,16,2155.234274
53,16,2155.234274
53,16,2155.234274
53,17,2147.598375
53,17,2147.598375
53,17,2147.598375
53,21,2121.182483
53,21,2121.182483
53,21,2121.182483
53,21,2121.182483
53,21,2121.182483
53,21,2121.182483
53,21,2121.182483
54,7,2597.017321
54,8,2401.615615
54,8,2401.615615
54,8,2401.615615
54,8,2401.615615
54,8,2401.615615
54,9,2347.242283
54,10,2267.791934
54,10,2267.791934
54,10,2267.791934
54,10,2267.791934
54,10,2267.791934
54,10,2267.791934
54,11,2222.179902
54,11,2222.179902
54,11,2222.179902
54,11,2222.179902
54,11,2222.179902
54,11,2222.179902
54,11,2222.179902
54,11,2222.179902
54,12,2213.812877
54,12,2213.812877
54,12,2213.812877
54,12,2213.812877
54,12,2213.812877
54,12,2213.812877
54,12,2213.812877
54,12,2213.812877
54,13,2154.999628
54,17,2147.598375
54,17,2147.598375
54,17,2147.598375
54,17,2147.598375
54,21,2121.182483
54,21,2121.182483
54,21,2121.182483
54,21,2121.182483
54,21,2121.182483
54,21,2121.182483
54,21,2121.182483
54,21,2121.182483
55,7,2597.017321
55,7,2597.017321
55,8,2396.482621
55,9,2347.242283
55,9,2347.242283
55,10,2262.105941
55,11,2222.179902
55,11,2222.179902
55,11,2222.179902
55,11,2222.179902
55,11,2222.179902
55,11,2222.179902
55,11,2222.179902
55,11,2222.179902
55,11,2222.179902
55,11,2222.179902
55,12,2213.812877
55,12,2213.812877
55,12,2213.812877
55,12,2213.812877
55,12,2213.812877
55,12,2213.812877
55,12,2213.812877
55,12,2213.812877
55,12,2213.812877
55,13,2154.999628
55,13,2154.999628
55,15,2153.980952
55,17,2138.531306
55,21,2117.108785
56,7,2561.177904
56,8,2396.482621
56,8,2396.482621
56,9,2328.089191
56,10,2262.086991
56,11,2222.179902
56,11,2222.179902
56,11,2222.179902
56,11,2222.179902
56,11,2222.179902
56,11,2222.179902
56,11,2222.179902
56,11,2222.179902
56,11,2222.179902
56,11,2222.179902
56,11,2222.179902
56,11,2222.179902
56,12,2213.812877
56,12,2213.812877
56,12,2213.812877
56,12,2213.812877
56,12,2213.812877
56,12,2213.812877
56,12,2213.812877
56,12,2213.812877
56,12,2213.812877
56,12,2213.812877
56,13,2154.999628
56,13,2154.999628
56,13,2154.999628
56,15,2153.980952
56,15,2153.980952
56,16,2152.618428
56,17,2138.531306
56,17,2138.531306
56,19,2123.843905
56,21,2117.108785
56,21,2117.108785
57,7,2561.177904
57,7,2561.177904
57,8,2396.482621
57,8,2396.482621
57,8,2396.482621
57,9,2328.089191
57,9,2328.089191
57,10,2250.837593
57,11,2222.179902
57,11,2222.179902
57,11,2222.179902
57,11,2222.179902
57,11,2222.179902
57,11,2222.179902
57,11,2222.179902
57,11,2222.179902
57,11,2222.179902
57,11,2222.179902
57,11,2222.179902
57,11,2222.179902
57,11,2222.179902
57,11,2222.179902
57,12,2213.812877
57,12,2213.812877
57,12,2213.812877
57,12,2213.812877
57,12,2213.812877
57,12,2213.812877
57,12,2213.812877
57,12,2213.812877
57,12,2213.812877
57,12,2213.812877
57,12,2213.812877
57,13,2154.999628
57,13,2154.999628
57,13,2154.999628
57,13,2154.999628
57,15,2153.980952
57,15,2153.980952
57,15,2153.980952
57,16,2152.618428
57,16,2152.618428
57,17,2138.531306
57,17,2138.531306
57,17,2138.531306
57,19,2123.843905
57,19,2123.843905
57,21,2117.108785
57,21,2117.108785
57,21,2117.108785
58,7,2528.286577
58,8,2383.213569
58,9,2328.089191
58,9,2328.089191
58,9,2328.089191
58,10,2245.696971
58,11,2222.179902
58,11,2222.179902
58,11,2222.179902
58,11,2222.179902
58,11,2222.179902
58,11,2222.179902
58,11,2222.179902
58,11,2222.179902
58,11,2222.179902
58,11,2222.179902
58,11,2222.179902
58,11,2222.179902
58,11,2222.179902
58,11,2222.179902
58,11,2222.179902
58,11,2222.179902
58,12,2213.812877
58,12,2213.812877
58,12,2213.812877
58,12,2213.812877
58,12,2213.812877
58,12,2213.812877
58,12,2213.812877
58,12,2213.812877
58,12,2213.812877
58,12,2213.812877
58,12,2213.812877
58,12,2213.812877
58,13,2154.999628
58,13,2154.999628
58,13,2154.999628
58,13,2154.999628
58,13,2154.999628
58,15,2147.113603
58,17,2138.531306
58,17,2138.531306
58,17,2138.531306
58,17,2138.531306
58,19,2123.843905
58,19,2123.843905
58,19,2123.843905
58,21,2117.108785
58,21,2117.108785
58,21,2117.108785
58,21,2117.108785
59,7,2528.286577
59,7,2528.286577
59,8,2383.213569
59,8,2383.213569
59,9,2215.738891
59,12,2213.812877
59,12,2213.812877
59,12,2213.812877
59,12,2213.812877
59,12,2213.812877
59,12,2213.812877
59,12,2213.812877
59,12,2213.812877
59,12,2213.812877
59,12,2213.812877
59,12,2213.812877
59,12,2213.812877
59,12,2213.812877
59,13,2154.999628
59,13,2154.999628
59,13,2154.999628
59,13,2154.999628
59,13,2154.999628
59,13,2154.999628
59,15,2147.113603
59,15,2147.113603
59,17,2138.531306
59,17,2138.531306
59,17,2138.531306
59,17,2138.531306
59,17,2138.531306
59,19,2123.843905
59,19,2123.843905
59,19,2123.843905
59,19,2123.843905
59,21,2117.108785
59,21,2117.108785
59,21,2117.108785
59,21,2117.108785
59,21,2117.108785
60,7,2528.286577
60,7,2528.286577
60,7,2528.286577
60,8,2383.213569
60,8,2383.213569
60,8,2383.213569
60,9,2215.738891
60,9,2215.738891
60,10,2180.065105
60,13,2154.999628
60,13,2154.999628
60,13,2154.999628
60,13,2154.999628
60,13,2154.999628
60,13,2154.999628
60,13,2154.999628
60,15,2147.113603
60,15,2147.113603
60,15,2147.113603
60,17,2138.531306
60,17,2138.531306
60,17,2138.531306
60,17,2138.531306
60,17,2138.531306
60,17,2138.531306
60,19,2123.843905
60,19,2123.843905
60,19,2123.843905
60,19,2123.843905
60,19,2123.843905
60,21,2117.108785
60,21,2117.108785
60,21,2117.108785
60,21,2117.108785
60,21,2117.108785
60,21,2117.108785
60,25,2116.561371
61,7,2528.286577
61,7,2528.286577
61,7,2528.286577
61,7,2528.286577
61,7,2528.286577
61,8,2383.213569
61,8,2383.213569
61,8,2383.213569
61,8,2383.213569
61,9,2215.738891
61,9,2215.738891
61,9,2215.738891
61,10,2180.065105
61,10,2180.065105
61,13,2154.999628
61,13,2154.999628
61,13,2154.999628
61,13,2154.999628
61,13,2154.999628
61,13,2154.999628
61,13,2154.999628
61,13,2154.999628
61,15,2147.113603
61,15,2147.113603
61,15,2147.113603
61,15,2147.113603
61,16,2145.163842
61,17,2138.531306
61,17,2138.531306
61,17,2138.531306
61,17,2138.531306
61,17,2138.531306
61,17,2138.531306
61,17,2138.531306
61,19,2123.843905
61,19,2123.843905
61,19,2123.843905
61,19,2123.843905
61,19,2123.843905
61,19,2123.843905
61,21,2117.108785
61,21,2117.108785
61,21,2117.108785
61,21,2117.108785
61,21,2117.108785
61,21,2117.108785
61,21,2117.108785
61,25,2116.561371
61,25,2116.561371
62,7,2528.286577
62,7,2528.286577
62,7,2528.286577
62,7,2528.286577
62,7,2528.286577
62,7,2528.286577
62,7,2528.286577
62,8,2383.213569
62,8,2383.213569
62,8,2383.213569
62,8,2383.213569
62,8,2383.213569
62,9,2215.738891
62,9,2215.738891
62,9,2215.738891
62,9,2215.738891
62,10,2180.065105
62,10,2180.065105
62,10,2180.065105
62,13,2154.999628
62,13,2154.999628
62,13,2154.999628
62,13,2154.999628
62,13,2154.999628
62,13,2154.999628
62,13,2154.999628
62,13,2154.999628
62,13,2154.999628
62,15,2147.113603
62,15,2147.113603
62,15,2147.113603
62,15,2147.113603
62,15,2147.113603
62,16,2145.163842
62,16,2145.163842
62,17,2138.531306
62,17,2138.531306
62,17,2138.531306
62,17,2138.531306
62,17,2138.531306
62,17,2138.531306
62,17,2138.531306
62,17,2138.531306
62,19,2123.843905
62,19,2123.843905
62,19,2123.843905
62,19,2123.843905
62,19,2123.843905
62,19,2123.843905
62,19,2123.843905
62,21,2117.108785
62,21,2117.108785
62,21,2117.108785
62,21,2117.108785
62,21,2117.108785
62,21,2117.108785
62,21,2117.108785
62,21,2117.108785
62,25,2116.561371
62,25,2116.561371
62,25,2116.561371
63,7,2528.286577
63,7,2528.286577
63,7,2528.286577
63,7,2528.286577
63,7,2528.286577
63,7,2528.286577
63,7,2528.286577
63,7,2528.286577
63,7,2528.286577
63,8,2383.213569
63,8,2383.213569
63,8,2383.213569
63,8,2383.213569
63,8,2383.213569
63,8,2383.213569
63,9,2215.738891
63,9,2215.738891
63,9,2215.738891
63,9,2215.738891
63,9,2215.738891
63,10,2180.065105
63,10,2180.065105
63,10,2180.065105
63,10,2180.065105
63,12,2177.424057
63,13,2154.999628
63,13,2154.999628
63,13,2154.999628
63,13,2154.999628
63,13,2154.999628
63,13,2154.999628
63,13,2154.999628
63,13,2154.999628
63,13,2154.999628
63,13,2154.999628
63,15,2147.113603
63,15,2147.113603
63,15,2147.113603
63,15,2147.113603
63,15,2147.113603
63,15,2147.113603
63,16,2145.163842
63,16,2145.163842
63,16,2145.163842
63,17,2138.531306
63,17,2138.531306
63,17,2138.531306
63,17,2138.531306
63,17,2138.531306
63,17,2138.531306
63,17,2138.531306
63,17,2138.531306
63,17,2138.531306
63,19,2123.843905
63,19,2123.843905
63,19,2123.843905
63,19,2123.843905
63,19,2123.843905
63,19,2123.843905
63,19,2123.843905
63,19,2123.843905
63,21,2117.108785
63,21,2117.108785
63,21,2117.108785
63,21,2117.108785
63,21,2117.108785
63,21,2117.108785
63,21,2117.108785
63,21,2117.108785
63,21,2117.108785
63,25,2116.561371
63,25,2116.561371
63,25,2116.561371
63,25,2116.561371
64,7,2528.286577
64,7,2528.286577
64,7,2528.286577
64,7,2528.286577
64,7,2528.286577
64,7,2528.286577
64,7,2528.286577
64,7,2528.286577
64,7,2528.286577
64,7,2528.286577
64,7,2528.286577
64,8,2383.213569
64,8,2383.213569
64,8,2383.213569
64,8,2383.213569
64,8,2383.213569
64,8,2383.213569
64,8,2383.213569
64,9,2215.738891
64,9,2215.738891
64,9,2215.738891
64,9,2215.738891
64,9,2215.738891
64,9,2215.738891
64,10,2180.065105
64,10,2180.065105
64,10,2180.065105
64,10,2180.065105
64,10,2180.065105
64,12,2177.424057
64,12,2177.424057
64,13,2154.999628
64,13,2154.999628
64,13,2154.999628
64,13,2154.999628
64,13,2154.999628
64,13,2154.999628
64,13,2154.999628
64,13,2154.999628
64,13,2154.999628
64,13,2154.999628
64,13,2154.999628
64,15,2147.113603
64,15,2147.113603
64,15,2147.113603
64,15,2147.113603
64,15,2147.113603
64,15,2147.113603
64,15,2147.113603
64,16,2145.163842
64,16,2145.163842
64,16,2145.163842
64,16,2145.163842
64,17,2138.531306
64,17,2138.531306
64,17,2138.531306
64,17,2138.531306
64,17,2138.531306
64,17,2138.531306
64,17,2138.531306
64,17,2138.531306
64,17,2138.531306
64,17,2138.531306
64,19,2123.843905
64,19,2123.843905
64,19,2123.843905
64,19,2123.843905
64,19,2123.843905
64,19,2123.843905
64,19,2123.843905
64,19,2123.843905
64,19,2123.843905
64,21,2117.108785
64,21,2117.108785
64,21,2117.108785
64,21,2117.108785
64,21,2117.108785
64,21,2117.108785
64,21,2117.108785
64,21,2117.108785
64,21,2117.108785
64,21,2117.108785
64,25,2114.756663
65,7,2488.876533
65,8,2383.213569
65,8,2383.213569
65,8,2383.213569
65,8,2383.213569
65,8,2383.213569
65,8,2383.213569
65,8,2383.213569
65,8,2383.213569
65,9,2215.738891
65,9,2215.738891
65,9,2215.738891
65,9,2215.738891
65,9,2215.738891
65,9,2215.738891
65,9,2215.738891
65,10,2178.274566
65,12,2177.424057
65,12,2177.424057
65,12,2177.424057
65,13,2154.999628
65,13,2154.999628
65,13,2154.999628
65,13,2154.999628
65,13,2154.999628
65,13,2154.999628
65,13,2154.999628
65,13,2154.999628
65,13,2154.999628
65,13,2154.999628
65,13,2154.999628
65,13,2154.999628
65,15,2147.113603
65,15,2147.113603
65,15,2147.113603
65,15,2147.113603
65,15,2147.113603
65,15,2147.113603
65,15,2147.113603
65,15,2147.113603
65,16,2145.163842
65,16,2145.163842
65,16,2145.163842
65,16,2145.163842
65,16,2145.163842
65,17,2138.531306
65,17,2138.531306
65,17,2138.531306
65,17,2138.531306
65,17,2138.531306
65,17,2138.531306
65,17,2138.531306
65,17,2138.531306
65,17,2138.531306
65,17,2138.531306
65,17,2138.531306
65,19,2123.843905
65,19,2123.843905
65,19,2123.843905
65,19,2123.843905
65,19,2123.843905
65,19,2123.843905
65,19,2123.843905
65,19,2123.843905
65,19,2123.843905
65,19,2123.843905
65,21,2117.108785
65,21,2117.108785
65,21,2117.108785
65,21,2117.108785
65,21,2117.108785
65,21,2117.108785
65,21,2117.108785
65,21,2117.108785
65,21,2117.108785
65,21,2117.108785
65,21,2117.108785
65,25,2114.756663
65,25,2114.756663
66,7,2488.876533
66,7,2488.876533
66,8,2345.268163
66,9,2215.738891
66,9,2215.738891
66,9,2215.738891
66,9,2215.738891
66,9,2215.738891
66,9,2215.738891
66,9,2215.738891
66,9,2215.738891
66,10,2178.274566
66,10,2178.274566
66,12,2177.424057
66,12,2177.424057
66,12,2177.424057
66,12,2177.424057
66,13,2141.601158
66,17,2138.531306
66,17,2138.531306
66,17,2138.531306
66,17,2138.531306
66,17,2138.531306
66,17,2138.531306
66,17,2138.531306
66,17,2138.531306
66,17,2138.531306
66,17,2138.531306
66,17,2138.531306
66,17,2138.531306
66,19,2123.843905
66,19,2123.843905
66,19,2123.843905
66,19,2123.843905
66,19,2123.843905
66,19,2123.843905
66,19,2123.843905
66,19,2123.843905
66,19,2123.843905
66,19,2123.843905
66,19,2123.843905
66,21,2117.108785
66,21,2117.108785
66,21,2117.108785
66,21,2117.108785
66,21,2117.108785
66,21,2117.108785
66,21,2117.108785
66,21,2117.108785
66,21,2117.108785
66,21,2117.108785
66,21,2117.108785
66,21,2117.108785
66,25,2114.756663
66,25,2114.756663
66,25,2114.756663
67,7,2488.876533
67,7,2488.876533
67,7,2488.876533
67,8,2345.268163
67,8,2345.268163
67,9,2215.738891
67,9,2215.738891
67,9,2215.738891
67,9,2215.738891
67,9,2215.738891
67,9,2215.738891
67,9,2215.738891
67,9,2215.738891
67,9,2215.738891
67,10,2178.274566
67,10,2178.274566
67,10,2178.274566
67,12,2177.424057
67,12,2177.424057
67,12,2177.424057
67,12,2177.424057
67,12,2177.424057
67,13,2141.601158
67,13,2141.601158
67,17,2138.531306
67,17,2138.531306
67,17,2138.531306
67,17,2138.531306
67,17,2138.531306
67,17,2138.531306
67,17,2138.531306
67,17,2138.531306
67,17,2138.531306
67,17,2138.531306
67,17,2138.531306
67,17,2138.531306
67,17,2138.531306
67,19,2123.843905
67,19,2123.843905
67,19,2123.843905
67,19,2123.843905
67,19,2123.843905
67,19,2123.843905
67,19,2123.843905
67,19,2123.843905
67,19,2123.843905
67,19,2123.843905
67,19,2123.843905
67,19,2123.843905
67,21,2117.108785
67,21,2117.108785
67,21,2117.108785
67,21,2117.108785
67,21,2117.108785
67,21,2117.108785
67,21,2117.108785
67,21,2117.108785
67,21,2117.108785
67,21,2117.108785
67,21,2117.108785
67,21,2117.108785
67,21,2117.108785
67,25,2114.756663
67,25,2114.756663
67,25,2114.756663
67,25,2114.756663
68,7,2488.876533
68,7,2488.876533
68,7,2488.876533
68,7,2488.876533
68,8,2345.268163
68,8,2345.268163
68,8,2345.268163
68,9,2215.738891
68,9,2215.738891
68,9,2215.738891
68,9,2215.738891
68,9,2215.738891
68,9,2215.738891
68,9,2215.738891
68,9,2215.738891
68,9,2215.738891
68,9,2215.738891
68,10,2178.274566
68,10,2178.274566
68,10,2178.274566
68,10,2178.274566
68,12,2177.424057
68,12,2177.424057
68,12,2177.424057
68,12,2177.424057
68,12,2177.424057
68,12,2177.424057
68,13,2141.601158
68,13,2141.601158
68,13,2141.601158
68,17,2138.531306
68,17,2138.531306
68,17,2138.531306
68,17,2138.531306
68,17,2138.531306
68,17,2138.531306
68,17,2138.531306
68,17,2138.531306
68,17,2138.531306
68,17,2138.531306
68,17,2138.531306
68,17,2138.531306
68,17,2138.531306
68,17,2138.531306
68,18,2120.126118
68,21,2117.108785
68,21,2117.108785
68,21,2117.108785
68,21,2117.108785
68,21,2117.108785
68,21,2117.108785
68,21,2117.108785
68,21,2117.108785
68,21,2117.108785
68,21,2117.108785
68,21,2117.108785
68,21,2117.108785
68,21,2117.108785
68,21,2117.108785
68,25,2114.756663
68,25,2114.756663
68,25,2114.756663
68,25,2114.756663
68,25,2114.756663
69,7,2345.991902
69,8,2345.268163
69,8,2345.268163
69,8,2345.268163
69,8,2345.268163
69,9,2215.738891
69,9,2215.738891
69,9,2215.738891
69,9,2215.738891
69,9,2215.738891
69,9,2215.738891
69,9,2215.738891
69,9,2215.738891
69,9,2215.738891
69,9,2215.738891
69,9,2215.738891
69,10,2178.274566
69,10,2178.274566
69,10,2178.274566
69,10,2178.274566
69,10,2178.274566
69,12,2170.066508
69,13,2141.601158
69,13,2141.601158
69,13,2141.601158
69,13,2141.601158
69,17,2138.531306
69,17,2138.531306
69,17,2138.531306
69,17,2138.531306
69,17,2138.531306
69,17,2138.531306
69,17,2138.531306
69,17,2138.531306
69,17,2138.531306
69,17,2138.531306
69,17,2138.531306
69,17,2138.531306
69,17,2138.531306
69,17,2138.531306
69,17,2138.531306
69,18,2120.126118
69,18,2120.126118
69,21,2117.108785
69,21,2117.108785
69,21,2117.108785
69,21,2117.108785
69,21,2117.108785
69,21,2117.108785
69,21,2117.108785
69,21,2117.108785
69,21,2117.108785
69,21,2117.108785
69,21,2117.108785
69,21,2117.108785
69,21,2117.108785
69,21,2117.108785
69,21,2117.108785
69,25,2114.756663
69,25,2114.756663
69,25,2114.756663
69,25,2114.756663
69,25,2114.756663
69,25,2114.756663
70,7,2345.991902
70,7,2345.991902
70,8,2345.268163
70,8,2345.268163
70,8,2345.268163
70,8,2345.268163
70,8,2345.268163
70,9,2215.738891
70,9,2215.738891
70,9,2215.738891
70,9,2215.738891
70,9,2215.738891
70,9,2215.738891
70,9,2215.738891
70,9,2215.738891
70,9,2215.738891
70,9,2215.738891
70,9,2215.738891
70,9,2215.738891
70,10,2178.274566
70,10,2178.274566
70,10,2178.274566
70,10,2178.274566
70,10,2178.274566
70,10,2178.274566
70,12,2170.066508
70,12,2170.066508
70,13,2141.601158
70,13,2141.601158
70,13,2141.601158
70,13,2141.601158
70,13,2141.601158
70,17,2138.531306
70,17,2138.531306
70,17,2138.531306
70,17,2138.531306
70,17,2138.531306
70,17,2138.531306
70,17,2138.531306
70,17,2138.531306
70,17,2138.531306
70,17,2138.531306
70,17,2138.531306
70,17,2138.531306
70,17,2138.531306
70,17,2138.531306
70,17,2138.531306
70,17,2138.531306
70,18,2120.126118
70,18,2120.126118
70,18,2120.126118
70,21,2117.108785
70,21,2117.108785
70,21,2117.108785
70,21,2117.108785
70,21,2117.108785
70,21,2117.108785
70,21,2117.108785
70,21,2117.108785
70,21,2117.108785
70,21,2117.108785
70,21,2117.108785
70,21,2117.108785
70,21,2117.108785
70,21,2117.108785
70,21,2117.108785
70,21,2117.108785
70,25,2114.756663
70,25,2114.756663
70,25,2114.756663
70,25,2114.756663
70,25,2114.756663
70,25,2114.756663
70,25,2114.756663
70,27,2114.359873
71,7,2345.991902
71,7,2345.991902
71,7,2345.991902
71,8,2345.268163
71,8,2345.268163
71,8,2345.268163
71,8,2345.268163
71,8,2345.268163
71,8,2345.268163
71,9,2199.660461
71,10,2178.274566
71,10,2178.274566
71,10,2178.274566
71,10,2178.274566
71,10,2178.274566
71,10,2178.274566
71,10,2178.274566
71,12,2170.066508
71,12,2170.066508
71,12,2170.066508
71,13,2141.601158
71,13,2141.601158
71,13,2141.601158
71,13,2141.601158
71,13,2141.601158
71,13,2141.601158
71,17,2138.531306
71,17,2138.531306
71,17,2138.531306
71,17,2138.531306
71,17,2138.531306
71,17,2138.531306
71,17,2138.531306
71,17,2138.531306
71,17,2138.531306
71,17,2138.531306
71,17,2138.531306
71,17,2138.531306
71,17,2138.531306
71,17,2138.531306
71,17,2138.531306
71,17,2138.531306
71,17,2138.531306
71,18,2120.126118
71,18,2120.126118
71,18,2120.126118
71,18,2120.126118
71,21,2117.108785
71,21,2117.108785
71,21,2117.108785
71,21,2117.108785
71,21,2117.108785
71,21,2117.108785
71,21,2117.108785
71,21,2117.108785
71,21,2117.108785
71,21,2117.108785
71,21,2117.108785
71,21,2117.108785
71,21,2117.108785
71,21,2117.108785
71,21,2117.108785
71,21,2117.108785
71,21,2117.108785
71,25,2114.756663
71,25,2114.756663
71,25,2114.756663
71,25,2114.756663
71,25,2114.756663
71,25,2114.756663
71,25,2114.756663
71,25,2114.756663
71,27,2114.359873
71,27,2114.359873
72,7,2345.991902
72,7,2345.991902
72,7,2345.991902
72,7,2345.991902
72,8,2345.268163
72,8,2345.268163
72,8,2345.268163
72,8,2345.268163
72,8,2345.268163
72,8,2345.268163
72,8,2345.268163
72,9,2199.660461
72,9,2199.660461
72,10,2172.646097
72,12,2170.066508
72,12,2170.066508
72,12,2170.066508
72,12,2170.066508
72,13,2141.601158
72,13,2141.601158
72,13,2141.601158
72,13,2141.601158
72,13,2141.601158
72,13,2141.601158
72,13,2141.601158
72,17,2138.531306
72,17,2138.531306
72,17,2138.531306
72,17,2138.531306
72,17,2138.531306
72,17,2138.531306
72,17,2138.531306
72,17,2138.531306
72,17,2138.531306
72,17,2138.531306
72,17,2138.531306
72,17,2138.531306
72,17,2138.531306
72,17,2138.531306
72,17,2138.531306
72,17,2138.531306
72,17,2138.531306
72,17,2138.531306
72,18,2120.126118
72,18,2120.126118
72,18,2120.126118
72,18,2120.126118
72,18,2120.126118
72,21,2117.108785
72,21,2117.108785
72,21,2117.108785
72,21,2117.108785
72,21,2117.108785
72,21,2117.108785
72,21,2117.108785
72,21,2117.108785
72,21,2117.108785
72,21,2117.108785
72,21,2117.108785
72,21,2117.108785
72,21,2117.108785
72,21,2117.108785
72,21,2117.108785
72,21,2117.108785
72,21,2117.108785
72,21,2117.108785
72,24,2110.474935
73,7,2345.991902
73,7,2345.991902
73,7,2345.991902
73,7,2345.991902
73,7,2345.991902
73,8,2345.268163
73,8,2345.268163
73,8,2345.268163
73,8,2345.268163
73,8,2345.268163
73,8,2345.268163
73,8,2345.268163
73,8,2345.268163
73,9,2199.660461
73,9,2199.660461
73,9,2199.660461
73,10,2172.646097
73,10,2172.646097
73,12,2170.066508
73,12,2170.066508
73,12,2170.066508
73,12,2170.066508
73,12,2170.066508
73,13,2141.601158
73,13,2141.601158
73,13,2141.601158
73,13,2141.601158
73,13,2141.601158
73,13,2141.601158
73,13,2141.601158
73,13,2141.601158
73,17,2138.531306
73,17,2138.531306
73,17,2138.531306
73,17,2138.531306
73,17,2138.531306
73,17,2138.531306
73,17,2138.531306
73,17,2138.531306
73,17,2138.531306
73,17,2138.531306
73,17,2138.531306
73,17,2138.531306
73,17,2138.531306
73,17,2138.531306
73,17,2138.531306
73,17,2138.531306
73,17,2138.531306
73,17,2138.531306
73,17,2138.531306
73,18,2120.126118
73,18,2120.126118
73,18,2120.126118
73,18,2120.126118
73,18,2120.126118
73,18,2120.126118
73,21,2110.316030
74,7,2345.991902
74,7,2345.991902
74,7,2345.991902
74,7,2345.991902
74,7,2345.991902
74,7,2345.991902
74,8,2345.268163
74,8,2345.268163
74,8,2345.268163
74,8,2345.268163
74,8,2345.268163
74,8,2345.268163
74,8,2345.268163
74,8,2345.268163
74,8,2345.268163
74,9,2199.660461
74,9,2199.660461
74,9,2199.660461
74,9,2199.660461
74,10,2172.646097
74,10,2172.646097
74,10,2172.646097
74,12,2170.066508
74,12,2170.066508
74,12,2170.066508
74,12,2170.066508
74,12,2170.066508
74,12,2170.066508
74,13,2141.601158
74,13,2141.601158
74,13,2141.601158
74,13,2141.601158
74,13,2141.601158
74,13,2141.601158
74,13,2141.601158
74,13,2141.601158
74,13,2141.601158
74,14,2123.721668
74,16,2115.142987
74,21,2110.316030
74,21,2110.316030
75,7,2345.991902
75,7,2345.991902
75,7,2345.991902
75,7,2345.991902
75,7,2345.991902
75,7,2345.991902
75,7,2345.991902
75,8,2345.268163
75,8,2345.268163
75,8,2345.268163
75,8,2345.268163
75,8,2345.268163
75,8,2345.268163
75,8,2345.268163
75,8,2345.268163
75,8,2345.268163
75,8,2345.268163
75,9,2199.660461
75,9,2199.660461
75,9,2199.660461
75,9,2199.660461
75,9,2199.660461
75,10,2172.646097
75,10,2172.646097
75,10,2172.646097
75,10,2172.646097
75,12,2170.066508
75,12,2170.066508
75,12,2170.066508
75,12,2170.066508
75,12,2170.066508
75,12,2170.066508
75,12,2170.066508
75,13,2141.601158
75,13,2141.601158
75,13,2141.601158
75,13,2141.601158
75,13,2141.601158
75,13,2141.601158
75,13,2141.601158
75,13,2141.601158
75,13,2141.601158
75,13,2141.601158
75,14,2123.721668
75,14,2123.721668
75,16,2115.142987
75,16,2115.142987
75,21,2110.316030
75,21,2110.316030
75,21,2110.316030
76,7,2345.991902
76,7,2345.991902
76,7,2345.991902
76,7,2345.991902
76,7,2345.991902
76,7,2345.991902
76,7,2345.991902
76,7,2345.991902
76,8,2345.268163
76,8,2345.268163
76,8,2345.268163
76,8,2345.268163
76,8,2345.268163
76,8,2345.268163
76,8,2345.268163
76,8,2345.268163
76,8,2345.268163
76,8,2345.268163
76,8,2345.268163
76,9,2199.660461
76,9,2199.660461
76,9,2199.660461
76,9,2199.660461
76,9,2199.660461
76,9,2199.660461
76,10,2172.646097
76,10,2172.646097
76,10,2172.646097
76,10,2172.646097
76,10,2172.646097
76,12,2170.066508
76,12,2170.066508
76,12,2170.066508
76,12,2170.066508
76,12,2170.066508
76,12,2170.066508
76,12,2170.066508
76,12,2170.066508
76,13,2141.601158
76,13,2141.601158
76,13,2141.601158
76,13,2141.601158
76,13,2141.601158
76,13,2141.601158
76,13,2141.601158
76,13,2141.601158
76,13,2141.601158
76,13,2141.601158
76,13,2141.601158
76,14,2123.721668
76,14,2123.721668
76,14,2123.721668
76,16,2115.142987
76,16,2115.142987
76,16,2115.142987
76,21,2110.316030
76,21,2110.316030
76,21,2110.316030
76,21,2110.316030
77,7,2345.991902
77,7,2345.991902
77,7,2345.991902
77,7,2345.991902
77,7,2345.991902
77,7,2345.991902
77,7,2345.991902
77,7,2345.991902
77,7,2345.991902
77,8,2325.298708
77,9,2199.660461
77,9,2199.660461
77,9,2199.660461
77,9,2199.660461
77,9,2199.660461
77,9,2199.660461
77,9,2199.660461
77,10,2172.646097
77,10,2172.646097
77,10,2172.646097
77,10,2172.646097
77,10,2172.646097
77,10,2172.646097
77,12,2170.066508
77,12,2170.066508
77,12,2170.066508
77,12,2170.066508
77,12,2170.066508
77,12,2170.066508
77,12,2170.066508
77,12,2170.066508
77,12,2170.066508
77,13,2141.601158
77,13,2141.601158
77,13,2141.601158
77,13,2141.601158
77,13,2141.601158
77,13,2141.601158
77,13,2141.601158
77,13,2141.601158
77,13,2141.601158
77,13,2141.601158
77,13,2141.601158
77,13,2141.601158
77,14,2123.721668
77,14,2123.721668
77,14,2123.721668
77,14,2123.721668
77,16,2115.142987
77,16,2115.142987
77,16,2115.142987
77,16,2115.142987
77,21,2110.316030
77,21,2110.316030
77,21,2110.316030
77,21,2110.316030
77,21,2110.316030
77,23,2106.531751
78,7,2345.991902
78,7,2345.991902
78,7,2345.991902
78,7,2345.991902
78,7,2345.991902
78,7,2345.991902
78,7,2345.991902
78,7,2345.991902
78,7,2345.991902
78,7,2345.991902
78,8,2325.298708
78,8,2325.298708
78,9,2199.660461
78,9,2199.660461
78,9,2199.660461
78,9,2199.660461
78,9,2199.660461
78,9,2199.660461
78,9,2199.660461
78,9,2199.660461
78,10,2172.646097
78,10,2172.646097
78,10,2172.646097
78,10,2172.646097
78,10,2172.646097
78,10,2172.646097
78,10,2172.646097
78,12,2170.066508
78,12,2170.066508
78,12,2170.066508
78,12,2170.066508
78,12,2170.066508
78,12,2170.066508
78,12,2170.066508
78,12,2170.066508
78,12,2170.066508
78,12,2170.066508
78,13,2141.601158
78,13,2141.601158
78,13,2141.601158
78,13,2141.601158
78,13,2141.601158
78,13,2141.601158
78,13,2141.601158
78,13,2141.601158
78,13,2141.601158
78,13,2141.601158
78,13,2141.601158
78,13,2141.601158
78,13,2141.601158
78,14,2123.721668
78,14,2123.721668
78,14,2123.721668
78,14,2123.721668
78,14,2123.721668
78,16,2115.142987
78,16,2115.142987
78,16,2115.142987
78,16,2115.142987
78,16,2115.142987
78,21,2110.316030
78,21,2110.316030
78,21,2110.316030
78,21,2110.316030
78,21,2110.316030
78,21,2110.316030
78,23,2106.531751
78,23,2106.531751
79,7,2345.991902
79,7,2345.991902
79,7,2345.991902
79,7,2345.991902
79,7,2345.991902
79,7,2345.991902
79,7,2345.991902
79,7,2345.991902
79,7,2345.991902
79,7,2345.991902
79,7,2345.991902
79,8,2242.638941
79,9,2199.660461
79,9,2199.660461
79,9,2199.660461
79,9,2199.660461
79,9,2199.660461
79,9,2199.660461
79,9,2199.660461
79,9,2199.660461
79,9,2199.660461
79,10,2172.646097
79,10,2172.646097
79,10,2172.646097
79,10,2172.646097
79,10,2172.646097
79,10,2172.646097
79,10,2172.646097
79,10,2172.646097
79,12,2170.066508
79,12,2170.066508
79,12,2170.066508
79,12,2170.066508
79,12,2170.066508
79,12,2170.066508
79,12,2170.066508
79,12,2170.066508
79,12,2170.066508
79,12,2170.066508
79,12,2170.066508
79,13,2141.601158
79,13,2141.601158
79,13,2141.601158
79,13,2141.601158
79,13,2141.601158
79,13,2141.601158
79,13,2141.601158
79,13,2141.601158
79,13,2141.601158
79,13,2141.601158
79,13,2141.601158
79,13,2141.601158
79,13,2141.601158
79,13,2141.601158
79,14,2123.721668
79,14,2123.721668
79,14,2123.721668
79,14,2123.721668
79,14,2123.721668
79,14,2123.721668
79,16,2115.142987
79,16,2115.142987
79,16,2115.142987
79,16,2115.142987
79,16,2115.142987
79,16,2115.142987
79,21,2110.316030
79,21,2110.316030
79,21,2110.316030
79,21,2110.316030
79,21,2110.316030
79,21,2110.316030
79,21,2110.316030
79,23,2106.531751
79,23,2106.531751
79,23,2106.531751
80,7,2345.991902
80,7,2345.991902
80,7,2345.991902
80,7,2345.991902
80,7,2345.991902
80,7,2345.991902
80,7,2345.991902
80,7,2345.991902
80,7,2345.991902
80,7,2345.991902
80,7,2345.991902
80,7,2345.991902
80,8,2242.638941
80,8,2242.638941
80,9,2199.660461
80,9,2199.660461
80,9,2199.660461
80,9,2199.660461
80,9,2199.660461
80,9,2199.660461
80,9,2199.660461
80,9,2199.660461
80,9,2199.660461
80,9,2199.660461
80,10,2172.183947
80,12,2149.327745
80,13,2141.601158
80,13,2141.601158
80,13,2141.601158
80,13,2141.601158
80,13,2141.601158
80,13,2141.601158
80,13,2141.601158
80,13,2141.601158
80,13,2141.601158
80,13,2141.601158
80,13,2141.601158
80,13,2141.601158
80,13,2141.601158
80,13,2141.601158
80,13,2141.601158
80,14,2123.721668
80,14,2123.721668
80,14,2123.721668
80,14,2123.721668
80,14,2123.721668
80,14,2123.721668
80,14,2123.721668
80,16,2115.142987
80,16,2115.142987
80,16,2115.142987
80,16,2115.142987
80,16,2115.142987
80,16,2115.142987
80,16,2115.142987
80,21,2110.316030
80,21,2110.316030
80,21,2110.316030
80,21,2110.316030
80,21,2110.316030
80,21,2110.316030
80,21,2110.316030
80,21,2110.316030
80,23,2106.531751
80,23,2106.531751
80,23,2106.531751
80,23,2106.531751
81,7,2345.991902
81,7,2345.991902
81,7,2345.991902
81,7,2345.991902
81,7,2345.991902
81,7,2345.991902
81,7,2345.991902
81,7,2345.991902
81,7,2345.991902
81,7,2345.991902
81,7,2345.991902
81,7,2345.991902
81,7,2345.991902
81,8,2242.638941
81,8,2242.638941
81,8,2242.638941
81,9,2199.660461
81,9,2199.660461
81,9,2199.660461
81,9,2199.660461
81,9,2199.660461
81,9,2199.660461
81,9,2199.660461
81,9,2199.660461
81,9,2199.660461
81,9,2199.660461
81,9,2199.660461
81,10,2172.183947
81,10,2172.183947
81,12,2149.327745
81,12,2149.327745
81,13,2141.601158
81,13,2141.601158
81,13,2141.601158
81,13,2141.601158
81,13,2141.601158
81,13,2141.601158
81,13,2141.601158
81,13,2141.601158
81,13,2141.601158
81,13,2141.601158
81,13,2141.601158
81,13,2141.601158
81,13,2141.601158
81,13,2141.601158
81,13,2141.601158
81,13,2141.601158
81,14,2123.721668
81,14,2123.721668
81,14,2123.721668
81,14,2123.721668
81,14,2123.721668
81,14,2123.721668
81,14,2123.721668
81,14,2123.721668
81,15,2104.766217
82,7,2345.991902
82,7,2345.991902
82,7,2345.991902
82,7,2345.991902
82,7,2345.991902
82,7,2345.991902
82,7,2345.991902
82,7,2345.991902
82,7,2345.991902
82,7,2345.991902
82,7,2345.991902
82,7,2345.991902
82,7,2345.991902
82,7,2345.991902
82,8,2242.638941
82,8,2242.638941
82,8,2242.638941
82,8,2242.638941
82,9,2199.660461
82,9,2199.660461
82,9,2199.660461
82,9,2199.660461
82,9,2199.660461
82,9,2199.660461
82,9,2199.660461
82,9,2199.660461
82,9,2199.660461
82,9,2199.660461
82,9,2199.660461
82,9,2199.660461
82,10,2172.183947
82,10,2172.183947
82,10,2172.183947
82,12,2149.327745
82,12,2149.327745
82,12,2149.327745
82,13,2141.601158
82,13,2141.601158
82,13,2141.601158
82,13,2141.601158
82,13,2141.601158
82,13,2141.601158
82,13,2141.601158
82,13,2141.601158
82,13,2141.601158
82,13,2141.601158
82,13,2141.601158
82,13,2141.601158
82,13,2141.601158
82,13,2141.601158
82,13,2141.601158
82,13,2141.601158
82,13,2141.601158
82,14,2123.721668
82,14,2123.721668
82,14,2123.721668
82,14,2123.721668
82,14,2123.721668
82,14,2123.721668
82,14,2123.721668
82,14,2123.721668
82,14,2123.721668
82,15,2104.766217
82,15,2104.766217
83,7,2308.697380
83,8,2242.638941
83,8,2242.638941
83,8,2242.638941
83,8,2242.638941
83,8,2242.638941
83,9,2199.660461
83,9,2199.660461
83,9,2199.660461
83,9,2199.660461
83,9,2199.660461
83,9,2199.660461
83,9,2199.660461
83,9,2199.660461
83,9,2199.660461
83,9,2199.660461
83,9,2199.660461
83,9,2199.660461
83,9,2199.660461
83,10,2172.183947
83,10,2172.183947
83,10,2172.183947
83,10,2172.183947
83,12,2149.327745
83,12,2149.327745
83,12,2149.327745
83,12,2149.327745
83,13,2141.601158
83,13,2141.601158
83,13,2141.601158
83,13,2141.601158
83,13,2141.601158
83,13,2141.601158
83,13,2141.601158
83,13,2141.601158
83,13,2141.601158
83,13,2141.601158
83,13,2141.601158
83,13,2141.601158
83,13,2141.601158
83,13,2141.601158
83,13,2141.601158
83,13,2141.601158
83,13,2141.601158
83,13,2141.601158
83,13,2141.601158
83,14,2123.721668
83,14,2123.721668
83,14,2123.721668
83,14,2123.721668
83,14,2123.721668
83,14,2123.721668
83,14,2123.721668
83,14,2123.721668
83,14,2123.721668
83,14,2123.721668
83,15,2104.766217
83,15,2104.766217
83,15,2104.766217
83,21,2097.339989
83,22,2086.914236
84,7,2308.697380
84,7,2308.697380
84,8,2242.638941
84,8,2242.638941
84,8,2242.638941
84,8,2242.638941
84,8,2242.638941
84,8,2242.638941
84,9,2199.660461
84,9,2199.660461
84,9,2199.660461
84,9,2199.660461
84,9,2199.660461
84,9,2199.660461
84,9,2199.660461
84,9,2199.660461
84,9,2199.660461
84,9,2199.660461
84,9,2199.660461
84,9,2199.660461
84,9,2199.660461
84,9,2199.660461
84,10,2172.183947
84,10,2172.183947
84,10,2172.183947
84,10,2172.183947
84,10,2172.183947
84,12,2149.327745
84,12,2149.327745
84,12,2149.327745
84,12,2149.327745
84,12,2149.327745
84,13,2141.601158
84,13,2141.601158
84,13,2141.601158
84,13,2141.601158
84,13,2141.601158
84,13,2141.601158
84,13,2141.601158
84,13,2141.601158
84,13,2141.601158
84,13,2141.601158
84,13,2141.601158
84,13,2141.601158
84,13,2141.601158
84,13,2141.601158
84,13,2141.601158
84,13,2141.601158
84,13,2141.601158
84,13,2141.601158
84,13,2141.601158
84,13,2141.601158
84,13,2141.601158
84,14,2123.721668
84,14,2123.721668
84,14,2123.721668
84,14,2123.721668
84,14,2123.721668
84,14,2123.721668
84,14,2123.721668
84,14,2123.721668
84,14,2123.721668
84,14,2123.721668
84,14,2123.721668
84,15,2104.766217
84,15,2104.766217
84,15,2104.766217
84,15,2104.766217
84,21,2097.339989
84,21,2097.339989
84,22,2086.914236
84,22,2086.914236
85,7,2308.697380
85,7,2308.697380
85,7,2308.697380
85,8,2242.638941
85,8,2242.638941
85,8,2242.638941
85,8,2242.638941
85,8,2242.638941
85,8,2242.638941
85,8,2242.638941
85,9,2199.660461
85,9,2199.660461
85,9,2199.660461
85,9,2199.660461
85,9,2199.660461
85,9,2199.660461
85,9,2199.660461
85,9,2199.660461
85,9,2199.660461
85,9,2199.660461
85,9,2199.660461
85,9,2199.660461
85,9,2199.660461
85,9,2199.660461
85,9,2199.660461
85,10,2172.183947
85,10,2172.183947
85,10,2172.183947
85,10,2172.183947
85,10,2172.183947
85,10,2172.183947
85,12,2149.327745
85,12,2149.327745
85,12,2149.327745
85,12,2149.327745
85,12,2149.327745
85,12,2149.327745
85,13,2141.601158
85,13,2141.601158
85,13,2141.601158
85,13,2141.601158
85,13,2141.601158
85,13,2141.601158
85,13,2141.601158
85,13,2141.601158
85,13,2141.601158
85,13,2141.601158
85,13,2141.601158
85,13,2141.601158
85,13,2141.601158
85,13,2141.601158
85,13,2141.601158
85,13,2141.601158
85,13,2141.601158
85,13,2141.601158
85,13,2141.601158
85,13,2141.601158
85,13,2141.601158
85,13,2141.601158
85,13,2141.601158
85,14,2123.721668
85,14,2123.721668
85,14,2123.721668
85,14,2123.721668
85,14,2123.721668
85,14,2123.721668
85,14,2123.721668
85,14,2123.721668
85,14,2123.721668
85,14,2123.721668
85,14,2123.721668
85,14,2123.721668
85,15,2104.766217
85,15,2104.766217
85,15,2104.766217
85,15,2104.766217
85,15,2104.766217
85,21,2097.339989
85,21,2097.339989
85,21,2097.339989
85,22,2086.914236
85,22,2086.914236
85,22,2086.914236
86,7,2308.697380
86,7,2308.697380
86,7,2308.697380
86,7,2308.697380
86,8,2242.638941
86,8,2242.638941
86,8,2242.638941
86,8,2242.638941
86,8,2242.638941
86,8,2242.638941
86,8,2242.638941
86,8,2242.638941
86,9,2199.660461
86,9,2199.660461
86,9,2199.660461
86,9,2199.660461
86,9,2199.660461
86,9,2199.660461
86,9,2199.660461
86,9,2199.660461
86,9,2199.660461
86,9,2199.660461
86,9,2199.660461
86,9,2199.660461
86,9,2199.660461
86,9,2199.660461
86,9,2199.660461
86,9,2199.660461
86,10,2172.183947
86,10,2172.183947
86,10,2172.183947
86,10,2172.183947
86,10,2172.183947
86,10,2172.183947
86,10,2172.183947
86,12,2149.327745
86,12,2149.327745
86,12,2149.327745
86,12,2149.327745
86,12,2149.327745
86,12,2149.327745
86,12,2149.327745
86,13,2141.601158
86,13,2141.601158
86,13,2141.601158
86,13,2141.601158
86,13,2141.601158
86,13,2141.601158
86,13,2141.601158
86,13,2141.601158
86,13,2141.601158
86,13,2141.601158
86,13,2141.601158
86,13,2141.601158
86,13,2141.601158
86,13,2141.601158
86,13,2141.601158
86,13,2141.601158
86,13,2141.601158
86,13,2141.601158
86,13,2141.601158
86,13,2141.601158
86,13,2141.601158
86,13,2141.601158
86,13,2141.601158
86,13,2141.601158
86,13,2141.601158
86,14,2107.448956
86,15,2094.505637
86,22,2086.914236
86,22,2086.914236
86,22,2086.914236
86,22,2086.914236
87,7,2294.903079
87,8,2242.638941
87,8,2242.638941
87,8,2242.638941
87,8,2242.638941
87,8,2242.638941
87,8,2242.638941
87,8,2242.638941
87,8,2242.638941
87,8,2242.638941
87,9,2199.660461
87,9,2199.660461
87,9,2199.660461
87,9,2199.660461
87,9,2199.660461
87,9,2199.660461
87,9,2199.660461
87,9,2199.660461
87,9,2199.660461
87,9,2199.660461
87,9,2199.660461
87,9,2199.660461
87,9,2199.660461
87,9,2199.660461
87,9,2199.660461
87,9,2199.660461
87,9,2199.660461
87,10,2172.183947
87,10,2172.183947
87,10,2172.183947
87,10,2172.183947
87,10,2172.183947
87,10,2172.183947
87,10,2172.183947
87,10,2172.183947
87,12,2149.327745
87,12,2149.327745
87,12,2149.327745
87,12,2149.327745
87,12,2149.327745
87,12,2149.327745
87,12,2149.327745
87,12,2149.327745
87,13,2141.601158
87,13,2141.601158
87,13,2141.601158
87,13,2141.601158
87,13,2141.601158
87,13,2141.601158
87,13,2141.601158
87,13,2141.601158
87,13,2141.601158
87,13,2141.601158
87,13,2141.601158
87,13,2141.601158
87,13,2141.601158
87,13,2141.601158
87,13,2141.601158
87,13,2141.601158
87,13,2141.601158
87,13,2141.601158
87,13,2141.601158
87,13,2141.601158
87,13,2141.601158
87,13,2141.601158
87,13,2141.601158
87,13,2141.601158
87,13,2141.601158
87,13,2141.601158
87,13,2141.601158
87,14,2102.079020
87,15,2094.505637
87,15,2094.505637
87,22,2086.914236
87,22,2086.914236
87,22,2086.914236
87,22,2086.914236
87,22,2086.914236
88,7,2294.903079
88,7,2294.903079
88,8,2242.638941
88,8,2242.638941
88,8,2242.638941
88,8,2242.638941
88,8,2242.638941
88,8,2242.638941
88,8,2242.638941
88,8,2242.638941
88,8,2242.638941
88,8,2242.638941
88,9,2199.660461
88,9,2199.660461
88,9,2199.660461
88,9,2199.660461
88,9,2199.660461
88,9,2199.660461
88,9,2199.660461
88,9,2199.660461
88,9,2199.660461
88,9,2199.660461
88,9,2199.660461
88,9,2199.660461
88,9,2199.660461
88,9,2199.660461
88,9,2199.660461
88,9,2199.660461
88,9,2199.660461
88,9,2199.660461
88,10,2172.183947
88,10,2172.183947
88,10,2172.183947
88,10,2172.183947
88,10,2172.183947
88,10,2172.183947
88,10,2172.183947
88,10,2172.183947
88,10,2172.183947
88,11,2159.685975
88,12,2149.327745
88,12,2149.327745
88,12,2149.327745
88,12,2149.327745
88,12,2149.327745
88,12,2149.327745
88,12,2149.327745
88,12,2149.327745
88,12,2149.327745
88,13,2141.601158
88,13,2141.601158
88,13,2141.601158
88,13,2141.601158
88,13,2141.601158
88,13,2141.601158
88,13,2141.601158
88,13,2141.601158
88,13,2141.601158
88,13,2141.601158
88,13,2141.601158
88,13,2141.601158
88,13,2141.601158
88,13,2141.601158
88,13,2141.601158
88,13,2141.601158
88,13,2141.601158
88,13,2141.601158
88,13,2141.601158
88,13,2141.601158
88,13,2141.601158
88,13,2141.601158
88,13,2141.601158
88,13,2141.601158
88,13,2141.601158
88,13,2141.601158
88,13,2141.601158
88,13,2141.601158
88,13,2141.601158
88,14,2102.079020
88,14,2102.079020
88,15,2094.505637
88,15,2094.505637
88,15,2094.505637
88,22,2086.914236
88,22,2086.914236
88,22,2086.914236
88,22,2086.914236
88,22,2086.914236
88,22,2086.914236
89,7,2294.903079
89,7,2294.903079
89,7,2294.903079
89,8,2242.638941
89,8,2242.638941
89,8,2242.638941
89,8,2242.638941
89,8,2242.638941
89,8,2242.638941
89,8,2242.638941
89,8,2242.638941
89,8,2242.638941
89,8,2242.638941
89,8,2242.638941
89,9,2199.660461
89,9,2199.660461
89,9,2199.660461
89,9,2199.660461
89,9,2199.660461
89,9,2199.660461
89,9,2199.660461
89,9,2199.660461
89,9,2199.660461
89,9,2199.660461
89,9,2199.660461
89,9,2199.660461
89,9,2199.660461
89,9,2199.660461
89,9,2199.660461
89,9,2199.660461
89,9,2199.660461
89,9,2199.660461
89,9,2199.660461
89,10,2164.012856
89,11,2159.685975
89,11,2159.685975
89,12,2149.327745
89,12,2149.327745
89,12,2149.327745
89,12,2149.327745
89,12,2149.327745
89,12,2149.327745
89,12,2149.327745
89,12,2149.327745
89,12,2149.327745
89,12,2149.327745
89,13,2141.601158
89,13,2141.601158
89,13,2141.601158
89,13,2141.601158
89,13,2141.601158
89,13,2141.601158
89,13,2141.601158
89,13,2141.601158
89,13,2141.601158
89,13,2141.601158
89,13,2141.601158
89,13,2141.601158
89,13,2141.601158
89,13,2141.601158
89,13,2141.601158
89,13,2141.601158
89,13,2141.601158
89,13,2141.601158
89,13,2141.601158
89,13,2141.601158
89,13,2141.601158
89,13,2141.601158
89,13,2141.601158
89,13,2141.601158
89,13,2141.601158
89,13,2141.601158
89,13,2141.601158
89,13,2141.601158
89,13,2141.601158
89,13,2141.601158
89,13,2141.601158
89,14,2102.079020
89,14,2102.079020
89,14,2102.079020
89,15,2094.505637
89,15,2094.505637
89,15,2094.505637
89,15,2094.505637
89,22,2086.914236
89,22,2086.914236
89,22,2086.914236
89,22,2086.914236
89,22,2086.914236
89,22,2086.914236
89,22,2086.914236
90,7,2294.903079
90,7,2294.903079
90,7,2294.903079
90,7,2294.903079
90,8,2242.638941
90,8,2242.638941
90,8,2242.638941
90,8,2242.638941
90,8,2242.638941
90,8,2242.638941
90,8,2242.638941
90,8,2242.638941
90,8,2242.638941
90,8,2242.638941
90,8,2242.638941
90,8,2242.638941
90,9,2199.660461
90,9,2199.660461
90,9,2199.660461
90,9,2199.660461
90,9,2199.660461
90,9,2199.660461
90,9,2199.660461
90,9,2199.660461
90,9,2199.660461
90,9,2199.660461
90,9,2199.660461
90,9,2199.660461
90,9,2199.660461
90,9,2199.660461
90,9,2199.660461
90,9,2199.660461
90,9,2199.660461
90,9,2199.660461
90,9,2199.660461
90,9,2199.660461
90,10,2164.012856
90,10,2164.012856
90,11,2157.125689
90,12,2149.327745
90,12,2149.327745
90,12,2149.327745
90,12,2149.327745
90,12,2149.327745
90,12,2149.327745
90,12,2149.327745
90,12,2149.327745
90,12,2149.327745
90,12,2149.327745
90,12,2149.327745
90,13,2116.019522
90,14,2101.980740
90,15,2094.505637
90,15,2094.505637
90,15,2094.505637
90,15,2094.505637
90,15,2094.505637
90,22,2086.914236
90,22,2086.914236
90,22,2086.914236
90,22,2086.914236
90,22,2086.914236
90,22,2086.914236
90,22,2086.914236
90,22,2086.914236
91,7,2294.903079
91,7,2294.903079
91,7,2294.903079
91,7,2294.903079
91,7,2294.903079
91,7,2294.903079
91,8,2242.638941
91,8,2242.638941
91,8,2242.638941
91,8,2242.638941
91,8,2242.638941
91,8,2242.638941
91,8,2242.638941
91,8,2242.638941
91,8,2242.638941
91,8,2242.638941
91,8,2242.638941
91,8,2242.638941
91,8,2242.638941
91,9,2197.129938
91,10,2164.012856
91,10,2164.012856
91,10,2164.012856
91,11,2157.125689
91,11,2157.125689
91,12,2149.327745
91,12,2149.327745
91,12,2149.327745
91,12,2149.327745
91,12,2149.327745
91,12,2149.327745
91,12,2149.327745
91,12,2149.327745
91,12,2149.327745
91,12,2149.327745
91,12,2149.327745
91,12,2149.327745
91,13,2116.019522
91,13,2116.019522
91,14,2101.625575
91,15,2094.505637
91,15,2094.505637
91,15,2094.505637
91,15,2094.505637
91,15,2094.505637
91,15,2094.505637
91,22,2086.914236
91,22,2086.914236
91,22,2086.914236
91,22,2086.914236
91,22,2086.914236
91,22,2086.914236
91,22,2086.914236
91,22,2086.914236
91,22,2086.914236
92,7,2294.903079
92,7,2294.903079
92,7,2294.903079
92,7,2294.903079
92,7,2294.903079
92,7,2294.903079
92,7,2294.903079
92,7,2294.903079
92,8,2242.638941
92,8,2242.638941
92,8,2242.638941
92,8,2242.638941
92,8,2242.638941
92,8,2242.638941
92,8,2242.638941
92,8,2242.638941
92,8,2242.638941
92,8,2242.638941
92,8,2242.638941
92,8,2242.638941
92,8,2242.638941
92,8,2242.638941
92,9,2197.129938
92,9,2197.129938
92,10,2164.012856
92,10,2164.012856
92,10,2164.012856
92,10,2164.012856
92,11,2151.382866
92,12,2144.262048
92,13,2116.019522
92,13,2116.019522
92,13,2116.019522
92,14,2101.625575
92,14,2101.625575
92,15,2094.505637
92,15,2094.505637
92,15,2094.505637
92,15,2094.505637
92,15,2094.505637
92,15,2094.505637
92,15,2094.505637
92,22,2086.914236
92,22,2086.914236
92,22,2086.914236
92,22,2086.914236
92,22,2086.914236
92,22,2086.914236
92,22,2086.914236
92,22,2086.914236
92,22,2086.914236
92,22,2086.914236
93,7,2287.801363
93,8,2242.638941
93,8,2242.638941
93,8,2242.638941
93,8,2242.638941
93,8,2242.638941
93,8,2242.638941
93,8,2242.638941
93,8,2242.638941
93,8,2242.638941
93,8,2242.638941
93,8,2242.638941
93,8,2242.638941
93,8,2242.638941
93,8,2242.638941
93,8,2242.638941
93,9,2197.129938
93,9,2197.129938
93,9,2197.129938
93,10,2164.012856
93,10,2164.012856
93,10,2164.012856
93,10,2164.012856
93,10,2164.012856
93,11,2151.382866
93,11,2151.382866
93,12,2128.099960
93,13,2116.019522
93,13,2116.019522
93,13,2116.019522
93,13,2116.019522
93,14,2101.625575
93,14,2101.625575
93,14,2101.625575
93,15,2094.505637
93,15,2094.505637
93,15,2094.505637
93,15,2094.505637
93,15,2094.505637
93,15,2094.505637
93,15,2094.505637
93,15,2094.505637
93,22,2086.914236
93,22,2086.914236
93,22,2086.914236
93,22,2086.914236
93,22,2086.914236
93,22,2086.914236
93,22,2086.914236
93,22,2086.914236
93,22,2086.914236
93,22,2086.914236
93,22,2086.914236
94,7,2287.801363
94,7,2287.801363
94,8,2242.638941
94,8,2242.638941
94,8,2242.638941
94,8,2242.638941
94,8,2242.638941
94,8,2242.638941
94,8,2242.638941
94,8,2242.638941
94,8,2242.638941
94,8,2242.638941
94,8,2242.638941
94,8,2242.638941
94,8,2242.638941
94,8,2242.638941
94,8,2242.638941
94,8,2242.638941
94,9,2197.129938
94,9,2197.129938
94,9,2197.129938
94,9,2197.129938
94,10,2164.012856
94,10,2164.012856
94,10,2164.012856
94,10,2164.012856
94,10,2164.012856
94,10,2164.012856
94,11,2151.382866
94,11,2151.382866
94,11,2151.382866
94,12,2128.099960
94,12,2128.099960
94,13,2116.019522
94,13,2116.019522
94,13,2116.019522
94,13,2116.019522
94,13,2116.019522
94,14,2101.625575
94,14,2101.625575
94,14,2101.625575
94,14,2101.625575
94,15,2094.505637
94,15,2094.505637
94,15,2094.505637
94,15,2094.505637
94,15,2094.505637
94,15,2094.505637
94,15,2094.505637
94,15,2094.505637
94,15,2094.505637
94,21,2087.612339
94,22,2086.914236
94,22,2086.914236
94,22,2086.914236
94,22,2086.914236
94,22,2086.914236
94,22,2086.914236
94,22,2086.914236
94,22,2086.914236
94,22,2086.914236
94,22,2086.914236
94,22,2086.914236
94,22,2086.914236
95,7,2287.801363
95,7,2287.801363
95,7,2287.801363
95,8,2241.356198
95,9,2197.129938
95,9,2197.129938
95,9,2197.129938
95,9,2197.129938
95,9,2197.129938
95,10,2164.012856
95,10,2164.012856
95,10,2164.012856
95,10,2164.012856
95,10,2164.012856
95,10,2164.012856
95,10,2164.012856
95,11,2151.382866
95,11,2151.382866
95,11,2151.382866
95,11,2151.382866
95,12,2128.099960
95,12,2128.099960
95,12,2128.099960
95,13,2116.019522
95,13,2116.019522
95,13,2116.019522
95,13,2116.019522
95,13,2116.019522
95,13,2116.019522
95,14,2101.625575
95,14,2101.625575
95,14,2101.625575
95,14,2101.625575
95,14,2101.625575
95,15,2094.505637
95,15,2094.505637
95,15,2094.505637
95,15,2094.505637
95,15,2094.505637
95,15,2094.505637
95,15,2094.505637
95,15,2094.505637
95,15,2094.505637
95,15,2094.505637
95,21,2087.612339
95,21,2087.612339
95,22,2086.914236
95,22,2086.914236
95,22,2086.914236
95,22,2086.914236
95,22,2086.914236
95,22,2086.914236
95,22,2086.914236
95,22,2086.914236
95,22,2086.914236
95,22,2086.914236
95,22,2086.914236
95,22,2086.914236
95,22,2086.914236
96,7,2287.801363
96,7,2287.801363
96,7,2287.801363
96,7,2287.801363
96,8,2238.754701
96,9,2197.129938
96,9,2197.129938
96,9,2197.129938
96,9,2197.129938
96,9,2197.129938
96,9,2197.129938
96,10,2163.775917
96,11,2151.382866
96,11,2151.382866
96,11,2151.382866
96,11,2151.382866
96,11,2151.382866
96,12,2100.405670
96,15,2094.505637
96,15,2094.505637
96,15,2094.505637
96,15,2094.505637
96,15,2094.505637
96,15,2094.505637
96,15,2094.505637
96,15,2094.505637
96,15,2094.505637
96,15,2094.505637
96,15,2094.505637
96,21,2087.612339
96,21,2087.612339
96,21,2087.612339
96,22,2086.914236
96,22,2086.914236
96,22,2086.914236
96,22,2086.914236
96,22,2086.914236
96,22,2086.914236
96,22,2086.914236
96,22,2086.914236
96,22,2086.914236
96,22,2086.914236
96,22,2086.914236
96,22,2086.914236
96,22,2086.914236
96,22,2086.914236
97,7,2273.617626
97,8,2238.267442
97,9,2174.980952
97,10,2163.775917
97,10,2163.775917
97,11,2151.382866
97,11,2151.382866
97,11,2151.382866
97,11,2151.382866
97,11,2151.382866
97,11,2151.382866
97,12,2100.405670
97,12,2100.405670
97,15,2094.505637
97,15,2094.505637
97,15,2094.505637
97,15,2094.505637
97,15,2094.505637
97,15,2094.505637
97,15,2094.505637
97,15,2094.505637
97,15,2094.505637
97,15,2094.505637
97,15,2094.505637
97,15,2094.505637
97,21,2087.612339
97,21,2087.612339
97,21,2087.612339
97,21,2087.612339
97,22,2086.914236
97,22,2086.914236
97,22,2086.914236
97,22,2086.914236
97,22,2086.914236
97,22,2086.914236
97,22,2086.914236
97,22,2086.914236
97,22,2086.914236
97,22,2086.914236
97,22,2086.914236
97,22,2086.914236
97,22,2086.914236
97,22,2086.914236
97,22,2086.914236
98,7,2273.617626
98,7,2273.617626
98,8,2231.156002
98,9,2174.980952
98,9,2174.980952
98,10,2115.718393
98,12,2100.405670
98,12,2100.405670
98,12,2100.405670
98,15,2094.505637
98,15,2094.505637
98,15,2094.505637
98,15,2094.505637
98,15,2094.505637
98,15,2094.505637
98,15,2094.505637
98,15,2094.505637
98,15,2094.505637
98,15,2094.505637
98,15,2094.505637
98,15,2094.505637
98,15,2094.505637
98,21,2087.612339
98,21,2087.612339
98,21,2087.612339
98,21,2087.612339
98,21,2087.612339
98,22,2086.914236
98,22,2086.914236
98,22,2086.914236
98,22,2086.914236
98,22,2086.914236
98,22,2086.914236
98,22,2086.914236
98,22,2086.914236
98,22,2086.914236
98,22,2086.914236
98,22,2086.914236
98,22,2086.914236
98,22,2086.914236
98,22,2086.914236
98,22,2086.914236
98,22,2086.914236
99,7,2273.617626
99,7,2273.617626
99,7,2273.617626
99,8,2231.156002
99,8,2231.156002
99,9,2174.980952
99,9,2174.980952
99,9,2174.980952
99,10,2115.718393
99,10,2115.718393
99,12,2100.405670
99,12,2100.405670
99,12,2100.405670
99,12,2100.405670
99,15,2094.505637
99,15,2094.505637
99,15,2094.505637
99,15,2094.505637
99,15,2094.505637
99,15,2094.505637
99,15,2094.505637
99,15,2094.505637
99,15,2094.505637
99,15,2094.505637
99,15,2094.505637
99,15,2094.505637
99,15,2094.505637
99,15,2094.505637
99,21,2087.612339
99,21,2087.612339
99,21,2087.612339
99,21,2087.612339
99,21,2087.612339
99,21,2087.612339
99,21,2087.612339
99,22,2086.914236
99,22,2086.914236
99,22,2086.914236
99,22,2086.914236
99,22,2086.914236
99,22,2086.914236
99,22,2086.914236
99,22,2086.914236
99,22,2086.914236
99,22,2086.914236
99,22,2086.914236
99,22,2086.914236
99,22,2086.914236
99,22,2086.914236
99,22,2086.914236
99,22,2086.914236
99,22,2086.914236
100,7,2273.617626
100,7,2273.617626
100,7,2273.617626
100,7,2273.617626
100,8,2225.140194
100,9,2174.980952
100,9,2174.980952
100,9,2174.980952
100,9,2174.980952
100,10,2115.718393
100,10,2115.718393
100,10,2115.718393
100,12,2096.860546
100,15,2094.505637
100,15,2094.505637
100,15,2094.505637
100,15,2094.505637
100,15,2094.505637
100,15,2094.505637
100,15,2094.505637
100,15,2094.505637
100,15,2094.505637
100,15,2094.505637
100,15,2094.505637
100,15,2094.505637
100,15,2094.505637
100,15,2094.505637
100,15,2094.505637
100,21,2087.612339
100,21,2087.612339
100,21,2087.612339
100,21,2087.612339
100,21,2087.612339
100,21,2087.612339
100,21,2087.612339
100,21,2087.612339
100,21,2087.612339
100,22,2086.914236
100,22,2086.914236
100,22,2086.914236
100,22,2086.914236
100,22,2086.914236
100,22,2086.914236
100,22,2086.914236
100,22,2086.914236
100,22,2086.914236
100,22,2086.914236
100,22,2086.914236
100,22,2086.914236
100,22,2086.914236
100,22,2086.914236
100,22,2086.914236
100,22,2086.914236
100,22,2086.914236
100,22,2086.914236
100,22,2086.914236
101,7,2273.617626
101,7,2273.617626
101,7,2273.617626
101,7,2273.617626
101,7,2273.617626
101,8,2225.140194
101,8,2225.140194
101,9,2174.980952
101,9,2174.980952
101,9,2174.980952
101,9,2174.980952
101,9,2174.980952
101,10,2111.795646
101,12,2096.860546
101,12,2096.860546
101,14,2095.869983
101,15,2094.505637
101,15,2094.505637
101,15,2094.505637
101,15,2094.505637
101,15,2094.505637
101,15,2094.505637
101,15,2094.505637
101,15,2094.505637
101,15,2094.505637
101,15,2094.505637
101,15,2094.505637
101,15,2094.505637
101,15,2094.505637
101,15,2094.505637
101,15,2094.505637
101,15,2094.505637
101,21,2087.612339
101,21,2087.612339
101,21,2087.612339
101,21,2087.612339
101,21,2087.612339
101,21,2087.612339
101,21,2087.612339
101,21,2087.612339
101,21,2087.612339
101,21,2087.612339
101,21,2087.612339
101,22,2086.914236
101,22,2086.914236
101,22,2086.914236
101,22,2086.914236
101,22,2086.914236
101,22,2086.914236
101,22,2086.914236
101,22,2086.914236
101,22,2086.914236
101,22,2086.914236
101,22,2086.914236
101,22,2086.914236
101,22,2086.914236
101,22,2086.914236
101,22,2086.914236
101,22,2086.914236
101,22,2086.914236
101,22,2086.914236
101,22,2086.914236
101,22,2086.914236
101,22,2086.914236
102,7,2273.617626
102,7,2273.617626
102,7,2273.617626
102,7,2273.617626
102,7,2273.617626
102,7,2273.617626
102,8,2217.497861
102,9,2174.980952
102,9,2174.980952
102,9,2174.980952
102,9,2174.980952
102,9,2174.980952
102,9,2174.980952
102,10,2109.824427
102,12,2096.860546
102,12,2096.860546
102,12,2096.860546
102,14,2095.869983
102,14,2095.869983
102,15,2094.505637
102,15,2094.505637
102,15,2094.505637
102,15,2094.505637
102,15,2094.505637
102,15,2094.505637
102,15,2094.505637
102,15,2094.505637
102,15,2094.505637
102,15,2094.505637
102,15,2094.505637
102,15,2094.505637
102,15,2094.505637
102,15,2094.505637
102,15,2094.505637
102,15,2094.505637
102,15,2094.505637
102,21,2087.612339
102,21,2087.612339
102,21,2087.612339
102,21,2087.612339
102,21,2087.612339
102,21,2087.612339
102,21,2087.612339
102,21,2087.612339
102,21,2087.612339
102,21,2087.612339
102,21,2087.612339
102,21,2087.612339
102,21,2087.612339
102,22,2086.914236
102,22,2086.914236
102,22,2086.914236
102,22,2086.914236
102,22,2086.914236
102,22,2086.914236
102,22,2086.914236
102,22,2086.914236
102,22,2086.914236
102,22,2086.914236
102,22,2086.914236
102,22,2086.914236
102,22,2086.914236
102,22,2086.914236
102,22,2086.914236
102,22,2086.914236
102,22,2086.914236
102,22,2086.914236
102,22,2086.914236
102,22,2086.914236
102,22,2086.914236
102,22,2086.914236
102,22,2086.914236
103,7,2273.617626
103,7,2273.617626
103,7,2273.617626
103,7,2273.617626
103,7,2273.617626
103,7,2273.617626
103,7,2273.617626
103,8,2217.497861
103,8,2217.497861
103,9,2169.228634
103,10,2109.824427
103,10,2109.824427
103,12,2096.860546
103,12,2096.860546
103,12,2096.860546
103,12,2096.860546
103,14,2095.450809
103,15,2094.505637
103,15,2094.505637
103,15,2094.505637
103,15,2094.505637
103,15,2094.505637
103,15,2094.505637
103,15,2094.505637
103,15,2094.505637
103,15,2094.505637
103,15,2094.505637
103,15,2094.505637
103,15,2094.505637
103,15,2094.505637
103,15,2094.505637
103,15,2094.505637
103,15,2094.505637
103,15,2094.505637
103,15,2094.505637
103,16,2092.092028
103,21,2087.612339
103,21,2087.612339
103,21,2087.612339
103,21,2087.612339
103,21,2087.612339
103,21,2087.612339
103,21,2087.612339
103,21,2087.612339
103,21,2087.612339
103,21,2087.612339
103,21,2087.612339
103,21,2087.612339
103,21,2087.612339
103,21,2087.612339
103,21,2087.612339
103,22,2086.914236
103,22,2086.914236
103,22,2086.914236
103,22,2086.914236
103,22,2086.914236
103,22,2086.914236
103,22,2086.914236
103,22,2086.914236
103,22,2086.914236
103,22,2086.914236
103,22,2086.914236
103,22,2086.914236
103,22,2086.914236
103,22,2086.914236
103,22,2086.914236
103,22,2086.914236
103,22,2086.914236
103,22,2086.914236
103,22,2086.914236
103,22,2086.914236
103,22,2086.914236
103,22,2086.914236
103,22,2086.914236
103,22,2086.914236
103,22,2086.914236
104,7,2273.617626
104,7,2273.617626
104,7,2273.617626
104,7,2273.617626
104,7,2273.617626
104,7,2273.617626
104,7,2273.617626
104,7,2273.617626
104,8,2209.170958
104,9,2107.954438
104,12,2096.860546
104,12,2096.860546
104,12,2096.860546
104,12,2096.860546
104,12,2096.860546
104,14,2095.450809
104,14,2095.450809
104,15,2094.505637
104,15,2094.505637
104,15,2094.505637
104,15,2094.505637
104,15,2094.505637
104,15,2094.505637
104,15,2094.505637
104,15,2094.505637
104,15,2094.505637
104,15,2094.505637
104,15,2094.505637
104,15,2094.505637
104,15,2094.505637
104,15,2094.505637
104,15,2094.505637
104,15,2094.505637
104,15,2094.505637
104,15,2094.505637
104,15,2094.505637
104,16,2092.092028
104,16,2092.092028
104,21,2087.612339
104,21,2087.612339
104,21,2087.612339
104,21,2087.612339
104,21,2087.612339
104,21,2087.612339
104,21,2087.612339
104,21,2087.612339
104,21,2087.612339
104,21,2087.612339
104,21,2087.612339
104,21,2087.612339
104,21,2087.612339
104,21,2087.612339
104,21,2087.612339
104,21,2087.612339
104,21,2087.612339
104,22,2086.526046
105,7,2273.617626
105,7,2273.617626
105,7,2273.617626
105,7,2273.617626
105,7,2273.617626
105,7,2273.617626
105,7,2273.617626
105,7,2273.617626
105,7,2273.617626
105,8,2209.170958
105,8,2209.170958
105,9,2107.954438
105,9,2107.954438
105,12,2096.860546
105,12,2096.860546
105,12,2096.860546
105,12,2096.860546
105,12,2096.860546
105,12,2096.860546
105,13,2090.655628
105,14,2079.448842
106,7,2273.617626
106,7,2273.617626
106,7,2273.617626
106,7,2273.617626
106,7,2273.617626
106,7,2273.617626
106,7,2273.617626
106,7,2273.617626
106,7,2273.617626
106,7,2273.617626
106,8,2209.170958
106,8,2209.170958
106,8,2209.170958
106,9,2107.954438
106,9,2107.954438
106,9,2107.954438
106,12,2096.860546
106,12,2096.860546
106,12,2096.860546
106,12,2096.860546
106,12,2096.860546
106,12,2096.860546
106,12,2096.860546
106,13,2090.655628
106,13,2090.655628
106,14,2079.448842
106,14,2079.448842
107,7,2273.617626
107,7,2273.617626
107,7,2273.617626
107,7,2273.617626
107,7,2273.617626
107,7,2273.617626
107,7,2273.617626
107,7,2273.617626
107,7,2273.617626
107,7,2273.617626
107,7,2273.617626
107,8,2209.170958
107,8,2209.170958
107,8,2209.170958
107,8,2209.170958
107,9,2107.954438
107,9,2107.954438
107,9,2107.954438
107,9,2107.954438
107,12,2096.860546
107,12,2096.860546
107,12,2096.860546
107,12,2096.860546
107,12,2096.860546
107,12,2096.860546
107,12,2096.860546
107,12,2096.860546
107,13,2090.655628
107,13,2090.655628
107,13,2090.655628
107,14,2079.448842
107,14,2079.448842
107,14,2079.448842
107,16,2071.804533
108,7,2273.617626
108,7,2273.617626
108,7,2273.617626
108,7,2273.617626
108,7,2273.617626
108,7,2273.617626
108,7,2273.617626
108,7,2273.617626
108,7,2273.617626
108,7,2273.617626
108,7,2273.617626
108,7,2273.617626
108,8,2209.170958
108,8,2209.170958
108,8,2209.170958
108,8,2209.170958
108,8,2209.170958
108,9,2107.954438
108,9,2107.954438
108,9,2107.954438
108,9,2107.954438
108,9,2107.954438
108,12,2096.860546
108,12,2096.860546
108,12,2096.860546
108,12,2096.860546
108,12,2096.860546
108,12,2096.860546
108,12,2096.860546
108,12,2096.860546
108,12,2096.860546
108,13,2090.655628
108,13,2090.655628
108,13,2090.655628
108,13,2090.655628
108,14,2079.448842
108,14,2079.448842
108,14,2079.448842
108,14,2079.448842
108,16,2071.804533
108,16,2071.804533
109,7,2273.617626
109,7,2273.617626
109,7,2273.617626
109,7,2273.617626
109,7,2273.617626
109,7,2273.617626
109,7,2273.617626
109,7,2273.617626
109,7,2273.617626
109,7,2273.617626
109,7,2273.617626
109,7,2273.617626
109,7,2273.617626
109,7,2273.617626
109,8,2209.170958
109,8,2209.170958
109,8,2209.170958
109,8,2209.170958
109,8,2209.170958
109,8,2209.170958
109,9,2107.954438
109,9,2107.954438
109,9,2107.954438
109,9,2107.954438
109,9,2107.954438
109,9,2107.954438
109,10,2080.519060
109,14,2079.448842
109,14,2079.448842
109,14,2079.448842
109,14,2079.448842
109,14,2079.448842
109,16,2071.804533
109,16,2071.804533
109,16,2071.804533
110,7,2257.962672
110,8,2209.170958
110,8,2209.170958
110,8,2209.170958
110,8,2209.170958
110,8,2209.170958
110,8,2209.170958
110,8,2209.170958
110,9,2107.954438
110,9,2107.954438
110,9,2107.954438
110,9,2107.954438
110,9,2107.954438
110,9,2107.954438
110,9,2107.954438
110,10,2080.519060
110,10,2080.519060
110,14,2065.064053
111,7,2257.962672
111,7,2257.962672
111,8,2203.114944
111,9,2107.954438
111,9,2107.954438
111,9,2107.954438
111,9,2107.954438
111,9,2107.954438
111,9,2107.954438
111,9,2107.954438
111,9,2107.954438
111,10,2080.519060
111,10,2080.519060
111,10,2080.519060
111,14,2065.064053
111,14,2065.064053
112,7,2257.962672
112,7,2257.962672
112,7,2257.962672
112,8,2203.114944
112,8,2203.114944
112,9,2107.954438
112,9,2107.954438
112,9,2107.954438
112,9,2107.954438
112,9,2107.954438
112,9,2107.954438
112,9,2107.954438
112,9,2107.954438
112,9,2107.954438
112,10,2080.519060
112,10,2080.519060
112,10,2080.519060
112,10,2080.519060
112,14,2065.064053
112,14,2065.064053
112,14,2065.064053
113,7,2257.962672
113,7,2257.962672
113,7,2257.962672
113,7,2257.962672
113,8,2202.346737
113,9,2107.954438
113,9,2107.954438
113,9,2107.954438
113,9,2107.954438
113,9,2107.954438
113,9,2107.954438
113,9,2107.954438
113,9,2107.954438
113,9,2107.954438
113,9,2107.954438
113,10,2080.519060
113,10,2080.519060
113,10,2080.519060
113,10,2080.519060
113,10,2080.519060
113,14,2065.064053
113,14,2065.064053
113,14,2065.064053
113,14,2065.064053
114,7,2257.962672
114,7,2257.962672
114,7,2257.962672
114,7,2257.962672
114,7,2257.962672
114,8,2202.346737
114,8,2202.346737
114,9,2107.954438
114,9,2107.954438
114,9,2107.954438
114,9,2107.954438
114,9,2107.954438
114,9,2107.954438
114,9,2107.954438
114,9,2107.954438
114,9,2107.954438
114,9,2107.954438
114,9,2107.954438
114,10,2080.519060
114,10,2080.519060
114,10,2080.519060
114,10,2080.519060
114,10,2080.519060
114,10,2080.519060
114,13,2058.132330
114,17,2038.634861
115,7,2257.962672
115,7,2257.962672
115,7,2257.962672
115,7,2257.962672
115,7,2257.962672
115,7,2257.962672
115,8,2202.346737
115,8,2202.346737
115,8,2202.346737
115,9,2107.954438
115,9,2107.954438
115,9,2107.954438
115,9,2107.954438
115,9,2107.954438
115,9,2107.954438
115,9,2107.954438
115,9,2107.954438
115,9,2107.954438
115,9,2107.954438
115,9,2107.954438
115,9,2107.954438
115,10,2080.519060
115,10,2080.519060
115,10,2080.519060
115,10,2080.519060
115,10,2080.519060
115,10,2080.519060
115,10,2080.519060
115,11,2059.716607
115,13,2058.132330
115,13,2058.132330
115,16,2050.737540
115,17,2038.634861
115,17,2038.634861
116,7,2257.962672
116,7,2257.962672
116,7,2257.962672
116,7,2257.962672
116,7,2257.962672
116,7,2257.962672
116,7,2257.962672
116,8,2202.346737
116,8,2202.346737
116,8,2202.346737
116,8,2202.346737
116,9,2107.954438
116,9,2107.954438
116,9,2107.954438
116,9,2107.954438
116,9,2107.954438
116,9,2107.954438
116,9,2107.954438
116,9,2107.954438
116,9,2107.954438
116,9,2107.954438
116,9,2107.954438
116,9,2107.954438
116,9,2107.954438
116,10,2080.519060
116,10,2080.519060
116,10,2080.519060
116,10,2080.519060
116,10,2080.519060
116,10,2080.519060
116,10,2080.519060
116,10,2080.519060
116,11,2059.716607
116,11,2059.716607
116,13,2058.132330
116,13,2058.132330
116,13,2058.132330
116,15,2050.001737
116,17,2038.634861
116,17,2038.634861
116,17,2038.634861
117,7,2257.962672
117,7,2257.962672
117,7,2257.962672
117,7,2257.962672
117,7,2257.962672
117,7,2257.962672
117,7,2257.962672
117,7,2257.962672
117,8,2191.284186
117,9,2107.954438
117,9,2107.954438
117,9,2107.954438
117,9,2107.954438
117,9,2107.954438
117,9,2107.954438
117,9,2107.954438
117,9,2107.954438
117,9,2107.954438
117,9,2107.954438
117,9,2107.954438
117,9,2107.954438
117,9,2107.954438
117,9,2107.954438
117,10,2080.519060
117,10,2080.519060
117,10,2080.519060
117,10,2080.519060
117,10,2080.519060
117,10,2080.519060
117,10,2080.519060
117,10,2080.519060
117,10,2080.519060
117,11,2059.716607
117,11,2059.716607
117,11,2059.716607
117,12,2055.456930
117,15,2050.001737
117,15,2050.001737
117,17,2038.634861
117,17,2038.634861
117,17,2038.634861
117,17,2038.634861
118,7,2257.962672
118,7,2257.962672
118,7,2257.962672
118,7,2257.962672
118,7,2257.962672
118,7,2257.962672
118,7,2257.962672
118,7,2257.962672
118,7,2257.962672
118,8,2191.284186
118,8,2191.284186
118,9,2107.954438
118,9,2107.954438
118,9,2107.954438
118,9,2107.954438
118,9,2107.954438
118,9,2107.954438
118,9,2107.954438
118,9,2107.954438
118,9,2107.954438
118,9,2107.954438
118,9,2107.954438
118,9,2107.954438
118,9,2107.954438
118,9,2107.954438
118,9,2107.954438
118,10,2080.519060
118,10,2080.519060
118,10,2080.519060
118,10,2080.519060
118,10,2080.519060
118,10,2080.519060
118,10,2080.519060
118,10,2080.519060
118,10,2080.519060
118,10,2080.519060
118,11,2059.716607
118,11,2059.716607
118,11,2059.716607
118,11,2059.716607
118,12,2055.456930
118,12,2055.456930
118,14,2049.062535
118,17,2038.634861
118,17,2038.634861
118,17,2038.634861
118,17,2038.634861
118,17,2038.634861
119,7,2220.534159
119,8,2191.284186
119,8,2191.284186
119,8,2191.284186
119,9,2107.954438
119,9,2107.954438
119,9,2107.954438
119,9,2107.954438
119,9,2107.954438
119,9,2107.954438
119,9,2107.954438
119,9,2107.954438
119,9,2107.954438
119,9,2107.954438
119,9,2107.954438
119,9,2107.954438
119,9,2107.954438
119,9,2107.954438
119,9,2107.954438
119,9,2107.954438
119,10,2080.519060
119,10,2080.519060
119,10,2080.519060
119,10,2080.519060
119,10,2080.519060
119,10,2080.519060
119,10,2080.519060
119,10,2080.519060
119,10,2080.519060
119,10,2080.519060
119,10,2080.519060
119,11,2059.716607
119,11,2059.716607
119,11,2059.716607
119,11,2059.716607
119,11,2059.716607
119,12,2055.456930
119,12,2055.456930
119,12,2055.456930
119,14,2049.062535
119,14,2049.062535
119,17,2038.634861
119,17,2038.634861
119,17,2038.634861
119,17,2038.634861
119,17,2038.634861
119,17,2038.634861
120,7,2220.534159
120,7,2220.534159
120,8,2166.757917
120,9,2107.954438
120,9,2107.954438
120,9,2107.954438
120,9,2107.954438
120,9,2107.954438
120,9,2107.954438
120,9,2107.954438
120,9,2107.954438
120,9,2107.954438
120,9,2107.954438
120,9,2107.954438
120,9,2107.954438
120,9,2107.954438
120,9,2107.954438
120,9,2107.954438
120,9,2107.954438
120,9,2107.954438
120,10,2080.519060
120,10,2080.519060
120,10,2080.519060
120,10,2080.519060
120,10,2080.519060
120,10,2080.519060
120,10,2080.519060
120,10,2080.519060
120,10,2080.519060
120,10,2080.519060
120,10,2080.519060
120,10,2080.519060
120,11,2059.716607
120,11,2059.716607
120,11,2059.716607
120,11,2059.716607
120,11,2059.716607
120,11,2059.716607
120,12,2055.456930
120,12,2055.456930
120,12,2055.456930
120,12,2055.456930
120,13,2037.423301
121,7,2220.534159
121,7,2220.534159
121,7,2220.534159
121,8,2166.757917
121,8,2166.757917
121,9,2107.954438
121,9,2107.954438
121,9,2107.954438
121,9,2107.954438
121,9,2107.954438
121,9,2107.954438
121,9,2107.954438
121,9,2107.954438
121,9,2107.954438
121,9,2107.954438
121,9,2107.954438
121,9,2107.954438
121,9,2107.954438
121,9,2107.954438
121,9,2107.954438
121,9,2107.954438
121,9,2107.954438
121,9,2107.954438
121,10,2080.519060
121,10,2080.519060
121,10,2080.519060
121,10,2080.519060
121,10,2080.519060
121,10,2080.519060
121,10,2080.519060
121,10,2080.519060
121,10,2080.519060
121,10,2080.519060
121,10,2080.519060
121,10,2080.519060
121,10,2080.519060
121,11,2059.716607
121,11,2059.716607
121,11,2059.716607
121,11,2059.716607
121,11,2059.716607
121,11,2059.716607
121,11,2059.716607
121,12,2055.456930
121,12,2055.456930
121,12,2055.456930
121,12,2055.456930
121,12,2055.456930
121,13,2037.423301
121,13,2037.423301
121,15,2036.268210
122,7,2220.534159
122,7,2220.534159
122,7,2220.534159
122,7,2220.534159
122,8,2166.757917
122,8,2166.757917
122,8,2166.757917
122,9,2107.954438
122,9,2107.954438
122,9,2107.954438
122,9,2107.954438
122,9,2107.954438
122,9,2107.954438
122,9,2107.954438
122,9,2107.954438
122,9,2107.954438
122,9,2107.954438
122,9,2107.954438
122,9,2107.954438
122,9,2107.954438
122,9,2107.954438
122,9,2107.954438
122,9,2107.954438
122,9,2107.954438
122,9,2107.954438
122,9,2107.954438
122,10,2080.519060
122,10,2080.519060
122,10,2080.519060
122,10,2080.519060
122,10,2080.519060
122,10,2080.519060
122,10,2080.519060
122,10,2080.519060
122,10,2080.519060
122,10,2080.519060
122,10,2080.519060
122,10,2080.519060
122,10,2080.519060
122,10,2080.519060
122,11,2059.716607
122,11,2059.716607
122,11,2059.716607
122,11,2059.716607
122,11,2059.716607
122,11,2059.716607
122,11,2059.716607
122,11,2059.716607
122,12,2055.456930
122,12,2055.456930
122,12,2055.456930
122,12,2055.456930
122,12,2055.456930
122,12,2055.456930
122,13,2037.423301
122,13,2037.423301
122,13,2037.423301
122,15,2036.268210
122,15,2036.268210
123,7,2220.534159
123,7,2220.534159
123,7,2220.534159
123,7,2220.534159
123,7,2220.534159
123,8,2166.757917
123,8,2166.757917
123,8,2166.757917
123,8,2166.757917
123,9,2107.954438
123,9,2107.954438
123,9,2107.954438
123,9,2107.954438
123,9,2107.954438
123,9,2107.954438
123,9,2107.954438
123,9,2107.954438
123,9,2107.954438
123,9,2107.954438
123,9,2107.954438
123,9,2107.954438
123,9,2107.954438
123,9,2107.954438
123,9,2107.954438
123,9,2107.954438
123,9,2107.954438
123,9,2107.954438
123,9,2107.954438
123,9,2107.954438
123,10,2076.240843
123,11,2059.716607
123,11,2059.716607
123,11,2059.716607
123,11,2059.716607
123,11,2059.716607
123,11,2059.716607
123,11,2059.716607
123,11,2059.716607
123,11,2059.716607
123,12,2055.456930
123,12,2055.456930
123,12,2055.456930
123,12,2055.456930
123,12,2055.456930
123,12,2055.456930
123,12,2055.456930
123,13,2037.423301
123,13,2037.423301
123,13,2037.423301
123,13,2037.423301
123,15,2036.268210
123,15,2036.268210
123,15,2036.268210
123,16,2017.221330
124,7,2220.534159
124,7,2220.534159
124,7,2220.534159
124,7,2220.534159
124,7,2220.534159
124,7,2220.534159
124,8,2166.757917
124,8,2166.757917
124,8,2166.757917
124,8,2166.757917
124,8,2166.757917
124,8,2166.757917
124,9,2107.954438
124,9,2107.954438
124,9,2107.954438
124,9,2107.954438
124,9,2107.954438
124,9,2107.954438
124,9,2107.954438
124,9,2107.954438
124,9,2107.954438
124,9,2107.954438
124,9,2107.954438
124,9,2107.954438
124,9,2107.954438
124,9,2107.954438
124,9,2107.954438
124,9,2107.954438
124,9,2107.954438
124,9,2107.954438
124,9,2107.954438
124,9,2107.954438
124,9,2107.954438
124,10,2076.240843
124,10,2076.240843
124,11,2059.716607
124,11,2059.716607
124,11,2059.716607
124,11,2059.716607
124,11,2059.716607
124,11,2059.716607
124,11,2059.716607
124,11,2059.716607
124,11,2059.716607
124,11,2059.716607
124,12,2044.978477
124,13,2037.423301
124,13,2037.423301
124,13,2037.423301
124,13,2037.423301
124,13,2037.423301
124,14,2035.394463
124,16,2017.221330
124,16,2017.221330
125,7,2220.534159
125,7,2220.534159
125,7,2220.534159
125,7,2220.534159
125,7,2220.534159
125,7,2220.534159
125,7,2220.534159
125,8,2166.757917
125,8,2166.757917
125,8,2166.757917
125,8,2166.757917
125,8,2166.757917
125,8,2166.757917
125,8,2166.757917
125,8,2166.757917
125,9,2107.954438
125,9,2107.954438
125,9,2107.954438
125,9,2107.954438
125,9,2107.954438
125,9,2107.954438
125,9,2107.954438
125,9,2107.954438
125,9,2107.954438
125,9,2107.954438
125,9,2107.954438
125,9,2107.954438
125,9,2107.954438
125,9,2107.954438
125,9,2107.954438
125,9,2107.954438
125,9,2107.954438
125,9,2107.954438
125,9,2107.954438
125,9,2107.954438
125,9,2107.954438
125,9,2107.954438
125,10,2076.240843
125,10,2076.240843
125,10,2076.240843
125,11,2059.716607
125,11,2059.716607
125,11,2059.716607
125,11,2059.716607
125,11,2059.716607
125,11,2059.716607
125,11,2059.716607
125,11,2059.716607
125,11,2059.716607
125,11,2059.716607
125,11,2059.716607
125,12,2044.978477
125,12,2044.978477
125,13,2037.423301
125,13,2037.423301
125,13,2037.423301
125,13,2037.423301
125,13,2037.423301
125,13,2037.423301
125,14,2035.394463
125,14,2035.394463
125,16,2017.221330
125,16,2017.221330
125,16,2017.221330
126,7,2220.534159
126,7,2220.534159
126,7,2220.534159
126,7,2220.534159
126,7,2220.534159
126,7,2220.534159
126,7,2220.534159
126,7,2220.534159
126,8,2166.757917
126,8,2166.757917
126,8,2166.757917
126,8,2166.757917
126,8,2166.757917
126,8,2166.757917
126,8,2166.757917
126,8,2166.757917
126,8,2166.757917
126,8,2166.757917
126,9,2107.954438
126,9,2107.954438
126,9,2107.954438
126,9,2107.954438
126,9,2107.954438
126,9,2107.954438
126,9,2107.954438
126,9,2107.954438
126,9,2107.954438
126,9,2107.954438
126,9,2107.954438
126,9,2107.954438
126,9,2107.954438
126,9,2107.954438
126,9,2107.954438
126,9,2107.954438
126,9,2107.954438
126,9,2107.954438
126,9,2107.954438
126,9,2107.954438
126,9,2107.954438
126,9,2107.954438
126,9,2107.954438
126,10,2076.240843
126,10,2076.240843
126,10,2076.240843
126,10,2076.240843
126,11,2059.716607
126,11,2059.716607
126,11,2059.716607
126,11,2059.716607
126,11,2059.716607
126,11,2059.716607
126,11,2059.716607
126,11,2059.716607
126,11,2059.716607
126,11,2059.716607
126,11,2059.716607
126,11,2059.716607
126,12,2041.548957
126,13,2037.423301
126,13,2037.423301
126,13,2037.423301
126,13,2037.423301
126,13,2037.423301
126,13,2037.423301
126,13,2037.423301
126,14,2035.394463
126,14,2035.394463
126,14,2035.394463
126,16,2017.221330
126,16,2017.221330
126,16,2017.221330
126,16,2017.221330
127,7,2220.534159
127,7,2220.534159
127,7,2220.534159
127,7,2220.534159
127,7,2220.534159
127,7,2220.534159
127,7,2220.534159
127,7,2220.534159
127,7,2220.534159
127,8,2166.757917
127,8,2166.757917
127,8,2166.757917
127,8,2166.757917
127,8,2166.757917
127,8,2166.757917
127,8,2166.757917
127,8,2166.757917
127,8,2166.757917
127,8,2166.757917
127,8,2166.757917
127,8,2166.757917
127,9,2107.954438
127,9,2107.954438
127,9,2107.954438
127,9,2107.954438
127,9,2107.954438
127,9,2107.954438
127,9,2107.954438
127,9,2107.954438
127,9,2107.954438
127,9,2107.954438
127,9,2107.954438
127,9,2107.954438
127,9,2107.954438
127,9,2107.954438
127,9,2107.954438
127,9,2107.954438
127,9,2107.954438
127,9,2107.954438
127,9,2107.954438
127,9,2107.954438
127,9,2107.954438
127,9,2107.954438
127,9,2107.954438
127,9,2107.954438
127,10,2076.240843
127,10,2076.240843
127,10,2076.240843
127,10,2076.240843
127,10,2076.240843
127,11,2059.716607
127,11,2059.716607
127,11,2059.716607
127,11,2059.716607
127,11,2059.716607
127,11,2059.716607
127,11,2059.716607
127,11,2059.716607
127,11,2059.716607
127,11,2059.716607
127,11,2059.716607
127,11,2059.716607
127,11,2059.716607
127,12,2041.548957
127,12,2041.548957
127,13,2036.199746
127,14,2035.394463
127,14,2035.394463
127,14,2035.394463
127,14,2035.394463
127,16,2017.221330
127,16,2017.221330
127,16,2017.221330
127,16,2017.221330
127,16,2017.221330
128,7,2220.534159
128,7,2220.534159
128,7,2220.534159
128,7,2220.534159
128,7,2220.534159
128,7,2220.534159
128,7,2220.534159
128,7,2220.534159
128,7,2220.534159
128,7,2220.534159
128,8,2165.476417
128,9,2102.504443
128,10,2076.240843
128,10,2076.240843
128,10,2076.240843
128,10,2076.240843
128,10,2076.240843
128,10,2076.240843
128,11,2059.716607
128,11,2059.716607
128,11,2059.716607
128,11,2059.716607
128,11,2059.716607
128,11,2059.716607
128,11,2059.716607
128,11,2059.716607
128,11,2059.716607
128,11,2059.716607
128,11,2059.716607
128,11,2059.716607
128,11,2059.716607
128,11,2059.716607
128,12,2041.548957
128,12,2041.548957
128,12,2041.548957
128,13,2036.199746
128,13,2036.199746
128,14,2035.394463
128,14,2035.394463
128,14,2035.394463
128,14,2035.394463
128,14,2035.394463
128,16,2017.221330
128,16,2017.221330
128,16,2017.221330
128,16,2017.221330
128,16,2017.221330
128,16,2017.221330
129,7,2220.534159
129,7,2220.534159
129,7,2220.534159
129,7,2220.534159
129,7,2220.534159
129,7,2220.534159
129,7,2220.534159
129,7,2220.534159
129,7,2220.534159
129,7,2220.534159
129,7,2220.534159
129,8,2165.476417
129,8,2165.476417
129,9,2102.504443
129,9,2102.504443
129,10,2076.240843
129,10,2076.240843
129,10,2076.240843
129,10,2076.240843
129,10,2076.240843
129,10,2076.240843
129,10,2076.240843
129,11,2059.716607
129,11,2059.716607
129,11,2059.716607
129,11,2059.716607
129,11,2059.716607
129,11,2059.716607
129,11,2059.716607
129,11,2059.716607
129,11,2059.716607
129,11,2059.716607
129,11,2059.716607
129,11,2059.716607
129,11,2059.716607
129,11,2059.716607
129,11,2059.716607
129,12,2041.548957
129,12,2041.548957
129,12,2041.548957
129,12,2041.548957
129,13,2035.836947
129,14,2035.394463
129,14,2035.394463
129,14,2035.394463
129,14,2035.394463
129,14,2035.394463
129,14,2035.394463
129,16,2017.221330
129,16,2017.221330
129,16,2017.221330
129,16,2017.221330
129,16,2017.221330
129,16,2017.221330
129,16,2017.221330
130,7,2220.534159
130,7,2220.534159
130,7,2220.534159
130,7,2220.534159
130,7,2220.534159
130,7,2220.534159
130,7,2220.534159
130,7,2220.534159
130,7,2220.534159
130,7,2220.534159
130,7,2220.534159
130,7,2220.534159
130,8,2165.476417
130,8,2165.476417
130,8,2165.476417
130,9,2102.504443
130,9,2102.504443
130,9,2102.504443
130,10,2076.240843
130,10,2076.240843
130,10,2076.240843
130,10,2076.240843
130,10,2076.240843
130,10,2076.240843
130,10,2076.240843
130,10,2076.240843
130,11,2059.716607
130,11,2059.716607
130,11,2059.716607
130,11,2059.716607
130,11,2059.716607
130,11,2059.716607
130,11,2059.716607
130,11,2059.716607
130,11,2059.716607
130,11,2059.716607
130,11,2059.716607
130,11,2059.716607
130,11,2059.716607
130,11,2059.716607
130,11,2059.716607
130,11,2059.716607
130,12,2041.548957
130,12,2041.548957
130,12,2041.548957
130,12,2041.548957
130,12,2041.548957
130,13,2035.836947
130,13,2035.836947
130,14,2035.394463
130,14,2035.394463
130,14,2035.394463
130,14,2035.394463
130,14,2035.394463
130,14,2035.394463
130,14,2035.394463
130,15,2029.569040
130,16,2017.221330
130,16,2017.221330
130,16,2017.221330
130,16,2017.221330
130,16,2017.221330
130,16,2017.221330
130,16,2017.221330
130,16,2017.221330
131,7,2220.534159
131,7,2220.534159
131,7,2220.534159
131,7,2220.534159
131,7,2220.534159
131,7,2220.534159
131,7,2220.534159
131,7,2220.534159
131,7,2220.534159
131,7,2220.534159
131,7,2220.534159
131,7,2220.534159
131,7,2220.534159
131,8,2165.476417
131,8,2165.476417
131,8,2165.476417
131,8,2165.476417
131,9,2102.504443
131,9,2102.504443
131,9,2102.504443
131,9,2102.504443
131,10,2076.240843
131,10,2076.240843
131,10,2076.240843
131,10,2076.240843
131,10,2076.240843
131,10,2076.240843
131,10,2076.240843
131,10,2076.240843
131,10,2076.240843
131,11,2059.716607
131,11,2059.716607
131,11,2059.716607
131,11,2059.716607
131,11,2059.716607
131,11,2059.716607
131,11,2059.716607
131,11,2059.716607
131,11,2059.716607
131,11,2059.716607
131,11,2059.716607
131,11,2059.716607
131,11,2059.716607
131,11,2059.716607
131,11,2059.716607
131,11,2059.716607
131,11,2059.716607
131,12,2041.548957
131,12,2041.548957
131,12,2041.548957
131,12,2041.548957
131,12,2041.548957
131,12,2041.548957
131,13,2035.836947
131,13,2035.836947
131,13,2035.836947
131,14,2035.394463
131,14,2035.394463
131,14,2035.394463
131,14,2035.394463
131,14,2035.394463
131,14,2035.394463
131,14,2035.394463
131,14,2035.394463
131,15,2029.569040
131,15,2029.569040
131,16,2017.221330
131,16,2017.221330
131,16,2017.221330
131,16,2017.221330
131,16,2017.221330
131,16,2017.221330
131,16,2017.221330
131,16,2017.221330
131,16,2017.221330
132,7,2220.534159
132,7,2220.534159
132,7,2220.534159
132,7,2220.534159
132,7,2220.534159
132,7,2220.534159
132,7,2220.534159
132,7,2220.534159
132,7,2220.534159
132,7,2220.534159
132,7,2220.534159
132,7,2220.534159
132,7,2220.534159
132,7,2220.534159
132,8,2165.476417
132,8,2165.476417
132,8,2165.476417
132,8,2165.476417
132,8,2165.476417
132,9,2102.504443
132,9,2102.504443
132,9,2102.504443
132,9,2102.504443
132,9,2102.504443
132,10,2075.651875
132,11,2059.716607
132,11,2059.716607
132,11,2059.716607
132,11,2059.716607
132,11,2059.716607
132,11,2059.716607
132,11,2059.716607
132,11,2059.716607
132,11,2059.716607
132,11,2059.716607
132,11,2059.716607
132,11,2059.716607
132,11,2059.716607
132,11,2059.716607
132,11,2059.716607
132,11,2059.716607
132,11,2059.716607
132,11,2059.716607
132,12,2041.548957
132,12,2041.548957
132,12,2041.548957
132,12,2041.548957
132,12,2041.548957
132,12,2041.548957
132,12,2041.548957
132,13,2035.836947
132,13,2035.836947
132,13,2035.836947
132,13,2035.836947
132,14,2035.394463
132,14,2035.394463
132,14,2035.394463
132,14,2035.394463
132,14,2035.394463
132,14,2035.394463
132,14,2035.394463
132,14,2035.394463
132,14,2035.394463
132,14,2035.394463
132,15,2029.569040
132,15,2029.569040
132,15,2029.569040
132,16,2017.221330
132,16,2017.221330
132,16,2017.221330
132,16,2017.221330
132,16,2017.221330
132,16,2017.221330
132,16,2017.221330
132,16,2017.221330
132,16,2017.221330
132,16,2017.221330
133,7,2220.534159
133,7,2220.534159
133,7,2220.534159
133,7,2220.534159
133,7,2220.534159
133,7,2220.534159
133,7,2220.534159
133,7,2220.534159
133,7,2220.534159
133,7,2220.534159
133,7,2220.534159
133,7,2220.534159
133,7,2220.534159
133,7,2220.534159
133,7,2220.534159
133,8,2165.476417
133,8,2165.476417
133,8,2165.476417
133,8,2165.476417
133,8,2165.476417
133,8,2165.476417
133,9,2102.504443
133,9,2102.504443
133,9,2102.504443
133,9,2102.504443
133,9,2102.504443
133,9,2102.504443
133,10,2075.651875
133,10,2075.651875
133,11,2059.716607
133,11,2059.716607
133,11,2059.716607
133,11,2059.716607
133,11,2059.716607
133,11,2059.716607
133,11,2059.716607
133,11,2059.716607
133,11,2059.716607
133,11,2059.716607
133,11,2059.716607
133,11,2059.716607
133,11,2059.716607
133,11,2059.716607
133,11,2059.716607
133,11,2059.716607
133,11,2059.716607
133,11,2059.716607
133,11,2059.716607
133,12,2041.548957
133,12,2041.548957
133,12,2041.548957
133,12,2041.548957
133,12,2041.548957
133,12,2041.548957
133,12,2041.548957
133,12,2041.548957
133,13,2035.836947
133,13,2035.836947
133,13,2035.836947
133,13,2035.836947
133,13,2035.836947
133,14,2035.394463
133,14,2035.394463
133,14,2035.394463
133,14,2035.394463
133,14,2035.394463
133,14,2035.394463
133,14,2035.394463
133,14,2035.394463
133,14,2035.394463
133,14,2035.394463
133,14,2035.394463
133,14,2035.394463
133,15,2029.569040
133,15,2029.569040
133,15,2029.569040
133,15,2029.569040
133,16,2017.221330
133,16,2017.221330
133,16,2017.221330
133,16,2017.221330
133,16,2017.221330
133,16,2017.221330
133,16,2017.221330
133,16,2017.221330
133,16,2017.221330
133,16,2017.221330
133,16,2017.221330
134,7,2220.534159
134,7,2220.534159
134,7,2220.534159
134,7,2220.534159
134,7,2220.534159
134,7,2220.534159
134,7,2220.534159
134,7,2220.534159
134,7,2220.534159
134,7,2220.534159
134,7,2220.534159
134,7,2220.534159
134,7,2220.534159
134,7,2220.534159
134,7,2220.534159
134,7,2220.534159
134,8,2165.476417
134,8,2165.476417
134,8,2165.476417
134,8,2165.476417
134,8,2165.476417
134,8,2165.476417
134,8,2165.476417
134,9,2098.683726
134,10,2075.651875
134,10,2075.651875
134,10,2075.651875
134,11,2059.716607
134,11,2059.716607
134,11,2059.716607
134,11,2059.716607
134,11,2059.716607
134,11,2059.716607
134,11,2059.716607
134,11,2059.716607
134,11,2059.716607
134,11,2059.716607
134,11,2059.716607
134,11,2059.716607
134,11,2059.716607
134,11,2059.716607
134,11,2059.716607
134,11,2059.716607
134,11,2059.716607
134,11,2059.716607
134,11,2059.716607
134,11,2059.716607
134,12,2031.046382
134,15,2029.569040
134,15,2029.569040
134,15,2029.569040
134,15,2029.569040
134,15,2029.569040
134,16,2017.221330
134,16,2017.221330
134,16,2017.221330
134,16,2017.221330
134,16,2017.221330
134,16,2017.221330
134,16,2017.221330
134,16,2017.221330
134,16,2017.221330
134,16,2017.221330
134,16,2017.221330
134,16,2017.221330
135,7,2220.534159
135,7,2220.534159
135,7,2220.534159
135,7,2220.534159
135,7,2220.534159
135,7,2220.534159
135,7,2220.534159
135,7,2220.534159
135,7,2220.534159
135,7,2220.534159
135,7,2220.534159
135,7,2220.534159
135,7,2220.534159
135,7,2220.534159
135,7,2220.534159
135,7,2220.534159
135,7,2220.534159
135,8,2144.162634
135,9,2098.683726
135,9,2098.683726
135,10,2075.651875
135,10,2075.651875
135,10,2075.651875
135,10,2075.651875
135,11,2059.716607
135,11,2059.716607
135,11,2059.716607
135,11,2059.716607
135,11,2059.716607
135,11,2059.716607
135,11,2059.716607
135,11,2059.716607
135,11,2059.716607
135,11,2059.716607
135,11,2059.716607
135,11,2059.716607
135,11,2059.716607
135,11,2059.716607
135,11,2059.716607
135,11,2059.716607
135,11,2059.716607
135,11,2059.716607
135,11,2059.716607
135,11,2059.716607
135,11,2059.716607
135,12,2031.046382
135,12,2031.046382
135,15,2029.569040
135,15,2029.569040
135,15,2029.569040
135,15,2029.569040
135,15,2029.569040
135,15,2029.569040
135,16,2017.221330
135,16,2017.221330
135,16,2017.221330
135,16,2017.221330
135,16,2017.221330
135,16,2017.221330
135,16,2017.221330
135,16,2017.221330
135,16,2017.221330
135,16,2017.221330
135,16,2017.221330
135,16,2017.221330
135,16,2017.221330
136,7,2220.534159
136,7,2220.534159
136,7,2220.534159
136,7,2220.534159
136,7,2220.534159
136,7,2220.534159
136,7,2220.534159
136,7,2220.534159
136,7,2220.534159
136,7,2220.534159
136,7,2220.534159
136,7,2220.534159
136,7,2220.534159
136,7,2220.534159
136,7,2220.534159
136,7,2220.534159
136,7,2220.534159
136,7,2220.534159
136,8,2144.162634
136,8,2144.162634
136,9,2098.683726
136,9,2098.683726
136,9,2098.683726
136,10,2075.651875
136,10,2075.651875
136,10,2075.651875
136,10,2075.651875
136,10,2075.651875
136,11,2059.716607
136,11,2059.716607
136,11,2059.716607
136,11,2059.716607
136,11,2059.716607
136,11,2059.716607
136,11,2059.716607
136,11,2059.716607
136,11,2059.716607
136,11,2059.716607
136,11,2059.716607
136,11,2059.716607
136,11,2059.716607
136,11,2059.716607
136,11,2059.716607
136,11,2059.716607
136,11,2059.716607
136,11,2059.716607
136,11,2059.716607
136,11,2059.716607
136,11,2059.716607
136,11,2059.716607
136,12,2031.046382
136,12,2031.046382
136,12,2031.046382
136,13,2028.113200
136,16,2017.221330
136,16,2017.221330
136,16,2017.221330
136,16,2017.221330
136,16,2017.221330
136,16,2017.221330
136,16,2017.221330
136,16,2017.221330
136,16,2017.221330
136,16,2017.221330
136,16,2017.221330
136,16,2017.221330
136,16,2017.221330
136,16,2017.221330
137,7,2220.534159
137,7,2220.534159
137,7,2220.534159
137,7,2220.534159
137,7,2220.534159
137,7,2220.534159
137,7,2220.534159
137,7,2220.534159
137,7,2220.534159
137,7,2220.534159
137,7,2220.534159
137,7,2220.534159
137,7,2220.534159
137,7,2220.534159
137,7,2220.534159
137,7,2220.534159
137,7,2220.534159
137,7,2220.534159
137,7,2220.534159
137,8,2144.162634
137,8,2144.162634
137,8,2144.162634
137,9,2097.710915
137,10,2075.651875
137,10,2075.651875
137,10,2075.651875
137,10,2075.651875
137,10,2075.651875
137,10,2075.651875
137,11,2059.716607
137,11,2059.716607
137,11,2059.716607
137,11,2059.716607
137,11,2059.716607
137,11,2059.716607
137,11,2059.716607
137,11,2059.716607
137,11,2059.716607
137,11,2059.716607
137,11,2059.716607
137,11,2059.716607
137,11,2059.716607
137,11,2059.716607
137,11,2059.716607
137,11,2059.716607
137,11,2059.716607
137,11,2059.716607
137,11,2059.716607
137,11,2059.716607
137,11,2059.716607
137,11,2059.716607
137,11,2059.716607
137,12,2031.046382
137,12,2031.046382
137,12,2031.046382
137,12,2031.046382
137,13,2028.113200
137,13,2028.113200
137,16,2017.221330
137,16,2017.221330
137,16,2017.221330
137,16,2017.221330
137,16,2017.221330
137,16,2017.221330
137,16,2017.221330
137,16,2017.221330
137,16,2017.221330
137,16,2017.221330
137,16,2017.221330
137,16,2017.221330
137,16,2017.221330
137,16,2017.221330
137,16,2017.221330
138,7,2220.534159
138,7,2220.534159
138,7,2220.534159
138,7,2220.534159
138,7,2220.534159
138,7,2220.534159
138,7,2220.534159
138,7,2220.534159
138,7,2220.534159
138,7,2220.534159
138,7,2220.534159
138,7,2220.534159
138,7,2220.534159
138,7,2220.534159
138,7,2220.534159
138,7,2220.534159
138,7,2220.534159
138,7,2220.534159
138,7,2220.534159
138,7,2220.534159
138,8,2144.162634
138,8,2144.162634
138,8,2144.162634
138,8,2144.162634
138,9,2087.459085
138,10,2065.108792
138,11,2059.716607
138,11,2059.716607
138,11,2059.716607
138,11,2059.716607
138,11,2059.716607
138,11,2059.716607
138,11,2059.716607
138,11,2059.716607
138,11,2059.716607
138,11,2059.716607
138,11,2059.716607
138,11,2059.716607
138,11,2059.716607
138,11,2059.716607
138,11,2059.716607
138,11,2059.716607
138,11,2059.716607
138,11,2059.716607
138,11,2059.716607
138,11,2059.716607
138,11,2059.716607
138,11,2059.716607
138,11,2059.716607
138,11,2059.716607
138,12,2031.046382
138,12,2031.046382
138,12,2031.046382
138,12,2031.046382
138,12,2031.046382
138,13,2028.113200
138,13,2028.113200
138,13,2028.113200
138,16,2017.221330
138,16,2017.221330
138,16,2017.221330
138,16,2017.221330
138,16,2017.221330
138,16,2017.221330
138,16,2017.221330
138,16,2017.221330
138,16,2017.221330
138,16,2017.221330
138,16,2017.221330
138,16,2017.221330
138,16,2017.221330
138,16,2017.221330
138,16,2017.221330
138,16,2017.221330
139,7,2198.576521
139,8,2144.162634
139,8,2144.162634
139,8,2144.162634
139,8,2144.162634
139,8,2144.162634
139,9,2087.459085
139,9,2087.459085
139,10,2065.108792
139,10,2065.108792
139,11,2059.716607
139,11,2059.716607
139,11,2059.716607
139,11,2059.716607
139,11,2059.716607
139,11,2059.716607
139,11,2059.716607
139,11,2059.716607
139,11,2059.716607
139,11,2059.716607
139,11,2059.716607
139,11,2059.716607
139,11,2059.716607
139,11,2059.716607
139,11,2059.716607
139,11,2059.716607
139,11,2059.716607
139,11,2059.716607
139,11,2059.716607
139,11,2059.716607
139,11,2059.716607
139,11,2059.716607
139,11,2059.716607
139,11,2059.716607
139,11,2059.716607
139,12,2031.046382
139,12,2031.046382
139,12,2031.046382
139,12,2031.046382
139,12,2031.046382
139,12,2031.046382
139,13,2028.113200
139,13,2028.113200
139,13,2028.113200
139,13,2028.113200
139,16,2017.221330
139,16,2017.221330
139,16,2017.221330
139,16,2017.221330
139,16,2017.221330
139,16,2017.221330
139,16,2017.221330
139,16,2017.221330
139,16,2017.221330
139,16,2017.221330
139,16,2017.221330
139,16,2017.221330
139,16,2017.221330
139,16,2017.221330
139,16,2017.221330
139,16,2017.221330
139,16,2017.221330
140,7,2198.576521
140,7,2198.576521
140,8,2144.162634
140,8,2144.162634
140,8,2144.162634
140,8,2144.162634
140,8,2144.162634
140,8,2144.162634
140,9,2087.459085
140,9,2087.459085
140,9,2087.459085
140,10,2065.108792
140,10,2065.108792
140,10,2065.108792
140,11,2059.716607
140,11,2059.716607
140,11,2059.716607
140,11,2059.716607
140,11,2059.716607
140,11,2059.716607
140,11,2059.716607
140,11,2059.716607
140,11,2059.716607
140,11,2059.716607
140,11,2059.716607
140,11,2059.716607
140,11,2059.716607
140,11,2059.716607
140,11,2059.716607
140,11,2059.716607
140,11,2059.716607
140,11,2059.716607
140,11,2059.716607
140,11,2059.716607
140,11,2059.716607
140,11,2059.716607
140,11,2059.716607
140,11,2059.716607
140,11,2059.716607
140,11,2059.716607
140,12,2031.046382
140,12,2031.046382
140,12,2031.046382
140,12,2031.046382
140,12,2031.046382
140,12,2031.046382
140,12,2031.046382
140,13,2024.547576
140,16,2017.221330
140,16,2017.221330
140,16,2017.221330
140,16,2017.221330
140,16,2017.221330
140,16,2017.221330
140,16,2017.221330
140,16,2017.221330
140,16,2017.221330
140,16,2017.221330
140,16,2017.221330
140,16,2017.221330
140,16,2017.221330
140,16,2017.221330
140,16,2017.221330
140,16,2017.221330
140,16,2017.221330
140,16,2017.221330
141,7,2198.576521
141,7,2198.576521
141,7,2198.576521
141,8,2144.162634
141,8,2144.162634
141,8,2144.162634
141,8,2144.162634
141,8,2144.162634
141,8,2144.162634
141,8,2144.162634
141,9,2084.976154
141,10,2065.108792
141,10,2065.108792
141,10,2065.108792
141,10,2065.108792
141,11,2059.716607
141,11,2059.716607
141,11,2059.716607
141,11,2059.716607
141,11,2059.716607
141,11,2059.716607
141,11,2059.716607
141,11,2059.716607
141,11,2059.716607
141,11,2059.716607
141,11,2059.716607
141,11,2059.716607
141,11,2059.716607
141,11,2059.716607
141,11,2059.716607
141,11,2059.716607
141,11,2059.716607
141,11,2059.716607
141,11,2059.716607
141,11,2059.716607
141,11,2059.716607
141,11,2059.716607
141,11,2059.716607
141,11,2059.716607
141,11,2059.716607
141,11,2059.716607
141,11,2059.716607
141,12,2031.046382
141,12,2031.046382
141,12,2031.046382
141,12,2031.046382
141,12,2031.046382
141,12,2031.046382
141,12,2031.046382
141,12,2031.046382
141,13,2024.547576
141,13,2024.547576
141,16,2017.221330
141,16,2017.221330
141,16,2017.221330
141,16,2017.221330
141,16,2017.221330
141,16,2017.221330
141,16,2017.221330
141,16,2017.221330
141,16,2017.221330
141,16,2017.221330
141,16,2017.221330
141,16,2017.221330
141,16,2017.221330
141,16,2017.221330
141,16,2017.221330
141,16,2017.221330
141,16,2017.221330
141,16,2017.221330
141,16,2017.221330
142,7,2198.576521
142,7,2198.576521
142,7,2198.576521
142,7,2198.576521
142,8,2144.162634
142,8,2144.162634
142,8,2144.162634
142,8,2144.162634
142,8,2144.162634
142,8,2144.162634
142,8,2144.162634
142,8,2144.162634
142,9,2084.976154
142,9,2084.976154
142,10,2065.108792
142,10,2065.108792
142,10,2065.108792
142,10,2065.108792
142,10,2065.108792
142,11,2059.716607
142,11,2059.716607
142,11,2059.716607
142,11,2059.716607
142,11,2059.716607
142,11,2059.716607
142,11,2059.716607
142,11,2059.716607
142,11,2059.716607
142,11,2059.716607
142,11,2059.716607
142,11,2059.716607
142,11,2059.716607
142,11,2059.716607
142,11,2059.716607
142,11,2059.716607
142,11,2059.716607
142,11,2059.716607
142,11,2059.716607
142,11,2059.716607
142,11,2059.716607
142,11,2059.716607
142,11,2059.716607
142,11,2059.716607
142,11,2059.716607
142,11,2059.716607
142,11,2059.716607
142,11,2059.716607
142,12,2031.046382
142,12,2031.046382
142,12,2031.046382
142,12,2031.046382
142,12,2031.046382
142,12,2031.046382
142,12,2031.046382
142,12,2031.046382
142,12,2031.046382
142,13,2024.547576
142,13,2024.547576
142,13,2024.547576
142,16,2017.221330
142,16,2017.221330
142,16,2017.221330
142,16,2017.221330
142,16,2017.221330
142,16,2017.221330
142,16,2017.221330
142,16,2017.221330
142,16,2017.221330
142,16,2017.221330
142,16,2017.221330
142,16,2017.221330
142,16,2017.221330
142,16,2017.221330
142,16,2017.221330
142,16,2017.221330
142,16,2017.221330
142,16,2017.221330
142,16,2017.221330
142,16,2017.221330
143,7,2198.576521
143,7,2198.576521
143,7,2198.576521
143,7,2198.576521
143,7,2198.576521
143,8,2144.162634
143,8,2144.162634
143,8,2144.162634
143,8,2144.162634
143,8,2144.162634
143,8,2144.162634
143,8,2144.162634
143,8,2144.162634
143,8,2144.162634
143,9,2084.976154
143,9,2084.976154
143,9,2084.976154
143,10,2065.108792
143,10,2065.108792
143,10,2065.108792
143,10,2065.108792
143,10,2065.108792
143,10,2065.108792
143,11,2059.716607
143,11,2059.716607
143,11,2059.716607
143,11,2059.716607
143,11,2059.716607
143,11,2059.716607
143,11,2059.716607
143,11,2059.716607
143,11,2059.716607
143,11,2059.716607
143,11,2059.716607
143,11,2059.716607
143,11,2059.716607
143,11,2059.716607
143,11,2059.716607
143,11,2059.716607
143,11,2059.716607
143,11,2059.716607
143,11,2059.716607
143,11,2059.716607
143,11,2059.716607
143,11,2059.716607
143,11,2059.716607
143,11,2059.716607
143,11,2059.716607
143,11,2059.716607
143,11,2059.716607
143,11,2059.716607
143,11,2059.716607
143,12,2031.046382
143,12,2031.046382
143,12,2031.046382
143,12,2031.046382
143,12,2031.046382
143,12,2031.046382
143,12,2031.046382
143,12,2031.046382
143,12,2031.046382
143,12,2031.046382
143,13,2024.547576
143,13,2024.547576
143,13,2024.547576
143,13,2024.547576
143,16,2017.221330
143,16,2017.221330
143,16,2017.221330
143,16,2017.221330
143,16,2017.221330
143,16,2017.221330
143,16,2017.221330
143,16,2017.221330
143,16,2017.221330
143,16,2017.221330
143,16,2017.221330
143,16,2017.221330
143,16,2017.221330
143,16,2017.221330
143,16,2017.221330
143,16,2017.221330
143,16,2017.221330
143,16,2017.221330
143,16,2017.221330
143,16,2017.221330
143,16,2017.221330
144,7,2198.576521
144,7,2198.576521
144,7,2198.576521
144,7,2198.576521
144,7,2198.576521
144,7,2198.576521
144,8,2144.162634
144,8,2144.162634
144,8,2144.162634
144,8,2144.162634
144,8,2144.162634
144,8,2144.162634
144,8,2144.162634
144,8,2144.162634
144,8,2144.162634
144,8,2144.162634
144,9,2084.976154
144,9,2084.976154
144,9,2084.976154
144,9,2084.976154
144,10,2065.108792
144,10,2065.108792
144,10,2065.108792
144,10,2065.108792
144,10,2065.108792
144,10,2065.108792
144,10,2065.108792
144,11,2059.716607
144,11,2059.716607
144,11,2059.716607
144,11,2059.716607
144,11,2059.716607
144,11,2059.716607
144,11,2059.716607
144,11,2059.716607
144,11,2059.716607
144,11,2059.716607
144,11,2059.716607
144,11,2059.716607
144,11,2059.716607
144,11,2059.716607
144,11,2059.716607
144,11,2059.716607
144,11,2059.716607
144,11,2059.716607
144,11,2059.716607
144,11,2059.716607
144,11,2059.716607
144,11,2059.716607
144,11,2059.716607
144,11,2059.716607
144,11,2059.716607
144,11,2059.716607
144,11,2059.716607
144,11,2059.716607
144,11,2059.716607
144,11,2059.716607
144,12,2031.046382
144,12,2031.046382
144,12,2031.046382
144,12,2031.046382
144,12,2031.046382
144,12,2031.046382
144,12,2031.046382
144,12,2031.046382
144,12,2031.046382
144,12,2031.046382
144,12,2031.046382
144,13,2024.547576
144,13,2024.547576
144,13,2024.547576
144,13,2024.547576
144,13,2024.547576
144,16,2017.221330
144,16,2017.221330
144,16,2017.221330
144,16,2017.221330
144,16,2017.221330
144,16,2017.221330
144,16,2017.221330
144,16,2017.221330
144,16,2017.221330
144,16,2017.221330
144,16,2017.221330
144,16,2017.221330
144,16,2017.221330
144,16,2017.221330
144,16,2017.221330
144,16,2017.221330
144,16,2017.221330
144,16,2017.221330
144,16,2017.221330
144,16,2017.221330
144,16,2017.221330
144,16,2017.221330
145,7,2198.576521
145,7,2198.576521
145,7,2198.576521
145,7,2198.576521
145,7,2198.576521
145,7,2198.576521
145,7,2198.576521
145,7,2198.576521
145,8,2144.162634
145,8,2144.162634
145,8,2144.162634
145,8,2144.162634
145,8,2144.162634
145,8,2144.162634
145,8,2144.162634
145,8,2144.162634
145,8,2144.162634
145,8,2144.162634
145,8,2144.162634
145,9,2084.976154
145,9,2084.976154
145,9,2084.976154
145,9,2084.976154
145,9,2084.976154
145,10,2065.108792
145,10,2065.108792
145,10,2065.108792
145,10,2065.108792
145,10,2065.108792
145,10,2065.108792
145,10,2065.108792
145,10,2065.108792
145,11,2059.716607
145,11,2059.716607
145,11,2059.716607
145,11,2059.716607
145,11,2059.716607
145,11,2059.716607
145,11,2059.716607
145,11,2059.716607
145,11,2059.716607
145,11,2059.716607
145,11,2059.716607
145,11,2059.716607
145,11,2059.716607
145,11,2059.716607
145,11,2059.716607
145,11,2059.716607
145,11,2059.716607
145,11,2059.716607
145,11,2059.716607
145,11,2059.716607
145,11,2059.716607
145,11,2059.716607
145,11,2059.716607
145,11,2059.716607
145,11,2059.716607
145,11,2059.716607
145,11,2059.716607
145,11,2059.716607
145,11,2059.716607
145,11,2059.716607
145,11,2059.716607
145,12,2031.046382
145,12,2031.046382
145,12,2031.046382
145,12,2031.046382
145,12,2031.046382
145,12,2031.046382
145,12,2031.046382
145,12,2031.046382
145,12,2031.046382
145,12,2031.046382
145,12,2031.046382
145,12,2031.046382
145,13,2024.547576
145,13,2024.547576
145,13,2024.547576
145,13,2024.547576
145,13,2024.547576
145,13,2024.547576
145,14,2022.648177
145,16,2017.221330
145,16,2017.221330
145,16,2017.221330
145,16,2017.221330
145,16,2017.221330
145,16,2017.221330
145,16,2017.221330
145,16,2017.221330
145,16,2017.221330
145,16,2017.221330
145,16,2017.221330
145,16,2017.221330
145,16,2017.221330
145,16,2017.221330
145,16,2017.221330
145,16,2017.221330
145,16,2017.221330
145,16,2017.221330
145,16,2017.221330
145,16,2017.221330
145,16,2017.221330
145,16,2017.221330
145,16,2017.221330
146,7,2198.576521
146,7,2198.576521
146,7,2198.576521
146,7,2198.576521
146,7,2198.576521
146,7,2198.576521
146,7,2198.576521
146,7,2198.576521
146,7,2198.576521
146,7,2198.576521
146,8,2144.162634
146,8,2144.162634
146,8,2144.162634
146,8,2144.162634
146,8,2144.162634
146,8,2144.162634
146,8,2144.162634
146,8,2144.162634
146,8,2144.162634
146,8,2144.162634
146,8,2144.162634
146,8,2144.162634
146,9,2084.976154
146,9,2084.976154
146,9,2084.976154
146,9,2084.976154
146,9,2084.976154
146,9,2084.976154
146,10,2065.108792
146,10,2065.108792
146,10,2065.108792
146,10,2065.108792
146,10,2065.108792
146,10,2065.108792
146,10,2065.108792
146,10,2065.108792
146,10,2065.108792
146,11,2059.716607
146,11,2059.716607
146,11,2059.716607
146,11,2059.716607
146,11,2059.716607
146,11,2059.716607
146,11,2059.716607
146,11,2059.716607
146,11,2059.716607
146,11,2059.716607
146,11,2059.716607
146,11,2059.716607
146,11,2059.716607
146,11,2059.716607
146,11,2059.716607
146,11,2059.716607
146,11,2059.716607
146,11,2059.716607
146,11,2059.716607
146,11,2059.716607
146,11,2059.716607
146,11,2059.716607
146,11,2059.716607
146,11,2059.716607
146,11,2059.716607
146,11,2059.716607
146,11,2059.716607
146,11,2059.716607
146,11,2059.716607
146,11,2059.716607
146,11,2059.716607
146,11,2059.716607
146,12,2029.300284
146,13,2024.547576
146,13,2024.547576
146,13,2024.547576
146,13,2024.547576
146,13,2024.547576
146,13,2024.547576
146,13,2024.547576
146,14,2022.648177
146,14,2022.648177
146,16,2017.221330
146,16,2017.221330
146,16,2017.221330
146,16,2017.221330
146,16,2017.221330
146,16,2017.221330
146,16,2017.221330
146,16,2017.221330
146,16,2017.221330
146,16,2017.221330
146,16,2017.221330
146,16,2017.221330
146,16,2017.221330
146,16,2017.221330
146,16,2017.221330
146,16,2017.221330
146,16,2017.221330
146,16,2017.221330
146,16,2017.221330
146,16,2017.221330
146,16,2017.221330
146,16,2017.221330
146,16,2017.221330
146,16,2017.221330
147,7,2198.576521
147,7,2198.576521
147,7,2198.576521
147,7,2198.576521
147,7,2198.576521
147,7,2198.576521
147,7,2198.576521
147,7,2198.576521
147,7,2198.576521
147,7,2198.576521
147,7,2198.576521
147,7,2198.576521
147,8,2144.162634
147,8,2144.162634
147,8,2144.162634
147,8,2144.162634
147,8,2144.162634
147,8,2144.162634
147,8,2144.162634
147,8,2144.162634
147,8,2144.162634
147,8,2144.162634
147,8,2144.162634
147,8,2144.162634
147,8,2144.162634
147,9,2084.976154
147,9,2084.976154
147,9,2084.976154
147,9,2084.976154
147,9,2084.976154
147,9,2084.976154
147,9,2084.976154
147,10,2065.108792
147,10,2065.108792
147,10,2065.108792
147,10,2065.108792
147,10,2065.108792
147,10,2065.108792
147,10,2065.108792
147,10,2065.108792
147,10,2065.108792
147,10,2065.108792
147,11,2059.716607
147,11,2059.716607
147,11,2059.716607
147,11,2059.716607
147,11,2059.716607
147,11,2059.716607
147,11,2059.716607
147,11,2059.716607
147,11,2059.716607
147,11,2059.716607
147,11,2059.716607
147,11,2059.716607
147,11,2059.716607
147,11,2059.716607
147,11,2059.716607
147,11,2059.716607
147,11,2059.716607
147,11,2059.716607
147,11,2059.716607
147,11,2059.716607
147,11,2059.716607
147,11,2059.716607
147,11,2059.716607
147,11,2059.716607
147,11,2059.716607
147,11,2059.716607
147,11,2059.716607
147,11,2059.716607
147,11,2059.716607
147,11,2059.716607
147,11,2059.716607
147,11,2059.716607
147,11,2059.716607
147,12,2029.300284
147,12,2029.300284
147,13,2024.547576
147,13,2024.547576
147,13,2024.547576
147,13,2024.547576
147,13,2024.547576
147,13,2024.547576
147,13,2024.547576
147,13,2024.547576
147,14,2022.648177
147,14,2022.648177
147,14,2022.648177
147,16,2017.221330
147,16,2017.221330
147,16,2017.221330
147,16,2017.221330
147,16,2017.221330
147,16,2017.221330
147,16,2017.221330
147,16,2017.221330
147,16,2017.221330
147,16,2017.221330
147,16,2017.221330
147,16,2017.221330
147,16,2017.221330
147,16,2017.221330
147,16,2017.221330
147,16,2017.221330
147,16,2017.221330
147,16,2017.221330
147,16,2017.221330
147,16,2017.221330
147,16,2017.221330
147,16,2017.221330
147,16,2017.221330
147,16,2017.221330
147,16,2017.221330
148,7,2182.947216
148,8,2144.162634
148,8,2144.162634
148,8,2144.162634
148,8,2144.162634
148,8,2144.162634
148,8,2144.162634
148,8,2144.162634
148,8,2144.162634
148,8,2144.162634
148,8,2144.162634
148,8,2144.162634
148,8,2144.162634
148,8,2144.162634
148,8,2144.162634
148,9,2084.976154
148,9,2084.976154
148,9,2084.976154
148,9,2084.976154
148,9,2084.976154
148,9,2084.976154
148,9,2084.976154
148,9,2084.976154
148,10,2065.108792
148,10,2065.108792
148,10,2065.108792
148,10,2065.108792
148,10,2065.108792
148,10,2065.108792
148,10,2065.108792
148,10,2065.108792
148,10,2065.108792
148,10,2065.108792
148,10,2065.108792
148,11,2059.716607
148,11,2059.716607
148,11,2059.716607
148,11,2059.716607
148,11,2059.716607
148,11,2059.716607
148,11,2059.716607
148,11,2059.716607
148,11,2059.716607
148,11,2059.716607
148,11,2059.716607
148,11,2059.716607
148,11,2059.716607
148,11,2059.716607
148,11,2059.716607
148,11,2059.716607
148,11,2059.716607
148,11,2059.716607
148,11,2059.716607
148,11,2059.716607
148,11,2059.716607
148,11,2059.716607
148,11,2059.716607
148,11,2059.716607
148,11,2059.716607
148,11,2059.716607
148,11,2059.716607
148,11,2059.716607
148,11,2059.716607
148,11,2059.716607
148,11,2059.716607
148,11,2059.716607
148,11,2059.716607
148,11,2059.716607
148,12,2022.895346
148,14,2022.648177
148,14,2022.648177
148,14,2022.648177
148,14,2022.648177
148,16,2017.221330
148,16,2017.221330
148,16,2017.221330
148,16,2017.221330
148,16,2017.221330
148,16,2017.221330
148,16,2017.221330
148,16,2017.221330
148,16,2017.221330
148,16,2017.221330
148,16,2017.221330
148,16,2017.221330
148,16,2017.221330
148,16,2017.221330
148,16,2017.221330
148,16,2017.221330
148,16,2017.221330
148,16,2017.221330
148,16,2017.221330
148,16,2017.221330
148,16,2017.221330
148,16,2017.221330
148,16,2017.221330
148,16,2017.221330
148,16,2017.221330
148,16,2017.221330
149,7,2182.947216
149,7,2182.947216
149,8,2144.162634
149,8,2144.162634
149,8,2144.162634
149,8,2144.162634
149,8,2144.162634
149,8,2144.162634
149,8,2144.162634
149,8,2144.162634
149,8,2144.162634
149,8,2144.162634
149,8,2144.162634
149,8,2144.162634
149,8,2144.162634
149,8,2144.162634
149,8,2144.162634
149,9,2084.976154
149,9,2084.976154
149,9,2084.976154
149,9,2084.976154
149,9,2084.976154
149,9,2084.976154
149,9,2084.976154
149,9,2084.976154
149,9,2084.976154
149,10,2065.108792
149,10,2065.108792
149,10,2065.108792
149,10,2065.108792
149,10,2065.108792
149,10,2065.108792
149,10,2065.108792
149,10,2065.108792
149,10,2065.108792
149,10,2065.108792
149,10,2065.108792
149,10,2065.108792
149,11,2059.716607
149,11,2059.716607
149,11,2059.716607
149,11,2059.716607
149,11,2059.716607
149,11,2059.716607
149,11,2059.716607
149,11,2059.716607
149,11,2059.716607
149,11,2059.716607
149,11,2059.716607
149,11,2059.716607
149,11,2059.716607
149,11,2059.716607
149,11,2059.716607
149,11,2059.716607
149,11,2059.716607
149,11,2059.716607
149,11,2059.716607
149,11,2059.716607
149,11,2059.716607
149,11,2059.716607
149,11,2059.716607
149,11,2059.716607
149,11,2059.716607
149,11,2059.716607
149,11,2059.716607
149,11,2059.716607
149,11,2059.716607
149,11,2059.716607
149,11,2059.716607
149,11,2059.716607
149,11,2059.716607
149,11,2059.716607
149,11,2059.716607
149,12,2022.895346
149,12,2022.895346
149,14,2022.648177
149,14,2022.648177
149,14,2022.648177
149,14,2022.648177
149,14,2022.648177
149,16,2017.221330
149,16,2017.221330
149,16,2017.221330
149,16,2017.221330
149,16,2017.221330
149,16,2017.221330
149,16,2017.221330
149,16,2017.221330
149,16,2017.221330
149,16,2017.221330
149,16,2017.221330
149,16,2017.221330
149,16,2017.221330
149,16,2017.221330
149,16,2017.221330
149,16,2017.221330
149,16,2017.221330
149,16,2017.221330
149,16,2017.221330
149,16,2017.221330
149,16,2017.221330
149,16,2017.221330
149,16,2017.221330
149,16,2017.221330
149,16,2017.221330
149,16,2017.221330
149,16,2017.221330
150,7,2182.947216
150,7,2182.947216
150,7,2182.947216
150,8,2144.162634
150,8,2144.162634
150,8,2144.162634
150,8,2144.162634
150,8,2144.162634
150,8,2144.162634
150,8,2144.162634
150,8,2144.162634
150,8,2144.162634
150,8,2144.162634
150,8,2144.162634
150,8,2144.162634
150,8,2144.162634
150,8,2144.162634
150,8,2144.162634
150,8,2144.162634
150,9,2084.976154
150,9,2084.976154
150,9,2084.976154
150,9,2084.976154
150,9,2084.976154
150,9,2084.976154
150,9,2084.976154
150,9,2084.976154
150,9,2084.976154
150,9,2084.976154
150,10,2065.108792
150,10,2065.108792
150,10,2065.108792
150,10,2065.108792
150,10,2065.108792
150,10,2065.108792
150,10,2065.108792
150,10,2065.108792
150,10,2065.108792
150,10,2065.108792
150,10,2065.108792
150,10,2065.108792
150,10,2065.108792
150,11,2059.716607
150,11,2059.716607
150,11,2059.716607
150,11,2059.716607
150,11,2059.716607
150,11,2059.716607
150,11,2059.716607
150,11,2059.716607
150,11,2059.716607
150,11,2059.716607
150,11,2059.716607
150,11,2059.716607
150,11,2059.716607
150,11,2059.716607
150,11,2059.716607
150,11,2059.716607
150,11,2059.716607
150,11,2059.716607
150,11,2059.716607
150,11,2059.716607
150,11,2059.716607
150,11,2059.716607
150,11,2059.716607
150,11,2059.716607
150,11,2059.716607
150,11,2059.716607
150,11,2059.716607
150,11,2059.716607
150,11,2059.716607
150,11,2059.716607
150,11,2059.716607
150,11,2059.716607
150,11,2059.716607
150,11,2059.716607
150,11,2059.716607
150,11,2059.716607
150,12,2022.536380
150,16,2017.221330
150,16,2017.221330
150,16,2017.221330
150,16,2017.221330
150,16,2017.221330
150,16,2017.221330
150,16,2017.221330
150,16,2017.221330
150,16,2017.221330
150,16,2017.221330
150,16,2017.221330
150,16,2017.221330
150,16,2017.221330
150,16,2017.221330
150,16,2017.221330
150,16,2017.221330
150,16,2017.221330
150,16,2017.221330
150,16,2017.221330
150,16,2017.221330
150,16,2017.221330
150,16,2017.221330
150,16,2017.221330
150,16,2017.221330
150,16,2017.221330
150,16,2017.221330
150,16,2017.221330
150,16,2017.221330
151,7,2182.947216
151,7,2182.947216
151,7,2182.947216
151,7,2182.947216
151,8,2144.162634
151,8,2144.162634
151,8,2144.162634
151,8,2144.162634
151,8,2144.162634
151,8,2144.162634
151,8,2144.162634
151,8,2144.162634
151,8,2144.162634
151,8,2144.162634
151,8,2144.162634
151,8,2144.162634
151,8,2144.162634
151,8,2144.162634
151,8,2144.162634
151,8,2144.162634
151,8,2144.162634
151,9,2084.976154
151,9,2084.976154
151,9,2084.976154
151,9,2084.976154
151,9,2084.976154
151,9,2084.976154
151,9,2084.976154
151,9,2084.976154
151,9,2084.976154
151,9,2084.976154
151,9,2084.976154
151,10,2065.108792
151,10,2065.108792
151,10,2065.108792
151,10,2065.108792
151,10,2065.108792
151,10,2065.108792
151,10,2065.108792
151,10,2065.108792
151,10,2065.108792
151,10,2065.108792
151,10,2065.108792
151,10,2065.108792
151,10,2065.108792
151,10,2065.108792
151,11,2055.124007
151,12,2022.536380
151,12,2022.536380
151,16,2017.221330
151,16,2017.221330
151,16,2017.221330
151,16,2017.221330
151,16,2017.221330
151,16,2017.221330
151,16,2017.221330
151,16,2017.221330
151,16,2017.221330
151,16,2017.221330
151,16,2017.221330
151,16,2017.221330
151,16,2017.221330
151,16,2017.221330
151,16,2017.221330
151,16,2017.221330
151,16,2017.221330
151,16,2017.221330
151,16,2017.221330
151,16,2017.221330
151,16,2017.221330
151,16,2017.221330
151,16,2017.221330
151,16,2017.221330
151,16,2017.221330
151,16,2017.221330
151,16,2017.221330
151,16,2017.221330
151,16,2017.221330
152,7,2181.117886
152,8,2134.253598
152,9,2075.199891
152,10,2065.108792
152,10,2065.108792
152,10,2065.108792
152,10,2065.108792
152,10,2065.108792
152,10,2065.108792
152,10,2065.108792
152,10,2065.108792
152,10,2065.108792
152,10,2065.108792
152,10,2065.108792
152,10,2065.108792
152,10,2065.108792
152,10,2065.108792
152,10,2065.108792
152,11,2046.003827
152,12,2022.536380
152,12,2022.536380
152,12,2022.536380
152,12,2022.536380
152,15,2018.952846
152,16,2017.221330
152,16,2017.221330
152,16,2017.221330
152,16,2017.221330
152,16,2017.221330
152,16,2017.221330
152,16,2017.221330
152,16,2017.221330
152,16,2017.221330
152,16,2017.221330
152,16,2017.221330
152,16,2017.221330
152,16,2017.221330
152,16,2017.221330
152,16,2017.221330
152,16,2017.221330
152,16,2017.221330
152,16,2017.221330
152,16,2017.221330
152,16,2017.221330
152,16,2017.221330
152,16,2017.221330
152,16,2017.221330
152,16,2017.221330
152,16,2017.221330
152,16,2017.221330
152,16,2017.221330
152,16,2017.221330
152,16,2017.221330
152,16,2017.221330
153,7,2181.117886
153,7,2181.117886
153,8,2134.253598
153,8,2134.253598
153,9,2075.199891
153,9,2075.199891
153,10,2065.108792
153,10,2065.108792
153,10,2065.108792
153,10,2065.108792
153,10,2065.108792
153,10,2065.108792
153,10,2065.108792
153,10,2065.108792
153,10,2065.108792
153,10,2065.108792
153,10,2065.108792
153,10,2065.108792
153,10,2065.108792
153,10,2065.108792
153,10,2065.108792
153,10,2065.108792
153,11,2046.003827
153,11,2046.003827
153,12,2022.536380
153,12,2022.536380
153,12,2022.536380
153,12,2022.536380
153,12,2022.536380
153,12,2022.536380
153,15,2018.952846
153,15,2018.952846
153,16,2017.221330
153,16,2017.221330
153,16,2017.221330
153,16,2017.221330
153,16,2017.221330
153,16,2017.221330
153,16,2017.221330
153,16,2017.221330
153,16,2017.221330
153,16,2017.221330
153,16,2017.221330
153,16,2017.221330
153,16,2017.221330
153,16,2017.221330
153,16,2017.221330
153,16,2017.221330
153,16,2017.221330
153,16,2017.221330
153,16,2017.221330
153,16,2017.221330
153,16,2017.221330
153,16,2017.221330
153,16,2017.221330
153,16,2017.221330
153,16,2017.221330
153,16,2017.221330
153,16,2017.221330
153,16,2017.221330
153,16,2017.221330
153,16,2017.221330
153,16,2017.221330
154,7,2181.117886
154,7,2181.117886
154,7,2181.117886
154,8,2134.253598
154,8,2134.253598
154,8,2134.253598
154,9,2075.199891
154,9,2075.199891
154,9,2075.199891
154,10,2060.174950
154,11,2046.003827
154,11,2046.003827
154,11,2046.003827
154,12,2022.536380
154,12,2022.536380
154,12,2022.536380
154,12,2022.536380
154,12,2022.536380
154,12,2022.536380
154,12,2022.536380
154,12,2022.536380
154,13,2017.585901
154,16,2017.221330
154,16,2017.221330
154,16,2017.221330
154,16,2017.221330
154,16,2017.221330
154,16,2017.221330
154,16,2017.221330
154,16,2017.221330
154,16,2017.221330
154,16,2017.221330
154,16,2017.221330
154,16,2017.221330
154,16,2017.221330
154,16,2017.221330
154,16,2017.221330
154,16,2017.221330
154,16,2017.221330
154,16,2017.221330
154,16,2017.221330
154,16,2017.221330
154,16,2017.221330
154,16,2017.221330
154,16,2017.221330
154,16,2017.221330
154,16,2017.221330
154,16,2017.221330
154,16,2017.221330
154,16,2017.221330
154,16,2017.221330
154,16,2017.221330
154,16,2017.221330
154,16,2017.221330
155,7,2181.117886
155,7,2181.117886
155,7,2181.117886
155,7,2181.117886
155,8,2123.915319
155,9,2069.796231
155,10,2060.174950
155,10,2060.174950
155,11,2043.587297
155,12,2022.536380
155,12,2022.536380
155,12,2022.536380
155,12,2022.536380
155,12,2022.536380
155,12,2022.536380
155,12,2022.536380
155,12,2022.536380
155,12,2022.536380
155,12,2022.536380
155,13,2017.585901
155,13,2017.585901
155,16,2017.221330
155,16,2017.221330
155,16,2017.221330
155,16,2017.221330
155,16,2017.221330
155,16,2017.221330
155,16,2017.221330
155,16,2017.221330
155,16,2017.221330
155,16,2017.221330
155,16,2017.221330
155,16,2017.221330
155,16,2017.221330
155,16,2017.221330
155,16,2017.221330
155,16,2017.221330
155,16,2017.221330
155,16,2017.221330
155,16,2017.221330
155,16,2017.221330
155,16,2017.221330
155,16,2017.221330
155,16,2017.221330
155,16,2017.221330
155,16,2017.221330
155,16,2017.221330
155,16,2017.221330
155,16,2017.221330
155,16,2017.221330
155,16,2017.221330
155,16,2017.221330
155,16,2017.221330
155,16,2017.221330
156,7,2181.117886
156,7,2181.117886
156,7,2181.117886
156,7,2181.117886
156,7,2181.117886
156,8,2123.915319
156,8,2123.915319
156,9,2069.796231
156,9,2069.796231
156,10,2060.174950
156,10,2060.174950
156,10,2060.174950
156,11,2043.587297
156,11,2043.587297
156,12,2022.536380
156,12,2022.536380
156,12,2022.536380
156,12,2022.536380
156,12,2022.536380
156,12,2022.536380
156,12,2022.536380
156,12,2022.536380
156,12,2022.536380
156,12,2022.536380
156,12,2022.536380
156,12,2022.536380
156,13,2017.585901
156,13,2017.585901
156,13,2017.585901
156,16,2017.221330
156,16,2017.221330
156,16,2017.221330
156,16,2017.221330
156,16,2017.221330
156,16,2017.221330
156,16,2017.221330
156,16,2017.221330
156,16,2017.221330
156,16,2017.221330
156,16,2017.221330
156,16,2017.221330
156,16,2017.221330
156,16,2017.221330
156,16,2017.221330
156,16,2017.221330
156,16,2017.221330
156,16,2017.221330
156,16,2017.221330
156,16,2017.221330
156,16,2017.221330
156,16,2017.221330
156,16,2017.221330
156,16,2017.221330
156,16,2017.221330
156,16,2017.221330
156,16,2017.221330
156,16,2017.221330
156,16,2017.221330
156,16,2017.221330
156,16,2017.221330
156,16,2017.221330
156,16,2017.221330
156,16,2017.221330
157,7,2181.117886
157,7,2181.117886
157,7,2181.117886
157,7,2181.117886
157,7,2181.117886
157,7,2181.117886
157,8,2123.915319
157,8,2123.915319
157,8,2123.915319
157,9,2069.796231
157,9,2069.796231
157,9,2069.796231
157,10,2060.174950
157,10,2060.174950
157,10,2060.174950
157,10,2060.174950
157,11,2043.587297
157,11,2043.587297
157,11,2043.587297
157,12,2022.536380
157,12,2022.536380
157,12,2022.536380
157,12,2022.536380
157,12,2022.536380
157,12,2022.536380
157,12,2022.536380
157,12,2022.536380
157,12,2022.536380
157,12,2022.536380
157,12,2022.536380
157,12,2022.536380
157,12,2022.536380
157,12,2022.536380
157,13,2017.585901
157,13,2017.585901
157,13,2017.585901
157,13,2017.585901
157,16,2017.221330
157,16,2017.221330
157,16,2017.221330
157,16,2017.221330
157,16,2017.221330
157,16,2017.221330
157,16,2017.221330
157,16,2017.221330
157,16,2017.221330
157,16,2017.221330
157,16,2017.221330
157,16,2017.221330
157,16,2017.221330
157,16,2017.221330
157,16,2017.221330
157,16,2017.221330
157,16,2017.221330
157,16,2017.221330
157,16,2017.221330
157,16,2017.221330
157,16,2017.221330
157,16,2017.221330
157,16,2017.221330
157,16,2017.221330
157,16,2017.221330
157,16,2017.221330
157,16,2017.221330
157,16,2017.221330
157,16,2017.221330
157,16,2017.221330
157,16,2017.221330
157,16,2017.221330
157,16,2017.221330
157,16,2017.221330
157,16,2017.221330
158,7,2181.117886
158,7,2181.117886
158,7,2181.117886
158,7,2181.117886
158,7,2181.117886
158,7,2181.117886
158,7,2181.117886
158,8,2123.915319
158,8,2123.915319
158,8,2123.915319
158,8,2123.915319
158,9,2069.796231
158,9,2069.796231
158,9,2069.796231
158,9,2069.796231
158,10,2060.174950
158,10,2060.174950
158,10,2060.174950
158,10,2060.174950
158,10,2060.174950
158,11,2043.587297
158,11,2043.587297
158,11,2043.587297
158,11,2043.587297
158,12,2022.536380
158,12,2022.536380
158,12,2022.536380
158,12,2022.536380
158,12,2022.536380
158,12,2022.536380
158,12,2022.536380
158,12,2022.536380
158,12,2022.536380
158,12,2022.536380
158,12,2022.536380
158,12,2022.536380
158,12,2022.536380
158,12,2022.536380
158,12,2022.536380
158,12,2022.536380
158,13,2017.585901
158,13,2017.585901
158,13,2017.585901
158,13,2017.585901
158,13,2017.585901
158,16,2017.221330
158,16,2017.221330
158,16,2017.221330
158,16,2017.221330
158,16,2017.221330
158,16,2017.221330
158,16,2017.221330
158,16,2017.221330
158,16,2017.221330
158,16,2017.221330
158,16,2017.221330
158,16,2017.221330
158,16,2017.221330
158,16,2017.221330
158,16,2017.221330
158,16,2017.221330
158,16,2017.221330
158,16,2017.221330
158,16,2017.221330
158,16,2017.221330
158,16,2017.221330
158,16,2017.221330
158,16,2017.221330
158,16,2017.221330
158,16,2017.221330
158,16,2017.221330
158,16,2017.221330
158,16,2017.221330
158,16,2017.221330
158,16,2017.221330
158,16,2017.221330
158,16,2017.221330
158,16,2017.221330
158,16,2017.221330
158,16,2017.221330
158,16,2017.221330
159,7,2181.117886
159,7,2181.117886
159,7,2181.117886
159,7,2181.117886
159,7,2181.117886
159,7,2181.117886
159,7,2181.117886
159,7,2181.117886
159,8,2123.915319
159,8,2123.915319
159,8,2123.915319
159,8,2123.915319
159,8,2123.915319
159,9,2069.796231
159,9,2069.796231
159,9,2069.796231
159,9,2069.796231
159,9,2069.796231
159,10,2044.935242
159,11,2043.587297
159,11,2043.587297
159,11,2043.587297
159,11,2043.587297
159,11,2043.587297
159,12,2022.536380
159,12,2022.536380
159,12,2022.536380
159,12,2022.536380
159,12,2022.536380
159,12,2022.536380
159,12,2022.536380
159,12,2022.536380
159,12,2022.536380
159,12,2022.536380
159,12,2022.536380
159,12,2022.536380
159,12,2022.536380
159,12,2022.536380
159,12,2022.536380
159,12,2022.536380
159,12,2022.536380
159,12,2022.536380
159,13,2017.585901
159,13,2017.585901
159,13,2017.585901
159,13,2017.585901
159,13,2017.585901
159,13,2017.585901
159,16,2017.221330
159,16,2017.221330
159,16,2017.221330
159,16,2017.221330
159,16,2017.221330
159,16,2017.221330
159,16,2017.221330
159,16,2017.221330
159,16,2017.221330
159,16,2017.221330
159,16,2017.221330
159,16,2017.221330
159,16,2017.221330
159,16,2017.221330
159,16,2017.221330
159,16,2017.221330
159,16,2017.221330
159,16,2017.221330
159,16,2017.221330
159,16,2017.221330
159,16,2017.221330
159,16,2017.221330
159,16,2017.221330
159,16,2017.221330
159,16,2017.221330
159,16,2017.221330
159,16,2017.221330
159,16,2017.221330
159,16,2017.221330
159,16,2017.221330
159,16,2017.221330
159,16,2017.221330
159,16,2017.221330
159,16,2017.221330
159,16,2017.221330
159,16,2017.221330
159,16,2017.221330
160,7,2181.117886
160,7,2181.117886
160,7,2181.117886
160,7,2181.117886
160,7,2181.117886
160,7,2181.117886
160,7,2181.117886
160,7,2181.117886
160,7,2181.117886
160,8,2123.915319
160,8,2123.915319
160,8,2123.915319
160,8,2123.915319
160,8,2123.915319
160,8,2123.915319
160,9,2069.796231
160,9,2069.796231
160,9,2069.796231
160,9,2069.796231
160,9,2069.796231
160,9,2069.796231
160,10,2044.935242
160,10,2044.935242
160,11,2043.587297
160,11,2043.587297
160,11,2043.587297
160,11,2043.587297
160,11,2043.587297
160,11,2043.587297
160,12,2022.536380
160,12,2022.536380
160,12,2022.536380
160,12,2022.536380
160,12,2022.536380
160,12,2022.536380
160,12,2022.536380
160,12,2022.536380
160,12,2022.536380
160,12,2022.536380
160,12,2022.536380
160,12,2022.536380
160,12,2022.536380
160,12,2022.536380
160,12,2022.536380
160,12,2022.536380
160,12,2022.536380
160,12,2022.536380
160,12,2022.536380
160,12,2022.536380
160,13,2017.585901
160,13,2017.585901
160,13,2017.585901
160,13,2017.585901
160,13,2017.585901
160,13,2017.585901
160,13,2017.585901
160,16,2017.221330
160,16,2017.221330
160,16,2017.221330
160,16,2017.221330
160,16,2017.221330
160,16,2017.221330
160,16,2017.221330
160,16,2017.221330
160,16,2017.221330
160,16,2017.221330
160,16,2017.221330
160,16,2017.221330
160,16,2017.221330
160,16,2017.221330
160,16,2017.221330
160,16,2017.221330
160,16,2017.221330
160,16,2017.221330
160,16,2017.221330
160,16,2017.221330
160,16,2017.221330
160,16,2017.221330
160,16,2017.221330
160,16,2017.221330
160,16,2017.221330
160,16,2017.221330
160,16,2017.221330
160,16,2017.221330
160,16,2017.221330
160,16,2017.221330
160,16,2017.221330
160,16,2017.221330
160,16,2017.221330
160,16,2017.221330
160,16,2017.221330
160,16,2017.221330
160,16,2017.221330
160,16,2017.221330
161,7,2181.117886
161,7,2181.117886
161,7,2181.117886
161,7,2181.117886
161,7,2181.117886
161,7,2181.117886
161,7,2181.117886
161,7,2181.117886
161,7,2181.117886
161,7,2181.117886
161,8,2123.915319
161,8,2123.915319
161,8,2123.915319
161,8,2123.915319
161,8,2123.915319
161,8,2123.915319
161,8,2123.915319
161,9,2069.796231
161,9,2069.796231
161,9,2069.796231
161,9,2069.796231
161,9,2069.796231
161,9,2069.796231
161,9,2069.796231
161,10,2044.935242
161,10,2044.935242
161,10,2044.935242
161,11,2043.587297
161,11,2043.587297
161,11,2043.587297
161,11,2043.587297
161,11,2043.587297
161,11,2043.587297
161,11,2043.587297
161,12,2022.536380
161,12,2022.536380
161,12,2022.536380
161,12,2022.536380
161,12,2022.536380
161,12,2022.536380
161,12,2022.536380
161,12,2022.536380
161,12,2022.536380
161,12,2022.536380
161,12,2022.536380
161,12,2022.536380
161,12,2022.536380
161,12,2022.536380
161,12,2022.536380
161,12,2022.536380
161,12,2022.536380
161,12,2022.536380
161,12,2022.536380
161,12,2022.536380
161,12,2022.536380
161,12,2022.536380
161,13,2017.585901
161,13,2017.585901
161,13,2017.585901
161,13,2017.585901
161,13,2017.585901
161,13,2017.585901
161,13,2017.585901
161,13,2017.585901
161,16,2017.221330
161,16,2017.221330
161,16,2017.221330
161,16,2017.221330
161,16,2017.221330
161,16,2017.221330
161,16,2017.221330
161,16,2017.221330
161,16,2017.221330
161,16,2017.221330
161,16,2017.221330
161,16,2017.221330
161,16,2017.221330
161,16,2017.221330
161,16,2017.221330
161,16,2017.221330
161,16,2017.221330
161,16,2017.221330
161,16,2017.221330
161,16,2017.221330
161,16,2017.221330
161,16,2017.221330
161,16,2017.221330
161,16,2017.221330
161,16,2017.221330
161,16,2017.221330
161,16,2017.221330
161,16,2017.221330
161,16,2017.221330
161,16,2017.221330
161,16,2017.221330
161,16,2017.221330
161,16,2017.221330
161,16,2017.221330
161,16,2017.221330
161,16,2017.221330
161,16,2017.221330
161,16,2017.221330
161,16,2017.221330
162,7,2181.117886
162,7,2181.117886
162,7,2181.117886
162,7,2181.117886
162,7,2181.117886
162,7,2181.117886
162,7,2181.117886
162,7,2181.117886
162,7,2181.117886
162,7,2181.117886
162,7,2181.117886
162,8,2123.915319
162,8,2123.915319
162,8,2123.915319
162,8,2123.915319
162,8,2123.915319
162,8,2123.915319
162,8,2123.915319
162,8,2123.915319
162,9,2059.873151
162,10,2044.935242
162,10,2044.935242
162,10,2044.935242
162,10,2044.935242
162,11,2043.587297
162,11,2043.587297
162,11,2043.587297
162,11,2043.587297
162,11,2043.587297
162,11,2043.587297
162,11,2043.587297
162,11,2043.587297
162,12,2022.536380
162,12,2022.536380
162,12,2022.536380
162,12,2022.536380
162,12,2022.536380
162,12,2022.536380
162,12,2022.536380
162,12,2022.536380
162,12,2022.536380
162,12,2022.536380
162,12,2022.536380
162,12,2022.536380
162,12,2022.536380
162,12,2022.536380
162,12,2022.536380
162,12,2022.536380
162,12,2022.536380
162,12,2022.536380
162,12,2022.536380
162,12,2022.536380
162,12,2022.536380
162,12,2022.536380
162,12,2022.536380
162,12,2022.536380
162,13,2017.585901
162,13,2017.585901
162,13,2017.585901
162,13,2017.585901
162,13,2017.585901
162,13,2017.585901
162,13,2017.585901
162,13,2017.585901
162,13,2017.585901
162,16,2017.221330
162,16,2017.221330
162,16,2017.221330
162,16,2017.221330
162,16,2017.221330
162,16,2017.221330
162,16,2017.221330
162,16,2017.221330
162,16,2017.221330
162,16,2017.221330
162,16,2017.221330
162,16,2017.221330
162,16,2017.221330
162,16,2017.221330
162,16,2017.221330
162,16,2017.221330
162,16,2017.221330
162,16,2017.221330
162,16,2017.221330
162,16,2017.221330
162,16,2017.221330
162,16,2017.221330
162,16,2017.221330
162,16,2017.221330
162,16,2017.221330
162,16,2017.221330
162,16,2017.221330
162,16,2017.221330
162,16,2017.221330
162,16,2017.221330
162,16,2017.221330
162,16,2017.221330
162,16,2017.221330
162,16,2017.221330
162,16,2017.221330
162,16,2017.221330
162,16,2017.221330
162,16,2017.221330
162,16,2017.221330
162,16,2017.221330
163,7,2179.239406
163,8,2123.915319
163,8,2123.915319
163,8,2123.915319
163,8,2123.915319
163,8,2123.915319
163,8,2123.915319
163,8,2123.915319
163,8,2123.915319
163,8,2123.915319
163,9,2059.873151
163,9,2059.873151
163,9,2059.873151
163,10,2044.935242
163,10,2044.935242
163,10,2044.935242
163,10,2044.935242
163,10,2044.935242
163,11,2040.648729
163,12,2022.536380
163,12,2022.536380
163,12,2022.536380
163,12,2022.536380
163,12,2022.536380
163,12,2022.536380
163,12,2022.536380
163,12,2022.536380
163,12,2022.536380
163,12,2022.536380
163,12,2022.536380
163,12,2022.536380
163,12,2022.536380
163,12,2022.536380
163,12,2022.536380
163,12,2022.536380
163,12,2022.536380
163,12,2022.536380
163,12,2022.536380
163,12,2022.536380
163,12,2022.536380
163,12,2022.536380
163,12,2022.536380
163,12,2022.536380
163,12,2022.536380
163,12,2022.536380
163,13,2008.578957
163,15,2007.919025
163,16,2007.274190
164,7,2179.239406
164,7,2179.239406
164,8,2123.915319
164,8,2123.915319
164,8,2123.915319
164,8,2123.915319
164,8,2123.915319
164,8,2123.915319
164,8,2123.915319
164,8,2123.915319
164,8,2123.915319
164,8,2123.915319
164,9,2059.873151
164,9,2059.873151
164,9,2059.873151
164,9,2059.873151
164,9,2059.873151
164,10,2044.935242
164,10,2044.935242
164,10,2044.935242
164,10,2044.935242
164,10,2044.935242
164,10,2044.935242
164,11,2040.648729
164,11,2040.648729
164,12,2017.309123
164,13,2008.578957
164,13,2008.578957
164,15,2007.919025
164,15,2007.919025
164,15,2007.919025
164,16,2007.274190
164,16,2007.274190
165,7,2179.239406
165,7,2179.239406
165,7,2179.239406
165,8,2123.915319
165,8,2123.915319
165,8,2123.915319
165,8,2123.915319
165,8,2123.915319
165,8,2123.915319
165,8,2123.915319
165,8,2123.915319
165,8,2123.915319
165,8,2123.915319
165,8,2123.915319
165,9,2059.873151
165,9,2059.873151
165,9,2059.873151
165,9,2059.873151
165,9,2059.873151
165,9,2059.873151
165,9,2059.873151
165,10,2044.935242
165,10,2044.935242
165,10,2044.935242
165,10,2044.935242
165,10,2044.935242
165,10,2044.935242
165,10,2044.935242
165,11,2034.606577
165,12,2017.309123
165,12,2017.309123
165,13,2008.578957
165,13,2008.578957
165,13,2008.578957
165,15,2007.919025
165,15,2007.919025
165,15,2007.919025
165,15,2007.919025
165,15,2007.919025
165,16,2007.274190
165,16,2007.274190
165,16,2007.274190
166,7,2179.239406
166,7,2179.239406
166,7,2179.239406
166,7,2179.239406
166,8,2123.915319
166,8,2123.915319
166,8,2123.915319
166,8,2123.915319
166,8,2123.915319
166,8,2123.915319
166,8,2123.915319
166,8,2123.915319
166,8,2123.915319
166,8,2123.915319
166,8,2123.915319
166,8,2123.915319
166,9,2059.873151
166,9,2059.873151
166,9,2059.873151
166,9,2059.873151
166,9,2059.873151
166,9,2059.873151
166,9,2059.873151
166,9,2059.873151
166,9,2059.873151
166,10,2044.935242
166,10,2044.935242
166,10,2044.935242
166,10,2044.935242
166,10,2044.935242
166,10,2044.935242
166,10,2044.935242
166,10,2044.935242
166,11,2034.606577
166,11,2034.606577
166,12,2017.309123
166,12,2017.309123
166,12,2017.309123
166,13,2008.578957
166,13,2008.578957
166,13,2008.578957
166,13,2008.578957
166,15,2007.919025
166,15,2007.919025
166,15,2007.919025
166,15,2007.919025
166,15,2007.919025
166,15,2007.919025
166,15,2007.919025
166,16,2007.274190
166,16,2007.274190
166,16,2007.274190
166,16,2007.274190
167,7,2179.239406
167,7,2179.239406
167,7,2179.239406
167,7,2179.239406
167,7,2179.239406
167,8,2123.915319
167,8,2123.915319
167,8,2123.915319
167,8,2123.915319
167,8,2123.915319
167,8,2123.915319
167,8,2123.915319
167,8,2123.915319
167,8,2123.915319
167,8,2123.915319
167,8,2123.915319
167,8,2123.915319
167,8,2123.915319
167,9,2059.873151
167,9,2059.873151
167,9,2059.873151
167,9,2059.873151
167,9,2059.873151
167,9,2059.873151
167,9,2059.873151
167,9,2059.873151
167,9,2059.873151
167,9,2059.873151
167,9,2059.873151
167,10,2039.579969
167,11,2034.606577
167,11,2034.606577
167,11,2034.606577
167,12,2017.309123
167,12,2017.309123
167,12,2017.309123
167,12,2017.309123
167,13,2008.578957
167,13,2008.578957
167,13,2008.578957
167,13,2008.578957
167,13,2008.578957
167,15,2007.919025
167,15,2007.919025
167,15,2007.919025
167,15,2007.919025
167,15,2007.919025
167,15,2007.919025
167,15,2007.919025
167,15,2007.919025
167,15,2007.919025
167,16,2007.274190
167,16,2007.274190
167,16,2007.274190
167,16,2007.274190
167,16,2007.274190
168,7,2179.239406
168,7,2179.239406
168,7,2179.239406
168,7,2179.239406
168,7,2179.239406
168,7,2179.239406
168,8,2123.915319
168,8,2123.915319
168,8,2123.915319
168,8,2123.915319
168,8,2123.915319
168,8,2123.915319
168,8,2123.915319
168,8,2123.915319
168,8,2123.915319
168,8,2123.915319
168,8,2123.915319
168,8,2123.915319
168,8,2123.915319
168,8,2123.915319
168,9,2042.872592
168,10,2039.579969
168,10,2039.579969
168,11,2034.606577
168,11,2034.606577
168,11,2034.606577
168,11,2034.606577
168,12,2017.309123
168,12,2017.309123
168,12,2017.309123
168,12,2017.309123
168,12,2017.309123
168,13,2008.578957
168,13,2008.578957
168,13,2008.578957
168,13,2008.578957
168,13,2008.578957
168,13,2008.578957
168,15,2007.919025
168,15,2007.919025
168,15,2007.919025
168,15,2007.919025
168,15,2007.919025
168,15,2007.919025
168,15,2007.919025
168,15,2007.919025
168,15,2007.919025
168,15,2007.919025
168,15,2007.919025
168,16,2007.274190
168,16,2007.274190
168,16,2007.274190
168,16,2007.274190
168,16,2007.274190
168,16,2007.274190
168,16,2007.274190
169,7,2179.239406
169,7,2179.239406
169,7,2179.239406
169,7,2179.239406
169,7,2179.239406
169,7,2179.239406
169,7,2179.239406
169,8,2116.621202
169,9,2042.872592
169,9,2042.872592
169,10,2039.579969
169,10,2039.579969
169,10,2039.579969
169,11,2034.606577
169,11,2034.606577
169,11,2034.606577
169,11,2034.606577
169,11,2034.606577
169,12,2017.309123
169,12,2017.309123
169,12,2017.309123
169,12,2017.309123
169,12,2017.309123
169,12,2017.309123
169,13,2008.578957
169,13,2008.578957
169,13,2008.578957
169,13,2008.578957
169,13,2008.578957
169,13,2008.578957
169,13,2008.578957
169,15,2007.919025
169,15,2007.919025
169,15,2007.919025
169,15,2007.919025
169,15,2007.919025
169,15,2007.919025
169,15,2007.919025
169,15,2007.919025
169,15,2007.919025
169,15,2007.919025
169,15,2007.919025
169,15,2007.919025
169,15,2007.919025
169,16,2007.274190
169,16,2007.274190
169,16,2007.274190
169,16,2007.274190
169,16,2007.274190
169,16,2007.274190
169,16,2007.274190
169,16,2007.274190
169,16,2007.274190
170,7,2179.239406
170,7,2179.239406
170,7,2179.239406
170,7,2179.239406
170,7,2179.239406
170,7,2179.239406
170,7,2179.239406
170,7,2179.239406
170,8,2105.231591
170,9,2042.872592
170,9,2042.872592
170,9,2042.872592
170,10,2039.579969
170,10,2039.579969
170,10,2039.579969
170,10,2039.579969
170,11,2021.707833
170,12,2016.854988
170,13,2008.578957
170,13,2008.578957
170,13,2008.578957
170,13,2008.578957
170,13,2008.578957
170,13,2008.578957
170,13,2008.578957
170,13,2008.578957
170,14,2007.631195
170,16,2007.274190
170,16,2007.274190
170,16,2007.274190
170,16,2007.274190
170,16,2007.274190
170,16,2007.274190
170,16,2007.274190
170,16,2007.274190
170,16,2007.274190
170,16,2007.274190
170,16,2007.274190
171,7,2178.002994
171,8,2105.231591
171,8,2105.231591
171,9,2042.872592
171,9,2042.872592
171,9,2042.872592
171,9,2042.872592
171,10,2039.579969
171,10,2039.579969
171,10,2039.579969
171,10,2039.579969
171,10,2039.579969
171,11,2021.707833
171,11,2021.707833
171,12,2016.854988
171,12,2016.854988
171,13,2008.578957
171,13,2008.578957
171,13,2008.578957
171,13,2008.578957
171,13,2008.578957
171,13,2008.578957
171,13,2008.578957
171,13,2008.578957
171,13,2008.578957
171,14,2007.631195
171,14,2007.631195
171,16,2007.274190
171,16,2007.274190
171,16,2007.274190
171,16,2007.274190
171,16,2007.274190
171,16,2007.274190
171,16,2007.274190
171,16,2007.274190
171,16,2007.274190
171,16,2007.274190
171,16,2007.274190
171,16,2007.274190
171,16,2007.274190
171,16,2007.274190
172,7,2178.002994
172,7,2178.002994
172,8,2105.231591
172,8,2105.231591
172,8,2105.231591
172,9,2042.872592
172,9,2042.872592
172,9,2042.872592
172,9,2042.872592
172,9,2042.872592
172,10,2039.579969
172,10,2039.579969
172,10,2039.579969
172,10,2039.579969
172,10,2039.579969
172,10,2039.579969
172,11,2021.707833
172,11,2021.707833
172,11,2021.707833
172,12,2016.854988
172,12,2016.854988
172,12,2016.854988
172,13,2007.655634
172,14,2007.631195
172,14,2007.631195
172,14,2007.631195
172,16,2000.095615
173,7,2174.351017
173,8,2105.231591
173,8,2105.231591
173,8,2105.231591
173,8,2105.231591
173,9,2042.872592
173,9,2042.872592
173,9,2042.872592
173,9,2042.872592
173,9,2042.872592
173,9,2042.872592
173,10,2039.579969
173,10,2039.579969
173,10,2039.579969
173,10,2039.579969
173,10,2039.579969
173,10,2039.579969
173,10,2039.579969
173,11,2021.707833
173,11,2021.707833
173,11,2021.707833
173,11,2021.707833
173,12,2016.854988
173,12,2016.854988
173,12,2016.854988
173,12,2016.854988
173,13,2007.655634
173,13,2007.655634
173,14,1998.053591
173,15,1983.956872
174,7,2159.361126
174,8,2105.231591
174,8,2105.231591
174,8,2105.231591
174,8,2105.231591
174,8,2105.231591
174,9,2042.872592
174,9,2042.872592
174,9,2042.872592
174,9,2042.872592
174,9,2042.872592
174,9,2042.872592
174,9,2042.872592
174,10,2039.579969
174,10,2039.579969
174,10,2039.579969
174,10,2039.579969
174,10,2039.579969
174,10,2039.579969
174,10,2039.579969
174,10,2039.579969
174,11,2021.707833
174,11,2021.707833
174,11,2021.707833
174,11,2021.707833
174,11,2021.707833
174,12,2014.991353
174,13,2007.655634
174,13,2007.655634
174,13,2007.655634
174,14,1998.053591
174,14,1998.053591
174,15,1983.956872
174,15,1983.956872
175,7,2159.361126
175,7,2159.361126
175,8,2105.231591
175,8,2105.231591
175,8,2105.231591
175,8,2105.231591
175,8,2105.231591
175,8,2105.231591
175,9,2042.872592
175,9,2042.872592
175,9,2042.872592
175,9,2042.872592
175,9,2042.872592
175,9,2042.872592
175,9,2042.872592
175,9,2042.872592
175,10,2039.579969
175,10,2039.579969
175,10,2039.579969
175,10,2039.579969
175,10,2039.579969
175,10,2039.579969
175,10,2039.579969
175,10,2039.579969
175,10,2039.579969
175,11,2021.707833
175,11,2021.707833
175,11,2021.707833
175,11,2021.707833
175,11,2021.707833
175,11,2021.707833
175,12,2014.991353
175,12,2014.991353
175,13,2003.943129
175,14,1998.053591
175,14,1998.053591
175,14,1998.053591
175,14,1998.053591
175,15,1983.956872
175,15,1983.956872
175,15,1983.956872
176,7,2159.361126
176,7,2159.361126
176,7,2159.361126
176,8,2105.231591
176,8,2105.231591
176,8,2105.231591
176,8,2105.231591
176,8,2105.231591
176,8,2105.231591
176,8,2105.231591
176,9,2042.872592
176,9,2042.872592
176,9,2042.872592
176,9,2042.872592
176,9,2042.872592
176,9,2042.872592
176,9,2042.872592
176,9,2042.872592
176,9,2042.872592
176,10,2039.579969
176,10,2039.579969
176,10,2039.579969
176,10,2039.579969
176,10,2039.579969
176,10,2039.579969
176,10,2039.579969
176,10,2039.579969
176,10,2039.579969
176,10,2039.579969
176,11,2021.707833
176,11,2021.707833
176,11,2021.707833
176,11,2021.707833
176,11,2021.707833
176,11,2021.707833
176,11,2021.707833
176,12,2009.920066
176,13,2003.943129
176,13,2003.943129
176,14,1998.053591
176,14,1998.053591
176,14,1998.053591
176,14,1998.053591
176,14,1998.053591
176,14,1998.053591
176,15,1983.956872
176,15,1983.956872
176,15,1983.956872
176,15,1983.956872
177,7,2159.361126
177,7,2159.361126
177,7,2159.361126
177,7,2159.361126
177,8,2105.231591
177,8,2105.231591
177,8,2105.231591
177,8,2105.231591
177,8,2105.231591
177,8,2105.231591
177,8,2105.231591
177,8,2105.231591
177,9,2042.872592
177,9,2042.872592
177,9,2042.872592
177,9,2042.872592
177,9,2042.872592
177,9,2042.872592
177,9,2042.872592
177,9,2042.872592
177,9,2042.872592
177,9,2042.872592
177,10,2039.579969
177,10,2039.579969
177,10,2039.579969
177,10,2039.579969
177,10,2039.579969
177,10,2039.579969
177,10,2039.579969
177,10,2039.579969
177,10,2039.579969
177,10,2039.579969
177,10,2039.579969
177,11,2011.622897
177,12,2009.920066
177,12,2009.920066
177,13,2003.943129
177,13,2003.943129
177,13,2003.943129
177,14,1998.053591
177,14,1998.053591
177,14,1998.053591
177,14,1998.053591
177,14,1998.053591
177,14,1998.053591
177,14,1998.053591
177,14,1998.053591
177,15,1983.956872
177,15,1983.956872
177,15,1983.956872
177,15,1983.956872
177,15,1983.956872
178,7,2155.709244
178,8,2105.231591
178,8,2105.231591
178,8,2105.231591
178,8,2105.231591
178,8,2105.231591
178,8,2105.231591
178,8,2105.231591
178,8,2105.231591
178,8,2105.231591
178,9,2042.872592
178,9,2042.872592
178,9,2042.872592
178,9,2042.872592
178,9,2042.872592
178,9,2042.872592
178,9,2042.872592
178,9,2042.872592
178,9,2042.872592
178,9,2042.872592
178,9,2042.872592
178,10,2039.579969
178,10,2039.579969
178,10,2039.579969
178,10,2039.579969
178,10,2039.579969
178,10,2039.579969
178,10,2039.579969
178,10,2039.579969
178,10,2039.579969
178,10,2039.579969
178,10,2039.579969
178,10,2039.579969
178,11,2011.622897
178,11,2011.622897
178,12,2009.719773
178,13,2003.943129
178,13,2003.943129
178,13,2003.943129
178,13,2003.943129
178,13,2003.943129
178,14,1985.687277
178,15,1983.956872
178,15,1983.956872
178,15,1983.956872
178,15,1983.956872
178,15,1983.956872
178,15,1983.956872
179,7,2146.509873
179,8,2083.564513
179,9,2042.872592
179,9,2042.872592
179,9,2042.872592
179,9,2042.872592
179,9,2042.872592
179,9,2042.872592
179,9,2042.872592
179,9,2042.872592
179,9,2042.872592
179,9,2042.872592
179,9,2042.872592
179,9,2042.872592
179,10,2039.579969
179,10,2039.579969
179,10,2039.579969
179,10,2039.579969
179,10,2039.579969
179,10,2039.579969
179,10,2039.579969
179,10,2039.579969
179,10,2039.579969
179,10,2039.579969
179,10,2039.579969
179,10,2039.579969
179,10,2039.579969
179,11,2011.622897
179,11,2011.622897
179,11,2011.622897
179,12,2009.719773
179,12,2009.719773
179,13,2003.943129
179,13,2003.943129
179,13,2003.943129
179,13,2003.943129
179,13,2003.943129
179,13,2003.943129
179,13,2003.943129
179,14,1985.687277
179,14,1985.687277
179,15,1983.956872
179,15,1983.956872
179,15,1983.956872
179,15,1983.956872
179,15,1983.956872
179,15,1983.956872
179,15,1983.956872
180,7,2146.509873
180,7,2146.509873
180,8,2083.564513
180,8,2083.564513
180,9,2040.923850
180,10,2039.579969
180,10,2039.579969
180,10,2039.579969
180,10,2039.579969
180,10,2039.579969
180,10,2039.579969
180,10,2039.579969
180,10,2039.579969
180,10,2039.579969
180,10,2039.579969
180,10,2039.579969
180,10,2039.579969
180,10,2039.579969
180,10,2039.579969
180,11,2011.622897
180,11,2011.622897
180,11,2011.622897
180,11,2011.622897
180,12,2009.719773
180,12,2009.719773
180,12,2009.719773
180,13,2003.943129
180,13,2003.943129
180,13,2003.943129
180,13,2003.943129
180,13,2003.943129
180,13,2003.943129
180,13,2003.943129
180,13,2003.943129
180,13,2003.943129
180,14,1985.687277
180,14,1985.687277
180,14,1985.687277
180,15,1983.956872
180,15,1983.956872
180,15,1983.956872
180,15,1983.956872
180,15,1983.956872
180,15,1983.956872
180,15,1983.956872
180,15,1983.956872
181,7,2146.509873
181,7,2146.509873
181,7,2146.509873
181,8,2083.564513
181,8,2083.564513
181,8,2083.564513
181,9,2040.923850
181,9,2040.923850
181,10,2039.579969
181,10,2039.579969
181,10,2039.579969
181,10,2039.579969
181,10,2039.579969
181,10,2039.579969
181,10,2039.579969
181,10,2039.579969
181,10,2039.579969
181,10,2039.579969
181,10,2039.579969
181,10,2039.579969
181,10,2039.579969
181,10,2039.579969
181,10,2039.579969
181,11,2011.622897
181,11,2011.622897
181,11,2011.622897
181,11,2011.622897
181,11,2011.622897
181,12,2009.719773
181,12,2009.719773
181,12,2009.719773
181,12,2009.719773
181,13,1981.086476
181,14,1954.892660
182,7,2126.883580
182,8,2083.564513
182,8,2083.564513
182,8,2083.564513
182,8,2083.564513
182,9,2040.923850
182,9,2040.923850
182,9,2040.923850
182,10,2036.209722
182,11,2011.622897
182,11,2011.622897
182,11,2011.622897
182,11,2011.622897
182,11,2011.622897
182,11,2011.622897
182,12,2009.719773
182,12,2009.719773
182,12,2009.719773
182,12,2009.719773
182,12,2009.719773
182,13,1981.086476
182,13,1981.086476
182,14,1954.892660
182,14,1954.892660
183,7,2126.883580
183,7,2126.883580
183,8,2083.564513
183,8,2083.564513
183,8,2083.564513
183,8,2083.564513
183,8,2083.564513
183,9,2040.923850
183,9,2040.923850
183,9,2040.923850
183,9,2040.923850
183,10,2036.209722
183,10,2036.209722
183,11,2011.622897
183,11,2011.622897
183,11,2011.622897
183,11,2011.622897
183,11,2011.622897
183,11,2011.622897
183,11,2011.622897
183,12,2002.981044
183,13,1981.086476
183,13,1981.086476
183,13,1981.086476
183,14,1954.892660
183,14,1954.892660
183,14,1954.892660
184,7,2126.883580
184,7,2126.883580
184,7,2126.883580
184,8,2082.554494
184,9,2040.923850
184,9,2040.923850
184,9,2040.923850
184,9,2040.923850
184,9,2040.923850
184,10,2036.209722
184,10,2036.209722
184,10,2036.209722
184,11,2011.622897
184,11,2011.622897
184,11,2011.622897
184,11,2011.622897
184,11,2011.622897
184,11,2011.622897
184,11,2011.622897
184,11,2011.622897
184,12,2002.981044
184,12,2002.981044
184,13,1981.086476
184,13,1981.086476
184,13,1981.086476
184,13,1981.086476
184,14,1954.892660
184,14,1954.892660
184,14,1954.892660
184,14,1954.892660
185,7,2126.883580
185,7,2126.883580
185,7,2126.883580
185,7,2126.883580
185,8,2082.554494
185,8,2082.554494
185,9,2040.923850
185,9,2040.923850
185,9,2040.923850
185,9,2040.923850
185,9,2040.923850
185,9,2040.923850
185,10,2036.209722
185,10,2036.209722
185,10,2036.209722
185,10,2036.209722
185,11,2011.622897
185,11,2011.622897
185,11,2011.622897
185,11,2011.622897
185,11,2011.622897
185,11,2011.622897
185,11,2011.622897
185,11,2011.622897
185,11,2011.622897
185,12,1968.853742
185,14,1954.892660
185,14,1954.892660
185,14,1954.892660
185,14,1954.892660
185,14,1954.892660
186,7,2126.883580
186,7,2126.883580
186,7,2126.883580
186,7,2126.883580
186,7,2126.883580
186,8,2070.580168
186,9,2040.923850
186,9,2040.923850
186,9,2040.923850
186,9,2040.923850
186,9,2040.923850
186,9,2040.923850
186,9,2040.923850
186,10,2018.290797
186,11,2011.622897
186,11,2011.622897
186,11,2011.622897
186,11,2011.622897
186,11,2011.622897
186,11,2011.622897
186,11,2011.622897
186,11,2011.622897
186,11,2011.622897
186,11,2011.622897
186,12,1968.853742
186,12,1968.853742
186,14,1954.892660
186,14,1954.892660
186,14,1954.892660
186,14,1954.892660
186,14,1954.892660
186,14,1954.892660
187,7,2126.883580
187,7,2126.883580
187,7,2126.883580
187,7,2126.883580
187,7,2126.883580
187,7,2126.883580
187,8,2070.580168
187,8,2070.580168
187,9,2003.207086
187,12,1968.853742
187,12,1968.853742
187,12,1968.853742
187,14,1954.892660
187,14,1954.892660
187,14,1954.892660
187,14,1954.892660
187,14,1954.892660
187,14,1954.892660
187,14,1954.892660
188,7,2126.883580
188,7,2126.883580
188,7,2126.883580
188,7,2126.883580
188,7,2126.883580
188,7,2126.883580
188,7,2126.883580
188,8,2068.478323
188,9,2003.207086
188,9,2003.207086
188,12,1968.853742
188,12,1968.853742
188,12,1968.853742
188,12,1968.853742
188,14,1954.892660
188,14,1954.892660
188,14,1954.892660
188,14,1954.892660
188,14,1954.892660
188,14,1954.892660
188,14,1954.892660
188,14,1954.892660
189,7,2126.883580
189,7,2126.883580
189,7,2126.883580
189,7,2126.883580
189,7,2126.883580
189,7,2126.883580
189,7,2126.883580
189,7,2126.883580
189,8,2068.478323
189,8,2068.478323
189,8,2068.478323
189,9,2003.207086
189,9,2003.207086
189,9,2003.207086
189,12,1968.853742
189,12,1968.853742
189,12,1968.853742
189,12,1968.853742
189,12,1968.853742
189,14,1954.892660
189,14,1954.892660
189,14,1954.892660
189,14,1954.892660
189,14,1954.892660
189,14,1954.892660
189,14,1954.892660
189,14,1954.892660
189,14,1954.892660
190,7,2126.883580
190,7,2126.883580
190,7,2126.883580
190,7,2126.883580
190,7,2126.883580
190,7,2126.883580
190,7,2126.883580
190,7,2126.883580
190,7,2126.883580
190,8,2068.478323
190,8,2068.478323
190,8,2068.478323
190,8,2068.478323
190,8,2068.478323
190,9,2003.207086
190,9,2003.207086
190,9,2003.207086
190,9,2003.207086
190,10,1993.231969
190,12,1968.853742
190,12,1968.853742
190,12,1968.853742
190,12,1968.853742
190,12,1968.853742
190,12,1968.853742
190,14,1954.892660
190,14,1954.892660
190,14,1954.892660
190,14,1954.892660
190,14,1954.892660
190,14,1954.892660
190,14,1954.892660
190,14,1954.892660
190,14,1954.892660
190,14,1954.892660
191,7,2126.883580
191,7,2126.883580
191,7,2126.883580
191,7,2126.883580
191,7,2126.883580
191,7,2126.883580
191,7,2126.883580
191,7,2126.883580
191,7,2126.883580
191,7,2126.883580
191,8,2068.478323
191,8,2068.478323
191,8,2068.478323
191,8,2068.478323
191,8,2068.478323
191,8,2068.478323
191,8,2068.478323
191,9,2003.207086
191,9,2003.207086
191,9,2003.207086
191,9,2003.207086
191,9,2003.207086
191,10,1993.231969
191,10,1993.231969
191,12,1968.853742
191,12,1968.853742
191,12,1968.853742
191,12,1968.853742
191,12,1968.853742
191,12,1968.853742
191,12,1968.853742
191,14,1954.892660
191,14,1954.892660
191,14,1954.892660
191,14,1954.892660
191,14,1954.892660
191,14,1954.892660
191,14,1954.892660
191,14,1954.892660
191,14,1954.892660
191,14,1954.892660
191,14,1954.892660
192,7,2120.367158
192,8,2068.478323
192,8,2068.478323
192,8,2068.478323
192,8,2068.478323
192,8,2068.478323
192,8,2068.478323
192,8,2068.478323
192,8,2068.478323
192,8,2068.478323
192,9,2003.207086
192,9,2003.207086
192,9,2003.207086
192,9,2003.207086
192,9,2003.207086
192,9,2003.207086
192,10,1993.231969
192,10,1993.231969
192,10,1993.231969
192,12,1968.853742
192,12,1968.853742
192,12,1968.853742
192,12,1968.853742
192,12,1968.853742
192,12,1968.853742
192,12,1968.853742
192,12,1968.853742
192,13,1968.807555
192,14,1954.892660
192,14,1954.892660
192,14,1954.892660
192,14,1954.892660
192,14,1954.892660
192,14,1954.892660
192,14,1954.892660
192,14,1954.892660
192,14,1954.892660
192,14,1954.892660
192,14,1954.892660
192,14,1954.892660
193,7,2120.367158
193,7,2120.367158
193,8,2068.478323
193,8,2068.478323
193,8,2068.478323
193,8,2068.478323
193,8,2068.478323
193,8,2068.478323
193,8,2068.478323
193,8,2068.478323
193,8,2068.478323
193,8,2068.478323
193,8,2068.478323
193,9,2003.207086
193,9,2003.207086
193,9,2003.207086
193,9,2003.207086
193,9,2003.207086
193,9,2003.207086
193,9,2003.207086
193,9,2003.207086
193,10,1993.231969
193,10,1993.231969
193,10,1993.231969
193,10,1993.231969
193,12,1968.853742
193,12,1968.853742
193,12,1968.853742
193,12,1968.853742
193,12,1968.853742
193,12,1968.853742
193,12,1968.853742
193,12,1968.853742
193,12,1968.853742
193,13,1967.440767
193,14,1954.892660
193,14,1954.892660
193,14,1954.892660
193,14,1954.892660
193,14,1954.892660
193,14,1954.892660
193,14,1954.892660
193,14,1954.892660
193,14,1954.892660
193,14,1954.892660
193,14,1954.892660
193,14,1954.892660
193,14,1954.892660
194,7,2120.367158
194,7,2120.367158
194,7,2120.367158
194,8,2062.236130
194,9,2003.207086
194,9,2003.207086
194,9,2003.207086
194,9,2003.207086
194,9,2003.207086
194,9,2003.207086
194,9,2003.207086
194,9,2003.207086
194,9,2003.207086
194,9,2003.207086
194,10,1993.231969
194,10,1993.231969
194,10,1993.231969
194,10,1993.231969
194,10,1993.231969
194,12,1968.853742
194,12,1968.853742
194,12,1968.853742
194,12,1968.853742
194,12,1968.853742
194,12,1968.853742
194,12,1968.853742
194,12,1968.853742
194,12,1968.853742
194,12,1968.853742
194,13,1967.440767
194,13,1967.440767
194,14,1954.892660
194,14,1954.892660
194,14,1954.892660
194,14,1954.892660
194,14,1954.892660
194,14,1954.892660
194,14,1954.892660
194,14,1954.892660
194,14,1954.892660
194,14,1954.892660
194,14,1954.892660
194,14,1954.892660
194,14,1954.892660
194,14,1954.892660
195,7,2120.367158
195,7,2120.367158
195,7,2120.367158
195,7,2120.367158
195,8,2062.236130
195,8,2062.236130
195,9,2003.207086
195,9,2003.207086
195,9,2003.207086
195,9,2003.207086
195,9,2003.207086
195,9,2003.207086
195,9,2003.207086
195,9,2003.207086
195,9,2003.207086
195,9,2003.207086
195,9,2003.207086
195,9,2003.207086
195,10,1993.231969
195,10,1993.231969
195,10,1993.231969
195,10,1993.231969
195,10,1993.231969
195,10,1993.231969
195,12,1968.853742
195,12,1968.853742
195,12,1968.853742
195,12,1968.853742
195,12,1968.853742
195,12,1968.853742
195,12,1968.853742
195,12,1968.853742
195,12,1968.853742
195,12,1968.853742
195,12,1968.853742
195,13,1963.573666
195,14,1954.808042
196,7,2120.367158
196,7,2120.367158
196,7,2120.367158
196,7,2120.367158
196,7,2120.367158
196,8,2059.832329
196,9,2002.499741
196,10,1993.231969
196,10,1993.231969
196,10,1993.231969
196,10,1993.231969
196,10,1993.231969
196,10,1993.231969
196,10,1993.231969
196,12,1968.853742
196,12,1968.853742
196,12,1968.853742
196,12,1968.853742
196,12,1968.853742
196,12,1968.853742
196,12,1968.853742
196,12,1968.853742
196,12,1968.853742
196,12,1968.853742
196,12,1968.853742
196,12,1968.853742
196,13,1963.573666
196,13,1963.573666
196,14,1954.808042
196,14,1954.808042
197,7,2120.367158
197,7,2120.367158
197,7,2120.367158
197,7,2120.367158
197,7,2120.367158
197,7,2120.367158
197,8,2059.832329
197,8,2059.832329
197,9,2002.499741
197,9,2002.499741
197,10,1993.231969
197,10,1993.231969
197,10,1993.231969
197,10,1993.231969
197,10,1993.231969
197,10,1993.231969
197,10,1993.231969
197,10,1993.231969
197,11,1966.337494
197,13,1958.066824
197,14,1954.808042
197,14,1954.808042
197,14,1954.808042
198,7,2096.468396
198,8,2059.832329
198,8,2059.832329
198,8,2059.832329
198,9,1985.571041
198,11,1966.337494
198,11,1966.337494
198,13,1958.066824
198,13,1958.066824
198,14,1954.808042
198,14,1954.808042
198,14,1954.808042
198,14,1954.808042
198,15,1947.426880
199,7,2096.468396
199,7,2096.468396
199,8,2059.832329
199,8,2059.832329
199,8,2059.832329
199,8,2059.832329
199,9,1985.571041
199,9,1985.571041
199,11,1966.337494
199,11,1966.337494
199,11,1966.337494
199,13,1953.033731
199,15,1947.426880
199,15,1947.426880
200,7,2096.468396
200,7,2096.468396
200,7,2096.468396
200,8,2059.832329
200,8,2059.832329
200,8,2059.832329
200,8,2059.832329
200,8,2059.832329
200,9,1985.571041
200,9,1985.571041
200,9,1985.571041
200,11,1966.337494
200,11,1966.337494
200,11,1966.337494
200,11,1966.337494
200,13,1953.033731
200,13,1953.033731
200,15,1947.426880
200,15,1947.426880
200,15,1947.426880
201,7,2096.468396
201,7,2096.468396
201,7,2096.468396
201,7,2096.468396
201,8,2055.741448
201,9,1985.571041
201,9,1985.571041
201,9,1985.571041
201,9,1985.571041
201,11,1966.337494
201,11,1966.337494
201,11,1966.337494
201,11,1966.337494
201,11,1966.337494
201,13,1953.033731
201,13,1953.033731
201,13,1953.033731
201,15,1947.426880
201,15,1947.426880
201,15,1947.426880
201,15,1947.426880
202,7,2096.468396
202,7,2096.468396
202,7,2096.468396
202,7,2096.468396
202,7,2096.468396
202,8,2038.758765
202,9,1980.229375
202,11,1966.337494
202,11,1966.337494
202,11,1966.337494
202,11,1966.337494
202,11,1966.337494
202,11,1966.337494
202,13,1953.033731
202,13,1953.033731
202,13,1953.033731
202,13,1953.033731
202,15,1947.426880
202,15,1947.426880
202,15,1947.426880
202,15,1947.426880
202,15,1947.426880
203,7,2096.468396
203,7,2096.468396
203,7,2096.468396
203,7,2096.468396
203,7,2096.468396
203,7,2096.468396
203,8,2038.758765
203,8,2038.758765
203,9,1980.229375
203,9,1980.229375
203,10,1972.926964
203,11,1966.337494
203,11,1966.337494
203,11,1966.337494
203,11,1966.337494
203,11,1966.337494
203,11,1966.337494
203,11,1966.337494
203,12,1965.352399
203,13,1953.033731
203,13,1953.033731
203,13,1953.033731
203,13,1953.033731
203,13,1953.033731
203,15,1947.426880
203,15,1947.426880
203,15,1947.426880
203,15,1947.426880
203,15,1947.426880
203,15,1947.426880
204,7,2096.468396
204,7,2096.468396
204,7,2096.468396
204,7,2096.468396
204,7,2096.468396
204,7,2096.468396
204,7,2096.468396
204,8,2038.758765
204,8,2038.758765
204,8,2038.758765
204,9,1980.229375
204,9,1980.229375
204,9,1980.229375
204,10,1972.926964
204,10,1972.926964
204,11,1966.337494
204,11,1966.337494
204,11,1966.337494
204,11,1966.337494
204,11,1966.337494
204,11,1966.337494
204,11,1966.337494
204,11,1966.337494
204,12,1965.352399
204,12,1965.352399
204,13,1953.033731
204,13,1953.033731
204,13,1953.033731
204,13,1953.033731
204,13,1953.033731
204,13,1953.033731
204,15,1947.426880
204,15,1947.426880
204,15,1947.426880
204,15,1947.426880
204,15,1947.426880
204,15,1947.426880
204,15,1947.426880
205,7,2096.468396
205,7,2096.468396
205,7,2096.468396
205,7,2096.468396
205,7,2096.468396
205,7,2096.468396
205,7,2096.468396
205,7,2096.468396
205,7,2096.468396
205,8,2038.758765
205,8,2038.758765
205,8,2038.758765
205,8,2038.758765
205,9,1980.229375
205,9,1980.229375
205,9,1980.229375
205,9,1980.229375
205,10,1972.926964
205,10,1972.926964
205,10,1972.926964
205,11,1966.337494
205,11,1966.337494
205,11,1966.337494
205,11,1966.337494
205,11,1966.337494
205,11,1966.337494
205,11,1966.337494
205,11,1966.337494
205,11,1966.337494
205,12,1965.352399
205,12,1965.352399
205,12,1965.352399
205,13,1953.033731
205,13,1953.033731
205,13,1953.033731
205,13,1953.033731
205,13,1953.033731
205,13,1953.033731
205,13,1953.033731
205,15,1947.426880
205,15,1947.426880
205,15,1947.426880
205,15,1947.426880
205,15,1947.426880
205,15,1947.426880
205,15,1947.426880
205,15,1947.426880
205,16,1947.404463
206,7,2095.523139
206,8,2038.758765
206,8,2038.758765
206,8,2038.758765
206,8,2038.758765
206,8,2038.758765
206,9,1980.229375
206,9,1980.229375
206,9,1980.229375
206,9,1980.229375
206,9,1980.229375
206,10,1972.926964
206,10,1972.926964
206,10,1972.926964
206,10,1972.926964
206,11,1966.337494
206,11,1966.337494
206,11,1966.337494
206,11,1966.337494
206,11,1966.337494
206,11,1966.337494
206,11,1966.337494
206,11,1966.337494
206,11,1966.337494
206,11,1966.337494
206,12,1961.932084
206,13,1953.033731
206,13,1953.033731
206,13,1953.033731
206,13,1953.033731
206,13,1953.033731
206,13,1953.033731
206,13,1953.033731
206,13,1953.033731
206,15,1947.426880
206,15,1947.426880
206,15,1947.426880
206,15,1947.426880
206,15,1947.426880
206,15,1947.426880
206,15,1947.426880
206,15,1947.426880
206,15,1947.426880
206,16,1947.404463
206,16,1947.404463
207,7,2095.523139
207,7,2095.523139
207,7,2095.523139
207,8,2038.758765
207,8,2038.758765
207,8,2038.758765
207,8,2038.758765
207,8,2038.758765
207,8,2038.758765
207,9,1980.229375
207,9,1980.229375
207,9,1980.229375
207,9,1980.229375
207,9,1980.229375
207,9,1980.229375
207,10,1972.926964
207,10,1972.926964
207,10,1972.926964
207,10,1972.926964
207,10,1972.926964
207,11,1966.337494
207,11,1966.337494
207,11,1966.337494
207,11,1966.337494
207,11,1966.337494
207,11,1966.337494
207,11,1966.337494
207,11,1966.337494
207,11,1966.337494
207,11,1966.337494
207,11,1966.337494
207,12,1961.932084
207,12,1961.932084
207,13,1952.347024
207,15,1940.203166
208,7,2095.523139
208,7,2095.523139
208,7,2095.523139
208,7,2095.523139
208,7,2095.523139
208,8,2036.369182
208,9,1980.229375
208,9,1980.229375
208,9,1980.229375
208,9,1980.229375
208,9,1980.229375
208,9,1980.229375
208,9,1980.229375
208,10,1972.926964
208,10,1972.926964
208,10,1972.926964
208,10,1972.926964
208,10,1972.926964
208,10,1972.926964
208,11,1966.337494
208,11,1966.337494
208,11,1966.337494
208,11,1966.337494
208,11,1966.337494
208,11,1966.337494
208,11,1966.337494
208,11,1966.337494
208,11,1966.337494
208,11,1966.337494
208,11,1966.337494
208,11,1966.337494
208,12,1961.932084
208,12,1961.932084
208,12,1961.932084
208,13,1952.347024
208,13,1952.347024
208,15,1940.203166
208,15,1940.203166
209,7,2095.523139
209,7,2095.523139
209,7,2095.523139
209,7,2095.523139
209,7,2095.523139
209,7,2095.523139
209,7,2095.523139
209,8,2036.369182
209,8,2036.369182
209,9,1980.229375
209,9,1980.229375
209,9,1980.229375
209,9,1980.229375
209,9,1980.229375
209,9,1980.229375
209,9,1980.229375
209,9,1980.229375
209,10,1972.926964
209,10,1972.926964
209,10,1972.926964
209,10,1972.926964
209,10,1972.926964
209,10,1972.926964
209,10,1972.926964
209,11,1951.071968
209,15,1940.203166
209,15,1940.203166
209,15,1940.203166
210,7,2095.523139
210,7,2095.523139
210,7,2095.523139
210,7,2095.523139
210,7,2095.523139
210,7,2095.523139
210,7,2095.523139
210,7,2095.523139
210,7,2095.523139
210,8,2029.450760
210,9,1980.229375
210,9,1980.229375
210,9,1980.229375
210,9,1980.229375
210,9,1980.229375
210,9,1980.229375
210,9,1980.229375
210,9,1980.229375
210,9,1980.229375
210,10,1972.926964
210,10,1972.926964
210,10,1972.926964
210,10,1972.926964
210,10,1972.926964
210,10,1972.926964
210,10,1972.926964
210,10,1972.926964
210,11,1951.071968
210,11,1951.071968
210,13,1928.840697
211,7,2095.523139
211,7,2095.523139
211,7,2095.523139
211,7,2095.523139
211,7,2095.523139
211,7,2095.523139
211,7,2095.523139
211,7,2095.523139
211,7,2095.523139
211,7,2095.523139
211,7,2095.523139
211,7,2095.523139
211,8,2029.450760
211,8,2029.450760
211,9,1980.229375
211,9,1980.229375
211,9,1980.229375
211,9,1980.229375
211,9,1980.229375
211,9,1980.229375
211,9,1980.229375
211,9,1980.229375
211,9,1980.229375
211,9,1980.229375
211,10,1972.926964
211,10,1972.926964
211,10,1972.926964
211,10,1972.926964
211,10,1972.926964
211,10,1972.926964
211,10,1972.926964
211,10,1972.926964
211,10,1972.926964
211,11,1951.071968
211,11,1951.071968
211,11,1951.071968
211,13,1928.840697
211,13,1928.840697
212,7,2095.523139
212,7,2095.523139
212,7,2095.523139
212,7,2095.523139
212,7,2095.523139
212,7,2095.523139
212,7,2095.523139
212,7,2095.523139
212,7,2095.523139
212,7,2095.523139
212,7,2095.523139
212,7,2095.523139
212,7,2095.523139
212,7,2095.523139
212,7,2095.523139
212,8,2029.450760
212,8,2029.450760
212,8,2029.450760
212,9,1980.229375
212,9,1980.229375
212,9,1980.229375
212,9,1980.229375
212,9,1980.229375
212,9,1980.229375
212,9,1980.229375
212,9,1980.229375
212,9,1980.229375
212,9,1980.229375
212,9,1980.229375
212,10,1972.926964
212,10,1972.926964
212,10,1972.926964
212,10,1972.926964
212,10,1972.926964
212,10,1972.926964
212,10,1972.926964
212,10,1972.926964
212,10,1972.926964
212,10,1972.926964
212,11,1951.071968
212,11,1951.071968
212,11,1951.071968
212,11,1951.071968
212,13,1928.840697
212,13,1928.840697
212,13,1928.840697
213,7,2095.523139
213,7,2095.523139
213,7,2095.523139
213,7,2095.523139
213,7,2095.523139
213,7,2095.523139
213,7,2095.523139
213,7,2095.523139
213,7,2095.523139
213,7,2095.523139
213,7,2095.523139
213,7,2095.523139
213,7,2095.523139
213,7,2095.523139
213,7,2095.523139
213,7,2095.523139
213,7,2095.523139
213,7,2095.523139
213,8,2029.450760
213,8,2029.450760
213,8,2029.450760
213,8,2029.450760
213,9,1980.229375
213,9,1980.229375
213,9,1980.229375
213,9,1980.229375
213,9,1980.229375
213,9,1980.229375
213,9,1980.229375
213,9,1980.229375
213,9,1980.229375
213,9,1980.229375
213,9,1980.229375
213,9,1980.229375
213,10,1972.926964
213,10,1972.926964
213,10,1972.926964
213,10,1972.926964
213,10,1972.926964
213,10,1972.926964
213,10,1972.926964
213,10,1972.926964
213,10,1972.926964
213,10,1972.926964
213,10,1972.926964
213,11,1951.071968
213,11,1951.071968
213,11,1951.071968
213,11,1951.071968
213,11,1951.071968
213,13,1927.871169
214,7,2095.523139
214,7,2095.523139
214,7,2095.523139
214,7,2095.523139
214,7,2095.523139
214,7,2095.523139
214,7,2095.523139
214,7,2095.523139
214,7,2095.523139
214,7,2095.523139
214,7,2095.523139
214,7,2095.523139
214,7,2095.523139
214,7,2095.523139
214,7,2095.523139
214,7,2095.523139
214,7,2095.523139
214,7,2095.523139
214,7,2095.523139
214,7,2095.523139
214,7,2095.523139
214,8,2029.450760
214,8,2029.450760
214,8,2029.450760
214,8,2029.450760
214,8,2029.450760
214,9,1980.229375
214,9,1980.229375
214,9,1980.229375
214,9,1980.229375
214,9,1980.229375
214,9,1980.229375
214,9,1980.229375
214,9,1980.229375
214,9,1980.229375
214,9,1980.229375
214,9,1980.229375
214,9,1980.229375
214,9,1980.229375
214,10,1972.926964
214,10,1972.926964
214,10,1972.926964
214,10,1972.926964
214,10,1972.926964
214,10,1972.926964
214,10,1972.926964
214,10,1972.926964
214,10,1972.926964
214,10,1972.926964
214,10,1972.926964
214,10,1972.926964
214,11,1951.071968
214,11,1951.071968
214,11,1951.071968
214,11,1951.071968
214,11,1951.071968
214,11,1951.071968
214,13,1927.871169
214,13,1927.871169
215,7,2095.523139
215,7,2095.523139
215,7,2095.523139
215,7,2095.523139
215,7,2095.523139
215,7,2095.523139
215,7,2095.523139
215,7,2095.523139
215,7,2095.523139
215,7,2095.523139
215,7,2095.523139
215,7,2095.523139
215,7,2095.523139
215,7,2095.523139
215,7,2095.523139
215,7,2095.523139
215,7,2095.523139
215,7,2095.523139
215,7,2095.523139
215,7,2095.523139
215,7,2095.523139
215,7,2095.523139
215,7,2095.523139
215,7,2095.523139
215,8,2029.450760
215,8,2029.450760
215,8,2029.450760
215,8,2029.450760
215,8,2029.450760
215,8,2029.450760
215,9,1980.229375
215,9,1980.229375
215,9,1980.229375
215,9,1980.229375
215,9,1980.229375
215,9,1980.229375
215,9,1980.229375
215,9,1980.229375
215,9,1980.229375
215,9,1980.229375
215,9,1980.229375
215,9,1980.229375
215,9,1980.229375
215,9,1980.229375
215,10,1972.926964
215,10,1972.926964
215,10,1972.926964
215,10,1972.926964
215,10,1972.926964
215,10,1972.926964
215,10,1972.926964
215,10,1972.926964
215,10,1972.926964
215,10,1972.926964
215,10,1972.926964
215,10,1972.926964
215,10,1972.926964
215,11,1951.071968
215,11,1951.071968
215,11,1951.071968
215,11,1951.071968
215,11,1951.071968
215,11,1951.071968
215,11,1951.071968
215,13,1927.871169
215,13,1927.871169
215,13,1927.871169
216,7,2095.523139
216,7,2095.523139
216,7,2095.523139
216,7,2095.523139
216,7,2095.523139
216,7,2095.523139
216,7,2095.523139
216,7,2095.523139
216,7,2095.523139
216,7,2095.523139
216,7,2095.523139
216,7,2095.523139
216,7,2095.523139
216,7,2095.523139
216,7,2095.523139
216,7,2095.523139
216,7,2095.523139
216,7,2095.523139
216,7,2095.523139
216,7,2095.523139
216,7,2095.523139
216,7,2095.523139
216,7,2095.523139
216,7,2095.523139
216,7,2095.523139
216,7,2095.523139
216,7,2095.523139
216,8,2014.265018
216,9,1980.229375
216,9,1980.229375
216,9,1980.229375
216,9,1980.229375
216,9,1980.229375
216,9,1980.229375
216,9,1980.229375
216,9,1980.229375
216,9,1980.229375
216,9,1980.229375
216,9,1980.229375
216,9,1980.229375
216,9,1980.229375
216,9,1980.229375
216,9,1980.229375
216,10,1972.926964
216,10,1972.926964
216,10,1972.926964
216,10,1972.926964
216,10,1972.926964
216,10,1972.926964
216,10,1972.926964
216,10,1972.926964
216,10,1972.926964
216,10,1972.926964
216,10,1972.926964
216,10,1972.926964
216,10,1972.926964
216,10,1972.926964
216,11,1951.071968
216,11,1951.071968
216,11,1951.071968
216,11,1951.071968
216,11,1951.071968
216,11,1951.071968
216,11,1951.071968
216,11,1951.071968
216,13,1927.871169
216,13,1927.871169
216,13,1927.871169
216,13,1927.871169
217,7,2095.523139
217,7,2095.523139
217,7,2095.523139
217,7,2095.523139
217,7,2095.523139
217,7,2095.523139
217,7,2095.523139
217,7,2095.523139
217,7,2095.523139
217,7,2095.523139
217,7,2095.523139
217,7,2095.523139
217,7,2095.523139
217,7,2095.523139
217,7,2095.523139
217,7,2095.523139
217,7,2095.523139
217,7,2095.523139
217,7,2095.523139
217,7,2095.523139
217,7,2095.523139
217,7,2095.523139
217,7,2095.523139
217,7,2095.523139
217,7,2095.523139
217,7,2095.523139
217,7,2095.523139
217,7,2095.523139
217,7,2095.523139
217,7,2095.523139
217,8,2014.265018
217,8,2014.265018
217,9,1980.229375
217,9,1980.229375
217,9,1980.229375
217,9,1980.229375
217,9,1980.229375
217,9,1980.229375
217,9,1980.229375
217,9,1980.229375
217,9,1980.229375
217,9,1980.229375
217,9,1980.229375
217,9,1980.229375
217,9,1980.229375
217,9,1980.229375
217,9,1980.229375
217,9,1980.229375
217,10,1972.926964
217,10,1972.926964
217,10,1972.926964
217,10,1972.926964
217,10,1972.926964
217,10,1972.926964
217,10,1972.926964
217,10,1972.926964
217,10,1972.926964
217,10,1972.926964
217,10,1972.926964
217,10,1972.926964
217,10,1972.926964
217,10,1972.926964
217,10,1972.926964
217,11,1951.071968
217,11,1951.071968
217,11,1951.071968
217,11,1951.071968
217,11,1951.071968
217,11,1951.071968
217,11,1951.071968
217,11,1951.071968
217,11,1951.071968
217,12,1939.330572
217,13,1927.871169
217,13,1927.871169
217,13,1927.871169
217,13,1927.871169
217,13,1927.871169
218,7,2095.523139
218,7,2095.523139
218,7,2095.523139
218,7,2095.523139
218,7,2095.523139
218,7,2095.523139
218,7,2095.523139
218,7,2095.523139
218,7,2095.523139
218,7,2095.523139
218,7,2095.523139
218,7,2095.523139
218,7,2095.523139
218,7,2095.523139
218,7,2095.523139
218,7,2095.523139
218,7,2095.523139
218,7,2095.523139
218,7,2095.523139
218,7,2095.523139
218,7,2095.523139
218,7,2095.523139
218,7,2095.523139
218,7,2095.523139
218,7,2095.523139
218,7,2095.523139
218,7,2095.523139
218,7,2095.523139
218,7,2095.523139
218,7,2095.523139
218,7,2095.523139
218,7,2095.523139
218,7,2095.523139
218,8,2014.265018
218,8,2014.265018
218,8,2014.265018
218,9,1980.229375
218,9,1980.229375
218,9,1980.229375
218,9,1980.229375
218,9,1980.229375
218,9,1980.229375
218,9,1980.229375
218,9,1980.229375
218,9,1980.229375
218,9,1980.229375
218,9,1980.229375
218,9,1980.229375
218,9,1980.229375
218,9,1980.229375
218,9,1980.229375
218,9,1980.229375
218,9,1980.229375
218,10,1972.926964
218,10,1972.926964
218,10,1972.926964
218,10,1972.926964
218,10,1972.926964
218,10,1972.926964
218,10,1972.926964
218,10,1972.926964
218,10,1972.926964
218,10,1972.926964
218,10,1972.926964
218,10,1972.926964
218,10,1972.926964
218,10,1972.926964
218,10,1972.926964
218,10,1972.926964
218,11,1951.071968
218,11,1951.071968
218,11,1951.071968
218,11,1951.071968
218,11,1951.071968
218,11,1951.071968
218,11,1951.071968
218,11,1951.071968
218,11,1951.071968
218,11,1951.071968
218,12,1939.330572
218,12,1939.330572
218,13,1927.871169
218,13,1927.871169
218,13,1927.871169
218,13,1927.871169
218,13,1927.871169
218,13,1927.871169
219,7,2090.991410
219,8,2014.265018
219,8,2014.265018
219,8,2014.265018
219,8,2014.265018
219,9,1980.229375
219,9,1980.229375
219,9,1980.229375
219,9,1980.229375
219,9,1980.229375
219,9,1980.229375
219,9,1980.229375
219,9,1980.229375
219,9,1980.229375
219,9,1980.229375
219,9,1980.229375
219,9,1980.229375
219,9,1980.229375
219,9,1980.229375
219,9,1980.229375
219,9,1980.229375
219,9,1980.229375
219,9,1980.229375
219,10,1971.404393
219,11,1951.071968
219,11,1951.071968
219,11,1951.071968
219,11,1951.071968
219,11,1951.071968
219,11,1951.071968
219,11,1951.071968
219,11,1951.071968
219,11,1951.071968
219,11,1951.071968
219,11,1951.071968
219,12,1939.330572
219,12,1939.330572
219,12,1939.330572
219,13,1927.871169
219,13,1927.871169
219,13,1927.871169
219,13,1927.871169
219,13,1927.871169
219,13,1927.871169
219,13,1927.871169
220,7,2090.991410
220,7,2090.991410
220,7,2090.991410
220,8,2014.265018
220,8,2014.265018
220,8,2014.265018
220,8,2014.265018
220,8,2014.265018
220,9,1980.229375
220,9,1980.229375
220,9,1980.229375
220,9,1980.229375
220,9,1980.229375
220,9,1980.229375
220,9,1980.229375
220,9,1980.229375
220,9,1980.229375
220,9,1980.229375
220,9,1980.229375
220,9,1980.229375
220,9,1980.229375
220,9,1980.229375
220,9,1980.229375
220,9,1980.229375
220,9,1980.229375
220,9,1980.229375
220,9,1980.229375
220,10,1963.177441
220,11,1951.071968
220,11,1951.071968
220,11,1951.071968
220,11,1951.071968
220,11,1951.071968
220,11,1951.071968
220,11,1951.071968
220,11,1951.071968
220,11,1951.071968
220,11,1951.071968
220,11,1951.071968
220,11,1951.071968
220,12,1939.330572
220,12,1939.330572
220,12,1939.330572
220,12,1939.330572
220,13,1927.871169
220,13,1927.871169
220,13,1927.871169
220,13,1927.871169
220,13,1927.871169
220,13,1927.871169
220,13,1927.871169
220,13,1927.871169
221,7,2090.991410
221,7,2090.991410
221,7,2090.991410
221,7,2090.991410
221,7,2090.991410
221,8,2014.265018
221,8,2014.265018
221,8,2014.265018
221,8,2014.265018
221,8,2014.265018
221,8,2014.265018
221,9,1980.229375
221,9,1980.229375
221,9,1980.229375
221,9,1980.229375
221,9,1980.229375
221,9,1980.229375
221,9,1980.229375
221,9,1980.229375
221,9,1980.229375
221,9,1980.229375
221,9,1980.229375
221,9,1980.229375
221,9,1980.229375
221,9,1980.229375
221,9,1980.229375
221,9,1980.229375
221,9,1980.229375
221,9,1980.229375
221,9,1980.229375
221,9,1980.229375
221,10,1963.177441
221,10,1963.177441
221,11,1951.071968
221,11,1951.071968
221,11,1951.071968
221,11,1951.071968
221,11,1951.071968
221,11,1951.071968
221,11,1951.071968
221,11,1951.071968
221,11,1951.071968
221,11,1951.071968
221,11,1951.071968
221,11,1951.071968
221,11,1951.071968
221,12,1938.375487
221,13,1927.871169
221,13,1927.871169
221,13,1927.871169
221,13,1927.871169
221,13,1927.871169
221,13,1927.871169
221,13,1927.871169
221,13,1927.871169
221,13,1927.871169
222,7,2090.991410
222,7,2090.991410
222,7,2090.991410
222,7,2090.991410
222,7,2090.991410
222,7,2090.991410
222,7,2090.991410
222,8,2014.265018
222,8,2014.265018
222,8,2014.265018
222,8,2014.265018
222,8,2014.265018
222,8,2014.265018
222,8,2014.265018
222,9,1980.229375
222,9,1980.229375
222,9,1980.229375
222,9,1980.229375
222,9,1980.229375
222,9,1980.229375
222,9,1980.229375
222,9,1980.229375
222,9,1980.229375
222,9,1980.229375
222,9,1980.229375
222,9,1980.229375
222,9,1980.229375
222,9,1980.229375
222,9,1980.229375
222,9,1980.229375
222,9,1980.229375
222,9,1980.229375
222,9,1980.229375
222,9,1980.229375
222,9,1980.229375
222,10,1963.177441
222,10,1963.177441
222,10,1963.177441
222,11,1951.071968
222,11,1951.071968
222,11,1951.071968
222,11,1951.071968
222,11,1951.071968
222,11,1951.071968
222,11,1951.071968
222,11,1951.071968
222,11,1951.071968
222,11,1951.071968
222,11,1951.071968
222,11,1951.071968
222,11,1951.071968
222,11,1951.071968
222,12,1938.375487
222,12,1938.375487
222,13,1927.871169
222,13,1927.871169
222,13,1927.871169
222,13,1927.871169
222,13,1927.871169
222,13,1927.871169
222,13,1927.871169
222,13,1927.871169
222,13,1927.871169
222,13,1927.871169
223,7,2054.170604
223,8,2014.265018
223,8,2014.265018
223,8,2014.265018
223,8,2014.265018
223,8,2014.265018
223,8,2014.265018
223,8,2014.265018
223,8,2014.265018
223,9,1980.229375
223,9,1980.229375
223,9,1980.229375
223,9,1980.229375
223,9,1980.229375
223,9,1980.229375
223,9,1980.229375
223,9,1980.229375
223,9,1980.229375
223,9,1980.229375
223,9,1980.229375
223,9,1980.229375
223,9,1980.229375
223,9,1980.229375
223,9,1980.229375
223,9,1980.229375
223,9,1980.229375
223,9,1980.229375
223,9,1980.229375
223,9,1980.229375
223,9,1980.229375
223,9,1980.229375
223,10,1963.177441
223,10,1963.177441
223,10,1963.177441
223,10,1963.177441
223,11,1951.071968
223,11,1951.071968
223,11,1951.071968
223,11,1951.071968
223,11,1951.071968
223,11,1951.071968
223,11,1951.071968
223,11,1951.071968
223,11,1951.071968
223,11,1951.071968
223,11,1951.071968
223,11,1951.071968
223,11,1951.071968
223,11,1951.071968
223,11,1951.071968
223,12,1938.375487
223,12,1938.375487
223,12,1938.375487
223,13,1927.871169
223,13,1927.871169
223,13,1927.871169
223,13,1927.871169
223,13,1927.871169
223,13,1927.871169
223,13,1927.871169
223,13,1927.871169
223,13,1927.871169
223,13,1927.871169
223,13,1927.871169
224,7,2054.170604
224,7,2054.170604
224,8,2011.928885
224,9,1980.229375
224,9,1980.229375
224,9,1980.229375
224,9,1980.229375
224,9,1980.229375
224,9,1980.229375
224,9,1980.229375
224,9,1980.229375
224,9,1980.229375
224,9,1980.229375
224,9,1980.229375
224,9,1980.229375
224,9,1980.229375
224,9,1980.229375
224,9,1980.229375
224,9,1980.229375
224,9,1980.229375
224,9,1980.229375
224,9,1980.229375
224,9,1980.229375
224,9,1980.229375
224,9,1980.229375
224,9,1980.229375
224,10,1945.039975
224,12,1938.375487
224,12,1938.375487
224,12,1938.375487
224,12,1938.375487
224,13,1927.871169
224,13,1927.871169
224,13,1927.871169
224,13,1927.871169
224,13,1927.871169
224,13,1927.871169
224,13,1927.871169
224,13,1927.871169
224,13,1927.871169
224,13,1927.871169
224,13,1927.871169
224,13,1927.871169
225,7,2054.170604
225,7,2054.170604
225,7,2054.170604
225,8,2011.928885
225,8,2011.928885
225,9,1980.229375
225,9,1980.229375
225,9,1980.229375
225,9,1980.229375
225,9,1980.229375
225,9,1980.229375
225,9,1980.229375
225,9,1980.229375
225,9,1980.229375
225,9,1980.229375
225,9,1980.229375
225,9,1980.229375
225,9,1980.229375
225,9,1980.229375
225,9,1980.229375
225,9,1980.229375
225,9,1980.229375
225,9,1980.229375
225,9,1980.229375
225,9,1980.229375
225,9,1980.229375
225,9,1980.229375
225,9,1980.229375
225,9,1980.229375
225,10,1945.039975
225,10,1945.039975
225,12,1938.375487
225,12,1938.375487
225,12,1938.375487
225,12,1938.375487
225,12,1938.375487
225,13,1927.871169
225,13,1927.871169
225,13,1927.871169
225,13,1927.871169
225,13,1927.871169
225,13,1927.871169
225,13,1927.871169
225,13,1927.871169
225,13,1927.871169
225,13,1927.871169
225,13,1927.871169
225,13,1927.871169
225,13,1927.871169
226,7,2054.170604
226,7,2054.170604
226,7,2054.170604
226,7,2054.170604
226,8,2011.928885
226,8,2011.928885
226,8,2011.928885
226,9,1980.229375
226,9,1980.229375
226,9,1980.229375
226,9,1980.229375
226,9,1980.229375
226,9,1980.229375
226,9,1980.229375
226,9,1980.229375
226,9,1980.229375
226,9,1980.229375
226,9,1980.229375
226,9,1980.229375
226,9,1980.229375
226,9,1980.229375
226,9,1980.229375
226,9,1980.229375
226,9,1980.229375
226,9,1980.229375
226,9,1980.229375
226,9,1980.229375
226,9,1980.229375
226,9,1980.229375
226,9,1980.229375
226,9,1980.229375
226,9,1980.229375
226,10,1945.039975
226,10,1945.039975
226,10,1945.039975
226,12,1938.375487
226,12,1938.375487
226,12,1938.375487
226,12,1938.375487
226,12,1938.375487
226,12,1938.375487
226,13,1927.871169
226,13,1927.871169
226,13,1927.871169
226,13,1927.871169
226,13,1927.871169
226,13,1927.871169
226,13,1927.871169
226,13,1927.871169
226,13,1927.871169
226,13,1927.871169
226,13,1927.871169
226,13,1927.871169
226,13,1927.871169
226,13,1927.871169
227,7,2054.170604
227,7,2054.170604
227,7,2054.170604
227,7,2054.170604
227,7,2054.170604
227,7,2054.170604
227,8,2011.928885
227,8,2011.928885
227,8,2011.928885
227,8,2011.928885
227,9,1980.229375
227,9,1980.229375
227,9,1980.229375
227,9,1980.229375
227,9,1980.229375
227,9,1980.229375
227,9,1980.229375
227,9,1980.229375
227,9,1980.229375
227,9,1980.229375
227,9,1980.229375
227,9,1980.229375
227,9,1980.229375
227,9,1980.229375
227,9,1980.229375
227,9,1980.229375
227,9,1980.229375
227,9,1980.229375
227,9,1980.229375
227,9,1980.229375
227,9,1980.229375
227,9,1980.229375
227,9,1980.229375
227,9,1980.229375
227,9,1980.229375
227,9,1980.229375
227,10,1945.039975
227,10,1945.039975
227,10,1945.039975
227,10,1945.039975
227,12,1937.337490
227,13,1927.871169
227,13,1927.871169
227,13,1927.871169
227,13,1927.871169
227,13,1927.871169
227,13,1927.871169
227,13,1927.871169
227,13,1927.871169
227,13,1927.871169
227,13,1927.871169
227,13,1927.871169
227,13,1927.871169
227,13,1927.871169
227,13,1927.871169
227,13,1927.871169
228,7,2054.170604
228,7,2054.170604
228,7,2054.170604
228,7,2054.170604
228,7,2054.170604
228,7,2054.170604
228,7,2054.170604
228,7,2054.170604
228,8,1974.144091
228,10,1945.039975
228,10,1945.039975
228,10,1945.039975
228,10,1945.039975
228,10,1945.039975
228,12,1937.337490
228,12,1937.337490
228,13,1927.871169
228,13,1927.871169
228,13,1927.871169
228,13,1927.871169
228,13,1927.871169
228,13,1927.871169
228,13,1927.871169
228,13,1927.871169
228,13,1927.871169
228,13,1927.871169
228,13,1927.871169
228,13,1927.871169
228,13,1927.871169
228,13,1927.871169
228,13,1927.871169
228,13,1927.871169
229,7,2054.170604
229,7,2054.170604
229,7,2054.170604
229,7,2054.170604
229,7,2054.170604
229,7,2054.170604
229,7,2054.170604
229,7,2054.170604
229,7,2054.170604
229,7,2054.170604
229,8,1974.144091
229,8,1974.144091
229,9,1968.519379
229,10,1945.039975
229,10,1945.039975
229,10,1945.039975
229,10,1945.039975
229,10,1945.039975
229,10,1945.039975
229,11,1936.955194
229,13,1927.871169
229,13,1927.871169
229,13,1927.871169
229,13,1927.871169
229,13,1927.871169
229,13,1927.871169
229,13,1927.871169
229,13,1927.871169
229,13,1927.871169
229,13,1927.871169
229,13,1927.871169
229,13,1927.871169
229,13,1927.871169
229,13,1927.871169
229,13,1927.871169
229,13,1927.871169
229,13,1927.871169
230,7,2054.170604
230,7,2054.170604
230,7,2054.170604
230,7,2054.170604
230,7,2054.170604
230,7,2054.170604
230,7,2054.170604
230,7,2054.170604
230,7,2054.170604
230,7,2054.170604
230,7,2054.170604
230,7,2054.170604
230,8,1974.144091
230,8,1974.144091
230,8,1974.144091
230,8,1974.144091
230,9,1968.519379
230,9,1968.519379
230,10,1945.039975
230,10,1945.039975
230,10,1945.039975
230,10,1945.039975
230,10,1945.039975
230,10,1945.039975
230,10,1945.039975
230,11,1936.955194
230,11,1936.955194
230,13,1927.871169
230,13,1927.871169
230,13,1927.871169
230,13,1927.871169
230,13,1927.871169
230,13,1927.871169
230,13,1927.871169
230,13,1927.871169
230,13,1927.871169
230,13,1927.871169
230,13,1927.871169
230,13,1927.871169
230,13,1927.871169
230,13,1927.871169
230,13,1927.871169
230,13,1927.871169
230,13,1927.871169
230,13,1927.871169
231,7,2054.170604
231,7,2054.170604
231,7,2054.170604
231,7,2054.170604
231,7,2054.170604
231,7,2054.170604
231,7,2054.170604
231,7,2054.170604
231,7,2054.170604
231,7,2054.170604
231,7,2054.170604
231,7,2054.170604
231,7,2054.170604
231,7,2054.170604
231,8,1974.144091
231,8,1974.144091
231,8,1974.144091
231,8,1974.144091
231,8,1974.144091
231,8,1974.144091
231,9,1966.366991
231,10,1945.039975
231,10,1945.039975
231,10,1945.039975
231,10,1945.039975
231,10,1945.039975
231,10,1945.039975
231,10,1945.039975
231,10,1945.039975
231,11,1936.955194
231,11,1936.955194
231,11,1936.955194
231,13,1927.871169
231,13,1927.871169
231,13,1927.871169
231,13,1927.871169
231,13,1927.871169
231,13,1927.871169
231,13,1927.871169
231,13,1927.871169
231,13,1927.871169
231,13,1927.871169
231,13,1927.871169
231,13,1927.871169
231,13,1927.871169
231,13,1927.871169
231,13,1927.871169
231,13,1927.871169
231,13,1927.871169
231,13,1927.871169
231,13,1927.871169
232,7,2054.170604
232,7,2054.170604
232,7,2054.170604
232,7,2054.170604
232,7,2054.170604
232,7,2054.170604
232,7,2054.170604
232,7,2054.170604
232,7,2054.170604
232,7,2054.170604
232,7,2054.170604
232,7,2054.170604
232,7,2054.170604
232,7,2054.170604
232,7,2054.170604
232,7,2054.170604
232,8,1974.144091
232,8,1974.144091
232,8,1974.144091
232,8,1974.144091
232,8,1974.144091
232,8,1974.144091
232,8,1974.144091
232,8,1974.144091
232,9,1966.366991
232,9,1966.366991
232,10,1945.039975
232,10,1945.039975
232,10,1945.039975
232,10,1945.039975
232,10,1945.039975
232,10,1945.039975
232,10,1945.039975
232,10,1945.039975
232,10,1945.039975
232,11,1936.955194
232,11,1936.955194
232,11,1936.955194
232,11,1936.955194
232,13,1927.871169
232,13,1927.871169
232,13,1927.871169
232,13,1927.871169
232,13,1927.871169
232,13,1927.871169
232,13,1927.871169
232,13,1927.871169
232,13,1927.871169
232,13,1927.871169
232,13,1927.871169
232,13,1927.871169
232,13,1927.871169
232,13,1927.871169
232,13,1927.871169
232,13,1927.871169
232,13,1927.871169
232,13,1927.871169
232,13,1927.871169
232,13,1927.871169
233,7,2054.170604
233,7,2054.170604
233,7,2054.170604
233,7,2054.170604
233,7,2054.170604
233,7,2054.170604
233,7,2054.170604
233,7,2054.170604
233,7,2054.170604
233,7,2054.170604
233,7,2054.170604
233,7,2054.170604
233,7,2054.170604
233,7,2054.170604
233,7,2054.170604
233,7,2054.170604
233,7,2054.170604
233,7,2054.170604
233,8,1974.144091
233,8,1974.144091
233,8,1974.144091
233,8,1974.144091
233,8,1974.144091
233,8,1974.144091
233,8,1974.144091
233,8,1974.144091
233,8,1974.144091
233,8,1974.144091
233,9,1959.505592
233,10,1945.039975
233,10,1945.039975
233,10,1945.039975
233,10,1945.039975
233,10,1945.039975
233,10,1945.039975
233,10,1945.039975
233,10,1945.039975
233,10,1945.039975
233,10,1945.039975
233,10,1945.039975
233,11,1936.955194
233,11,1936.955194
233,11,1936.955194
233,11,1936.955194
233,11,1936.955194
233,13,1927.871169
233,13,1927.871169
233,13,1927.871169
233,13,1927.871169
233,13,1927.871169
233,13,1927.871169
233,13,1927.871169
233,13,1927.871169
233,13,1927.871169
233,13,1927.871169
233,13,1927.871169
233,13,1927.871169
233,13,1927.871169
233,13,1927.871169
233,13,1927.871169
233,13,1927.871169
233,13,1927.871169
233,13,1927.871169
233,13,1927.871169
233,13,1927.871169
233,13,1927.871169
234,7,2054.170604
234,7,2054.170604
234,7,2054.170604
234,7,2054.170604
234,7,2054.170604
234,7,2054.170604
234,7,2054.170604
234,7,2054.170604
234,7,2054.170604
234,7,2054.170604
234,7,2054.170604
234,7,2054.170604
234,7,2054.170604
234,7,2054.170604
234,7,2054.170604
234,7,2054.170604
234,7,2054.170604
234,7,2054.170604
234,7,2054.170604
234,7,2054.170604
234,8,1974.144091
234,8,1974.144091
234,8,1974.144091
234,8,1974.144091
234,8,1974.144091
234,8,1974.144091
234,8,1974.144091
234,8,1974.144091
234,8,1974.144091
234,8,1974.144091
234,8,1974.144091
234,8,1974.144091
234,9,1959.505592
234,9,1959.505592
234,10,1945.039975
234,10,1945.039975
234,10,1945.039975
234,10,1945.039975
234,10,1945.039975
234,10,1945.039975
234,10,1945.039975
234,10,1945.039975
234,10,1945.039975
234,10,1945.039975
234,10,1945.039975
234,10,1945.039975
234,10,1945.039975
234,11,1936.955194
234,11,1936.955194
234,11,1936.955194
234,11,1936.955194
234,11,1936.955194
234,11,1936.955194
234,13,1927.871169
234,13,1927.871169
234,13,1927.871169
234,13,1927.871169
234,13,1927.871169
234,13,1927.871169
234,13,1927.871169
234,13,1927.871169
234,13,1927.871169
234,13,1927.871169
234,13,1927.871169
234,13,1927.871169
234,13,1927.871169
234,13,1927.871169
234,13,1927.871169
234,13,1927.871169
234,13,1927.871169
234,13,1927.871169
234,13,1927.871169
234,13,1927.871169
234,13,1927.871169
234,13,1927.871169
235,7,2054.170604
235,7,2054.170604
235,7,2054.170604
235,7,2054.170604
235,7,2054.170604
235,7,2054.170604
235,7,2054.170604
235,7,2054.170604
235,7,2054.170604
235,7,2054.170604
235,7,2054.170604
235,7,2054.170604
235,7,2054.170604
235,7,2054.170604
235,7,2054.170604
235,7,2054.170604
235,7,2054.170604
235,7,2054.170604
235,7,2054.170604
235,7,2054.170604
235,7,2054.170604
235,7,2054.170604
235,8,1969.448605
235,9,1959.505592
235,9,1959.505592
235,9,1959.505592
235,10,1945.039975
235,10,1945.039975
235,10,1945.039975
235,10,1945.039975
235,10,1945.039975
235,10,1945.039975
235,10,1945.039975
235,10,1945.039975
235,10,1945.039975
235,10,1945.039975
235,10,1945.039975
235,10,1945.039975
235,10,1945.039975
235,10,1945.039975
235,10,1945.039975
235,11,1936.955194
235,11,1936.955194
235,11,1936.955194
235,11,1936.955194
235,11,1936.955194
235,11,1936.955194
235,11,1936.955194
235,12,1933.957487
235,13,1927.871169
235,13,1927.871169
235,13,1927.871169
235,13,1927.871169
235,13,1927.871169
235,13,1927.871169
235,13,1927.871169
235,13,1927.871169
235,13,1927.871169
235,13,1927.871169
235,13,1927.871169
235,13,1927.871169
235,13,1927.871169
235,13,1927.871169
235,13,1927.871169
235,13,1927.871169
235,13,1927.871169
235,13,1927.871169
235,13,1927.871169
235,13,1927.871169
235,13,1927.871169
235,13,1927.871169
235,13,1927.871169
236,7,2054.170604
236,7,2054.170604
236,7,2054.170604
236,7,2054.170604
236,7,2054.170604
236,7,2054.170604
236,7,2054.170604
236,7,2054.170604
236,7,2054.170604
236,7,2054.170604
236,7,2054.170604
236,7,2054.170604
236,7,2054.170604
236,7,2054.170604
236,7,2054.170604
236,7,2054.170604
236,7,2054.170604
236,7,2054.170604
236,7,2054.170604
236,7,2054.170604
236,7,2054.170604
236,7,2054.170604
236,7,2054.170604
236,7,2054.170604
236,8,1969.448605
236,8,1969.448605
236,8,1969.448605
236,9,1959.505592
236,9,1959.505592
236,9,1959.505592
236,9,1959.505592
236,10,1945.039975
236,10,1945.039975
236,10,1945.039975
236,10,1945.039975
236,10,1945.039975
236,10,1945.039975
236,10,1945.039975
236,10,1945.039975
236,10,1945.039975
236,10,1945.039975
236,10,1945.039975
236,10,1945.039975
236,10,1945.039975
236,10,1945.039975
236,10,1945.039975
236,10,1945.039975
236,10,1945.039975
236,11,1936.955194
236,11,1936.955194
236,11,1936.955194
236,11,1936.955194
236,11,1936.955194
236,11,1936.955194
236,11,1936.955194
236,11,1936.955194
236,12,1933.957487
236,12,1933.957487
236,13,1927.871169
236,13,1927.871169
236,13,1927.871169
236,13,1927.871169
236,13,1927.871169
236,13,1927.871169
236,13,1927.871169
236,13,1927.871169
236,13,1927.871169
236,13,1927.871169
236,13,1927.871169
236,13,1927.871169
236,13,1927.871169
236,13,1927.871169
236,13,1927.871169
236,13,1927.871169
236,13,1927.871169
236,13,1927.871169
236,13,1927.871169
236,13,1927.871169
236,13,1927.871169
236,13,1927.871169
236,13,1927.871169
236,13,1927.871169
237,7,2050.303208
237,8,1969.448605
237,8,1969.448605
237,8,1969.448605
237,8,1969.448605
237,8,1969.448605
237,9,1959.505592
237,9,1959.505592
237,9,1959.505592
237,9,1959.505592
237,9,1959.505592
237,10,1945.039975
237,10,1945.039975
237,10,1945.039975
237,10,1945.039975
237,10,1945.039975
237,10,1945.039975
237,10,1945.039975
237,10,1945.039975
237,10,1945.039975
237,10,1945.039975
237,10,1945.039975
237,10,1945.039975
237,10,1945.039975
237,10,1945.039975
237,10,1945.039975
237,10,1945.039975
237,10,1945.039975
237,10,1945.039975
237,10,1945.039975
237,11,1936.955194
237,11,1936.955194
237,11,1936.955194
237,11,1936.955194
237,11,1936.955194
237,11,1936.955194
237,11,1936.955194
237,11,1936.955194
237,11,1936.955194
237,12,1933.957487
237,12,1933.957487
237,12,1933.957487
237,13,1927.871169
237,13,1927.871169
237,13,1927.871169
237,13,1927.871169
237,13,1927.871169
237,13,1927.871169
237,13,1927.871169
237,13,1927.871169
237,13,1927.871169
237,13,1927.871169
237,13,1927.871169
237,13,1927.871169
237,13,1927.871169
237,13,1927.871169
237,13,1927.871169
237,13,1927.871169
237,13,1927.871169
237,13,1927.871169
237,13,1927.871169
237,13,1927.871169
237,13,1927.871169
237,13,1927.871169
237,13,1927.871169
237,13,1927.871169
237,13,1927.871169
238,7,2050.303208
238,7,2050.303208
238,8,1969.448605
238,8,1969.448605
238,8,1969.448605
238,8,1969.448605
238,8,1969.448605
238,8,1969.448605
238,8,1969.448605
238,9,1959.505592
238,9,1959.505592
238,9,1959.505592
238,9,1959.505592
238,9,1959.505592
238,9,1959.505592
238,10,1945.039975
238,10,1945.039975
238,10,1945.039975
238,10,1945.039975
238,10,1945.039975
238,10,1945.039975
238,10,1945.039975
238,10,1945.039975
238,10,1945.039975
238,10,1945.039975
238,10,1945.039975
238,10,1945.039975
238,10,1945.039975
238,10,1945.039975
238,10,1945.039975
238,10,1945.039975
238,10,1945.039975
238,10,1945.039975
238,10,1945.039975
238,10,1945.039975
238,10,1945.039975
238,11,1936.955194
238,11,1936.955194
238,11,1936.955194
238,11,1936.955194
238,11,1936.955194
238,11,1936.955194
238,11,1936.955194
238,11,1936.955194
238,11,1936.955194
238,11,1936.955194
238,12,1933.957487
238,12,1933.957487
238,12,1933.957487
238,12,1933.957487
238,13,1927.871169
238,13,1927.871169
238,13,1927.871169
238,13,1927.871169
238,13,1927.871169
238,13,1927.871169
238,13,1927.871169
238,13,1927.871169
238,13,1927.871169
238,13,1927.871169
238,13,1927.871169
238,13,1927.871169
238,13,1927.871169
238,13,1927.871169
238,13,1927.871169
238,13,1927.871169
238,13,1927.871169
238,13,1927.871169
238,13,1927.871169
238,13,1927.871169
238,13,1927.871169
238,13,1927.871169
238,13,1927.871169
238,13,1927.871169
238,13,1927.871169
238,13,1927.871169
239,7,2019.104754
239,8,1969.448605
239,8,1969.448605
239,8,1969.448605
239,8,1969.448605
239,8,1969.448605
239,8,1969.448605
239,8,1969.448605
239,8,1969.448605
239,8,1969.448605
239,9,1959.505592
239,9,1959.505592
239,9,1959.505592
239,9,1959.505592
239,9,1959.505592
239,9,1959.505592
239,9,1959.505592
239,10,1928.264585
239,13,1927.871169
239,13,1927.871169
239,13,1927.871169
239,13,1927.871169
239,13,1927.871169
239,13,1927.871169
239,13,1927.871169
239,13,1927.871169
239,13,1927.871169
239,13,1927.871169
239,13,1927.871169
239,13,1927.871169
239,13,1927.871169
239,13,1927.871169
239,13,1927.871169
239,13,1927.871169
239,13,1927.871169
239,13,1927.871169
239,13,1927.871169
239,13,1927.871169
239,13,1927.871169
239,13,1927.871169
239,13,1927.871169
239,13,1927.871169
239,13,1927.871169
239,13,1927.871169
239,13,1927.871169
240,7,2019.104754
240,7,2019.104754
240,8,1969.448605
240,8,1969.448605
240,8,1969.448605
240,8,1969.448605
240,8,1969.448605
240,8,1969.448605
240,8,1969.448605
240,8,1969.448605
240,8,1969.448605
240,8,1969.448605
240,8,1969.448605
240,9,1938.140511
240,10,1928.264585
240,10,1928.264585
240,13,1927.871169
240,13,1927.871169
240,13,1927.871169
240,13,1927.871169
240,13,1927.871169
240,13,1927.871169
240,13,1927.871169
240,13,1927.871169
240,13,1927.871169
240,13,1927.871169
240,13,1927.871169
240,13,1927.871169
240,13,1927.871169
240,13,1927.871169
240,13,1927.871169
240,13,1927.871169
240,13,1927.871169
240,13,1927.871169
240,13,1927.871169
240,13,1927.871169
240,13,1927.871169
240,13,1927.871169
240,13,1927.871169
240,13,1927.871169
240,13,1927.871169
240,13,1927.871169
240,13,1927.871169
240,13,1927.871169
241,7,2019.104754
241,7,2019.104754
241,7,2019.104754
241,8,1969.448605
241,8,1969.448605
241,8,1969.448605
241,8,1969.448605
241,8,1969.448605
241,8,1969.448605
241,8,1969.448605
241,8,1969.448605
241,8,1969.448605
241,8,1969.448605
241,8,1969.448605
241,8,1969.448605
241,8,1969.448605
241,9,1938.140511
241,9,1938.140511
241,10,1924.052883
242,7,2019.104754
242,7,2019.104754
242,7,2019.104754
242,7,2019.104754
242,7,2019.104754
242,8,1969.448605
242,8,1969.448605
242,8,1969.448605
242,8,1969.448605
242,8,1969.448605
242,8,1969.448605
242,8,1969.448605
242,8,1969.448605
242,8,1969.448605
242,8,1969.448605
242,8,1969.448605
242,8,1969.448605
242,8,1969.448605
242,8,1969.448605
242,8,1969.448605
242,9,1938.140511
242,9,1938.140511
242,9,1938.140511
242,10,1924.052883
242,10,1924.052883
243,7,2019.104754
243,7,2019.104754
243,7,2019.104754
243,7,2019.104754
243,7,2019.104754
243,7,2019.104754
243,7,2019.104754
243,8,1969.448605
243,8,1969.448605
243,8,1969.448605
243,8,1969.448605
243,8,1969.448605
243,8,1969.448605
243,8,1969.448605
243,8,1969.448605
243,8,1969.448605
243,8,1969.448605
243,8,1969.448605
243,8,1969.448605
243,8,1969.448605
243,8,1969.448605
243,8,1969.448605
243,8,1969.448605
243,8,1969.448605
243,9,1938.140511
243,9,1938.140511
243,9,1938.140511
243,9,1938.140511
243,10,1924.052883
243,10,1924.052883
243,10,1924.052883
244,7,2019.104754
244,7,2019.104754
244,7,2019.104754
244,7,2019.104754
244,7,2019.104754
244,7,2019.104754
244,7,2019.104754
244,7,2019.104754
244,7,2019.104754
244,8,1969.049112
244,9,1938.140511
244,9,1938.140511
244,9,1938.140511
244,9,1938.140511
244,9,1938.140511
244,10,1924.052883
244,10,1924.052883
244,10,1924.052883
244,10,1924.052883
245,7,2006.595110
245,8,1969.049112
245,8,1969.049112
245,9,1938.140511
245,9,1938.140511
245,9,1938.140511
245,9,1938.140511
245,9,1938.140511
245,9,1938.140511
245,10,1924.052883
245,10,1924.052883
245,10,1924.052883
245,10,1924.052883
245,10,1924.052883
246,7,2006.595110
246,7,2006.595110
246,8,1941.358197
246,9,1932.025997
246,10,1924.052883
246,10,1924.052883
246,10,1924.052883
246,10,1924.052883
246,10,1924.052883
246,10,1924.052883
247,7,2005.950980
247,8,1941.358197
247,8,1941.358197
247,9,1932.025997
247,9,1932.025997
247,10,1924.052883
247,10,1924.052883
247,10,1924.052883
247,10,1924.052883
247,10,1924.052883
247,10,1924.052883
247,10,1924.052883
247,10,1924.052883
248,7,2005.950980
248,7,2005.950980
248,8,1941.358197
248,8,1941.358197
248,8,1941.358197
248,9,1932.025997
248,9,1932.025997
248,9,1932.025997
248,10,1924.052883
248,10,1924.052883
248,10,1924.052883
248,10,1924.052883
248,10,1924.052883
248,10,1924.052883
248,10,1924.052883
248,10,1924.052883
248,10,1924.052883
248,10,1924.052883
249,7,2005.950980
249,7,2005.950980
249,7,2005.950980
249,8,1941.358197
249,8,1941.358197
249,8,1941.358197
249,8,1941.358197
249,9,1932.025997
249,9,1932.025997
249,9,1932.025997
249,9,1932.025997
249,10,1922.590845
250,7,2005.950980
250,7,2005.950980
250,7,2005.950980
250,7,2005.950980
250,7,2005.950980
250,8,1941.358197
250,8,1941.358197
250,8,1941.358197
250,8,1941.358197
250,8,1941.358197
250,9,1932.025997
250,9,1932.025997
250,9,1932.025997
250,9,1932.025997
250,9,1932.025997
250,10,1922.590845
250,10,1922.590845
251,7,1998.349197
251,8,1941.358197
251,8,1941.358197
251,8,1941.358197
251,8,1941.358197
251,8,1941.358197
251,8,1941.358197
251,9,1932.025997
251,9,1932.025997
251,9,1932.025997
251,9,1932.025997
251,9,1932.025997
251,9,1932.025997
251,10,1922.590845
251,10,1922.590845
251,10,1922.590845
252,7,1998.349197
252,7,1998.349197
252,8,1941.358197
252,8,1941.358197
252,8,1941.358197
252,8,1941.358197
252,8,1941.358197
252,8,1941.358197
252,8,1941.358197
252,9,1932.025997
252,9,1932.025997
252,9,1932.025997
252,9,1932.025997
252,9,1932.025997
252,9,1932.025997
252,9,1932.025997
252,10,1922.590845
252,10,1922.590845
252,10,1922.590845
252,10,1922.590845
253,7,1998.349197
253,7,1998.349197
253,7,1998.349197
253,8,1941.358197
253,8,1941.358197
253,8,1941.358197
253,8,1941.358197
253,8,1941.358197
253,8,1941.358197
253,8,1941.358197
253,8,1941.358197
253,9,1932.025997
253,9,1932.025997
253,9,1932.025997
253,9,1932.025997
253,9,1932.025997
253,9,1932.025997
253,9,1932.025997
253,9,1932.025997
253,10,1922.590845
253,10,1922.590845
253,10,1922.590845
253,10,1922.590845
253,10,1922.590845
254,7,1998.349197
254,7,1998.349197
254,7,1998.349197
254,7,1998.349197
254,8,1941.358197
254,8,1941.358197
254,8,1941.358197
254,8,1941.358197
254,8,1941.358197
254,8,1941.358197
254,8,1941.358197
254,8,1941.358197
254,8,1941.358197
254,9,1932.025997
254,9,1932.025997
254,9,1932.025997
254,9,1932.025997
254,9,1932.025997
254,9,1932.025997
254,9,1932.025997
254,9,1932.025997
254,9,1932.025997
254,10,1922.590845
254,10,1922.590845
254,10,1922.590845
254,10,1922.590845
254,10,1922.590845
254,10,1922.590845
255,7,1998.349197
255,7,1998.349197
255,7,1998.349197
255,7,1998.349197
255,7,1998.349197
255,8,1941.358197
255,8,1941.358197
255,8,1941.358197
255,8,1941.358197
255,8,1941.358197
255,8,1941.358197
255,8,1941.358197
255,8,1941.358197
255,8,1941.358197
255,8,1941.358197
255,9,1932.025997
255,9,1932.025997
255,9,1932.025997
255,9,1932.025997
255,9,1932.025997
255,9,1932.025997
255,9,1932.025997
255,9,1932.025997
255,9,1932.025997
255,9,1932.025997
255,10,1922.590845
255,10,1922.590845
255,10,1922.590845
255,10,1922.590845
255,10,1922.590845
255,10,1922.590845
255,10,1922.590845
255,13,1918.095622
256,7,1998.349197
256,7,1998.349197
256,7,1998.349197
256,7,1998.349197
256,7,1998.349197
256,7,1998.349197
256,8,1941.358197
256,8,1941.358197
256,8,1941.358197
256,8,1941.358197
256,8,1941.358197
256,8,1941.358197
256,8,1941.358197
256,8,1941.358197
256,8,1941.358197
256,8,1941.358197
256,8,1941.358197
256,9,1932.025997
256,9,1932.025997
256,9,1932.025997
256,9,1932.025997
256,9,1932.025997
256,9,1932.025997
256,9,1932.025997
256,9,1932.025997
256,9,1932.025997
256,9,1932.025997
256,9,1932.025997
256,10,1922.590845
256,10,1922.590845
256,10,1922.590845
256,10,1922.590845
256,10,1922.590845
256,10,1922.590845
256,10,1922.590845
256,10,1922.590845
256,13,1918.095622
256,13,1918.095622
257,7,1998.349197
257,7,1998.349197
257,7,1998.349197
257,7,1998.349197
257,7,1998.349197
257,7,1998.349197
257,7,1998.349197
257,8,1941.358197
257,8,1941.358197
257,8,1941.358197
257,8,1941.358197
257,8,1941.358197
257,8,1941.358197
257,8,1941.358197
257,8,1941.358197
257,8,1941.358197
257,8,1941.358197
257,8,1941.358197
257,8,1941.358197
257,9,1929.485239
257,10,1922.590845
257,10,1922.590845
257,10,1922.590845
257,10,1922.590845
257,10,1922.590845
257,10,1922.590845
257,10,1922.590845
257,10,1922.590845
257,10,1922.590845
257,13,1918.095622
257,13,1918.095622
257,13,1918.095622
258,7,1998.349197
258,7,1998.349197
258,7,1998.349197
258,7,1998.349197
258,7,1998.349197
258,7,1998.349197
258,7,1998.349197
258,7,1998.349197
258,8,1941.358197
258,8,1941.358197
258,8,1941.358197
258,8,1941.358197
258,8,1941.358197
258,8,1941.358197
258,8,1941.358197
258,8,1941.358197
258,8,1941.358197
258,8,1941.358197
258,8,1941.358197
258,8,1941.358197
258,8,1941.358197
258,9,1929.485239
258,9,1929.485239
258,10,1922.590845
258,10,1922.590845
258,10,1922.590845
258,10,1922.590845
258,10,1922.590845
258,10,1922.590845
258,10,1922.590845
258,10,1922.590845
258,10,1922.590845
258,10,1922.590845
258,10,1922.590845
258,13,1918.095622
258,13,1918.095622
258,13,1918.095622
258,13,1918.095622
259,7,1998.349197
259,7,1998.349197
259,7,1998.349197
259,7,1998.349197
259,7,1998.349197
259,7,1998.349197
259,7,1998.349197
259,7,1998.349197
259,7,1998.349197
259,7,1998.349197
259,8,1941.358197
259,8,1941.358197
259,8,1941.358197
259,8,1941.358197
259,8,1941.358197
259,8,1941.358197
259,8,1941.358197
259,8,1941.358197
259,8,1941.358197
259,8,1941.358197
259,8,1941.358197
259,8,1941.358197
259,8,1941.358197
259,8,1941.358197
259,9,1929.485239
259,9,1929.485239
259,9,1929.485239
259,10,1922.590845
259,10,1922.590845
259,10,1922.590845
259,10,1922.590845
259,10,1922.590845
259,10,1922.590845
259,10,1922.590845
259,10,1922.590845
259,10,1922.590845
259,10,1922.590845
259,10,1922.590845
259,10,1922.590845
259,10,1922.590845
259,13,1918.095622
259,13,1918.095622
259,13,1918.095622
259,13,1918.095622
259,13,1918.095622
260,7,1998.349197
260,7,1998.349197
260,7,1998.349197
260,7,1998.349197
260,7,1998.349197
260,7,1998.349197
260,7,1998.349197
260,7,1998.349197
260,7,1998.349197
260,7,1998.349197
260,7,1998.349197
260,7,1998.349197
260,8,1941.358197
260,8,1941.358197
260,8,1941.358197
260,8,1941.358197
260,8,1941.358197
260,8,1941.358197
260,8,1941.358197
260,8,1941.358197
260,8,1941.358197
260,8,1941.358197
260,8,1941.358197
260,8,1941.358197
260,8,1941.358197
260,8,1941.358197
260,8,1941.358197
260,9,1929.485239
260,9,1929.485239
260,9,1929.485239
260,9,1929.485239
260,10,1922.590845
260,10,1922.590845
260,10,1922.590845
260,10,1922.590845
260,10,1922.590845
260,10,1922.590845
260,10,1922.590845
260,10,1922.590845
260,10,1922.590845
260,10,1922.590845
260,10,1922.590845
260,10,1922.590845
260,10,1922.590845
260,10,1922.590845
260,10,1922.590845
260,13,1918.095622
260,13,1918.095622
260,13,1918.095622
260,13,1918.095622
260,13,1918.095622
260,13,1918.095622
261,7,1998.349197
261,7,1998.349197
261,7,1998.349197
261,7,1998.349197
261,7,1998.349197
261,7,1998.349197
261,7,1998.349197
261,7,1998.349197
261,7,1998.349197
261,7,1998.349197
261,7,1998.349197
261,7,1998.349197
261,7,1998.349197
261,7,1998.349197
261,8,1941.358197
261,8,1941.358197
261,8,1941.358197
261,8,1941.358197
261,8,1941.358197
261,8,1941.358197
261,8,1941.358197
261,8,1941.358197
261,8,1941.358197
261,8,1941.358197
261,8,1941.358197
261,8,1941.358197
261,8,1941.358197
261,8,1941.358197
261,8,1941.358197
261,8,1941.358197
261,9,1929.485239
261,9,1929.485239
261,9,1929.485239
261,9,1929.485239
261,9,1929.485239
261,10,1922.590845
261,10,1922.590845
261,10,1922.590845
261,10,1922.590845
261,10,1922.590845
261,10,1922.590845
261,10,1922.590845
261,10,1922.590845
261,10,1922.590845
261,10,1922.590845
261,10,1922.590845
261,10,1922.590845
261,10,1922.590845
261,10,1922.590845
261,10,1922.590845
261,10,1922.590845
261,10,1922.590845
261,13,1918.095622
261,13,1918.095622
261,13,1918.095622
261,13,1918.095622
261,13,1918.095622
261,13,1918.095622
261,13,1918.095622
262,7,1998.349197
262,7,1998.349197
262,7,1998.349197
262,7,1998.349197
262,7,1998.349197
262,7,1998.349197
262,7,1998.349197
262,7,1998.349197
262,7,1998.349197
262,7,1998.349197
262,7,1998.349197
262,7,1998.349197
262,7,1998.349197
262,7,1998.349197
262,7,1998.349197
262,7,1998.349197
262,8,1941.358197
262,8,1941.358197
262,8,1941.358197
262,8,1941.358197
262,8,1941.358197
262,8,1941.358197
262,8,1941.358197
262,8,1941.358197
262,8,1941.358197
262,8,1941.358197
262,8,1941.358197
262,8,1941.358197
262,8,1941.358197
262,8,1941.358197
262,8,1941.358197
262,8,1941.358197
262,8,1941.358197
262,9,1924.587360
262,10,1921.575608
262,13,1918.095622
262,13,1918.095622
262,13,1918.095622
262,13,1918.095622
262,13,1918.095622
262,13,1918.095622
262,13,1918.095622
262,13,1918.095622
263,7,1998.349197
263,7,1998.349197
263,7,1998.349197
263,7,1998.349197
263,7,1998.349197
263,7,1998.349197
263,7,1998.349197
263,7,1998.349197
263,7,1998.349197
263,7,1998.349197
263,7,1998.349197
263,7,1998.349197
263,7,1998.349197
263,7,1998.349197
263,7,1998.349197
263,7,1998.349197
263,7,1998.349197
263,7,1998.349197
263,8,1941.358197
263,8,1941.358197
263,8,1941.358197
263,8,1941.358197
263,8,1941.358197
263,8,1941.358197
263,8,1941.358197
263,8,1941.358197
263,8,1941.358197
263,8,1941.358197
263,8,1941.358197
263,8,1941.358197
263,8,1941.358197
263,8,1941.358197
263,8,1941.358197
263,8,1941.358197
263,8,1941.358197
263,8,1941.358197
263,9,1924.587360
263,9,1924.587360
263,10,1921.575608
263,10,1921.575608
263,13,1918.095622
263,13,1918.095622
263,13,1918.095622
263,13,1918.095622
263,13,1918.095622
263,13,1918.095622
263,13,1918.095622
263,13,1918.095622
263,13,1918.095622
264,7,1998.349197
264,7,1998.349197
264,7,1998.349197
264,7,1998.349197
264,7,1998.349197
264,7,1998.349197
264,7,1998.349197
264,7,1998.349197
264,7,1998.349197
264,7,1998.349197
264,7,1998.349197
264,7,1998.349197
264,7,1998.349197
264,7,1998.349197
264,7,1998.349197
264,7,1998.349197
264,7,1998.349197
264,7,1998.349197
264,7,1998.349197
264,7,1998.349197
264,8,1941.358197
264,8,1941.358197
264,8,1941.358197
264,8,1941.358197
264,8,1941.358197
264,8,1941.358197
264,8,1941.358197
264,8,1941.358197
264,8,1941.358197
264,8,1941.358197
264,8,1941.358197
264,8,1941.358197
264,8,1941.358197
264,8,1941.358197
264,8,1941.358197
264,8,1941.358197
264,8,1941.358197
264,8,1941.358197
264,8,1941.358197
264,9,1924.587360
264,9,1924.587360
264,9,1924.587360
264,10,1921.575608
264,10,1921.575608
264,10,1921.575608
264,12,1915.959872
265,7,1992.038751
265,8,1941.358197
265,8,1941.358197
265,8,1941.358197
265,8,1941.358197
265,8,1941.358197
265,8,1941.358197
265,8,1941.358197
265,8,1941.358197
265,8,1941.358197
265,8,1941.358197
265,8,1941.358197
265,8,1941.358197
265,8,1941.358197
265,8,1941.358197
265,8,1941.358197
265,8,1941.358197
265,8,1941.358197
265,8,1941.358197
265,8,1941.358197
265,8,1941.358197
265,9,1924.587360
265,9,1924.587360
265,9,1924.587360
265,9,1924.587360
265,10,1921.575608
265,10,1921.575608
265,10,1921.575608
265,10,1921.575608
265,12,1915.959872
265,12,1915.959872
266,7,1992.038751
266,7,1992.038751
266,8,1941.358197
266,8,1941.358197
266,8,1941.358197
266,8,1941.358197
266,8,1941.358197
266,8,1941.358197
266,8,1941.358197
266,8,1941.358197
266,8,1941.358197
266,8,1941.358197
266,8,1941.358197
266,8,1941.358197
266,8,1941.358197
266,8,1941.358197
266,8,1941.358197
266,8,1941.358197
266,8,1941.358197
266,8,1941.358197
266,8,1941.358197
266,8,1941.358197
266,8,1941.358197
266,9,1921.285329
266,12,1915.959872
266,12,1915.959872
266,12,1915.959872
267,7,1990.748359
267,8,1941.358197
267,8,1941.358197
267,8,1941.358197
267,8,1941.358197
267,8,1941.358197
267,8,1941.358197
267,8,1941.358197
267,8,1941.358197
267,8,1941.358197
267,8,1941.358197
267,8,1941.358197
267,8,1941.358197
267,8,1941.358197
267,8,1941.358197
267,8,1941.358197
267,8,1941.358197
267,8,1941.358197
267,8,1941.358197
267,8,1941.358197
267,8,1941.358197
267,8,1941.358197
267,8,1941.358197
267,9,1921.285329
267,9,1921.285329
267,12,1915.959872
267,12,1915.959872
267,12,1915.959872
267,12,1915.959872
268,7,1990.748359
268,7,1990.748359
268,8,1941.358197
268,8,1941.358197
268,8,1941.358197
268,8,1941.358197
268,8,1941.358197
268,8,1941.358197
268,8,1941.358197
268,8,1941.358197
268,8,1941.358197
268,8,1941.358197
268,8,1941.358197
268,8,1941.358197
268,8,1941.358197
268,8,1941.358197
268,8,1941.358197
268,8,1941.358197
268,8,1941.358197
268,8,1941.358197
268,8,1941.358197
268,8,1941.358197
268,8,1941.358197
268,8,1941.358197
268,8,1941.358197
268,9,1921.285329
268,9,1921.285329
268,9,1921.285329
268,10,1920.262635
268,12,1915.959872
268,12,1915.959872
268,12,1915.959872
268,12,1915.959872
268,12,1915.959872
269,7,1990.748359
269,7,1990.748359
269,7,1990.748359
269,7,1990.748359
269,8,1941.358197
269,8,1941.358197
269,8,1941.358197
269,8,1941.358197
269,8,1941.358197
269,8,1941.358197
269,8,1941.358197
269,8,1941.358197
269,8,1941.358197
269,8,1941.358197
269,8,1941.358197
269,8,1941.358197
269,8,1941.358197
269,8,1941.358197
269,8,1941.358197
269,8,1941.358197
269,8,1941.358197
269,8,1941.358197
269,8,1941.358197
269,8,1941.358197
269,8,1941.358197
269,8,1941.358197
269,8,1941.358197
269,8,1941.358197
269,9,1921.285329
269,9,1921.285329
269,9,1921.285329
269,9,1921.285329
269,10,1920.262635
269,10,1920.262635
269,12,1915.959872
269,12,1915.959872
269,12,1915.959872
269,12,1915.959872
269,12,1915.959872
269,12,1915.959872
269,13,1912.001899
270,7,1990.748359
270,7,1990.748359
270,7,1990.748359
270,7,1990.748359
270,7,1990.748359
270,7,1990.748359
270,8,1941.358197
270,8,1941.358197
270,8,1941.358197
270,8,1941.358197
270,8,1941.358197
270,8,1941.358197
270,8,1941.358197
270,8,1941.358197
270,8,1941.358197
270,8,1941.358197
270,8,1941.358197
270,8,1941.358197
270,8,1941.358197
270,8,1941.358197
270,8,1941.358197
270,8,1941.358197
270,8,1941.358197
270,8,1941.358197
270,8,1941.358197
270,8,1941.358197
270,8,1941.358197
270,8,1941.358197
270,8,1941.358197
270,8,1941.358197
270,8,1941.358197
270,9,1921.285329
270,9,1921.285329
270,9,1921.285329
270,9,1921.285329
270,9,1921.285329
270,10,1920.262635
270,10,1920.262635
270,10,1920.262635
270,10,1920.262635
270,12,1915.959872
270,12,1915.959872
270,12,1915.959872
270,12,1915.959872
270,12,1915.959872
270,12,1915.959872
270,12,1915.959872
270,13,1912.001899
270,13,1912.001899
271,7,1987.619111
271,8,1941.358197
271,8,1941.358197
271,8,1941.358197
271,8,1941.358197
271,8,1941.358197
271,8,1941.358197
271,8,1941.358197
271,8,1941.358197
271,8,1941.358197
271,8,1941.358197
271,8,1941.358197
271,8,1941.358197
271,8,1941.358197
271,8,1941.358197
271,8,1941.358197
271,8,1941.358197
271,8,1941.358197
271,8,1941.358197
271,8,1941.358197
271,8,1941.358197
271,8,1941.358197
271,8,1941.358197
271,8,1941.358197
271,8,1941.358197
271,8,1941.358197
271,8,1941.358197
271,9,1921.285329
271,9,1921.285329
271,9,1921.285329
271,9,1921.285329
271,9,1921.285329
271,9,1921.285329
271,10,1917.221114
271,12,1914.556119
271,13,1912.001899
271,13,1912.001899
271,13,1912.001899
272,7,1987.619111
272,7,1987.619111
272,8,1941.358197
272,8,1941.358197
272,8,1941.358197
272,8,1941.358197
272,8,1941.358197
272,8,1941.358197
272,8,1941.358197
272,8,1941.358197
272,8,1941.358197
272,8,1941.358197
272,8,1941.358197
272,8,1941.358197
272,8,1941.358197
272,8,1941.358197
272,8,1941.358197
272,8,1941.358197
272,8,1941.358197
272,8,1941.358197
272,8,1941.358197
272,8,1941.358197
272,8,1941.358197
272,8,1941.358197
272,8,1941.358197
272,8,1941.358197
272,8,1941.358197
272,8,1941.358197
272,8,1941.358197
272,8,1941.358197
272,9,1921.285329
272,9,1921.285329
272,9,1921.285329
272,9,1921.285329
272,9,1921.285329
272,9,1921.285329
272,9,1921.285329
272,10,1917.221114
272,10,1917.221114
272,12,1914.556119
272,12,1914.556119
272,13,1912.001899
272,13,1912.001899
272,13,1912.001899
272,13,1912.001899
273,7,1986.466595
273,8,1941.358197
273,8,1941.358197
273,8,1941.358197
273,8,1941.358197
273,8,1941.358197
273,8,1941.358197
273,8,1941.358197
273,8,1941.358197
273,8,1941.358197
273,8,1941.358197
273,8,1941.358197
273,8,1941.358197
273,8,1941.358197
273,8,1941.358197
273,8,1941.358197
273,8,1941.358197
273,8,1941.358197
273,8,1941.358197
273,8,1941.358197
273,8,1941.358197
273,8,1941.358197
273,8,1941.358197
273,8,1941.358197
273,8,1941.358197
273,8,1941.358197
273,8,1941.358197
273,8,1941.358197
273,8,1941.358197
273,8,1941.358197
273,8,1941.358197
273,9,1921.285329
273,9,1921.285329
273,9,1921.285329
273,9,1921.285329
273,9,1921.285329
273,9,1921.285329
273,9,1921.285329
273,9,1921.285329
273,10,1917.221114
273,10,1917.221114
273,10,1917.221114
273,12,1914.556119
273,12,1914.556119
273,12,1914.556119
273,13,1912.001899
273,13,1912.001899
273,13,1912.001899
273,13,1912.001899
273,13,1912.001899
274,7,1986.466595
274,7,1986.466595
274,8,1941.358197
274,8,1941.358197
274,8,1941.358197
274,8,1941.358197
274,8,1941.358197
274,8,1941.358197
274,8,1941.358197
274,8,1941.358197
274,8,1941.358197
274,8,1941.358197
274,8,1941.358197
274,8,1941.358197
274,8,1941.358197
274,8,1941.358197
274,8,1941.358197
274,8,1941.358197
274,8,1941.358197
274,8,1941.358197
274,8,1941.358197
274,8,1941.358197
274,8,1941.358197
274,8,1941.358197
274,8,1941.358197
274,8,1941.358197
274,8,1941.358197
274,8,1941.358197
274,8,1941.358197
274,8,1941.358197
274,8,1941.358197
274,8,1941.358197
274,8,1941.358197
274,8,1941.358197
274,9,1921.285329
274,9,1921.285329
274,9,1921.285329
274,9,1921.285329
274,9,1921.285329
274,9,1921.285329
274,9,1921.285329
274,9,1921.285329
274,9,1921.285329
274,10,1917.221114
274,10,1917.221114
274,10,1917.221114
274,10,1917.221114
274,12,1914.556119
274,12,1914.556119
274,12,1914.556119
274,12,1914.556119
274,13,1912.001899
274,13,1912.001899
274,13,1912.001899
274,13,1912.001899
274,13,1912.001899
274,13,1912.001899
275,7,1986.466595
275,7,1986.466595
275,7,1986.466595
275,8,1937.913716
275,9,1921.285329
275,9,1921.285329
275,9,1921.285329
275,9,1921.285329
275,9,1921.285329
275,9,1921.285329
275,9,1921.285329
275,9,1921.285329
275,9,1921.285329
275,9,1921.285329
275,10,1917.221114
275,10,1917.221114
275,10,1917.221114
275,10,1917.221114
275,10,1917.221114
275,12,1914.556119
275,12,1914.556119
275,12,1914.556119
275,12,1914.556119
275,12,1914.556119
275,13,1912.001899
275,13,1912.001899
275,13,1912.001899
275,13,1912.001899
275,13,1912.001899
275,13,1912.001899
275,13,1912.001899
276,7,1986.466595
276,7,1986.466595
276,7,1986.466595
276,7,1986.466595
276,8,1937.913716
276,8,1937.913716
276,9,1921.285329
276,9,1921.285329
276,9,1921.285329
276,9,1921.285329
276,9,1921.285329
276,9,1921.285329
276,9,1921.285329
276,9,1921.285329
276,9,1921.285329
276,9,1921.285329
276,9,1921.285329
276,10,1915.040614
276,12,1914.556119
276,12,1914.556119
276,12,1914.556119
276,12,1914.556119
276,12,1914.556119
276,12,1914.556119
276,13,1912.001899
276,13,1912.001899
276,13,1912.001899
276,13,1912.001899
276,13,1912.001899
276,13,1912.001899
276,13,1912.001899
276,13,1912.001899
277,7,1986.466595
277,7,1986.466595
277,7,1986.466595
277,7,1986.466595
277,7,1986.466595
277,7,1986.466595
277,8,1937.913716
277,8,1937.913716
277,8,1937.913716
277,9,1921.285329
277,9,1921.285329
277,9,1921.285329
277,9,1921.285329
277,9,1921.285329
277,9,1921.285329
277,9,1921.285329
277,9,1921.285329
277,9,1921.285329
277,9,1921.285329
277,9,1921.285329
277,9,1921.285329
277,10,1915.040614
277,10,1915.040614
277,12,1914.556119
277,12,1914.556119
277,12,1914.556119
277,12,1914.556119
277,12,1914.556119
277,12,1914.556119
277,12,1914.556119
277,13,1912.001899
277,13,1912.001899
277,13,1912.001899
277,13,1912.001899
277,13,1912.001899
277,13,1912.001899
277,13,1912.001899
277,13,1912.001899
277,13,1912.001899
278,7,1984.951731
278,8,1937.913716
278,8,1937.913716
278,8,1937.913716
278,8,1937.913716
278,9,1921.285329
278,9,1921.285329
278,9,1921.285329
278,9,1921.285329
278,9,1921.285329
278,9,1921.285329
278,9,1921.285329
278,9,1921.285329
278,9,1921.285329
278,9,1921.285329
278,9,1921.285329
278,9,1921.285329
278,9,1921.285329
278,10,1915.040614
278,10,1915.040614
278,10,1915.040614
278,10,1915.040614
278,12,1914.556119
278,12,1914.556119
278,12,1914.556119
278,12,1914.556119
278,12,1914.556119
278,12,1914.556119
278,12,1914.556119
278,12,1914.556119
278,13,1912.001899
278,13,1912.001899
278,13,1912.001899
278,13,1912.001899
278,13,1912.001899
278,13,1912.001899
278,13,1912.001899
278,13,1912.001899
278,13,1912.001899
278,13,1912.001899
279,7,1984.951731
279,7,1984.951731
279,8,1937.913716
279,8,1937.913716
279,8,1937.913716
279,8,1937.913716
279,8,1937.913716
279,9,1921.285329
279,9,1921.285329
279,9,1921.285329
279,9,1921.285329
279,9,1921.285329
279,9,1921.285329
279,9,1921.285329
279,9,1921.285329
279,9,1921.285329
279,9,1921.285329
279,9,1921.285329
279,9,1921.285329
279,9,1921.285329
279,9,1921.285329
279,10,1915.040614
279,10,1915.040614
279,10,1915.040614
279,10,1915.040614
279,10,1915.040614
279,10,1915.040614
279,12,1914.556119
279,12,1914.556119
279,12,1914.556119
279,12,1914.556119
279,12,1914.556119
279,12,1914.556119
279,12,1914.556119
279,12,1914.556119
279,12,1914.556119
279,13,1912.001899
279,13,1912.001899
279,13,1912.001899
279,13,1912.001899
279,13,1912.001899
279,13,1912.001899
279,13,1912.001899
279,13,1912.001899
279,13,1912.001899
279,13,1912.001899
279,13,1912.001899
280,7,1984.951731
280,7,1984.951731
280,7,1984.951731
280,8,1937.913716
280,8,1937.913716
280,8,1937.913716
280,8,1937.913716
280,8,1937.913716
280,8,1937.913716
280,8,1937.913716
280,9,1921.285329
280,9,1921.285329
280,9,1921.285329
280,9,1921.285329
280,9,1921.285329
280,9,1921.285329
280,9,1921.285329
280,9,1921.285329
280,9,1921.285329
280,9,1921.285329
280,9,1921.285329
280,9,1921.285329
280,9,1921.285329
280,9,1921.285329
280,9,1921.285329
280,9,1921.285329
280,10,1914.848079
280,12,1914.556119
280,12,1914.556119
280,12,1914.556119
280,12,1914.556119
280,12,1914.556119
280,12,1914.556119
280,12,1914.556119
280,12,1914.556119
280,12,1914.556119
280,12,1914.556119
280,13,1912.001899
280,13,1912.001899
280,13,1912.001899
280,13,1912.001899
280,13,1912.001899
280,13,1912.001899
280,13,1912.001899
280,13,1912.001899
280,13,1912.001899
280,13,1912.001899
280,13,1912.001899
280,13,1912.001899
281,7,1957.570716
281,8,1937.913716
281,8,1937.913716
281,8,1937.913716
281,8,1937.913716
281,8,1937.913716
281,8,1937.913716
281,8,1937.913716
281,8,1937.913716
281,8,1937.913716
281,9,1921.285329
281,9,1921.285329
281,9,1921.285329
281,9,1921.285329
281,9,1921.285329
281,9,1921.285329
281,9,1921.285329
281,9,1921.285329
281,9,1921.285329
281,9,1921.285329
281,9,1921.285329
281,9,1921.285329
281,9,1921.285329
281,9,1921.285329
281,9,1921.285329
281,9,1921.285329
281,9,1921.285329
281,9,1921.285329
281,10,1914.848079
281,10,1914.848079
281,12,1911.760286
282,7,1957.570716
282,7,1957.570716
282,8,1937.913716
282,8,1937.913716
282,8,1937.913716
282,8,1937.913716
282,8,1937.913716
282,8,1937.913716
282,8,1937.913716
282,8,1937.913716
282,8,1937.913716
282,8,1937.913716
282,8,1937.913716
282,9,1921.285329
282,9,1921.285329
282,9,1921.285329
282,9,1921.285329
282,9,1921.285329
282,9,1921.285329
282,9,1921.285329
282,9,1921.285329
282,9,1921.285329
282,9,1921.285329
282,9,1921.285329
282,9,1921.285329
282,9,1921.285329
282,9,1921.285329
282,9,1921.285329
282,9,1921.285329
282,9,1921.285329
282,9,1921.285329
282,9,1921.285329
282,9,1921.285329
282,10,1914.848079
282,10,1914.848079
282,10,1914.848079
282,12,1911.760286
282,12,1911.760286
283,7,1957.570716
283,7,1957.570716
283,7,1957.570716
283,8,1937.913716
283,8,1937.913716
283,8,1937.913716
283,8,1937.913716
283,8,1937.913716
283,8,1937.913716
283,8,1937.913716
283,8,1937.913716
283,8,1937.913716
283,8,1937.913716
283,8,1937.913716
283,8,1937.913716
283,8,1937.913716
283,9,1921.285329
283,9,1921.285329
283,9,1921.285329
283,9,1921.285329
283,9,1921.285329
283,9,1921.285329
283,9,1921.285329
283,9,1921.285329
283,9,1921.285329
283,9,1921.285329
283,9,1921.285329
283,9,1921.285329
283,9,1921.285329
283,9,1921.285329
283,9,1921.285329
283,9,1921.285329
283,9,1921.285329
283,9,1921.285329
283,9,1921.285329
283,9,1921.285329
283,9,1921.285329
283,9,1921.285329
283,9,1921.285329
283,10,1911.958603
283,12,1911.760286
283,12,1911.760286
283,12,1911.760286
283,12,1911.760286
284,7,1957.570716
284,7,1957.570716
284,7,1957.570716
284,7,1957.570716
284,8,1937.913716
284,8,1937.913716
284,8,1937.913716
284,8,1937.913716
284,8,1937.913716
284,8,1937.913716
284,8,1937.913716
284,8,1937.913716
284,8,1937.913716
284,8,1937.913716
284,8,1937.913716
284,8,1937.913716
284,8,1937.913716
284,8,1937.913716
284,8,1937.913716
284,9,1918.846642
284,10,1911.958603
284,10,1911.958603
284,12,1911.760286
284,12,1911.760286
284,12,1911.760286
284,12,1911.760286
284,12,1911.760286
284,12,1911.760286
285,7,1957.570716
285,7,1957.570716
285,7,1957.570716
285,7,1957.570716
285,7,1957.570716
285,8,1937.913716
285,8,1937.913716
285,8,1937.913716
285,8,1937.913716
285,8,1937.913716
285,8,1937.913716
285,8,1937.913716
285,8,1937.913716
285,8,1937.913716
285,8,1937.913716
285,8,1937.913716
285,8,1937.913716
285,8,1937.913716
285,8,1937.913716
285,8,1937.913716
285,8,1937.913716
285,8,1937.913716
285,9,1918.846642
285,9,1918.846642
285,10,1911.958603
285,10,1911.958603
285,10,1911.958603
285,12,1911.760286
285,12,1911.760286
285,12,1911.760286
285,12,1911.760286
285,12,1911.760286
285,12,1911.760286
285,12,1911.760286
285,12,1911.760286
286,7,1957.570716
286,7,1957.570716
286,7,1957.570716
286,7,1957.570716
286,7,1957.570716
286,7,1957.570716
286,8,1937.913716
286,8,1937.913716
286,8,1937.913716
286,8,1937.913716
286,8,1937.913716
286,8,1937.913716
286,8,1937.913716
286,8,1937.913716
286,8,1937.913716
286,8,1937.913716
286,8,1937.913716
286,8,1937.913716
286,8,1937.913716
286,8,1937.913716
286,8,1937.913716
286,8,1937.913716
286,8,1937.913716
286,8,1937.913716
286,8,1937.913716
286,9,1918.846642
286,9,1918.846642
286,9,1918.846642
286,10,1911.958603
286,10,1911.958603
286,10,1911.958603
286,10,1911.958603
286,12,1911.760286
286,12,1911.760286
286,12,1911.760286
286,12,1911.760286
286,12,1911.760286
286,12,1911.760286
286,12,1911.760286
286,12,1911.760286
286,12,1911.760286
286,12,1911.760286
286,13,1908.455991
287,7,1957.570716
287,7,1957.570716
287,7,1957.570716
287,7,1957.570716
287,7,1957.570716
287,7,1957.570716
287,7,1957.570716
287,8,1937.913716
287,8,1937.913716
287,8,1937.913716
287,8,1937.913716
287,8,1937.913716
287,8,1937.913716
287,8,1937.913716
287,8,1937.913716
287,8,1937.913716
287,8,1937.913716
287,8,1937.913716
287,8,1937.913716
287,8,1937.913716
287,8,1937.913716
287,8,1937.913716
287,8,1937.913716
287,8,1937.913716
287,8,1937.913716
287,8,1937.913716
287,8,1937.913716
287,8,1937.913716
287,9,1918.846642
287,9,1918.846642
287,9,1918.846642
287,9,1918.846642
287,10,1911.958603
287,10,1911.958603
287,10,1911.958603
287,10,1911.958603
287,10,1911.958603
287,12,1911.760286
287,12,1911.760286
287,12,1911.760286
287,12,1911.760286
287,12,1911.760286
287,12,1911.760286
287,12,1911.760286
287,12,1911.760286
287,12,1911.760286
287,12,1911.760286
287,12,1911.760286
287,12,1911.760286
287,13,1908.455991
287,13,1908.455991
287,13,1908.455991
288,7,1957.570716
288,7,1957.570716
288,7,1957.570716
288,7,1957.570716
288,7,1957.570716
288,7,1957.570716
288,7,1957.570716
288,7,1957.570716
288,8,1935.805558
288,9,1918.846642
288,9,1918.846642
288,9,1918.846642
288,9,1918.846642
288,9,1918.846642
288,10,1911.958603
288,10,1911.958603
288,10,1911.958603
288,10,1911.958603
288,10,1911.958603
288,10,1911.958603
288,12,1911.760286
288,12,1911.760286
288,12,1911.760286
288,12,1911.760286
288,12,1911.760286
288,12,1911.760286
288,12,1911.760286
288,12,1911.760286
288,12,1911.760286
288,12,1911.760286
288,12,1911.760286
288,12,1911.760286
288,12,1911.760286
288,12,1911.760286
288,13,1908.455991
288,13,1908.455991
288,13,1908.455991
288,13,1908.455991
288,13,1908.455991
289,7,1957.570716
289,7,1957.570716
289,7,1957.570716
289,7,1957.570716
289,7,1957.570716
289,7,1957.570716
289,7,1957.570716
289,7,1957.570716
289,7,1957.570716
289,8,1935.805558
289,8,1935.805558
289,9,1916.300982
289,10,1911.958603
289,10,1911.958603
289,10,1911.958603
289,10,1911.958603
289,10,1911.958603
289,10,1911.958603
289,10,1911.958603
289,12,1907.072317
290,7,1957.570716
290,7,1957.570716
290,7,1957.570716
290,7,1957.570716
290,7,1957.570716
290,7,1957.570716
290,7,1957.570716
290,7,1957.570716
290,7,1957.570716
290,7,1957.570716
290,8,1935.805558
290,8,1935.805558
290,8,1935.805558
290,9,1916.300982
290,9,1916.300982
290,10,1911.958603
290,10,1911.958603
290,10,1911.958603
290,10,1911.958603
290,10,1911.958603
290,10,1911.958603
290,10,1911.958603
290,10,1911.958603
290,12,1907.072317
290,12,1907.072317
291,7,1957.570716
291,7,1957.570716
291,7,1957.570716
291,7,1957.570716
291,7,1957.570716
291,7,1957.570716
291,7,1957.570716
291,7,1957.570716
291,7,1957.570716
291,7,1957.570716
291,7,1957.570716
291,8,1935.372958
291,9,1916.300982
291,9,1916.300982
291,9,1916.300982
291,10,1911.958603
291,10,1911.958603
291,10,1911.958603
291,10,1911.958603
291,10,1911.958603
291,10,1911.958603
291,10,1911.958603
291,10,1911.958603
291,10,1911.958603
291,12,1901.261499
292,7,1955.625529
292,8,1933.908311
292,9,1916.300982
292,9,1916.300982
292,9,1916.300982
292,9,1916.300982
292,10,1911.958603
292,10,1911.958603
292,10,1911.958603
292,10,1911.958603
292,10,1911.958603
292,10,1911.958603
292,10,1911.958603
292,10,1911.958603
292,10,1911.958603
292,10,1911.958603
292,12,1901.261499
292,12,1901.261499
293,7,1955.625529
293,7,1955.625529
293,8,1933.427771
293,9,1916.300982
293,9,1916.300982
293,9,1916.300982
293,9,1916.300982
293,9,1916.300982
293,10,1911.958603
293,10,1911.958603
293,10,1911.958603
293,10,1911.958603
293,10,1911.958603
293,10,1911.958603
293,10,1911.958603
293,10,1911.958603
293,10,1911.958603
293,10,1911.958603
293,10,1911.958603
293,12,1901.261499
293,12,1901.261499
293,12,1901.261499
294,7,1955.625529
294,7,1955.625529
294,7,1955.625529
294,8,1933.427771
294,8,1933.427771
294,9,1916.300982
294,9,1916.300982
294,9,1916.300982
294,9,1916.300982
294,9,1916.300982
294,9,1916.300982
294,10,1911.958603
294,10,1911.958603
294,10,1911.958603
294,10,1911.958603
294,10,1911.958603
294,10,1911.958603
294,10,1911.958603
294,10,1911.958603
294,10,1911.958603
294,10,1911.958603
294,10,1911.958603
294,10,1911.958603
294,12,1901.261499
294,12,1901.261499
294,12,1901.261499
294,12,1901.261499
295,7,1955.625529
295,7,1955.625529
295,7,1955.625529
295,7,1955.625529
295,8,1933.306768
295,9,1916.300982
295,9,1916.300982
295,9,1916.300982
295,9,1916.300982
295,9,1916.300982
295,9,1916.300982
295,9,1916.300982
295,10,1911.958603
295,10,1911.958603
295,10,1911.958603
295,10,1911.958603
295,10,1911.958603
295,10,1911.958603
295,10,1911.958603
295,10,1911.958603
295,10,1911.958603
295,10,1911.958603
295,10,1911.958603
295,10,1911.958603
295,10,1911.958603
295,12,1901.261499
295,12,1901.261499
295,12,1901.261499
295,12,1901.261499
295,12,1901.261499
295,12,1901.261499
296,7,1955.625529
296,7,1955.625529
296,7,1955.625529
296,7,1955.625529
296,7,1955.625529
296,7,1955.625529
296,8,1933.306768
296,8,1933.306768
296,9,1916.300982
296,9,1916.300982
296,9,1916.300982
296,9,1916.300982
296,9,1916.300982
296,9,1916.300982
296,9,1916.300982
296,9,1916.300982
296,10,1911.958603
296,10,1911.958603
296,10,1911.958603
296,10,1911.958603
296,10,1911.958603
296,10,1911.958603
296,10,1911.958603
296,10,1911.958603
296,10,1911.958603
296,10,1911.958603
296,10,1911.958603
296,10,1911.958603
296,10,1911.958603
296,10,1911.958603
296,12,1901.261499
296,12,1901.261499
296,12,1901.261499
296,12,1901.261499
296,12,1901.261499
296,12,1901.261499
296,12,1901.261499
296,12,1901.261499
297,7,1955.625529
297,7,1955.625529
297,7,1955.625529
297,7,1955.625529
297,7,1955.625529
297,7,1955.625529
297,7,1955.625529
297,7,1955.625529
297,8,1933.306768
297,8,1933.306768
297,8,1933.306768
297,9,1916.300982
297,9,1916.300982
297,9,1916.300982
297,9,1916.300982
297,9,1916.300982
297,9,1916.300982
297,9,1916.300982
297,9,1916.300982
297,9,1916.300982
297,10,1911.958603
297,10,1911.958603
297,10,1911.958603
297,10,1911.958603
297,10,1911.958603
297,10,1911.958603
297,10,1911.958603
297,10,1911.958603
297,10,1911.958603
297,10,1911.958603
297,10,1911.958603
297,10,1911.958603
297,10,1911.958603
297,10,1911.958603
297,10,1911.958603
297,12,1901.261499
297,12,1901.261499
297,12,1901.261499
297,12,1901.261499
297,12,1901.261499
297,12,1901.261499
297,12,1901.261499
297,12,1901.261499
297,12,1901.261499
297,12,1901.261499
298,7,1950.255059
298,8,1933.306768
298,8,1933.306768
298,8,1933.306768
298,8,1933.306768
298,9,1916.300982
298,9,1916.300982
298,9,1916.300982
298,9,1916.300982
298,9,1916.300982
298,9,1916.300982
298,9,1916.300982
298,9,1916.300982
298,9,1916.300982
298,9,1916.300982
298,10,1911.958603
298,10,1911.958603
298,10,1911.958603
298,10,1911.958603
298,10,1911.958603
298,10,1911.958603
298,10,1911.958603
298,10,1911.958603
298,10,1911.958603
298,10,1911.958603
298,10,1911.958603
298,10,1911.958603
298,10,1911.958603
298,10,1911.958603
298,10,1911.958603
298,10,1911.958603
298,12,1901.261499
298,12,1901.261499
298,12,1901.261499
298,12,1901.261499
298,12,1901.261499
298,12,1901.261499
298,12,1901.261499
298,12,1901.261499
298,12,1901.261499
298,12,1901.261499
298,12,1901.261499
298,12,1901.261499
299,7,1950.255059
299,7,1950.255059
299,8,1933.306768
299,8,1933.306768
299,8,1933.306768
299,8,1933.306768
299,8,1933.306768
299,9,1916.300982
299,9,1916.300982
299,9,1916.300982
299,9,1916.300982
299,9,1916.300982
299,9,1916.300982
299,9,1916.300982
299,9,1916.300982
299,9,1916.300982
299,9,1916.300982
299,9,1916.300982
299,10,1911.958603
299,10,1911.958603
299,10,1911.958603
299,10,1911.958603
299,10,1911.958603
299,10,1911.958603
299,10,1911.958603
299,10,1911.958603
299,10,1911.958603
299,10,1911.958603
299,10,1911.958603
299,10,1911.958603
299,10,1911.958603
299,10,1911.958603
299,10,1911.958603
299,10,1911.958603
299,10,1911.958603
299,12,1901.261499
299,12,1901.261499
299,12,1901.261499
299,12,1901.261499
299,12,1901.261499
299,12,1901.261499
299,12,1901.261499
299,12,1901.261499
299,12,1901.261499
299,12,1901.261499
299,12,1901.261499
299,12,1901.261499
299,12,1901.261499
299,12,1901.261499
299,12,1901.261499
300,7,1950.255059
300,7,1950.255059
300,7,1950.255059
300,8,1933.306768
300,8,1933.306768
300,8,1933.306768
300,8,1933.306768
300,8,1933.306768
300,8,1933.306768
300,8,1933.306768
300,9,1916.300982
300,9,1916.300982
300,9,1916.300982
300,9,1916.300982
300,9,1916.300982
300,9,1916.300982
300,9,1916.300982
300,9,1916.300982
300,9,1916.300982
300,9,1916.300982
300,9,1916.300982
300,9,1916.300982
300,10,1911.958603
300,10,1911.958603
300,10,1911.958603
300,10,1911.958603
300,10,1911.958603
300,10,1911.958603
300,10,1911.958603
300,10,1911.958603
300,10,1911.958603
300,10,1911.958603
300,10,1911.958603
300,10,1911.958603
300,10,1911.958603
300,10,1911.958603
300,10,1911.958603
300,10,1911.958603
300,10,1911.958603
300,10,1911.958603
300,11,1908.660798
300,12,1901.261499
300,12,1901.261499
300,12,1901.261499
300,12,1901.261499
300,12,1901.261499
300,12,1901.261499
300,12,1901.261499
300,12,1901.261499
300,12,1901.261499
300,12,1901.261499
300,12,1901.261499
300,12,1901.261499
300,12,1901.261499
300,12,1901.261499
300,12,1901.261499
300,12,1901.261499
300,12,1901.261499
300,12,1901.261499
301,7,1950.255059
301,7,1950.255059
301,7,1950.255059
301,7,1950.255059
301,8,1933.306768
301,8,1933.306768
301,8,1933.306768
301,8,1933.306768
301,8,1933.306768
301,8,1933.306768
301,8,1933.306768
301,8,1933.306768
301,8,1933.306768
301,9,1908.150994
301,12,1901.261499
301,12,1901.261499
301,12,1901.261499
301,12,1901.261499
301,12,1901.261499
301,12,1901.261499
301,12,1901.261499
301,12,1901.261499
301,12,1901.261499
301,12,1901.261499
301,12,1901.261499
301,12,1901.261499
301,12,1901.261499
301,12,1901.261499
301,12,1901.261499
301,12,1901.261499
301,12,1901.261499
301,12,1901.261499
301,12,1901.261499
301,12,1901.261499
301,12,1901.261499
301,12,1901.261499
302,7,1950.255059
302,7,1950.255059
302,7,1950.255059
302,7,1950.255059
302,7,1950.255059
302,8,1933.306768
302,8,1933.306768
302,8,1933.306768
302,8,1933.306768
302,8,1933.306768
302,8,1933.306768
302,8,1933.306768
302,8,1933.306768
302,8,1933.306768
302,8,1933.306768
302,8,1933.306768
302,9,1908.150994
302,9,1908.150994
302,12,1901.261499
302,12,1901.261499
302,12,1901.261499
302,12,1901.261499
302,12,1901.261499
302,12,1901.261499
302,12,1901.261499
302,12,1901.261499
302,12,1901.261499
302,12,1901.261499
302,12,1901.261499
302,12,1901.261499
302,12,1901.261499
302,12,1901.261499
302,12,1901.261499
302,12,1901.261499
302,12,1901.261499
302,12,1901.261499
302,12,1901.261499
302,12,1901.261499
302,12,1901.261499
302,12,1901.261499
302,12,1901.261499
302,12,1901.261499
302,12,1901.261499
302,12,1901.261499
303,7,1950.255059
303,7,1950.255059
303,7,1950.255059
303,7,1950.255059
303,7,1950.255059
303,7,1950.255059
303,8,1922.238622
303,9,1908.150994
303,9,1908.150994
303,9,1908.150994
303,11,1906.186180
303,12,1901.261499
303,12,1901.261499
303,12,1901.261499
303,12,1901.261499
303,12,1901.261499
303,12,1901.261499
303,12,1901.261499
303,12,1901.261499
303,12,1901.261499
303,12,1901.261499
303,12,1901.261499
303,12,1901.261499
303,12,1901.261499
303,12,1901.261499
303,12,1901.261499
303,12,1901.261499
303,12,1901.261499
303,12,1901.261499
303,12,1901.261499
303,12,1901.261499
303,12,1901.261499
303,12,1901.261499
303,12,1901.261499
303,12,1901.261499
303,12,1901.261499
303,12,1901.261499
303,12,1901.261499
303,12,1901.261499
303,12,1901.261499
303,12,1901.261499
304,7,1950.255059
304,7,1950.255059
304,7,1950.255059
304,7,1950.255059
304,7,1950.255059
304,7,1950.255059
304,7,1950.255059
304,8,1922.238622
304,8,1922.238622
304,9,1908.150994
304,9,1908.150994
304,9,1908.150994
304,9,1908.150994
304,11,1906.186180
304,11,1906.186180
304,12,1901.261499
304,12,1901.261499
304,12,1901.261499
304,12,1901.261499
304,12,1901.261499
304,12,1901.261499
304,12,1901.261499
304,12,1901.261499
304,12,1901.261499
304,12,1901.261499
304,12,1901.261499
304,12,1901.261499
304,12,1901.261499
304,12,1901.261499
304,12,1901.261499
304,12,1901.261499
304,12,1901.261499
304,12,1901.261499
304,12,1901.261499
304,12,1901.261499
304,12,1901.261499
304,12,1901.261499
304,12,1901.261499
304,12,1901.261499
304,12,1901.261499
304,12,1901.261499
304,12,1901.261499
304,12,1901.261499
304,12,1901.261499
304,12,1901.261499
304,12,1901.261499
304,12,1901.261499
304,12,1901.261499
304,12,1901.261499
305,7,1950.255059
305,7,1950.255059
305,7,1950.255059
305,7,1950.255059
305,7,1950.255059
305,7,1950.255059
305,7,1950.255059
305,7,1950.255059
305,7,1950.255059
305,8,1921.551023
305,9,1908.150994
305,9,1908.150994
305,9,1908.150994
305,9,1908.150994
305,9,1908.150994
305,11,1903.496293
305,12,1901.261499
305,12,1901.261499
305,12,1901.261499
305,12,1901.261499
305,12,1901.261499
305,12,1901.261499
305,12,1901.261499
305,12,1901.261499
305,12,1901.261499
305,12,1901.261499
305,12,1901.261499
305,12,1901.261499
305,12,1901.261499
305,12,1901.261499
305,12,1901.261499
305,12,1901.261499
305,12,1901.261499
305,12,1901.261499
305,12,1901.261499
305,12,1901.261499
305,12,1901.261499
305,12,1901.261499
305,12,1901.261499
305,12,1901.261499
305,12,1901.261499
305,12,1901.261499
305,12,1901.261499
305,12,1901.261499
305,12,1901.261499
305,12,1901.261499
305,12,1901.261499
305,12,1901.261499
305,12,1901.261499
305,12,1901.261499
305,12,1901.261499
305,12,1901.261499
305,12,1901.261499
305,12,1901.261499
306,7,1950.255059
306,7,1950.255059
306,7,1950.255059
306,7,1950.255059
306,7,1950.255059
306,7,1950.255059
306,7,1950.255059
306,7,1950.255059
306,7,1950.255059
306,7,1950.255059
306,7,1950.255059
306,8,1921.551023
306,8,1921.551023
306,9,1908.150994
306,9,1908.150994
306,9,1908.150994
306,9,1908.150994
306,9,1908.150994
306,9,1908.150994
306,11,1903.496293
306,11,1903.496293
306,12,1901.261499
306,12,1901.261499
306,12,1901.261499
306,12,1901.261499
306,12,1901.261499
306,12,1901.261499
306,12,1901.261499
306,12,1901.261499
306,12,1901.261499
306,12,1901.261499
306,12,1901.261499
306,12,1901.261499
306,12,1901.261499
306,12,1901.261499
306,12,1901.261499
306,12,1901.261499
306,12,1901.261499
306,12,1901.261499
306,12,1901.261499
306,12,1901.261499
306,12,1901.261499
306,12,1901.261499
306,12,1901.261499
306,12,1901.261499
306,12,1901.261499
306,12,1901.261499
306,12,1901.261499
306,12,1901.261499
306,12,1901.261499
306,12,1901.261499
306,12,1901.261499
306,12,1901.261499
306,12,1901.261499
306,12,1901.261499
306,12,1901.261499
306,12,1901.261499
306,12,1901.261499
306,12,1901.261499
306,12,1901.261499
306,12,1901.261499
306,12,1901.261499
306,12,1901.261499
307,7,1950.255059
307,7,1950.255059
307,7,1950.255059
307,7,1950.255059
307,7,1950.255059
307,7,1950.255059
307,7,1950.255059
307,7,1950.255059
307,7,1950.255059
307,7,1950.255059
307,7,1950.255059
307,7,1950.255059
307,7,1950.255059
307,8,1921.551023
307,8,1921.551023
307,8,1921.551023
307,9,1908.150994
307,9,1908.150994
307,9,1908.150994
307,9,1908.150994
307,9,1908.150994
307,9,1908.150994
307,9,1908.150994
307,9,1908.150994
307,11,1903.496293
307,11,1903.496293
307,11,1903.496293
307,12,1901.261499
307,12,1901.261499
307,12,1901.261499
307,12,1901.261499
307,12,1901.261499
307,12,1901.261499
307,12,1901.261499
307,12,1901.261499
307,12,1901.261499
307,12,1901.261499
307,12,1901.261499
307,12,1901.261499
307,12,1901.261499
307,12,1901.261499
307,12,1901.261499
307,12,1901.261499
307,12,1901.261499
307,12,1901.261499
307,12,1901.261499
307,12,1901.261499
307,12,1901.261499
307,12,1901.261499
307,12,1901.261499
307,12,1901.261499
307,12,1901.261499
307,12,1901.261499
307,12,1901.261499
307,12,1901.261499
307,12,1901.261499
307,12,1901.261499
307,12,1901.261499
307,12,1901.261499
307,12,1901.261499
307,12,1901.261499
307,12,1901.261499
307,12,1901.261499
307,12,1901.261499
307,12,1901.261499
307,12,1901.261499
307,12,1901.261499
307,12,1901.261499
307,12,1901.261499
307,12,1901.261499
307,12,1901.261499
307,12,1901.261499
307,12,1901.261499
308,7,1950.255059
308,7,1950.255059
308,7,1950.255059
308,7,1950.255059
308,7,1950.255059
308,7,1950.255059
308,7,1950.255059
308,7,1950.255059
308,7,1950.255059
308,7,1950.255059
308,7,1950.255059
308,7,1950.255059
308,7,1950.255059
308,7,1950.255059
308,7,1950.255059
308,7,1950.255059
308,8,1921.551023
308,8,1921.551023
308,8,1921.551023
308,8,1921.551023
308,9,1908.150994
308,9,1908.150994
308,9,1908.150994
308,9,1908.150994
308,9,1908.150994
308,9,1908.150994
308,9,1908.150994
308,9,1908.150994
308,9,1908.150994
308,9,1908.150994
308,11,1903.496293
308,11,1903.496293
308,11,1903.496293
308,11,1903.496293
308,12,1901.261499
308,12,1901.261499
308,12,1901.261499
308,12,1901.261499
308,12,1901.261499
308,12,1901.261499
308,12,1901.261499
308,12,1901.261499
308,12,1901.261499
308,12,1901.261499
308,12,1901.261499
308,12,1901.261499
308,12,1901.261499
308,12,1901.261499
308,12,1901.261499
308,12,1901.261499
308,12,1901.261499
308,12,1901.261499
308,12,1901.261499
308,12,1901.261499
308,12,1901.261499
308,12,1901.261499
308,12,1901.261499
308,12,1901.261499
308,12,1901.261499
308,12,1901.261499
308,12,1901.261499
308,12,1901.261499
308,12,1901.261499
308,12,1901.261499
308,12,1901.261499
308,12,1901.261499
308,12,1901.261499
308,12,1901.261499
308,12,1901.261499
308,12,1901.261499
308,12,1901.261499
308,12,1901.261499
308,12,1901.261499
308,12,1901.261499
308,12,1901.261499
308,12,1901.261499
308,12,1901.261499
308,12,1901.261499
308,12,1901.261499
308,12,1901.261499
308,12,1901.261499
308,12,1901.261499
308,12,1901.261499
308,12,1901.261499
308,12,1901.261499
309,7,1950.255059
309,7,1950.255059
309,7,1950.255059
309,7,1950.255059
309,7,1950.255059
309,7,1950.255059
309,7,1950.255059
309,7,1950.255059
309,7,1950.255059
309,7,1950.255059
309,7,1950.255059
309,7,1950.255059
309,7,1950.255059
309,7,1950.255059
309,7,1950.255059
309,7,1950.255059
309,7,1950.255059
309,7,1950.255059
309,7,1950.255059
309,8,1921.551023
309,8,1921.551023
309,8,1921.551023
309,8,1921.551023
309,8,1921.551023
309,9,1908.150994
309,9,1908.150994
309,9,1908.150994
309,9,1908.150994
309,9,1908.150994
309,9,1908.150994
309,9,1908.150994
309,9,1908.150994
309,9,1908.150994
309,9,1908.150994
309,9,1908.150994
309,9,1908.150994
309,11,1903.496293
309,11,1903.496293
309,11,1903.496293
309,11,1903.496293
309,11,1903.496293
309,12,1898.402059
310,7,1950.255059
310,7,1950.255059
310,7,1950.255059
310,7,1950.255059
310,7,1950.255059
310,7,1950.255059
310,7,1950.255059
310,7,1950.255059
310,7,1950.255059
310,7,1950.255059
310,7,1950.255059
310,7,1950.255059
310,7,1950.255059
310,7,1950.255059
310,7,1950.255059
310,7,1950.255059
310,7,1950.255059
310,7,1950.255059
310,7,1950.255059
310,7,1950.255059
310,7,1950.255059
310,7,1950.255059
310,8,1921.551023
310,8,1921.551023
310,8,1921.551023
310,8,1921.551023
310,8,1921.551023
310,8,1921.551023
310,9,1908.150994
310,9,1908.150994
310,9,1908.150994
310,9,1908.150994
310,9,1908.150994
310,9,1908.150994
310,9,1908.150994
310,9,1908.150994
310,9,1908.150994
310,9,1908.150994
310,9,1908.150994
310,9,1908.150994
310,9,1908.150994
310,9,1908.150994
310,11,1903.496293
310,11,1903.496293
310,11,1903.496293
310,11,1903.496293
310,11,1903.496293
310,11,1903.496293
310,12,1898.402059
310,12,1898.402059
311,7,1950.255059
311,7,1950.255059
311,7,1950.255059
311,7,1950.255059
311,7,1950.255059
311,7,1950.255059
311,7,1950.255059
311,7,1950.255059
311,7,1950.255059
311,7,1950.255059
311,7,1950.255059
311,7,1950.255059
311,7,1950.255059
311,7,1950.255059
311,7,1950.255059
311,7,1950.255059
311,7,1950.255059
311,7,1950.255059
311,7,1950.255059
311,7,1950.255059
311,7,1950.255059
311,7,1950.255059
311,7,1950.255059
311,7,1950.255059
311,7,1950.255059
311,8,1921.551023
311,8,1921.551023
311,8,1921.551023
311,8,1921.551023
311,8,1921.551023
311,8,1921.551023
311,8,1921.551023
311,9,1908.150994
311,9,1908.150994
311,9,1908.150994
311,9,1908.150994
311,9,1908.150994
311,9,1908.150994
311,9,1908.150994
311,9,1908.150994
311,9,1908.150994
311,9,1908.150994
311,9,1908.150994
311,9,1908.150994
311,9,1908.150994
311,9,1908.150994
311,9,1908.150994
311,9,1908.150994
311,11,1903.496293
311,11,1903.496293
311,11,1903.496293
311,11,1903.496293
311,11,1903.496293
311,11,1903.496293
311,11,1903.496293
311,12,1898.402059
311,12,1898.402059
311,12,1898.402059
312,7,1950.255059
312,7,1950.255059
312,7,1950.255059
312,7,1950.255059
312,7,1950.255059
312,7,1950.255059
312,7,1950.255059
312,7,1950.255059
312,7,1950.255059
312,7,1950.255059
312,7,1950.255059
312,7,1950.255059
312,7,1950.255059
312,7,1950.255059
312,7,1950.255059
312,7,1950.255059
312,7,1950.255059
312,7,1950.255059
312,7,1950.255059
312,7,1950.255059
312,7,1950.255059
312,7,1950.255059
312,7,1950.255059
312,7,1950.255059
312,7,1950.255059
312,7,1950.255059
312,7,1950.255059
312,7,1950.255059
312,7,1950.255059
312,8,1921.551023
312,8,1921.551023
312,8,1921.551023
312,8,1921.551023
312,8,1921.551023
312,8,1921.551023
312,8,1921.551023
312,8,1921.551023
312,9,1908.150994
312,9,1908.150994
312,9,1908.150994
312,9,1908.150994
312,9,1908.150994
312,9,1908.150994
312,9,1908.150994
312,9,1908.150994
312,9,1908.150994
312,9,1908.150994
312,9,1908.150994
312,9,1908.150994
312,9,1908.150994
312,9,1908.150994
312,9,1908.150994
312,9,1908.150994
312,9,1908.150994
312,9,1908.150994
312,11,1903.496293
312,11,1903.496293
312,11,1903.496293
312,11,1903.496293
312,11,1903.496293
312,11,1903.496293
312,11,1903.496293
312,11,1903.496293
312,12,1898.402059
312,12,1898.402059
312,12,1898.402059
312,12,1898.402059
313,7,1950.255059
313,7,1950.255059
313,7,1950.255059
313,7,1950.255059
313,7,1950.255059
313,7,1950.255059
313,7,1950.255059
313,7,1950.255059
313,7,1950.255059
313,7,1950.255059
313,7,1950.255059
313,7,1950.255059
313,7,1950.255059
313,7,1950.255059
313,7,1950.255059
313,7,1950.255059
313,7,1950.255059
313,7,1950.255059
313,7,1950.255059
313,7,1950.255059
313,7,1950.255059
313,7,1950.255059
313,7,1950.255059
313,7,1950.255059
313,7,1950.255059
313,7,1950.255059
313,7,1950.255059
313,7,1950.255059
313,7,1950.255059
313,7,1950.255059
313,7,1950.255059
313,7,1950.255059
313,7,1950.255059
313,8,1921.551023
313,8,1921.551023
313,8,1921.551023
313,8,1921.551023
313,8,1921.551023
313,8,1921.551023
313,8,1921.551023
313,8,1921.551023
313,8,1921.551023
313,9,1908.150994
313,9,1908.150994
313,9,1908.150994
313,9,1908.150994
313,9,1908.150994
313,9,1908.150994
313,9,1908.150994
313,9,1908.150994
313,9,1908.150994
313,9,1908.150994
313,9,1908.150994
313,9,1908.150994
313,9,1908.150994
313,9,1908.150994
313,9,1908.150994
313,9,1908.150994
313,9,1908.150994
313,9,1908.150994
313,9,1908.150994
313,9,1908.150994
313,11,1901.403402
313,12,1898.402059
313,12,1898.402059
313,12,1898.402059
313,12,1898.402059
313,12,1898.402059
314,7,1950.255059
314,7,1950.255059
314,7,1950.255059
314,7,1950.255059
314,7,1950.255059
314,7,1950.255059
314,7,1950.255059
314,7,1950.255059
314,7,1950.255059
314,7,1950.255059
314,7,1950.255059
314,7,1950.255059
314,7,1950.255059
314,7,1950.255059
314,7,1950.255059
314,7,1950.255059
314,7,1950.255059
314,7,1950.255059
314,7,1950.255059
314,7,1950.255059
314,7,1950.255059
314,7,1950.255059
314,7,1950.255059
314,7,1950.255059
314,7,1950.255059
314,7,1950.255059
314,7,1950.255059
314,7,1950.255059
314,7,1950.255059
314,7,1950.255059
314,7,1950.255059
314,7,1950.255059
314,7,1950.255059
314,7,1950.255059
314,7,1950.255059
314,7,1950.255059
314,7,1950.255059
314,8,1921.551023
314,8,1921.551023
314,8,1921.551023
314,8,1921.551023
314,8,1921.551023
314,8,1921.551023
314,8,1921.551023
314,8,1921.551023
314,8,1921.551023
314,8,1921.551023
314,9,1908.150994
314,9,1908.150994
314,9,1908.150994
314,9,1908.150994
314,9,1908.150994
314,9,1908.150994
314,9,1908.150994
314,9,1908.150994
314,9,1908.150994
314,9,1908.150994
314,9,1908.150994
314,9,1908.150994
314,9,1908.150994
314,9,1908.150994
314,9,1908.150994
314,9,1908.150994
314,9,1908.150994
314,9,1908.150994
314,9,1908.150994
314,9,1908.150994
314,9,1908.150994
314,9,1908.150994
314,10,1904.344425
314,11,1901.403402
314,11,1901.403402
314,12,1898.402059
314,12,1898.402059
314,12,1898.402059
314,12,1898.402059
314,12,1898.402059
314,12,1898.402059
315,7,1950.255059
315,7,1950.255059
315,7,1950.255059
315,7,1950.255059
315,7,1950.255059
315,7,1950.255059
315,7,1950.255059
315,7,1950.255059
315,7,1950.255059
315,7,1950.255059
315,7,1950.255059
315,7,1950.255059
315,7,1950.255059
315,7,1950.255059
315,7,1950.255059
315,7,1950.255059
315,7,1950.255059
315,7,1950.255059
315,7,1950.255059
315,7,1950.255059
315,7,1950.255059
315,7,1950.255059
315,7,1950.255059
315,7,1950.255059
315,7,1950.255059
315,7,1950.255059
315,7,1950.255059
315,7,1950.255059
315,7,1950.255059
315,7,1950.255059
315,7,1950.255059
315,7,1950.255059
315,7,1950.255059
315,7,1950.255059
315,7,1950.255059
315,7,1950.255059
315,7,1950.255059
315,7,1950.255059
315,7,1950.255059
315,7,1950.255059
315,7,1950.255059
315,8,1921.551023
315,8,1921.551023
315,8,1921.551023
315,8,1921.551023
315,8,1921.551023
315,8,1921.551023
315,8,1921.551023
315,8,1921.551023
315,8,1921.551023
315,8,1921.551023
315,8,1921.551023
315,9,1908.150994
315,9,1908.150994
315,9,1908.150994
315,9,1908.150994
315,9,1908.150994
315,9,1908.150994
315,9,1908.150994
315,9,1908.150994
315,9,1908.150994
315,9,1908.150994
315,9,1908.150994
315,9,1908.150994
315,9,1908.150994
315,9,1908.150994
315,9,1908.150994
315,9,1908.150994
315,9,1908.150994
315,9,1908.150994
315,9,1908.150994
315,9,1908.150994
315,9,1908.150994
315,9,1908.150994
315,9,1908.150994
315,9,1908.150994
315,10,1904.344425
315,10,1904.344425
315,11,1901.403402
315,11,1901.403402
315,11,1901.403402
315,12,1898.402059
315,12,1898.402059
315,12,1898.402059
315,12,1898.402059
315,12,1898.402059
315,12,1898.402059
315,12,1898.402059
316,7,1950.255059
316,7,1950.255059
316,7,1950.255059
316,7,1950.255059
316,7,1950.255059
316,7,1950.255059
316,7,1950.255059
316,7,1950.255059
316,7,1950.255059
316,7,1950.255059
316,7,1950.255059
316,7,1950.255059
316,7,1950.255059
316,7,1950.255059
316,7,1950.255059
316,7,1950.255059
316,7,1950.255059
316,7,1950.255059
316,7,1950.255059
316,7,1950.255059
316,7,1950.255059
316,7,1950.255059
316,7,1950.255059
316,7,1950.255059
316,7,1950.255059
316,7,1950.255059
316,7,1950.255059
316,7,1950.255059
316,7,1950.255059
316,7,1950.255059
316,7,1950.255059
316,7,1950.255059
316,7,1950.255059
316,7,1950.255059
316,7,1950.255059
316,7,1950.255059
316,7,1950.255059
316,7,1950.255059
316,7,1950.255059
316,7,1950.255059
316,7,1950.255059
316,7,1950.255059
316,7,1950.255059
316,7,1950.255059
316,7,1950.255059
316,8,1921.551023
316,8,1921.551023
316,8,1921.551023
316,8,1921.551023
316,8,1921.551023
316,8,1921.551023
316,8,1921.551023
316,8,1921.551023
316,8,1921.551023
316,8,1921.551023
316,8,1921.551023
316,8,1921.551023
316,8,1921.551023
316,9,1908.150994
316,9,1908.150994
316,9,1908.150994
316,9,1908.150994
316,9,1908.150994
316,9,1908.150994
316,9,1908.150994
316,9,1908.150994
316,9,1908.150994
316,9,1908.150994
316,9,1908.150994
316,9,1908.150994
316,9,1908.150994
316,9,1908.150994
316,9,1908.150994
316,9,1908.150994
316,9,1908.150994
316,9,1908.150994
316,9,1908.150994
316,9,1908.150994
316,9,1908.150994
316,9,1908.150994
316,9,1908.150994
316,9,1908.150994
316,9,1908.150994
316,9,1908.150994
316,10,1904.344425
316,10,1904.344425
316,10,1904.344425
316,11,1896.657614
317,7,1943.010514
317,8,1921.551023
317,8,1921.551023
317,8,1921.551023
317,8,1921.551023
317,8,1921.551023
317,8,1921.551023
317,8,1921.551023
317,8,1921.551023
317,8,1921.551023
317,8,1921.551023
317,8,1921.551023
317,8,1921.551023
317,8,1921.551023
317,8,1921.551023
317,8,1921.551023
317,9,1908.150994
317,9,1908.150994
317,9,1908.150994
317,9,1908.150994
317,9,1908.150994
317,9,1908.150994
317,9,1908.150994
317,9,1908.150994
317,9,1908.150994
317,9,1908.150994
317,9,1908.150994
317,9,1908.150994
317,9,1908.150994
317,9,1908.150994
317,9,1908.150994
317,9,1908.150994
317,9,1908.150994
317,9,1908.150994
317,9,1908.150994
317,9,1908.150994
317,9,1908.150994
317,9,1908.150994
317,9,1908.150994
317,9,1908.150994
317,9,1908.150994
317,9,1908.150994
317,9,1908.150994
317,9,1908.150994
317,10,1904.344425
317,10,1904.344425
317,10,1904.344425
317,10,1904.344425
317,11,1896.657614
317,11,1896.657614
318,7,1943.010514
318,7,1943.010514
318,8,1921.551023
318,8,1921.551023
318,8,1921.551023
318,8,1921.551023
318,8,1921.551023
318,8,1921.551023
318,8,1921.551023
318,8,1921.551023
318,8,1921.551023
318,8,1921.551023
318,8,1921.551023
318,8,1921.551023
318,8,1921.551023
318,8,1921.551023
318,8,1921.551023
318,8,1921.551023
318,8,1921.551023
318,9,1908.150994
318,9,1908.150994
318,9,1908.150994
318,9,1908.150994
318,9,1908.150994
318,9,1908.150994
318,9,1908.150994
318,9,1908.150994
318,9,1908.150994
318,9,1908.150994
318,9,1908.150994
318,9,1908.150994
318,9,1908.150994
318,9,1908.150994
318,9,1908.150994
318,9,1908.150994
318,9,1908.150994
318,9,1908.150994
318,9,1908.150994
318,9,1908.150994
318,9,1908.150994
318,9,1908.150994
318,9,1908.150994
318,9,1908.150994
318,9,1908.150994
318,9,1908.150994
318,9,1908.150994
318,9,1908.150994
318,9,1908.150994
318,9,1908.150994
318,10,1904.344425
318,10,1904.344425
318,10,1904.344425
318,10,1904.344425
318,10,1904.344425
318,11,1896.657614
318,11,1896.657614
318,11,1896.657614
319,7,1943.010514
319,7,1943.010514
319,7,1943.010514
319,8,1921.551023
319,8,1921.551023
319,8,1921.551023
319,8,1921.551023
319,8,1921.551023
319,8,1921.551023
319,8,1921.551023
319,8,1921.551023
319,8,1921.551023
319,8,1921.551023
319,8,1921.551023
319,8,1921.551023
319,8,1921.551023
319,8,1921.551023
319,8,1921.551023
319,8,1921.551023
319,8,1921.551023
319,8,1921.551023
319,8,1921.551023
319,9,1908.150994
319,9,1908.150994
319,9,1908.150994
319,9,1908.150994
319,9,1908.150994
319,9,1908.150994
319,9,1908.150994
319,9,1908.150994
319,9,1908.150994
319,9,1908.150994
319,9,1908.150994
319,9,1908.150994
319,9,1908.150994
319,9,1908.150994
319,9,1908.150994
319,9,1908.150994
319,9,1908.150994
319,9,1908.150994
319,9,1908.150994
319,9,1908.150994
319,9,1908.150994
319,9,1908.150994
319,9,1908.150994
319,9,1908.150994
319,9,1908.150994
319,9,1908.150994
319,9,1908.150994
319,9,1908.150994
319,9,1908.150994
319,9,1908.150994
319,9,1908.150994
319,9,1908.150994
319,10,1904.344425
319,10,1904.344425
319,10,1904.344425
319,10,1904.344425
319,10,1904.344425
319,10,1904.344425
319,11,1896.657614
319,11,1896.657614
319,11,1896.657614
319,11,1896.657614
320,7,1943.010514
320,7,1943.010514
320,7,1943.010514
320,7,1943.010514
320,7,1943.010514
320,8,1921.551023
320,8,1921.551023
320,8,1921.551023
320,8,1921.551023
320,8,1921.551023
320,8,1921.551023
320,8,1921.551023
320,8,1921.551023
320,8,1921.551023
320,8,1921.551023
320,8,1921.551023
320,8,1921.551023
320,8,1921.551023
320,8,1921.551023
320,8,1921.551023
320,8,1921.551023
320,8,1921.551023
320,8,1921.551023
320,8,1921.551023
320,8,1921.551023
320,8,1921.551023
320,8,1921.551023
320,9,1908.150994
320,9,1908.150994
320,9,1908.150994
320,9,1908.150994
320,9,1908.150994
320,9,1908.150994
320,9,1908.150994
320,9,1908.150994
320,9,1908.150994
320,9,1908.150994
320,9,1908.150994
320,9,1908.150994
320,9,1908.150994
320,9,1908.150994
320,9,1908.150994
320,9,1908.150994
320,9,1908.150994
320,9,1908.150994
320,9,1908.150994
320,9,1908.150994
320,9,1908.150994
320,9,1908.150994
320,9,1908.150994
320,9,1908.150994
320,9,1908.150994
320,9,1908.150994
320,9,1908.150994
320,9,1908.150994
320,9,1908.150994
320,9,1908.150994
320,9,1908.150994
320,9,1908.150994
320,9,1908.150994
320,9,1908.150994
320,10,1904.344425
320,10,1904.344425
320,10,1904.344425
320,10,1904.344425
320,10,1904.344425
320,10,1904.344425
320,10,1904.344425
320,11,1894.712427
321,7,1943.010514
321,7,1943.010514
321,7,1943.010514
321,7,1943.010514
321,7,1943.010514
321,7,1943.010514
321,7,1943.010514
321,8,1921.551023
321,8,1921.551023
321,8,1921.551023
321,8,1921.551023
321,8,1921.551023
321,8,1921.551023
321,8,1921.551023
321,8,1921.551023
321,8,1921.551023
321,8,1921.551023
321,8,1921.551023
321,8,1921.551023
321,8,1921.551023
321,8,1921.551023
321,8,1921.551023
321,8,1921.551023
321,8,1921.551023
321,8,1921.551023
321,8,1921.551023
321,8,1921.551023
321,8,1921.551023
321,8,1921.551023
321,8,1921.551023
321,8,1921.551023
321,8,1921.551023
321,9,1906.205807
321,10,1904.344425
321,10,1904.344425
321,10,1904.344425
321,10,1904.344425
321,10,1904.344425
321,10,1904.344425
321,10,1904.344425
321,10,1904.344425
321,11,1894.712427
321,11,1894.712427
322,7,1943.010514
322,7,1943.010514
322,7,1943.010514
322,7,1943.010514
322,7,1943.010514
322,7,1943.010514
322,7,1943.010514
322,7,1943.010514
322,7,1943.010514
322,7,1943.010514
322,8,1920.212231
322,9,1906.205807
322,9,1906.205807
322,10,1903.018299
322,11,1894.712427
322,11,1894.712427
322,11,1894.712427
323,7,1943.010514
323,7,1943.010514
323,7,1943.010514
323,7,1943.010514
323,7,1943.010514
323,7,1943.010514
323,7,1943.010514
323,7,1943.010514
323,7,1943.010514
323,7,1943.010514
323,7,1943.010514
323,7,1943.010514
323,7,1943.010514
323,8,1920.212231
323,8,1920.212231
323,9,1906.205807
323,9,1906.205807
323,9,1906.205807
323,10,1903.018299
323,10,1903.018299
323,11,1894.712427
323,11,1894.712427
323,11,1894.712427
323,11,1894.712427
324,7,1943.010514
324,7,1943.010514
324,7,1943.010514
324,7,1943.010514
324,7,1943.010514
324,7,1943.010514
324,7,1943.010514
324,7,1943.010514
324,7,1943.010514
324,7,1943.010514
324,7,1943.010514
324,7,1943.010514
324,7,1943.010514
324,7,1943.010514
324,7,1943.010514
324,7,1943.010514
324,7,1943.010514
324,8,1920.212231
324,8,1920.212231
324,8,1920.212231
324,9,1906.205807
324,9,1906.205807
324,9,1906.205807
324,9,1906.205807
324,10,1900.442756
324,11,1894.712427
324,11,1894.712427
324,11,1894.712427
324,11,1894.712427
324,11,1894.712427
325,7,1943.010514
325,7,1943.010514
325,7,1943.010514
325,7,1943.010514
325,7,1943.010514
325,7,1943.010514
325,7,1943.010514
325,7,1943.010514
325,7,1943.010514
325,7,1943.010514
325,7,1943.010514
325,7,1943.010514
325,7,1943.010514
325,7,1943.010514
325,7,1943.010514
325,7,1943.010514
325,7,1943.010514
325,7,1943.010514
325,7,1943.010514
325,7,1943.010514
325,7,1943.010514
325,8,1920.212231
325,8,1920.212231
325,8,1920.212231
325,8,1920.212231
325,9,1906.205807
325,9,1906.205807
325,9,1906.205807
325,9,1906.205807
325,9,1906.205807
325,10,1900.442756
325,10,1900.442756
325,11,1894.712427
325,11,1894.712427
325,11,1894.712427
325,11,1894.712427
325,11,1894.712427
325,11,1894.712427
326,7,1943.010514
326,7,1943.010514
326,7,1943.010514
326,7,1943.010514
326,7,1943.010514
326,7,1943.010514
326,7,1943.010514
326,7,1943.010514
326,7,1943.010514
326,7,1943.010514
326,7,1943.010514
326,7,1943.010514
326,7,1943.010514
326,7,1943.010514
326,7,1943.010514
326,7,1943.010514
326,7,1943.010514
326,7,1943.010514
326,7,1943.010514
326,7,1943.010514
326,7,1943.010514
326,7,1943.010514
326,7,1943.010514
326,7,1943.010514
326,7,1943.010514
326,8,1920.212231
326,8,1920.212231
326,8,1920.212231
326,8,1920.212231
326,8,1920.212231
326,9,1906.205807
326,9,1906.205807
326,9,1906.205807
326,9,1906.205807
326,9,1906.205807
326,9,1906.205807
326,10,1900.442756
326,10,1900.442756
326,10,1900.442756
326,11,1894.712427
326,11,1894.712427
326,11,1894.712427
326,11,1894.712427
326,11,1894.712427
326,11,1894.712427
326,11,1894.712427
327,7,1943.010514
327,7,1943.010514
327,7,1943.010514
327,7,1943.010514
327,7,1943.010514
327,7,1943.010514
327,7,1943.010514
327,7,1943.010514
327,7,1943.010514
327,7,1943.010514
327,7,1943.010514
327,7,1943.010514
327,7,1943.010514
327,7,1943.010514
327,7,1943.010514
327,7,1943.010514
327,7,1943.010514
327,7,1943.010514
327,7,1943.010514
327,7,1943.010514
327,7,1943.010514
327,7,1943.010514
327,7,1943.010514
327,7,1943.010514
327,7,1943.010514
327,7,1943.010514
327,7,1943.010514
327,7,1943.010514
327,7,1943.010514
327,8,1920.212231
327,8,1920.212231
327,8,1920.212231
327,8,1920.212231
327,8,1920.212231
327,8,1920.212231
327,9,1906.205807
327,9,1906.205807
327,9,1906.205807
327,9,1906.205807
327,9,1906.205807
327,9,1906.205807
327,9,1906.205807
327,10,1900.442756
327,10,1900.442756
327,10,1900.442756
327,10,1900.442756
327,11,1894.712427
327,11,1894.712427
327,11,1894.712427
327,11,1894.712427
327,11,1894.712427
327,11,1894.712427
327,11,1894.712427
327,11,1894.712427
327,12,1890.469963
328,7,1943.010514
328,7,1943.010514
328,7,1943.010514
328,7,1943.010514
328,7,1943.010514
328,7,1943.010514
328,7,1943.010514
328,7,1943.010514
328,7,1943.010514
328,7,1943.010514
328,7,1943.010514
328,7,1943.010514
328,7,1943.010514
328,7,1943.010514
328,7,1943.010514
328,7,1943.010514
328,7,1943.010514
328,7,1943.010514
328,7,1943.010514
328,7,1943.010514
328,7,1943.010514
328,7,1943.010514
328,7,1943.010514
328,7,1943.010514
328,7,1943.010514
328,7,1943.010514
328,7,1943.010514
328,7,1943.010514
328,7,1943.010514
328,7,1943.010514
328,7,1943.010514
328,7,1943.010514
328,7,1943.010514
328,8,1920.212231
328,8,1920.212231
328,8,1920.212231
328,8,1920.212231
328,8,1920.212231
328,8,1920.212231
328,8,1920.212231
328,9,1906.205807
328,9,1906.205807
328,9,1906.205807
328,9,1906.205807
328,9,1906.205807
328,9,1906.205807
328,9,1906.205807
328,9,1906.205807
328,10,1900.442756
328,10,1900.442756
328,10,1900.442756
328,10,1900.442756
328,10,1900.442756
328,11,1894.712427
328,11,1894.712427
328,11,1894.712427
328,11,1894.712427
328,11,1894.712427
328,11,1894.712427
328,11,1894.712427
328,11,1894.712427
328,11,1894.712427
328,11,1894.712427
328,12,1890.469963
328,12,1890.469963
329,7,1943.010514
329,7,1943.010514
329,7,1943.010514
329,7,1943.010514
329,7,1943.010514
329,7,1943.010514
329,7,1943.010514
329,7,1943.010514
329,7,1943.010514
329,7,1943.010514
329,7,1943.010514
329,7,1943.010514
329,7,1943.010514
329,7,1943.010514
329,7,1943.010514
329,7,1943.010514
329,7,1943.010514
329,7,1943.010514
329,7,1943.010514
329,7,1943.010514
329,7,1943.010514
329,7,1943.010514
329,7,1943.010514
329,7,1943.010514
329,7,1943.010514
329,7,1943.010514
329,7,1943.010514
329,7,1943.010514
329,7,1943.010514
329,7,1943.010514
329,7,1943.010514
329,7,1943.010514
329,7,1943.010514
329,7,1943.010514
329,7,1943.010514
329,7,1943.010514
329,7,1943.010514
329,8,1918.384634
329,9,1905.206112
329,10,1900.442756
329,10,1900.442756
329,10,1900.442756
329,10,1900.442756
329,10,1900.442756
329,10,1900.442756
329,11,1894.712427
329,11,1894.712427
329,11,1894.712427
329,11,1894.712427
329,11,1894.712427
329,11,1894.712427
329,11,1894.712427
329,11,1894.712427
329,11,1894.712427
329,11,1894.712427
329,11,1894.712427
329,11,1894.712427
329,12,1890.469963
329,12,1890.469963
329,12,1890.469963
329,14,1885.059686
330,7,1943.010514
330,7,1943.010514
330,7,1943.010514
330,7,1943.010514
330,7,1943.010514
330,7,1943.010514
330,7,1943.010514
330,7,1943.010514
330,7,1943.010514
330,7,1943.010514
330,7,1943.010514
330,7,1943.010514
330,7,1943.010514
330,7,1943.010514
330,7,1943.010514
330,7,1943.010514
330,7,1943.010514
330,7,1943.010514
330,7,1943.010514
330,7,1943.010514
330,7,1943.010514
330,7,1943.010514
330,7,1943.010514
330,7,1943.010514
330,7,1943.010514
330,7,1943.010514
330,7,1943.010514
330,7,1943.010514
330,7,1943.010514
330,7,1943.010514
330,7,1943.010514
330,7,1943.010514
330,7,1943.010514
330,7,1943.010514
330,7,1943.010514
330,7,1943.010514
330,7,1943.010514
330,7,1943.010514
330,7,1943.010514
330,7,1943.010514
330,7,1943.010514
330,7,1943.010514
330,7,1943.010514
330,8,1918.384634
330,8,1918.384634
330,9,1905.206112
330,9,1905.206112
330,10,1900.022555
330,11,1894.712427
330,11,1894.712427
330,11,1894.712427
330,11,1894.712427
330,11,1894.712427
330,11,1894.712427
330,11,1894.712427
330,11,1894.712427
330,11,1894.712427
330,11,1894.712427
330,11,1894.712427
330,11,1894.712427
330,11,1894.712427
330,11,1894.712427
330,11,1894.712427
330,12,1890.469963
330,12,1890.469963
330,12,1890.469963
330,12,1890.469963
330,14,1885.059686
330,14,1885.059686
330,14,1885.059686
331,7,1942.446737
331,8,1918.384634
331,8,1918.384634
331,8,1918.384634
331,9,1905.206112
331,9,1905.206112
331,9,1905.206112
331,10,1900.022555
331,10,1900.022555
331,11,1892.256048
331,12,1890.469963
331,12,1890.469963
331,12,1890.469963
331,12,1890.469963
331,12,1890.469963
331,14,1885.059686
331,14,1885.059686
331,14,1885.059686
331,14,1885.059686
331,14,1885.059686
332,7,1937.146764
332,8,1918.384634
332,8,1918.384634
332,8,1918.384634
332,8,1918.384634
332,9,1905.206112
332,9,1905.206112
332,9,1905.206112
332,9,1905.206112
332,10,1900.022555
332,10,1900.022555
332,10,1900.022555
332,11,1892.256048
332,11,1892.256048
332,12,1890.469963
332,12,1890.469963
332,12,1890.469963
332,12,1890.469963
332,12,1890.469963
332,12,1890.469963
332,14,1885.059686
332,14,1885.059686
332,14,1885.059686
332,14,1885.059686
332,14,1885.059686
332,14,1885.059686
332,14,1885.059686
