Iteration,NV,TOC
1,8,4421.449195
1,10,3423.978904
1,11,3310.611046
1,12,3171.537650
1,13,3072.589323
1,14,2976.524877
1,15,2871.182871
1,16,2834.088436
1,17,2716.223732
1,20,2684.385225
2,8,4421.449195
2,8,4421.449195
2,9,4309.962415
2,10,3423.978904
2,10,3423.978904
2,11,3253.246825
2,12,3171.537650
2,12,3171.537650
2,13,3072.589323
2,13,3072.589323
2,14,2976.524877
2,14,2976.524877
2,15,2868.042870
2,16,2834.088436
2,16,2834.088436
2,17,2716.223732
2,17,2716.223732
2,20,2684.385225
2,20,2684.385225
3,8,4421.449195
3,8,4421.449195
3,8,4421.449195
3,9,4154.224096
3,10,3423.978904
3,10,3423.978904
3,10,3423.978904
3,11,3253.246825
3,11,3253.246825
3,12,3171.537650
3,12,3171.537650
3,12,3171.537650
3,13,3056.262909
3,14,2902.954932
3,15,2868.042870
3,15,2868.042870
3,16,2834.088436
3,16,2834.088436
3,16,2834.088436
3,17,2716.223732
3,17,2716.223732
3,17,2716.223732
3,20,2684.385225
3,20,2684.385225
3,20,2684.385225
4,8,4421.449195
4,8,4421.449195
4,8,4421.449195
4,8,4421.449195
4,9,4154.224096
4,9,4154.224096
4,10,3423.978904
4,10,3423.978904
4,10,3423.978904
4,10,3423.978904
4,11,3253.246825
4,11,3253.246825
4,11,3253.246825
4,12,3171.537650
4,12,3171.537650
4,12,3171.537650
4,12,3171.537650
4,13,3056.262909
4,13,3056.262909
4,14,2902.954932
4,14,2902.954932
4,15,2868.042870
4,15,2868.042870
4,15,2868.042870
4,16,2834.088436
4,16,2834.088436
4,16,2834.088436
4,16,2834.088436
4,17,2716.223732
4,17,2716.223732
4,17,2716.223732
4,17,2716.223732
4,18,2711.666382
4,20,2684.385225
4,20,2684.385225
4,20,2684.385225
4,20,2684.385225
4,25,2619.862077
5,8,4378.778268
5,9,3673.550601
5,10,3423.978904
5,10,3423.978904
5,10,3423.978904
5,10,3423.978904
5,10,3423.978904
5,11,3235.288556
5,12,3171.537650
5,12,3171.537650
5,12,3171.537650
5,12,3171.537650
5,12,3171.537650
5,13,3056.262909
5,13,3056.262909
5,13,3056.262909
5,14,2902.954932
5,14,2902.954932
5,14,2902.954932
5,15,2850.616872
5,16,2834.088436
5,16,2834.088436
5,16,2834.088436
5,16,2834.088436
5,16,2834.088436
5,17,2716.223732
5,17,2716.223732
5,17,2716.223732
5,17,2716.223732
5,17,2716.223732
5,18,2711.666382
5,18,2711.666382
5,20,2684.385225
5,20,2684.385225
5,20,2684.385225
5,20,2684.385225
5,20,2684.385225
5,25,2619.862077
5,25,2619.862077
6,8,4378.778268
6,8,4378.778268
6,9,3673.550601
6,9,3673.550601
6,10,3420.846325
6,11,3235.288556
6,11,3235.288556
6,12,3171.537650
6,12,3171.537650
6,12,3171.537650
6,12,3171.537650
6,12,3171.537650
6,12,3171.537650
6,13,3025.836090
6,14,2902.954932
6,14,2902.954932
6,14,2902.954932
6,14,2902.954932
6,15,2850.616872
6,15,2850.616872
6,16,2834.088436
6,16,2834.088436
6,16,2834.088436
6,16,2834.088436
6,16,2834.088436
6,16,2834.088436
6,17,2716.223732
6,17,2716.223732
6,17,2716.223732
6,17,2716.223732
6,17,2716.223732
6,17,2716.223732
6,18,2711.666382
6,18,2711.666382
6,18,2711.666382
6,20,2684.385225
6,20,2684.385225
6,20,2684.385225
6,20,2684.385225
6,20,2684.385225
6,20,2684.385225
6,25,2619.862077
6,25,2619.862077
6,25,2619.862077
7,8,4378.778268
7,8,4378.778268
7,8,4378.778268
7,9,3673.550601
7,9,3673.550601
7,9,3673.550601
7,10,3420.846325
7,10,3420.846325
7,11,3235.288556
7,11,3235.288556
7,11,3235.288556
7,12,3171.537650
7,12,3171.537650
7,12,3171.537650
7,12,3171.537650
7,12,3171.537650
7,12,3171.537650
7,12,3171.537650
7,13,3025.836090
7,13,3025.836090
7,14,2902.954932
7,14,2902.954932
7,14,2902.954932
7,14,2902.954932
7,14,2902.954932
7,15,2850.616872
7,15,2850.616872
7,15,2850.616872
7,16,2826.542824
7,17,2716.223732
7,17,2716.223732
7,17,2716.223732
7,17,2716.223732
7,17,2716.223732
7,17,2716.223732
7,17,2716.223732
7,18,2711.666382
7,18,2711.666382
7,18,2711.666382
7,18,2711.666382
7,20,2684.385225
7,20,2684.385225
7,20,2684.385225
7,20,2684.385225
7,20,2684.385225
7,20,2684.385225
7,20,2684.385225
7,23,2672.620990
7,25,2619.862077
7,25,2619.862077
7,25,2619.862077
7,25,2619.862077
8,8,4378.778268
8,8,4378.778268
8,8,4378.778268
8,8,4378.778268
8,9,3673.550601
8,9,3673.550601
8,9,3673.550601
8,9,3673.550601
8,10,3330.027324
8,11,3235.288556
8,11,3235.288556
8,11,3235.288556
8,11,3235.288556
8,12,3171.537650
8,12,3171.537650
8,12,3171.537650
8,12,3171.537650
8,12,3171.537650
8,12,3171.537650
8,12,3171.537650
8,12,3171.537650
8,13,3017.575678
8,14,2902.954932
8,14,2902.954932
8,14,2902.954932
8,14,2902.954932
8,14,2902.954932
8,14,2902.954932
8,15,2850.616872
8,15,2850.616872
8,15,2850.616872
8,15,2850.616872
8,16,2796.026647
8,17,2716.223732
8,17,2716.223732
8,17,2716.223732
8,17,2716.223732
8,17,2716.223732
8,17,2716.223732
8,17,2716.223732
8,17,2716.223732
8,18,2711.666382
8,18,2711.666382
8,18,2711.666382
8,18,2711.666382
8,18,2711.666382
8,20,2670.902229
8,24,2665.806233
8,25,2619.862077
8,25,2619.862077
8,25,2619.862077
8,25,2619.862077
8,25,2619.862077
9,8,3988.525808
9,9,3673.550601
9,9,3673.550601
9,9,3673.550601
9,9,3673.550601
9,9,3673.550601
9,10,3330.027324
9,10,3330.027324
9,11,3235.288556
9,11,3235.288556
9,11,3235.288556
9,11,3235.288556
9,11,3235.288556
9,12,3105.213435
9,13,3017.575678
9,13,3017.575678
9,14,2902.954932
9,14,2902.954932
9,14,2902.954932
9,14,2902.954932
9,14,2902.954932
9,14,2902.954932
9,14,2902.954932
9,15,2850.616872
9,15,2850.616872
9,15,2850.616872
9,15,2850.616872
9,15,2850.616872
9,16,2796.026647
9,16,2796.026647
9,17,2716.223732
9,17,2716.223732
9,17,2716.223732
9,17,2716.223732
9,17,2716.223732
9,17,2716.223732
9,17,2716.223732
9,17,2716.223732
9,17,2716.223732
9,18,2711.666382
9,18,2711.666382
9,18,2711.666382
9,18,2711.666382
9,18,2711.666382
9,18,2711.666382
9,19,2709.829016
9,20,2670.902229
9,20,2670.902229
9,23,2655.616202
9,25,2619.862077
9,25,2619.862077
9,25,2619.862077
9,25,2619.862077
9,25,2619.862077
9,25,2619.862077
10,8,3988.525808
10,8,3988.525808
10,9,3673.550601
10,9,3673.550601
10,9,3673.550601
10,9,3673.550601
10,9,3673.550601
10,9,3673.550601
10,10,3330.027324
10,10,3330.027324
10,10,3330.027324
10,11,3235.288556
10,11,3235.288556
10,11,3235.288556
10,11,3235.288556
10,11,3235.288556
10,11,3235.288556
10,12,3105.213435
10,12,3105.213435
10,13,3017.575678
10,13,3017.575678
10,13,3017.575678
10,14,2902.954932
10,14,2902.954932
10,14,2902.954932
10,14,2902.954932
10,14,2902.954932
10,14,2902.954932
10,14,2902.954932
10,14,2902.954932
10,15,2850.616872
10,15,2850.616872
10,15,2850.616872
10,15,2850.616872
10,15,2850.616872
10,15,2850.616872
10,16,2796.026647
10,16,2796.026647
10,16,2796.026647
10,17,2716.223732
10,17,2716.223732
10,17,2716.223732
10,17,2716.223732
10,17,2716.223732
10,17,2716.223732
10,17,2716.223732
10,17,2716.223732
10,17,2716.223732
10,17,2716.223732
10,18,2711.666382
10,18,2711.666382
10,18,2711.666382
10,18,2711.666382
10,18,2711.666382
10,18,2711.666382
10,18,2711.666382
10,19,2709.829016
10,19,2709.829016
10,20,2670.902229
10,20,2670.902229
10,20,2670.902229
10,23,2655.616202
10,23,2655.616202
10,25,2619.862077
10,25,2619.862077
10,25,2619.862077
10,25,2619.862077
10,25,2619.862077
10,25,2619.862077
10,25,2619.862077
11,7,4784.980845
11,8,3988.525808
11,8,3988.525808
11,8,3988.525808
11,9,3673.550601
11,9,3673.550601
11,9,3673.550601
11,9,3673.550601
11,9,3673.550601
11,9,3673.550601
11,9,3673.550601
11,10,3330.027324
11,10,3330.027324
11,10,3330.027324
11,10,3330.027324
11,11,3235.288556
11,11,3235.288556
11,11,3235.288556
11,11,3235.288556
11,11,3235.288556
11,11,3235.288556
11,11,3235.288556
11,12,3105.213435
11,12,3105.213435
11,12,3105.213435
11,13,3017.575678
11,13,3017.575678
11,13,3017.575678
11,13,3017.575678
11,14,2845.718862
11,16,2796.026647
11,16,2796.026647
11,16,2796.026647
11,16,2796.026647
11,17,2716.223732
11,17,2716.223732
11,17,2716.223732
11,17,2716.223732
11,17,2716.223732
11,17,2716.223732
11,17,2716.223732
11,17,2716.223732
11,17,2716.223732
11,17,2716.223732
11,17,2716.223732
11,18,2711.666382
11,18,2711.666382
11,18,2711.666382
11,18,2711.666382
11,18,2711.666382
11,18,2711.666382
11,18,2711.666382
11,18,2711.666382
11,19,2709.829016
11,19,2709.829016
11,19,2709.829016
11,20,2670.902229
11,20,2670.902229
11,20,2670.902229
11,20,2670.902229
11,23,2655.616202
11,23,2655.616202
11,23,2655.616202
11,25,2619.862077
11,25,2619.862077
11,25,2619.862077
11,25,2619.862077
11,25,2619.862077
11,25,2619.862077
11,25,2619.862077
11,25,2619.862077
12,7,4784.980845
12,7,4784.980845
12,8,3988.525808
12,8,3988.525808
12,8,3988.525808
12,8,3988.525808
12,9,3587.069675
12,10,3330.027324
12,10,3330.027324
12,10,3330.027324
12,10,3330.027324
12,10,3330.027324
12,11,3235.288556
12,11,3235.288556
12,11,3235.288556
12,11,3235.288556
12,11,3235.288556
12,11,3235.288556
12,11,3235.288556
12,11,3235.288556
12,12,3007.129733
12,14,2845.718862
12,14,2845.718862
12,16,2796.026647
12,16,2796.026647
12,16,2796.026647
12,16,2796.026647
12,16,2796.026647
12,17,2716.223732
12,17,2716.223732
12,17,2716.223732
12,17,2716.223732
12,17,2716.223732
12,17,2716.223732
12,17,2716.223732
12,17,2716.223732
12,17,2716.223732
12,17,2716.223732
12,17,2716.223732
12,17,2716.223732
12,18,2711.666382
12,18,2711.666382
12,18,2711.666382
12,18,2711.666382
12,18,2711.666382
12,18,2711.666382
12,18,2711.666382
12,18,2711.666382
12,18,2711.666382
12,19,2709.829016
12,19,2709.829016
12,19,2709.829016
12,19,2709.829016
12,20,2670.902229
12,20,2670.902229
12,20,2670.902229
12,20,2670.902229
12,20,2670.902229
12,23,2655.616202
12,23,2655.616202
12,23,2655.616202
12,23,2655.616202
12,25,2619.862077
12,25,2619.862077
12,25,2619.862077
12,25,2619.862077
12,25,2619.862077
12,25,2619.862077
12,25,2619.862077
12,25,2619.862077
12,25,2619.862077
13,7,4784.980845
13,7,4784.980845
13,7,4784.980845
13,8,3988.525808
13,8,3988.525808
13,8,3988.525808
13,8,3988.525808
13,8,3988.525808
13,9,3587.069675
13,9,3587.069675
13,10,3330.027324
13,10,3330.027324
13,10,3330.027324
13,10,3330.027324
13,10,3330.027324
13,10,3330.027324
13,11,3229.221323
13,12,3007.129733
13,12,3007.129733
13,14,2845.718862
13,14,2845.718862
13,14,2845.718862
13,16,2796.026647
13,16,2796.026647
13,16,2796.026647
13,16,2796.026647
13,16,2796.026647
13,16,2796.026647
13,17,2716.223732
13,17,2716.223732
13,17,2716.223732
13,17,2716.223732
13,17,2716.223732
13,17,2716.223732
13,17,2716.223732
13,17,2716.223732
13,17,2716.223732
13,17,2716.223732
13,17,2716.223732
13,17,2716.223732
13,17,2716.223732
13,18,2711.666382
13,18,2711.666382
13,18,2711.666382
13,18,2711.666382
13,18,2711.666382
13,18,2711.666382
13,18,2711.666382
13,18,2711.666382
13,18,2711.666382
13,18,2711.666382
13,19,2709.829016
13,19,2709.829016
13,19,2709.829016
13,19,2709.829016
13,19,2709.829016
13,20,2670.902229
13,20,2670.902229
13,20,2670.902229
13,20,2670.902229
13,20,2670.902229
13,20,2670.902229
13,21,2667.913602
13,23,2655.616202
13,23,2655.616202
13,23,2655.616202
13,23,2655.616202
13,23,2655.616202
13,24,2645.350461
13,25,2619.862077
13,25,2619.862077
13,25,2619.862077
13,25,2619.862077
13,25,2619.862077
13,25,2619.862077
13,25,2619.862077
13,25,2619.862077
13,25,2619.862077
13,25,2619.862077
14,7,4784.980845
14,7,4784.980845
14,7,4784.980845
14,7,4784.980845
14,8,3988.525808
14,8,3988.525808
14,8,3988.525808
14,8,3988.525808
14,8,3988.525808
14,8,3988.525808
14,9,3587.069675
14,9,3587.069675
14,9,3587.069675
14,10,3330.027324
14,10,3330.027324
14,10,3330.027324
14,10,3330.027324
14,10,3330.027324
14,10,3330.027324
14,10,3330.027324
14,11,3139.499126
14,12,3007.129733
14,12,3007.129733
14,12,3007.129733
14,14,2845.718862
14,14,2845.718862
14,14,2845.718862
14,14,2845.718862
14,16,2699.021348
14,18,2695.639877
14,20,2670.902229
14,20,2670.902229
14,20,2670.902229
14,20,2670.902229
14,20,2670.902229
14,20,2670.902229
14,20,2670.902229
14,21,2634.691355
14,23,2621.981934
14,25,2619.862077
14,25,2619.862077
14,25,2619.862077
14,25,2619.862077
14,25,2619.862077
14,25,2619.862077
14,25,2619.862077
14,25,2619.862077
14,25,2619.862077
14,25,2619.862077
14,25,2619.862077
15,7,4784.980845
15,7,4784.980845
15,7,4784.980845
15,7,4784.980845
15,7,4784.980845
15,8,3988.525808
15,8,3988.525808
15,8,3988.525808
15,8,3988.525808
15,8,3988.525808
15,8,3988.525808
15,8,3988.525808
15,9,3587.069675
15,9,3587.069675
15,9,3587.069675
15,9,3587.069675
15,10,3330.027324
15,10,3330.027324
15,10,3330.027324
15,10,3330.027324
15,10,3330.027324
15,10,3330.027324
15,10,3330.027324
15,10,3330.027324
15,11,3139.499126
15,11,3139.499126
15,12,3007.129733
15,12,3007.129733
15,12,3007.129733
15,12,3007.129733
15,14,2845.718862
15,14,2845.718862
15,14,2845.718862
15,14,2845.718862
15,14,2845.718862
15,16,2699.021348
15,16,2699.021348
15,18,2695.639877
15,18,2695.639877
15,20,2670.902229
15,20,2670.902229
15,20,2670.902229
15,20,2670.902229
15,20,2670.902229
15,20,2670.902229
15,20,2670.902229
15,20,2670.902229
15,21,2634.691355
15,21,2634.691355
15,23,2621.981934
15,23,2621.981934
15,25,2619.862077
15,25,2619.862077
15,25,2619.862077
15,25,2619.862077
15,25,2619.862077
15,25,2619.862077
15,25,2619.862077
15,25,2619.862077
15,25,2619.862077
15,25,2619.862077
15,25,2619.862077
15,25,2619.862077
16,7,4784.980845
16,7,4784.980845
16,7,4784.980845
16,7,4784.980845
16,7,4784.980845
16,7,4784.980845
16,8,3988.525808
16,8,3988.525808
16,8,3988.525808
16,8,3988.525808
16,8,3988.525808
16,8,3988.525808
16,8,3988.525808
16,8,3988.525808
16,9,3587.069675
16,9,3587.069675
16,9,3587.069675
16,9,3587.069675
16,9,3587.069675
16,10,3330.027324
16,10,3330.027324
16,10,3330.027324
16,10,3330.027324
16,10,3330.027324
16,10,3330.027324
16,10,3330.027324
16,10,3330.027324
16,10,3330.027324
16,11,3139.499126
16,11,3139.499126
16,11,3139.499126
16,12,3007.129733
16,12,3007.129733
16,12,3007.129733
16,12,3007.129733
16,12,3007.129733
16,14,2845.718862
16,14,2845.718862
16,14,2845.718862
16,14,2845.718862
16,14,2845.718862
16,14,2845.718862
16,15,2795.612053
16,16,2699.021348
16,16,2699.021348
16,16,2699.021348
16,18,2695.639877
16,18,2695.639877
16,18,2695.639877
16,20,2670.902229
16,20,2670.902229
16,20,2670.902229
16,20,2670.902229
16,20,2670.902229
16,20,2670.902229
16,20,2670.902229
16,20,2670.902229
16,20,2670.902229
16,21,2634.691355
16,21,2634.691355
16,21,2634.691355
16,23,2621.981934
16,23,2621.981934
16,23,2621.981934
16,25,2619.862077
16,25,2619.862077
16,25,2619.862077
16,25,2619.862077
16,25,2619.862077
16,25,2619.862077
16,25,2619.862077
16,25,2619.862077
16,25,2619.862077
16,25,2619.862077
16,25,2619.862077
16,25,2619.862077
16,25,2619.862077
17,7,4784.980845
17,7,4784.980845
17,7,4784.980845
17,7,4784.980845
17,7,4784.980845
17,7,4784.980845
17,7,4784.980845
17,8,3988.525808
17,8,3988.525808
17,8,3988.525808
17,8,3988.525808
17,8,3988.525808
17,8,3988.525808
17,8,3988.525808
17,8,3988.525808
17,8,3988.525808
17,9,3569.244432
17,10,3330.027324
17,10,3330.027324
17,10,3330.027324
17,10,3330.027324
17,10,3330.027324
17,10,3330.027324
17,10,3330.027324
17,10,3330.027324
17,10,3330.027324
17,10,3330.027324
17,11,3139.499126
17,11,3139.499126
17,11,3139.499126
17,11,3139.499126
17,12,3007.129733
17,12,3007.129733
17,12,3007.129733
17,12,3007.129733
17,12,3007.129733
17,12,3007.129733
17,13,2952.826650
17,14,2845.718862
17,14,2845.718862
17,14,2845.718862
17,14,2845.718862
17,14,2845.718862
17,14,2845.718862
17,14,2845.718862
17,15,2795.612053
17,15,2795.612053
17,16,2699.021348
17,16,2699.021348
17,16,2699.021348
17,16,2699.021348
17,17,2689.595715
17,20,2670.902229
17,20,2670.902229
17,20,2670.902229
17,20,2670.902229
17,20,2670.902229
17,20,2670.902229
17,20,2670.902229
17,20,2670.902229
17,20,2670.902229
17,20,2670.902229
17,21,2634.691355
17,21,2634.691355
17,21,2634.691355
17,21,2634.691355
17,23,2621.981934
17,23,2621.981934
17,23,2621.981934
17,23,2621.981934
17,25,2619.862077
17,25,2619.862077
17,25,2619.862077
17,25,2619.862077
17,25,2619.862077
17,25,2619.862077
17,25,2619.862077
17,25,2619.862077
17,25,2619.862077
17,25,2619.862077
17,25,2619.862077
17,25,2619.862077
17,25,2619.862077
17,25,2619.862077
18,7,4784.980845
18,7,4784.980845
18,7,4784.980845
18,7,4784.980845
18,7,4784.980845
18,7,4784.980845
18,7,4784.980845
18,7,4784.980845
18,8,3988.525808
18,8,3988.525808
18,8,3988.525808
18,8,3988.525808
18,8,3988.525808
18,8,3988.525808
18,8,3988.525808
18,8,3988.525808
18,8,3988.525808
18,8,3988.525808
18,9,3569.244432
18,9,3569.244432
18,10,3330.027324
18,10,3330.027324
18,10,3330.027324
18,10,3330.027324
18,10,3330.027324
18,10,3330.027324
18,10,3330.027324
18,10,3330.027324
18,10,3330.027324
18,10,3330.027324
18,10,3330.027324
18,11,3139.499126
18,11,3139.499126
18,11,3139.499126
18,11,3139.499126
18,11,3139.499126
18,12,3007.129733
18,12,3007.129733
18,12,3007.129733
18,12,3007.129733
18,12,3007.129733
18,12,3007.129733
18,12,3007.129733
18,13,2952.826650
18,13,2952.826650
18,14,2845.718862
18,14,2845.718862
18,14,2845.718862
18,14,2845.718862
18,14,2845.718862
18,14,2845.718862
18,14,2845.718862
18,14,2845.718862
18,15,2795.612053
18,15,2795.612053
18,15,2795.612053
18,16,2699.021348
18,16,2699.021348
18,16,2699.021348
18,16,2699.021348
18,16,2699.021348
18,17,2689.595715
18,17,2689.595715
18,20,2670.902229
18,20,2670.902229
18,20,2670.902229
18,20,2670.902229
18,20,2670.902229
18,20,2670.902229
18,20,2670.902229
18,20,2670.902229
18,20,2670.902229
18,20,2670.902229
18,20,2670.902229
18,21,2606.646939
18,22,2577.634363
19,7,4784.980845
19,7,4784.980845
19,7,4784.980845
19,7,4784.980845
19,7,4784.980845
19,7,4784.980845
19,7,4784.980845
19,7,4784.980845
19,7,4784.980845
19,8,3988.525808
19,8,3988.525808
19,8,3988.525808
19,8,3988.525808
19,8,3988.525808
19,8,3988.525808
19,8,3988.525808
19,8,3988.525808
19,8,3988.525808
19,8,3988.525808
19,8,3988.525808
19,9,3459.372100
19,10,3330.027324
19,10,3330.027324
19,10,3330.027324
19,10,3330.027324
19,10,3330.027324
19,10,3330.027324
19,10,3330.027324
19,10,3330.027324
19,10,3330.027324
19,10,3330.027324
19,10,3330.027324
19,10,3330.027324
19,11,3139.499126
19,11,3139.499126
19,11,3139.499126
19,11,3139.499126
19,11,3139.499126
19,11,3139.499126
19,12,3007.129733
19,12,3007.129733
19,12,3007.129733
19,12,3007.129733
19,12,3007.129733
19,12,3007.129733
19,12,3007.129733
19,12,3007.129733
19,13,2952.826650
19,13,2952.826650
19,13,2952.826650
19,14,2845.718862
19,14,2845.718862
19,14,2845.718862
19,14,2845.718862
19,14,2845.718862
19,14,2845.718862
19,14,2845.718862
19,14,2845.718862
19,14,2845.718862
19,15,2795.612053
19,15,2795.612053
19,15,2795.612053
19,15,2795.612053
19,16,2699.021348
19,16,2699.021348
19,16,2699.021348
19,16,2699.021348
19,16,2699.021348
19,16,2699.021348
19,17,2689.595715
19,17,2689.595715
19,17,2689.595715
19,19,2689.467024
19,20,2670.902229
19,20,2670.902229
19,20,2670.902229
19,20,2670.902229
19,20,2670.902229
19,20,2670.902229
19,20,2670.902229
19,20,2670.902229
19,20,2670.902229
19,20,2670.902229
19,20,2670.902229
19,20,2670.902229
19,21,2606.646939
19,21,2606.646939
19,22,2577.634363
19,22,2577.634363
20,7,4784.980845
20,7,4784.980845
20,7,4784.980845
20,7,4784.980845
20,7,4784.980845
20,7,4784.980845
20,7,4784.980845
20,7,4784.980845
20,7,4784.980845
20,7,4784.980845
20,8,3988.525808
20,8,3988.525808
20,8,3988.525808
20,8,3988.525808
20,8,3988.525808
20,8,3988.525808
20,8,3988.525808
20,8,3988.525808
20,8,3988.525808
20,8,3988.525808
20,8,3988.525808
20,8,3988.525808
20,9,3459.372100
20,9,3459.372100
20,10,3320.238894
20,11,3139.499126
20,11,3139.499126
20,11,3139.499126
20,11,3139.499126
20,11,3139.499126
20,11,3139.499126
20,11,3139.499126
20,12,3007.129733
20,12,3007.129733
20,12,3007.129733
20,12,3007.129733
20,12,3007.129733
20,12,3007.129733
20,12,3007.129733
20,12,3007.129733
20,12,3007.129733
20,13,2952.826650
20,13,2952.826650
20,13,2952.826650
20,13,2952.826650
20,14,2845.718862
20,14,2845.718862
20,14,2845.718862
20,14,2845.718862
20,14,2845.718862
20,14,2845.718862
20,14,2845.718862
20,14,2845.718862
20,14,2845.718862
20,14,2845.718862
20,15,2795.612053
20,15,2795.612053
20,15,2795.612053
20,15,2795.612053
20,15,2795.612053
20,16,2699.021348
20,16,2699.021348
20,16,2699.021348
20,16,2699.021348
20,16,2699.021348
20,16,2699.021348
20,16,2699.021348
20,17,2689.595715
20,17,2689.595715
20,17,2689.595715
20,17,2689.595715
20,19,2689.467024
20,19,2689.467024
20,20,2670.902229
20,20,2670.902229
20,20,2670.902229
20,20,2670.902229
20,20,2670.902229
20,20,2670.902229
20,20,2670.902229
20,20,2670.902229
20,20,2670.902229
20,20,2670.902229
20,20,2670.902229
20,20,2670.902229
20,20,2670.902229
20,21,2606.646939
20,21,2606.646939
20,21,2606.646939
20,22,2577.634363
20,22,2577.634363
20,22,2577.634363
21,7,4784.980845
21,7,4784.980845
21,7,4784.980845
21,7,4784.980845
21,7,4784.980845
21,7,4784.980845
21,7,4784.980845
21,7,4784.980845
21,7,4784.980845
21,7,4784.980845
21,7,4784.980845
21,8,3988.525808
21,8,3988.525808
21,8,3988.525808
21,8,3988.525808
21,8,3988.525808
21,8,3988.525808
21,8,3988.525808
21,8,3988.525808
21,8,3988.525808
21,8,3988.525808
21,8,3988.525808
21,8,3988.525808
21,8,3988.525808
21,9,3459.372100
21,9,3459.372100
21,9,3459.372100
21,10,3295.994187
21,11,3139.499126
21,11,3139.499126
21,11,3139.499126
21,11,3139.499126
21,11,3139.499126
21,11,3139.499126
21,11,3139.499126
21,11,3139.499126
21,12,3007.129733
21,12,3007.129733
21,12,3007.129733
21,12,3007.129733
21,12,3007.129733
21,12,3007.129733
21,12,3007.129733
21,12,3007.129733
21,12,3007.129733
21,12,3007.129733
21,13,2952.826650
21,13,2952.826650
21,13,2952.826650
21,13,2952.826650
21,13,2952.826650
21,14,2845.718862
21,14,2845.718862
21,14,2845.718862
21,14,2845.718862
21,14,2845.718862
21,14,2845.718862
21,14,2845.718862
21,14,2845.718862
21,14,2845.718862
21,14,2845.718862
21,14,2845.718862
21,15,2795.612053
21,15,2795.612053
21,15,2795.612053
21,15,2795.612053
21,15,2795.612053
21,15,2795.612053
21,16,2699.021348
21,16,2699.021348
21,16,2699.021348
21,16,2699.021348
21,16,2699.021348
21,16,2699.021348
21,16,2699.021348
21,16,2699.021348
21,17,2689.595715
21,17,2689.595715
21,17,2689.595715
21,17,2689.595715
21,17,2689.595715
21,18,2680.981696
21,20,2670.902229
21,20,2670.902229
21,20,2670.902229
21,20,2670.902229
21,20,2670.902229
21,20,2670.902229
21,20,2670.902229
21,20,2670.902229
21,20,2670.902229
21,20,2670.902229
21,20,2670.902229
21,20,2670.902229
21,20,2670.902229
21,20,2670.902229
21,21,2606.646939
21,21,2606.646939
21,21,2606.646939
21,21,2606.646939
21,22,2577.634363
21,22,2577.634363
21,22,2577.634363
21,22,2577.634363
22,7,4784.980845
22,7,4784.980845
22,7,4784.980845
22,7,4784.980845
22,7,4784.980845
22,7,4784.980845
22,7,4784.980845
22,7,4784.980845
22,7,4784.980845
22,7,4784.980845
22,7,4784.980845
22,7,4784.980845
22,8,3988.525808
22,8,3988.525808
22,8,3988.525808
22,8,3988.525808
22,8,3988.525808
22,8,3988.525808
22,8,3988.525808
22,8,3988.525808
22,8,3988.525808
22,8,3988.525808
22,8,3988.525808
22,8,3988.525808
22,8,3988.525808
22,8,3988.525808
22,9,3459.372100
22,9,3459.372100
22,9,3459.372100
22,9,3459.372100
22,10,3295.994187
22,10,3295.994187
22,11,3139.499126
22,11,3139.499126
22,11,3139.499126
22,11,3139.499126
22,11,3139.499126
22,11,3139.499126
22,11,3139.499126
22,11,3139.499126
22,11,3139.499126
22,12,2953.519045
22,13,2952.826650
22,13,2952.826650
22,13,2952.826650
22,13,2952.826650
22,13,2952.826650
22,13,2952.826650
22,14,2845.718862
22,14,2845.718862
22,14,2845.718862
22,14,2845.718862
22,14,2845.718862
22,14,2845.718862
22,14,2845.718862
22,14,2845.718862
22,14,2845.718862
22,14,2845.718862
22,14,2845.718862
22,14,2845.718862
22,15,2795.612053
22,15,2795.612053
22,15,2795.612053
22,15,2795.612053
22,15,2795.612053
22,15,2795.612053
22,15,2795.612053
22,16,2699.021348
22,16,2699.021348
22,16,2699.021348
22,16,2699.021348
22,16,2699.021348
22,16,2699.021348
22,16,2699.021348
22,16,2699.021348
22,16,2699.021348
22,17,2684.285909
22,18,2680.981696
22,18,2680.981696
22,20,2670.902229
22,20,2670.902229
22,20,2670.902229
22,20,2670.902229
22,20,2670.902229
22,20,2670.902229
22,20,2670.902229
22,20,2670.902229
22,20,2670.902229
22,20,2670.902229
22,20,2670.902229
22,20,2670.902229
22,20,2670.902229
22,20,2670.902229
22,20,2670.902229
22,21,2606.646939
22,21,2606.646939
22,21,2606.646939
22,21,2606.646939
22,21,2606.646939
22,22,2577.634363
22,22,2577.634363
22,22,2577.634363
22,22,2577.634363
22,22,2577.634363
22,25,2577.633807
23,7,4784.980845
23,7,4784.980845
23,7,4784.980845
23,7,4784.980845
23,7,4784.980845
23,7,4784.980845
23,7,4784.980845
23,7,4784.980845
23,7,4784.980845
23,7,4784.980845
23,7,4784.980845
23,7,4784.980845
23,7,4784.980845
23,8,3988.525808
23,8,3988.525808
23,8,3988.525808
23,8,3988.525808
23,8,3988.525808
23,8,3988.525808
23,8,3988.525808
23,8,3988.525808
23,8,3988.525808
23,8,3988.525808
23,8,3988.525808
23,8,3988.525808
23,8,3988.525808
23,8,3988.525808
23,8,3988.525808
23,9,3459.372100
23,9,3459.372100
23,9,3459.372100
23,9,3459.372100
23,9,3459.372100
23,10,3295.994187
23,10,3295.994187
23,10,3295.994187
23,10,3295.994187
23,11,3139.499126
23,11,3139.499126
23,11,3139.499126
23,11,3139.499126
23,11,3139.499126
23,11,3139.499126
23,11,3139.499126
23,11,3139.499126
23,11,3139.499126
23,11,3139.499126
23,12,2953.519045
23,12,2953.519045
23,13,2952.826650
23,13,2952.826650
23,13,2952.826650
23,13,2952.826650
23,13,2952.826650
23,13,2952.826650
23,13,2952.826650
23,14,2845.718862
23,14,2845.718862
23,14,2845.718862
23,14,2845.718862
23,14,2845.718862
23,14,2845.718862
23,14,2845.718862
23,14,2845.718862
23,14,2845.718862
23,14,2845.718862
23,14,2845.718862
23,14,2845.718862
23,14,2845.718862
23,15,2795.612053
23,15,2795.612053
23,15,2795.612053
23,15,2795.612053
23,15,2795.612053
23,15,2795.612053
23,15,2795.612053
23,15,2795.612053
23,16,2699.021348
23,16,2699.021348
23,16,2699.021348
23,16,2699.021348
23,16,2699.021348
23,16,2699.021348
23,16,2699.021348
23,16,2699.021348
23,16,2699.021348
23,16,2699.021348
23,17,2684.285909
23,17,2684.285909
23,18,2680.981696
23,18,2680.981696
23,18,2680.981696
23,20,2670.902229
23,20,2670.902229
23,20,2670.902229
23,20,2670.902229
23,20,2670.902229
23,20,2670.902229
23,20,2670.902229
23,20,2670.902229
23,20,2670.902229
23,20,2670.902229
23,20,2670.902229
23,20,2670.902229
23,20,2670.902229
23,20,2670.902229
23,20,2670.902229
23,20,2670.902229
23,21,2606.646939
23,21,2606.646939
23,21,2606.646939
23,21,2606.646939
23,21,2606.646939
23,21,2606.646939
23,22,2577.634363
23,22,2577.634363
23,22,2577.634363
23,22,2577.634363
23,22,2577.634363
23,22,2577.634363
23,25,2577.633807
23,25,2577.633807
24,7,4784.980845
24,7,4784.980845
24,7,4784.980845
24,7,4784.980845
24,7,4784.980845
24,7,4784.980845
24,7,4784.980845
24,7,4784.980845
24,7,4784.980845
24,7,4784.980845
24,7,4784.980845
24,7,4784.980845
24,7,4784.980845
24,7,4784.980845
24,8,3988.525808
24,8,3988.525808
24,8,3988.525808
24,8,3988.525808
24,8,3988.525808
24,8,3988.525808
24,8,3988.525808
24,8,3988.525808
24,8,3988.525808
24,8,3988.525808
24,8,3988.525808
24,8,3988.525808
24,8,3988.525808
24,8,3988.525808
24,8,3988.525808
24,8,3988.525808
24,9,3459.372100
24,9,3459.372100
24,9,3459.372100
24,9,3459.372100
24,9,3459.372100
24,9,3459.372100
24,10,3295.994187
24,10,3295.994187
24,10,3295.994187
24,10,3295.994187
24,10,3295.994187
24,10,3295.994187
24,11,3139.499126
24,11,3139.499126
24,11,3139.499126
24,11,3139.499126
24,11,3139.499126
24,11,3139.499126
24,11,3139.499126
24,11,3139.499126
24,11,3139.499126
24,11,3139.499126
24,11,3139.499126
24,12,2953.519045
24,12,2953.519045
24,12,2953.519045
24,13,2952.826650
24,13,2952.826650
24,13,2952.826650
24,13,2952.826650
24,13,2952.826650
24,13,2952.826650
24,13,2952.826650
24,13,2952.826650
24,14,2845.718862
24,14,2845.718862
24,14,2845.718862
24,14,2845.718862
24,14,2845.718862
24,14,2845.718862
24,14,2845.718862
24,14,2845.718862
24,14,2845.718862
24,14,2845.718862
24,14,2845.718862
24,14,2845.718862
24,14,2845.718862
24,14,2845.718862
24,15,2795.612053
24,15,2795.612053
24,15,2795.612053
24,15,2795.612053
24,15,2795.612053
24,15,2795.612053
24,15,2795.612053
24,15,2795.612053
24,15,2795.612053
24,16,2699.021348
24,16,2699.021348
24,16,2699.021348
24,16,2699.021348
24,16,2699.021348
24,16,2699.021348
24,16,2699.021348
24,16,2699.021348
24,16,2699.021348
24,16,2699.021348
24,16,2699.021348
24,17,2684.285909
24,17,2684.285909
24,17,2684.285909
24,18,2648.166846
24,21,2606.646939
24,21,2606.646939
24,21,2606.646939
24,21,2606.646939
24,21,2606.646939
24,21,2606.646939
24,21,2606.646939
24,22,2577.634363
24,22,2577.634363
24,22,2577.634363
24,22,2577.634363
24,22,2577.634363
24,22,2577.634363
24,22,2577.634363
24,25,2577.633807
24,25,2577.633807
24,25,2577.633807
25,7,4784.980845
25,7,4784.980845
25,7,4784.980845
25,7,4784.980845
25,7,4784.980845
25,7,4784.980845
25,7,4784.980845
25,7,4784.980845
25,7,4784.980845
25,7,4784.980845
25,7,4784.980845
25,7,4784.980845
25,7,4784.980845
25,7,4784.980845
25,7,4784.980845
25,8,3988.525808
25,8,3988.525808
25,8,3988.525808
25,8,3988.525808
25,8,3988.525808
25,8,3988.525808
25,8,3988.525808
25,8,3988.525808
25,8,3988.525808
25,8,3988.525808
25,8,3988.525808
25,8,3988.525808
25,8,3988.525808
25,8,3988.525808
25,8,3988.525808
25,8,3988.525808
25,8,3988.525808
25,9,3459.372100
25,9,3459.372100
25,9,3459.372100
25,9,3459.372100
25,9,3459.372100
25,9,3459.372100
25,9,3459.372100
25,10,3295.994187
25,10,3295.994187
25,10,3295.994187
25,10,3295.994187
25,10,3295.994187
25,10,3295.994187
25,10,3295.994187
25,10,3295.994187
25,11,3139.499126
25,11,3139.499126
25,11,3139.499126
25,11,3139.499126
25,11,3139.499126
25,11,3139.499126
25,11,3139.499126
25,11,3139.499126
25,11,3139.499126
25,11,3139.499126
25,11,3139.499126
25,11,3139.499126
25,12,2953.519045
25,12,2953.519045
25,12,2953.519045
25,12,2953.519045
25,13,2952.826650
25,13,2952.826650
25,13,2952.826650
25,13,2952.826650
25,13,2952.826650
25,13,2952.826650
25,13,2952.826650
25,13,2952.826650
25,13,2952.826650
25,14,2787.859634
25,16,2699.021348
25,16,2699.021348
25,16,2699.021348
25,16,2699.021348
25,16,2699.021348
25,16,2699.021348
25,16,2699.021348
25,16,2699.021348
25,16,2699.021348
25,16,2699.021348
25,16,2699.021348
25,16,2699.021348
25,17,2684.285909
25,17,2684.285909
25,17,2684.285909
25,17,2684.285909
25,18,2648.166846
25,18,2648.166846
25,21,2606.646939
25,21,2606.646939
25,21,2606.646939
25,21,2606.646939
25,21,2606.646939
25,21,2606.646939
25,21,2606.646939
25,21,2606.646939
25,22,2577.634363
25,22,2577.634363
25,22,2577.634363
25,22,2577.634363
25,22,2577.634363
25,22,2577.634363
25,22,2577.634363
25,22,2577.634363
25,25,2577.633807
25,25,2577.633807
25,25,2577.633807
25,25,2577.633807
26,7,4784.980845
26,7,4784.980845
26,7,4784.980845
26,7,4784.980845
26,7,4784.980845
26,7,4784.980845
26,7,4784.980845
26,7,4784.980845
26,7,4784.980845
26,7,4784.980845
26,7,4784.980845
26,7,4784.980845
26,7,4784.980845
26,7,4784.980845
26,7,4784.980845
26,7,4784.980845
26,8,3988.525808
26,8,3988.525808
26,8,3988.525808
26,8,3988.525808
26,8,3988.525808
26,8,3988.525808
26,8,3988.525808
26,8,3988.525808
26,8,3988.525808
26,8,3988.525808
26,8,3988.525808
26,8,3988.525808
26,8,3988.525808
26,8,3988.525808
26,8,3988.525808
26,8,3988.525808
26,8,3988.525808
26,8,3988.525808
26,9,3459.372100
26,9,3459.372100
26,9,3459.372100
26,9,3459.372100
26,9,3459.372100
26,9,3459.372100
26,9,3459.372100
26,9,3459.372100
26,10,3294.784505
26,11,3139.499126
26,11,3139.499126
26,11,3139.499126
26,11,3139.499126
26,11,3139.499126
26,11,3139.499126
26,11,3139.499126
26,11,3139.499126
26,11,3139.499126
26,11,3139.499126
26,11,3139.499126
26,11,3139.499126
26,11,3139.499126
26,12,2848.693111
26,14,2787.859634
26,14,2787.859634
26,15,2697.127219
26,17,2684.285909
26,17,2684.285909
26,17,2684.285909
26,17,2684.285909
26,17,2684.285909
26,18,2627.710089
26,21,2606.646939
26,21,2606.646939
26,21,2606.646939
26,21,2606.646939
26,21,2606.646939
26,21,2606.646939
26,21,2606.646939
26,21,2606.646939
26,21,2606.646939
26,22,2577.634363
26,22,2577.634363
26,22,2577.634363
26,22,2577.634363
26,22,2577.634363
26,22,2577.634363
26,22,2577.634363
26,22,2577.634363
26,22,2577.634363
26,25,2577.633807
26,25,2577.633807
26,25,2577.633807
26,25,2577.633807
26,25,2577.633807
27,7,4784.980845
27,7,4784.980845
27,7,4784.980845
27,7,4784.980845
27,7,4784.980845
27,7,4784.980845
27,7,4784.980845
27,7,4784.980845
27,7,4784.980845
27,7,4784.980845
27,7,4784.980845
27,7,4784.980845
27,7,4784.980845
27,7,4784.980845
27,7,4784.980845
27,7,4784.980845
27,7,4784.980845
27,8,3988.525808
27,8,3988.525808
27,8,3988.525808
27,8,3988.525808
27,8,3988.525808
27,8,3988.525808
27,8,3988.525808
27,8,3988.525808
27,8,3988.525808
27,8,3988.525808
27,8,3988.525808
27,8,3988.525808
27,8,3988.525808
27,8,3988.525808
27,8,3988.525808
27,8,3988.525808
27,8,3988.525808
27,8,3988.525808
27,8,3988.525808
27,9,3459.372100
27,9,3459.372100
27,9,3459.372100
27,9,3459.372100
27,9,3459.372100
27,9,3459.372100
27,9,3459.372100
27,9,3459.372100
27,9,3459.372100
27,10,3294.784505
27,10,3294.784505
27,11,3139.499126
27,11,3139.499126
27,11,3139.499126
27,11,3139.499126
27,11,3139.499126
27,11,3139.499126
27,11,3139.499126
27,11,3139.499126
27,11,3139.499126
27,11,3139.499126
27,11,3139.499126
27,11,3139.499126
27,11,3139.499126
27,11,3139.499126
27,12,2848.693111
27,12,2848.693111
27,14,2787.859634
27,14,2787.859634
27,14,2787.859634
27,15,2697.127219
27,15,2697.127219
27,17,2684.285909
27,17,2684.285909
27,17,2684.285909
27,17,2684.285909
27,17,2684.285909
27,17,2684.285909
27,18,2627.710089
27,18,2627.710089
27,21,2606.646939
27,21,2606.646939
27,21,2606.646939
27,21,2606.646939
27,21,2606.646939
27,21,2606.646939
27,21,2606.646939
27,21,2606.646939
27,21,2606.646939
27,21,2606.646939
27,22,2577.634363
27,22,2577.634363
27,22,2577.634363
27,22,2577.634363
27,22,2577.634363
27,22,2577.634363
27,22,2577.634363
27,22,2577.634363
27,22,2577.634363
27,22,2577.634363
27,25,2577.633807
27,25,2577.633807
27,25,2577.633807
27,25,2577.633807
27,25,2577.633807
27,25,2577.633807
28,7,4784.980845
28,7,4784.980845
28,7,4784.980845
28,7,4784.980845
28,7,4784.980845
28,7,4784.980845
28,7,4784.980845
28,7,4784.980845
28,7,4784.980845
28,7,4784.980845
28,7,4784.980845
28,7,4784.980845
28,7,4784.980845
28,7,4784.980845
28,7,4784.980845
28,7,4784.980845
28,7,4784.980845
28,7,4784.980845
28,8,3988.525808
28,8,3988.525808
28,8,3988.525808
28,8,3988.525808
28,8,3988.525808
28,8,3988.525808
28,8,3988.525808
28,8,3988.525808
28,8,3988.525808
28,8,3988.525808
28,8,3988.525808
28,8,3988.525808
28,8,3988.525808
28,8,3988.525808
28,8,3988.525808
28,8,3988.525808
28,8,3988.525808
28,8,3988.525808
28,8,3988.525808
28,8,3988.525808
28,9,3381.238812
28,10,3290.098926
28,11,3102.023744
28,12,2848.693111
28,12,2848.693111
28,12,2848.693111
28,14,2787.859634
28,14,2787.859634
28,14,2787.859634
28,14,2787.859634
28,15,2697.127219
28,15,2697.127219
28,15,2697.127219
28,17,2684.285909
28,17,2684.285909
28,17,2684.285909
28,17,2684.285909
28,17,2684.285909
28,17,2684.285909
28,17,2684.285909
28,18,2627.710089
28,18,2627.710089
28,18,2627.710089
28,21,2578.465241
28,22,2577.634363
28,22,2577.634363
28,22,2577.634363
28,22,2577.634363
28,22,2577.634363
28,22,2577.634363
28,22,2577.634363
28,22,2577.634363
28,22,2577.634363
28,22,2577.634363
28,22,2577.634363
28,25,2577.633807
28,25,2577.633807
28,25,2577.633807
28,25,2577.633807
28,25,2577.633807
28,25,2577.633807
28,25,2577.633807
29,7,4784.980845
29,7,4784.980845
29,7,4784.980845
29,7,4784.980845
29,7,4784.980845
29,7,4784.980845
29,7,4784.980845
29,7,4784.980845
29,7,4784.980845
29,7,4784.980845
29,7,4784.980845
29,7,4784.980845
29,7,4784.980845
29,7,4784.980845
29,7,4784.980845
29,7,4784.980845
29,7,4784.980845
29,7,4784.980845
29,7,4784.980845
29,8,3988.525808
29,8,3988.525808
29,8,3988.525808
29,8,3988.525808
29,8,3988.525808
29,8,3988.525808
29,8,3988.525808
29,8,3988.525808
29,8,3988.525808
29,8,3988.525808
29,8,3988.525808
29,8,3988.525808
29,8,3988.525808
29,8,3988.525808
29,8,3988.525808
29,8,3988.525808
29,8,3988.525808
29,8,3988.525808
29,8,3988.525808
29,8,3988.525808
29,8,3988.525808
29,9,3381.238812
29,9,3381.238812
29,10,3168.048472
29,11,3102.023744
29,11,3102.023744
29,12,2848.693111
29,12,2848.693111
29,12,2848.693111
29,12,2848.693111
29,14,2787.859634
29,14,2787.859634
29,14,2787.859634
29,14,2787.859634
29,14,2787.859634
29,15,2697.127219
29,15,2697.127219
29,15,2697.127219
29,15,2697.127219
29,17,2684.285909
29,17,2684.285909
29,17,2684.285909
29,17,2684.285909
29,17,2684.285909
29,17,2684.285909
29,17,2684.285909
29,17,2684.285909
29,18,2627.710089
29,18,2627.710089
29,18,2627.710089
29,18,2627.710089
29,21,2578.465241
29,21,2578.465241
29,22,2577.634363
29,22,2577.634363
29,22,2577.634363
29,22,2577.634363
29,22,2577.634363
29,22,2577.634363
29,22,2577.634363
29,22,2577.634363
29,22,2577.634363
29,22,2577.634363
29,22,2577.634363
29,22,2577.634363
29,25,2577.633807
29,25,2577.633807
29,25,2577.633807
29,25,2577.633807
29,25,2577.633807
29,25,2577.633807
29,25,2577.633807
29,25,2577.633807
30,7,4784.980845
30,7,4784.980845
30,7,4784.980845
30,7,4784.980845
30,7,4784.980845
30,7,4784.980845
30,7,4784.980845
30,7,4784.980845
30,7,4784.980845
30,7,4784.980845
30,7,4784.980845
30,7,4784.980845
30,7,4784.980845
30,7,4784.980845
30,7,4784.980845
30,7,4784.980845
30,7,4784.980845
30,7,4784.980845
30,7,4784.980845
30,7,4784.980845
30,8,3988.525808
30,8,3988.525808
30,8,3988.525808
30,8,3988.525808
30,8,3988.525808
30,8,3988.525808
30,8,3988.525808
30,8,3988.525808
30,8,3988.525808
30,8,3988.525808
30,8,3988.525808
30,8,3988.525808
30,8,3988.525808
30,8,3988.525808
30,8,3988.525808
30,8,3988.525808
30,8,3988.525808
30,8,3988.525808
30,8,3988.525808
30,8,3988.525808
30,8,3988.525808
30,8,3988.525808
30,9,3381.238812
30,9,3381.238812
30,9,3381.238812
30,10,3168.048472
30,10,3168.048472
30,11,3102.023744
30,11,3102.023744
30,11,3102.023744
30,12,2848.693111
30,12,2848.693111
30,12,2848.693111
30,12,2848.693111
30,12,2848.693111
30,14,2787.859634
30,14,2787.859634
30,14,2787.859634
30,14,2787.859634
30,14,2787.859634
30,14,2787.859634
30,15,2697.127219
30,15,2697.127219
30,15,2697.127219
30,15,2697.127219
30,15,2697.127219
30,17,2684.285909
30,17,2684.285909
30,17,2684.285909
30,17,2684.285909
30,17,2684.285909
30,17,2684.285909
30,17,2684.285909
30,17,2684.285909
30,17,2684.285909
30,18,2627.710089
30,18,2627.710089
30,18,2627.710089
30,18,2627.710089
30,18,2627.710089
30,21,2568.450096
31,7,4784.980845
31,7,4784.980845
31,7,4784.980845
31,7,4784.980845
31,7,4784.980845
31,7,4784.980845
31,7,4784.980845
31,7,4784.980845
31,7,4784.980845
31,7,4784.980845
31,7,4784.980845
31,7,4784.980845
31,7,4784.980845
31,7,4784.980845
31,7,4784.980845
31,7,4784.980845
31,7,4784.980845
31,7,4784.980845
31,7,4784.980845
31,7,4784.980845
31,7,4784.980845
31,8,3988.525808
31,8,3988.525808
31,8,3988.525808
31,8,3988.525808
31,8,3988.525808
31,8,3988.525808
31,8,3988.525808
31,8,3988.525808
31,8,3988.525808
31,8,3988.525808
31,8,3988.525808
31,8,3988.525808
31,8,3988.525808
31,8,3988.525808
31,8,3988.525808
31,8,3988.525808
31,8,3988.525808
31,8,3988.525808
31,8,3988.525808
31,8,3988.525808
31,8,3988.525808
31,8,3988.525808
31,8,3988.525808
31,9,3381.238812
31,9,3381.238812
31,9,3381.238812
31,9,3381.238812
31,10,3168.048472
31,10,3168.048472
31,10,3168.048472
31,11,3102.023744
31,11,3102.023744
31,11,3102.023744
31,11,3102.023744
31,12,2848.693111
31,12,2848.693111
31,12,2848.693111
31,12,2848.693111
31,12,2848.693111
31,12,2848.693111
31,14,2787.859634
31,14,2787.859634
31,14,2787.859634
31,14,2787.859634
31,14,2787.859634
31,14,2787.859634
31,14,2787.859634
31,15,2697.127219
31,15,2697.127219
31,15,2697.127219
31,15,2697.127219
31,15,2697.127219
31,15,2697.127219
31,17,2684.285909
31,17,2684.285909
31,17,2684.285909
31,17,2684.285909
31,17,2684.285909
31,17,2684.285909
31,17,2684.285909
31,17,2684.285909
31,17,2684.285909
31,17,2684.285909
31,18,2627.710089
31,18,2627.710089
31,18,2627.710089
31,18,2627.710089
31,18,2627.710089
31,18,2627.710089
31,20,2606.579763
31,21,2568.450096
31,21,2568.450096
32,7,4784.980845
32,7,4784.980845
32,7,4784.980845
32,7,4784.980845
32,7,4784.980845
32,7,4784.980845
32,7,4784.980845
32,7,4784.980845
32,7,4784.980845
32,7,4784.980845
32,7,4784.980845
32,7,4784.980845
32,7,4784.980845
32,7,4784.980845
32,7,4784.980845
32,7,4784.980845
32,7,4784.980845
32,7,4784.980845
32,7,4784.980845
32,7,4784.980845
32,7,4784.980845
32,7,4784.980845
32,8,3988.525808
32,8,3988.525808
32,8,3988.525808
32,8,3988.525808
32,8,3988.525808
32,8,3988.525808
32,8,3988.525808
32,8,3988.525808
32,8,3988.525808
32,8,3988.525808
32,8,3988.525808
32,8,3988.525808
32,8,3988.525808
32,8,3988.525808
32,8,3988.525808
32,8,3988.525808
32,8,3988.525808
32,8,3988.525808
32,8,3988.525808
32,8,3988.525808
32,8,3988.525808
32,8,3988.525808
32,8,3988.525808
32,8,3988.525808
32,9,3381.238812
32,9,3381.238812
32,9,3381.238812
32,9,3381.238812
32,9,3381.238812
32,10,3168.048472
32,10,3168.048472
32,10,3168.048472
32,10,3168.048472
32,11,3102.023744
32,11,3102.023744
32,11,3102.023744
32,11,3102.023744
32,11,3102.023744
32,12,2848.693111
32,12,2848.693111
32,12,2848.693111
32,12,2848.693111
32,12,2848.693111
32,12,2848.693111
32,12,2848.693111
32,14,2787.859634
32,14,2787.859634
32,14,2787.859634
32,14,2787.859634
32,14,2787.859634
32,14,2787.859634
32,14,2787.859634
32,14,2787.859634
32,15,2697.127219
32,15,2697.127219
32,15,2697.127219
32,15,2697.127219
32,15,2697.127219
32,15,2697.127219
32,15,2697.127219
32,16,2674.913651
32,18,2627.710089
32,18,2627.710089
32,18,2627.710089
32,18,2627.710089
32,18,2627.710089
32,18,2627.710089
32,18,2627.710089
32,19,2615.066906
32,20,2606.579763
32,20,2606.579763
32,20,2606.579763
32,21,2568.450096
32,21,2568.450096
32,21,2568.450096
33,7,4784.980845
33,7,4784.980845
33,7,4784.980845
33,7,4784.980845
33,7,4784.980845
33,7,4784.980845
33,7,4784.980845
33,7,4784.980845
33,7,4784.980845
33,7,4784.980845
33,7,4784.980845
33,7,4784.980845
33,7,4784.980845
33,7,4784.980845
33,7,4784.980845
33,7,4784.980845
33,7,4784.980845
33,7,4784.980845
33,7,4784.980845
33,7,4784.980845
33,7,4784.980845
33,7,4784.980845
33,7,4784.980845
33,8,3891.806097
33,9,3381.238812
33,9,3381.238812
33,9,3381.238812
33,9,3381.238812
33,9,3381.238812
33,9,3381.238812
33,10,3168.048472
33,10,3168.048472
33,10,3168.048472
33,10,3168.048472
33,10,3168.048472
33,11,3095.804460
33,12,2848.693111
33,12,2848.693111
33,12,2848.693111
33,12,2848.693111
33,12,2848.693111
33,12,2848.693111
33,12,2848.693111
33,12,2848.693111
33,14,2787.859634
33,14,2787.859634
33,14,2787.859634
33,14,2787.859634
33,14,2787.859634
33,14,2787.859634
33,14,2787.859634
33,14,2787.859634
33,14,2787.859634
33,15,2697.127219
33,15,2697.127219
33,15,2697.127219
33,15,2697.127219
33,15,2697.127219
33,15,2697.127219
33,15,2697.127219
33,15,2697.127219
33,16,2674.913651
33,16,2674.913651
33,18,2627.710089
33,18,2627.710089
33,18,2627.710089
33,18,2627.710089
33,18,2627.710089
33,18,2627.710089
33,18,2627.710089
33,18,2627.710089
33,19,2615.066906
33,19,2615.066906
33,20,2606.579763
33,20,2606.579763
33,20,2606.579763
33,20,2606.579763
33,20,2606.579763
33,21,2568.450096
33,21,2568.450096
33,21,2568.450096
33,21,2568.450096
34,7,4784.980845
34,7,4784.980845
34,7,4784.980845
34,7,4784.980845
34,7,4784.980845
34,7,4784.980845
34,7,4784.980845
34,7,4784.980845
34,7,4784.980845
34,7,4784.980845
34,7,4784.980845
34,7,4784.980845
34,7,4784.980845
34,7,4784.980845
34,7,4784.980845
34,7,4784.980845
34,7,4784.980845
34,7,4784.980845
34,7,4784.980845
34,7,4784.980845
34,7,4784.980845
34,7,4784.980845
34,7,4784.980845
34,7,4784.980845
34,8,3891.806097
34,8,3891.806097
34,9,3381.176565
34,10,3168.048472
34,10,3168.048472
34,10,3168.048472
34,10,3168.048472
34,10,3168.048472
34,10,3168.048472
34,11,3027.842055
34,12,2848.693111
34,12,2848.693111
34,12,2848.693111
34,12,2848.693111
34,12,2848.693111
34,12,2848.693111
34,12,2848.693111
34,12,2848.693111
34,12,2848.693111
34,14,2787.859634
34,14,2787.859634
34,14,2787.859634
34,14,2787.859634
34,14,2787.859634
34,14,2787.859634
34,14,2787.859634
34,14,2787.859634
34,14,2787.859634
34,14,2787.859634
34,15,2697.127219
34,15,2697.127219
34,15,2697.127219
34,15,2697.127219
34,15,2697.127219
34,15,2697.127219
34,15,2697.127219
34,15,2697.127219
34,15,2697.127219
34,16,2674.913651
34,16,2674.913651
34,16,2674.913651
34,18,2627.710089
34,18,2627.710089
34,18,2627.710089
34,18,2627.710089
34,18,2627.710089
34,18,2627.710089
34,18,2627.710089
34,18,2627.710089
34,18,2627.710089
34,19,2615.066906
34,19,2615.066906
34,19,2615.066906
34,20,2606.579763
34,20,2606.579763
34,20,2606.579763
34,20,2606.579763
34,20,2606.579763
34,20,2606.579763
34,20,2606.579763
34,21,2568.450096
34,21,2568.450096
34,21,2568.450096
34,21,2568.450096
34,21,2568.450096
35,7,4784.980845
35,7,4784.980845
35,7,4784.980845
35,7,4784.980845
35,7,4784.980845
35,7,4784.980845
35,7,4784.980845
35,7,4784.980845
35,7,4784.980845
35,7,4784.980845
35,7,4784.980845
35,7,4784.980845
35,7,4784.980845
35,7,4784.980845
35,7,4784.980845
35,7,4784.980845
35,7,4784.980845
35,7,4784.980845
35,7,4784.980845
35,7,4784.980845
35,7,4784.980845
35,7,4784.980845
35,7,4784.980845
35,7,4784.980845
35,7,4784.980845
35,8,3891.806097
35,8,3891.806097
35,8,3891.806097
35,9,3378.407239
35,10,3168.048472
35,10,3168.048472
35,10,3168.048472
35,10,3168.048472
35,10,3168.048472
35,10,3168.048472
35,10,3168.048472
35,11,3027.842055
35,11,3027.842055
35,12,2848.693111
35,12,2848.693111
35,12,2848.693111
35,12,2848.693111
35,12,2848.693111
35,12,2848.693111
35,12,2848.693111
35,12,2848.693111
35,12,2848.693111
35,12,2848.693111
35,14,2787.859634
35,14,2787.859634
35,14,2787.859634
35,14,2787.859634
35,14,2787.859634
35,14,2787.859634
35,14,2787.859634
35,14,2787.859634
35,14,2787.859634
35,14,2787.859634
35,14,2787.859634
35,15,2697.127219
35,15,2697.127219
35,15,2697.127219
35,15,2697.127219
35,15,2697.127219
35,15,2697.127219
35,15,2697.127219
35,15,2697.127219
35,15,2697.127219
35,15,2697.127219
35,16,2674.913651
35,16,2674.913651
35,16,2674.913651
35,16,2674.913651
35,17,2662.125308
35,18,2627.710089
35,18,2627.710089
35,18,2627.710089
35,18,2627.710089
35,18,2627.710089
35,18,2627.710089
35,18,2627.710089
35,18,2627.710089
35,18,2627.710089
35,18,2627.710089
35,19,2615.066906
35,19,2615.066906
35,19,2615.066906
35,19,2615.066906
35,20,2606.579763
35,20,2606.579763
35,20,2606.579763
35,20,2606.579763
35,20,2606.579763
35,20,2606.579763
35,20,2606.579763
35,20,2606.579763
35,20,2606.579763
35,21,2568.450096
35,21,2568.450096
35,21,2568.450096
35,21,2568.450096
35,21,2568.450096
35,21,2568.450096
36,7,4784.980845
36,7,4784.980845
36,7,4784.980845
36,7,4784.980845
36,7,4784.980845
36,7,4784.980845
36,7,4784.980845
36,7,4784.980845
36,7,4784.980845
36,7,4784.980845
36,7,4784.980845
36,7,4784.980845
36,7,4784.980845
36,7,4784.980845
36,7,4784.980845
36,7,4784.980845
36,7,4784.980845
36,7,4784.980845
36,7,4784.980845
36,7,4784.980845
36,7,4784.980845
36,7,4784.980845
36,7,4784.980845
36,7,4784.980845
36,7,4784.980845
36,7,4784.980845
36,8,3891.806097
36,8,3891.806097
36,8,3891.806097
36,8,3891.806097
36,9,3322.035101
36,10,3168.048472
36,10,3168.048472
36,10,3168.048472
36,10,3168.048472
36,10,3168.048472
36,10,3168.048472
36,10,3168.048472
36,10,3168.048472
36,11,3027.842055
36,11,3027.842055
36,11,3027.842055
36,12,2848.693111
36,12,2848.693111
36,12,2848.693111
36,12,2848.693111
36,12,2848.693111
36,12,2848.693111
36,12,2848.693111
36,12,2848.693111
36,12,2848.693111
36,12,2848.693111
36,12,2848.693111
36,14,2787.859634
36,14,2787.859634
36,14,2787.859634
36,14,2787.859634
36,14,2787.859634
36,14,2787.859634
36,14,2787.859634
36,14,2787.859634
36,14,2787.859634
36,14,2787.859634
36,14,2787.859634
36,14,2787.859634
36,15,2636.147074
36,18,2627.710089
36,18,2627.710089
36,18,2627.710089
36,18,2627.710089
36,18,2627.710089
36,18,2627.710089
36,18,2627.710089
36,18,2627.710089
36,18,2627.710089
36,18,2627.710089
36,18,2627.710089
36,19,2615.066906
36,19,2615.066906
36,19,2615.066906
36,19,2615.066906
36,19,2615.066906
36,20,2606.579763
36,20,2606.579763
36,20,2606.579763
36,20,2606.579763
36,20,2606.579763
36,20,2606.579763
36,20,2606.579763
36,20,2606.579763
36,20,2606.579763
36,20,2606.579763
36,20,2606.579763
36,21,2568.450096
36,21,2568.450096
36,21,2568.450096
36,21,2568.450096
36,21,2568.450096
36,21,2568.450096
36,21,2568.450096
37,7,4775.222498
37,8,3891.806097
37,8,3891.806097
37,8,3891.806097
37,8,3891.806097
37,8,3891.806097
37,9,3322.035101
37,9,3322.035101
37,10,3168.048472
37,10,3168.048472
37,10,3168.048472
37,10,3168.048472
37,10,3168.048472
37,10,3168.048472
37,10,3168.048472
37,10,3168.048472
37,10,3168.048472
37,11,3027.842055
37,11,3027.842055
37,11,3027.842055
37,11,3027.842055
37,12,2848.693111
37,12,2848.693111
37,12,2848.693111
37,12,2848.693111
37,12,2848.693111
37,12,2848.693111
37,12,2848.693111
37,12,2848.693111
37,12,2848.693111
37,12,2848.693111
37,12,2848.693111
37,12,2848.693111
37,14,2787.859634
37,14,2787.859634
37,14,2787.859634
37,14,2787.859634
37,14,2787.859634
37,14,2787.859634
37,14,2787.859634
37,14,2787.859634
37,14,2787.859634
37,14,2787.859634
37,14,2787.859634
37,14,2787.859634
37,14,2787.859634
37,15,2636.147074
37,15,2636.147074
37,18,2627.710089
37,18,2627.710089
37,18,2627.710089
37,18,2627.710089
37,18,2627.710089
37,18,2627.710089
37,18,2627.710089
37,18,2627.710089
37,18,2627.710089
37,18,2627.710089
37,18,2627.710089
37,18,2627.710089
37,19,2615.066906
37,19,2615.066906
37,19,2615.066906
37,19,2615.066906
37,19,2615.066906
37,19,2615.066906
37,20,2606.579763
37,20,2606.579763
37,20,2606.579763
37,20,2606.579763
37,20,2606.579763
37,20,2606.579763
37,20,2606.579763
37,20,2606.579763
37,20,2606.579763
37,20,2606.579763
37,20,2606.579763
37,20,2606.579763
37,20,2606.579763
37,21,2535.288526
38,7,4775.222498
38,7,4775.222498
38,8,3891.806097
38,8,3891.806097
38,8,3891.806097
38,8,3891.806097
38,8,3891.806097
38,8,3891.806097
38,9,3322.035101
38,9,3322.035101
38,9,3322.035101
38,10,3164.615280
38,11,3027.842055
38,11,3027.842055
38,11,3027.842055
38,11,3027.842055
38,11,3027.842055
38,12,2847.582101
38,13,2787.705567
38,14,2721.333927
38,15,2636.147074
38,15,2636.147074
38,15,2636.147074
38,18,2627.710089
38,18,2627.710089
38,18,2627.710089
38,18,2627.710089
38,18,2627.710089
38,18,2627.710089
38,18,2627.710089
38,18,2627.710089
38,18,2627.710089
38,18,2627.710089
38,18,2627.710089
38,18,2627.710089
38,18,2627.710089
38,19,2615.066906
38,19,2615.066906
38,19,2615.066906
38,19,2615.066906
38,19,2615.066906
38,19,2615.066906
38,19,2615.066906
38,20,2606.579763
38,20,2606.579763
38,20,2606.579763
38,20,2606.579763
38,20,2606.579763
38,20,2606.579763
38,20,2606.579763
38,20,2606.579763
38,20,2606.579763
38,20,2606.579763
38,20,2606.579763
38,20,2606.579763
38,20,2606.579763
38,20,2606.579763
38,20,2606.579763
38,21,2535.288526
38,21,2535.288526
39,7,4775.222498
39,7,4775.222498
39,7,4775.222498
39,8,3891.806097
39,8,3891.806097
39,8,3891.806097
39,8,3891.806097
39,8,3891.806097
39,8,3891.806097
39,8,3891.806097
39,9,3322.035101
39,9,3322.035101
39,9,3322.035101
39,9,3322.035101
39,10,3153.962532
39,11,3027.842055
39,11,3027.842055
39,11,3027.842055
39,11,3027.842055
39,11,3027.842055
39,11,3027.842055
39,12,2847.582101
39,12,2847.582101
39,13,2787.705567
39,13,2787.705567
39,14,2721.333927
39,14,2721.333927
39,15,2636.147074
39,15,2636.147074
39,15,2636.147074
39,15,2636.147074
39,18,2627.710089
39,18,2627.710089
39,18,2627.710089
39,18,2627.710089
39,18,2627.710089
39,18,2627.710089
39,18,2627.710089
39,18,2627.710089
39,18,2627.710089
39,18,2627.710089
39,18,2627.710089
39,18,2627.710089
39,18,2627.710089
39,18,2627.710089
39,19,2615.066906
39,19,2615.066906
39,19,2615.066906
39,19,2615.066906
39,19,2615.066906
39,19,2615.066906
39,19,2615.066906
39,19,2615.066906
39,20,2606.579763
39,20,2606.579763
39,20,2606.579763
39,20,2606.579763
39,20,2606.579763
39,20,2606.579763
39,20,2606.579763
39,20,2606.579763
39,20,2606.579763
39,20,2606.579763
39,20,2606.579763
39,20,2606.579763
39,20,2606.579763
39,20,2606.579763
39,20,2606.579763
39,20,2606.579763
39,20,2606.579763
39,21,2535.288526
39,21,2535.288526
39,21,2535.288526
39,23,2534.927947
40,7,4775.222498
40,7,4775.222498
40,7,4775.222498
40,7,4775.222498
40,8,3891.806097
40,8,3891.806097
40,8,3891.806097
40,8,3891.806097
40,8,3891.806097
40,8,3891.806097
40,8,3891.806097
40,8,3891.806097
40,9,3322.035101
40,9,3322.035101
40,9,3322.035101
40,9,3322.035101
40,9,3322.035101
40,10,3153.962532
40,10,3153.962532
40,11,3027.842055
40,11,3027.842055
40,11,3027.842055
40,11,3027.842055
40,11,3027.842055
40,11,3027.842055
40,11,3027.842055
40,12,2847.582101
40,12,2847.582101
40,12,2847.582101
40,13,2787.705567
40,13,2787.705567
40,13,2787.705567
40,14,2721.333927
40,14,2721.333927
40,14,2721.333927
40,15,2636.147074
40,15,2636.147074
40,15,2636.147074
40,15,2636.147074
40,15,2636.147074
40,17,2583.312962
40,21,2535.288526
40,21,2535.288526
40,21,2535.288526
40,21,2535.288526
40,23,2534.927947
40,23,2534.927947
41,7,4775.222498
41,7,4775.222498
41,7,4775.222498
41,7,4775.222498
41,7,4775.222498
41,8,3618.715917
41,9,3322.035101
41,9,3322.035101
41,9,3322.035101
41,9,3322.035101
41,9,3322.035101
41,9,3322.035101
41,10,3152.842007
41,11,3027.842055
41,11,3027.842055
41,11,3027.842055
41,11,3027.842055
41,11,3027.842055
41,11,3027.842055
41,11,3027.842055
41,11,3027.842055
41,12,2847.582101
41,12,2847.582101
41,12,2847.582101
41,12,2847.582101
41,13,2787.705567
41,13,2787.705567
41,13,2787.705567
41,13,2787.705567
41,14,2721.333927
41,14,2721.333927
41,14,2721.333927
41,14,2721.333927
41,15,2636.147074
41,15,2636.147074
41,15,2636.147074
41,15,2636.147074
41,15,2636.147074
41,15,2636.147074
41,17,2583.312962
41,17,2583.312962
41,21,2535.288526
41,21,2535.288526
41,21,2535.288526
41,21,2535.288526
41,21,2535.288526
41,23,2534.927947
41,23,2534.927947
41,23,2534.927947
42,7,4775.222498
42,7,4775.222498
42,7,4775.222498
42,7,4775.222498
42,7,4775.222498
42,7,4775.222498
42,8,3618.715917
42,8,3618.715917
42,9,3322.035101
42,9,3322.035101
42,9,3322.035101
42,9,3322.035101
42,9,3322.035101
42,9,3322.035101
42,9,3322.035101
42,10,3152.842007
42,10,3152.842007
42,11,3027.842055
42,11,3027.842055
42,11,3027.842055
42,11,3027.842055
42,11,3027.842055
42,11,3027.842055
42,11,3027.842055
42,11,3027.842055
42,11,3027.842055
42,12,2847.582101
42,12,2847.582101
42,12,2847.582101
42,12,2847.582101
42,12,2847.582101
42,13,2787.705567
42,13,2787.705567
42,13,2787.705567
42,13,2787.705567
42,13,2787.705567
42,14,2721.333927
42,14,2721.333927
42,14,2721.333927
42,14,2721.333927
42,14,2721.333927
42,15,2636.147074
42,15,2636.147074
42,15,2636.147074
42,15,2636.147074
42,15,2636.147074
42,15,2636.147074
42,15,2636.147074
42,17,2583.312962
42,17,2583.312962
42,17,2583.312962
42,21,2535.288526
42,21,2535.288526
42,21,2535.288526
42,21,2535.288526
42,21,2535.288526
42,21,2535.288526
42,23,2534.927947
42,23,2534.927947
42,23,2534.927947
42,23,2534.927947
43,7,4678.337857
43,8,3618.715917
43,8,3618.715917
43,8,3618.715917
43,9,3322.035101
43,9,3322.035101
43,9,3322.035101
43,9,3322.035101
43,9,3322.035101
43,9,3322.035101
43,9,3322.035101
43,9,3322.035101
43,10,3011.702883
43,11,2834.432145
43,13,2787.705567
43,13,2787.705567
43,13,2787.705567
43,13,2787.705567
43,13,2787.705567
43,13,2787.705567
43,14,2694.986205
43,15,2636.147074
43,15,2636.147074
43,15,2636.147074
43,15,2636.147074
43,15,2636.147074
43,15,2636.147074
43,15,2636.147074
43,15,2636.147074
43,17,2583.312962
43,17,2583.312962
43,17,2583.312962
43,17,2583.312962
43,20,2551.622017
43,21,2535.288526
43,21,2535.288526
43,21,2535.288526
43,21,2535.288526
43,21,2535.288526
43,21,2535.288526
43,21,2535.288526
43,23,2534.927947
43,23,2534.927947
43,23,2534.927947
43,23,2534.927947
43,23,2534.927947
44,7,4678.337857
44,7,4678.337857
44,8,3618.715917
44,8,3618.715917
44,8,3618.715917
44,8,3618.715917
44,9,3322.035101
44,9,3322.035101
44,9,3322.035101
44,9,3322.035101
44,9,3322.035101
44,9,3322.035101
44,9,3322.035101
44,9,3322.035101
44,9,3322.035101
44,10,3011.702883
44,10,3011.702883
44,11,2834.432145
44,11,2834.432145
44,13,2787.705567
44,13,2787.705567
44,13,2787.705567
44,13,2787.705567
44,13,2787.705567
44,13,2787.705567
44,13,2787.705567
44,14,2694.986205
44,14,2694.986205
44,15,2636.147074
44,15,2636.147074
44,15,2636.147074
44,15,2636.147074
44,15,2636.147074
44,15,2636.147074
44,15,2636.147074
44,15,2636.147074
44,15,2636.147074
44,17,2583.312962
44,17,2583.312962
44,17,2583.312962
44,17,2583.312962
44,17,2583.312962
44,18,2581.239246
44,20,2551.622017
44,20,2551.622017
44,21,2535.288526
44,21,2535.288526
44,21,2535.288526
44,21,2535.288526
44,21,2535.288526
44,21,2535.288526
44,21,2535.288526
44,21,2535.288526
44,23,2534.927947
44,23,2534.927947
44,23,2534.927947
44,23,2534.927947
44,23,2534.927947
44,23,2534.927947
45,7,4678.337857
45,7,4678.337857
45,7,4678.337857
45,8,3618.715917
45,8,3618.715917
45,8,3618.715917
45,8,3618.715917
45,8,3618.715917
45,9,3322.035101
45,9,3322.035101
45,9,3322.035101
45,9,3322.035101
45,9,3322.035101
45,9,3322.035101
45,9,3322.035101
45,9,3322.035101
45,9,3322.035101
45,9,3322.035101
45,10,3011.702883
45,10,3011.702883
45,10,3011.702883
45,11,2834.432145
45,11,2834.432145
45,11,2834.432145
45,13,2787.705567
45,13,2787.705567
45,13,2787.705567
45,13,2787.705567
45,13,2787.705567
45,13,2787.705567
45,13,2787.705567
45,13,2787.705567
45,14,2694.986205
45,14,2694.986205
45,14,2694.986205
45,15,2636.147074
45,15,2636.147074
45,15,2636.147074
45,15,2636.147074
45,15,2636.147074
45,15,2636.147074
45,15,2636.147074
45,15,2636.147074
45,15,2636.147074
45,15,2636.147074
45,16,2608.265314
45,17,2583.312962
45,17,2583.312962
45,17,2583.312962
45,17,2583.312962
45,17,2583.312962
45,17,2583.312962
45,18,2581.239246
45,18,2581.239246
45,20,2551.622017
45,20,2551.622017
45,20,2551.622017
45,21,2535.288526
45,21,2535.288526
45,21,2535.288526
45,21,2535.288526
45,21,2535.288526
45,21,2535.288526
45,21,2535.288526
45,21,2535.288526
45,21,2535.288526
45,23,2534.927947
45,23,2534.927947
45,23,2534.927947
45,23,2534.927947
45,23,2534.927947
45,23,2534.927947
45,23,2534.927947
46,7,4678.337857
46,7,4678.337857
46,7,4678.337857
46,7,4678.337857
46,8,3618.715917
46,8,3618.715917
46,8,3618.715917
46,8,3618.715917
46,8,3618.715917
46,8,3618.715917
46,9,3322.035101
46,9,3322.035101
46,9,3322.035101
46,9,3322.035101
46,9,3322.035101
46,9,3322.035101
46,9,3322.035101
46,9,3322.035101
46,9,3322.035101
46,9,3322.035101
46,9,3322.035101
46,10,3011.702883
46,10,3011.702883
46,10,3011.702883
46,10,3011.702883
46,11,2834.432145
46,11,2834.432145
46,11,2834.432145
46,11,2834.432145
46,13,2779.727735
46,14,2694.986205
46,14,2694.986205
46,14,2694.986205
46,14,2694.986205
46,15,2636.147074
46,15,2636.147074
46,15,2636.147074
46,15,2636.147074
46,15,2636.147074
46,15,2636.147074
46,15,2636.147074
46,15,2636.147074
46,15,2636.147074
46,15,2636.147074
46,15,2636.147074
46,16,2608.265314
46,16,2608.265314
46,17,2583.312962
46,17,2583.312962
46,17,2583.312962
46,17,2583.312962
46,17,2583.312962
46,17,2583.312962
46,17,2583.312962
46,18,2581.239246
46,18,2581.239246
46,18,2581.239246
46,20,2551.622017
46,20,2551.622017
46,20,2551.622017
46,20,2551.622017
46,21,2535.288526
46,21,2535.288526
46,21,2535.288526
46,21,2535.288526
46,21,2535.288526
46,21,2535.288526
46,21,2535.288526
46,21,2535.288526
46,21,2535.288526
46,21,2535.288526
46,23,2534.927947
46,23,2534.927947
46,23,2534.927947
46,23,2534.927947
46,23,2534.927947
46,23,2534.927947
46,23,2534.927947
46,23,2534.927947
47,7,4678.337857
47,7,4678.337857
47,7,4678.337857
47,7,4678.337857
47,7,4678.337857
47,8,3618.715917
47,8,3618.715917
47,8,3618.715917
47,8,3618.715917
47,8,3618.715917
47,8,3618.715917
47,8,3618.715917
47,9,3322.035101
47,9,3322.035101
47,9,3322.035101
47,9,3322.035101
47,9,3322.035101
47,9,3322.035101
47,9,3322.035101
47,9,3322.035101
47,9,3322.035101
47,9,3322.035101
47,9,3322.035101
47,9,3322.035101
47,10,3011.702883
47,10,3011.702883
47,10,3011.702883
47,10,3011.702883
47,10,3011.702883
47,11,2834.432145
47,11,2834.432145
47,11,2834.432145
47,11,2834.432145
47,11,2834.432145
47,13,2779.727735
47,13,2779.727735
47,14,2694.986205
47,14,2694.986205
47,14,2694.986205
47,14,2694.986205
47,14,2694.986205
47,15,2636.147074
47,15,2636.147074
47,15,2636.147074
47,15,2636.147074
47,15,2636.147074
47,15,2636.147074
47,15,2636.147074
47,15,2636.147074
47,15,2636.147074
47,15,2636.147074
47,15,2636.147074
47,15,2636.147074
47,16,2608.265314
47,16,2608.265314
47,16,2608.265314
47,17,2583.312962
47,17,2583.312962
47,17,2583.312962
47,17,2583.312962
47,17,2583.312962
47,17,2583.312962
47,17,2583.312962
47,17,2583.312962
47,18,2581.239246
47,18,2581.239246
47,18,2581.239246
47,18,2581.239246
47,20,2551.622017
47,20,2551.622017
47,20,2551.622017
47,20,2551.622017
47,20,2551.622017
47,21,2535.288526
47,21,2535.288526
47,21,2535.288526
47,21,2535.288526
47,21,2535.288526
47,21,2535.288526
47,21,2535.288526
47,21,2535.288526
47,21,2535.288526
47,21,2535.288526
47,21,2535.288526
47,23,2534.927947
47,23,2534.927947
47,23,2534.927947
47,23,2534.927947
47,23,2534.927947
47,23,2534.927947
47,23,2534.927947
47,23,2534.927947
47,23,2534.927947
48,7,4678.337857
48,7,4678.337857
48,7,4678.337857
48,7,4678.337857
48,7,4678.337857
48,7,4678.337857
48,8,3618.715917
48,8,3618.715917
48,8,3618.715917
48,8,3618.715917
48,8,3618.715917
48,8,3618.715917
48,8,3618.715917
48,8,3618.715917
48,9,3322.035101
48,9,3322.035101
48,9,3322.035101
48,9,3322.035101
48,9,3322.035101
48,9,3322.035101
48,9,3322.035101
48,9,3322.035101
48,9,3322.035101
48,9,3322.035101
48,9,3322.035101
48,9,3322.035101
48,9,3322.035101
48,10,3011.702883
48,10,3011.702883
48,10,3011.702883
48,10,3011.702883
48,10,3011.702883
48,10,3011.702883
48,11,2834.432145
48,11,2834.432145
48,11,2834.432145
48,11,2834.432145
48,11,2834.432145
48,11,2834.432145
48,13,2671.478576
48,15,2636.147074
48,15,2636.147074
48,15,2636.147074
48,15,2636.147074
48,15,2636.147074
48,15,2636.147074
48,15,2636.147074
48,15,2636.147074
48,15,2636.147074
48,15,2636.147074
48,15,2636.147074
48,15,2636.147074
48,15,2636.147074
48,16,2608.265314
48,16,2608.265314
48,16,2608.265314
48,16,2608.265314
48,17,2583.312962
48,17,2583.312962
48,17,2583.312962
48,17,2583.312962
48,17,2583.312962
48,17,2583.312962
48,17,2583.312962
48,17,2583.312962
48,17,2583.312962
48,18,2581.239246
48,18,2581.239246
48,18,2581.239246
48,18,2581.239246
48,18,2581.239246
48,20,2551.622017
48,20,2551.622017
48,20,2551.622017
48,20,2551.622017
48,20,2551.622017
48,20,2551.622017
48,21,2535.288526
48,21,2535.288526
48,21,2535.288526
48,21,2535.288526
48,21,2535.288526
48,21,2535.288526
48,21,2535.288526
48,21,2535.288526
48,21,2535.288526
48,21,2535.288526
48,21,2535.288526
48,21,2535.288526
48,23,2534.927947
48,23,2534.927947
48,23,2534.927947
48,23,2534.927947
48,23,2534.927947
48,23,2534.927947
48,23,2534.927947
48,23,2534.927947
48,23,2534.927947
48,23,2534.927947
49,7,4678.337857
49,7,4678.337857
49,7,4678.337857
49,7,4678.337857
49,7,4678.337857
49,7,4678.337857
49,7,4678.337857
49,8,3618.715917
49,8,3618.715917
49,8,3618.715917
49,8,3618.715917
49,8,3618.715917
49,8,3618.715917
49,8,3618.715917
49,8,3618.715917
49,8,3618.715917
49,9,3322.035101
49,9,3322.035101
49,9,3322.035101
49,9,3322.035101
49,9,3322.035101
49,9,3322.035101
49,9,3322.035101
49,9,3322.035101
49,9,3322.035101
49,9,3322.035101
49,9,3322.035101
49,9,3322.035101
49,9,3322.035101
49,9,3322.035101
49,10,3011.702883
49,10,3011.702883
49,10,3011.702883
49,10,3011.702883
49,10,3011.702883
49,10,3011.702883
49,10,3011.702883
49,11,2834.432145
49,11,2834.432145
49,11,2834.432145
49,11,2834.432145
49,11,2834.432145
49,11,2834.432145
49,11,2834.432145
49,13,2671.478576
49,13,2671.478576
49,15,2636.147074
49,15,2636.147074
49,15,2636.147074
49,15,2636.147074
49,15,2636.147074
49,15,2636.147074
49,15,2636.147074
49,15,2636.147074
49,15,2636.147074
49,15,2636.147074
49,15,2636.147074
49,15,2636.147074
49,15,2636.147074
49,15,2636.147074
49,16,2608.265314
49,16,2608.265314
49,16,2608.265314
49,16,2608.265314
49,16,2608.265314
49,17,2583.312962
49,17,2583.312962
49,17,2583.312962
49,17,2583.312962
49,17,2583.312962
49,17,2583.312962
49,17,2583.312962
49,17,2583.312962
49,17,2583.312962
49,17,2583.312962
49,18,2581.239246
49,18,2581.239246
49,18,2581.239246
49,18,2581.239246
49,18,2581.239246
49,18,2581.239246
49,20,2551.622017
49,20,2551.622017
49,20,2551.622017
49,20,2551.622017
49,20,2551.622017
49,20,2551.622017
49,20,2551.622017
49,21,2535.288526
49,21,2535.288526
49,21,2535.288526
49,21,2535.288526
49,21,2535.288526
49,21,2535.288526
49,21,2535.288526
49,21,2535.288526
49,21,2535.288526
49,21,2535.288526
49,21,2535.288526
49,21,2535.288526
49,21,2535.288526
49,22,2505.294937
50,7,4678.337857
50,7,4678.337857
50,7,4678.337857
50,7,4678.337857
50,7,4678.337857
50,7,4678.337857
50,7,4678.337857
50,7,4678.337857
50,8,3618.715917
50,8,3618.715917
50,8,3618.715917
50,8,3618.715917
50,8,3618.715917
50,8,3618.715917
50,8,3618.715917
50,8,3618.715917
50,8,3618.715917
50,8,3618.715917
50,9,3322.035101
50,9,3322.035101
50,9,3322.035101
50,9,3322.035101
50,9,3322.035101
50,9,3322.035101
50,9,3322.035101
50,9,3322.035101
50,9,3322.035101
50,9,3322.035101
50,9,3322.035101
50,9,3322.035101
50,9,3322.035101
50,9,3322.035101
50,9,3322.035101
50,10,2851.237968
50,11,2834.432145
50,11,2834.432145
50,11,2834.432145
50,11,2834.432145
50,11,2834.432145
50,11,2834.432145
50,11,2834.432145
50,11,2834.432145
50,12,2800.149597
50,13,2671.478576
50,13,2671.478576
50,13,2671.478576
50,15,2636.147074
50,15,2636.147074
50,15,2636.147074
50,15,2636.147074
50,15,2636.147074
50,15,2636.147074
50,15,2636.147074
50,15,2636.147074
50,15,2636.147074
50,15,2636.147074
50,15,2636.147074
50,15,2636.147074
50,15,2636.147074
50,15,2636.147074
50,15,2636.147074
50,16,2608.265314
50,16,2608.265314
50,16,2608.265314
50,16,2608.265314
50,16,2608.265314
50,16,2608.265314
50,17,2583.312962
50,17,2583.312962
50,17,2583.312962
50,17,2583.312962
50,17,2583.312962
50,17,2583.312962
50,17,2583.312962
50,17,2583.312962
50,17,2583.312962
50,17,2583.312962
50,17,2583.312962
50,18,2581.239246
50,18,2581.239246
50,18,2581.239246
50,18,2581.239246
50,18,2581.239246
50,18,2581.239246
50,18,2581.239246
50,20,2551.622017
50,20,2551.622017
50,20,2551.622017
50,20,2551.622017
50,20,2551.622017
50,20,2551.622017
50,20,2551.622017
50,20,2551.622017
50,21,2535.288526
50,21,2535.288526
50,21,2535.288526
50,21,2535.288526
50,21,2535.288526
50,21,2535.288526
50,21,2535.288526
50,21,2535.288526
50,21,2535.288526
50,21,2535.288526
50,21,2535.288526
50,21,2535.288526
50,21,2535.288526
50,21,2535.288526
50,22,2505.294937
50,22,2505.294937
51,7,4678.337857
51,7,4678.337857
51,7,4678.337857
51,7,4678.337857
51,7,4678.337857
51,7,4678.337857
51,7,4678.337857
51,7,4678.337857
51,7,4678.337857
51,8,3618.715917
51,8,3618.715917
51,8,3618.715917
51,8,3618.715917
51,8,3618.715917
51,8,3618.715917
51,8,3618.715917
51,8,3618.715917
51,8,3618.715917
51,8,3618.715917
51,8,3618.715917
51,9,3322.035101
51,9,3322.035101
51,9,3322.035101
51,9,3322.035101
51,9,3322.035101
51,9,3322.035101
51,9,3322.035101
51,9,3322.035101
51,9,3322.035101
51,9,3322.035101
51,9,3322.035101
51,9,3322.035101
51,9,3322.035101
51,9,3322.035101
51,9,3322.035101
51,9,3322.035101
51,10,2837.701302
51,11,2834.432145
51,11,2834.432145
51,11,2834.432145
51,11,2834.432145
51,11,2834.432145
51,11,2834.432145
51,11,2834.432145
51,11,2834.432145
51,11,2834.432145
51,12,2800.149597
51,12,2800.149597
51,13,2671.478576
51,13,2671.478576
51,13,2671.478576
51,13,2671.478576
51,15,2636.147074
51,15,2636.147074
51,15,2636.147074
51,15,2636.147074
51,15,2636.147074
51,15,2636.147074
51,15,2636.147074
51,15,2636.147074
51,15,2636.147074
51,15,2636.147074
51,15,2636.147074
51,15,2636.147074
51,15,2636.147074
51,15,2636.147074
51,15,2636.147074
51,15,2636.147074
51,16,2608.265314
51,16,2608.265314
51,16,2608.265314
51,16,2608.265314
51,16,2608.265314
51,16,2608.265314
51,16,2608.265314
51,17,2583.312962
51,17,2583.312962
51,17,2583.312962
51,17,2583.312962
51,17,2583.312962
51,17,2583.312962
51,17,2583.312962
51,17,2583.312962
51,17,2583.312962
51,17,2583.312962
51,17,2583.312962
51,17,2583.312962
51,18,2581.239246
51,18,2581.239246
51,18,2581.239246
51,18,2581.239246
51,18,2581.239246
51,18,2581.239246
51,18,2581.239246
51,18,2581.239246
51,20,2551.622017
51,20,2551.622017
51,20,2551.622017
51,20,2551.622017
51,20,2551.622017
51,20,2551.622017
51,20,2551.622017
51,20,2551.622017
51,20,2551.622017
51,21,2535.288526
51,21,2535.288526
51,21,2535.288526
51,21,2535.288526
51,21,2535.288526
51,21,2535.288526
51,21,2535.288526
51,21,2535.288526
51,21,2535.288526
51,21,2535.288526
51,21,2535.288526
51,21,2535.288526
51,21,2535.288526
51,21,2535.288526
51,21,2535.288526
51,22,2505.294937
51,22,2505.294937
51,22,2505.294937
52,7,4678.337857
52,7,4678.337857
52,7,4678.337857
52,7,4678.337857
52,7,4678.337857
52,7,4678.337857
52,7,4678.337857
52,7,4678.337857
52,7,4678.337857
52,7,4678.337857
52,8,3618.715917
52,8,3618.715917
52,8,3618.715917
52,8,3618.715917
52,8,3618.715917
52,8,3618.715917
52,8,3618.715917
52,8,3618.715917
52,8,3618.715917
52,8,3618.715917
52,8,3618.715917
52,8,3618.715917
52,9,3313.230144
52,10,2837.701302
52,10,2837.701302
52,11,2834.432145
52,11,2834.432145
52,11,2834.432145
52,11,2834.432145
52,11,2834.432145
52,11,2834.432145
52,11,2834.432145
52,11,2834.432145
52,11,2834.432145
52,11,2834.432145
52,12,2800.149597
52,12,2800.149597
52,12,2800.149597
52,13,2603.418471
52,17,2583.312962
52,17,2583.312962
52,17,2583.312962
52,17,2583.312962
52,17,2583.312962
52,17,2583.312962
52,17,2583.312962
52,17,2583.312962
52,17,2583.312962
52,17,2583.312962
52,17,2583.312962
52,17,2583.312962
52,17,2583.312962
52,18,2581.239246
52,18,2581.239246
52,18,2581.239246
52,18,2581.239246
52,18,2581.239246
52,18,2581.239246
52,18,2581.239246
52,18,2581.239246
52,18,2581.239246
52,20,2551.622017
52,20,2551.622017
52,20,2551.622017
52,20,2551.622017
52,20,2551.622017
52,20,2551.622017
52,20,2551.622017
52,20,2551.622017
52,20,2551.622017
52,20,2551.622017
52,21,2535.288526
52,21,2535.288526
52,21,2535.288526
52,21,2535.288526
52,21,2535.288526
52,21,2535.288526
52,21,2535.288526
52,21,2535.288526
52,21,2535.288526
52,21,2535.288526
52,21,2535.288526
52,21,2535.288526
52,21,2535.288526
52,21,2535.288526
52,21,2535.288526
52,21,2535.288526
52,22,2505.294937
52,22,2505.294937
52,22,2505.294937
52,22,2505.294937
53,7,4678.337857
53,7,4678.337857
53,7,4678.337857
53,7,4678.337857
53,7,4678.337857
53,7,4678.337857
53,7,4678.337857
53,7,4678.337857
53,7,4678.337857
53,7,4678.337857
53,7,4678.337857
53,8,3618.715917
53,8,3618.715917
53,8,3618.715917
53,8,3618.715917
53,8,3618.715917
53,8,3618.715917
53,8,3618.715917
53,8,3618.715917
53,8,3618.715917
53,8,3618.715917
53,8,3618.715917
53,8,3618.715917
53,8,3618.715917
53,9,3313.230144
53,9,3313.230144
53,10,2837.701302
53,10,2837.701302
53,10,2837.701302
53,11,2834.432145
53,11,2834.432145
53,11,2834.432145
53,11,2834.432145
53,11,2834.432145
53,11,2834.432145
53,11,2834.432145
53,11,2834.432145
53,11,2834.432145
53,11,2834.432145
53,11,2834.432145
53,12,2800.149597
53,12,2800.149597
53,12,2800.149597
53,12,2800.149597
53,13,2603.418471
53,13,2603.418471
53,17,2583.312962
53,17,2583.312962
53,17,2583.312962
53,17,2583.312962
53,17,2583.312962
53,17,2583.312962
53,17,2583.312962
53,17,2583.312962
53,17,2583.312962
53,17,2583.312962
53,17,2583.312962
53,17,2583.312962
53,17,2583.312962
53,17,2583.312962
53,18,2581.239246
53,18,2581.239246
53,18,2581.239246
53,18,2581.239246
53,18,2581.239246
53,18,2581.239246
53,18,2581.239246
53,18,2581.239246
53,18,2581.239246
53,18,2581.239246
53,19,2561.402074
53,20,2551.622017
53,20,2551.622017
53,20,2551.622017
53,20,2551.622017
53,20,2551.622017
53,20,2551.622017
53,20,2551.622017
53,20,2551.622017
53,20,2551.622017
53,20,2551.622017
53,20,2551.622017
53,21,2535.288526
53,21,2535.288526
53,21,2535.288526
53,21,2535.288526
53,21,2535.288526
53,21,2535.288526
53,21,2535.288526
53,21,2535.288526
53,21,2535.288526
53,21,2535.288526
53,21,2535.288526
53,21,2535.288526
53,21,2535.288526
53,21,2535.288526
53,21,2535.288526
53,21,2535.288526
53,21,2535.288526
53,22,2505.294937
53,22,2505.294937
53,22,2505.294937
53,22,2505.294937
53,22,2505.294937
54,7,4678.337857
54,7,4678.337857
54,7,4678.337857
54,7,4678.337857
54,7,4678.337857
54,7,4678.337857
54,7,4678.337857
54,7,4678.337857
54,7,4678.337857
54,7,4678.337857
54,7,4678.337857
54,7,4678.337857
54,8,3618.715917
54,8,3618.715917
54,8,3618.715917
54,8,3618.715917
54,8,3618.715917
54,8,3618.715917
54,8,3618.715917
54,8,3618.715917
54,8,3618.715917
54,8,3618.715917
54,8,3618.715917
54,8,3618.715917
54,8,3618.715917
54,8,3618.715917
54,9,3313.230144
54,9,3313.230144
54,9,3313.230144
54,10,2837.701302
54,10,2837.701302
54,10,2837.701302
54,10,2837.701302
54,11,2834.432145
54,11,2834.432145
54,11,2834.432145
54,11,2834.432145
54,11,2834.432145
54,11,2834.432145
54,11,2834.432145
54,11,2834.432145
54,11,2834.432145
54,11,2834.432145
54,11,2834.432145
54,11,2834.432145
54,12,2800.149597
54,12,2800.149597
54,12,2800.149597
54,12,2800.149597
54,12,2800.149597
54,13,2603.418471
54,13,2603.418471
54,13,2603.418471
54,17,2583.312962
54,17,2583.312962
54,17,2583.312962
54,17,2583.312962
54,17,2583.312962
54,17,2583.312962
54,17,2583.312962
54,17,2583.312962
54,17,2583.312962
54,17,2583.312962
54,17,2583.312962
54,17,2583.312962
54,17,2583.312962
54,17,2583.312962
54,17,2583.312962
54,18,2581.239246
54,18,2581.239246
54,18,2581.239246
54,18,2581.239246
54,18,2581.239246
54,18,2581.239246
54,18,2581.239246
54,18,2581.239246
54,18,2581.239246
54,18,2581.239246
54,18,2581.239246
54,19,2561.402074
54,19,2561.402074
54,20,2551.622017
54,20,2551.622017
54,20,2551.622017
54,20,2551.622017
54,20,2551.622017
54,20,2551.622017
54,20,2551.622017
54,20,2551.622017
54,20,2551.622017
54,20,2551.622017
54,20,2551.622017
54,20,2551.622017
54,21,2535.288526
54,21,2535.288526
54,21,2535.288526
54,21,2535.288526
54,21,2535.288526
54,21,2535.288526
54,21,2535.288526
54,21,2535.288526
54,21,2535.288526
54,21,2535.288526
54,21,2535.288526
54,21,2535.288526
54,21,2535.288526
54,21,2535.288526
54,21,2535.288526
54,21,2535.288526
54,21,2535.288526
54,21,2535.288526
54,21,2535.288526
54,22,2505.294937
54,22,2505.294937
54,22,2505.294937
54,22,2505.294937
54,22,2505.294937
54,22,2505.294937
55,7,4678.337857
55,7,4678.337857
55,7,4678.337857
55,7,4678.337857
55,7,4678.337857
55,7,4678.337857
55,7,4678.337857
55,7,4678.337857
55,7,4678.337857
55,7,4678.337857
55,7,4678.337857
55,7,4678.337857
55,7,4678.337857
55,8,3618.715917
55,8,3618.715917
55,8,3618.715917
55,8,3618.715917
55,8,3618.715917
55,8,3618.715917
55,8,3618.715917
55,8,3618.715917
55,8,3618.715917
55,8,3618.715917
55,8,3618.715917
55,8,3618.715917
55,8,3618.715917
55,8,3618.715917
55,8,3618.715917
55,9,3313.230144
55,9,3313.230144
55,9,3313.230144
55,9,3313.230144
55,10,2837.701302
55,10,2837.701302
55,10,2837.701302
55,10,2837.701302
55,10,2837.701302
55,11,2834.432145
55,11,2834.432145
55,11,2834.432145
55,11,2834.432145
55,11,2834.432145
55,11,2834.432145
55,11,2834.432145
55,11,2834.432145
55,11,2834.432145
55,11,2834.432145
55,11,2834.432145
55,11,2834.432145
55,11,2834.432145
55,12,2800.149597
55,12,2800.149597
55,12,2800.149597
55,12,2800.149597
55,12,2800.149597
55,12,2800.149597
55,13,2603.418471
55,13,2603.418471
55,13,2603.418471
55,13,2603.418471
55,17,2583.312962
55,17,2583.312962
55,17,2583.312962
55,17,2583.312962
55,17,2583.312962
55,17,2583.312962
55,17,2583.312962
55,17,2583.312962
55,17,2583.312962
55,17,2583.312962
55,17,2583.312962
55,17,2583.312962
55,17,2583.312962
55,17,2583.312962
55,17,2583.312962
55,17,2583.312962
55,18,2563.665386
55,19,2561.402074
55,19,2561.402074
55,19,2561.402074
55,20,2551.622017
55,20,2551.622017
55,20,2551.622017
55,20,2551.622017
55,20,2551.622017
55,20,2551.622017
55,20,2551.622017
55,20,2551.622017
55,20,2551.622017
55,20,2551.622017
55,20,2551.622017
55,20,2551.622017
55,20,2551.622017
55,21,2535.288526
55,21,2535.288526
55,21,2535.288526
55,21,2535.288526
55,21,2535.288526
55,21,2535.288526
55,21,2535.288526
55,21,2535.288526
55,21,2535.288526
55,21,2535.288526
55,21,2535.288526
55,21,2535.288526
55,21,2535.288526
55,21,2535.288526
55,21,2535.288526
55,21,2535.288526
55,21,2535.288526
55,21,2535.288526
55,21,2535.288526
55,21,2535.288526
55,21,2535.288526
55,22,2505.294937
55,22,2505.294937
55,22,2505.294937
55,22,2505.294937
55,22,2505.294937
55,22,2505.294937
55,22,2505.294937
56,7,4678.337857
56,7,4678.337857
56,7,4678.337857
56,7,4678.337857
56,7,4678.337857
56,7,4678.337857
56,7,4678.337857
56,7,4678.337857
56,7,4678.337857
56,7,4678.337857
56,7,4678.337857
56,7,4678.337857
56,7,4678.337857
56,7,4678.337857
56,8,3618.715917
56,8,3618.715917
56,8,3618.715917
56,8,3618.715917
56,8,3618.715917
56,8,3618.715917
56,8,3618.715917
56,8,3618.715917
56,8,3618.715917
56,8,3618.715917
56,8,3618.715917
56,8,3618.715917
56,8,3618.715917
56,8,3618.715917
56,8,3618.715917
56,8,3618.715917
56,9,3311.849962
56,10,2837.701302
56,10,2837.701302
56,10,2837.701302
56,10,2837.701302
56,10,2837.701302
56,10,2837.701302
56,11,2834.432145
56,11,2834.432145
56,11,2834.432145
56,11,2834.432145
56,11,2834.432145
56,11,2834.432145
56,11,2834.432145
56,11,2834.432145
56,11,2834.432145
56,11,2834.432145
56,11,2834.432145
56,11,2834.432145
56,11,2834.432145
56,11,2834.432145
56,12,2784.340408
56,13,2603.418471
56,13,2603.418471
56,13,2603.418471
56,13,2603.418471
56,13,2603.418471
56,17,2583.312962
56,17,2583.312962
56,17,2583.312962
56,17,2583.312962
56,17,2583.312962
56,17,2583.312962
56,17,2583.312962
56,17,2583.312962
56,17,2583.312962
56,17,2583.312962
56,17,2583.312962
56,17,2583.312962
56,17,2583.312962
56,17,2583.312962
56,17,2583.312962
56,17,2583.312962
56,17,2583.312962
56,18,2563.665386
56,18,2563.665386
56,19,2561.402074
56,19,2561.402074
56,19,2561.402074
56,19,2561.402074
56,20,2551.622017
56,20,2551.622017
56,20,2551.622017
56,20,2551.622017
56,20,2551.622017
56,20,2551.622017
56,20,2551.622017
56,20,2551.622017
56,20,2551.622017
56,20,2551.622017
56,20,2551.622017
56,20,2551.622017
56,20,2551.622017
56,20,2551.622017
56,21,2535.288526
56,21,2535.288526
56,21,2535.288526
56,21,2535.288526
56,21,2535.288526
56,21,2535.288526
56,21,2535.288526
56,21,2535.288526
56,21,2535.288526
56,21,2535.288526
56,21,2535.288526
56,21,2535.288526
56,21,2535.288526
56,21,2535.288526
56,21,2535.288526
56,21,2535.288526
56,21,2535.288526
56,21,2535.288526
56,21,2535.288526
56,21,2535.288526
56,21,2535.288526
56,21,2535.288526
56,21,2535.288526
56,22,2505.294937
56,22,2505.294937
56,22,2505.294937
56,22,2505.294937
56,22,2505.294937
56,22,2505.294937
56,22,2505.294937
56,22,2505.294937
57,7,4678.337857
57,7,4678.337857
57,7,4678.337857
57,7,4678.337857
57,7,4678.337857
57,7,4678.337857
57,7,4678.337857
57,7,4678.337857
57,7,4678.337857
57,7,4678.337857
57,7,4678.337857
57,7,4678.337857
57,7,4678.337857
57,7,4678.337857
57,7,4678.337857
57,8,3618.715917
57,8,3618.715917
57,8,3618.715917
57,8,3618.715917
57,8,3618.715917
57,8,3618.715917
57,8,3618.715917
57,8,3618.715917
57,8,3618.715917
57,8,3618.715917
57,8,3618.715917
57,8,3618.715917
57,8,3618.715917
57,8,3618.715917
57,8,3618.715917
57,8,3618.715917
57,8,3618.715917
57,9,3311.849962
57,9,3311.849962
57,10,2837.701302
57,10,2837.701302
57,10,2837.701302
57,10,2837.701302
57,10,2837.701302
57,10,2837.701302
57,10,2837.701302
57,11,2834.432145
57,11,2834.432145
57,11,2834.432145
57,11,2834.432145
57,11,2834.432145
57,11,2834.432145
57,11,2834.432145
57,11,2834.432145
57,11,2834.432145
57,11,2834.432145
57,11,2834.432145
57,11,2834.432145
57,11,2834.432145
57,11,2834.432145
57,11,2834.432145
57,12,2784.340408
57,12,2784.340408
57,13,2603.418471
57,13,2603.418471
57,13,2603.418471
57,13,2603.418471
57,13,2603.418471
57,13,2603.418471
57,17,2583.312962
57,17,2583.312962
57,17,2583.312962
57,17,2583.312962
57,17,2583.312962
57,17,2583.312962
57,17,2583.312962
57,17,2583.312962
57,17,2583.312962
57,17,2583.312962
57,17,2583.312962
57,17,2583.312962
57,17,2583.312962
57,17,2583.312962
57,17,2583.312962
57,17,2583.312962
57,17,2583.312962
57,17,2583.312962
57,18,2563.665386
57,18,2563.665386
57,18,2563.665386
57,19,2561.402074
57,19,2561.402074
57,19,2561.402074
57,19,2561.402074
57,19,2561.402074
57,20,2551.622017
57,20,2551.622017
57,20,2551.622017
57,20,2551.622017
57,20,2551.622017
57,20,2551.622017
57,20,2551.622017
57,20,2551.622017
57,20,2551.622017
57,20,2551.622017
57,20,2551.622017
57,20,2551.622017
57,20,2551.622017
57,20,2551.622017
57,20,2551.622017
57,21,2500.477043
58,7,4678.337857
58,7,4678.337857
58,7,4678.337857
58,7,4678.337857
58,7,4678.337857
58,7,4678.337857
58,7,4678.337857
58,7,4678.337857
58,7,4678.337857
58,7,4678.337857
58,7,4678.337857
58,7,4678.337857
58,7,4678.337857
58,7,4678.337857
58,7,4678.337857
58,7,4678.337857
58,8,3607.879703
58,9,3104.404358
58,10,2837.701302
58,10,2837.701302
58,10,2837.701302
58,10,2837.701302
58,10,2837.701302
58,10,2837.701302
58,10,2837.701302
58,10,2837.701302
58,11,2834.432145
58,11,2834.432145
58,11,2834.432145
58,11,2834.432145
58,11,2834.432145
58,11,2834.432145
58,11,2834.432145
58,11,2834.432145
58,11,2834.432145
58,11,2834.432145
58,11,2834.432145
58,11,2834.432145
58,11,2834.432145
58,11,2834.432145
58,11,2834.432145
58,11,2834.432145
58,12,2784.340408
58,12,2784.340408
58,12,2784.340408
58,13,2592.554647
58,17,2583.312962
58,17,2583.312962
58,17,2583.312962
58,17,2583.312962
58,17,2583.312962
58,17,2583.312962
58,17,2583.312962
58,17,2583.312962
58,17,2583.312962
58,17,2583.312962
58,17,2583.312962
58,17,2583.312962
58,17,2583.312962
58,17,2583.312962
58,17,2583.312962
58,17,2583.312962
58,17,2583.312962
58,17,2583.312962
58,17,2583.312962
58,18,2545.394811
58,20,2493.253865
59,6,4928.908368
59,7,4678.337857
59,7,4678.337857
59,7,4678.337857
59,7,4678.337857
59,7,4678.337857
59,7,4678.337857
59,7,4678.337857
59,7,4678.337857
59,7,4678.337857
59,7,4678.337857
59,7,4678.337857
59,7,4678.337857
59,7,4678.337857
59,7,4678.337857
59,7,4678.337857
59,7,4678.337857
59,7,4678.337857
59,8,3607.879703
59,8,3607.879703
59,9,3104.404358
59,9,3104.404358
59,10,2837.701302
59,10,2837.701302
59,10,2837.701302
59,10,2837.701302
59,10,2837.701302
59,10,2837.701302
59,10,2837.701302
59,10,2837.701302
59,10,2837.701302
59,11,2834.432145
59,11,2834.432145
59,11,2834.432145
59,11,2834.432145
59,11,2834.432145
59,11,2834.432145
59,11,2834.432145
59,11,2834.432145
59,11,2834.432145
59,11,2834.432145
59,11,2834.432145
59,11,2834.432145
59,11,2834.432145
59,11,2834.432145
59,11,2834.432145
59,11,2834.432145
59,11,2834.432145
59,12,2775.844787
59,13,2592.554647
59,13,2592.554647
59,17,2583.312962
59,17,2583.312962
59,17,2583.312962
59,17,2583.312962
59,17,2583.312962
59,17,2583.312962
59,17,2583.312962
59,17,2583.312962
59,17,2583.312962
59,17,2583.312962
59,17,2583.312962
59,17,2583.312962
59,17,2583.312962
59,17,2583.312962
59,17,2583.312962
59,17,2583.312962
59,17,2583.312962
59,17,2583.312962
59,17,2583.312962
59,17,2583.312962
59,18,2545.394811
59,18,2545.394811
59,20,2493.253865
59,20,2493.253865
60,6,4928.908368
60,6,4928.908368
60,7,4678.337857
60,7,4678.337857
60,7,4678.337857
60,7,4678.337857
60,7,4678.337857
60,7,4678.337857
60,7,4678.337857
60,7,4678.337857
60,7,4678.337857
60,7,4678.337857
60,7,4678.337857
60,7,4678.337857
60,7,4678.337857
60,7,4678.337857
60,7,4678.337857
60,7,4678.337857
60,7,4678.337857
60,7,4678.337857
60,8,3607.879703
60,8,3607.879703
60,8,3607.879703
60,9,3104.404358
60,9,3104.404358
60,9,3104.404358
60,10,2837.701302
60,10,2837.701302
60,10,2837.701302
60,10,2837.701302
60,10,2837.701302
60,10,2837.701302
60,10,2837.701302
60,10,2837.701302
60,10,2837.701302
60,10,2837.701302
60,11,2834.432145
60,11,2834.432145
60,11,2834.432145
60,11,2834.432145
60,11,2834.432145
60,11,2834.432145
60,11,2834.432145
60,11,2834.432145
60,11,2834.432145
60,11,2834.432145
60,11,2834.432145
60,11,2834.432145
60,11,2834.432145
60,11,2834.432145
60,11,2834.432145
60,11,2834.432145
60,11,2834.432145
60,11,2834.432145
60,12,2775.844787
60,12,2775.844787
60,13,2592.554647
60,13,2592.554647
60,13,2592.554647
60,16,2586.362846
60,17,2557.844619
60,18,2545.394811
60,18,2545.394811
60,18,2545.394811
60,20,2493.253865
60,20,2493.253865
60,20,2493.253865
61,6,4928.908368
61,6,4928.908368
61,6,4928.908368
61,7,4678.337857
61,7,4678.337857
61,7,4678.337857
61,7,4678.337857
61,7,4678.337857
61,7,4678.337857
61,7,4678.337857
61,7,4678.337857
61,7,4678.337857
61,7,4678.337857
61,7,4678.337857
61,7,4678.337857
61,7,4678.337857
61,7,4678.337857
61,7,4678.337857
61,7,4678.337857
61,7,4678.337857
61,7,4678.337857
61,7,4678.337857
61,8,3607.879703
61,8,3607.879703
61,8,3607.879703
61,8,3607.879703
61,9,3104.404358
61,9,3104.404358
61,9,3104.404358
61,9,3104.404358
61,10,2837.004616
61,11,2834.432145
61,11,2834.432145
61,11,2834.432145
61,11,2834.432145
61,11,2834.432145
61,11,2834.432145
61,11,2834.432145
61,11,2834.432145
61,11,2834.432145
61,11,2834.432145
61,11,2834.432145
61,11,2834.432145
61,11,2834.432145
61,11,2834.432145
61,11,2834.432145
61,11,2834.432145
61,11,2834.432145
61,11,2834.432145
61,11,2834.432145
61,12,2775.844787
61,12,2775.844787
61,12,2775.844787
61,13,2592.554647
61,13,2592.554647
61,13,2592.554647
61,13,2592.554647
61,16,2586.362846
61,16,2586.362846
61,17,2557.844619
61,17,2557.844619
61,18,2545.394811
61,18,2545.394811
61,18,2545.394811
61,18,2545.394811
61,19,2500.050747
61,20,2493.253865
61,20,2493.253865
61,20,2493.253865
61,20,2493.253865
62,6,4925.192996
62,7,4678.337857
62,7,4678.337857
62,7,4678.337857
62,7,4678.337857
62,7,4678.337857
62,7,4678.337857
62,7,4678.337857
62,7,4678.337857
62,7,4678.337857
62,7,4678.337857
62,7,4678.337857
62,7,4678.337857
62,7,4678.337857
62,7,4678.337857
62,7,4678.337857
62,7,4678.337857
62,7,4678.337857
62,7,4678.337857
62,7,4678.337857
62,7,4678.337857
62,8,3607.879703
62,8,3607.879703
62,8,3607.879703
62,8,3607.879703
62,8,3607.879703
62,9,3104.404358
62,9,3104.404358
62,9,3104.404358
62,9,3104.404358
62,9,3104.404358
62,10,2837.004616
62,10,2837.004616
62,11,2834.432145
62,11,2834.432145
62,11,2834.432145
62,11,2834.432145
62,11,2834.432145
62,11,2834.432145
62,11,2834.432145
62,11,2834.432145
62,11,2834.432145
62,11,2834.432145
62,11,2834.432145
62,11,2834.432145
62,11,2834.432145
62,11,2834.432145
62,11,2834.432145
62,11,2834.432145
62,11,2834.432145
62,11,2834.432145
62,11,2834.432145
62,11,2834.432145
62,12,2707.131985
62,13,2589.598687
62,16,2586.362846
62,16,2586.362846
62,16,2586.362846
62,17,2557.844619
62,17,2557.844619
62,17,2557.844619
62,18,2545.394811
62,18,2545.394811
62,18,2545.394811
62,18,2545.394811
62,18,2545.394811
62,19,2500.050747
62,19,2500.050747
62,20,2493.253865
62,20,2493.253865
62,20,2493.253865
62,20,2493.253865
62,20,2493.253865
63,6,4925.192996
63,6,4925.192996
63,7,4678.337857
63,7,4678.337857
63,7,4678.337857
63,7,4678.337857
63,7,4678.337857
63,7,4678.337857
63,7,4678.337857
63,7,4678.337857
63,7,4678.337857
63,7,4678.337857
63,7,4678.337857
63,7,4678.337857
63,7,4678.337857
63,7,4678.337857
63,7,4678.337857
63,7,4678.337857
63,7,4678.337857
63,7,4678.337857
63,7,4678.337857
63,7,4678.337857
63,7,4678.337857
63,8,3607.879703
63,8,3607.879703
63,8,3607.879703
63,8,3607.879703
63,8,3607.879703
63,8,3607.879703
63,9,3104.404358
63,9,3104.404358
63,9,3104.404358
63,9,3104.404358
63,9,3104.404358
63,9,3104.404358
63,10,2837.004616
63,10,2837.004616
63,10,2837.004616
63,11,2834.432145
63,11,2834.432145
63,11,2834.432145
63,11,2834.432145
63,11,2834.432145
63,11,2834.432145
63,11,2834.432145
63,11,2834.432145
63,11,2834.432145
63,11,2834.432145
63,11,2834.432145
63,11,2834.432145
63,11,2834.432145
63,11,2834.432145
63,11,2834.432145
63,11,2834.432145
63,11,2834.432145
63,11,2834.432145
63,11,2834.432145
63,11,2834.432145
63,11,2834.432145
63,12,2707.131985
63,12,2707.131985
63,13,2589.598687
63,13,2589.598687
63,16,2586.362846
63,16,2586.362846
63,16,2586.362846
63,16,2586.362846
63,17,2524.136265
63,19,2500.050747
63,19,2500.050747
63,19,2500.050747
63,20,2493.253865
63,20,2493.253865
63,20,2493.253865
63,20,2493.253865
63,20,2493.253865
63,20,2493.253865
64,6,4925.192996
64,6,4925.192996
64,6,4925.192996
64,7,4678.337857
64,7,4678.337857
64,7,4678.337857
64,7,4678.337857
64,7,4678.337857
64,7,4678.337857
64,7,4678.337857
64,7,4678.337857
64,7,4678.337857
64,7,4678.337857
64,7,4678.337857
64,7,4678.337857
64,7,4678.337857
64,7,4678.337857
64,7,4678.337857
64,7,4678.337857
64,7,4678.337857
64,7,4678.337857
64,7,4678.337857
64,7,4678.337857
64,7,4678.337857
64,7,4678.337857
64,8,3607.879703
64,8,3607.879703
64,8,3607.879703
64,8,3607.879703
64,8,3607.879703
64,8,3607.879703
64,8,3607.879703
64,9,3104.404358
64,9,3104.404358
64,9,3104.404358
64,9,3104.404358
64,9,3104.404358
64,9,3104.404358
64,9,3104.404358
64,10,2837.004616
64,10,2837.004616
64,10,2837.004616
64,10,2837.004616
64,11,2834.432145
64,11,2834.432145
64,11,2834.432145
64,11,2834.432145
64,11,2834.432145
64,11,2834.432145
64,11,2834.432145
64,11,2834.432145
64,11,2834.432145
64,11,2834.432145
64,11,2834.432145
64,11,2834.432145
64,11,2834.432145
64,11,2834.432145
64,11,2834.432145
64,11,2834.432145
64,11,2834.432145
64,11,2834.432145
64,11,2834.432145
64,11,2834.432145
64,11,2834.432145
64,11,2834.432145
64,12,2707.131985
64,12,2707.131985
64,12,2707.131985
64,13,2589.598687
64,13,2589.598687
64,13,2589.598687
64,16,2586.362846
64,16,2586.362846
64,16,2586.362846
64,16,2586.362846
64,16,2586.362846
64,17,2524.136265
64,17,2524.136265
64,19,2495.458539
64,20,2493.253865
64,20,2493.253865
64,20,2493.253865
64,20,2493.253865
64,20,2493.253865
64,20,2493.253865
64,20,2493.253865
65,6,4925.192996
65,6,4925.192996
65,6,4925.192996
65,6,4925.192996
65,7,4678.337857
65,7,4678.337857
65,7,4678.337857
65,7,4678.337857
65,7,4678.337857
65,7,4678.337857
65,7,4678.337857
65,7,4678.337857
65,7,4678.337857
65,7,4678.337857
65,7,4678.337857
65,7,4678.337857
65,7,4678.337857
65,7,4678.337857
65,7,4678.337857
65,7,4678.337857
65,7,4678.337857
65,7,4678.337857
65,7,4678.337857
65,7,4678.337857
65,7,4678.337857
65,7,4678.337857
65,7,4678.337857
65,8,3595.993313
65,9,3104.404358
65,9,3104.404358
65,9,3104.404358
65,9,3104.404358
65,9,3104.404358
65,9,3104.404358
65,9,3104.404358
65,9,3104.404358
65,10,2837.004616
65,10,2837.004616
65,10,2837.004616
65,10,2837.004616
65,10,2837.004616
65,11,2834.432145
65,11,2834.432145
65,11,2834.432145
65,11,2834.432145
65,11,2834.432145
65,11,2834.432145
65,11,2834.432145
65,11,2834.432145
65,11,2834.432145
65,11,2834.432145
65,11,2834.432145
65,11,2834.432145
65,11,2834.432145
65,11,2834.432145
65,11,2834.432145
65,11,2834.432145
65,11,2834.432145
65,11,2834.432145
65,11,2834.432145
65,11,2834.432145
65,11,2834.432145
65,11,2834.432145
65,11,2834.432145
65,12,2666.366306
65,13,2589.598687
65,13,2589.598687
65,13,2589.598687
65,13,2589.598687
65,16,2586.362846
65,16,2586.362846
65,16,2586.362846
65,16,2586.362846
65,16,2586.362846
65,16,2586.362846
65,17,2524.136265
65,17,2524.136265
65,17,2524.136265
65,19,2495.458539
65,19,2495.458539
65,20,2493.253865
65,20,2493.253865
65,20,2493.253865
65,20,2493.253865
65,20,2493.253865
65,20,2493.253865
65,20,2493.253865
65,20,2493.253865
66,6,4925.192996
66,6,4925.192996
66,6,4925.192996
66,6,4925.192996
66,6,4925.192996
66,7,4678.337857
66,7,4678.337857
66,7,4678.337857
66,7,4678.337857
66,7,4678.337857
66,7,4678.337857
66,7,4678.337857
66,7,4678.337857
66,7,4678.337857
66,7,4678.337857
66,7,4678.337857
66,7,4678.337857
66,7,4678.337857
66,7,4678.337857
66,7,4678.337857
66,7,4678.337857
66,7,4678.337857
66,7,4678.337857
66,7,4678.337857
66,7,4678.337857
66,7,4678.337857
66,7,4678.337857
66,7,4678.337857
66,7,4678.337857
66,8,3595.993313
66,8,3595.993313
66,9,3104.404358
66,9,3104.404358
66,9,3104.404358
66,9,3104.404358
66,9,3104.404358
66,9,3104.404358
66,9,3104.404358
66,9,3104.404358
66,9,3104.404358
66,10,2837.004616
66,10,2837.004616
66,10,2837.004616
66,10,2837.004616
66,10,2837.004616
66,10,2837.004616
66,11,2834.432145
66,11,2834.432145
66,11,2834.432145
66,11,2834.432145
66,11,2834.432145
66,11,2834.432145
66,11,2834.432145
66,11,2834.432145
66,11,2834.432145
66,11,2834.432145
66,11,2834.432145
66,11,2834.432145
66,11,2834.432145
66,11,2834.432145
66,11,2834.432145
66,11,2834.432145
66,11,2834.432145
66,11,2834.432145
66,11,2834.432145
66,11,2834.432145
66,11,2834.432145
66,11,2834.432145
66,11,2834.432145
66,11,2834.432145
66,12,2666.366306
66,12,2666.366306
66,13,2589.598687
66,13,2589.598687
66,13,2589.598687
66,13,2589.598687
66,13,2589.598687
66,14,2566.217951
66,17,2524.136265
66,17,2524.136265
66,17,2524.136265
66,17,2524.136265
66,18,2502.554913
66,19,2495.458539
66,19,2495.458539
66,19,2495.458539
66,20,2493.253865
66,20,2493.253865
66,20,2493.253865
66,20,2493.253865
66,20,2493.253865
66,20,2493.253865
66,20,2493.253865
66,20,2493.253865
66,20,2493.253865
67,6,4925.192996
67,6,4925.192996
67,6,4925.192996
67,6,4925.192996
67,6,4925.192996
67,6,4925.192996
67,7,4678.337857
67,7,4678.337857
67,7,4678.337857
67,7,4678.337857
67,7,4678.337857
67,7,4678.337857
67,7,4678.337857
67,7,4678.337857
67,7,4678.337857
67,7,4678.337857
67,7,4678.337857
67,7,4678.337857
67,7,4678.337857
67,7,4678.337857
67,7,4678.337857
67,7,4678.337857
67,7,4678.337857
67,7,4678.337857
67,7,4678.337857
67,7,4678.337857
67,7,4678.337857
67,7,4678.337857
67,7,4678.337857
67,7,4678.337857
67,7,4678.337857
67,8,3595.993313
67,8,3595.993313
67,8,3595.993313
67,9,3104.404358
67,9,3104.404358
67,9,3104.404358
67,9,3104.404358
67,9,3104.404358
67,9,3104.404358
67,9,3104.404358
67,9,3104.404358
67,9,3104.404358
67,9,3104.404358
67,10,2837.004616
67,10,2837.004616
67,10,2837.004616
67,10,2837.004616
67,10,2837.004616
67,10,2837.004616
67,10,2837.004616
67,11,2834.432145
67,11,2834.432145
67,11,2834.432145
67,11,2834.432145
67,11,2834.432145
67,11,2834.432145
67,11,2834.432145
67,11,2834.432145
67,11,2834.432145
67,11,2834.432145
67,11,2834.432145
67,11,2834.432145
67,11,2834.432145
67,11,2834.432145
67,11,2834.432145
67,11,2834.432145
67,11,2834.432145
67,11,2834.432145
67,11,2834.432145
67,11,2834.432145
67,11,2834.432145
67,11,2834.432145
67,11,2834.432145
67,11,2834.432145
67,11,2834.432145
67,12,2666.366306
67,12,2666.366306
67,12,2666.366306
67,13,2589.598687
67,13,2589.598687
67,13,2589.598687
67,13,2589.598687
67,13,2589.598687
67,13,2589.598687
67,14,2566.217951
67,14,2566.217951
67,17,2524.136265
67,17,2524.136265
67,17,2524.136265
67,17,2524.136265
67,17,2524.136265
67,18,2502.554913
67,18,2502.554913
67,19,2495.458539
67,19,2495.458539
67,19,2495.458539
67,19,2495.458539
67,20,2493.253865
67,20,2493.253865
67,20,2493.253865
67,20,2493.253865
67,20,2493.253865
67,20,2493.253865
67,20,2493.253865
67,20,2493.253865
67,20,2493.253865
67,20,2493.253865
67,21,2488.693255
68,6,4925.192996
68,6,4925.192996
68,6,4925.192996
68,6,4925.192996
68,6,4925.192996
68,6,4925.192996
68,6,4925.192996
68,7,4678.337857
68,7,4678.337857
68,7,4678.337857
68,7,4678.337857
68,7,4678.337857
68,7,4678.337857
68,7,4678.337857
68,7,4678.337857
68,7,4678.337857
68,7,4678.337857
68,7,4678.337857
68,7,4678.337857
68,7,4678.337857
68,7,4678.337857
68,7,4678.337857
68,7,4678.337857
68,7,4678.337857
68,7,4678.337857
68,7,4678.337857
68,7,4678.337857
68,7,4678.337857
68,7,4678.337857
68,7,4678.337857
68,7,4678.337857
68,7,4678.337857
68,7,4678.337857
68,8,3595.993313
68,8,3595.993313
68,8,3595.993313
68,8,3595.993313
68,9,3104.404358
68,9,3104.404358
68,9,3104.404358
68,9,3104.404358
68,9,3104.404358
68,9,3104.404358
68,9,3104.404358
68,9,3104.404358
68,9,3104.404358
68,9,3104.404358
68,9,3104.404358
68,10,2828.198514
68,11,2807.492711
68,12,2666.366306
68,12,2666.366306
68,12,2666.366306
68,12,2666.366306
68,13,2589.598687
68,13,2589.598687
68,13,2589.598687
68,13,2589.598687
68,13,2589.598687
68,13,2589.598687
68,13,2589.598687
68,14,2566.217951
68,14,2566.217951
68,14,2566.217951
68,17,2524.136265
68,17,2524.136265
68,17,2524.136265
68,17,2524.136265
68,17,2524.136265
68,17,2524.136265
68,18,2502.554913
68,18,2502.554913
68,18,2502.554913
68,19,2495.458539
68,19,2495.458539
68,19,2495.458539
68,19,2495.458539
68,19,2495.458539
68,20,2493.253865
68,20,2493.253865
68,20,2493.253865
68,20,2493.253865
68,20,2493.253865
68,20,2493.253865
68,20,2493.253865
68,20,2493.253865
68,20,2493.253865
68,20,2493.253865
68,20,2493.253865
68,21,2488.693255
68,21,2488.693255
69,6,4884.684944
69,7,4678.337857
69,7,4678.337857
69,7,4678.337857
69,7,4678.337857
69,7,4678.337857
69,7,4678.337857
69,7,4678.337857
69,7,4678.337857
69,7,4678.337857
69,7,4678.337857
69,7,4678.337857
69,7,4678.337857
69,7,4678.337857
69,7,4678.337857
69,7,4678.337857
69,7,4678.337857
69,7,4678.337857
69,7,4678.337857
69,7,4678.337857
69,7,4678.337857
69,7,4678.337857
69,7,4678.337857
69,7,4678.337857
69,7,4678.337857
69,7,4678.337857
69,7,4678.337857
69,7,4678.337857
69,8,3595.993313
69,8,3595.993313
69,8,3595.993313
69,8,3595.993313
69,8,3595.993313
69,9,3104.404358
69,9,3104.404358
69,9,3104.404358
69,9,3104.404358
69,9,3104.404358
69,9,3104.404358
69,9,3104.404358
69,9,3104.404358
69,9,3104.404358
69,9,3104.404358
69,9,3104.404358
69,9,3104.404358
69,10,2828.198514
69,10,2828.198514
69,11,2744.406468
69,12,2666.366306
69,12,2666.366306
69,12,2666.366306
69,12,2666.366306
69,12,2666.366306
69,13,2589.598687
69,13,2589.598687
69,13,2589.598687
69,13,2589.598687
69,13,2589.598687
69,13,2589.598687
69,13,2589.598687
69,13,2589.598687
69,14,2566.217951
69,14,2566.217951
69,14,2566.217951
69,14,2566.217951
69,15,2558.623760
69,17,2524.136265
69,17,2524.136265
69,17,2524.136265
69,17,2524.136265
69,17,2524.136265
69,17,2524.136265
69,17,2524.136265
69,18,2502.554913
69,18,2502.554913
69,18,2502.554913
69,18,2502.554913
69,19,2495.458539
69,19,2495.458539
69,19,2495.458539
69,19,2495.458539
69,19,2495.458539
69,19,2495.458539
69,20,2493.253865
69,20,2493.253865
69,20,2493.253865
69,20,2493.253865
69,20,2493.253865
69,20,2493.253865
69,20,2493.253865
69,20,2493.253865
69,20,2493.253865
69,20,2493.253865
69,20,2493.253865
69,20,2493.253865
69,21,2488.693255
69,21,2488.693255
69,21,2488.693255
69,22,2477.651098
70,6,4875.578782
70,7,4678.337857
70,7,4678.337857
70,7,4678.337857
70,7,4678.337857
70,7,4678.337857
70,7,4678.337857
70,7,4678.337857
70,7,4678.337857
70,7,4678.337857
70,7,4678.337857
70,7,4678.337857
70,7,4678.337857
70,7,4678.337857
70,7,4678.337857
70,7,4678.337857
70,7,4678.337857
70,7,4678.337857
70,7,4678.337857
70,7,4678.337857
70,7,4678.337857
70,7,4678.337857
70,7,4678.337857
70,7,4678.337857
70,7,4678.337857
70,7,4678.337857
70,7,4678.337857
70,7,4678.337857
70,7,4678.337857
70,8,3595.993313
70,8,3595.993313
70,8,3595.993313
70,8,3595.993313
70,8,3595.993313
70,8,3595.993313
70,9,3104.404358
70,9,3104.404358
70,9,3104.404358
70,9,3104.404358
70,9,3104.404358
70,9,3104.404358
70,9,3104.404358
70,9,3104.404358
70,9,3104.404358
70,9,3104.404358
70,9,3104.404358
70,9,3104.404358
70,9,3104.404358
70,10,2828.198514
70,10,2828.198514
70,10,2828.198514
70,11,2744.406468
70,11,2744.406468
70,12,2666.366306
70,12,2666.366306
70,12,2666.366306
70,12,2666.366306
70,12,2666.366306
70,12,2666.366306
70,13,2589.598687
70,13,2589.598687
70,13,2589.598687
70,13,2589.598687
70,13,2589.598687
70,13,2589.598687
70,13,2589.598687
70,13,2589.598687
70,13,2589.598687
70,14,2566.217951
70,14,2566.217951
70,14,2566.217951
70,14,2566.217951
70,14,2566.217951
70,15,2558.623760
70,15,2558.623760
70,17,2524.136265
70,17,2524.136265
70,17,2524.136265
70,17,2524.136265
70,17,2524.136265
70,17,2524.136265
70,17,2524.136265
70,17,2524.136265
70,18,2502.554913
70,18,2502.554913
70,18,2502.554913
70,18,2502.554913
70,18,2502.554913
70,19,2495.458539
70,19,2495.458539
70,19,2495.458539
70,19,2495.458539
70,19,2495.458539
70,19,2495.458539
70,19,2495.458539
70,20,2493.253865
70,20,2493.253865
70,20,2493.253865
70,20,2493.253865
70,20,2493.253865
70,20,2493.253865
70,20,2493.253865
70,20,2493.253865
70,20,2493.253865
70,20,2493.253865
70,20,2493.253865
70,20,2493.253865
70,20,2493.253865
70,21,2488.693255
70,21,2488.693255
70,21,2488.693255
70,21,2488.693255
70,22,2477.651098
70,22,2477.651098
71,6,4875.578782
71,6,4875.578782
71,7,4678.337857
71,7,4678.337857
71,7,4678.337857
71,7,4678.337857
71,7,4678.337857
71,7,4678.337857
71,7,4678.337857
71,7,4678.337857
71,7,4678.337857
71,7,4678.337857
71,7,4678.337857
71,7,4678.337857
71,7,4678.337857
71,7,4678.337857
71,7,4678.337857
71,7,4678.337857
71,7,4678.337857
71,7,4678.337857
71,7,4678.337857
71,7,4678.337857
71,7,4678.337857
71,7,4678.337857
71,7,4678.337857
71,7,4678.337857
71,7,4678.337857
71,7,4678.337857
71,7,4678.337857
71,7,4678.337857
71,7,4678.337857
71,8,3595.993313
71,8,3595.993313
71,8,3595.993313
71,8,3595.993313
71,8,3595.993313
71,8,3595.993313
71,8,3595.993313
71,9,3104.404358
71,9,3104.404358
71,9,3104.404358
71,9,3104.404358
71,9,3104.404358
71,9,3104.404358
71,9,3104.404358
71,9,3104.404358
71,9,3104.404358
71,9,3104.404358
71,9,3104.404358
71,9,3104.404358
71,9,3104.404358
71,9,3104.404358
71,10,2828.198514
71,10,2828.198514
71,10,2828.198514
71,10,2828.198514
71,11,2744.406468
71,11,2744.406468
71,11,2744.406468
71,12,2666.366306
71,12,2666.366306
71,12,2666.366306
71,12,2666.366306
71,12,2666.366306
71,12,2666.366306
71,12,2666.366306
71,13,2589.598687
71,13,2589.598687
71,13,2589.598687
71,13,2589.598687
71,13,2589.598687
71,13,2589.598687
71,13,2589.598687
71,13,2589.598687
71,13,2589.598687
71,13,2589.598687
71,14,2566.217951
71,14,2566.217951
71,14,2566.217951
71,14,2566.217951
71,14,2566.217951
71,14,2566.217951
71,15,2558.623760
71,15,2558.623760
71,15,2558.623760
71,16,2556.461155
71,17,2524.136265
71,17,2524.136265
71,17,2524.136265
71,17,2524.136265
71,17,2524.136265
71,17,2524.136265
71,17,2524.136265
71,17,2524.136265
71,17,2524.136265
71,18,2502.554913
71,18,2502.554913
71,18,2502.554913
71,18,2502.554913
71,18,2502.554913
71,18,2502.554913
71,19,2495.458539
71,19,2495.458539
71,19,2495.458539
71,19,2495.458539
71,19,2495.458539
71,19,2495.458539
71,19,2495.458539
71,19,2495.458539
71,20,2482.202819
71,22,2477.651098
71,22,2477.651098
71,22,2477.651098
72,6,4875.578782
72,6,4875.578782
72,6,4875.578782
72,7,4604.221502
72,8,3595.993313
72,8,3595.993313
72,8,3595.993313
72,8,3595.993313
72,8,3595.993313
72,8,3595.993313
72,8,3595.993313
72,8,3595.993313
72,9,2933.405103
72,10,2827.165047
72,11,2744.406468
72,11,2744.406468
72,11,2744.406468
72,11,2744.406468
72,12,2666.366306
72,12,2666.366306
72,12,2666.366306
72,12,2666.366306
72,12,2666.366306
72,12,2666.366306
72,12,2666.366306
72,12,2666.366306
72,13,2589.598687
72,13,2589.598687
72,13,2589.598687
72,13,2589.598687
72,13,2589.598687
72,13,2589.598687
72,13,2589.598687
72,13,2589.598687
72,13,2589.598687
72,13,2589.598687
72,13,2589.598687
72,14,2566.217951
72,14,2566.217951
72,14,2566.217951
72,14,2566.217951
72,14,2566.217951
72,14,2566.217951
72,14,2566.217951
72,15,2512.048372
72,18,2502.554913
72,18,2502.554913
72,18,2502.554913
72,18,2502.554913
72,18,2502.554913
72,18,2502.554913
72,18,2502.554913
72,19,2495.458539
72,19,2495.458539
72,19,2495.458539
72,19,2495.458539
72,19,2495.458539
72,19,2495.458539
72,19,2495.458539
72,19,2495.458539
72,19,2495.458539
72,20,2482.202819
72,20,2482.202819
72,22,2469.902154
73,6,4875.578782
73,6,4875.578782
73,6,4875.578782
73,6,4875.578782
73,7,4604.221502
73,7,4604.221502
73,8,3595.993313
73,8,3595.993313
73,8,3595.993313
73,8,3595.993313
73,8,3595.993313
73,8,3595.993313
73,8,3595.993313
73,8,3595.993313
73,8,3595.993313
73,9,2933.405103
73,9,2933.405103
73,10,2827.165047
73,10,2827.165047
73,11,2744.406468
73,11,2744.406468
73,11,2744.406468
73,11,2744.406468
73,11,2744.406468
73,12,2666.366306
73,12,2666.366306
73,12,2666.366306
73,12,2666.366306
73,12,2666.366306
73,12,2666.366306
73,12,2666.366306
73,12,2666.366306
73,12,2666.366306
73,13,2589.598687
73,13,2589.598687
73,13,2589.598687
73,13,2589.598687
73,13,2589.598687
73,13,2589.598687
73,13,2589.598687
73,13,2589.598687
73,13,2589.598687
73,13,2589.598687
73,13,2589.598687
73,13,2589.598687
73,14,2566.217951
73,14,2566.217951
73,14,2566.217951
73,14,2566.217951
73,14,2566.217951
73,14,2566.217951
73,14,2566.217951
73,14,2566.217951
73,15,2512.048372
73,15,2512.048372
73,18,2502.554913
73,18,2502.554913
73,18,2502.554913
73,18,2502.554913
73,18,2502.554913
73,18,2502.554913
73,18,2502.554913
73,18,2502.554913
73,19,2495.458539
73,19,2495.458539
73,19,2495.458539
73,19,2495.458539
73,19,2495.458539
73,19,2495.458539
73,19,2495.458539
73,19,2495.458539
73,19,2495.458539
73,19,2495.458539
73,20,2482.202819
73,20,2482.202819
73,20,2482.202819
73,22,2469.902154
73,22,2469.902154
74,6,4818.549770
74,7,4604.221502
74,7,4604.221502
74,7,4604.221502
74,8,3357.695945
74,9,2933.405103
74,9,2933.405103
74,9,2933.405103
74,10,2827.165047
74,10,2827.165047
74,10,2827.165047
74,11,2744.406468
74,11,2744.406468
74,11,2744.406468
74,11,2744.406468
74,11,2744.406468
74,11,2744.406468
74,12,2600.207027
74,13,2589.598687
74,13,2589.598687
74,13,2589.598687
74,13,2589.598687
74,13,2589.598687
74,13,2589.598687
74,13,2589.598687
74,13,2589.598687
74,13,2589.598687
74,13,2589.598687
74,13,2589.598687
74,13,2589.598687
74,13,2589.598687
74,14,2566.217951
74,14,2566.217951
74,14,2566.217951
74,14,2566.217951
74,14,2566.217951
74,14,2566.217951
74,14,2566.217951
74,14,2566.217951
74,14,2566.217951
74,15,2512.048372
74,15,2512.048372
74,15,2512.048372
74,18,2502.554913
74,18,2502.554913
74,18,2502.554913
74,18,2502.554913
74,18,2502.554913
74,18,2502.554913
74,18,2502.554913
74,18,2502.554913
74,18,2502.554913
74,19,2495.458539
74,19,2495.458539
74,19,2495.458539
74,19,2495.458539
74,19,2495.458539
74,19,2495.458539
74,19,2495.458539
74,19,2495.458539
74,19,2495.458539
74,19,2495.458539
74,19,2495.458539
74,20,2482.202819
74,20,2482.202819
74,20,2482.202819
74,20,2482.202819
74,22,2469.902154
74,22,2469.902154
74,22,2469.902154
75,6,4818.549770
75,6,4818.549770
75,7,4604.221502
75,7,4604.221502
75,7,4604.221502
75,7,4604.221502
75,8,3357.695945
75,8,3357.695945
75,9,2933.405103
75,9,2933.405103
75,9,2933.405103
75,9,2933.405103
75,10,2827.165047
75,10,2827.165047
75,10,2827.165047
75,10,2827.165047
75,11,2744.406468
75,11,2744.406468
75,11,2744.406468
75,11,2744.406468
75,11,2744.406468
75,11,2744.406468
75,11,2744.406468
75,12,2600.207027
75,12,2600.207027
75,13,2589.598687
75,13,2589.598687
75,13,2589.598687
75,13,2589.598687
75,13,2589.598687
75,13,2589.598687
75,13,2589.598687
75,13,2589.598687
75,13,2589.598687
75,13,2589.598687
75,13,2589.598687
75,13,2589.598687
75,13,2589.598687
75,13,2589.598687
75,14,2566.217951
75,14,2566.217951
75,14,2566.217951
75,14,2566.217951
75,14,2566.217951
75,14,2566.217951
75,14,2566.217951
75,14,2566.217951
75,14,2566.217951
75,14,2566.217951
75,15,2512.048372
75,15,2512.048372
75,15,2512.048372
75,15,2512.048372
75,18,2502.554913
75,18,2502.554913
75,18,2502.554913
75,18,2502.554913
75,18,2502.554913
75,18,2502.554913
75,18,2502.554913
75,18,2502.554913
75,18,2502.554913
75,18,2502.554913
75,19,2495.458539
75,19,2495.458539
75,19,2495.458539
75,19,2495.458539
75,19,2495.458539
75,19,2495.458539
75,19,2495.458539
75,19,2495.458539
75,19,2495.458539
75,19,2495.458539
75,19,2495.458539
75,19,2495.458539
75,20,2482.202819
75,20,2482.202819
75,20,2482.202819
75,20,2482.202819
75,20,2482.202819
75,22,2469.902154
75,22,2469.902154
75,22,2469.902154
75,22,2469.902154
76,6,4677.869222
76,7,4604.221502
76,7,4604.221502
76,7,4604.221502
76,7,4604.221502
76,7,4604.221502
76,8,3357.695945
76,8,3357.695945
76,8,3357.695945
76,9,2933.405103
76,9,2933.405103
76,9,2933.405103
76,9,2933.405103
76,9,2933.405103
76,10,2779.303932
76,11,2744.406468
76,11,2744.406468
76,11,2744.406468
76,11,2744.406468
76,11,2744.406468
76,11,2744.406468
76,11,2744.406468
76,11,2744.406468
76,12,2600.207027
76,12,2600.207027
76,12,2600.207027
76,13,2589.598687
76,13,2589.598687
76,13,2589.598687
76,13,2589.598687
76,13,2589.598687
76,13,2589.598687
76,13,2589.598687
76,13,2589.598687
76,13,2589.598687
76,13,2589.598687
76,13,2589.598687
76,13,2589.598687
76,13,2589.598687
76,13,2589.598687
76,13,2589.598687
76,14,2566.217951
76,14,2566.217951
76,14,2566.217951
76,14,2566.217951
76,14,2566.217951
76,14,2566.217951
76,14,2566.217951
76,14,2566.217951
76,14,2566.217951
76,14,2566.217951
76,14,2566.217951
76,15,2512.048372
76,15,2512.048372
76,15,2512.048372
76,15,2512.048372
76,15,2512.048372
76,18,2502.554913
76,18,2502.554913
76,18,2502.554913
76,18,2502.554913
76,18,2502.554913
76,18,2502.554913
76,18,2502.554913
76,18,2502.554913
76,18,2502.554913
76,18,2502.554913
76,18,2502.554913
76,19,2495.458539
76,19,2495.458539
76,19,2495.458539
76,19,2495.458539
76,19,2495.458539
76,19,2495.458539
76,19,2495.458539
76,19,2495.458539
76,19,2495.458539
76,19,2495.458539
76,19,2495.458539
76,19,2495.458539
76,19,2495.458539
76,20,2482.202819
76,20,2482.202819
76,20,2482.202819
76,20,2482.202819
76,20,2482.202819
76,20,2482.202819
76,22,2469.902154
76,22,2469.902154
76,22,2469.902154
76,22,2469.902154
76,22,2469.902154
77,6,4677.869222
77,6,4677.869222
77,7,4604.221502
77,7,4604.221502
77,7,4604.221502
77,7,4604.221502
77,7,4604.221502
77,7,4604.221502
77,8,3344.665039
77,9,2933.405103
77,9,2933.405103
77,9,2933.405103
77,9,2933.405103
77,9,2933.405103
77,9,2933.405103
77,10,2779.303932
77,10,2779.303932
77,11,2744.406468
77,11,2744.406468
77,11,2744.406468
77,11,2744.406468
77,11,2744.406468
77,11,2744.406468
77,11,2744.406468
77,11,2744.406468
77,11,2744.406468
77,12,2600.207027
77,12,2600.207027
77,12,2600.207027
77,12,2600.207027
77,13,2589.598687
77,13,2589.598687
77,13,2589.598687
77,13,2589.598687
77,13,2589.598687
77,13,2589.598687
77,13,2589.598687
77,13,2589.598687
77,13,2589.598687
77,13,2589.598687
77,13,2589.598687
77,13,2589.598687
77,13,2589.598687
77,13,2589.598687
77,13,2589.598687
77,13,2589.598687
77,14,2566.217951
77,14,2566.217951
77,14,2566.217951
77,14,2566.217951
77,14,2566.217951
77,14,2566.217951
77,14,2566.217951
77,14,2566.217951
77,14,2566.217951
77,14,2566.217951
77,14,2566.217951
77,14,2566.217951
77,15,2512.048372
77,15,2512.048372
77,15,2512.048372
77,15,2512.048372
77,15,2512.048372
77,15,2512.048372
77,18,2502.554913
77,18,2502.554913
77,18,2502.554913
77,18,2502.554913
77,18,2502.554913
77,18,2502.554913
77,18,2502.554913
77,18,2502.554913
77,18,2502.554913
77,18,2502.554913
77,18,2502.554913
77,18,2502.554913
77,19,2495.458539
77,19,2495.458539
77,19,2495.458539
77,19,2495.458539
77,19,2495.458539
77,19,2495.458539
77,19,2495.458539
77,19,2495.458539
77,19,2495.458539
77,19,2495.458539
77,19,2495.458539
77,19,2495.458539
77,19,2495.458539
77,19,2495.458539
77,20,2482.202819
77,20,2482.202819
77,20,2482.202819
77,20,2482.202819
77,20,2482.202819
77,20,2482.202819
77,20,2482.202819
77,22,2469.902154
77,22,2469.902154
77,22,2469.902154
77,22,2469.902154
77,22,2469.902154
77,22,2469.902154
78,6,4677.869222
78,6,4677.869222
78,6,4677.869222
78,7,4604.221502
78,7,4604.221502
78,7,4604.221502
78,7,4604.221502
78,7,4604.221502
78,7,4604.221502
78,7,4604.221502
78,8,3344.665039
78,8,3344.665039
78,9,2933.405103
78,9,2933.405103
78,9,2933.405103
78,9,2933.405103
78,9,2933.405103
78,9,2933.405103
78,9,2933.405103
78,10,2779.303932
78,10,2779.303932
78,10,2779.303932
78,11,2744.406468
78,11,2744.406468
78,11,2744.406468
78,11,2744.406468
78,11,2744.406468
78,11,2744.406468
78,11,2744.406468
78,11,2744.406468
78,11,2744.406468
78,11,2744.406468
78,12,2600.207027
78,12,2600.207027
78,12,2600.207027
78,12,2600.207027
78,12,2600.207027
78,13,2589.598687
78,13,2589.598687
78,13,2589.598687
78,13,2589.598687
78,13,2589.598687
78,13,2589.598687
78,13,2589.598687
78,13,2589.598687
78,13,2589.598687
78,13,2589.598687
78,13,2589.598687
78,13,2589.598687
78,13,2589.598687
78,13,2589.598687
78,13,2589.598687
78,13,2589.598687
78,13,2589.598687
78,13,2589.598687
78,14,2566.217951
78,14,2566.217951
78,14,2566.217951
78,14,2566.217951
78,14,2566.217951
78,14,2566.217951
78,14,2566.217951
78,14,2566.217951
78,14,2566.217951
78,14,2566.217951
78,14,2566.217951
78,14,2566.217951
78,14,2566.217951
78,15,2512.048372
78,15,2512.048372
78,15,2512.048372
78,15,2512.048372
78,15,2512.048372
78,15,2512.048372
78,15,2512.048372
78,18,2502.554913
78,18,2502.554913
78,18,2502.554913
78,18,2502.554913
78,18,2502.554913
78,18,2502.554913
78,18,2502.554913
78,18,2502.554913
78,18,2502.554913
78,18,2502.554913
78,18,2502.554913
78,18,2502.554913
78,18,2502.554913
78,19,2495.458539
78,19,2495.458539
78,19,2495.458539
78,19,2495.458539
78,19,2495.458539
78,19,2495.458539
78,19,2495.458539
78,19,2495.458539
78,19,2495.458539
78,19,2495.458539
78,19,2495.458539
78,19,2495.458539
78,19,2495.458539
78,19,2495.458539
78,19,2495.458539
78,20,2482.202819
78,20,2482.202819
78,20,2482.202819
78,20,2482.202819
78,20,2482.202819
78,20,2482.202819
78,20,2482.202819
78,20,2482.202819
78,22,2469.902154
78,22,2469.902154
78,22,2469.902154
78,22,2469.902154
78,22,2469.902154
78,22,2469.902154
78,22,2469.902154
79,6,4677.869222
79,6,4677.869222
79,6,4677.869222
79,6,4677.869222
79,7,4604.221502
79,7,4604.221502
79,7,4604.221502
79,7,4604.221502
79,7,4604.221502
79,7,4604.221502
79,7,4604.221502
79,7,4604.221502
79,8,3344.665039
79,8,3344.665039
79,8,3344.665039
79,9,2933.405103
79,9,2933.405103
79,9,2933.405103
79,9,2933.405103
79,9,2933.405103
79,9,2933.405103
79,9,2933.405103
79,9,2933.405103
79,10,2779.303932
79,10,2779.303932
79,10,2779.303932
79,10,2779.303932
79,11,2744.406468
79,11,2744.406468
79,11,2744.406468
79,11,2744.406468
79,11,2744.406468
79,11,2744.406468
79,11,2744.406468
79,11,2744.406468
79,11,2744.406468
79,11,2744.406468
79,11,2744.406468
79,12,2600.207027
79,12,2600.207027
79,12,2600.207027
79,12,2600.207027
79,12,2600.207027
79,12,2600.207027
79,13,2589.598687
79,13,2589.598687
79,13,2589.598687
79,13,2589.598687
79,13,2589.598687
79,13,2589.598687
79,13,2589.598687
79,13,2589.598687
79,13,2589.598687
79,13,2589.598687
79,13,2589.598687
79,13,2589.598687
79,13,2589.598687
79,13,2589.598687
79,13,2589.598687
79,13,2589.598687
79,13,2589.598687
79,13,2589.598687
79,13,2589.598687
79,13,2589.598687
79,14,2566.217951
79,14,2566.217951
79,14,2566.217951
79,14,2566.217951
79,14,2566.217951
79,14,2566.217951
79,14,2566.217951
79,14,2566.217951
79,14,2566.217951
79,14,2566.217951
79,14,2566.217951
79,14,2566.217951
79,14,2566.217951
79,14,2566.217951
79,15,2512.048372
79,15,2512.048372
79,15,2512.048372
79,15,2512.048372
79,15,2512.048372
79,15,2512.048372
79,15,2512.048372
79,15,2512.048372
79,18,2502.554913
79,18,2502.554913
79,18,2502.554913
79,18,2502.554913
79,18,2502.554913
79,18,2502.554913
79,18,2502.554913
79,18,2502.554913
79,18,2502.554913
79,18,2502.554913
79,18,2502.554913
79,18,2502.554913
79,18,2502.554913
79,18,2502.554913
79,19,2449.817478
80,6,4677.869222
80,6,4677.869222
80,6,4677.869222
80,6,4677.869222
80,6,4677.869222
80,7,4588.759057
80,8,3243.254482
80,9,2933.405103
80,9,2933.405103
80,9,2933.405103
80,9,2933.405103
80,9,2933.405103
80,9,2933.405103
80,9,2933.405103
80,9,2933.405103
80,9,2933.405103
80,10,2779.303932
80,10,2779.303932
80,10,2779.303932
80,10,2779.303932
80,10,2779.303932
80,11,2744.406468
80,11,2744.406468
80,11,2744.406468
80,11,2744.406468
80,11,2744.406468
80,11,2744.406468
80,11,2744.406468
80,11,2744.406468
80,11,2744.406468
80,11,2744.406468
80,11,2744.406468
80,11,2744.406468
80,12,2600.207027
80,12,2600.207027
80,12,2600.207027
80,12,2600.207027
80,12,2600.207027
80,12,2600.207027
80,12,2600.207027
80,13,2589.598687
80,13,2589.598687
80,13,2589.598687
80,13,2589.598687
80,13,2589.598687
80,13,2589.598687
80,13,2589.598687
80,13,2589.598687
80,13,2589.598687
80,13,2589.598687
80,13,2589.598687
80,13,2589.598687
80,13,2589.598687
80,13,2589.598687
80,13,2589.598687
80,13,2589.598687
80,13,2589.598687
80,13,2589.598687
80,13,2589.598687
80,13,2589.598687
80,13,2589.598687
80,13,2589.598687
80,14,2566.217951
80,14,2566.217951
80,14,2566.217951
80,14,2566.217951
80,14,2566.217951
80,14,2566.217951
80,14,2566.217951
80,14,2566.217951
80,14,2566.217951
80,14,2566.217951
80,14,2566.217951
80,14,2566.217951
80,14,2566.217951
80,14,2566.217951
80,14,2566.217951
80,15,2512.048372
80,15,2512.048372
80,15,2512.048372
80,15,2512.048372
80,15,2512.048372
80,15,2512.048372
80,15,2512.048372
80,15,2512.048372
80,15,2512.048372
80,18,2502.554913
80,18,2502.554913
80,18,2502.554913
80,18,2502.554913
80,18,2502.554913
80,18,2502.554913
80,18,2502.554913
80,18,2502.554913
80,18,2502.554913
80,18,2502.554913
80,18,2502.554913
80,18,2502.554913
80,18,2502.554913
80,18,2502.554913
80,18,2502.554913
80,19,2449.817478
80,19,2449.817478
80,20,2442.004066
81,6,4677.869222
81,6,4677.869222
81,6,4677.869222
81,6,4677.869222
81,6,4677.869222
81,6,4677.869222
81,7,4588.759057
81,7,4588.759057
81,8,3243.254482
81,8,3243.254482
81,9,2906.314812
81,10,2779.303932
81,10,2779.303932
81,10,2779.303932
81,10,2779.303932
81,10,2779.303932
81,10,2779.303932
81,11,2744.406468
81,11,2744.406468
81,11,2744.406468
81,11,2744.406468
81,11,2744.406468
81,11,2744.406468
81,11,2744.406468
81,11,2744.406468
81,11,2744.406468
81,11,2744.406468
81,11,2744.406468
81,11,2744.406468
81,11,2744.406468
81,12,2600.207027
81,12,2600.207027
81,12,2600.207027
81,12,2600.207027
81,12,2600.207027
81,12,2600.207027
81,12,2600.207027
81,12,2600.207027
81,13,2589.598687
81,13,2589.598687
81,13,2589.598687
81,13,2589.598687
81,13,2589.598687
81,13,2589.598687
81,13,2589.598687
81,13,2589.598687
81,13,2589.598687
81,13,2589.598687
81,13,2589.598687
81,13,2589.598687
81,13,2589.598687
81,13,2589.598687
81,13,2589.598687
81,13,2589.598687
81,13,2589.598687
81,13,2589.598687
81,13,2589.598687
81,13,2589.598687
81,13,2589.598687
81,13,2589.598687
81,13,2589.598687
81,13,2589.598687
81,13,2589.598687
81,14,2566.217951
81,14,2566.217951
81,14,2566.217951
81,14,2566.217951
81,14,2566.217951
81,14,2566.217951
81,14,2566.217951
81,14,2566.217951
81,14,2566.217951
81,14,2566.217951
81,14,2566.217951
81,14,2566.217951
81,14,2566.217951
81,14,2566.217951
81,14,2566.217951
81,14,2566.217951
81,15,2512.048372
81,15,2512.048372
81,15,2512.048372
81,15,2512.048372
81,15,2512.048372
81,15,2512.048372
81,15,2512.048372
81,15,2512.048372
81,15,2512.048372
81,15,2512.048372
81,18,2502.554913
81,18,2502.554913
81,18,2502.554913
81,18,2502.554913
81,18,2502.554913
81,18,2502.554913
81,18,2502.554913
81,18,2502.554913
81,18,2502.554913
81,18,2502.554913
81,18,2502.554913
81,18,2502.554913
81,18,2502.554913
81,18,2502.554913
81,18,2502.554913
81,18,2502.554913
81,19,2449.817478
81,19,2449.817478
81,19,2449.817478
81,19,2449.817478
81,20,2442.004066
81,20,2442.004066
82,6,4677.869222
82,6,4677.869222
82,6,4677.869222
82,6,4677.869222
82,6,4677.869222
82,6,4677.869222
82,6,4677.869222
82,7,4588.759057
82,7,4588.759057
82,7,4588.759057
82,8,3243.254482
82,8,3243.254482
82,8,3243.254482
82,9,2906.314812
82,9,2906.314812
82,10,2779.303932
82,10,2779.303932
82,10,2779.303932
82,10,2779.303932
82,10,2779.303932
82,10,2779.303932
82,10,2779.303932
82,11,2714.689736
82,12,2600.207027
82,12,2600.207027
82,12,2600.207027
82,12,2600.207027
82,12,2600.207027
82,12,2600.207027
82,12,2600.207027
82,12,2600.207027
82,12,2600.207027
82,13,2589.598687
82,13,2589.598687
82,13,2589.598687
82,13,2589.598687
82,13,2589.598687
82,13,2589.598687
82,13,2589.598687
82,13,2589.598687
82,13,2589.598687
82,13,2589.598687
82,13,2589.598687
82,13,2589.598687
82,13,2589.598687
82,13,2589.598687
82,13,2589.598687
82,13,2589.598687
82,13,2589.598687
82,13,2589.598687
82,13,2589.598687
82,13,2589.598687
82,13,2589.598687
82,13,2589.598687
82,13,2589.598687
82,13,2589.598687
82,13,2589.598687
82,13,2589.598687
82,13,2589.598687
82,13,2589.598687
82,14,2566.217951
82,14,2566.217951
82,14,2566.217951
82,14,2566.217951
82,14,2566.217951
82,14,2566.217951
82,14,2566.217951
82,14,2566.217951
82,14,2566.217951
82,14,2566.217951
82,14,2566.217951
82,14,2566.217951
82,14,2566.217951
82,14,2566.217951
82,14,2566.217951
82,14,2566.217951
82,14,2566.217951
82,15,2512.048372
82,15,2512.048372
82,15,2512.048372
82,15,2512.048372
82,15,2512.048372
82,15,2512.048372
82,15,2512.048372
82,15,2512.048372
82,15,2512.048372
82,15,2512.048372
82,15,2512.048372
82,18,2499.169098
82,19,2449.817478
82,19,2449.817478
82,19,2449.817478
82,19,2449.817478
82,19,2449.817478
82,19,2449.817478
82,20,2442.004066
82,20,2442.004066
82,20,2442.004066
83,6,4677.869222
83,6,4677.869222
83,6,4677.869222
83,6,4677.869222
83,6,4677.869222
83,6,4677.869222
83,6,4677.869222
83,6,4677.869222
83,7,4588.759057
83,7,4588.759057
83,7,4588.759057
83,7,4588.759057
83,8,3243.254482
83,8,3243.254482
83,8,3243.254482
83,8,3243.254482
83,9,2906.314812
83,9,2906.314812
83,9,2906.314812
83,10,2779.303932
83,10,2779.303932
83,10,2779.303932
83,10,2779.303932
83,10,2779.303932
83,10,2779.303932
83,10,2779.303932
83,10,2779.303932
83,11,2714.689736
83,11,2714.689736
83,12,2600.207027
83,12,2600.207027
83,12,2600.207027
83,12,2600.207027
83,12,2600.207027
83,12,2600.207027
83,12,2600.207027
83,12,2600.207027
83,12,2600.207027
83,12,2600.207027
83,13,2585.888575
83,14,2566.217951
83,14,2566.217951
83,14,2566.217951
83,14,2566.217951
83,14,2566.217951
83,14,2566.217951
83,14,2566.217951
83,14,2566.217951
83,14,2566.217951
83,14,2566.217951
83,14,2566.217951
83,14,2566.217951
83,14,2566.217951
83,14,2566.217951
83,14,2566.217951
83,14,2566.217951
83,14,2566.217951
83,14,2566.217951
83,15,2512.048372
83,15,2512.048372
83,15,2512.048372
83,15,2512.048372
83,15,2512.048372
83,15,2512.048372
83,15,2512.048372
83,15,2512.048372
83,15,2512.048372
83,15,2512.048372
83,15,2512.048372
83,15,2512.048372
83,17,2507.202088
83,18,2487.151498
83,19,2449.817478
83,19,2449.817478
83,19,2449.817478
83,19,2449.817478
83,19,2449.817478
83,19,2449.817478
83,19,2449.817478
83,19,2449.817478
83,20,2442.004066
83,20,2442.004066
83,20,2442.004066
83,20,2442.004066
84,6,4677.869222
84,6,4677.869222
84,6,4677.869222
84,6,4677.869222
84,6,4677.869222
84,6,4677.869222
84,6,4677.869222
84,6,4677.869222
84,6,4677.869222
84,7,4588.759057
84,7,4588.759057
84,7,4588.759057
84,7,4588.759057
84,7,4588.759057
84,8,3243.254482
84,8,3243.254482
84,8,3243.254482
84,8,3243.254482
84,8,3243.254482
84,9,2906.314812
84,9,2906.314812
84,9,2906.314812
84,9,2906.314812
84,10,2779.303932
84,10,2779.303932
84,10,2779.303932
84,10,2779.303932
84,10,2779.303932
84,10,2779.303932
84,10,2779.303932
84,10,2779.303932
84,10,2779.303932
84,11,2714.689736
84,11,2714.689736
84,11,2714.689736
84,12,2600.207027
84,12,2600.207027
84,12,2600.207027
84,12,2600.207027
84,12,2600.207027
84,12,2600.207027
84,12,2600.207027
84,12,2600.207027
84,12,2600.207027
84,12,2600.207027
84,12,2600.207027
84,13,2585.888575
84,13,2585.888575
84,14,2564.574343
84,15,2512.048372
84,15,2512.048372
84,15,2512.048372
84,15,2512.048372
84,15,2512.048372
84,15,2512.048372
84,15,2512.048372
84,15,2512.048372
84,15,2512.048372
84,15,2512.048372
84,15,2512.048372
84,15,2512.048372
84,15,2512.048372
84,17,2507.202088
84,17,2507.202088
84,18,2487.151498
84,18,2487.151498
84,19,2449.817478
84,19,2449.817478
84,19,2449.817478
84,19,2449.817478
84,19,2449.817478
84,19,2449.817478
84,19,2449.817478
84,19,2449.817478
84,19,2449.817478
84,19,2449.817478
84,20,2442.004066
84,20,2442.004066
84,20,2442.004066
84,20,2442.004066
84,20,2442.004066
85,6,4644.998546
85,7,4588.759057
85,7,4588.759057
85,7,4588.759057
85,7,4588.759057
85,7,4588.759057
85,7,4588.759057
85,8,3243.254482
85,8,3243.254482
85,8,3243.254482
85,8,3243.254482
85,8,3243.254482
85,8,3243.254482
85,9,2906.314812
85,9,2906.314812
85,9,2906.314812
85,9,2906.314812
85,9,2906.314812
85,10,2779.303932
85,10,2779.303932
85,10,2779.303932
85,10,2779.303932
85,10,2779.303932
85,10,2779.303932
85,10,2779.303932
85,10,2779.303932
85,10,2779.303932
85,10,2779.303932
85,11,2714.689736
85,11,2714.689736
85,11,2714.689736
85,11,2714.689736
85,12,2600.207027
85,12,2600.207027
85,12,2600.207027
85,12,2600.207027
85,12,2600.207027
85,12,2600.207027
85,12,2600.207027
85,12,2600.207027
85,12,2600.207027
85,12,2600.207027
85,12,2600.207027
85,12,2600.207027
85,13,2585.888575
85,13,2585.888575
85,13,2585.888575
85,14,2564.574343
85,14,2564.574343
85,15,2512.048372
85,15,2512.048372
85,15,2512.048372
85,15,2512.048372
85,15,2512.048372
85,15,2512.048372
85,15,2512.048372
85,15,2512.048372
85,15,2512.048372
85,15,2512.048372
85,15,2512.048372
85,15,2512.048372
85,15,2512.048372
85,15,2512.048372
85,17,2504.087072
85,18,2450.708196
85,19,2449.817478
85,19,2449.817478
85,19,2449.817478
85,19,2449.817478
85,19,2449.817478
85,19,2449.817478
85,19,2449.817478
85,19,2449.817478
85,19,2449.817478
85,19,2449.817478
85,19,2449.817478
85,19,2449.817478
85,20,2442.004066
85,20,2442.004066
85,20,2442.004066
85,20,2442.004066
85,20,2442.004066
85,20,2442.004066
86,6,4644.998546
86,6,4644.998546
86,7,4455.487436
86,8,3243.254482
86,8,3243.254482
86,8,3243.254482
86,8,3243.254482
86,8,3243.254482
86,8,3243.254482
86,8,3243.254482
86,9,2906.314812
86,9,2906.314812
86,9,2906.314812
86,9,2906.314812
86,9,2906.314812
86,9,2906.314812
86,10,2779.303932
86,10,2779.303932
86,10,2779.303932
86,10,2779.303932
86,10,2779.303932
86,10,2779.303932
86,10,2779.303932
86,10,2779.303932
86,10,2779.303932
86,10,2779.303932
86,10,2779.303932
86,11,2700.344871
86,12,2600.207027
86,12,2600.207027
86,12,2600.207027
86,12,2600.207027
86,12,2600.207027
86,12,2600.207027
86,12,2600.207027
86,12,2600.207027
86,12,2600.207027
86,12,2600.207027
86,12,2600.207027
86,12,2600.207027
86,12,2600.207027
86,13,2585.888575
86,13,2585.888575
86,13,2585.888575
86,13,2585.888575
86,13,2585.888575
86,14,2564.574343
86,14,2564.574343
86,14,2564.574343
86,15,2512.048372
86,15,2512.048372
86,15,2512.048372
86,15,2512.048372
86,15,2512.048372
86,15,2512.048372
86,15,2512.048372
86,15,2512.048372
86,15,2512.048372
86,15,2512.048372
86,15,2512.048372
86,15,2512.048372
86,15,2512.048372
86,15,2512.048372
86,15,2512.048372
86,17,2504.087072
86,17,2504.087072
86,18,2450.708196
86,18,2450.708196
86,19,2449.817478
86,19,2449.817478
86,19,2449.817478
86,19,2449.817478
86,19,2449.817478
86,19,2449.817478
86,19,2449.817478
86,19,2449.817478
86,19,2449.817478
86,19,2449.817478
86,19,2449.817478
86,19,2449.817478
86,19,2449.817478
86,19,2449.817478
86,20,2442.004066
86,20,2442.004066
86,20,2442.004066
86,20,2442.004066
86,20,2442.004066
86,20,2442.004066
86,20,2442.004066
87,6,4644.998546
87,6,4644.998546
87,6,4644.998546
87,7,4455.487436
87,7,4455.487436
87,8,3243.254482
87,8,3243.254482
87,8,3243.254482
87,8,3243.254482
87,8,3243.254482
87,8,3243.254482
87,8,3243.254482
87,8,3243.254482
87,9,2906.314812
87,9,2906.314812
87,9,2906.314812
87,9,2906.314812
87,9,2906.314812
87,9,2906.314812
87,9,2906.314812
87,10,2779.303932
87,10,2779.303932
87,10,2779.303932
87,10,2779.303932
87,10,2779.303932
87,10,2779.303932
87,10,2779.303932
87,10,2779.303932
87,10,2779.303932
87,10,2779.303932
87,10,2779.303932
87,10,2779.303932
87,11,2700.344871
87,11,2700.344871
87,12,2600.207027
87,12,2600.207027
87,12,2600.207027
87,12,2600.207027
87,12,2600.207027
87,12,2600.207027
87,12,2600.207027
87,12,2600.207027
87,12,2600.207027
87,12,2600.207027
87,12,2600.207027
87,12,2600.207027
87,12,2600.207027
87,12,2600.207027
87,13,2585.888575
87,13,2585.888575
87,13,2585.888575
87,13,2585.888575
87,13,2585.888575
87,13,2585.888575
87,13,2585.888575
87,14,2564.574343
87,14,2564.574343
87,14,2564.574343
87,14,2564.574343
87,15,2512.048372
87,15,2512.048372
87,15,2512.048372
87,15,2512.048372
87,15,2512.048372
87,15,2512.048372
87,15,2512.048372
87,15,2512.048372
87,15,2512.048372
87,15,2512.048372
87,15,2512.048372
87,15,2512.048372
87,15,2512.048372
87,15,2512.048372
87,15,2512.048372
87,15,2512.048372
87,17,2504.087072
87,17,2504.087072
87,17,2504.087072
87,18,2450.708196
87,18,2450.708196
87,18,2450.708196
87,19,2449.817478
87,19,2449.817478
87,19,2449.817478
87,19,2449.817478
87,19,2449.817478
87,19,2449.817478
87,19,2449.817478
87,19,2449.817478
87,19,2449.817478
87,19,2449.817478
87,19,2449.817478
87,19,2449.817478
87,19,2449.817478
87,19,2449.817478
87,19,2449.817478
87,19,2449.817478
87,20,2442.004066
87,20,2442.004066
87,20,2442.004066
87,20,2442.004066
87,20,2442.004066
87,20,2442.004066
87,20,2442.004066
87,20,2442.004066
88,6,4543.651584
88,7,4454.468567
88,8,3243.254482
88,8,3243.254482
88,8,3243.254482
88,8,3243.254482
88,8,3243.254482
88,8,3243.254482
88,8,3243.254482
88,8,3243.254482
88,8,3243.254482
88,9,2906.314812
88,9,2906.314812
88,9,2906.314812
88,9,2906.314812
88,9,2906.314812
88,9,2906.314812
88,9,2906.314812
88,9,2906.314812
88,10,2779.303932
88,10,2779.303932
88,10,2779.303932
88,10,2779.303932
88,10,2779.303932
88,10,2779.303932
88,10,2779.303932
88,10,2779.303932
88,10,2779.303932
88,10,2779.303932
88,10,2779.303932
88,10,2779.303932
88,10,2779.303932
88,11,2700.344871
88,11,2700.344871
88,11,2700.344871
88,12,2600.207027
88,12,2600.207027
88,12,2600.207027
88,12,2600.207027
88,12,2600.207027
88,12,2600.207027
88,12,2600.207027
88,12,2600.207027
88,12,2600.207027
88,12,2600.207027
88,12,2600.207027
88,12,2600.207027
88,12,2600.207027
88,12,2600.207027
88,12,2600.207027
88,13,2585.888575
88,13,2585.888575
88,13,2585.888575
88,13,2585.888575
88,13,2585.888575
88,13,2585.888575
88,13,2585.888575
88,13,2585.888575
88,13,2585.888575
88,14,2564.574343
88,14,2564.574343
88,14,2564.574343
88,14,2564.574343
88,14,2564.574343
88,15,2512.048372
88,15,2512.048372
88,15,2512.048372
88,15,2512.048372
88,15,2512.048372
88,15,2512.048372
88,15,2512.048372
88,15,2512.048372
88,15,2512.048372
88,15,2512.048372
88,15,2512.048372
88,15,2512.048372
88,15,2512.048372
88,15,2512.048372
88,15,2512.048372
88,15,2512.048372
88,15,2512.048372
88,17,2504.087072
88,17,2504.087072
88,17,2504.087072
88,17,2504.087072
88,18,2450.708196
88,18,2450.708196
88,18,2450.708196
88,18,2450.708196
88,19,2449.817478
88,19,2449.817478
88,19,2449.817478
88,19,2449.817478
88,19,2449.817478
88,19,2449.817478
88,19,2449.817478
88,19,2449.817478
88,19,2449.817478
88,19,2449.817478
88,19,2449.817478
88,19,2449.817478
88,19,2449.817478
88,19,2449.817478
88,19,2449.817478
88,19,2449.817478
88,19,2449.817478
88,19,2449.817478
88,20,2442.004066
88,20,2442.004066
88,20,2442.004066
88,20,2442.004066
88,20,2442.004066
88,20,2442.004066
88,20,2442.004066
88,20,2442.004066
88,20,2442.004066
89,6,4543.651584
89,6,4543.651584
89,7,4454.468567
89,7,4454.468567
89,8,3243.254482
89,8,3243.254482
89,8,3243.254482
89,8,3243.254482
89,8,3243.254482
89,8,3243.254482
89,8,3243.254482
89,8,3243.254482
89,8,3243.254482
89,8,3243.254482
89,9,2906.314812
89,9,2906.314812
89,9,2906.314812
89,9,2906.314812
89,9,2906.314812
89,9,2906.314812
89,9,2906.314812
89,9,2906.314812
89,9,2906.314812
89,10,2779.303932
89,10,2779.303932
89,10,2779.303932
89,10,2779.303932
89,10,2779.303932
89,10,2779.303932
89,10,2779.303932
89,10,2779.303932
89,10,2779.303932
89,10,2779.303932
89,10,2779.303932
89,10,2779.303932
89,10,2779.303932
89,10,2779.303932
89,11,2700.344871
89,11,2700.344871
89,11,2700.344871
89,11,2700.344871
89,12,2600.207027
89,12,2600.207027
89,12,2600.207027
89,12,2600.207027
89,12,2600.207027
89,12,2600.207027
89,12,2600.207027
89,12,2600.207027
89,12,2600.207027
89,12,2600.207027
89,12,2600.207027
89,12,2600.207027
89,12,2600.207027
89,12,2600.207027
89,12,2600.207027
89,12,2600.207027
89,13,2585.888575
89,13,2585.888575
89,13,2585.888575
89,13,2585.888575
89,13,2585.888575
89,13,2585.888575
89,13,2585.888575
89,13,2585.888575
89,13,2585.888575
89,13,2585.888575
89,13,2585.888575
89,14,2560.122929
89,15,2495.439124
89,16,2479.631019
89,18,2450.708196
89,18,2450.708196
89,18,2450.708196
89,18,2450.708196
89,18,2450.708196
89,19,2449.817478
89,19,2449.817478
89,19,2449.817478
89,19,2449.817478
89,19,2449.817478
89,19,2449.817478
89,19,2449.817478
89,19,2449.817478
89,19,2449.817478
89,19,2449.817478
89,19,2449.817478
89,19,2449.817478
89,19,2449.817478
89,19,2449.817478
89,19,2449.817478
89,19,2449.817478
89,19,2449.817478
89,19,2449.817478
89,19,2449.817478
89,19,2449.817478
89,20,2442.004066
89,20,2442.004066
89,20,2442.004066
89,20,2442.004066
89,20,2442.004066
89,20,2442.004066
89,20,2442.004066
89,20,2442.004066
89,20,2442.004066
89,20,2442.004066
90,6,4543.651584
90,6,4543.651584
90,6,4543.651584
90,7,4432.286606
90,8,3243.254482
90,8,3243.254482
90,8,3243.254482
90,8,3243.254482
90,8,3243.254482
90,8,3243.254482
90,8,3243.254482
90,8,3243.254482
90,8,3243.254482
90,8,3243.254482
90,8,3243.254482
90,9,2906.314812
90,9,2906.314812
90,9,2906.314812
90,9,2906.314812
90,9,2906.314812
90,9,2906.314812
90,9,2906.314812
90,9,2906.314812
90,9,2906.314812
90,9,2906.314812
90,10,2779.303932
90,10,2779.303932
90,10,2779.303932
90,10,2779.303932
90,10,2779.303932
90,10,2779.303932
90,10,2779.303932
90,10,2779.303932
90,10,2779.303932
90,10,2779.303932
90,10,2779.303932
90,10,2779.303932
90,10,2779.303932
90,10,2779.303932
90,10,2779.303932
90,11,2700.344871
90,11,2700.344871
90,11,2700.344871
90,11,2700.344871
90,11,2700.344871
90,12,2600.207027
90,12,2600.207027
90,12,2600.207027
90,12,2600.207027
90,12,2600.207027
90,12,2600.207027
90,12,2600.207027
90,12,2600.207027
90,12,2600.207027
90,12,2600.207027
90,12,2600.207027
90,12,2600.207027
90,12,2600.207027
90,12,2600.207027
90,12,2600.207027
90,12,2600.207027
90,12,2600.207027
90,13,2585.888575
90,13,2585.888575
90,13,2585.888575
90,13,2585.888575
90,13,2585.888575
90,13,2585.888575
90,13,2585.888575
90,13,2585.888575
90,13,2585.888575
90,13,2585.888575
90,13,2585.888575
90,13,2585.888575
90,13,2585.888575
90,14,2558.814103
90,15,2495.439124
90,15,2495.439124
90,16,2479.631019
90,16,2479.631019
90,18,2450.708196
90,18,2450.708196
90,18,2450.708196
90,18,2450.708196
90,18,2450.708196
90,18,2450.708196
90,19,2449.817478
90,19,2449.817478
90,19,2449.817478
90,19,2449.817478
90,19,2449.817478
90,19,2449.817478
90,19,2449.817478
90,19,2449.817478
90,19,2449.817478
90,19,2449.817478
90,19,2449.817478
90,19,2449.817478
90,19,2449.817478
90,19,2449.817478
90,19,2449.817478
90,19,2449.817478
90,19,2449.817478
90,19,2449.817478
90,19,2449.817478
90,19,2449.817478
90,19,2449.817478
90,19,2449.817478
90,20,2442.004066
90,20,2442.004066
90,20,2442.004066
90,20,2442.004066
90,20,2442.004066
90,20,2442.004066
90,20,2442.004066
90,20,2442.004066
90,20,2442.004066
90,20,2442.004066
90,20,2442.004066
91,6,4543.651584
91,6,4543.651584
91,6,4543.651584
91,6,4543.651584
91,7,4432.286606
91,7,4432.286606
91,8,3243.254482
91,8,3243.254482
91,8,3243.254482
91,8,3243.254482
91,8,3243.254482
91,8,3243.254482
91,8,3243.254482
91,8,3243.254482
91,8,3243.254482
91,8,3243.254482
91,8,3243.254482
91,8,3243.254482
91,9,2906.314812
91,9,2906.314812
91,9,2906.314812
91,9,2906.314812
91,9,2906.314812
91,9,2906.314812
91,9,2906.314812
91,9,2906.314812
91,9,2906.314812
91,9,2906.314812
91,9,2906.314812
91,10,2779.303932
91,10,2779.303932
91,10,2779.303932
91,10,2779.303932
91,10,2779.303932
91,10,2779.303932
91,10,2779.303932
91,10,2779.303932
91,10,2779.303932
91,10,2779.303932
91,10,2779.303932
91,10,2779.303932
91,10,2779.303932
91,10,2779.303932
91,10,2779.303932
91,10,2779.303932
91,11,2700.344871
91,11,2700.344871
91,11,2700.344871
91,11,2700.344871
91,11,2700.344871
91,11,2700.344871
91,12,2600.207027
91,12,2600.207027
91,12,2600.207027
91,12,2600.207027
91,12,2600.207027
91,12,2600.207027
91,12,2600.207027
91,12,2600.207027
91,12,2600.207027
91,12,2600.207027
91,12,2600.207027
91,12,2600.207027
91,12,2600.207027
91,12,2600.207027
91,12,2600.207027
91,12,2600.207027
91,12,2600.207027
91,12,2600.207027
91,13,2585.888575
91,13,2585.888575
91,13,2585.888575
91,13,2585.888575
91,13,2585.888575
91,13,2585.888575
91,13,2585.888575
91,13,2585.888575
91,13,2585.888575
91,13,2585.888575
91,13,2585.888575
91,13,2585.888575
91,13,2585.888575
91,13,2585.888575
91,13,2585.888575
91,14,2557.894199
91,15,2495.439124
91,15,2495.439124
91,15,2495.439124
91,16,2467.478463
91,18,2450.708196
91,18,2450.708196
91,18,2450.708196
91,18,2450.708196
91,18,2450.708196
91,18,2450.708196
91,18,2450.708196
91,19,2449.817478
91,19,2449.817478
91,19,2449.817478
91,19,2449.817478
91,19,2449.817478
91,19,2449.817478
91,19,2449.817478
91,19,2449.817478
91,19,2449.817478
91,19,2449.817478
91,19,2449.817478
91,19,2449.817478
91,19,2449.817478
91,19,2449.817478
91,19,2449.817478
91,19,2449.817478
91,19,2449.817478
91,19,2449.817478
91,19,2449.817478
91,19,2449.817478
91,19,2449.817478
91,19,2449.817478
91,19,2449.817478
91,19,2449.817478
91,20,2442.004066
91,20,2442.004066
91,20,2442.004066
91,20,2442.004066
91,20,2442.004066
91,20,2442.004066
91,20,2442.004066
91,20,2442.004066
91,20,2442.004066
91,20,2442.004066
91,20,2442.004066
91,20,2442.004066
92,6,4543.651584
92,6,4543.651584
92,6,4543.651584
92,6,4543.651584
92,6,4543.651584
92,7,4216.342142
92,8,3243.254482
92,8,3243.254482
92,8,3243.254482
92,8,3243.254482
92,8,3243.254482
92,8,3243.254482
92,8,3243.254482
92,8,3243.254482
92,8,3243.254482
92,8,3243.254482
92,8,3243.254482
92,8,3243.254482
92,8,3243.254482
92,9,2906.314812
92,9,2906.314812
92,9,2906.314812
92,9,2906.314812
92,9,2906.314812
92,9,2906.314812
92,9,2906.314812
92,9,2906.314812
92,9,2906.314812
92,9,2906.314812
92,9,2906.314812
92,9,2906.314812
92,10,2779.303932
92,10,2779.303932
92,10,2779.303932
92,10,2779.303932
92,10,2779.303932
92,10,2779.303932
92,10,2779.303932
92,10,2779.303932
92,10,2779.303932
92,10,2779.303932
92,10,2779.303932
92,10,2779.303932
92,10,2779.303932
92,10,2779.303932
92,10,2779.303932
92,10,2779.303932
92,10,2779.303932
92,11,2700.344871
92,11,2700.344871
92,11,2700.344871
92,11,2700.344871
92,11,2700.344871
92,11,2700.344871
92,11,2700.344871
92,12,2600.207027
92,12,2600.207027
92,12,2600.207027
92,12,2600.207027
92,12,2600.207027
92,12,2600.207027
92,12,2600.207027
92,12,2600.207027
92,12,2600.207027
92,12,2600.207027
92,12,2600.207027
92,12,2600.207027
92,12,2600.207027
92,12,2600.207027
92,12,2600.207027
92,12,2600.207027
92,12,2600.207027
92,12,2600.207027
92,12,2600.207027
92,13,2585.888575
92,13,2585.888575
92,13,2585.888575
92,13,2585.888575
92,13,2585.888575
92,13,2585.888575
92,13,2585.888575
92,13,2585.888575
92,13,2585.888575
92,13,2585.888575
92,13,2585.888575
92,13,2585.888575
92,13,2585.888575
92,13,2585.888575
92,13,2585.888575
92,13,2585.888575
92,13,2585.888575
92,14,2557.894199
92,14,2557.894199
92,15,2495.439124
92,15,2495.439124
92,15,2495.439124
92,15,2495.439124
92,16,2467.478463
92,16,2467.478463
92,18,2450.708196
92,18,2450.708196
92,18,2450.708196
92,18,2450.708196
92,18,2450.708196
92,18,2450.708196
92,18,2450.708196
92,18,2450.708196
92,19,2449.817478
92,19,2449.817478
92,19,2449.817478
92,19,2449.817478
92,19,2449.817478
92,19,2449.817478
92,19,2449.817478
92,19,2449.817478
92,19,2449.817478
92,19,2449.817478
92,19,2449.817478
92,19,2449.817478
92,19,2449.817478
92,19,2449.817478
92,19,2449.817478
92,19,2449.817478
92,19,2449.817478
92,19,2449.817478
92,19,2449.817478
92,19,2449.817478
92,19,2449.817478
92,19,2449.817478
92,19,2449.817478
92,19,2449.817478
92,19,2449.817478
92,19,2449.817478
92,20,2442.004066
92,20,2442.004066
92,20,2442.004066
92,20,2442.004066
92,20,2442.004066
92,20,2442.004066
92,20,2442.004066
92,20,2442.004066
92,20,2442.004066
92,20,2442.004066
92,20,2442.004066
92,20,2442.004066
92,20,2442.004066
93,6,4507.136192
93,7,4216.342142
93,7,4216.342142
93,8,3243.254482
93,8,3243.254482
93,8,3243.254482
93,8,3243.254482
93,8,3243.254482
93,8,3243.254482
93,8,3243.254482
93,8,3243.254482
93,8,3243.254482
93,8,3243.254482
93,8,3243.254482
93,8,3243.254482
93,8,3243.254482
93,8,3243.254482
93,9,2906.314812
93,9,2906.314812
93,9,2906.314812
93,9,2906.314812
93,9,2906.314812
93,9,2906.314812
93,9,2906.314812
93,9,2906.314812
93,9,2906.314812
93,9,2906.314812
93,9,2906.314812
93,9,2906.314812
93,9,2906.314812
93,10,2779.303932
93,10,2779.303932
93,10,2779.303932
93,10,2779.303932
93,10,2779.303932
93,10,2779.303932
93,10,2779.303932
93,10,2779.303932
93,10,2779.303932
93,10,2779.303932
93,10,2779.303932
93,10,2779.303932
93,10,2779.303932
93,10,2779.303932
93,10,2779.303932
93,10,2779.303932
93,10,2779.303932
93,10,2779.303932
93,11,2687.904196
93,12,2600.207027
93,12,2600.207027
93,12,2600.207027
93,12,2600.207027
93,12,2600.207027
93,12,2600.207027
93,12,2600.207027
93,12,2600.207027
93,12,2600.207027
93,12,2600.207027
93,12,2600.207027
93,12,2600.207027
93,12,2600.207027
93,12,2600.207027
93,12,2600.207027
93,12,2600.207027
93,12,2600.207027
93,12,2600.207027
93,12,2600.207027
93,12,2600.207027
93,13,2585.888575
93,13,2585.888575
93,13,2585.888575
93,13,2585.888575
93,13,2585.888575
93,13,2585.888575
93,13,2585.888575
93,13,2585.888575
93,13,2585.888575
93,13,2585.888575
93,13,2585.888575
93,13,2585.888575
93,13,2585.888575
93,13,2585.888575
93,13,2585.888575
93,13,2585.888575
93,13,2585.888575
93,13,2585.888575
93,13,2585.888575
93,14,2557.894199
93,14,2557.894199
93,14,2557.894199
93,15,2493.866354
93,16,2467.478463
93,16,2467.478463
93,16,2467.478463
93,18,2450.708196
93,18,2450.708196
93,18,2450.708196
93,18,2450.708196
93,18,2450.708196
93,18,2450.708196
93,18,2450.708196
93,18,2450.708196
93,18,2450.708196
93,19,2449.817478
93,19,2449.817478
93,19,2449.817478
93,19,2449.817478
93,19,2449.817478
93,19,2449.817478
93,19,2449.817478
93,19,2449.817478
93,19,2449.817478
93,19,2449.817478
93,19,2449.817478
93,19,2449.817478
93,19,2449.817478
93,19,2449.817478
93,19,2449.817478
93,19,2449.817478
93,19,2449.817478
93,19,2449.817478
93,19,2449.817478
93,19,2449.817478
93,19,2449.817478
93,19,2449.817478
93,19,2449.817478
93,19,2449.817478
93,19,2449.817478
93,19,2449.817478
93,19,2449.817478
93,19,2449.817478
93,20,2442.004066
93,20,2442.004066
93,20,2442.004066
93,20,2442.004066
93,20,2442.004066
93,20,2442.004066
93,20,2442.004066
93,20,2442.004066
93,20,2442.004066
93,20,2442.004066
93,20,2442.004066
93,20,2442.004066
93,20,2442.004066
93,20,2442.004066
94,6,4507.136192
94,6,4507.136192
94,7,4216.342142
94,7,4216.342142
94,7,4216.342142
94,8,3243.254482
94,8,3243.254482
94,8,3243.254482
94,8,3243.254482
94,8,3243.254482
94,8,3243.254482
94,8,3243.254482
94,8,3243.254482
94,8,3243.254482
94,8,3243.254482
94,8,3243.254482
94,8,3243.254482
94,8,3243.254482
94,8,3243.254482
94,8,3243.254482
94,9,2906.314812
94,9,2906.314812
94,9,2906.314812
94,9,2906.314812
94,9,2906.314812
94,9,2906.314812
94,9,2906.314812
94,9,2906.314812
94,9,2906.314812
94,9,2906.314812
94,9,2906.314812
94,9,2906.314812
94,9,2906.314812
94,9,2906.314812
94,10,2779.303932
94,10,2779.303932
94,10,2779.303932
94,10,2779.303932
94,10,2779.303932
94,10,2779.303932
94,10,2779.303932
94,10,2779.303932
94,10,2779.303932
94,10,2779.303932
94,10,2779.303932
94,10,2779.303932
94,10,2779.303932
94,10,2779.303932
94,10,2779.303932
94,10,2779.303932
94,10,2779.303932
94,10,2779.303932
94,10,2779.303932
94,11,2686.123102
94,12,2600.207027
94,12,2600.207027
94,12,2600.207027
94,12,2600.207027
94,12,2600.207027
94,12,2600.207027
94,12,2600.207027
94,12,2600.207027
94,12,2600.207027
94,12,2600.207027
94,12,2600.207027
94,12,2600.207027
94,12,2600.207027
94,12,2600.207027
94,12,2600.207027
94,12,2600.207027
94,12,2600.207027
94,12,2600.207027
94,12,2600.207027
94,12,2600.207027
94,12,2600.207027
94,13,2555.328710
94,14,2554.846334
94,15,2493.866354
94,15,2493.866354
94,16,2467.478463
94,16,2467.478463
94,16,2467.478463
94,16,2467.478463
94,18,2450.708196
94,18,2450.708196
94,18,2450.708196
94,18,2450.708196
94,18,2450.708196
94,18,2450.708196
94,18,2450.708196
94,18,2450.708196
94,18,2450.708196
94,18,2450.708196
94,19,2449.817478
94,19,2449.817478
94,19,2449.817478
94,19,2449.817478
94,19,2449.817478
94,19,2449.817478
94,19,2449.817478
94,19,2449.817478
94,19,2449.817478
94,19,2449.817478
94,19,2449.817478
94,19,2449.817478
94,19,2449.817478
94,19,2449.817478
94,19,2449.817478
94,19,2449.817478
94,19,2449.817478
94,19,2449.817478
94,19,2449.817478
94,19,2449.817478
94,19,2449.817478
94,19,2449.817478
94,19,2449.817478
94,19,2449.817478
94,19,2449.817478
94,19,2449.817478
94,19,2449.817478
94,19,2449.817478
94,19,2449.817478
94,19,2449.817478
94,20,2442.004066
94,20,2442.004066
94,20,2442.004066
94,20,2442.004066
94,20,2442.004066
94,20,2442.004066
94,20,2442.004066
94,20,2442.004066
94,20,2442.004066
94,20,2442.004066
94,20,2442.004066
94,20,2442.004066
94,20,2442.004066
94,20,2442.004066
94,20,2442.004066
95,6,4507.136192
95,6,4507.136192
95,6,4507.136192
95,7,4216.342142
95,7,4216.342142
95,7,4216.342142
95,7,4216.342142
95,8,3243.254482
95,8,3243.254482
95,8,3243.254482
95,8,3243.254482
95,8,3243.254482
95,8,3243.254482
95,8,3243.254482
95,8,3243.254482
95,8,3243.254482
95,8,3243.254482
95,8,3243.254482
95,8,3243.254482
95,8,3243.254482
95,8,3243.254482
95,8,3243.254482
95,8,3243.254482
95,9,2906.314812
95,9,2906.314812
95,9,2906.314812
95,9,2906.314812
95,9,2906.314812
95,9,2906.314812
95,9,2906.314812
95,9,2906.314812
95,9,2906.314812
95,9,2906.314812
95,9,2906.314812
95,9,2906.314812
95,9,2906.314812
95,9,2906.314812
95,9,2906.314812
95,10,2779.303932
95,10,2779.303932
95,10,2779.303932
95,10,2779.303932
95,10,2779.303932
95,10,2779.303932
95,10,2779.303932
95,10,2779.303932
95,10,2779.303932
95,10,2779.303932
95,10,2779.303932
95,10,2779.303932
95,10,2779.303932
95,10,2779.303932
95,10,2779.303932
95,10,2779.303932
95,10,2779.303932
95,10,2779.303932
95,10,2779.303932
95,10,2779.303932
95,11,2622.778407
95,12,2600.207027
95,12,2600.207027
95,12,2600.207027
95,12,2600.207027
95,12,2600.207027
95,12,2600.207027
95,12,2600.207027
95,12,2600.207027
95,12,2600.207027
95,12,2600.207027
95,12,2600.207027
95,12,2600.207027
95,12,2600.207027
95,12,2600.207027
95,12,2600.207027
95,12,2600.207027
95,12,2600.207027
95,12,2600.207027
95,12,2600.207027
95,12,2600.207027
95,12,2600.207027
95,12,2600.207027
95,13,2555.328710
95,13,2555.328710
95,14,2554.846334
95,14,2554.846334
95,15,2480.612795
95,16,2467.478463
95,16,2467.478463
95,16,2467.478463
95,16,2467.478463
95,16,2467.478463
95,18,2450.708196
95,18,2450.708196
95,18,2450.708196
95,18,2450.708196
95,18,2450.708196
95,18,2450.708196
95,18,2450.708196
95,18,2450.708196
95,18,2450.708196
95,18,2450.708196
95,18,2450.708196
95,19,2449.817478
95,19,2449.817478
95,19,2449.817478
95,19,2449.817478
95,19,2449.817478
95,19,2449.817478
95,19,2449.817478
95,19,2449.817478
95,19,2449.817478
95,19,2449.817478
95,19,2449.817478
95,19,2449.817478
95,19,2449.817478
95,19,2449.817478
95,19,2449.817478
95,19,2449.817478
95,19,2449.817478
95,19,2449.817478
95,19,2449.817478
95,19,2449.817478
95,19,2449.817478
95,19,2449.817478
95,19,2449.817478
95,19,2449.817478
95,19,2449.817478
95,19,2449.817478
95,19,2449.817478
95,19,2449.817478
95,19,2449.817478
95,19,2449.817478
95,19,2449.817478
95,19,2449.817478
95,20,2442.004066
95,20,2442.004066
95,20,2442.004066
95,20,2442.004066
95,20,2442.004066
95,20,2442.004066
95,20,2442.004066
95,20,2442.004066
95,20,2442.004066
95,20,2442.004066
95,20,2442.004066
95,20,2442.004066
95,20,2442.004066
95,20,2442.004066
95,20,2442.004066
95,20,2442.004066
96,6,4507.136192
96,6,4507.136192
96,6,4507.136192
96,6,4507.136192
96,7,4216.342142
96,7,4216.342142
96,7,4216.342142
96,7,4216.342142
96,7,4216.342142
96,8,3173.337359
96,9,2767.410148
96,11,2622.778407
96,11,2622.778407
96,12,2600.207027
96,12,2600.207027
96,12,2600.207027
96,12,2600.207027
96,12,2600.207027
96,12,2600.207027
96,12,2600.207027
96,12,2600.207027
96,12,2600.207027
96,12,2600.207027
96,12,2600.207027
96,12,2600.207027
96,12,2600.207027
96,12,2600.207027
96,12,2600.207027
96,12,2600.207027
96,12,2600.207027
96,12,2600.207027
96,12,2600.207027
96,12,2600.207027
96,12,2600.207027
96,12,2600.207027
96,12,2600.207027
96,13,2555.328710
96,13,2555.328710
96,13,2555.328710
96,14,2554.846334
96,14,2554.846334
96,14,2554.846334
96,15,2480.612795
96,15,2480.612795
96,16,2467.478463
96,16,2467.478463
96,16,2467.478463
96,16,2467.478463
96,16,2467.478463
96,16,2467.478463
96,18,2450.708196
96,18,2450.708196
96,18,2450.708196
96,18,2450.708196
96,18,2450.708196
96,18,2450.708196
96,18,2450.708196
96,18,2450.708196
96,18,2450.708196
96,18,2450.708196
96,18,2450.708196
96,18,2450.708196
96,19,2449.817478
96,19,2449.817478
96,19,2449.817478
96,19,2449.817478
96,19,2449.817478
96,19,2449.817478
96,19,2449.817478
96,19,2449.817478
96,19,2449.817478
96,19,2449.817478
96,19,2449.817478
96,19,2449.817478
96,19,2449.817478
96,19,2449.817478
96,19,2449.817478
96,19,2449.817478
96,19,2449.817478
96,19,2449.817478
96,19,2449.817478
96,19,2449.817478
96,19,2449.817478
96,19,2449.817478
96,19,2449.817478
96,19,2449.817478
96,19,2449.817478
96,19,2449.817478
96,19,2449.817478
96,19,2449.817478
96,19,2449.817478
96,19,2449.817478
96,19,2449.817478
96,19,2449.817478
96,19,2449.817478
96,19,2449.817478
96,19,2449.817478
96,20,2442.004066
96,20,2442.004066
96,20,2442.004066
96,20,2442.004066
96,20,2442.004066
96,20,2442.004066
96,20,2442.004066
96,20,2442.004066
96,20,2442.004066
96,20,2442.004066
96,20,2442.004066
96,20,2442.004066
96,20,2442.004066
96,20,2442.004066
96,20,2442.004066
96,20,2442.004066
96,20,2442.004066
97,6,4507.136192
97,6,4507.136192
97,6,4507.136192
97,6,4507.136192
97,6,4507.136192
97,7,4216.342142
97,7,4216.342142
97,7,4216.342142
97,7,4216.342142
97,7,4216.342142
97,7,4216.342142
97,8,3173.337359
97,8,3173.337359
97,9,2767.410148
97,9,2767.410148
97,11,2622.778407
97,11,2622.778407
97,11,2622.778407
97,12,2600.207027
97,12,2600.207027
97,12,2600.207027
97,12,2600.207027
97,12,2600.207027
97,12,2600.207027
97,12,2600.207027
97,12,2600.207027
97,12,2600.207027
97,12,2600.207027
97,12,2600.207027
97,12,2600.207027
97,12,2600.207027
97,12,2600.207027
97,12,2600.207027
97,12,2600.207027
97,12,2600.207027
97,12,2600.207027
97,12,2600.207027
97,12,2600.207027
97,12,2600.207027
97,12,2600.207027
97,12,2600.207027
97,12,2600.207027
97,13,2555.328710
97,13,2555.328710
97,13,2555.328710
97,13,2555.328710
97,14,2547.593975
97,15,2480.612795
97,15,2480.612795
97,15,2480.612795
97,16,2467.478463
97,16,2467.478463
97,16,2467.478463
97,16,2467.478463
97,16,2467.478463
97,16,2467.478463
97,16,2467.478463
97,18,2450.708196
97,18,2450.708196
97,18,2450.708196
97,18,2450.708196
97,18,2450.708196
97,18,2450.708196
97,18,2450.708196
97,18,2450.708196
97,18,2450.708196
97,18,2450.708196
97,18,2450.708196
97,18,2450.708196
97,18,2450.708196
97,19,2449.817478
97,19,2449.817478
97,19,2449.817478
97,19,2449.817478
97,19,2449.817478
97,19,2449.817478
97,19,2449.817478
97,19,2449.817478
97,19,2449.817478
97,19,2449.817478
97,19,2449.817478
97,19,2449.817478
97,19,2449.817478
97,19,2449.817478
97,19,2449.817478
97,19,2449.817478
97,19,2449.817478
97,19,2449.817478
97,19,2449.817478
97,19,2449.817478
97,19,2449.817478
97,19,2449.817478
97,19,2449.817478
97,19,2449.817478
97,19,2449.817478
97,19,2449.817478
97,19,2449.817478
97,19,2449.817478
97,19,2449.817478
97,19,2449.817478
97,19,2449.817478
97,19,2449.817478
97,19,2449.817478
97,19,2449.817478
97,19,2449.817478
97,19,2449.817478
97,19,2449.817478
97,19,2449.817478
97,20,2442.004066
97,20,2442.004066
97,20,2442.004066
97,20,2442.004066
97,20,2442.004066
97,20,2442.004066
97,20,2442.004066
97,20,2442.004066
97,20,2442.004066
97,20,2442.004066
97,20,2442.004066
97,20,2442.004066
97,20,2442.004066
97,20,2442.004066
97,20,2442.004066
97,20,2442.004066
97,20,2442.004066
97,20,2442.004066
97,22,2440.598105
98,6,4507.136192
98,6,4507.136192
98,6,4507.136192
98,6,4507.136192
98,6,4507.136192
98,6,4507.136192
98,7,4216.342142
98,7,4216.342142
98,7,4216.342142
98,7,4216.342142
98,7,4216.342142
98,7,4216.342142
98,7,4216.342142
98,8,3173.337359
98,8,3173.337359
98,8,3173.337359
98,9,2767.410148
98,9,2767.410148
98,9,2767.410148
98,11,2622.778407
98,11,2622.778407
98,11,2622.778407
98,11,2622.778407
98,12,2600.207027
98,12,2600.207027
98,12,2600.207027
98,12,2600.207027
98,12,2600.207027
98,12,2600.207027
98,12,2600.207027
98,12,2600.207027
98,12,2600.207027
98,12,2600.207027
98,12,2600.207027
98,12,2600.207027
98,12,2600.207027
98,12,2600.207027
98,12,2600.207027
98,12,2600.207027
98,12,2600.207027
98,12,2600.207027
98,12,2600.207027
98,12,2600.207027
98,12,2600.207027
98,12,2600.207027
98,12,2600.207027
98,12,2600.207027
98,12,2600.207027
98,13,2555.328710
98,13,2555.328710
98,13,2555.328710
98,13,2555.328710
98,13,2555.328710
98,14,2547.593975
98,14,2547.593975
98,15,2470.825182
98,16,2467.478463
98,16,2467.478463
98,16,2467.478463
98,16,2467.478463
98,16,2467.478463
98,16,2467.478463
98,16,2467.478463
98,16,2467.478463
98,18,2450.708196
98,18,2450.708196
98,18,2450.708196
98,18,2450.708196
98,18,2450.708196
98,18,2450.708196
98,18,2450.708196
98,18,2450.708196
98,18,2450.708196
98,18,2450.708196
98,18,2450.708196
98,18,2450.708196
98,18,2450.708196
98,18,2450.708196
98,19,2449.817478
98,19,2449.817478
98,19,2449.817478
98,19,2449.817478
98,19,2449.817478
98,19,2449.817478
98,19,2449.817478
98,19,2449.817478
98,19,2449.817478
98,19,2449.817478
98,19,2449.817478
98,19,2449.817478
98,19,2449.817478
98,19,2449.817478
98,19,2449.817478
98,19,2449.817478
98,19,2449.817478
98,19,2449.817478
98,19,2449.817478
98,19,2449.817478
98,19,2449.817478
98,19,2449.817478
98,19,2449.817478
98,19,2449.817478
98,19,2449.817478
98,19,2449.817478
98,19,2449.817478
98,19,2449.817478
98,19,2449.817478
98,19,2449.817478
98,19,2449.817478
98,19,2449.817478
98,19,2449.817478
98,19,2449.817478
98,19,2449.817478
98,19,2449.817478
98,19,2449.817478
98,19,2449.817478
98,19,2449.817478
98,19,2449.817478
98,19,2449.817478
98,20,2442.004066
98,20,2442.004066
98,20,2442.004066
98,20,2442.004066
98,20,2442.004066
98,20,2442.004066
98,20,2442.004066
98,20,2442.004066
98,20,2442.004066
98,20,2442.004066
98,20,2442.004066
98,20,2442.004066
98,20,2442.004066
98,20,2442.004066
98,20,2442.004066
98,20,2442.004066
98,20,2442.004066
98,20,2442.004066
98,20,2442.004066
98,22,2440.598105
98,22,2440.598105
99,6,4507.136192
99,6,4507.136192
99,6,4507.136192
99,6,4507.136192
99,6,4507.136192
99,6,4507.136192
99,6,4507.136192
99,7,4216.342142
99,7,4216.342142
99,7,4216.342142
99,7,4216.342142
99,7,4216.342142
99,7,4216.342142
99,7,4216.342142
99,7,4216.342142
99,8,3173.337359
99,8,3173.337359
99,8,3173.337359
99,8,3173.337359
99,9,2767.410148
99,9,2767.410148
99,9,2767.410148
99,9,2767.410148
99,11,2622.778407
99,11,2622.778407
99,11,2622.778407
99,11,2622.778407
99,11,2622.778407
99,12,2600.207027
99,12,2600.207027
99,12,2600.207027
99,12,2600.207027
99,12,2600.207027
99,12,2600.207027
99,12,2600.207027
99,12,2600.207027
99,12,2600.207027
99,12,2600.207027
99,12,2600.207027
99,12,2600.207027
99,12,2600.207027
99,12,2600.207027
99,12,2600.207027
99,12,2600.207027
99,12,2600.207027
99,12,2600.207027
99,12,2600.207027
99,12,2600.207027
99,12,2600.207027
99,12,2600.207027
99,12,2600.207027
99,12,2600.207027
99,12,2600.207027
99,12,2600.207027
99,12,2600.207027
99,13,2555.328710
99,13,2555.328710
99,13,2555.328710
99,13,2555.328710
99,13,2555.328710
99,13,2555.328710
99,14,2526.815294
99,15,2470.825182
99,15,2470.825182
99,16,2467.478463
99,16,2467.478463
99,16,2467.478463
99,16,2467.478463
99,16,2467.478463
99,16,2467.478463
99,16,2467.478463
99,16,2467.478463
99,16,2467.478463
99,17,2454.549004
99,18,2450.708196
99,18,2450.708196
99,18,2450.708196
99,18,2450.708196
99,18,2450.708196
99,18,2450.708196
99,18,2450.708196
99,18,2450.708196
99,18,2450.708196
99,18,2450.708196
99,18,2450.708196
99,18,2450.708196
99,18,2450.708196
99,18,2450.708196
99,18,2450.708196
99,19,2449.817478
99,19,2449.817478
99,19,2449.817478
99,19,2449.817478
99,19,2449.817478
99,19,2449.817478
99,19,2449.817478
99,19,2449.817478
99,19,2449.817478
99,19,2449.817478
99,19,2449.817478
99,19,2449.817478
99,19,2449.817478
99,19,2449.817478
99,19,2449.817478
99,19,2449.817478
99,19,2449.817478
99,19,2449.817478
99,19,2449.817478
99,19,2449.817478
99,19,2449.817478
99,19,2449.817478
99,19,2449.817478
99,19,2449.817478
99,19,2449.817478
99,19,2449.817478
99,19,2449.817478
99,19,2449.817478
99,19,2449.817478
99,19,2449.817478
99,19,2449.817478
99,19,2449.817478
99,19,2449.817478
99,19,2449.817478
99,19,2449.817478
99,19,2449.817478
99,19,2449.817478
99,19,2449.817478
99,20,2442.004066
99,20,2442.004066
99,20,2442.004066
99,20,2442.004066
99,20,2442.004066
99,20,2442.004066
99,20,2442.004066
99,20,2442.004066
99,20,2442.004066
99,20,2442.004066
99,20,2442.004066
99,20,2442.004066
99,20,2442.004066
99,20,2442.004066
99,20,2442.004066
99,20,2442.004066
99,20,2442.004066
99,20,2442.004066
99,20,2442.004066
99,20,2442.004066
99,22,2440.598105
99,22,2440.598105
99,22,2440.598105
100,6,4413.961596
100,7,4216.342142
100,7,4216.342142
100,7,4216.342142
100,7,4216.342142
100,7,4216.342142
100,7,4216.342142
100,7,4216.342142
100,7,4216.342142
100,7,4216.342142
100,8,3173.337359
100,8,3173.337359
100,8,3173.337359
100,8,3173.337359
100,8,3173.337359
100,8,3173.337359
100,9,2767.410148
100,9,2767.410148
100,9,2767.410148
100,9,2767.410148
100,9,2767.410148
100,11,2622.778407
100,11,2622.778407
100,11,2622.778407
100,11,2622.778407
100,11,2622.778407
100,11,2622.778407
100,12,2600.207027
100,12,2600.207027
100,12,2600.207027
100,12,2600.207027
100,12,2600.207027
100,12,2600.207027
100,12,2600.207027
100,12,2600.207027
100,12,2600.207027
100,12,2600.207027
100,12,2600.207027
100,12,2600.207027
100,12,2600.207027
100,12,2600.207027
100,12,2600.207027
100,12,2600.207027
100,12,2600.207027
100,12,2600.207027
100,12,2600.207027
100,12,2600.207027
100,12,2600.207027
100,12,2600.207027
100,12,2600.207027
100,12,2600.207027
100,12,2600.207027
100,12,2600.207027
100,12,2600.207027
100,12,2600.207027
100,12,2600.207027
100,13,2555.328710
100,13,2555.328710
100,13,2555.328710
100,13,2555.328710
100,13,2555.328710
100,13,2555.328710
100,13,2555.328710
100,14,2526.815294
100,14,2526.815294
100,15,2470.825182
100,15,2470.825182
100,15,2470.825182
100,16,2467.478463
100,16,2467.478463
100,16,2467.478463
100,16,2467.478463
100,16,2467.478463
100,16,2467.478463
100,16,2467.478463
100,16,2467.478463
100,16,2467.478463
100,16,2467.478463
100,17,2454.549004
100,17,2454.549004
100,18,2450.708196
100,18,2450.708196
100,18,2450.708196
100,18,2450.708196
100,18,2450.708196
100,18,2450.708196
100,18,2450.708196
100,18,2450.708196
100,18,2450.708196
100,18,2450.708196
100,18,2450.708196
100,18,2450.708196
100,18,2450.708196
100,18,2450.708196
100,18,2450.708196
100,18,2450.708196
100,19,2449.817478
100,19,2449.817478
100,19,2449.817478
100,19,2449.817478
100,19,2449.817478
100,19,2449.817478
100,19,2449.817478
100,19,2449.817478
100,19,2449.817478
100,19,2449.817478
100,19,2449.817478
100,19,2449.817478
100,19,2449.817478
100,19,2449.817478
100,19,2449.817478
100,19,2449.817478
100,19,2449.817478
100,19,2449.817478
100,19,2449.817478
100,19,2449.817478
100,19,2449.817478
100,19,2449.817478
100,19,2449.817478
100,19,2449.817478
100,19,2449.817478
100,19,2449.817478
100,19,2449.817478
100,19,2449.817478
100,19,2449.817478
100,20,2442.004066
100,20,2442.004066
100,20,2442.004066
100,20,2442.004066
100,20,2442.004066
100,20,2442.004066
100,20,2442.004066
100,20,2442.004066
100,20,2442.004066
100,20,2442.004066
100,20,2442.004066
100,20,2442.004066
100,20,2442.004066
100,20,2442.004066
100,20,2442.004066
100,20,2442.004066
100,20,2442.004066
100,20,2442.004066
100,20,2442.004066
100,20,2442.004066
100,20,2442.004066
100,22,2440.598105
100,22,2440.598105
100,22,2440.598105
100,22,2440.598105
101,6,4413.961596
101,6,4413.961596
101,7,4216.342142
101,7,4216.342142
101,7,4216.342142
101,7,4216.342142
101,7,4216.342142
101,7,4216.342142
101,7,4216.342142
101,7,4216.342142
101,7,4216.342142
101,7,4216.342142
101,8,3173.337359
101,8,3173.337359
101,8,3173.337359
101,8,3173.337359
101,8,3173.337359
101,8,3173.337359
101,8,3173.337359
101,8,3173.337359
101,9,2767.410148
101,9,2767.410148
101,9,2767.410148
101,9,2767.410148
101,9,2767.410148
101,9,2767.410148
101,10,2726.536613
101,11,2616.166878
101,12,2600.207027
101,12,2600.207027
101,12,2600.207027
101,12,2600.207027
101,12,2600.207027
101,12,2600.207027
101,12,2600.207027
101,12,2600.207027
101,12,2600.207027
101,12,2600.207027
101,12,2600.207027
101,12,2600.207027
101,12,2600.207027
101,12,2600.207027
101,12,2600.207027
101,12,2600.207027
101,12,2600.207027
101,12,2600.207027
101,12,2600.207027
101,12,2600.207027
101,12,2600.207027
101,12,2600.207027
101,12,2600.207027
101,12,2600.207027
101,12,2600.207027
101,13,2555.328710
101,13,2555.328710
101,13,2555.328710
101,13,2555.328710
101,13,2555.328710
101,13,2555.328710
101,13,2555.328710
101,13,2555.328710
101,14,2526.815294
101,14,2526.815294
101,14,2526.815294
101,15,2470.825182
101,15,2470.825182
101,15,2470.825182
101,15,2470.825182
101,16,2467.478463
101,16,2467.478463
101,16,2467.478463
101,16,2467.478463
101,16,2467.478463
101,16,2467.478463
101,16,2467.478463
101,16,2467.478463
101,16,2467.478463
101,16,2467.478463
101,16,2467.478463
101,17,2454.549004
101,17,2454.549004
101,17,2454.549004
101,18,2450.708196
101,18,2450.708196
101,18,2450.708196
101,18,2450.708196
101,18,2450.708196
101,18,2450.708196
101,18,2450.708196
101,18,2450.708196
101,18,2450.708196
101,18,2450.708196
101,18,2450.708196
101,18,2450.708196
101,18,2450.708196
101,18,2450.708196
101,18,2450.708196
101,18,2450.708196
101,18,2450.708196
101,19,2449.817478
101,19,2449.817478
101,19,2449.817478
101,19,2449.817478
101,19,2449.817478
101,19,2449.817478
101,19,2449.817478
101,19,2449.817478
101,19,2449.817478
101,19,2449.817478
101,19,2449.817478
101,19,2449.817478
101,19,2449.817478
101,19,2449.817478
101,19,2449.817478
101,19,2449.817478
101,19,2449.817478
101,19,2449.817478
101,19,2449.817478
101,19,2449.817478
101,19,2449.817478
101,19,2449.817478
101,19,2449.817478
101,19,2449.817478
101,20,2442.004066
101,20,2442.004066
101,20,2442.004066
101,20,2442.004066
101,20,2442.004066
101,20,2442.004066
101,20,2442.004066
101,20,2442.004066
101,20,2442.004066
101,20,2442.004066
101,20,2442.004066
101,20,2442.004066
101,20,2442.004066
101,20,2442.004066
101,20,2442.004066
101,20,2442.004066
101,20,2442.004066
101,20,2442.004066
101,20,2442.004066
101,20,2442.004066
101,20,2442.004066
101,20,2442.004066
101,22,2440.598105
101,22,2440.598105
101,22,2440.598105
101,22,2440.598105
101,22,2440.598105
102,6,4413.961596
102,6,4413.961596
102,6,4413.961596
102,7,4216.342142
102,7,4216.342142
102,7,4216.342142
102,7,4216.342142
102,7,4216.342142
102,7,4216.342142
102,7,4216.342142
102,7,4216.342142
102,7,4216.342142
102,7,4216.342142
102,7,4216.342142
102,8,3173.337359
102,8,3173.337359
102,8,3173.337359
102,8,3173.337359
102,8,3173.337359
102,8,3173.337359
102,8,3173.337359
102,8,3173.337359
102,8,3173.337359
102,8,3173.337359
102,9,2767.410148
102,9,2767.410148
102,9,2767.410148
102,9,2767.410148
102,9,2767.410148
102,9,2767.410148
102,9,2767.410148
102,10,2726.536613
102,10,2726.536613
102,11,2616.166878
102,11,2616.166878
102,12,2600.207027
102,12,2600.207027
102,12,2600.207027
102,12,2600.207027
102,12,2600.207027
102,12,2600.207027
102,12,2600.207027
102,12,2600.207027
102,12,2600.207027
102,12,2600.207027
102,12,2600.207027
102,12,2600.207027
102,12,2600.207027
102,12,2600.207027
102,12,2600.207027
102,12,2600.207027
102,12,2600.207027
102,12,2600.207027
102,12,2600.207027
102,12,2600.207027
102,12,2600.207027
102,12,2600.207027
102,12,2600.207027
102,12,2600.207027
102,12,2600.207027
102,12,2600.207027
102,13,2555.328710
102,13,2555.328710
102,13,2555.328710
102,13,2555.328710
102,13,2555.328710
102,13,2555.328710
102,13,2555.328710
102,13,2555.328710
102,13,2555.328710
102,14,2507.234589
102,15,2470.825182
102,15,2470.825182
102,15,2470.825182
102,15,2470.825182
102,15,2470.825182
102,16,2451.093089
102,18,2450.708196
102,18,2450.708196
102,18,2450.708196
102,18,2450.708196
102,18,2450.708196
102,18,2450.708196
102,18,2450.708196
102,18,2450.708196
102,18,2450.708196
102,18,2450.708196
102,18,2450.708196
102,18,2450.708196
102,18,2450.708196
102,18,2450.708196
102,18,2450.708196
102,18,2450.708196
102,18,2450.708196
102,18,2450.708196
102,19,2449.817478
102,19,2449.817478
102,19,2449.817478
102,19,2449.817478
102,19,2449.817478
102,19,2449.817478
102,19,2449.817478
102,19,2449.817478
102,19,2449.817478
102,19,2449.817478
102,19,2449.817478
102,19,2449.817478
102,19,2449.817478
102,19,2449.817478
102,19,2449.817478
102,19,2449.817478
102,19,2449.817478
102,19,2449.817478
102,19,2449.817478
102,19,2449.817478
102,19,2449.817478
102,19,2449.817478
102,19,2449.817478
102,19,2449.817478
102,19,2449.817478
102,19,2449.817478
102,20,2442.004066
102,20,2442.004066
102,20,2442.004066
102,20,2442.004066
102,20,2442.004066
102,20,2442.004066
102,20,2442.004066
102,20,2442.004066
102,20,2442.004066
102,20,2442.004066
102,20,2442.004066
102,20,2442.004066
102,20,2442.004066
102,20,2442.004066
102,20,2442.004066
102,20,2442.004066
102,20,2442.004066
102,20,2442.004066
102,20,2442.004066
102,20,2442.004066
102,20,2442.004066
102,20,2442.004066
102,20,2442.004066
102,22,2440.598105
102,22,2440.598105
102,22,2440.598105
102,22,2440.598105
102,22,2440.598105
102,22,2440.598105
103,6,4413.961596
103,6,4413.961596
103,6,4413.961596
103,6,4413.961596
103,7,4216.342142
103,7,4216.342142
103,7,4216.342142
103,7,4216.342142
103,7,4216.342142
103,7,4216.342142
103,7,4216.342142
103,7,4216.342142
103,7,4216.342142
103,7,4216.342142
103,7,4216.342142
103,7,4216.342142
103,8,3173.337359
103,8,3173.337359
103,8,3173.337359
103,8,3173.337359
103,8,3173.337359
103,8,3173.337359
103,8,3173.337359
103,8,3173.337359
103,8,3173.337359
103,8,3173.337359
103,8,3173.337359
103,8,3173.337359
103,9,2767.410148
103,9,2767.410148
103,9,2767.410148
103,9,2767.410148
103,9,2767.410148
103,9,2767.410148
103,9,2767.410148
103,9,2767.410148
103,10,2687.406562
103,11,2616.166878
103,11,2616.166878
103,11,2616.166878
103,12,2596.841170
103,13,2555.328710
103,13,2555.328710
103,13,2555.328710
103,13,2555.328710
103,13,2555.328710
103,13,2555.328710
103,13,2555.328710
103,13,2555.328710
103,13,2555.328710
103,13,2555.328710
103,14,2507.234589
103,14,2507.234589
103,15,2470.825182
103,15,2470.825182
103,15,2470.825182
103,15,2470.825182
103,15,2470.825182
103,15,2470.825182
103,16,2451.093089
103,16,2451.093089
103,18,2450.708196
103,18,2450.708196
103,18,2450.708196
103,18,2450.708196
103,18,2450.708196
103,18,2450.708196
103,18,2450.708196
103,18,2450.708196
103,18,2450.708196
103,18,2450.708196
103,18,2450.708196
103,18,2450.708196
103,18,2450.708196
103,18,2450.708196
103,18,2450.708196
103,18,2450.708196
103,18,2450.708196
103,18,2450.708196
103,18,2450.708196
103,19,2449.817478
103,19,2449.817478
103,19,2449.817478
103,19,2449.817478
103,19,2449.817478
103,19,2449.817478
103,19,2449.817478
103,19,2449.817478
103,19,2449.817478
103,19,2449.817478
103,19,2449.817478
103,19,2449.817478
103,19,2449.817478
103,19,2449.817478
103,19,2449.817478
103,19,2449.817478
103,19,2449.817478
103,19,2449.817478
103,19,2449.817478
103,19,2449.817478
103,19,2449.817478
103,19,2449.817478
103,19,2449.817478
103,19,2449.817478
103,19,2449.817478
103,19,2449.817478
103,19,2449.817478
103,19,2449.817478
103,19,2449.817478
103,20,2442.004066
103,20,2442.004066
103,20,2442.004066
103,20,2442.004066
103,20,2442.004066
103,20,2442.004066
103,20,2442.004066
103,20,2442.004066
103,20,2442.004066
103,20,2442.004066
103,20,2442.004066
103,20,2442.004066
103,20,2442.004066
103,20,2442.004066
103,20,2442.004066
103,20,2442.004066
103,20,2442.004066
103,20,2442.004066
103,20,2442.004066
103,20,2442.004066
103,20,2442.004066
103,20,2442.004066
103,20,2442.004066
103,20,2442.004066
103,22,2440.598105
103,22,2440.598105
103,22,2440.598105
103,22,2440.598105
103,22,2440.598105
103,22,2440.598105
103,22,2440.598105
104,6,4413.961596
104,6,4413.961596
104,6,4413.961596
104,6,4413.961596
104,6,4413.961596
104,7,4216.342142
104,7,4216.342142
104,7,4216.342142
104,7,4216.342142
104,7,4216.342142
104,7,4216.342142
104,7,4216.342142
104,7,4216.342142
104,7,4216.342142
104,7,4216.342142
104,7,4216.342142
104,7,4216.342142
104,7,4216.342142
104,8,3173.337359
104,8,3173.337359
104,8,3173.337359
104,8,3173.337359
104,8,3173.337359
104,8,3173.337359
104,8,3173.337359
104,8,3173.337359
104,8,3173.337359
104,8,3173.337359
104,8,3173.337359
104,8,3173.337359
104,8,3173.337359
104,8,3173.337359
104,9,2720.378014
104,10,2687.406562
104,10,2687.406562
104,11,2616.166878
104,11,2616.166878
104,11,2616.166878
104,11,2616.166878
104,12,2596.841170
104,12,2596.841170
104,13,2536.641817
104,14,2507.234589
104,14,2507.234589
104,14,2507.234589
104,15,2470.825182
104,15,2470.825182
104,15,2470.825182
104,15,2470.825182
104,15,2470.825182
104,15,2470.825182
104,15,2470.825182
104,16,2451.093089
104,16,2451.093089
104,16,2451.093089
104,18,2450.708196
104,18,2450.708196
104,18,2450.708196
104,18,2450.708196
104,18,2450.708196
104,18,2450.708196
104,18,2450.708196
104,18,2450.708196
104,18,2450.708196
104,18,2450.708196
104,18,2450.708196
104,18,2450.708196
104,18,2450.708196
104,18,2450.708196
104,18,2450.708196
104,18,2450.708196
104,18,2450.708196
104,18,2450.708196
104,18,2450.708196
104,18,2450.708196
104,19,2449.817478
104,19,2449.817478
104,19,2449.817478
104,19,2449.817478
104,19,2449.817478
104,19,2449.817478
104,19,2449.817478
104,19,2449.817478
104,19,2449.817478
104,19,2449.817478
104,19,2449.817478
104,19,2449.817478
104,19,2449.817478
104,19,2449.817478
104,19,2449.817478
104,19,2449.817478
104,19,2449.817478
104,19,2449.817478
104,19,2449.817478
104,19,2449.817478
104,19,2449.817478
104,19,2449.817478
104,19,2449.817478
104,19,2449.817478
104,19,2449.817478
104,19,2449.817478
104,19,2449.817478
104,19,2449.817478
104,19,2449.817478
104,19,2449.817478
104,19,2449.817478
104,19,2449.817478
104,20,2442.004066
104,20,2442.004066
104,20,2442.004066
104,20,2442.004066
104,20,2442.004066
104,20,2442.004066
104,20,2442.004066
104,20,2442.004066
104,20,2442.004066
104,20,2442.004066
104,20,2442.004066
104,20,2442.004066
104,20,2442.004066
104,20,2442.004066
104,20,2442.004066
104,20,2442.004066
104,20,2442.004066
104,20,2442.004066
104,20,2442.004066
104,20,2442.004066
104,20,2442.004066
104,20,2442.004066
104,20,2442.004066
104,20,2442.004066
104,20,2442.004066
104,22,2440.598105
104,22,2440.598105
104,22,2440.598105
104,22,2440.598105
104,22,2440.598105
104,22,2440.598105
104,22,2440.598105
104,22,2440.598105
105,6,4374.208023
105,7,4216.342142
105,7,4216.342142
105,7,4216.342142
105,7,4216.342142
105,7,4216.342142
105,7,4216.342142
105,7,4216.342142
105,7,4216.342142
105,7,4216.342142
105,7,4216.342142
105,7,4216.342142
105,7,4216.342142
105,7,4216.342142
105,7,4216.342142
105,8,3173.337359
105,8,3173.337359
105,8,3173.337359
105,8,3173.337359
105,8,3173.337359
105,8,3173.337359
105,8,3173.337359
105,8,3173.337359
105,8,3173.337359
105,8,3173.337359
105,8,3173.337359
105,8,3173.337359
105,8,3173.337359
105,8,3173.337359
105,8,3173.337359
105,8,3173.337359
105,9,2720.378014
105,9,2720.378014
105,10,2687.406562
105,10,2687.406562
105,10,2687.406562
105,11,2616.166878
105,11,2616.166878
105,11,2616.166878
105,11,2616.166878
105,11,2616.166878
105,12,2596.841170
105,12,2596.841170
105,12,2596.841170
105,13,2536.641817
105,13,2536.641817
105,14,2472.452000
105,15,2470.825182
105,15,2470.825182
105,15,2470.825182
105,15,2470.825182
105,15,2470.825182
105,15,2470.825182
105,15,2470.825182
105,15,2470.825182
105,16,2451.093089
105,16,2451.093089
105,16,2451.093089
105,16,2451.093089
105,18,2450.708196
105,18,2450.708196
105,18,2450.708196
105,18,2450.708196
105,18,2450.708196
105,18,2450.708196
105,18,2450.708196
105,18,2450.708196
105,18,2450.708196
105,18,2450.708196
105,18,2450.708196
105,18,2450.708196
105,18,2450.708196
105,18,2450.708196
105,18,2450.708196
105,18,2450.708196
105,18,2450.708196
105,18,2450.708196
105,18,2450.708196
105,18,2450.708196
105,18,2450.708196
105,19,2449.817478
105,20,2442.004066
105,20,2442.004066
105,20,2442.004066
105,20,2442.004066
105,20,2442.004066
105,20,2442.004066
105,20,2442.004066
105,20,2442.004066
105,20,2442.004066
105,20,2442.004066
105,20,2442.004066
105,20,2442.004066
105,20,2442.004066
105,20,2442.004066
105,20,2442.004066
105,20,2442.004066
105,20,2442.004066
105,20,2442.004066
105,20,2442.004066
105,20,2442.004066
105,20,2442.004066
105,20,2442.004066
105,20,2442.004066
105,20,2442.004066
105,20,2442.004066
105,20,2442.004066
105,22,2435.974905
106,6,4374.208023
106,6,4374.208023
106,7,4216.342142
106,7,4216.342142
106,7,4216.342142
106,7,4216.342142
106,7,4216.342142
106,7,4216.342142
106,7,4216.342142
106,7,4216.342142
106,7,4216.342142
106,7,4216.342142
106,7,4216.342142
106,7,4216.342142
106,7,4216.342142
106,7,4216.342142
106,7,4216.342142
106,8,3173.337359
106,8,3173.337359
106,8,3173.337359
106,8,3173.337359
106,8,3173.337359
106,8,3173.337359
106,8,3173.337359
106,8,3173.337359
106,8,3173.337359
106,8,3173.337359
106,8,3173.337359
106,8,3173.337359
106,8,3173.337359
106,8,3173.337359
106,8,3173.337359
106,8,3173.337359
106,8,3173.337359
106,8,3173.337359
106,9,2719.484748
106,10,2687.406562
106,10,2687.406562
106,10,2687.406562
106,10,2687.406562
106,11,2616.166878
106,11,2616.166878
106,11,2616.166878
106,11,2616.166878
106,11,2616.166878
106,11,2616.166878
106,12,2523.511463
106,14,2472.452000
106,14,2472.452000
106,15,2470.825182
106,15,2470.825182
106,15,2470.825182
106,15,2470.825182
106,15,2470.825182
106,15,2470.825182
106,15,2470.825182
106,15,2470.825182
106,15,2470.825182
106,16,2451.093089
106,16,2451.093089
106,16,2451.093089
106,16,2451.093089
106,16,2451.093089
106,17,2426.272828
106,18,2417.596876
107,6,4335.556947
107,7,4216.342142
107,7,4216.342142
107,7,4216.342142
107,7,4216.342142
107,7,4216.342142
107,7,4216.342142
107,7,4216.342142
107,7,4216.342142
107,7,4216.342142
107,7,4216.342142
107,7,4216.342142
107,7,4216.342142
107,7,4216.342142
107,7,4216.342142
107,7,4216.342142
107,7,4216.342142
107,8,3173.337359
107,8,3173.337359
107,8,3173.337359
107,8,3173.337359
107,8,3173.337359
107,8,3173.337359
107,8,3173.337359
107,8,3173.337359
107,8,3173.337359
107,8,3173.337359
107,8,3173.337359
107,8,3173.337359
107,8,3173.337359
107,8,3173.337359
107,8,3173.337359
107,8,3173.337359
107,8,3173.337359
107,8,3173.337359
107,8,3173.337359
107,8,3173.337359
107,9,2719.484748
107,9,2719.484748
107,10,2687.406562
107,10,2687.406562
107,10,2687.406562
107,10,2687.406562
107,10,2687.406562
107,11,2616.166878
107,11,2616.166878
107,11,2616.166878
107,11,2616.166878
107,11,2616.166878
107,11,2616.166878
107,11,2616.166878
107,12,2523.511463
107,12,2523.511463
107,14,2472.452000
107,14,2472.452000
107,14,2472.452000
107,15,2470.825182
107,15,2470.825182
107,15,2470.825182
107,15,2470.825182
107,15,2470.825182
107,15,2470.825182
107,15,2470.825182
107,15,2470.825182
107,15,2470.825182
107,15,2470.825182
107,16,2451.093089
107,16,2451.093089
107,16,2451.093089
107,16,2451.093089
107,16,2451.093089
107,16,2451.093089
107,17,2426.272828
107,17,2426.272828
107,18,2417.596876
107,18,2417.596876
108,6,4335.556947
108,6,4335.556947
108,7,4178.613131
108,8,3173.337359
108,8,3173.337359
108,8,3173.337359
108,8,3173.337359
108,8,3173.337359
108,8,3173.337359
108,8,3173.337359
108,8,3173.337359
108,8,3173.337359
108,8,3173.337359
108,8,3173.337359
108,8,3173.337359
108,8,3173.337359
108,8,3173.337359
108,8,3173.337359
108,8,3173.337359
108,8,3173.337359
108,8,3173.337359
108,8,3173.337359
108,8,3173.337359
108,8,3173.337359
108,8,3173.337359
108,9,2719.484748
108,9,2719.484748
108,9,2719.484748
108,10,2687.406562
108,10,2687.406562
108,10,2687.406562
108,10,2687.406562
108,10,2687.406562
108,10,2687.406562
108,11,2616.166878
108,11,2616.166878
108,11,2616.166878
108,11,2616.166878
108,11,2616.166878
108,11,2616.166878
108,11,2616.166878
108,11,2616.166878
108,12,2523.511463
108,12,2523.511463
108,12,2523.511463
108,13,2492.990815
108,14,2472.452000
108,14,2472.452000
108,14,2472.452000
108,14,2472.452000
108,15,2470.825182
108,15,2470.825182
108,15,2470.825182
108,15,2470.825182
108,15,2470.825182
108,15,2470.825182
108,15,2470.825182
108,15,2470.825182
108,15,2470.825182
108,15,2470.825182
108,15,2470.825182
108,16,2451.093089
108,16,2451.093089
108,16,2451.093089
108,16,2451.093089
108,16,2451.093089
108,16,2451.093089
108,16,2451.093089
108,17,2426.272828
108,17,2426.272828
108,17,2426.272828
108,18,2417.596876
108,18,2417.596876
108,18,2417.596876
109,6,4335.556947
109,6,4335.556947
109,6,4335.556947
109,7,4178.613131
109,7,4178.613131
109,8,3173.337359
109,8,3173.337359
109,8,3173.337359
109,8,3173.337359
109,8,3173.337359
109,8,3173.337359
109,8,3173.337359
109,8,3173.337359
109,8,3173.337359
109,8,3173.337359
109,8,3173.337359
109,8,3173.337359
109,8,3173.337359
109,8,3173.337359
109,8,3173.337359
109,8,3173.337359
109,8,3173.337359
109,8,3173.337359
109,8,3173.337359
109,8,3173.337359
109,8,3173.337359
109,8,3173.337359
109,8,3173.337359
109,8,3173.337359
109,9,2719.484748
109,9,2719.484748
109,9,2719.484748
109,9,2719.484748
109,10,2687.406562
109,10,2687.406562
109,10,2687.406562
109,10,2687.406562
109,10,2687.406562
109,10,2687.406562
109,10,2687.406562
109,11,2566.499070
109,12,2523.511463
109,12,2523.511463
109,12,2523.511463
109,12,2523.511463
109,13,2492.990815
109,13,2492.990815
109,14,2472.452000
109,14,2472.452000
109,14,2472.452000
109,14,2472.452000
109,14,2472.452000
109,15,2443.054675
109,17,2426.272828
109,17,2426.272828
109,17,2426.272828
109,17,2426.272828
109,18,2417.596876
109,18,2417.596876
109,18,2417.596876
109,18,2417.596876
110,6,4335.556947
110,6,4335.556947
110,6,4335.556947
110,6,4335.556947
110,7,4177.479931
110,8,3124.402137
110,9,2719.484748
110,9,2719.484748
110,9,2719.484748
110,9,2719.484748
110,9,2719.484748
110,10,2533.647735
110,12,2523.511463
110,12,2523.511463
110,12,2523.511463
110,12,2523.511463
110,12,2523.511463
110,13,2482.774849
110,14,2472.452000
110,14,2472.452000
110,14,2472.452000
110,14,2472.452000
110,14,2472.452000
110,14,2472.452000
110,15,2443.054675
110,15,2443.054675
110,17,2426.272828
110,17,2426.272828
110,17,2426.272828
110,17,2426.272828
110,17,2426.272828
110,18,2417.596876
110,18,2417.596876
110,18,2417.596876
110,18,2417.596876
110,18,2417.596876
111,6,4247.493020
111,7,4177.479931
111,7,4177.479931
111,8,3124.402137
111,8,3124.402137
111,9,2719.484748
111,9,2719.484748
111,9,2719.484748
111,9,2719.484748
111,9,2719.484748
111,9,2719.484748
111,10,2533.647735
111,10,2533.647735
111,12,2523.511463
111,12,2523.511463
111,12,2523.511463
111,12,2523.511463
111,12,2523.511463
111,12,2523.511463
111,13,2479.760154
111,14,2472.182343
111,15,2443.054675
111,15,2443.054675
111,15,2443.054675
111,17,2426.272828
111,17,2426.272828
111,17,2426.272828
111,17,2426.272828
111,17,2426.272828
111,17,2426.272828
111,18,2410.279325
112,6,4247.493020
112,6,4247.493020
112,7,4177.479931
112,7,4177.479931
112,7,4177.479931
112,8,3124.402137
112,8,3124.402137
112,8,3124.402137
112,9,2719.484748
112,9,2719.484748
112,9,2719.484748
112,9,2719.484748
112,9,2719.484748
112,9,2719.484748
112,9,2719.484748
112,10,2533.647735
112,10,2533.647735
112,10,2533.647735
112,12,2523.511463
112,12,2523.511463
112,12,2523.511463
112,12,2523.511463
112,12,2523.511463
112,12,2523.511463
112,12,2523.511463
112,13,2479.760154
112,13,2479.760154
112,14,2472.182343
112,14,2472.182343
112,15,2443.054675
112,15,2443.054675
112,15,2443.054675
112,15,2443.054675
112,17,2414.574837
112,18,2410.279325
112,18,2410.279325
113,6,4247.493020
113,6,4247.493020
113,6,4247.493020
113,7,4177.479931
113,7,4177.479931
113,7,4177.479931
113,7,4177.479931
113,8,3024.959826
113,9,2719.484748
113,9,2719.484748
113,9,2719.484748
113,9,2719.484748
113,9,2719.484748
113,9,2719.484748
113,9,2719.484748
113,9,2719.484748
113,10,2533.647735
113,10,2533.647735
113,10,2533.647735
113,10,2533.647735
113,12,2523.511463
113,12,2523.511463
113,12,2523.511463
113,12,2523.511463
113,12,2523.511463
113,12,2523.511463
113,12,2523.511463
113,12,2523.511463
113,13,2479.760154
113,13,2479.760154
113,13,2479.760154
113,14,2472.182343
113,14,2472.182343
113,14,2472.182343
113,15,2443.054675
113,15,2443.054675
113,15,2443.054675
113,15,2443.054675
113,15,2443.054675
113,16,2425.329834
113,17,2414.574837
113,17,2414.574837
113,18,2410.279325
113,18,2410.279325
113,18,2410.279325
114,6,4247.493020
114,6,4247.493020
114,6,4247.493020
114,6,4247.493020
114,7,4177.479931
114,7,4177.479931
114,7,4177.479931
114,7,4177.479931
114,7,4177.479931
114,8,3024.959826
114,8,3024.959826
114,9,2719.484748
114,9,2719.484748
114,9,2719.484748
114,9,2719.484748
114,9,2719.484748
114,9,2719.484748
114,9,2719.484748
114,9,2719.484748
114,9,2719.484748
114,10,2533.647735
114,10,2533.647735
114,10,2533.647735
114,10,2533.647735
114,10,2533.647735
114,12,2523.511463
114,12,2523.511463
114,12,2523.511463
114,12,2523.511463
114,12,2523.511463
114,12,2523.511463
114,12,2523.511463
114,12,2523.511463
114,12,2523.511463
114,13,2479.760154
114,13,2479.760154
114,13,2479.760154
114,13,2479.760154
114,14,2472.182343
114,14,2472.182343
114,14,2472.182343
114,14,2472.182343
114,15,2443.054675
114,15,2443.054675
114,15,2443.054675
114,15,2443.054675
114,15,2443.054675
114,15,2443.054675
114,16,2425.329834
114,16,2425.329834
114,17,2414.574837
114,17,2414.574837
114,17,2414.574837
114,18,2410.279325
114,18,2410.279325
114,18,2410.279325
114,18,2410.279325
115,6,4247.493020
115,6,4247.493020
115,6,4247.493020
115,6,4247.493020
115,6,4247.493020
115,7,4177.479931
115,7,4177.479931
115,7,4177.479931
115,7,4177.479931
115,7,4177.479931
115,7,4177.479931
115,8,3024.959826
115,8,3024.959826
115,8,3024.959826
115,9,2719.484748
115,9,2719.484748
115,9,2719.484748
115,9,2719.484748
115,9,2719.484748
115,9,2719.484748
115,9,2719.484748
115,9,2719.484748
115,9,2719.484748
115,9,2719.484748
115,10,2533.647735
115,10,2533.647735
115,10,2533.647735
115,10,2533.647735
115,10,2533.647735
115,10,2533.647735
115,12,2445.455416
115,15,2443.054675
115,15,2443.054675
115,15,2443.054675
115,15,2443.054675
115,15,2443.054675
115,15,2443.054675
115,15,2443.054675
115,16,2425.329834
115,16,2425.329834
115,16,2425.329834
115,17,2414.574837
115,17,2414.574837
115,17,2414.574837
115,17,2414.574837
115,18,2410.279325
115,18,2410.279325
115,18,2410.279325
115,18,2410.279325
115,18,2410.279325
115,19,2404.059892
116,6,4247.493020
116,6,4247.493020
116,6,4247.493020
116,6,4247.493020
116,6,4247.493020
116,6,4247.493020
116,7,4177.479931
116,7,4177.479931
116,7,4177.479931
116,7,4177.479931
116,7,4177.479931
116,7,4177.479931
116,7,4177.479931
116,8,3024.959826
116,8,3024.959826
116,8,3024.959826
116,8,3024.959826
116,9,2719.484748
116,9,2719.484748
116,9,2719.484748
116,9,2719.484748
116,9,2719.484748
116,9,2719.484748
116,9,2719.484748
116,9,2719.484748
116,9,2719.484748
116,9,2719.484748
116,9,2719.484748
116,10,2533.647735
116,10,2533.647735
116,10,2533.647735
116,10,2533.647735
116,10,2533.647735
116,10,2533.647735
116,10,2533.647735
116,12,2445.455416
116,12,2445.455416
116,15,2443.054675
116,15,2443.054675
116,15,2443.054675
116,15,2443.054675
116,15,2443.054675
116,15,2443.054675
116,15,2443.054675
116,15,2443.054675
116,16,2413.961018
116,18,2410.279325
116,18,2410.279325
116,18,2410.279325
116,18,2410.279325
116,18,2410.279325
116,18,2410.279325
116,19,2404.059892
116,19,2404.059892
117,6,4247.493020
117,6,4247.493020
117,6,4247.493020
117,6,4247.493020
117,6,4247.493020
117,6,4247.493020
117,6,4247.493020
117,7,4177.479931
117,7,4177.479931
117,7,4177.479931
117,7,4177.479931
117,7,4177.479931
117,7,4177.479931
117,7,4177.479931
117,7,4177.479931
117,8,3024.959826
117,8,3024.959826
117,8,3024.959826
117,8,3024.959826
117,8,3024.959826
117,9,2719.484748
117,9,2719.484748
117,9,2719.484748
117,9,2719.484748
117,9,2719.484748
117,9,2719.484748
117,9,2719.484748
117,9,2719.484748
117,9,2719.484748
117,9,2719.484748
117,9,2719.484748
117,9,2719.484748
117,10,2533.647735
117,10,2533.647735
117,10,2533.647735
117,10,2533.647735
117,10,2533.647735
117,10,2533.647735
117,10,2533.647735
117,10,2533.647735
117,12,2445.455416
117,12,2445.455416
117,12,2445.455416
117,15,2439.782346
117,16,2413.961018
117,16,2413.961018
117,18,2410.279325
117,18,2410.279325
117,18,2410.279325
117,18,2410.279325
117,18,2410.279325
117,18,2410.279325
117,18,2410.279325
117,18,2410.279325
117,19,2404.059892
117,19,2404.059892
117,19,2404.059892
118,6,4247.493020
118,6,4247.493020
118,6,4247.493020
118,6,4247.493020
118,6,4247.493020
118,6,4247.493020
118,6,4247.493020
118,6,4247.493020
118,7,4177.479931
118,7,4177.479931
118,7,4177.479931
118,7,4177.479931
118,7,4177.479931
118,7,4177.479931
118,7,4177.479931
118,7,4177.479931
118,7,4177.479931
118,8,3024.959826
118,8,3024.959826
118,8,3024.959826
118,8,3024.959826
118,8,3024.959826
118,8,3024.959826
118,9,2719.484748
118,9,2719.484748
118,9,2719.484748
118,9,2719.484748
118,9,2719.484748
118,9,2719.484748
118,9,2719.484748
118,9,2719.484748
118,9,2719.484748
118,9,2719.484748
118,9,2719.484748
118,9,2719.484748
118,9,2719.484748
118,10,2533.647735
118,10,2533.647735
118,10,2533.647735
118,10,2533.647735
118,10,2533.647735
118,10,2533.647735
118,10,2533.647735
118,10,2533.647735
118,10,2533.647735
118,12,2445.455416
118,12,2445.455416
118,12,2445.455416
118,12,2445.455416
118,15,2439.782346
118,15,2439.782346
118,16,2413.961018
118,16,2413.961018
118,16,2413.961018
118,18,2410.279325
118,18,2410.279325
118,18,2410.279325
118,18,2410.279325
118,18,2410.279325
118,18,2410.279325
118,18,2410.279325
118,18,2410.279325
118,18,2410.279325
118,18,2410.279325
118,19,2404.059892
118,19,2404.059892
118,19,2404.059892
118,19,2404.059892
119,6,4247.493020
119,6,4247.493020
119,6,4247.493020
119,6,4247.493020
119,6,4247.493020
119,6,4247.493020
119,6,4247.493020
119,6,4247.493020
119,6,4247.493020
119,7,4177.479931
119,7,4177.479931
119,7,4177.479931
119,7,4177.479931
119,7,4177.479931
119,7,4177.479931
119,7,4177.479931
119,7,4177.479931
119,7,4177.479931
119,7,4177.479931
119,8,3024.959826
119,8,3024.959826
119,8,3024.959826
119,8,3024.959826
119,8,3024.959826
119,8,3024.959826
119,8,3024.959826
119,9,2714.971331
119,10,2533.647735
119,10,2533.647735
119,10,2533.647735
119,10,2533.647735
119,10,2533.647735
119,10,2533.647735
119,10,2533.647735
119,10,2533.647735
119,10,2533.647735
119,10,2533.647735
119,12,2445.455416
119,12,2445.455416
119,12,2445.455416
119,12,2445.455416
119,12,2445.455416
119,14,2438.942663
119,16,2413.961018
119,16,2413.961018
119,16,2413.961018
119,16,2413.961018
119,18,2410.279325
119,18,2410.279325
119,18,2410.279325
119,18,2410.279325
119,18,2410.279325
119,18,2410.279325
119,18,2410.279325
119,18,2410.279325
119,18,2410.279325
119,18,2410.279325
119,18,2410.279325
119,18,2410.279325
119,19,2404.059892
119,19,2404.059892
119,19,2404.059892
119,19,2404.059892
119,19,2404.059892
120,6,4247.493020
120,6,4247.493020
120,6,4247.493020
120,6,4247.493020
120,6,4247.493020
120,6,4247.493020
120,6,4247.493020
120,6,4247.493020
120,6,4247.493020
120,6,4247.493020
120,7,4177.479931
120,7,4177.479931
120,7,4177.479931
120,7,4177.479931
120,7,4177.479931
120,7,4177.479931
120,7,4177.479931
120,7,4177.479931
120,7,4177.479931
120,7,4177.479931
120,7,4177.479931
120,8,2946.656156
120,9,2714.971331
120,9,2714.971331
120,10,2533.647735
120,10,2533.647735
120,10,2533.647735
120,10,2533.647735
120,10,2533.647735
120,10,2533.647735
120,10,2533.647735
120,10,2533.647735
120,10,2533.647735
120,10,2533.647735
120,10,2533.647735
120,12,2445.455416
120,12,2445.455416
120,12,2445.455416
120,12,2445.455416
120,12,2445.455416
120,12,2445.455416
120,14,2438.942663
120,14,2438.942663
120,16,2413.961018
120,16,2413.961018
120,16,2413.961018
120,16,2413.961018
120,16,2413.961018
120,18,2410.279325
120,18,2410.279325
120,18,2410.279325
120,18,2410.279325
120,18,2410.279325
120,18,2410.279325
120,18,2410.279325
120,18,2410.279325
120,18,2410.279325
120,18,2410.279325
120,18,2410.279325
120,18,2410.279325
120,18,2410.279325
120,18,2410.279325
120,19,2404.059892
120,19,2404.059892
120,19,2404.059892
120,19,2404.059892
120,19,2404.059892
120,19,2404.059892
121,6,4229.534596
121,7,4177.479931
121,7,4177.479931
121,7,4177.479931
121,7,4177.479931
121,7,4177.479931
121,7,4177.479931
121,7,4177.479931
121,7,4177.479931
121,7,4177.479931
121,7,4177.479931
121,7,4177.479931
121,7,4177.479931
121,8,2946.656156
121,8,2946.656156
121,9,2714.971331
121,9,2714.971331
121,9,2714.971331
121,9,2714.971331
121,10,2533.647735
121,10,2533.647735
121,10,2533.647735
121,10,2533.647735
121,10,2533.647735
121,10,2533.647735
121,10,2533.647735
121,10,2533.647735
121,10,2533.647735
121,10,2533.647735
121,10,2533.647735
121,10,2533.647735
121,12,2445.455416
121,12,2445.455416
121,12,2445.455416
121,12,2445.455416
121,12,2445.455416
121,12,2445.455416
121,12,2445.455416
121,14,2431.072858
121,15,2413.831227
121,18,2410.279325
121,18,2410.279325
121,18,2410.279325
121,18,2410.279325
121,18,2410.279325
121,18,2410.279325
121,18,2410.279325
121,18,2410.279325
121,18,2410.279325
121,18,2410.279325
121,18,2410.279325
121,18,2410.279325
121,18,2410.279325
121,18,2410.279325
121,18,2410.279325
121,18,2410.279325
121,19,2404.059892
121,19,2404.059892
121,19,2404.059892
121,19,2404.059892
121,19,2404.059892
121,19,2404.059892
121,19,2404.059892
122,6,4229.534596
122,6,4229.534596
122,7,4169.463534
122,8,2946.656156
122,8,2946.656156
122,8,2946.656156
122,9,2714.971331
122,9,2714.971331
122,9,2714.971331
122,9,2714.971331
122,9,2714.971331
122,9,2714.971331
122,10,2533.647735
122,10,2533.647735
122,10,2533.647735
122,10,2533.647735
122,10,2533.647735
122,10,2533.647735
122,10,2533.647735
122,10,2533.647735
122,10,2533.647735
122,10,2533.647735
122,10,2533.647735
122,10,2533.647735
122,10,2533.647735
122,12,2445.455416
122,12,2445.455416
122,12,2445.455416
122,12,2445.455416
122,12,2445.455416
122,12,2445.455416
122,12,2445.455416
122,12,2445.455416
122,14,2396.208267
123,6,4229.534596
123,6,4229.534596
123,6,4229.534596
123,7,4128.603685
123,8,2946.656156
123,8,2946.656156
123,8,2946.656156
123,8,2946.656156
123,9,2662.045924
123,10,2533.647735
123,10,2533.647735
123,10,2533.647735
123,10,2533.647735
123,10,2533.647735
123,10,2533.647735
123,10,2533.647735
123,10,2533.647735
123,10,2533.647735
123,10,2533.647735
123,10,2533.647735
123,10,2533.647735
123,10,2533.647735
123,10,2533.647735
123,11,2505.549793
123,12,2445.455416
123,12,2445.455416
123,12,2445.455416
123,12,2445.455416
123,12,2445.455416
123,12,2445.455416
123,12,2445.455416
123,12,2445.455416
123,12,2445.455416
123,14,2396.208267
123,14,2396.208267
124,6,4155.787212
124,7,4126.644091
124,8,2946.656156
124,8,2946.656156
124,8,2946.656156
124,8,2946.656156
124,8,2946.656156
124,9,2609.601901
124,10,2533.647735
124,10,2533.647735
124,10,2533.647735
124,10,2533.647735
124,10,2533.647735
124,10,2533.647735
124,10,2533.647735
124,10,2533.647735
124,10,2533.647735
124,10,2533.647735
124,10,2533.647735
124,10,2533.647735
124,10,2533.647735
124,10,2533.647735
124,10,2533.647735
124,11,2505.549793
124,11,2505.549793
124,12,2445.455416
124,12,2445.455416
124,12,2445.455416
124,12,2445.455416
124,12,2445.455416
124,12,2445.455416
124,12,2445.455416
124,12,2445.455416
124,12,2445.455416
124,12,2445.455416
124,14,2396.208267
124,14,2396.208267
124,14,2396.208267
125,6,4155.787212
125,6,4155.787212
125,7,4126.644091
125,7,4126.644091
125,8,2946.656156
125,8,2946.656156
125,8,2946.656156
125,8,2946.656156
125,8,2946.656156
125,8,2946.656156
125,9,2609.601901
125,9,2609.601901
125,10,2533.647735
125,10,2533.647735
125,10,2533.647735
125,10,2533.647735
125,10,2533.647735
125,10,2533.647735
125,10,2533.647735
125,10,2533.647735
125,10,2533.647735
125,10,2533.647735
125,10,2533.647735
125,10,2533.647735
125,10,2533.647735
125,10,2533.647735
125,10,2533.647735
125,10,2533.647735
125,10,2533.647735
125,11,2505.549793
125,11,2505.549793
125,11,2505.549793
125,12,2445.455416
125,12,2445.455416
125,12,2445.455416
125,12,2445.455416
125,12,2445.455416
125,12,2445.455416
125,12,2445.455416
125,12,2445.455416
125,12,2445.455416
125,12,2445.455416
125,12,2445.455416
125,13,2436.503217
125,14,2396.208267
125,14,2396.208267
125,14,2396.208267
125,14,2396.208267
126,6,4155.787212
126,6,4155.787212
126,6,4155.787212
126,7,4081.454107
126,8,2946.656156
126,8,2946.656156
126,8,2946.656156
126,8,2946.656156
126,8,2946.656156
126,8,2946.656156
126,8,2946.656156
126,9,2609.601901
126,9,2609.601901
126,9,2609.601901
126,10,2533.647735
126,10,2533.647735
126,10,2533.647735
126,10,2533.647735
126,10,2533.647735
126,10,2533.647735
126,10,2533.647735
126,10,2533.647735
126,10,2533.647735
126,10,2533.647735
126,10,2533.647735
126,10,2533.647735
126,10,2533.647735
126,10,2533.647735
126,10,2533.647735
126,10,2533.647735
126,10,2533.647735
126,10,2533.647735
126,10,2533.647735
126,11,2505.549793
126,11,2505.549793
126,11,2505.549793
126,11,2505.549793
126,12,2445.455416
126,12,2445.455416
126,12,2445.455416
126,12,2445.455416
126,12,2445.455416
126,12,2445.455416
126,12,2445.455416
126,12,2445.455416
126,12,2445.455416
126,12,2445.455416
126,12,2445.455416
126,12,2445.455416
126,13,2436.503217
126,13,2436.503217
126,14,2396.208267
126,14,2396.208267
126,14,2396.208267
126,14,2396.208267
126,14,2396.208267
127,6,4155.787212
127,6,4155.787212
127,6,4155.787212
127,6,4155.787212
127,7,4081.454107
127,7,4081.454107
127,8,2943.779145
127,9,2609.601901
127,9,2609.601901
127,9,2609.601901
127,9,2609.601901
127,10,2533.647735
127,10,2533.647735
127,10,2533.647735
127,10,2533.647735
127,10,2533.647735
127,10,2533.647735
127,10,2533.647735
127,10,2533.647735
127,10,2533.647735
127,10,2533.647735
127,10,2533.647735
127,10,2533.647735
127,10,2533.647735
127,10,2533.647735
127,10,2533.647735
127,10,2533.647735
127,10,2533.647735
127,10,2533.647735
127,10,2533.647735
127,10,2533.647735
127,10,2533.647735
127,11,2495.929500
127,12,2445.455416
127,12,2445.455416
127,12,2445.455416
127,12,2445.455416
127,12,2445.455416
127,12,2445.455416
127,12,2445.455416
127,12,2445.455416
127,12,2445.455416
127,12,2445.455416
127,12,2445.455416
127,12,2445.455416
127,12,2445.455416
127,13,2436.503217
127,13,2436.503217
127,13,2436.503217
127,14,2396.208267
127,14,2396.208267
127,14,2396.208267
127,14,2396.208267
127,14,2396.208267
127,14,2396.208267
128,6,4155.787212
128,6,4155.787212
128,6,4155.787212
128,6,4155.787212
128,6,4155.787212
128,7,4015.362614
128,8,2943.779145
128,8,2943.779145
128,9,2609.601901
128,9,2609.601901
128,9,2609.601901
128,9,2609.601901
128,9,2609.601901
128,10,2533.647735
128,10,2533.647735
128,10,2533.647735
128,10,2533.647735
128,10,2533.647735
128,10,2533.647735
128,10,2533.647735
128,10,2533.647735
128,10,2533.647735
128,10,2533.647735
128,10,2533.647735
128,10,2533.647735
128,10,2533.647735
128,10,2533.647735
128,10,2533.647735
128,10,2533.647735
128,10,2533.647735
128,10,2533.647735
128,10,2533.647735
128,10,2533.647735
128,10,2533.647735
128,10,2533.647735
128,10,2533.647735
128,11,2495.929500
128,11,2495.929500
128,11,2495.929500
128,12,2445.455416
128,12,2445.455416
128,12,2445.455416
128,12,2445.455416
128,12,2445.455416
128,12,2445.455416
128,12,2445.455416
128,12,2445.455416
128,12,2445.455416
128,12,2445.455416
128,12,2445.455416
128,12,2445.455416
128,12,2445.455416
128,12,2445.455416
128,13,2431.197352
128,14,2396.208267
128,14,2396.208267
128,14,2396.208267
128,14,2396.208267
128,14,2396.208267
128,14,2396.208267
128,14,2396.208267
129,6,4155.787212
129,6,4155.787212
129,6,4155.787212
129,6,4155.787212
129,6,4155.787212
129,6,4155.787212
129,7,4015.362614
129,7,4015.362614
129,8,2900.536976
129,9,2609.601901
129,9,2609.601901
129,9,2609.601901
129,9,2609.601901
129,9,2609.601901
129,9,2609.601901
129,10,2533.647735
129,10,2533.647735
129,10,2533.647735
129,10,2533.647735
129,10,2533.647735
129,10,2533.647735
129,10,2533.647735
129,10,2533.647735
129,10,2533.647735
129,10,2533.647735
129,10,2533.647735
129,10,2533.647735
129,10,2533.647735
129,10,2533.647735
129,10,2533.647735
129,10,2533.647735
129,10,2533.647735
129,10,2533.647735
129,10,2533.647735
129,10,2533.647735
129,10,2533.647735
129,10,2533.647735
129,10,2533.647735
129,10,2533.647735
129,10,2533.647735
129,10,2533.647735
129,11,2490.101770
129,12,2445.455416
129,12,2445.455416
129,12,2445.455416
129,12,2445.455416
129,12,2445.455416
129,12,2445.455416
129,12,2445.455416
129,12,2445.455416
129,12,2445.455416
129,12,2445.455416
129,12,2445.455416
129,12,2445.455416
129,12,2445.455416
129,12,2445.455416
129,12,2445.455416
129,13,2431.197352
129,13,2431.197352
129,14,2396.208267
129,14,2396.208267
129,14,2396.208267
129,14,2396.208267
129,14,2396.208267
129,14,2396.208267
129,14,2396.208267
129,14,2396.208267
130,6,4155.787212
130,6,4155.787212
130,6,4155.787212
130,6,4155.787212
130,6,4155.787212
130,6,4155.787212
130,6,4155.787212
130,7,4015.362614
130,7,4015.362614
130,7,4015.362614
130,8,2900.536976
130,8,2900.536976
130,9,2609.601901
130,9,2609.601901
130,9,2609.601901
130,9,2609.601901
130,9,2609.601901
130,9,2609.601901
130,9,2609.601901
130,10,2533.647735
130,10,2533.647735
130,10,2533.647735
130,10,2533.647735
130,10,2533.647735
130,10,2533.647735
130,10,2533.647735
130,10,2533.647735
130,10,2533.647735
130,10,2533.647735
130,10,2533.647735
130,10,2533.647735
130,10,2533.647735
130,10,2533.647735
130,10,2533.647735
130,10,2533.647735
130,10,2533.647735
130,10,2533.647735
130,10,2533.647735
130,10,2533.647735
130,10,2533.647735
130,10,2533.647735
130,10,2533.647735
130,10,2533.647735
130,10,2533.647735
130,10,2533.647735
130,10,2533.647735
130,10,2533.647735
130,10,2533.647735
130,11,2490.101770
130,11,2490.101770
130,12,2445.455416
130,12,2445.455416
130,12,2445.455416
130,12,2445.455416
130,12,2445.455416
130,12,2445.455416
130,12,2445.455416
130,12,2445.455416
130,12,2445.455416
130,12,2445.455416
130,12,2445.455416
130,12,2445.455416
130,12,2445.455416
130,12,2445.455416
130,12,2445.455416
130,12,2445.455416
130,13,2431.197352
130,13,2431.197352
130,13,2431.197352
130,14,2396.208267
130,14,2396.208267
130,14,2396.208267
130,14,2396.208267
130,14,2396.208267
130,14,2396.208267
130,14,2396.208267
130,14,2396.208267
130,14,2396.208267
130,15,2390.032324
131,6,4143.585926
131,7,4015.362614
131,7,4015.362614
131,7,4015.362614
131,7,4015.362614
131,8,2900.536976
131,8,2900.536976
131,8,2900.536976
131,9,2609.601901
131,9,2609.601901
131,9,2609.601901
131,9,2609.601901
131,9,2609.601901
131,9,2609.601901
131,9,2609.601901
131,9,2609.601901
131,10,2533.647735
131,10,2533.647735
131,10,2533.647735
131,10,2533.647735
131,10,2533.647735
131,10,2533.647735
131,10,2533.647735
131,10,2533.647735
131,10,2533.647735
131,10,2533.647735
131,10,2533.647735
131,10,2533.647735
131,10,2533.647735
131,10,2533.647735
131,10,2533.647735
131,10,2533.647735
131,10,2533.647735
131,10,2533.647735
131,10,2533.647735
131,10,2533.647735
131,10,2533.647735
131,10,2533.647735
131,10,2533.647735
131,10,2533.647735
131,10,2533.647735
131,10,2533.647735
131,10,2533.647735
131,10,2533.647735
131,10,2533.647735
131,10,2533.647735
131,10,2533.647735
131,10,2533.647735
131,11,2490.101770
131,11,2490.101770
131,11,2490.101770
131,12,2445.455416
131,12,2445.455416
131,12,2445.455416
131,12,2445.455416
131,12,2445.455416
131,12,2445.455416
131,12,2445.455416
131,12,2445.455416
131,12,2445.455416
131,12,2445.455416
131,12,2445.455416
131,12,2445.455416
131,12,2445.455416
131,12,2445.455416
131,12,2445.455416
131,12,2445.455416
131,12,2445.455416
131,13,2431.197352
131,13,2431.197352
131,13,2431.197352
131,13,2431.197352
131,14,2396.208267
131,14,2396.208267
131,14,2396.208267
131,14,2396.208267
131,14,2396.208267
131,14,2396.208267
131,14,2396.208267
131,14,2396.208267
131,14,2396.208267
131,14,2396.208267
131,15,2390.032324
131,15,2390.032324
132,6,4132.269009
132,7,4015.362614
132,7,4015.362614
132,7,4015.362614
132,7,4015.362614
132,7,4015.362614
132,8,2900.536976
132,8,2900.536976
132,8,2900.536976
132,8,2900.536976
132,9,2579.741707
132,10,2502.727480
132,11,2490.101770
132,11,2490.101770
132,11,2490.101770
132,11,2490.101770
132,12,2445.455416
132,12,2445.455416
132,12,2445.455416
132,12,2445.455416
132,12,2445.455416
132,12,2445.455416
132,12,2445.455416
132,12,2445.455416
132,12,2445.455416
132,12,2445.455416
132,12,2445.455416
132,12,2445.455416
132,12,2445.455416
132,12,2445.455416
132,12,2445.455416
132,12,2445.455416
132,12,2445.455416
132,12,2445.455416
132,13,2431.197352
132,13,2431.197352
132,13,2431.197352
132,13,2431.197352
132,13,2431.197352
132,14,2396.208267
132,14,2396.208267
132,14,2396.208267
132,14,2396.208267
132,14,2396.208267
132,14,2396.208267
132,14,2396.208267
132,14,2396.208267
132,14,2396.208267
132,14,2396.208267
132,14,2396.208267
132,15,2390.032324
132,15,2390.032324
132,15,2390.032324
133,6,4132.269009
133,6,4132.269009
133,7,4015.362614
133,7,4015.362614
133,7,4015.362614
133,7,4015.362614
133,7,4015.362614
133,7,4015.362614
133,8,2900.536976
133,8,2900.536976
133,8,2900.536976
133,8,2900.536976
133,8,2900.536976
133,9,2579.741707
133,9,2579.741707
133,10,2502.727480
133,10,2502.727480
133,11,2490.101770
133,11,2490.101770
133,11,2490.101770
133,11,2490.101770
133,11,2490.101770
133,12,2445.455416
133,12,2445.455416
133,12,2445.455416
133,12,2445.455416
133,12,2445.455416
133,12,2445.455416
133,12,2445.455416
133,12,2445.455416
133,12,2445.455416
133,12,2445.455416
133,12,2445.455416
133,12,2445.455416
133,12,2445.455416
133,12,2445.455416
133,12,2445.455416
133,12,2445.455416
133,12,2445.455416
133,12,2445.455416
133,12,2445.455416
133,13,2431.197352
133,13,2431.197352
133,13,2431.197352
133,13,2431.197352
133,13,2431.197352
133,13,2431.197352
133,14,2396.208267
133,14,2396.208267
133,14,2396.208267
133,14,2396.208267
133,14,2396.208267
133,14,2396.208267
133,14,2396.208267
133,14,2396.208267
133,14,2396.208267
133,14,2396.208267
133,14,2396.208267
133,14,2396.208267
133,15,2390.032324
133,15,2390.032324
133,15,2390.032324
133,15,2390.032324
134,6,4132.269009
134,6,4132.269009
134,6,4132.269009
134,7,4015.362614
134,7,4015.362614
134,7,4015.362614
134,7,4015.362614
134,7,4015.362614
134,7,4015.362614
134,7,4015.362614
134,8,2900.536976
134,8,2900.536976
134,8,2900.536976
134,8,2900.536976
134,8,2900.536976
134,8,2900.536976
134,9,2579.741707
134,9,2579.741707
134,9,2579.741707
134,10,2502.119208
134,11,2490.101770
134,11,2490.101770
134,11,2490.101770
134,11,2490.101770
134,11,2490.101770
134,11,2490.101770
134,12,2445.455416
134,12,2445.455416
134,12,2445.455416
134,12,2445.455416
134,12,2445.455416
134,12,2445.455416
134,12,2445.455416
134,12,2445.455416
134,12,2445.455416
134,12,2445.455416
134,12,2445.455416
134,12,2445.455416
134,12,2445.455416
134,12,2445.455416
134,12,2445.455416
134,12,2445.455416
134,12,2445.455416
134,12,2445.455416
134,12,2445.455416
134,12,2445.455416
134,13,2431.197352
134,13,2431.197352
134,13,2431.197352
134,13,2431.197352
134,13,2431.197352
134,13,2431.197352
134,13,2431.197352
134,14,2396.208267
134,14,2396.208267
134,14,2396.208267
134,14,2396.208267
134,14,2396.208267
134,14,2396.208267
134,14,2396.208267
134,14,2396.208267
134,14,2396.208267
134,14,2396.208267
134,14,2396.208267
134,14,2396.208267
134,14,2396.208267
134,15,2390.032324
134,15,2390.032324
134,15,2390.032324
134,15,2390.032324
134,15,2390.032324
134,17,2389.293154
135,6,4132.269009
135,6,4132.269009
135,6,4132.269009
135,6,4132.269009
135,7,4015.362614
135,7,4015.362614
135,7,4015.362614
135,7,4015.362614
135,7,4015.362614
135,7,4015.362614
135,7,4015.362614
135,7,4015.362614
135,8,2900.536976
135,8,2900.536976
135,8,2900.536976
135,8,2900.536976
135,8,2900.536976
135,8,2900.536976
135,8,2900.536976
135,9,2579.741707
135,9,2579.741707
135,9,2579.741707
135,9,2579.741707
135,10,2502.119208
135,10,2502.119208
135,11,2490.101770
135,11,2490.101770
135,11,2490.101770
135,11,2490.101770
135,11,2490.101770
135,11,2490.101770
135,11,2490.101770
135,12,2445.455416
135,12,2445.455416
135,12,2445.455416
135,12,2445.455416
135,12,2445.455416
135,12,2445.455416
135,12,2445.455416
135,12,2445.455416
135,12,2445.455416
135,12,2445.455416
135,12,2445.455416
135,12,2445.455416
135,12,2445.455416
135,12,2445.455416
135,12,2445.455416
135,12,2445.455416
135,12,2445.455416
135,12,2445.455416
135,12,2445.455416
135,12,2445.455416
135,12,2445.455416
135,13,2408.933780
135,14,2396.208267
135,14,2396.208267
135,14,2396.208267
135,14,2396.208267
135,14,2396.208267
135,14,2396.208267
135,14,2396.208267
135,14,2396.208267
135,14,2396.208267
135,14,2396.208267
135,14,2396.208267
135,14,2396.208267
135,14,2396.208267
135,14,2396.208267
135,15,2390.032324
135,15,2390.032324
135,15,2390.032324
135,15,2390.032324
135,15,2390.032324
135,15,2390.032324
135,17,2389.293154
135,17,2389.293154
136,6,4132.269009
136,6,4132.269009
136,6,4132.269009
136,6,4132.269009
136,6,4132.269009
136,7,4015.362614
136,7,4015.362614
136,7,4015.362614
136,7,4015.362614
136,7,4015.362614
136,7,4015.362614
136,7,4015.362614
136,7,4015.362614
136,7,4015.362614
136,8,2900.536976
136,8,2900.536976
136,8,2900.536976
136,8,2900.536976
136,8,2900.536976
136,8,2900.536976
136,8,2900.536976
136,8,2900.536976
136,9,2579.741707
136,9,2579.741707
136,9,2579.741707
136,9,2579.741707
136,9,2579.741707
136,10,2502.119208
136,10,2502.119208
136,10,2502.119208
136,11,2490.101770
136,11,2490.101770
136,11,2490.101770
136,11,2490.101770
136,11,2490.101770
136,11,2490.101770
136,11,2490.101770
136,11,2490.101770
136,12,2427.110490
136,13,2408.933780
136,13,2408.933780
136,14,2396.208267
136,14,2396.208267
136,14,2396.208267
136,14,2396.208267
136,14,2396.208267
136,14,2396.208267
136,14,2396.208267
136,14,2396.208267
136,14,2396.208267
136,14,2396.208267
136,14,2396.208267
136,14,2396.208267
136,14,2396.208267
136,14,2396.208267
136,14,2396.208267
136,15,2390.032324
136,15,2390.032324
136,15,2390.032324
136,15,2390.032324
136,15,2390.032324
136,15,2390.032324
136,15,2390.032324
136,17,2389.293154
136,17,2389.293154
136,17,2389.293154
137,6,4132.269009
137,6,4132.269009
137,6,4132.269009
137,6,4132.269009
137,6,4132.269009
137,6,4132.269009
137,7,3905.962112
137,8,2754.940880
137,9,2579.741707
137,9,2579.741707
137,9,2579.741707
137,9,2579.741707
137,9,2579.741707
137,9,2579.741707
137,10,2502.119208
137,10,2502.119208
137,10,2502.119208
137,10,2502.119208
137,11,2490.101770
137,11,2490.101770
137,11,2490.101770
137,11,2490.101770
137,11,2490.101770
137,11,2490.101770
137,11,2490.101770
137,11,2490.101770
137,11,2490.101770
137,12,2427.110490
137,12,2427.110490
137,13,2408.933780
137,13,2408.933780
137,13,2408.933780
137,14,2396.208267
137,14,2396.208267
137,14,2396.208267
137,14,2396.208267
137,14,2396.208267
137,14,2396.208267
137,14,2396.208267
137,14,2396.208267
137,14,2396.208267
137,14,2396.208267
137,14,2396.208267
137,14,2396.208267
137,14,2396.208267
137,14,2396.208267
137,14,2396.208267
137,14,2396.208267
137,15,2390.032324
137,15,2390.032324
137,15,2390.032324
137,15,2390.032324
137,15,2390.032324
137,15,2390.032324
137,15,2390.032324
137,15,2390.032324
137,17,2373.966384
138,6,4102.831431
138,7,3905.962112
138,7,3905.962112
138,8,2754.940880
138,8,2754.940880
138,8,2754.940880
138,9,2579.741707
138,9,2579.741707
138,9,2579.741707
138,9,2579.741707
138,9,2579.741707
138,9,2579.741707
138,9,2579.741707
138,10,2502.119208
138,10,2502.119208
138,10,2502.119208
138,10,2502.119208
138,10,2502.119208
138,11,2490.101770
138,11,2490.101770
138,11,2490.101770
138,11,2490.101770
138,11,2490.101770
138,11,2490.101770
138,11,2490.101770
138,11,2490.101770
138,11,2490.101770
138,11,2490.101770
138,12,2427.110490
138,12,2427.110490
138,12,2427.110490
138,13,2408.933780
138,13,2408.933780
138,13,2408.933780
138,13,2408.933780
138,14,2396.208267
138,14,2396.208267
138,14,2396.208267
138,14,2396.208267
138,14,2396.208267
138,14,2396.208267
138,14,2396.208267
138,14,2396.208267
138,14,2396.208267
138,14,2396.208267
138,14,2396.208267
138,14,2396.208267
138,14,2396.208267
138,14,2396.208267
138,14,2396.208267
138,14,2396.208267
138,14,2396.208267
138,15,2356.719178
139,6,4102.831431
139,6,4102.831431
139,7,3905.962112
139,7,3905.962112
139,7,3905.962112
139,8,2754.940880
139,8,2754.940880
139,8,2754.940880
139,8,2754.940880
139,8,2754.940880
139,9,2579.741707
139,9,2579.741707
139,9,2579.741707
139,9,2579.741707
139,9,2579.741707
139,9,2579.741707
139,9,2579.741707
139,9,2579.741707
139,10,2502.119208
139,10,2502.119208
139,10,2502.119208
139,10,2502.119208
139,10,2502.119208
139,10,2502.119208
139,11,2490.101770
139,11,2490.101770
139,11,2490.101770
139,11,2490.101770
139,11,2490.101770
139,11,2490.101770
139,11,2490.101770
139,11,2490.101770
139,11,2490.101770
139,11,2490.101770
139,11,2490.101770
139,12,2427.110490
139,12,2427.110490
139,12,2427.110490
139,12,2427.110490
139,13,2408.933780
139,13,2408.933780
139,13,2408.933780
139,13,2408.933780
139,13,2408.933780
139,14,2396.208267
139,14,2396.208267
139,14,2396.208267
139,14,2396.208267
139,14,2396.208267
139,14,2396.208267
139,14,2396.208267
139,14,2396.208267
139,14,2396.208267
139,14,2396.208267
139,14,2396.208267
139,14,2396.208267
139,14,2396.208267
139,14,2396.208267
139,14,2396.208267
139,14,2396.208267
139,14,2396.208267
139,14,2396.208267
139,15,2356.719178
139,15,2356.719178
140,6,4095.877455
140,7,3905.962112
140,7,3905.962112
140,7,3905.962112
140,7,3905.962112
140,8,2754.940880
140,8,2754.940880
140,8,2754.940880
140,8,2754.940880
140,8,2754.940880
140,8,2754.940880
140,8,2754.940880
140,9,2579.741707
140,9,2579.741707
140,9,2579.741707
140,9,2579.741707
140,9,2579.741707
140,9,2579.741707
140,9,2579.741707
140,9,2579.741707
140,9,2579.741707
140,10,2502.119208
140,10,2502.119208
140,10,2502.119208
140,10,2502.119208
140,10,2502.119208
140,10,2502.119208
140,10,2502.119208
140,11,2490.101770
140,11,2490.101770
140,11,2490.101770
140,11,2490.101770
140,11,2490.101770
140,11,2490.101770
140,11,2490.101770
140,11,2490.101770
140,11,2490.101770
140,11,2490.101770
140,11,2490.101770
140,11,2490.101770
140,12,2427.110490
140,12,2427.110490
140,12,2427.110490
140,12,2427.110490
140,12,2427.110490
140,13,2408.933780
140,13,2408.933780
140,13,2408.933780
140,13,2408.933780
140,13,2408.933780
140,13,2408.933780
140,14,2395.530023
140,15,2356.719178
140,15,2356.719178
140,15,2356.719178
141,6,4068.726858
141,7,3905.962112
141,7,3905.962112
141,7,3905.962112
141,7,3905.962112
141,7,3905.962112
141,8,2754.940880
141,8,2754.940880
141,8,2754.940880
141,8,2754.940880
141,8,2754.940880
141,8,2754.940880
141,8,2754.940880
141,8,2754.940880
141,8,2754.940880
141,9,2579.741707
141,9,2579.741707
141,9,2579.741707
141,9,2579.741707
141,9,2579.741707
141,9,2579.741707
141,9,2579.741707
141,9,2579.741707
141,9,2579.741707
141,9,2579.741707
141,10,2489.052645
141,12,2418.153649
141,13,2407.361147
141,14,2395.530023
141,14,2395.530023
141,15,2356.719178
141,15,2356.719178
141,15,2356.719178
141,15,2356.719178
142,6,4068.726858
142,6,4068.726858
142,7,3905.962112
142,7,3905.962112
142,7,3905.962112
142,7,3905.962112
142,7,3905.962112
142,7,3905.962112
142,8,2754.940880
142,8,2754.940880
142,8,2754.940880
142,8,2754.940880
142,8,2754.940880
142,8,2754.940880
142,8,2754.940880
142,8,2754.940880
142,8,2754.940880
142,8,2754.940880
142,8,2754.940880
142,9,2579.741707
142,9,2579.741707
142,9,2579.741707
142,9,2579.741707
142,9,2579.741707
142,9,2579.741707
142,9,2579.741707
142,9,2579.741707
142,9,2579.741707
142,9,2579.741707
142,9,2579.741707
142,10,2489.052645
142,10,2489.052645
142,12,2418.153649
142,12,2418.153649
142,13,2407.361147
142,13,2407.361147
142,14,2360.650958
142,15,2356.719178
142,15,2356.719178
142,15,2356.719178
142,15,2356.719178
142,15,2356.719178
143,6,4068.726858
143,6,4068.726858
143,6,4068.726858
143,7,3905.962112
143,7,3905.962112
143,7,3905.962112
143,7,3905.962112
143,7,3905.962112
143,7,3905.962112
143,7,3905.962112
143,8,2754.940880
143,8,2754.940880
143,8,2754.940880
143,8,2754.940880
143,8,2754.940880
143,8,2754.940880
143,8,2754.940880
143,8,2754.940880
143,8,2754.940880
143,8,2754.940880
143,8,2754.940880
143,8,2754.940880
143,8,2754.940880
143,9,2579.741707
143,9,2579.741707
143,9,2579.741707
143,9,2579.741707
143,9,2579.741707
143,9,2579.741707
143,9,2579.741707
143,9,2579.741707
143,9,2579.741707
143,9,2579.741707
143,9,2579.741707
143,9,2579.741707
143,10,2489.052645
143,10,2489.052645
143,10,2489.052645
143,12,2417.065454
143,13,2407.361147
143,13,2407.361147
143,13,2407.361147
143,14,2360.650958
143,14,2360.650958
143,15,2356.719178
143,15,2356.719178
143,15,2356.719178
143,15,2356.719178
143,15,2356.719178
143,15,2356.719178
144,6,4068.726858
144,6,4068.726858
144,6,4068.726858
144,6,4068.726858
144,7,3905.962112
144,7,3905.962112
144,7,3905.962112
144,7,3905.962112
144,7,3905.962112
144,7,3905.962112
144,7,3905.962112
144,7,3905.962112
144,8,2754.940880
144,8,2754.940880
144,8,2754.940880
144,8,2754.940880
144,8,2754.940880
144,8,2754.940880
144,8,2754.940880
144,8,2754.940880
144,8,2754.940880
144,8,2754.940880
144,8,2754.940880
144,8,2754.940880
144,8,2754.940880
144,8,2754.940880
144,8,2754.940880
144,9,2579.741707
144,9,2579.741707
144,9,2579.741707
144,9,2579.741707
144,9,2579.741707
144,9,2579.741707
144,9,2579.741707
144,9,2579.741707
144,9,2579.741707
144,9,2579.741707
144,9,2579.741707
144,9,2579.741707
144,9,2579.741707
144,10,2489.052645
144,10,2489.052645
144,10,2489.052645
144,10,2489.052645
144,12,2417.065454
144,12,2417.065454
144,13,2392.194381
144,14,2360.650958
144,14,2360.650958
144,14,2360.650958
144,15,2356.719178
144,15,2356.719178
144,15,2356.719178
144,15,2356.719178
144,15,2356.719178
144,15,2356.719178
144,15,2356.719178
145,6,4068.726858
145,6,4068.726858
145,6,4068.726858
145,6,4068.726858
145,6,4068.726858
145,7,3903.347291
145,8,2754.940880
145,8,2754.940880
145,8,2754.940880
145,8,2754.940880
145,8,2754.940880
145,8,2754.940880
145,8,2754.940880
145,8,2754.940880
145,8,2754.940880
145,8,2754.940880
145,8,2754.940880
145,8,2754.940880
145,8,2754.940880
145,8,2754.940880
145,8,2754.940880
145,8,2754.940880
145,8,2754.940880
145,9,2579.741707
145,9,2579.741707
145,9,2579.741707
145,9,2579.741707
145,9,2579.741707
145,9,2579.741707
145,9,2579.741707
145,9,2579.741707
145,9,2579.741707
145,9,2579.741707
145,9,2579.741707
145,9,2579.741707
145,9,2579.741707
145,9,2579.741707
145,10,2489.052645
145,10,2489.052645
145,10,2489.052645
145,10,2489.052645
145,10,2489.052645
145,12,2417.065454
145,12,2417.065454
145,12,2417.065454
145,13,2392.194381
145,13,2392.194381
145,14,2360.650958
145,14,2360.650958
145,14,2360.650958
145,14,2360.650958
145,15,2356.719178
145,15,2356.719178
145,15,2356.719178
145,15,2356.719178
145,15,2356.719178
145,15,2356.719178
145,15,2356.719178
145,15,2356.719178
146,6,4068.726858
146,6,4068.726858
146,6,4068.726858
146,6,4068.726858
146,6,4068.726858
146,6,4068.726858
146,7,3903.347291
146,7,3903.347291
146,8,2754.940880
146,8,2754.940880
146,8,2754.940880
146,8,2754.940880
146,8,2754.940880
146,8,2754.940880
146,8,2754.940880
146,8,2754.940880
146,8,2754.940880
146,8,2754.940880
146,8,2754.940880
146,8,2754.940880
146,8,2754.940880
146,8,2754.940880
146,8,2754.940880
146,8,2754.940880
146,8,2754.940880
146,8,2754.940880
146,8,2754.940880
146,9,2579.741707
146,9,2579.741707
146,9,2579.741707
146,9,2579.741707
146,9,2579.741707
146,9,2579.741707
146,9,2579.741707
146,9,2579.741707
146,9,2579.741707
146,9,2579.741707
146,9,2579.741707
146,9,2579.741707
146,9,2579.741707
146,9,2579.741707
146,9,2579.741707
146,10,2489.052645
146,10,2489.052645
146,10,2489.052645
146,10,2489.052645
146,10,2489.052645
146,10,2489.052645
146,11,2482.187044
146,12,2417.065454
146,12,2417.065454
146,12,2417.065454
146,12,2417.065454
146,13,2392.194381
146,13,2392.194381
146,13,2392.194381
146,14,2360.650958
146,14,2360.650958
146,14,2360.650958
146,14,2360.650958
146,14,2360.650958
146,15,2356.719178
146,15,2356.719178
146,15,2356.719178
146,15,2356.719178
146,15,2356.719178
146,15,2356.719178
146,15,2356.719178
146,15,2356.719178
146,15,2356.719178
147,6,4051.333247
147,7,3890.963857
147,8,2754.940880
147,8,2754.940880
147,8,2754.940880
147,8,2754.940880
147,8,2754.940880
147,8,2754.940880
147,8,2754.940880
147,8,2754.940880
147,8,2754.940880
147,8,2754.940880
147,8,2754.940880
147,8,2754.940880
147,8,2754.940880
147,8,2754.940880
147,8,2754.940880
147,8,2754.940880
147,8,2754.940880
147,8,2754.940880
147,8,2754.940880
147,8,2754.940880
147,8,2754.940880
147,9,2579.741707
147,9,2579.741707
147,9,2579.741707
147,9,2579.741707
147,9,2579.741707
147,9,2579.741707
147,9,2579.741707
147,9,2579.741707
147,9,2579.741707
147,9,2579.741707
147,9,2579.741707
147,9,2579.741707
147,9,2579.741707
147,9,2579.741707
147,9,2579.741707
147,9,2579.741707
147,10,2489.052645
147,10,2489.052645
147,10,2489.052645
147,10,2489.052645
147,10,2489.052645
147,10,2489.052645
147,10,2489.052645
147,11,2482.187044
147,11,2482.187044
147,12,2417.065454
147,12,2417.065454
147,12,2417.065454
147,12,2417.065454
147,12,2417.065454
147,12,2417.065454
147,13,2392.194381
147,13,2392.194381
147,13,2392.194381
147,13,2392.194381
147,14,2360.650958
147,14,2360.650958
147,14,2360.650958
147,14,2360.650958
147,14,2360.650958
147,14,2360.650958
147,15,2356.719178
147,15,2356.719178
147,15,2356.719178
147,15,2356.719178
147,15,2356.719178
147,15,2356.719178
147,15,2356.719178
147,15,2356.719178
147,15,2356.719178
147,15,2356.719178
148,6,4029.983612
148,7,3890.963857
148,7,3890.963857
148,8,2754.940880
148,8,2754.940880
148,8,2754.940880
148,8,2754.940880
148,8,2754.940880
148,8,2754.940880
148,8,2754.940880
148,8,2754.940880
148,8,2754.940880
148,8,2754.940880
148,8,2754.940880
148,8,2754.940880
148,8,2754.940880
148,8,2754.940880
148,8,2754.940880
148,8,2754.940880
148,8,2754.940880
148,8,2754.940880
148,8,2754.940880
148,8,2754.940880
148,8,2754.940880
148,8,2754.940880
148,8,2754.940880
148,9,2579.741707
148,9,2579.741707
148,9,2579.741707
148,9,2579.741707
148,9,2579.741707
148,9,2579.741707
148,9,2579.741707
148,9,2579.741707
148,9,2579.741707
148,9,2579.741707
148,9,2579.741707
148,9,2579.741707
148,9,2579.741707
148,9,2579.741707
148,9,2579.741707
148,9,2579.741707
148,9,2579.741707
148,10,2489.052645
148,10,2489.052645
148,10,2489.052645
148,10,2489.052645
148,10,2489.052645
148,10,2489.052645
148,10,2489.052645
148,10,2489.052645
148,11,2478.417588
148,12,2417.065454
148,12,2417.065454
148,12,2417.065454
148,12,2417.065454
148,12,2417.065454
148,12,2417.065454
148,12,2417.065454
148,12,2417.065454
148,13,2386.984147
148,14,2340.336620
149,6,4029.983612
149,6,4029.983612
149,7,3840.083933
149,8,2754.940880
149,8,2754.940880
149,8,2754.940880
149,8,2754.940880
149,8,2754.940880
149,8,2754.940880
149,8,2754.940880
149,8,2754.940880
149,8,2754.940880
149,8,2754.940880
149,8,2754.940880
149,8,2754.940880
149,8,2754.940880
149,8,2754.940880
149,8,2754.940880
149,8,2754.940880
149,8,2754.940880
149,8,2754.940880
149,8,2754.940880
149,8,2754.940880
149,8,2754.940880
149,8,2754.940880
149,8,2754.940880
149,8,2754.940880
149,8,2754.940880
149,9,2579.741707
149,9,2579.741707
149,9,2579.741707
149,9,2579.741707
149,9,2579.741707
149,9,2579.741707
149,9,2579.741707
149,9,2579.741707
149,9,2579.741707
149,9,2579.741707
149,9,2579.741707
149,9,2579.741707
149,9,2579.741707
149,9,2579.741707
149,9,2579.741707
149,9,2579.741707
149,9,2579.741707
149,9,2579.741707
149,9,2579.741707
149,10,2489.052645
149,10,2489.052645
149,10,2489.052645
149,10,2489.052645
149,10,2489.052645
149,10,2489.052645
149,10,2489.052645
149,10,2489.052645
149,10,2489.052645
149,11,2478.417588
149,11,2478.417588
149,12,2417.065454
149,12,2417.065454
149,12,2417.065454
149,12,2417.065454
149,12,2417.065454
149,12,2417.065454
149,12,2417.065454
149,12,2417.065454
149,12,2417.065454
149,12,2417.065454
149,13,2386.984147
149,13,2386.984147
149,14,2340.336620
149,14,2340.336620
150,6,4029.983612
150,6,4029.983612
150,6,4029.983612
150,7,3840.083933
150,7,3840.083933
150,8,2754.940880
150,8,2754.940880
150,8,2754.940880
150,8,2754.940880
150,8,2754.940880
150,8,2754.940880
150,8,2754.940880
150,8,2754.940880
150,8,2754.940880
150,8,2754.940880
150,8,2754.940880
150,8,2754.940880
150,8,2754.940880
150,8,2754.940880
150,8,2754.940880
150,8,2754.940880
150,8,2754.940880
150,8,2754.940880
150,8,2754.940880
150,8,2754.940880
150,8,2754.940880
150,8,2754.940880
150,8,2754.940880
150,8,2754.940880
150,8,2754.940880
150,8,2754.940880
150,8,2754.940880
150,9,2579.741707
150,9,2579.741707
150,9,2579.741707
150,9,2579.741707
150,9,2579.741707
150,9,2579.741707
150,9,2579.741707
150,9,2579.741707
150,9,2579.741707
150,9,2579.741707
150,9,2579.741707
150,9,2579.741707
150,9,2579.741707
150,9,2579.741707
150,9,2579.741707
150,9,2579.741707
150,9,2579.741707
150,9,2579.741707
150,9,2579.741707
150,9,2579.741707
150,9,2579.741707
150,10,2489.052645
150,10,2489.052645
150,10,2489.052645
150,10,2489.052645
150,10,2489.052645
150,10,2489.052645
150,10,2489.052645
150,10,2489.052645
150,10,2489.052645
150,10,2489.052645
150,11,2478.417588
150,11,2478.417588
150,11,2478.417588
150,12,2417.065454
150,12,2417.065454
150,12,2417.065454
150,12,2417.065454
150,12,2417.065454
150,12,2417.065454
150,12,2417.065454
150,12,2417.065454
150,12,2417.065454
150,12,2417.065454
150,12,2417.065454
150,12,2417.065454
150,13,2386.984147
150,13,2386.984147
150,13,2386.984147
150,14,2340.336620
150,14,2340.336620
150,14,2340.336620
151,6,4029.983612
151,6,4029.983612
151,6,4029.983612
151,6,4029.983612
151,7,3840.083933
151,7,3840.083933
151,7,3840.083933
151,8,2754.940880
151,8,2754.940880
151,8,2754.940880
151,8,2754.940880
151,8,2754.940880
151,8,2754.940880
151,8,2754.940880
151,8,2754.940880
151,8,2754.940880
151,8,2754.940880
151,8,2754.940880
151,8,2754.940880
151,8,2754.940880
151,8,2754.940880
151,8,2754.940880
151,8,2754.940880
151,8,2754.940880
151,8,2754.940880
151,8,2754.940880
151,8,2754.940880
151,8,2754.940880
151,8,2754.940880
151,8,2754.940880
151,8,2754.940880
151,8,2754.940880
151,8,2754.940880
151,8,2754.940880
151,8,2754.940880
151,8,2754.940880
151,9,2579.741707
151,9,2579.741707
151,9,2579.741707
151,9,2579.741707
151,9,2579.741707
151,9,2579.741707
151,9,2579.741707
151,9,2579.741707
151,9,2579.741707
151,9,2579.741707
151,9,2579.741707
151,9,2579.741707
151,9,2579.741707
151,9,2579.741707
151,9,2579.741707
151,9,2579.741707
151,9,2579.741707
151,9,2579.741707
151,9,2579.741707
151,9,2579.741707
151,9,2579.741707
151,9,2579.741707
151,9,2579.741707
151,10,2489.052645
151,10,2489.052645
151,10,2489.052645
151,10,2489.052645
151,10,2489.052645
151,10,2489.052645
151,10,2489.052645
151,10,2489.052645
151,10,2489.052645
151,10,2489.052645
151,10,2489.052645
151,11,2478.417588
151,11,2478.417588
151,11,2478.417588
151,11,2478.417588
151,12,2417.065454
151,12,2417.065454
151,12,2417.065454
151,12,2417.065454
151,12,2417.065454
151,12,2417.065454
151,12,2417.065454
151,12,2417.065454
151,12,2417.065454
151,12,2417.065454
151,12,2417.065454
151,12,2417.065454
151,12,2417.065454
151,12,2417.065454
151,13,2386.984147
151,13,2386.984147
151,13,2386.984147
151,13,2386.984147
151,14,2340.336620
151,14,2340.336620
151,14,2340.336620
151,14,2340.336620
152,6,4029.983612
152,6,4029.983612
152,6,4029.983612
152,6,4029.983612
152,6,4029.983612
152,7,3840.083933
152,7,3840.083933
152,7,3840.083933
152,7,3840.083933
152,8,2754.940880
152,8,2754.940880
152,8,2754.940880
152,8,2754.940880
152,8,2754.940880
152,8,2754.940880
152,8,2754.940880
152,8,2754.940880
152,8,2754.940880
152,8,2754.940880
152,8,2754.940880
152,8,2754.940880
152,8,2754.940880
152,8,2754.940880
152,8,2754.940880
152,8,2754.940880
152,8,2754.940880
152,8,2754.940880
152,8,2754.940880
152,8,2754.940880
152,8,2754.940880
152,8,2754.940880
152,8,2754.940880
152,8,2754.940880
152,8,2754.940880
152,8,2754.940880
152,8,2754.940880
152,8,2754.940880
152,8,2754.940880
152,8,2754.940880
152,8,2754.940880
152,9,2579.741707
152,9,2579.741707
152,9,2579.741707
152,9,2579.741707
152,9,2579.741707
152,9,2579.741707
152,9,2579.741707
152,9,2579.741707
152,9,2579.741707
152,9,2579.741707
152,9,2579.741707
152,9,2579.741707
152,9,2579.741707
152,9,2579.741707
152,9,2579.741707
152,9,2579.741707
152,9,2579.741707
152,9,2579.741707
152,9,2579.741707
152,9,2579.741707
152,9,2579.741707
152,9,2579.741707
152,9,2579.741707
152,9,2579.741707
152,9,2579.741707
152,10,2460.576189
152,12,2417.065454
152,12,2417.065454
152,12,2417.065454
152,12,2417.065454
152,12,2417.065454
152,12,2417.065454
152,12,2417.065454
152,12,2417.065454
152,12,2417.065454
152,12,2417.065454
152,12,2417.065454
152,12,2417.065454
152,12,2417.065454
152,12,2417.065454
152,12,2417.065454
152,12,2417.065454
152,13,2386.984147
152,13,2386.984147
152,13,2386.984147
152,13,2386.984147
152,13,2386.984147
152,14,2340.336620
152,14,2340.336620
152,14,2340.336620
152,14,2340.336620
152,14,2340.336620
153,6,4029.983612
153,6,4029.983612
153,6,4029.983612
153,6,4029.983612
153,6,4029.983612
153,6,4029.983612
153,7,3840.083933
153,7,3840.083933
153,7,3840.083933
153,7,3840.083933
153,7,3840.083933
153,8,2754.940880
153,8,2754.940880
153,8,2754.940880
153,8,2754.940880
153,8,2754.940880
153,8,2754.940880
153,8,2754.940880
153,8,2754.940880
153,8,2754.940880
153,8,2754.940880
153,8,2754.940880
153,8,2754.940880
153,8,2754.940880
153,8,2754.940880
153,8,2754.940880
153,8,2754.940880
153,8,2754.940880
153,8,2754.940880
153,8,2754.940880
153,8,2754.940880
153,8,2754.940880
153,8,2754.940880
153,8,2754.940880
153,8,2754.940880
153,8,2754.940880
153,8,2754.940880
153,8,2754.940880
153,8,2754.940880
153,8,2754.940880
153,8,2754.940880
153,8,2754.940880
153,8,2754.940880
153,8,2754.940880
153,9,2579.741707
153,9,2579.741707
153,9,2579.741707
153,9,2579.741707
153,9,2579.741707
153,9,2579.741707
153,9,2579.741707
153,9,2579.741707
153,9,2579.741707
153,9,2579.741707
153,9,2579.741707
153,9,2579.741707
153,9,2579.741707
153,9,2579.741707
153,9,2579.741707
153,9,2579.741707
153,9,2579.741707
153,9,2579.741707
153,9,2579.741707
153,9,2579.741707
153,9,2579.741707
153,9,2579.741707
153,9,2579.741707
153,9,2579.741707
153,9,2579.741707
153,9,2579.741707
153,9,2579.741707
153,10,2460.576189
153,10,2460.576189
153,12,2417.065454
153,12,2417.065454
153,12,2417.065454
153,12,2417.065454
153,12,2417.065454
153,12,2417.065454
153,12,2417.065454
153,12,2417.065454
153,12,2417.065454
153,12,2417.065454
153,12,2417.065454
153,12,2417.065454
153,12,2417.065454
153,12,2417.065454
153,12,2417.065454
153,12,2417.065454
153,12,2417.065454
153,12,2417.065454
153,13,2363.854756
153,14,2340.336620
153,14,2340.336620
153,14,2340.336620
153,14,2340.336620
153,14,2340.336620
153,14,2340.336620
154,6,4029.983612
154,6,4029.983612
154,6,4029.983612
154,6,4029.983612
154,6,4029.983612
154,6,4029.983612
154,6,4029.983612
154,7,3840.083933
154,7,3840.083933
154,7,3840.083933
154,7,3840.083933
154,7,3840.083933
154,7,3840.083933
154,8,2754.940880
154,8,2754.940880
154,8,2754.940880
154,8,2754.940880
154,8,2754.940880
154,8,2754.940880
154,8,2754.940880
154,8,2754.940880
154,8,2754.940880
154,8,2754.940880
154,8,2754.940880
154,8,2754.940880
154,8,2754.940880
154,8,2754.940880
154,8,2754.940880
154,8,2754.940880
154,8,2754.940880
154,8,2754.940880
154,8,2754.940880
154,8,2754.940880
154,8,2754.940880
154,8,2754.940880
154,8,2754.940880
154,8,2754.940880
154,8,2754.940880
154,8,2754.940880
154,8,2754.940880
154,8,2754.940880
154,8,2754.940880
154,8,2754.940880
154,8,2754.940880
154,8,2754.940880
154,8,2754.940880
154,8,2754.940880
154,8,2754.940880
154,9,2579.741707
154,9,2579.741707
154,9,2579.741707
154,9,2579.741707
154,9,2579.741707
154,9,2579.741707
154,9,2579.741707
154,9,2579.741707
154,9,2579.741707
154,9,2579.741707
154,9,2579.741707
154,9,2579.741707
154,9,2579.741707
154,9,2579.741707
154,9,2579.741707
154,9,2579.741707
154,9,2579.741707
154,9,2579.741707
154,9,2579.741707
154,9,2579.741707
154,9,2579.741707
154,9,2579.741707
154,9,2579.741707
154,9,2579.741707
154,9,2579.741707
154,9,2579.741707
154,9,2579.741707
154,9,2579.741707
154,9,2579.741707
154,10,2460.576189
154,10,2460.576189
154,10,2460.576189
154,11,2431.071040
154,12,2417.065454
154,12,2417.065454
154,12,2417.065454
154,12,2417.065454
154,12,2417.065454
154,12,2417.065454
154,12,2417.065454
154,12,2417.065454
154,12,2417.065454
154,12,2417.065454
154,12,2417.065454
154,12,2417.065454
154,12,2417.065454
154,12,2417.065454
154,12,2417.065454
154,12,2417.065454
154,12,2417.065454
154,12,2417.065454
154,12,2417.065454
154,12,2417.065454
154,12,2417.065454
154,13,2363.854756
154,13,2363.854756
154,14,2340.336620
154,14,2340.336620
154,14,2340.336620
154,14,2340.336620
154,14,2340.336620
154,14,2340.336620
154,14,2340.336620
155,6,4029.983612
155,6,4029.983612
155,6,4029.983612
155,6,4029.983612
155,6,4029.983612
155,6,4029.983612
155,6,4029.983612
155,6,4029.983612
155,7,3816.732791
155,8,2754.940880
155,8,2754.940880
155,8,2754.940880
155,8,2754.940880
155,8,2754.940880
155,8,2754.940880
155,8,2754.940880
155,8,2754.940880
155,8,2754.940880
155,8,2754.940880
155,8,2754.940880
155,8,2754.940880
155,8,2754.940880
155,8,2754.940880
155,8,2754.940880
155,8,2754.940880
155,8,2754.940880
155,8,2754.940880
155,8,2754.940880
155,8,2754.940880
155,8,2754.940880
155,8,2754.940880
155,8,2754.940880
155,8,2754.940880
155,8,2754.940880
155,8,2754.940880
155,8,2754.940880
155,8,2754.940880
155,8,2754.940880
155,8,2754.940880
155,8,2754.940880
155,8,2754.940880
155,8,2754.940880
155,8,2754.940880
155,8,2754.940880
155,8,2754.940880
155,8,2754.940880
155,9,2579.741707
155,9,2579.741707
155,9,2579.741707
155,9,2579.741707
155,9,2579.741707
155,9,2579.741707
155,9,2579.741707
155,9,2579.741707
155,9,2579.741707
155,9,2579.741707
155,9,2579.741707
155,9,2579.741707
155,9,2579.741707
155,9,2579.741707
155,9,2579.741707
155,9,2579.741707
155,9,2579.741707
155,9,2579.741707
155,9,2579.741707
155,9,2579.741707
155,9,2579.741707
155,9,2579.741707
155,9,2579.741707
155,9,2579.741707
155,9,2579.741707
155,9,2579.741707
155,9,2579.741707
155,9,2579.741707
155,9,2579.741707
155,9,2579.741707
155,9,2579.741707
155,10,2460.576189
155,10,2460.576189
155,10,2460.576189
155,10,2460.576189
155,11,2431.071040
155,11,2431.071040
155,12,2417.065454
155,12,2417.065454
155,12,2417.065454
155,12,2417.065454
155,12,2417.065454
155,12,2417.065454
155,12,2417.065454
155,12,2417.065454
155,12,2417.065454
155,12,2417.065454
155,12,2417.065454
155,12,2417.065454
155,12,2417.065454
155,12,2417.065454
155,12,2417.065454
155,12,2417.065454
155,12,2417.065454
155,12,2417.065454
155,12,2417.065454
155,12,2417.065454
155,12,2417.065454
155,12,2417.065454
155,12,2417.065454
155,12,2417.065454
155,13,2363.854756
155,13,2363.854756
155,13,2363.854756
155,14,2340.336620
155,14,2340.336620
155,14,2340.336620
155,14,2340.336620
155,14,2340.336620
155,14,2340.336620
155,14,2340.336620
155,14,2340.336620
156,6,4029.983612
156,6,4029.983612
156,6,4029.983612
156,6,4029.983612
156,6,4029.983612
156,6,4029.983612
156,6,4029.983612
156,6,4029.983612
156,6,4029.983612
156,7,3816.732791
156,7,3816.732791
156,8,2754.940880
156,8,2754.940880
156,8,2754.940880
156,8,2754.940880
156,8,2754.940880
156,8,2754.940880
156,8,2754.940880
156,8,2754.940880
156,8,2754.940880
156,8,2754.940880
156,8,2754.940880
156,8,2754.940880
156,8,2754.940880
156,8,2754.940880
156,8,2754.940880
156,8,2754.940880
156,8,2754.940880
156,8,2754.940880
156,8,2754.940880
156,8,2754.940880
156,8,2754.940880
156,8,2754.940880
156,8,2754.940880
156,8,2754.940880
156,8,2754.940880
156,8,2754.940880
156,8,2754.940880
156,8,2754.940880
156,8,2754.940880
156,8,2754.940880
156,8,2754.940880
156,8,2754.940880
156,8,2754.940880
156,8,2754.940880
156,8,2754.940880
156,8,2754.940880
156,8,2754.940880
156,8,2754.940880
156,8,2754.940880
156,9,2579.741707
156,9,2579.741707
156,9,2579.741707
156,9,2579.741707
156,9,2579.741707
156,9,2579.741707
156,9,2579.741707
156,9,2579.741707
156,9,2579.741707
156,9,2579.741707
156,9,2579.741707
156,9,2579.741707
156,9,2579.741707
156,9,2579.741707
156,9,2579.741707
156,9,2579.741707
156,9,2579.741707
156,9,2579.741707
156,9,2579.741707
156,9,2579.741707
156,9,2579.741707
156,9,2579.741707
156,9,2579.741707
156,9,2579.741707
156,9,2579.741707
156,9,2579.741707
156,9,2579.741707
156,9,2579.741707
156,9,2579.741707
156,9,2579.741707
156,9,2579.741707
156,9,2579.741707
156,9,2579.741707
156,10,2460.576189
156,10,2460.576189
156,10,2460.576189
156,10,2460.576189
156,10,2460.576189
156,11,2431.071040
156,11,2431.071040
156,11,2431.071040
156,12,2417.065454
156,12,2417.065454
156,12,2417.065454
156,12,2417.065454
156,12,2417.065454
156,12,2417.065454
156,12,2417.065454
156,12,2417.065454
156,12,2417.065454
156,12,2417.065454
156,12,2417.065454
156,12,2417.065454
156,12,2417.065454
156,12,2417.065454
156,12,2417.065454
156,12,2417.065454
156,12,2417.065454
156,12,2417.065454
156,12,2417.065454
156,12,2417.065454
156,12,2417.065454
156,12,2417.065454
156,12,2417.065454
156,12,2417.065454
156,12,2417.065454
156,12,2417.065454
156,12,2417.065454
156,13,2363.854756
156,13,2363.854756
156,13,2363.854756
156,13,2363.854756
156,14,2340.336620
156,14,2340.336620
156,14,2340.336620
156,14,2340.336620
156,14,2340.336620
156,14,2340.336620
156,14,2340.336620
156,14,2340.336620
156,14,2340.336620
157,6,4029.983612
157,6,4029.983612
157,6,4029.983612
157,6,4029.983612
157,6,4029.983612
157,6,4029.983612
157,6,4029.983612
157,6,4029.983612
157,6,4029.983612
157,6,4029.983612
157,7,3816.732791
157,7,3816.732791
157,7,3816.732791
157,8,2754.940880
157,8,2754.940880
157,8,2754.940880
157,8,2754.940880
157,8,2754.940880
157,8,2754.940880
157,8,2754.940880
157,8,2754.940880
157,8,2754.940880
157,8,2754.940880
157,8,2754.940880
157,8,2754.940880
157,8,2754.940880
157,8,2754.940880
157,8,2754.940880
157,8,2754.940880
157,8,2754.940880
157,8,2754.940880
157,8,2754.940880
157,8,2754.940880
157,8,2754.940880
157,8,2754.940880
157,8,2754.940880
157,8,2754.940880
157,8,2754.940880
157,8,2754.940880
157,8,2754.940880
157,8,2754.940880
157,8,2754.940880
157,8,2754.940880
157,8,2754.940880
157,8,2754.940880
157,8,2754.940880
157,8,2754.940880
157,8,2754.940880
157,8,2754.940880
157,8,2754.940880
157,8,2754.940880
157,8,2754.940880
157,8,2754.940880
157,8,2754.940880
157,9,2574.680094
157,10,2460.576189
157,10,2460.576189
157,10,2460.576189
157,10,2460.576189
157,10,2460.576189
157,10,2460.576189
157,11,2427.834780
157,12,2401.190431
157,13,2363.854756
157,13,2363.854756
157,13,2363.854756
157,13,2363.854756
157,13,2363.854756
157,14,2340.336620
157,14,2340.336620
157,14,2340.336620
157,14,2340.336620
157,14,2340.336620
157,14,2340.336620
157,14,2340.336620
157,14,2340.336620
157,14,2340.336620
157,14,2340.336620
158,6,4029.983612
158,6,4029.983612
158,6,4029.983612
158,6,4029.983612
158,6,4029.983612
158,6,4029.983612
158,6,4029.983612
158,6,4029.983612
158,6,4029.983612
158,6,4029.983612
158,6,4029.983612
158,7,3816.732791
158,7,3816.732791
158,7,3816.732791
158,7,3816.732791
158,8,2754.940880
158,8,2754.940880
158,8,2754.940880
158,8,2754.940880
158,8,2754.940880
158,8,2754.940880
158,8,2754.940880
158,8,2754.940880
158,8,2754.940880
158,8,2754.940880
158,8,2754.940880
158,8,2754.940880
158,8,2754.940880
158,8,2754.940880
158,8,2754.940880
158,8,2754.940880
158,8,2754.940880
158,8,2754.940880
158,8,2754.940880
158,8,2754.940880
158,8,2754.940880
158,8,2754.940880
158,8,2754.940880
158,8,2754.940880
158,8,2754.940880
158,8,2754.940880
158,8,2754.940880
158,8,2754.940880
158,8,2754.940880
158,8,2754.940880
158,8,2754.940880
158,8,2754.940880
158,8,2754.940880
158,8,2754.940880
158,8,2754.940880
158,8,2754.940880
158,8,2754.940880
158,8,2754.940880
158,8,2754.940880
158,8,2754.940880
158,8,2754.940880
158,8,2754.940880
158,8,2754.940880
158,9,2574.680094
158,9,2574.680094
158,10,2460.576189
158,10,2460.576189
158,10,2460.576189
158,10,2460.576189
158,10,2460.576189
158,10,2460.576189
158,10,2460.576189
158,11,2427.834780
158,11,2427.834780
158,12,2401.190431
158,12,2401.190431
158,13,2363.854756
158,13,2363.854756
158,13,2363.854756
158,13,2363.854756
158,13,2363.854756
158,13,2363.854756
158,14,2340.336620
158,14,2340.336620
158,14,2340.336620
158,14,2340.336620
158,14,2340.336620
158,14,2340.336620
158,14,2340.336620
158,14,2340.336620
158,14,2340.336620
158,14,2340.336620
158,14,2340.336620
159,6,4016.441558
159,7,3816.732791
159,7,3816.732791
159,7,3816.732791
159,7,3816.732791
159,7,3816.732791
159,8,2750.092180
159,9,2574.680094
159,9,2574.680094
159,9,2574.680094
159,10,2460.576189
159,10,2460.576189
159,10,2460.576189
159,10,2460.576189
159,10,2460.576189
159,10,2460.576189
159,10,2460.576189
159,10,2460.576189
159,11,2427.834780
159,11,2427.834780
159,11,2427.834780
159,12,2401.190431
159,12,2401.190431
159,12,2401.190431
159,13,2363.854756
159,13,2363.854756
159,13,2363.854756
159,13,2363.854756
159,13,2363.854756
159,13,2363.854756
159,13,2363.854756
159,14,2340.336620
159,14,2340.336620
159,14,2340.336620
159,14,2340.336620
159,14,2340.336620
159,14,2340.336620
159,14,2340.336620
159,14,2340.336620
159,14,2340.336620
159,14,2340.336620
159,14,2340.336620
159,14,2340.336620
160,6,4016.441558
160,6,4016.441558
160,7,3815.962616
160,8,2750.092180
160,8,2750.092180
160,9,2574.680094
160,9,2574.680094
160,9,2574.680094
160,9,2574.680094
160,10,2460.576189
160,10,2460.576189
160,10,2460.576189
160,10,2460.576189
160,10,2460.576189
160,10,2460.576189
160,10,2460.576189
160,10,2460.576189
160,10,2460.576189
160,11,2427.834780
160,11,2427.834780
160,11,2427.834780
160,11,2427.834780
160,12,2401.190431
160,12,2401.190431
160,12,2401.190431
160,12,2401.190431
160,13,2363.854756
160,13,2363.854756
160,13,2363.854756
160,13,2363.854756
160,13,2363.854756
160,13,2363.854756
160,13,2363.854756
160,13,2363.854756
160,14,2340.336620
160,14,2340.336620
160,14,2340.336620
160,14,2340.336620
160,14,2340.336620
160,14,2340.336620
160,14,2340.336620
160,14,2340.336620
160,14,2340.336620
160,14,2340.336620
160,14,2340.336620
160,14,2340.336620
160,14,2340.336620
161,6,4005.238006
161,7,3815.962616
161,7,3815.962616
161,8,2750.092180
161,8,2750.092180
161,8,2750.092180
161,9,2574.680094
161,9,2574.680094
161,9,2574.680094
161,9,2574.680094
161,9,2574.680094
161,10,2460.576189
161,10,2460.576189
161,10,2460.576189
161,10,2460.576189
161,10,2460.576189
161,10,2460.576189
161,10,2460.576189
161,10,2460.576189
161,10,2460.576189
161,10,2460.576189
161,11,2427.834780
161,11,2427.834780
161,11,2427.834780
161,11,2427.834780
161,11,2427.834780
161,12,2401.190431
161,12,2401.190431
161,12,2401.190431
161,12,2401.190431
161,12,2401.190431
161,13,2363.854756
161,13,2363.854756
161,13,2363.854756
161,13,2363.854756
161,13,2363.854756
161,13,2363.854756
161,13,2363.854756
161,13,2363.854756
161,13,2363.854756
161,14,2340.336620
161,14,2340.336620
161,14,2340.336620
161,14,2340.336620
161,14,2340.336620
161,14,2340.336620
161,14,2340.336620
161,14,2340.336620
161,14,2340.336620
161,14,2340.336620
161,14,2340.336620
161,14,2340.336620
161,14,2340.336620
161,14,2340.336620
162,6,4005.238006
162,6,4005.238006
162,7,3815.962616
162,7,3815.962616
162,7,3815.962616
162,8,2750.092180
162,8,2750.092180
162,8,2750.092180
162,8,2750.092180
162,9,2567.973399
162,10,2460.576189
162,10,2460.576189
162,10,2460.576189
162,10,2460.576189
162,10,2460.576189
162,10,2460.576189
162,10,2460.576189
162,10,2460.576189
162,10,2460.576189
162,10,2460.576189
162,10,2460.576189
162,11,2427.834780
162,11,2427.834780
162,11,2427.834780
162,11,2427.834780
162,11,2427.834780
162,11,2427.834780
162,12,2401.190431
162,12,2401.190431
162,12,2401.190431
162,12,2401.190431
162,12,2401.190431
162,12,2401.190431
162,13,2363.854756
162,13,2363.854756
162,13,2363.854756
162,13,2363.854756
162,13,2363.854756
162,13,2363.854756
162,13,2363.854756
162,13,2363.854756
162,13,2363.854756
162,13,2363.854756
162,14,2340.336620
162,14,2340.336620
162,14,2340.336620
162,14,2340.336620
162,14,2340.336620
162,14,2340.336620
162,14,2340.336620
162,14,2340.336620
162,14,2340.336620
162,14,2340.336620
162,14,2340.336620
162,14,2340.336620
162,14,2340.336620
162,14,2340.336620
162,14,2340.336620
163,6,4005.238006
163,6,4005.238006
163,6,4005.238006
163,6,4005.238006
163,7,3815.962616
163,7,3815.962616
163,7,3815.962616
163,7,3815.962616
163,8,2750.092180
163,8,2750.092180
163,8,2750.092180
163,8,2750.092180
163,8,2750.092180
163,9,2567.973399
163,9,2567.973399
163,10,2460.576189
163,10,2460.576189
163,10,2460.576189
163,10,2460.576189
163,10,2460.576189
163,10,2460.576189
163,10,2460.576189
163,10,2460.576189
163,10,2460.576189
163,10,2460.576189
163,10,2460.576189
163,10,2460.576189
163,11,2427.834780
163,11,2427.834780
163,11,2427.834780
163,11,2427.834780
163,11,2427.834780
163,11,2427.834780
163,11,2427.834780
163,12,2401.190431
163,12,2401.190431
163,12,2401.190431
163,12,2401.190431
163,12,2401.190431
163,12,2401.190431
163,12,2401.190431
163,13,2363.854756
163,13,2363.854756
163,13,2363.854756
163,13,2363.854756
163,13,2363.854756
163,13,2363.854756
163,13,2363.854756
163,13,2363.854756
163,13,2363.854756
163,13,2363.854756
163,13,2363.854756
163,14,2340.336620
163,14,2340.336620
163,14,2340.336620
163,14,2340.336620
163,14,2340.336620
163,14,2340.336620
163,14,2340.336620
163,14,2340.336620
163,14,2340.336620
163,14,2340.336620
163,14,2340.336620
163,14,2340.336620
163,14,2340.336620
163,14,2340.336620
163,14,2340.336620
163,14,2340.336620
164,6,4005.238006
164,6,4005.238006
164,6,4005.238006
164,6,4005.238006
164,6,4005.238006
164,6,4005.238006
164,7,3815.962616
164,7,3815.962616
164,7,3815.962616
164,7,3815.962616
164,7,3815.962616
164,8,2750.092180
164,8,2750.092180
164,8,2750.092180
164,8,2750.092180
164,8,2750.092180
164,8,2750.092180
164,9,2567.973399
164,9,2567.973399
164,9,2567.973399
164,10,2460.576189
164,10,2460.576189
164,10,2460.576189
164,10,2460.576189
164,10,2460.576189
164,10,2460.576189
164,10,2460.576189
164,10,2460.576189
164,10,2460.576189
164,10,2460.576189
164,10,2460.576189
164,10,2460.576189
164,10,2460.576189
164,11,2427.834780
164,11,2427.834780
164,11,2427.834780
164,11,2427.834780
164,11,2427.834780
164,11,2427.834780
164,11,2427.834780
164,11,2427.834780
164,12,2390.413715
164,13,2363.854756
164,13,2363.854756
164,13,2363.854756
164,13,2363.854756
164,13,2363.854756
164,13,2363.854756
164,13,2363.854756
164,13,2363.854756
164,13,2363.854756
164,13,2363.854756
164,13,2363.854756
164,13,2363.854756
164,14,2340.336620
164,14,2340.336620
164,14,2340.336620
164,14,2340.336620
164,14,2340.336620
164,14,2340.336620
164,14,2340.336620
164,14,2340.336620
164,14,2340.336620
164,14,2340.336620
164,14,2340.336620
164,14,2340.336620
164,14,2340.336620
164,14,2340.336620
164,14,2340.336620
164,14,2340.336620
164,14,2340.336620
165,6,3931.026246
165,7,3815.962616
165,7,3815.962616
165,7,3815.962616
165,7,3815.962616
165,7,3815.962616
165,7,3815.962616
165,8,2750.092180
165,8,2750.092180
165,8,2750.092180
165,8,2750.092180
165,8,2750.092180
165,8,2750.092180
165,8,2750.092180
165,9,2567.973399
165,9,2567.973399
165,9,2567.973399
165,9,2567.973399
165,10,2460.576189
165,10,2460.576189
165,10,2460.576189
165,10,2460.576189
165,10,2460.576189
165,10,2460.576189
165,10,2460.576189
165,10,2460.576189
165,10,2460.576189
165,10,2460.576189
165,10,2460.576189
165,10,2460.576189
165,10,2460.576189
165,10,2460.576189
165,11,2427.834780
165,11,2427.834780
165,11,2427.834780
165,11,2427.834780
165,11,2427.834780
165,11,2427.834780
165,11,2427.834780
165,11,2427.834780
165,11,2427.834780
165,12,2390.413715
165,12,2390.413715
165,13,2363.854756
165,13,2363.854756
165,13,2363.854756
165,13,2363.854756
165,13,2363.854756
165,13,2363.854756
165,13,2363.854756
165,13,2363.854756
165,13,2363.854756
165,13,2363.854756
165,13,2363.854756
165,13,2363.854756
165,13,2363.854756
165,14,2340.336620
165,14,2340.336620
165,14,2340.336620
165,14,2340.336620
165,14,2340.336620
165,14,2340.336620
165,14,2340.336620
165,14,2340.336620
165,14,2340.336620
165,14,2340.336620
165,14,2340.336620
165,14,2340.336620
165,14,2340.336620
165,14,2340.336620
165,14,2340.336620
165,14,2340.336620
165,14,2340.336620
165,14,2340.336620
166,6,3931.026246
166,6,3931.026246
166,7,3815.962616
166,7,3815.962616
166,7,3815.962616
166,7,3815.962616
166,7,3815.962616
166,7,3815.962616
166,7,3815.962616
166,8,2750.092180
166,8,2750.092180
166,8,2750.092180
166,8,2750.092180
166,8,2750.092180
166,8,2750.092180
166,8,2750.092180
166,8,2750.092180
166,9,2567.973399
166,9,2567.973399
166,9,2567.973399
166,9,2567.973399
166,9,2567.973399
166,10,2460.576189
166,10,2460.576189
166,10,2460.576189
166,10,2460.576189
166,10,2460.576189
166,10,2460.576189
166,10,2460.576189
166,10,2460.576189
166,10,2460.576189
166,10,2460.576189
166,10,2460.576189
166,10,2460.576189
166,10,2460.576189
166,10,2460.576189
166,10,2460.576189
166,11,2427.834780
166,11,2427.834780
166,11,2427.834780
166,11,2427.834780
166,11,2427.834780
166,11,2427.834780
166,11,2427.834780
166,11,2427.834780
166,11,2427.834780
166,11,2427.834780
166,12,2390.413715
166,12,2390.413715
166,12,2390.413715
166,13,2363.854756
166,13,2363.854756
166,13,2363.854756
166,13,2363.854756
166,13,2363.854756
166,13,2363.854756
166,13,2363.854756
166,13,2363.854756
166,13,2363.854756
166,13,2363.854756
166,13,2363.854756
166,13,2363.854756
166,13,2363.854756
166,13,2363.854756
166,14,2340.336620
166,14,2340.336620
166,14,2340.336620
166,14,2340.336620
166,14,2340.336620
166,14,2340.336620
166,14,2340.336620
166,14,2340.336620
166,14,2340.336620
166,14,2340.336620
166,14,2340.336620
166,14,2340.336620
166,14,2340.336620
166,14,2340.336620
166,14,2340.336620
166,14,2340.336620
166,14,2340.336620
166,14,2340.336620
166,14,2340.336620
167,6,3931.026246
167,6,3931.026246
167,6,3931.026246
167,7,3815.962616
167,7,3815.962616
167,7,3815.962616
167,7,3815.962616
167,7,3815.962616
167,7,3815.962616
167,7,3815.962616
167,7,3815.962616
167,8,2750.092180
167,8,2750.092180
167,8,2750.092180
167,8,2750.092180
167,8,2750.092180
167,8,2750.092180
167,8,2750.092180
167,8,2750.092180
167,8,2750.092180
167,9,2567.973399
167,9,2567.973399
167,9,2567.973399
167,9,2567.973399
167,9,2567.973399
167,9,2567.973399
167,10,2460.576189
167,10,2460.576189
167,10,2460.576189
167,10,2460.576189
167,10,2460.576189
167,10,2460.576189
167,10,2460.576189
167,10,2460.576189
167,10,2460.576189
167,10,2460.576189
167,10,2460.576189
167,10,2460.576189
167,10,2460.576189
167,10,2460.576189
167,10,2460.576189
167,10,2460.576189
167,11,2427.834780
167,11,2427.834780
167,11,2427.834780
167,11,2427.834780
167,11,2427.834780
167,11,2427.834780
167,11,2427.834780
167,11,2427.834780
167,11,2427.834780
167,11,2427.834780
167,11,2427.834780
167,12,2390.413715
167,12,2390.413715
167,12,2390.413715
167,12,2390.413715
167,13,2363.854756
167,13,2363.854756
167,13,2363.854756
167,13,2363.854756
167,13,2363.854756
167,13,2363.854756
167,13,2363.854756
167,13,2363.854756
167,13,2363.854756
167,13,2363.854756
167,13,2363.854756
167,13,2363.854756
167,13,2363.854756
167,13,2363.854756
167,13,2363.854756
167,14,2340.336620
167,14,2340.336620
167,14,2340.336620
167,14,2340.336620
167,14,2340.336620
167,14,2340.336620
167,14,2340.336620
167,14,2340.336620
167,14,2340.336620
167,14,2340.336620
167,14,2340.336620
167,14,2340.336620
167,14,2340.336620
167,14,2340.336620
167,14,2340.336620
167,14,2340.336620
167,14,2340.336620
167,14,2340.336620
167,14,2340.336620
167,14,2340.336620
168,6,3931.026246
168,6,3931.026246
168,6,3931.026246
168,6,3931.026246
168,7,3815.962616
168,7,3815.962616
168,7,3815.962616
168,7,3815.962616
168,7,3815.962616
168,7,3815.962616
168,7,3815.962616
168,7,3815.962616
168,7,3815.962616
168,8,2750.092180
168,8,2750.092180
168,8,2750.092180
168,8,2750.092180
168,8,2750.092180
168,8,2750.092180
168,8,2750.092180
168,8,2750.092180
168,8,2750.092180
168,8,2750.092180
168,9,2567.973399
168,9,2567.973399
168,9,2567.973399
168,9,2567.973399
168,9,2567.973399
168,9,2567.973399
168,9,2567.973399
168,10,2460.576189
168,10,2460.576189
168,10,2460.576189
168,10,2460.576189
168,10,2460.576189
168,10,2460.576189
168,10,2460.576189
168,10,2460.576189
168,10,2460.576189
168,10,2460.576189
168,10,2460.576189
168,10,2460.576189
168,10,2460.576189
168,10,2460.576189
168,10,2460.576189
168,10,2460.576189
168,10,2460.576189
168,11,2427.834780
168,11,2427.834780
168,11,2427.834780
168,11,2427.834780
168,11,2427.834780
168,11,2427.834780
168,11,2427.834780
168,11,2427.834780
168,11,2427.834780
168,11,2427.834780
168,11,2427.834780
168,11,2427.834780
168,12,2390.413715
168,12,2390.413715
168,12,2390.413715
168,12,2390.413715
168,12,2390.413715
168,13,2363.854756
168,13,2363.854756
168,13,2363.854756
168,13,2363.854756
168,13,2363.854756
168,13,2363.854756
168,13,2363.854756
168,13,2363.854756
168,13,2363.854756
168,13,2363.854756
168,13,2363.854756
168,13,2363.854756
168,13,2363.854756
168,13,2363.854756
168,13,2363.854756
168,13,2363.854756
168,14,2340.336620
168,14,2340.336620
168,14,2340.336620
168,14,2340.336620
168,14,2340.336620
168,14,2340.336620
168,14,2340.336620
168,14,2340.336620
168,14,2340.336620
168,14,2340.336620
168,14,2340.336620
168,14,2340.336620
168,14,2340.336620
168,14,2340.336620
168,14,2340.336620
168,14,2340.336620
168,14,2340.336620
168,14,2340.336620
168,14,2340.336620
168,14,2340.336620
168,14,2340.336620
169,6,3931.026246
169,6,3931.026246
169,6,3931.026246
169,6,3931.026246
169,6,3931.026246
169,7,3814.675227
169,8,2750.092180
169,8,2750.092180
169,8,2750.092180
169,8,2750.092180
169,8,2750.092180
169,8,2750.092180
169,8,2750.092180
169,8,2750.092180
169,8,2750.092180
169,8,2750.092180
169,8,2750.092180
169,9,2567.973399
169,9,2567.973399
169,9,2567.973399
169,9,2567.973399
169,9,2567.973399
169,9,2567.973399
169,9,2567.973399
169,9,2567.973399
169,10,2460.576189
169,10,2460.576189
169,10,2460.576189
169,10,2460.576189
169,10,2460.576189
169,10,2460.576189
169,10,2460.576189
169,10,2460.576189
169,10,2460.576189
169,10,2460.576189
169,10,2460.576189
169,10,2460.576189
169,10,2460.576189
169,10,2460.576189
169,10,2460.576189
169,10,2460.576189
169,10,2460.576189
169,10,2460.576189
169,11,2427.834780
169,11,2427.834780
169,11,2427.834780
169,11,2427.834780
169,11,2427.834780
169,11,2427.834780
169,11,2427.834780
169,11,2427.834780
169,11,2427.834780
169,11,2427.834780
169,11,2427.834780
169,11,2427.834780
169,11,2427.834780
169,12,2390.413715
169,12,2390.413715
169,12,2390.413715
169,12,2390.413715
169,12,2390.413715
169,12,2390.413715
169,13,2356.208839
169,14,2340.336620
169,14,2340.336620
169,14,2340.336620
169,14,2340.336620
169,14,2340.336620
169,14,2340.336620
169,14,2340.336620
169,14,2340.336620
169,14,2340.336620
169,14,2340.336620
169,14,2340.336620
169,14,2340.336620
169,14,2340.336620
169,14,2340.336620
169,14,2340.336620
169,14,2340.336620
169,14,2340.336620
169,14,2340.336620
169,14,2340.336620
169,14,2340.336620
169,14,2340.336620
169,14,2340.336620
170,6,3931.026246
170,6,3931.026246
170,6,3931.026246
170,6,3931.026246
170,6,3931.026246
170,6,3931.026246
170,7,3814.675227
170,7,3814.675227
170,8,2750.092180
170,8,2750.092180
170,8,2750.092180
170,8,2750.092180
170,8,2750.092180
170,8,2750.092180
170,8,2750.092180
170,8,2750.092180
170,8,2750.092180
170,8,2750.092180
170,8,2750.092180
170,8,2750.092180
170,9,2567.973399
170,9,2567.973399
170,9,2567.973399
170,9,2567.973399
170,9,2567.973399
170,9,2567.973399
170,9,2567.973399
170,9,2567.973399
170,9,2567.973399
170,10,2460.576189
170,10,2460.576189
170,10,2460.576189
170,10,2460.576189
170,10,2460.576189
170,10,2460.576189
170,10,2460.576189
170,10,2460.576189
170,10,2460.576189
170,10,2460.576189
170,10,2460.576189
170,10,2460.576189
170,10,2460.576189
170,10,2460.576189
170,10,2460.576189
170,10,2460.576189
170,10,2460.576189
170,10,2460.576189
170,10,2460.576189
170,11,2387.469055
170,13,2356.208839
170,13,2356.208839
170,14,2340.336620
170,14,2340.336620
170,14,2340.336620
170,14,2340.336620
170,14,2340.336620
170,14,2340.336620
170,14,2340.336620
170,14,2340.336620
170,14,2340.336620
170,14,2340.336620
170,14,2340.336620
170,14,2340.336620
170,14,2340.336620
170,14,2340.336620
170,14,2340.336620
170,14,2340.336620
170,14,2340.336620
170,14,2340.336620
170,14,2340.336620
170,14,2340.336620
170,14,2340.336620
170,14,2340.336620
170,14,2340.336620
171,6,3931.026246
171,6,3931.026246
171,6,3931.026246
171,6,3931.026246
171,6,3931.026246
171,6,3931.026246
171,6,3931.026246
171,7,3814.675227
171,7,3814.675227
171,7,3814.675227
171,8,2750.092180
171,8,2750.092180
171,8,2750.092180
171,8,2750.092180
171,8,2750.092180
171,8,2750.092180
171,8,2750.092180
171,8,2750.092180
171,8,2750.092180
171,8,2750.092180
171,8,2750.092180
171,8,2750.092180
171,8,2750.092180
171,9,2567.973399
171,9,2567.973399
171,9,2567.973399
171,9,2567.973399
171,9,2567.973399
171,9,2567.973399
171,9,2567.973399
171,9,2567.973399
171,9,2567.973399
171,9,2567.973399
171,10,2460.576189
171,10,2460.576189
171,10,2460.576189
171,10,2460.576189
171,10,2460.576189
171,10,2460.576189
171,10,2460.576189
171,10,2460.576189
171,10,2460.576189
171,10,2460.576189
171,10,2460.576189
171,10,2460.576189
171,10,2460.576189
171,10,2460.576189
171,10,2460.576189
171,10,2460.576189
171,10,2460.576189
171,10,2460.576189
171,10,2460.576189
171,10,2460.576189
171,11,2387.469055
171,11,2387.469055
171,13,2356.208839
171,13,2356.208839
171,13,2356.208839
171,14,2340.336620
171,14,2340.336620
171,14,2340.336620
171,14,2340.336620
171,14,2340.336620
171,14,2340.336620
171,14,2340.336620
171,14,2340.336620
171,14,2340.336620
171,14,2340.336620
171,14,2340.336620
171,14,2340.336620
171,14,2340.336620
171,14,2340.336620
171,14,2340.336620
171,14,2340.336620
171,14,2340.336620
171,14,2340.336620
171,14,2340.336620
171,14,2340.336620
171,14,2340.336620
171,14,2340.336620
171,14,2340.336620
171,14,2340.336620
172,6,3841.555804
172,7,3792.228663
172,8,2750.092180
172,8,2750.092180
172,8,2750.092180
172,8,2750.092180
172,8,2750.092180
172,8,2750.092180
172,8,2750.092180
172,8,2750.092180
172,8,2750.092180
172,8,2750.092180
172,8,2750.092180
172,8,2750.092180
172,8,2750.092180
172,8,2750.092180
172,9,2567.973399
172,9,2567.973399
172,9,2567.973399
172,9,2567.973399
172,9,2567.973399
172,9,2567.973399
172,9,2567.973399
172,9,2567.973399
172,9,2567.973399
172,9,2567.973399
172,9,2567.973399
172,10,2460.576189
172,10,2460.576189
172,10,2460.576189
172,10,2460.576189
172,10,2460.576189
172,10,2460.576189
172,10,2460.576189
172,10,2460.576189
172,10,2460.576189
172,10,2460.576189
172,10,2460.576189
172,10,2460.576189
172,10,2460.576189
172,10,2460.576189
172,10,2460.576189
172,10,2460.576189
172,10,2460.576189
172,10,2460.576189
172,10,2460.576189
172,10,2460.576189
172,10,2460.576189
172,11,2387.469055
172,11,2387.469055
172,11,2387.469055
172,13,2356.208839
172,13,2356.208839
172,13,2356.208839
172,13,2356.208839
172,14,2340.336620
172,14,2340.336620
172,14,2340.336620
172,14,2340.336620
172,14,2340.336620
172,14,2340.336620
172,14,2340.336620
172,14,2340.336620
172,14,2340.336620
172,14,2340.336620
172,14,2340.336620
172,14,2340.336620
172,14,2340.336620
172,14,2340.336620
172,14,2340.336620
172,14,2340.336620
172,14,2340.336620
172,14,2340.336620
172,14,2340.336620
172,14,2340.336620
172,14,2340.336620
172,14,2340.336620
172,14,2340.336620
172,14,2340.336620
172,14,2340.336620
173,6,3841.555804
173,6,3841.555804
173,7,3792.228663
173,7,3792.228663
173,8,2691.855607
173,9,2567.973399
173,9,2567.973399
173,9,2567.973399
173,9,2567.973399
173,9,2567.973399
173,9,2567.973399
173,9,2567.973399
173,9,2567.973399
173,9,2567.973399
173,9,2567.973399
173,9,2567.973399
173,9,2567.973399
173,10,2432.721127
173,11,2387.469055
173,11,2387.469055
173,11,2387.469055
173,11,2387.469055
173,13,2356.208839
173,13,2356.208839
173,13,2356.208839
173,13,2356.208839
173,13,2356.208839
173,14,2340.336620
173,14,2340.336620
173,14,2340.336620
173,14,2340.336620
173,14,2340.336620
173,14,2340.336620
173,14,2340.336620
173,14,2340.336620
173,14,2340.336620
173,14,2340.336620
173,14,2340.336620
173,14,2340.336620
173,14,2340.336620
173,14,2340.336620
173,14,2340.336620
173,14,2340.336620
173,14,2340.336620
173,14,2340.336620
173,14,2340.336620
173,14,2340.336620
173,14,2340.336620
173,14,2340.336620
173,14,2340.336620
173,14,2340.336620
173,14,2340.336620
173,14,2340.336620
174,6,3800.245066
174,7,3792.228663
174,7,3792.228663
174,7,3792.228663
174,8,2691.855607
174,8,2691.855607
174,9,2567.973399
174,9,2567.973399
174,9,2567.973399
174,9,2567.973399
174,9,2567.973399
174,9,2567.973399
174,9,2567.973399
174,9,2567.973399
174,9,2567.973399
174,9,2567.973399
174,9,2567.973399
174,9,2567.973399
174,9,2567.973399
174,10,2432.721127
174,10,2432.721127
174,11,2387.469055
174,11,2387.469055
174,11,2387.469055
174,11,2387.469055
174,11,2387.469055
174,13,2356.208839
174,13,2356.208839
174,13,2356.208839
174,13,2356.208839
174,13,2356.208839
174,13,2356.208839
174,14,2340.336620
174,14,2340.336620
174,14,2340.336620
174,14,2340.336620
174,14,2340.336620
174,14,2340.336620
174,14,2340.336620
174,14,2340.336620
174,14,2340.336620
174,14,2340.336620
174,14,2340.336620
174,14,2340.336620
174,14,2340.336620
174,14,2340.336620
174,14,2340.336620
174,14,2340.336620
174,14,2340.336620
174,14,2340.336620
174,14,2340.336620
174,14,2340.336620
174,14,2340.336620
174,14,2340.336620
174,14,2340.336620
174,14,2340.336620
174,14,2340.336620
174,14,2340.336620
174,14,2340.336620
175,6,3800.245066
175,6,3800.245066
175,7,3792.228663
175,7,3792.228663
175,7,3792.228663
175,7,3792.228663
175,8,2691.855607
175,8,2691.855607
175,8,2691.855607
175,9,2566.051984
175,10,2432.721127
175,10,2432.721127
175,10,2432.721127
175,11,2369.026013
175,13,2356.208839
175,13,2356.208839
175,13,2356.208839
175,13,2356.208839
175,13,2356.208839
175,13,2356.208839
175,13,2356.208839
175,14,2340.336620
175,14,2340.336620
175,14,2340.336620
175,14,2340.336620
175,14,2340.336620
175,14,2340.336620
175,14,2340.336620
175,14,2340.336620
175,14,2340.336620
175,14,2340.336620
175,14,2340.336620
175,14,2340.336620
175,14,2340.336620
175,14,2340.336620
175,14,2340.336620
175,14,2340.336620
175,14,2340.336620
175,14,2340.336620
175,14,2340.336620
175,14,2340.336620
175,14,2340.336620
175,14,2340.336620
175,14,2340.336620
175,14,2340.336620
175,14,2340.336620
175,14,2340.336620
175,14,2340.336620
175,14,2340.336620
176,6,3800.245066
176,6,3800.245066
176,6,3800.245066
176,7,3792.228663
176,7,3792.228663
176,7,3792.228663
176,7,3792.228663
176,7,3792.228663
176,8,2691.855607
176,8,2691.855607
176,8,2691.855607
176,8,2691.855607
176,9,2566.051984
176,9,2566.051984
176,10,2432.721127
176,10,2432.721127
176,10,2432.721127
176,10,2432.721127
176,11,2369.026013
176,11,2369.026013
176,13,2356.208839
176,13,2356.208839
176,13,2356.208839
176,13,2356.208839
176,13,2356.208839
176,13,2356.208839
176,13,2356.208839
176,13,2356.208839
176,14,2340.336620
176,14,2340.336620
176,14,2340.336620
176,14,2340.336620
176,14,2340.336620
176,14,2340.336620
176,14,2340.336620
176,14,2340.336620
176,14,2340.336620
176,14,2340.336620
176,14,2340.336620
176,14,2340.336620
176,14,2340.336620
176,14,2340.336620
176,14,2340.336620
176,14,2340.336620
176,14,2340.336620
176,14,2340.336620
176,14,2340.336620
176,14,2340.336620
176,14,2340.336620
176,14,2340.336620
176,14,2340.336620
176,14,2340.336620
176,14,2340.336620
176,14,2340.336620
176,14,2340.336620
176,14,2340.336620
176,14,2340.336620
177,6,3800.245066
177,6,3800.245066
177,6,3800.245066
177,6,3800.245066
177,7,3792.228663
177,7,3792.228663
177,7,3792.228663
177,7,3792.228663
177,7,3792.228663
177,7,3792.228663
177,8,2691.855607
177,8,2691.855607
177,8,2691.855607
177,8,2691.855607
177,8,2691.855607
177,9,2534.947031
177,10,2432.721127
177,10,2432.721127
177,10,2432.721127
177,10,2432.721127
177,10,2432.721127
177,11,2369.026013
177,11,2369.026013
177,11,2369.026013
177,13,2356.208839
177,13,2356.208839
177,13,2356.208839
177,13,2356.208839
177,13,2356.208839
177,13,2356.208839
177,13,2356.208839
177,13,2356.208839
177,13,2356.208839
177,14,2340.336620
177,14,2340.336620
177,14,2340.336620
177,14,2340.336620
177,14,2340.336620
177,14,2340.336620
177,14,2340.336620
177,14,2340.336620
177,14,2340.336620
177,14,2340.336620
177,14,2340.336620
177,14,2340.336620
177,14,2340.336620
177,14,2340.336620
177,14,2340.336620
177,14,2340.336620
177,14,2340.336620
177,14,2340.336620
177,14,2340.336620
177,14,2340.336620
177,14,2340.336620
177,14,2340.336620
177,14,2340.336620
177,14,2340.336620
177,14,2340.336620
177,14,2340.336620
177,14,2340.336620
177,14,2340.336620
177,14,2340.336620
177,14,2340.336620
177,18,2336.301473
178,6,3800.245066
178,6,3800.245066
178,6,3800.245066
178,6,3800.245066
178,6,3800.245066
178,7,3756.472468
178,8,2691.855607
178,8,2691.855607
178,8,2691.855607
178,8,2691.855607
178,8,2691.855607
178,8,2691.855607
178,9,2534.947031
178,9,2534.947031
178,10,2432.721127
178,10,2432.721127
178,10,2432.721127
178,10,2432.721127
178,10,2432.721127
178,10,2432.721127
178,11,2369.026013
178,11,2369.026013
178,11,2369.026013
178,11,2369.026013
178,13,2356.208839
178,13,2356.208839
178,13,2356.208839
178,13,2356.208839
178,13,2356.208839
178,13,2356.208839
178,13,2356.208839
178,13,2356.208839
178,13,2356.208839
178,13,2356.208839
178,14,2340.336620
178,14,2340.336620
178,14,2340.336620
178,14,2340.336620
178,14,2340.336620
178,14,2340.336620
178,14,2340.336620
178,14,2340.336620
178,14,2340.336620
178,14,2340.336620
178,14,2340.336620
178,14,2340.336620
178,14,2340.336620
178,14,2340.336620
178,14,2340.336620
178,14,2340.336620
178,14,2340.336620
178,14,2340.336620
178,14,2340.336620
178,14,2340.336620
178,14,2340.336620
178,14,2340.336620
178,14,2340.336620
178,14,2340.336620
178,14,2340.336620
178,14,2340.336620
178,14,2340.336620
178,14,2340.336620
178,14,2340.336620
178,14,2340.336620
178,14,2340.336620
178,16,2333.319273
179,6,3800.245066
179,6,3800.245066
179,6,3800.245066
179,6,3800.245066
179,6,3800.245066
179,6,3800.245066
179,7,3756.472468
179,7,3756.472468
179,7,3756.472468
179,8,2668.057454
179,9,2534.947031
179,9,2534.947031
179,9,2534.947031
179,10,2432.721127
179,10,2432.721127
179,10,2432.721127
179,10,2432.721127
179,10,2432.721127
179,10,2432.721127
179,10,2432.721127
179,11,2369.026013
179,11,2369.026013
179,11,2369.026013
179,11,2369.026013
179,11,2369.026013
179,13,2356.208839
179,13,2356.208839
179,13,2356.208839
179,13,2356.208839
179,13,2356.208839
179,13,2356.208839
179,13,2356.208839
179,13,2356.208839
179,13,2356.208839
179,13,2356.208839
179,13,2356.208839
179,14,2340.336620
179,14,2340.336620
179,14,2340.336620
179,14,2340.336620
179,14,2340.336620
179,14,2340.336620
179,14,2340.336620
179,14,2340.336620
179,14,2340.336620
179,14,2340.336620
179,14,2340.336620
179,14,2340.336620
179,14,2340.336620
179,14,2340.336620
179,14,2340.336620
179,14,2340.336620
179,14,2340.336620
179,14,2340.336620
179,14,2340.336620
179,14,2340.336620
179,14,2340.336620
179,14,2340.336620
179,14,2340.336620
179,14,2340.336620
179,14,2340.336620
179,14,2340.336620
179,14,2340.336620
179,14,2340.336620
179,14,2340.336620
179,14,2340.336620
179,14,2340.336620
179,14,2340.336620
179,15,2336.410869
179,16,2333.319273
179,16,2333.319273
180,6,3800.245066
180,6,3800.245066
180,6,3800.245066
180,6,3800.245066
180,6,3800.245066
180,6,3800.245066
180,6,3800.245066
180,7,3735.818889
180,8,2668.057454
180,8,2668.057454
180,9,2534.947031
180,9,2534.947031
180,9,2534.947031
180,9,2534.947031
180,10,2432.721127
180,10,2432.721127
180,10,2432.721127
180,10,2432.721127
180,10,2432.721127
180,10,2432.721127
180,10,2432.721127
180,10,2432.721127
180,11,2369.026013
180,11,2369.026013
180,11,2369.026013
180,11,2369.026013
180,11,2369.026013
180,11,2369.026013
180,13,2356.208839
180,13,2356.208839
180,13,2356.208839
180,13,2356.208839
180,13,2356.208839
180,13,2356.208839
180,13,2356.208839
180,13,2356.208839
180,13,2356.208839
180,13,2356.208839
180,13,2356.208839
180,13,2356.208839
180,14,2340.336620
180,14,2340.336620
180,14,2340.336620
180,14,2340.336620
180,14,2340.336620
180,14,2340.336620
180,14,2340.336620
180,14,2340.336620
180,14,2340.336620
180,14,2340.336620
180,14,2340.336620
180,14,2340.336620
180,14,2340.336620
180,14,2340.336620
180,14,2340.336620
180,14,2340.336620
180,14,2340.336620
180,14,2340.336620
180,14,2340.336620
180,14,2340.336620
180,14,2340.336620
180,14,2340.336620
180,14,2340.336620
180,14,2340.336620
180,14,2340.336620
180,14,2340.336620
180,14,2340.336620
180,14,2340.336620
180,14,2340.336620
180,14,2340.336620
180,14,2340.336620
180,14,2340.336620
180,14,2340.336620
180,15,2336.410869
180,15,2336.410869
180,16,2330.469630
180,17,2324.016051
181,6,3800.245066
181,6,3800.245066
181,6,3800.245066
181,6,3800.245066
181,6,3800.245066
181,6,3800.245066
181,6,3800.245066
181,6,3800.245066
181,7,3715.231192
181,8,2668.057454
181,8,2668.057454
181,8,2668.057454
181,9,2534.947031
181,9,2534.947031
181,9,2534.947031
181,9,2534.947031
181,9,2534.947031
181,10,2432.721127
181,10,2432.721127
181,10,2432.721127
181,10,2432.721127
181,10,2432.721127
181,10,2432.721127
181,10,2432.721127
181,10,2432.721127
181,10,2432.721127
181,11,2359.659840
181,13,2348.267403
181,14,2340.336620
181,14,2340.336620
181,14,2340.336620
181,14,2340.336620
181,14,2340.336620
181,14,2340.336620
181,14,2340.336620
181,14,2340.336620
181,14,2340.336620
181,14,2340.336620
181,14,2340.336620
181,14,2340.336620
181,14,2340.336620
181,14,2340.336620
181,14,2340.336620
181,14,2340.336620
181,14,2340.336620
181,14,2340.336620
181,14,2340.336620
181,14,2340.336620
181,14,2340.336620
181,14,2340.336620
181,14,2340.336620
181,14,2340.336620
181,14,2340.336620
181,14,2340.336620
181,14,2340.336620
181,14,2340.336620
181,14,2340.336620
181,14,2340.336620
181,14,2340.336620
181,14,2340.336620
181,14,2340.336620
181,14,2340.336620
181,15,2336.229146
181,16,2330.469630
181,16,2330.469630
181,17,2324.016051
181,17,2324.016051
182,6,3769.345419
182,7,3715.231192
182,7,3715.231192
182,8,2668.057454
182,8,2668.057454
182,8,2668.057454
182,8,2668.057454
182,9,2534.947031
182,9,2534.947031
182,9,2534.947031
182,9,2534.947031
182,9,2534.947031
182,9,2534.947031
182,10,2432.721127
182,10,2432.721127
182,10,2432.721127
182,10,2432.721127
182,10,2432.721127
182,10,2432.721127
182,10,2432.721127
182,10,2432.721127
182,10,2432.721127
182,10,2432.721127
182,11,2359.659840
182,11,2359.659840
182,13,2348.267403
182,13,2348.267403
182,14,2340.336620
182,14,2340.336620
182,14,2340.336620
182,14,2340.336620
182,14,2340.336620
182,14,2340.336620
182,14,2340.336620
182,14,2340.336620
182,14,2340.336620
182,14,2340.336620
182,14,2340.336620
182,14,2340.336620
182,14,2340.336620
182,14,2340.336620
182,14,2340.336620
182,14,2340.336620
182,14,2340.336620
182,14,2340.336620
182,14,2340.336620
182,14,2340.336620
182,14,2340.336620
182,14,2340.336620
182,14,2340.336620
182,14,2340.336620
182,14,2340.336620
182,14,2340.336620
182,14,2340.336620
182,14,2340.336620
182,14,2340.336620
182,14,2340.336620
182,14,2340.336620
182,14,2340.336620
182,14,2340.336620
182,14,2340.336620
182,14,2340.336620
182,15,2336.229146
182,15,2336.229146
182,16,2330.469630
182,16,2330.469630
182,16,2330.469630
182,17,2324.016051
182,17,2324.016051
182,17,2324.016051
183,6,3769.345419
183,6,3769.345419
183,7,3715.231192
183,7,3715.231192
183,7,3715.231192
183,8,2668.057454
183,8,2668.057454
183,8,2668.057454
183,8,2668.057454
183,8,2668.057454
183,9,2534.947031
183,9,2534.947031
183,9,2534.947031
183,9,2534.947031
183,9,2534.947031
183,9,2534.947031
183,9,2534.947031
183,10,2432.721127
183,10,2432.721127
183,10,2432.721127
183,10,2432.721127
183,10,2432.721127
183,10,2432.721127
183,10,2432.721127
183,10,2432.721127
183,10,2432.721127
183,10,2432.721127
183,10,2432.721127
183,11,2359.659840
183,11,2359.659840
183,11,2359.659840
183,13,2348.267403
183,13,2348.267403
183,13,2348.267403
183,14,2336.788944
183,15,2336.229146
183,15,2336.229146
183,15,2336.229146
183,16,2330.469630
183,16,2330.469630
183,16,2330.469630
183,16,2330.469630
183,17,2324.016051
183,17,2324.016051
183,17,2324.016051
183,17,2324.016051
184,6,3769.345419
184,6,3769.345419
184,6,3769.345419
184,7,3692.508398
184,8,2668.057454
184,8,2668.057454
184,8,2668.057454
184,8,2668.057454
184,8,2668.057454
184,8,2668.057454
184,9,2534.947031
184,9,2534.947031
184,9,2534.947031
184,9,2534.947031
184,9,2534.947031
184,9,2534.947031
184,9,2534.947031
184,9,2534.947031
184,10,2432.721127
184,10,2432.721127
184,10,2432.721127
184,10,2432.721127
184,10,2432.721127
184,10,2432.721127
184,10,2432.721127
184,10,2432.721127
184,10,2432.721127
184,10,2432.721127
184,10,2432.721127
184,10,2432.721127
184,11,2359.659840
184,11,2359.659840
184,11,2359.659840
184,11,2359.659840
184,13,2348.267403
184,13,2348.267403
184,13,2348.267403
184,13,2348.267403
184,14,2336.788944
184,14,2336.788944
184,15,2336.229146
184,15,2336.229146
184,15,2336.229146
184,15,2336.229146
184,16,2330.469630
184,16,2330.469630
184,16,2330.469630
184,16,2330.469630
184,16,2330.469630
184,17,2324.016051
184,17,2324.016051
184,17,2324.016051
184,17,2324.016051
184,17,2324.016051
185,6,3769.345419
185,6,3769.345419
185,6,3769.345419
185,6,3769.345419
185,7,3692.508398
185,7,3692.508398
185,8,2665.455262
185,9,2534.947031
185,9,2534.947031
185,9,2534.947031
185,9,2534.947031
185,9,2534.947031
185,9,2534.947031
185,9,2534.947031
185,9,2534.947031
185,9,2534.947031
185,10,2432.721127
185,10,2432.721127
185,10,2432.721127
185,10,2432.721127
185,10,2432.721127
185,10,2432.721127
185,10,2432.721127
185,10,2432.721127
185,10,2432.721127
185,10,2432.721127
185,10,2432.721127
185,10,2432.721127
185,10,2432.721127
185,11,2359.659840
185,11,2359.659840
185,11,2359.659840
185,11,2359.659840
185,11,2359.659840
185,13,2348.267403
185,13,2348.267403
185,13,2348.267403
185,13,2348.267403
185,13,2348.267403
185,14,2336.788944
185,14,2336.788944
185,14,2336.788944
185,15,2336.229146
185,15,2336.229146
185,15,2336.229146
185,15,2336.229146
185,15,2336.229146
185,16,2330.469630
185,16,2330.469630
185,16,2330.469630
185,16,2330.469630
185,16,2330.469630
185,16,2330.469630
185,17,2324.016051
185,17,2324.016051
185,17,2324.016051
185,17,2324.016051
185,17,2324.016051
185,17,2324.016051
186,6,3769.345419
186,6,3769.345419
186,6,3769.345419
186,6,3769.345419
186,6,3769.345419
186,7,3692.508398
186,7,3692.508398
186,7,3692.508398
186,8,2665.455262
186,8,2665.455262
186,9,2534.947031
186,9,2534.947031
186,9,2534.947031
186,9,2534.947031
186,9,2534.947031
186,9,2534.947031
186,9,2534.947031
186,9,2534.947031
186,9,2534.947031
186,9,2534.947031
186,10,2432.721127
186,10,2432.721127
186,10,2432.721127
186,10,2432.721127
186,10,2432.721127
186,10,2432.721127
186,10,2432.721127
186,10,2432.721127
186,10,2432.721127
186,10,2432.721127
186,10,2432.721127
186,10,2432.721127
186,10,2432.721127
186,10,2432.721127
186,11,2359.659840
186,11,2359.659840
186,11,2359.659840
186,11,2359.659840
186,11,2359.659840
186,11,2359.659840
186,13,2348.267403
186,13,2348.267403
186,13,2348.267403
186,13,2348.267403
186,13,2348.267403
186,13,2348.267403
186,14,2336.788944
186,14,2336.788944
186,14,2336.788944
186,14,2336.788944
186,15,2320.976220
187,6,3769.345419
187,6,3769.345419
187,6,3769.345419
187,6,3769.345419
187,6,3769.345419
187,6,3769.345419
187,7,3692.508398
187,7,3692.508398
187,7,3692.508398
187,7,3692.508398
187,8,2665.455262
187,8,2665.455262
187,8,2665.455262
187,9,2534.947031
187,9,2534.947031
187,9,2534.947031
187,9,2534.947031
187,9,2534.947031
187,9,2534.947031
187,9,2534.947031
187,9,2534.947031
187,9,2534.947031
187,9,2534.947031
187,9,2534.947031
187,10,2432.721127
187,10,2432.721127
187,10,2432.721127
187,10,2432.721127
187,10,2432.721127
187,10,2432.721127
187,10,2432.721127
187,10,2432.721127
187,10,2432.721127
187,10,2432.721127
187,10,2432.721127
187,10,2432.721127
187,10,2432.721127
187,10,2432.721127
187,10,2432.721127
187,11,2359.659840
187,11,2359.659840
187,11,2359.659840
187,11,2359.659840
187,11,2359.659840
187,11,2359.659840
187,11,2359.659840
187,13,2348.267403
187,13,2348.267403
187,13,2348.267403
187,13,2348.267403
187,13,2348.267403
187,13,2348.267403
187,13,2348.267403
187,14,2336.788944
187,14,2336.788944
187,14,2336.788944
187,14,2336.788944
187,14,2336.788944
187,15,2320.976220
187,15,2320.976220
188,6,3769.345419
188,6,3769.345419
188,6,3769.345419
188,6,3769.345419
188,6,3769.345419
188,6,3769.345419
188,6,3769.345419
188,7,3692.508398
188,7,3692.508398
188,7,3692.508398
188,7,3692.508398
188,7,3692.508398
188,8,2660.452288
188,9,2534.947031
188,9,2534.947031
188,9,2534.947031
188,9,2534.947031
188,9,2534.947031
188,9,2534.947031
188,9,2534.947031
188,9,2534.947031
188,9,2534.947031
188,9,2534.947031
188,9,2534.947031
188,9,2534.947031
188,10,2432.721127
188,10,2432.721127
188,10,2432.721127
188,10,2432.721127
188,10,2432.721127
188,10,2432.721127
188,10,2432.721127
188,10,2432.721127
188,10,2432.721127
188,10,2432.721127
188,10,2432.721127
188,10,2432.721127
188,10,2432.721127
188,10,2432.721127
188,10,2432.721127
188,10,2432.721127
188,11,2359.659840
188,11,2359.659840
188,11,2359.659840
188,11,2359.659840
188,11,2359.659840
188,11,2359.659840
188,11,2359.659840
188,11,2359.659840
188,13,2348.267403
188,13,2348.267403
188,13,2348.267403
188,13,2348.267403
188,13,2348.267403
188,13,2348.267403
188,13,2348.267403
188,13,2348.267403
188,14,2336.788944
188,14,2336.788944
188,14,2336.788944
188,14,2336.788944
188,14,2336.788944
188,14,2336.788944
188,15,2320.976220
188,15,2320.976220
188,15,2320.976220
189,6,3769.345419
189,6,3769.345419
189,6,3769.345419
189,6,3769.345419
189,6,3769.345419
189,6,3769.345419
189,6,3769.345419
189,6,3769.345419
189,7,3692.508398
189,7,3692.508398
189,7,3692.508398
189,7,3692.508398
189,7,3692.508398
189,7,3692.508398
189,8,2660.452288
189,8,2660.452288
189,9,2534.947031
189,9,2534.947031
189,9,2534.947031
189,9,2534.947031
189,9,2534.947031
189,9,2534.947031
189,9,2534.947031
189,9,2534.947031
189,9,2534.947031
189,9,2534.947031
189,9,2534.947031
189,9,2534.947031
189,9,2534.947031
189,10,2402.881713
189,11,2359.659840
189,11,2359.659840
189,11,2359.659840
189,11,2359.659840
189,11,2359.659840
189,11,2359.659840
189,11,2359.659840
189,11,2359.659840
189,11,2359.659840
189,13,2337.046662
189,14,2336.788944
189,14,2336.788944
189,14,2336.788944
189,14,2336.788944
189,14,2336.788944
189,14,2336.788944
189,14,2336.788944
189,15,2320.976220
189,15,2320.976220
189,15,2320.976220
189,15,2320.976220
190,6,3769.345419
190,6,3769.345419
190,6,3769.345419
190,6,3769.345419
190,6,3769.345419
190,6,3769.345419
190,6,3769.345419
190,6,3769.345419
190,6,3769.345419
190,7,3649.508140
190,8,2658.665378
190,9,2534.947031
190,9,2534.947031
190,9,2534.947031
190,9,2534.947031
190,9,2534.947031
190,9,2534.947031
190,9,2534.947031
190,9,2534.947031
190,9,2534.947031
190,9,2534.947031
190,9,2534.947031
190,9,2534.947031
190,9,2534.947031
190,9,2534.947031
190,10,2402.881713
190,10,2402.881713
190,11,2359.659840
190,11,2359.659840
190,11,2359.659840
190,11,2359.659840
190,11,2359.659840
190,11,2359.659840
190,11,2359.659840
190,11,2359.659840
190,11,2359.659840
190,11,2359.659840
190,13,2337.046662
190,13,2337.046662
190,14,2336.788944
190,14,2336.788944
190,14,2336.788944
190,14,2336.788944
190,14,2336.788944
190,14,2336.788944
190,14,2336.788944
190,14,2336.788944
190,15,2320.976220
190,15,2320.976220
190,15,2320.976220
190,15,2320.976220
190,15,2320.976220
191,6,3769.345419
191,6,3769.345419
191,6,3769.345419
191,6,3769.345419
191,6,3769.345419
191,6,3769.345419
191,6,3769.345419
191,6,3769.345419
191,6,3769.345419
191,6,3769.345419
191,7,3091.866561
191,8,2658.665378
191,8,2658.665378
191,9,2534.947031
191,9,2534.947031
191,9,2534.947031
191,9,2534.947031
191,9,2534.947031
191,9,2534.947031
191,9,2534.947031
191,9,2534.947031
191,9,2534.947031
191,9,2534.947031
191,9,2534.947031
191,9,2534.947031
191,9,2534.947031
191,9,2534.947031
191,9,2534.947031
191,10,2402.881713
191,10,2402.881713
191,10,2402.881713
191,11,2359.659840
191,11,2359.659840
191,11,2359.659840
191,11,2359.659840
191,11,2359.659840
191,11,2359.659840
191,11,2359.659840
191,11,2359.659840
191,11,2359.659840
191,11,2359.659840
191,11,2359.659840
191,12,2336.765663
191,15,2320.976220
191,15,2320.976220
191,15,2320.976220
191,15,2320.976220
191,15,2320.976220
191,15,2320.976220
192,6,3769.345419
192,6,3769.345419
192,6,3769.345419
192,6,3769.345419
192,6,3769.345419
192,6,3769.345419
192,6,3769.345419
192,6,3769.345419
192,6,3769.345419
192,6,3769.345419
192,6,3769.345419
192,6,3769.345419
192,7,3091.866561
192,7,3091.866561
192,8,2658.665378
192,8,2658.665378
192,8,2658.665378
192,9,2534.947031
192,9,2534.947031
192,9,2534.947031
192,9,2534.947031
192,9,2534.947031
192,9,2534.947031
192,9,2534.947031
192,9,2534.947031
192,9,2534.947031
192,9,2534.947031
192,9,2534.947031
192,9,2534.947031
192,9,2534.947031
192,9,2534.947031
192,9,2534.947031
192,9,2534.947031
192,10,2396.398317
192,11,2359.659840
192,11,2359.659840
192,11,2359.659840
192,11,2359.659840
192,11,2359.659840
192,11,2359.659840
192,11,2359.659840
192,11,2359.659840
192,11,2359.659840
192,11,2359.659840
192,11,2359.659840
192,11,2359.659840
192,12,2336.765663
192,12,2336.765663
192,15,2320.976220
192,15,2320.976220
192,15,2320.976220
192,15,2320.976220
192,15,2320.976220
192,15,2320.976220
192,15,2320.976220
193,6,3727.833138
193,7,3091.866561
193,7,3091.866561
193,7,3091.866561
193,8,2658.665378
193,8,2658.665378
193,8,2658.665378
193,8,2658.665378
193,9,2534.947031
193,9,2534.947031
193,9,2534.947031
193,9,2534.947031
193,9,2534.947031
193,9,2534.947031
193,9,2534.947031
193,9,2534.947031
193,9,2534.947031
193,9,2534.947031
193,9,2534.947031
193,9,2534.947031
193,9,2534.947031
193,9,2534.947031
193,9,2534.947031
193,9,2534.947031
193,9,2534.947031
193,10,2396.398317
193,10,2396.398317
193,11,2359.659840
193,11,2359.659840
193,11,2359.659840
193,11,2359.659840
193,11,2359.659840
193,11,2359.659840
193,11,2359.659840
193,11,2359.659840
193,11,2359.659840
193,11,2359.659840
193,11,2359.659840
193,11,2359.659840
193,11,2359.659840
193,12,2336.765663
193,12,2336.765663
193,12,2336.765663
193,15,2320.976220
193,15,2320.976220
193,15,2320.976220
193,15,2320.976220
193,15,2320.976220
193,15,2320.976220
193,15,2320.976220
193,15,2320.976220
194,6,3727.833138
194,6,3727.833138
194,7,3091.866561
194,7,3091.866561
194,7,3091.866561
194,7,3091.866561
194,8,2658.665378
194,8,2658.665378
194,8,2658.665378
194,8,2658.665378
194,8,2658.665378
194,9,2534.947031
194,9,2534.947031
194,9,2534.947031
194,9,2534.947031
194,9,2534.947031
194,9,2534.947031
194,9,2534.947031
194,9,2534.947031
194,9,2534.947031
194,9,2534.947031
194,9,2534.947031
194,9,2534.947031
194,9,2534.947031
194,9,2534.947031
194,9,2534.947031
194,9,2534.947031
194,9,2534.947031
194,9,2534.947031
194,10,2396.398317
194,10,2396.398317
194,10,2396.398317
194,11,2359.659840
194,11,2359.659840
194,11,2359.659840
194,11,2359.659840
194,11,2359.659840
194,11,2359.659840
194,11,2359.659840
194,11,2359.659840
194,11,2359.659840
194,11,2359.659840
194,11,2359.659840
194,11,2359.659840
194,11,2359.659840
194,11,2359.659840
194,12,2336.765663
194,12,2336.765663
194,12,2336.765663
194,12,2336.765663
194,15,2320.976220
194,15,2320.976220
194,15,2320.976220
194,15,2320.976220
194,15,2320.976220
194,15,2320.976220
194,15,2320.976220
194,15,2320.976220
194,15,2320.976220
195,6,3727.833138
195,6,3727.833138
195,6,3727.833138
195,7,3091.866561
195,7,3091.866561
195,7,3091.866561
195,7,3091.866561
195,7,3091.866561
195,8,2658.665378
195,8,2658.665378
195,8,2658.665378
195,8,2658.665378
195,8,2658.665378
195,8,2658.665378
195,9,2527.835257
195,10,2396.398317
195,10,2396.398317
195,10,2396.398317
195,10,2396.398317
195,11,2359.659840
195,11,2359.659840
195,11,2359.659840
195,11,2359.659840
195,11,2359.659840
195,11,2359.659840
195,11,2359.659840
195,11,2359.659840
195,11,2359.659840
195,11,2359.659840
195,11,2359.659840
195,11,2359.659840
195,11,2359.659840
195,11,2359.659840
195,11,2359.659840
195,12,2336.765663
195,12,2336.765663
195,12,2336.765663
195,12,2336.765663
195,12,2336.765663
195,15,2320.976220
195,15,2320.976220
195,15,2320.976220
195,15,2320.976220
195,15,2320.976220
195,15,2320.976220
195,15,2320.976220
195,15,2320.976220
195,15,2320.976220
195,15,2320.976220
196,6,3714.009454
196,7,3091.866561
196,7,3091.866561
196,7,3091.866561
196,7,3091.866561
196,7,3091.866561
196,7,3091.866561
196,8,2658.665378
196,8,2658.665378
196,8,2658.665378
196,8,2658.665378
196,8,2658.665378
196,8,2658.665378
196,8,2658.665378
196,9,2527.835257
196,9,2527.835257
196,10,2396.398317
196,10,2396.398317
196,10,2396.398317
196,10,2396.398317
196,10,2396.398317
196,11,2359.659840
196,11,2359.659840
196,11,2359.659840
196,11,2359.659840
196,11,2359.659840
196,11,2359.659840
196,11,2359.659840
196,11,2359.659840
196,11,2359.659840
196,11,2359.659840
196,11,2359.659840
196,11,2359.659840
196,11,2359.659840
196,11,2359.659840
196,11,2359.659840
196,11,2359.659840
196,12,2336.765663
196,12,2336.765663
196,12,2336.765663
196,12,2336.765663
196,12,2336.765663
196,12,2336.765663
196,13,2322.104420
196,15,2320.976220
196,15,2320.976220
196,15,2320.976220
196,15,2320.976220
196,15,2320.976220
196,15,2320.976220
196,15,2320.976220
196,15,2320.976220
196,15,2320.976220
196,15,2320.976220
196,15,2320.976220
197,6,3714.009454
197,6,3714.009454
197,7,3091.866561
197,7,3091.866561
197,7,3091.866561
197,7,3091.866561
197,7,3091.866561
197,7,3091.866561
197,7,3091.866561
197,8,2610.228185
197,9,2520.123935
197,10,2396.398317
197,10,2396.398317
197,10,2396.398317
197,10,2396.398317
197,10,2396.398317
197,10,2396.398317
197,11,2339.475924
197,12,2336.765663
197,12,2336.765663
197,12,2336.765663
197,12,2336.765663
197,12,2336.765663
197,12,2336.765663
197,12,2336.765663
197,13,2322.104420
197,13,2322.104420
197,15,2320.976220
197,15,2320.976220
197,15,2320.976220
197,15,2320.976220
197,15,2320.976220
197,15,2320.976220
197,15,2320.976220
197,15,2320.976220
197,15,2320.976220
197,15,2320.976220
197,15,2320.976220
197,15,2320.976220
198,6,3714.009454
198,6,3714.009454
198,6,3714.009454
198,7,3091.866561
198,7,3091.866561
198,7,3091.866561
198,7,3091.866561
198,7,3091.866561
198,7,3091.866561
198,7,3091.866561
198,7,3091.866561
198,8,2610.228185
198,8,2610.228185
198,9,2520.123935
198,9,2520.123935
198,10,2396.398317
198,10,2396.398317
198,10,2396.398317
198,10,2396.398317
198,10,2396.398317
198,10,2396.398317
198,10,2396.398317
198,11,2339.475924
198,11,2339.475924
198,12,2336.765663
198,12,2336.765663
198,12,2336.765663
198,12,2336.765663
198,12,2336.765663
198,12,2336.765663
198,12,2336.765663
198,12,2336.765663
198,13,2322.104420
198,13,2322.104420
198,13,2322.104420
198,15,2320.976220
198,15,2320.976220
198,15,2320.976220
198,15,2320.976220
198,15,2320.976220
198,15,2320.976220
198,15,2320.976220
198,15,2320.976220
198,15,2320.976220
198,15,2320.976220
198,15,2320.976220
198,15,2320.976220
198,15,2320.976220
199,6,3714.009454
199,6,3714.009454
199,6,3714.009454
199,6,3714.009454
199,7,2931.849791
199,8,2610.228185
199,8,2610.228185
199,8,2610.228185
199,9,2520.123935
199,9,2520.123935
199,9,2520.123935
199,10,2396.398317
199,10,2396.398317
199,10,2396.398317
199,10,2396.398317
199,10,2396.398317
199,10,2396.398317
199,10,2396.398317
199,10,2396.398317
199,11,2339.475924
199,11,2339.475924
199,11,2339.475924
199,12,2336.765663
199,12,2336.765663
199,12,2336.765663
199,12,2336.765663
199,12,2336.765663
199,12,2336.765663
199,12,2336.765663
199,12,2336.765663
199,12,2336.765663
199,13,2315.639906
200,6,3714.009454
200,6,3714.009454
200,6,3714.009454
200,6,3714.009454
200,6,3714.009454
200,7,2931.849791
200,7,2931.849791
200,8,2610.228185
200,8,2610.228185
200,8,2610.228185
200,8,2610.228185
200,9,2520.123935
200,9,2520.123935
200,9,2520.123935
200,9,2520.123935
200,10,2396.398317
200,10,2396.398317
200,10,2396.398317
200,10,2396.398317
200,10,2396.398317
200,10,2396.398317
200,10,2396.398317
200,10,2396.398317
200,10,2396.398317
200,11,2339.475924
200,11,2339.475924
200,11,2339.475924
200,11,2339.475924
200,12,2336.765663
200,12,2336.765663
200,12,2336.765663
200,12,2336.765663
200,12,2336.765663
200,12,2336.765663
200,12,2336.765663
200,12,2336.765663
200,12,2336.765663
200,12,2336.765663
200,13,2315.639906
200,13,2315.639906
201,6,3714.009454
201,6,3714.009454
201,6,3714.009454
201,6,3714.009454
201,6,3714.009454
201,6,3714.009454
201,7,2931.849791
201,7,2931.849791
201,7,2931.849791
201,8,2610.228185
201,8,2610.228185
201,8,2610.228185
201,8,2610.228185
201,8,2610.228185
201,9,2520.123935
201,9,2520.123935
201,9,2520.123935
201,9,2520.123935
201,9,2520.123935
201,10,2396.398317
201,10,2396.398317
201,10,2396.398317
201,10,2396.398317
201,10,2396.398317
201,10,2396.398317
201,10,2396.398317
201,10,2396.398317
201,10,2396.398317
201,10,2396.398317
201,11,2339.475924
201,11,2339.475924
201,11,2339.475924
201,11,2339.475924
201,11,2339.475924
201,12,2336.765663
201,12,2336.765663
201,12,2336.765663
201,12,2336.765663
201,12,2336.765663
201,12,2336.765663
201,12,2336.765663
201,12,2336.765663
201,12,2336.765663
201,12,2336.765663
201,12,2336.765663
201,13,2315.639906
201,13,2315.639906
201,13,2315.639906
202,6,3714.009454
202,6,3714.009454
202,6,3714.009454
202,6,3714.009454
202,6,3714.009454
202,6,3714.009454
202,6,3714.009454
202,7,2931.849791
202,7,2931.849791
202,7,2931.849791
202,7,2931.849791
202,8,2610.228185
202,8,2610.228185
202,8,2610.228185
202,8,2610.228185
202,8,2610.228185
202,8,2610.228185
202,9,2520.123935
202,9,2520.123935
202,9,2520.123935
202,9,2520.123935
202,9,2520.123935
202,9,2520.123935
202,10,2396.398317
202,10,2396.398317
202,10,2396.398317
202,10,2396.398317
202,10,2396.398317
202,10,2396.398317
202,10,2396.398317
202,10,2396.398317
202,10,2396.398317
202,10,2396.398317
202,10,2396.398317
202,11,2339.475924
202,11,2339.475924
202,11,2339.475924
202,11,2339.475924
202,11,2339.475924
202,11,2339.475924
202,12,2336.765663
202,12,2336.765663
202,12,2336.765663
202,12,2336.765663
202,12,2336.765663
202,12,2336.765663
202,12,2336.765663
202,12,2336.765663
202,12,2336.765663
202,12,2336.765663
202,12,2336.765663
202,12,2336.765663
202,13,2315.639906
202,13,2315.639906
202,13,2315.639906
202,13,2315.639906
203,6,3714.009454
203,6,3714.009454
203,6,3714.009454
203,6,3714.009454
203,6,3714.009454
203,6,3714.009454
203,6,3714.009454
203,6,3714.009454
203,7,2926.210632
203,8,2610.228185
203,8,2610.228185
203,8,2610.228185
203,8,2610.228185
203,8,2610.228185
203,8,2610.228185
203,8,2610.228185
203,9,2520.123935
203,9,2520.123935
203,9,2520.123935
203,9,2520.123935
203,9,2520.123935
203,9,2520.123935
203,9,2520.123935
203,10,2396.398317
203,10,2396.398317
203,10,2396.398317
203,10,2396.398317
203,10,2396.398317
203,10,2396.398317
203,10,2396.398317
203,10,2396.398317
203,10,2396.398317
203,10,2396.398317
203,10,2396.398317
203,10,2396.398317
203,11,2339.475924
203,11,2339.475924
203,11,2339.475924
203,11,2339.475924
203,11,2339.475924
203,11,2339.475924
203,11,2339.475924
203,12,2336.765663
203,12,2336.765663
203,12,2336.765663
203,12,2336.765663
203,12,2336.765663
203,12,2336.765663
203,12,2336.765663
203,12,2336.765663
203,12,2336.765663
203,12,2336.765663
203,12,2336.765663
203,12,2336.765663
203,12,2336.765663
203,13,2315.639906
203,13,2315.639906
203,13,2315.639906
203,13,2315.639906
203,13,2315.639906
204,6,3714.009454
204,6,3714.009454
204,6,3714.009454
204,6,3714.009454
204,6,3714.009454
204,6,3714.009454
204,6,3714.009454
204,6,3714.009454
204,6,3714.009454
204,7,2773.591483
204,8,2610.228185
204,8,2610.228185
204,8,2610.228185
204,8,2610.228185
204,8,2610.228185
204,8,2610.228185
204,8,2610.228185
204,8,2610.228185
204,9,2520.123935
204,9,2520.123935
204,9,2520.123935
204,9,2520.123935
204,9,2520.123935
204,9,2520.123935
204,9,2520.123935
204,9,2520.123935
204,10,2396.398317
204,10,2396.398317
204,10,2396.398317
204,10,2396.398317
204,10,2396.398317
204,10,2396.398317
204,10,2396.398317
204,10,2396.398317
204,10,2396.398317
204,10,2396.398317
204,10,2396.398317
204,10,2396.398317
204,10,2396.398317
204,11,2339.475924
204,11,2339.475924
204,11,2339.475924
204,11,2339.475924
204,11,2339.475924
204,11,2339.475924
204,11,2339.475924
204,11,2339.475924
204,12,2336.765663
204,12,2336.765663
204,12,2336.765663
204,12,2336.765663
204,12,2336.765663
204,12,2336.765663
204,12,2336.765663
204,12,2336.765663
204,12,2336.765663
204,12,2336.765663
204,12,2336.765663
204,12,2336.765663
204,12,2336.765663
204,12,2336.765663
204,13,2315.639906
204,13,2315.639906
204,13,2315.639906
204,13,2315.639906
204,13,2315.639906
204,13,2315.639906
205,6,3639.801937
205,7,2773.591483
205,7,2773.591483
205,8,2610.228185
205,8,2610.228185
205,8,2610.228185
205,8,2610.228185
205,8,2610.228185
205,8,2610.228185
205,8,2610.228185
205,8,2610.228185
205,8,2610.228185
205,9,2520.123935
205,9,2520.123935
205,9,2520.123935
205,9,2520.123935
205,9,2520.123935
205,9,2520.123935
205,9,2520.123935
205,9,2520.123935
205,9,2520.123935
205,10,2396.398317
205,10,2396.398317
205,10,2396.398317
205,10,2396.398317
205,10,2396.398317
205,10,2396.398317
205,10,2396.398317
205,10,2396.398317
205,10,2396.398317
205,10,2396.398317
205,10,2396.398317
205,10,2396.398317
205,10,2396.398317
205,10,2396.398317
205,11,2339.475924
205,11,2339.475924
205,11,2339.475924
205,11,2339.475924
205,11,2339.475924
205,11,2339.475924
205,11,2339.475924
205,11,2339.475924
205,11,2339.475924
205,12,2336.765663
205,12,2336.765663
205,12,2336.765663
205,12,2336.765663
205,12,2336.765663
205,12,2336.765663
205,12,2336.765663
205,12,2336.765663
205,12,2336.765663
205,12,2336.765663
205,12,2336.765663
205,12,2336.765663
205,12,2336.765663
205,12,2336.765663
205,12,2336.765663
205,13,2315.639906
205,13,2315.639906
205,13,2315.639906
205,13,2315.639906
205,13,2315.639906
205,13,2315.639906
205,13,2315.639906
206,6,3639.801937
206,6,3639.801937
206,7,2773.591483
206,7,2773.591483
206,7,2773.591483
206,8,2610.228185
206,8,2610.228185
206,8,2610.228185
206,8,2610.228185
206,8,2610.228185
206,8,2610.228185
206,8,2610.228185
206,8,2610.228185
206,8,2610.228185
206,8,2610.228185
206,9,2520.123935
206,9,2520.123935
206,9,2520.123935
206,9,2520.123935
206,9,2520.123935
206,9,2520.123935
206,9,2520.123935
206,9,2520.123935
206,9,2520.123935
206,9,2520.123935
206,9,2520.123935
206,10,2396.398317
206,10,2396.398317
206,10,2396.398317
206,10,2396.398317
206,10,2396.398317
206,10,2396.398317
206,10,2396.398317
206,10,2396.398317
206,10,2396.398317
206,10,2396.398317
206,10,2396.398317
206,10,2396.398317
206,10,2396.398317
206,10,2396.398317
206,10,2396.398317
206,11,2339.475924
206,11,2339.475924
206,11,2339.475924
206,11,2339.475924
206,11,2339.475924
206,11,2339.475924
206,11,2339.475924
206,11,2339.475924
206,11,2339.475924
206,11,2339.475924
206,12,2332.357118
206,13,2315.639906
206,13,2315.639906
206,13,2315.639906
206,13,2315.639906
206,13,2315.639906
206,13,2315.639906
206,13,2315.639906
206,13,2315.639906
207,6,3639.801937
207,6,3639.801937
207,6,3639.801937
207,7,2699.057351
207,8,2610.228185
207,8,2610.228185
207,8,2610.228185
207,8,2610.228185
207,8,2610.228185
207,8,2610.228185
207,8,2610.228185
207,8,2610.228185
207,8,2610.228185
207,8,2610.228185
207,8,2610.228185
207,9,2520.123935
207,9,2520.123935
207,9,2520.123935
207,9,2520.123935
207,9,2520.123935
207,9,2520.123935
207,9,2520.123935
207,9,2520.123935
207,9,2520.123935
207,9,2520.123935
207,9,2520.123935
207,9,2520.123935
207,9,2520.123935
207,10,2396.398317
207,10,2396.398317
207,10,2396.398317
207,10,2396.398317
207,10,2396.398317
207,10,2396.398317
207,10,2396.398317
207,10,2396.398317
207,10,2396.398317
207,10,2396.398317
207,10,2396.398317
207,10,2396.398317
207,10,2396.398317
207,10,2396.398317
207,10,2396.398317
207,10,2396.398317
207,11,2339.475924
207,11,2339.475924
207,11,2339.475924
207,11,2339.475924
207,11,2339.475924
207,11,2339.475924
207,11,2339.475924
207,11,2339.475924
207,11,2339.475924
207,11,2339.475924
207,11,2339.475924
207,12,2332.357118
207,12,2332.357118
207,13,2315.639906
207,13,2315.639906
207,13,2315.639906
207,13,2315.639906
207,13,2315.639906
207,13,2315.639906
207,13,2315.639906
207,13,2315.639906
207,13,2315.639906
208,6,3639.801937
208,6,3639.801937
208,6,3639.801937
208,6,3639.801937
208,7,2699.057351
208,7,2699.057351
208,8,2610.228185
208,8,2610.228185
208,8,2610.228185
208,8,2610.228185
208,8,2610.228185
208,8,2610.228185
208,8,2610.228185
208,8,2610.228185
208,8,2610.228185
208,8,2610.228185
208,8,2610.228185
208,8,2610.228185
208,9,2520.123935
208,9,2520.123935
208,9,2520.123935
208,9,2520.123935
208,9,2520.123935
208,9,2520.123935
208,9,2520.123935
208,9,2520.123935
208,9,2520.123935
208,9,2520.123935
208,9,2520.123935
208,9,2520.123935
208,9,2520.123935
208,9,2520.123935
208,9,2520.123935
208,10,2396.398317
208,10,2396.398317
208,10,2396.398317
208,10,2396.398317
208,10,2396.398317
208,10,2396.398317
208,10,2396.398317
208,10,2396.398317
208,10,2396.398317
208,10,2396.398317
208,10,2396.398317
208,10,2396.398317
208,10,2396.398317
208,10,2396.398317
208,10,2396.398317
208,10,2396.398317
208,10,2396.398317
208,11,2339.475924
208,11,2339.475924
208,11,2339.475924
208,11,2339.475924
208,11,2339.475924
208,11,2339.475924
208,11,2339.475924
208,11,2339.475924
208,11,2339.475924
208,11,2339.475924
208,11,2339.475924
208,11,2339.475924
208,12,2332.357118
208,12,2332.357118
208,12,2332.357118
208,13,2315.639906
208,13,2315.639906
208,13,2315.639906
208,13,2315.639906
208,13,2315.639906
208,13,2315.639906
208,13,2315.639906
208,13,2315.639906
208,13,2315.639906
208,13,2315.639906
209,6,3639.801937
209,6,3639.801937
209,6,3639.801937
209,6,3639.801937
209,6,3639.801937
209,7,2699.057351
209,7,2699.057351
209,7,2699.057351
209,8,2610.228185
209,8,2610.228185
209,8,2610.228185
209,8,2610.228185
209,8,2610.228185
209,8,2610.228185
209,8,2610.228185
209,8,2610.228185
209,8,2610.228185
209,8,2610.228185
209,8,2610.228185
209,8,2610.228185
209,8,2610.228185
209,9,2520.123935
209,9,2520.123935
209,9,2520.123935
209,9,2520.123935
209,9,2520.123935
209,9,2520.123935
209,9,2520.123935
209,9,2520.123935
209,9,2520.123935
209,9,2520.123935
209,9,2520.123935
209,9,2520.123935
209,9,2520.123935
209,9,2520.123935
209,9,2520.123935
209,9,2520.123935
209,9,2520.123935
209,10,2396.398317
209,10,2396.398317
209,10,2396.398317
209,10,2396.398317
209,10,2396.398317
209,10,2396.398317
209,10,2396.398317
209,10,2396.398317
209,10,2396.398317
209,10,2396.398317
209,10,2396.398317
209,10,2396.398317
209,10,2396.398317
209,10,2396.398317
209,10,2396.398317
209,10,2396.398317
209,10,2396.398317
209,10,2396.398317
209,11,2339.475924
209,11,2339.475924
209,11,2339.475924
209,11,2339.475924
209,11,2339.475924
209,11,2339.475924
209,11,2339.475924
209,11,2339.475924
209,11,2339.475924
209,11,2339.475924
209,11,2339.475924
209,11,2339.475924
209,11,2339.475924
209,12,2332.357118
209,12,2332.357118
209,12,2332.357118
209,12,2332.357118
209,13,2315.639906
209,13,2315.639906
209,13,2315.639906
209,13,2315.639906
209,13,2315.639906
209,13,2315.639906
209,13,2315.639906
209,13,2315.639906
209,13,2315.639906
209,13,2315.639906
209,13,2315.639906
210,6,3639.801937
210,6,3639.801937
210,6,3639.801937
210,6,3639.801937
210,6,3639.801937
210,6,3639.801937
210,7,2699.057351
210,7,2699.057351
210,7,2699.057351
210,7,2699.057351
210,8,2610.228185
210,8,2610.228185
210,8,2610.228185
210,8,2610.228185
210,8,2610.228185
210,8,2610.228185
210,8,2610.228185
210,8,2610.228185
210,8,2610.228185
210,8,2610.228185
210,8,2610.228185
210,8,2610.228185
210,8,2610.228185
210,8,2610.228185
210,9,2520.123935
210,9,2520.123935
210,9,2520.123935
210,9,2520.123935
210,9,2520.123935
210,9,2520.123935
210,9,2520.123935
210,9,2520.123935
210,9,2520.123935
210,9,2520.123935
210,9,2520.123935
210,9,2520.123935
210,9,2520.123935
210,9,2520.123935
210,9,2520.123935
210,9,2520.123935
210,9,2520.123935
210,9,2520.123935
210,9,2520.123935
210,10,2396.398317
210,10,2396.398317
210,10,2396.398317
210,10,2396.398317
210,10,2396.398317
210,10,2396.398317
210,10,2396.398317
210,10,2396.398317
210,10,2396.398317
210,10,2396.398317
210,10,2396.398317
210,10,2396.398317
210,10,2396.398317
210,10,2396.398317
210,10,2396.398317
210,10,2396.398317
210,10,2396.398317
210,10,2396.398317
210,10,2396.398317
210,11,2339.475924
210,11,2339.475924
210,11,2339.475924
210,11,2339.475924
210,11,2339.475924
210,11,2339.475924
210,11,2339.475924
210,11,2339.475924
210,11,2339.475924
210,11,2339.475924
210,11,2339.475924
210,11,2339.475924
210,11,2339.475924
210,11,2339.475924
210,12,2332.357118
210,12,2332.357118
210,12,2332.357118
210,12,2332.357118
210,12,2332.357118
210,13,2315.639906
210,13,2315.639906
210,13,2315.639906
210,13,2315.639906
210,13,2315.639906
210,13,2315.639906
210,13,2315.639906
210,13,2315.639906
210,13,2315.639906
210,13,2315.639906
210,13,2315.639906
210,13,2315.639906
211,6,3639.801937
211,6,3639.801937
211,6,3639.801937
211,6,3639.801937
211,6,3639.801937
211,6,3639.801937
211,6,3639.801937
211,7,2699.057351
211,7,2699.057351
211,7,2699.057351
211,7,2699.057351
211,7,2699.057351
211,8,2610.228185
211,8,2610.228185
211,8,2610.228185
211,8,2610.228185
211,8,2610.228185
211,8,2610.228185
211,8,2610.228185
211,8,2610.228185
211,8,2610.228185
211,8,2610.228185
211,8,2610.228185
211,8,2610.228185
211,8,2610.228185
211,8,2610.228185
211,8,2610.228185
211,9,2510.666613
211,10,2396.398317
211,10,2396.398317
211,10,2396.398317
211,10,2396.398317
211,10,2396.398317
211,10,2396.398317
211,10,2396.398317
211,10,2396.398317
211,10,2396.398317
211,10,2396.398317
211,10,2396.398317
211,10,2396.398317
211,10,2396.398317
211,10,2396.398317
211,10,2396.398317
211,10,2396.398317
211,10,2396.398317
211,10,2396.398317
211,10,2396.398317
211,10,2396.398317
211,11,2339.475924
211,11,2339.475924
211,11,2339.475924
211,11,2339.475924
211,11,2339.475924
211,11,2339.475924
211,11,2339.475924
211,11,2339.475924
211,11,2339.475924
211,11,2339.475924
211,11,2339.475924
211,11,2339.475924
211,11,2339.475924
211,11,2339.475924
211,11,2339.475924
211,12,2332.357118
211,12,2332.357118
211,12,2332.357118
211,12,2332.357118
211,12,2332.357118
211,12,2332.357118
211,13,2315.639906
211,13,2315.639906
211,13,2315.639906
211,13,2315.639906
211,13,2315.639906
211,13,2315.639906
211,13,2315.639906
211,13,2315.639906
211,13,2315.639906
211,13,2315.639906
211,13,2315.639906
211,13,2315.639906
211,13,2315.639906
212,6,3639.801937
212,6,3639.801937
212,6,3639.801937
212,6,3639.801937
212,6,3639.801937
212,6,3639.801937
212,6,3639.801937
212,6,3639.801937
212,6,3639.801937
212,7,2699.057351
212,7,2699.057351
212,7,2699.057351
212,7,2699.057351
212,7,2699.057351
212,7,2699.057351
212,8,2610.228185
212,8,2610.228185
212,8,2610.228185
212,8,2610.228185
212,8,2610.228185
212,8,2610.228185
212,8,2610.228185
212,8,2610.228185
212,8,2610.228185
212,8,2610.228185
212,8,2610.228185
212,8,2610.228185
212,8,2610.228185
212,8,2610.228185
212,8,2610.228185
212,8,2610.228185
212,9,2510.666613
212,9,2510.666613
212,10,2375.148179
212,11,2339.475924
212,11,2339.475924
212,11,2339.475924
212,11,2339.475924
212,11,2339.475924
212,11,2339.475924
212,11,2339.475924
212,11,2339.475924
212,11,2339.475924
212,11,2339.475924
212,11,2339.475924
212,11,2339.475924
212,11,2339.475924
212,11,2339.475924
212,11,2339.475924
212,11,2339.475924
212,12,2332.357118
212,12,2332.357118
212,12,2332.357118
212,12,2332.357118
212,12,2332.357118
212,12,2332.357118
212,12,2332.357118
212,13,2315.639906
212,13,2315.639906
212,13,2315.639906
212,13,2315.639906
212,13,2315.639906
212,13,2315.639906
212,13,2315.639906
212,13,2315.639906
212,13,2315.639906
212,13,2315.639906
212,13,2315.639906
212,13,2315.639906
212,13,2315.639906
212,13,2315.639906
213,6,3639.801937
213,6,3639.801937
213,6,3639.801937
213,6,3639.801937
213,6,3639.801937
213,6,3639.801937
213,6,3639.801937
213,6,3639.801937
213,6,3639.801937
213,6,3639.801937
213,6,3639.801937
213,7,2699.057351
213,7,2699.057351
213,7,2699.057351
213,7,2699.057351
213,7,2699.057351
213,7,2699.057351
213,7,2699.057351
213,8,2610.228185
213,8,2610.228185
213,8,2610.228185
213,8,2610.228185
213,8,2610.228185
213,8,2610.228185
213,8,2610.228185
213,8,2610.228185
213,8,2610.228185
213,8,2610.228185
213,8,2610.228185
213,8,2610.228185
213,8,2610.228185
213,8,2610.228185
213,8,2610.228185
213,8,2610.228185
213,8,2610.228185
213,9,2510.666613
213,9,2510.666613
213,9,2510.666613
213,10,2375.148179
213,10,2375.148179
213,11,2339.475924
213,11,2339.475924
213,11,2339.475924
213,11,2339.475924
213,11,2339.475924
213,11,2339.475924
213,11,2339.475924
213,11,2339.475924
213,11,2339.475924
213,11,2339.475924
213,11,2339.475924
213,11,2339.475924
213,11,2339.475924
213,11,2339.475924
213,11,2339.475924
213,11,2339.475924
213,11,2339.475924
213,12,2332.357118
213,12,2332.357118
213,12,2332.357118
213,12,2332.357118
213,12,2332.357118
213,12,2332.357118
213,12,2332.357118
213,12,2332.357118
213,13,2315.639906
213,13,2315.639906
213,13,2315.639906
213,13,2315.639906
213,13,2315.639906
213,13,2315.639906
213,13,2315.639906
213,13,2315.639906
213,13,2315.639906
213,13,2315.639906
213,13,2315.639906
213,13,2315.639906
213,13,2315.639906
213,13,2315.639906
213,13,2315.639906
214,6,3639.801937
214,6,3639.801937
214,6,3639.801937
214,6,3639.801937
214,6,3639.801937
214,6,3639.801937
214,6,3639.801937
214,6,3639.801937
214,6,3639.801937
214,6,3639.801937
214,6,3639.801937
214,6,3639.801937
214,6,3639.801937
214,7,2699.057351
214,7,2699.057351
214,7,2699.057351
214,7,2699.057351
214,7,2699.057351
214,7,2699.057351
214,7,2699.057351
214,7,2699.057351
214,8,2610.228185
214,8,2610.228185
214,8,2610.228185
214,8,2610.228185
214,8,2610.228185
214,8,2610.228185
214,8,2610.228185
214,8,2610.228185
214,8,2610.228185
214,8,2610.228185
214,8,2610.228185
214,8,2610.228185
214,8,2610.228185
214,8,2610.228185
214,8,2610.228185
214,8,2610.228185
214,8,2610.228185
214,8,2610.228185
214,9,2486.524624
214,10,2375.148179
214,10,2375.148179
214,10,2375.148179
214,11,2339.475924
214,11,2339.475924
214,11,2339.475924
214,11,2339.475924
214,11,2339.475924
214,11,2339.475924
214,11,2339.475924
214,11,2339.475924
214,11,2339.475924
214,11,2339.475924
214,11,2339.475924
214,11,2339.475924
214,11,2339.475924
214,11,2339.475924
214,11,2339.475924
214,11,2339.475924
214,11,2339.475924
214,11,2339.475924
214,12,2332.357118
214,12,2332.357118
214,12,2332.357118
214,12,2332.357118
214,12,2332.357118
214,12,2332.357118
214,12,2332.357118
214,12,2332.357118
214,12,2332.357118
214,13,2315.639906
214,13,2315.639906
214,13,2315.639906
214,13,2315.639906
214,13,2315.639906
214,13,2315.639906
214,13,2315.639906
214,13,2315.639906
214,13,2315.639906
214,13,2315.639906
214,13,2315.639906
214,13,2315.639906
214,13,2315.639906
214,13,2315.639906
214,13,2315.639906
214,13,2315.639906
215,6,3639.801937
215,6,3639.801937
215,6,3639.801937
215,6,3639.801937
215,6,3639.801937
215,6,3639.801937
215,6,3639.801937
215,6,3639.801937
215,6,3639.801937
215,6,3639.801937
215,6,3639.801937
215,6,3639.801937
215,6,3639.801937
215,6,3639.801937
215,6,3639.801937
215,7,2699.057351
215,7,2699.057351
215,7,2699.057351
215,7,2699.057351
215,7,2699.057351
215,7,2699.057351
215,7,2699.057351
215,7,2699.057351
215,7,2699.057351
215,8,2610.228185
215,8,2610.228185
215,8,2610.228185
215,8,2610.228185
215,8,2610.228185
215,8,2610.228185
215,8,2610.228185
215,8,2610.228185
215,8,2610.228185
215,8,2610.228185
215,8,2610.228185
215,8,2610.228185
215,8,2610.228185
215,8,2610.228185
215,8,2610.228185
215,8,2610.228185
215,8,2610.228185
215,8,2610.228185
215,8,2610.228185
215,9,2486.524624
215,9,2486.524624
215,10,2375.148179
215,10,2375.148179
215,10,2375.148179
215,10,2375.148179
215,11,2339.475924
215,11,2339.475924
215,11,2339.475924
215,11,2339.475924
215,11,2339.475924
215,11,2339.475924
215,11,2339.475924
215,11,2339.475924
215,11,2339.475924
215,11,2339.475924
215,11,2339.475924
215,11,2339.475924
215,11,2339.475924
215,11,2339.475924
215,11,2339.475924
215,11,2339.475924
215,11,2339.475924
215,11,2339.475924
215,11,2339.475924
215,12,2332.357118
215,12,2332.357118
215,12,2332.357118
215,12,2332.357118
215,12,2332.357118
215,12,2332.357118
215,12,2332.357118
215,12,2332.357118
215,12,2332.357118
215,12,2332.357118
215,13,2315.639906
215,13,2315.639906
215,13,2315.639906
215,13,2315.639906
215,13,2315.639906
215,13,2315.639906
215,13,2315.639906
215,13,2315.639906
215,13,2315.639906
215,13,2315.639906
215,13,2315.639906
215,13,2315.639906
215,13,2315.639906
215,13,2315.639906
215,13,2315.639906
215,13,2315.639906
215,13,2315.639906
216,6,3639.801937
216,6,3639.801937
216,6,3639.801937
216,6,3639.801937
216,6,3639.801937
216,6,3639.801937
216,6,3639.801937
216,6,3639.801937
216,6,3639.801937
216,6,3639.801937
216,6,3639.801937
216,6,3639.801937
216,6,3639.801937
216,6,3639.801937
216,6,3639.801937
216,6,3639.801937
216,6,3639.801937
216,6,3639.801937
216,7,2699.057351
216,7,2699.057351
216,7,2699.057351
216,7,2699.057351
216,7,2699.057351
216,7,2699.057351
216,7,2699.057351
216,7,2699.057351
216,7,2699.057351
216,7,2699.057351
216,8,2610.228185
216,8,2610.228185
216,8,2610.228185
216,8,2610.228185
216,8,2610.228185
216,8,2610.228185
216,8,2610.228185
216,8,2610.228185
216,8,2610.228185
216,8,2610.228185
216,8,2610.228185
216,8,2610.228185
216,8,2610.228185
216,8,2610.228185
216,8,2610.228185
216,8,2610.228185
216,8,2610.228185
216,8,2610.228185
216,8,2610.228185
216,8,2610.228185
216,9,2486.524624
216,9,2486.524624
216,9,2486.524624
216,9,2486.524624
216,10,2375.148179
216,10,2375.148179
216,10,2375.148179
216,10,2375.148179
216,10,2375.148179
216,11,2339.475924
216,11,2339.475924
216,11,2339.475924
216,11,2339.475924
216,11,2339.475924
216,11,2339.475924
216,11,2339.475924
216,11,2339.475924
216,11,2339.475924
216,11,2339.475924
216,11,2339.475924
216,11,2339.475924
216,11,2339.475924
216,11,2339.475924
216,11,2339.475924
216,11,2339.475924
216,11,2339.475924
216,11,2339.475924
216,11,2339.475924
216,11,2339.475924
216,12,2332.357118
216,12,2332.357118
216,12,2332.357118
216,12,2332.357118
216,12,2332.357118
216,12,2332.357118
216,12,2332.357118
216,12,2332.357118
216,12,2332.357118
216,12,2332.357118
216,12,2332.357118
216,12,2332.357118
216,13,2315.639906
216,13,2315.639906
216,13,2315.639906
216,13,2315.639906
216,13,2315.639906
216,13,2315.639906
216,13,2315.639906
216,13,2315.639906
216,13,2315.639906
216,13,2315.639906
216,13,2315.639906
216,13,2315.639906
216,13,2315.639906
216,13,2315.639906
216,13,2315.639906
216,13,2315.639906
216,13,2315.639906
216,13,2315.639906
216,15,2280.947047
217,6,3639.801937
217,6,3639.801937
217,6,3639.801937
217,6,3639.801937
217,6,3639.801937
217,6,3639.801937
217,6,3639.801937
217,6,3639.801937
217,6,3639.801937
217,6,3639.801937
217,6,3639.801937
217,6,3639.801937
217,6,3639.801937
217,6,3639.801937
217,6,3639.801937
217,6,3639.801937
217,6,3639.801937
217,6,3639.801937
217,6,3639.801937
217,6,3639.801937
217,6,3639.801937
217,7,2699.057351
217,7,2699.057351
217,7,2699.057351
217,7,2699.057351
217,7,2699.057351
217,7,2699.057351
217,7,2699.057351
217,7,2699.057351
217,7,2699.057351
217,7,2699.057351
217,7,2699.057351
217,8,2593.794567
217,9,2486.524624
217,9,2486.524624
217,9,2486.524624
217,9,2486.524624
217,9,2486.524624
217,9,2486.524624
217,10,2375.148179
217,10,2375.148179
217,10,2375.148179
217,10,2375.148179
217,10,2375.148179
217,10,2375.148179
217,11,2339.475924
217,11,2339.475924
217,11,2339.475924
217,11,2339.475924
217,11,2339.475924
217,11,2339.475924
217,11,2339.475924
217,11,2339.475924
217,11,2339.475924
217,11,2339.475924
217,11,2339.475924
217,11,2339.475924
217,11,2339.475924
217,11,2339.475924
217,11,2339.475924
217,11,2339.475924
217,11,2339.475924
217,11,2339.475924
217,11,2339.475924
217,11,2339.475924
217,11,2339.475924
217,12,2332.357118
217,12,2332.357118
217,12,2332.357118
217,12,2332.357118
217,12,2332.357118
217,12,2332.357118
217,12,2332.357118
217,12,2332.357118
217,12,2332.357118
217,12,2332.357118
217,12,2332.357118
217,12,2332.357118
217,12,2332.357118
217,12,2332.357118
217,13,2315.639906
217,13,2315.639906
217,13,2315.639906
217,13,2315.639906
217,13,2315.639906
217,13,2315.639906
217,13,2315.639906
217,13,2315.639906
217,13,2315.639906
217,13,2315.639906
217,13,2315.639906
217,13,2315.639906
217,13,2315.639906
217,13,2315.639906
217,13,2315.639906
217,13,2315.639906
217,13,2315.639906
217,13,2315.639906
217,13,2315.639906
217,15,2280.947047
217,15,2280.947047
218,6,3639.801937
218,6,3639.801937
218,6,3639.801937
218,6,3639.801937
218,6,3639.801937
218,6,3639.801937
218,6,3639.801937
218,6,3639.801937
218,6,3639.801937
218,6,3639.801937
218,6,3639.801937
218,6,3639.801937
218,6,3639.801937
218,6,3639.801937
218,6,3639.801937
218,6,3639.801937
218,6,3639.801937
218,6,3639.801937
218,6,3639.801937
218,6,3639.801937
218,6,3639.801937
218,6,3639.801937
218,6,3639.801937
218,6,3639.801937
218,7,2699.057351
218,7,2699.057351
218,7,2699.057351
218,7,2699.057351
218,7,2699.057351
218,7,2699.057351
218,7,2699.057351
218,7,2699.057351
218,7,2699.057351
218,7,2699.057351
218,7,2699.057351
218,7,2699.057351
218,8,2593.794567
218,8,2593.794567
218,9,2469.830790
218,10,2375.148179
218,10,2375.148179
218,10,2375.148179
218,10,2375.148179
218,10,2375.148179
218,10,2375.148179
218,10,2375.148179
218,11,2339.475924
218,11,2339.475924
218,11,2339.475924
218,11,2339.475924
218,11,2339.475924
218,11,2339.475924
218,11,2339.475924
218,11,2339.475924
218,11,2339.475924
218,11,2339.475924
218,11,2339.475924
218,11,2339.475924
218,11,2339.475924
218,11,2339.475924
218,11,2339.475924
218,11,2339.475924
218,11,2339.475924
218,11,2339.475924
218,11,2339.475924
218,11,2339.475924
218,11,2339.475924
218,11,2339.475924
218,12,2330.546211
218,13,2315.639906
218,13,2315.639906
218,13,2315.639906
218,13,2315.639906
218,13,2315.639906
218,13,2315.639906
218,13,2315.639906
218,13,2315.639906
218,13,2315.639906
218,13,2315.639906
218,13,2315.639906
218,13,2315.639906
218,13,2315.639906
218,13,2315.639906
218,13,2315.639906
218,13,2315.639906
218,13,2315.639906
218,13,2315.639906
218,13,2315.639906
218,13,2315.639906
218,14,2299.409048
218,15,2280.947047
218,15,2280.947047
218,15,2280.947047
219,6,3639.801937
219,6,3639.801937
219,6,3639.801937
219,6,3639.801937
219,6,3639.801937
219,6,3639.801937
219,6,3639.801937
219,6,3639.801937
219,6,3639.801937
219,6,3639.801937
219,6,3639.801937
219,6,3639.801937
219,6,3639.801937
219,6,3639.801937
219,6,3639.801937
219,6,3639.801937
219,6,3639.801937
219,6,3639.801937
219,6,3639.801937
219,6,3639.801937
219,6,3639.801937
219,6,3639.801937
219,6,3639.801937
219,6,3639.801937
219,6,3639.801937
219,6,3639.801937
219,6,3639.801937
219,7,2699.057351
219,7,2699.057351
219,7,2699.057351
219,7,2699.057351
219,7,2699.057351
219,7,2699.057351
219,7,2699.057351
219,7,2699.057351
219,7,2699.057351
219,7,2699.057351
219,7,2699.057351
219,7,2699.057351
219,7,2699.057351
219,8,2593.794567
219,8,2593.794567
219,8,2593.794567
219,9,2469.830790
219,9,2469.830790
219,10,2375.148179
219,10,2375.148179
219,10,2375.148179
219,10,2375.148179
219,10,2375.148179
219,10,2375.148179
219,10,2375.148179
219,10,2375.148179
219,11,2339.475924
219,11,2339.475924
219,11,2339.475924
219,11,2339.475924
219,11,2339.475924
219,11,2339.475924
219,11,2339.475924
219,11,2339.475924
219,11,2339.475924
219,11,2339.475924
219,11,2339.475924
219,11,2339.475924
219,11,2339.475924
219,11,2339.475924
219,11,2339.475924
219,11,2339.475924
219,11,2339.475924
219,11,2339.475924
219,11,2339.475924
219,11,2339.475924
219,11,2339.475924
219,11,2339.475924
219,11,2339.475924
219,12,2330.546211
219,12,2330.546211
219,13,2315.639906
219,13,2315.639906
219,13,2315.639906
219,13,2315.639906
219,13,2315.639906
219,13,2315.639906
219,13,2315.639906
219,13,2315.639906
219,13,2315.639906
219,13,2315.639906
219,13,2315.639906
219,13,2315.639906
219,13,2315.639906
219,13,2315.639906
219,13,2315.639906
219,13,2315.639906
219,13,2315.639906
219,13,2315.639906
219,13,2315.639906
219,13,2315.639906
219,13,2315.639906
219,14,2299.409048
219,14,2299.409048
219,15,2280.947047
219,15,2280.947047
219,15,2280.947047
219,15,2280.947047
220,6,3639.801937
220,6,3639.801937
220,6,3639.801937
220,6,3639.801937
220,6,3639.801937
220,6,3639.801937
220,6,3639.801937
220,6,3639.801937
220,6,3639.801937
220,6,3639.801937
220,6,3639.801937
220,6,3639.801937
220,6,3639.801937
220,6,3639.801937
220,6,3639.801937
220,6,3639.801937
220,6,3639.801937
220,6,3639.801937
220,6,3639.801937
220,6,3639.801937
220,6,3639.801937
220,6,3639.801937
220,6,3639.801937
220,6,3639.801937
220,6,3639.801937
220,6,3639.801937
220,6,3639.801937
220,6,3639.801937
220,6,3639.801937
220,6,3639.801937
220,7,2699.057351
220,7,2699.057351
220,7,2699.057351
220,7,2699.057351
220,7,2699.057351
220,7,2699.057351
220,7,2699.057351
220,7,2699.057351
220,7,2699.057351
220,7,2699.057351
220,7,2699.057351
220,7,2699.057351
220,7,2699.057351
220,7,2699.057351
220,8,2593.794567
220,8,2593.794567
220,8,2593.794567
220,8,2593.794567
220,9,2387.072735
220,10,2375.148179
220,10,2375.148179
220,10,2375.148179
220,10,2375.148179
220,10,2375.148179
220,10,2375.148179
220,10,2375.148179
220,10,2375.148179
220,10,2375.148179
220,11,2339.475924
220,11,2339.475924
220,11,2339.475924
220,11,2339.475924
220,11,2339.475924
220,11,2339.475924
220,11,2339.475924
220,11,2339.475924
220,11,2339.475924
220,11,2339.475924
220,11,2339.475924
220,11,2339.475924
220,11,2339.475924
220,11,2339.475924
220,11,2339.475924
220,11,2339.475924
220,11,2339.475924
220,11,2339.475924
220,11,2339.475924
220,11,2339.475924
220,11,2339.475924
220,11,2339.475924
220,11,2339.475924
220,11,2339.475924
220,12,2330.546211
220,12,2330.546211
220,12,2330.546211
220,13,2315.639906
220,13,2315.639906
220,13,2315.639906
220,13,2315.639906
220,13,2315.639906
220,13,2315.639906
220,13,2315.639906
220,13,2315.639906
220,13,2315.639906
220,13,2315.639906
220,13,2315.639906
220,13,2315.639906
220,13,2315.639906
220,13,2315.639906
220,13,2315.639906
220,13,2315.639906
220,13,2315.639906
220,13,2315.639906
220,13,2315.639906
220,13,2315.639906
220,13,2315.639906
220,13,2315.639906
220,14,2299.409048
220,14,2299.409048
220,14,2299.409048
220,15,2280.947047
220,15,2280.947047
220,15,2280.947047
220,15,2280.947047
220,15,2280.947047
221,6,3639.801937
221,6,3639.801937
221,6,3639.801937
221,6,3639.801937
221,6,3639.801937
221,6,3639.801937
221,6,3639.801937
221,6,3639.801937
221,6,3639.801937
221,6,3639.801937
221,6,3639.801937
221,6,3639.801937
221,6,3639.801937
221,6,3639.801937
221,6,3639.801937
221,6,3639.801937
221,6,3639.801937
221,6,3639.801937
221,6,3639.801937
221,6,3639.801937
221,6,3639.801937
221,6,3639.801937
221,6,3639.801937
221,6,3639.801937
221,6,3639.801937
221,6,3639.801937
221,6,3639.801937
221,6,3639.801937
221,6,3639.801937
221,6,3639.801937
221,6,3639.801937
221,6,3639.801937
221,6,3639.801937
221,6,3639.801937
221,7,2683.862801
221,8,2575.929741
221,9,2387.072735
221,9,2387.072735
221,10,2375.148179
221,10,2375.148179
221,10,2375.148179
221,10,2375.148179
221,10,2375.148179
221,10,2375.148179
221,10,2375.148179
221,10,2375.148179
221,10,2375.148179
221,10,2375.148179
221,11,2339.475924
221,11,2339.475924
221,11,2339.475924
221,11,2339.475924
221,11,2339.475924
221,11,2339.475924
221,11,2339.475924
221,11,2339.475924
221,11,2339.475924
221,11,2339.475924
221,11,2339.475924
221,11,2339.475924
221,11,2339.475924
221,11,2339.475924
221,11,2339.475924
221,11,2339.475924
221,11,2339.475924
221,11,2339.475924
221,11,2339.475924
221,11,2339.475924
221,11,2339.475924
221,11,2339.475924
221,11,2339.475924
221,11,2339.475924
221,11,2339.475924
221,12,2330.546211
221,12,2330.546211
221,12,2330.546211
221,12,2330.546211
221,13,2315.639906
221,13,2315.639906
221,13,2315.639906
221,13,2315.639906
221,13,2315.639906
221,13,2315.639906
221,13,2315.639906
221,13,2315.639906
221,13,2315.639906
221,13,2315.639906
221,13,2315.639906
221,13,2315.639906
221,13,2315.639906
221,13,2315.639906
221,13,2315.639906
221,13,2315.639906
221,13,2315.639906
221,13,2315.639906
221,13,2315.639906
221,13,2315.639906
221,13,2315.639906
221,13,2315.639906
221,13,2315.639906
221,14,2297.591602
221,15,2280.947047
221,15,2280.947047
221,15,2280.947047
221,15,2280.947047
221,15,2280.947047
221,15,2280.947047
222,6,3639.801937
222,6,3639.801937
222,6,3639.801937
222,6,3639.801937
222,6,3639.801937
222,6,3639.801937
222,6,3639.801937
222,6,3639.801937
222,6,3639.801937
222,6,3639.801937
222,6,3639.801937
222,6,3639.801937
222,6,3639.801937
222,6,3639.801937
222,6,3639.801937
222,6,3639.801937
222,6,3639.801937
222,6,3639.801937
222,6,3639.801937
222,6,3639.801937
222,6,3639.801937
222,6,3639.801937
222,6,3639.801937
222,6,3639.801937
222,6,3639.801937
222,6,3639.801937
222,6,3639.801937
222,6,3639.801937
222,6,3639.801937
222,6,3639.801937
222,6,3639.801937
222,6,3639.801937
222,6,3639.801937
222,6,3639.801937
222,6,3639.801937
222,6,3639.801937
222,6,3639.801937
222,6,3639.801937
222,7,2683.862801
222,7,2683.862801
222,8,2575.929741
222,8,2575.929741
222,9,2387.072735
222,9,2387.072735
222,9,2387.072735
222,10,2375.148179
222,10,2375.148179
222,10,2375.148179
222,10,2375.148179
222,10,2375.148179
222,10,2375.148179
222,10,2375.148179
222,10,2375.148179
222,10,2375.148179
222,10,2375.148179
222,10,2375.148179
222,11,2339.475924
222,11,2339.475924
222,11,2339.475924
222,11,2339.475924
222,11,2339.475924
222,11,2339.475924
222,11,2339.475924
222,11,2339.475924
222,11,2339.475924
222,11,2339.475924
222,11,2339.475924
222,11,2339.475924
222,11,2339.475924
222,11,2339.475924
222,11,2339.475924
222,11,2339.475924
222,11,2339.475924
222,11,2339.475924
222,11,2339.475924
222,11,2339.475924
222,11,2339.475924
222,11,2339.475924
222,11,2339.475924
222,11,2339.475924
222,11,2339.475924
222,11,2339.475924
222,12,2330.546211
222,12,2330.546211
222,12,2330.546211
222,12,2330.546211
222,12,2330.546211
222,13,2315.639906
222,13,2315.639906
222,13,2315.639906
222,13,2315.639906
222,13,2315.639906
222,13,2315.639906
222,13,2315.639906
222,13,2315.639906
222,13,2315.639906
222,13,2315.639906
222,13,2315.639906
222,13,2315.639906
222,13,2315.639906
222,13,2315.639906
222,13,2315.639906
222,13,2315.639906
222,13,2315.639906
222,13,2315.639906
222,13,2315.639906
222,13,2315.639906
222,13,2315.639906
222,13,2315.639906
222,13,2315.639906
222,13,2315.639906
222,14,2297.591602
222,14,2297.591602
222,15,2280.947047
222,15,2280.947047
222,15,2280.947047
222,15,2280.947047
222,15,2280.947047
222,15,2280.947047
222,15,2280.947047
223,6,3639.801937
223,6,3639.801937
223,6,3639.801937
223,6,3639.801937
223,6,3639.801937
223,6,3639.801937
223,6,3639.801937
223,6,3639.801937
223,6,3639.801937
223,6,3639.801937
223,6,3639.801937
223,6,3639.801937
223,6,3639.801937
223,6,3639.801937
223,6,3639.801937
223,6,3639.801937
223,6,3639.801937
223,6,3639.801937
223,6,3639.801937
223,6,3639.801937
223,6,3639.801937
223,6,3639.801937
223,6,3639.801937
223,6,3639.801937
223,6,3639.801937
223,6,3639.801937
223,6,3639.801937
223,6,3639.801937
223,6,3639.801937
223,6,3639.801937
223,6,3639.801937
223,6,3639.801937
223,6,3639.801937
223,6,3639.801937
223,6,3639.801937
223,6,3639.801937
223,6,3639.801937
223,6,3639.801937
223,6,3639.801937
223,6,3639.801937
223,6,3639.801937
223,6,3639.801937
223,7,2683.862801
223,7,2683.862801
223,7,2683.862801
223,8,2498.164439
223,9,2387.072735
223,9,2387.072735
223,9,2387.072735
223,9,2387.072735
223,10,2375.148179
223,10,2375.148179
223,10,2375.148179
223,10,2375.148179
223,10,2375.148179
223,10,2375.148179
223,10,2375.148179
223,10,2375.148179
223,10,2375.148179
223,10,2375.148179
223,10,2375.148179
223,10,2375.148179
223,11,2339.475924
223,11,2339.475924
223,11,2339.475924
223,11,2339.475924
223,11,2339.475924
223,11,2339.475924
223,11,2339.475924
223,11,2339.475924
223,11,2339.475924
223,11,2339.475924
223,11,2339.475924
223,11,2339.475924
223,11,2339.475924
223,11,2339.475924
223,11,2339.475924
223,11,2339.475924
223,11,2339.475924
223,11,2339.475924
223,11,2339.475924
223,11,2339.475924
223,11,2339.475924
223,11,2339.475924
223,11,2339.475924
223,11,2339.475924
223,11,2339.475924
223,11,2339.475924
223,11,2339.475924
223,12,2330.546211
223,12,2330.546211
223,12,2330.546211
223,12,2330.546211
223,12,2330.546211
223,12,2330.546211
223,13,2315.639906
223,13,2315.639906
223,13,2315.639906
223,13,2315.639906
223,13,2315.639906
223,13,2315.639906
223,13,2315.639906
223,13,2315.639906
223,13,2315.639906
223,13,2315.639906
223,13,2315.639906
223,13,2315.639906
223,13,2315.639906
223,13,2315.639906
223,13,2315.639906
223,13,2315.639906
223,13,2315.639906
223,13,2315.639906
223,13,2315.639906
223,13,2315.639906
223,13,2315.639906
223,13,2315.639906
223,13,2315.639906
223,13,2315.639906
223,13,2315.639906
223,14,2297.591602
223,14,2297.591602
223,14,2297.591602
223,15,2280.947047
223,15,2280.947047
223,15,2280.947047
223,15,2280.947047
223,15,2280.947047
223,15,2280.947047
223,15,2280.947047
223,15,2280.947047
224,6,3639.801937
224,6,3639.801937
224,6,3639.801937
224,6,3639.801937
224,6,3639.801937
224,6,3639.801937
224,6,3639.801937
224,6,3639.801937
224,6,3639.801937
224,6,3639.801937
224,6,3639.801937
224,6,3639.801937
224,6,3639.801937
224,6,3639.801937
224,6,3639.801937
224,6,3639.801937
224,6,3639.801937
224,6,3639.801937
224,6,3639.801937
224,6,3639.801937
224,6,3639.801937
224,6,3639.801937
224,6,3639.801937
224,6,3639.801937
224,6,3639.801937
224,6,3639.801937
224,6,3639.801937
224,6,3639.801937
224,6,3639.801937
224,6,3639.801937
224,6,3639.801937
224,6,3639.801937
224,6,3639.801937
224,6,3639.801937
224,6,3639.801937
224,6,3639.801937
224,6,3639.801937
224,6,3639.801937
224,6,3639.801937
224,6,3639.801937
224,6,3639.801937
224,6,3639.801937
224,6,3639.801937
224,6,3639.801937
224,6,3639.801937
224,6,3639.801937
224,6,3639.801937
224,7,2683.862801
224,7,2683.862801
224,7,2683.862801
224,7,2683.862801
224,8,2498.164439
224,8,2498.164439
224,9,2387.072735
224,9,2387.072735
224,9,2387.072735
224,9,2387.072735
224,9,2387.072735
224,10,2375.148179
224,10,2375.148179
224,10,2375.148179
224,10,2375.148179
224,10,2375.148179
224,10,2375.148179
224,10,2375.148179
224,10,2375.148179
224,10,2375.148179
224,10,2375.148179
224,10,2375.148179
224,10,2375.148179
224,10,2375.148179
224,11,2339.475924
224,11,2339.475924
224,11,2339.475924
224,11,2339.475924
224,11,2339.475924
224,11,2339.475924
224,11,2339.475924
224,11,2339.475924
224,11,2339.475924
224,11,2339.475924
224,11,2339.475924
224,11,2339.475924
224,11,2339.475924
224,11,2339.475924
224,11,2339.475924
224,11,2339.475924
224,11,2339.475924
224,11,2339.475924
224,11,2339.475924
224,11,2339.475924
224,11,2339.475924
224,11,2339.475924
224,11,2339.475924
224,11,2339.475924
224,11,2339.475924
224,11,2339.475924
224,11,2339.475924
224,11,2339.475924
224,12,2330.546211
224,12,2330.546211
224,12,2330.546211
224,12,2330.546211
224,12,2330.546211
224,12,2330.546211
224,12,2330.546211
224,13,2315.639906
224,13,2315.639906
224,13,2315.639906
224,13,2315.639906
224,13,2315.639906
224,13,2315.639906
224,13,2315.639906
224,13,2315.639906
224,13,2315.639906
224,13,2315.639906
224,13,2315.639906
224,13,2315.639906
224,13,2315.639906
224,13,2315.639906
224,13,2315.639906
224,13,2315.639906
224,13,2315.639906
224,13,2315.639906
224,13,2315.639906
224,13,2315.639906
224,13,2315.639906
224,13,2315.639906
224,13,2315.639906
224,13,2315.639906
224,13,2315.639906
224,13,2315.639906
224,14,2297.591602
224,14,2297.591602
224,14,2297.591602
224,14,2297.591602
224,15,2280.947047
224,15,2280.947047
224,15,2280.947047
224,15,2280.947047
224,15,2280.947047
224,15,2280.947047
224,15,2280.947047
224,15,2280.947047
224,15,2280.947047
225,6,3639.801937
225,6,3639.801937
225,6,3639.801937
225,6,3639.801937
225,6,3639.801937
225,6,3639.801937
225,6,3639.801937
225,6,3639.801937
225,6,3639.801937
225,6,3639.801937
225,6,3639.801937
225,6,3639.801937
225,6,3639.801937
225,6,3639.801937
225,6,3639.801937
225,6,3639.801937
225,6,3639.801937
225,6,3639.801937
225,6,3639.801937
225,6,3639.801937
225,6,3639.801937
225,6,3639.801937
225,6,3639.801937
225,6,3639.801937
225,6,3639.801937
225,6,3639.801937
225,6,3639.801937
225,6,3639.801937
225,6,3639.801937
225,6,3639.801937
225,6,3639.801937
225,6,3639.801937
225,6,3639.801937
225,6,3639.801937
225,6,3639.801937
225,6,3639.801937
225,6,3639.801937
225,6,3639.801937
225,6,3639.801937
225,6,3639.801937
225,6,3639.801937
225,6,3639.801937
225,6,3639.801937
225,7,2683.862801
225,7,2683.862801
225,7,2683.862801
225,7,2683.862801
225,7,2683.862801
225,8,2498.164439
225,8,2498.164439
225,8,2498.164439
225,9,2387.072735
225,9,2387.072735
225,9,2387.072735
225,9,2387.072735
225,9,2387.072735
225,9,2387.072735
225,10,2375.148179
225,10,2375.148179
225,10,2375.148179
225,10,2375.148179
225,10,2375.148179
225,10,2375.148179
225,10,2375.148179
225,10,2375.148179
225,10,2375.148179
225,10,2375.148179
225,10,2375.148179
225,10,2375.148179
225,10,2375.148179
225,10,2375.148179
225,11,2339.475924
225,11,2339.475924
225,11,2339.475924
225,11,2339.475924
225,11,2339.475924
225,11,2339.475924
225,11,2339.475924
225,11,2339.475924
225,11,2339.475924
225,11,2339.475924
225,11,2339.475924
225,11,2339.475924
225,11,2339.475924
225,11,2339.475924
225,11,2339.475924
225,11,2339.475924
225,11,2339.475924
225,11,2339.475924
225,11,2339.475924
225,11,2339.475924
225,11,2339.475924
225,11,2339.475924
225,11,2339.475924
225,11,2339.475924
225,11,2339.475924
225,11,2339.475924
225,11,2339.475924
225,11,2339.475924
225,11,2339.475924
225,12,2330.546211
225,12,2330.546211
225,12,2330.546211
225,12,2330.546211
225,12,2330.546211
225,12,2330.546211
225,12,2330.546211
225,12,2330.546211
225,13,2315.639906
225,13,2315.639906
225,13,2315.639906
225,13,2315.639906
225,13,2315.639906
225,13,2315.639906
225,13,2315.639906
225,13,2315.639906
225,13,2315.639906
225,13,2315.639906
225,13,2315.639906
225,13,2315.639906
225,13,2315.639906
225,13,2315.639906
225,13,2315.639906
225,13,2315.639906
225,13,2315.639906
225,13,2315.639906
225,13,2315.639906
225,13,2315.639906
225,13,2315.639906
225,13,2315.639906
225,13,2315.639906
225,13,2315.639906
225,13,2315.639906
225,13,2315.639906
225,13,2315.639906
225,14,2297.591602
225,14,2297.591602
225,14,2297.591602
225,14,2297.591602
225,14,2297.591602
225,15,2280.947047
225,15,2280.947047
225,15,2280.947047
225,15,2280.947047
225,15,2280.947047
225,15,2280.947047
225,15,2280.947047
225,15,2280.947047
225,15,2280.947047
225,15,2280.947047
226,6,3639.801937
226,6,3639.801937
226,6,3639.801937
226,6,3639.801937
226,6,3639.801937
226,6,3639.801937
226,6,3639.801937
226,6,3639.801937
226,6,3639.801937
226,6,3639.801937
226,6,3639.801937
226,6,3639.801937
226,6,3639.801937
226,6,3639.801937
226,6,3639.801937
226,6,3639.801937
226,6,3639.801937
226,6,3639.801937
226,6,3639.801937
226,6,3639.801937
226,6,3639.801937
226,6,3639.801937
226,6,3639.801937
226,6,3639.801937
226,6,3639.801937
226,6,3639.801937
226,6,3639.801937
226,6,3639.801937
226,6,3639.801937
226,6,3639.801937
226,6,3639.801937
226,6,3639.801937
226,6,3639.801937
226,6,3639.801937
226,6,3639.801937
226,6,3639.801937
226,6,3639.801937
226,6,3639.801937
226,6,3639.801937
226,6,3639.801937
226,6,3639.801937
226,6,3639.801937
226,6,3639.801937
226,6,3639.801937
226,6,3639.801937
226,6,3639.801937
226,6,3639.801937
226,6,3639.801937
226,6,3639.801937
226,7,2683.862801
226,7,2683.862801
226,7,2683.862801
226,7,2683.862801
226,7,2683.862801
226,7,2683.862801
226,8,2498.164439
226,8,2498.164439
226,8,2498.164439
226,8,2498.164439
226,9,2387.072735
226,9,2387.072735
226,9,2387.072735
226,9,2387.072735
226,9,2387.072735
226,9,2387.072735
226,9,2387.072735
226,10,2356.733844
226,11,2339.475924
226,11,2339.475924
226,11,2339.475924
226,11,2339.475924
226,11,2339.475924
226,11,2339.475924
226,11,2339.475924
226,11,2339.475924
226,11,2339.475924
226,11,2339.475924
226,11,2339.475924
226,11,2339.475924
226,11,2339.475924
226,11,2339.475924
226,11,2339.475924
226,11,2339.475924
226,11,2339.475924
226,11,2339.475924
226,11,2339.475924
226,11,2339.475924
226,11,2339.475924
226,11,2339.475924
226,11,2339.475924
226,11,2339.475924
226,11,2339.475924
226,11,2339.475924
226,11,2339.475924
226,11,2339.475924
226,11,2339.475924
226,11,2339.475924
226,12,2330.546211
226,12,2330.546211
226,12,2330.546211
226,12,2330.546211
226,12,2330.546211
226,12,2330.546211
226,12,2330.546211
226,12,2330.546211
226,12,2330.546211
226,13,2312.573930
226,14,2297.591602
226,14,2297.591602
226,14,2297.591602
226,14,2297.591602
226,14,2297.591602
226,14,2297.591602
226,15,2280.947047
226,15,2280.947047
226,15,2280.947047
226,15,2280.947047
226,15,2280.947047
226,15,2280.947047
226,15,2280.947047
226,15,2280.947047
226,15,2280.947047
226,15,2280.947047
226,15,2280.947047
227,6,3639.801937
227,6,3639.801937
227,6,3639.801937
227,6,3639.801937
227,6,3639.801937
227,6,3639.801937
227,6,3639.801937
227,6,3639.801937
227,6,3639.801937
227,6,3639.801937
227,6,3639.801937
227,6,3639.801937
227,6,3639.801937
227,6,3639.801937
227,6,3639.801937
227,6,3639.801937
227,6,3639.801937
227,6,3639.801937
227,6,3639.801937
227,6,3639.801937
227,6,3639.801937
227,6,3639.801937
227,6,3639.801937
227,6,3639.801937
227,6,3639.801937
227,6,3639.801937
227,6,3639.801937
227,6,3639.801937
227,6,3639.801937
227,6,3639.801937
227,6,3639.801937
227,6,3639.801937
227,6,3639.801937
227,6,3639.801937
227,6,3639.801937
227,6,3639.801937
227,6,3639.801937
227,6,3639.801937
227,6,3639.801937
227,6,3639.801937
227,6,3639.801937
227,6,3639.801937
227,6,3639.801937
227,6,3639.801937
227,6,3639.801937
227,6,3639.801937
227,6,3639.801937
227,6,3639.801937
227,6,3639.801937
227,6,3639.801937
227,6,3639.801937
227,6,3639.801937
227,6,3639.801937
227,6,3639.801937
227,6,3639.801937
227,7,2683.862801
227,7,2683.862801
227,7,2683.862801
227,7,2683.862801
227,7,2683.862801
227,7,2683.862801
227,7,2683.862801
227,8,2498.164439
227,8,2498.164439
227,8,2498.164439
227,8,2498.164439
227,8,2498.164439
227,9,2387.072735
227,9,2387.072735
227,9,2387.072735
227,9,2387.072735
227,9,2387.072735
227,9,2387.072735
227,9,2387.072735
227,9,2387.072735
227,10,2356.733844
227,10,2356.733844
227,11,2339.475924
227,11,2339.475924
227,11,2339.475924
227,11,2339.475924
227,11,2339.475924
227,11,2339.475924
227,11,2339.475924
227,11,2339.475924
227,11,2339.475924
227,11,2339.475924
227,11,2339.475924
227,11,2339.475924
227,11,2339.475924
227,11,2339.475924
227,11,2339.475924
227,11,2339.475924
227,11,2339.475924
227,11,2339.475924
227,11,2339.475924
227,11,2339.475924
227,11,2339.475924
227,11,2339.475924
227,11,2339.475924
227,11,2339.475924
227,11,2339.475924
227,11,2339.475924
227,11,2339.475924
227,11,2339.475924
227,11,2339.475924
227,11,2339.475924
227,11,2339.475924
227,12,2330.546211
227,12,2330.546211
227,12,2330.546211
227,12,2330.546211
227,12,2330.546211
227,12,2330.546211
227,12,2330.546211
227,12,2330.546211
227,12,2330.546211
227,12,2330.546211
227,13,2293.871821
227,15,2280.947047
227,15,2280.947047
227,15,2280.947047
227,15,2280.947047
227,15,2280.947047
227,15,2280.947047
227,15,2280.947047
227,15,2280.947047
227,15,2280.947047
227,15,2280.947047
227,15,2280.947047
227,15,2280.947047
228,6,3639.801937
228,6,3639.801937
228,6,3639.801937
228,6,3639.801937
228,6,3639.801937
228,6,3639.801937
228,6,3639.801937
228,6,3639.801937
228,6,3639.801937
228,6,3639.801937
228,6,3639.801937
228,6,3639.801937
228,6,3639.801937
228,6,3639.801937
228,6,3639.801937
228,6,3639.801937
228,6,3639.801937
228,6,3639.801937
228,6,3639.801937
228,6,3639.801937
228,6,3639.801937
228,6,3639.801937
228,6,3639.801937
228,6,3639.801937
228,6,3639.801937
228,6,3639.801937
228,6,3639.801937
228,6,3639.801937
228,6,3639.801937
228,6,3639.801937
228,6,3639.801937
228,6,3639.801937
228,6,3639.801937
228,6,3639.801937
228,6,3639.801937
228,6,3639.801937
228,6,3639.801937
228,6,3639.801937
228,6,3639.801937
228,6,3639.801937
228,6,3639.801937
228,6,3639.801937
228,6,3639.801937
228,6,3639.801937
228,6,3639.801937
228,6,3639.801937
228,6,3639.801937
228,6,3639.801937
228,6,3639.801937
228,6,3639.801937
228,6,3639.801937
228,6,3639.801937
228,6,3639.801937
228,6,3639.801937
228,6,3639.801937
228,6,3639.801937
228,6,3639.801937
228,6,3639.801937
228,6,3639.801937
228,6,3639.801937
228,6,3639.801937
228,6,3639.801937
228,7,2683.862801
228,7,2683.862801
228,7,2683.862801
228,7,2683.862801
228,7,2683.862801
228,7,2683.862801
228,7,2683.862801
228,7,2683.862801
228,8,2483.929439
228,9,2387.072735
228,9,2387.072735
228,9,2387.072735
228,9,2387.072735
228,9,2387.072735
228,9,2387.072735
228,9,2387.072735
228,9,2387.072735
228,9,2387.072735
228,10,2356.733844
228,10,2356.733844
228,10,2356.733844
228,11,2339.475924
228,11,2339.475924
228,11,2339.475924
228,11,2339.475924
228,11,2339.475924
228,11,2339.475924
228,11,2339.475924
228,11,2339.475924
228,11,2339.475924
228,11,2339.475924
228,11,2339.475924
228,11,2339.475924
228,11,2339.475924
228,11,2339.475924
228,11,2339.475924
228,11,2339.475924
228,11,2339.475924
228,11,2339.475924
228,11,2339.475924
228,11,2339.475924
228,11,2339.475924
228,11,2339.475924
228,11,2339.475924
228,11,2339.475924
228,11,2339.475924
228,11,2339.475924
228,11,2339.475924
228,11,2339.475924
228,11,2339.475924
228,11,2339.475924
228,11,2339.475924
228,11,2339.475924
228,12,2330.546211
228,12,2330.546211
228,12,2330.546211
228,12,2330.546211
228,12,2330.546211
228,12,2330.546211
228,12,2330.546211
228,12,2330.546211
228,12,2330.546211
228,12,2330.546211
228,12,2330.546211
228,13,2293.871821
228,13,2293.871821
228,15,2280.947047
228,15,2280.947047
228,15,2280.947047
228,15,2280.947047
228,15,2280.947047
228,15,2280.947047
228,15,2280.947047
228,15,2280.947047
228,15,2280.947047
228,15,2280.947047
228,15,2280.947047
228,15,2280.947047
228,15,2280.947047
229,6,3639.801937
229,6,3639.801937
229,6,3639.801937
229,6,3639.801937
229,6,3639.801937
229,6,3639.801937
229,6,3639.801937
229,6,3639.801937
229,6,3639.801937
229,6,3639.801937
229,6,3639.801937
229,6,3639.801937
229,6,3639.801937
229,6,3639.801937
229,6,3639.801937
229,6,3639.801937
229,6,3639.801937
229,6,3639.801937
229,6,3639.801937
229,6,3639.801937
229,6,3639.801937
229,6,3639.801937
229,6,3639.801937
229,6,3639.801937
229,6,3639.801937
229,6,3639.801937
229,6,3639.801937
229,6,3639.801937
229,6,3639.801937
229,6,3639.801937
229,6,3639.801937
229,6,3639.801937
229,6,3639.801937
229,6,3639.801937
229,6,3639.801937
229,6,3639.801937
229,6,3639.801937
229,6,3639.801937
229,6,3639.801937
229,6,3639.801937
229,6,3639.801937
229,6,3639.801937
229,6,3639.801937
229,6,3639.801937
229,6,3639.801937
229,6,3639.801937
229,6,3639.801937
229,6,3639.801937
229,6,3639.801937
229,6,3639.801937
229,6,3639.801937
229,6,3639.801937
229,6,3639.801937
229,6,3639.801937
229,6,3639.801937
229,6,3639.801937
229,6,3639.801937
229,6,3639.801937
229,6,3639.801937
229,6,3639.801937
229,6,3639.801937
229,6,3639.801937
229,6,3639.801937
229,6,3639.801937
229,6,3639.801937
229,6,3639.801937
229,6,3639.801937
229,6,3639.801937
229,6,3639.801937
229,7,2683.862801
229,7,2683.862801
229,7,2683.862801
229,7,2683.862801
229,7,2683.862801
229,7,2683.862801
229,7,2683.862801
229,7,2683.862801
229,7,2683.862801
229,8,2483.929439
229,8,2483.929439
229,9,2387.072735
229,9,2387.072735
229,9,2387.072735
229,9,2387.072735
229,9,2387.072735
229,9,2387.072735
229,9,2387.072735
229,9,2387.072735
229,9,2387.072735
229,9,2387.072735
229,10,2352.496399
229,11,2339.475924
229,11,2339.475924
229,11,2339.475924
229,11,2339.475924
229,11,2339.475924
229,11,2339.475924
229,11,2339.475924
229,11,2339.475924
229,11,2339.475924
229,11,2339.475924
229,11,2339.475924
229,11,2339.475924
229,11,2339.475924
229,11,2339.475924
229,11,2339.475924
229,11,2339.475924
229,11,2339.475924
229,11,2339.475924
229,11,2339.475924
229,11,2339.475924
229,11,2339.475924
229,11,2339.475924
229,11,2339.475924
229,11,2339.475924
229,11,2339.475924
229,11,2339.475924
229,11,2339.475924
229,11,2339.475924
229,11,2339.475924
229,11,2339.475924
229,11,2339.475924
229,11,2339.475924
229,11,2339.475924
229,12,2313.593039
229,13,2293.871821
229,13,2293.871821
229,13,2293.871821
229,15,2280.947047
229,15,2280.947047
229,15,2280.947047
229,15,2280.947047
229,15,2280.947047
229,15,2280.947047
229,15,2280.947047
229,15,2280.947047
229,15,2280.947047
229,15,2280.947047
229,15,2280.947047
229,15,2280.947047
229,15,2280.947047
229,15,2280.947047
230,6,3639.801937
230,6,3639.801937
230,6,3639.801937
230,6,3639.801937
230,6,3639.801937
230,6,3639.801937
230,6,3639.801937
230,6,3639.801937
230,6,3639.801937
230,6,3639.801937
230,6,3639.801937
230,6,3639.801937
230,6,3639.801937
230,6,3639.801937
230,6,3639.801937
230,6,3639.801937
230,6,3639.801937
230,6,3639.801937
230,6,3639.801937
230,6,3639.801937
230,6,3639.801937
230,6,3639.801937
230,6,3639.801937
230,6,3639.801937
230,6,3639.801937
230,6,3639.801937
230,6,3639.801937
230,6,3639.801937
230,6,3639.801937
230,6,3639.801937
230,6,3639.801937
230,6,3639.801937
230,6,3639.801937
230,6,3639.801937
230,6,3639.801937
230,6,3639.801937
230,6,3639.801937
230,6,3639.801937
230,6,3639.801937
230,6,3639.801937
230,6,3639.801937
230,6,3639.801937
230,6,3639.801937
230,6,3639.801937
230,6,3639.801937
230,6,3639.801937
230,6,3639.801937
230,6,3639.801937
230,6,3639.801937
230,6,3639.801937
230,6,3639.801937
230,6,3639.801937
230,6,3639.801937
230,6,3639.801937
230,6,3639.801937
230,6,3639.801937
230,6,3639.801937
230,6,3639.801937
230,6,3639.801937
230,6,3639.801937
230,6,3639.801937
230,6,3639.801937
230,6,3639.801937
230,6,3639.801937
230,6,3639.801937
230,6,3639.801937
230,6,3639.801937
230,6,3639.801937
230,6,3639.801937
230,7,2683.862801
230,7,2683.862801
230,7,2683.862801
230,7,2683.862801
230,7,2683.862801
230,7,2683.862801
230,7,2683.862801
230,7,2683.862801
230,7,2683.862801
230,7,2683.862801
230,8,2483.929439
230,8,2483.929439
230,8,2483.929439
230,9,2387.072735
230,9,2387.072735
230,9,2387.072735
230,9,2387.072735
230,9,2387.072735
230,9,2387.072735
230,9,2387.072735
230,9,2387.072735
230,9,2387.072735
230,9,2387.072735
230,9,2387.072735
230,10,2352.496399
230,10,2352.496399
230,11,2339.475924
230,11,2339.475924
230,11,2339.475924
230,11,2339.475924
230,11,2339.475924
230,11,2339.475924
230,11,2339.475924
230,11,2339.475924
230,11,2339.475924
230,11,2339.475924
230,11,2339.475924
230,11,2339.475924
230,11,2339.475924
230,11,2339.475924
230,11,2339.475924
230,11,2339.475924
230,11,2339.475924
230,11,2339.475924
230,11,2339.475924
230,11,2339.475924
230,11,2339.475924
230,11,2339.475924
230,11,2339.475924
230,11,2339.475924
230,11,2339.475924
230,11,2339.475924
230,11,2339.475924
230,11,2339.475924
230,11,2339.475924
230,11,2339.475924
230,11,2339.475924
230,11,2339.475924
230,11,2339.475924
230,11,2339.475924
230,12,2313.593039
230,12,2313.593039
230,13,2293.871821
230,13,2293.871821
230,13,2293.871821
230,13,2293.871821
230,15,2280.947047
230,15,2280.947047
230,15,2280.947047
230,15,2280.947047
230,15,2280.947047
230,15,2280.947047
230,15,2280.947047
230,15,2280.947047
230,15,2280.947047
230,15,2280.947047
230,15,2280.947047
230,15,2280.947047
230,15,2280.947047
230,15,2280.947047
230,15,2280.947047
231,6,3636.567360
231,7,2683.862801
231,7,2683.862801
231,7,2683.862801
231,7,2683.862801
231,7,2683.862801
231,7,2683.862801
231,7,2683.862801
231,7,2683.862801
231,7,2683.862801
231,7,2683.862801
231,7,2683.862801
231,8,2483.929439
231,8,2483.929439
231,8,2483.929439
231,8,2483.929439
231,9,2387.072735
231,9,2387.072735
231,9,2387.072735
231,9,2387.072735
231,9,2387.072735
231,9,2387.072735
231,9,2387.072735
231,9,2387.072735
231,9,2387.072735
231,9,2387.072735
231,9,2387.072735
231,9,2387.072735
231,10,2352.496399
231,10,2352.496399
231,10,2352.496399
231,11,2339.475924
231,11,2339.475924
231,11,2339.475924
231,11,2339.475924
231,11,2339.475924
231,11,2339.475924
231,11,2339.475924
231,11,2339.475924
231,11,2339.475924
231,11,2339.475924
231,11,2339.475924
231,11,2339.475924
231,11,2339.475924
231,11,2339.475924
231,11,2339.475924
231,11,2339.475924
231,11,2339.475924
231,11,2339.475924
231,11,2339.475924
231,11,2339.475924
231,11,2339.475924
231,11,2339.475924
231,11,2339.475924
231,11,2339.475924
231,11,2339.475924
231,11,2339.475924
231,11,2339.475924
231,11,2339.475924
231,11,2339.475924
231,11,2339.475924
231,11,2339.475924
231,11,2339.475924
231,11,2339.475924
231,11,2339.475924
231,11,2339.475924
231,12,2313.593039
231,12,2313.593039
231,12,2313.593039
231,13,2293.871821
231,13,2293.871821
231,13,2293.871821
231,13,2293.871821
231,13,2293.871821
231,15,2280.947047
231,15,2280.947047
231,15,2280.947047
231,15,2280.947047
231,15,2280.947047
231,15,2280.947047
231,15,2280.947047
231,15,2280.947047
231,15,2280.947047
231,15,2280.947047
231,15,2280.947047
231,15,2280.947047
231,15,2280.947047
231,15,2280.947047
231,15,2280.947047
231,15,2280.947047
232,6,3636.567360
232,6,3636.567360
232,7,2683.862801
232,7,2683.862801
232,7,2683.862801
232,7,2683.862801
232,7,2683.862801
232,7,2683.862801
232,7,2683.862801
232,7,2683.862801
232,7,2683.862801
232,7,2683.862801
232,7,2683.862801
232,7,2683.862801
232,8,2483.929439
232,8,2483.929439
232,8,2483.929439
232,8,2483.929439
232,8,2483.929439
232,9,2387.072735
232,9,2387.072735
232,9,2387.072735
232,9,2387.072735
232,9,2387.072735
232,9,2387.072735
232,9,2387.072735
232,9,2387.072735
232,9,2387.072735
232,9,2387.072735
232,9,2387.072735
232,9,2387.072735
232,9,2387.072735
232,10,2352.496399
232,10,2352.496399
232,10,2352.496399
232,10,2352.496399
232,11,2339.475924
232,11,2339.475924
232,11,2339.475924
232,11,2339.475924
232,11,2339.475924
232,11,2339.475924
232,11,2339.475924
232,11,2339.475924
232,11,2339.475924
232,11,2339.475924
232,11,2339.475924
232,11,2339.475924
232,11,2339.475924
232,11,2339.475924
232,11,2339.475924
232,11,2339.475924
232,11,2339.475924
232,11,2339.475924
232,11,2339.475924
232,11,2339.475924
232,11,2339.475924
232,11,2339.475924
232,11,2339.475924
232,11,2339.475924
232,11,2339.475924
232,11,2339.475924
232,11,2339.475924
232,11,2339.475924
232,11,2339.475924
232,11,2339.475924
232,11,2339.475924
232,11,2339.475924
232,11,2339.475924
232,11,2339.475924
232,11,2339.475924
232,11,2339.475924
232,12,2313.593039
232,12,2313.593039
232,12,2313.593039
232,12,2313.593039
232,13,2293.871821
232,13,2293.871821
232,13,2293.871821
232,13,2293.871821
232,13,2293.871821
232,13,2293.871821
232,15,2280.947047
232,15,2280.947047
232,15,2280.947047
232,15,2280.947047
232,15,2280.947047
232,15,2280.947047
232,15,2280.947047
232,15,2280.947047
232,15,2280.947047
232,15,2280.947047
232,15,2280.947047
232,15,2280.947047
232,15,2280.947047
232,15,2280.947047
232,15,2280.947047
232,15,2280.947047
232,15,2280.947047
233,6,3590.387605
233,7,2683.862801
233,7,2683.862801
233,7,2683.862801
233,7,2683.862801
233,7,2683.862801
233,7,2683.862801
233,7,2683.862801
233,7,2683.862801
233,7,2683.862801
233,7,2683.862801
233,7,2683.862801
233,7,2683.862801
233,7,2683.862801
233,8,2483.929439
233,8,2483.929439
233,8,2483.929439
233,8,2483.929439
233,8,2483.929439
233,8,2483.929439
233,9,2387.072735
233,9,2387.072735
233,9,2387.072735
233,9,2387.072735
233,9,2387.072735
233,9,2387.072735
233,9,2387.072735
233,9,2387.072735
233,9,2387.072735
233,9,2387.072735
233,9,2387.072735
233,9,2387.072735
233,9,2387.072735
233,9,2387.072735
233,10,2352.496399
233,10,2352.496399
233,10,2352.496399
233,10,2352.496399
233,10,2352.496399
233,11,2339.475924
233,11,2339.475924
233,11,2339.475924
233,11,2339.475924
233,11,2339.475924
233,11,2339.475924
233,11,2339.475924
233,11,2339.475924
233,11,2339.475924
233,11,2339.475924
233,11,2339.475924
233,11,2339.475924
233,11,2339.475924
233,11,2339.475924
233,11,2339.475924
233,11,2339.475924
233,11,2339.475924
233,11,2339.475924
233,11,2339.475924
233,11,2339.475924
233,11,2339.475924
233,11,2339.475924
233,11,2339.475924
233,11,2339.475924
233,11,2339.475924
233,11,2339.475924
233,11,2339.475924
233,11,2339.475924
233,11,2339.475924
233,11,2339.475924
233,11,2339.475924
233,11,2339.475924
233,11,2339.475924
233,11,2339.475924
233,11,2339.475924
233,11,2339.475924
233,11,2339.475924
233,12,2313.593039
233,12,2313.593039
233,12,2313.593039
233,12,2313.593039
233,12,2313.593039
233,13,2293.871821
233,13,2293.871821
233,13,2293.871821
233,13,2293.871821
233,13,2293.871821
233,13,2293.871821
233,13,2293.871821
233,15,2280.947047
233,15,2280.947047
233,15,2280.947047
233,15,2280.947047
233,15,2280.947047
233,15,2280.947047
233,15,2280.947047
233,15,2280.947047
233,15,2280.947047
233,15,2280.947047
233,15,2280.947047
233,15,2280.947047
233,15,2280.947047
233,15,2280.947047
233,15,2280.947047
233,15,2280.947047
233,15,2280.947047
233,15,2280.947047
234,6,3590.387605
234,6,3590.387605
234,7,2683.862801
234,7,2683.862801
234,7,2683.862801
234,7,2683.862801
234,7,2683.862801
234,7,2683.862801
234,7,2683.862801
234,7,2683.862801
234,7,2683.862801
234,7,2683.862801
234,7,2683.862801
234,7,2683.862801
234,7,2683.862801
234,7,2683.862801
234,8,2483.929439
234,8,2483.929439
234,8,2483.929439
234,8,2483.929439
234,8,2483.929439
234,8,2483.929439
234,8,2483.929439
234,9,2387.072735
234,9,2387.072735
234,9,2387.072735
234,9,2387.072735
234,9,2387.072735
234,9,2387.072735
234,9,2387.072735
234,9,2387.072735
234,9,2387.072735
234,9,2387.072735
234,9,2387.072735
234,9,2387.072735
234,9,2387.072735
234,9,2387.072735
234,9,2387.072735
234,10,2350.563200
234,11,2339.475924
234,11,2339.475924
234,11,2339.475924
234,11,2339.475924
234,11,2339.475924
234,11,2339.475924
234,11,2339.475924
234,11,2339.475924
234,11,2339.475924
234,11,2339.475924
234,11,2339.475924
234,11,2339.475924
234,11,2339.475924
234,11,2339.475924
234,11,2339.475924
234,11,2339.475924
234,11,2339.475924
234,11,2339.475924
234,11,2339.475924
234,11,2339.475924
234,11,2339.475924
234,11,2339.475924
234,11,2339.475924
234,11,2339.475924
234,11,2339.475924
234,11,2339.475924
234,11,2339.475924
234,11,2339.475924
234,11,2339.475924
234,11,2339.475924
234,11,2339.475924
234,11,2339.475924
234,11,2339.475924
234,11,2339.475924
234,11,2339.475924
234,11,2339.475924
234,11,2339.475924
234,11,2339.475924
234,12,2310.076180
234,13,2293.871821
234,13,2293.871821
234,13,2293.871821
234,13,2293.871821
234,13,2293.871821
234,13,2293.871821
234,13,2293.871821
234,13,2293.871821
234,15,2280.947047
234,15,2280.947047
234,15,2280.947047
234,15,2280.947047
234,15,2280.947047
234,15,2280.947047
234,15,2280.947047
234,15,2280.947047
234,15,2280.947047
234,15,2280.947047
234,15,2280.947047
234,15,2280.947047
234,15,2280.947047
234,15,2280.947047
234,15,2280.947047
234,15,2280.947047
234,15,2280.947047
234,15,2280.947047
234,15,2280.947047
235,6,3590.387605
235,6,3590.387605
235,6,3590.387605
235,7,2683.862801
235,7,2683.862801
235,7,2683.862801
235,7,2683.862801
235,7,2683.862801
235,7,2683.862801
235,7,2683.862801
235,7,2683.862801
235,7,2683.862801
235,7,2683.862801
235,7,2683.862801
235,7,2683.862801
235,7,2683.862801
235,7,2683.862801
235,7,2683.862801
235,8,2483.929439
235,8,2483.929439
235,8,2483.929439
235,8,2483.929439
235,8,2483.929439
235,8,2483.929439
235,8,2483.929439
235,8,2483.929439
235,9,2387.072735
235,9,2387.072735
235,9,2387.072735
235,9,2387.072735
235,9,2387.072735
235,9,2387.072735
235,9,2387.072735
235,9,2387.072735
235,9,2387.072735
235,9,2387.072735
235,9,2387.072735
235,9,2387.072735
235,9,2387.072735
235,9,2387.072735
235,9,2387.072735
235,9,2387.072735
235,10,2350.563200
235,10,2350.563200
235,11,2339.475924
235,11,2339.475924
235,11,2339.475924
235,11,2339.475924
235,11,2339.475924
235,11,2339.475924
235,11,2339.475924
235,11,2339.475924
235,11,2339.475924
235,11,2339.475924
235,11,2339.475924
235,11,2339.475924
235,11,2339.475924
235,11,2339.475924
235,11,2339.475924
235,11,2339.475924
235,11,2339.475924
235,11,2339.475924
235,11,2339.475924
235,11,2339.475924
235,11,2339.475924
235,11,2339.475924
235,11,2339.475924
235,11,2339.475924
235,11,2339.475924
235,11,2339.475924
235,11,2339.475924
235,11,2339.475924
235,11,2339.475924
235,11,2339.475924
235,11,2339.475924
235,11,2339.475924
235,11,2339.475924
235,11,2339.475924
235,11,2339.475924
235,11,2339.475924
235,11,2339.475924
235,11,2339.475924
235,11,2339.475924
235,12,2310.076180
235,12,2310.076180
235,13,2293.871821
235,13,2293.871821
235,13,2293.871821
235,13,2293.871821
235,13,2293.871821
235,13,2293.871821
235,13,2293.871821
235,13,2293.871821
235,13,2293.871821
235,15,2280.947047
235,15,2280.947047
235,15,2280.947047
235,15,2280.947047
235,15,2280.947047
235,15,2280.947047
235,15,2280.947047
235,15,2280.947047
235,15,2280.947047
235,15,2280.947047
235,15,2280.947047
235,15,2280.947047
235,15,2280.947047
235,15,2280.947047
235,15,2280.947047
235,15,2280.947047
235,15,2280.947047
235,15,2280.947047
235,15,2280.947047
235,15,2280.947047
236,6,3590.387605
236,6,3590.387605
236,6,3590.387605
236,6,3590.387605
236,7,2683.862801
236,7,2683.862801
236,7,2683.862801
236,7,2683.862801
236,7,2683.862801
236,7,2683.862801
236,7,2683.862801
236,7,2683.862801
236,7,2683.862801
236,7,2683.862801
236,7,2683.862801
236,7,2683.862801
236,7,2683.862801
236,7,2683.862801
236,7,2683.862801
236,7,2683.862801
236,8,2483.929439
236,8,2483.929439
236,8,2483.929439
236,8,2483.929439
236,8,2483.929439
236,8,2483.929439
236,8,2483.929439
236,8,2483.929439
236,8,2483.929439
236,9,2387.072735
236,9,2387.072735
236,9,2387.072735
236,9,2387.072735
236,9,2387.072735
236,9,2387.072735
236,9,2387.072735
236,9,2387.072735
236,9,2387.072735
236,9,2387.072735
236,9,2387.072735
236,9,2387.072735
236,9,2387.072735
236,9,2387.072735
236,9,2387.072735
236,9,2387.072735
236,9,2387.072735
236,10,2350.563200
236,10,2350.563200
236,10,2350.563200
236,11,2339.475924
236,11,2339.475924
236,11,2339.475924
236,11,2339.475924
236,11,2339.475924
236,11,2339.475924
236,11,2339.475924
236,11,2339.475924
236,11,2339.475924
236,11,2339.475924
236,11,2339.475924
236,11,2339.475924
236,11,2339.475924
236,11,2339.475924
236,11,2339.475924
236,11,2339.475924
236,11,2339.475924
236,11,2339.475924
236,11,2339.475924
236,11,2339.475924
236,11,2339.475924
236,11,2339.475924
236,11,2339.475924
236,11,2339.475924
236,11,2339.475924
236,11,2339.475924
236,11,2339.475924
236,11,2339.475924
236,11,2339.475924
236,11,2339.475924
236,11,2339.475924
236,11,2339.475924
236,11,2339.475924
236,11,2339.475924
236,11,2339.475924
236,11,2339.475924
236,11,2339.475924
236,11,2339.475924
236,11,2339.475924
236,11,2339.475924
236,12,2310.076180
236,12,2310.076180
236,12,2310.076180
236,13,2293.871821
236,13,2293.871821
236,13,2293.871821
236,13,2293.871821
236,13,2293.871821
236,13,2293.871821
236,13,2293.871821
236,13,2293.871821
236,13,2293.871821
236,13,2293.871821
236,15,2280.947047
236,15,2280.947047
236,15,2280.947047
236,15,2280.947047
236,15,2280.947047
236,15,2280.947047
236,15,2280.947047
236,15,2280.947047
236,15,2280.947047
236,15,2280.947047
236,15,2280.947047
236,15,2280.947047
236,15,2280.947047
236,15,2280.947047
236,15,2280.947047
236,15,2280.947047
236,15,2280.947047
236,15,2280.947047
236,15,2280.947047
236,15,2280.947047
236,15,2280.947047
237,6,3590.387605
237,6,3590.387605
237,6,3590.387605
237,6,3590.387605
237,6,3590.387605
237,7,2683.862801
237,7,2683.862801
237,7,2683.862801
237,7,2683.862801
237,7,2683.862801
237,7,2683.862801
237,7,2683.862801
237,7,2683.862801
237,7,2683.862801
237,7,2683.862801
237,7,2683.862801
237,7,2683.862801
237,7,2683.862801
237,7,2683.862801
237,7,2683.862801
237,7,2683.862801
237,7,2683.862801
237,8,2483.929439
237,8,2483.929439
237,8,2483.929439
237,8,2483.929439
237,8,2483.929439
237,8,2483.929439
237,8,2483.929439
237,8,2483.929439
237,8,2483.929439
237,8,2483.929439
237,9,2387.072735
237,9,2387.072735
237,9,2387.072735
237,9,2387.072735
237,9,2387.072735
237,9,2387.072735
237,9,2387.072735
237,9,2387.072735
237,9,2387.072735
237,9,2387.072735
237,9,2387.072735
237,9,2387.072735
237,9,2387.072735
237,9,2387.072735
237,9,2387.072735
237,9,2387.072735
237,9,2387.072735
237,9,2387.072735
237,10,2350.563200
237,10,2350.563200
237,10,2350.563200
237,10,2350.563200
237,11,2339.475924
237,11,2339.475924
237,11,2339.475924
237,11,2339.475924
237,11,2339.475924
237,11,2339.475924
237,11,2339.475924
237,11,2339.475924
237,11,2339.475924
237,11,2339.475924
237,11,2339.475924
237,11,2339.475924
237,11,2339.475924
237,11,2339.475924
237,11,2339.475924
237,11,2339.475924
237,11,2339.475924
237,11,2339.475924
237,11,2339.475924
237,11,2339.475924
237,11,2339.475924
237,11,2339.475924
237,11,2339.475924
237,11,2339.475924
237,11,2339.475924
237,11,2339.475924
237,11,2339.475924
237,11,2339.475924
237,11,2339.475924
237,11,2339.475924
237,11,2339.475924
237,11,2339.475924
237,11,2339.475924
237,11,2339.475924
237,11,2339.475924
237,11,2339.475924
237,11,2339.475924
237,11,2339.475924
237,11,2339.475924
237,11,2339.475924
237,11,2339.475924
237,12,2310.076180
237,12,2310.076180
237,12,2310.076180
237,12,2310.076180
237,13,2293.871821
237,13,2293.871821
237,13,2293.871821
237,13,2293.871821
237,13,2293.871821
237,13,2293.871821
237,13,2293.871821
237,13,2293.871821
237,13,2293.871821
237,13,2293.871821
237,13,2293.871821
237,14,2281.751854
237,15,2280.947047
237,15,2280.947047
237,15,2280.947047
237,15,2280.947047
237,15,2280.947047
237,15,2280.947047
237,15,2280.947047
237,15,2280.947047
237,15,2280.947047
237,15,2280.947047
237,15,2280.947047
237,15,2280.947047
237,15,2280.947047
237,15,2280.947047
237,15,2280.947047
237,15,2280.947047
237,15,2280.947047
237,15,2280.947047
237,15,2280.947047
237,15,2280.947047
237,15,2280.947047
237,15,2280.947047
238,6,3590.387605
238,6,3590.387605
238,6,3590.387605
238,6,3590.387605
238,6,3590.387605
238,6,3590.387605
238,7,2683.862801
238,7,2683.862801
238,7,2683.862801
238,7,2683.862801
238,7,2683.862801
238,7,2683.862801
238,7,2683.862801
238,7,2683.862801
238,7,2683.862801
238,7,2683.862801
238,7,2683.862801
238,7,2683.862801
238,7,2683.862801
238,7,2683.862801
238,7,2683.862801
238,7,2683.862801
238,7,2683.862801
238,7,2683.862801
238,8,2479.784398
238,9,2387.072735
238,9,2387.072735
238,9,2387.072735
238,9,2387.072735
238,9,2387.072735
238,9,2387.072735
238,9,2387.072735
238,9,2387.072735
238,9,2387.072735
238,9,2387.072735
238,9,2387.072735
238,9,2387.072735
238,9,2387.072735
238,9,2387.072735
238,9,2387.072735
238,9,2387.072735
238,9,2387.072735
238,9,2387.072735
238,9,2387.072735
238,10,2350.563200
238,10,2350.563200
238,10,2350.563200
238,10,2350.563200
238,10,2350.563200
238,11,2294.785138
238,13,2293.871821
238,13,2293.871821
238,13,2293.871821
238,13,2293.871821
238,13,2293.871821
238,13,2293.871821
238,13,2293.871821
238,13,2293.871821
238,13,2293.871821
238,13,2293.871821
238,13,2293.871821
238,13,2293.871821
238,14,2273.917470
239,6,3590.387605
239,6,3590.387605
239,6,3590.387605
239,6,3590.387605
239,6,3590.387605
239,6,3590.387605
239,6,3590.387605
239,7,2683.862801
239,7,2683.862801
239,7,2683.862801
239,7,2683.862801
239,7,2683.862801
239,7,2683.862801
239,7,2683.862801
239,7,2683.862801
239,7,2683.862801
239,7,2683.862801
239,7,2683.862801
239,7,2683.862801
239,7,2683.862801
239,7,2683.862801
239,7,2683.862801
239,7,2683.862801
239,7,2683.862801
239,7,2683.862801
239,7,2683.862801
239,8,2479.784398
239,8,2479.784398
239,9,2387.072735
239,9,2387.072735
239,9,2387.072735
239,9,2387.072735
239,9,2387.072735
239,9,2387.072735
239,9,2387.072735
239,9,2387.072735
239,9,2387.072735
239,9,2387.072735
239,9,2387.072735
239,9,2387.072735
239,9,2387.072735
239,9,2387.072735
239,9,2387.072735
239,9,2387.072735
239,9,2387.072735
239,9,2387.072735
239,9,2387.072735
239,9,2387.072735
239,10,2350.563200
239,10,2350.563200
239,10,2350.563200
239,10,2350.563200
239,10,2350.563200
239,10,2350.563200
239,11,2294.785138
239,11,2294.785138
239,13,2293.871821
239,13,2293.871821
239,13,2293.871821
239,13,2293.871821
239,13,2293.871821
239,13,2293.871821
239,13,2293.871821
239,13,2293.871821
239,13,2293.871821
239,13,2293.871821
239,13,2293.871821
239,13,2293.871821
239,13,2293.871821
239,14,2273.917470
239,14,2273.917470
240,6,3590.387605
240,6,3590.387605
240,6,3590.387605
240,6,3590.387605
240,6,3590.387605
240,6,3590.387605
240,6,3590.387605
240,6,3590.387605
240,7,2683.862801
240,7,2683.862801
240,7,2683.862801
240,7,2683.862801
240,7,2683.862801
240,7,2683.862801
240,7,2683.862801
240,7,2683.862801
240,7,2683.862801
240,7,2683.862801
240,7,2683.862801
240,7,2683.862801
240,7,2683.862801
240,7,2683.862801
240,7,2683.862801
240,7,2683.862801
240,7,2683.862801
240,7,2683.862801
240,7,2683.862801
240,7,2683.862801
240,8,2479.784398
240,8,2479.784398
240,8,2479.784398
240,9,2387.072735
240,9,2387.072735
240,9,2387.072735
240,9,2387.072735
240,9,2387.072735
240,9,2387.072735
240,9,2387.072735
240,9,2387.072735
240,9,2387.072735
240,9,2387.072735
240,9,2387.072735
240,9,2387.072735
240,9,2387.072735
240,9,2387.072735
240,9,2387.072735
240,9,2387.072735
240,9,2387.072735
240,9,2387.072735
240,9,2387.072735
240,9,2387.072735
240,9,2387.072735
240,10,2350.563200
240,10,2350.563200
240,10,2350.563200
240,10,2350.563200
240,10,2350.563200
240,10,2350.563200
240,10,2350.563200
240,11,2294.785138
240,11,2294.785138
240,11,2294.785138
240,13,2293.871821
240,13,2293.871821
240,13,2293.871821
240,13,2293.871821
240,13,2293.871821
240,13,2293.871821
240,13,2293.871821
240,13,2293.871821
240,13,2293.871821
240,13,2293.871821
240,13,2293.871821
240,13,2293.871821
240,13,2293.871821
240,13,2293.871821
240,14,2273.917470
240,14,2273.917470
240,14,2273.917470
241,6,3590.387605
241,6,3590.387605
241,6,3590.387605
241,6,3590.387605
241,6,3590.387605
241,6,3590.387605
241,6,3590.387605
241,6,3590.387605
241,6,3590.387605
241,7,2683.862801
241,7,2683.862801
241,7,2683.862801
241,7,2683.862801
241,7,2683.862801
241,7,2683.862801
241,7,2683.862801
241,7,2683.862801
241,7,2683.862801
241,7,2683.862801
241,7,2683.862801
241,7,2683.862801
241,7,2683.862801
241,7,2683.862801
241,7,2683.862801
241,7,2683.862801
241,7,2683.862801
241,7,2683.862801
241,7,2683.862801
241,7,2683.862801
241,7,2683.862801
241,8,2479.784398
241,8,2479.784398
241,8,2479.784398
241,8,2479.784398
241,9,2387.072735
241,9,2387.072735
241,9,2387.072735
241,9,2387.072735
241,9,2387.072735
241,9,2387.072735
241,9,2387.072735
241,9,2387.072735
241,9,2387.072735
241,9,2387.072735
241,9,2387.072735
241,9,2387.072735
241,9,2387.072735
241,9,2387.072735
241,9,2387.072735
241,9,2387.072735
241,9,2387.072735
241,9,2387.072735
241,9,2387.072735
241,9,2387.072735
241,9,2387.072735
241,9,2387.072735
241,10,2342.628327
241,11,2294.785138
241,11,2294.785138
241,11,2294.785138
241,11,2294.785138
241,13,2293.871821
241,13,2293.871821
241,13,2293.871821
241,13,2293.871821
241,13,2293.871821
241,13,2293.871821
241,13,2293.871821
241,13,2293.871821
241,13,2293.871821
241,13,2293.871821
241,13,2293.871821
241,13,2293.871821
241,13,2293.871821
241,13,2293.871821
241,13,2293.871821
241,14,2273.917470
241,14,2273.917470
241,14,2273.917470
241,14,2273.917470
242,6,3590.387605
242,6,3590.387605
242,6,3590.387605
242,6,3590.387605
242,6,3590.387605
242,6,3590.387605
242,6,3590.387605
242,6,3590.387605
242,6,3590.387605
242,6,3590.387605
242,7,2683.862801
242,7,2683.862801
242,7,2683.862801
242,7,2683.862801
242,7,2683.862801
242,7,2683.862801
242,7,2683.862801
242,7,2683.862801
242,7,2683.862801
242,7,2683.862801
242,7,2683.862801
242,7,2683.862801
242,7,2683.862801
242,7,2683.862801
242,7,2683.862801
242,7,2683.862801
242,7,2683.862801
242,7,2683.862801
242,7,2683.862801
242,7,2683.862801
242,7,2683.862801
242,7,2683.862801
242,8,2479.784398
242,8,2479.784398
242,8,2479.784398
242,8,2479.784398
242,8,2479.784398
242,9,2387.072735
242,9,2387.072735
242,9,2387.072735
242,9,2387.072735
242,9,2387.072735
242,9,2387.072735
242,9,2387.072735
242,9,2387.072735
242,9,2387.072735
242,9,2387.072735
242,9,2387.072735
242,9,2387.072735
242,9,2387.072735
242,9,2387.072735
242,9,2387.072735
242,9,2387.072735
242,9,2387.072735
242,9,2387.072735
242,9,2387.072735
242,9,2387.072735
242,9,2387.072735
242,9,2387.072735
242,9,2387.072735
242,10,2342.628327
242,10,2342.628327
242,11,2294.785138
242,11,2294.785138
242,11,2294.785138
242,11,2294.785138
242,11,2294.785138
242,13,2293.871821
242,13,2293.871821
242,13,2293.871821
242,13,2293.871821
242,13,2293.871821
242,13,2293.871821
242,13,2293.871821
242,13,2293.871821
242,13,2293.871821
242,13,2293.871821
242,13,2293.871821
242,13,2293.871821
242,13,2293.871821
242,13,2293.871821
242,13,2293.871821
242,13,2293.871821
242,14,2273.917470
242,14,2273.917470
242,14,2273.917470
242,14,2273.917470
242,14,2273.917470
242,14,2273.917470
243,6,3590.387605
243,6,3590.387605
243,6,3590.387605
243,6,3590.387605
243,6,3590.387605
243,6,3590.387605
243,6,3590.387605
243,6,3590.387605
243,6,3590.387605
243,6,3590.387605
243,6,3590.387605
243,7,2683.862801
243,7,2683.862801
243,7,2683.862801
243,7,2683.862801
243,7,2683.862801
243,7,2683.862801
243,7,2683.862801
243,7,2683.862801
243,7,2683.862801
243,7,2683.862801
243,7,2683.862801
243,7,2683.862801
243,7,2683.862801
243,7,2683.862801
243,7,2683.862801
243,7,2683.862801
243,7,2683.862801
243,7,2683.862801
243,7,2683.862801
243,7,2683.862801
243,7,2683.862801
243,7,2683.862801
243,7,2683.862801
243,8,2479.784398
243,8,2479.784398
243,8,2479.784398
243,8,2479.784398
243,8,2479.784398
243,8,2479.784398
243,8,2479.784398
243,9,2387.072735
243,9,2387.072735
243,9,2387.072735
243,9,2387.072735
243,9,2387.072735
243,9,2387.072735
243,9,2387.072735
243,9,2387.072735
243,9,2387.072735
243,9,2387.072735
243,9,2387.072735
243,9,2387.072735
243,9,2387.072735
243,9,2387.072735
243,9,2387.072735
243,9,2387.072735
243,9,2387.072735
243,9,2387.072735
243,9,2387.072735
243,9,2387.072735
243,9,2387.072735
243,9,2387.072735
243,9,2387.072735
243,9,2387.072735
243,10,2342.628327
243,10,2342.628327
243,10,2342.628327
243,11,2294.785138
243,11,2294.785138
243,11,2294.785138
243,11,2294.785138
243,11,2294.785138
243,11,2294.785138
243,13,2293.871821
243,13,2293.871821
243,13,2293.871821
243,13,2293.871821
243,13,2293.871821
243,13,2293.871821
243,13,2293.871821
243,13,2293.871821
243,13,2293.871821
243,13,2293.871821
243,13,2293.871821
243,13,2293.871821
243,13,2293.871821
243,13,2293.871821
243,13,2293.871821
243,13,2293.871821
243,13,2293.871821
243,14,2273.917470
243,14,2273.917470
243,14,2273.917470
243,14,2273.917470
243,14,2273.917470
243,14,2273.917470
243,14,2273.917470
243,14,2273.917470
244,6,3590.387605
244,6,3590.387605
244,6,3590.387605
244,6,3590.387605
244,6,3590.387605
244,6,3590.387605
244,6,3590.387605
244,6,3590.387605
244,6,3590.387605
244,6,3590.387605
244,6,3590.387605
244,6,3590.387605
244,7,2683.862801
244,7,2683.862801
244,7,2683.862801
244,7,2683.862801
244,7,2683.862801
244,7,2683.862801
244,7,2683.862801
244,7,2683.862801
244,7,2683.862801
244,7,2683.862801
244,7,2683.862801
244,7,2683.862801
244,7,2683.862801
244,7,2683.862801
244,7,2683.862801
244,7,2683.862801
244,7,2683.862801
244,7,2683.862801
244,7,2683.862801
244,7,2683.862801
244,7,2683.862801
244,7,2683.862801
244,7,2683.862801
244,7,2683.862801
244,8,2479.784398
244,8,2479.784398
244,8,2479.784398
244,8,2479.784398
244,8,2479.784398
244,8,2479.784398
244,8,2479.784398
244,8,2479.784398
244,8,2479.784398
244,9,2387.072735
244,9,2387.072735
244,9,2387.072735
244,9,2387.072735
244,9,2387.072735
244,9,2387.072735
244,9,2387.072735
244,9,2387.072735
244,9,2387.072735
244,9,2387.072735
244,9,2387.072735
244,9,2387.072735
244,9,2387.072735
244,9,2387.072735
244,9,2387.072735
244,9,2387.072735
244,9,2387.072735
244,9,2387.072735
244,9,2387.072735
244,9,2387.072735
244,9,2387.072735
244,9,2387.072735
244,9,2387.072735
244,9,2387.072735
244,9,2387.072735
244,10,2342.628327
244,10,2342.628327
244,10,2342.628327
244,10,2342.628327
244,11,2294.785138
244,11,2294.785138
244,11,2294.785138
244,11,2294.785138
244,11,2294.785138
244,11,2294.785138
244,11,2294.785138
244,13,2293.871821
244,13,2293.871821
244,13,2293.871821
244,13,2293.871821
244,13,2293.871821
244,13,2293.871821
244,13,2293.871821
244,13,2293.871821
244,13,2293.871821
244,13,2293.871821
244,13,2293.871821
244,13,2293.871821
244,13,2293.871821
244,13,2293.871821
244,13,2293.871821
244,13,2293.871821
244,13,2293.871821
244,13,2293.871821
244,14,2273.917470
244,14,2273.917470
244,14,2273.917470
244,14,2273.917470
244,14,2273.917470
244,14,2273.917470
244,14,2273.917470
244,14,2273.917470
244,14,2273.917470
244,14,2273.917470
244,15,2273.588941
245,6,3590.387605
245,6,3590.387605
245,6,3590.387605
245,6,3590.387605
245,6,3590.387605
245,6,3590.387605
245,6,3590.387605
245,6,3590.387605
245,6,3590.387605
245,6,3590.387605
245,6,3590.387605
245,6,3590.387605
245,6,3590.387605
245,7,2683.862801
245,7,2683.862801
245,7,2683.862801
245,7,2683.862801
245,7,2683.862801
245,7,2683.862801
245,7,2683.862801
245,7,2683.862801
245,7,2683.862801
245,7,2683.862801
245,7,2683.862801
245,7,2683.862801
245,7,2683.862801
245,7,2683.862801
245,7,2683.862801
245,7,2683.862801
245,7,2683.862801
245,7,2683.862801
245,7,2683.862801
245,7,2683.862801
245,7,2683.862801
245,7,2683.862801
245,7,2683.862801
245,7,2683.862801
245,7,2683.862801
245,8,2479.784398
245,8,2479.784398
245,8,2479.784398
245,8,2479.784398
245,8,2479.784398
245,8,2479.784398
245,8,2479.784398
245,8,2479.784398
245,8,2479.784398
245,8,2479.784398
245,8,2479.784398
245,9,2387.072735
245,9,2387.072735
245,9,2387.072735
245,9,2387.072735
245,9,2387.072735
245,9,2387.072735
245,9,2387.072735
245,9,2387.072735
245,9,2387.072735
245,9,2387.072735
245,9,2387.072735
245,9,2387.072735
245,9,2387.072735
245,9,2387.072735
245,9,2387.072735
245,9,2387.072735
245,9,2387.072735
245,9,2387.072735
245,9,2387.072735
245,9,2387.072735
245,9,2387.072735
245,9,2387.072735
245,9,2387.072735
245,9,2387.072735
245,9,2387.072735
245,9,2387.072735
245,10,2299.424009
245,11,2294.785138
245,11,2294.785138
245,11,2294.785138
245,11,2294.785138
245,11,2294.785138
245,11,2294.785138
245,11,2294.785138
245,11,2294.785138
245,13,2293.871821
245,13,2293.871821
245,13,2293.871821
245,13,2293.871821
245,13,2293.871821
245,13,2293.871821
245,13,2293.871821
245,13,2293.871821
245,13,2293.871821
245,13,2293.871821
245,13,2293.871821
245,13,2293.871821
245,13,2293.871821
245,13,2293.871821
245,13,2293.871821
245,13,2293.871821
245,13,2293.871821
245,13,2293.871821
245,13,2293.871821
245,14,2273.917470
245,14,2273.917470
245,14,2273.917470
245,14,2273.917470
245,14,2273.917470
245,14,2273.917470
245,14,2273.917470
245,14,2273.917470
245,14,2273.917470
245,14,2273.917470
245,14,2273.917470
245,14,2273.917470
245,15,2266.776334
246,6,3590.387605
246,6,3590.387605
246,6,3590.387605
246,6,3590.387605
246,6,3590.387605
246,6,3590.387605
246,6,3590.387605
246,6,3590.387605
246,6,3590.387605
246,6,3590.387605
246,6,3590.387605
246,6,3590.387605
246,6,3590.387605
246,6,3590.387605
246,7,2683.862801
246,7,2683.862801
246,7,2683.862801
246,7,2683.862801
246,7,2683.862801
246,7,2683.862801
246,7,2683.862801
246,7,2683.862801
246,7,2683.862801
246,7,2683.862801
246,7,2683.862801
246,7,2683.862801
246,7,2683.862801
246,7,2683.862801
246,7,2683.862801
246,7,2683.862801
246,7,2683.862801
246,7,2683.862801
246,7,2683.862801
246,7,2683.862801
246,7,2683.862801
246,7,2683.862801
246,7,2683.862801
246,7,2683.862801
246,7,2683.862801
246,7,2683.862801
246,8,2474.440727
246,9,2387.072735
246,9,2387.072735
246,9,2387.072735
246,9,2387.072735
246,9,2387.072735
246,9,2387.072735
246,9,2387.072735
246,9,2387.072735
246,9,2387.072735
246,9,2387.072735
246,9,2387.072735
246,9,2387.072735
246,9,2387.072735
246,9,2387.072735
246,9,2387.072735
246,9,2387.072735
246,9,2387.072735
246,9,2387.072735
246,9,2387.072735
246,9,2387.072735
246,9,2387.072735
246,9,2387.072735
246,9,2387.072735
246,9,2387.072735
246,9,2387.072735
246,9,2387.072735
246,9,2387.072735
246,10,2299.424009
246,10,2299.424009
246,11,2294.785138
246,11,2294.785138
246,11,2294.785138
246,11,2294.785138
246,11,2294.785138
246,11,2294.785138
246,11,2294.785138
246,11,2294.785138
246,11,2294.785138
246,13,2293.871821
246,13,2293.871821
246,13,2293.871821
246,13,2293.871821
246,13,2293.871821
246,13,2293.871821
246,13,2293.871821
246,13,2293.871821
246,13,2293.871821
246,13,2293.871821
246,13,2293.871821
246,13,2293.871821
246,13,2293.871821
246,13,2293.871821
246,13,2293.871821
246,13,2293.871821
246,13,2293.871821
246,13,2293.871821
246,13,2293.871821
246,13,2293.871821
246,14,2273.917470
246,14,2273.917470
246,14,2273.917470
246,14,2273.917470
246,14,2273.917470
246,14,2273.917470
246,14,2273.917470
246,14,2273.917470
246,14,2273.917470
246,14,2273.917470
246,14,2273.917470
246,14,2273.917470
246,14,2273.917470
246,14,2273.917470
246,15,2266.776334
246,15,2266.776334
247,6,3590.387605
247,6,3590.387605
247,6,3590.387605
247,6,3590.387605
247,6,3590.387605
247,6,3590.387605
247,6,3590.387605
247,6,3590.387605
247,6,3590.387605
247,6,3590.387605
247,6,3590.387605
247,6,3590.387605
247,6,3590.387605
247,6,3590.387605
247,6,3590.387605
247,7,2683.862801
247,7,2683.862801
247,7,2683.862801
247,7,2683.862801
247,7,2683.862801
247,7,2683.862801
247,7,2683.862801
247,7,2683.862801
247,7,2683.862801
247,7,2683.862801
247,7,2683.862801
247,7,2683.862801
247,7,2683.862801
247,7,2683.862801
247,7,2683.862801
247,7,2683.862801
247,7,2683.862801
247,7,2683.862801
247,7,2683.862801
247,7,2683.862801
247,7,2683.862801
247,7,2683.862801
247,7,2683.862801
247,7,2683.862801
247,7,2683.862801
247,7,2683.862801
247,7,2683.862801
247,8,2474.440727
247,8,2474.440727
247,9,2387.072735
247,9,2387.072735
247,9,2387.072735
247,9,2387.072735
247,9,2387.072735
247,9,2387.072735
247,9,2387.072735
247,9,2387.072735
247,9,2387.072735
247,9,2387.072735
247,9,2387.072735
247,9,2387.072735
247,9,2387.072735
247,9,2387.072735
247,9,2387.072735
247,9,2387.072735
247,9,2387.072735
247,9,2387.072735
247,9,2387.072735
247,9,2387.072735
247,9,2387.072735
247,9,2387.072735
247,9,2387.072735
247,9,2387.072735
247,9,2387.072735
247,9,2387.072735
247,9,2387.072735
247,9,2387.072735
247,10,2299.424009
247,10,2299.424009
247,10,2299.424009
247,11,2294.785138
247,11,2294.785138
247,11,2294.785138
247,11,2294.785138
247,11,2294.785138
247,11,2294.785138
247,11,2294.785138
247,11,2294.785138
247,11,2294.785138
247,11,2294.785138
247,13,2293.871821
247,13,2293.871821
247,13,2293.871821
247,13,2293.871821
247,13,2293.871821
247,13,2293.871821
247,13,2293.871821
247,13,2293.871821
247,13,2293.871821
247,13,2293.871821
247,13,2293.871821
247,13,2293.871821
247,13,2293.871821
247,13,2293.871821
247,13,2293.871821
247,13,2293.871821
247,13,2293.871821
247,13,2293.871821
247,13,2293.871821
247,13,2293.871821
247,13,2293.871821
247,14,2273.917470
247,14,2273.917470
247,14,2273.917470
247,14,2273.917470
247,14,2273.917470
247,14,2273.917470
247,14,2273.917470
247,14,2273.917470
247,14,2273.917470
247,14,2273.917470
247,14,2273.917470
247,14,2273.917470
247,14,2273.917470
247,14,2273.917470
247,14,2273.917470
247,14,2273.917470
247,15,2266.776334
247,15,2266.776334
247,15,2266.776334
248,6,3590.387605
248,6,3590.387605
248,6,3590.387605
248,6,3590.387605
248,6,3590.387605
248,6,3590.387605
248,6,3590.387605
248,6,3590.387605
248,6,3590.387605
248,6,3590.387605
248,6,3590.387605
248,6,3590.387605
248,6,3590.387605
248,6,3590.387605
248,6,3590.387605
248,6,3590.387605
248,7,2683.862801
248,7,2683.862801
248,7,2683.862801
248,7,2683.862801
248,7,2683.862801
248,7,2683.862801
248,7,2683.862801
248,7,2683.862801
248,7,2683.862801
248,7,2683.862801
248,7,2683.862801
248,7,2683.862801
248,7,2683.862801
248,7,2683.862801
248,7,2683.862801
248,7,2683.862801
248,7,2683.862801
248,7,2683.862801
248,7,2683.862801
248,7,2683.862801
248,7,2683.862801
248,7,2683.862801
248,7,2683.862801
248,7,2683.862801
248,7,2683.862801
248,7,2683.862801
248,7,2683.862801
248,7,2683.862801
248,8,2474.440727
248,8,2474.440727
248,8,2474.440727
248,9,2387.072735
248,9,2387.072735
248,9,2387.072735
248,9,2387.072735
248,9,2387.072735
248,9,2387.072735
248,9,2387.072735
248,9,2387.072735
248,9,2387.072735
248,9,2387.072735
248,9,2387.072735
248,9,2387.072735
248,9,2387.072735
248,9,2387.072735
248,9,2387.072735
248,9,2387.072735
248,9,2387.072735
248,9,2387.072735
248,9,2387.072735
248,9,2387.072735
248,9,2387.072735
248,9,2387.072735
248,9,2387.072735
248,9,2387.072735
248,9,2387.072735
248,9,2387.072735
248,9,2387.072735
248,9,2387.072735
248,9,2387.072735
248,10,2299.424009
248,10,2299.424009
248,10,2299.424009
248,10,2299.424009
248,11,2294.785138
248,11,2294.785138
248,11,2294.785138
248,11,2294.785138
248,11,2294.785138
248,11,2294.785138
248,11,2294.785138
248,11,2294.785138
248,11,2294.785138
248,11,2294.785138
248,11,2294.785138
248,13,2293.871821
248,13,2293.871821
248,13,2293.871821
248,13,2293.871821
248,13,2293.871821
248,13,2293.871821
248,13,2293.871821
248,13,2293.871821
248,13,2293.871821
248,13,2293.871821
248,13,2293.871821
248,13,2293.871821
248,13,2293.871821
248,13,2293.871821
248,13,2293.871821
248,13,2293.871821
248,13,2293.871821
248,13,2293.871821
248,13,2293.871821
248,13,2293.871821
248,13,2293.871821
248,13,2293.871821
248,14,2273.917470
248,14,2273.917470
248,14,2273.917470
248,14,2273.917470
248,14,2273.917470
248,14,2273.917470
248,14,2273.917470
248,14,2273.917470
248,14,2273.917470
248,14,2273.917470
248,14,2273.917470
248,14,2273.917470
248,14,2273.917470
248,14,2273.917470
248,14,2273.917470
248,14,2273.917470
248,14,2273.917470
248,14,2273.917470
248,15,2266.776334
248,15,2266.776334
248,15,2266.776334
248,15,2266.776334
249,6,3590.387605
249,6,3590.387605
249,6,3590.387605
249,6,3590.387605
249,6,3590.387605
249,6,3590.387605
249,6,3590.387605
249,6,3590.387605
249,6,3590.387605
249,6,3590.387605
249,6,3590.387605
249,6,3590.387605
249,6,3590.387605
249,6,3590.387605
249,6,3590.387605
249,6,3590.387605
249,6,3590.387605
249,7,2683.862801
249,7,2683.862801
249,7,2683.862801
249,7,2683.862801
249,7,2683.862801
249,7,2683.862801
249,7,2683.862801
249,7,2683.862801
249,7,2683.862801
249,7,2683.862801
249,7,2683.862801
249,7,2683.862801
249,7,2683.862801
249,7,2683.862801
249,7,2683.862801
249,7,2683.862801
249,7,2683.862801
249,7,2683.862801
249,7,2683.862801
249,7,2683.862801
249,7,2683.862801
249,7,2683.862801
249,7,2683.862801
249,7,2683.862801
249,7,2683.862801
249,7,2683.862801
249,7,2683.862801
249,7,2683.862801
249,7,2683.862801
249,8,2474.440727
249,8,2474.440727
249,8,2474.440727
249,8,2474.440727
249,9,2380.520162
249,10,2299.424009
249,10,2299.424009
249,10,2299.424009
249,10,2299.424009
249,10,2299.424009
249,11,2294.785138
249,11,2294.785138
249,11,2294.785138
249,11,2294.785138
249,11,2294.785138
249,11,2294.785138
249,11,2294.785138
249,11,2294.785138
249,11,2294.785138
249,11,2294.785138
249,11,2294.785138
249,11,2294.785138
249,13,2286.288204
249,14,2273.917470
249,14,2273.917470
249,14,2273.917470
249,14,2273.917470
249,14,2273.917470
249,14,2273.917470
249,14,2273.917470
249,14,2273.917470
249,14,2273.917470
249,14,2273.917470
249,14,2273.917470
249,14,2273.917470
249,14,2273.917470
249,14,2273.917470
249,14,2273.917470
249,14,2273.917470
249,14,2273.917470
249,14,2273.917470
249,14,2273.917470
249,14,2273.917470
249,15,2266.776334
249,15,2266.776334
249,15,2266.776334
249,15,2266.776334
249,15,2266.776334
250,6,3587.988368
250,7,2683.862801
250,7,2683.862801
250,7,2683.862801
250,7,2683.862801
250,7,2683.862801
250,7,2683.862801
250,7,2683.862801
250,7,2683.862801
250,7,2683.862801
250,7,2683.862801
250,7,2683.862801
250,7,2683.862801
250,7,2683.862801
250,7,2683.862801
250,7,2683.862801
250,7,2683.862801
250,7,2683.862801
250,7,2683.862801
250,7,2683.862801
250,7,2683.862801
250,7,2683.862801
250,7,2683.862801
250,7,2683.862801
250,7,2683.862801
250,7,2683.862801
250,7,2683.862801
250,7,2683.862801
250,7,2683.862801
250,7,2683.862801
250,7,2683.862801
250,8,2474.440727
250,8,2474.440727
250,8,2474.440727
250,8,2474.440727
250,8,2474.440727
250,9,2380.520162
250,9,2380.520162
250,9,2380.520162
250,10,2299.424009
250,10,2299.424009
250,10,2299.424009
250,10,2299.424009
250,10,2299.424009
250,10,2299.424009
250,11,2294.785138
250,11,2294.785138
250,11,2294.785138
250,11,2294.785138
250,11,2294.785138
250,11,2294.785138
250,11,2294.785138
250,11,2294.785138
250,11,2294.785138
250,11,2294.785138
250,11,2294.785138
250,11,2294.785138
250,11,2294.785138
250,13,2286.288204
250,13,2286.288204
250,14,2273.917470
250,14,2273.917470
250,14,2273.917470
250,14,2273.917470
250,14,2273.917470
250,14,2273.917470
250,14,2273.917470
250,14,2273.917470
250,14,2273.917470
250,14,2273.917470
250,14,2273.917470
250,14,2273.917470
250,14,2273.917470
250,14,2273.917470
250,14,2273.917470
250,14,2273.917470
250,14,2273.917470
250,14,2273.917470
250,14,2273.917470
250,14,2273.917470
250,14,2273.917470
250,14,2273.917470
250,15,2266.776334
250,15,2266.776334
250,15,2266.776334
250,15,2266.776334
250,15,2266.776334
250,15,2266.776334
251,6,3587.988368
251,6,3587.988368
251,7,2681.544800
251,8,2474.440727
251,8,2474.440727
251,8,2474.440727
251,8,2474.440727
251,8,2474.440727
251,8,2474.440727
251,9,2380.520162
251,9,2380.520162
251,9,2380.520162
251,9,2380.520162
251,9,2380.520162
251,10,2299.424009
251,10,2299.424009
251,10,2299.424009
251,10,2299.424009
251,10,2299.424009
251,10,2299.424009
251,10,2299.424009
251,11,2294.785138
251,11,2294.785138
251,11,2294.785138
251,11,2294.785138
251,11,2294.785138
251,11,2294.785138
251,11,2294.785138
251,11,2294.785138
251,11,2294.785138
251,11,2294.785138
251,11,2294.785138
251,11,2294.785138
251,11,2294.785138
251,11,2294.785138
251,13,2286.288204
251,13,2286.288204
251,13,2286.288204
251,14,2273.917470
251,14,2273.917470
251,14,2273.917470
251,14,2273.917470
251,14,2273.917470
251,14,2273.917470
251,14,2273.917470
251,14,2273.917470
251,14,2273.917470
251,14,2273.917470
251,14,2273.917470
251,14,2273.917470
251,14,2273.917470
251,14,2273.917470
251,14,2273.917470
251,14,2273.917470
251,14,2273.917470
251,14,2273.917470
251,14,2273.917470
251,14,2273.917470
251,14,2273.917470
251,14,2273.917470
251,14,2273.917470
251,14,2273.917470
251,15,2266.776334
251,15,2266.776334
251,15,2266.776334
251,15,2266.776334
251,15,2266.776334
251,15,2266.776334
251,15,2266.776334
252,6,3587.988368
252,6,3587.988368
252,6,3587.988368
252,7,2681.544800
252,7,2681.544800
252,8,2474.440727
252,8,2474.440727
252,8,2474.440727
252,8,2474.440727
252,8,2474.440727
252,8,2474.440727
252,8,2474.440727
252,9,2380.520162
252,9,2380.520162
252,9,2380.520162
252,9,2380.520162
252,9,2380.520162
252,9,2380.520162
252,9,2380.520162
252,10,2299.424009
252,10,2299.424009
252,10,2299.424009
252,10,2299.424009
252,10,2299.424009
252,10,2299.424009
252,10,2299.424009
252,10,2299.424009
252,11,2294.785138
252,11,2294.785138
252,11,2294.785138
252,11,2294.785138
252,11,2294.785138
252,11,2294.785138
252,11,2294.785138
252,11,2294.785138
252,11,2294.785138
252,11,2294.785138
252,11,2294.785138
252,11,2294.785138
252,11,2294.785138
252,11,2294.785138
252,11,2294.785138
252,13,2286.288204
252,13,2286.288204
252,13,2286.288204
252,13,2286.288204
252,14,2273.917470
252,14,2273.917470
252,14,2273.917470
252,14,2273.917470
252,14,2273.917470
252,14,2273.917470
252,14,2273.917470
252,14,2273.917470
252,14,2273.917470
252,14,2273.917470
252,14,2273.917470
252,14,2273.917470
252,14,2273.917470
252,14,2273.917470
252,14,2273.917470
252,14,2273.917470
252,14,2273.917470
252,14,2273.917470
252,14,2273.917470
252,14,2273.917470
252,14,2273.917470
252,14,2273.917470
252,14,2273.917470
252,14,2273.917470
252,14,2273.917470
252,14,2273.917470
252,15,2266.580260
253,6,3587.988368
253,6,3587.988368
253,6,3587.988368
253,6,3587.988368
253,7,2681.544800
253,7,2681.544800
253,7,2681.544800
253,8,2474.440727
253,8,2474.440727
253,8,2474.440727
253,8,2474.440727
253,8,2474.440727
253,8,2474.440727
253,8,2474.440727
253,8,2474.440727
253,9,2380.520162
253,9,2380.520162
253,9,2380.520162
253,9,2380.520162
253,9,2380.520162
253,9,2380.520162
253,9,2380.520162
253,9,2380.520162
253,9,2380.520162
253,10,2299.424009
253,10,2299.424009
253,10,2299.424009
253,10,2299.424009
253,10,2299.424009
253,10,2299.424009
253,10,2299.424009
253,10,2299.424009
253,10,2299.424009
253,11,2294.785138
253,11,2294.785138
253,11,2294.785138
253,11,2294.785138
253,11,2294.785138
253,11,2294.785138
253,11,2294.785138
253,11,2294.785138
253,11,2294.785138
253,11,2294.785138
253,11,2294.785138
253,11,2294.785138
253,11,2294.785138
253,11,2294.785138
253,11,2294.785138
253,11,2294.785138
253,13,2286.288204
253,13,2286.288204
253,13,2286.288204
253,13,2286.288204
253,13,2286.288204
253,14,2273.917470
253,14,2273.917470
253,14,2273.917470
253,14,2273.917470
253,14,2273.917470
253,14,2273.917470
253,14,2273.917470
253,14,2273.917470
253,14,2273.917470
253,14,2273.917470
253,14,2273.917470
253,14,2273.917470
253,14,2273.917470
253,14,2273.917470
253,14,2273.917470
253,14,2273.917470
253,14,2273.917470
253,14,2273.917470
253,14,2273.917470
253,14,2273.917470
253,14,2273.917470
253,14,2273.917470
253,14,2273.917470
253,14,2273.917470
253,14,2273.917470
253,14,2273.917470
253,14,2273.917470
253,14,2273.917470
253,15,2266.580260
253,15,2266.580260
254,6,3587.988368
254,6,3587.988368
254,6,3587.988368
254,6,3587.988368
254,6,3587.988368
254,7,2669.344878
254,8,2474.440727
254,8,2474.440727
254,8,2474.440727
254,8,2474.440727
254,8,2474.440727
254,8,2474.440727
254,8,2474.440727
254,8,2474.440727
254,8,2474.440727
254,9,2380.520162
254,9,2380.520162
254,9,2380.520162
254,9,2380.520162
254,9,2380.520162
254,9,2380.520162
254,9,2380.520162
254,9,2380.520162
254,9,2380.520162
254,9,2380.520162
254,9,2380.520162
254,10,2299.424009
254,10,2299.424009
254,10,2299.424009
254,10,2299.424009
254,10,2299.424009
254,10,2299.424009
254,10,2299.424009
254,10,2299.424009
254,10,2299.424009
254,10,2299.424009
254,11,2294.785138
254,11,2294.785138
254,11,2294.785138
254,11,2294.785138
254,11,2294.785138
254,11,2294.785138
254,11,2294.785138
254,11,2294.785138
254,11,2294.785138
254,11,2294.785138
254,11,2294.785138
254,11,2294.785138
254,11,2294.785138
254,11,2294.785138
254,11,2294.785138
254,11,2294.785138
254,11,2294.785138
254,13,2286.288204
254,13,2286.288204
254,13,2286.288204
254,13,2286.288204
254,13,2286.288204
254,13,2286.288204
254,14,2273.917470
254,14,2273.917470
254,14,2273.917470
254,14,2273.917470
254,14,2273.917470
254,14,2273.917470
254,14,2273.917470
254,14,2273.917470
254,14,2273.917470
254,14,2273.917470
254,14,2273.917470
254,14,2273.917470
254,14,2273.917470
254,14,2273.917470
254,14,2273.917470
254,14,2273.917470
254,14,2273.917470
254,14,2273.917470
254,14,2273.917470
254,14,2273.917470
254,14,2273.917470
254,14,2273.917470
254,14,2273.917470
254,14,2273.917470
254,14,2273.917470
254,14,2273.917470
254,14,2273.917470
254,14,2273.917470
254,14,2273.917470
254,14,2273.917470
254,15,2266.580260
254,15,2266.580260
254,15,2266.580260
255,6,3524.340089
255,7,2669.344878
255,7,2669.344878
255,8,2474.440727
255,8,2474.440727
255,8,2474.440727
255,8,2474.440727
255,8,2474.440727
255,8,2474.440727
255,8,2474.440727
255,8,2474.440727
255,8,2474.440727
255,8,2474.440727
255,9,2380.520162
255,9,2380.520162
255,9,2380.520162
255,9,2380.520162
255,9,2380.520162
255,9,2380.520162
255,9,2380.520162
255,9,2380.520162
255,9,2380.520162
255,9,2380.520162
255,9,2380.520162
255,9,2380.520162
255,9,2380.520162
255,10,2299.424009
255,10,2299.424009
255,10,2299.424009
255,10,2299.424009
255,10,2299.424009
255,10,2299.424009
255,10,2299.424009
255,10,2299.424009
255,10,2299.424009
255,10,2299.424009
255,10,2299.424009
255,11,2294.785138
255,11,2294.785138
255,11,2294.785138
255,11,2294.785138
255,11,2294.785138
255,11,2294.785138
255,11,2294.785138
255,11,2294.785138
255,11,2294.785138
255,11,2294.785138
255,11,2294.785138
255,11,2294.785138
255,11,2294.785138
255,11,2294.785138
255,11,2294.785138
255,11,2294.785138
255,11,2294.785138
255,11,2294.785138
255,13,2286.288204
255,13,2286.288204
255,13,2286.288204
255,13,2286.288204
255,13,2286.288204
255,13,2286.288204
255,13,2286.288204
255,14,2273.917470
255,14,2273.917470
255,14,2273.917470
255,14,2273.917470
255,14,2273.917470
255,14,2273.917470
255,14,2273.917470
255,14,2273.917470
255,14,2273.917470
255,14,2273.917470
255,14,2273.917470
255,14,2273.917470
255,14,2273.917470
255,14,2273.917470
255,14,2273.917470
255,14,2273.917470
255,14,2273.917470
255,14,2273.917470
255,14,2273.917470
255,14,2273.917470
255,14,2273.917470
255,14,2273.917470
255,14,2273.917470
255,14,2273.917470
255,14,2273.917470
255,14,2273.917470
255,14,2273.917470
255,14,2273.917470
255,14,2273.917470
255,14,2273.917470
255,14,2273.917470
255,14,2273.917470
255,15,2266.580260
255,15,2266.580260
255,15,2266.580260
255,15,2266.580260
256,6,3524.340089
256,6,3524.340089
256,7,2669.344878
256,7,2669.344878
256,7,2669.344878
256,8,2474.440727
256,8,2474.440727
256,8,2474.440727
256,8,2474.440727
256,8,2474.440727
256,8,2474.440727
256,8,2474.440727
256,8,2474.440727
256,8,2474.440727
256,8,2474.440727
256,8,2474.440727
256,9,2346.580200
256,10,2299.424009
256,10,2299.424009
256,10,2299.424009
256,10,2299.424009
256,10,2299.424009
256,10,2299.424009
256,10,2299.424009
256,10,2299.424009
256,10,2299.424009
256,10,2299.424009
256,10,2299.424009
256,10,2299.424009
256,11,2294.785138
256,11,2294.785138
256,11,2294.785138
256,11,2294.785138
256,11,2294.785138
256,11,2294.785138
256,11,2294.785138
256,11,2294.785138
256,11,2294.785138
256,11,2294.785138
256,11,2294.785138
256,11,2294.785138
256,11,2294.785138
256,11,2294.785138
256,11,2294.785138
256,11,2294.785138
256,11,2294.785138
256,11,2294.785138
256,11,2294.785138
256,13,2286.288204
256,13,2286.288204
256,13,2286.288204
256,13,2286.288204
256,13,2286.288204
256,13,2286.288204
256,13,2286.288204
256,13,2286.288204
256,13,2286.288204
256,14,2273.917470
256,14,2273.917470
256,14,2273.917470
256,14,2273.917470
256,14,2273.917470
256,14,2273.917470
256,14,2273.917470
256,14,2273.917470
256,14,2273.917470
256,14,2273.917470
256,14,2273.917470
256,14,2273.917470
256,14,2273.917470
256,14,2273.917470
256,14,2273.917470
256,14,2273.917470
256,14,2273.917470
256,14,2273.917470
256,14,2273.917470
256,14,2273.917470
256,14,2273.917470
256,14,2273.917470
256,14,2273.917470
256,14,2273.917470
256,14,2273.917470
256,14,2273.917470
256,14,2273.917470
256,14,2273.917470
256,14,2273.917470
256,14,2273.917470
256,14,2273.917470
256,14,2273.917470
256,14,2273.917470
256,14,2273.917470
256,15,2266.580260
256,15,2266.580260
256,15,2266.580260
256,15,2266.580260
256,15,2266.580260
257,6,3524.340089
257,6,3524.340089
257,6,3524.340089
257,7,2669.344878
257,7,2669.344878
257,7,2669.344878
257,7,2669.344878
257,8,2474.440727
257,8,2474.440727
257,8,2474.440727
257,8,2474.440727
257,8,2474.440727
257,8,2474.440727
257,8,2474.440727
257,8,2474.440727
257,8,2474.440727
257,8,2474.440727
257,8,2474.440727
257,8,2474.440727
257,9,2346.580200
257,9,2346.580200
257,10,2299.424009
257,10,2299.424009
257,10,2299.424009
257,10,2299.424009
257,10,2299.424009
257,10,2299.424009
257,10,2299.424009
257,10,2299.424009
257,10,2299.424009
257,10,2299.424009
257,10,2299.424009
257,10,2299.424009
257,10,2299.424009
257,11,2294.785138
257,11,2294.785138
257,11,2294.785138
257,11,2294.785138
257,11,2294.785138
257,11,2294.785138
257,11,2294.785138
257,11,2294.785138
257,11,2294.785138
257,11,2294.785138
257,11,2294.785138
257,11,2294.785138
257,11,2294.785138
257,11,2294.785138
257,11,2294.785138
257,11,2294.785138
257,11,2294.785138
257,11,2294.785138
257,11,2294.785138
257,11,2294.785138
257,13,2286.288204
257,13,2286.288204
257,13,2286.288204
257,13,2286.288204
257,13,2286.288204
257,13,2286.288204
257,13,2286.288204
257,13,2286.288204
257,13,2286.288204
257,13,2286.288204
257,13,2286.288204
257,14,2273.917470
257,14,2273.917470
257,14,2273.917470
257,14,2273.917470
257,14,2273.917470
257,14,2273.917470
257,14,2273.917470
257,14,2273.917470
257,14,2273.917470
257,14,2273.917470
257,14,2273.917470
257,14,2273.917470
257,14,2273.917470
257,14,2273.917470
257,14,2273.917470
257,14,2273.917470
257,14,2273.917470
257,14,2273.917470
257,14,2273.917470
257,14,2273.917470
257,14,2273.917470
257,14,2273.917470
257,14,2273.917470
257,14,2273.917470
257,14,2273.917470
257,14,2273.917470
257,14,2273.917470
257,14,2273.917470
257,14,2273.917470
257,14,2273.917470
257,14,2273.917470
257,14,2273.917470
257,14,2273.917470
257,14,2273.917470
257,14,2273.917470
257,14,2273.917470
257,15,2266.580260
257,15,2266.580260
257,15,2266.580260
257,15,2266.580260
257,15,2266.580260
257,15,2266.580260
258,6,3524.340089
258,6,3524.340089
258,6,3524.340089
258,6,3524.340089
258,7,2669.344878
258,7,2669.344878
258,7,2669.344878
258,7,2669.344878
258,7,2669.344878
258,8,2474.440727
258,8,2474.440727
258,8,2474.440727
258,8,2474.440727
258,8,2474.440727
258,8,2474.440727
258,8,2474.440727
258,8,2474.440727
258,8,2474.440727
258,8,2474.440727
258,8,2474.440727
258,8,2474.440727
258,8,2474.440727
258,9,2344.625419
258,10,2299.424009
258,10,2299.424009
258,10,2299.424009
258,10,2299.424009
258,10,2299.424009
258,10,2299.424009
258,10,2299.424009
258,10,2299.424009
258,10,2299.424009
258,10,2299.424009
258,10,2299.424009
258,10,2299.424009
258,10,2299.424009
258,10,2299.424009
258,11,2294.785138
258,11,2294.785138
258,11,2294.785138
258,11,2294.785138
258,11,2294.785138
258,11,2294.785138
258,11,2294.785138
258,11,2294.785138
258,11,2294.785138
258,11,2294.785138
258,11,2294.785138
258,11,2294.785138
258,11,2294.785138
258,11,2294.785138
258,11,2294.785138
258,11,2294.785138
258,11,2294.785138
258,11,2294.785138
258,11,2294.785138
258,11,2294.785138
258,11,2294.785138
258,12,2278.779788
258,14,2273.917470
258,14,2273.917470
258,14,2273.917470
258,14,2273.917470
258,14,2273.917470
258,14,2273.917470
258,14,2273.917470
258,14,2273.917470
258,14,2273.917470
258,14,2273.917470
258,14,2273.917470
258,14,2273.917470
258,14,2273.917470
258,14,2273.917470
258,14,2273.917470
258,14,2273.917470
258,14,2273.917470
258,14,2273.917470
258,14,2273.917470
258,14,2273.917470
258,14,2273.917470
258,14,2273.917470
258,14,2273.917470
258,14,2273.917470
258,14,2273.917470
258,14,2273.917470
258,14,2273.917470
258,14,2273.917470
258,14,2273.917470
258,14,2273.917470
258,14,2273.917470
258,14,2273.917470
258,14,2273.917470
258,14,2273.917470
258,14,2273.917470
258,14,2273.917470
258,14,2273.917470
258,14,2273.917470
258,15,2266.580260
258,15,2266.580260
258,15,2266.580260
258,15,2266.580260
258,15,2266.580260
258,15,2266.580260
258,15,2266.580260
259,6,3524.340089
259,6,3524.340089
259,6,3524.340089
259,6,3524.340089
259,6,3524.340089
259,7,2647.279643
259,8,2474.440727
259,8,2474.440727
259,8,2474.440727
259,8,2474.440727
259,8,2474.440727
259,8,2474.440727
259,8,2474.440727
259,8,2474.440727
259,8,2474.440727
259,8,2474.440727
259,8,2474.440727
259,8,2474.440727
259,8,2474.440727
259,8,2474.440727
259,9,2344.625419
259,9,2344.625419
259,10,2299.424009
259,10,2299.424009
259,10,2299.424009
259,10,2299.424009
259,10,2299.424009
259,10,2299.424009
259,10,2299.424009
259,10,2299.424009
259,10,2299.424009
259,10,2299.424009
259,10,2299.424009
259,10,2299.424009
259,10,2299.424009
259,10,2299.424009
259,10,2299.424009
259,10,2299.424009
259,11,2294.785138
259,11,2294.785138
259,11,2294.785138
259,11,2294.785138
259,11,2294.785138
259,11,2294.785138
259,11,2294.785138
259,11,2294.785138
259,11,2294.785138
259,11,2294.785138
259,11,2294.785138
259,11,2294.785138
259,11,2294.785138
259,11,2294.785138
259,11,2294.785138
259,11,2294.785138
259,11,2294.785138
259,11,2294.785138
259,11,2294.785138
259,11,2294.785138
259,11,2294.785138
259,11,2294.785138
259,12,2278.779788
259,12,2278.779788
259,14,2273.917470
259,14,2273.917470
259,14,2273.917470
259,14,2273.917470
259,14,2273.917470
259,14,2273.917470
259,14,2273.917470
259,14,2273.917470
259,14,2273.917470
259,14,2273.917470
259,14,2273.917470
259,14,2273.917470
259,14,2273.917470
259,14,2273.917470
259,14,2273.917470
259,14,2273.917470
259,14,2273.917470
259,14,2273.917470
259,14,2273.917470
259,14,2273.917470
259,14,2273.917470
259,14,2273.917470
259,14,2273.917470
259,14,2273.917470
259,14,2273.917470
259,14,2273.917470
259,14,2273.917470
259,14,2273.917470
259,14,2273.917470
259,14,2273.917470
259,14,2273.917470
259,14,2273.917470
259,14,2273.917470
259,14,2273.917470
259,14,2273.917470
259,14,2273.917470
259,14,2273.917470
259,14,2273.917470
259,14,2273.917470
259,14,2273.917470
259,15,2266.580260
259,15,2266.580260
259,15,2266.580260
259,15,2266.580260
259,15,2266.580260
259,15,2266.580260
259,15,2266.580260
259,15,2266.580260
260,6,3524.340089
260,6,3524.340089
260,6,3524.340089
260,6,3524.340089
260,6,3524.340089
260,6,3524.340089
260,7,2647.279643
260,7,2647.279643
260,8,2474.440727
260,8,2474.440727
260,8,2474.440727
260,8,2474.440727
260,8,2474.440727
260,8,2474.440727
260,8,2474.440727
260,8,2474.440727
260,8,2474.440727
260,8,2474.440727
260,8,2474.440727
260,8,2474.440727
260,8,2474.440727
260,8,2474.440727
260,8,2474.440727
260,9,2344.625419
260,9,2344.625419
260,9,2344.625419
260,10,2299.424009
260,10,2299.424009
260,10,2299.424009
260,10,2299.424009
260,10,2299.424009
260,10,2299.424009
260,10,2299.424009
260,10,2299.424009
260,10,2299.424009
260,10,2299.424009
260,10,2299.424009
260,10,2299.424009
260,10,2299.424009
260,10,2299.424009
260,10,2299.424009
260,10,2299.424009
260,10,2299.424009
260,10,2299.424009
260,11,2294.785138
260,11,2294.785138
260,11,2294.785138
260,11,2294.785138
260,11,2294.785138
260,11,2294.785138
260,11,2294.785138
260,11,2294.785138
260,11,2294.785138
260,11,2294.785138
260,11,2294.785138
260,11,2294.785138
260,11,2294.785138
260,11,2294.785138
260,11,2294.785138
260,11,2294.785138
260,11,2294.785138
260,11,2294.785138
260,11,2294.785138
260,11,2294.785138
260,11,2294.785138
260,11,2294.785138
260,11,2294.785138
260,12,2276.951094
260,14,2273.917470
260,14,2273.917470
260,14,2273.917470
260,14,2273.917470
260,14,2273.917470
260,14,2273.917470
260,14,2273.917470
260,14,2273.917470
260,14,2273.917470
260,14,2273.917470
260,14,2273.917470
260,14,2273.917470
260,14,2273.917470
260,14,2273.917470
260,14,2273.917470
260,14,2273.917470
260,14,2273.917470
260,14,2273.917470
260,14,2273.917470
260,14,2273.917470
260,14,2273.917470
260,14,2273.917470
260,14,2273.917470
260,14,2273.917470
260,14,2273.917470
260,14,2273.917470
260,14,2273.917470
260,14,2273.917470
260,14,2273.917470
260,14,2273.917470
260,14,2273.917470
260,14,2273.917470
260,14,2273.917470
260,14,2273.917470
260,14,2273.917470
260,14,2273.917470
260,14,2273.917470
260,14,2273.917470
260,14,2273.917470
260,14,2273.917470
260,14,2273.917470
260,14,2273.917470
260,15,2266.580260
260,15,2266.580260
260,15,2266.580260
260,15,2266.580260
260,15,2266.580260
260,15,2266.580260
260,15,2266.580260
260,15,2266.580260
260,15,2266.580260
261,6,3524.340089
261,6,3524.340089
261,6,3524.340089
261,6,3524.340089
261,6,3524.340089
261,6,3524.340089
261,6,3524.340089
261,7,2647.279643
261,7,2647.279643
261,7,2647.279643
261,8,2474.440727
261,8,2474.440727
261,8,2474.440727
261,8,2474.440727
261,8,2474.440727
261,8,2474.440727
261,8,2474.440727
261,8,2474.440727
261,8,2474.440727
261,8,2474.440727
261,8,2474.440727
261,8,2474.440727
261,8,2474.440727
261,8,2474.440727
261,8,2474.440727
261,8,2474.440727
261,9,2329.343381
261,10,2299.424009
261,10,2299.424009
261,10,2299.424009
261,10,2299.424009
261,10,2299.424009
261,10,2299.424009
261,10,2299.424009
261,10,2299.424009
261,10,2299.424009
261,10,2299.424009
261,10,2299.424009
261,10,2299.424009
261,10,2299.424009
261,10,2299.424009
261,10,2299.424009
261,10,2299.424009
261,10,2299.424009
261,10,2299.424009
261,10,2299.424009
261,10,2299.424009
261,11,2294.785138
261,11,2294.785138
261,11,2294.785138
261,11,2294.785138
261,11,2294.785138
261,11,2294.785138
261,11,2294.785138
261,11,2294.785138
261,11,2294.785138
261,11,2294.785138
261,11,2294.785138
261,11,2294.785138
261,11,2294.785138
261,11,2294.785138
261,11,2294.785138
261,11,2294.785138
261,11,2294.785138
261,11,2294.785138
261,11,2294.785138
261,11,2294.785138
261,11,2294.785138
261,11,2294.785138
261,11,2294.785138
261,11,2294.785138
261,12,2276.951094
261,12,2276.951094
261,14,2273.917470
261,14,2273.917470
261,14,2273.917470
261,14,2273.917470
261,14,2273.917470
261,14,2273.917470
261,14,2273.917470
261,14,2273.917470
261,14,2273.917470
261,14,2273.917470
261,14,2273.917470
261,14,2273.917470
261,14,2273.917470
261,14,2273.917470
261,14,2273.917470
261,14,2273.917470
261,14,2273.917470
261,14,2273.917470
261,14,2273.917470
261,14,2273.917470
261,14,2273.917470
261,14,2273.917470
261,14,2273.917470
261,14,2273.917470
261,14,2273.917470
261,14,2273.917470
261,14,2273.917470
261,14,2273.917470
261,14,2273.917470
261,14,2273.917470
261,14,2273.917470
261,14,2273.917470
261,14,2273.917470
261,14,2273.917470
261,14,2273.917470
261,14,2273.917470
261,14,2273.917470
261,14,2273.917470
261,14,2273.917470
261,14,2273.917470
261,14,2273.917470
261,14,2273.917470
261,14,2273.917470
261,14,2273.917470
261,15,2266.580260
261,15,2266.580260
261,15,2266.580260
261,15,2266.580260
261,15,2266.580260
261,15,2266.580260
261,15,2266.580260
261,15,2266.580260
261,15,2266.580260
261,15,2266.580260
262,6,3489.748661
262,7,2647.279643
262,7,2647.279643
262,7,2647.279643
262,7,2647.279643
262,8,2474.440727
262,8,2474.440727
262,8,2474.440727
262,8,2474.440727
262,8,2474.440727
262,8,2474.440727
262,8,2474.440727
262,8,2474.440727
262,8,2474.440727
262,8,2474.440727
262,8,2474.440727
262,8,2474.440727
262,8,2474.440727
262,8,2474.440727
262,8,2474.440727
262,8,2474.440727
262,8,2474.440727
262,9,2329.343381
262,9,2329.343381
262,10,2299.424009
262,10,2299.424009
262,10,2299.424009
262,10,2299.424009
262,10,2299.424009
262,10,2299.424009
262,10,2299.424009
262,10,2299.424009
262,10,2299.424009
262,10,2299.424009
262,10,2299.424009
262,10,2299.424009
262,10,2299.424009
262,10,2299.424009
262,10,2299.424009
262,10,2299.424009
262,10,2299.424009
262,10,2299.424009
262,10,2299.424009
262,10,2299.424009
262,10,2299.424009
262,10,2299.424009
262,11,2294.785138
262,11,2294.785138
262,11,2294.785138
262,11,2294.785138
262,11,2294.785138
262,11,2294.785138
262,11,2294.785138
262,11,2294.785138
262,11,2294.785138
262,11,2294.785138
262,11,2294.785138
262,11,2294.785138
262,11,2294.785138
262,11,2294.785138
262,11,2294.785138
262,11,2294.785138
262,11,2294.785138
262,11,2294.785138
262,11,2294.785138
262,11,2294.785138
262,11,2294.785138
262,11,2294.785138
262,11,2294.785138
262,11,2294.785138
262,11,2294.785138
262,12,2276.951094
262,12,2276.951094
262,12,2276.951094
262,14,2268.251986
262,15,2266.580260
262,15,2266.580260
262,15,2266.580260
262,15,2266.580260
262,15,2266.580260
262,15,2266.580260
262,15,2266.580260
262,15,2266.580260
262,15,2266.580260
262,15,2266.580260
262,15,2266.580260
263,6,3489.748661
263,6,3489.748661
263,7,2647.279643
263,7,2647.279643
263,7,2647.279643
263,7,2647.279643
263,7,2647.279643
263,8,2474.440727
263,8,2474.440727
263,8,2474.440727
263,8,2474.440727
263,8,2474.440727
263,8,2474.440727
263,8,2474.440727
263,8,2474.440727
263,8,2474.440727
263,8,2474.440727
263,8,2474.440727
263,8,2474.440727
263,8,2474.440727
263,8,2474.440727
263,8,2474.440727
263,8,2474.440727
263,8,2474.440727
263,8,2474.440727
263,9,2329.343381
263,9,2329.343381
263,9,2329.343381
263,10,2299.424009
263,10,2299.424009
263,10,2299.424009
263,10,2299.424009
263,10,2299.424009
263,10,2299.424009
263,10,2299.424009
263,10,2299.424009
263,10,2299.424009
263,10,2299.424009
263,10,2299.424009
263,10,2299.424009
263,10,2299.424009
263,10,2299.424009
263,10,2299.424009
263,10,2299.424009
263,10,2299.424009
263,10,2299.424009
263,10,2299.424009
263,10,2299.424009
263,10,2299.424009
263,10,2299.424009
263,10,2299.424009
263,10,2299.424009
263,11,2294.785138
263,11,2294.785138
263,11,2294.785138
263,11,2294.785138
263,11,2294.785138
263,11,2294.785138
263,11,2294.785138
263,11,2294.785138
263,11,2294.785138
263,11,2294.785138
263,11,2294.785138
263,11,2294.785138
263,11,2294.785138
263,11,2294.785138
263,11,2294.785138
263,11,2294.785138
263,11,2294.785138
263,11,2294.785138
263,11,2294.785138
263,11,2294.785138
263,11,2294.785138
263,11,2294.785138
263,11,2294.785138
263,11,2294.785138
263,11,2294.785138
263,11,2294.785138
263,12,2276.951094
263,12,2276.951094
263,12,2276.951094
263,12,2276.951094
263,14,2268.251986
263,14,2268.251986
263,15,2266.580260
263,15,2266.580260
263,15,2266.580260
263,15,2266.580260
263,15,2266.580260
263,15,2266.580260
263,15,2266.580260
263,15,2266.580260
263,15,2266.580260
263,15,2266.580260
263,15,2266.580260
263,15,2266.580260
264,6,3489.748661
264,6,3489.748661
264,6,3489.748661
264,7,2647.279643
264,7,2647.279643
264,7,2647.279643
264,7,2647.279643
264,7,2647.279643
264,7,2647.279643
264,8,2474.440727
264,8,2474.440727
264,8,2474.440727
264,8,2474.440727
264,8,2474.440727
264,8,2474.440727
264,8,2474.440727
264,8,2474.440727
264,8,2474.440727
264,8,2474.440727
264,8,2474.440727
264,8,2474.440727
264,8,2474.440727
264,8,2474.440727
264,8,2474.440727
264,8,2474.440727
264,8,2474.440727
264,8,2474.440727
264,8,2474.440727
264,9,2329.343381
264,9,2329.343381
264,9,2329.343381
264,9,2329.343381
264,10,2299.424009
264,10,2299.424009
264,10,2299.424009
264,10,2299.424009
264,10,2299.424009
264,10,2299.424009
264,10,2299.424009
264,10,2299.424009
264,10,2299.424009
264,10,2299.424009
264,10,2299.424009
264,10,2299.424009
264,10,2299.424009
264,10,2299.424009
264,10,2299.424009
264,10,2299.424009
264,10,2299.424009
264,10,2299.424009
264,10,2299.424009
264,10,2299.424009
264,10,2299.424009
264,10,2299.424009
264,10,2299.424009
264,10,2299.424009
264,10,2299.424009
264,10,2299.424009
264,11,2291.017039
264,12,2276.951094
264,12,2276.951094
264,12,2276.951094
264,12,2276.951094
264,12,2276.951094
264,14,2268.251986
264,14,2268.251986
264,14,2268.251986
264,15,2266.580260
264,15,2266.580260
264,15,2266.580260
264,15,2266.580260
264,15,2266.580260
264,15,2266.580260
264,15,2266.580260
264,15,2266.580260
264,15,2266.580260
264,15,2266.580260
264,15,2266.580260
264,15,2266.580260
264,15,2266.580260
265,6,3489.748661
265,6,3489.748661
265,6,3489.748661
265,6,3489.748661
265,7,2647.279643
265,7,2647.279643
265,7,2647.279643
265,7,2647.279643
265,7,2647.279643
265,7,2647.279643
265,7,2647.279643
265,8,2474.440727
265,8,2474.440727
265,8,2474.440727
265,8,2474.440727
265,8,2474.440727
265,8,2474.440727
265,8,2474.440727
265,8,2474.440727
265,8,2474.440727
265,8,2474.440727
265,8,2474.440727
265,8,2474.440727
265,8,2474.440727
265,8,2474.440727
265,8,2474.440727
265,8,2474.440727
265,8,2474.440727
265,8,2474.440727
265,8,2474.440727
265,8,2474.440727
265,9,2329.343381
265,9,2329.343381
265,9,2329.343381
265,9,2329.343381
265,9,2329.343381
265,10,2299.424009
265,10,2299.424009
265,10,2299.424009
265,10,2299.424009
265,10,2299.424009
265,10,2299.424009
265,10,2299.424009
265,10,2299.424009
265,10,2299.424009
265,10,2299.424009
265,10,2299.424009
265,10,2299.424009
265,10,2299.424009
265,10,2299.424009
265,10,2299.424009
265,10,2299.424009
265,10,2299.424009
265,10,2299.424009
265,10,2299.424009
265,10,2299.424009
265,10,2299.424009
265,10,2299.424009
265,10,2299.424009
265,10,2299.424009
265,10,2299.424009
265,10,2299.424009
265,10,2299.424009
265,10,2299.424009
265,11,2291.017039
265,11,2291.017039
265,12,2276.951094
265,12,2276.951094
265,12,2276.951094
265,12,2276.951094
265,12,2276.951094
265,12,2276.951094
265,13,2275.887437
265,14,2268.251986
265,14,2268.251986
265,14,2268.251986
265,14,2268.251986
265,15,2266.580260
265,15,2266.580260
265,15,2266.580260
265,15,2266.580260
265,15,2266.580260
265,15,2266.580260
265,15,2266.580260
265,15,2266.580260
265,15,2266.580260
265,15,2266.580260
265,15,2266.580260
265,15,2266.580260
265,15,2266.580260
265,15,2266.580260
266,6,3489.748661
266,6,3489.748661
266,6,3489.748661
266,6,3489.748661
266,6,3489.748661
266,7,2647.279643
266,7,2647.279643
266,7,2647.279643
266,7,2647.279643
266,7,2647.279643
266,7,2647.279643
266,7,2647.279643
266,7,2647.279643
266,8,2474.440727
266,8,2474.440727
266,8,2474.440727
266,8,2474.440727
266,8,2474.440727
266,8,2474.440727
266,8,2474.440727
266,8,2474.440727
266,8,2474.440727
266,8,2474.440727
266,8,2474.440727
266,8,2474.440727
266,8,2474.440727
266,8,2474.440727
266,8,2474.440727
266,8,2474.440727
266,8,2474.440727
266,8,2474.440727
266,8,2474.440727
266,8,2474.440727
266,8,2474.440727
266,9,2311.293479
266,10,2299.424009
266,10,2299.424009
266,10,2299.424009
266,10,2299.424009
266,10,2299.424009
266,10,2299.424009
266,10,2299.424009
266,10,2299.424009
266,10,2299.424009
266,10,2299.424009
266,10,2299.424009
266,10,2299.424009
266,10,2299.424009
266,10,2299.424009
266,10,2299.424009
266,10,2299.424009
266,10,2299.424009
266,10,2299.424009
266,10,2299.424009
266,10,2299.424009
266,10,2299.424009
266,10,2299.424009
266,10,2299.424009
266,10,2299.424009
266,10,2299.424009
266,10,2299.424009
266,10,2299.424009
266,10,2299.424009
266,10,2299.424009
266,10,2299.424009
266,10,2299.424009
266,11,2291.017039
266,11,2291.017039
266,11,2291.017039
266,12,2276.951094
266,12,2276.951094
266,12,2276.951094
266,12,2276.951094
266,12,2276.951094
266,12,2276.951094
266,12,2276.951094
266,13,2275.887437
266,13,2275.887437
266,14,2268.251986
266,14,2268.251986
266,14,2268.251986
266,14,2268.251986
266,14,2268.251986
266,15,2266.580260
266,15,2266.580260
266,15,2266.580260
266,15,2266.580260
266,15,2266.580260
266,15,2266.580260
266,15,2266.580260
266,15,2266.580260
266,15,2266.580260
266,15,2266.580260
266,15,2266.580260
266,15,2266.580260
266,15,2266.580260
266,15,2266.580260
266,15,2266.580260
267,6,3489.748661
267,6,3489.748661
267,6,3489.748661
267,6,3489.748661
267,6,3489.748661
267,6,3489.748661
267,7,2647.279643
267,7,2647.279643
267,7,2647.279643
267,7,2647.279643
267,7,2647.279643
267,7,2647.279643
267,7,2647.279643
267,7,2647.279643
267,7,2647.279643
267,8,2474.440727
267,8,2474.440727
267,8,2474.440727
267,8,2474.440727
267,8,2474.440727
267,8,2474.440727
267,8,2474.440727
267,8,2474.440727
267,8,2474.440727
267,8,2474.440727
267,8,2474.440727
267,8,2474.440727
267,8,2474.440727
267,8,2474.440727
267,8,2474.440727
267,8,2474.440727
267,8,2474.440727
267,8,2474.440727
267,8,2474.440727
267,8,2474.440727
267,8,2474.440727
267,8,2474.440727
267,9,2311.293479
267,9,2311.293479
267,10,2299.424009
267,10,2299.424009
267,10,2299.424009
267,10,2299.424009
267,10,2299.424009
267,10,2299.424009
267,10,2299.424009
267,10,2299.424009
267,10,2299.424009
267,10,2299.424009
267,10,2299.424009
267,10,2299.424009
267,10,2299.424009
267,10,2299.424009
267,10,2299.424009
267,10,2299.424009
267,10,2299.424009
267,10,2299.424009
267,10,2299.424009
267,10,2299.424009
267,10,2299.424009
267,10,2299.424009
267,10,2299.424009
267,10,2299.424009
267,10,2299.424009
267,10,2299.424009
267,10,2299.424009
267,10,2299.424009
267,10,2299.424009
267,10,2299.424009
267,10,2299.424009
267,10,2299.424009
267,10,2299.424009
267,10,2299.424009
267,11,2291.017039
267,11,2291.017039
267,11,2291.017039
267,11,2291.017039
267,12,2276.951094
267,12,2276.951094
267,12,2276.951094
267,12,2276.951094
267,12,2276.951094
267,12,2276.951094
267,12,2276.951094
267,12,2276.951094
267,13,2264.211208
268,6,3489.748661
268,6,3489.748661
268,6,3489.748661
268,6,3489.748661
268,6,3489.748661
268,6,3489.748661
268,6,3489.748661
268,7,2642.417323
268,8,2474.440727
268,8,2474.440727
268,8,2474.440727
268,8,2474.440727
268,8,2474.440727
268,8,2474.440727
268,8,2474.440727
268,8,2474.440727
268,8,2474.440727
268,8,2474.440727
268,8,2474.440727
268,8,2474.440727
268,8,2474.440727
268,8,2474.440727
268,8,2474.440727
268,8,2474.440727
268,8,2474.440727
268,8,2474.440727
268,8,2474.440727
268,8,2474.440727
268,8,2474.440727
268,8,2474.440727
268,8,2474.440727
268,9,2311.293479
268,9,2311.293479
268,9,2311.293479
268,10,2299.424009
268,10,2299.424009
268,10,2299.424009
268,10,2299.424009
268,10,2299.424009
268,10,2299.424009
268,10,2299.424009
268,10,2299.424009
268,10,2299.424009
268,10,2299.424009
268,10,2299.424009
268,10,2299.424009
268,10,2299.424009
268,10,2299.424009
268,10,2299.424009
268,10,2299.424009
268,10,2299.424009
268,10,2299.424009
268,10,2299.424009
268,10,2299.424009
268,10,2299.424009
268,10,2299.424009
268,10,2299.424009
268,10,2299.424009
268,10,2299.424009
268,10,2299.424009
268,10,2299.424009
268,10,2299.424009
268,10,2299.424009
268,10,2299.424009
268,10,2299.424009
268,10,2299.424009
268,10,2299.424009
268,10,2299.424009
268,10,2299.424009
268,10,2299.424009
268,10,2299.424009
268,11,2291.017039
268,11,2291.017039
268,11,2291.017039
268,11,2291.017039
268,11,2291.017039
268,12,2276.951094
268,12,2276.951094
268,12,2276.951094
268,12,2276.951094
268,12,2276.951094
268,12,2276.951094
268,12,2276.951094
268,12,2276.951094
268,12,2276.951094
268,13,2257.316614
269,6,3489.748661
269,6,3489.748661
269,6,3489.748661
269,6,3489.748661
269,6,3489.748661
269,6,3489.748661
269,6,3489.748661
269,6,3489.748661
269,7,2642.417323
269,7,2642.417323
269,8,2474.440727
269,8,2474.440727
269,8,2474.440727
269,8,2474.440727
269,8,2474.440727
269,8,2474.440727
269,8,2474.440727
269,8,2474.440727
269,8,2474.440727
269,8,2474.440727
269,8,2474.440727
269,8,2474.440727
269,8,2474.440727
269,8,2474.440727
269,8,2474.440727
269,8,2474.440727
269,8,2474.440727
269,8,2474.440727
269,8,2474.440727
269,8,2474.440727
269,8,2474.440727
269,8,2474.440727
269,8,2474.440727
269,8,2474.440727
269,9,2311.293479
269,9,2311.293479
269,9,2311.293479
269,9,2311.293479
269,9,2311.293479
269,10,2280.403429
269,12,2267.154090
269,13,2257.316614
269,13,2257.316614
270,6,3489.748661
270,6,3489.748661
270,6,3489.748661
270,6,3489.748661
270,6,3489.748661
270,6,3489.748661
270,6,3489.748661
270,6,3489.748661
270,6,3489.748661
270,7,2642.417323
270,7,2642.417323
270,7,2642.417323
270,8,2474.440727
270,8,2474.440727
270,8,2474.440727
270,8,2474.440727
270,8,2474.440727
270,8,2474.440727
270,8,2474.440727
270,8,2474.440727
270,8,2474.440727
270,8,2474.440727
270,8,2474.440727
270,8,2474.440727
270,8,2474.440727
270,8,2474.440727
270,8,2474.440727
270,8,2474.440727
270,8,2474.440727
270,8,2474.440727
270,8,2474.440727
270,8,2474.440727
270,8,2474.440727
270,8,2474.440727
270,8,2474.440727
270,8,2474.440727
270,8,2474.440727
270,9,2311.293479
270,9,2311.293479
270,9,2311.293479
270,9,2311.293479
270,9,2311.293479
270,9,2311.293479
270,9,2311.293479
270,10,2280.403429
270,10,2280.403429
270,10,2280.403429
270,12,2267.154090
270,12,2267.154090
270,13,2257.316614
270,13,2257.316614
270,13,2257.316614
271,6,3457.838225
271,7,2623.755196
271,8,2474.440727
271,8,2474.440727
271,8,2474.440727
271,8,2474.440727
271,8,2474.440727
271,8,2474.440727
271,8,2474.440727
271,8,2474.440727
271,8,2474.440727
271,8,2474.440727
271,8,2474.440727
271,8,2474.440727
271,8,2474.440727
271,8,2474.440727
271,8,2474.440727
271,8,2474.440727
271,8,2474.440727
271,8,2474.440727
271,8,2474.440727
271,8,2474.440727
271,8,2474.440727
271,8,2474.440727
271,8,2474.440727
271,8,2474.440727
271,8,2474.440727
271,8,2474.440727
271,9,2311.293479
271,9,2311.293479
271,9,2311.293479
271,9,2311.293479
271,9,2311.293479
271,9,2311.293479
271,9,2311.293479
271,9,2311.293479
271,9,2311.293479
271,10,2280.403429
271,10,2280.403429
271,10,2280.403429
271,10,2280.403429
271,10,2280.403429
271,12,2267.154090
271,12,2267.154090
271,12,2267.154090
271,13,2257.316614
271,13,2257.316614
271,13,2257.316614
271,13,2257.316614
271,13,2257.316614
272,6,3457.838225
272,6,3457.838225
272,7,2623.755196
272,7,2623.755196
272,8,2474.440727
272,8,2474.440727
272,8,2474.440727
272,8,2474.440727
272,8,2474.440727
272,8,2474.440727
272,8,2474.440727
272,8,2474.440727
272,8,2474.440727
272,8,2474.440727
272,8,2474.440727
272,8,2474.440727
272,8,2474.440727
272,8,2474.440727
272,8,2474.440727
272,8,2474.440727
272,8,2474.440727
272,8,2474.440727
272,8,2474.440727
272,8,2474.440727
272,8,2474.440727
272,8,2474.440727
272,8,2474.440727
272,8,2474.440727
272,8,2474.440727
272,8,2474.440727
272,8,2474.440727
272,9,2311.293479
272,9,2311.293479
272,9,2311.293479
272,9,2311.293479
272,9,2311.293479
272,9,2311.293479
272,9,2311.293479
272,9,2311.293479
272,9,2311.293479
272,9,2311.293479
272,9,2311.293479
272,10,2280.403429
272,10,2280.403429
272,10,2280.403429
272,10,2280.403429
272,10,2280.403429
272,10,2280.403429
272,10,2280.403429
272,12,2267.154090
272,12,2267.154090
272,12,2267.154090
272,12,2267.154090
272,13,2257.316614
272,13,2257.316614
272,13,2257.316614
272,13,2257.316614
272,13,2257.316614
272,13,2257.316614
272,13,2257.316614
273,6,3457.838225
273,6,3457.838225
273,6,3457.838225
273,7,2623.755196
273,7,2623.755196
273,7,2623.755196
273,8,2474.440727
273,8,2474.440727
273,8,2474.440727
273,8,2474.440727
273,8,2474.440727
273,8,2474.440727
273,8,2474.440727
273,8,2474.440727
273,8,2474.440727
273,8,2474.440727
273,8,2474.440727
273,8,2474.440727
273,8,2474.440727
273,8,2474.440727
273,8,2474.440727
273,8,2474.440727
273,8,2474.440727
273,8,2474.440727
273,8,2474.440727
273,8,2474.440727
273,8,2474.440727
273,8,2474.440727
273,8,2474.440727
273,8,2474.440727
273,8,2474.440727
273,8,2474.440727
273,8,2474.440727
273,8,2474.440727
273,9,2311.293479
273,9,2311.293479
273,9,2311.293479
273,9,2311.293479
273,9,2311.293479
273,9,2311.293479
273,9,2311.293479
273,9,2311.293479
273,9,2311.293479
273,9,2311.293479
273,9,2311.293479
273,9,2311.293479
273,9,2311.293479
273,10,2280.403429
273,10,2280.403429
273,10,2280.403429
273,10,2280.403429
273,10,2280.403429
273,10,2280.403429
273,10,2280.403429
273,10,2280.403429
273,10,2280.403429
273,12,2267.154090
273,12,2267.154090
273,12,2267.154090
273,12,2267.154090
273,12,2267.154090
273,13,2257.316614
273,13,2257.316614
273,13,2257.316614
273,13,2257.316614
273,13,2257.316614
273,13,2257.316614
273,13,2257.316614
273,13,2257.316614
273,13,2257.316614
274,6,3457.838225
274,6,3457.838225
274,6,3457.838225
274,6,3457.838225
274,7,2623.755196
274,7,2623.755196
274,7,2623.755196
274,7,2623.755196
274,8,2474.440727
274,8,2474.440727
274,8,2474.440727
274,8,2474.440727
274,8,2474.440727
274,8,2474.440727
274,8,2474.440727
274,8,2474.440727
274,8,2474.440727
274,8,2474.440727
274,8,2474.440727
274,8,2474.440727
274,8,2474.440727
274,8,2474.440727
274,8,2474.440727
274,8,2474.440727
274,8,2474.440727
274,8,2474.440727
274,8,2474.440727
274,8,2474.440727
274,8,2474.440727
274,8,2474.440727
274,8,2474.440727
274,8,2474.440727
274,8,2474.440727
274,8,2474.440727
274,8,2474.440727
274,8,2474.440727
274,8,2474.440727
274,9,2311.293479
274,9,2311.293479
274,9,2311.293479
274,9,2311.293479
274,9,2311.293479
274,9,2311.293479
274,9,2311.293479
274,9,2311.293479
274,9,2311.293479
274,9,2311.293479
274,9,2311.293479
274,9,2311.293479
274,9,2311.293479
274,9,2311.293479
274,9,2311.293479
274,10,2259.792222
274,13,2257.316614
274,13,2257.316614
274,13,2257.316614
274,13,2257.316614
274,13,2257.316614
274,13,2257.316614
274,13,2257.316614
274,13,2257.316614
274,13,2257.316614
274,13,2257.316614
274,13,2257.316614
275,6,3431.816337
275,7,2623.755196
275,7,2623.755196
275,7,2623.755196
275,7,2623.755196
275,7,2623.755196
275,8,2474.440727
275,8,2474.440727
275,8,2474.440727
275,8,2474.440727
275,8,2474.440727
275,8,2474.440727
275,8,2474.440727
275,8,2474.440727
275,8,2474.440727
275,8,2474.440727
275,8,2474.440727
275,8,2474.440727
275,8,2474.440727
275,8,2474.440727
275,8,2474.440727
275,8,2474.440727
275,8,2474.440727
275,8,2474.440727
275,8,2474.440727
275,8,2474.440727
275,8,2474.440727
275,8,2474.440727
275,8,2474.440727
275,8,2474.440727
275,8,2474.440727
275,8,2474.440727
275,8,2474.440727
275,8,2474.440727
275,8,2474.440727
275,8,2474.440727
275,9,2311.293479
275,9,2311.293479
275,9,2311.293479
275,9,2311.293479
275,9,2311.293479
275,9,2311.293479
275,9,2311.293479
275,9,2311.293479
275,9,2311.293479
275,9,2311.293479
275,9,2311.293479
275,9,2311.293479
275,9,2311.293479
275,9,2311.293479
275,9,2311.293479
275,9,2311.293479
275,9,2311.293479
275,10,2259.792222
275,10,2259.792222
275,13,2257.316614
275,13,2257.316614
275,13,2257.316614
275,13,2257.316614
275,13,2257.316614
275,13,2257.316614
275,13,2257.316614
275,13,2257.316614
275,13,2257.316614
275,13,2257.316614
275,13,2257.316614
275,13,2257.316614
275,13,2257.316614
276,6,3386.812762
276,7,2623.755196
276,7,2623.755196
276,7,2623.755196
276,7,2623.755196
276,7,2623.755196
276,7,2623.755196
276,8,2474.440727
276,8,2474.440727
276,8,2474.440727
276,8,2474.440727
276,8,2474.440727
276,8,2474.440727
276,8,2474.440727
276,8,2474.440727
276,8,2474.440727
276,8,2474.440727
276,8,2474.440727
276,8,2474.440727
276,8,2474.440727
276,8,2474.440727
276,8,2474.440727
276,8,2474.440727
276,8,2474.440727
276,8,2474.440727
276,8,2474.440727
276,8,2474.440727
276,8,2474.440727
276,8,2474.440727
276,8,2474.440727
276,8,2474.440727
276,8,2474.440727
276,8,2474.440727
276,8,2474.440727
276,8,2474.440727
276,8,2474.440727
276,8,2474.440727
276,8,2474.440727
276,9,2311.293479
276,9,2311.293479
276,9,2311.293479
276,9,2311.293479
276,9,2311.293479
276,9,2311.293479
276,9,2311.293479
276,9,2311.293479
276,9,2311.293479
276,9,2311.293479
276,9,2311.293479
276,9,2311.293479
276,9,2311.293479
276,9,2311.293479
276,9,2311.293479
276,9,2311.293479
276,9,2311.293479
276,9,2311.293479
276,9,2311.293479
276,10,2259.792222
276,10,2259.792222
276,10,2259.792222
276,13,2257.316614
276,13,2257.316614
276,13,2257.316614
276,13,2257.316614
276,13,2257.316614
276,13,2257.316614
276,13,2257.316614
276,13,2257.316614
276,13,2257.316614
276,13,2257.316614
276,13,2257.316614
276,13,2257.316614
276,13,2257.316614
276,13,2257.316614
276,13,2257.316614
277,6,3386.812762
277,6,3386.812762
277,7,2623.755196
277,7,2623.755196
277,7,2623.755196
277,7,2623.755196
277,7,2623.755196
277,7,2623.755196
277,7,2623.755196
277,8,2474.440727
277,8,2474.440727
277,8,2474.440727
277,8,2474.440727
277,8,2474.440727
277,8,2474.440727
277,8,2474.440727
277,8,2474.440727
277,8,2474.440727
277,8,2474.440727
277,8,2474.440727
277,8,2474.440727
277,8,2474.440727
277,8,2474.440727
277,8,2474.440727
277,8,2474.440727
277,8,2474.440727
277,8,2474.440727
277,8,2474.440727
277,8,2474.440727
277,8,2474.440727
277,8,2474.440727
277,8,2474.440727
277,8,2474.440727
277,8,2474.440727
277,8,2474.440727
277,8,2474.440727
277,8,2474.440727
277,8,2474.440727
277,8,2474.440727
277,8,2474.440727
277,8,2474.440727
277,9,2311.293479
277,9,2311.293479
277,9,2311.293479
277,9,2311.293479
277,9,2311.293479
277,9,2311.293479
277,9,2311.293479
277,9,2311.293479
277,9,2311.293479
277,9,2311.293479
277,9,2311.293479
277,9,2311.293479
277,9,2311.293479
277,9,2311.293479
277,9,2311.293479
277,9,2311.293479
277,9,2311.293479
277,9,2311.293479
277,9,2311.293479
277,9,2311.293479
277,9,2311.293479
277,10,2259.792222
277,10,2259.792222
277,10,2259.792222
277,10,2259.792222
277,13,2257.316614
277,13,2257.316614
277,13,2257.316614
277,13,2257.316614
277,13,2257.316614
277,13,2257.316614
277,13,2257.316614
277,13,2257.316614
277,13,2257.316614
277,13,2257.316614
277,13,2257.316614
277,13,2257.316614
277,13,2257.316614
277,13,2257.316614
277,13,2257.316614
277,13,2257.316614
277,13,2257.316614
278,6,3359.988252
278,7,2623.755196
278,7,2623.755196
278,7,2623.755196
278,7,2623.755196
278,7,2623.755196
278,7,2623.755196
278,7,2623.755196
278,7,2623.755196
278,8,2474.440727
278,8,2474.440727
278,8,2474.440727
278,8,2474.440727
278,8,2474.440727
278,8,2474.440727
278,8,2474.440727
278,8,2474.440727
278,8,2474.440727
278,8,2474.440727
278,8,2474.440727
278,8,2474.440727
278,8,2474.440727
278,8,2474.440727
278,8,2474.440727
278,8,2474.440727
278,8,2474.440727
278,8,2474.440727
278,8,2474.440727
278,8,2474.440727
278,8,2474.440727
278,8,2474.440727
278,8,2474.440727
278,8,2474.440727
278,8,2474.440727
278,8,2474.440727
278,8,2474.440727
278,8,2474.440727
278,8,2474.440727
278,8,2474.440727
278,8,2474.440727
278,8,2474.440727
278,8,2474.440727
278,9,2311.293479
278,9,2311.293479
278,9,2311.293479
278,9,2311.293479
278,9,2311.293479
278,9,2311.293479
278,9,2311.293479
278,9,2311.293479
278,9,2311.293479
278,9,2311.293479
278,9,2311.293479
278,9,2311.293479
278,9,2311.293479
278,9,2311.293479
278,9,2311.293479
278,9,2311.293479
278,9,2311.293479
278,9,2311.293479
278,9,2311.293479
278,9,2311.293479
278,9,2311.293479
278,9,2311.293479
278,9,2311.293479
278,10,2259.792222
278,10,2259.792222
278,10,2259.792222
278,10,2259.792222
278,10,2259.792222
278,13,2257.316614
278,13,2257.316614
278,13,2257.316614
278,13,2257.316614
278,13,2257.316614
278,13,2257.316614
278,13,2257.316614
278,13,2257.316614
278,13,2257.316614
278,13,2257.316614
278,13,2257.316614
278,13,2257.316614
278,13,2257.316614
278,13,2257.316614
278,13,2257.316614
278,13,2257.316614
278,13,2257.316614
278,13,2257.316614
278,13,2257.316614
278,13,2257.316614
279,6,3359.988252
279,6,3359.988252
279,7,2623.755196
279,7,2623.755196
279,7,2623.755196
279,7,2623.755196
279,7,2623.755196
279,7,2623.755196
279,7,2623.755196
279,7,2623.755196
279,7,2623.755196
279,8,2474.440727
279,8,2474.440727
279,8,2474.440727
279,8,2474.440727
279,8,2474.440727
279,8,2474.440727
279,8,2474.440727
279,8,2474.440727
279,8,2474.440727
279,8,2474.440727
279,8,2474.440727
279,8,2474.440727
279,8,2474.440727
279,8,2474.440727
279,8,2474.440727
279,8,2474.440727
279,8,2474.440727
279,8,2474.440727
279,8,2474.440727
279,8,2474.440727
279,8,2474.440727
279,8,2474.440727
279,8,2474.440727
279,8,2474.440727
279,8,2474.440727
279,8,2474.440727
279,8,2474.440727
279,8,2474.440727
279,8,2474.440727
279,8,2474.440727
279,8,2474.440727
279,8,2474.440727
279,8,2474.440727
279,8,2474.440727
279,9,2311.293479
279,9,2311.293479
279,9,2311.293479
279,9,2311.293479
279,9,2311.293479
279,9,2311.293479
279,9,2311.293479
279,9,2311.293479
279,9,2311.293479
279,9,2311.293479
279,9,2311.293479
279,9,2311.293479
279,9,2311.293479
279,9,2311.293479
279,9,2311.293479
279,9,2311.293479
279,9,2311.293479
279,9,2311.293479
279,9,2311.293479
279,9,2311.293479
279,9,2311.293479
279,9,2311.293479
279,9,2311.293479
279,9,2311.293479
279,9,2311.293479
279,10,2259.792222
279,10,2259.792222
279,10,2259.792222
279,10,2259.792222
279,10,2259.792222
279,10,2259.792222
279,13,2257.316614
279,13,2257.316614
279,13,2257.316614
279,13,2257.316614
279,13,2257.316614
279,13,2257.316614
279,13,2257.316614
279,13,2257.316614
279,13,2257.316614
279,13,2257.316614
279,13,2257.316614
279,13,2257.316614
279,13,2257.316614
279,13,2257.316614
279,13,2257.316614
279,13,2257.316614
279,13,2257.316614
279,13,2257.316614
279,13,2257.316614
279,13,2257.316614
279,13,2257.316614
279,13,2257.316614
279,13,2257.316614
280,6,3359.988252
280,6,3359.988252
280,6,3359.988252
280,7,2611.739748
280,8,2474.440727
280,8,2474.440727
280,8,2474.440727
280,8,2474.440727
280,8,2474.440727
280,8,2474.440727
280,8,2474.440727
280,8,2474.440727
280,8,2474.440727
280,8,2474.440727
280,8,2474.440727
280,8,2474.440727
280,8,2474.440727
280,8,2474.440727
280,8,2474.440727
280,8,2474.440727
280,8,2474.440727
280,8,2474.440727
280,8,2474.440727
280,8,2474.440727
280,8,2474.440727
280,8,2474.440727
280,8,2474.440727
280,8,2474.440727
280,8,2474.440727
280,8,2474.440727
280,8,2474.440727
280,8,2474.440727
280,8,2474.440727
280,8,2474.440727
280,8,2474.440727
280,8,2474.440727
280,8,2474.440727
280,8,2474.440727
280,8,2474.440727
280,9,2311.293479
280,9,2311.293479
280,9,2311.293479
280,9,2311.293479
280,9,2311.293479
280,9,2311.293479
280,9,2311.293479
280,9,2311.293479
280,9,2311.293479
280,9,2311.293479
280,9,2311.293479
280,9,2311.293479
280,9,2311.293479
280,9,2311.293479
280,9,2311.293479
280,9,2311.293479
280,9,2311.293479
280,9,2311.293479
280,9,2311.293479
280,9,2311.293479
280,9,2311.293479
280,9,2311.293479
280,9,2311.293479
280,9,2311.293479
280,9,2311.293479
280,9,2311.293479
280,9,2311.293479
280,10,2259.792222
280,10,2259.792222
280,10,2259.792222
280,10,2259.792222
280,10,2259.792222
280,10,2259.792222
280,10,2259.792222
280,10,2259.792222
280,13,2257.316614
280,13,2257.316614
280,13,2257.316614
280,13,2257.316614
280,13,2257.316614
280,13,2257.316614
280,13,2257.316614
280,13,2257.316614
280,13,2257.316614
280,13,2257.316614
280,13,2257.316614
280,13,2257.316614
280,13,2257.316614
280,13,2257.316614
280,13,2257.316614
280,13,2257.316614
280,13,2257.316614
280,13,2257.316614
280,13,2257.316614
280,13,2257.316614
280,13,2257.316614
280,13,2257.316614
280,13,2257.316614
280,13,2257.316614
280,13,2257.316614
280,13,2257.316614
281,6,3359.988252
281,6,3359.988252
281,6,3359.988252
281,6,3359.988252
281,7,2611.739748
281,7,2611.739748
281,8,2474.440727
281,8,2474.440727
281,8,2474.440727
281,8,2474.440727
281,8,2474.440727
281,8,2474.440727
281,8,2474.440727
281,8,2474.440727
281,8,2474.440727
281,8,2474.440727
281,8,2474.440727
281,8,2474.440727
281,8,2474.440727
281,8,2474.440727
281,8,2474.440727
281,8,2474.440727
281,8,2474.440727
281,8,2474.440727
281,8,2474.440727
281,8,2474.440727
281,8,2474.440727
281,8,2474.440727
281,8,2474.440727
281,8,2474.440727
281,8,2474.440727
281,8,2474.440727
281,8,2474.440727
281,8,2474.440727
281,8,2474.440727
281,8,2474.440727
281,8,2474.440727
281,8,2474.440727
281,8,2474.440727
281,8,2474.440727
281,8,2474.440727
281,8,2474.440727
281,9,2289.892054
281,10,2259.792222
281,10,2259.792222
281,10,2259.792222
281,10,2259.792222
281,10,2259.792222
281,10,2259.792222
281,10,2259.792222
281,10,2259.792222
281,10,2259.792222
281,10,2259.792222
281,13,2257.316614
281,13,2257.316614
281,13,2257.316614
281,13,2257.316614
281,13,2257.316614
281,13,2257.316614
281,13,2257.316614
281,13,2257.316614
281,13,2257.316614
281,13,2257.316614
281,13,2257.316614
281,13,2257.316614
281,13,2257.316614
281,13,2257.316614
281,13,2257.316614
281,13,2257.316614
281,13,2257.316614
281,13,2257.316614
281,13,2257.316614
281,13,2257.316614
281,13,2257.316614
281,13,2257.316614
281,13,2257.316614
281,13,2257.316614
281,13,2257.316614
281,13,2257.316614
281,13,2257.316614
281,13,2257.316614
281,13,2257.316614
282,6,3359.988252
282,6,3359.988252
282,6,3359.988252
282,6,3359.988252
282,6,3359.988252
282,7,2611.739748
282,7,2611.739748
282,7,2611.739748
282,8,2474.440727
282,8,2474.440727
282,8,2474.440727
282,8,2474.440727
282,8,2474.440727
282,8,2474.440727
282,8,2474.440727
282,8,2474.440727
282,8,2474.440727
282,8,2474.440727
282,8,2474.440727
282,8,2474.440727
282,8,2474.440727
282,8,2474.440727
282,8,2474.440727
282,8,2474.440727
282,8,2474.440727
282,8,2474.440727
282,8,2474.440727
282,8,2474.440727
282,8,2474.440727
282,8,2474.440727
282,8,2474.440727
282,8,2474.440727
282,8,2474.440727
282,8,2474.440727
282,8,2474.440727
282,8,2474.440727
282,8,2474.440727
282,8,2474.440727
282,8,2474.440727
282,8,2474.440727
282,8,2474.440727
282,8,2474.440727
282,8,2474.440727
282,8,2474.440727
282,8,2474.440727
282,9,2289.892054
282,9,2289.892054
282,10,2259.792222
282,10,2259.792222
282,10,2259.792222
282,10,2259.792222
282,10,2259.792222
282,10,2259.792222
282,10,2259.792222
282,10,2259.792222
282,10,2259.792222
282,10,2259.792222
282,10,2259.792222
282,10,2259.792222
282,13,2257.316614
282,13,2257.316614
282,13,2257.316614
282,13,2257.316614
282,13,2257.316614
282,13,2257.316614
282,13,2257.316614
282,13,2257.316614
282,13,2257.316614
282,13,2257.316614
282,13,2257.316614
282,13,2257.316614
282,13,2257.316614
282,13,2257.316614
282,13,2257.316614
282,13,2257.316614
282,13,2257.316614
282,13,2257.316614
282,13,2257.316614
282,13,2257.316614
282,13,2257.316614
282,13,2257.316614
282,13,2257.316614
282,13,2257.316614
282,13,2257.316614
282,13,2257.316614
282,13,2257.316614
282,13,2257.316614
282,13,2257.316614
282,13,2257.316614
282,13,2257.316614
282,13,2257.316614
283,6,3359.988252
283,6,3359.988252
283,6,3359.988252
283,6,3359.988252
283,6,3359.988252
283,6,3359.988252
283,7,2611.739748
283,7,2611.739748
283,7,2611.739748
283,7,2611.739748
283,8,2474.440727
283,8,2474.440727
283,8,2474.440727
283,8,2474.440727
283,8,2474.440727
283,8,2474.440727
283,8,2474.440727
283,8,2474.440727
283,8,2474.440727
283,8,2474.440727
283,8,2474.440727
283,8,2474.440727
283,8,2474.440727
283,8,2474.440727
283,8,2474.440727
283,8,2474.440727
283,8,2474.440727
283,8,2474.440727
283,8,2474.440727
283,8,2474.440727
283,8,2474.440727
283,8,2474.440727
283,8,2474.440727
283,8,2474.440727
283,8,2474.440727
283,8,2474.440727
283,8,2474.440727
283,8,2474.440727
283,8,2474.440727
283,8,2474.440727
283,8,2474.440727
283,8,2474.440727
283,8,2474.440727
283,8,2474.440727
283,8,2474.440727
283,8,2474.440727
283,8,2474.440727
283,8,2474.440727
283,9,2289.892054
283,9,2289.892054
283,9,2289.892054
283,10,2259.792222
283,10,2259.792222
283,10,2259.792222
283,10,2259.792222
283,10,2259.792222
283,10,2259.792222
283,10,2259.792222
283,10,2259.792222
283,10,2259.792222
283,10,2259.792222
283,10,2259.792222
283,10,2259.792222
283,10,2259.792222
283,10,2259.792222
283,12,2243.886181
284,6,3359.988252
284,6,3359.988252
284,6,3359.988252
284,6,3359.988252
284,6,3359.988252
284,6,3359.988252
284,6,3359.988252
284,7,2611.739748
284,7,2611.739748
284,7,2611.739748
284,7,2611.739748
284,7,2611.739748
284,8,2474.440727
284,8,2474.440727
284,8,2474.440727
284,8,2474.440727
284,8,2474.440727
284,8,2474.440727
284,8,2474.440727
284,8,2474.440727
284,8,2474.440727
284,8,2474.440727
284,8,2474.440727
284,8,2474.440727
284,8,2474.440727
284,8,2474.440727
284,8,2474.440727
284,8,2474.440727
284,8,2474.440727
284,8,2474.440727
284,8,2474.440727
284,8,2474.440727
284,8,2474.440727
284,8,2474.440727
284,8,2474.440727
284,8,2474.440727
284,8,2474.440727
284,8,2474.440727
284,8,2474.440727
284,8,2474.440727
284,8,2474.440727
284,8,2474.440727
284,8,2474.440727
284,8,2474.440727
284,8,2474.440727
284,8,2474.440727
284,8,2474.440727
284,8,2474.440727
284,8,2474.440727
284,8,2474.440727
284,8,2474.440727
284,9,2289.892054
284,9,2289.892054
284,9,2289.892054
284,9,2289.892054
284,10,2259.792222
284,10,2259.792222
284,10,2259.792222
284,10,2259.792222
284,10,2259.792222
284,10,2259.792222
284,10,2259.792222
284,10,2259.792222
284,10,2259.792222
284,10,2259.792222
284,10,2259.792222
284,10,2259.792222
284,10,2259.792222
284,10,2259.792222
284,10,2259.792222
284,10,2259.792222
284,12,2243.886181
284,12,2243.886181
285,6,3340.211797
285,7,2611.739748
285,7,2611.739748
285,7,2611.739748
285,7,2611.739748
285,7,2611.739748
285,7,2611.739748
285,8,2474.440727
285,8,2474.440727
285,8,2474.440727
285,8,2474.440727
285,8,2474.440727
285,8,2474.440727
285,8,2474.440727
285,8,2474.440727
285,8,2474.440727
285,8,2474.440727
285,8,2474.440727
285,8,2474.440727
285,8,2474.440727
285,8,2474.440727
285,8,2474.440727
285,8,2474.440727
285,8,2474.440727
285,8,2474.440727
285,8,2474.440727
285,8,2474.440727
285,8,2474.440727
285,8,2474.440727
285,8,2474.440727
285,8,2474.440727
285,8,2474.440727
285,8,2474.440727
285,8,2474.440727
285,8,2474.440727
285,8,2474.440727
285,8,2474.440727
285,8,2474.440727
285,8,2474.440727
285,8,2474.440727
285,8,2474.440727
285,8,2474.440727
285,8,2474.440727
285,8,2474.440727
285,8,2474.440727
285,8,2474.440727
285,8,2474.440727
285,9,2289.892054
285,9,2289.892054
285,9,2289.892054
285,9,2289.892054
285,9,2289.892054
285,10,2259.792222
285,10,2259.792222
285,10,2259.792222
285,10,2259.792222
285,10,2259.792222
285,10,2259.792222
285,10,2259.792222
285,10,2259.792222
285,10,2259.792222
285,10,2259.792222
285,10,2259.792222
285,10,2259.792222
285,10,2259.792222
285,10,2259.792222
285,10,2259.792222
285,10,2259.792222
285,10,2259.792222
285,10,2259.792222
285,10,2259.792222
285,12,2243.886181
285,12,2243.886181
285,12,2243.886181
286,6,3340.211797
286,6,3340.211797
286,7,2611.739748
286,7,2611.739748
286,7,2611.739748
286,7,2611.739748
286,7,2611.739748
286,7,2611.739748
286,7,2611.739748
286,8,2448.590655
286,9,2289.892054
286,9,2289.892054
286,9,2289.892054
286,9,2289.892054
286,9,2289.892054
286,9,2289.892054
286,10,2259.792222
286,10,2259.792222
286,10,2259.792222
286,10,2259.792222
286,10,2259.792222
286,10,2259.792222
286,10,2259.792222
286,10,2259.792222
286,10,2259.792222
286,10,2259.792222
286,10,2259.792222
286,10,2259.792222
286,10,2259.792222
286,10,2259.792222
286,10,2259.792222
286,10,2259.792222
286,10,2259.792222
286,10,2259.792222
286,10,2259.792222
286,10,2259.792222
286,10,2259.792222
286,10,2259.792222
286,11,2242.621632
287,6,3340.211797
287,6,3340.211797
287,6,3340.211797
287,7,2611.739748
287,7,2611.739748
287,7,2611.739748
287,7,2611.739748
287,7,2611.739748
287,7,2611.739748
287,7,2611.739748
287,7,2611.739748
287,8,2448.590655
287,8,2448.590655
287,9,2289.892054
287,9,2289.892054
287,9,2289.892054
287,9,2289.892054
287,9,2289.892054
287,9,2289.892054
287,9,2289.892054
287,10,2259.792222
287,10,2259.792222
287,10,2259.792222
287,10,2259.792222
287,10,2259.792222
287,10,2259.792222
287,10,2259.792222
287,10,2259.792222
287,10,2259.792222
287,10,2259.792222
287,10,2259.792222
287,10,2259.792222
287,10,2259.792222
287,10,2259.792222
287,10,2259.792222
287,10,2259.792222
287,10,2259.792222
287,10,2259.792222
287,10,2259.792222
287,10,2259.792222
287,10,2259.792222
287,10,2259.792222
287,10,2259.792222
287,10,2259.792222
287,10,2259.792222
287,11,2242.621632
287,11,2242.621632
288,6,3340.211797
288,6,3340.211797
288,6,3340.211797
288,6,3340.211797
288,7,2611.739748
288,7,2611.739748
288,7,2611.739748
288,7,2611.739748
288,7,2611.739748
288,7,2611.739748
288,7,2611.739748
288,7,2611.739748
288,7,2611.739748
288,8,2448.590655
288,8,2448.590655
288,8,2448.590655
288,9,2289.892054
288,9,2289.892054
288,9,2289.892054
288,9,2289.892054
288,9,2289.892054
288,9,2289.892054
288,9,2289.892054
288,9,2289.892054
288,10,2259.792222
288,10,2259.792222
288,10,2259.792222
288,10,2259.792222
288,10,2259.792222
288,10,2259.792222
288,10,2259.792222
288,10,2259.792222
288,10,2259.792222
288,10,2259.792222
288,10,2259.792222
288,10,2259.792222
288,10,2259.792222
288,10,2259.792222
288,10,2259.792222
288,10,2259.792222
288,10,2259.792222
288,10,2259.792222
288,10,2259.792222
288,10,2259.792222
288,10,2259.792222
288,10,2259.792222
288,10,2259.792222
288,10,2259.792222
288,10,2259.792222
288,10,2259.792222
288,10,2259.792222
288,10,2259.792222
288,11,2242.621632
288,11,2242.621632
288,11,2242.621632
289,6,3340.211797
289,6,3340.211797
289,6,3340.211797
289,6,3340.211797
289,6,3340.211797
289,7,2611.739748
289,7,2611.739748
289,7,2611.739748
289,7,2611.739748
289,7,2611.739748
289,7,2611.739748
289,7,2611.739748
289,7,2611.739748
289,7,2611.739748
289,7,2611.739748
289,8,2448.590655
289,8,2448.590655
289,8,2448.590655
289,8,2448.590655
289,9,2289.892054
289,9,2289.892054
289,9,2289.892054
289,9,2289.892054
289,9,2289.892054
289,9,2289.892054
289,9,2289.892054
289,9,2289.892054
289,9,2289.892054
289,10,2259.792222
289,10,2259.792222
289,10,2259.792222
289,10,2259.792222
289,10,2259.792222
289,10,2259.792222
289,10,2259.792222
289,10,2259.792222
289,10,2259.792222
289,10,2259.792222
289,10,2259.792222
289,10,2259.792222
289,10,2259.792222
289,10,2259.792222
289,10,2259.792222
289,10,2259.792222
289,10,2259.792222
289,10,2259.792222
289,10,2259.792222
289,10,2259.792222
289,10,2259.792222
289,10,2259.792222
289,10,2259.792222
289,10,2259.792222
289,10,2259.792222
289,10,2259.792222
289,10,2259.792222
289,10,2259.792222
289,10,2259.792222
289,10,2259.792222
289,10,2259.792222
289,11,2242.621632
289,11,2242.621632
289,11,2242.621632
289,11,2242.621632
290,6,3340.211797
290,6,3340.211797
290,6,3340.211797
290,6,3340.211797
290,6,3340.211797
290,6,3340.211797
290,7,2611.739748
290,7,2611.739748
290,7,2611.739748
290,7,2611.739748
290,7,2611.739748
290,7,2611.739748
290,7,2611.739748
290,7,2611.739748
290,7,2611.739748
290,7,2611.739748
290,7,2611.739748
290,8,2448.590655
290,8,2448.590655
290,8,2448.590655
290,8,2448.590655
290,8,2448.590655
290,9,2289.892054
290,9,2289.892054
290,9,2289.892054
290,9,2289.892054
290,9,2289.892054
290,9,2289.892054
290,9,2289.892054
290,9,2289.892054
290,9,2289.892054
290,9,2289.892054
290,10,2259.792222
290,10,2259.792222
290,10,2259.792222
290,10,2259.792222
290,10,2259.792222
290,10,2259.792222
290,10,2259.792222
290,10,2259.792222
290,10,2259.792222
290,10,2259.792222
290,10,2259.792222
290,10,2259.792222
290,10,2259.792222
290,10,2259.792222
290,10,2259.792222
290,10,2259.792222
290,10,2259.792222
290,10,2259.792222
290,10,2259.792222
290,10,2259.792222
290,10,2259.792222
290,10,2259.792222
290,10,2259.792222
290,10,2259.792222
290,10,2259.792222
290,10,2259.792222
290,10,2259.792222
290,10,2259.792222
290,10,2259.792222
290,10,2259.792222
290,10,2259.792222
290,10,2259.792222
290,10,2259.792222
290,10,2259.792222
290,11,2242.621632
290,11,2242.621632
290,11,2242.621632
290,11,2242.621632
290,11,2242.621632
291,6,3340.211797
291,6,3340.211797
291,6,3340.211797
291,6,3340.211797
291,6,3340.211797
291,6,3340.211797
291,6,3340.211797
291,7,2611.739748
291,7,2611.739748
291,7,2611.739748
291,7,2611.739748
291,7,2611.739748
291,7,2611.739748
291,7,2611.739748
291,7,2611.739748
291,7,2611.739748
291,7,2611.739748
291,7,2611.739748
291,7,2611.739748
291,8,2440.649696
291,9,2289.892054
291,9,2289.892054
291,9,2289.892054
291,9,2289.892054
291,9,2289.892054
291,9,2289.892054
291,9,2289.892054
291,9,2289.892054
291,9,2289.892054
291,9,2289.892054
291,9,2289.892054
291,10,2259.792222
291,10,2259.792222
291,10,2259.792222
291,10,2259.792222
291,10,2259.792222
291,10,2259.792222
291,10,2259.792222
291,10,2259.792222
291,10,2259.792222
291,10,2259.792222
291,10,2259.792222
291,10,2259.792222
291,10,2259.792222
291,10,2259.792222
291,10,2259.792222
291,10,2259.792222
291,10,2259.792222
291,10,2259.792222
291,10,2259.792222
291,10,2259.792222
291,10,2259.792222
291,10,2259.792222
291,10,2259.792222
291,10,2259.792222
291,10,2259.792222
291,10,2259.792222
291,10,2259.792222
291,10,2259.792222
291,10,2259.792222
291,10,2259.792222
291,10,2259.792222
291,10,2259.792222
291,10,2259.792222
291,10,2259.792222
291,10,2259.792222
291,10,2259.792222
291,10,2259.792222
291,11,2242.621632
291,11,2242.621632
291,11,2242.621632
291,11,2242.621632
291,11,2242.621632
291,11,2242.621632
292,6,3340.211797
292,6,3340.211797
292,6,3340.211797
292,6,3340.211797
292,6,3340.211797
292,6,3340.211797
292,6,3340.211797
292,6,3340.211797
292,7,2611.739748
292,7,2611.739748
292,7,2611.739748
292,7,2611.739748
292,7,2611.739748
292,7,2611.739748
292,7,2611.739748
292,7,2611.739748
292,7,2611.739748
292,7,2611.739748
292,7,2611.739748
292,7,2611.739748
292,7,2611.739748
292,8,2435.015215
292,9,2289.892054
292,9,2289.892054
292,9,2289.892054
292,9,2289.892054
292,9,2289.892054
292,9,2289.892054
292,9,2289.892054
292,9,2289.892054
292,9,2289.892054
292,9,2289.892054
292,9,2289.892054
292,9,2289.892054
292,10,2259.792222
292,10,2259.792222
292,10,2259.792222
292,10,2259.792222
292,10,2259.792222
292,10,2259.792222
292,10,2259.792222
292,10,2259.792222
292,10,2259.792222
292,10,2259.792222
292,10,2259.792222
292,10,2259.792222
292,10,2259.792222
292,10,2259.792222
292,10,2259.792222
292,10,2259.792222
292,10,2259.792222
292,10,2259.792222
292,10,2259.792222
292,10,2259.792222
292,10,2259.792222
292,10,2259.792222
292,10,2259.792222
292,10,2259.792222
292,10,2259.792222
292,10,2259.792222
292,10,2259.792222
292,10,2259.792222
292,10,2259.792222
292,10,2259.792222
292,10,2259.792222
292,10,2259.792222
292,10,2259.792222
292,10,2259.792222
292,10,2259.792222
292,10,2259.792222
292,10,2259.792222
292,10,2259.792222
292,10,2259.792222
292,10,2259.792222
292,11,2242.621632
292,11,2242.621632
292,11,2242.621632
292,11,2242.621632
292,11,2242.621632
292,11,2242.621632
292,11,2242.621632
293,6,3340.211797
293,6,3340.211797
293,6,3340.211797
293,6,3340.211797
293,6,3340.211797
293,6,3340.211797
293,6,3340.211797
293,6,3340.211797
293,6,3340.211797
293,6,3340.211797
293,7,2611.739748
293,7,2611.739748
293,7,2611.739748
293,7,2611.739748
293,7,2611.739748
293,7,2611.739748
293,7,2611.739748
293,7,2611.739748
293,7,2611.739748
293,7,2611.739748
293,7,2611.739748
293,7,2611.739748
293,7,2611.739748
293,7,2611.739748
293,8,2435.015215
293,8,2435.015215
293,9,2289.892054
293,9,2289.892054
293,9,2289.892054
293,9,2289.892054
293,9,2289.892054
293,9,2289.892054
293,9,2289.892054
293,9,2289.892054
293,9,2289.892054
293,9,2289.892054
293,9,2289.892054
293,9,2289.892054
293,9,2289.892054
293,10,2250.616706
293,11,2242.621632
293,11,2242.621632
293,11,2242.621632
293,11,2242.621632
293,11,2242.621632
293,11,2242.621632
293,11,2242.621632
293,11,2242.621632
294,6,3340.211797
294,6,3340.211797
294,6,3340.211797
294,6,3340.211797
294,6,3340.211797
294,6,3340.211797
294,6,3340.211797
294,6,3340.211797
294,6,3340.211797
294,6,3340.211797
294,6,3340.211797
294,6,3340.211797
294,7,2611.739748
294,7,2611.739748
294,7,2611.739748
294,7,2611.739748
294,7,2611.739748
294,7,2611.739748
294,7,2611.739748
294,7,2611.739748
294,7,2611.739748
294,7,2611.739748
294,7,2611.739748
294,7,2611.739748
294,7,2611.739748
294,7,2611.739748
294,7,2611.739748
294,8,2435.015215
294,8,2435.015215
294,8,2435.015215
294,9,2289.892054
294,9,2289.892054
294,9,2289.892054
294,9,2289.892054
294,9,2289.892054
294,9,2289.892054
294,9,2289.892054
294,9,2289.892054
294,9,2289.892054
294,9,2289.892054
294,9,2289.892054
294,9,2289.892054
294,9,2289.892054
294,9,2289.892054
294,10,2250.616706
294,10,2250.616706
294,11,2242.621632
294,11,2242.621632
294,11,2242.621632
294,11,2242.621632
294,11,2242.621632
294,11,2242.621632
294,11,2242.621632
294,11,2242.621632
294,11,2242.621632
295,6,3340.211797
295,6,3340.211797
295,6,3340.211797
295,6,3340.211797
295,6,3340.211797
295,6,3340.211797
295,6,3340.211797
295,6,3340.211797
295,6,3340.211797
295,6,3340.211797
295,6,3340.211797
295,6,3340.211797
295,6,3340.211797
295,6,3340.211797
295,7,2611.739748
295,7,2611.739748
295,7,2611.739748
295,7,2611.739748
295,7,2611.739748
295,7,2611.739748
295,7,2611.739748
295,7,2611.739748
295,7,2611.739748
295,7,2611.739748
295,7,2611.739748
295,7,2611.739748
295,7,2611.739748
295,7,2611.739748
295,7,2611.739748
295,7,2611.739748
295,8,2435.015215
295,8,2435.015215
295,8,2435.015215
295,8,2435.015215
295,9,2289.892054
295,9,2289.892054
295,9,2289.892054
295,9,2289.892054
295,9,2289.892054
295,9,2289.892054
295,9,2289.892054
295,9,2289.892054
295,9,2289.892054
295,9,2289.892054
295,9,2289.892054
295,9,2289.892054
295,9,2289.892054
295,9,2289.892054
295,9,2289.892054
295,10,2250.616706
295,10,2250.616706
295,10,2250.616706
295,11,2242.621632
295,11,2242.621632
295,11,2242.621632
295,11,2242.621632
295,11,2242.621632
295,11,2242.621632
295,11,2242.621632
295,11,2242.621632
295,11,2242.621632
295,11,2242.621632
296,6,3309.495635
296,7,2611.739748
296,7,2611.739748
296,7,2611.739748
296,7,2611.739748
296,7,2611.739748
296,7,2611.739748
296,7,2611.739748
296,7,2611.739748
296,7,2611.739748
296,7,2611.739748
296,7,2611.739748
296,7,2611.739748
296,7,2611.739748
296,7,2611.739748
296,7,2611.739748
296,7,2611.739748
296,7,2611.739748
296,8,2435.015215
296,8,2435.015215
296,8,2435.015215
296,8,2435.015215
296,8,2435.015215
296,9,2289.892054
296,9,2289.892054
296,9,2289.892054
296,9,2289.892054
296,9,2289.892054
296,9,2289.892054
296,9,2289.892054
296,9,2289.892054
296,9,2289.892054
296,9,2289.892054
296,9,2289.892054
296,9,2289.892054
296,9,2289.892054
296,9,2289.892054
296,9,2289.892054
296,9,2289.892054
296,10,2250.616706
296,10,2250.616706
296,10,2250.616706
296,10,2250.616706
296,11,2242.621632
296,11,2242.621632
296,11,2242.621632
296,11,2242.621632
296,11,2242.621632
296,11,2242.621632
296,11,2242.621632
296,11,2242.621632
296,11,2242.621632
296,11,2242.621632
296,11,2242.621632
297,6,3309.495635
297,6,3309.495635
297,7,2611.739748
297,7,2611.739748
297,7,2611.739748
297,7,2611.739748
297,7,2611.739748
297,7,2611.739748
297,7,2611.739748
297,7,2611.739748
297,7,2611.739748
297,7,2611.739748
297,7,2611.739748
297,7,2611.739748
297,7,2611.739748
297,7,2611.739748
297,7,2611.739748
297,7,2611.739748
297,7,2611.739748
297,7,2611.739748
297,8,2435.015215
297,8,2435.015215
297,8,2435.015215
297,8,2435.015215
297,8,2435.015215
297,8,2435.015215
297,9,2289.892054
297,9,2289.892054
297,9,2289.892054
297,9,2289.892054
297,9,2289.892054
297,9,2289.892054
297,9,2289.892054
297,9,2289.892054
297,9,2289.892054
297,9,2289.892054
297,9,2289.892054
297,9,2289.892054
297,9,2289.892054
297,9,2289.892054
297,9,2289.892054
297,9,2289.892054
297,9,2289.892054
297,10,2250.616706
297,10,2250.616706
297,10,2250.616706
297,10,2250.616706
297,10,2250.616706
297,11,2242.621632
297,11,2242.621632
297,11,2242.621632
297,11,2242.621632
297,11,2242.621632
297,11,2242.621632
297,11,2242.621632
297,11,2242.621632
297,11,2242.621632
297,11,2242.621632
297,11,2242.621632
297,11,2242.621632
298,6,3309.495635
298,6,3309.495635
298,6,3309.495635
298,7,2611.739748
298,7,2611.739748
298,7,2611.739748
298,7,2611.739748
298,7,2611.739748
298,7,2611.739748
298,7,2611.739748
298,7,2611.739748
298,7,2611.739748
298,7,2611.739748
298,7,2611.739748
298,7,2611.739748
298,7,2611.739748
298,7,2611.739748
298,7,2611.739748
298,7,2611.739748
298,7,2611.739748
298,7,2611.739748
298,7,2611.739748
298,8,2435.015215
298,8,2435.015215
298,8,2435.015215
298,8,2435.015215
298,8,2435.015215
298,8,2435.015215
298,8,2435.015215
298,9,2289.892054
298,9,2289.892054
298,9,2289.892054
298,9,2289.892054
298,9,2289.892054
298,9,2289.892054
298,9,2289.892054
298,9,2289.892054
298,9,2289.892054
298,9,2289.892054
298,9,2289.892054
298,9,2289.892054
298,9,2289.892054
298,9,2289.892054
298,9,2289.892054
298,9,2289.892054
298,9,2289.892054
298,9,2289.892054
298,10,2250.616706
298,10,2250.616706
298,10,2250.616706
298,10,2250.616706
298,10,2250.616706
298,10,2250.616706
298,11,2242.621632
298,11,2242.621632
298,11,2242.621632
298,11,2242.621632
298,11,2242.621632
298,11,2242.621632
298,11,2242.621632
298,11,2242.621632
298,11,2242.621632
298,11,2242.621632
298,11,2242.621632
298,11,2242.621632
298,11,2242.621632
299,6,3309.495635
299,6,3309.495635
299,6,3309.495635
299,6,3309.495635
299,7,2611.739748
299,7,2611.739748
299,7,2611.739748
299,7,2611.739748
299,7,2611.739748
299,7,2611.739748
299,7,2611.739748
299,7,2611.739748
299,7,2611.739748
299,7,2611.739748
299,7,2611.739748
299,7,2611.739748
299,7,2611.739748
299,7,2611.739748
299,7,2611.739748
299,7,2611.739748
299,7,2611.739748
299,7,2611.739748
299,7,2611.739748
299,7,2611.739748
299,8,2435.015215
299,8,2435.015215
299,8,2435.015215
299,8,2435.015215
299,8,2435.015215
299,8,2435.015215
299,8,2435.015215
299,8,2435.015215
299,9,2289.892054
299,9,2289.892054
299,9,2289.892054
299,9,2289.892054
299,9,2289.892054
299,9,2289.892054
299,9,2289.892054
299,9,2289.892054
299,9,2289.892054
299,9,2289.892054
299,9,2289.892054
299,9,2289.892054
299,9,2289.892054
299,9,2289.892054
299,9,2289.892054
299,9,2289.892054
299,9,2289.892054
299,9,2289.892054
299,9,2289.892054
299,10,2250.616706
299,10,2250.616706
299,10,2250.616706
299,10,2250.616706
299,10,2250.616706
299,10,2250.616706
299,10,2250.616706
299,11,2242.621632
299,11,2242.621632
299,11,2242.621632
299,11,2242.621632
299,11,2242.621632
299,11,2242.621632
299,11,2242.621632
299,11,2242.621632
299,11,2242.621632
299,11,2242.621632
299,11,2242.621632
299,11,2242.621632
299,11,2242.621632
299,11,2242.621632
300,6,3309.495635
300,6,3309.495635
300,6,3309.495635
300,6,3309.495635
300,6,3309.495635
300,7,2596.949314
300,8,2435.015215
300,8,2435.015215
300,8,2435.015215
300,8,2435.015215
300,8,2435.015215
300,8,2435.015215
300,8,2435.015215
300,8,2435.015215
300,8,2435.015215
300,9,2289.892054
300,9,2289.892054
300,9,2289.892054
300,9,2289.892054
300,9,2289.892054
300,9,2289.892054
300,9,2289.892054
300,9,2289.892054
300,9,2289.892054
300,9,2289.892054
300,9,2289.892054
300,9,2289.892054
300,9,2289.892054
300,9,2289.892054
300,9,2289.892054
300,9,2289.892054
300,9,2289.892054
300,9,2289.892054
300,9,2289.892054
300,9,2289.892054
300,10,2250.616706
300,10,2250.616706
300,10,2250.616706
300,10,2250.616706
300,10,2250.616706
300,10,2250.616706
300,10,2250.616706
300,10,2250.616706
300,11,2242.621632
300,11,2242.621632
300,11,2242.621632
300,11,2242.621632
300,11,2242.621632
300,11,2242.621632
300,11,2242.621632
300,11,2242.621632
300,11,2242.621632
300,11,2242.621632
300,11,2242.621632
300,11,2242.621632
300,11,2242.621632
300,11,2242.621632
300,11,2242.621632
301,6,3309.495635
301,6,3309.495635
301,6,3309.495635
301,6,3309.495635
301,6,3309.495635
301,6,3309.495635
301,7,2596.949314
301,7,2596.949314
301,8,2435.015215
301,8,2435.015215
301,8,2435.015215
301,8,2435.015215
301,8,2435.015215
301,8,2435.015215
301,8,2435.015215
301,8,2435.015215
301,8,2435.015215
301,8,2435.015215
301,9,2289.892054
301,9,2289.892054
301,9,2289.892054
301,9,2289.892054
301,9,2289.892054
301,9,2289.892054
301,9,2289.892054
301,9,2289.892054
301,9,2289.892054
301,9,2289.892054
301,9,2289.892054
301,9,2289.892054
301,9,2289.892054
301,9,2289.892054
301,9,2289.892054
301,9,2289.892054
301,9,2289.892054
301,9,2289.892054
301,9,2289.892054
301,9,2289.892054
301,9,2289.892054
301,10,2250.616706
301,10,2250.616706
301,10,2250.616706
301,10,2250.616706
301,10,2250.616706
301,10,2250.616706
301,10,2250.616706
301,10,2250.616706
301,10,2250.616706
301,11,2242.621632
301,11,2242.621632
301,11,2242.621632
301,11,2242.621632
301,11,2242.621632
301,11,2242.621632
301,11,2242.621632
301,11,2242.621632
301,11,2242.621632
301,11,2242.621632
301,11,2242.621632
301,11,2242.621632
301,11,2242.621632
301,11,2242.621632
301,11,2242.621632
301,11,2242.621632
302,6,3309.495635
302,6,3309.495635
302,6,3309.495635
302,6,3309.495635
302,6,3309.495635
302,6,3309.495635
302,6,3309.495635
302,7,2596.949314
302,7,2596.949314
302,7,2596.949314
302,8,2435.015215
302,8,2435.015215
302,8,2435.015215
302,8,2435.015215
302,8,2435.015215
302,8,2435.015215
302,8,2435.015215
302,8,2435.015215
302,8,2435.015215
302,8,2435.015215
302,8,2435.015215
302,9,2289.892054
302,9,2289.892054
302,9,2289.892054
302,9,2289.892054
302,9,2289.892054
302,9,2289.892054
302,9,2289.892054
302,9,2289.892054
302,9,2289.892054
302,9,2289.892054
302,9,2289.892054
302,9,2289.892054
302,9,2289.892054
302,9,2289.892054
302,9,2289.892054
302,9,2289.892054
302,9,2289.892054
302,9,2289.892054
302,9,2289.892054
302,9,2289.892054
302,9,2289.892054
302,9,2289.892054
302,10,2250.616706
302,10,2250.616706
302,10,2250.616706
302,10,2250.616706
302,10,2250.616706
302,10,2250.616706
302,10,2250.616706
302,10,2250.616706
302,10,2250.616706
302,10,2250.616706
302,11,2242.621632
302,11,2242.621632
302,11,2242.621632
302,11,2242.621632
302,11,2242.621632
302,11,2242.621632
302,11,2242.621632
302,11,2242.621632
302,11,2242.621632
302,11,2242.621632
302,11,2242.621632
302,11,2242.621632
302,11,2242.621632
302,11,2242.621632
302,11,2242.621632
302,11,2242.621632
302,11,2242.621632
303,6,3309.495635
303,6,3309.495635
303,6,3309.495635
303,6,3309.495635
303,6,3309.495635
303,6,3309.495635
303,6,3309.495635
303,6,3309.495635
303,7,2596.949314
303,7,2596.949314
303,7,2596.949314
303,7,2596.949314
303,8,2434.340117
303,9,2289.892054
303,9,2289.892054
303,9,2289.892054
303,9,2289.892054
303,9,2289.892054
303,9,2289.892054
303,9,2289.892054
303,9,2289.892054
303,9,2289.892054
303,9,2289.892054
303,9,2289.892054
303,9,2289.892054
303,9,2289.892054
303,9,2289.892054
303,9,2289.892054
303,9,2289.892054
303,9,2289.892054
303,9,2289.892054
303,9,2289.892054
303,9,2289.892054
303,9,2289.892054
303,9,2289.892054
303,9,2289.892054
303,10,2250.616706
303,10,2250.616706
303,10,2250.616706
303,10,2250.616706
303,10,2250.616706
303,10,2250.616706
303,10,2250.616706
303,10,2250.616706
303,10,2250.616706
303,10,2250.616706
303,10,2250.616706
303,11,2242.621632
303,11,2242.621632
303,11,2242.621632
303,11,2242.621632
303,11,2242.621632
303,11,2242.621632
303,11,2242.621632
303,11,2242.621632
303,11,2242.621632
303,11,2242.621632
303,11,2242.621632
303,11,2242.621632
303,11,2242.621632
303,11,2242.621632
303,11,2242.621632
303,11,2242.621632
303,11,2242.621632
303,11,2242.621632
304,6,3309.495635
304,6,3309.495635
304,6,3309.495635
304,6,3309.495635
304,6,3309.495635
304,6,3309.495635
304,6,3309.495635
304,6,3309.495635
304,6,3309.495635
304,7,2596.949314
304,7,2596.949314
304,7,2596.949314
304,7,2596.949314
304,7,2596.949314
304,8,2434.340117
304,8,2434.340117
304,9,2289.892054
304,9,2289.892054
304,9,2289.892054
304,9,2289.892054
304,9,2289.892054
304,9,2289.892054
304,9,2289.892054
304,9,2289.892054
304,9,2289.892054
304,9,2289.892054
304,9,2289.892054
304,9,2289.892054
304,9,2289.892054
304,9,2289.892054
304,9,2289.892054
304,9,2289.892054
304,9,2289.892054
304,9,2289.892054
304,9,2289.892054
304,9,2289.892054
304,9,2289.892054
304,9,2289.892054
304,9,2289.892054
304,9,2289.892054
304,10,2237.633075
304,12,2237.383282
305,6,3309.495635
305,6,3309.495635
305,6,3309.495635
305,6,3309.495635
305,6,3309.495635
305,6,3309.495635
305,6,3309.495635
305,6,3309.495635
305,6,3309.495635
305,6,3309.495635
305,7,2596.949314
305,7,2596.949314
305,7,2596.949314
305,7,2596.949314
305,7,2596.949314
305,7,2596.949314
305,8,2434.340117
305,8,2434.340117
305,8,2434.340117
305,9,2289.892054
305,9,2289.892054
305,9,2289.892054
305,9,2289.892054
305,9,2289.892054
305,9,2289.892054
305,9,2289.892054
305,9,2289.892054
305,9,2289.892054
305,9,2289.892054
305,9,2289.892054
305,9,2289.892054
305,9,2289.892054
305,9,2289.892054
305,9,2289.892054
305,9,2289.892054
305,9,2289.892054
305,9,2289.892054
305,9,2289.892054
305,9,2289.892054
305,9,2289.892054
305,9,2289.892054
305,9,2289.892054
305,9,2289.892054
305,9,2289.892054
305,10,2237.633075
305,10,2237.633075
305,12,2237.383282
305,12,2237.383282
306,6,3309.495635
306,6,3309.495635
306,6,3309.495635
306,6,3309.495635
306,6,3309.495635
306,6,3309.495635
306,6,3309.495635
306,6,3309.495635
306,6,3309.495635
306,6,3309.495635
306,6,3309.495635
306,7,2596.949314
306,7,2596.949314
306,7,2596.949314
306,7,2596.949314
306,7,2596.949314
306,7,2596.949314
306,7,2596.949314
306,8,2434.340117
306,8,2434.340117
306,8,2434.340117
306,8,2434.340117
306,9,2289.892054
306,9,2289.892054
306,9,2289.892054
306,9,2289.892054
306,9,2289.892054
306,9,2289.892054
306,9,2289.892054
306,9,2289.892054
306,9,2289.892054
306,9,2289.892054
306,9,2289.892054
306,9,2289.892054
306,9,2289.892054
306,9,2289.892054
306,9,2289.892054
306,9,2289.892054
306,9,2289.892054
306,9,2289.892054
306,9,2289.892054
306,9,2289.892054
306,9,2289.892054
306,9,2289.892054
306,9,2289.892054
306,9,2289.892054
306,9,2289.892054
306,9,2289.892054
306,10,2237.633075
306,10,2237.633075
306,10,2237.633075
306,12,2237.383282
306,12,2237.383282
306,12,2237.383282
307,6,3309.495635
307,6,3309.495635
307,6,3309.495635
307,6,3309.495635
307,6,3309.495635
307,6,3309.495635
307,6,3309.495635
307,6,3309.495635
307,6,3309.495635
307,6,3309.495635
307,6,3309.495635
307,6,3309.495635
307,7,2596.949314
307,7,2596.949314
307,7,2596.949314
307,7,2596.949314
307,7,2596.949314
307,7,2596.949314
307,7,2596.949314
307,7,2596.949314
307,8,2421.602360
307,9,2289.892054
307,9,2289.892054
307,9,2289.892054
307,9,2289.892054
307,9,2289.892054
307,9,2289.892054
307,9,2289.892054
307,9,2289.892054
307,9,2289.892054
307,9,2289.892054
307,9,2289.892054
307,9,2289.892054
307,9,2289.892054
307,9,2289.892054
307,9,2289.892054
307,9,2289.892054
307,9,2289.892054
307,9,2289.892054
307,9,2289.892054
307,9,2289.892054
307,9,2289.892054
307,9,2289.892054
307,9,2289.892054
307,9,2289.892054
307,9,2289.892054
307,9,2289.892054
307,9,2289.892054
307,10,2237.633075
307,10,2237.633075
307,10,2237.633075
307,10,2237.633075
307,12,2237.383282
307,12,2237.383282
307,12,2237.383282
307,12,2237.383282
308,6,3309.495635
308,6,3309.495635
308,6,3309.495635
308,6,3309.495635
308,6,3309.495635
308,6,3309.495635
308,6,3309.495635
308,6,3309.495635
308,6,3309.495635
308,6,3309.495635
308,6,3309.495635
308,6,3309.495635
308,6,3309.495635
308,7,2596.949314
308,7,2596.949314
308,7,2596.949314
308,7,2596.949314
308,7,2596.949314
308,7,2596.949314
308,7,2596.949314
308,7,2596.949314
308,7,2596.949314
308,8,2421.602360
308,8,2421.602360
308,9,2289.892054
308,9,2289.892054
308,9,2289.892054
308,9,2289.892054
308,9,2289.892054
308,9,2289.892054
308,9,2289.892054
308,9,2289.892054
308,9,2289.892054
308,9,2289.892054
308,9,2289.892054
308,9,2289.892054
308,9,2289.892054
308,9,2289.892054
308,9,2289.892054
308,9,2289.892054
308,9,2289.892054
308,9,2289.892054
308,9,2289.892054
308,9,2289.892054
308,9,2289.892054
308,9,2289.892054
308,9,2289.892054
308,9,2289.892054
308,9,2289.892054
308,9,2289.892054
308,9,2289.892054
308,9,2289.892054
308,10,2237.633075
308,10,2237.633075
308,10,2237.633075
308,10,2237.633075
308,10,2237.633075
308,12,2237.383282
308,12,2237.383282
308,12,2237.383282
308,12,2237.383282
308,12,2237.383282
309,6,3309.495635
309,6,3309.495635
309,6,3309.495635
309,6,3309.495635
309,6,3309.495635
309,6,3309.495635
309,6,3309.495635
309,6,3309.495635
309,6,3309.495635
309,6,3309.495635
309,6,3309.495635
309,6,3309.495635
309,6,3309.495635
309,6,3309.495635
309,7,2596.949314
309,7,2596.949314
309,7,2596.949314
309,7,2596.949314
309,7,2596.949314
309,7,2596.949314
309,7,2596.949314
309,7,2596.949314
309,7,2596.949314
309,7,2596.949314
309,8,2421.602360
309,8,2421.602360
309,8,2421.602360
309,9,2289.892054
309,9,2289.892054
309,9,2289.892054
309,9,2289.892054
309,9,2289.892054
309,9,2289.892054
309,9,2289.892054
309,9,2289.892054
309,9,2289.892054
309,9,2289.892054
309,9,2289.892054
309,9,2289.892054
309,9,2289.892054
309,9,2289.892054
309,9,2289.892054
309,9,2289.892054
309,9,2289.892054
309,9,2289.892054
309,9,2289.892054
309,9,2289.892054
309,9,2289.892054
309,9,2289.892054
309,9,2289.892054
309,9,2289.892054
309,9,2289.892054
309,9,2289.892054
309,9,2289.892054
309,9,2289.892054
309,9,2289.892054
309,10,2237.633075
309,10,2237.633075
309,10,2237.633075
309,10,2237.633075
309,10,2237.633075
309,10,2237.633075
309,10,2237.633075
309,12,2237.383282
309,12,2237.383282
309,12,2237.383282
309,12,2237.383282
309,12,2237.383282
309,12,2237.383282
310,6,3309.495635
310,6,3309.495635
310,6,3309.495635
310,6,3309.495635
310,6,3309.495635
310,6,3309.495635
310,6,3309.495635
310,6,3309.495635
310,6,3309.495635
310,6,3309.495635
310,6,3309.495635
310,6,3309.495635
310,6,3309.495635
310,6,3309.495635
310,6,3309.495635
310,7,2593.637974
310,8,2421.602360
310,8,2421.602360
310,8,2421.602360
310,8,2421.602360
310,9,2289.892054
310,9,2289.892054
310,9,2289.892054
310,9,2289.892054
310,9,2289.892054
310,9,2289.892054
310,9,2289.892054
310,9,2289.892054
310,9,2289.892054
310,9,2289.892054
310,9,2289.892054
310,9,2289.892054
310,9,2289.892054
310,9,2289.892054
310,9,2289.892054
310,9,2289.892054
310,9,2289.892054
310,9,2289.892054
310,9,2289.892054
310,9,2289.892054
310,9,2289.892054
310,9,2289.892054
310,9,2289.892054
310,9,2289.892054
310,9,2289.892054
310,9,2289.892054
310,9,2289.892054
310,9,2289.892054
310,9,2289.892054
310,9,2289.892054
310,10,2237.633075
310,10,2237.633075
310,10,2237.633075
310,10,2237.633075
310,10,2237.633075
310,10,2237.633075
310,10,2237.633075
310,10,2237.633075
310,10,2237.633075
310,12,2237.383282
310,12,2237.383282
310,12,2237.383282
310,12,2237.383282
310,12,2237.383282
310,12,2237.383282
310,12,2237.383282
311,6,3298.793086
311,7,2593.637974
311,7,2593.637974
311,8,2421.602360
311,8,2421.602360
311,8,2421.602360
311,8,2421.602360
311,8,2421.602360
311,9,2289.892054
311,9,2289.892054
311,9,2289.892054
311,9,2289.892054
311,9,2289.892054
311,9,2289.892054
311,9,2289.892054
311,9,2289.892054
311,9,2289.892054
311,9,2289.892054
311,9,2289.892054
311,9,2289.892054
311,9,2289.892054
311,9,2289.892054
311,9,2289.892054
311,9,2289.892054
311,9,2289.892054
311,9,2289.892054
311,9,2289.892054
311,9,2289.892054
311,9,2289.892054
311,9,2289.892054
311,9,2289.892054
311,9,2289.892054
311,9,2289.892054
311,9,2289.892054
311,9,2289.892054
311,9,2289.892054
311,9,2289.892054
311,9,2289.892054
311,9,2289.892054
311,10,2237.633075
311,10,2237.633075
311,10,2237.633075
311,10,2237.633075
311,10,2237.633075
311,10,2237.633075
311,10,2237.633075
311,10,2237.633075
311,10,2237.633075
311,10,2237.633075
311,10,2237.633075
311,12,2237.383282
311,12,2237.383282
311,12,2237.383282
311,12,2237.383282
311,12,2237.383282
311,12,2237.383282
311,12,2237.383282
311,12,2237.383282
312,6,3298.793086
312,6,3298.793086
312,7,2593.637974
312,7,2593.637974
312,7,2593.637974
312,8,2421.602360
312,8,2421.602360
312,8,2421.602360
312,8,2421.602360
312,8,2421.602360
312,8,2421.602360
312,9,2289.892054
312,9,2289.892054
312,9,2289.892054
312,9,2289.892054
312,9,2289.892054
312,9,2289.892054
312,9,2289.892054
312,9,2289.892054
312,9,2289.892054
312,9,2289.892054
312,9,2289.892054
312,9,2289.892054
312,9,2289.892054
312,9,2289.892054
312,9,2289.892054
312,9,2289.892054
312,9,2289.892054
312,9,2289.892054
312,9,2289.892054
312,9,2289.892054
312,9,2289.892054
312,9,2289.892054
312,9,2289.892054
312,9,2289.892054
312,9,2289.892054
312,9,2289.892054
312,9,2289.892054
312,9,2289.892054
312,9,2289.892054
312,9,2289.892054
312,9,2289.892054
312,9,2289.892054
312,10,2237.633075
312,10,2237.633075
312,10,2237.633075
312,10,2237.633075
312,10,2237.633075
312,10,2237.633075
312,10,2237.633075
312,10,2237.633075
312,10,2237.633075
312,10,2237.633075
312,10,2237.633075
312,10,2237.633075
312,10,2237.633075
312,12,2237.383282
312,12,2237.383282
312,12,2237.383282
312,12,2237.383282
312,12,2237.383282
312,12,2237.383282
312,12,2237.383282
312,12,2237.383282
312,12,2237.383282
313,6,3298.793086
313,6,3298.793086
313,6,3298.793086
313,7,2593.637974
313,7,2593.637974
313,7,2593.637974
313,7,2593.637974
313,7,2593.637974
313,8,2421.602360
313,8,2421.602360
313,8,2421.602360
313,8,2421.602360
313,8,2421.602360
313,8,2421.602360
313,8,2421.602360
313,9,2289.892054
313,9,2289.892054
313,9,2289.892054
313,9,2289.892054
313,9,2289.892054
313,9,2289.892054
313,9,2289.892054
313,9,2289.892054
313,9,2289.892054
313,9,2289.892054
313,9,2289.892054
313,9,2289.892054
313,9,2289.892054
313,9,2289.892054
313,9,2289.892054
313,9,2289.892054
313,9,2289.892054
313,9,2289.892054
313,9,2289.892054
313,9,2289.892054
313,9,2289.892054
313,9,2289.892054
313,9,2289.892054
313,9,2289.892054
313,9,2289.892054
313,9,2289.892054
313,9,2289.892054
313,9,2289.892054
313,9,2289.892054
313,9,2289.892054
313,9,2289.892054
313,9,2289.892054
313,9,2289.892054
313,10,2237.633075
313,10,2237.633075
313,10,2237.633075
313,10,2237.633075
313,10,2237.633075
313,10,2237.633075
313,10,2237.633075
313,10,2237.633075
313,10,2237.633075
313,10,2237.633075
313,10,2237.633075
313,10,2237.633075
313,10,2237.633075
313,10,2237.633075
313,10,2237.633075
313,12,2237.383282
313,12,2237.383282
313,12,2237.383282
313,12,2237.383282
313,12,2237.383282
313,12,2237.383282
313,12,2237.383282
313,12,2237.383282
313,12,2237.383282
313,12,2237.383282
314,6,3298.793086
314,6,3298.793086
314,6,3298.793086
314,6,3298.793086
314,7,2593.637974
314,7,2593.637974
314,7,2593.637974
314,7,2593.637974
314,7,2593.637974
314,7,2593.637974
314,7,2593.637974
314,8,2421.602360
314,8,2421.602360
314,8,2421.602360
314,8,2421.602360
314,8,2421.602360
314,8,2421.602360
314,8,2421.602360
314,8,2421.602360
314,9,2289.892054
314,9,2289.892054
314,9,2289.892054
314,9,2289.892054
314,9,2289.892054
314,9,2289.892054
314,9,2289.892054
314,9,2289.892054
314,9,2289.892054
314,9,2289.892054
314,9,2289.892054
314,9,2289.892054
314,9,2289.892054
314,9,2289.892054
314,9,2289.892054
314,9,2289.892054
314,9,2289.892054
314,9,2289.892054
314,9,2289.892054
314,9,2289.892054
314,9,2289.892054
314,9,2289.892054
314,9,2289.892054
314,9,2289.892054
314,9,2289.892054
314,9,2289.892054
314,9,2289.892054
314,9,2289.892054
314,9,2289.892054
314,9,2289.892054
314,9,2289.892054
314,9,2289.892054
314,9,2289.892054
314,9,2289.892054
314,10,2237.633075
314,10,2237.633075
314,10,2237.633075
314,10,2237.633075
314,10,2237.633075
314,10,2237.633075
314,10,2237.633075
314,10,2237.633075
314,10,2237.633075
314,10,2237.633075
314,10,2237.633075
314,10,2237.633075
314,10,2237.633075
314,10,2237.633075
314,10,2237.633075
314,10,2237.633075
314,10,2237.633075
314,12,2237.383282
314,12,2237.383282
314,12,2237.383282
314,12,2237.383282
314,12,2237.383282
314,12,2237.383282
314,12,2237.383282
314,12,2237.383282
314,12,2237.383282
314,12,2237.383282
314,12,2237.383282
315,6,3298.793086
315,6,3298.793086
315,6,3298.793086
315,6,3298.793086
315,6,3298.793086
315,7,2593.637974
315,7,2593.637974
315,7,2593.637974
315,7,2593.637974
315,7,2593.637974
315,7,2593.637974
315,7,2593.637974
315,7,2593.637974
315,7,2593.637974
315,8,2421.602360
315,8,2421.602360
315,8,2421.602360
315,8,2421.602360
315,8,2421.602360
315,8,2421.602360
315,8,2421.602360
315,8,2421.602360
315,8,2421.602360
315,9,2289.892054
315,9,2289.892054
315,9,2289.892054
315,9,2289.892054
315,9,2289.892054
315,9,2289.892054
315,9,2289.892054
315,9,2289.892054
315,9,2289.892054
315,9,2289.892054
315,9,2289.892054
315,9,2289.892054
315,9,2289.892054
315,9,2289.892054
315,9,2289.892054
315,9,2289.892054
315,9,2289.892054
315,9,2289.892054
315,9,2289.892054
315,9,2289.892054
315,9,2289.892054
315,9,2289.892054
315,9,2289.892054
315,9,2289.892054
315,9,2289.892054
315,9,2289.892054
315,9,2289.892054
315,9,2289.892054
315,9,2289.892054
315,9,2289.892054
315,9,2289.892054
315,9,2289.892054
315,9,2289.892054
315,9,2289.892054
315,9,2289.892054
315,10,2237.633075
315,10,2237.633075
315,10,2237.633075
315,10,2237.633075
315,10,2237.633075
315,10,2237.633075
315,10,2237.633075
315,10,2237.633075
315,10,2237.633075
315,10,2237.633075
315,10,2237.633075
315,10,2237.633075
315,10,2237.633075
315,10,2237.633075
315,10,2237.633075
315,10,2237.633075
315,10,2237.633075
315,10,2237.633075
315,10,2237.633075
315,12,2237.383282
315,12,2237.383282
315,12,2237.383282
315,12,2237.383282
315,12,2237.383282
315,12,2237.383282
315,12,2237.383282
315,12,2237.383282
315,12,2237.383282
315,12,2237.383282
315,12,2237.383282
315,12,2237.383282
316,6,3298.793086
316,6,3298.793086
316,6,3298.793086
316,6,3298.793086
316,6,3298.793086
316,6,3298.793086
316,7,2593.637974
316,7,2593.637974
316,7,2593.637974
316,7,2593.637974
316,7,2593.637974
316,7,2593.637974
316,7,2593.637974
316,7,2593.637974
316,7,2593.637974
316,7,2593.637974
316,7,2593.637974
316,8,2421.602360
316,8,2421.602360
316,8,2421.602360
316,8,2421.602360
316,8,2421.602360
316,8,2421.602360
316,8,2421.602360
316,8,2421.602360
316,8,2421.602360
316,8,2421.602360
316,9,2288.550431
316,10,2237.633075
316,10,2237.633075
316,10,2237.633075
316,10,2237.633075
316,10,2237.633075
316,10,2237.633075
316,10,2237.633075
316,10,2237.633075
316,10,2237.633075
316,10,2237.633075
316,10,2237.633075
316,10,2237.633075
316,10,2237.633075
316,10,2237.633075
316,10,2237.633075
316,10,2237.633075
316,10,2237.633075
316,10,2237.633075
316,10,2237.633075
316,10,2237.633075
316,10,2237.633075
316,11,2234.869395
317,6,3298.793086
317,6,3298.793086
317,6,3298.793086
317,6,3298.793086
317,6,3298.793086
317,6,3298.793086
317,6,3298.793086
317,7,2593.637974
317,7,2593.637974
317,7,2593.637974
317,7,2593.637974
317,7,2593.637974
317,7,2593.637974
317,7,2593.637974
317,7,2593.637974
317,7,2593.637974
317,7,2593.637974
317,7,2593.637974
317,7,2593.637974
317,7,2593.637974
317,8,2421.602360
317,8,2421.602360
317,8,2421.602360
317,8,2421.602360
317,8,2421.602360
317,8,2421.602360
317,8,2421.602360
317,8,2421.602360
317,8,2421.602360
317,8,2421.602360
317,8,2421.602360
317,9,2288.550431
317,9,2288.550431
317,10,2237.633075
317,10,2237.633075
317,10,2237.633075
317,10,2237.633075
317,10,2237.633075
317,10,2237.633075
317,10,2237.633075
317,10,2237.633075
317,10,2237.633075
317,10,2237.633075
317,10,2237.633075
317,10,2237.633075
317,10,2237.633075
317,10,2237.633075
317,10,2237.633075
317,10,2237.633075
317,10,2237.633075
317,10,2237.633075
317,10,2237.633075
317,10,2237.633075
317,10,2237.633075
317,10,2237.633075
317,10,2237.633075
317,11,2234.869395
317,11,2234.869395
318,6,3298.793086
318,6,3298.793086
318,6,3298.793086
318,6,3298.793086
318,6,3298.793086
318,6,3298.793086
318,6,3298.793086
318,6,3298.793086
318,7,2593.637974
318,7,2593.637974
318,7,2593.637974
318,7,2593.637974
318,7,2593.637974
318,7,2593.637974
318,7,2593.637974
318,7,2593.637974
318,7,2593.637974
318,7,2593.637974
318,7,2593.637974
318,7,2593.637974
318,7,2593.637974
318,7,2593.637974
318,7,2593.637974
318,8,2421.602360
318,8,2421.602360
318,8,2421.602360
318,8,2421.602360
318,8,2421.602360
318,8,2421.602360
318,8,2421.602360
318,8,2421.602360
318,8,2421.602360
318,8,2421.602360
318,8,2421.602360
318,8,2421.602360
318,9,2288.550431
318,9,2288.550431
318,9,2288.550431
318,10,2237.633075
318,10,2237.633075
318,10,2237.633075
318,10,2237.633075
318,10,2237.633075
318,10,2237.633075
318,10,2237.633075
318,10,2237.633075
318,10,2237.633075
318,10,2237.633075
318,10,2237.633075
318,10,2237.633075
318,10,2237.633075
318,10,2237.633075
318,10,2237.633075
318,10,2237.633075
318,10,2237.633075
318,10,2237.633075
318,10,2237.633075
318,10,2237.633075
318,10,2237.633075
318,10,2237.633075
318,10,2237.633075
318,10,2237.633075
318,10,2237.633075
318,11,2234.869395
318,11,2234.869395
318,11,2234.869395
319,6,3298.793086
319,6,3298.793086
319,6,3298.793086
319,6,3298.793086
319,6,3298.793086
319,6,3298.793086
319,6,3298.793086
319,6,3298.793086
319,6,3298.793086
319,7,2593.637974
319,7,2593.637974
319,7,2593.637974
319,7,2593.637974
319,7,2593.637974
319,7,2593.637974
319,7,2593.637974
319,7,2593.637974
319,7,2593.637974
319,7,2593.637974
319,7,2593.637974
319,7,2593.637974
319,7,2593.637974
319,7,2593.637974
319,7,2593.637974
319,7,2593.637974
319,7,2593.637974
319,8,2402.156505
319,9,2288.550431
319,9,2288.550431
319,9,2288.550431
319,9,2288.550431
319,10,2237.633075
319,10,2237.633075
319,10,2237.633075
319,10,2237.633075
319,10,2237.633075
319,10,2237.633075
319,10,2237.633075
319,10,2237.633075
319,10,2237.633075
319,10,2237.633075
319,10,2237.633075
319,10,2237.633075
319,10,2237.633075
319,10,2237.633075
319,10,2237.633075
319,10,2237.633075
319,10,2237.633075
319,10,2237.633075
319,10,2237.633075
319,10,2237.633075
319,10,2237.633075
319,10,2237.633075
319,10,2237.633075
319,10,2237.633075
319,10,2237.633075
319,10,2237.633075
319,10,2237.633075
319,11,2234.869395
319,11,2234.869395
319,11,2234.869395
319,11,2234.869395
320,6,3293.906175
320,7,2593.637974
320,7,2593.637974
320,7,2593.637974
320,7,2593.637974
320,7,2593.637974
320,7,2593.637974
320,7,2593.637974
320,7,2593.637974
320,7,2593.637974
320,7,2593.637974
320,7,2593.637974
320,7,2593.637974
320,7,2593.637974
320,7,2593.637974
320,7,2593.637974
320,7,2593.637974
320,7,2593.637974
320,7,2593.637974
320,7,2593.637974
320,8,2402.156505
320,8,2402.156505
320,9,2288.550431
320,9,2288.550431
320,9,2288.550431
320,9,2288.550431
320,9,2288.550431
320,10,2237.633075
320,10,2237.633075
320,10,2237.633075
320,10,2237.633075
320,10,2237.633075
320,10,2237.633075
320,10,2237.633075
320,10,2237.633075
320,10,2237.633075
320,10,2237.633075
320,10,2237.633075
320,10,2237.633075
320,10,2237.633075
320,10,2237.633075
320,10,2237.633075
320,10,2237.633075
320,10,2237.633075
320,10,2237.633075
320,10,2237.633075
320,10,2237.633075
320,10,2237.633075
320,10,2237.633075
320,10,2237.633075
320,10,2237.633075
320,10,2237.633075
320,10,2237.633075
320,10,2237.633075
320,10,2237.633075
320,10,2237.633075
320,11,2234.869395
320,11,2234.869395
320,11,2234.869395
320,11,2234.869395
320,11,2234.869395
321,6,3293.906175
321,6,3293.906175
321,7,2593.637974
321,7,2593.637974
321,7,2593.637974
321,7,2593.637974
321,7,2593.637974
321,7,2593.637974
321,7,2593.637974
321,7,2593.637974
321,7,2593.637974
321,7,2593.637974
321,7,2593.637974
321,7,2593.637974
321,7,2593.637974
321,7,2593.637974
321,7,2593.637974
321,7,2593.637974
321,7,2593.637974
321,7,2593.637974
321,7,2593.637974
321,7,2593.637974
321,7,2593.637974
321,8,2399.702034
321,9,2288.550431
321,9,2288.550431
321,9,2288.550431
321,9,2288.550431
321,9,2288.550431
321,9,2288.550431
321,10,2237.633075
321,10,2237.633075
321,10,2237.633075
321,10,2237.633075
321,10,2237.633075
321,10,2237.633075
321,10,2237.633075
321,10,2237.633075
321,10,2237.633075
321,10,2237.633075
321,10,2237.633075
321,10,2237.633075
321,10,2237.633075
321,10,2237.633075
321,10,2237.633075
321,10,2237.633075
321,10,2237.633075
321,10,2237.633075
321,10,2237.633075
321,10,2237.633075
321,10,2237.633075
321,10,2237.633075
321,10,2237.633075
321,10,2237.633075
321,10,2237.633075
321,10,2237.633075
321,10,2237.633075
321,10,2237.633075
321,10,2237.633075
321,10,2237.633075
321,10,2237.633075
321,11,2234.869395
321,11,2234.869395
321,11,2234.869395
321,11,2234.869395
321,11,2234.869395
321,11,2234.869395
322,6,3293.906175
322,6,3293.906175
322,6,3293.906175
322,7,2593.637974
322,7,2593.637974
322,7,2593.637974
322,7,2593.637974
322,7,2593.637974
322,7,2593.637974
322,7,2593.637974
322,7,2593.637974
322,7,2593.637974
322,7,2593.637974
322,7,2593.637974
322,7,2593.637974
322,7,2593.637974
322,7,2593.637974
322,7,2593.637974
322,7,2593.637974
322,7,2593.637974
322,7,2593.637974
322,7,2593.637974
322,7,2593.637974
322,7,2593.637974
322,7,2593.637974
322,7,2593.637974
322,8,2399.702034
322,8,2399.702034
322,9,2288.550431
322,9,2288.550431
322,9,2288.550431
322,9,2288.550431
322,9,2288.550431
322,9,2288.550431
322,9,2288.550431
322,10,2237.633075
322,10,2237.633075
322,10,2237.633075
322,10,2237.633075
322,10,2237.633075
322,10,2237.633075
322,10,2237.633075
322,10,2237.633075
322,10,2237.633075
322,10,2237.633075
322,10,2237.633075
322,10,2237.633075
322,10,2237.633075
322,10,2237.633075
322,10,2237.633075
322,10,2237.633075
322,10,2237.633075
322,10,2237.633075
322,10,2237.633075
322,10,2237.633075
322,10,2237.633075
322,10,2237.633075
322,10,2237.633075
322,10,2237.633075
322,10,2237.633075
322,10,2237.633075
322,10,2237.633075
322,10,2237.633075
322,10,2237.633075
322,10,2237.633075
322,10,2237.633075
322,10,2237.633075
322,10,2237.633075
322,11,2234.869395
322,11,2234.869395
322,11,2234.869395
322,11,2234.869395
322,11,2234.869395
322,11,2234.869395
322,11,2234.869395
322,12,2229.177378
323,6,3293.906175
323,6,3293.906175
323,6,3293.906175
323,6,3293.906175
323,7,2593.637974
323,7,2593.637974
323,7,2593.637974
323,7,2593.637974
323,7,2593.637974
323,7,2593.637974
323,7,2593.637974
323,7,2593.637974
323,7,2593.637974
323,7,2593.637974
323,7,2593.637974
323,7,2593.637974
323,7,2593.637974
323,7,2593.637974
323,7,2593.637974
323,7,2593.637974
323,7,2593.637974
323,7,2593.637974
323,7,2593.637974
323,7,2593.637974
323,7,2593.637974
323,7,2593.637974
323,7,2593.637974
323,7,2593.637974
323,7,2593.637974
323,7,2593.637974
323,8,2399.702034
323,8,2399.702034
323,8,2399.702034
323,9,2288.550431
323,9,2288.550431
323,9,2288.550431
323,9,2288.550431
323,9,2288.550431
323,9,2288.550431
323,9,2288.550431
323,9,2288.550431
323,10,2237.633075
323,10,2237.633075
323,10,2237.633075
323,10,2237.633075
323,10,2237.633075
323,10,2237.633075
323,10,2237.633075
323,10,2237.633075
323,10,2237.633075
323,10,2237.633075
323,10,2237.633075
323,10,2237.633075
323,10,2237.633075
323,10,2237.633075
323,10,2237.633075
323,10,2237.633075
323,10,2237.633075
323,10,2237.633075
323,10,2237.633075
323,10,2237.633075
323,10,2237.633075
323,10,2237.633075
323,10,2237.633075
323,10,2237.633075
323,10,2237.633075
323,10,2237.633075
323,10,2237.633075
323,10,2237.633075
323,10,2237.633075
323,10,2237.633075
323,10,2237.633075
323,10,2237.633075
323,10,2237.633075
323,10,2237.633075
323,10,2237.633075
323,11,2234.869395
323,11,2234.869395
323,11,2234.869395
323,11,2234.869395
323,11,2234.869395
323,11,2234.869395
323,11,2234.869395
323,11,2234.869395
323,12,2229.177378
323,12,2229.177378
324,6,3293.906175
324,6,3293.906175
324,6,3293.906175
324,6,3293.906175
324,6,3293.906175
324,7,2593.637974
324,7,2593.637974
324,7,2593.637974
324,7,2593.637974
324,7,2593.637974
324,7,2593.637974
324,7,2593.637974
324,7,2593.637974
324,7,2593.637974
324,7,2593.637974
324,7,2593.637974
324,7,2593.637974
324,7,2593.637974
324,7,2593.637974
324,7,2593.637974
324,7,2593.637974
324,7,2593.637974
324,7,2593.637974
324,7,2593.637974
324,7,2593.637974
324,7,2593.637974
324,7,2593.637974
324,7,2593.637974
324,7,2593.637974
324,7,2593.637974
324,7,2593.637974
324,7,2593.637974
324,7,2593.637974
324,7,2593.637974
324,8,2399.702034
324,8,2399.702034
324,8,2399.702034
324,8,2399.702034
324,9,2288.550431
324,9,2288.550431
324,9,2288.550431
324,9,2288.550431
324,9,2288.550431
324,9,2288.550431
324,9,2288.550431
324,9,2288.550431
324,9,2288.550431
324,10,2237.633075
324,10,2237.633075
324,10,2237.633075
324,10,2237.633075
324,10,2237.633075
324,10,2237.633075
324,10,2237.633075
324,10,2237.633075
324,10,2237.633075
324,10,2237.633075
324,10,2237.633075
324,10,2237.633075
324,10,2237.633075
324,10,2237.633075
324,10,2237.633075
324,10,2237.633075
324,10,2237.633075
324,10,2237.633075
324,10,2237.633075
324,10,2237.633075
324,10,2237.633075
324,10,2237.633075
324,10,2237.633075
324,10,2237.633075
324,10,2237.633075
324,10,2237.633075
324,10,2237.633075
324,10,2237.633075
324,10,2237.633075
324,10,2237.633075
324,10,2237.633075
324,10,2237.633075
324,10,2237.633075
324,10,2237.633075
324,10,2237.633075
324,10,2237.633075
324,10,2237.633075
324,11,2234.869395
324,11,2234.869395
324,11,2234.869395
324,11,2234.869395
324,11,2234.869395
324,11,2234.869395
324,11,2234.869395
324,11,2234.869395
324,11,2234.869395
324,12,2229.177378
324,12,2229.177378
324,12,2229.177378
325,6,3282.116595
325,7,2522.757043
325,8,2399.702034
325,8,2399.702034
325,8,2399.702034
325,8,2399.702034
325,8,2399.702034
325,9,2288.550431
325,9,2288.550431
325,9,2288.550431
325,9,2288.550431
325,9,2288.550431
325,9,2288.550431
325,9,2288.550431
325,9,2288.550431
325,9,2288.550431
325,9,2288.550431
325,10,2231.989647
325,12,2229.177378
325,12,2229.177378
325,12,2229.177378
325,12,2229.177378
326,6,3282.116595
326,6,3282.116595
326,7,2522.757043
326,7,2522.757043
326,7,2522.757043
326,8,2399.702034
326,8,2399.702034
326,8,2399.702034
326,8,2399.702034
326,8,2399.702034
326,8,2399.702034
326,9,2288.550431
326,9,2288.550431
326,9,2288.550431
326,9,2288.550431
326,9,2288.550431
326,9,2288.550431
326,9,2288.550431
326,9,2288.550431
326,9,2288.550431
326,9,2288.550431
326,9,2288.550431
326,10,2231.989647
326,10,2231.989647
326,12,2229.177378
326,12,2229.177378
326,12,2229.177378
326,12,2229.177378
326,12,2229.177378
327,6,3282.116595
327,6,3282.116595
327,6,3282.116595
327,7,2522.757043
327,7,2522.757043
327,7,2522.757043
327,7,2522.757043
327,7,2522.757043
327,8,2399.702034
327,8,2399.702034
327,8,2399.702034
327,8,2399.702034
327,8,2399.702034
327,8,2399.702034
327,8,2399.702034
327,9,2288.550431
327,9,2288.550431
327,9,2288.550431
327,9,2288.550431
327,9,2288.550431
327,9,2288.550431
327,9,2288.550431
327,9,2288.550431
327,9,2288.550431
327,9,2288.550431
327,9,2288.550431
327,9,2288.550431
327,10,2231.989647
327,10,2231.989647
327,10,2231.989647
327,12,2229.177378
327,12,2229.177378
327,12,2229.177378
327,12,2229.177378
327,12,2229.177378
327,12,2229.177378
328,6,3282.116595
328,6,3282.116595
328,6,3282.116595
328,6,3282.116595
328,7,2522.757043
328,7,2522.757043
328,7,2522.757043
328,7,2522.757043
328,7,2522.757043
328,7,2522.757043
328,7,2522.757043
328,8,2399.702034
328,8,2399.702034
328,8,2399.702034
328,8,2399.702034
328,8,2399.702034
328,8,2399.702034
328,8,2399.702034
328,8,2399.702034
328,9,2288.550431
328,9,2288.550431
328,9,2288.550431
328,9,2288.550431
328,9,2288.550431
328,9,2288.550431
328,9,2288.550431
328,9,2288.550431
328,9,2288.550431
328,9,2288.550431
328,9,2288.550431
328,9,2288.550431
328,9,2288.550431
328,10,2231.989647
328,10,2231.989647
328,10,2231.989647
328,10,2231.989647
328,12,2229.177378
328,12,2229.177378
328,12,2229.177378
328,12,2229.177378
328,12,2229.177378
328,12,2229.177378
328,12,2229.177378
329,6,3282.116595
329,6,3282.116595
329,6,3282.116595
329,6,3282.116595
329,6,3282.116595
329,7,2506.702730
329,8,2399.702034
329,8,2399.702034
329,8,2399.702034
329,8,2399.702034
329,8,2399.702034
329,8,2399.702034
329,8,2399.702034
329,8,2399.702034
329,8,2399.702034
329,9,2288.550431
329,9,2288.550431
329,9,2288.550431
329,9,2288.550431
329,9,2288.550431
329,9,2288.550431
329,9,2288.550431
329,9,2288.550431
329,9,2288.550431
329,9,2288.550431
329,9,2288.550431
329,9,2288.550431
329,9,2288.550431
329,9,2288.550431
329,10,2231.989647
329,10,2231.989647
329,10,2231.989647
329,10,2231.989647
329,10,2231.989647
329,10,2231.989647
329,12,2229.177378
329,12,2229.177378
329,12,2229.177378
329,12,2229.177378
329,12,2229.177378
329,12,2229.177378
329,12,2229.177378
329,12,2229.177378
330,6,3282.116595
330,6,3282.116595
330,6,3282.116595
330,6,3282.116595
330,6,3282.116595
330,6,3282.116595
330,7,2506.702730
330,7,2506.702730
330,8,2399.702034
330,8,2399.702034
330,8,2399.702034
330,8,2399.702034
330,8,2399.702034
330,8,2399.702034
330,8,2399.702034
330,8,2399.702034
330,8,2399.702034
330,8,2399.702034
330,9,2288.550431
330,9,2288.550431
330,9,2288.550431
330,9,2288.550431
330,9,2288.550431
330,9,2288.550431
330,9,2288.550431
330,9,2288.550431
330,9,2288.550431
330,9,2288.550431
330,9,2288.550431
330,9,2288.550431
330,9,2288.550431
330,9,2288.550431
330,9,2288.550431
330,10,2231.989647
330,10,2231.989647
330,10,2231.989647
330,10,2231.989647
330,10,2231.989647
330,10,2231.989647
330,10,2231.989647
330,10,2231.989647
330,12,2229.177378
330,12,2229.177378
330,12,2229.177378
330,12,2229.177378
330,12,2229.177378
330,12,2229.177378
330,12,2229.177378
330,12,2229.177378
330,12,2229.177378
331,6,3282.116595
331,6,3282.116595
331,6,3282.116595
331,6,3282.116595
331,6,3282.116595
331,6,3282.116595
331,6,3282.116595
331,7,2506.702730
331,7,2506.702730
331,7,2506.702730
331,8,2399.702034
331,8,2399.702034
331,8,2399.702034
331,8,2399.702034
331,8,2399.702034
331,8,2399.702034
331,8,2399.702034
331,8,2399.702034
331,8,2399.702034
331,8,2399.702034
331,8,2399.702034
331,9,2288.550431
331,9,2288.550431
331,9,2288.550431
331,9,2288.550431
331,9,2288.550431
331,9,2288.550431
331,9,2288.550431
331,9,2288.550431
331,9,2288.550431
331,9,2288.550431
331,9,2288.550431
331,9,2288.550431
331,9,2288.550431
331,9,2288.550431
331,9,2288.550431
331,9,2288.550431
331,10,2231.989647
331,10,2231.989647
331,10,2231.989647
331,10,2231.989647
331,10,2231.989647
331,10,2231.989647
331,10,2231.989647
331,10,2231.989647
331,10,2231.989647
331,10,2231.989647
331,12,2229.177378
331,12,2229.177378
331,12,2229.177378
331,12,2229.177378
331,12,2229.177378
331,12,2229.177378
331,12,2229.177378
331,12,2229.177378
331,12,2229.177378
331,12,2229.177378
332,6,3282.116595
332,6,3282.116595
332,6,3282.116595
332,6,3282.116595
332,6,3282.116595
332,6,3282.116595
332,6,3282.116595
332,6,3282.116595
332,7,2506.702730
332,7,2506.702730
332,7,2506.702730
332,7,2506.702730
332,8,2399.702034
332,8,2399.702034
332,8,2399.702034
332,8,2399.702034
332,8,2399.702034
332,8,2399.702034
332,8,2399.702034
332,8,2399.702034
332,8,2399.702034
332,8,2399.702034
332,8,2399.702034
332,8,2399.702034
332,9,2288.550431
332,9,2288.550431
332,9,2288.550431
332,9,2288.550431
332,9,2288.550431
332,9,2288.550431
332,9,2288.550431
332,9,2288.550431
332,9,2288.550431
332,9,2288.550431
332,9,2288.550431
332,9,2288.550431
332,9,2288.550431
332,9,2288.550431
332,9,2288.550431
332,9,2288.550431
332,9,2288.550431
332,10,2231.989647
332,10,2231.989647
332,10,2231.989647
332,10,2231.989647
332,10,2231.989647
332,10,2231.989647
332,10,2231.989647
332,10,2231.989647
332,10,2231.989647
332,10,2231.989647
332,10,2231.989647
332,10,2231.989647
332,12,2229.177378
332,12,2229.177378
332,12,2229.177378
332,12,2229.177378
332,12,2229.177378
332,12,2229.177378
332,12,2229.177378
332,12,2229.177378
332,12,2229.177378
332,12,2229.177378
332,12,2229.177378
