Iteration,NV,TOC
1,16,3192.972286
1,17,3082.648404
1,20,2974.742704
1,21,2969.729978
1,25,2966.687759
2,16,3192.972286
2,16,3192.972286
2,17,3082.648404
2,17,3082.648404
2,20,2974.742704
2,20,2974.742704
2,21,2969.729978
2,21,2969.729978
2,23,2968.168420
2,25,2966.687759
2,25,2966.687759
3,16,3192.972286
3,16,3192.972286
3,16,3192.972286
3,17,3082.648404
3,17,3082.648404
3,17,3082.648404
3,20,2974.742704
3,20,2974.742704
3,20,2974.742704
3,21,2969.729978
3,21,2969.729978
3,21,2969.729978
3,23,2968.168420
3,23,2968.168420
3,25,2966.687759
3,25,2966.687759
3,25,2966.687759
3,27,2892.410378
4,16,3182.309578
4,17,3082.648404
4,17,3082.648404
4,17,3082.648404
4,17,3082.648404
4,20,2974.742704
4,20,2974.742704
4,20,2974.742704
4,20,2974.742704
4,21,2969.729978
4,21,2969.729978
4,21,2969.729978
4,21,2969.729978
4,23,2968.168420
4,23,2968.168420
4,23,2968.168420
4,25,2966.687759
4,25,2966.687759
4,25,2966.687759
4,25,2966.687759
4,27,2892.410378
4,27,2892.410378
5,15,3306.939080
5,16,3182.309578
5,16,3182.309578
5,17,3082.648404
5,17,3082.648404
5,17,3082.648404
5,17,3082.648404
5,17,3082.648404
5,20,2974.742704
5,20,2974.742704
5,20,2974.742704
5,20,2974.742704
5,20,2974.742704
5,21,2969.729978
5,21,2969.729978
5,21,2969.729978
5,21,2969.729978
5,21,2969.729978
5,22,2874.875262
6,15,3306.939080
6,15,3306.939080
6,16,3182.309578
6,16,3182.309578
6,16,3182.309578
6,17,3082.648404
6,17,3082.648404
6,17,3082.648404
6,17,3082.648404
6,17,3082.648404
6,17,3082.648404
6,19,2982.236252
6,20,2974.742704
6,20,2974.742704
6,20,2974.742704
6,20,2974.742704
6,20,2974.742704
6,20,2974.742704
6,21,2969.729978
6,21,2969.729978
6,21,2969.729978
6,21,2969.729978
6,21,2969.729978
6,21,2969.729978
6,22,2874.875262
6,22,2874.875262
7,15,3306.939080
7,15,3306.939080
7,15,3306.939080
7,16,3182.309578
7,16,3182.309578
7,16,3182.309578
7,16,3182.309578
7,17,3082.648404
7,17,3082.648404
7,17,3082.648404
7,17,3082.648404
7,17,3082.648404
7,17,3082.648404
7,17,3082.648404
7,19,2982.236252
7,19,2982.236252
7,20,2974.742704
7,20,2974.742704
7,20,2974.742704
7,20,2974.742704
7,20,2974.742704
7,20,2974.742704
7,20,2974.742704
7,21,2954.550276
7,22,2874.875262
7,22,2874.875262
7,22,2874.875262
7,25,2863.689835
8,15,3306.939080
8,15,3306.939080
8,15,3306.939080
8,15,3306.939080
8,16,3182.309578
8,16,3182.309578
8,16,3182.309578
8,16,3182.309578
8,16,3182.309578
8,17,3082.648404
8,17,3082.648404
8,17,3082.648404
8,17,3082.648404
8,17,3082.648404
8,17,3082.648404
8,17,3082.648404
8,17,3082.648404
8,19,2982.236252
8,19,2982.236252
8,19,2982.236252
8,20,2974.742704
8,20,2974.742704
8,20,2974.742704
8,20,2974.742704
8,20,2974.742704
8,20,2974.742704
8,20,2974.742704
8,20,2974.742704
8,21,2954.550276
8,21,2954.550276
8,22,2874.875262
8,22,2874.875262
8,22,2874.875262
8,22,2874.875262
8,23,2851.057265
9,15,3306.939080
9,15,3306.939080
9,15,3306.939080
9,15,3306.939080
9,15,3306.939080
9,16,3182.309578
9,16,3182.309578
9,16,3182.309578
9,16,3182.309578
9,16,3182.309578
9,16,3182.309578
9,17,3082.648404
9,17,3082.648404
9,17,3082.648404
9,17,3082.648404
9,17,3082.648404
9,17,3082.648404
9,17,3082.648404
9,17,3082.648404
9,17,3082.648404
9,19,2978.772887
9,20,2913.952098
9,21,2894.087812
9,22,2874.875262
9,22,2874.875262
9,22,2874.875262
9,22,2874.875262
9,22,2874.875262
9,23,2851.057265
9,23,2851.057265
10,15,3306.939080
10,15,3306.939080
10,15,3306.939080
10,15,3306.939080
10,15,3306.939080
10,15,3306.939080
10,16,3182.309578
10,16,3182.309578
10,16,3182.309578
10,16,3182.309578
10,16,3182.309578
10,16,3182.309578
10,16,3182.309578
10,17,3082.648404
10,17,3082.648404
10,17,3082.648404
10,17,3082.648404
10,17,3082.648404
10,17,3082.648404
10,17,3082.648404
10,17,3082.648404
10,17,3082.648404
10,17,3082.648404
10,19,2978.772887
10,19,2978.772887
10,20,2913.952098
10,20,2913.952098
10,21,2894.087812
10,21,2894.087812
10,22,2874.875262
10,22,2874.875262
10,22,2874.875262
10,22,2874.875262
10,22,2874.875262
10,22,2874.875262
10,23,2851.057265
10,23,2851.057265
10,23,2851.057265
11,15,3306.939080
11,15,3306.939080
11,15,3306.939080
11,15,3306.939080
11,15,3306.939080
11,15,3306.939080
11,15,3306.939080
11,16,3182.309578
11,16,3182.309578
11,16,3182.309578
11,16,3182.309578
11,16,3182.309578
11,16,3182.309578
11,16,3182.309578
11,16,3182.309578
11,17,3082.648404
11,17,3082.648404
11,17,3082.648404
11,17,3082.648404
11,17,3082.648404
11,17,3082.648404
11,17,3082.648404
11,17,3082.648404
11,17,3082.648404
11,17,3082.648404
11,17,3082.648404
11,19,2978.772887
11,19,2978.772887
11,19,2978.772887
11,20,2913.952098
11,20,2913.952098
11,20,2913.952098
11,21,2894.087812
11,21,2894.087812
11,21,2894.087812
11,22,2874.875262
11,22,2874.875262
11,22,2874.875262
11,22,2874.875262
11,22,2874.875262
11,22,2874.875262
11,22,2874.875262
11,23,2851.057265
11,23,2851.057265
11,23,2851.057265
11,23,2851.057265
12,15,3306.939080
12,15,3306.939080
12,15,3306.939080
12,15,3306.939080
12,15,3306.939080
12,15,3306.939080
12,15,3306.939080
12,15,3306.939080
12,16,3182.309578
12,16,3182.309578
12,16,3182.309578
12,16,3182.309578
12,16,3182.309578
12,16,3182.309578
12,16,3182.309578
12,16,3182.309578
12,16,3182.309578
12,17,3082.648404
12,17,3082.648404
12,17,3082.648404
12,17,3082.648404
12,17,3082.648404
12,17,3082.648404
12,17,3082.648404
12,17,3082.648404
12,17,3082.648404
12,17,3082.648404
12,17,3082.648404
12,17,3082.648404
12,19,2899.240740
12,21,2894.087812
12,21,2894.087812
12,21,2894.087812
12,21,2894.087812
12,22,2874.875262
12,22,2874.875262
12,22,2874.875262
12,22,2874.875262
12,22,2874.875262
12,22,2874.875262
12,22,2874.875262
12,22,2874.875262
12,23,2851.057265
12,23,2851.057265
12,23,2851.057265
12,23,2851.057265
12,23,2851.057265
12,25,2838.696823
13,15,3306.939080
13,15,3306.939080
13,15,3306.939080
13,15,3306.939080
13,15,3306.939080
13,15,3306.939080
13,15,3306.939080
13,15,3306.939080
13,15,3306.939080
13,16,3182.309578
13,16,3182.309578
13,16,3182.309578
13,16,3182.309578
13,16,3182.309578
13,16,3182.309578
13,16,3182.309578
13,16,3182.309578
13,16,3182.309578
13,16,3182.309578
13,17,3082.648404
13,17,3082.648404
13,17,3082.648404
13,17,3082.648404
13,17,3082.648404
13,17,3082.648404
13,17,3082.648404
13,17,3082.648404
13,17,3082.648404
13,17,3082.648404
13,17,3082.648404
13,17,3082.648404
13,17,3082.648404
13,18,3041.633403
13,19,2899.240740
13,19,2899.240740
13,21,2894.087812
13,21,2894.087812
13,21,2894.087812
13,21,2894.087812
13,21,2894.087812
13,22,2857.662592
13,23,2824.140200
14,15,3306.939080
14,15,3306.939080
14,15,3306.939080
14,15,3306.939080
14,15,3306.939080
14,15,3306.939080
14,15,3306.939080
14,15,3306.939080
14,15,3306.939080
14,15,3306.939080
14,16,3182.309578
14,16,3182.309578
14,16,3182.309578
14,16,3182.309578
14,16,3182.309578
14,16,3182.309578
14,16,3182.309578
14,16,3182.309578
14,16,3182.309578
14,16,3182.309578
14,16,3182.309578
14,17,3082.648404
14,17,3082.648404
14,17,3082.648404
14,17,3082.648404
14,17,3082.648404
14,17,3082.648404
14,17,3082.648404
14,17,3082.648404
14,17,3082.648404
14,17,3082.648404
14,17,3082.648404
14,17,3082.648404
14,17,3082.648404
14,17,3082.648404
14,18,3041.633403
14,18,3041.633403
14,19,2899.240740
14,19,2899.240740
14,19,2899.240740
14,20,2867.852663
14,22,2857.662592
14,22,2857.662592
14,23,2824.140200
14,23,2824.140200
15,15,3306.939080
15,15,3306.939080
15,15,3306.939080
15,15,3306.939080
15,15,3306.939080
15,15,3306.939080
15,15,3306.939080
15,15,3306.939080
15,15,3306.939080
15,15,3306.939080
15,15,3306.939080
15,16,3163.994744
15,17,3082.648404
15,17,3082.648404
15,17,3082.648404
15,17,3082.648404
15,17,3082.648404
15,17,3082.648404
15,17,3082.648404
15,17,3082.648404
15,17,3082.648404
15,17,3082.648404
15,17,3082.648404
15,17,3082.648404
15,17,3082.648404
15,17,3082.648404
15,17,3082.648404
15,18,3041.633403
15,18,3041.633403
15,18,3041.633403
15,19,2899.240740
15,19,2899.240740
15,19,2899.240740
15,19,2899.240740
15,20,2865.478572
15,22,2857.662592
15,22,2857.662592
15,22,2857.662592
15,23,2824.140200
15,23,2824.140200
15,23,2824.140200
16,15,3306.939080
16,15,3306.939080
16,15,3306.939080
16,15,3306.939080
16,15,3306.939080
16,15,3306.939080
16,15,3306.939080
16,15,3306.939080
16,15,3306.939080
16,15,3306.939080
16,15,3306.939080
16,15,3306.939080
16,16,3163.994744
16,16,3163.994744
16,17,3082.648404
16,17,3082.648404
16,17,3082.648404
16,17,3082.648404
16,17,3082.648404
16,17,3082.648404
16,17,3082.648404
16,17,3082.648404
16,17,3082.648404
16,17,3082.648404
16,17,3082.648404
16,17,3082.648404
16,17,3082.648404
16,17,3082.648404
16,17,3082.648404
16,17,3082.648404
16,18,3041.633403
16,18,3041.633403
16,18,3041.633403
16,18,3041.633403
16,19,2899.240740
16,19,2899.240740
16,19,2899.240740
16,19,2899.240740
16,19,2899.240740
16,20,2865.478572
16,20,2865.478572
16,22,2857.662592
16,22,2857.662592
16,22,2857.662592
16,22,2857.662592
16,23,2824.140200
16,23,2824.140200
16,23,2824.140200
16,23,2824.140200
17,15,3306.939080
17,15,3306.939080
17,15,3306.939080
17,15,3306.939080
17,15,3306.939080
17,15,3306.939080
17,15,3306.939080
17,15,3306.939080
17,15,3306.939080
17,15,3306.939080
17,15,3306.939080
17,15,3306.939080
17,15,3306.939080
17,16,3122.713268
17,17,3082.648404
17,17,3082.648404
17,17,3082.648404
17,17,3082.648404
17,17,3082.648404
17,17,3082.648404
17,17,3082.648404
17,17,3082.648404
17,17,3082.648404
17,17,3082.648404
17,17,3082.648404
17,17,3082.648404
17,17,3082.648404
17,17,3082.648404
17,17,3082.648404
17,17,3082.648404
17,17,3082.648404
17,18,3041.633403
17,18,3041.633403
17,18,3041.633403
17,18,3041.633403
17,18,3041.633403
17,19,2899.240740
17,19,2899.240740
17,19,2899.240740
17,19,2899.240740
17,19,2899.240740
17,19,2899.240740
17,20,2865.478572
17,20,2865.478572
17,20,2865.478572
17,22,2857.662592
17,22,2857.662592
17,22,2857.662592
17,22,2857.662592
17,22,2857.662592
17,23,2824.140200
17,23,2824.140200
17,23,2824.140200
17,23,2824.140200
17,23,2824.140200
18,15,3306.939080
18,15,3306.939080
18,15,3306.939080
18,15,3306.939080
18,15,3306.939080
18,15,3306.939080
18,15,3306.939080
18,15,3306.939080
18,15,3306.939080
18,15,3306.939080
18,15,3306.939080
18,15,3306.939080
18,15,3306.939080
18,15,3306.939080
18,16,3122.713268
18,16,3122.713268
18,17,3071.531357
18,18,3041.633403
18,18,3041.633403
18,18,3041.633403
18,18,3041.633403
18,18,3041.633403
18,18,3041.633403
18,19,2899.240740
18,19,2899.240740
18,19,2899.240740
18,19,2899.240740
18,19,2899.240740
18,19,2899.240740
18,19,2899.240740
18,20,2865.478572
18,20,2865.478572
18,20,2865.478572
18,20,2865.478572
18,22,2855.074899
18,23,2824.140200
18,23,2824.140200
18,23,2824.140200
18,23,2824.140200
18,23,2824.140200
18,23,2824.140200
18,25,2803.501892
19,15,3306.939080
19,15,3306.939080
19,15,3306.939080
19,15,3306.939080
19,15,3306.939080
19,15,3306.939080
19,15,3306.939080
19,15,3306.939080
19,15,3306.939080
19,15,3306.939080
19,15,3306.939080
19,15,3306.939080
19,15,3306.939080
19,15,3306.939080
19,15,3306.939080
19,16,3122.713268
19,16,3122.713268
19,16,3122.713268
19,17,3071.531357
19,17,3071.531357
19,18,3041.633403
19,18,3041.633403
19,18,3041.633403
19,18,3041.633403
19,18,3041.633403
19,18,3041.633403
19,18,3041.633403
19,19,2899.240740
19,19,2899.240740
19,19,2899.240740
19,19,2899.240740
19,19,2899.240740
19,19,2899.240740
19,19,2899.240740
19,19,2899.240740
19,20,2865.478572
19,20,2865.478572
19,20,2865.478572
19,20,2865.478572
19,20,2865.478572
19,22,2855.074899
19,22,2855.074899
19,23,2824.140200
19,23,2824.140200
19,23,2824.140200
19,23,2824.140200
19,23,2824.140200
19,23,2824.140200
19,23,2824.140200
19,25,2803.501892
19,25,2803.501892
20,15,3306.939080
20,15,3306.939080
20,15,3306.939080
20,15,3306.939080
20,15,3306.939080
20,15,3306.939080
20,15,3306.939080
20,15,3306.939080
20,15,3306.939080
20,15,3306.939080
20,15,3306.939080
20,15,3306.939080
20,15,3306.939080
20,15,3306.939080
20,15,3306.939080
20,15,3306.939080
20,16,3101.996844
20,17,3071.531357
20,17,3071.531357
20,17,3071.531357
20,18,3028.652859
20,19,2899.240740
20,19,2899.240740
20,19,2899.240740
20,19,2899.240740
20,19,2899.240740
20,19,2899.240740
20,19,2899.240740
20,19,2899.240740
20,19,2899.240740
20,20,2865.478572
20,20,2865.478572
20,20,2865.478572
20,20,2865.478572
20,20,2865.478572
20,20,2865.478572
20,21,2832.197469
20,23,2824.140200
20,23,2824.140200
20,23,2824.140200
20,23,2824.140200
20,23,2824.140200
20,23,2824.140200
20,23,2824.140200
20,23,2824.140200
20,24,2807.640478
20,25,2799.791293
21,15,3282.785998
21,16,3101.996844
21,16,3101.996844
21,17,3071.531357
21,17,3071.531357
21,17,3071.531357
21,17,3071.531357
21,18,2968.197406
21,19,2899.240740
21,19,2899.240740
21,19,2899.240740
21,19,2899.240740
21,19,2899.240740
21,19,2899.240740
21,19,2899.240740
21,19,2899.240740
21,19,2899.240740
21,19,2899.240740
21,20,2857.460313
21,21,2814.193911
21,24,2807.640478
21,24,2807.640478
21,25,2799.791293
21,25,2799.791293
22,15,3282.785998
22,15,3282.785998
22,16,3101.996844
22,16,3101.996844
22,16,3101.996844
22,17,3071.531357
22,17,3071.531357
22,17,3071.531357
22,17,3071.531357
22,17,3071.531357
22,18,2968.197406
22,18,2968.197406
22,19,2899.240740
22,19,2899.240740
22,19,2899.240740
22,19,2899.240740
22,19,2899.240740
22,19,2899.240740
22,19,2899.240740
22,19,2899.240740
22,19,2899.240740
22,19,2899.240740
22,19,2899.240740
22,20,2857.460313
22,20,2857.460313
22,21,2814.193911
22,21,2814.193911
22,24,2807.640478
22,24,2807.640478
22,24,2807.640478
22,25,2799.791293
22,25,2799.791293
22,25,2799.791293
23,15,3278.562123
23,16,3101.996844
23,16,3101.996844
23,16,3101.996844
23,16,3101.996844
23,17,3037.742212
23,18,2968.197406
23,18,2968.197406
23,18,2968.197406
23,19,2899.240740
23,19,2899.240740
23,19,2899.240740
23,19,2899.240740
23,19,2899.240740
23,19,2899.240740
23,19,2899.240740
23,19,2899.240740
23,19,2899.240740
23,19,2899.240740
23,19,2899.240740
23,19,2899.240740
23,20,2857.460313
23,20,2857.460313
23,20,2857.460313
23,21,2785.474993
24,15,3278.562123
24,15,3278.562123
24,16,3101.996844
24,16,3101.996844
24,16,3101.996844
24,16,3101.996844
24,16,3101.996844
24,17,3037.742212
24,17,3037.742212
24,18,2968.197406
24,18,2968.197406
24,18,2968.197406
24,18,2968.197406
24,19,2899.240740
24,19,2899.240740
24,19,2899.240740
24,19,2899.240740
24,19,2899.240740
24,19,2899.240740
24,19,2899.240740
24,19,2899.240740
24,19,2899.240740
24,19,2899.240740
24,19,2899.240740
24,19,2899.240740
24,19,2899.240740
24,20,2840.935603
24,21,2785.474993
24,21,2785.474993
25,15,3278.562123
25,15,3278.562123
25,15,3278.562123
25,16,3101.996844
25,16,3101.996844
25,16,3101.996844
25,16,3101.996844
25,16,3101.996844
25,16,3101.996844
25,17,3037.742212
25,17,3037.742212
25,17,3037.742212
25,18,2953.812173
25,19,2837.667274
25,20,2821.525674
25,21,2785.474993
25,21,2785.474993
25,21,2785.474993
26,15,3278.562123
26,15,3278.562123
26,15,3278.562123
26,15,3278.562123
26,16,3101.996844
26,16,3101.996844
26,16,3101.996844
26,16,3101.996844
26,16,3101.996844
26,16,3101.996844
26,16,3101.996844
26,17,3004.671179
26,18,2953.812173
26,18,2953.812173
26,19,2837.667274
26,19,2837.667274
26,20,2821.525674
26,20,2821.525674
26,21,2785.474993
26,21,2785.474993
26,21,2785.474993
26,21,2785.474993
27,15,3278.562123
27,15,3278.562123
27,15,3278.562123
27,15,3278.562123
27,15,3278.562123
27,16,3101.996844
27,16,3101.996844
27,16,3101.996844
27,16,3101.996844
27,16,3101.996844
27,16,3101.996844
27,16,3101.996844
27,16,3101.996844
27,17,3004.671179
27,17,3004.671179
27,18,2873.689568
27,19,2837.667274
27,19,2837.667274
27,19,2837.667274
27,20,2821.525674
27,20,2821.525674
27,20,2821.525674
27,21,2785.474993
27,21,2785.474993
27,21,2785.474993
27,21,2785.474993
27,21,2785.474993
28,15,3261.651043
28,16,3101.996844
28,16,3101.996844
28,16,3101.996844
28,16,3101.996844
28,16,3101.996844
28,16,3101.996844
28,16,3101.996844
28,16,3101.996844
28,16,3101.996844
28,17,3004.671179
28,17,3004.671179
28,17,3004.671179
28,18,2873.689568
28,18,2873.689568
28,19,2837.667274
28,19,2837.667274
28,19,2837.667274
28,19,2837.667274
28,20,2786.700445
28,21,2785.474993
28,21,2785.474993
28,21,2785.474993
28,21,2785.474993
28,21,2785.474993
28,21,2785.474993
28,25,2758.330940
29,15,3200.183633
29,16,3101.996844
29,16,3101.996844
29,16,3101.996844
29,16,3101.996844
29,16,3101.996844
29,16,3101.996844
29,16,3101.996844
29,16,3101.996844
29,16,3101.996844
29,16,3101.996844
29,17,3004.671179
29,17,3004.671179
29,17,3004.671179
29,17,3004.671179
29,18,2870.687140
29,19,2837.667274
29,19,2837.667274
29,19,2837.667274
29,19,2837.667274
29,19,2837.667274
29,20,2786.700445
29,20,2786.700445
29,21,2785.474993
29,21,2785.474993
29,21,2785.474993
29,21,2785.474993
29,21,2785.474993
29,21,2785.474993
29,21,2785.474993
29,24,2755.297250
30,15,3200.183633
30,15,3200.183633
30,16,3101.996844
30,16,3101.996844
30,16,3101.996844
30,16,3101.996844
30,16,3101.996844
30,16,3101.996844
30,16,3101.996844
30,16,3101.996844
30,16,3101.996844
30,16,3101.996844
30,16,3101.996844
30,17,3004.671179
30,17,3004.671179
30,17,3004.671179
30,17,3004.671179
30,17,3004.671179
30,18,2870.687140
30,18,2870.687140
30,19,2837.667274
30,19,2837.667274
30,19,2837.667274
30,19,2837.667274
30,19,2837.667274
30,19,2837.667274
30,20,2786.700445
30,20,2786.700445
30,20,2786.700445
30,21,2785.474993
30,21,2785.474993
30,21,2785.474993
30,21,2785.474993
30,21,2785.474993
30,21,2785.474993
30,21,2785.474993
30,21,2785.474993
30,24,2755.297250
30,24,2755.297250
31,15,3200.183633
31,15,3200.183633
31,15,3200.183633
31,16,3101.996844
31,16,3101.996844
31,16,3101.996844
31,16,3101.996844
31,16,3101.996844
31,16,3101.996844
31,16,3101.996844
31,16,3101.996844
31,16,3101.996844
31,16,3101.996844
31,16,3101.996844
31,16,3101.996844
31,17,3004.671179
31,17,3004.671179
31,17,3004.671179
31,17,3004.671179
31,17,3004.671179
31,17,3004.671179
31,18,2853.567891
31,19,2837.667274
31,19,2837.667274
31,19,2837.667274
31,19,2837.667274
31,19,2837.667274
31,19,2837.667274
31,19,2837.667274
31,20,2786.700445
31,20,2786.700445
31,20,2786.700445
31,20,2786.700445
31,21,2785.474993
31,21,2785.474993
31,21,2785.474993
31,21,2785.474993
31,21,2785.474993
31,21,2785.474993
31,21,2785.474993
31,21,2785.474993
31,21,2785.474993
31,24,2755.297250
31,24,2755.297250
31,24,2755.297250
32,15,3142.417780
32,16,3069.290612
32,17,2971.757770
32,18,2853.567891
32,18,2853.567891
32,19,2837.667274
32,19,2837.667274
32,19,2837.667274
32,19,2837.667274
32,19,2837.667274
32,19,2837.667274
32,19,2837.667274
32,19,2837.667274
32,20,2786.700445
32,20,2786.700445
32,20,2786.700445
32,20,2786.700445
32,20,2786.700445
32,21,2785.474993
32,21,2785.474993
32,21,2785.474993
32,21,2785.474993
32,21,2785.474993
32,21,2785.474993
32,21,2785.474993
32,21,2785.474993
32,21,2785.474993
32,21,2785.474993
32,23,2762.991990
32,24,2755.297250
32,24,2755.297250
32,24,2755.297250
32,24,2755.297250
33,15,3142.417780
33,15,3142.417780
33,16,3069.290612
33,16,3069.290612
33,17,2971.757770
33,17,2971.757770
33,18,2853.567891
33,18,2853.567891
33,18,2853.567891
33,19,2837.667274
33,19,2837.667274
33,19,2837.667274
33,19,2837.667274
33,19,2837.667274
33,19,2837.667274
33,19,2837.667274
33,19,2837.667274
33,19,2837.667274
33,20,2786.700445
33,20,2786.700445
33,20,2786.700445
33,20,2786.700445
33,20,2786.700445
33,20,2786.700445
33,21,2785.474993
33,21,2785.474993
33,21,2785.474993
33,21,2785.474993
33,21,2785.474993
33,21,2785.474993
33,21,2785.474993
33,21,2785.474993
33,21,2785.474993
33,21,2785.474993
33,21,2785.474993
33,23,2742.005153
34,15,3142.417780
34,15,3142.417780
34,15,3142.417780
34,16,3069.290612
34,16,3069.290612
34,16,3069.290612
34,17,2970.159231
34,18,2853.567891
34,18,2853.567891
34,18,2853.567891
34,18,2853.567891
34,19,2837.667274
34,19,2837.667274
34,19,2837.667274
34,19,2837.667274
34,19,2837.667274
34,19,2837.667274
34,19,2837.667274
34,19,2837.667274
34,19,2837.667274
34,19,2837.667274
34,20,2786.700445
34,20,2786.700445
34,20,2786.700445
34,20,2786.700445
34,20,2786.700445
34,20,2786.700445
34,20,2786.700445
34,21,2785.474993
34,21,2785.474993
34,21,2785.474993
34,21,2785.474993
34,21,2785.474993
34,21,2785.474993
34,21,2785.474993
34,21,2785.474993
34,21,2785.474993
34,21,2785.474993
34,21,2785.474993
34,21,2785.474993
34,22,2760.255841
34,23,2742.005153
34,23,2742.005153
34,24,2739.238013
35,15,3142.417780
35,15,3142.417780
35,15,3142.417780
35,15,3142.417780
35,16,3022.175543
35,17,2970.159231
35,17,2970.159231
35,18,2853.567891
35,18,2853.567891
35,18,2853.567891
35,18,2853.567891
35,18,2853.567891
35,19,2836.559819
35,20,2778.837476
35,22,2760.255841
35,22,2760.255841
35,23,2718.589454
36,15,3142.417780
36,15,3142.417780
36,15,3142.417780
36,15,3142.417780
36,15,3142.417780
36,16,3013.493204
36,17,2964.228117
36,18,2853.567891
36,18,2853.567891
36,18,2853.567891
36,18,2853.567891
36,18,2853.567891
36,18,2853.567891
36,19,2836.559819
36,19,2836.559819
36,20,2778.837476
36,20,2778.837476
36,21,2755.065016
36,22,2744.008900
36,23,2718.589454
36,23,2718.589454
37,15,3130.683209
37,16,3013.493204
37,16,3013.493204
37,17,2950.803396
37,18,2853.567891
37,18,2853.567891
37,18,2853.567891
37,18,2853.567891
37,18,2853.567891
37,18,2853.567891
37,18,2853.567891
37,19,2836.559819
37,19,2836.559819
37,19,2836.559819
37,20,2778.837476
37,20,2778.837476
37,20,2778.837476
37,21,2755.065016
37,21,2755.065016
37,22,2744.008900
37,22,2744.008900
37,23,2718.589454
37,23,2718.589454
37,23,2718.589454
38,15,3130.683209
38,15,3130.683209
38,16,3013.493204
38,16,3013.493204
38,16,3013.493204
38,17,2950.803396
38,17,2950.803396
38,18,2853.567891
38,18,2853.567891
38,18,2853.567891
38,18,2853.567891
38,18,2853.567891
38,18,2853.567891
38,18,2853.567891
38,18,2853.567891
38,19,2819.765725
38,20,2778.837476
38,20,2778.837476
38,20,2778.837476
38,20,2778.837476
38,21,2755.065016
38,21,2755.065016
38,21,2755.065016
38,22,2731.402384
38,23,2718.589454
38,23,2718.589454
38,23,2718.589454
38,23,2718.589454
38,26,2700.898200
39,15,3130.683209
39,15,3130.683209
39,15,3130.683209
39,16,3013.493204
39,16,3013.493204
39,16,3013.493204
39,16,3013.493204
39,17,2950.803396
39,17,2950.803396
39,17,2950.803396
39,18,2803.340911
39,19,2766.171440
39,21,2755.065016
39,21,2755.065016
39,21,2755.065016
39,21,2755.065016
39,22,2719.684252
39,23,2718.589454
39,23,2718.589454
39,23,2718.589454
39,23,2718.589454
39,23,2718.589454
39,26,2700.898200
39,26,2700.898200
40,15,3130.683209
40,15,3130.683209
40,15,3130.683209
40,15,3130.683209
40,16,3013.493204
40,16,3013.493204
40,16,3013.493204
40,16,3013.493204
40,16,3013.493204
40,17,2933.074480
40,18,2803.340911
40,18,2803.340911
40,19,2766.171440
40,19,2766.171440
40,21,2755.065016
40,21,2755.065016
40,21,2755.065016
40,21,2755.065016
40,21,2755.065016
40,22,2719.684252
40,22,2719.684252
40,23,2718.589454
40,23,2718.589454
40,23,2718.589454
40,23,2718.589454
40,23,2718.589454
40,23,2718.589454
40,26,2700.898200
40,26,2700.898200
40,26,2700.898200
41,15,3039.349583
41,16,3013.493204
41,16,3013.493204
41,16,3013.493204
41,16,3013.493204
41,16,3013.493204
41,16,3013.493204
41,17,2933.074480
41,17,2933.074480
41,18,2803.340911
41,18,2803.340911
41,18,2803.340911
41,19,2766.171440
41,19,2766.171440
41,19,2766.171440
41,21,2755.065016
41,21,2755.065016
41,21,2755.065016
41,21,2755.065016
41,21,2755.065016
41,21,2755.065016
41,22,2719.684252
41,22,2719.684252
41,22,2719.684252
41,23,2718.589454
41,23,2718.589454
41,23,2718.589454
41,23,2718.589454
41,23,2718.589454
41,23,2718.589454
41,23,2718.589454
41,26,2700.898200
41,26,2700.898200
41,26,2700.898200
41,26,2700.898200
42,15,3039.349583
42,15,3039.349583
42,16,2975.141636
42,17,2785.008478
42,19,2766.171440
42,19,2766.171440
42,19,2766.171440
42,19,2766.171440
42,21,2755.065016
42,21,2755.065016
42,21,2755.065016
42,21,2755.065016
42,21,2755.065016
42,21,2755.065016
42,21,2755.065016
42,22,2680.697097
43,15,3039.349583
43,15,3039.349583
43,15,3039.349583
43,16,2975.141636
43,16,2975.141636
43,17,2785.008478
43,17,2785.008478
43,19,2766.171440
43,19,2766.171440
43,19,2766.171440
43,19,2766.171440
43,19,2766.171440
43,21,2710.340176
43,22,2680.697097
43,22,2680.697097
44,15,3039.349583
44,15,3039.349583
44,15,3039.349583
44,15,3039.349583
44,16,2857.010453
44,17,2785.008478
44,17,2785.008478
44,17,2785.008478
44,18,2742.444181
44,21,2710.340176
44,21,2710.340176
44,22,2680.697097
44,22,2680.697097
44,22,2680.697097
45,14,3554.530769
45,15,3039.349583
45,15,3039.349583
45,15,3039.349583
45,15,3039.349583
45,15,3039.349583
45,16,2857.010453
45,16,2857.010453
45,17,2785.008478
45,17,2785.008478
45,17,2785.008478
45,17,2785.008478
45,18,2734.880285
45,21,2710.340176
45,21,2710.340176
45,21,2710.340176
45,22,2680.697097
45,22,2680.697097
45,22,2680.697097
45,22,2680.697097
46,14,3554.530769
46,14,3554.530769
46,15,3021.599382
46,16,2857.010453
46,16,2857.010453
46,16,2857.010453
46,17,2785.008478
46,17,2785.008478
46,17,2785.008478
46,17,2785.008478
46,17,2785.008478
46,18,2734.880285
46,18,2734.880285
46,21,2710.340176
46,21,2710.340176
46,21,2710.340176
46,21,2710.340176
46,22,2680.697097
46,22,2680.697097
46,22,2680.697097
46,22,2680.697097
46,22,2680.697097
47,14,3234.547642
47,15,3021.599382
47,15,3021.599382
47,16,2846.845065
47,17,2785.008478
47,17,2785.008478
47,17,2785.008478
47,17,2785.008478
47,17,2785.008478
47,17,2785.008478
47,18,2734.880285
47,18,2734.880285
47,18,2734.880285
47,21,2710.340176
47,21,2710.340176
47,21,2710.340176
47,21,2710.340176
47,21,2710.340176
47,22,2680.697097
47,22,2680.697097
47,22,2680.697097
47,22,2680.697097
47,22,2680.697097
47,22,2680.697097
48,14,3234.547642
48,14,3234.547642
48,15,3021.599382
48,15,3021.599382
48,15,3021.599382
48,16,2846.845065
48,16,2846.845065
48,17,2785.008478
48,17,2785.008478
48,17,2785.008478
48,17,2785.008478
48,17,2785.008478
48,17,2785.008478
48,17,2785.008478
48,18,2734.880285
48,18,2734.880285
48,18,2734.880285
48,18,2734.880285
48,18,2734.880285
48,21,2710.340176
48,21,2710.340176
48,21,2710.340176
48,21,2710.340176
48,21,2710.340176
48,21,2710.340176
48,22,2680.697097
48,22,2680.697097
48,22,2680.697097
48,22,2680.697097
48,22,2680.697097
48,22,2680.697097
48,22,2680.697097
49,14,3234.547642
49,14,3234.547642
49,14,3234.547642
49,15,3004.721320
49,16,2846.845065
49,16,2846.845065
49,16,2846.845065
49,17,2785.008478
49,17,2785.008478
49,17,2785.008478
49,17,2785.008478
49,17,2785.008478
49,17,2785.008478
49,17,2785.008478
49,17,2785.008478
49,18,2734.880285
49,18,2734.880285
49,18,2734.880285
49,18,2734.880285
49,18,2734.880285
49,18,2734.880285
49,18,2734.880285
49,20,2720.458669
49,21,2710.340176
49,21,2710.340176
49,21,2710.340176
49,21,2710.340176
49,21,2710.340176
49,21,2710.340176
49,21,2710.340176
49,22,2680.697097
49,22,2680.697097
49,22,2680.697097
49,22,2680.697097
49,22,2680.697097
49,22,2680.697097
49,22,2680.697097
49,22,2680.697097
50,14,3198.261592
50,15,3004.721320
50,15,3004.721320
50,16,2846.845065
50,16,2846.845065
50,16,2846.845065
50,16,2846.845065
50,17,2785.008478
50,17,2785.008478
50,17,2785.008478
50,17,2785.008478
50,17,2785.008478
50,17,2785.008478
50,17,2785.008478
50,17,2785.008478
50,17,2785.008478
50,18,2734.880285
50,18,2734.880285
50,18,2734.880285
50,18,2734.880285
50,18,2734.880285
50,18,2734.880285
50,18,2734.880285
50,18,2734.880285
50,18,2734.880285
50,20,2720.458669
50,20,2720.458669
50,21,2710.340176
50,21,2710.340176
50,21,2710.340176
50,21,2710.340176
50,21,2710.340176
50,21,2710.340176
50,21,2710.340176
50,21,2710.340176
50,21,2710.340176
50,22,2660.753756
51,14,3198.261592
51,14,3198.261592
51,15,3004.721320
51,15,3004.721320
51,15,3004.721320
51,16,2846.845065
51,16,2846.845065
51,16,2846.845065
51,16,2846.845065
51,16,2846.845065
51,17,2785.008478
51,17,2785.008478
51,17,2785.008478
51,17,2785.008478
51,17,2785.008478
51,17,2785.008478
51,17,2785.008478
51,17,2785.008478
51,17,2785.008478
51,17,2785.008478
51,18,2734.880285
51,18,2734.880285
51,18,2734.880285
51,18,2734.880285
51,18,2734.880285
51,18,2734.880285
51,18,2734.880285
51,18,2734.880285
51,18,2734.880285
51,18,2734.880285
51,18,2734.880285
51,20,2716.055446
51,21,2710.340176
51,21,2710.340176
51,21,2710.340176
51,21,2710.340176
51,21,2710.340176
51,21,2710.340176
51,21,2710.340176
51,21,2710.340176
51,21,2710.340176
51,21,2710.340176
51,21,2710.340176
51,22,2660.753756
51,22,2660.753756
52,14,3198.261592
52,14,3198.261592
52,14,3198.261592
52,15,3004.721320
52,15,3004.721320
52,15,3004.721320
52,15,3004.721320
52,15,3004.721320
52,16,2846.845065
52,16,2846.845065
52,16,2846.845065
52,16,2846.845065
52,16,2846.845065
52,16,2846.845065
52,17,2761.285315
52,18,2734.880285
52,18,2734.880285
52,18,2734.880285
52,18,2734.880285
52,18,2734.880285
52,18,2734.880285
52,18,2734.880285
52,18,2734.880285
52,18,2734.880285
52,18,2734.880285
52,18,2734.880285
52,18,2734.880285
52,18,2734.880285
52,20,2692.180966
52,21,2672.878415
52,22,2660.753756
52,22,2660.753756
52,22,2660.753756
53,14,3158.485786
53,15,3004.721320
53,15,3004.721320
53,15,3004.721320
53,15,3004.721320
53,15,3004.721320
53,15,3004.721320
53,15,3004.721320
53,16,2846.845065
53,16,2846.845065
53,16,2846.845065
53,16,2846.845065
53,16,2846.845065
53,16,2846.845065
53,16,2846.845065
53,17,2761.285315
53,17,2761.285315
53,18,2734.880285
53,18,2734.880285
53,18,2734.880285
53,18,2734.880285
53,18,2734.880285
53,18,2734.880285
53,18,2734.880285
53,18,2734.880285
53,18,2734.880285
53,18,2734.880285
53,18,2734.880285
53,18,2734.880285
53,18,2734.880285
53,18,2734.880285
53,18,2734.880285
53,20,2692.180966
53,20,2692.180966
53,21,2663.039762
53,22,2660.753756
53,22,2660.753756
53,22,2660.753756
53,22,2660.753756
54,14,3158.485786
54,14,3158.485786
54,15,3004.721320
54,15,3004.721320
54,15,3004.721320
54,15,3004.721320
54,15,3004.721320
54,15,3004.721320
54,15,3004.721320
54,15,3004.721320
54,15,3004.721320
54,16,2846.845065
54,16,2846.845065
54,16,2846.845065
54,16,2846.845065
54,16,2846.845065
54,16,2846.845065
54,16,2846.845065
54,16,2846.845065
54,17,2761.285315
54,17,2761.285315
54,17,2761.285315
54,18,2734.880285
54,18,2734.880285
54,18,2734.880285
54,18,2734.880285
54,18,2734.880285
54,18,2734.880285
54,18,2734.880285
54,18,2734.880285
54,18,2734.880285
54,18,2734.880285
54,18,2734.880285
54,18,2734.880285
54,18,2734.880285
54,18,2734.880285
54,18,2734.880285
54,18,2734.880285
54,18,2734.880285
54,20,2692.180966
54,20,2692.180966
54,20,2692.180966
54,21,2663.039762
54,21,2663.039762
54,22,2660.753756
54,22,2660.753756
54,22,2660.753756
54,22,2660.753756
54,22,2660.753756
55,14,3158.485786
55,14,3158.485786
55,14,3158.485786
55,15,2996.432881
55,16,2846.845065
55,16,2846.845065
55,16,2846.845065
55,16,2846.845065
55,16,2846.845065
55,16,2846.845065
55,16,2846.845065
55,16,2846.845065
55,16,2846.845065
55,17,2761.285315
55,17,2761.285315
55,17,2761.285315
55,17,2761.285315
55,18,2734.880285
55,18,2734.880285
55,18,2734.880285
55,18,2734.880285
55,18,2734.880285
55,18,2734.880285
55,18,2734.880285
55,18,2734.880285
55,18,2734.880285
55,18,2734.880285
55,18,2734.880285
55,18,2734.880285
55,18,2734.880285
55,18,2734.880285
55,18,2734.880285
55,18,2734.880285
55,18,2734.880285
55,18,2734.880285
55,18,2734.880285
55,20,2692.180966
55,20,2692.180966
55,20,2692.180966
55,20,2692.180966
55,21,2663.039762
55,21,2663.039762
55,21,2663.039762
55,22,2660.753756
55,22,2660.753756
55,22,2660.753756
55,22,2660.753756
55,22,2660.753756
55,22,2660.753756
56,14,3158.485786
56,14,3158.485786
56,14,3158.485786
56,14,3158.485786
56,15,2996.432881
56,15,2996.432881
56,16,2846.845065
56,16,2846.845065
56,16,2846.845065
56,16,2846.845065
56,16,2846.845065
56,16,2846.845065
56,16,2846.845065
56,16,2846.845065
56,16,2846.845065
56,16,2846.845065
56,17,2761.285315
56,17,2761.285315
56,17,2761.285315
56,17,2761.285315
56,17,2761.285315
56,18,2734.880285
56,18,2734.880285
56,18,2734.880285
56,18,2734.880285
56,18,2734.880285
56,18,2734.880285
56,18,2734.880285
56,18,2734.880285
56,18,2734.880285
56,18,2734.880285
56,18,2734.880285
56,18,2734.880285
56,18,2734.880285
56,18,2734.880285
56,18,2734.880285
56,18,2734.880285
56,18,2734.880285
56,18,2734.880285
56,18,2734.880285
56,18,2734.880285
56,18,2734.880285
56,20,2692.180966
56,20,2692.180966
56,20,2692.180966
56,20,2692.180966
56,20,2692.180966
56,21,2663.039762
56,21,2663.039762
56,21,2663.039762
56,21,2663.039762
56,22,2660.753756
56,22,2660.753756
56,22,2660.753756
56,22,2660.753756
56,22,2660.753756
56,22,2660.753756
56,22,2660.753756
57,14,3158.485786
57,14,3158.485786
57,14,3158.485786
57,14,3158.485786
57,14,3158.485786
57,15,2996.432881
57,15,2996.432881
57,15,2996.432881
57,16,2846.845065
57,16,2846.845065
57,16,2846.845065
57,16,2846.845065
57,16,2846.845065
57,16,2846.845065
57,16,2846.845065
57,16,2846.845065
57,16,2846.845065
57,16,2846.845065
57,16,2846.845065
57,17,2761.285315
57,17,2761.285315
57,17,2761.285315
57,17,2761.285315
57,17,2761.285315
57,17,2761.285315
57,18,2734.880285
57,18,2734.880285
57,18,2734.880285
57,18,2734.880285
57,18,2734.880285
57,18,2734.880285
57,18,2734.880285
57,18,2734.880285
57,18,2734.880285
57,18,2734.880285
57,18,2734.880285
57,18,2734.880285
57,18,2734.880285
57,18,2734.880285
57,18,2734.880285
57,18,2734.880285
57,18,2734.880285
57,18,2734.880285
57,18,2734.880285
57,18,2734.880285
57,18,2734.880285
57,18,2734.880285
57,18,2734.880285
57,20,2692.180966
57,20,2692.180966
57,20,2692.180966
57,20,2692.180966
57,20,2692.180966
57,20,2692.180966
57,21,2663.039762
57,21,2663.039762
57,21,2663.039762
57,21,2663.039762
57,21,2663.039762
57,22,2660.753756
57,22,2660.753756
57,22,2660.753756
57,22,2660.753756
57,22,2660.753756
57,22,2660.753756
57,22,2660.753756
57,22,2660.753756
58,14,3002.252087
58,15,2996.432881
58,15,2996.432881
58,15,2996.432881
58,15,2996.432881
58,16,2846.845065
58,16,2846.845065
58,16,2846.845065
58,16,2846.845065
58,16,2846.845065
58,16,2846.845065
58,16,2846.845065
58,16,2846.845065
58,16,2846.845065
58,16,2846.845065
58,16,2846.845065
58,16,2846.845065
58,17,2761.285315
58,17,2761.285315
58,17,2761.285315
58,17,2761.285315
58,17,2761.285315
58,17,2761.285315
58,17,2761.285315
58,18,2734.880285
58,18,2734.880285
58,18,2734.880285
58,18,2734.880285
58,18,2734.880285
58,18,2734.880285
58,18,2734.880285
58,18,2734.880285
58,18,2734.880285
58,18,2734.880285
58,18,2734.880285
58,18,2734.880285
58,18,2734.880285
58,18,2734.880285
58,18,2734.880285
58,18,2734.880285
58,18,2734.880285
58,18,2734.880285
58,18,2734.880285
58,18,2734.880285
58,18,2734.880285
58,18,2734.880285
58,18,2734.880285
58,18,2734.880285
58,18,2734.880285
58,20,2692.180966
58,20,2692.180966
58,20,2692.180966
58,20,2692.180966
58,20,2692.180966
58,20,2692.180966
58,20,2692.180966
58,21,2663.039762
58,21,2663.039762
58,21,2663.039762
58,21,2663.039762
58,21,2663.039762
58,21,2663.039762
58,22,2660.753756
58,22,2660.753756
58,22,2660.753756
58,22,2660.753756
58,22,2660.753756
58,22,2660.753756
58,22,2660.753756
58,22,2660.753756
58,22,2660.753756
59,14,3002.252087
59,14,3002.252087
59,15,2957.790138
59,16,2846.845065
59,16,2846.845065
59,16,2846.845065
59,16,2846.845065
59,16,2846.845065
59,16,2846.845065
59,16,2846.845065
59,16,2846.845065
59,16,2846.845065
59,16,2846.845065
59,16,2846.845065
59,16,2846.845065
59,16,2846.845065
59,17,2761.285315
59,17,2761.285315
59,17,2761.285315
59,17,2761.285315
59,17,2761.285315
59,17,2761.285315
59,17,2761.285315
59,17,2761.285315
59,18,2734.880285
59,18,2734.880285
59,18,2734.880285
59,18,2734.880285
59,18,2734.880285
59,18,2734.880285
59,18,2734.880285
59,18,2734.880285
59,18,2734.880285
59,18,2734.880285
59,18,2734.880285
59,18,2734.880285
59,18,2734.880285
59,18,2734.880285
59,18,2734.880285
59,18,2734.880285
59,18,2734.880285
59,18,2734.880285
59,18,2734.880285
59,18,2734.880285
59,18,2734.880285
59,18,2734.880285
59,18,2734.880285
59,18,2734.880285
59,18,2734.880285
59,18,2734.880285
59,18,2734.880285
59,20,2692.180966
59,20,2692.180966
59,20,2692.180966
59,20,2692.180966
59,20,2692.180966
59,20,2692.180966
59,20,2692.180966
59,20,2692.180966
59,21,2663.039762
59,21,2663.039762
59,21,2663.039762
59,21,2663.039762
59,21,2663.039762
59,21,2663.039762
59,21,2663.039762
59,22,2660.753756
59,22,2660.753756
59,22,2660.753756
59,22,2660.753756
59,22,2660.753756
59,22,2660.753756
59,22,2660.753756
59,22,2660.753756
59,22,2660.753756
59,22,2660.753756
60,14,3002.252087
60,14,3002.252087
60,14,3002.252087
60,15,2934.087895
60,16,2840.197403
60,17,2716.100588
60,19,2704.619512
60,20,2692.180966
60,20,2692.180966
60,20,2692.180966
60,20,2692.180966
60,20,2692.180966
60,20,2692.180966
60,20,2692.180966
60,20,2692.180966
60,20,2692.180966
60,21,2663.039762
60,21,2663.039762
60,21,2663.039762
60,21,2663.039762
60,21,2663.039762
60,21,2663.039762
60,21,2663.039762
60,21,2663.039762
60,22,2660.753756
60,22,2660.753756
60,22,2660.753756
60,22,2660.753756
60,22,2660.753756
60,22,2660.753756
60,22,2660.753756
60,22,2660.753756
60,22,2660.753756
60,22,2660.753756
60,22,2660.753756
61,14,3002.252087
61,14,3002.252087
61,14,3002.252087
61,14,3002.252087
61,15,2873.164291
61,16,2840.197403
61,16,2840.197403
61,17,2716.100588
61,17,2716.100588
61,19,2704.619512
61,19,2704.619512
61,20,2692.180966
61,20,2692.180966
61,20,2692.180966
61,20,2692.180966
61,20,2692.180966
61,20,2692.180966
61,20,2692.180966
61,20,2692.180966
61,20,2692.180966
61,20,2692.180966
61,21,2663.039762
61,21,2663.039762
61,21,2663.039762
61,21,2663.039762
61,21,2663.039762
61,21,2663.039762
61,21,2663.039762
61,21,2663.039762
61,21,2663.039762
61,22,2660.753756
61,22,2660.753756
61,22,2660.753756
61,22,2660.753756
61,22,2660.753756
61,22,2660.753756
61,22,2660.753756
61,22,2660.753756
61,22,2660.753756
61,22,2660.753756
61,22,2660.753756
61,22,2660.753756
62,14,3002.252087
62,14,3002.252087
62,14,3002.252087
62,14,3002.252087
62,14,3002.252087
62,15,2873.164291
62,15,2873.164291
62,16,2840.197403
62,16,2840.197403
62,16,2840.197403
62,17,2716.100588
62,17,2716.100588
62,17,2716.100588
62,19,2704.619512
62,19,2704.619512
62,19,2704.619512
62,20,2692.180966
62,20,2692.180966
62,20,2692.180966
62,20,2692.180966
62,20,2692.180966
62,20,2692.180966
62,20,2692.180966
62,20,2692.180966
62,20,2692.180966
62,20,2692.180966
62,20,2692.180966
62,21,2663.039762
62,21,2663.039762
62,21,2663.039762
62,21,2663.039762
62,21,2663.039762
62,21,2663.039762
62,21,2663.039762
62,21,2663.039762
62,21,2663.039762
62,21,2663.039762
62,22,2660.753756
62,22,2660.753756
62,22,2660.753756
62,22,2660.753756
62,22,2660.753756
62,22,2660.753756
62,22,2660.753756
62,22,2660.753756
62,22,2660.753756
62,22,2660.753756
62,22,2660.753756
62,22,2660.753756
62,22,2660.753756
63,14,3002.252087
63,14,3002.252087
63,14,3002.252087
63,14,3002.252087
63,14,3002.252087
63,14,3002.252087
63,15,2868.603880
63,16,2840.197403
63,16,2840.197403
63,16,2840.197403
63,16,2840.197403
63,17,2716.100588
63,17,2716.100588
63,17,2716.100588
63,17,2716.100588
63,19,2704.619512
63,19,2704.619512
63,19,2704.619512
63,19,2704.619512
63,20,2688.277611
63,21,2663.039762
63,21,2663.039762
63,21,2663.039762
63,21,2663.039762
63,21,2663.039762
63,21,2663.039762
63,21,2663.039762
63,21,2663.039762
63,21,2663.039762
63,21,2663.039762
63,21,2663.039762
63,22,2660.753756
63,22,2660.753756
63,22,2660.753756
63,22,2660.753756
63,22,2660.753756
63,22,2660.753756
63,22,2660.753756
63,22,2660.753756
63,22,2660.753756
63,22,2660.753756
63,22,2660.753756
63,22,2660.753756
63,22,2660.753756
63,22,2660.753756
64,14,3002.252087
64,14,3002.252087
64,14,3002.252087
64,14,3002.252087
64,14,3002.252087
64,14,3002.252087
64,14,3002.252087
64,15,2868.603880
64,15,2868.603880
64,16,2812.943857
64,17,2716.100588
64,17,2716.100588
64,17,2716.100588
64,17,2716.100588
64,17,2716.100588
64,19,2704.619512
64,19,2704.619512
64,19,2704.619512
64,19,2704.619512
64,19,2704.619512
64,20,2683.880023
64,21,2663.039762
64,21,2663.039762
64,21,2663.039762
64,21,2663.039762
64,21,2663.039762
64,21,2663.039762
64,21,2663.039762
64,21,2663.039762
64,21,2663.039762
64,21,2663.039762
64,21,2663.039762
64,21,2663.039762
64,22,2660.753756
64,22,2660.753756
64,22,2660.753756
64,22,2660.753756
64,22,2660.753756
64,22,2660.753756
64,22,2660.753756
64,22,2660.753756
64,22,2660.753756
64,22,2660.753756
64,22,2660.753756
64,22,2660.753756
64,22,2660.753756
64,22,2660.753756
64,22,2660.753756
65,14,3002.252087
65,14,3002.252087
65,14,3002.252087
65,14,3002.252087
65,14,3002.252087
65,14,3002.252087
65,14,3002.252087
65,14,3002.252087
65,15,2868.603880
65,15,2868.603880
65,15,2868.603880
65,16,2812.943857
65,16,2812.943857
65,17,2716.100588
65,17,2716.100588
65,17,2716.100588
65,17,2716.100588
65,17,2716.100588
65,17,2716.100588
65,18,2706.849117
65,19,2704.619512
65,19,2704.619512
65,19,2704.619512
65,19,2704.619512
65,19,2704.619512
65,19,2704.619512
65,20,2648.083903
66,14,3002.252087
66,14,3002.252087
66,14,3002.252087
66,14,3002.252087
66,14,3002.252087
66,14,3002.252087
66,14,3002.252087
66,14,3002.252087
66,14,3002.252087
66,15,2868.603880
66,15,2868.603880
66,15,2868.603880
66,15,2868.603880
66,16,2766.590567
66,17,2716.100588
66,17,2716.100588
66,17,2716.100588
66,17,2716.100588
66,17,2716.100588
66,17,2716.100588
66,17,2716.100588
66,18,2706.849117
66,18,2706.849117
66,19,2704.619512
66,19,2704.619512
66,19,2704.619512
66,19,2704.619512
66,19,2704.619512
66,19,2704.619512
66,19,2704.619512
66,20,2648.083903
66,20,2648.083903
67,14,3002.252087
67,14,3002.252087
67,14,3002.252087
67,14,3002.252087
67,14,3002.252087
67,14,3002.252087
67,14,3002.252087
67,14,3002.252087
67,14,3002.252087
67,14,3002.252087
67,15,2868.603880
67,15,2868.603880
67,15,2868.603880
67,15,2868.603880
67,15,2868.603880
67,16,2766.590567
67,16,2766.590567
67,17,2716.100588
67,17,2716.100588
67,17,2716.100588
67,17,2716.100588
67,17,2716.100588
67,17,2716.100588
67,17,2716.100588
67,17,2716.100588
67,18,2699.974419
67,20,2648.083903
67,20,2648.083903
67,20,2648.083903
68,14,3002.252087
68,14,3002.252087
68,14,3002.252087
68,14,3002.252087
68,14,3002.252087
68,14,3002.252087
68,14,3002.252087
68,14,3002.252087
68,14,3002.252087
68,14,3002.252087
68,14,3002.252087
68,15,2868.603880
68,15,2868.603880
68,15,2868.603880
68,15,2868.603880
68,15,2868.603880
68,15,2868.603880
68,16,2766.590567
68,16,2766.590567
68,16,2766.590567
68,17,2716.100588
68,17,2716.100588
68,17,2716.100588
68,17,2716.100588
68,17,2716.100588
68,17,2716.100588
68,17,2716.100588
68,17,2716.100588
68,17,2716.100588
68,18,2699.974419
68,18,2699.974419
68,20,2648.083903
68,20,2648.083903
68,20,2648.083903
68,20,2648.083903
68,23,2643.453514
69,14,3002.252087
69,14,3002.252087
69,14,3002.252087
69,14,3002.252087
69,14,3002.252087
69,14,3002.252087
69,14,3002.252087
69,14,3002.252087
69,14,3002.252087
69,14,3002.252087
69,14,3002.252087
69,14,3002.252087
69,15,2868.603880
69,15,2868.603880
69,15,2868.603880
69,15,2868.603880
69,15,2868.603880
69,15,2868.603880
69,15,2868.603880
69,15,2868.603880
69,16,2766.590567
69,16,2766.590567
69,16,2766.590567
69,16,2766.590567
69,17,2716.100588
69,17,2716.100588
69,17,2716.100588
69,17,2716.100588
69,17,2716.100588
69,17,2716.100588
69,17,2716.100588
69,17,2716.100588
69,17,2716.100588
69,17,2716.100588
69,18,2699.974419
69,18,2699.974419
69,18,2699.974419
69,20,2648.083903
69,20,2648.083903
69,20,2648.083903
69,20,2648.083903
69,20,2648.083903
69,23,2643.453514
69,23,2643.453514
70,14,3002.252087
70,14,3002.252087
70,14,3002.252087
70,14,3002.252087
70,14,3002.252087
70,14,3002.252087
70,14,3002.252087
70,14,3002.252087
70,14,3002.252087
70,14,3002.252087
70,14,3002.252087
70,14,3002.252087
70,14,3002.252087
70,15,2868.603880
70,15,2868.603880
70,15,2868.603880
70,15,2868.603880
70,15,2868.603880
70,15,2868.603880
70,15,2868.603880
70,15,2868.603880
70,15,2868.603880
70,15,2868.603880
70,16,2766.590567
70,16,2766.590567
70,16,2766.590567
70,16,2766.590567
70,16,2766.590567
70,17,2716.100588
70,17,2716.100588
70,17,2716.100588
70,17,2716.100588
70,17,2716.100588
70,17,2716.100588
70,17,2716.100588
70,17,2716.100588
70,17,2716.100588
70,17,2716.100588
70,17,2716.100588
70,18,2699.974419
70,18,2699.974419
70,18,2699.974419
70,18,2699.974419
70,19,2680.816898
70,20,2648.083903
70,20,2648.083903
70,20,2648.083903
70,20,2648.083903
70,20,2648.083903
70,20,2648.083903
70,23,2643.453514
70,23,2643.453514
70,23,2643.453514
71,14,3002.252087
71,14,3002.252087
71,14,3002.252087
71,14,3002.252087
71,14,3002.252087
71,14,3002.252087
71,14,3002.252087
71,14,3002.252087
71,14,3002.252087
71,14,3002.252087
71,14,3002.252087
71,14,3002.252087
71,14,3002.252087
71,14,3002.252087
71,15,2868.603880
71,15,2868.603880
71,15,2868.603880
71,15,2868.603880
71,15,2868.603880
71,15,2868.603880
71,15,2868.603880
71,15,2868.603880
71,15,2868.603880
71,15,2868.603880
71,15,2868.603880
71,15,2868.603880
71,16,2766.590567
71,16,2766.590567
71,16,2766.590567
71,16,2766.590567
71,16,2766.590567
71,16,2766.590567
71,17,2716.100588
71,17,2716.100588
71,17,2716.100588
71,17,2716.100588
71,17,2716.100588
71,17,2716.100588
71,17,2716.100588
71,17,2716.100588
71,17,2716.100588
71,17,2716.100588
71,17,2716.100588
71,17,2716.100588
71,18,2699.974419
71,18,2699.974419
71,18,2699.974419
71,18,2699.974419
71,18,2699.974419
71,19,2680.816898
71,19,2680.816898
71,20,2648.083903
71,20,2648.083903
71,20,2648.083903
71,20,2648.083903
71,20,2648.083903
71,20,2648.083903
71,20,2648.083903
71,23,2643.453514
71,23,2643.453514
71,23,2643.453514
71,23,2643.453514
72,14,3002.252087
72,14,3002.252087
72,14,3002.252087
72,14,3002.252087
72,14,3002.252087
72,14,3002.252087
72,14,3002.252087
72,14,3002.252087
72,14,3002.252087
72,14,3002.252087
72,14,3002.252087
72,14,3002.252087
72,14,3002.252087
72,14,3002.252087
72,14,3002.252087
72,15,2868.603880
72,15,2868.603880
72,15,2868.603880
72,15,2868.603880
72,15,2868.603880
72,15,2868.603880
72,15,2868.603880
72,15,2868.603880
72,15,2868.603880
72,15,2868.603880
72,15,2868.603880
72,15,2868.603880
72,15,2868.603880
72,15,2868.603880
72,16,2766.590567
72,16,2766.590567
72,16,2766.590567
72,16,2766.590567
72,16,2766.590567
72,16,2766.590567
72,16,2766.590567
72,17,2716.100588
72,17,2716.100588
72,17,2716.100588
72,17,2716.100588
72,17,2716.100588
72,17,2716.100588
72,17,2716.100588
72,17,2716.100588
72,17,2716.100588
72,17,2716.100588
72,17,2716.100588
72,17,2716.100588
72,17,2716.100588
72,18,2699.974419
72,18,2699.974419
72,18,2699.974419
72,18,2699.974419
72,18,2699.974419
72,18,2699.974419
72,19,2680.816898
72,19,2680.816898
72,19,2680.816898
72,20,2648.083903
72,20,2648.083903
72,20,2648.083903
72,20,2648.083903
72,20,2648.083903
72,20,2648.083903
72,20,2648.083903
72,20,2648.083903
72,23,2643.453514
72,23,2643.453514
72,23,2643.453514
72,23,2643.453514
72,23,2643.453514
73,14,2962.151921
73,15,2868.603880
73,15,2868.603880
73,15,2868.603880
73,15,2868.603880
73,15,2868.603880
73,15,2868.603880
73,15,2868.603880
73,15,2868.603880
73,15,2868.603880
73,15,2868.603880
73,15,2868.603880
73,15,2868.603880
73,15,2868.603880
73,15,2868.603880
73,15,2868.603880
73,15,2868.603880
73,16,2766.590567
73,16,2766.590567
73,16,2766.590567
73,16,2766.590567
73,16,2766.590567
73,16,2766.590567
73,16,2766.590567
73,16,2766.590567
73,17,2716.100588
73,17,2716.100588
73,17,2716.100588
73,17,2716.100588
73,17,2716.100588
73,17,2716.100588
73,17,2716.100588
73,17,2716.100588
73,17,2716.100588
73,17,2716.100588
73,17,2716.100588
73,17,2716.100588
73,17,2716.100588
73,17,2716.100588
73,18,2699.974419
73,18,2699.974419
73,18,2699.974419
73,18,2699.974419
73,18,2699.974419
73,18,2699.974419
73,18,2699.974419
73,19,2680.816898
73,19,2680.816898
73,19,2680.816898
73,19,2680.816898
73,20,2648.083903
73,20,2648.083903
73,20,2648.083903
73,20,2648.083903
73,20,2648.083903
73,20,2648.083903
73,20,2648.083903
73,20,2648.083903
73,20,2648.083903
73,23,2643.453514
73,23,2643.453514
73,23,2643.453514
73,23,2643.453514
73,23,2643.453514
73,23,2643.453514
74,14,2962.151921
74,14,2962.151921
74,15,2868.603880
74,15,2868.603880
74,15,2868.603880
74,15,2868.603880
74,15,2868.603880
74,15,2868.603880
74,15,2868.603880
74,15,2868.603880
74,15,2868.603880
74,15,2868.603880
74,15,2868.603880
74,15,2868.603880
74,15,2868.603880
74,15,2868.603880
74,15,2868.603880
74,15,2868.603880
74,15,2868.603880
74,15,2868.603880
74,16,2766.590567
74,16,2766.590567
74,16,2766.590567
74,16,2766.590567
74,16,2766.590567
74,16,2766.590567
74,16,2766.590567
74,16,2766.590567
74,16,2766.590567
74,17,2716.100588
74,17,2716.100588
74,17,2716.100588
74,17,2716.100588
74,17,2716.100588
74,17,2716.100588
74,17,2716.100588
74,17,2716.100588
74,17,2716.100588
74,17,2716.100588
74,17,2716.100588
74,17,2716.100588
74,17,2716.100588
74,17,2716.100588
74,17,2716.100588
74,18,2695.044265
74,19,2676.323991
74,20,2648.083903
74,20,2648.083903
74,20,2648.083903
74,20,2648.083903
74,20,2648.083903
74,20,2648.083903
74,20,2648.083903
74,20,2648.083903
74,20,2648.083903
74,20,2648.083903
74,23,2643.453514
74,23,2643.453514
74,23,2643.453514
74,23,2643.453514
74,23,2643.453514
74,23,2643.453514
74,23,2643.453514
75,14,2962.151921
75,14,2962.151921
75,14,2962.151921
75,15,2841.076217
75,16,2766.590567
75,16,2766.590567
75,16,2766.590567
75,16,2766.590567
75,16,2766.590567
75,16,2766.590567
75,16,2766.590567
75,16,2766.590567
75,16,2766.590567
75,16,2766.590567
75,17,2716.100588
75,17,2716.100588
75,17,2716.100588
75,17,2716.100588
75,17,2716.100588
75,17,2716.100588
75,17,2716.100588
75,17,2716.100588
75,17,2716.100588
75,17,2716.100588
75,17,2716.100588
75,17,2716.100588
75,17,2716.100588
75,17,2716.100588
75,17,2716.100588
75,17,2716.100588
75,18,2695.044265
75,18,2695.044265
75,19,2657.538908
75,20,2637.408474
76,14,2962.151921
76,14,2962.151921
76,14,2962.151921
76,14,2962.151921
76,15,2841.076217
76,15,2841.076217
76,16,2766.590567
76,16,2766.590567
76,16,2766.590567
76,16,2766.590567
76,16,2766.590567
76,16,2766.590567
76,16,2766.590567
76,16,2766.590567
76,16,2766.590567
76,16,2766.590567
76,16,2766.590567
76,17,2716.100588
76,17,2716.100588
76,17,2716.100588
76,17,2716.100588
76,17,2716.100588
76,17,2716.100588
76,17,2716.100588
76,17,2716.100588
76,17,2716.100588
76,17,2716.100588
76,17,2716.100588
76,17,2716.100588
76,17,2716.100588
76,17,2716.100588
76,17,2716.100588
76,17,2716.100588
76,17,2716.100588
76,18,2695.044265
76,18,2695.044265
76,18,2695.044265
76,19,2657.538908
76,19,2657.538908
76,20,2637.408474
76,20,2637.408474
76,21,2631.684873
77,14,2962.151921
77,14,2962.151921
77,14,2962.151921
77,14,2962.151921
77,14,2962.151921
77,15,2841.076217
77,15,2841.076217
77,15,2841.076217
77,16,2766.590567
77,16,2766.590567
77,16,2766.590567
77,16,2766.590567
77,16,2766.590567
77,16,2766.590567
77,16,2766.590567
77,16,2766.590567
77,16,2766.590567
77,16,2766.590567
77,16,2766.590567
77,16,2766.590567
77,17,2714.656294
77,18,2695.044265
77,18,2695.044265
77,18,2695.044265
77,18,2695.044265
77,19,2637.449426
77,20,2627.394556
78,14,2962.151921
78,14,2962.151921
78,14,2962.151921
78,14,2962.151921
78,14,2962.151921
78,14,2962.151921
78,15,2841.076217
78,15,2841.076217
78,15,2841.076217
78,15,2841.076217
78,16,2766.590567
78,16,2766.590567
78,16,2766.590567
78,16,2766.590567
78,16,2766.590567
78,16,2766.590567
78,16,2766.590567
78,16,2766.590567
78,16,2766.590567
78,16,2766.590567
78,16,2766.590567
78,16,2766.590567
78,16,2766.590567
78,17,2702.117564
78,18,2695.044265
78,18,2695.044265
78,18,2695.044265
78,18,2695.044265
78,18,2695.044265
78,19,2637.449426
78,19,2637.449426
78,20,2627.394556
78,20,2627.394556
79,14,2962.151921
79,14,2962.151921
79,14,2962.151921
79,14,2962.151921
79,14,2962.151921
79,14,2962.151921
79,14,2962.151921
79,15,2841.076217
79,15,2841.076217
79,15,2841.076217
79,15,2841.076217
79,15,2841.076217
79,16,2766.590567
79,16,2766.590567
79,16,2766.590567
79,16,2766.590567
79,16,2766.590567
79,16,2766.590567
79,16,2766.590567
79,16,2766.590567
79,16,2766.590567
79,16,2766.590567
79,16,2766.590567
79,16,2766.590567
79,16,2766.590567
79,16,2766.590567
79,17,2702.117564
79,17,2702.117564
79,18,2695.044265
79,18,2695.044265
79,18,2695.044265
79,18,2695.044265
79,18,2695.044265
79,18,2695.044265
79,19,2637.449426
79,19,2637.449426
79,19,2637.449426
79,20,2627.394556
79,20,2627.394556
79,20,2627.394556
80,14,2962.151921
80,14,2962.151921
80,14,2962.151921
80,14,2962.151921
80,14,2962.151921
80,14,2962.151921
80,14,2962.151921
80,14,2962.151921
80,15,2841.076217
80,15,2841.076217
80,15,2841.076217
80,15,2841.076217
80,15,2841.076217
80,15,2841.076217
80,16,2766.590567
80,16,2766.590567
80,16,2766.590567
80,16,2766.590567
80,16,2766.590567
80,16,2766.590567
80,16,2766.590567
80,16,2766.590567
80,16,2766.590567
80,16,2766.590567
80,16,2766.590567
80,16,2766.590567
80,16,2766.590567
80,16,2766.590567
80,16,2766.590567
80,17,2702.117564
80,17,2702.117564
80,17,2702.117564
80,18,2695.044265
80,18,2695.044265
80,18,2695.044265
80,18,2695.044265
80,18,2695.044265
80,18,2695.044265
80,18,2695.044265
80,19,2637.449426
80,19,2637.449426
80,19,2637.449426
80,19,2637.449426
80,20,2626.291663
81,14,2962.151921
81,14,2962.151921
81,14,2962.151921
81,14,2962.151921
81,14,2962.151921
81,14,2962.151921
81,14,2962.151921
81,14,2962.151921
81,14,2962.151921
81,15,2841.076217
81,15,2841.076217
81,15,2841.076217
81,15,2841.076217
81,15,2841.076217
81,15,2841.076217
81,15,2841.076217
81,16,2766.590567
81,16,2766.590567
81,16,2766.590567
81,16,2766.590567
81,16,2766.590567
81,16,2766.590567
81,16,2766.590567
81,16,2766.590567
81,16,2766.590567
81,16,2766.590567
81,16,2766.590567
81,16,2766.590567
81,16,2766.590567
81,16,2766.590567
81,16,2766.590567
81,16,2766.590567
81,17,2700.443359
81,18,2695.044265
81,18,2695.044265
81,18,2695.044265
81,18,2695.044265
81,18,2695.044265
81,18,2695.044265
81,18,2695.044265
81,18,2695.044265
81,19,2637.449426
81,19,2637.449426
81,19,2637.449426
81,19,2637.449426
81,19,2637.449426
81,20,2626.291663
81,20,2626.291663
82,14,2937.736120
82,15,2836.763258
82,16,2766.590567
82,16,2766.590567
82,16,2766.590567
82,16,2766.590567
82,16,2766.590567
82,16,2766.590567
82,16,2766.590567
82,16,2766.590567
82,16,2766.590567
82,16,2766.590567
82,16,2766.590567
82,16,2766.590567
82,16,2766.590567
82,16,2766.590567
82,16,2766.590567
82,16,2766.590567
82,16,2766.590567
82,17,2700.443359
82,17,2700.443359
82,18,2688.440782
82,19,2637.449426
82,19,2637.449426
82,19,2637.449426
82,19,2637.449426
82,19,2637.449426
82,19,2637.449426
82,20,2626.291663
82,20,2626.291663
82,20,2626.291663
83,14,2937.736120
83,14,2937.736120
83,15,2816.185701
83,16,2745.752042
83,17,2700.443359
83,17,2700.443359
83,17,2700.443359
83,18,2688.440782
83,18,2688.440782
83,19,2618.156018
84,14,2937.736120
84,14,2937.736120
84,14,2937.736120
84,15,2816.185701
84,15,2816.185701
84,16,2745.752042
84,16,2745.752042
84,17,2700.443359
84,17,2700.443359
84,17,2700.443359
84,17,2700.443359
84,18,2627.776964
84,19,2618.156018
84,19,2618.156018
85,13,3015.960374
85,14,2937.736120
85,14,2937.736120
85,14,2937.736120
85,14,2937.736120
85,15,2816.185701
85,15,2816.185701
85,15,2816.185701
85,15,2816.185701
85,16,2745.752042
85,16,2745.752042
85,16,2745.752042
85,17,2700.443359
85,17,2700.443359
85,17,2700.443359
85,17,2700.443359
85,17,2700.443359
85,18,2627.776964
85,18,2627.776964
85,19,2618.156018
85,19,2618.156018
85,19,2618.156018
86,13,3015.960374
86,13,3015.960374
86,14,2937.736120
86,14,2937.736120
86,14,2937.736120
86,14,2937.736120
86,14,2937.736120
86,15,2816.185701
86,15,2816.185701
86,15,2816.185701
86,15,2816.185701
86,15,2816.185701
86,15,2816.185701
86,16,2745.752042
86,16,2745.752042
86,16,2745.752042
86,16,2745.752042
86,17,2682.446451
86,18,2627.776964
86,18,2627.776964
86,18,2627.776964
86,19,2618.156018
86,19,2618.156018
86,19,2618.156018
86,19,2618.156018
87,13,3015.960374
87,13,3015.960374
87,13,3015.960374
87,14,2908.437721
87,15,2816.185701
87,15,2816.185701
87,15,2816.185701
87,15,2816.185701
87,15,2816.185701
87,15,2816.185701
87,15,2816.185701
87,15,2816.185701
87,16,2745.752042
87,16,2745.752042
87,16,2745.752042
87,16,2745.752042
87,16,2745.752042
87,17,2682.446451
87,17,2682.446451
87,18,2627.776964
87,18,2627.776964
87,18,2627.776964
87,18,2627.776964
87,19,2618.156018
87,19,2618.156018
87,19,2618.156018
87,19,2618.156018
87,19,2618.156018
87,20,2607.773337
88,13,3015.960374
88,13,3015.960374
88,13,3015.960374
88,13,3015.960374
88,14,2908.437721
88,14,2908.437721
88,15,2816.185701
88,15,2816.185701
88,15,2816.185701
88,15,2816.185701
88,15,2816.185701
88,15,2816.185701
88,15,2816.185701
88,15,2816.185701
88,15,2816.185701
88,15,2816.185701
88,16,2745.752042
88,16,2745.752042
88,16,2745.752042
88,16,2745.752042
88,16,2745.752042
88,16,2745.752042
88,17,2682.446451
88,17,2682.446451
88,17,2682.446451
88,18,2627.776964
88,18,2627.776964
88,18,2627.776964
88,18,2627.776964
88,18,2627.776964
88,19,2618.156018
88,19,2618.156018
88,19,2618.156018
88,19,2618.156018
88,19,2618.156018
88,19,2618.156018
88,20,2607.773337
88,20,2607.773337
89,13,3015.960374
89,13,3015.960374
89,13,3015.960374
89,13,3015.960374
89,13,3015.960374
89,14,2908.437721
89,14,2908.437721
89,14,2908.437721
89,15,2816.185701
89,15,2816.185701
89,15,2816.185701
89,15,2816.185701
89,15,2816.185701
89,15,2816.185701
89,15,2816.185701
89,15,2816.185701
89,15,2816.185701
89,15,2816.185701
89,15,2816.185701
89,15,2816.185701
89,16,2745.752042
89,16,2745.752042
89,16,2745.752042
89,16,2745.752042
89,16,2745.752042
89,16,2745.752042
89,16,2745.752042
89,17,2658.376363
89,18,2627.776964
89,18,2627.776964
89,18,2627.776964
89,18,2627.776964
89,18,2627.776964
89,18,2627.776964
89,19,2618.156018
89,19,2618.156018
89,19,2618.156018
89,19,2618.156018
89,19,2618.156018
89,19,2618.156018
89,19,2618.156018
89,20,2607.773337
89,20,2607.773337
89,20,2607.773337
90,13,3015.960374
90,13,3015.960374
90,13,3015.960374
90,13,3015.960374
90,13,3015.960374
90,13,3015.960374
90,14,2908.437721
90,14,2908.437721
90,14,2908.437721
90,14,2908.437721
90,15,2769.476326
90,16,2745.752042
90,16,2745.752042
90,16,2745.752042
90,16,2745.752042
90,16,2745.752042
90,16,2745.752042
90,16,2745.752042
90,16,2745.752042
90,17,2658.376363
90,17,2658.376363
90,18,2627.776964
90,18,2627.776964
90,18,2627.776964
90,18,2627.776964
90,18,2627.776964
90,18,2627.776964
90,18,2627.776964
90,19,2618.156018
90,19,2618.156018
90,19,2618.156018
90,19,2618.156018
90,19,2618.156018
90,19,2618.156018
90,19,2618.156018
90,19,2618.156018
90,20,2607.773337
90,20,2607.773337
90,20,2607.773337
90,20,2607.773337
91,13,3015.960374
91,13,3015.960374
91,13,3015.960374
91,13,3015.960374
91,13,3015.960374
91,13,3015.960374
91,13,3015.960374
91,14,2908.437721
91,14,2908.437721
91,14,2908.437721
91,14,2908.437721
91,14,2908.437721
91,15,2769.476326
91,15,2769.476326
91,16,2745.752042
91,16,2745.752042
91,16,2745.752042
91,16,2745.752042
91,16,2745.752042
91,16,2745.752042
91,16,2745.752042
91,16,2745.752042
91,16,2745.752042
91,17,2658.376363
91,17,2658.376363
91,17,2658.376363
91,18,2627.776964
91,18,2627.776964
91,18,2627.776964
91,18,2627.776964
91,18,2627.776964
91,18,2627.776964
91,18,2627.776964
91,18,2627.776964
91,19,2618.156018
91,19,2618.156018
91,19,2618.156018
91,19,2618.156018
91,19,2618.156018
91,19,2618.156018
91,19,2618.156018
91,19,2618.156018
91,19,2618.156018
91,20,2607.773337
91,20,2607.773337
91,20,2607.773337
91,20,2607.773337
91,20,2607.773337
92,13,3015.960374
92,13,3015.960374
92,13,3015.960374
92,13,3015.960374
92,13,3015.960374
92,13,3015.960374
92,13,3015.960374
92,13,3015.960374
92,14,2908.437721
92,14,2908.437721
92,14,2908.437721
92,14,2908.437721
92,14,2908.437721
92,14,2908.437721
92,15,2769.476326
92,15,2769.476326
92,15,2769.476326
92,16,2745.752042
92,16,2745.752042
92,16,2745.752042
92,16,2745.752042
92,16,2745.752042
92,16,2745.752042
92,16,2745.752042
92,16,2745.752042
92,16,2745.752042
92,16,2745.752042
92,17,2658.376363
92,17,2658.376363
92,17,2658.376363
92,17,2658.376363
92,18,2627.776964
92,18,2627.776964
92,18,2627.776964
92,18,2627.776964
92,18,2627.776964
92,18,2627.776964
92,18,2627.776964
92,18,2627.776964
92,18,2627.776964
92,19,2618.156018
92,19,2618.156018
92,19,2618.156018
92,19,2618.156018
92,19,2618.156018
92,19,2618.156018
92,19,2618.156018
92,19,2618.156018
92,19,2618.156018
92,19,2618.156018
92,20,2607.773337
92,20,2607.773337
92,20,2607.773337
92,20,2607.773337
92,20,2607.773337
92,20,2607.773337
93,13,3012.139049
93,14,2908.437721
93,14,2908.437721
93,14,2908.437721
93,14,2908.437721
93,14,2908.437721
93,14,2908.437721
93,14,2908.437721
93,15,2769.476326
93,15,2769.476326
93,15,2769.476326
93,15,2769.476326
93,16,2745.752042
93,16,2745.752042
93,16,2745.752042
93,16,2745.752042
93,16,2745.752042
93,16,2745.752042
93,16,2745.752042
93,16,2745.752042
93,16,2745.752042
93,16,2745.752042
93,16,2745.752042
93,17,2658.376363
93,17,2658.376363
93,17,2658.376363
93,17,2658.376363
93,17,2658.376363
93,18,2627.776964
93,18,2627.776964
93,18,2627.776964
93,18,2627.776964
93,18,2627.776964
93,18,2627.776964
93,18,2627.776964
93,18,2627.776964
93,18,2627.776964
93,18,2627.776964
93,19,2618.156018
93,19,2618.156018
93,19,2618.156018
93,19,2618.156018
93,19,2618.156018
93,19,2618.156018
93,19,2618.156018
93,19,2618.156018
93,19,2618.156018
93,19,2618.156018
93,19,2618.156018
93,20,2607.773337
93,20,2607.773337
93,20,2607.773337
93,20,2607.773337
93,20,2607.773337
93,20,2607.773337
93,20,2607.773337
94,13,3012.139049
94,13,3012.139049
94,14,2901.079277
94,15,2769.476326
94,15,2769.476326
94,15,2769.476326
94,15,2769.476326
94,15,2769.476326
94,16,2734.704454
94,17,2658.376363
94,17,2658.376363
94,17,2658.376363
94,17,2658.376363
94,17,2658.376363
94,17,2658.376363
94,18,2627.776964
94,18,2627.776964
94,18,2627.776964
94,18,2627.776964
94,18,2627.776964
94,18,2627.776964
94,18,2627.776964
94,18,2627.776964
94,18,2627.776964
94,18,2627.776964
94,18,2627.776964
94,19,2618.156018
94,19,2618.156018
94,19,2618.156018
94,19,2618.156018
94,19,2618.156018
94,19,2618.156018
94,19,2618.156018
94,19,2618.156018
94,19,2618.156018
94,19,2618.156018
94,19,2618.156018
94,19,2618.156018
94,20,2607.773337
94,20,2607.773337
94,20,2607.773337
94,20,2607.773337
94,20,2607.773337
94,20,2607.773337
94,20,2607.773337
94,20,2607.773337
95,13,3012.139049
95,13,3012.139049
95,13,3012.139049
95,14,2901.079277
95,14,2901.079277
95,15,2769.476326
95,15,2769.476326
95,15,2769.476326
95,15,2769.476326
95,15,2769.476326
95,15,2769.476326
95,16,2734.704454
95,16,2734.704454
95,17,2658.376363
95,17,2658.376363
95,17,2658.376363
95,17,2658.376363
95,17,2658.376363
95,17,2658.376363
95,17,2658.376363
95,18,2627.776964
95,18,2627.776964
95,18,2627.776964
95,18,2627.776964
95,18,2627.776964
95,18,2627.776964
95,18,2627.776964
95,18,2627.776964
95,18,2627.776964
95,18,2627.776964
95,18,2627.776964
95,18,2627.776964
95,19,2618.156018
95,19,2618.156018
95,19,2618.156018
95,19,2618.156018
95,19,2618.156018
95,19,2618.156018
95,19,2618.156018
95,19,2618.156018
95,19,2618.156018
95,19,2618.156018
95,19,2618.156018
95,19,2618.156018
95,19,2618.156018
95,20,2607.773337
95,20,2607.773337
95,20,2607.773337
95,20,2607.773337
95,20,2607.773337
95,20,2607.773337
95,20,2607.773337
95,20,2607.773337
95,20,2607.773337
96,13,3012.139049
96,13,3012.139049
96,13,3012.139049
96,13,3012.139049
96,14,2901.079277
96,14,2901.079277
96,14,2901.079277
96,15,2769.476326
96,15,2769.476326
96,15,2769.476326
96,15,2769.476326
96,15,2769.476326
96,15,2769.476326
96,15,2769.476326
96,16,2734.704454
96,16,2734.704454
96,16,2734.704454
96,17,2658.376363
96,17,2658.376363
96,17,2658.376363
96,17,2658.376363
96,17,2658.376363
96,17,2658.376363
96,17,2658.376363
96,17,2658.376363
96,18,2627.776964
96,18,2627.776964
96,18,2627.776964
96,18,2627.776964
96,18,2627.776964
96,18,2627.776964
96,18,2627.776964
96,18,2627.776964
96,18,2627.776964
96,18,2627.776964
96,18,2627.776964
96,18,2627.776964
96,18,2627.776964
96,19,2601.081399
97,13,3012.139049
97,13,3012.139049
97,13,3012.139049
97,13,3012.139049
97,13,3012.139049
97,14,2901.079277
97,14,2901.079277
97,14,2901.079277
97,14,2901.079277
97,15,2769.476326
97,15,2769.476326
97,15,2769.476326
97,15,2769.476326
97,15,2769.476326
97,15,2769.476326
97,15,2769.476326
97,15,2769.476326
97,16,2723.769698
97,17,2658.376363
97,17,2658.376363
97,17,2658.376363
97,17,2658.376363
97,17,2658.376363
97,17,2658.376363
97,17,2658.376363
97,17,2658.376363
97,17,2658.376363
97,18,2597.647343
98,13,3012.139049
98,13,3012.139049
98,13,3012.139049
98,13,3012.139049
98,13,3012.139049
98,13,3012.139049
98,14,2901.079277
98,14,2901.079277
98,14,2901.079277
98,14,2901.079277
98,14,2901.079277
98,15,2769.476326
98,15,2769.476326
98,15,2769.476326
98,15,2769.476326
98,15,2769.476326
98,15,2769.476326
98,15,2769.476326
98,15,2769.476326
98,15,2769.476326
98,16,2723.769698
98,16,2723.769698
98,17,2657.270692
98,18,2597.647343
98,18,2597.647343
99,13,3012.139049
99,13,3012.139049
99,13,3012.139049
99,13,3012.139049
99,13,3012.139049
99,13,3012.139049
99,13,3012.139049
99,14,2901.079277
99,14,2901.079277
99,14,2901.079277
99,14,2901.079277
99,14,2901.079277
99,14,2901.079277
99,15,2769.476326
99,15,2769.476326
99,15,2769.476326
99,15,2769.476326
99,15,2769.476326
99,15,2769.476326
99,15,2769.476326
99,15,2769.476326
99,15,2769.476326
99,15,2769.476326
99,16,2723.769698
99,16,2723.769698
99,16,2723.769698
99,17,2657.270692
99,17,2657.270692
99,18,2597.647343
99,18,2597.647343
99,18,2597.647343
99,19,2570.555344
100,13,3012.139049
100,13,3012.139049
100,13,3012.139049
100,13,3012.139049
100,13,3012.139049
100,13,3012.139049
100,13,3012.139049
100,13,3012.139049
100,14,2901.079277
100,14,2901.079277
100,14,2901.079277
100,14,2901.079277
100,14,2901.079277
100,14,2901.079277
100,14,2901.079277
100,15,2769.476326
100,15,2769.476326
100,15,2769.476326
100,15,2769.476326
100,15,2769.476326
100,15,2769.476326
100,15,2769.476326
100,15,2769.476326
100,15,2769.476326
100,15,2769.476326
100,15,2769.476326
100,16,2706.355748
100,17,2657.270692
100,17,2657.270692
100,17,2657.270692
100,18,2597.647343
100,18,2597.647343
100,18,2597.647343
100,18,2597.647343
100,19,2570.555344
100,19,2570.555344
101,13,3012.139049
101,13,3012.139049
101,13,3012.139049
101,13,3012.139049
101,13,3012.139049
101,13,3012.139049
101,13,3012.139049
101,13,3012.139049
101,13,3012.139049
101,14,2891.950220
101,15,2733.217917
101,16,2706.355748
101,16,2706.355748
101,17,2651.006144
101,18,2597.647343
101,18,2597.647343
101,18,2597.647343
101,18,2597.647343
101,18,2597.647343
101,19,2570.555344
101,19,2570.555344
101,19,2570.555344
102,13,3012.139049
102,13,3012.139049
102,13,3012.139049
102,13,3012.139049
102,13,3012.139049
102,13,3012.139049
102,13,3012.139049
102,13,3012.139049
102,13,3012.139049
102,13,3012.139049
102,14,2850.132953
102,15,2733.217917
102,15,2733.217917
102,16,2706.355748
102,16,2706.355748
102,16,2706.355748
102,17,2651.006144
102,17,2651.006144
102,18,2597.647343
102,18,2597.647343
102,18,2597.647343
102,18,2597.647343
102,18,2597.647343
102,18,2597.647343
102,19,2570.555344
102,19,2570.555344
102,19,2570.555344
102,19,2570.555344
103,13,3012.139049
103,13,3012.139049
103,13,3012.139049
103,13,3012.139049
103,13,3012.139049
103,13,3012.139049
103,13,3012.139049
103,13,3012.139049
103,13,3012.139049
103,13,3012.139049
103,13,3012.139049
103,14,2850.132953
103,14,2850.132953
103,15,2733.217917
103,15,2733.217917
103,15,2733.217917
103,16,2706.355748
103,16,2706.355748
103,16,2706.355748
103,16,2706.355748
103,17,2651.006144
103,17,2651.006144
103,17,2651.006144
103,18,2597.647343
103,18,2597.647343
103,18,2597.647343
103,18,2597.647343
103,18,2597.647343
103,18,2597.647343
103,18,2597.647343
103,19,2570.555344
103,19,2570.555344
103,19,2570.555344
103,19,2570.555344
103,19,2570.555344
104,13,3008.418563
104,14,2850.132953
104,14,2850.132953
104,14,2850.132953
104,15,2733.217917
104,15,2733.217917
104,15,2733.217917
104,15,2733.217917
104,16,2668.138795
104,17,2651.006144
104,17,2651.006144
104,17,2651.006144
104,17,2651.006144
104,18,2597.647343
104,18,2597.647343
104,18,2597.647343
104,18,2597.647343
104,18,2597.647343
104,18,2597.647343
104,18,2597.647343
104,18,2597.647343
104,19,2570.555344
104,19,2570.555344
104,19,2570.555344
104,19,2570.555344
104,19,2570.555344
104,19,2570.555344
105,13,3008.418563
105,13,3008.418563
105,14,2850.132953
105,14,2850.132953
105,14,2850.132953
105,14,2850.132953
105,15,2733.217917
105,15,2733.217917
105,15,2733.217917
105,15,2733.217917
105,15,2733.217917
105,16,2668.138795
105,16,2668.138795
105,17,2651.006144
105,17,2651.006144
105,17,2651.006144
105,17,2651.006144
105,17,2651.006144
105,18,2597.647343
105,18,2597.647343
105,18,2597.647343
105,18,2597.647343
105,18,2597.647343
105,18,2597.647343
105,18,2597.647343
105,18,2597.647343
105,18,2597.647343
105,19,2570.555344
105,19,2570.555344
105,19,2570.555344
105,19,2570.555344
105,19,2570.555344
105,19,2570.555344
105,19,2570.555344
106,13,2972.654685
106,14,2850.132953
106,14,2850.132953
106,14,2850.132953
106,14,2850.132953
106,14,2850.132953
106,15,2733.217917
106,15,2733.217917
106,15,2733.217917
106,15,2733.217917
106,15,2733.217917
106,15,2733.217917
106,16,2668.138795
106,16,2668.138795
106,16,2668.138795
106,17,2651.006144
106,17,2651.006144
106,17,2651.006144
106,17,2651.006144
106,17,2651.006144
106,17,2651.006144
106,18,2597.647343
106,18,2597.647343
106,18,2597.647343
106,18,2597.647343
106,18,2597.647343
106,18,2597.647343
106,18,2597.647343
106,18,2597.647343
106,18,2597.647343
106,18,2597.647343
106,19,2570.555344
106,19,2570.555344
106,19,2570.555344
106,19,2570.555344
106,19,2570.555344
106,19,2570.555344
106,19,2570.555344
106,19,2570.555344
107,13,2972.654685
107,13,2972.654685
107,14,2840.725060
107,15,2733.217917
107,15,2733.217917
107,15,2733.217917
107,15,2733.217917
107,15,2733.217917
107,15,2733.217917
107,15,2733.217917
107,16,2668.138795
107,16,2668.138795
107,16,2668.138795
107,16,2668.138795
107,17,2642.189559
107,18,2597.647343
107,18,2597.647343
107,18,2597.647343
107,18,2597.647343
107,18,2597.647343
107,18,2597.647343
107,18,2597.647343
107,18,2597.647343
107,18,2597.647343
107,18,2597.647343
107,18,2597.647343
107,19,2570.555344
107,19,2570.555344
107,19,2570.555344
107,19,2570.555344
107,19,2570.555344
107,19,2570.555344
107,19,2570.555344
107,19,2570.555344
107,19,2570.555344
108,13,2972.654685
108,13,2972.654685
108,13,2972.654685
108,14,2840.725060
108,14,2840.725060
108,15,2733.217917
108,15,2733.217917
108,15,2733.217917
108,15,2733.217917
108,15,2733.217917
108,15,2733.217917
108,15,2733.217917
108,15,2733.217917
108,16,2668.138795
108,16,2668.138795
108,16,2668.138795
108,16,2668.138795
108,16,2668.138795
108,17,2642.189559
108,17,2642.189559
108,18,2597.647343
108,18,2597.647343
108,18,2597.647343
108,18,2597.647343
108,18,2597.647343
108,18,2597.647343
108,18,2597.647343
108,18,2597.647343
108,18,2597.647343
108,18,2597.647343
108,18,2597.647343
108,18,2597.647343
108,19,2570.555344
108,19,2570.555344
108,19,2570.555344
108,19,2570.555344
108,19,2570.555344
108,19,2570.555344
108,19,2570.555344
108,19,2570.555344
108,19,2570.555344
108,19,2570.555344
108,19,2570.555344
109,13,2972.654685
109,13,2972.654685
109,13,2972.654685
109,13,2972.654685
109,14,2840.725060
109,14,2840.725060
109,14,2840.725060
109,15,2733.217917
109,15,2733.217917
109,15,2733.217917
109,15,2733.217917
109,15,2733.217917
109,15,2733.217917
109,15,2733.217917
109,15,2733.217917
109,15,2733.217917
109,16,2668.138795
109,16,2668.138795
109,16,2668.138795
109,16,2668.138795
109,16,2668.138795
109,16,2668.138795
109,17,2642.189559
109,17,2642.189559
109,17,2642.189559
109,18,2597.647343
109,18,2597.647343
109,18,2597.647343
109,18,2597.647343
109,18,2597.647343
109,18,2597.647343
109,18,2597.647343
109,18,2597.647343
109,18,2597.647343
109,18,2597.647343
109,18,2597.647343
109,18,2597.647343
109,18,2597.647343
109,19,2570.555344
109,19,2570.555344
109,19,2570.555344
109,19,2570.555344
109,19,2570.555344
109,19,2570.555344
109,19,2570.555344
109,19,2570.555344
109,19,2570.555344
109,19,2570.555344
109,19,2570.555344
109,19,2570.555344
109,19,2570.555344
110,13,2972.654685
110,13,2972.654685
110,13,2972.654685
110,13,2972.654685
110,13,2972.654685
110,14,2837.872681
110,15,2733.217917
110,15,2733.217917
110,15,2733.217917
110,15,2733.217917
110,15,2733.217917
110,15,2733.217917
110,15,2733.217917
110,15,2733.217917
110,15,2733.217917
110,15,2733.217917
110,16,2668.138795
110,16,2668.138795
110,16,2668.138795
110,16,2668.138795
110,16,2668.138795
110,16,2668.138795
110,16,2668.138795
110,17,2642.189559
110,17,2642.189559
110,17,2642.189559
110,17,2642.189559
110,18,2597.647343
110,18,2597.647343
110,18,2597.647343
110,18,2597.647343
110,18,2597.647343
110,18,2597.647343
110,18,2597.647343
110,18,2597.647343
110,18,2597.647343
110,18,2597.647343
110,18,2597.647343
110,18,2597.647343
110,18,2597.647343
110,18,2597.647343
110,19,2570.555344
110,19,2570.555344
110,19,2570.555344
110,19,2570.555344
110,19,2570.555344
110,19,2570.555344
110,19,2570.555344
110,19,2570.555344
110,19,2570.555344
110,19,2570.555344
110,19,2570.555344
110,19,2570.555344
110,19,2570.555344
110,19,2570.555344
110,19,2570.555344
111,13,2972.654685
111,13,2972.654685
111,13,2972.654685
111,13,2972.654685
111,13,2972.654685
111,13,2972.654685
111,14,2837.872681
111,14,2837.872681
111,15,2733.217917
111,15,2733.217917
111,15,2733.217917
111,15,2733.217917
111,15,2733.217917
111,15,2733.217917
111,15,2733.217917
111,15,2733.217917
111,15,2733.217917
111,15,2733.217917
111,15,2733.217917
111,16,2668.138795
111,16,2668.138795
111,16,2668.138795
111,16,2668.138795
111,16,2668.138795
111,16,2668.138795
111,16,2668.138795
111,16,2668.138795
111,17,2642.189559
111,17,2642.189559
111,17,2642.189559
111,17,2642.189559
111,17,2642.189559
111,18,2597.647343
111,18,2597.647343
111,18,2597.647343
111,18,2597.647343
111,18,2597.647343
111,18,2597.647343
111,18,2597.647343
111,18,2597.647343
111,18,2597.647343
111,18,2597.647343
111,18,2597.647343
111,18,2597.647343
111,18,2597.647343
111,18,2597.647343
111,18,2597.647343
111,19,2570.555344
111,19,2570.555344
111,19,2570.555344
111,19,2570.555344
111,19,2570.555344
111,19,2570.555344
111,19,2570.555344
111,19,2570.555344
111,19,2570.555344
111,19,2570.555344
111,19,2570.555344
111,19,2570.555344
111,19,2570.555344
111,19,2570.555344
111,19,2570.555344
111,19,2570.555344
111,19,2570.555344
112,13,2972.654685
112,13,2972.654685
112,13,2972.654685
112,13,2972.654685
112,13,2972.654685
112,13,2972.654685
112,13,2972.654685
112,14,2837.872681
112,14,2837.872681
112,14,2837.872681
112,15,2727.056380
112,16,2668.138795
112,16,2668.138795
112,16,2668.138795
112,16,2668.138795
112,16,2668.138795
112,16,2668.138795
112,16,2668.138795
112,16,2668.138795
112,16,2668.138795
112,17,2631.690230
112,18,2597.647343
112,18,2597.647343
112,18,2597.647343
112,18,2597.647343
112,18,2597.647343
112,18,2597.647343
112,18,2597.647343
112,18,2597.647343
112,18,2597.647343
112,18,2597.647343
112,18,2597.647343
112,18,2597.647343
112,18,2597.647343
112,18,2597.647343
112,18,2597.647343
112,18,2597.647343
112,19,2570.555344
112,19,2570.555344
112,19,2570.555344
112,19,2570.555344
112,19,2570.555344
112,19,2570.555344
112,19,2570.555344
112,19,2570.555344
112,19,2570.555344
112,19,2570.555344
112,19,2570.555344
112,19,2570.555344
112,19,2570.555344
112,19,2570.555344
112,19,2570.555344
112,19,2570.555344
112,19,2570.555344
112,19,2570.555344
112,19,2570.555344
113,13,2972.654685
113,13,2972.654685
113,13,2972.654685
113,13,2972.654685
113,13,2972.654685
113,13,2972.654685
113,13,2972.654685
113,13,2972.654685
113,14,2825.552157
113,15,2727.056380
113,15,2727.056380
113,16,2668.138795
113,16,2668.138795
113,16,2668.138795
113,16,2668.138795
113,16,2668.138795
113,16,2668.138795
113,16,2668.138795
113,16,2668.138795
113,16,2668.138795
113,16,2668.138795
113,17,2631.690230
113,17,2631.690230
113,18,2597.647343
113,18,2597.647343
113,18,2597.647343
113,18,2597.647343
113,18,2597.647343
113,18,2597.647343
113,18,2597.647343
113,18,2597.647343
113,18,2597.647343
113,18,2597.647343
113,18,2597.647343
113,18,2597.647343
113,18,2597.647343
113,18,2597.647343
113,18,2597.647343
113,18,2597.647343
113,18,2597.647343
113,19,2570.555344
113,19,2570.555344
113,19,2570.555344
113,19,2570.555344
113,19,2570.555344
113,19,2570.555344
113,19,2570.555344
113,19,2570.555344
113,19,2570.555344
113,19,2570.555344
113,19,2570.555344
113,19,2570.555344
113,19,2570.555344
113,19,2570.555344
113,19,2570.555344
113,19,2570.555344
113,19,2570.555344
113,19,2570.555344
113,19,2570.555344
113,19,2570.555344
113,19,2570.555344
114,13,2972.654685
114,13,2972.654685
114,13,2972.654685
114,13,2972.654685
114,13,2972.654685
114,13,2972.654685
114,13,2972.654685
114,13,2972.654685
114,13,2972.654685
114,14,2825.552157
114,14,2825.552157
114,15,2713.837645
114,16,2652.785120
114,17,2631.690230
114,17,2631.690230
114,17,2631.690230
114,18,2597.647343
114,18,2597.647343
114,18,2597.647343
114,18,2597.647343
114,18,2597.647343
114,18,2597.647343
114,18,2597.647343
114,18,2597.647343
114,18,2597.647343
114,18,2597.647343
114,18,2597.647343
114,18,2597.647343
114,18,2597.647343
114,18,2597.647343
114,18,2597.647343
114,18,2597.647343
114,18,2597.647343
114,18,2597.647343
114,19,2570.555344
114,19,2570.555344
114,19,2570.555344
114,19,2570.555344
114,19,2570.555344
114,19,2570.555344
114,19,2570.555344
114,19,2570.555344
114,19,2570.555344
114,19,2570.555344
114,19,2570.555344
114,19,2570.555344
114,19,2570.555344
114,19,2570.555344
114,19,2570.555344
114,19,2570.555344
114,19,2570.555344
114,19,2570.555344
114,19,2570.555344
114,19,2570.555344
114,19,2570.555344
114,19,2570.555344
114,19,2570.555344
115,12,3308.638199
115,13,2957.417102
115,14,2825.552157
115,14,2825.552157
115,14,2825.552157
115,15,2710.185897
115,16,2652.785120
115,16,2652.785120
115,17,2629.165164
115,18,2597.647343
115,18,2597.647343
115,18,2597.647343
115,18,2597.647343
115,18,2597.647343
115,18,2597.647343
115,18,2597.647343
115,18,2597.647343
115,18,2597.647343
115,18,2597.647343
115,18,2597.647343
115,18,2597.647343
115,18,2597.647343
115,18,2597.647343
115,18,2597.647343
115,18,2597.647343
115,18,2597.647343
115,18,2597.647343
115,18,2597.647343
115,19,2570.555344
115,19,2570.555344
115,19,2570.555344
115,19,2570.555344
115,19,2570.555344
115,19,2570.555344
115,19,2570.555344
115,19,2570.555344
115,19,2570.555344
115,19,2570.555344
115,19,2570.555344
115,19,2570.555344
115,19,2570.555344
115,19,2570.555344
115,19,2570.555344
115,19,2570.555344
115,19,2570.555344
115,19,2570.555344
115,19,2570.555344
115,19,2570.555344
115,19,2570.555344
115,19,2570.555344
115,19,2570.555344
115,19,2570.555344
115,19,2570.555344
116,12,3231.051991
116,13,2957.417102
116,13,2957.417102
116,14,2825.552157
116,14,2825.552157
116,14,2825.552157
116,14,2825.552157
116,15,2710.185897
116,15,2710.185897
116,16,2652.785120
116,16,2652.785120
116,16,2652.785120
116,17,2629.165164
116,17,2629.165164
116,18,2582.023972
116,19,2570.555344
116,19,2570.555344
116,19,2570.555344
116,19,2570.555344
116,19,2570.555344
116,19,2570.555344
116,19,2570.555344
116,19,2570.555344
116,19,2570.555344
116,19,2570.555344
116,19,2570.555344
116,19,2570.555344
116,19,2570.555344
116,19,2570.555344
116,19,2570.555344
116,19,2570.555344
116,19,2570.555344
116,19,2570.555344
116,19,2570.555344
116,19,2570.555344
116,19,2570.555344
116,19,2570.555344
116,19,2570.555344
116,19,2570.555344
116,19,2570.555344
116,19,2570.555344
116,19,2570.555344
117,12,3231.051991
117,12,3231.051991
117,13,2957.417102
117,13,2957.417102
117,13,2957.417102
117,14,2825.552157
117,14,2825.552157
117,14,2825.552157
117,14,2825.552157
117,14,2825.552157
117,15,2710.185897
117,15,2710.185897
117,15,2710.185897
117,16,2652.785120
117,16,2652.785120
117,16,2652.785120
117,16,2652.785120
117,17,2629.165164
117,17,2629.165164
117,17,2629.165164
117,18,2582.023972
117,18,2582.023972
117,19,2570.555344
117,19,2570.555344
117,19,2570.555344
117,19,2570.555344
117,19,2570.555344
117,19,2570.555344
117,19,2570.555344
117,19,2570.555344
117,19,2570.555344
117,19,2570.555344
117,19,2570.555344
117,19,2570.555344
117,19,2570.555344
117,19,2570.555344
117,19,2570.555344
117,19,2570.555344
117,19,2570.555344
117,19,2570.555344
117,19,2570.555344
117,19,2570.555344
117,19,2570.555344
117,19,2570.555344
117,19,2570.555344
117,19,2570.555344
117,19,2570.555344
117,19,2570.555344
117,19,2570.555344
117,19,2570.555344
117,19,2570.555344
118,12,3231.051991
118,12,3231.051991
118,12,3231.051991
118,13,2957.417102
118,13,2957.417102
118,13,2957.417102
118,13,2957.417102
118,14,2800.350568
118,15,2710.185897
118,15,2710.185897
118,15,2710.185897
118,15,2710.185897
118,16,2652.785120
118,16,2652.785120
118,16,2652.785120
118,16,2652.785120
118,16,2652.785120
118,17,2591.326885
118,18,2582.023972
118,18,2582.023972
118,18,2582.023972
118,19,2570.555344
118,19,2570.555344
118,19,2570.555344
118,19,2570.555344
118,19,2570.555344
118,19,2570.555344
118,19,2570.555344
118,19,2570.555344
118,19,2570.555344
118,19,2570.555344
118,19,2570.555344
118,19,2570.555344
118,19,2570.555344
118,19,2570.555344
118,19,2570.555344
118,19,2570.555344
118,19,2570.555344
118,19,2570.555344
118,19,2570.555344
118,19,2570.555344
118,19,2570.555344
118,19,2570.555344
118,19,2570.555344
118,19,2570.555344
118,19,2570.555344
118,19,2570.555344
118,19,2570.555344
118,19,2570.555344
118,19,2570.555344
118,19,2570.555344
118,19,2570.555344
119,12,3231.051991
119,12,3231.051991
119,12,3231.051991
119,12,3231.051991
119,13,2957.417102
119,13,2957.417102
119,13,2957.417102
119,13,2957.417102
119,13,2957.417102
119,14,2800.350568
119,14,2800.350568
119,15,2692.808147
119,16,2652.785120
119,16,2652.785120
119,16,2652.785120
119,16,2652.785120
119,16,2652.785120
119,16,2652.785120
119,17,2591.326885
119,17,2591.326885
119,18,2582.023972
119,18,2582.023972
119,18,2582.023972
119,18,2582.023972
119,19,2570.555344
119,19,2570.555344
119,19,2570.555344
119,19,2570.555344
119,19,2570.555344
119,19,2570.555344
119,19,2570.555344
119,19,2570.555344
119,19,2570.555344
119,19,2570.555344
119,19,2570.555344
119,19,2570.555344
119,19,2570.555344
119,19,2570.555344
119,19,2570.555344
119,19,2570.555344
119,19,2570.555344
119,19,2570.555344
119,19,2570.555344
119,19,2570.555344
119,19,2570.555344
119,19,2570.555344
119,19,2570.555344
119,19,2570.555344
119,19,2570.555344
119,19,2570.555344
119,19,2570.555344
119,19,2570.555344
119,19,2570.555344
119,19,2570.555344
119,19,2570.555344
119,19,2570.555344
119,19,2570.555344
120,12,3231.051991
120,12,3231.051991
120,12,3231.051991
120,12,3231.051991
120,12,3231.051991
120,13,2957.417102
120,13,2957.417102
120,13,2957.417102
120,13,2957.417102
120,13,2957.417102
120,13,2957.417102
120,14,2800.350568
120,14,2800.350568
120,14,2800.350568
120,15,2692.808147
120,15,2692.808147
120,16,2652.785120
120,16,2652.785120
120,16,2652.785120
120,16,2652.785120
120,16,2652.785120
120,16,2652.785120
120,16,2652.785120
120,17,2591.326885
120,17,2591.326885
120,17,2591.326885
120,18,2582.023972
120,18,2582.023972
120,18,2582.023972
120,18,2582.023972
120,18,2582.023972
120,19,2570.555344
120,19,2570.555344
120,19,2570.555344
120,19,2570.555344
120,19,2570.555344
120,19,2570.555344
120,19,2570.555344
120,19,2570.555344
120,19,2570.555344
120,19,2570.555344
120,19,2570.555344
120,19,2570.555344
120,19,2570.555344
120,19,2570.555344
120,19,2570.555344
120,19,2570.555344
120,19,2570.555344
120,19,2570.555344
120,19,2570.555344
120,19,2570.555344
120,19,2570.555344
120,19,2570.555344
120,19,2570.555344
120,19,2570.555344
120,19,2570.555344
120,19,2570.555344
120,19,2570.555344
120,19,2570.555344
120,19,2570.555344
120,19,2570.555344
120,19,2570.555344
120,19,2570.555344
120,19,2570.555344
120,19,2570.555344
120,19,2570.555344
121,12,3231.051991
121,12,3231.051991
121,12,3231.051991
121,12,3231.051991
121,12,3231.051991
121,12,3231.051991
121,13,2872.935548
121,14,2800.350568
121,14,2800.350568
121,14,2800.350568
121,14,2800.350568
121,15,2692.808147
121,15,2692.808147
121,15,2692.808147
121,16,2652.785120
121,16,2652.785120
121,16,2652.785120
121,16,2652.785120
121,16,2652.785120
121,16,2652.785120
121,16,2652.785120
121,16,2652.785120
121,17,2552.507562
122,12,3231.051991
122,12,3231.051991
122,12,3231.051991
122,12,3231.051991
122,12,3231.051991
122,12,3231.051991
122,12,3231.051991
122,13,2872.935548
122,13,2872.935548
122,14,2800.350568
122,14,2800.350568
122,14,2800.350568
122,14,2800.350568
122,14,2800.350568
122,15,2683.703884
122,16,2624.933643
122,17,2552.507562
122,17,2552.507562
123,12,3231.051991
123,12,3231.051991
123,12,3231.051991
123,12,3231.051991
123,12,3231.051991
123,12,3231.051991
123,12,3231.051991
123,12,3231.051991
123,13,2872.935548
123,13,2872.935548
123,13,2872.935548
123,14,2776.009541
123,15,2645.570408
123,16,2624.933643
123,16,2624.933643
123,17,2552.507562
123,17,2552.507562
123,17,2552.507562
123,18,2533.834353
124,12,3214.698415
124,13,2872.935548
124,13,2872.935548
124,13,2872.935548
124,13,2872.935548
124,14,2741.780287
124,15,2645.570408
124,15,2645.570408
124,16,2624.933643
124,16,2624.933643
124,16,2624.933643
124,17,2552.507562
124,17,2552.507562
124,17,2552.507562
124,17,2552.507562
124,18,2533.834353
124,18,2533.834353
125,12,3214.698415
125,12,3214.698415
125,13,2872.935548
125,13,2872.935548
125,13,2872.935548
125,13,2872.935548
125,13,2872.935548
125,14,2714.818221
125,15,2645.570408
125,15,2645.570408
125,15,2645.570408
125,16,2624.933643
125,16,2624.933643
125,16,2624.933643
125,16,2624.933643
125,17,2552.507562
125,17,2552.507562
125,17,2552.507562
125,17,2552.507562
125,17,2552.507562
125,18,2533.834353
125,18,2533.834353
125,18,2533.834353
126,12,3214.698415
126,12,3214.698415
126,12,3214.698415
126,13,2864.369392
126,14,2714.818221
126,14,2714.818221
126,15,2645.570408
126,15,2645.570408
126,15,2645.570408
126,15,2645.570408
126,16,2569.958707
126,17,2552.507562
126,17,2552.507562
126,17,2552.507562
126,17,2552.507562
126,17,2552.507562
126,17,2552.507562
126,18,2533.834353
126,18,2533.834353
126,18,2533.834353
126,18,2533.834353
127,12,3214.698415
127,12,3214.698415
127,12,3214.698415
127,12,3214.698415
127,13,2864.369392
127,13,2864.369392
127,14,2714.818221
127,14,2714.818221
127,14,2714.818221
127,15,2645.570408
127,15,2645.570408
127,15,2645.570408
127,15,2645.570408
127,15,2645.570408
127,16,2569.958707
127,16,2569.958707
127,17,2552.507562
127,17,2552.507562
127,17,2552.507562
127,17,2552.507562
127,17,2552.507562
127,17,2552.507562
127,17,2552.507562
127,18,2533.834353
127,18,2533.834353
127,18,2533.834353
127,18,2533.834353
127,18,2533.834353
128,12,3214.698415
128,12,3214.698415
128,12,3214.698415
128,12,3214.698415
128,12,3214.698415
128,13,2864.369392
128,13,2864.369392
128,13,2864.369392
128,14,2714.818221
128,14,2714.818221
128,14,2714.818221
128,14,2714.818221
128,15,2645.570408
128,15,2645.570408
128,15,2645.570408
128,15,2645.570408
128,15,2645.570408
128,15,2645.570408
128,16,2569.958707
128,16,2569.958707
128,16,2569.958707
128,17,2531.909234
128,19,2520.998222
129,12,3214.698415
129,12,3214.698415
129,12,3214.698415
129,12,3214.698415
129,12,3214.698415
129,12,3214.698415
129,13,2785.839589
129,14,2714.818221
129,14,2714.818221
129,14,2714.818221
129,14,2714.818221
129,14,2714.818221
129,15,2645.570408
129,15,2645.570408
129,15,2645.570408
129,15,2645.570408
129,15,2645.570408
129,15,2645.570408
129,15,2645.570408
129,16,2569.958707
129,16,2569.958707
129,16,2569.958707
129,16,2569.958707
129,17,2531.909234
129,17,2531.909234
129,19,2520.998222
129,19,2520.998222
130,12,3214.698415
130,12,3214.698415
130,12,3214.698415
130,12,3214.698415
130,12,3214.698415
130,12,3214.698415
130,12,3214.698415
130,13,2785.839589
130,13,2785.839589
130,14,2714.818221
130,14,2714.818221
130,14,2714.818221
130,14,2714.818221
130,14,2714.818221
130,14,2714.818221
130,15,2645.570408
130,15,2645.570408
130,15,2645.570408
130,15,2645.570408
130,15,2645.570408
130,15,2645.570408
130,15,2645.570408
130,15,2645.570408
130,16,2569.958707
130,16,2569.958707
130,16,2569.958707
130,16,2569.958707
130,16,2569.958707
130,17,2531.909234
130,17,2531.909234
130,17,2531.909234
130,18,2526.793228
130,19,2520.998222
130,19,2520.998222
130,19,2520.998222
131,12,3145.669718
131,13,2777.338504
131,14,2714.818221
131,14,2714.818221
131,14,2714.818221
131,14,2714.818221
131,14,2714.818221
131,14,2714.818221
131,14,2714.818221
131,15,2645.570408
131,15,2645.570408
131,15,2645.570408
131,15,2645.570408
131,15,2645.570408
131,15,2645.570408
131,15,2645.570408
131,15,2645.570408
131,15,2645.570408
131,16,2569.958707
131,16,2569.958707
131,16,2569.958707
131,16,2569.958707
131,16,2569.958707
131,16,2569.958707
131,17,2531.909234
131,17,2531.909234
131,17,2531.909234
131,17,2531.909234
131,18,2526.793228
131,18,2526.793228
131,19,2520.998222
131,19,2520.998222
131,19,2520.998222
131,19,2520.998222
132,12,2941.136130
132,13,2777.338504
132,13,2777.338504
132,14,2714.818221
132,14,2714.818221
132,14,2714.818221
132,14,2714.818221
132,14,2714.818221
132,14,2714.818221
132,14,2714.818221
132,14,2714.818221
132,15,2628.960631
132,16,2569.958707
132,16,2569.958707
132,16,2569.958707
132,16,2569.958707
132,16,2569.958707
132,16,2569.958707
132,16,2569.958707
132,17,2531.909234
132,17,2531.909234
132,17,2531.909234
132,17,2531.909234
132,17,2531.909234
132,18,2526.793228
132,18,2526.793228
132,18,2526.793228
132,19,2520.998222
132,19,2520.998222
132,19,2520.998222
132,19,2520.998222
132,19,2520.998222
133,12,2941.136130
133,12,2941.136130
133,13,2777.338504
133,13,2777.338504
133,13,2777.338504
133,14,2714.818221
133,14,2714.818221
133,14,2714.818221
133,14,2714.818221
133,14,2714.818221
133,14,2714.818221
133,14,2714.818221
133,14,2714.818221
133,14,2714.818221
133,15,2628.960631
133,15,2628.960631
133,16,2569.958707
133,16,2569.958707
133,16,2569.958707
133,16,2569.958707
133,16,2569.958707
133,16,2569.958707
133,16,2569.958707
133,16,2569.958707
133,17,2531.909234
133,17,2531.909234
133,17,2531.909234
133,17,2531.909234
133,17,2531.909234
133,17,2531.909234
133,18,2516.628900
134,12,2941.136130
134,12,2941.136130
134,12,2941.136130
134,13,2772.108347
134,14,2714.818221
134,14,2714.818221
134,14,2714.818221
134,14,2714.818221
134,14,2714.818221
134,14,2714.818221
134,14,2714.818221
134,14,2714.818221
134,14,2714.818221
134,14,2714.818221
134,15,2628.960631
134,15,2628.960631
134,15,2628.960631
134,16,2569.958707
134,16,2569.958707
134,16,2569.958707
134,16,2569.958707
134,16,2569.958707
134,16,2569.958707
134,16,2569.958707
134,16,2569.958707
134,16,2569.958707
134,17,2531.909234
134,17,2531.909234
134,17,2531.909234
134,17,2531.909234
134,17,2531.909234
134,17,2531.909234
134,17,2531.909234
134,18,2516.628900
134,18,2516.628900
135,12,2919.206988
135,13,2740.931476
135,14,2714.818221
135,14,2714.818221
135,14,2714.818221
135,14,2714.818221
135,14,2714.818221
135,14,2714.818221
135,14,2714.818221
135,14,2714.818221
135,14,2714.818221
135,14,2714.818221
135,14,2714.818221
135,15,2628.960631
135,15,2628.960631
135,15,2628.960631
135,15,2628.960631
135,16,2569.958707
135,16,2569.958707
135,16,2569.958707
135,16,2569.958707
135,16,2569.958707
135,16,2569.958707
135,16,2569.958707
135,16,2569.958707
135,16,2569.958707
135,16,2569.958707
135,17,2531.909234
135,17,2531.909234
135,17,2531.909234
135,17,2531.909234
135,17,2531.909234
135,17,2531.909234
135,17,2531.909234
135,17,2531.909234
135,18,2513.673687
136,12,2919.206988
136,12,2919.206988
136,13,2740.931476
136,13,2740.931476
136,14,2699.548537
136,15,2628.960631
136,15,2628.960631
136,15,2628.960631
136,15,2628.960631
136,15,2628.960631
136,16,2569.958707
136,16,2569.958707
136,16,2569.958707
136,16,2569.958707
136,16,2569.958707
136,16,2569.958707
136,16,2569.958707
136,16,2569.958707
136,16,2569.958707
136,16,2569.958707
136,16,2569.958707
136,17,2531.909234
136,17,2531.909234
136,17,2531.909234
136,17,2531.909234
136,17,2531.909234
136,17,2531.909234
136,17,2531.909234
136,17,2531.909234
136,17,2531.909234
136,18,2513.673687
136,18,2513.673687
137,12,2919.206988
137,12,2919.206988
137,12,2919.206988
137,13,2740.931476
137,13,2740.931476
137,13,2740.931476
137,14,2687.722009
137,15,2628.960631
137,15,2628.960631
137,15,2628.960631
137,15,2628.960631
137,15,2628.960631
137,15,2628.960631
137,16,2569.958707
137,16,2569.958707
137,16,2569.958707
137,16,2569.958707
137,16,2569.958707
137,16,2569.958707
137,16,2569.958707
137,16,2569.958707
137,16,2569.958707
137,16,2569.958707
137,16,2569.958707
137,16,2569.958707
137,17,2531.909234
137,17,2531.909234
137,17,2531.909234
137,17,2531.909234
137,17,2531.909234
137,17,2531.909234
137,17,2531.909234
137,17,2531.909234
137,17,2531.909234
137,17,2531.909234
137,18,2513.673687
137,18,2513.673687
137,18,2513.673687
138,12,2919.206988
138,12,2919.206988
138,12,2919.206988
138,12,2919.206988
138,13,2740.931476
138,13,2740.931476
138,13,2740.931476
138,13,2740.931476
138,14,2687.722009
138,14,2687.722009
138,15,2628.960631
138,15,2628.960631
138,15,2628.960631
138,15,2628.960631
138,15,2628.960631
138,15,2628.960631
138,15,2628.960631
138,16,2569.958707
138,16,2569.958707
138,16,2569.958707
138,16,2569.958707
138,16,2569.958707
138,16,2569.958707
138,16,2569.958707
138,16,2569.958707
138,16,2569.958707
138,16,2569.958707
138,16,2569.958707
138,16,2569.958707
138,16,2569.958707
138,17,2531.909234
138,17,2531.909234
138,17,2531.909234
138,17,2531.909234
138,17,2531.909234
138,17,2531.909234
138,17,2531.909234
138,17,2531.909234
138,17,2531.909234
138,17,2531.909234
138,17,2531.909234
138,18,2513.673687
138,18,2513.673687
138,18,2513.673687
138,18,2513.673687
139,12,2919.206988
139,12,2919.206988
139,12,2919.206988
139,12,2919.206988
139,12,2919.206988
139,13,2740.931476
139,13,2740.931476
139,13,2740.931476
139,13,2740.931476
139,13,2740.931476
139,14,2687.722009
139,14,2687.722009
139,14,2687.722009
139,15,2628.960631
139,15,2628.960631
139,15,2628.960631
139,15,2628.960631
139,15,2628.960631
139,15,2628.960631
139,15,2628.960631
139,15,2628.960631
139,16,2569.958707
139,16,2569.958707
139,16,2569.958707
139,16,2569.958707
139,16,2569.958707
139,16,2569.958707
139,16,2569.958707
139,16,2569.958707
139,16,2569.958707
139,16,2569.958707
139,16,2569.958707
139,16,2569.958707
139,16,2569.958707
139,16,2569.958707
139,17,2531.909234
139,17,2531.909234
139,17,2531.909234
139,17,2531.909234
139,17,2531.909234
139,17,2531.909234
139,17,2531.909234
139,17,2531.909234
139,17,2531.909234
139,17,2531.909234
139,17,2531.909234
139,17,2531.909234
139,18,2513.673687
139,18,2513.673687
139,18,2513.673687
139,18,2513.673687
139,18,2513.673687
139,19,2507.063593
140,12,2919.206988
140,12,2919.206988
140,12,2919.206988
140,12,2919.206988
140,12,2919.206988
140,12,2919.206988
140,13,2740.931476
140,13,2740.931476
140,13,2740.931476
140,13,2740.931476
140,13,2740.931476
140,13,2740.931476
140,14,2687.722009
140,14,2687.722009
140,14,2687.722009
140,14,2687.722009
140,15,2610.116176
140,16,2542.564542
140,17,2531.909234
140,17,2531.909234
140,17,2531.909234
140,17,2531.909234
140,17,2531.909234
140,17,2531.909234
140,17,2531.909234
140,17,2531.909234
140,17,2531.909234
140,17,2531.909234
140,17,2531.909234
140,17,2531.909234
140,17,2531.909234
140,18,2513.673687
140,18,2513.673687
140,18,2513.673687
140,18,2513.673687
140,18,2513.673687
140,18,2513.673687
140,19,2507.063593
140,19,2507.063593
141,12,2919.206988
141,12,2919.206988
141,12,2919.206988
141,12,2919.206988
141,12,2919.206988
141,12,2919.206988
141,12,2919.206988
141,13,2740.931476
141,13,2740.931476
141,13,2740.931476
141,13,2740.931476
141,13,2740.931476
141,13,2740.931476
141,13,2740.931476
141,14,2687.722009
141,14,2687.722009
141,14,2687.722009
141,14,2687.722009
141,14,2687.722009
141,15,2550.635778
141,16,2542.564542
141,16,2542.564542
141,17,2498.092607
142,12,2919.206988
142,12,2919.206988
142,12,2919.206988
142,12,2919.206988
142,12,2919.206988
142,12,2919.206988
142,12,2919.206988
142,12,2919.206988
142,13,2726.468563
142,14,2687.722009
142,14,2687.722009
142,14,2687.722009
142,14,2687.722009
142,14,2687.722009
142,14,2687.722009
142,15,2550.635778
142,15,2550.635778
142,16,2542.564542
142,16,2542.564542
142,16,2542.564542
142,17,2498.092607
142,17,2498.092607
143,12,2919.206988
143,12,2919.206988
143,12,2919.206988
143,12,2919.206988
143,12,2919.206988
143,12,2919.206988
143,12,2919.206988
143,12,2919.206988
143,12,2919.206988
143,13,2726.468563
143,13,2726.468563
143,14,2687.722009
143,14,2687.722009
143,14,2687.722009
143,14,2687.722009
143,14,2687.722009
143,14,2687.722009
143,14,2687.722009
143,15,2550.635778
143,15,2550.635778
143,15,2550.635778
143,16,2524.933136
143,17,2498.092607
143,17,2498.092607
143,17,2498.092607
144,12,2919.206988
144,12,2919.206988
144,12,2919.206988
144,12,2919.206988
144,12,2919.206988
144,12,2919.206988
144,12,2919.206988
144,12,2919.206988
144,12,2919.206988
144,12,2919.206988
144,12,2919.206988
144,13,2726.468563
144,13,2726.468563
144,13,2726.468563
144,13,2726.468563
144,14,2687.722009
144,14,2687.722009
144,14,2687.722009
144,14,2687.722009
144,14,2687.722009
144,14,2687.722009
144,14,2687.722009
144,14,2687.722009
144,15,2550.635778
144,15,2550.635778
144,15,2550.635778
144,15,2550.635778
144,16,2524.933136
144,16,2524.933136
144,17,2498.092607
144,17,2498.092607
144,17,2498.092607
144,17,2498.092607
145,12,2895.627908
145,13,2698.523413
145,14,2687.722009
145,14,2687.722009
145,14,2687.722009
145,14,2687.722009
145,14,2687.722009
145,14,2687.722009
145,14,2687.722009
145,14,2687.722009
145,14,2687.722009
145,15,2550.635778
145,15,2550.635778
145,15,2550.635778
145,15,2550.635778
145,15,2550.635778
145,16,2524.412504
145,17,2498.092607
145,17,2498.092607
145,17,2498.092607
145,17,2498.092607
145,17,2498.092607
145,18,2490.078871
146,12,2895.627908
146,12,2895.627908
146,13,2698.523413
146,13,2698.523413
146,14,2668.998365
146,15,2550.635778
146,15,2550.635778
146,15,2550.635778
146,15,2550.635778
146,15,2550.635778
146,15,2550.635778
146,16,2524.412504
146,16,2524.412504
146,17,2498.092607
146,17,2498.092607
146,17,2498.092607
146,17,2498.092607
146,17,2498.092607
146,17,2498.092607
146,18,2490.078871
146,18,2490.078871
147,12,2887.359698
147,13,2642.313051
147,15,2550.635778
147,15,2550.635778
147,15,2550.635778
147,15,2550.635778
147,15,2550.635778
147,15,2550.635778
147,15,2550.635778
147,16,2517.352363
147,17,2489.531724
148,12,2865.872986
148,13,2642.313051
148,13,2642.313051
148,14,2636.279413
148,15,2550.635778
148,15,2550.635778
148,15,2550.635778
148,15,2550.635778
148,15,2550.635778
148,15,2550.635778
148,15,2550.635778
148,15,2550.635778
148,16,2517.352363
148,16,2517.352363
148,17,2489.531724
148,17,2489.531724
149,12,2767.908886
149,13,2642.313051
149,13,2642.313051
149,13,2642.313051
149,14,2594.900499
149,15,2550.635778
149,15,2550.635778
149,15,2550.635778
149,15,2550.635778
149,15,2550.635778
149,15,2550.635778
149,15,2550.635778
149,15,2550.635778
149,15,2550.635778
149,16,2517.352363
149,16,2517.352363
149,16,2517.352363
149,17,2489.531724
149,17,2489.531724
149,17,2489.531724
150,12,2748.616949
150,13,2642.313051
150,13,2642.313051
150,13,2642.313051
150,13,2642.313051
150,14,2594.900499
150,14,2594.900499
150,15,2550.635778
150,15,2550.635778
150,15,2550.635778
150,15,2550.635778
150,15,2550.635778
150,15,2550.635778
150,15,2550.635778
150,15,2550.635778
150,15,2550.635778
150,15,2550.635778
150,16,2517.352363
150,16,2517.352363
150,16,2517.352363
150,16,2517.352363
150,17,2489.531724
150,17,2489.531724
150,17,2489.531724
150,17,2489.531724
151,12,2748.616949
151,12,2748.616949
151,13,2642.313051
151,13,2642.313051
151,13,2642.313051
151,13,2642.313051
151,13,2642.313051
151,14,2594.900499
151,14,2594.900499
151,14,2594.900499
151,15,2550.635778
151,15,2550.635778
151,15,2550.635778
151,15,2550.635778
151,15,2550.635778
151,15,2550.635778
151,15,2550.635778
151,15,2550.635778
151,15,2550.635778
151,15,2550.635778
151,15,2550.635778
151,16,2517.352363
151,16,2517.352363
151,16,2517.352363
151,16,2517.352363
151,16,2517.352363
151,17,2489.531724
151,17,2489.531724
151,17,2489.531724
151,17,2489.531724
151,17,2489.531724
152,12,2748.616949
152,12,2748.616949
152,12,2748.616949
152,13,2642.313051
152,13,2642.313051
152,13,2642.313051
152,13,2642.313051
152,13,2642.313051
152,13,2642.313051
152,14,2594.900499
152,14,2594.900499
152,14,2594.900499
152,14,2594.900499
152,15,2550.635778
152,15,2550.635778
152,15,2550.635778
152,15,2550.635778
152,15,2550.635778
152,15,2550.635778
152,15,2550.635778
152,15,2550.635778
152,15,2550.635778
152,15,2550.635778
152,15,2550.635778
152,15,2550.635778
152,16,2517.352363
152,16,2517.352363
152,16,2517.352363
152,16,2517.352363
152,16,2517.352363
152,16,2517.352363
152,17,2489.531724
152,17,2489.531724
152,17,2489.531724
152,17,2489.531724
152,17,2489.531724
152,17,2489.531724
153,12,2748.616949
153,12,2748.616949
153,12,2748.616949
153,12,2748.616949
153,13,2642.313051
153,13,2642.313051
153,13,2642.313051
153,13,2642.313051
153,13,2642.313051
153,13,2642.313051
153,13,2642.313051
153,14,2594.900499
153,14,2594.900499
153,14,2594.900499
153,14,2594.900499
153,14,2594.900499
153,15,2550.635778
153,15,2550.635778
153,15,2550.635778
153,15,2550.635778
153,15,2550.635778
153,15,2550.635778
153,15,2550.635778
153,15,2550.635778
153,15,2550.635778
153,15,2550.635778
153,15,2550.635778
153,15,2550.635778
153,15,2550.635778
153,15,2550.635778
153,16,2517.352363
153,16,2517.352363
153,16,2517.352363
153,16,2517.352363
153,16,2517.352363
153,16,2517.352363
153,16,2517.352363
153,17,2489.531724
153,17,2489.531724
153,17,2489.531724
153,17,2489.531724
153,17,2489.531724
153,17,2489.531724
153,17,2489.531724
154,12,2748.616949
154,12,2748.616949
154,12,2748.616949
154,12,2748.616949
154,12,2748.616949
154,13,2642.313051
154,13,2642.313051
154,13,2642.313051
154,13,2642.313051
154,13,2642.313051
154,13,2642.313051
154,13,2642.313051
154,13,2642.313051
154,14,2594.900499
154,14,2594.900499
154,14,2594.900499
154,14,2594.900499
154,14,2594.900499
154,14,2594.900499
154,15,2550.635778
154,15,2550.635778
154,15,2550.635778
154,15,2550.635778
154,15,2550.635778
154,15,2550.635778
154,15,2550.635778
154,15,2550.635778
154,15,2550.635778
154,15,2550.635778
154,15,2550.635778
154,15,2550.635778
154,15,2550.635778
154,15,2550.635778
154,15,2550.635778
154,15,2550.635778
154,16,2517.352363
154,16,2517.352363
154,16,2517.352363
154,16,2517.352363
154,16,2517.352363
154,16,2517.352363
154,16,2517.352363
154,16,2517.352363
154,17,2489.531724
154,17,2489.531724
154,17,2489.531724
154,17,2489.531724
154,17,2489.531724
154,17,2489.531724
154,17,2489.531724
154,17,2489.531724
154,17,2489.531724
154,17,2489.531724
154,20,2487.932665
155,12,2748.616949
155,12,2748.616949
155,12,2748.616949
155,12,2748.616949
155,12,2748.616949
155,12,2748.616949
155,13,2642.313051
155,13,2642.313051
155,13,2642.313051
155,13,2642.313051
155,13,2642.313051
155,13,2642.313051
155,13,2642.313051
155,13,2642.313051
155,13,2642.313051
155,14,2594.900499
155,14,2594.900499
155,14,2594.900499
155,14,2594.900499
155,14,2594.900499
155,14,2594.900499
155,14,2594.900499
155,15,2539.491445
155,16,2517.352363
155,16,2517.352363
155,16,2517.352363
155,16,2517.352363
155,16,2517.352363
155,16,2517.352363
155,16,2517.352363
155,16,2517.352363
155,16,2517.352363
155,17,2489.531724
155,17,2489.531724
155,17,2489.531724
155,17,2489.531724
155,17,2489.531724
155,17,2489.531724
155,17,2489.531724
155,17,2489.531724
155,17,2489.531724
155,17,2489.531724
155,17,2489.531724
155,17,2489.531724
155,17,2489.531724
155,19,2487.661882
156,12,2748.616949
156,12,2748.616949
156,12,2748.616949
156,12,2748.616949
156,12,2748.616949
156,12,2748.616949
156,12,2748.616949
156,13,2642.313051
156,13,2642.313051
156,13,2642.313051
156,13,2642.313051
156,13,2642.313051
156,13,2642.313051
156,13,2642.313051
156,13,2642.313051
156,13,2642.313051
156,13,2642.313051
156,14,2587.991376
156,15,2517.938558
156,16,2517.352363
156,16,2517.352363
156,16,2517.352363
156,16,2517.352363
156,16,2517.352363
156,16,2517.352363
156,16,2517.352363
156,16,2517.352363
156,16,2517.352363
156,16,2517.352363
156,17,2489.531724
156,17,2489.531724
156,17,2489.531724
156,17,2489.531724
156,17,2489.531724
156,17,2489.531724
156,17,2489.531724
156,17,2489.531724
156,17,2489.531724
156,17,2489.531724
156,17,2489.531724
156,17,2489.531724
156,17,2489.531724
156,17,2489.531724
156,17,2489.531724
156,17,2489.531724
156,19,2487.661882
156,19,2487.661882
157,12,2748.616949
157,12,2748.616949
157,12,2748.616949
157,12,2748.616949
157,12,2748.616949
157,12,2748.616949
157,12,2748.616949
157,12,2748.616949
157,13,2642.313051
157,13,2642.313051
157,13,2642.313051
157,13,2642.313051
157,13,2642.313051
157,13,2642.313051
157,13,2642.313051
157,13,2642.313051
157,13,2642.313051
157,13,2642.313051
157,13,2642.313051
157,14,2587.991376
157,14,2587.991376
157,14,2587.991376
157,15,2517.938558
157,15,2517.938558
157,16,2517.352363
157,16,2517.352363
157,16,2517.352363
157,16,2517.352363
157,16,2517.352363
157,16,2517.352363
157,16,2517.352363
157,16,2517.352363
157,16,2517.352363
157,16,2517.352363
157,16,2517.352363
157,17,2489.531724
157,17,2489.531724
157,17,2489.531724
157,17,2489.531724
157,17,2489.531724
157,17,2489.531724
157,17,2489.531724
157,17,2489.531724
157,17,2489.531724
157,17,2489.531724
157,17,2489.531724
157,17,2489.531724
157,17,2489.531724
157,17,2489.531724
157,17,2489.531724
157,17,2489.531724
157,17,2489.531724
157,17,2489.531724
157,17,2489.531724
157,19,2487.661882
157,19,2487.661882
157,19,2487.661882
158,12,2748.616949
158,12,2748.616949
158,12,2748.616949
158,12,2748.616949
158,12,2748.616949
158,12,2748.616949
158,12,2748.616949
158,12,2748.616949
158,12,2748.616949
158,13,2642.313051
158,13,2642.313051
158,13,2642.313051
158,13,2642.313051
158,13,2642.313051
158,13,2642.313051
158,13,2642.313051
158,13,2642.313051
158,13,2642.313051
158,13,2642.313051
158,13,2642.313051
158,13,2642.313051
158,14,2586.980394
158,15,2517.938558
158,15,2517.938558
158,15,2517.938558
158,16,2517.352363
158,16,2517.352363
158,16,2517.352363
158,16,2517.352363
158,16,2517.352363
158,16,2517.352363
158,16,2517.352363
158,16,2517.352363
158,16,2517.352363
158,16,2517.352363
158,16,2517.352363
158,16,2517.352363
158,17,2489.531724
158,17,2489.531724
158,17,2489.531724
158,17,2489.531724
158,17,2489.531724
158,17,2489.531724
158,17,2489.531724
158,17,2489.531724
158,17,2489.531724
158,17,2489.531724
158,17,2489.531724
158,17,2489.531724
158,17,2489.531724
158,17,2489.531724
158,17,2489.531724
158,17,2489.531724
158,17,2489.531724
158,17,2489.531724
158,17,2489.531724
158,17,2489.531724
158,17,2489.531724
158,17,2489.531724
158,17,2489.531724
158,19,2487.661882
158,19,2487.661882
158,19,2487.661882
158,19,2487.661882
159,12,2745.036641
159,13,2642.313051
159,13,2642.313051
159,13,2642.313051
159,13,2642.313051
159,13,2642.313051
159,13,2642.313051
159,13,2642.313051
159,13,2642.313051
159,13,2642.313051
159,13,2642.313051
159,13,2642.313051
159,13,2642.313051
159,13,2642.313051
159,14,2586.980394
159,14,2586.980394
159,15,2517.938558
159,15,2517.938558
159,15,2517.938558
159,15,2517.938558
159,16,2507.029645
159,17,2489.531724
159,17,2489.531724
159,17,2489.531724
159,17,2489.531724
159,17,2489.531724
159,17,2489.531724
159,17,2489.531724
159,17,2489.531724
159,17,2489.531724
159,17,2489.531724
159,17,2489.531724
159,17,2489.531724
159,17,2489.531724
159,17,2489.531724
159,17,2489.531724
159,17,2489.531724
159,17,2489.531724
159,17,2489.531724
159,17,2489.531724
159,17,2489.531724
159,17,2489.531724
159,17,2489.531724
159,17,2489.531724
159,17,2489.531724
159,17,2489.531724
159,17,2489.531724
159,17,2489.531724
159,19,2487.661882
159,19,2487.661882
159,19,2487.661882
159,19,2487.661882
159,19,2487.661882
160,12,2685.020633
160,13,2642.313051
160,13,2642.313051
160,13,2642.313051
160,13,2642.313051
160,13,2642.313051
160,13,2642.313051
160,13,2642.313051
160,13,2642.313051
160,13,2642.313051
160,13,2642.313051
160,13,2642.313051
160,13,2642.313051
160,13,2642.313051
160,13,2642.313051
160,14,2572.310253
160,15,2517.938558
160,15,2517.938558
160,15,2517.938558
160,15,2517.938558
160,15,2517.938558
160,16,2507.029645
160,16,2507.029645
160,17,2489.531724
160,17,2489.531724
160,17,2489.531724
160,17,2489.531724
160,17,2489.531724
160,17,2489.531724
160,17,2489.531724
160,17,2489.531724
160,17,2489.531724
160,17,2489.531724
160,17,2489.531724
160,17,2489.531724
160,17,2489.531724
160,17,2489.531724
160,17,2489.531724
160,17,2489.531724
160,17,2489.531724
160,17,2489.531724
160,17,2489.531724
160,17,2489.531724
160,17,2489.531724
160,17,2489.531724
160,17,2489.531724
160,17,2489.531724
160,17,2489.531724
160,17,2489.531724
160,17,2489.531724
160,17,2489.531724
160,17,2489.531724
160,17,2489.531724
160,17,2489.531724
160,19,2487.661882
160,19,2487.661882
160,19,2487.661882
160,19,2487.661882
160,19,2487.661882
160,19,2487.661882
161,12,2685.020633
161,12,2685.020633
161,13,2638.726336
161,14,2572.310253
161,14,2572.310253
161,15,2517.938558
161,15,2517.938558
161,15,2517.938558
161,15,2517.938558
161,15,2517.938558
161,15,2517.938558
161,16,2499.669021
161,17,2489.531724
161,17,2489.531724
161,17,2489.531724
161,17,2489.531724
161,17,2489.531724
161,17,2489.531724
161,17,2489.531724
161,17,2489.531724
161,17,2489.531724
161,17,2489.531724
161,17,2489.531724
161,17,2489.531724
161,17,2489.531724
161,17,2489.531724
161,17,2489.531724
161,17,2489.531724
161,17,2489.531724
161,17,2489.531724
161,17,2489.531724
161,17,2489.531724
161,17,2489.531724
161,17,2489.531724
161,17,2489.531724
161,17,2489.531724
161,17,2489.531724
161,17,2489.531724
161,17,2489.531724
161,17,2489.531724
161,17,2489.531724
161,17,2489.531724
161,17,2489.531724
161,17,2489.531724
161,17,2489.531724
161,17,2489.531724
161,17,2489.531724
161,19,2487.661882
161,19,2487.661882
161,19,2487.661882
161,19,2487.661882
161,19,2487.661882
161,19,2487.661882
161,19,2487.661882
162,12,2685.020633
162,12,2685.020633
162,12,2685.020633
162,13,2638.726336
162,13,2638.726336
162,14,2572.310253
162,14,2572.310253
162,14,2572.310253
162,15,2517.938558
162,15,2517.938558
162,15,2517.938558
162,15,2517.938558
162,15,2517.938558
162,15,2517.938558
162,15,2517.938558
162,16,2499.669021
162,16,2499.669021
162,17,2479.939937
163,12,2685.020633
163,12,2685.020633
163,12,2685.020633
163,12,2685.020633
163,13,2638.726336
163,13,2638.726336
163,13,2638.726336
163,14,2572.310253
163,14,2572.310253
163,14,2572.310253
163,14,2572.310253
163,15,2517.938558
163,15,2517.938558
163,15,2517.938558
163,15,2517.938558
163,15,2517.938558
163,15,2517.938558
163,15,2517.938558
163,15,2517.938558
163,16,2499.669021
163,16,2499.669021
163,16,2499.669021
163,17,2479.939937
163,17,2479.939937
164,12,2685.020633
164,12,2685.020633
164,12,2685.020633
164,12,2685.020633
164,12,2685.020633
164,13,2638.726336
164,13,2638.726336
164,13,2638.726336
164,13,2638.726336
164,14,2572.310253
164,14,2572.310253
164,14,2572.310253
164,14,2572.310253
164,14,2572.310253
164,15,2517.938558
164,15,2517.938558
164,15,2517.938558
164,15,2517.938558
164,15,2517.938558
164,15,2517.938558
164,15,2517.938558
164,15,2517.938558
164,15,2517.938558
164,15,2517.938558
164,16,2499.669021
164,16,2499.669021
164,16,2499.669021
164,16,2499.669021
164,17,2479.939937
164,17,2479.939937
164,17,2479.939937
165,12,2685.020633
165,12,2685.020633
165,12,2685.020633
165,12,2685.020633
165,12,2685.020633
165,12,2685.020633
165,13,2638.726336
165,13,2638.726336
165,13,2638.726336
165,13,2638.726336
165,13,2638.726336
165,14,2572.310253
165,14,2572.310253
165,14,2572.310253
165,14,2572.310253
165,14,2572.310253
165,14,2572.310253
165,15,2517.938558
165,15,2517.938558
165,15,2517.938558
165,15,2517.938558
165,15,2517.938558
165,15,2517.938558
165,15,2517.938558
165,15,2517.938558
165,15,2517.938558
165,15,2517.938558
165,15,2517.938558
165,15,2517.938558
165,16,2484.643015
165,17,2479.939937
165,17,2479.939937
165,17,2479.939937
165,17,2479.939937
166,12,2685.020633
166,12,2685.020633
166,12,2685.020633
166,12,2685.020633
166,12,2685.020633
166,12,2685.020633
166,12,2685.020633
166,13,2638.726336
166,13,2638.726336
166,13,2638.726336
166,13,2638.726336
166,13,2638.726336
166,13,2638.726336
166,14,2572.310253
166,14,2572.310253
166,14,2572.310253
166,14,2572.310253
166,14,2572.310253
166,14,2572.310253
166,14,2572.310253
166,15,2517.938558
166,15,2517.938558
166,15,2517.938558
166,15,2517.938558
166,15,2517.938558
166,15,2517.938558
166,15,2517.938558
166,15,2517.938558
166,15,2517.938558
166,15,2517.938558
166,15,2517.938558
166,15,2517.938558
166,15,2517.938558
166,15,2517.938558
166,16,2484.643015
166,16,2484.643015
166,16,2484.643015
166,17,2479.939937
166,17,2479.939937
166,17,2479.939937
166,17,2479.939937
166,17,2479.939937
167,12,2685.020633
167,12,2685.020633
167,12,2685.020633
167,12,2685.020633
167,12,2685.020633
167,12,2685.020633
167,12,2685.020633
167,12,2685.020633
167,13,2585.278580
167,14,2564.009411
167,15,2517.938558
167,15,2517.938558
167,15,2517.938558
167,15,2517.938558
167,15,2517.938558
167,15,2517.938558
167,15,2517.938558
167,15,2517.938558
167,15,2517.938558
167,15,2517.938558
167,15,2517.938558
167,15,2517.938558
167,15,2517.938558
167,15,2517.938558
167,15,2517.938558
167,15,2517.938558
167,16,2484.643015
167,16,2484.643015
167,16,2484.643015
167,16,2484.643015
167,16,2484.643015
167,17,2479.939937
167,17,2479.939937
167,17,2479.939937
167,17,2479.939937
167,17,2479.939937
167,17,2479.939937
167,18,2475.691825
168,12,2685.020633
168,12,2685.020633
168,12,2685.020633
168,12,2685.020633
168,12,2685.020633
168,12,2685.020633
168,12,2685.020633
168,12,2685.020633
168,12,2685.020633
168,13,2585.278580
168,13,2585.278580
168,14,2564.009411
168,14,2564.009411
168,15,2517.938558
168,15,2517.938558
168,15,2517.938558
168,15,2517.938558
168,15,2517.938558
168,15,2517.938558
168,15,2517.938558
168,15,2517.938558
168,15,2517.938558
168,15,2517.938558
168,15,2517.938558
168,15,2517.938558
168,15,2517.938558
168,15,2517.938558
168,15,2517.938558
168,15,2517.938558
168,15,2517.938558
168,15,2517.938558
168,15,2517.938558
168,16,2484.643015
168,16,2484.643015
168,16,2484.643015
168,16,2484.643015
168,16,2484.643015
168,16,2484.643015
168,16,2484.643015
168,17,2479.939937
168,17,2479.939937
168,17,2479.939937
168,17,2479.939937
168,17,2479.939937
168,17,2479.939937
168,17,2479.939937
168,18,2475.691825
168,18,2475.691825
169,12,2685.020633
169,12,2685.020633
169,12,2685.020633
169,12,2685.020633
169,12,2685.020633
169,12,2685.020633
169,12,2685.020633
169,12,2685.020633
169,12,2685.020633
169,12,2685.020633
169,13,2585.278580
169,13,2585.278580
169,13,2585.278580
169,14,2549.789108
169,15,2517.938558
169,15,2517.938558
169,15,2517.938558
169,15,2517.938558
169,15,2517.938558
169,15,2517.938558
169,15,2517.938558
169,15,2517.938558
169,15,2517.938558
169,15,2517.938558
169,15,2517.938558
169,15,2517.938558
169,15,2517.938558
169,15,2517.938558
169,15,2517.938558
169,15,2517.938558
169,15,2517.938558
169,15,2517.938558
169,15,2517.938558
169,15,2517.938558
169,15,2517.938558
169,15,2517.938558
169,16,2484.643015
169,16,2484.643015
169,16,2484.643015
169,16,2484.643015
169,16,2484.643015
169,16,2484.643015
169,16,2484.643015
169,16,2484.643015
169,16,2484.643015
169,17,2479.939937
169,17,2479.939937
169,17,2479.939937
169,17,2479.939937
169,17,2479.939937
169,17,2479.939937
169,17,2479.939937
169,17,2479.939937
169,18,2475.691825
169,18,2475.691825
169,18,2475.691825
170,12,2685.020633
170,12,2685.020633
170,12,2685.020633
170,12,2685.020633
170,12,2685.020633
170,12,2685.020633
170,12,2685.020633
170,12,2685.020633
170,12,2685.020633
170,12,2685.020633
170,12,2685.020633
170,13,2585.278580
170,13,2585.278580
170,13,2585.278580
170,13,2585.278580
170,14,2549.789108
170,14,2549.789108
170,15,2510.664080
170,16,2484.643015
170,16,2484.643015
170,16,2484.643015
170,16,2484.643015
170,16,2484.643015
170,16,2484.643015
170,16,2484.643015
170,16,2484.643015
170,16,2484.643015
170,16,2484.643015
170,16,2484.643015
170,17,2479.939937
170,17,2479.939937
170,17,2479.939937
170,17,2479.939937
170,17,2479.939937
170,17,2479.939937
170,17,2479.939937
170,17,2479.939937
170,17,2479.939937
170,18,2475.691825
170,18,2475.691825
170,18,2475.691825
170,18,2475.691825
171,12,2685.020633
171,12,2685.020633
171,12,2685.020633
171,12,2685.020633
171,12,2685.020633
171,12,2685.020633
171,12,2685.020633
171,12,2685.020633
171,12,2685.020633
171,12,2685.020633
171,12,2685.020633
171,12,2685.020633
171,13,2577.865807
171,14,2549.789108
171,14,2549.789108
171,14,2549.789108
171,15,2510.664080
171,15,2510.664080
171,16,2484.643015
171,16,2484.643015
171,16,2484.643015
171,16,2484.643015
171,16,2484.643015
171,16,2484.643015
171,16,2484.643015
171,16,2484.643015
171,16,2484.643015
171,16,2484.643015
171,16,2484.643015
171,16,2484.643015
171,16,2484.643015
171,16,2484.643015
171,17,2479.939937
171,17,2479.939937
171,17,2479.939937
171,17,2479.939937
171,17,2479.939937
171,17,2479.939937
171,17,2479.939937
171,17,2479.939937
171,17,2479.939937
171,17,2479.939937
171,18,2475.691825
171,18,2475.691825
171,18,2475.691825
171,18,2475.691825
171,18,2475.691825
172,12,2685.020633
172,12,2685.020633
172,12,2685.020633
172,12,2685.020633
172,12,2685.020633
172,12,2685.020633
172,12,2685.020633
172,12,2685.020633
172,12,2685.020633
172,12,2685.020633
172,12,2685.020633
172,12,2685.020633
172,12,2685.020633
172,13,2577.865807
172,13,2577.865807
172,14,2549.789108
172,14,2549.789108
172,14,2549.789108
172,14,2549.789108
172,15,2510.664080
172,15,2510.664080
172,15,2510.664080
172,16,2484.643015
172,16,2484.643015
172,16,2484.643015
172,16,2484.643015
172,16,2484.643015
172,16,2484.643015
172,16,2484.643015
172,16,2484.643015
172,16,2484.643015
172,16,2484.643015
172,16,2484.643015
172,16,2484.643015
172,16,2484.643015
172,16,2484.643015
172,16,2484.643015
172,16,2484.643015
172,16,2484.643015
172,17,2466.125380
173,12,2685.020633
173,12,2685.020633
173,12,2685.020633
173,12,2685.020633
173,12,2685.020633
173,12,2685.020633
173,12,2685.020633
173,12,2685.020633
173,12,2685.020633
173,12,2685.020633
173,12,2685.020633
173,12,2685.020633
173,12,2685.020633
173,12,2685.020633
173,13,2577.865807
173,13,2577.865807
173,13,2577.865807
173,14,2549.789108
173,14,2549.789108
173,14,2549.789108
173,14,2549.789108
173,14,2549.789108
173,15,2510.664080
173,15,2510.664080
173,15,2510.664080
173,15,2510.664080
173,16,2484.643015
173,16,2484.643015
173,16,2484.643015
173,16,2484.643015
173,16,2484.643015
173,16,2484.643015
173,16,2484.643015
173,16,2484.643015
173,16,2484.643015
173,16,2484.643015
173,16,2484.643015
173,16,2484.643015
173,16,2484.643015
173,16,2484.643015
173,16,2484.643015
173,16,2484.643015
173,16,2484.643015
173,16,2484.643015
173,16,2484.643015
173,16,2484.643015
173,17,2466.125380
173,17,2466.125380
174,12,2682.519156
174,13,2577.865807
174,13,2577.865807
174,13,2577.865807
174,13,2577.865807
174,14,2549.789108
174,14,2549.789108
174,14,2549.789108
174,14,2549.789108
174,14,2549.789108
174,14,2549.789108
174,15,2510.664080
174,15,2510.664080
174,15,2510.664080
174,15,2510.664080
174,15,2510.664080
174,16,2481.851141
174,17,2466.125380
174,17,2466.125380
174,17,2466.125380
175,12,2682.519156
175,12,2682.519156
175,13,2577.865807
175,13,2577.865807
175,13,2577.865807
175,13,2577.865807
175,13,2577.865807
175,14,2549.789108
175,14,2549.789108
175,14,2549.789108
175,14,2549.789108
175,14,2549.789108
175,14,2549.789108
175,14,2549.789108
175,15,2510.664080
175,15,2510.664080
175,15,2510.664080
175,15,2510.664080
175,15,2510.664080
175,15,2510.664080
175,16,2481.851141
175,16,2481.851141
175,17,2466.125380
175,17,2466.125380
175,17,2466.125380
175,17,2466.125380
176,12,2682.519156
176,12,2682.519156
176,12,2682.519156
176,13,2577.865807
176,13,2577.865807
176,13,2577.865807
176,13,2577.865807
176,13,2577.865807
176,13,2577.865807
176,14,2540.489606
176,15,2485.154665
176,16,2481.851141
176,16,2481.851141
176,16,2481.851141
176,17,2466.125380
176,17,2466.125380
176,17,2466.125380
176,17,2466.125380
176,17,2466.125380
177,12,2682.519156
177,12,2682.519156
177,12,2682.519156
177,12,2682.519156
177,13,2577.865807
177,13,2577.865807
177,13,2577.865807
177,13,2577.865807
177,13,2577.865807
177,13,2577.865807
177,13,2577.865807
177,14,2540.489606
177,14,2540.489606
177,15,2485.154665
177,15,2485.154665
177,15,2485.154665
177,16,2481.851141
177,16,2481.851141
177,16,2481.851141
177,16,2481.851141
177,17,2466.125380
177,17,2466.125380
177,17,2466.125380
177,17,2466.125380
177,17,2466.125380
177,17,2466.125380
178,12,2682.519156
178,12,2682.519156
178,12,2682.519156
178,12,2682.519156
178,12,2682.519156
178,13,2577.865807
178,13,2577.865807
178,13,2577.865807
178,13,2577.865807
178,13,2577.865807
178,13,2577.865807
178,13,2577.865807
178,13,2577.865807
178,14,2540.489606
178,14,2540.489606
178,14,2540.489606
178,15,2485.154665
178,15,2485.154665
178,15,2485.154665
178,15,2485.154665
178,15,2485.154665
178,16,2481.851141
178,16,2481.851141
178,16,2481.851141
178,16,2481.851141
178,16,2481.851141
178,17,2466.125380
178,17,2466.125380
178,17,2466.125380
178,17,2466.125380
178,17,2466.125380
178,17,2466.125380
178,17,2466.125380
179,12,2682.519156
179,12,2682.519156
179,12,2682.519156
179,12,2682.519156
179,12,2682.519156
179,12,2682.519156
179,13,2577.865807
179,13,2577.865807
179,13,2577.865807
179,13,2577.865807
179,13,2577.865807
179,13,2577.865807
179,13,2577.865807
179,13,2577.865807
179,13,2577.865807
179,14,2540.338624
179,15,2485.154665
179,15,2485.154665
179,15,2485.154665
179,15,2485.154665
179,15,2485.154665
179,15,2485.154665
179,15,2485.154665
179,16,2481.851141
179,16,2481.851141
179,16,2481.851141
179,16,2481.851141
179,16,2481.851141
179,16,2481.851141
179,17,2466.125380
179,17,2466.125380
179,17,2466.125380
179,17,2466.125380
179,17,2466.125380
179,17,2466.125380
179,17,2466.125380
179,17,2466.125380
179,17,2466.125380
180,12,2672.686461
180,13,2577.865807
180,13,2577.865807
180,13,2577.865807
180,13,2577.865807
180,13,2577.865807
180,13,2577.865807
180,13,2577.865807
180,13,2577.865807
180,13,2577.865807
180,13,2577.865807
180,14,2540.338624
180,14,2540.338624
180,15,2484.412039
180,16,2481.851141
180,16,2481.851141
180,16,2481.851141
180,16,2481.851141
180,16,2481.851141
180,16,2481.851141
180,16,2481.851141
180,17,2466.125380
180,17,2466.125380
180,17,2466.125380
180,17,2466.125380
180,17,2466.125380
180,17,2466.125380
180,17,2466.125380
180,17,2466.125380
180,17,2466.125380
180,17,2466.125380
180,17,2466.125380
181,12,2672.686461
181,12,2672.686461
181,13,2577.865807
181,13,2577.865807
181,13,2577.865807
181,13,2577.865807
181,13,2577.865807
181,13,2577.865807
181,13,2577.865807
181,13,2577.865807
181,13,2577.865807
181,13,2577.865807
181,13,2577.865807
181,14,2522.092704
181,15,2484.412039
181,15,2484.412039
181,16,2481.058047
181,17,2466.125380
181,17,2466.125380
181,17,2466.125380
181,17,2466.125380
181,17,2466.125380
181,17,2466.125380
181,17,2466.125380
181,17,2466.125380
181,17,2466.125380
181,17,2466.125380
181,17,2466.125380
181,17,2466.125380
181,17,2466.125380
182,12,2672.686461
182,12,2672.686461
182,12,2672.686461
182,13,2576.804532
182,14,2522.092704
182,14,2522.092704
182,15,2484.412039
182,15,2484.412039
182,15,2484.412039
182,16,2481.058047
182,16,2481.058047
182,17,2466.125380
182,17,2466.125380
182,17,2466.125380
182,17,2466.125380
182,17,2466.125380
182,17,2466.125380
182,17,2466.125380
182,17,2466.125380
182,17,2466.125380
182,17,2466.125380
182,17,2466.125380
182,17,2466.125380
182,17,2466.125380
182,17,2466.125380
182,17,2466.125380
182,17,2466.125380
182,18,2465.308919
183,12,2672.686461
183,12,2672.686461
183,12,2672.686461
183,12,2672.686461
183,13,2576.804532
183,13,2576.804532
183,14,2522.092704
183,14,2522.092704
183,14,2522.092704
183,15,2484.412039
183,15,2484.412039
183,15,2484.412039
183,15,2484.412039
183,16,2481.058047
183,16,2481.058047
183,16,2481.058047
183,17,2466.125380
183,17,2466.125380
183,17,2466.125380
183,17,2466.125380
183,17,2466.125380
183,17,2466.125380
183,17,2466.125380
183,17,2466.125380
183,17,2466.125380
183,17,2466.125380
183,17,2466.125380
183,17,2466.125380
183,17,2466.125380
183,17,2466.125380
183,17,2466.125380
183,17,2466.125380
183,17,2466.125380
183,17,2466.125380
183,17,2466.125380
183,18,2458.563058
184,12,2661.501529
184,13,2576.804532
184,13,2576.804532
184,13,2576.804532
184,14,2522.092704
184,14,2522.092704
184,14,2522.092704
184,14,2522.092704
184,15,2484.412039
184,15,2484.412039
184,15,2484.412039
184,15,2484.412039
184,15,2484.412039
184,16,2481.058047
184,16,2481.058047
184,16,2481.058047
184,16,2481.058047
184,17,2466.125380
184,17,2466.125380
184,17,2466.125380
184,17,2466.125380
184,17,2466.125380
184,17,2466.125380
184,17,2466.125380
184,17,2466.125380
184,17,2466.125380
184,17,2466.125380
184,17,2466.125380
184,17,2466.125380
184,17,2466.125380
184,17,2466.125380
184,17,2466.125380
184,17,2466.125380
184,17,2466.125380
184,17,2466.125380
184,17,2466.125380
184,17,2466.125380
184,17,2466.125380
184,17,2466.125380
184,18,2458.563058
184,18,2458.563058
185,12,2661.501529
185,12,2661.501529
185,13,2576.804532
185,13,2576.804532
185,13,2576.804532
185,13,2576.804532
185,14,2522.092704
185,14,2522.092704
185,14,2522.092704
185,14,2522.092704
185,14,2522.092704
185,15,2484.412039
185,15,2484.412039
185,15,2484.412039
185,15,2484.412039
185,15,2484.412039
185,15,2484.412039
185,16,2464.204723
185,18,2458.563058
185,18,2458.563058
185,18,2458.563058
186,12,2661.501529
186,12,2661.501529
186,12,2661.501529
186,13,2576.804532
186,13,2576.804532
186,13,2576.804532
186,13,2576.804532
186,13,2576.804532
186,14,2522.092704
186,14,2522.092704
186,14,2522.092704
186,14,2522.092704
186,14,2522.092704
186,14,2522.092704
186,15,2484.412039
186,15,2484.412039
186,15,2484.412039
186,15,2484.412039
186,15,2484.412039
186,15,2484.412039
186,15,2484.412039
186,16,2464.204723
186,16,2464.204723
186,16,2464.204723
186,18,2458.563058
186,18,2458.563058
186,18,2458.563058
186,18,2458.563058
187,12,2661.501529
187,12,2661.501529
187,12,2661.501529
187,12,2661.501529
187,13,2576.804532
187,13,2576.804532
187,13,2576.804532
187,13,2576.804532
187,13,2576.804532
187,13,2576.804532
187,14,2522.092704
187,14,2522.092704
187,14,2522.092704
187,14,2522.092704
187,14,2522.092704
187,14,2522.092704
187,14,2522.092704
187,15,2484.412039
187,15,2484.412039
187,15,2484.412039
187,15,2484.412039
187,15,2484.412039
187,15,2484.412039
187,15,2484.412039
187,15,2484.412039
187,16,2464.204723
187,16,2464.204723
187,16,2464.204723
187,16,2464.204723
187,16,2464.204723
187,18,2458.563058
187,18,2458.563058
187,18,2458.563058
187,18,2458.563058
187,18,2458.563058
188,12,2661.501529
188,12,2661.501529
188,12,2661.501529
188,12,2661.501529
188,12,2661.501529
188,13,2576.804532
188,13,2576.804532
188,13,2576.804532
188,13,2576.804532
188,13,2576.804532
188,13,2576.804532
188,13,2576.804532
188,14,2522.092704
188,14,2522.092704
188,14,2522.092704
188,14,2522.092704
188,14,2522.092704
188,14,2522.092704
188,14,2522.092704
188,14,2522.092704
188,15,2484.412039
188,15,2484.412039
188,15,2484.412039
188,15,2484.412039
188,15,2484.412039
188,15,2484.412039
188,15,2484.412039
188,15,2484.412039
188,15,2484.412039
188,16,2464.204723
188,16,2464.204723
188,16,2464.204723
188,16,2464.204723
188,16,2464.204723
188,16,2464.204723
188,16,2464.204723
188,18,2458.563058
188,18,2458.563058
188,18,2458.563058
188,18,2458.563058
188,18,2458.563058
188,18,2458.563058
189,12,2661.501529
189,12,2661.501529
189,12,2661.501529
189,12,2661.501529
189,12,2661.501529
189,12,2661.501529
189,13,2576.804532
189,13,2576.804532
189,13,2576.804532
189,13,2576.804532
189,13,2576.804532
189,13,2576.804532
189,13,2576.804532
189,13,2576.804532
189,14,2522.092704
189,14,2522.092704
189,14,2522.092704
189,14,2522.092704
189,14,2522.092704
189,14,2522.092704
189,14,2522.092704
189,14,2522.092704
189,14,2522.092704
189,15,2484.412039
189,15,2484.412039
189,15,2484.412039
189,15,2484.412039
189,15,2484.412039
189,15,2484.412039
189,15,2484.412039
189,15,2484.412039
189,15,2484.412039
189,15,2484.412039
189,16,2464.204723
189,16,2464.204723
189,16,2464.204723
189,16,2464.204723
189,16,2464.204723
189,16,2464.204723
189,16,2464.204723
189,16,2464.204723
189,16,2464.204723
189,18,2458.563058
189,18,2458.563058
189,18,2458.563058
189,18,2458.563058
189,18,2458.563058
189,18,2458.563058
189,18,2458.563058
190,12,2661.501529
190,12,2661.501529
190,12,2661.501529
190,12,2661.501529
190,12,2661.501529
190,12,2661.501529
190,12,2661.501529
190,13,2576.804532
190,13,2576.804532
190,13,2576.804532
190,13,2576.804532
190,13,2576.804532
190,13,2576.804532
190,13,2576.804532
190,13,2576.804532
190,13,2576.804532
190,14,2522.092704
190,14,2522.092704
190,14,2522.092704
190,14,2522.092704
190,14,2522.092704
190,14,2522.092704
190,14,2522.092704
190,14,2522.092704
190,14,2522.092704
190,14,2522.092704
190,15,2480.554020
190,16,2464.204723
190,16,2464.204723
190,16,2464.204723
190,16,2464.204723
190,16,2464.204723
190,16,2464.204723
190,16,2464.204723
190,16,2464.204723
190,16,2464.204723
190,16,2464.204723
190,16,2464.204723
190,18,2458.563058
190,18,2458.563058
190,18,2458.563058
190,18,2458.563058
190,18,2458.563058
190,18,2458.563058
190,18,2458.563058
190,18,2458.563058
191,12,2661.501529
191,12,2661.501529
191,12,2661.501529
191,12,2661.501529
191,12,2661.501529
191,12,2661.501529
191,12,2661.501529
191,12,2661.501529
191,13,2576.804532
191,13,2576.804532
191,13,2576.804532
191,13,2576.804532
191,13,2576.804532
191,13,2576.804532
191,13,2576.804532
191,13,2576.804532
191,13,2576.804532
191,13,2576.804532
191,14,2522.092704
191,14,2522.092704
191,14,2522.092704
191,14,2522.092704
191,14,2522.092704
191,14,2522.092704
191,14,2522.092704
191,14,2522.092704
191,14,2522.092704
191,14,2522.092704
191,14,2522.092704
191,15,2480.554020
191,15,2480.554020
191,16,2464.204723
191,16,2464.204723
191,16,2464.204723
191,16,2464.204723
191,16,2464.204723
191,16,2464.204723
191,16,2464.204723
191,16,2464.204723
191,16,2464.204723
191,16,2464.204723
191,16,2464.204723
191,16,2464.204723
191,16,2464.204723
191,16,2464.204723
191,17,2462.887327
191,18,2458.563058
191,18,2458.563058
191,18,2458.563058
191,18,2458.563058
191,18,2458.563058
191,18,2458.563058
191,18,2458.563058
191,18,2458.563058
191,18,2458.563058
192,12,2661.501529
192,12,2661.501529
192,12,2661.501529
192,12,2661.501529
192,12,2661.501529
192,12,2661.501529
192,12,2661.501529
192,12,2661.501529
192,12,2661.501529
192,13,2576.804532
192,13,2576.804532
192,13,2576.804532
192,13,2576.804532
192,13,2576.804532
192,13,2576.804532
192,13,2576.804532
192,13,2576.804532
192,13,2576.804532
192,13,2576.804532
192,13,2576.804532
192,14,2522.092704
192,14,2522.092704
192,14,2522.092704
192,14,2522.092704
192,14,2522.092704
192,14,2522.092704
192,14,2522.092704
192,14,2522.092704
192,14,2522.092704
192,14,2522.092704
192,14,2522.092704
192,14,2522.092704
192,15,2464.213526
192,16,2464.204723
192,16,2464.204723
192,16,2464.204723
192,16,2464.204723
192,16,2464.204723
192,16,2464.204723
192,16,2464.204723
192,16,2464.204723
192,16,2464.204723
192,16,2464.204723
192,16,2464.204723
192,16,2464.204723
192,16,2464.204723
192,16,2464.204723
192,16,2464.204723
192,16,2464.204723
192,16,2464.204723
192,17,2462.887327
192,17,2462.887327
192,18,2448.432691
193,12,2661.501529
193,12,2661.501529
193,12,2661.501529
193,12,2661.501529
193,12,2661.501529
193,12,2661.501529
193,12,2661.501529
193,12,2661.501529
193,12,2661.501529
193,12,2661.501529
193,13,2576.804532
193,13,2576.804532
193,13,2576.804532
193,13,2576.804532
193,13,2576.804532
193,13,2576.804532
193,13,2576.804532
193,13,2576.804532
193,13,2576.804532
193,13,2576.804532
193,13,2576.804532
193,13,2576.804532
193,14,2522.092704
193,14,2522.092704
193,14,2522.092704
193,14,2522.092704
193,14,2522.092704
193,14,2522.092704
193,14,2522.092704
193,14,2522.092704
193,14,2522.092704
193,14,2522.092704
193,14,2522.092704
193,14,2522.092704
193,14,2522.092704
193,15,2464.213526
193,15,2464.213526
193,16,2464.204723
193,16,2464.204723
193,16,2464.204723
193,16,2464.204723
193,16,2464.204723
193,16,2464.204723
193,16,2464.204723
193,16,2464.204723
193,16,2464.204723
193,16,2464.204723
193,16,2464.204723
193,16,2464.204723
193,16,2464.204723
193,16,2464.204723
193,16,2464.204723
193,16,2464.204723
193,16,2464.204723
193,16,2464.204723
193,16,2464.204723
193,16,2464.204723
193,17,2462.887327
193,17,2462.887327
193,17,2462.887327
193,18,2448.432691
193,18,2448.432691
194,12,2661.501529
194,12,2661.501529
194,12,2661.501529
194,12,2661.501529
194,12,2661.501529
194,12,2661.501529
194,12,2661.501529
194,12,2661.501529
194,12,2661.501529
194,12,2661.501529
194,12,2661.501529
194,13,2576.804532
194,13,2576.804532
194,13,2576.804532
194,13,2576.804532
194,13,2576.804532
194,13,2576.804532
194,13,2576.804532
194,13,2576.804532
194,13,2576.804532
194,13,2576.804532
194,13,2576.804532
194,13,2576.804532
194,13,2576.804532
194,14,2522.092704
194,14,2522.092704
194,14,2522.092704
194,14,2522.092704
194,14,2522.092704
194,14,2522.092704
194,14,2522.092704
194,14,2522.092704
194,14,2522.092704
194,14,2522.092704
194,14,2522.092704
194,14,2522.092704
194,14,2522.092704
194,14,2522.092704
194,15,2464.213526
194,15,2464.213526
194,15,2464.213526
194,16,2464.204723
194,16,2464.204723
194,16,2464.204723
194,16,2464.204723
194,16,2464.204723
194,16,2464.204723
194,16,2464.204723
194,16,2464.204723
194,16,2464.204723
194,16,2464.204723
194,16,2464.204723
194,16,2464.204723
194,16,2464.204723
194,16,2464.204723
194,16,2464.204723
194,16,2464.204723
194,16,2464.204723
194,16,2464.204723
194,16,2464.204723
194,16,2464.204723
194,16,2464.204723
194,16,2464.204723
194,16,2464.204723
194,17,2462.887327
194,17,2462.887327
194,17,2462.887327
194,17,2462.887327
194,18,2448.432691
194,18,2448.432691
194,18,2448.432691
195,12,2661.501529
195,12,2661.501529
195,12,2661.501529
195,12,2661.501529
195,12,2661.501529
195,12,2661.501529
195,12,2661.501529
195,12,2661.501529
195,12,2661.501529
195,12,2661.501529
195,12,2661.501529
195,12,2661.501529
195,13,2576.804532
195,13,2576.804532
195,13,2576.804532
195,13,2576.804532
195,13,2576.804532
195,13,2576.804532
195,13,2576.804532
195,13,2576.804532
195,13,2576.804532
195,13,2576.804532
195,13,2576.804532
195,13,2576.804532
195,13,2576.804532
195,13,2576.804532
195,14,2522.092704
195,14,2522.092704
195,14,2522.092704
195,14,2522.092704
195,14,2522.092704
195,14,2522.092704
195,14,2522.092704
195,14,2522.092704
195,14,2522.092704
195,14,2522.092704
195,14,2522.092704
195,14,2522.092704
195,14,2522.092704
195,14,2522.092704
195,14,2522.092704
195,15,2464.213526
195,15,2464.213526
195,15,2464.213526
195,15,2464.213526
195,16,2464.204723
195,16,2464.204723
195,16,2464.204723
195,16,2464.204723
195,16,2464.204723
195,16,2464.204723
195,16,2464.204723
195,16,2464.204723
195,16,2464.204723
195,16,2464.204723
195,16,2464.204723
195,16,2464.204723
195,16,2464.204723
195,16,2464.204723
195,16,2464.204723
195,16,2464.204723
195,16,2464.204723
195,16,2464.204723
195,16,2464.204723
195,16,2464.204723
195,16,2464.204723
195,16,2464.204723
195,16,2464.204723
195,16,2464.204723
195,16,2464.204723
195,16,2464.204723
195,17,2462.887327
195,17,2462.887327
195,17,2462.887327
195,17,2462.887327
195,17,2462.887327
195,18,2448.432691
195,18,2448.432691
195,18,2448.432691
195,18,2448.432691
196,12,2661.501529
196,12,2661.501529
196,12,2661.501529
196,12,2661.501529
196,12,2661.501529
196,12,2661.501529
196,12,2661.501529
196,12,2661.501529
196,12,2661.501529
196,12,2661.501529
196,12,2661.501529
196,12,2661.501529
196,12,2661.501529
196,13,2576.804532
196,13,2576.804532
196,13,2576.804532
196,13,2576.804532
196,13,2576.804532
196,13,2576.804532
196,13,2576.804532
196,13,2576.804532
196,13,2576.804532
196,13,2576.804532
196,13,2576.804532
196,13,2576.804532
196,13,2576.804532
196,13,2576.804532
196,13,2576.804532
196,14,2520.638074
196,15,2464.213526
196,15,2464.213526
196,15,2464.213526
196,15,2464.213526
196,15,2464.213526
196,16,2456.595058
196,17,2441.792130
197,12,2661.501529
197,12,2661.501529
197,12,2661.501529
197,12,2661.501529
197,12,2661.501529
197,12,2661.501529
197,12,2661.501529
197,12,2661.501529
197,12,2661.501529
197,12,2661.501529
197,12,2661.501529
197,12,2661.501529
197,12,2661.501529
197,12,2661.501529
197,13,2576.804532
197,13,2576.804532
197,13,2576.804532
197,13,2576.804532
197,13,2576.804532
197,13,2576.804532
197,13,2576.804532
197,13,2576.804532
197,13,2576.804532
197,13,2576.804532
197,13,2576.804532
197,13,2576.804532
197,13,2576.804532
197,13,2576.804532
197,13,2576.804532
197,13,2576.804532
197,14,2520.638074
197,14,2520.638074
197,15,2464.213526
197,15,2464.213526
197,15,2464.213526
197,15,2464.213526
197,15,2464.213526
197,15,2464.213526
197,16,2456.595058
197,16,2456.595058
197,17,2441.792130
197,17,2441.792130
198,12,2661.501529
198,12,2661.501529
198,12,2661.501529
198,12,2661.501529
198,12,2661.501529
198,12,2661.501529
198,12,2661.501529
198,12,2661.501529
198,12,2661.501529
198,12,2661.501529
198,12,2661.501529
198,12,2661.501529
198,12,2661.501529
198,12,2661.501529
198,12,2661.501529
198,13,2576.804532
198,13,2576.804532
198,13,2576.804532
198,13,2576.804532
198,13,2576.804532
198,13,2576.804532
198,13,2576.804532
198,13,2576.804532
198,13,2576.804532
198,13,2576.804532
198,13,2576.804532
198,13,2576.804532
198,13,2576.804532
198,13,2576.804532
198,13,2576.804532
198,13,2576.804532
198,13,2576.804532
198,14,2520.638074
198,14,2520.638074
198,14,2520.638074
198,15,2464.213526
198,15,2464.213526
198,15,2464.213526
198,15,2464.213526
198,15,2464.213526
198,15,2464.213526
198,15,2464.213526
198,16,2456.595058
198,16,2456.595058
198,16,2456.595058
198,17,2441.792130
198,17,2441.792130
198,17,2441.792130
199,12,2657.770486
199,13,2575.431140
199,14,2520.638074
199,14,2520.638074
199,14,2520.638074
199,14,2520.638074
199,15,2464.213526
199,15,2464.213526
199,15,2464.213526
199,15,2464.213526
199,15,2464.213526
199,15,2464.213526
199,15,2464.213526
199,15,2464.213526
199,16,2456.595058
199,16,2456.595058
199,16,2456.595058
199,16,2456.595058
199,17,2441.792130
199,17,2441.792130
199,17,2441.792130
199,17,2441.792130
200,12,2657.770486
200,12,2657.770486
200,13,2575.431140
200,13,2575.431140
200,14,2520.638074
200,14,2520.638074
200,14,2520.638074
200,14,2520.638074
200,14,2520.638074
200,15,2464.213526
200,15,2464.213526
200,15,2464.213526
200,15,2464.213526
200,15,2464.213526
200,15,2464.213526
200,15,2464.213526
200,15,2464.213526
200,15,2464.213526
200,16,2456.595058
200,16,2456.595058
200,16,2456.595058
200,16,2456.595058
200,16,2456.595058
200,17,2441.792130
200,17,2441.792130
200,17,2441.792130
200,17,2441.792130
200,17,2441.792130
201,11,2904.326106
201,12,2657.770486
201,12,2657.770486
201,12,2657.770486
201,13,2575.431140
201,13,2575.431140
201,13,2575.431140
201,14,2518.725351
201,15,2464.213526
201,15,2464.213526
201,15,2464.213526
201,15,2464.213526
201,15,2464.213526
201,15,2464.213526
201,15,2464.213526
201,15,2464.213526
201,15,2464.213526
201,15,2464.213526
201,16,2456.595058
201,16,2456.595058
201,16,2456.595058
201,16,2456.595058
201,16,2456.595058
201,16,2456.595058
201,17,2441.792130
201,17,2441.792130
201,17,2441.792130
201,17,2441.792130
201,17,2441.792130
201,17,2441.792130
202,11,2904.326106
202,11,2904.326106
202,11,2904.326106
202,12,2657.770486
202,12,2657.770486
202,12,2657.770486
202,12,2657.770486
202,13,2575.431140
202,13,2575.431140
202,13,2575.431140
202,13,2575.431140
202,14,2516.192513
202,15,2464.213526
202,15,2464.213526
202,15,2464.213526
202,15,2464.213526
202,15,2464.213526
202,15,2464.213526
202,15,2464.213526
202,15,2464.213526
202,15,2464.213526
202,15,2464.213526
202,15,2464.213526
202,16,2456.595058
202,16,2456.595058
202,16,2456.595058
202,16,2456.595058
202,16,2456.595058
202,16,2456.595058
202,16,2456.595058
202,17,2441.792130
202,17,2441.792130
202,17,2441.792130
202,17,2441.792130
202,17,2441.792130
202,17,2441.792130
202,17,2441.792130
203,11,2858.156294
203,12,2657.770486
203,12,2657.770486
203,12,2657.770486
203,12,2657.770486
203,12,2657.770486
203,13,2575.431140
203,13,2575.431140
203,13,2575.431140
203,13,2575.431140
203,13,2575.431140
203,14,2516.192513
203,14,2516.192513
203,15,2464.213526
203,15,2464.213526
203,15,2464.213526
203,15,2464.213526
203,15,2464.213526
203,15,2464.213526
203,15,2464.213526
203,15,2464.213526
203,15,2464.213526
203,15,2464.213526
203,15,2464.213526
203,15,2464.213526
203,16,2456.595058
203,16,2456.595058
203,16,2456.595058
203,16,2456.595058
203,16,2456.595058
203,16,2456.595058
203,16,2456.595058
203,16,2456.595058
203,17,2441.792130
203,17,2441.792130
203,17,2441.792130
203,17,2441.792130
203,17,2441.792130
203,17,2441.792130
203,17,2441.792130
203,17,2441.792130
204,11,2858.156294
204,11,2858.156294
204,12,2657.770486
204,12,2657.770486
204,12,2657.770486
204,12,2657.770486
204,12,2657.770486
204,12,2657.770486
204,13,2575.431140
204,13,2575.431140
204,13,2575.431140
204,13,2575.431140
204,13,2575.431140
204,13,2575.431140
204,14,2512.785631
204,15,2464.213526
204,15,2464.213526
204,15,2464.213526
204,15,2464.213526
204,15,2464.213526
204,15,2464.213526
204,15,2464.213526
204,15,2464.213526
204,15,2464.213526
204,15,2464.213526
204,15,2464.213526
204,15,2464.213526
204,15,2464.213526
204,15,2464.213526
204,16,2456.595058
204,16,2456.595058
204,16,2456.595058
204,16,2456.595058
204,16,2456.595058
204,16,2456.595058
204,16,2456.595058
204,16,2456.595058
204,16,2456.595058
204,17,2441.792130
204,17,2441.792130
204,17,2441.792130
204,17,2441.792130
204,17,2441.792130
204,17,2441.792130
204,17,2441.792130
204,17,2441.792130
204,17,2441.792130
205,11,2858.156294
205,11,2858.156294
205,11,2858.156294
205,12,2657.770486
205,12,2657.770486
205,12,2657.770486
205,12,2657.770486
205,12,2657.770486
205,12,2657.770486
205,12,2657.770486
205,13,2575.431140
205,13,2575.431140
205,13,2575.431140
205,13,2575.431140
205,13,2575.431140
205,13,2575.431140
205,13,2575.431140
205,14,2512.785631
205,14,2512.785631
205,15,2464.213526
205,15,2464.213526
205,15,2464.213526
205,15,2464.213526
205,15,2464.213526
205,15,2464.213526
205,15,2464.213526
205,15,2464.213526
205,15,2464.213526
205,15,2464.213526
205,15,2464.213526
205,15,2464.213526
205,15,2464.213526
205,15,2464.213526
205,15,2464.213526
205,15,2464.213526
205,16,2456.595058
205,16,2456.595058
205,16,2456.595058
205,16,2456.595058
205,16,2456.595058
205,16,2456.595058
205,16,2456.595058
205,16,2456.595058
205,16,2456.595058
205,16,2456.595058
205,16,2456.595058
205,17,2441.792130
205,17,2441.792130
205,17,2441.792130
205,17,2441.792130
205,17,2441.792130
205,17,2441.792130
205,17,2441.792130
205,17,2441.792130
205,17,2441.792130
205,17,2441.792130
205,18,2425.416222
206,11,2858.156294
206,11,2858.156294
206,11,2858.156294
206,11,2858.156294
206,12,2657.770486
206,12,2657.770486
206,12,2657.770486
206,12,2657.770486
206,12,2657.770486
206,12,2657.770486
206,12,2657.770486
206,12,2657.770486
206,13,2575.431140
206,13,2575.431140
206,13,2575.431140
206,13,2575.431140
206,13,2575.431140
206,13,2575.431140
206,13,2575.431140
206,13,2575.431140
206,14,2512.785631
206,14,2512.785631
206,14,2512.785631
206,15,2464.213526
206,15,2464.213526
206,15,2464.213526
206,15,2464.213526
206,15,2464.213526
206,15,2464.213526
206,15,2464.213526
206,15,2464.213526
206,15,2464.213526
206,15,2464.213526
206,15,2464.213526
206,15,2464.213526
206,15,2464.213526
206,15,2464.213526
206,15,2464.213526
206,15,2464.213526
206,15,2464.213526
206,15,2464.213526
206,16,2456.595058
206,16,2456.595058
206,16,2456.595058
206,16,2456.595058
206,16,2456.595058
206,16,2456.595058
206,16,2456.595058
206,16,2456.595058
206,16,2456.595058
206,16,2456.595058
206,16,2456.595058
206,16,2456.595058
206,16,2456.595058
206,17,2441.792130
206,17,2441.792130
206,17,2441.792130
206,17,2441.792130
206,17,2441.792130
206,17,2441.792130
206,17,2441.792130
206,17,2441.792130
206,17,2441.792130
206,17,2441.792130
206,17,2441.792130
206,18,2425.416222
206,18,2425.416222
207,11,2858.156294
207,11,2858.156294
207,11,2858.156294
207,11,2858.156294
207,11,2858.156294
207,12,2657.770486
207,12,2657.770486
207,12,2657.770486
207,12,2657.770486
207,12,2657.770486
207,12,2657.770486
207,12,2657.770486
207,12,2657.770486
207,12,2657.770486
207,13,2575.431140
207,13,2575.431140
207,13,2575.431140
207,13,2575.431140
207,13,2575.431140
207,13,2575.431140
207,13,2575.431140
207,13,2575.431140
207,13,2575.431140
207,14,2512.785631
207,14,2512.785631
207,14,2512.785631
207,14,2512.785631
207,15,2464.213526
207,15,2464.213526
207,15,2464.213526
207,15,2464.213526
207,15,2464.213526
207,15,2464.213526
207,15,2464.213526
207,15,2464.213526
207,15,2464.213526
207,15,2464.213526
207,15,2464.213526
207,15,2464.213526
207,15,2464.213526
207,15,2464.213526
207,15,2464.213526
207,15,2464.213526
207,15,2464.213526
207,15,2464.213526
207,15,2464.213526
207,15,2464.213526
207,16,2456.595058
207,16,2456.595058
207,16,2456.595058
207,16,2456.595058
207,16,2456.595058
207,16,2456.595058
207,16,2456.595058
207,16,2456.595058
207,16,2456.595058
207,16,2456.595058
207,16,2456.595058
207,16,2456.595058
207,16,2456.595058
207,16,2456.595058
207,16,2456.595058
207,17,2441.792130
207,17,2441.792130
207,17,2441.792130
207,17,2441.792130
207,17,2441.792130
207,17,2441.792130
207,17,2441.792130
207,17,2441.792130
207,17,2441.792130
207,17,2441.792130
207,17,2441.792130
207,17,2441.792130
207,18,2425.416222
207,18,2425.416222
207,18,2425.416222
208,11,2858.156294
208,11,2858.156294
208,11,2858.156294
208,11,2858.156294
208,11,2858.156294
208,11,2858.156294
208,12,2657.770486
208,12,2657.770486
208,12,2657.770486
208,12,2657.770486
208,12,2657.770486
208,12,2657.770486
208,12,2657.770486
208,12,2657.770486
208,12,2657.770486
208,12,2657.770486
208,13,2575.431140
208,13,2575.431140
208,13,2575.431140
208,13,2575.431140
208,13,2575.431140
208,13,2575.431140
208,13,2575.431140
208,13,2575.431140
208,13,2575.431140
208,13,2575.431140
208,14,2512.785631
208,14,2512.785631
208,14,2512.785631
208,14,2512.785631
208,14,2512.785631
208,15,2464.213526
208,15,2464.213526
208,15,2464.213526
208,15,2464.213526
208,15,2464.213526
208,15,2464.213526
208,15,2464.213526
208,15,2464.213526
208,15,2464.213526
208,15,2464.213526
208,15,2464.213526
208,15,2464.213526
208,15,2464.213526
208,15,2464.213526
208,15,2464.213526
208,15,2464.213526
208,15,2464.213526
208,15,2464.213526
208,15,2464.213526
208,15,2464.213526
208,15,2464.213526
208,15,2464.213526
208,16,2456.595058
208,16,2456.595058
208,16,2456.595058
208,16,2456.595058
208,16,2456.595058
208,16,2456.595058
208,16,2456.595058
208,16,2456.595058
208,16,2456.595058
208,16,2456.595058
208,16,2456.595058
208,16,2456.595058
208,16,2456.595058
208,16,2456.595058
208,16,2456.595058
208,16,2456.595058
208,16,2456.595058
208,17,2441.792130
208,17,2441.792130
208,17,2441.792130
208,17,2441.792130
208,17,2441.792130
208,17,2441.792130
208,17,2441.792130
208,17,2441.792130
208,17,2441.792130
208,17,2441.792130
208,17,2441.792130
208,17,2441.792130
208,17,2441.792130
208,18,2425.416222
208,18,2425.416222
208,18,2425.416222
208,18,2425.416222
209,11,2858.156294
209,11,2858.156294
209,11,2858.156294
209,11,2858.156294
209,11,2858.156294
209,11,2858.156294
209,11,2858.156294
209,12,2657.770486
209,12,2657.770486
209,12,2657.770486
209,12,2657.770486
209,12,2657.770486
209,12,2657.770486
209,12,2657.770486
209,12,2657.770486
209,12,2657.770486
209,12,2657.770486
209,12,2657.770486
209,13,2575.431140
209,13,2575.431140
209,13,2575.431140
209,13,2575.431140
209,13,2575.431140
209,13,2575.431140
209,13,2575.431140
209,13,2575.431140
209,13,2575.431140
209,13,2575.431140
209,13,2575.431140
209,14,2507.672129
209,15,2464.213526
209,15,2464.213526
209,15,2464.213526
209,15,2464.213526
209,15,2464.213526
209,15,2464.213526
209,15,2464.213526
209,15,2464.213526
209,15,2464.213526
209,15,2464.213526
209,15,2464.213526
209,15,2464.213526
209,15,2464.213526
209,15,2464.213526
209,15,2464.213526
209,15,2464.213526
209,15,2464.213526
209,15,2464.213526
209,15,2464.213526
209,15,2464.213526
209,15,2464.213526
209,15,2464.213526
209,15,2464.213526
209,15,2464.213526
209,16,2448.715031
209,17,2441.792130
209,17,2441.792130
209,17,2441.792130
209,17,2441.792130
209,17,2441.792130
209,17,2441.792130
209,17,2441.792130
209,17,2441.792130
209,17,2441.792130
209,17,2441.792130
209,17,2441.792130
209,17,2441.792130
209,17,2441.792130
209,17,2441.792130
209,18,2425.416222
209,18,2425.416222
209,18,2425.416222
209,18,2425.416222
209,18,2425.416222
210,11,2858.156294
210,11,2858.156294
210,11,2858.156294
210,11,2858.156294
210,11,2858.156294
210,11,2858.156294
210,11,2858.156294
210,11,2858.156294
210,12,2657.770486
210,12,2657.770486
210,12,2657.770486
210,12,2657.770486
210,12,2657.770486
210,12,2657.770486
210,12,2657.770486
210,12,2657.770486
210,12,2657.770486
210,12,2657.770486
210,12,2657.770486
210,12,2657.770486
210,13,2575.431140
210,13,2575.431140
210,13,2575.431140
210,13,2575.431140
210,13,2575.431140
210,13,2575.431140
210,13,2575.431140
210,13,2575.431140
210,13,2575.431140
210,13,2575.431140
210,13,2575.431140
210,13,2575.431140
210,14,2507.672129
210,14,2507.672129
210,15,2464.213526
210,15,2464.213526
210,15,2464.213526
210,15,2464.213526
210,15,2464.213526
210,15,2464.213526
210,15,2464.213526
210,15,2464.213526
210,15,2464.213526
210,15,2464.213526
210,15,2464.213526
210,15,2464.213526
210,15,2464.213526
210,15,2464.213526
210,15,2464.213526
210,15,2464.213526
210,15,2464.213526
210,15,2464.213526
210,15,2464.213526
210,15,2464.213526
210,15,2464.213526
210,15,2464.213526
210,15,2464.213526
210,15,2464.213526
210,15,2464.213526
210,15,2464.213526
210,16,2448.715031
210,16,2448.715031
210,17,2441.792130
210,17,2441.792130
210,17,2441.792130
210,17,2441.792130
210,17,2441.792130
210,17,2441.792130
210,17,2441.792130
210,17,2441.792130
210,17,2441.792130
210,17,2441.792130
210,17,2441.792130
210,17,2441.792130
210,17,2441.792130
210,17,2441.792130
210,17,2441.792130
210,18,2425.416222
210,18,2425.416222
210,18,2425.416222
210,18,2425.416222
210,18,2425.416222
210,18,2425.416222
211,11,2858.156294
211,11,2858.156294
211,11,2858.156294
211,11,2858.156294
211,11,2858.156294
211,11,2858.156294
211,11,2858.156294
211,11,2858.156294
211,11,2858.156294
211,12,2657.471513
211,13,2575.431140
211,13,2575.431140
211,13,2575.431140
211,13,2575.431140
211,13,2575.431140
211,13,2575.431140
211,13,2575.431140
211,13,2575.431140
211,13,2575.431140
211,13,2575.431140
211,13,2575.431140
211,13,2575.431140
211,13,2575.431140
211,13,2575.431140
211,14,2507.672129
211,14,2507.672129
211,14,2507.672129
211,15,2464.213526
211,15,2464.213526
211,15,2464.213526
211,15,2464.213526
211,15,2464.213526
211,15,2464.213526
211,15,2464.213526
211,15,2464.213526
211,15,2464.213526
211,15,2464.213526
211,15,2464.213526
211,15,2464.213526
211,15,2464.213526
211,15,2464.213526
211,15,2464.213526
211,15,2464.213526
211,15,2464.213526
211,15,2464.213526
211,15,2464.213526
211,15,2464.213526
211,15,2464.213526
211,15,2464.213526
211,15,2464.213526
211,15,2464.213526
211,15,2464.213526
211,15,2464.213526
211,15,2464.213526
211,15,2464.213526
211,16,2448.715031
211,16,2448.715031
211,16,2448.715031
211,17,2441.792130
211,17,2441.792130
211,17,2441.792130
211,17,2441.792130
211,17,2441.792130
211,17,2441.792130
211,17,2441.792130
211,17,2441.792130
211,17,2441.792130
211,17,2441.792130
211,17,2441.792130
211,17,2441.792130
211,17,2441.792130
211,17,2441.792130
211,17,2441.792130
211,17,2441.792130
211,18,2425.416222
211,18,2425.416222
211,18,2425.416222
211,18,2425.416222
211,18,2425.416222
211,18,2425.416222
211,18,2425.416222
212,11,2858.156294
212,11,2858.156294
212,11,2858.156294
212,11,2858.156294
212,11,2858.156294
212,11,2858.156294
212,11,2858.156294
212,11,2858.156294
212,11,2858.156294
212,11,2858.156294
212,12,2657.471513
212,12,2657.471513
212,13,2575.431140
212,13,2575.431140
212,13,2575.431140
212,13,2575.431140
212,13,2575.431140
212,13,2575.431140
212,13,2575.431140
212,13,2575.431140
212,13,2575.431140
212,13,2575.431140
212,13,2575.431140
212,13,2575.431140
212,13,2575.431140
212,13,2575.431140
212,13,2575.431140
212,13,2575.431140
212,14,2507.672129
212,14,2507.672129
212,14,2507.672129
212,14,2507.672129
212,15,2464.213526
212,15,2464.213526
212,15,2464.213526
212,15,2464.213526
212,15,2464.213526
212,15,2464.213526
212,15,2464.213526
212,15,2464.213526
212,15,2464.213526
212,15,2464.213526
212,15,2464.213526
212,15,2464.213526
212,15,2464.213526
212,15,2464.213526
212,15,2464.213526
212,15,2464.213526
212,15,2464.213526
212,15,2464.213526
212,15,2464.213526
212,15,2464.213526
212,15,2464.213526
212,15,2464.213526
212,15,2464.213526
212,15,2464.213526
212,15,2464.213526
212,15,2464.213526
212,15,2464.213526
212,15,2464.213526
212,15,2464.213526
212,15,2464.213526
212,16,2448.715031
212,16,2448.715031
212,16,2448.715031
212,16,2448.715031
212,17,2441.792130
212,17,2441.792130
212,17,2441.792130
212,17,2441.792130
212,17,2441.792130
212,17,2441.792130
212,17,2441.792130
212,17,2441.792130
212,17,2441.792130
212,17,2441.792130
212,17,2441.792130
212,17,2441.792130
212,17,2441.792130
212,17,2441.792130
212,17,2441.792130
212,17,2441.792130
212,17,2441.792130
212,18,2425.416222
212,18,2425.416222
212,18,2425.416222
212,18,2425.416222
212,18,2425.416222
212,18,2425.416222
212,18,2425.416222
212,18,2425.416222
213,11,2858.156294
213,11,2858.156294
213,11,2858.156294
213,11,2858.156294
213,11,2858.156294
213,11,2858.156294
213,11,2858.156294
213,11,2858.156294
213,11,2858.156294
213,11,2858.156294
213,11,2858.156294
213,12,2657.471513
213,12,2657.471513
213,12,2657.471513
213,13,2575.431140
213,13,2575.431140
213,13,2575.431140
213,13,2575.431140
213,13,2575.431140
213,13,2575.431140
213,13,2575.431140
213,13,2575.431140
213,13,2575.431140
213,13,2575.431140
213,13,2575.431140
213,13,2575.431140
213,13,2575.431140
213,13,2575.431140
213,13,2575.431140
213,13,2575.431140
213,13,2575.431140
213,13,2575.431140
213,14,2507.672129
213,14,2507.672129
213,14,2507.672129
213,14,2507.672129
213,14,2507.672129
213,15,2464.213526
213,15,2464.213526
213,15,2464.213526
213,15,2464.213526
213,15,2464.213526
213,15,2464.213526
213,15,2464.213526
213,15,2464.213526
213,15,2464.213526
213,15,2464.213526
213,15,2464.213526
213,15,2464.213526
213,15,2464.213526
213,15,2464.213526
213,15,2464.213526
213,15,2464.213526
213,15,2464.213526
213,15,2464.213526
213,15,2464.213526
213,15,2464.213526
213,15,2464.213526
213,15,2464.213526
213,15,2464.213526
213,15,2464.213526
213,15,2464.213526
213,15,2464.213526
213,15,2464.213526
213,15,2464.213526
213,15,2464.213526
213,15,2464.213526
213,15,2464.213526
213,15,2464.213526
213,16,2448.715031
213,16,2448.715031
213,16,2448.715031
213,16,2448.715031
213,16,2448.715031
213,17,2441.792130
213,17,2441.792130
213,17,2441.792130
213,17,2441.792130
213,17,2441.792130
213,17,2441.792130
213,17,2441.792130
213,17,2441.792130
213,17,2441.792130
213,17,2441.792130
213,17,2441.792130
213,17,2441.792130
213,17,2441.792130
213,17,2441.792130
213,17,2441.792130
213,17,2441.792130
213,17,2441.792130
213,17,2441.792130
213,18,2425.416222
213,18,2425.416222
213,18,2425.416222
213,18,2425.416222
213,18,2425.416222
213,18,2425.416222
213,18,2425.416222
213,18,2425.416222
213,18,2425.416222
214,11,2858.156294
214,11,2858.156294
214,11,2858.156294
214,11,2858.156294
214,11,2858.156294
214,11,2858.156294
214,11,2858.156294
214,11,2858.156294
214,11,2858.156294
214,11,2858.156294
214,11,2858.156294
214,11,2858.156294
214,12,2657.471513
214,12,2657.471513
214,12,2657.471513
214,12,2657.471513
214,13,2575.431140
214,13,2575.431140
214,13,2575.431140
214,13,2575.431140
214,13,2575.431140
214,13,2575.431140
214,13,2575.431140
214,13,2575.431140
214,13,2575.431140
214,13,2575.431140
214,13,2575.431140
214,13,2575.431140
214,13,2575.431140
214,13,2575.431140
214,13,2575.431140
214,13,2575.431140
214,13,2575.431140
214,13,2575.431140
214,13,2575.431140
214,13,2575.431140
214,14,2502.378047
214,15,2464.213526
214,15,2464.213526
214,15,2464.213526
214,15,2464.213526
214,15,2464.213526
214,15,2464.213526
214,15,2464.213526
214,15,2464.213526
214,15,2464.213526
214,15,2464.213526
214,15,2464.213526
214,15,2464.213526
214,15,2464.213526
214,15,2464.213526
214,15,2464.213526
214,15,2464.213526
214,15,2464.213526
214,15,2464.213526
214,15,2464.213526
214,15,2464.213526
214,15,2464.213526
214,15,2464.213526
214,15,2464.213526
214,15,2464.213526
214,15,2464.213526
214,15,2464.213526
214,15,2464.213526
214,15,2464.213526
214,15,2464.213526
214,15,2464.213526
214,15,2464.213526
214,15,2464.213526
214,15,2464.213526
214,15,2464.213526
214,16,2448.715031
214,16,2448.715031
214,16,2448.715031
214,16,2448.715031
214,16,2448.715031
214,16,2448.715031
214,17,2441.792130
214,17,2441.792130
214,17,2441.792130
214,17,2441.792130
214,17,2441.792130
214,17,2441.792130
214,17,2441.792130
214,17,2441.792130
214,17,2441.792130
214,17,2441.792130
214,17,2441.792130
214,17,2441.792130
214,17,2441.792130
214,17,2441.792130
214,17,2441.792130
214,17,2441.792130
214,17,2441.792130
214,17,2441.792130
214,17,2441.792130
214,18,2425.416222
214,18,2425.416222
214,18,2425.416222
214,18,2425.416222
214,18,2425.416222
214,18,2425.416222
214,18,2425.416222
214,18,2425.416222
214,18,2425.416222
214,18,2425.416222
215,11,2858.156294
215,11,2858.156294
215,11,2858.156294
215,11,2858.156294
215,11,2858.156294
215,11,2858.156294
215,11,2858.156294
215,11,2858.156294
215,11,2858.156294
215,11,2858.156294
215,11,2858.156294
215,11,2858.156294
215,11,2858.156294
215,12,2657.471513
215,12,2657.471513
215,12,2657.471513
215,12,2657.471513
215,12,2657.471513
215,13,2575.431140
215,13,2575.431140
215,13,2575.431140
215,13,2575.431140
215,13,2575.431140
215,13,2575.431140
215,13,2575.431140
215,13,2575.431140
215,13,2575.431140
215,13,2575.431140
215,13,2575.431140
215,13,2575.431140
215,13,2575.431140
215,13,2575.431140
215,13,2575.431140
215,13,2575.431140
215,13,2575.431140
215,13,2575.431140
215,13,2575.431140
215,13,2575.431140
215,13,2575.431140
215,13,2575.431140
215,14,2495.374236
215,15,2464.213526
215,15,2464.213526
215,15,2464.213526
215,15,2464.213526
215,15,2464.213526
215,15,2464.213526
215,15,2464.213526
215,15,2464.213526
215,15,2464.213526
215,15,2464.213526
215,15,2464.213526
215,15,2464.213526
215,15,2464.213526
215,15,2464.213526
215,15,2464.213526
215,15,2464.213526
215,15,2464.213526
215,15,2464.213526
215,15,2464.213526
215,15,2464.213526
215,15,2464.213526
215,15,2464.213526
215,15,2464.213526
215,15,2464.213526
215,15,2464.213526
215,15,2464.213526
215,15,2464.213526
215,15,2464.213526
215,15,2464.213526
215,15,2464.213526
215,15,2464.213526
215,15,2464.213526
215,15,2464.213526
215,15,2464.213526
215,15,2464.213526
215,15,2464.213526
215,16,2448.715031
215,16,2448.715031
215,16,2448.715031
215,16,2448.715031
215,16,2448.715031
215,16,2448.715031
215,16,2448.715031
215,16,2448.715031
215,17,2441.792130
215,17,2441.792130
215,17,2441.792130
215,17,2441.792130
215,17,2441.792130
215,17,2441.792130
215,17,2441.792130
215,17,2441.792130
215,17,2441.792130
215,17,2441.792130
215,17,2441.792130
215,17,2441.792130
215,17,2441.792130
215,17,2441.792130
215,17,2441.792130
215,17,2441.792130
215,17,2441.792130
215,17,2441.792130
215,17,2441.792130
215,17,2441.792130
215,18,2425.416222
215,18,2425.416222
215,18,2425.416222
215,18,2425.416222
215,18,2425.416222
215,18,2425.416222
215,18,2425.416222
215,18,2425.416222
215,18,2425.416222
215,18,2425.416222
215,18,2425.416222
216,11,2858.156294
216,11,2858.156294
216,11,2858.156294
216,11,2858.156294
216,11,2858.156294
216,11,2858.156294
216,11,2858.156294
216,11,2858.156294
216,11,2858.156294
216,11,2858.156294
216,11,2858.156294
216,11,2858.156294
216,11,2858.156294
216,11,2858.156294
216,12,2646.222267
216,13,2575.431140
216,13,2575.431140
216,13,2575.431140
216,13,2575.431140
216,13,2575.431140
216,13,2575.431140
216,13,2575.431140
216,13,2575.431140
216,13,2575.431140
216,13,2575.431140
216,13,2575.431140
216,13,2575.431140
216,13,2575.431140
216,13,2575.431140
216,13,2575.431140
216,13,2575.431140
216,13,2575.431140
216,13,2575.431140
216,13,2575.431140
216,13,2575.431140
216,13,2575.431140
216,13,2575.431140
216,13,2575.431140
216,13,2575.431140
216,14,2495.374236
216,14,2495.374236
216,15,2464.213526
216,15,2464.213526
216,15,2464.213526
216,15,2464.213526
216,15,2464.213526
216,15,2464.213526
216,15,2464.213526
216,15,2464.213526
216,15,2464.213526
216,15,2464.213526
216,15,2464.213526
216,15,2464.213526
216,15,2464.213526
216,15,2464.213526
216,15,2464.213526
216,15,2464.213526
216,15,2464.213526
216,15,2464.213526
216,15,2464.213526
216,15,2464.213526
216,15,2464.213526
216,15,2464.213526
216,15,2464.213526
216,15,2464.213526
216,15,2464.213526
216,15,2464.213526
216,15,2464.213526
216,15,2464.213526
216,15,2464.213526
216,15,2464.213526
216,15,2464.213526
216,15,2464.213526
216,15,2464.213526
216,15,2464.213526
216,15,2464.213526
216,15,2464.213526
216,15,2464.213526
216,15,2464.213526
216,16,2448.715031
216,16,2448.715031
216,16,2448.715031
216,16,2448.715031
216,16,2448.715031
216,16,2448.715031
216,16,2448.715031
216,16,2448.715031
216,16,2448.715031
216,16,2448.715031
216,17,2441.792130
216,17,2441.792130
216,17,2441.792130
216,17,2441.792130
216,17,2441.792130
216,17,2441.792130
216,17,2441.792130
216,17,2441.792130
216,17,2441.792130
216,17,2441.792130
216,17,2441.792130
216,17,2441.792130
216,17,2441.792130
216,17,2441.792130
216,17,2441.792130
216,17,2441.792130
216,17,2441.792130
216,17,2441.792130
216,17,2441.792130
216,17,2441.792130
216,17,2441.792130
216,18,2425.416222
216,18,2425.416222
216,18,2425.416222
216,18,2425.416222
216,18,2425.416222
216,18,2425.416222
216,18,2425.416222
216,18,2425.416222
216,18,2425.416222
216,18,2425.416222
216,18,2425.416222
216,18,2425.416222
217,11,2858.156294
217,11,2858.156294
217,11,2858.156294
217,11,2858.156294
217,11,2858.156294
217,11,2858.156294
217,11,2858.156294
217,11,2858.156294
217,11,2858.156294
217,11,2858.156294
217,11,2858.156294
217,11,2858.156294
217,11,2858.156294
217,11,2858.156294
217,11,2858.156294
217,12,2646.222267
217,12,2646.222267
217,13,2562.466334
217,14,2495.374236
217,14,2495.374236
217,14,2495.374236
217,15,2464.213526
217,15,2464.213526
217,15,2464.213526
217,15,2464.213526
217,15,2464.213526
217,15,2464.213526
217,15,2464.213526
217,15,2464.213526
217,15,2464.213526
217,15,2464.213526
217,15,2464.213526
217,15,2464.213526
217,15,2464.213526
217,15,2464.213526
217,15,2464.213526
217,15,2464.213526
217,15,2464.213526
217,15,2464.213526
217,15,2464.213526
217,15,2464.213526
217,15,2464.213526
217,15,2464.213526
217,15,2464.213526
217,15,2464.213526
217,15,2464.213526
217,15,2464.213526
217,15,2464.213526
217,15,2464.213526
217,15,2464.213526
217,15,2464.213526
217,15,2464.213526
217,15,2464.213526
217,15,2464.213526
217,15,2464.213526
217,15,2464.213526
217,15,2464.213526
217,15,2464.213526
217,15,2464.213526
217,15,2464.213526
217,15,2464.213526
217,16,2448.715031
217,16,2448.715031
217,16,2448.715031
217,16,2448.715031
217,16,2448.715031
217,16,2448.715031
217,16,2448.715031
217,16,2448.715031
217,16,2448.715031
217,16,2448.715031
217,16,2448.715031
217,16,2448.715031
217,17,2441.792130
217,17,2441.792130
217,17,2441.792130
217,17,2441.792130
217,17,2441.792130
217,17,2441.792130
217,17,2441.792130
217,17,2441.792130
217,17,2441.792130
217,17,2441.792130
217,17,2441.792130
217,17,2441.792130
217,17,2441.792130
217,17,2441.792130
217,17,2441.792130
217,17,2441.792130
217,17,2441.792130
217,17,2441.792130
217,17,2441.792130
217,17,2441.792130
217,17,2441.792130
217,17,2441.792130
217,18,2425.416222
217,18,2425.416222
217,18,2425.416222
217,18,2425.416222
217,18,2425.416222
217,18,2425.416222
217,18,2425.416222
217,18,2425.416222
217,18,2425.416222
217,18,2425.416222
217,18,2425.416222
217,18,2425.416222
217,18,2425.416222
218,11,2858.156294
218,11,2858.156294
218,11,2858.156294
218,11,2858.156294
218,11,2858.156294
218,11,2858.156294
218,11,2858.156294
218,11,2858.156294
218,11,2858.156294
218,11,2858.156294
218,11,2858.156294
218,11,2858.156294
218,11,2858.156294
218,11,2858.156294
218,11,2858.156294
218,11,2858.156294
218,11,2858.156294
218,12,2646.222267
218,12,2646.222267
218,12,2646.222267
218,13,2562.466334
218,13,2562.466334
218,14,2495.374236
218,14,2495.374236
218,14,2495.374236
218,14,2495.374236
218,15,2464.213526
218,15,2464.213526
218,15,2464.213526
218,15,2464.213526
218,15,2464.213526
218,15,2464.213526
218,15,2464.213526
218,15,2464.213526
218,15,2464.213526
218,15,2464.213526
218,15,2464.213526
218,15,2464.213526
218,15,2464.213526
218,15,2464.213526
218,15,2464.213526
218,15,2464.213526
218,15,2464.213526
218,15,2464.213526
218,15,2464.213526
218,15,2464.213526
218,15,2464.213526
218,15,2464.213526
218,15,2464.213526
218,15,2464.213526
218,15,2464.213526
218,15,2464.213526
218,15,2464.213526
218,15,2464.213526
218,15,2464.213526
218,15,2464.213526
218,15,2464.213526
218,15,2464.213526
218,15,2464.213526
218,15,2464.213526
218,15,2464.213526
218,15,2464.213526
218,15,2464.213526
218,15,2464.213526
218,15,2464.213526
218,15,2464.213526
218,15,2464.213526
218,15,2464.213526
218,16,2448.715031
218,16,2448.715031
218,16,2448.715031
218,16,2448.715031
218,16,2448.715031
218,16,2448.715031
218,16,2448.715031
218,16,2448.715031
218,16,2448.715031
218,16,2448.715031
218,16,2448.715031
218,16,2448.715031
218,16,2448.715031
218,16,2448.715031
218,17,2441.792130
218,17,2441.792130
218,17,2441.792130
218,17,2441.792130
218,17,2441.792130
218,17,2441.792130
218,17,2441.792130
218,17,2441.792130
218,17,2441.792130
218,17,2441.792130
218,17,2441.792130
218,17,2441.792130
218,17,2441.792130
218,17,2441.792130
218,17,2441.792130
218,17,2441.792130
218,17,2441.792130
218,17,2441.792130
218,17,2441.792130
218,17,2441.792130
218,17,2441.792130
218,17,2441.792130
218,17,2441.792130
218,18,2425.416222
218,18,2425.416222
218,18,2425.416222
218,18,2425.416222
218,18,2425.416222
218,18,2425.416222
218,18,2425.416222
218,18,2425.416222
218,18,2425.416222
218,18,2425.416222
218,18,2425.416222
218,18,2425.416222
218,18,2425.416222
218,18,2425.416222
219,11,2858.156294
219,11,2858.156294
219,11,2858.156294
219,11,2858.156294
219,11,2858.156294
219,11,2858.156294
219,11,2858.156294
219,11,2858.156294
219,11,2858.156294
219,11,2858.156294
219,11,2858.156294
219,11,2858.156294
219,11,2858.156294
219,11,2858.156294
219,11,2858.156294
219,11,2858.156294
219,11,2858.156294
219,11,2858.156294
219,11,2858.156294
219,12,2646.222267
219,12,2646.222267
219,12,2646.222267
219,12,2646.222267
219,13,2562.466334
219,13,2562.466334
219,13,2562.466334
219,13,2562.466334
219,14,2495.374236
219,14,2495.374236
219,14,2495.374236
219,14,2495.374236
219,14,2495.374236
219,15,2464.213526
219,15,2464.213526
219,15,2464.213526
219,15,2464.213526
219,15,2464.213526
219,15,2464.213526
219,15,2464.213526
219,15,2464.213526
219,15,2464.213526
219,15,2464.213526
219,15,2464.213526
219,15,2464.213526
219,15,2464.213526
219,15,2464.213526
219,15,2464.213526
219,15,2464.213526
219,15,2464.213526
219,15,2464.213526
219,15,2464.213526
219,15,2464.213526
219,15,2464.213526
219,15,2464.213526
219,15,2464.213526
219,15,2464.213526
219,15,2464.213526
219,15,2464.213526
219,15,2464.213526
219,15,2464.213526
219,15,2464.213526
219,15,2464.213526
219,15,2464.213526
219,15,2464.213526
219,15,2464.213526
219,15,2464.213526
219,15,2464.213526
219,15,2464.213526
219,15,2464.213526
219,15,2464.213526
219,15,2464.213526
219,15,2464.213526
219,15,2464.213526
219,15,2464.213526
219,15,2464.213526
219,15,2464.213526
219,16,2448.715031
219,16,2448.715031
219,16,2448.715031
219,16,2448.715031
219,16,2448.715031
219,16,2448.715031
219,16,2448.715031
219,16,2448.715031
219,16,2448.715031
219,16,2448.715031
219,16,2448.715031
219,16,2448.715031
219,16,2448.715031
219,16,2448.715031
219,16,2448.715031
219,16,2448.715031
219,17,2441.792130
219,17,2441.792130
219,17,2441.792130
219,17,2441.792130
219,17,2441.792130
219,17,2441.792130
219,17,2441.792130
219,17,2441.792130
219,17,2441.792130
219,17,2441.792130
219,17,2441.792130
219,17,2441.792130
219,17,2441.792130
219,17,2441.792130
219,17,2441.792130
219,17,2441.792130
219,17,2441.792130
219,17,2441.792130
219,17,2441.792130
219,17,2441.792130
219,17,2441.792130
219,17,2441.792130
219,17,2441.792130
219,17,2441.792130
219,18,2425.416222
219,18,2425.416222
219,18,2425.416222
219,18,2425.416222
219,18,2425.416222
219,18,2425.416222
219,18,2425.416222
219,18,2425.416222
219,18,2425.416222
219,18,2425.416222
219,18,2425.416222
219,18,2425.416222
219,18,2425.416222
219,18,2425.416222
219,18,2425.416222
220,11,2858.156294
220,11,2858.156294
220,11,2858.156294
220,11,2858.156294
220,11,2858.156294
220,11,2858.156294
220,11,2858.156294
220,11,2858.156294
220,11,2858.156294
220,11,2858.156294
220,11,2858.156294
220,11,2858.156294
220,11,2858.156294
220,11,2858.156294
220,11,2858.156294
220,11,2858.156294
220,11,2858.156294
220,11,2858.156294
220,11,2858.156294
220,11,2858.156294
220,11,2858.156294
220,12,2646.222267
220,12,2646.222267
220,12,2646.222267
220,12,2646.222267
220,12,2646.222267
220,13,2562.466334
220,13,2562.466334
220,13,2562.466334
220,13,2562.466334
220,13,2562.466334
220,13,2562.466334
220,14,2495.374236
220,14,2495.374236
220,14,2495.374236
220,14,2495.374236
220,14,2495.374236
220,14,2495.374236
220,15,2464.213526
220,15,2464.213526
220,15,2464.213526
220,15,2464.213526
220,15,2464.213526
220,15,2464.213526
220,15,2464.213526
220,15,2464.213526
220,15,2464.213526
220,15,2464.213526
220,15,2464.213526
220,15,2464.213526
220,15,2464.213526
220,15,2464.213526
220,15,2464.213526
220,15,2464.213526
220,15,2464.213526
220,15,2464.213526
220,15,2464.213526
220,15,2464.213526
220,15,2464.213526
220,15,2464.213526
220,15,2464.213526
220,15,2464.213526
220,15,2464.213526
220,15,2464.213526
220,15,2464.213526
220,15,2464.213526
220,15,2464.213526
220,15,2464.213526
220,15,2464.213526
220,15,2464.213526
220,15,2464.213526
220,15,2464.213526
220,15,2464.213526
220,15,2464.213526
220,15,2464.213526
220,15,2464.213526
220,15,2464.213526
220,15,2464.213526
220,15,2464.213526
220,15,2464.213526
220,15,2464.213526
220,15,2464.213526
220,15,2464.213526
220,15,2464.213526
220,15,2464.213526
220,16,2448.715031
220,16,2448.715031
220,16,2448.715031
220,16,2448.715031
220,16,2448.715031
220,16,2448.715031
220,16,2448.715031
220,16,2448.715031
220,16,2448.715031
220,16,2448.715031
220,16,2448.715031
220,16,2448.715031
220,16,2448.715031
220,16,2448.715031
220,16,2448.715031
220,16,2448.715031
220,16,2448.715031
220,16,2448.715031
220,17,2441.792130
220,17,2441.792130
220,17,2441.792130
220,17,2441.792130
220,17,2441.792130
220,17,2441.792130
220,17,2441.792130
220,17,2441.792130
220,17,2441.792130
220,17,2441.792130
220,17,2441.792130
220,17,2441.792130
220,17,2441.792130
220,17,2441.792130
220,17,2441.792130
220,17,2441.792130
220,17,2441.792130
220,17,2441.792130
220,17,2441.792130
220,17,2441.792130
220,17,2441.792130
220,17,2441.792130
220,17,2441.792130
220,17,2441.792130
220,17,2441.792130
220,18,2425.416222
220,18,2425.416222
220,18,2425.416222
220,18,2425.416222
220,18,2425.416222
220,18,2425.416222
220,18,2425.416222
220,18,2425.416222
220,18,2425.416222
220,18,2425.416222
220,18,2425.416222
220,18,2425.416222
220,18,2425.416222
220,18,2425.416222
220,18,2425.416222
220,18,2425.416222
221,11,2858.156294
221,11,2858.156294
221,11,2858.156294
221,11,2858.156294
221,11,2858.156294
221,11,2858.156294
221,11,2858.156294
221,11,2858.156294
221,11,2858.156294
221,11,2858.156294
221,11,2858.156294
221,11,2858.156294
221,11,2858.156294
221,11,2858.156294
221,11,2858.156294
221,11,2858.156294
221,11,2858.156294
221,11,2858.156294
221,11,2858.156294
221,11,2858.156294
221,11,2858.156294
221,11,2858.156294
221,11,2858.156294
221,12,2646.222267
221,12,2646.222267
221,12,2646.222267
221,12,2646.222267
221,12,2646.222267
221,12,2646.222267
221,13,2562.466334
221,13,2562.466334
221,13,2562.466334
221,13,2562.466334
221,13,2562.466334
221,13,2562.466334
221,13,2562.466334
221,13,2562.466334
221,14,2495.374236
221,14,2495.374236
221,14,2495.374236
221,14,2495.374236
221,14,2495.374236
221,14,2495.374236
221,14,2495.374236
221,15,2464.213526
221,15,2464.213526
221,15,2464.213526
221,15,2464.213526
221,15,2464.213526
221,15,2464.213526
221,15,2464.213526
221,15,2464.213526
221,15,2464.213526
221,15,2464.213526
221,15,2464.213526
221,15,2464.213526
221,15,2464.213526
221,15,2464.213526
221,15,2464.213526
221,15,2464.213526
221,15,2464.213526
221,15,2464.213526
221,15,2464.213526
221,15,2464.213526
221,15,2464.213526
221,15,2464.213526
221,15,2464.213526
221,15,2464.213526
221,15,2464.213526
221,15,2464.213526
221,15,2464.213526
221,15,2464.213526
221,15,2464.213526
221,15,2464.213526
221,15,2464.213526
221,15,2464.213526
221,15,2464.213526
221,15,2464.213526
221,15,2464.213526
221,15,2464.213526
221,15,2464.213526
221,15,2464.213526
221,15,2464.213526
221,15,2464.213526
221,15,2464.213526
221,15,2464.213526
221,15,2464.213526
221,15,2464.213526
221,15,2464.213526
221,15,2464.213526
221,15,2464.213526
221,15,2464.213526
221,15,2464.213526
221,15,2464.213526
221,16,2441.258694
221,18,2425.416222
221,18,2425.416222
221,18,2425.416222
221,18,2425.416222
221,18,2425.416222
221,18,2425.416222
221,18,2425.416222
221,18,2425.416222
221,18,2425.416222
221,18,2425.416222
221,18,2425.416222
221,18,2425.416222
221,18,2425.416222
221,18,2425.416222
221,18,2425.416222
221,18,2425.416222
221,18,2425.416222
222,11,2858.156294
222,11,2858.156294
222,11,2858.156294
222,11,2858.156294
222,11,2858.156294
222,11,2858.156294
222,11,2858.156294
222,11,2858.156294
222,11,2858.156294
222,11,2858.156294
222,11,2858.156294
222,11,2858.156294
222,11,2858.156294
222,11,2858.156294
222,11,2858.156294
222,11,2858.156294
222,11,2858.156294
222,11,2858.156294
222,11,2858.156294
222,11,2858.156294
222,11,2858.156294
222,11,2858.156294
222,11,2858.156294
222,11,2858.156294
222,11,2858.156294
222,12,2646.222267
222,12,2646.222267
222,12,2646.222267
222,12,2646.222267
222,12,2646.222267
222,12,2646.222267
222,12,2646.222267
222,13,2562.466334
222,13,2562.466334
222,13,2562.466334
222,13,2562.466334
222,13,2562.466334
222,13,2562.466334
222,13,2562.466334
222,13,2562.466334
222,13,2562.466334
222,13,2562.466334
222,14,2495.374236
222,14,2495.374236
222,14,2495.374236
222,14,2495.374236
222,14,2495.374236
222,14,2495.374236
222,14,2495.374236
222,14,2495.374236
222,15,2452.789284
222,16,2441.258694
222,16,2441.258694
222,18,2425.416222
222,18,2425.416222
222,18,2425.416222
222,18,2425.416222
222,18,2425.416222
222,18,2425.416222
222,18,2425.416222
222,18,2425.416222
222,18,2425.416222
222,18,2425.416222
222,18,2425.416222
222,18,2425.416222
222,18,2425.416222
222,18,2425.416222
222,18,2425.416222
222,18,2425.416222
222,18,2425.416222
222,18,2425.416222
223,11,2858.156294
223,11,2858.156294
223,11,2858.156294
223,11,2858.156294
223,11,2858.156294
223,11,2858.156294
223,11,2858.156294
223,11,2858.156294
223,11,2858.156294
223,11,2858.156294
223,11,2858.156294
223,11,2858.156294
223,11,2858.156294
223,11,2858.156294
223,11,2858.156294
223,11,2858.156294
223,11,2858.156294
223,11,2858.156294
223,11,2858.156294
223,11,2858.156294
223,11,2858.156294
223,11,2858.156294
223,11,2858.156294
223,11,2858.156294
223,11,2858.156294
223,11,2858.156294
223,11,2858.156294
223,12,2646.222267
223,12,2646.222267
223,12,2646.222267
223,12,2646.222267
223,12,2646.222267
223,12,2646.222267
223,12,2646.222267
223,12,2646.222267
223,13,2561.229732
223,14,2495.374236
223,14,2495.374236
223,14,2495.374236
223,14,2495.374236
223,14,2495.374236
223,14,2495.374236
223,14,2495.374236
223,14,2495.374236
223,14,2495.374236
223,15,2452.789284
223,15,2452.789284
223,16,2441.258694
223,16,2441.258694
223,16,2441.258694
223,18,2425.416222
223,18,2425.416222
223,18,2425.416222
223,18,2425.416222
223,18,2425.416222
223,18,2425.416222
223,18,2425.416222
223,18,2425.416222
223,18,2425.416222
223,18,2425.416222
223,18,2425.416222
223,18,2425.416222
223,18,2425.416222
223,18,2425.416222
223,18,2425.416222
223,18,2425.416222
223,18,2425.416222
223,18,2425.416222
223,18,2425.416222
224,11,2858.156294
224,11,2858.156294
224,11,2858.156294
224,11,2858.156294
224,11,2858.156294
224,11,2858.156294
224,11,2858.156294
224,11,2858.156294
224,11,2858.156294
224,11,2858.156294
224,11,2858.156294
224,11,2858.156294
224,11,2858.156294
224,11,2858.156294
224,11,2858.156294
224,11,2858.156294
224,11,2858.156294
224,11,2858.156294
224,11,2858.156294
224,11,2858.156294
224,11,2858.156294
224,11,2858.156294
224,11,2858.156294
224,11,2858.156294
224,11,2858.156294
224,11,2858.156294
224,11,2858.156294
224,11,2858.156294
224,11,2858.156294
224,12,2629.211380
224,13,2561.229732
224,13,2561.229732
224,14,2495.374236
224,14,2495.374236
224,14,2495.374236
224,14,2495.374236
224,14,2495.374236
224,14,2495.374236
224,14,2495.374236
224,14,2495.374236
224,14,2495.374236
224,14,2495.374236
224,15,2452.789284
224,15,2452.789284
224,15,2452.789284
224,16,2441.258694
224,16,2441.258694
224,16,2441.258694
224,16,2441.258694
224,17,2436.012155
224,18,2425.416222
224,18,2425.416222
224,18,2425.416222
224,18,2425.416222
224,18,2425.416222
224,18,2425.416222
224,18,2425.416222
224,18,2425.416222
224,18,2425.416222
224,18,2425.416222
224,18,2425.416222
224,18,2425.416222
224,18,2425.416222
224,18,2425.416222
224,18,2425.416222
224,18,2425.416222
224,18,2425.416222
224,18,2425.416222
224,18,2425.416222
224,18,2425.416222
225,11,2858.156294
225,11,2858.156294
225,11,2858.156294
225,11,2858.156294
225,11,2858.156294
225,11,2858.156294
225,11,2858.156294
225,11,2858.156294
225,11,2858.156294
225,11,2858.156294
225,11,2858.156294
225,11,2858.156294
225,11,2858.156294
225,11,2858.156294
225,11,2858.156294
225,11,2858.156294
225,11,2858.156294
225,11,2858.156294
225,11,2858.156294
225,11,2858.156294
225,11,2858.156294
225,11,2858.156294
225,11,2858.156294
225,11,2858.156294
225,11,2858.156294
225,11,2858.156294
225,11,2858.156294
225,11,2858.156294
225,11,2858.156294
225,11,2858.156294
225,11,2858.156294
225,12,2629.211380
225,12,2629.211380
225,13,2553.005154
225,14,2495.374236
225,14,2495.374236
225,14,2495.374236
225,14,2495.374236
225,14,2495.374236
225,14,2495.374236
225,14,2495.374236
225,14,2495.374236
225,14,2495.374236
225,14,2495.374236
225,14,2495.374236
225,15,2452.789284
225,15,2452.789284
225,15,2452.789284
225,15,2452.789284
225,16,2441.258694
225,16,2441.258694
225,16,2441.258694
225,16,2441.258694
225,16,2441.258694
225,17,2436.012155
225,17,2436.012155
225,18,2425.416222
225,18,2425.416222
225,18,2425.416222
225,18,2425.416222
225,18,2425.416222
225,18,2425.416222
225,18,2425.416222
225,18,2425.416222
225,18,2425.416222
225,18,2425.416222
225,18,2425.416222
225,18,2425.416222
225,18,2425.416222
225,18,2425.416222
225,18,2425.416222
225,18,2425.416222
225,18,2425.416222
225,18,2425.416222
225,18,2425.416222
225,18,2425.416222
225,18,2425.416222
225,18,2425.416222
226,11,2858.156294
226,11,2858.156294
226,11,2858.156294
226,11,2858.156294
226,11,2858.156294
226,11,2858.156294
226,11,2858.156294
226,11,2858.156294
226,11,2858.156294
226,11,2858.156294
226,11,2858.156294
226,11,2858.156294
226,11,2858.156294
226,11,2858.156294
226,11,2858.156294
226,11,2858.156294
226,11,2858.156294
226,11,2858.156294
226,11,2858.156294
226,11,2858.156294
226,11,2858.156294
226,11,2858.156294
226,11,2858.156294
226,11,2858.156294
226,11,2858.156294
226,11,2858.156294
226,11,2858.156294
226,11,2858.156294
226,11,2858.156294
226,11,2858.156294
226,11,2858.156294
226,11,2858.156294
226,11,2858.156294
226,12,2629.211380
226,12,2629.211380
226,12,2629.211380
226,13,2553.005154
226,13,2553.005154
226,14,2495.374236
226,14,2495.374236
226,14,2495.374236
226,14,2495.374236
226,14,2495.374236
226,14,2495.374236
226,14,2495.374236
226,14,2495.374236
226,14,2495.374236
226,14,2495.374236
226,14,2495.374236
226,14,2495.374236
226,15,2443.666558
226,16,2441.258694
226,16,2441.258694
226,16,2441.258694
226,16,2441.258694
226,16,2441.258694
226,16,2441.258694
226,17,2436.012155
226,17,2436.012155
226,17,2436.012155
226,18,2425.416222
226,18,2425.416222
226,18,2425.416222
226,18,2425.416222
226,18,2425.416222
226,18,2425.416222
226,18,2425.416222
226,18,2425.416222
226,18,2425.416222
226,18,2425.416222
226,18,2425.416222
226,18,2425.416222
226,18,2425.416222
226,18,2425.416222
226,18,2425.416222
226,18,2425.416222
226,18,2425.416222
226,18,2425.416222
226,18,2425.416222
226,18,2425.416222
226,18,2425.416222
226,18,2425.416222
226,18,2425.416222
226,18,2425.416222
227,11,2858.156294
227,11,2858.156294
227,11,2858.156294
227,11,2858.156294
227,11,2858.156294
227,11,2858.156294
227,11,2858.156294
227,11,2858.156294
227,11,2858.156294
227,11,2858.156294
227,11,2858.156294
227,11,2858.156294
227,11,2858.156294
227,11,2858.156294
227,11,2858.156294
227,11,2858.156294
227,11,2858.156294
227,11,2858.156294
227,11,2858.156294
227,11,2858.156294
227,11,2858.156294
227,11,2858.156294
227,11,2858.156294
227,11,2858.156294
227,11,2858.156294
227,11,2858.156294
227,11,2858.156294
227,11,2858.156294
227,11,2858.156294
227,11,2858.156294
227,11,2858.156294
227,11,2858.156294
227,11,2858.156294
227,11,2858.156294
227,11,2858.156294
227,12,2629.211380
227,12,2629.211380
227,12,2629.211380
227,12,2629.211380
227,13,2553.005154
227,13,2553.005154
227,13,2553.005154
227,14,2495.374236
227,14,2495.374236
227,14,2495.374236
227,14,2495.374236
227,14,2495.374236
227,14,2495.374236
227,14,2495.374236
227,14,2495.374236
227,14,2495.374236
227,14,2495.374236
227,14,2495.374236
227,14,2495.374236
227,14,2495.374236
227,15,2441.223845
227,17,2436.012155
227,17,2436.012155
227,17,2436.012155
227,17,2436.012155
227,18,2425.416222
227,18,2425.416222
227,18,2425.416222
227,18,2425.416222
227,18,2425.416222
227,18,2425.416222
227,18,2425.416222
227,18,2425.416222
227,18,2425.416222
227,18,2425.416222
227,18,2425.416222
227,18,2425.416222
227,18,2425.416222
227,18,2425.416222
227,18,2425.416222
227,18,2425.416222
227,18,2425.416222
227,18,2425.416222
227,18,2425.416222
227,18,2425.416222
227,18,2425.416222
227,18,2425.416222
227,18,2425.416222
227,18,2425.416222
227,18,2425.416222
227,18,2425.416222
228,11,2858.156294
228,11,2858.156294
228,11,2858.156294
228,11,2858.156294
228,11,2858.156294
228,11,2858.156294
228,11,2858.156294
228,11,2858.156294
228,11,2858.156294
228,11,2858.156294
228,11,2858.156294
228,11,2858.156294
228,11,2858.156294
228,11,2858.156294
228,11,2858.156294
228,11,2858.156294
228,11,2858.156294
228,11,2858.156294
228,11,2858.156294
228,11,2858.156294
228,11,2858.156294
228,11,2858.156294
228,11,2858.156294
228,11,2858.156294
228,11,2858.156294
228,11,2858.156294
228,11,2858.156294
228,11,2858.156294
228,11,2858.156294
228,11,2858.156294
228,11,2858.156294
228,11,2858.156294
228,11,2858.156294
228,11,2858.156294
228,11,2858.156294
228,11,2858.156294
228,11,2858.156294
228,12,2629.211380
228,12,2629.211380
228,12,2629.211380
228,12,2629.211380
228,12,2629.211380
228,13,2553.005154
228,13,2553.005154
228,13,2553.005154
228,13,2553.005154
228,14,2495.374236
228,14,2495.374236
228,14,2495.374236
228,14,2495.374236
228,14,2495.374236
228,14,2495.374236
228,14,2495.374236
228,14,2495.374236
228,14,2495.374236
228,14,2495.374236
228,14,2495.374236
228,14,2495.374236
228,14,2495.374236
228,14,2495.374236
228,15,2441.223845
228,15,2441.223845
228,16,2431.708825
228,18,2425.416222
228,18,2425.416222
228,18,2425.416222
228,18,2425.416222
228,18,2425.416222
228,18,2425.416222
228,18,2425.416222
228,18,2425.416222
228,18,2425.416222
228,18,2425.416222
228,18,2425.416222
228,18,2425.416222
228,18,2425.416222
228,18,2425.416222
228,18,2425.416222
228,18,2425.416222
228,18,2425.416222
228,18,2425.416222
228,18,2425.416222
228,18,2425.416222
228,18,2425.416222
228,18,2425.416222
228,18,2425.416222
228,18,2425.416222
228,18,2425.416222
228,18,2425.416222
228,18,2425.416222
228,18,2425.416222
229,11,2858.156294
229,11,2858.156294
229,11,2858.156294
229,11,2858.156294
229,11,2858.156294
229,11,2858.156294
229,11,2858.156294
229,11,2858.156294
229,11,2858.156294
229,11,2858.156294
229,11,2858.156294
229,11,2858.156294
229,11,2858.156294
229,11,2858.156294
229,11,2858.156294
229,11,2858.156294
229,11,2858.156294
229,11,2858.156294
229,11,2858.156294
229,11,2858.156294
229,11,2858.156294
229,11,2858.156294
229,11,2858.156294
229,11,2858.156294
229,11,2858.156294
229,11,2858.156294
229,11,2858.156294
229,11,2858.156294
229,11,2858.156294
229,11,2858.156294
229,11,2858.156294
229,11,2858.156294
229,11,2858.156294
229,11,2858.156294
229,11,2858.156294
229,11,2858.156294
229,11,2858.156294
229,11,2858.156294
229,11,2858.156294
229,12,2629.211380
229,12,2629.211380
229,12,2629.211380
229,12,2629.211380
229,12,2629.211380
229,12,2629.211380
229,13,2553.005154
229,13,2553.005154
229,13,2553.005154
229,13,2553.005154
229,13,2553.005154
229,14,2489.571395
229,15,2441.223845
229,15,2441.223845
229,15,2441.223845
229,16,2431.708825
229,16,2431.708825
229,18,2425.416222
229,18,2425.416222
229,18,2425.416222
229,18,2425.416222
229,18,2425.416222
229,18,2425.416222
229,18,2425.416222
229,18,2425.416222
229,18,2425.416222
229,18,2425.416222
229,18,2425.416222
229,18,2425.416222
229,18,2425.416222
229,18,2425.416222
229,18,2425.416222
229,18,2425.416222
229,18,2425.416222
229,18,2425.416222
229,18,2425.416222
229,18,2425.416222
229,18,2425.416222
229,18,2425.416222
229,18,2425.416222
229,18,2425.416222
229,18,2425.416222
229,18,2425.416222
229,18,2425.416222
229,18,2425.416222
229,18,2425.416222
229,18,2425.416222
230,11,2806.225744
230,12,2629.211380
230,12,2629.211380
230,12,2629.211380
230,12,2629.211380
230,12,2629.211380
230,12,2629.211380
230,12,2629.211380
230,13,2553.005154
230,13,2553.005154
230,13,2553.005154
230,13,2553.005154
230,13,2553.005154
230,13,2553.005154
230,14,2472.582634
230,15,2438.298248
230,16,2431.708825
230,16,2431.708825
230,16,2431.708825
230,18,2425.416222
230,18,2425.416222
230,18,2425.416222
230,18,2425.416222
230,18,2425.416222
230,18,2425.416222
230,18,2425.416222
230,18,2425.416222
230,18,2425.416222
230,18,2425.416222
230,18,2425.416222
230,18,2425.416222
230,18,2425.416222
230,18,2425.416222
230,18,2425.416222
230,18,2425.416222
230,18,2425.416222
230,18,2425.416222
230,18,2425.416222
230,18,2425.416222
230,18,2425.416222
230,18,2425.416222
230,18,2425.416222
230,18,2425.416222
230,18,2425.416222
230,18,2425.416222
230,18,2425.416222
230,18,2425.416222
230,18,2425.416222
230,18,2425.416222
230,18,2425.416222
230,18,2425.416222
231,11,2806.225744
231,11,2806.225744
231,12,2629.211380
231,12,2629.211380
231,12,2629.211380
231,12,2629.211380
231,12,2629.211380
231,12,2629.211380
231,12,2629.211380
231,12,2629.211380
231,13,2553.005154
231,13,2553.005154
231,13,2553.005154
231,13,2553.005154
231,13,2553.005154
231,13,2553.005154
231,13,2553.005154
231,14,2472.582634
231,14,2472.582634
231,15,2438.298248
231,15,2438.298248
231,16,2431.708825
231,16,2431.708825
231,16,2431.708825
231,16,2431.708825
231,18,2425.416222
231,18,2425.416222
231,18,2425.416222
231,18,2425.416222
231,18,2425.416222
231,18,2425.416222
231,18,2425.416222
231,18,2425.416222
231,18,2425.416222
231,18,2425.416222
231,18,2425.416222
231,18,2425.416222
231,18,2425.416222
231,18,2425.416222
231,18,2425.416222
231,18,2425.416222
231,18,2425.416222
231,18,2425.416222
231,18,2425.416222
231,18,2425.416222
231,18,2425.416222
231,18,2425.416222
231,18,2425.416222
231,18,2425.416222
231,18,2425.416222
231,18,2425.416222
231,18,2425.416222
231,18,2425.416222
231,18,2425.416222
231,18,2425.416222
231,18,2425.416222
231,18,2425.416222
231,18,2425.416222
231,18,2425.416222
232,11,2806.225744
232,11,2806.225744
232,11,2806.225744
232,12,2629.211380
232,12,2629.211380
232,12,2629.211380
232,12,2629.211380
232,12,2629.211380
232,12,2629.211380
232,12,2629.211380
232,12,2629.211380
232,12,2629.211380
232,12,2629.211380
232,13,2553.005154
232,13,2553.005154
232,13,2553.005154
232,13,2553.005154
232,13,2553.005154
232,13,2553.005154
232,13,2553.005154
232,13,2553.005154
232,14,2472.582634
232,14,2472.582634
232,14,2472.582634
232,15,2438.298248
232,15,2438.298248
232,15,2438.298248
232,16,2431.708825
232,16,2431.708825
232,16,2431.708825
232,16,2431.708825
232,16,2431.708825
232,18,2425.416222
232,18,2425.416222
232,18,2425.416222
232,18,2425.416222
232,18,2425.416222
232,18,2425.416222
232,18,2425.416222
232,18,2425.416222
232,18,2425.416222
232,18,2425.416222
232,18,2425.416222
232,18,2425.416222
232,18,2425.416222
232,18,2425.416222
232,18,2425.416222
232,18,2425.416222
232,18,2425.416222
232,18,2425.416222
232,18,2425.416222
232,18,2425.416222
232,18,2425.416222
232,18,2425.416222
232,18,2425.416222
232,18,2425.416222
232,18,2425.416222
232,18,2425.416222
232,18,2425.416222
232,18,2425.416222
232,18,2425.416222
232,18,2425.416222
232,18,2425.416222
232,18,2425.416222
232,18,2425.416222
232,18,2425.416222
232,18,2425.416222
232,18,2425.416222
233,11,2806.225744
233,11,2806.225744
233,11,2806.225744
233,11,2806.225744
233,12,2629.211380
233,12,2629.211380
233,12,2629.211380
233,12,2629.211380
233,12,2629.211380
233,12,2629.211380
233,12,2629.211380
233,12,2629.211380
233,12,2629.211380
233,12,2629.211380
233,12,2629.211380
233,12,2629.211380
233,13,2553.005154
233,13,2553.005154
233,13,2553.005154
233,13,2553.005154
233,13,2553.005154
233,13,2553.005154
233,13,2553.005154
233,13,2553.005154
233,13,2553.005154
233,14,2472.582634
233,14,2472.582634
233,14,2472.582634
233,14,2472.582634
233,15,2438.298248
233,15,2438.298248
233,15,2438.298248
233,15,2438.298248
233,16,2431.708825
233,16,2431.708825
233,16,2431.708825
233,16,2431.708825
233,16,2431.708825
233,16,2431.708825
233,18,2425.416222
233,18,2425.416222
233,18,2425.416222
233,18,2425.416222
233,18,2425.416222
233,18,2425.416222
233,18,2425.416222
233,18,2425.416222
233,18,2425.416222
233,18,2425.416222
233,18,2425.416222
233,18,2425.416222
233,18,2425.416222
233,18,2425.416222
233,18,2425.416222
233,18,2425.416222
233,18,2425.416222
233,18,2425.416222
233,18,2425.416222
233,18,2425.416222
233,18,2425.416222
233,18,2425.416222
233,18,2425.416222
233,18,2425.416222
233,18,2425.416222
233,18,2425.416222
233,18,2425.416222
233,18,2425.416222
233,18,2425.416222
233,18,2425.416222
233,18,2425.416222
233,18,2425.416222
233,18,2425.416222
233,18,2425.416222
233,18,2425.416222
233,18,2425.416222
233,18,2425.416222
233,18,2425.416222
234,11,2806.225744
234,11,2806.225744
234,11,2806.225744
234,11,2806.225744
234,11,2806.225744
234,12,2629.211380
234,12,2629.211380
234,12,2629.211380
234,12,2629.211380
234,12,2629.211380
234,12,2629.211380
234,12,2629.211380
234,12,2629.211380
234,12,2629.211380
234,12,2629.211380
234,12,2629.211380
234,12,2629.211380
234,12,2629.211380
234,12,2629.211380
234,13,2553.005154
234,13,2553.005154
234,13,2553.005154
234,13,2553.005154
234,13,2553.005154
234,13,2553.005154
234,13,2553.005154
234,13,2553.005154
234,13,2553.005154
234,13,2553.005154
234,14,2472.582634
234,14,2472.582634
234,14,2472.582634
234,14,2472.582634
234,14,2472.582634
234,15,2438.298248
234,15,2438.298248
234,15,2438.298248
234,15,2438.298248
234,15,2438.298248
234,16,2431.708825
234,16,2431.708825
234,16,2431.708825
234,16,2431.708825
234,16,2431.708825
234,16,2431.708825
234,16,2431.708825
234,18,2425.416222
234,18,2425.416222
234,18,2425.416222
234,18,2425.416222
234,18,2425.416222
234,18,2425.416222
234,18,2425.416222
234,18,2425.416222
234,18,2425.416222
234,18,2425.416222
234,18,2425.416222
234,18,2425.416222
234,18,2425.416222
234,18,2425.416222
234,18,2425.416222
234,18,2425.416222
234,18,2425.416222
234,18,2425.416222
234,18,2425.416222
234,18,2425.416222
234,18,2425.416222
234,18,2425.416222
234,18,2425.416222
234,18,2425.416222
234,18,2425.416222
234,18,2425.416222
234,18,2425.416222
234,18,2425.416222
234,18,2425.416222
234,18,2425.416222
234,18,2425.416222
234,18,2425.416222
234,18,2425.416222
234,18,2425.416222
234,18,2425.416222
234,18,2425.416222
234,18,2425.416222
234,18,2425.416222
234,18,2425.416222
234,18,2425.416222
235,11,2806.225744
235,11,2806.225744
235,11,2806.225744
235,11,2806.225744
235,11,2806.225744
235,11,2806.225744
235,12,2629.211380
235,12,2629.211380
235,12,2629.211380
235,12,2629.211380
235,12,2629.211380
235,12,2629.211380
235,12,2629.211380
235,12,2629.211380
235,12,2629.211380
235,12,2629.211380
235,12,2629.211380
235,12,2629.211380
235,12,2629.211380
235,12,2629.211380
235,12,2629.211380
235,12,2629.211380
235,13,2553.005154
235,13,2553.005154
235,13,2553.005154
235,13,2553.005154
235,13,2553.005154
235,13,2553.005154
235,13,2553.005154
235,13,2553.005154
235,13,2553.005154
235,13,2553.005154
235,13,2553.005154
235,14,2472.582634
235,14,2472.582634
235,14,2472.582634
235,14,2472.582634
235,14,2472.582634
235,14,2472.582634
235,15,2438.298248
235,15,2438.298248
235,15,2438.298248
235,15,2438.298248
235,15,2438.298248
235,15,2438.298248
235,16,2431.708825
235,16,2431.708825
235,16,2431.708825
235,16,2431.708825
235,16,2431.708825
235,16,2431.708825
235,16,2431.708825
235,16,2431.708825
235,18,2425.416222
235,18,2425.416222
235,18,2425.416222
235,18,2425.416222
235,18,2425.416222
235,18,2425.416222
235,18,2425.416222
235,18,2425.416222
235,18,2425.416222
235,18,2425.416222
235,18,2425.416222
235,18,2425.416222
235,18,2425.416222
235,18,2425.416222
235,18,2425.416222
235,18,2425.416222
235,18,2425.416222
235,18,2425.416222
235,18,2425.416222
235,18,2425.416222
235,18,2425.416222
235,18,2425.416222
235,18,2425.416222
235,18,2425.416222
235,18,2425.416222
235,18,2425.416222
235,18,2425.416222
235,18,2425.416222
235,18,2425.416222
235,18,2425.416222
235,18,2425.416222
235,18,2425.416222
235,18,2425.416222
235,18,2425.416222
235,18,2425.416222
235,18,2425.416222
235,18,2425.416222
235,18,2425.416222
235,18,2425.416222
235,18,2425.416222
235,18,2425.416222
235,18,2425.416222
235,19,2421.345930
236,11,2806.225744
236,11,2806.225744
236,11,2806.225744
236,11,2806.225744
236,11,2806.225744
236,11,2806.225744
236,11,2806.225744
236,12,2621.736395
236,13,2553.005154
236,13,2553.005154
236,13,2553.005154
236,13,2553.005154
236,13,2553.005154
236,13,2553.005154
236,13,2553.005154
236,13,2553.005154
236,13,2553.005154
236,13,2553.005154
236,13,2553.005154
236,13,2553.005154
236,14,2472.582634
236,14,2472.582634
236,14,2472.582634
236,14,2472.582634
236,14,2472.582634
236,14,2472.582634
236,14,2472.582634
236,15,2438.298248
236,15,2438.298248
236,15,2438.298248
236,15,2438.298248
236,15,2438.298248
236,15,2438.298248
236,15,2438.298248
236,16,2431.708825
236,16,2431.708825
236,16,2431.708825
236,16,2431.708825
236,16,2431.708825
236,16,2431.708825
236,16,2431.708825
236,16,2431.708825
236,16,2431.708825
236,18,2425.416222
236,18,2425.416222
236,18,2425.416222
236,18,2425.416222
236,18,2425.416222
236,18,2425.416222
236,18,2425.416222
236,18,2425.416222
236,18,2425.416222
236,18,2425.416222
236,18,2425.416222
236,18,2425.416222
236,18,2425.416222
236,18,2425.416222
236,18,2425.416222
236,18,2425.416222
236,18,2425.416222
236,18,2425.416222
236,18,2425.416222
236,18,2425.416222
236,18,2425.416222
236,18,2425.416222
236,18,2425.416222
236,18,2425.416222
236,18,2425.416222
236,18,2425.416222
236,18,2425.416222
236,18,2425.416222
236,18,2425.416222
236,18,2425.416222
236,18,2425.416222
236,18,2425.416222
236,18,2425.416222
236,18,2425.416222
236,18,2425.416222
236,18,2425.416222
236,18,2425.416222
236,18,2425.416222
236,18,2425.416222
236,18,2425.416222
236,18,2425.416222
236,18,2425.416222
236,18,2425.416222
236,18,2425.416222
236,19,2421.345930
236,19,2421.345930
237,11,2806.225744
237,11,2806.225744
237,11,2806.225744
237,11,2806.225744
237,11,2806.225744
237,11,2806.225744
237,11,2806.225744
237,11,2806.225744
237,12,2621.736395
237,12,2621.736395
237,13,2553.005154
237,13,2553.005154
237,13,2553.005154
237,13,2553.005154
237,13,2553.005154
237,13,2553.005154
237,13,2553.005154
237,13,2553.005154
237,13,2553.005154
237,13,2553.005154
237,13,2553.005154
237,13,2553.005154
237,13,2553.005154
237,14,2472.582634
237,14,2472.582634
237,14,2472.582634
237,14,2472.582634
237,14,2472.582634
237,14,2472.582634
237,14,2472.582634
237,14,2472.582634
237,15,2438.298248
237,15,2438.298248
237,15,2438.298248
237,15,2438.298248
237,15,2438.298248
237,15,2438.298248
237,15,2438.298248
237,15,2438.298248
237,16,2431.708825
237,16,2431.708825
237,16,2431.708825
237,16,2431.708825
237,16,2431.708825
237,16,2431.708825
237,16,2431.708825
237,16,2431.708825
237,16,2431.708825
237,16,2431.708825
237,18,2425.416222
237,18,2425.416222
237,18,2425.416222
237,18,2425.416222
237,18,2425.416222
237,18,2425.416222
237,18,2425.416222
237,18,2425.416222
237,18,2425.416222
237,18,2425.416222
237,18,2425.416222
237,18,2425.416222
237,18,2425.416222
237,18,2425.416222
237,18,2425.416222
237,18,2425.416222
237,18,2425.416222
237,18,2425.416222
237,18,2425.416222
237,18,2425.416222
237,18,2425.416222
237,18,2425.416222
237,18,2425.416222
237,18,2425.416222
237,18,2425.416222
237,18,2425.416222
237,18,2425.416222
237,18,2425.416222
237,18,2425.416222
237,18,2425.416222
237,18,2425.416222
237,18,2425.416222
237,18,2425.416222
237,18,2425.416222
237,18,2425.416222
237,18,2425.416222
237,18,2425.416222
237,18,2425.416222
237,18,2425.416222
237,18,2425.416222
237,18,2425.416222
237,18,2425.416222
237,18,2425.416222
237,18,2425.416222
237,18,2425.416222
237,18,2425.416222
237,19,2417.358448
238,11,2806.225744
238,11,2806.225744
238,11,2806.225744
238,11,2806.225744
238,11,2806.225744
238,11,2806.225744
238,11,2806.225744
238,11,2806.225744
238,11,2806.225744
238,12,2621.736395
238,12,2621.736395
238,12,2621.736395
238,13,2539.403011
238,14,2472.582634
238,14,2472.582634
238,14,2472.582634
238,14,2472.582634
238,14,2472.582634
238,14,2472.582634
238,14,2472.582634
238,14,2472.582634
238,14,2472.582634
238,15,2438.298248
238,15,2438.298248
238,15,2438.298248
238,15,2438.298248
238,15,2438.298248
238,15,2438.298248
238,15,2438.298248
238,15,2438.298248
238,15,2438.298248
238,16,2431.708825
238,16,2431.708825
238,16,2431.708825
238,16,2431.708825
238,16,2431.708825
238,16,2431.708825
238,16,2431.708825
238,16,2431.708825
238,16,2431.708825
238,16,2431.708825
238,16,2431.708825
238,18,2417.556621
238,19,2417.358448
238,19,2417.358448
239,11,2806.225744
239,11,2806.225744
239,11,2806.225744
239,11,2806.225744
239,11,2806.225744
239,11,2806.225744
239,11,2806.225744
239,11,2806.225744
239,11,2806.225744
239,11,2806.225744
239,12,2621.736395
239,12,2621.736395
239,12,2621.736395
239,12,2621.736395
239,13,2539.403011
239,13,2539.403011
239,14,2472.582634
239,14,2472.582634
239,14,2472.582634
239,14,2472.582634
239,14,2472.582634
239,14,2472.582634
239,14,2472.582634
239,14,2472.582634
239,14,2472.582634
239,14,2472.582634
239,15,2435.351751
239,16,2431.708825
239,16,2431.708825
239,16,2431.708825
239,16,2431.708825
239,16,2431.708825
239,16,2431.708825
239,16,2431.708825
239,16,2431.708825
239,16,2431.708825
239,16,2431.708825
239,16,2431.708825
239,16,2431.708825
239,18,2417.556621
239,18,2417.556621
239,19,2417.358448
239,19,2417.358448
239,19,2417.358448
240,11,2806.225744
240,11,2806.225744
240,11,2806.225744
240,11,2806.225744
240,11,2806.225744
240,11,2806.225744
240,11,2806.225744
240,11,2806.225744
240,11,2806.225744
240,11,2806.225744
240,11,2806.225744
240,12,2621.736395
240,12,2621.736395
240,12,2621.736395
240,12,2621.736395
240,12,2621.736395
240,13,2539.403011
240,13,2539.403011
240,13,2539.403011
240,14,2472.582634
240,14,2472.582634
240,14,2472.582634
240,14,2472.582634
240,14,2472.582634
240,14,2472.582634
240,14,2472.582634
240,14,2472.582634
240,14,2472.582634
240,14,2472.582634
240,14,2472.582634
240,15,2435.351751
240,15,2435.351751
240,16,2431.708825
240,16,2431.708825
240,16,2431.708825
240,16,2431.708825
240,16,2431.708825
240,16,2431.708825
240,16,2431.708825
240,16,2431.708825
240,16,2431.708825
240,16,2431.708825
240,16,2431.708825
240,16,2431.708825
240,16,2431.708825
240,18,2417.556621
240,18,2417.556621
240,18,2417.556621
240,19,2417.358448
240,19,2417.358448
240,19,2417.358448
240,19,2417.358448
241,11,2806.225744
241,11,2806.225744
241,11,2806.225744
241,11,2806.225744
241,11,2806.225744
241,11,2806.225744
241,11,2806.225744
241,11,2806.225744
241,11,2806.225744
241,11,2806.225744
241,11,2806.225744
241,11,2806.225744
241,12,2621.736395
241,12,2621.736395
241,12,2621.736395
241,12,2621.736395
241,12,2621.736395
241,12,2621.736395
241,13,2539.403011
241,13,2539.403011
241,13,2539.403011
241,13,2539.403011
241,14,2472.582634
241,14,2472.582634
241,14,2472.582634
241,14,2472.582634
241,14,2472.582634
241,14,2472.582634
241,14,2472.582634
241,14,2472.582634
241,14,2472.582634
241,14,2472.582634
241,14,2472.582634
241,14,2472.582634
241,15,2435.351751
241,15,2435.351751
241,15,2435.351751
241,16,2431.708825
241,16,2431.708825
241,16,2431.708825
241,16,2431.708825
241,16,2431.708825
241,16,2431.708825
241,16,2431.708825
241,16,2431.708825
241,16,2431.708825
241,16,2431.708825
241,16,2431.708825
241,16,2431.708825
241,16,2431.708825
241,16,2431.708825
241,18,2417.556621
241,18,2417.556621
241,18,2417.556621
241,18,2417.556621
241,19,2417.358448
241,19,2417.358448
241,19,2417.358448
241,19,2417.358448
241,19,2417.358448
242,11,2802.586256
242,12,2621.736395
242,12,2621.736395
242,12,2621.736395
242,12,2621.736395
242,12,2621.736395
242,12,2621.736395
242,12,2621.736395
242,13,2526.350149
242,14,2472.582634
242,14,2472.582634
242,14,2472.582634
242,14,2472.582634
242,14,2472.582634
242,14,2472.582634
242,14,2472.582634
242,14,2472.582634
242,14,2472.582634
242,14,2472.582634
242,14,2472.582634
242,14,2472.582634
242,14,2472.582634
242,15,2435.351751
242,15,2435.351751
242,15,2435.351751
242,15,2435.351751
242,16,2431.708825
242,16,2431.708825
242,16,2431.708825
242,16,2431.708825
242,16,2431.708825
242,16,2431.708825
242,16,2431.708825
242,16,2431.708825
242,16,2431.708825
242,16,2431.708825
242,16,2431.708825
242,16,2431.708825
242,16,2431.708825
242,16,2431.708825
242,16,2431.708825
242,18,2417.556621
242,18,2417.556621
242,18,2417.556621
242,18,2417.556621
242,18,2417.556621
242,19,2417.358448
242,19,2417.358448
242,19,2417.358448
242,19,2417.358448
242,19,2417.358448
242,19,2417.358448
243,11,2802.586256
243,11,2802.586256
243,12,2619.233104
243,13,2526.350149
243,13,2526.350149
243,14,2464.598815
243,15,2435.351751
243,15,2435.351751
243,15,2435.351751
243,15,2435.351751
243,15,2435.351751
243,16,2431.708825
243,16,2431.708825
243,16,2431.708825
243,16,2431.708825
243,16,2431.708825
243,16,2431.708825
243,16,2431.708825
243,16,2431.708825
243,16,2431.708825
243,16,2431.708825
243,16,2431.708825
243,16,2431.708825
243,16,2431.708825
243,16,2431.708825
243,16,2431.708825
243,16,2431.708825
243,17,2430.102602
243,18,2417.556621
243,18,2417.556621
243,18,2417.556621
243,18,2417.556621
243,18,2417.556621
243,18,2417.556621
243,19,2417.358448
243,19,2417.358448
243,19,2417.358448
243,19,2417.358448
243,19,2417.358448
243,19,2417.358448
243,19,2417.358448
244,11,2802.586256
244,11,2802.586256
244,11,2802.586256
244,12,2619.233104
244,12,2619.233104
244,13,2526.350149
244,13,2526.350149
244,13,2526.350149
244,14,2464.598815
244,14,2464.598815
244,15,2435.351751
244,15,2435.351751
244,15,2435.351751
244,15,2435.351751
244,15,2435.351751
244,15,2435.351751
244,16,2431.113134
244,17,2430.102602
244,17,2430.102602
244,18,2417.556621
244,18,2417.556621
244,18,2417.556621
244,18,2417.556621
244,18,2417.556621
244,18,2417.556621
244,18,2417.556621
244,19,2417.358448
244,19,2417.358448
244,19,2417.358448
244,19,2417.358448
244,19,2417.358448
244,19,2417.358448
244,19,2417.358448
244,19,2417.358448
245,11,2777.814136
245,12,2605.517694
245,13,2526.350149
245,13,2526.350149
245,13,2526.350149
245,13,2526.350149
245,14,2464.598815
245,14,2464.598815
245,14,2464.598815
245,15,2435.351751
245,15,2435.351751
245,15,2435.351751
245,15,2435.351751
245,15,2435.351751
245,15,2435.351751
245,15,2435.351751
245,16,2431.113134
245,16,2431.113134
245,17,2430.102602
245,17,2430.102602
245,17,2430.102602
245,18,2417.556621
245,18,2417.556621
245,18,2417.556621
245,18,2417.556621
245,18,2417.556621
245,18,2417.556621
245,18,2417.556621
245,18,2417.556621
245,19,2417.358448
245,19,2417.358448
245,19,2417.358448
245,19,2417.358448
245,19,2417.358448
245,19,2417.358448
245,19,2417.358448
245,19,2417.358448
245,19,2417.358448
246,11,2777.814136
246,11,2777.814136
246,12,2603.195432
246,13,2519.844670
246,14,2450.377105
246,15,2435.351751
246,15,2435.351751
246,15,2435.351751
246,15,2435.351751
246,15,2435.351751
246,15,2435.351751
246,15,2435.351751
246,15,2435.351751
246,16,2431.113134
246,16,2431.113134
246,16,2431.113134
246,17,2430.102602
246,17,2430.102602
246,17,2430.102602
246,17,2430.102602
246,18,2417.556621
246,18,2417.556621
246,18,2417.556621
246,18,2417.556621
246,18,2417.556621
246,18,2417.556621
246,18,2417.556621
246,18,2417.556621
246,18,2417.556621
246,19,2417.358448
246,19,2417.358448
246,19,2417.358448
246,19,2417.358448
246,19,2417.358448
246,19,2417.358448
246,19,2417.358448
246,19,2417.358448
246,19,2417.358448
246,19,2417.358448
247,11,2777.814136
247,11,2777.814136
247,11,2777.814136
247,12,2603.195432
247,12,2603.195432
247,13,2517.148337
247,14,2450.377105
247,14,2450.377105
247,15,2435.351751
247,15,2435.351751
247,15,2435.351751
247,15,2435.351751
247,15,2435.351751
247,15,2435.351751
247,15,2435.351751
247,15,2435.351751
247,15,2435.351751
247,16,2431.113134
247,16,2431.113134
247,16,2431.113134
247,16,2431.113134
247,17,2430.102602
247,17,2430.102602
247,17,2430.102602
247,17,2430.102602
247,17,2430.102602
247,18,2417.556621
247,18,2417.556621
247,18,2417.556621
247,18,2417.556621
247,18,2417.556621
247,18,2417.556621
247,18,2417.556621
247,18,2417.556621
247,18,2417.556621
247,18,2417.556621
247,19,2417.358448
247,19,2417.358448
247,19,2417.358448
247,19,2417.358448
247,19,2417.358448
247,19,2417.358448
247,19,2417.358448
247,19,2417.358448
247,19,2417.358448
247,19,2417.358448
247,19,2417.358448
248,11,2777.814136
248,11,2777.814136
248,11,2777.814136
248,11,2777.814136
248,12,2603.195432
248,12,2603.195432
248,12,2603.195432
248,13,2517.148337
248,13,2517.148337
248,14,2450.377105
248,14,2450.377105
248,14,2450.377105
248,15,2435.209604
248,16,2431.113134
248,16,2431.113134
248,16,2431.113134
248,16,2431.113134
248,16,2431.113134
248,17,2430.102602
248,17,2430.102602
248,17,2430.102602
248,17,2430.102602
248,17,2430.102602
248,17,2430.102602
248,18,2417.267025
248,19,2411.074203
249,11,2777.814136
249,11,2777.814136
249,11,2777.814136
249,11,2777.814136
249,11,2777.814136
249,12,2603.195432
249,12,2603.195432
249,12,2603.195432
249,12,2603.195432
249,13,2517.148337
249,13,2517.148337
249,13,2517.148337
249,14,2450.377105
249,14,2450.377105
249,14,2450.377105
249,14,2450.377105
249,15,2435.209604
249,15,2435.209604
249,16,2427.062446
249,18,2417.267025
249,18,2417.267025
249,19,2411.074203
249,19,2411.074203
250,11,2777.814136
250,11,2777.814136
250,11,2777.814136
250,11,2777.814136
250,11,2777.814136
250,11,2777.814136
250,12,2593.778081
250,13,2515.718073
250,14,2443.802466
250,15,2435.209604
250,15,2435.209604
250,15,2435.209604
250,16,2427.062446
250,16,2427.062446
250,17,2420.793644
250,18,2417.267025
250,18,2417.267025
250,18,2417.267025
250,19,2411.074203
250,19,2411.074203
250,19,2411.074203
251,11,2777.814136
251,11,2777.814136
251,11,2777.814136
251,11,2777.814136
251,11,2777.814136
251,11,2777.814136
251,11,2777.814136
251,12,2584.500019
251,13,2515.718073
251,13,2515.718073
251,14,2443.802466
251,14,2443.802466
251,15,2435.209604
251,15,2435.209604
251,15,2435.209604
251,15,2435.209604
251,16,2427.062446
251,16,2427.062446
251,16,2427.062446
251,17,2420.793644
251,17,2420.793644
251,18,2417.267025
251,18,2417.267025
251,18,2417.267025
251,18,2417.267025
251,19,2411.074203
251,19,2411.074203
251,19,2411.074203
251,19,2411.074203
252,11,2777.814136
252,11,2777.814136
252,11,2777.814136
252,11,2777.814136
252,11,2777.814136
252,11,2777.814136
252,11,2777.814136
252,11,2777.814136
252,12,2584.500019
252,12,2584.500019
252,13,2515.718073
252,13,2515.718073
252,13,2515.718073
252,14,2443.802466
252,14,2443.802466
252,14,2443.802466
252,15,2431.604355
252,16,2426.578875
252,17,2420.793644
252,17,2420.793644
252,17,2420.793644
252,18,2417.267025
252,18,2417.267025
252,18,2417.267025
252,18,2417.267025
252,18,2417.267025
252,19,2411.074203
252,19,2411.074203
252,19,2411.074203
252,19,2411.074203
252,19,2411.074203
253,11,2777.814136
253,11,2777.814136
253,11,2777.814136
253,11,2777.814136
253,11,2777.814136
253,11,2777.814136
253,11,2777.814136
253,11,2777.814136
253,11,2777.814136
253,12,2584.500019
253,12,2584.500019
253,12,2584.500019
253,13,2515.718073
253,13,2515.718073
253,13,2515.718073
253,13,2515.718073
253,14,2443.802466
253,14,2443.802466
253,14,2443.802466
253,14,2443.802466
253,15,2424.820124
253,17,2420.793644
253,17,2420.793644
253,17,2420.793644
253,17,2420.793644
253,18,2414.782801
253,19,2411.074203
253,19,2411.074203
253,19,2411.074203
253,19,2411.074203
253,19,2411.074203
253,19,2411.074203
254,11,2777.814136
254,11,2777.814136
254,11,2777.814136
254,11,2777.814136
254,11,2777.814136
254,11,2777.814136
254,11,2777.814136
254,11,2777.814136
254,11,2777.814136
254,11,2777.814136
254,12,2584.500019
254,12,2584.500019
254,12,2584.500019
254,12,2584.500019
254,13,2498.748483
254,14,2443.802466
254,14,2443.802466
254,14,2443.802466
254,14,2443.802466
254,14,2443.802466
254,15,2424.820124
254,15,2424.820124
254,17,2420.793644
254,17,2420.793644
254,17,2420.793644
254,17,2420.793644
254,17,2420.793644
254,18,2414.782801
254,18,2414.782801
254,19,2411.074203
254,19,2411.074203
254,19,2411.074203
254,19,2411.074203
254,19,2411.074203
254,19,2411.074203
254,19,2411.074203
255,11,2777.814136
255,11,2777.814136
255,11,2777.814136
255,11,2777.814136
255,11,2777.814136
255,11,2777.814136
255,11,2777.814136
255,11,2777.814136
255,11,2777.814136
255,11,2777.814136
255,11,2777.814136
255,12,2584.500019
255,12,2584.500019
255,12,2584.500019
255,12,2584.500019
255,12,2584.500019
255,13,2498.748483
255,13,2498.748483
255,14,2443.802466
255,14,2443.802466
255,14,2443.802466
255,14,2443.802466
255,14,2443.802466
255,14,2443.802466
255,15,2424.820124
255,15,2424.820124
255,15,2424.820124
255,17,2420.793644
255,17,2420.793644
255,17,2420.793644
255,17,2420.793644
255,17,2420.793644
255,17,2420.793644
255,18,2414.782801
255,18,2414.782801
255,18,2414.782801
255,19,2411.074203
255,19,2411.074203
255,19,2411.074203
255,19,2411.074203
255,19,2411.074203
255,19,2411.074203
255,19,2411.074203
255,19,2411.074203
256,11,2697.493148
256,12,2584.500019
256,12,2584.500019
256,12,2584.500019
256,12,2584.500019
256,12,2584.500019
256,12,2584.500019
256,13,2498.748483
256,13,2498.748483
256,13,2498.748483
256,14,2443.802466
256,14,2443.802466
256,14,2443.802466
256,14,2443.802466
256,14,2443.802466
256,14,2443.802466
256,14,2443.802466
256,15,2424.820124
256,15,2424.820124
256,15,2424.820124
256,15,2424.820124
256,17,2415.446887
256,18,2414.782801
256,18,2414.782801
256,18,2414.782801
256,18,2414.782801
256,19,2411.074203
256,19,2411.074203
256,19,2411.074203
256,19,2411.074203
256,19,2411.074203
256,19,2411.074203
256,19,2411.074203
256,19,2411.074203
256,19,2411.074203
257,11,2697.493148
257,11,2697.493148
257,12,2584.500019
257,12,2584.500019
257,12,2584.500019
257,12,2584.500019
257,12,2584.500019
257,12,2584.500019
257,12,2584.500019
257,13,2498.748483
257,13,2498.748483
257,13,2498.748483
257,13,2498.748483
257,14,2423.704616
257,17,2415.446887
257,17,2415.446887
257,18,2414.782801
257,18,2414.782801
257,18,2414.782801
257,18,2414.782801
257,18,2414.782801
257,19,2411.074203
257,19,2411.074203
257,19,2411.074203
257,19,2411.074203
257,19,2411.074203
257,19,2411.074203
257,19,2411.074203
257,19,2411.074203
257,19,2411.074203
257,19,2411.074203
258,11,2697.493148
258,11,2697.493148
258,11,2697.493148
258,12,2584.500019
258,12,2584.500019
258,12,2584.500019
258,12,2584.500019
258,12,2584.500019
258,12,2584.500019
258,12,2584.500019
258,12,2584.500019
258,13,2498.748483
258,13,2498.748483
258,13,2498.748483
258,13,2498.748483
258,13,2498.748483
258,14,2423.704616
258,14,2423.704616
258,15,2418.246317
258,17,2415.446887
258,17,2415.446887
258,17,2415.446887
258,18,2414.782801
258,18,2414.782801
258,18,2414.782801
258,18,2414.782801
258,18,2414.782801
258,18,2414.782801
258,19,2411.074203
258,19,2411.074203
258,19,2411.074203
258,19,2411.074203
258,19,2411.074203
258,19,2411.074203
258,19,2411.074203
258,19,2411.074203
258,19,2411.074203
258,19,2411.074203
258,19,2411.074203
259,11,2697.493148
259,11,2697.493148
259,11,2697.493148
259,11,2697.493148
259,12,2584.500019
259,12,2584.500019
259,12,2584.500019
259,12,2584.500019
259,12,2584.500019
259,12,2584.500019
259,12,2584.500019
259,12,2584.500019
259,12,2584.500019
259,13,2498.748483
259,13,2498.748483
259,13,2498.748483
259,13,2498.748483
259,13,2498.748483
259,13,2498.748483
259,14,2423.704616
259,14,2423.704616
259,14,2423.704616
259,15,2417.146505
259,17,2415.446887
259,17,2415.446887
259,17,2415.446887
259,17,2415.446887
259,18,2414.782801
259,18,2414.782801
259,18,2414.782801
259,18,2414.782801
259,18,2414.782801
259,18,2414.782801
259,18,2414.782801
259,19,2411.074203
259,19,2411.074203
259,19,2411.074203
259,19,2411.074203
259,19,2411.074203
259,19,2411.074203
259,19,2411.074203
259,19,2411.074203
259,19,2411.074203
259,19,2411.074203
259,19,2411.074203
259,19,2411.074203
260,11,2697.493148
260,11,2697.493148
260,11,2697.493148
260,11,2697.493148
260,11,2697.493148
260,12,2584.500019
260,12,2584.500019
260,12,2584.500019
260,12,2584.500019
260,12,2584.500019
260,12,2584.500019
260,12,2584.500019
260,12,2584.500019
260,12,2584.500019
260,12,2584.500019
260,13,2498.748483
260,13,2498.748483
260,13,2498.748483
260,13,2498.748483
260,13,2498.748483
260,13,2498.748483
260,13,2498.748483
260,14,2423.704616
260,14,2423.704616
260,14,2423.704616
260,14,2423.704616
260,15,2417.146505
260,15,2417.146505
260,16,2416.035239
260,17,2412.746119
260,19,2411.074203
260,19,2411.074203
260,19,2411.074203
260,19,2411.074203
260,19,2411.074203
260,19,2411.074203
260,19,2411.074203
260,19,2411.074203
260,19,2411.074203
260,19,2411.074203
260,19,2411.074203
260,19,2411.074203
260,19,2411.074203
261,11,2697.493148
261,11,2697.493148
261,11,2697.493148
261,11,2697.493148
261,11,2697.493148
261,11,2697.493148
261,12,2584.500019
261,12,2584.500019
261,12,2584.500019
261,12,2584.500019
261,12,2584.500019
261,12,2584.500019
261,12,2584.500019
261,12,2584.500019
261,12,2584.500019
261,12,2584.500019
261,12,2584.500019
261,13,2498.748483
261,13,2498.748483
261,13,2498.748483
261,13,2498.748483
261,13,2498.748483
261,13,2498.748483
261,13,2498.748483
261,13,2498.748483
261,14,2423.704616
261,14,2423.704616
261,14,2423.704616
261,14,2423.704616
261,14,2423.704616
261,15,2417.146505
261,15,2417.146505
261,15,2417.146505
261,16,2401.382633
262,11,2697.493148
262,11,2697.493148
262,11,2697.493148
262,11,2697.493148
262,11,2697.493148
262,11,2697.493148
262,11,2697.493148
262,12,2584.500019
262,12,2584.500019
262,12,2584.500019
262,12,2584.500019
262,12,2584.500019
262,12,2584.500019
262,12,2584.500019
262,12,2584.500019
262,12,2584.500019
262,12,2584.500019
262,12,2584.500019
262,12,2584.500019
262,13,2498.748483
262,13,2498.748483
262,13,2498.748483
262,13,2498.748483
262,13,2498.748483
262,13,2498.748483
262,13,2498.748483
262,13,2498.748483
262,13,2498.748483
262,13,2498.748483
262,14,2423.704616
262,14,2423.704616
262,14,2423.704616
262,14,2423.704616
262,14,2423.704616
262,14,2423.704616
262,15,2417.146505
262,15,2417.146505
262,15,2417.146505
262,15,2417.146505
262,16,2401.382633
262,16,2401.382633
263,11,2695.670839
263,12,2584.500019
263,12,2584.500019
263,12,2584.500019
263,12,2584.500019
263,12,2584.500019
263,12,2584.500019
263,12,2584.500019
263,12,2584.500019
263,12,2584.500019
263,12,2584.500019
263,12,2584.500019
263,12,2584.500019
263,12,2584.500019
263,13,2498.748483
263,13,2498.748483
263,13,2498.748483
263,13,2498.748483
263,13,2498.748483
263,13,2498.748483
263,13,2498.748483
263,13,2498.748483
263,13,2498.748483
263,13,2498.748483
263,13,2498.748483
263,13,2498.748483
263,14,2423.704616
263,14,2423.704616
263,14,2423.704616
263,14,2423.704616
263,14,2423.704616
263,14,2423.704616
263,14,2423.704616
263,15,2417.146505
263,15,2417.146505
263,15,2417.146505
263,15,2417.146505
263,15,2417.146505
263,16,2401.382633
263,16,2401.382633
263,16,2401.382633
264,11,2695.670839
264,11,2695.670839
264,12,2584.500019
264,12,2584.500019
264,12,2584.500019
264,12,2584.500019
264,12,2584.500019
264,12,2584.500019
264,12,2584.500019
264,12,2584.500019
264,12,2584.500019
264,12,2584.500019
264,12,2584.500019
264,12,2584.500019
264,12,2584.500019
264,12,2584.500019
264,13,2498.748483
264,13,2498.748483
264,13,2498.748483
264,13,2498.748483
264,13,2498.748483
264,13,2498.748483
264,13,2498.748483
264,13,2498.748483
264,13,2498.748483
264,13,2498.748483
264,13,2498.748483
264,13,2498.748483
264,13,2498.748483
264,13,2498.748483
264,14,2423.704616
264,14,2423.704616
264,14,2423.704616
264,14,2423.704616
264,14,2423.704616
264,14,2423.704616
264,14,2423.704616
264,14,2423.704616
264,15,2417.146505
264,15,2417.146505
264,15,2417.146505
264,15,2417.146505
264,15,2417.146505
264,15,2417.146505
264,15,2417.146505
264,16,2401.382633
264,16,2401.382633
264,16,2401.382633
264,16,2401.382633
265,11,2695.670839
265,11,2695.670839
265,11,2695.670839
265,12,2584.500019
265,12,2584.500019
265,12,2584.500019
265,12,2584.500019
265,12,2584.500019
265,12,2584.500019
265,12,2584.500019
265,12,2584.500019
265,12,2584.500019
265,12,2584.500019
265,12,2584.500019
265,12,2584.500019
265,12,2584.500019
265,12,2584.500019
265,12,2584.500019
265,13,2494.945667
265,14,2423.704616
265,14,2423.704616
265,14,2423.704616
265,14,2423.704616
265,14,2423.704616
265,14,2423.704616
265,14,2423.704616
265,14,2423.704616
265,14,2423.704616
265,15,2417.146505
265,15,2417.146505
265,15,2417.146505
265,15,2417.146505
265,15,2417.146505
265,15,2417.146505
265,15,2417.146505
265,15,2417.146505
265,15,2417.146505
265,16,2401.382633
265,16,2401.382633
265,16,2401.382633
265,16,2401.382633
265,16,2401.382633
266,11,2695.670839
266,11,2695.670839
266,11,2695.670839
266,11,2695.670839
266,12,2584.500019
266,12,2584.500019
266,12,2584.500019
266,12,2584.500019
266,12,2584.500019
266,12,2584.500019
266,12,2584.500019
266,12,2584.500019
266,12,2584.500019
266,12,2584.500019
266,12,2584.500019
266,12,2584.500019
266,12,2584.500019
266,12,2584.500019
266,12,2584.500019
266,12,2584.500019
266,13,2494.945667
266,13,2494.945667
266,14,2423.704616
266,14,2423.704616
266,14,2423.704616
266,14,2423.704616
266,14,2423.704616
266,14,2423.704616
266,14,2423.704616
266,14,2423.704616
266,14,2423.704616
266,14,2423.704616
266,15,2393.799126
266,17,2386.313491
267,11,2695.670839
267,11,2695.670839
267,11,2695.670839
267,11,2695.670839
267,11,2695.670839
267,11,2695.670839
267,12,2584.500019
267,12,2584.500019
267,12,2584.500019
267,12,2584.500019
267,12,2584.500019
267,12,2584.500019
267,12,2584.500019
267,12,2584.500019
267,12,2584.500019
267,12,2584.500019
267,12,2584.500019
267,12,2584.500019
267,12,2584.500019
267,12,2584.500019
267,12,2584.500019
267,12,2584.500019
267,12,2584.500019
267,13,2494.945667
267,13,2494.945667
267,13,2494.945667
267,14,2423.704616
267,14,2423.704616
267,14,2423.704616
267,14,2423.704616
267,14,2423.704616
267,14,2423.704616
267,14,2423.704616
267,14,2423.704616
267,14,2423.704616
267,14,2423.704616
267,14,2423.704616
267,15,2393.799126
267,15,2393.799126
267,17,2386.313491
267,17,2386.313491
268,11,2695.670839
268,11,2695.670839
268,11,2695.670839
268,11,2695.670839
268,11,2695.670839
268,11,2695.670839
268,11,2695.670839
268,11,2695.670839
268,12,2584.500019
268,12,2584.500019
268,12,2584.500019
268,12,2584.500019
268,12,2584.500019
268,12,2584.500019
268,12,2584.500019
268,12,2584.500019
268,12,2584.500019
268,12,2584.500019
268,12,2584.500019
268,12,2584.500019
268,12,2584.500019
268,12,2584.500019
268,12,2584.500019
268,12,2584.500019
268,12,2584.500019
268,12,2584.500019
268,13,2494.945667
268,13,2494.945667
268,13,2494.945667
268,13,2494.945667
268,14,2423.704616
268,14,2423.704616
268,14,2423.704616
268,14,2423.704616
268,14,2423.704616
268,14,2423.704616
268,14,2423.704616
268,14,2423.704616
268,14,2423.704616
268,14,2423.704616
268,14,2423.704616
268,14,2423.704616
268,15,2393.799126
268,15,2393.799126
268,15,2393.799126
268,17,2386.313491
268,17,2386.313491
268,17,2386.313491
269,11,2695.670839
269,11,2695.670839
269,11,2695.670839
269,11,2695.670839
269,11,2695.670839
269,11,2695.670839
269,11,2695.670839
269,11,2695.670839
269,11,2695.670839
269,11,2695.670839
269,12,2584.500019
269,12,2584.500019
269,12,2584.500019
269,12,2584.500019
269,12,2584.500019
269,12,2584.500019
269,12,2584.500019
269,12,2584.500019
269,12,2584.500019
269,12,2584.500019
269,12,2584.500019
269,12,2584.500019
269,12,2584.500019
269,12,2584.500019
269,12,2584.500019
269,12,2584.500019
269,12,2584.500019
269,12,2584.500019
269,12,2584.500019
269,13,2494.945667
269,13,2494.945667
269,13,2494.945667
269,13,2494.945667
269,13,2494.945667
269,14,2402.357224
269,15,2393.799126
269,15,2393.799126
269,15,2393.799126
269,15,2393.799126
269,17,2386.313491
269,17,2386.313491
269,17,2386.313491
269,17,2386.313491
270,11,2695.670839
270,11,2695.670839
270,11,2695.670839
270,11,2695.670839
270,11,2695.670839
270,11,2695.670839
270,11,2695.670839
270,11,2695.670839
270,11,2695.670839
270,11,2695.670839
270,11,2695.670839
270,11,2695.670839
270,12,2567.218150
270,13,2494.945667
270,13,2494.945667
270,13,2494.945667
270,13,2494.945667
270,13,2494.945667
270,13,2494.945667
270,14,2402.357224
270,14,2402.357224
270,15,2393.799126
270,15,2393.799126
270,15,2393.799126
270,15,2393.799126
270,15,2393.799126
270,17,2386.313491
270,17,2386.313491
270,17,2386.313491
270,17,2386.313491
270,17,2386.313491
271,11,2695.670839
271,11,2695.670839
271,11,2695.670839
271,11,2695.670839
271,11,2695.670839
271,11,2695.670839
271,11,2695.670839
271,11,2695.670839
271,11,2695.670839
271,11,2695.670839
271,11,2695.670839
271,11,2695.670839
271,11,2695.670839
271,11,2695.670839
271,12,2567.218150
271,12,2567.218150
271,13,2494.945667
271,13,2494.945667
271,13,2494.945667
271,13,2494.945667
271,13,2494.945667
271,13,2494.945667
271,13,2494.945667
271,14,2402.357224
271,14,2402.357224
271,14,2402.357224
271,15,2393.799126
271,15,2393.799126
271,15,2393.799126
271,15,2393.799126
271,15,2393.799126
271,15,2393.799126
271,17,2386.313491
271,17,2386.313491
271,17,2386.313491
271,17,2386.313491
271,17,2386.313491
271,17,2386.313491
272,11,2695.670839
272,11,2695.670839
272,11,2695.670839
272,11,2695.670839
272,11,2695.670839
272,11,2695.670839
272,11,2695.670839
272,11,2695.670839
272,11,2695.670839
272,11,2695.670839
272,11,2695.670839
272,11,2695.670839
272,11,2695.670839
272,11,2695.670839
272,11,2695.670839
272,11,2695.670839
272,12,2553.985546
272,13,2464.926124
272,14,2402.357224
272,14,2402.357224
272,14,2402.357224
272,14,2402.357224
272,15,2393.799126
272,15,2393.799126
272,15,2393.799126
272,15,2393.799126
272,15,2393.799126
272,15,2393.799126
272,15,2393.799126
272,17,2386.313491
272,17,2386.313491
272,17,2386.313491
272,17,2386.313491
272,17,2386.313491
272,17,2386.313491
272,17,2386.313491
273,11,2695.670839
273,11,2695.670839
273,11,2695.670839
273,11,2695.670839
273,11,2695.670839
273,11,2695.670839
273,11,2695.670839
273,11,2695.670839
273,11,2695.670839
273,11,2695.670839
273,11,2695.670839
273,11,2695.670839
273,11,2695.670839
273,11,2695.670839
273,11,2695.670839
273,11,2695.670839
273,11,2695.670839
273,11,2695.670839
273,11,2695.670839
273,12,2553.985546
273,12,2553.985546
273,13,2464.926124
273,13,2464.926124
273,14,2402.357224
273,14,2402.357224
273,14,2402.357224
273,14,2402.357224
273,14,2402.357224
273,15,2393.799126
273,15,2393.799126
273,15,2393.799126
273,15,2393.799126
273,15,2393.799126
273,15,2393.799126
273,15,2393.799126
273,15,2393.799126
273,17,2386.313491
273,17,2386.313491
273,17,2386.313491
273,17,2386.313491
273,17,2386.313491
273,17,2386.313491
273,17,2386.313491
273,17,2386.313491
274,11,2695.670839
274,11,2695.670839
274,11,2695.670839
274,11,2695.670839
274,11,2695.670839
274,11,2695.670839
274,11,2695.670839
274,11,2695.670839
274,11,2695.670839
274,11,2695.670839
274,11,2695.670839
274,11,2695.670839
274,11,2695.670839
274,11,2695.670839
274,11,2695.670839
274,11,2695.670839
274,11,2695.670839
274,11,2695.670839
274,11,2695.670839
274,11,2695.670839
274,11,2695.670839
274,11,2695.670839
274,12,2553.985546
274,12,2553.985546
274,12,2553.985546
274,13,2464.926124
274,13,2464.926124
274,13,2464.926124
274,14,2402.357224
274,14,2402.357224
274,14,2402.357224
274,14,2402.357224
274,14,2402.357224
274,14,2402.357224
274,15,2393.799126
274,15,2393.799126
274,15,2393.799126
274,15,2393.799126
274,15,2393.799126
274,15,2393.799126
274,15,2393.799126
274,15,2393.799126
274,15,2393.799126
274,17,2386.313491
274,17,2386.313491
274,17,2386.313491
274,17,2386.313491
274,17,2386.313491
274,17,2386.313491
274,17,2386.313491
274,17,2386.313491
274,17,2386.313491
275,11,2695.670839
275,11,2695.670839
275,11,2695.670839
275,11,2695.670839
275,11,2695.670839
275,11,2695.670839
275,11,2695.670839
275,11,2695.670839
275,11,2695.670839
275,11,2695.670839
275,11,2695.670839
275,11,2695.670839
275,11,2695.670839
275,11,2695.670839
275,11,2695.670839
275,11,2695.670839
275,11,2695.670839
275,11,2695.670839
275,11,2695.670839
275,11,2695.670839
275,11,2695.670839
275,11,2695.670839
275,11,2695.670839
275,11,2695.670839
275,11,2695.670839
275,12,2553.985546
275,12,2553.985546
275,12,2553.985546
275,12,2553.985546
275,13,2464.926124
275,13,2464.926124
275,13,2464.926124
275,13,2464.926124
275,14,2402.357224
275,14,2402.357224
275,14,2402.357224
275,14,2402.357224
275,14,2402.357224
275,14,2402.357224
275,14,2402.357224
275,15,2393.799126
275,15,2393.799126
275,15,2393.799126
275,15,2393.799126
275,15,2393.799126
275,15,2393.799126
275,15,2393.799126
275,15,2393.799126
275,15,2393.799126
275,15,2393.799126
275,17,2386.313491
275,17,2386.313491
275,17,2386.313491
275,17,2386.313491
275,17,2386.313491
275,17,2386.313491
275,17,2386.313491
275,17,2386.313491
275,17,2386.313491
275,17,2386.313491
276,11,2695.670839
276,11,2695.670839
276,11,2695.670839
276,11,2695.670839
276,11,2695.670839
276,11,2695.670839
276,11,2695.670839
276,11,2695.670839
276,11,2695.670839
276,11,2695.670839
276,11,2695.670839
276,11,2695.670839
276,11,2695.670839
276,11,2695.670839
276,11,2695.670839
276,11,2695.670839
276,11,2695.670839
276,11,2695.670839
276,11,2695.670839
276,11,2695.670839
276,11,2695.670839
276,11,2695.670839
276,11,2695.670839
276,11,2695.670839
276,11,2695.670839
276,11,2695.670839
276,11,2695.670839
276,11,2695.670839
276,11,2695.670839
276,12,2553.985546
276,12,2553.985546
276,12,2553.985546
276,12,2553.985546
276,12,2553.985546
276,13,2464.926124
276,13,2464.926124
276,13,2464.926124
276,13,2464.926124
276,13,2464.926124
276,14,2402.357224
276,14,2402.357224
276,14,2402.357224
276,14,2402.357224
276,14,2402.357224
276,14,2402.357224
276,14,2402.357224
276,14,2402.357224
276,15,2393.799126
276,15,2393.799126
276,15,2393.799126
276,15,2393.799126
276,15,2393.799126
276,15,2393.799126
276,15,2393.799126
276,15,2393.799126
276,15,2393.799126
276,15,2393.799126
276,15,2393.799126
276,17,2386.313491
276,17,2386.313491
276,17,2386.313491
276,17,2386.313491
276,17,2386.313491
276,17,2386.313491
276,17,2386.313491
276,17,2386.313491
276,17,2386.313491
276,17,2386.313491
276,17,2386.313491
277,11,2695.670839
277,11,2695.670839
277,11,2695.670839
277,11,2695.670839
277,11,2695.670839
277,11,2695.670839
277,11,2695.670839
277,11,2695.670839
277,11,2695.670839
277,11,2695.670839
277,11,2695.670839
277,11,2695.670839
277,11,2695.670839
277,11,2695.670839
277,11,2695.670839
277,11,2695.670839
277,11,2695.670839
277,11,2695.670839
277,11,2695.670839
277,11,2695.670839
277,11,2695.670839
277,11,2695.670839
277,11,2695.670839
277,11,2695.670839
277,11,2695.670839
277,11,2695.670839
277,11,2695.670839
277,11,2695.670839
277,11,2695.670839
277,11,2695.670839
277,11,2695.670839
277,11,2695.670839
277,11,2695.670839
277,11,2695.670839
277,12,2553.985546
277,12,2553.985546
277,12,2553.985546
277,12,2553.985546
277,12,2553.985546
277,12,2553.985546
277,13,2464.926124
277,13,2464.926124
277,13,2464.926124
277,13,2464.926124
277,13,2464.926124
277,13,2464.926124
277,14,2402.357224
277,14,2402.357224
277,14,2402.357224
277,14,2402.357224
277,14,2402.357224
277,14,2402.357224
277,14,2402.357224
277,14,2402.357224
277,14,2402.357224
277,15,2393.799126
277,15,2393.799126
277,15,2393.799126
277,15,2393.799126
277,15,2393.799126
277,15,2393.799126
277,15,2393.799126
277,15,2393.799126
277,15,2393.799126
277,15,2393.799126
277,15,2393.799126
277,15,2393.799126
277,17,2386.313491
277,17,2386.313491
277,17,2386.313491
277,17,2386.313491
277,17,2386.313491
277,17,2386.313491
277,17,2386.313491
277,17,2386.313491
277,17,2386.313491
277,17,2386.313491
277,17,2386.313491
277,17,2386.313491
278,11,2685.813231
278,12,2553.985546
278,12,2553.985546
278,12,2553.985546
278,12,2553.985546
278,12,2553.985546
278,12,2553.985546
278,12,2553.985546
278,13,2464.926124
278,13,2464.926124
278,13,2464.926124
278,13,2464.926124
278,13,2464.926124
278,13,2464.926124
278,13,2464.926124
278,14,2402.357224
278,14,2402.357224
278,14,2402.357224
278,14,2402.357224
278,14,2402.357224
278,14,2402.357224
278,14,2402.357224
278,14,2402.357224
278,14,2402.357224
278,14,2402.357224
278,15,2393.799126
278,15,2393.799126
278,15,2393.799126
278,15,2393.799126
278,15,2393.799126
278,15,2393.799126
278,15,2393.799126
278,15,2393.799126
278,15,2393.799126
278,15,2393.799126
278,15,2393.799126
278,15,2393.799126
278,15,2393.799126
278,17,2386.313491
278,17,2386.313491
278,17,2386.313491
278,17,2386.313491
278,17,2386.313491
278,17,2386.313491
278,17,2386.313491
278,17,2386.313491
278,17,2386.313491
278,17,2386.313491
278,17,2386.313491
278,17,2386.313491
278,17,2386.313491
279,11,2685.813231
279,11,2685.813231
279,12,2553.985546
279,12,2553.985546
279,12,2553.985546
279,12,2553.985546
279,12,2553.985546
279,12,2553.985546
279,12,2553.985546
279,12,2553.985546
279,13,2445.499204
279,14,2402.357224
279,14,2402.357224
279,14,2402.357224
279,14,2402.357224
279,14,2402.357224
279,14,2402.357224
279,14,2402.357224
279,14,2402.357224
279,14,2402.357224
279,14,2402.357224
279,14,2402.357224
279,15,2393.799126
279,15,2393.799126
279,15,2393.799126
279,15,2393.799126
279,15,2393.799126
279,15,2393.799126
279,15,2393.799126
279,15,2393.799126
279,15,2393.799126
279,15,2393.799126
279,15,2393.799126
279,15,2393.799126
279,15,2393.799126
279,15,2393.799126
279,17,2386.313491
279,17,2386.313491
279,17,2386.313491
279,17,2386.313491
279,17,2386.313491
279,17,2386.313491
279,17,2386.313491
279,17,2386.313491
279,17,2386.313491
279,17,2386.313491
279,17,2386.313491
279,17,2386.313491
279,17,2386.313491
279,17,2386.313491
280,11,2685.813231
280,11,2685.813231
280,11,2685.813231
280,12,2553.985546
280,12,2553.985546
280,12,2553.985546
280,12,2553.985546
280,12,2553.985546
280,12,2553.985546
280,12,2553.985546
280,12,2553.985546
280,12,2553.985546
280,13,2445.499204
280,13,2445.499204
280,14,2402.357224
280,14,2402.357224
280,14,2402.357224
280,14,2402.357224
280,14,2402.357224
280,14,2402.357224
280,14,2402.357224
280,14,2402.357224
280,14,2402.357224
280,14,2402.357224
280,14,2402.357224
280,14,2402.357224
280,15,2393.799126
280,15,2393.799126
280,15,2393.799126
280,15,2393.799126
280,15,2393.799126
280,15,2393.799126
280,15,2393.799126
280,15,2393.799126
280,15,2393.799126
280,15,2393.799126
280,15,2393.799126
280,15,2393.799126
280,15,2393.799126
280,15,2393.799126
280,15,2393.799126
280,17,2386.313491
280,17,2386.313491
280,17,2386.313491
280,17,2386.313491
280,17,2386.313491
280,17,2386.313491
280,17,2386.313491
280,17,2386.313491
280,17,2386.313491
280,17,2386.313491
280,17,2386.313491
280,17,2386.313491
280,17,2386.313491
280,17,2386.313491
280,17,2386.313491
281,11,2685.813231
281,11,2685.813231
281,11,2685.813231
281,11,2685.813231
281,12,2542.435219
281,13,2445.499204
281,13,2445.499204
281,13,2445.499204
281,14,2402.357224
281,14,2402.357224
281,14,2402.357224
281,14,2402.357224
281,14,2402.357224
281,14,2402.357224
281,14,2402.357224
281,14,2402.357224
281,14,2402.357224
281,14,2402.357224
281,14,2402.357224
281,14,2402.357224
281,14,2402.357224
281,15,2393.799126
281,15,2393.799126
281,15,2393.799126
281,15,2393.799126
281,15,2393.799126
281,15,2393.799126
281,15,2393.799126
281,15,2393.799126
281,15,2393.799126
281,15,2393.799126
281,15,2393.799126
281,15,2393.799126
281,15,2393.799126
281,15,2393.799126
281,15,2393.799126
281,15,2393.799126
281,17,2386.313491
281,17,2386.313491
281,17,2386.313491
281,17,2386.313491
281,17,2386.313491
281,17,2386.313491
281,17,2386.313491
281,17,2386.313491
281,17,2386.313491
281,17,2386.313491
281,17,2386.313491
281,17,2386.313491
281,17,2386.313491
281,17,2386.313491
281,17,2386.313491
281,17,2386.313491
282,11,2685.813231
282,11,2685.813231
282,11,2685.813231
282,11,2685.813231
282,11,2685.813231
282,12,2542.435219
282,12,2542.435219
282,13,2445.499204
282,13,2445.499204
282,13,2445.499204
282,13,2445.499204
282,14,2402.357224
282,14,2402.357224
282,14,2402.357224
282,14,2402.357224
282,14,2402.357224
282,14,2402.357224
282,14,2402.357224
282,14,2402.357224
282,14,2402.357224
282,14,2402.357224
282,14,2402.357224
282,14,2402.357224
282,14,2402.357224
282,14,2402.357224
282,15,2393.799126
282,15,2393.799126
282,15,2393.799126
282,15,2393.799126
282,15,2393.799126
282,15,2393.799126
282,15,2393.799126
282,15,2393.799126
282,15,2393.799126
282,15,2393.799126
282,15,2393.799126
282,15,2393.799126
282,15,2393.799126
282,15,2393.799126
282,15,2393.799126
282,15,2393.799126
282,15,2393.799126
282,17,2386.313491
282,17,2386.313491
282,17,2386.313491
282,17,2386.313491
282,17,2386.313491
282,17,2386.313491
282,17,2386.313491
282,17,2386.313491
282,17,2386.313491
282,17,2386.313491
282,17,2386.313491
282,17,2386.313491
282,17,2386.313491
282,17,2386.313491
282,17,2386.313491
282,17,2386.313491
282,17,2386.313491
283,11,2685.813231
283,11,2685.813231
283,11,2685.813231
283,11,2685.813231
283,11,2685.813231
283,11,2685.813231
283,12,2542.435219
283,12,2542.435219
283,12,2542.435219
283,13,2445.499204
283,13,2445.499204
283,13,2445.499204
283,13,2445.499204
283,13,2445.499204
283,14,2402.357224
283,14,2402.357224
283,14,2402.357224
283,14,2402.357224
283,14,2402.357224
283,14,2402.357224
283,14,2402.357224
283,14,2402.357224
283,14,2402.357224
283,14,2402.357224
283,14,2402.357224
283,14,2402.357224
283,14,2402.357224
283,14,2402.357224
283,14,2402.357224
283,15,2388.178228
283,17,2386.313491
283,17,2386.313491
283,17,2386.313491
283,17,2386.313491
283,17,2386.313491
283,17,2386.313491
283,17,2386.313491
283,17,2386.313491
283,17,2386.313491
283,17,2386.313491
283,17,2386.313491
283,17,2386.313491
283,17,2386.313491
283,17,2386.313491
283,17,2386.313491
283,17,2386.313491
283,17,2386.313491
283,17,2386.313491
284,11,2685.528643
284,12,2542.435219
284,12,2542.435219
284,12,2542.435219
284,12,2542.435219
284,13,2445.499204
284,13,2445.499204
284,13,2445.499204
284,13,2445.499204
284,13,2445.499204
284,13,2445.499204
284,14,2402.357224
284,14,2402.357224
284,14,2402.357224
284,14,2402.357224
284,14,2402.357224
284,14,2402.357224
284,14,2402.357224
284,14,2402.357224
284,14,2402.357224
284,14,2402.357224
284,14,2402.357224
284,14,2402.357224
284,14,2402.357224
284,14,2402.357224
284,14,2402.357224
284,14,2402.357224
284,15,2388.178228
284,15,2388.178228
284,17,2386.313491
284,17,2386.313491
284,17,2386.313491
284,17,2386.313491
284,17,2386.313491
284,17,2386.313491
284,17,2386.313491
284,17,2386.313491
284,17,2386.313491
284,17,2386.313491
284,17,2386.313491
284,17,2386.313491
284,17,2386.313491
284,17,2386.313491
284,17,2386.313491
284,17,2386.313491
284,17,2386.313491
284,17,2386.313491
284,17,2386.313491
285,11,2685.528643
285,11,2685.528643
285,12,2542.435219
285,12,2542.435219
285,12,2542.435219
285,12,2542.435219
285,12,2542.435219
285,13,2445.499204
285,13,2445.499204
285,13,2445.499204
285,13,2445.499204
285,13,2445.499204
285,13,2445.499204
285,13,2445.499204
285,14,2402.357224
285,14,2402.357224
285,14,2402.357224
285,14,2402.357224
285,14,2402.357224
285,14,2402.357224
285,14,2402.357224
285,14,2402.357224
285,14,2402.357224
285,14,2402.357224
285,14,2402.357224
285,14,2402.357224
285,14,2402.357224
285,14,2402.357224
285,14,2402.357224
285,14,2402.357224
285,14,2402.357224
285,15,2388.178228
285,15,2388.178228
285,15,2388.178228
285,17,2386.313491
285,17,2386.313491
285,17,2386.313491
285,17,2386.313491
285,17,2386.313491
285,17,2386.313491
285,17,2386.313491
285,17,2386.313491
285,17,2386.313491
285,17,2386.313491
285,17,2386.313491
285,17,2386.313491
285,17,2386.313491
285,17,2386.313491
285,17,2386.313491
285,17,2386.313491
285,17,2386.313491
285,17,2386.313491
285,17,2386.313491
285,17,2386.313491
286,11,2685.528643
286,11,2685.528643
286,11,2685.528643
286,12,2542.435219
286,12,2542.435219
286,12,2542.435219
286,12,2542.435219
286,12,2542.435219
286,12,2542.435219
286,13,2445.499204
286,13,2445.499204
286,13,2445.499204
286,13,2445.499204
286,13,2445.499204
286,13,2445.499204
286,13,2445.499204
286,13,2445.499204
286,14,2402.357224
286,14,2402.357224
286,14,2402.357224
286,14,2402.357224
286,14,2402.357224
286,14,2402.357224
286,14,2402.357224
286,14,2402.357224
286,14,2402.357224
286,14,2402.357224
286,14,2402.357224
286,14,2402.357224
286,14,2402.357224
286,14,2402.357224
286,14,2402.357224
286,14,2402.357224
286,14,2402.357224
286,14,2402.357224
286,14,2402.357224
286,15,2388.178228
286,15,2388.178228
286,15,2388.178228
286,15,2388.178228
286,17,2386.313491
286,17,2386.313491
286,17,2386.313491
286,17,2386.313491
286,17,2386.313491
286,17,2386.313491
286,17,2386.313491
286,17,2386.313491
286,17,2386.313491
286,17,2386.313491
286,17,2386.313491
286,17,2386.313491
286,17,2386.313491
286,17,2386.313491
286,17,2386.313491
286,17,2386.313491
286,17,2386.313491
286,17,2386.313491
286,17,2386.313491
286,17,2386.313491
286,17,2386.313491
287,11,2685.528643
287,11,2685.528643
287,11,2685.528643
287,11,2685.528643
287,12,2542.435219
287,12,2542.435219
287,12,2542.435219
287,12,2542.435219
287,12,2542.435219
287,12,2542.435219
287,12,2542.435219
287,13,2445.499204
287,13,2445.499204
287,13,2445.499204
287,13,2445.499204
287,13,2445.499204
287,13,2445.499204
287,13,2445.499204
287,13,2445.499204
287,13,2445.499204
287,14,2398.739796
287,15,2388.178228
287,15,2388.178228
287,15,2388.178228
287,15,2388.178228
287,15,2388.178228
287,17,2386.313491
287,17,2386.313491
287,17,2386.313491
287,17,2386.313491
287,17,2386.313491
287,17,2386.313491
287,17,2386.313491
287,17,2386.313491
287,17,2386.313491
287,17,2386.313491
287,17,2386.313491
287,17,2386.313491
287,17,2386.313491
287,17,2386.313491
287,17,2386.313491
287,17,2386.313491
287,17,2386.313491
287,17,2386.313491
287,17,2386.313491
287,17,2386.313491
287,17,2386.313491
287,17,2386.313491
288,11,2685.528643
288,11,2685.528643
288,11,2685.528643
288,11,2685.528643
288,11,2685.528643
288,12,2542.435219
288,12,2542.435219
288,12,2542.435219
288,12,2542.435219
288,12,2542.435219
288,12,2542.435219
288,12,2542.435219
288,12,2542.435219
288,13,2445.499204
288,13,2445.499204
288,13,2445.499204
288,13,2445.499204
288,13,2445.499204
288,13,2445.499204
288,13,2445.499204
288,13,2445.499204
288,13,2445.499204
288,13,2445.499204
288,14,2398.739796
288,14,2398.739796
288,15,2388.178228
288,15,2388.178228
288,15,2388.178228
288,15,2388.178228
288,15,2388.178228
288,15,2388.178228
288,17,2386.313491
288,17,2386.313491
288,17,2386.313491
288,17,2386.313491
288,17,2386.313491
288,17,2386.313491
288,17,2386.313491
288,17,2386.313491
288,17,2386.313491
288,17,2386.313491
288,17,2386.313491
288,17,2386.313491
288,17,2386.313491
288,17,2386.313491
288,17,2386.313491
288,17,2386.313491
288,17,2386.313491
288,17,2386.313491
288,17,2386.313491
288,17,2386.313491
288,17,2386.313491
288,17,2386.313491
288,17,2386.313491
288,17,2386.313491
289,11,2685.528643
289,11,2685.528643
289,11,2685.528643
289,11,2685.528643
289,11,2685.528643
289,11,2685.528643
289,12,2542.435219
289,12,2542.435219
289,12,2542.435219
289,12,2542.435219
289,12,2542.435219
289,12,2542.435219
289,12,2542.435219
289,12,2542.435219
289,12,2542.435219
289,13,2445.499204
289,13,2445.499204
289,13,2445.499204
289,13,2445.499204
289,13,2445.499204
289,13,2445.499204
289,13,2445.499204
289,13,2445.499204
289,13,2445.499204
289,13,2445.499204
289,13,2445.499204
289,14,2398.739796
289,14,2398.739796
289,14,2398.739796
289,15,2388.178228
289,15,2388.178228
289,15,2388.178228
289,15,2388.178228
289,15,2388.178228
289,15,2388.178228
289,15,2388.178228
289,17,2386.209881
290,11,2685.528643
290,11,2685.528643
290,11,2685.528643
290,11,2685.528643
290,11,2685.528643
290,11,2685.528643
290,11,2685.528643
290,12,2542.435219
290,12,2542.435219
290,12,2542.435219
290,12,2542.435219
290,12,2542.435219
290,12,2542.435219
290,12,2542.435219
290,12,2542.435219
290,12,2542.435219
290,12,2542.435219
290,13,2436.872890
290,14,2398.739796
290,14,2398.739796
290,14,2398.739796
290,14,2398.739796
290,15,2388.178228
290,15,2388.178228
290,15,2388.178228
290,15,2388.178228
290,15,2388.178228
290,15,2388.178228
290,15,2388.178228
290,15,2388.178228
290,16,2385.296318
291,11,2685.528643
291,11,2685.528643
291,11,2685.528643
291,11,2685.528643
291,11,2685.528643
291,11,2685.528643
291,11,2685.528643
291,11,2685.528643
291,12,2542.435219
291,12,2542.435219
291,12,2542.435219
291,12,2542.435219
291,12,2542.435219
291,12,2542.435219
291,12,2542.435219
291,12,2542.435219
291,12,2542.435219
291,12,2542.435219
291,12,2542.435219
291,13,2436.872890
291,13,2436.872890
291,14,2398.739796
291,14,2398.739796
291,14,2398.739796
291,14,2398.739796
291,14,2398.739796
291,15,2388.178228
291,15,2388.178228
291,15,2388.178228
291,15,2388.178228
291,15,2388.178228
291,15,2388.178228
291,15,2388.178228
291,15,2388.178228
291,15,2388.178228
291,16,2385.296318
291,16,2385.296318
292,11,2676.632690
292,12,2542.435219
292,12,2542.435219
292,12,2542.435219
292,12,2542.435219
292,12,2542.435219
292,12,2542.435219
292,12,2542.435219
292,12,2542.435219
292,12,2542.435219
292,12,2542.435219
292,12,2542.435219
292,12,2542.435219
292,13,2436.872890
292,13,2436.872890
292,13,2436.872890
292,13,2436.872890
292,14,2398.739796
292,14,2398.739796
292,14,2398.739796
292,14,2398.739796
292,14,2398.739796
292,14,2398.739796
292,15,2388.178228
292,15,2388.178228
292,15,2388.178228
292,15,2388.178228
292,15,2388.178228
292,15,2388.178228
292,15,2388.178228
292,15,2388.178228
292,15,2388.178228
292,15,2388.178228
292,16,2385.296318
292,16,2385.296318
292,16,2385.296318
293,11,2676.632690
293,11,2676.632690
293,11,2676.632690
293,12,2542.435219
293,12,2542.435219
293,12,2542.435219
293,12,2542.435219
293,12,2542.435219
293,12,2542.435219
293,12,2542.435219
293,12,2542.435219
293,12,2542.435219
293,12,2542.435219
293,12,2542.435219
293,12,2542.435219
293,12,2542.435219
293,13,2436.872890
293,13,2436.872890
293,13,2436.872890
293,13,2436.872890
293,13,2436.872890
293,13,2436.872890
293,13,2436.872890
293,14,2398.739796
293,14,2398.739796
293,14,2398.739796
293,14,2398.739796
293,14,2398.739796
293,14,2398.739796
293,14,2398.739796
293,15,2388.178228
293,15,2388.178228
293,15,2388.178228
293,15,2388.178228
293,15,2388.178228
293,15,2388.178228
293,15,2388.178228
293,15,2388.178228
293,15,2388.178228
293,15,2388.178228
293,15,2388.178228
293,16,2375.129521
294,11,2676.632690
294,11,2676.632690
294,11,2676.632690
294,11,2676.632690
294,11,2676.632690
294,12,2542.435219
294,12,2542.435219
294,12,2542.435219
294,12,2542.435219
294,12,2542.435219
294,12,2542.435219
294,12,2542.435219
294,12,2542.435219
294,12,2542.435219
294,12,2542.435219
294,12,2542.435219
294,12,2542.435219
294,12,2542.435219
294,12,2542.435219
294,13,2436.872890
294,13,2436.872890
294,13,2436.872890
294,13,2436.872890
294,13,2436.872890
294,13,2436.872890
294,13,2436.872890
294,13,2436.872890
294,13,2436.872890
294,13,2436.872890
294,14,2388.723708
294,15,2388.178228
294,15,2388.178228
294,15,2388.178228
294,15,2388.178228
294,15,2388.178228
294,15,2388.178228
294,15,2388.178228
294,15,2388.178228
294,15,2388.178228
294,15,2388.178228
294,15,2388.178228
294,15,2388.178228
294,16,2375.129521
294,16,2375.129521
295,11,2668.878488
295,12,2542.326517
295,13,2420.490571
295,14,2388.723708
295,14,2388.723708
295,15,2388.178228
295,15,2388.178228
295,15,2388.178228
295,15,2388.178228
295,15,2388.178228
295,15,2388.178228
295,15,2388.178228
295,15,2388.178228
295,15,2388.178228
295,15,2388.178228
295,15,2388.178228
295,15,2388.178228
295,15,2388.178228
295,16,2375.129521
295,16,2375.129521
295,16,2375.129521
296,11,2668.878488
296,11,2668.878488
296,12,2542.326517
296,12,2542.326517
296,13,2420.490571
296,13,2420.490571
296,14,2388.723708
296,14,2388.723708
296,14,2388.723708
296,15,2388.178228
296,15,2388.178228
296,15,2388.178228
296,15,2388.178228
296,15,2388.178228
296,15,2388.178228
296,15,2388.178228
296,15,2388.178228
296,15,2388.178228
296,15,2388.178228
296,15,2388.178228
296,15,2388.178228
296,15,2388.178228
296,15,2388.178228
296,16,2375.129521
296,16,2375.129521
296,16,2375.129521
296,16,2375.129521
297,11,2668.878488
297,11,2668.878488
297,11,2668.878488
297,12,2526.114421
297,13,2420.490571
297,13,2420.490571
297,13,2420.490571
297,14,2388.723708
297,14,2388.723708
297,14,2388.723708
297,14,2388.723708
297,15,2388.178228
297,15,2388.178228
297,15,2388.178228
297,15,2388.178228
297,15,2388.178228
297,15,2388.178228
297,15,2388.178228
297,15,2388.178228
297,15,2388.178228
297,15,2388.178228
297,15,2388.178228
297,15,2388.178228
297,15,2388.178228
297,15,2388.178228
297,15,2388.178228
297,16,2375.129521
297,16,2375.129521
297,16,2375.129521
297,16,2375.129521
297,16,2375.129521
298,11,2668.878488
298,11,2668.878488
298,11,2668.878488
298,11,2668.878488
298,12,2526.114421
298,12,2526.114421
298,13,2420.490571
298,13,2420.490571
298,13,2420.490571
298,13,2420.490571
298,14,2388.723708
298,14,2388.723708
298,14,2388.723708
298,14,2388.723708
298,14,2388.723708
298,15,2382.254306
298,16,2375.129521
298,16,2375.129521
298,16,2375.129521
298,16,2375.129521
298,16,2375.129521
298,16,2375.129521
299,11,2668.878488
299,11,2668.878488
299,11,2668.878488
299,11,2668.878488
299,11,2668.878488
299,12,2526.114421
299,12,2526.114421
299,12,2526.114421
299,13,2420.490571
299,13,2420.490571
299,13,2420.490571
299,13,2420.490571
299,13,2420.490571
299,14,2388.723708
299,14,2388.723708
299,14,2388.723708
299,14,2388.723708
299,14,2388.723708
299,14,2388.723708
299,15,2382.254306
299,15,2382.254306
299,16,2375.129521
299,16,2375.129521
299,16,2375.129521
299,16,2375.129521
299,16,2375.129521
299,16,2375.129521
299,16,2375.129521
300,11,2668.878488
300,11,2668.878488
300,11,2668.878488
300,11,2668.878488
300,11,2668.878488
300,11,2668.878488
300,12,2526.114421
300,12,2526.114421
300,12,2526.114421
300,12,2526.114421
300,13,2420.490571
300,13,2420.490571
300,13,2420.490571
300,13,2420.490571
300,13,2420.490571
300,13,2420.490571
300,14,2388.723708
300,14,2388.723708
300,14,2388.723708
300,14,2388.723708
300,14,2388.723708
300,14,2388.723708
300,14,2388.723708
300,15,2382.254306
300,15,2382.254306
300,15,2382.254306
300,16,2375.129521
300,16,2375.129521
300,16,2375.129521
300,16,2375.129521
300,16,2375.129521
300,16,2375.129521
300,16,2375.129521
300,16,2375.129521
301,11,2668.878488
301,11,2668.878488
301,11,2668.878488
301,11,2668.878488
301,11,2668.878488
301,11,2668.878488
301,11,2668.878488
301,12,2526.114421
301,12,2526.114421
301,12,2526.114421
301,12,2526.114421
301,12,2526.114421
301,13,2420.490571
301,13,2420.490571
301,13,2420.490571
301,13,2420.490571
301,13,2420.490571
301,13,2420.490571
301,13,2420.490571
301,14,2388.723708
301,14,2388.723708
301,14,2388.723708
301,14,2388.723708
301,14,2388.723708
301,14,2388.723708
301,14,2388.723708
301,14,2388.723708
301,15,2382.254306
301,15,2382.254306
301,15,2382.254306
301,15,2382.254306
301,16,2375.129521
301,16,2375.129521
301,16,2375.129521
301,16,2375.129521
301,16,2375.129521
301,16,2375.129521
301,16,2375.129521
301,16,2375.129521
301,16,2375.129521
302,11,2668.878488
302,11,2668.878488
302,11,2668.878488
302,11,2668.878488
302,11,2668.878488
302,11,2668.878488
302,11,2668.878488
302,11,2668.878488
302,12,2526.114421
302,12,2526.114421
302,12,2526.114421
302,12,2526.114421
302,12,2526.114421
302,12,2526.114421
302,13,2420.490571
302,13,2420.490571
302,13,2420.490571
302,13,2420.490571
302,13,2420.490571
302,13,2420.490571
302,13,2420.490571
302,13,2420.490571
302,14,2388.723708
302,14,2388.723708
302,14,2388.723708
302,14,2388.723708
302,14,2388.723708
302,14,2388.723708
302,14,2388.723708
302,14,2388.723708
302,14,2388.723708
302,15,2382.254306
302,15,2382.254306
302,15,2382.254306
302,15,2382.254306
302,15,2382.254306
302,16,2375.129521
302,16,2375.129521
302,16,2375.129521
302,16,2375.129521
302,16,2375.129521
302,16,2375.129521
302,16,2375.129521
302,16,2375.129521
302,16,2375.129521
302,16,2375.129521
303,11,2668.878488
303,11,2668.878488
303,11,2668.878488
303,11,2668.878488
303,11,2668.878488
303,11,2668.878488
303,11,2668.878488
303,11,2668.878488
303,11,2668.878488
303,12,2512.256639
303,13,2420.490571
303,13,2420.490571
303,13,2420.490571
303,13,2420.490571
303,13,2420.490571
303,13,2420.490571
303,13,2420.490571
303,13,2420.490571
303,13,2420.490571
303,14,2388.723708
303,14,2388.723708
303,14,2388.723708
303,14,2388.723708
303,14,2388.723708
303,14,2388.723708
303,14,2388.723708
303,14,2388.723708
303,14,2388.723708
303,14,2388.723708
303,15,2382.254306
303,15,2382.254306
303,15,2382.254306
303,15,2382.254306
303,15,2382.254306
303,15,2382.254306
303,16,2375.129521
303,16,2375.129521
303,16,2375.129521
303,16,2375.129521
303,16,2375.129521
303,16,2375.129521
303,16,2375.129521
303,16,2375.129521
303,16,2375.129521
303,16,2375.129521
303,16,2375.129521
304,11,2668.878488
304,11,2668.878488
304,11,2668.878488
304,11,2668.878488
304,11,2668.878488
304,11,2668.878488
304,11,2668.878488
304,11,2668.878488
304,11,2668.878488
304,11,2668.878488
304,12,2512.256639
304,12,2512.256639
304,13,2420.490571
304,13,2420.490571
304,13,2420.490571
304,13,2420.490571
304,13,2420.490571
304,13,2420.490571
304,13,2420.490571
304,13,2420.490571
304,13,2420.490571
304,13,2420.490571
304,14,2388.723708
304,14,2388.723708
304,14,2388.723708
304,14,2388.723708
304,14,2388.723708
304,14,2388.723708
304,14,2388.723708
304,14,2388.723708
304,14,2388.723708
304,14,2388.723708
304,14,2388.723708
304,15,2380.605289
304,16,2375.129521
304,16,2375.129521
304,16,2375.129521
304,16,2375.129521
304,16,2375.129521
304,16,2375.129521
304,16,2375.129521
304,16,2375.129521
304,16,2375.129521
304,16,2375.129521
304,16,2375.129521
304,16,2375.129521
305,11,2668.878488
305,11,2668.878488
305,11,2668.878488
305,11,2668.878488
305,11,2668.878488
305,11,2668.878488
305,11,2668.878488
305,11,2668.878488
305,11,2668.878488
305,11,2668.878488
305,11,2668.878488
305,12,2512.256639
305,12,2512.256639
305,12,2512.256639
305,13,2420.490571
305,13,2420.490571
305,13,2420.490571
305,13,2420.490571
305,13,2420.490571
305,13,2420.490571
305,13,2420.490571
305,13,2420.490571
305,13,2420.490571
305,13,2420.490571
305,13,2420.490571
305,14,2388.723708
305,14,2388.723708
305,14,2388.723708
305,14,2388.723708
305,14,2388.723708
305,14,2388.723708
305,14,2388.723708
305,14,2388.723708
305,14,2388.723708
305,14,2388.723708
305,14,2388.723708
305,14,2388.723708
305,15,2380.605289
305,15,2380.605289
305,16,2364.741270
306,11,2661.593422
306,12,2512.256639
306,12,2512.256639
306,12,2512.256639
306,12,2512.256639
306,13,2417.308595
306,14,2388.723708
306,14,2388.723708
306,14,2388.723708
306,14,2388.723708
306,14,2388.723708
306,14,2388.723708
306,14,2388.723708
306,14,2388.723708
306,14,2388.723708
306,14,2388.723708
306,14,2388.723708
306,14,2388.723708
306,14,2388.723708
306,15,2380.605289
306,15,2380.605289
306,15,2380.605289
306,16,2364.741270
306,16,2364.741270
307,11,2661.593422
307,11,2661.593422
307,12,2512.256639
307,12,2512.256639
307,12,2512.256639
307,12,2512.256639
307,12,2512.256639
307,13,2417.308595
307,13,2417.308595
307,14,2384.122501
307,15,2380.605289
307,15,2380.605289
307,15,2380.605289
307,15,2380.605289
307,16,2364.741270
307,16,2364.741270
307,16,2364.741270
308,11,2661.593422
308,11,2661.593422
308,11,2661.593422
308,12,2482.040346
308,13,2417.308595
308,13,2417.308595
308,13,2417.308595
308,14,2384.122501
308,14,2384.122501
308,15,2380.605289
308,15,2380.605289
308,15,2380.605289
308,15,2380.605289
308,15,2380.605289
308,16,2364.741270
308,16,2364.741270
308,16,2364.741270
308,16,2364.741270
309,11,2661.593422
309,11,2661.593422
309,11,2661.593422
309,11,2661.593422
309,12,2482.040346
309,12,2482.040346
309,13,2417.308595
309,13,2417.308595
309,13,2417.308595
309,13,2417.308595
309,14,2384.122501
309,14,2384.122501
309,14,2384.122501
309,15,2380.605289
309,15,2380.605289
309,15,2380.605289
309,15,2380.605289
309,15,2380.605289
309,15,2380.605289
309,16,2364.741270
309,16,2364.741270
309,16,2364.741270
309,16,2364.741270
309,16,2364.741270
310,11,2661.593422
310,11,2661.593422
310,11,2661.593422
310,11,2661.593422
310,11,2661.593422
310,12,2482.040346
310,12,2482.040346
310,12,2482.040346
310,13,2417.308595
310,13,2417.308595
310,13,2417.308595
310,13,2417.308595
310,13,2417.308595
310,14,2384.122501
310,14,2384.122501
310,14,2384.122501
310,14,2384.122501
310,15,2380.605289
310,15,2380.605289
310,15,2380.605289
310,15,2380.605289
310,15,2380.605289
310,15,2380.605289
310,15,2380.605289
310,16,2364.741270
310,16,2364.741270
310,16,2364.741270
310,16,2364.741270
310,16,2364.741270
310,16,2364.741270
311,11,2661.593422
311,11,2661.593422
311,11,2661.593422
311,11,2661.593422
311,11,2661.593422
311,11,2661.593422
311,12,2482.040346
311,12,2482.040346
311,12,2482.040346
311,12,2482.040346
311,13,2417.308595
311,13,2417.308595
311,13,2417.308595
311,13,2417.308595
311,13,2417.308595
311,13,2417.308595
311,14,2375.768795
311,16,2364.741270
311,16,2364.741270
311,16,2364.741270
311,16,2364.741270
311,16,2364.741270
311,16,2364.741270
311,16,2364.741270
312,11,2661.593422
312,11,2661.593422
312,11,2661.593422
312,11,2661.593422
312,11,2661.593422
312,11,2661.593422
312,11,2661.593422
312,12,2482.040346
312,12,2482.040346
312,12,2482.040346
312,12,2482.040346
312,12,2482.040346
312,13,2416.512997
312,14,2375.768795
312,14,2375.768795
312,15,2364.853398
312,16,2364.741270
312,16,2364.741270
312,16,2364.741270
312,16,2364.741270
312,16,2364.741270
312,16,2364.741270
312,16,2364.741270
312,16,2364.741270
313,11,2661.593422
313,11,2661.593422
313,11,2661.593422
313,11,2661.593422
313,11,2661.593422
313,11,2661.593422
313,11,2661.593422
313,11,2661.593422
313,11,2661.593422
313,11,2661.593422
313,12,2482.040346
313,12,2482.040346
313,12,2482.040346
313,12,2482.040346
313,12,2482.040346
313,12,2482.040346
313,12,2482.040346
313,13,2416.512997
313,13,2416.512997
313,14,2375.768795
313,14,2375.768795
313,14,2375.768795
313,15,2364.853398
313,15,2364.853398
313,16,2364.741270
313,16,2364.741270
313,16,2364.741270
313,16,2364.741270
313,16,2364.741270
313,16,2364.741270
313,16,2364.741270
313,16,2364.741270
313,16,2364.741270
314,11,2661.593422
314,11,2661.593422
314,11,2661.593422
314,11,2661.593422
314,11,2661.593422
314,11,2661.593422
314,11,2661.593422
314,11,2661.593422
314,11,2661.593422
314,11,2661.593422
314,11,2661.593422
314,11,2661.593422
314,11,2661.593422
314,12,2482.040346
314,12,2482.040346
314,12,2482.040346
314,12,2482.040346
314,12,2482.040346
314,12,2482.040346
314,12,2482.040346
314,12,2482.040346
314,12,2482.040346
314,13,2410.161704
314,14,2375.768795
314,14,2375.768795
314,14,2375.768795
314,14,2375.768795
314,15,2364.853398
314,15,2364.853398
314,15,2364.853398
314,16,2364.741270
314,16,2364.741270
314,16,2364.741270
314,16,2364.741270
314,16,2364.741270
314,16,2364.741270
314,16,2364.741270
314,16,2364.741270
314,16,2364.741270
314,16,2364.741270
315,11,2661.593422
315,11,2661.593422
315,11,2661.593422
315,11,2661.593422
315,11,2661.593422
315,11,2661.593422
315,11,2661.593422
315,11,2661.593422
315,11,2661.593422
315,11,2661.593422
315,11,2661.593422
315,11,2661.593422
315,11,2661.593422
315,11,2661.593422
315,11,2661.593422
315,11,2661.593422
315,12,2482.040346
315,12,2482.040346
315,12,2482.040346
315,12,2482.040346
315,12,2482.040346
315,12,2482.040346
315,12,2482.040346
315,12,2482.040346
315,12,2482.040346
315,12,2482.040346
315,12,2482.040346
315,13,2410.161704
315,13,2410.161704
315,14,2362.687898
316,11,2661.593422
316,11,2661.593422
316,11,2661.593422
316,11,2661.593422
316,11,2661.593422
316,11,2661.593422
316,11,2661.593422
316,11,2661.593422
316,11,2661.593422
316,11,2661.593422
316,11,2661.593422
316,11,2661.593422
316,11,2661.593422
316,11,2661.593422
316,11,2661.593422
316,11,2661.593422
316,11,2661.593422
316,11,2661.593422
316,11,2661.593422
316,12,2482.040346
316,12,2482.040346
316,12,2482.040346
316,12,2482.040346
316,12,2482.040346
316,12,2482.040346
316,12,2482.040346
316,12,2482.040346
316,12,2482.040346
316,12,2482.040346
316,12,2482.040346
316,12,2482.040346
316,12,2482.040346
316,13,2410.161704
316,13,2410.161704
316,13,2410.161704
316,14,2362.687898
316,14,2362.687898
317,11,2661.593422
317,11,2661.593422
317,11,2661.593422
317,11,2661.593422
317,11,2661.593422
317,11,2661.593422
317,11,2661.593422
317,11,2661.593422
317,11,2661.593422
317,11,2661.593422
317,11,2661.593422
317,11,2661.593422
317,11,2661.593422
317,11,2661.593422
317,11,2661.593422
317,11,2661.593422
317,11,2661.593422
317,11,2661.593422
317,11,2661.593422
317,11,2661.593422
317,11,2661.593422
317,11,2661.593422
317,12,2482.040346
317,12,2482.040346
317,12,2482.040346
317,12,2482.040346
317,12,2482.040346
317,12,2482.040346
317,12,2482.040346
317,12,2482.040346
317,12,2482.040346
317,12,2482.040346
317,12,2482.040346
317,12,2482.040346
317,12,2482.040346
317,12,2482.040346
317,12,2482.040346
317,13,2410.161704
317,13,2410.161704
317,13,2410.161704
317,13,2410.161704
317,14,2362.687898
317,14,2362.687898
317,14,2362.687898
318,11,2661.593422
318,11,2661.593422
318,11,2661.593422
318,11,2661.593422
318,11,2661.593422
318,11,2661.593422
318,11,2661.593422
318,11,2661.593422
318,11,2661.593422
318,11,2661.593422
318,11,2661.593422
318,11,2661.593422
318,11,2661.593422
318,11,2661.593422
318,11,2661.593422
318,11,2661.593422
318,11,2661.593422
318,11,2661.593422
318,11,2661.593422
318,11,2661.593422
318,11,2661.593422
318,11,2661.593422
318,11,2661.593422
318,11,2661.593422
318,11,2661.593422
318,12,2472.146827
318,13,2410.161704
318,13,2410.161704
318,13,2410.161704
318,13,2410.161704
318,13,2410.161704
318,14,2362.687898
318,14,2362.687898
318,14,2362.687898
318,14,2362.687898
319,11,2642.369656
319,12,2472.146827
319,12,2472.146827
319,13,2402.628349
319,14,2362.687898
319,14,2362.687898
319,14,2362.687898
319,14,2362.687898
319,14,2362.687898
320,11,2631.362521
320,12,2472.146827
320,12,2472.146827
320,12,2472.146827
320,13,2402.628349
320,13,2402.628349
320,14,2362.687898
320,14,2362.687898
320,14,2362.687898
320,14,2362.687898
320,14,2362.687898
320,14,2362.687898
321,11,2631.362521
321,11,2631.362521
321,12,2472.146827
321,12,2472.146827
321,12,2472.146827
321,12,2472.146827
321,13,2402.628349
321,13,2402.628349
321,13,2402.628349
321,14,2362.687898
321,14,2362.687898
321,14,2362.687898
321,14,2362.687898
321,14,2362.687898
321,14,2362.687898
321,14,2362.687898
321,14,2362.687898
322,11,2631.362521
322,11,2631.362521
322,11,2631.362521
322,12,2472.146827
322,12,2472.146827
322,12,2472.146827
322,12,2472.146827
322,12,2472.146827
322,13,2402.628349
322,13,2402.628349
322,13,2402.628349
322,13,2402.628349
322,14,2362.687898
322,14,2362.687898
322,14,2362.687898
322,14,2362.687898
322,14,2362.687898
322,14,2362.687898
322,14,2362.687898
322,14,2362.687898
322,14,2362.687898
322,14,2362.687898
322,15,2359.925752
323,11,2628.233545
323,12,2470.475554
323,13,2402.628349
323,13,2402.628349
323,13,2402.628349
323,13,2402.628349
323,13,2402.628349
323,14,2362.687898
323,14,2362.687898
323,14,2362.687898
323,14,2362.687898
323,14,2362.687898
323,14,2362.687898
323,14,2362.687898
323,14,2362.687898
323,14,2362.687898
323,14,2362.687898
323,14,2362.687898
323,14,2362.687898
323,15,2359.925752
323,15,2359.925752
324,11,2628.233545
324,11,2628.233545
324,12,2470.475554
324,12,2470.475554
324,13,2402.628349
324,13,2402.628349
324,13,2402.628349
324,13,2402.628349
324,13,2402.628349
324,13,2402.628349
324,14,2354.406889
325,11,2628.233545
325,11,2628.233545
325,11,2628.233545
325,12,2470.475554
325,12,2470.475554
325,12,2470.475554
325,13,2402.628349
325,13,2402.628349
325,13,2402.628349
325,13,2402.628349
325,13,2402.628349
325,13,2402.628349
325,13,2402.628349
325,14,2354.406889
325,14,2354.406889
326,11,2628.233545
326,11,2628.233545
326,11,2628.233545
326,11,2628.233545
326,12,2470.475554
326,12,2470.475554
326,12,2470.475554
326,12,2470.475554
326,13,2402.628349
326,13,2402.628349
326,13,2402.628349
326,13,2402.628349
326,13,2402.628349
326,13,2402.628349
326,13,2402.628349
326,13,2402.628349
326,14,2349.748722
327,11,2620.982946
327,12,2462.074660
327,13,2402.628349
327,13,2402.628349
327,13,2402.628349
327,13,2402.628349
327,13,2402.628349
327,13,2402.628349
327,13,2402.628349
327,13,2402.628349
327,13,2402.628349
327,14,2349.748722
327,14,2349.748722
328,11,2620.982946
328,11,2620.982946
328,11,2620.982946
328,12,2462.074660
328,12,2462.074660
328,13,2402.628349
328,13,2402.628349
328,13,2402.628349
328,13,2402.628349
328,13,2402.628349
328,13,2402.628349
328,13,2402.628349
328,13,2402.628349
328,13,2402.628349
328,13,2402.628349
328,14,2349.748722
328,14,2349.748722
328,14,2349.748722
329,11,2620.982946
329,11,2620.982946
329,11,2620.982946
329,11,2620.982946
329,11,2620.982946
329,12,2462.074660
329,12,2462.074660
329,12,2462.074660
329,13,2402.628349
329,13,2402.628349
329,13,2402.628349
329,13,2402.628349
329,13,2402.628349
329,13,2402.628349
329,13,2402.628349
329,13,2402.628349
329,13,2402.628349
329,13,2402.628349
329,13,2402.628349
329,14,2349.748722
329,14,2349.748722
329,14,2349.748722
329,14,2349.748722
330,11,2620.982946
330,11,2620.982946
330,11,2620.982946
330,11,2620.982946
330,11,2620.982946
330,11,2620.982946
330,11,2620.982946
330,12,2462.074660
330,12,2462.074660
330,12,2462.074660
330,12,2462.074660
330,13,2392.836324
330,14,2349.748722
330,14,2349.748722
330,14,2349.748722
330,14,2349.748722
330,14,2349.748722
331,11,2609.237663
331,12,2462.074660
331,12,2462.074660
331,12,2462.074660
331,12,2462.074660
331,12,2462.074660
331,13,2392.836324
331,13,2392.836324
331,14,2342.280833
332,11,2559.405580
332,12,2462.074660
332,12,2462.074660
332,12,2462.074660
332,12,2462.074660
332,12,2462.074660
332,12,2462.074660
332,13,2392.836324
332,13,2392.836324
332,13,2392.836324
332,14,2342.280833
332,14,2342.280833
332,14,2342.280833
