Iteration,NV,TOC
1,7,1578.240240
1,8,1532.522051
1,9,1416.973967
1,9,1416.973967
1,9,1416.973967
1,10,1396.073293
1,10,1396.073293
1,10,1396.073293
1,10,1396.073293
1,11,1384.389213
1,14,1367.955485
2,7,1578.240240
2,7,1578.240240
2,8,1532.522051
2,8,1532.522051
2,9,1416.973967
2,9,1416.973967
2,9,1416.973967
2,9,1416.973967
2,9,1416.973967
2,9,1416.973967
2,10,1378.604499
2,14,1367.955485
2,14,1367.955485
3,7,1570.352588
3,8,1532.522051
3,8,1532.522051
3,8,1532.522051
3,9,1416.973967
3,9,1416.973967
3,9,1416.973967
3,9,1416.973967
3,9,1416.973967
3,9,1416.973967
3,9,1416.973967
3,9,1416.973967
3,9,1416.973967
3,10,1364.596116
3,14,1360.698831
4,7,1570.352588
4,7,1570.352588
4,8,1528.480240
4,9,1416.973967
4,9,1416.973967
4,9,1416.973967
4,9,1416.973967
4,9,1416.973967
4,9,1416.973967
4,9,1416.973967
4,9,1416.973967
4,9,1416.973967
4,9,1416.973967
4,9,1416.973967
4,9,1416.973967
4,10,1364.596116
4,10,1364.596116
4,13,1356.523975
5,6,1869.998370
5,7,1570.352588
5,7,1570.352588
5,7,1570.352588
5,8,1515.552222
5,9,1416.973967
5,9,1416.973967
5,9,1416.973967
5,9,1416.973967
5,9,1416.973967
5,9,1416.973967
5,9,1416.973967
5,9,1416.973967
5,9,1416.973967
5,9,1416.973967
5,9,1416.973967
5,9,1416.973967
5,9,1416.973967
5,9,1416.973967
5,9,1416.973967
5,10,1364.596116
5,10,1364.596116
5,10,1364.596116
5,13,1356.523975
5,13,1356.523975
5,14,1353.209488
6,6,1869.998370
6,6,1869.998370
6,7,1570.352588
6,7,1570.352588
6,7,1570.352588
6,7,1570.352588
6,8,1515.552222
6,8,1515.552222
6,9,1416.973967
6,9,1416.973967
6,9,1416.973967
6,9,1416.973967
6,9,1416.973967
6,9,1416.973967
6,9,1416.973967
6,9,1416.973967
6,9,1416.973967
6,9,1416.973967
6,9,1416.973967
6,9,1416.973967
6,9,1416.973967
6,9,1416.973967
6,9,1416.973967
6,9,1416.973967
6,9,1416.973967
6,9,1416.973967
6,10,1364.596116
6,10,1364.596116
6,10,1364.596116
6,10,1364.596116
6,11,1355.865654
6,12,1344.783087
6,18,1343.892120
7,6,1869.998370
7,6,1869.998370
7,6,1869.998370
7,7,1570.352588
7,7,1570.352588
7,7,1570.352588
7,7,1570.352588
7,7,1570.352588
7,8,1492.762863
7,9,1409.614287
7,10,1364.596116
7,10,1364.596116
7,10,1364.596116
7,10,1364.596116
7,10,1364.596116
7,11,1355.865654
7,11,1355.865654
7,12,1344.783087
7,12,1344.783087
7,13,1333.229101
8,6,1711.526940
8,7,1570.352588
8,7,1570.352588
8,7,1570.352588
8,7,1570.352588
8,7,1570.352588
8,7,1570.352588
8,8,1485.941211
8,9,1376.228096
8,10,1364.596116
8,10,1364.596116
8,10,1364.596116
8,10,1364.596116
8,10,1364.596116
8,10,1364.596116
8,11,1355.865654
8,11,1355.865654
8,11,1355.865654
8,12,1344.783087
8,12,1344.783087
8,12,1344.783087
8,13,1333.229101
8,13,1333.229101
8,14,1331.182805
9,6,1670.030213
9,7,1570.352588
9,7,1570.352588
9,7,1570.352588
9,7,1570.352588
9,7,1570.352588
9,7,1570.352588
9,7,1570.352588
9,8,1485.941211
9,8,1485.941211
9,9,1376.228096
9,9,1376.228096
9,10,1364.596116
9,10,1364.596116
9,10,1364.596116
9,10,1364.596116
9,10,1364.596116
9,10,1364.596116
9,10,1364.596116
9,11,1348.119566
9,12,1344.783087
9,12,1344.783087
9,12,1344.783087
9,12,1344.783087
9,13,1333.229101
9,13,1333.229101
9,13,1333.229101
9,14,1331.182805
9,14,1331.182805
10,6,1670.030213
10,6,1670.030213
10,7,1570.352588
10,7,1570.352588
10,7,1570.352588
10,7,1570.352588
10,7,1570.352588
10,7,1570.352588
10,7,1570.352588
10,7,1570.352588
10,8,1485.941211
10,8,1485.941211
10,8,1485.941211
10,9,1376.228096
10,9,1376.228096
10,9,1376.228096
10,10,1364.596116
10,10,1364.596116
10,10,1364.596116
10,10,1364.596116
10,10,1364.596116
10,10,1364.596116
10,10,1364.596116
10,10,1364.596116
10,11,1348.119566
10,11,1348.119566
10,12,1344.783087
10,12,1344.783087
10,12,1344.783087
10,12,1344.783087
10,12,1344.783087
10,13,1333.229101
10,13,1333.229101
10,13,1333.229101
10,13,1333.229101
10,14,1331.182805
10,14,1331.182805
10,14,1331.182805
11,6,1670.030213
11,6,1670.030213
11,6,1670.030213
11,7,1570.352588
11,7,1570.352588
11,7,1570.352588
11,7,1570.352588
11,7,1570.352588
11,7,1570.352588
11,7,1570.352588
11,7,1570.352588
11,7,1570.352588
11,8,1485.941211
11,8,1485.941211
11,8,1485.941211
11,8,1485.941211
11,9,1376.228096
11,9,1376.228096
11,9,1376.228096
11,9,1376.228096
11,10,1364.596116
11,10,1364.596116
11,10,1364.596116
11,10,1364.596116
11,10,1364.596116
11,10,1364.596116
11,10,1364.596116
11,10,1364.596116
11,10,1364.596116
11,11,1348.119566
11,11,1348.119566
11,11,1348.119566
11,12,1344.783087
11,12,1344.783087
11,12,1344.783087
11,12,1344.783087
11,12,1344.783087
11,12,1344.783087
11,13,1333.229101
11,13,1333.229101
11,13,1333.229101
11,13,1333.229101
11,13,1333.229101
11,14,1331.182805
11,14,1331.182805
11,14,1331.182805
11,14,1331.182805
12,6,1642.301066
12,7,1570.352588
12,7,1570.352588
12,7,1570.352588
12,7,1570.352588
12,7,1570.352588
12,7,1570.352588
12,7,1570.352588
12,7,1570.352588
12,7,1570.352588
12,7,1570.352588
12,8,1485.941211
12,8,1485.941211
12,8,1485.941211
12,8,1485.941211
12,8,1485.941211
12,9,1376.228096
12,9,1376.228096
12,9,1376.228096
12,9,1376.228096
12,9,1376.228096
12,10,1364.596116
12,10,1364.596116
12,10,1364.596116
12,10,1364.596116
12,10,1364.596116
12,10,1364.596116
12,10,1364.596116
12,10,1364.596116
12,10,1364.596116
12,10,1364.596116
12,11,1348.119566
12,11,1348.119566
12,11,1348.119566
12,11,1348.119566
12,12,1344.783087
12,12,1344.783087
12,12,1344.783087
12,12,1344.783087
12,12,1344.783087
12,12,1344.783087
12,12,1344.783087
12,13,1333.229101
12,13,1333.229101
12,13,1333.229101
12,13,1333.229101
12,13,1333.229101
12,13,1333.229101
12,14,1331.182805
12,14,1331.182805
12,14,1331.182805
12,14,1331.182805
12,14,1331.182805
13,6,1642.301066
13,6,1642.301066
13,7,1495.938399
13,8,1485.941211
13,8,1485.941211
13,8,1485.941211
13,8,1485.941211
13,8,1485.941211
13,8,1485.941211
13,9,1376.228096
13,9,1376.228096
13,9,1376.228096
13,9,1376.228096
13,9,1376.228096
13,9,1376.228096
13,10,1364.596116
13,10,1364.596116
13,10,1364.596116
13,10,1364.596116
13,10,1364.596116
13,10,1364.596116
13,10,1364.596116
13,10,1364.596116
13,10,1364.596116
13,10,1364.596116
13,10,1364.596116
13,11,1328.576168
13,16,1312.304701
14,6,1642.301066
14,6,1642.301066
14,6,1642.301066
14,7,1495.938399
14,7,1495.938399
14,8,1485.941211
14,8,1485.941211
14,8,1485.941211
14,8,1485.941211
14,8,1485.941211
14,8,1485.941211
14,8,1485.941211
14,9,1376.228096
14,9,1376.228096
14,9,1376.228096
14,9,1376.228096
14,9,1376.228096
14,9,1376.228096
14,9,1376.228096
14,10,1364.596116
14,10,1364.596116
14,10,1364.596116
14,10,1364.596116
14,10,1364.596116
14,10,1364.596116
14,10,1364.596116
14,10,1364.596116
14,10,1364.596116
14,10,1364.596116
14,10,1364.596116
14,10,1364.596116
14,11,1328.576168
14,11,1328.576168
14,16,1312.304701
14,16,1312.304701
15,6,1642.301066
15,6,1642.301066
15,6,1642.301066
15,6,1642.301066
15,7,1495.938399
15,7,1495.938399
15,7,1495.938399
15,8,1484.568333
15,9,1376.228096
15,9,1376.228096
15,9,1376.228096
15,9,1376.228096
15,9,1376.228096
15,9,1376.228096
15,9,1376.228096
15,9,1376.228096
15,10,1364.596116
15,10,1364.596116
15,10,1364.596116
15,10,1364.596116
15,10,1364.596116
15,10,1364.596116
15,10,1364.596116
15,10,1364.596116
15,10,1364.596116
15,10,1364.596116
15,10,1364.596116
15,10,1364.596116
15,10,1364.596116
15,11,1328.576168
15,11,1328.576168
15,11,1328.576168
15,14,1319.902663
15,16,1312.304701
15,16,1312.304701
15,16,1312.304701
16,6,1642.301066
16,6,1642.301066
16,6,1642.301066
16,6,1642.301066
16,6,1642.301066
16,7,1495.938399
16,7,1495.938399
16,7,1495.938399
16,7,1495.938399
16,8,1462.959200
16,9,1376.228096
16,9,1376.228096
16,9,1376.228096
16,9,1376.228096
16,9,1376.228096
16,9,1376.228096
16,9,1376.228096
16,9,1376.228096
16,9,1376.228096
16,10,1364.596116
16,10,1364.596116
16,10,1364.596116
16,10,1364.596116
16,10,1364.596116
16,10,1364.596116
16,10,1364.596116
16,10,1364.596116
16,10,1364.596116
16,10,1364.596116
16,10,1364.596116
16,10,1364.596116
16,10,1364.596116
16,10,1364.596116
16,11,1328.576168
16,11,1328.576168
16,11,1328.576168
16,11,1328.576168
16,14,1319.902663
16,14,1319.902663
16,16,1312.304701
16,16,1312.304701
16,16,1312.304701
16,16,1312.304701
17,6,1642.301066
17,6,1642.301066
17,6,1642.301066
17,6,1642.301066
17,6,1642.301066
17,6,1642.301066
17,7,1495.938399
17,7,1495.938399
17,7,1495.938399
17,7,1495.938399
17,7,1495.938399
17,8,1462.959200
17,8,1462.959200
17,9,1376.228096
17,9,1376.228096
17,9,1376.228096
17,9,1376.228096
17,9,1376.228096
17,9,1376.228096
17,9,1376.228096
17,9,1376.228096
17,9,1376.228096
17,9,1376.228096
17,10,1364.596116
17,10,1364.596116
17,10,1364.596116
17,10,1364.596116
17,10,1364.596116
17,10,1364.596116
17,10,1364.596116
17,10,1364.596116
17,10,1364.596116
17,10,1364.596116
17,10,1364.596116
17,10,1364.596116
17,10,1364.596116
17,10,1364.596116
17,10,1364.596116
17,11,1328.576168
17,11,1328.576168
17,11,1328.576168
17,11,1328.576168
17,11,1328.576168
17,14,1319.902663
17,14,1319.902663
17,14,1319.902663
17,16,1312.304701
17,16,1312.304701
17,16,1312.304701
17,16,1312.304701
17,16,1312.304701
18,6,1642.301066
18,6,1642.301066
18,6,1642.301066
18,6,1642.301066
18,6,1642.301066
18,6,1642.301066
18,6,1642.301066
18,7,1495.938399
18,7,1495.938399
18,7,1495.938399
18,7,1495.938399
18,7,1495.938399
18,7,1495.938399
18,8,1462.959200
18,8,1462.959200
18,8,1462.959200
18,9,1376.228096
18,9,1376.228096
18,9,1376.228096
18,9,1376.228096
18,9,1376.228096
18,9,1376.228096
18,9,1376.228096
18,9,1376.228096
18,9,1376.228096
18,9,1376.228096
18,9,1376.228096
18,10,1364.596116
18,10,1364.596116
18,10,1364.596116
18,10,1364.596116
18,10,1364.596116
18,10,1364.596116
18,10,1364.596116
18,10,1364.596116
18,10,1364.596116
18,10,1364.596116
18,10,1364.596116
18,10,1364.596116
18,10,1364.596116
18,10,1364.596116
18,10,1364.596116
18,10,1364.596116
18,11,1328.576168
18,11,1328.576168
18,11,1328.576168
18,11,1328.576168
18,11,1328.576168
18,11,1328.576168
18,14,1319.902663
18,14,1319.902663
18,14,1319.902663
18,14,1319.902663
18,16,1312.304701
18,16,1312.304701
18,16,1312.304701
18,16,1312.304701
18,16,1312.304701
18,16,1312.304701
19,6,1642.301066
19,6,1642.301066
19,6,1642.301066
19,6,1642.301066
19,6,1642.301066
19,6,1642.301066
19,6,1642.301066
19,6,1642.301066
19,7,1495.938399
19,7,1495.938399
19,7,1495.938399
19,7,1495.938399
19,7,1495.938399
19,7,1495.938399
19,7,1495.938399
19,8,1458.288657
19,9,1376.228096
19,9,1376.228096
19,9,1376.228096
19,9,1376.228096
19,9,1376.228096
19,9,1376.228096
19,9,1376.228096
19,9,1376.228096
19,9,1376.228096
19,9,1376.228096
19,9,1376.228096
19,9,1376.228096
19,10,1339.210940
19,11,1328.576168
19,11,1328.576168
19,11,1328.576168
19,11,1328.576168
19,11,1328.576168
19,11,1328.576168
19,11,1328.576168
19,13,1319.597960
19,14,1307.583533
20,6,1642.301066
20,6,1642.301066
20,6,1642.301066
20,6,1642.301066
20,6,1642.301066
20,6,1642.301066
20,6,1642.301066
20,6,1642.301066
20,6,1642.301066
20,7,1495.938399
20,7,1495.938399
20,7,1495.938399
20,7,1495.938399
20,7,1495.938399
20,7,1495.938399
20,7,1495.938399
20,7,1495.938399
20,8,1449.096445
20,9,1376.228096
20,9,1376.228096
20,9,1376.228096
20,9,1376.228096
20,9,1376.228096
20,9,1376.228096
20,9,1376.228096
20,9,1376.228096
20,9,1376.228096
20,9,1376.228096
20,9,1376.228096
20,9,1376.228096
20,9,1376.228096
20,10,1339.210940
20,10,1339.210940
20,11,1328.576168
20,11,1328.576168
20,11,1328.576168
20,11,1328.576168
20,11,1328.576168
20,11,1328.576168
20,11,1328.576168
20,11,1328.576168
20,13,1319.597960
20,13,1319.597960
20,14,1307.583533
20,14,1307.583533
21,6,1620.153104
21,7,1495.938399
21,7,1495.938399
21,7,1495.938399
21,7,1495.938399
21,7,1495.938399
21,7,1495.938399
21,7,1495.938399
21,7,1495.938399
21,7,1495.938399
21,8,1438.055585
21,9,1376.228096
21,9,1376.228096
21,9,1376.228096
21,9,1376.228096
21,9,1376.228096
21,9,1376.228096
21,9,1376.228096
21,9,1376.228096
21,9,1376.228096
21,9,1376.228096
21,9,1376.228096
21,9,1376.228096
21,9,1376.228096
21,9,1376.228096
21,10,1339.210940
21,10,1339.210940
21,10,1339.210940
21,11,1328.576168
21,11,1328.576168
21,11,1328.576168
21,11,1328.576168
21,11,1328.576168
21,11,1328.576168
21,11,1328.576168
21,11,1328.576168
21,11,1328.576168
21,12,1325.888214
21,13,1296.721814
22,6,1620.153104
22,6,1620.153104
22,7,1495.938399
22,7,1495.938399
22,7,1495.938399
22,7,1495.938399
22,7,1495.938399
22,7,1495.938399
22,7,1495.938399
22,7,1495.938399
22,7,1495.938399
22,7,1495.938399
22,8,1438.055585
22,8,1438.055585
22,9,1376.228096
22,9,1376.228096
22,9,1376.228096
22,9,1376.228096
22,9,1376.228096
22,9,1376.228096
22,9,1376.228096
22,9,1376.228096
22,9,1376.228096
22,9,1376.228096
22,9,1376.228096
22,9,1376.228096
22,9,1376.228096
22,9,1376.228096
22,9,1376.228096
22,10,1331.342329
22,11,1328.576168
22,11,1328.576168
22,11,1328.576168
22,11,1328.576168
22,11,1328.576168
22,11,1328.576168
22,11,1328.576168
22,11,1328.576168
22,11,1328.576168
22,11,1328.576168
22,12,1325.888214
22,12,1325.888214
22,13,1296.721814
22,13,1296.721814
23,6,1620.153104
23,6,1620.153104
23,6,1620.153104
23,7,1495.938399
23,7,1495.938399
23,7,1495.938399
23,7,1495.938399
23,7,1495.938399
23,7,1495.938399
23,7,1495.938399
23,7,1495.938399
23,7,1495.938399
23,7,1495.938399
23,7,1495.938399
23,8,1438.055585
23,8,1438.055585
23,8,1438.055585
23,9,1376.228096
23,9,1376.228096
23,9,1376.228096
23,9,1376.228096
23,9,1376.228096
23,9,1376.228096
23,9,1376.228096
23,9,1376.228096
23,9,1376.228096
23,9,1376.228096
23,9,1376.228096
23,9,1376.228096
23,9,1376.228096
23,9,1376.228096
23,9,1376.228096
23,9,1376.228096
23,10,1331.342329
23,10,1331.342329
23,11,1328.576168
23,11,1328.576168
23,11,1328.576168
23,11,1328.576168
23,11,1328.576168
23,11,1328.576168
23,11,1328.576168
23,11,1328.576168
23,11,1328.576168
23,11,1328.576168
23,11,1328.576168
23,12,1320.395390
23,13,1296.721814
23,13,1296.721814
23,13,1296.721814
24,6,1620.153104
24,6,1620.153104
24,6,1620.153104
24,6,1620.153104
24,7,1495.938399
24,7,1495.938399
24,7,1495.938399
24,7,1495.938399
24,7,1495.938399
24,7,1495.938399
24,7,1495.938399
24,7,1495.938399
24,7,1495.938399
24,7,1495.938399
24,7,1495.938399
24,7,1495.938399
24,8,1438.055585
24,8,1438.055585
24,8,1438.055585
24,8,1438.055585
24,9,1376.228096
24,9,1376.228096
24,9,1376.228096
24,9,1376.228096
24,9,1376.228096
24,9,1376.228096
24,9,1376.228096
24,9,1376.228096
24,9,1376.228096
24,9,1376.228096
24,9,1376.228096
24,9,1376.228096
24,9,1376.228096
24,9,1376.228096
24,9,1376.228096
24,9,1376.228096
24,9,1376.228096
24,10,1331.342329
24,10,1331.342329
24,10,1331.342329
24,11,1328.576168
24,11,1328.576168
24,11,1328.576168
24,11,1328.576168
24,11,1328.576168
24,11,1328.576168
24,11,1328.576168
24,11,1328.576168
24,11,1328.576168
24,11,1328.576168
24,11,1328.576168
24,11,1328.576168
24,12,1320.395390
24,12,1320.395390
24,13,1296.721814
24,13,1296.721814
24,13,1296.721814
24,13,1296.721814
25,6,1620.153104
25,6,1620.153104
25,6,1620.153104
25,6,1620.153104
25,6,1620.153104
25,7,1495.938399
25,7,1495.938399
25,7,1495.938399
25,7,1495.938399
25,7,1495.938399
25,7,1495.938399
25,7,1495.938399
25,7,1495.938399
25,7,1495.938399
25,7,1495.938399
25,7,1495.938399
25,7,1495.938399
25,7,1495.938399
25,8,1438.055585
25,8,1438.055585
25,8,1438.055585
25,8,1438.055585
25,8,1438.055585
25,9,1376.228096
25,9,1376.228096
25,9,1376.228096
25,9,1376.228096
25,9,1376.228096
25,9,1376.228096
25,9,1376.228096
25,9,1376.228096
25,9,1376.228096
25,9,1376.228096
25,9,1376.228096
25,9,1376.228096
25,9,1376.228096
25,9,1376.228096
25,9,1376.228096
25,9,1376.228096
25,9,1376.228096
25,9,1376.228096
25,10,1331.342329
25,10,1331.342329
25,10,1331.342329
25,10,1331.342329
25,11,1289.192388
26,6,1620.153104
26,6,1620.153104
26,6,1620.153104
26,6,1620.153104
26,6,1620.153104
26,6,1620.153104
26,7,1495.938399
26,7,1495.938399
26,7,1495.938399
26,7,1495.938399
26,7,1495.938399
26,7,1495.938399
26,7,1495.938399
26,7,1495.938399
26,7,1495.938399
26,7,1495.938399
26,7,1495.938399
26,7,1495.938399
26,7,1495.938399
26,7,1495.938399
26,8,1438.055585
26,8,1438.055585
26,8,1438.055585
26,8,1438.055585
26,8,1438.055585
26,8,1438.055585
26,9,1376.228096
26,9,1376.228096
26,9,1376.228096
26,9,1376.228096
26,9,1376.228096
26,9,1376.228096
26,9,1376.228096
26,9,1376.228096
26,9,1376.228096
26,9,1376.228096
26,9,1376.228096
26,9,1376.228096
26,9,1376.228096
26,9,1376.228096
26,9,1376.228096
26,9,1376.228096
26,9,1376.228096
26,9,1376.228096
26,9,1376.228096
26,10,1331.342329
26,10,1331.342329
26,10,1331.342329
26,10,1331.342329
26,10,1331.342329
26,11,1289.192388
26,11,1289.192388
27,6,1620.153104
27,6,1620.153104
27,6,1620.153104
27,6,1620.153104
27,6,1620.153104
27,6,1620.153104
27,6,1620.153104
27,7,1495.938399
27,7,1495.938399
27,7,1495.938399
27,7,1495.938399
27,7,1495.938399
27,7,1495.938399
27,7,1495.938399
27,7,1495.938399
27,7,1495.938399
27,7,1495.938399
27,7,1495.938399
27,7,1495.938399
27,7,1495.938399
27,7,1495.938399
27,7,1495.938399
27,8,1438.055585
27,8,1438.055585
27,8,1438.055585
27,8,1438.055585
27,8,1438.055585
27,8,1438.055585
27,8,1438.055585
27,9,1376.228096
27,9,1376.228096
27,9,1376.228096
27,9,1376.228096
27,9,1376.228096
27,9,1376.228096
27,9,1376.228096
27,9,1376.228096
27,9,1376.228096
27,9,1376.228096
27,9,1376.228096
27,9,1376.228096
27,9,1376.228096
27,9,1376.228096
27,9,1376.228096
27,9,1376.228096
27,9,1376.228096
27,9,1376.228096
27,9,1376.228096
27,9,1376.228096
27,10,1331.342329
27,10,1331.342329
27,10,1331.342329
27,10,1331.342329
27,10,1331.342329
27,10,1331.342329
27,11,1289.192388
27,11,1289.192388
27,11,1289.192388
27,12,1288.020667
28,6,1620.153104
28,6,1620.153104
28,6,1620.153104
28,6,1620.153104
28,6,1620.153104
28,6,1620.153104
28,6,1620.153104
28,6,1620.153104
28,7,1495.938399
28,7,1495.938399
28,7,1495.938399
28,7,1495.938399
28,7,1495.938399
28,7,1495.938399
28,7,1495.938399
28,7,1495.938399
28,7,1495.938399
28,7,1495.938399
28,7,1495.938399
28,7,1495.938399
28,7,1495.938399
28,7,1495.938399
28,7,1495.938399
28,7,1495.938399
28,8,1438.055585
28,8,1438.055585
28,8,1438.055585
28,8,1438.055585
28,8,1438.055585
28,8,1438.055585
28,8,1438.055585
28,8,1438.055585
28,9,1376.228096
28,9,1376.228096
28,9,1376.228096
28,9,1376.228096
28,9,1376.228096
28,9,1376.228096
28,9,1376.228096
28,9,1376.228096
28,9,1376.228096
28,9,1376.228096
28,9,1376.228096
28,9,1376.228096
28,9,1376.228096
28,9,1376.228096
28,9,1376.228096
28,9,1376.228096
28,9,1376.228096
28,9,1376.228096
28,9,1376.228096
28,9,1376.228096
28,9,1376.228096
28,10,1331.342329
28,10,1331.342329
28,10,1331.342329
28,10,1331.342329
28,10,1331.342329
28,10,1331.342329
28,10,1331.342329
28,11,1289.192388
28,11,1289.192388
28,11,1289.192388
28,11,1289.192388
28,12,1288.020667
28,12,1288.020667
29,6,1620.153104
29,6,1620.153104
29,6,1620.153104
29,6,1620.153104
29,6,1620.153104
29,6,1620.153104
29,6,1620.153104
29,6,1620.153104
29,6,1620.153104
29,7,1495.938399
29,7,1495.938399
29,7,1495.938399
29,7,1495.938399
29,7,1495.938399
29,7,1495.938399
29,7,1495.938399
29,7,1495.938399
29,7,1495.938399
29,7,1495.938399
29,7,1495.938399
29,7,1495.938399
29,7,1495.938399
29,7,1495.938399
29,7,1495.938399
29,7,1495.938399
29,7,1495.938399
29,8,1438.055585
29,8,1438.055585
29,8,1438.055585
29,8,1438.055585
29,8,1438.055585
29,8,1438.055585
29,8,1438.055585
29,8,1438.055585
29,8,1438.055585
29,9,1374.297770
29,10,1331.342329
29,10,1331.342329
29,10,1331.342329
29,10,1331.342329
29,10,1331.342329
29,10,1331.342329
29,10,1331.342329
29,10,1331.342329
29,11,1289.192388
29,11,1289.192388
29,11,1289.192388
29,11,1289.192388
29,11,1289.192388
29,12,1278.730840
30,6,1620.153104
30,6,1620.153104
30,6,1620.153104
30,6,1620.153104
30,6,1620.153104
30,6,1620.153104
30,6,1620.153104
30,6,1620.153104
30,6,1620.153104
30,6,1620.153104
30,7,1495.938399
30,7,1495.938399
30,7,1495.938399
30,7,1495.938399
30,7,1495.938399
30,7,1495.938399
30,7,1495.938399
30,7,1495.938399
30,7,1495.938399
30,7,1495.938399
30,7,1495.938399
30,7,1495.938399
30,7,1495.938399
30,7,1495.938399
30,7,1495.938399
30,7,1495.938399
30,7,1495.938399
30,7,1495.938399
30,8,1438.055585
30,8,1438.055585
30,8,1438.055585
30,8,1438.055585
30,8,1438.055585
30,8,1438.055585
30,8,1438.055585
30,8,1438.055585
30,8,1438.055585
30,8,1438.055585
30,9,1369.895877
30,10,1331.342329
30,10,1331.342329
30,10,1331.342329
30,10,1331.342329
30,10,1331.342329
30,10,1331.342329
30,10,1331.342329
30,10,1331.342329
30,10,1331.342329
30,11,1289.192388
30,11,1289.192388
30,11,1289.192388
30,11,1289.192388
30,11,1289.192388
30,11,1289.192388
30,12,1278.730840
30,12,1278.730840
30,14,1265.524930
31,6,1620.153104
31,6,1620.153104
31,6,1620.153104
31,6,1620.153104
31,6,1620.153104
31,6,1620.153104
31,6,1620.153104
31,6,1620.153104
31,6,1620.153104
31,6,1620.153104
31,6,1620.153104
31,7,1495.938399
31,7,1495.938399
31,7,1495.938399
31,7,1495.938399
31,7,1495.938399
31,7,1495.938399
31,7,1495.938399
31,7,1495.938399
31,7,1495.938399
31,7,1495.938399
31,7,1495.938399
31,7,1495.938399
31,7,1495.938399
31,7,1495.938399
31,7,1495.938399
31,7,1495.938399
31,7,1495.938399
31,7,1495.938399
31,7,1495.938399
31,7,1495.938399
31,8,1438.055585
31,8,1438.055585
31,8,1438.055585
31,8,1438.055585
31,8,1438.055585
31,8,1438.055585
31,8,1438.055585
31,8,1438.055585
31,8,1438.055585
31,8,1438.055585
31,8,1438.055585
31,9,1330.544732
31,11,1289.192388
31,11,1289.192388
31,11,1289.192388
31,11,1289.192388
31,11,1289.192388
31,11,1289.192388
31,11,1289.192388
31,12,1278.730840
31,12,1278.730840
31,12,1278.730840
31,14,1265.524930
31,14,1265.524930
32,6,1620.153104
32,6,1620.153104
32,6,1620.153104
32,6,1620.153104
32,6,1620.153104
32,6,1620.153104
32,6,1620.153104
32,6,1620.153104
32,6,1620.153104
32,6,1620.153104
32,6,1620.153104
32,6,1620.153104
32,7,1462.167450
32,8,1438.055585
32,8,1438.055585
32,8,1438.055585
32,8,1438.055585
32,8,1438.055585
32,8,1438.055585
32,8,1438.055585
32,8,1438.055585
32,8,1438.055585
32,8,1438.055585
32,8,1438.055585
32,8,1438.055585
32,9,1330.544732
32,9,1330.544732
32,11,1289.192388
32,11,1289.192388
32,11,1289.192388
32,11,1289.192388
32,11,1289.192388
32,11,1289.192388
32,11,1289.192388
32,11,1289.192388
32,12,1278.730840
32,12,1278.730840
32,12,1278.730840
32,12,1278.730840
32,14,1265.524930
32,14,1265.524930
32,14,1265.524930
33,6,1620.153104
33,6,1620.153104
33,6,1620.153104
33,6,1620.153104
33,6,1620.153104
33,6,1620.153104
33,6,1620.153104
33,6,1620.153104
33,6,1620.153104
33,6,1620.153104
33,6,1620.153104
33,6,1620.153104
33,6,1620.153104
33,7,1462.167450
33,7,1462.167450
33,8,1438.055585
33,8,1438.055585
33,8,1438.055585
33,8,1438.055585
33,8,1438.055585
33,8,1438.055585
33,8,1438.055585
33,8,1438.055585
33,8,1438.055585
33,8,1438.055585
33,8,1438.055585
33,8,1438.055585
33,8,1438.055585
33,9,1330.544732
33,9,1330.544732
33,9,1330.544732
33,10,1325.622142
33,11,1289.192388
33,11,1289.192388
33,11,1289.192388
33,11,1289.192388
33,11,1289.192388
33,11,1289.192388
33,11,1289.192388
33,11,1289.192388
33,11,1289.192388
33,12,1278.730840
33,12,1278.730840
33,12,1278.730840
33,12,1278.730840
33,12,1278.730840
33,14,1263.288126
34,6,1620.153104
34,6,1620.153104
34,6,1620.153104
34,6,1620.153104
34,6,1620.153104
34,6,1620.153104
34,6,1620.153104
34,6,1620.153104
34,6,1620.153104
34,6,1620.153104
34,6,1620.153104
34,6,1620.153104
34,6,1620.153104
34,6,1620.153104
34,7,1462.167450
34,7,1462.167450
34,7,1462.167450
34,8,1438.055585
34,8,1438.055585
34,8,1438.055585
34,8,1438.055585
34,8,1438.055585
34,8,1438.055585
34,8,1438.055585
34,8,1438.055585
34,8,1438.055585
34,8,1438.055585
34,8,1438.055585
34,8,1438.055585
34,8,1438.055585
34,8,1438.055585
34,9,1330.544732
34,9,1330.544732
34,9,1330.544732
34,9,1330.544732
34,10,1325.622142
34,10,1325.622142
34,11,1289.192388
34,11,1289.192388
34,11,1289.192388
34,11,1289.192388
34,11,1289.192388
34,11,1289.192388
34,11,1289.192388
34,11,1289.192388
34,11,1289.192388
34,11,1289.192388
34,12,1278.730840
34,12,1278.730840
34,12,1278.730840
34,12,1278.730840
34,12,1278.730840
34,12,1278.730840
34,14,1263.288126
34,14,1263.288126
35,6,1620.153104
35,6,1620.153104
35,6,1620.153104
35,6,1620.153104
35,6,1620.153104
35,6,1620.153104
35,6,1620.153104
35,6,1620.153104
35,6,1620.153104
35,6,1620.153104
35,6,1620.153104
35,6,1620.153104
35,6,1620.153104
35,6,1620.153104
35,6,1620.153104
35,7,1462.167450
35,7,1462.167450
35,7,1462.167450
35,7,1462.167450
35,8,1438.055585
35,8,1438.055585
35,8,1438.055585
35,8,1438.055585
35,8,1438.055585
35,8,1438.055585
35,8,1438.055585
35,8,1438.055585
35,8,1438.055585
35,8,1438.055585
35,8,1438.055585
35,8,1438.055585
35,8,1438.055585
35,8,1438.055585
35,8,1438.055585
35,9,1330.544732
35,9,1330.544732
35,9,1330.544732
35,9,1330.544732
35,9,1330.544732
35,10,1315.552212
35,11,1268.633614
35,14,1263.288126
35,14,1263.288126
35,14,1263.288126
36,6,1620.153104
36,6,1620.153104
36,6,1620.153104
36,6,1620.153104
36,6,1620.153104
36,6,1620.153104
36,6,1620.153104
36,6,1620.153104
36,6,1620.153104
36,6,1620.153104
36,6,1620.153104
36,6,1620.153104
36,6,1620.153104
36,6,1620.153104
36,6,1620.153104
36,6,1620.153104
36,7,1462.167450
36,7,1462.167450
36,7,1462.167450
36,7,1462.167450
36,7,1462.167450
36,8,1438.055585
36,8,1438.055585
36,8,1438.055585
36,8,1438.055585
36,8,1438.055585
36,8,1438.055585
36,8,1438.055585
36,8,1438.055585
36,8,1438.055585
36,8,1438.055585
36,8,1438.055585
36,8,1438.055585
36,8,1438.055585
36,8,1438.055585
36,8,1438.055585
36,8,1438.055585
36,9,1330.544732
36,9,1330.544732
36,9,1330.544732
36,9,1330.544732
36,9,1330.544732
36,9,1330.544732
36,10,1315.552212
36,10,1315.552212
36,11,1268.633614
36,11,1268.633614
36,14,1263.288126
36,14,1263.288126
36,14,1263.288126
36,14,1263.288126
37,6,1620.153104
37,6,1620.153104
37,6,1620.153104
37,6,1620.153104
37,6,1620.153104
37,6,1620.153104
37,6,1620.153104
37,6,1620.153104
37,6,1620.153104
37,6,1620.153104
37,6,1620.153104
37,6,1620.153104
37,6,1620.153104
37,6,1620.153104
37,6,1620.153104
37,6,1620.153104
37,6,1620.153104
37,7,1462.167450
37,7,1462.167450
37,7,1462.167450
37,7,1462.167450
37,7,1462.167450
37,7,1462.167450
37,8,1424.902906
37,9,1330.544732
37,9,1330.544732
37,9,1330.544732
37,9,1330.544732
37,9,1330.544732
37,9,1330.544732
37,9,1330.544732
37,10,1315.552212
37,10,1315.552212
37,10,1315.552212
37,11,1268.633614
37,11,1268.633614
37,11,1268.633614
37,14,1263.288126
37,14,1263.288126
37,14,1263.288126
37,14,1263.288126
37,14,1263.288126
38,6,1620.153104
38,6,1620.153104
38,6,1620.153104
38,6,1620.153104
38,6,1620.153104
38,6,1620.153104
38,6,1620.153104
38,6,1620.153104
38,6,1620.153104
38,6,1620.153104
38,6,1620.153104
38,6,1620.153104
38,6,1620.153104
38,6,1620.153104
38,6,1620.153104
38,6,1620.153104
38,6,1620.153104
38,6,1620.153104
38,7,1462.167450
38,7,1462.167450
38,7,1462.167450
38,7,1462.167450
38,7,1462.167450
38,7,1462.167450
38,7,1462.167450
38,8,1420.789323
38,9,1330.544732
38,9,1330.544732
38,9,1330.544732
38,9,1330.544732
38,9,1330.544732
38,9,1330.544732
38,9,1330.544732
38,9,1330.544732
38,10,1315.552212
38,10,1315.552212
38,10,1315.552212
38,10,1315.552212
38,11,1268.633614
38,11,1268.633614
38,11,1268.633614
38,11,1268.633614
38,14,1263.288126
38,14,1263.288126
38,14,1263.288126
38,14,1263.288126
38,14,1263.288126
38,14,1263.288126
39,6,1620.153104
39,6,1620.153104
39,6,1620.153104
39,6,1620.153104
39,6,1620.153104
39,6,1620.153104
39,6,1620.153104
39,6,1620.153104
39,6,1620.153104
39,6,1620.153104
39,6,1620.153104
39,6,1620.153104
39,6,1620.153104
39,6,1620.153104
39,6,1620.153104
39,6,1620.153104
39,6,1620.153104
39,6,1620.153104
39,6,1620.153104
39,7,1462.167450
39,7,1462.167450
39,7,1462.167450
39,7,1462.167450
39,7,1462.167450
39,7,1462.167450
39,7,1462.167450
39,7,1462.167450
39,8,1420.789323
39,8,1420.789323
39,9,1330.544732
39,9,1330.544732
39,9,1330.544732
39,9,1330.544732
39,9,1330.544732
39,9,1330.544732
39,9,1330.544732
39,9,1330.544732
39,9,1330.544732
39,10,1315.552212
39,10,1315.552212
39,10,1315.552212
39,10,1315.552212
39,10,1315.552212
39,11,1268.633614
39,11,1268.633614
39,11,1268.633614
39,11,1268.633614
39,11,1268.633614
39,14,1263.288126
39,14,1263.288126
39,14,1263.288126
39,14,1263.288126
39,14,1263.288126
39,14,1263.288126
39,14,1263.288126
40,6,1620.153104
40,6,1620.153104
40,6,1620.153104
40,6,1620.153104
40,6,1620.153104
40,6,1620.153104
40,6,1620.153104
40,6,1620.153104
40,6,1620.153104
40,6,1620.153104
40,6,1620.153104
40,6,1620.153104
40,6,1620.153104
40,6,1620.153104
40,6,1620.153104
40,6,1620.153104
40,6,1620.153104
40,6,1620.153104
40,6,1620.153104
40,6,1620.153104
40,7,1462.167450
40,7,1462.167450
40,7,1462.167450
40,7,1462.167450
40,7,1462.167450
40,7,1462.167450
40,7,1462.167450
40,7,1462.167450
40,7,1462.167450
40,8,1420.789323
40,8,1420.789323
40,8,1420.789323
40,9,1330.544732
40,9,1330.544732
40,9,1330.544732
40,9,1330.544732
40,9,1330.544732
40,9,1330.544732
40,9,1330.544732
40,9,1330.544732
40,9,1330.544732
40,9,1330.544732
40,10,1315.552212
40,10,1315.552212
40,10,1315.552212
40,10,1315.552212
40,10,1315.552212
40,10,1315.552212
40,11,1257.457686
41,6,1620.153104
41,6,1620.153104
41,6,1620.153104
41,6,1620.153104
41,6,1620.153104
41,6,1620.153104
41,6,1620.153104
41,6,1620.153104
41,6,1620.153104
41,6,1620.153104
41,6,1620.153104
41,6,1620.153104
41,6,1620.153104
41,6,1620.153104
41,6,1620.153104
41,6,1620.153104
41,6,1620.153104
41,6,1620.153104
41,6,1620.153104
41,6,1620.153104
41,6,1620.153104
41,7,1462.167450
41,7,1462.167450
41,7,1462.167450
41,7,1462.167450
41,7,1462.167450
41,7,1462.167450
41,7,1462.167450
41,7,1462.167450
41,7,1462.167450
41,7,1462.167450
41,8,1420.789323
41,8,1420.789323
41,8,1420.789323
41,8,1420.789323
41,9,1325.994951
41,10,1315.552212
41,10,1315.552212
41,10,1315.552212
41,10,1315.552212
41,10,1315.552212
41,10,1315.552212
41,10,1315.552212
41,11,1257.457686
41,11,1257.457686
42,6,1620.153104
42,6,1620.153104
42,6,1620.153104
42,6,1620.153104
42,6,1620.153104
42,6,1620.153104
42,6,1620.153104
42,6,1620.153104
42,6,1620.153104
42,6,1620.153104
42,6,1620.153104
42,6,1620.153104
42,6,1620.153104
42,6,1620.153104
42,6,1620.153104
42,6,1620.153104
42,6,1620.153104
42,6,1620.153104
42,6,1620.153104
42,6,1620.153104
42,6,1620.153104
42,6,1620.153104
42,7,1462.111552
42,8,1420.789323
42,8,1420.789323
42,8,1420.789323
42,8,1420.789323
42,8,1420.789323
42,9,1312.145266
42,10,1306.487459
42,11,1257.457686
42,11,1257.457686
42,11,1257.457686
43,6,1620.153104
43,6,1620.153104
43,6,1620.153104
43,6,1620.153104
43,6,1620.153104
43,6,1620.153104
43,6,1620.153104
43,6,1620.153104
43,6,1620.153104
43,6,1620.153104
43,6,1620.153104
43,6,1620.153104
43,6,1620.153104
43,6,1620.153104
43,6,1620.153104
43,6,1620.153104
43,6,1620.153104
43,6,1620.153104
43,6,1620.153104
43,6,1620.153104
43,6,1620.153104
43,6,1620.153104
43,6,1620.153104
43,7,1462.111552
43,7,1462.111552
43,8,1420.789323
43,8,1420.789323
43,8,1420.789323
43,8,1420.789323
43,8,1420.789323
43,8,1420.789323
43,9,1295.150981
43,11,1257.457686
43,11,1257.457686
43,11,1257.457686
43,11,1257.457686
44,6,1593.058259
44,7,1462.111552
44,7,1462.111552
44,7,1462.111552
44,8,1420.789323
44,8,1420.789323
44,8,1420.789323
44,8,1420.789323
44,8,1420.789323
44,8,1420.789323
44,8,1420.789323
44,9,1295.150981
44,9,1295.150981
44,11,1256.399511
45,6,1593.058259
45,6,1593.058259
45,7,1436.079580
45,8,1420.789323
45,8,1420.789323
45,8,1420.789323
45,8,1420.789323
45,8,1420.789323
45,8,1420.789323
45,8,1420.789323
45,8,1420.789323
45,9,1295.150981
45,9,1295.150981
45,9,1295.150981
45,11,1256.399511
45,11,1256.399511
46,6,1593.058259
46,6,1593.058259
46,6,1593.058259
46,7,1436.079580
46,7,1436.079580
46,8,1420.789323
46,8,1420.789323
46,8,1420.789323
46,8,1420.789323
46,8,1420.789323
46,8,1420.789323
46,8,1420.789323
46,8,1420.789323
46,8,1420.789323
46,9,1295.150981
46,9,1295.150981
46,9,1295.150981
46,9,1295.150981
46,11,1256.399511
46,11,1256.399511
46,11,1256.399511
47,6,1593.058259
47,6,1593.058259
47,6,1593.058259
47,6,1593.058259
47,7,1436.079580
47,7,1436.079580
47,7,1436.079580
47,8,1403.319074
47,9,1295.150981
47,9,1295.150981
47,9,1295.150981
47,9,1295.150981
47,9,1295.150981
47,11,1256.399511
47,11,1256.399511
47,11,1256.399511
47,11,1256.399511
48,6,1593.058259
48,6,1593.058259
48,6,1593.058259
48,6,1593.058259
48,6,1593.058259
48,7,1435.968984
48,8,1403.319074
48,8,1403.319074
48,9,1295.150981
48,9,1295.150981
48,9,1295.150981
48,9,1295.150981
48,9,1295.150981
48,9,1295.150981
48,11,1256.399511
48,11,1256.399511
48,11,1256.399511
48,11,1256.399511
48,11,1256.399511
49,6,1593.058259
49,6,1593.058259
49,6,1593.058259
49,6,1593.058259
49,6,1593.058259
49,6,1593.058259
49,7,1435.968984
49,7,1435.968984
49,8,1403.319074
49,8,1403.319074
49,8,1403.319074
49,9,1295.150981
49,9,1295.150981
49,9,1295.150981
49,9,1295.150981
49,9,1295.150981
49,9,1295.150981
49,9,1295.150981
49,11,1256.399511
49,11,1256.399511
49,11,1256.399511
49,11,1256.399511
49,11,1256.399511
49,11,1256.399511
50,6,1593.058259
50,6,1593.058259
50,6,1593.058259
50,6,1593.058259
50,6,1593.058259
50,6,1593.058259
50,6,1593.058259
50,7,1435.968984
50,7,1435.968984
50,7,1435.968984
50,8,1403.319074
50,8,1403.319074
50,8,1403.319074
50,8,1403.319074
50,9,1295.150981
50,9,1295.150981
50,9,1295.150981
50,9,1295.150981
50,9,1295.150981
50,9,1295.150981
50,9,1295.150981
50,9,1295.150981
50,10,1281.792646
50,11,1256.399511
50,11,1256.399511
50,11,1256.399511
50,11,1256.399511
50,11,1256.399511
50,11,1256.399511
50,11,1256.399511
51,6,1546.986962
51,7,1435.968984
51,7,1435.968984
51,7,1435.968984
51,7,1435.968984
51,8,1383.078305
51,9,1295.150981
51,9,1295.150981
51,9,1295.150981
51,9,1295.150981
51,9,1295.150981
51,9,1295.150981
51,9,1295.150981
51,9,1295.150981
51,9,1295.150981
51,10,1281.792646
51,10,1281.792646
51,11,1256.399511
51,11,1256.399511
51,11,1256.399511
51,11,1256.399511
51,11,1256.399511
51,11,1256.399511
51,11,1256.399511
51,11,1256.399511
52,6,1546.986962
52,6,1546.986962
52,7,1435.968984
52,7,1435.968984
52,7,1435.968984
52,7,1435.968984
52,7,1435.968984
52,8,1383.078305
52,8,1383.078305
52,9,1295.150981
52,9,1295.150981
52,9,1295.150981
52,9,1295.150981
52,9,1295.150981
52,9,1295.150981
52,9,1295.150981
52,9,1295.150981
52,9,1295.150981
52,9,1295.150981
52,10,1281.792646
52,10,1281.792646
52,10,1281.792646
52,11,1256.399511
52,11,1256.399511
52,11,1256.399511
52,11,1256.399511
52,11,1256.399511
52,11,1256.399511
52,11,1256.399511
52,11,1256.399511
52,11,1256.399511
53,6,1546.986962
53,6,1546.986962
53,6,1546.986962
53,7,1435.968984
53,7,1435.968984
53,7,1435.968984
53,7,1435.968984
53,7,1435.968984
53,7,1435.968984
53,7,1435.968984
53,8,1383.078305
53,8,1383.078305
53,8,1383.078305
53,9,1295.150981
53,9,1295.150981
53,9,1295.150981
53,9,1295.150981
53,9,1295.150981
53,9,1295.150981
53,9,1295.150981
53,9,1295.150981
53,9,1295.150981
53,9,1295.150981
53,9,1295.150981
53,10,1281.792646
53,10,1281.792646
53,10,1281.792646
53,10,1281.792646
53,11,1256.399511
53,11,1256.399511
53,11,1256.399511
53,11,1256.399511
53,11,1256.399511
53,11,1256.399511
53,11,1256.399511
53,11,1256.399511
53,11,1256.399511
53,11,1256.399511
54,6,1546.986962
54,6,1546.986962
54,6,1546.986962
54,6,1546.986962
54,7,1435.968984
54,7,1435.968984
54,7,1435.968984
54,7,1435.968984
54,7,1435.968984
54,7,1435.968984
54,7,1435.968984
54,7,1435.968984
54,7,1435.968984
54,8,1383.078305
54,8,1383.078305
54,8,1383.078305
54,8,1383.078305
54,9,1295.150981
54,9,1295.150981
54,9,1295.150981
54,9,1295.150981
54,9,1295.150981
54,9,1295.150981
54,9,1295.150981
54,9,1295.150981
54,9,1295.150981
54,9,1295.150981
54,9,1295.150981
54,9,1295.150981
54,10,1271.699862
54,11,1256.399511
54,11,1256.399511
54,11,1256.399511
54,11,1256.399511
54,11,1256.399511
54,11,1256.399511
54,11,1256.399511
54,11,1256.399511
54,11,1256.399511
54,11,1256.399511
54,11,1256.399511
55,6,1546.986962
55,6,1546.986962
55,6,1546.986962
55,6,1546.986962
55,6,1546.986962
55,7,1410.047284
55,8,1382.457909
55,9,1295.150981
55,9,1295.150981
55,9,1295.150981
55,9,1295.150981
55,9,1295.150981
55,9,1295.150981
55,9,1295.150981
55,9,1295.150981
55,9,1295.150981
55,9,1295.150981
55,9,1295.150981
55,9,1295.150981
55,9,1295.150981
55,10,1271.699862
55,10,1271.699862
55,11,1256.399511
55,11,1256.399511
55,11,1256.399511
55,11,1256.399511
55,11,1256.399511
55,11,1256.399511
55,11,1256.399511
55,11,1256.399511
55,11,1256.399511
55,11,1256.399511
55,11,1256.399511
55,11,1256.399511
56,6,1546.986962
56,6,1546.986962
56,6,1546.986962
56,6,1546.986962
56,6,1546.986962
56,6,1546.986962
56,7,1410.047284
56,7,1410.047284
56,8,1345.067782
56,9,1295.150981
56,9,1295.150981
56,9,1295.150981
56,9,1295.150981
56,9,1295.150981
56,9,1295.150981
56,9,1295.150981
56,9,1295.150981
56,9,1295.150981
56,9,1295.150981
56,9,1295.150981
56,9,1295.150981
56,9,1295.150981
56,9,1295.150981
56,10,1271.699862
56,10,1271.699862
56,10,1271.699862
56,11,1256.399511
56,11,1256.399511
56,11,1256.399511
56,11,1256.399511
56,11,1256.399511
56,11,1256.399511
56,11,1256.399511
56,11,1256.399511
56,11,1256.399511
56,11,1256.399511
56,11,1256.399511
56,11,1256.399511
56,11,1256.399511
57,6,1546.986962
57,6,1546.986962
57,6,1546.986962
57,6,1546.986962
57,6,1546.986962
57,6,1546.986962
57,6,1546.986962
57,7,1410.047284
57,7,1410.047284
57,7,1410.047284
57,8,1345.067782
57,8,1345.067782
57,9,1295.150981
57,9,1295.150981
57,9,1295.150981
57,9,1295.150981
57,9,1295.150981
57,9,1295.150981
57,9,1295.150981
57,9,1295.150981
57,9,1295.150981
57,9,1295.150981
57,9,1295.150981
57,9,1295.150981
57,9,1295.150981
57,9,1295.150981
57,9,1295.150981
57,10,1271.699862
57,10,1271.699862
57,10,1271.699862
57,10,1271.699862
57,11,1256.399511
57,11,1256.399511
57,11,1256.399511
57,11,1256.399511
57,11,1256.399511
57,11,1256.399511
57,11,1256.399511
57,11,1256.399511
57,11,1256.399511
57,11,1256.399511
57,11,1256.399511
57,11,1256.399511
57,11,1256.399511
57,11,1256.399511
57,12,1250.591388
58,6,1546.986962
58,6,1546.986962
58,6,1546.986962
58,6,1546.986962
58,6,1546.986962
58,6,1546.986962
58,6,1546.986962
58,6,1546.986962
58,7,1410.047284
58,7,1410.047284
58,7,1410.047284
58,7,1410.047284
58,8,1345.067782
58,8,1345.067782
58,8,1345.067782
58,9,1295.150981
58,9,1295.150981
58,9,1295.150981
58,9,1295.150981
58,9,1295.150981
58,9,1295.150981
58,9,1295.150981
58,9,1295.150981
58,9,1295.150981
58,9,1295.150981
58,9,1295.150981
58,9,1295.150981
58,9,1295.150981
58,9,1295.150981
58,9,1295.150981
58,9,1295.150981
58,10,1271.699862
58,10,1271.699862
58,10,1271.699862
58,10,1271.699862
58,10,1271.699862
58,11,1256.399511
58,11,1256.399511
58,11,1256.399511
58,11,1256.399511
58,11,1256.399511
58,11,1256.399511
58,11,1256.399511
58,11,1256.399511
58,11,1256.399511
58,11,1256.399511
58,11,1256.399511
58,11,1256.399511
58,11,1256.399511
58,11,1256.399511
58,11,1256.399511
58,12,1250.591388
58,12,1250.591388
59,6,1546.986962
59,6,1546.986962
59,6,1546.986962
59,6,1546.986962
59,6,1546.986962
59,6,1546.986962
59,6,1546.986962
59,6,1546.986962
59,6,1546.986962
59,7,1410.047284
59,7,1410.047284
59,7,1410.047284
59,7,1410.047284
59,7,1410.047284
59,8,1345.067782
59,8,1345.067782
59,8,1345.067782
59,8,1345.067782
59,9,1295.150981
59,9,1295.150981
59,9,1295.150981
59,9,1295.150981
59,9,1295.150981
59,9,1295.150981
59,9,1295.150981
59,9,1295.150981
59,9,1295.150981
59,9,1295.150981
59,9,1295.150981
59,9,1295.150981
59,9,1295.150981
59,9,1295.150981
59,9,1295.150981
59,9,1295.150981
59,9,1295.150981
59,10,1271.699862
59,10,1271.699862
59,10,1271.699862
59,10,1271.699862
59,10,1271.699862
59,10,1271.699862
59,11,1241.361788
60,6,1546.986962
60,6,1546.986962
60,6,1546.986962
60,6,1546.986962
60,6,1546.986962
60,6,1546.986962
60,6,1546.986962
60,6,1546.986962
60,6,1546.986962
60,6,1546.986962
60,7,1410.047284
60,7,1410.047284
60,7,1410.047284
60,7,1410.047284
60,7,1410.047284
60,7,1410.047284
60,8,1316.576713
60,9,1295.150981
60,9,1295.150981
60,9,1295.150981
60,9,1295.150981
60,9,1295.150981
60,9,1295.150981
60,9,1295.150981
60,9,1295.150981
60,9,1295.150981
60,9,1295.150981
60,9,1295.150981
60,9,1295.150981
60,9,1295.150981
60,9,1295.150981
60,9,1295.150981
60,9,1295.150981
60,9,1295.150981
60,9,1295.150981
60,10,1257.888271
60,11,1241.361788
60,11,1241.361788
61,6,1546.986962
61,6,1546.986962
61,6,1546.986962
61,6,1546.986962
61,6,1546.986962
61,6,1546.986962
61,6,1546.986962
61,6,1546.986962
61,6,1546.986962
61,6,1546.986962
61,6,1546.986962
61,7,1410.047284
61,7,1410.047284
61,7,1410.047284
61,7,1410.047284
61,7,1410.047284
61,7,1410.047284
61,7,1410.047284
61,8,1316.576713
61,8,1316.576713
61,9,1295.150981
61,9,1295.150981
61,9,1295.150981
61,9,1295.150981
61,9,1295.150981
61,9,1295.150981
61,9,1295.150981
61,9,1295.150981
61,9,1295.150981
61,9,1295.150981
61,9,1295.150981
61,9,1295.150981
61,9,1295.150981
61,9,1295.150981
61,9,1295.150981
61,9,1295.150981
61,9,1295.150981
61,9,1295.150981
61,9,1295.150981
61,10,1257.888271
61,10,1257.888271
61,11,1241.361788
61,11,1241.361788
61,11,1241.361788
62,6,1546.986962
62,6,1546.986962
62,6,1546.986962
62,6,1546.986962
62,6,1546.986962
62,6,1546.986962
62,6,1546.986962
62,6,1546.986962
62,6,1546.986962
62,6,1546.986962
62,6,1546.986962
62,6,1546.986962
62,7,1410.047284
62,7,1410.047284
62,7,1410.047284
62,7,1410.047284
62,7,1410.047284
62,7,1410.047284
62,7,1410.047284
62,7,1410.047284
62,8,1316.576713
62,8,1316.576713
62,8,1316.576713
62,9,1295.150981
62,9,1295.150981
62,9,1295.150981
62,9,1295.150981
62,9,1295.150981
62,9,1295.150981
62,9,1295.150981
62,9,1295.150981
62,9,1295.150981
62,9,1295.150981
62,9,1295.150981
62,9,1295.150981
62,9,1295.150981
62,9,1295.150981
62,9,1295.150981
62,9,1295.150981
62,9,1295.150981
62,9,1295.150981
62,9,1295.150981
62,9,1295.150981
62,10,1222.599784
63,6,1546.986962
63,6,1546.986962
63,6,1546.986962
63,6,1546.986962
63,6,1546.986962
63,6,1546.986962
63,6,1546.986962
63,6,1546.986962
63,6,1546.986962
63,6,1546.986962
63,6,1546.986962
63,6,1546.986962
63,6,1546.986962
63,7,1410.047284
63,7,1410.047284
63,7,1410.047284
63,7,1410.047284
63,7,1410.047284
63,7,1410.047284
63,7,1410.047284
63,7,1410.047284
63,7,1410.047284
63,8,1316.576713
63,8,1316.576713
63,8,1316.576713
63,8,1316.576713
63,9,1295.150981
63,9,1295.150981
63,9,1295.150981
63,9,1295.150981
63,9,1295.150981
63,9,1295.150981
63,9,1295.150981
63,9,1295.150981
63,9,1295.150981
63,9,1295.150981
63,9,1295.150981
63,9,1295.150981
63,9,1295.150981
63,9,1295.150981
63,9,1295.150981
63,9,1295.150981
63,9,1295.150981
63,9,1295.150981
63,9,1295.150981
63,9,1295.150981
63,9,1295.150981
63,10,1222.599784
63,10,1222.599784
64,6,1546.986962
64,6,1546.986962
64,6,1546.986962
64,6,1546.986962
64,6,1546.986962
64,6,1546.986962
64,6,1546.986962
64,6,1546.986962
64,6,1546.986962
64,6,1546.986962
64,6,1546.986962
64,6,1546.986962
64,6,1546.986962
64,6,1546.986962
64,7,1410.047284
64,7,1410.047284
64,7,1410.047284
64,7,1410.047284
64,7,1410.047284
64,7,1410.047284
64,7,1410.047284
64,7,1410.047284
64,7,1410.047284
64,7,1410.047284
64,8,1316.576713
64,8,1316.576713
64,8,1316.576713
64,8,1316.576713
64,8,1316.576713
64,9,1295.150981
64,9,1295.150981
64,9,1295.150981
64,9,1295.150981
64,9,1295.150981
64,9,1295.150981
64,9,1295.150981
64,9,1295.150981
64,9,1295.150981
64,9,1295.150981
64,9,1295.150981
64,9,1295.150981
64,9,1295.150981
64,9,1295.150981
64,9,1295.150981
64,9,1295.150981
64,9,1295.150981
64,9,1295.150981
64,9,1295.150981
64,9,1295.150981
64,9,1295.150981
64,9,1295.150981
64,10,1222.599784
64,10,1222.599784
64,10,1222.599784
65,6,1546.986962
65,6,1546.986962
65,6,1546.986962
65,6,1546.986962
65,6,1546.986962
65,6,1546.986962
65,6,1546.986962
65,6,1546.986962
65,6,1546.986962
65,6,1546.986962
65,6,1546.986962
65,6,1546.986962
65,6,1546.986962
65,6,1546.986962
65,6,1546.986962
65,7,1410.047284
65,7,1410.047284
65,7,1410.047284
65,7,1410.047284
65,7,1410.047284
65,7,1410.047284
65,7,1410.047284
65,7,1410.047284
65,7,1410.047284
65,7,1410.047284
65,7,1410.047284
65,8,1316.576713
65,8,1316.576713
65,8,1316.576713
65,8,1316.576713
65,8,1316.576713
65,8,1316.576713
65,9,1295.150981
65,9,1295.150981
65,9,1295.150981
65,9,1295.150981
65,9,1295.150981
65,9,1295.150981
65,9,1295.150981
65,9,1295.150981
65,9,1295.150981
65,9,1295.150981
65,9,1295.150981
65,9,1295.150981
65,9,1295.150981
65,9,1295.150981
65,9,1295.150981
65,9,1295.150981
65,9,1295.150981
65,9,1295.150981
65,9,1295.150981
65,9,1295.150981
65,9,1295.150981
65,9,1295.150981
65,9,1295.150981
65,10,1222.599784
65,10,1222.599784
65,10,1222.599784
65,10,1222.599784
66,6,1546.986962
66,6,1546.986962
66,6,1546.986962
66,6,1546.986962
66,6,1546.986962
66,6,1546.986962
66,6,1546.986962
66,6,1546.986962
66,6,1546.986962
66,6,1546.986962
66,6,1546.986962
66,6,1546.986962
66,6,1546.986962
66,6,1546.986962
66,6,1546.986962
66,6,1546.986962
66,7,1410.047284
66,7,1410.047284
66,7,1410.047284
66,7,1410.047284
66,7,1410.047284
66,7,1410.047284
66,7,1410.047284
66,7,1410.047284
66,7,1410.047284
66,7,1410.047284
66,7,1410.047284
66,7,1410.047284
66,8,1316.576713
66,8,1316.576713
66,8,1316.576713
66,8,1316.576713
66,8,1316.576713
66,8,1316.576713
66,8,1316.576713
66,9,1272.949881
66,10,1222.599784
66,10,1222.599784
66,10,1222.599784
66,10,1222.599784
66,10,1222.599784
67,6,1546.986962
67,6,1546.986962
67,6,1546.986962
67,6,1546.986962
67,6,1546.986962
67,6,1546.986962
67,6,1546.986962
67,6,1546.986962
67,6,1546.986962
67,6,1546.986962
67,6,1546.986962
67,6,1546.986962
67,6,1546.986962
67,6,1546.986962
67,6,1546.986962
67,6,1546.986962
67,6,1546.986962
67,7,1410.047284
67,7,1410.047284
67,7,1410.047284
67,7,1410.047284
67,7,1410.047284
67,7,1410.047284
67,7,1410.047284
67,7,1410.047284
67,7,1410.047284
67,7,1410.047284
67,7,1410.047284
67,7,1410.047284
67,7,1410.047284
67,8,1316.576713
67,8,1316.576713
67,8,1316.576713
67,8,1316.576713
67,8,1316.576713
67,8,1316.576713
67,8,1316.576713
67,8,1316.576713
67,9,1272.949881
67,9,1272.949881
67,10,1222.599784
67,10,1222.599784
67,10,1222.599784
67,10,1222.599784
67,10,1222.599784
67,10,1222.599784
68,6,1546.986962
68,6,1546.986962
68,6,1546.986962
68,6,1546.986962
68,6,1546.986962
68,6,1546.986962
68,6,1546.986962
68,6,1546.986962
68,6,1546.986962
68,6,1546.986962
68,6,1546.986962
68,6,1546.986962
68,6,1546.986962
68,6,1546.986962
68,6,1546.986962
68,6,1546.986962
68,6,1546.986962
68,6,1546.986962
68,7,1410.047284
68,7,1410.047284
68,7,1410.047284
68,7,1410.047284
68,7,1410.047284
68,7,1410.047284
68,7,1410.047284
68,7,1410.047284
68,7,1410.047284
68,7,1410.047284
68,7,1410.047284
68,7,1410.047284
68,7,1410.047284
68,7,1410.047284
68,8,1316.576713
68,8,1316.576713
68,8,1316.576713
68,8,1316.576713
68,8,1316.576713
68,8,1316.576713
68,8,1316.576713
68,8,1316.576713
68,8,1316.576713
68,9,1272.949881
68,9,1272.949881
68,9,1272.949881
68,10,1222.599784
68,10,1222.599784
68,10,1222.599784
68,10,1222.599784
68,10,1222.599784
68,10,1222.599784
68,10,1222.599784
69,6,1546.986962
69,6,1546.986962
69,6,1546.986962
69,6,1546.986962
69,6,1546.986962
69,6,1546.986962
69,6,1546.986962
69,6,1546.986962
69,6,1546.986962
69,6,1546.986962
69,6,1546.986962
69,6,1546.986962
69,6,1546.986962
69,6,1546.986962
69,6,1546.986962
69,6,1546.986962
69,6,1546.986962
69,6,1546.986962
69,6,1546.986962
69,6,1546.986962
69,7,1410.047284
69,7,1410.047284
69,7,1410.047284
69,7,1410.047284
69,7,1410.047284
69,7,1410.047284
69,7,1410.047284
69,7,1410.047284
69,7,1410.047284
69,7,1410.047284
69,7,1410.047284
69,7,1410.047284
69,7,1410.047284
69,7,1410.047284
69,7,1410.047284
69,8,1316.576713
69,8,1316.576713
69,8,1316.576713
69,8,1316.576713
69,8,1316.576713
69,8,1316.576713
69,8,1316.576713
69,8,1316.576713
69,8,1316.576713
69,8,1316.576713
69,9,1272.949881
69,9,1272.949881
69,9,1272.949881
69,9,1272.949881
69,10,1222.599784
69,10,1222.599784
69,10,1222.599784
69,10,1222.599784
69,10,1222.599784
69,10,1222.599784
69,10,1222.599784
69,10,1222.599784
70,6,1546.986962
70,6,1546.986962
70,6,1546.986962
70,6,1546.986962
70,6,1546.986962
70,6,1546.986962
70,6,1546.986962
70,6,1546.986962
70,6,1546.986962
70,6,1546.986962
70,6,1546.986962
70,6,1546.986962
70,6,1546.986962
70,6,1546.986962
70,6,1546.986962
70,6,1546.986962
70,6,1546.986962
70,6,1546.986962
70,6,1546.986962
70,6,1546.986962
70,6,1546.986962
70,6,1546.986962
70,7,1410.047284
70,7,1410.047284
70,7,1410.047284
70,7,1410.047284
70,7,1410.047284
70,7,1410.047284
70,7,1410.047284
70,7,1410.047284
70,7,1410.047284
70,7,1410.047284
70,7,1410.047284
70,7,1410.047284
70,7,1410.047284
70,7,1410.047284
70,7,1410.047284
70,7,1410.047284
70,8,1316.576713
70,8,1316.576713
70,8,1316.576713
70,8,1316.576713
70,8,1316.576713
70,8,1316.576713
70,8,1316.576713
70,8,1316.576713
70,8,1316.576713
70,8,1316.576713
70,8,1316.576713
70,9,1272.949881
70,9,1272.949881
70,9,1272.949881
70,9,1272.949881
70,9,1272.949881
70,10,1222.599784
70,10,1222.599784
70,10,1222.599784
70,10,1222.599784
70,10,1222.599784
70,10,1222.599784
70,10,1222.599784
70,10,1222.599784
70,10,1222.599784
71,6,1546.986962
71,6,1546.986962
71,6,1546.986962
71,6,1546.986962
71,6,1546.986962
71,6,1546.986962
71,6,1546.986962
71,6,1546.986962
71,6,1546.986962
71,6,1546.986962
71,6,1546.986962
71,6,1546.986962
71,6,1546.986962
71,6,1546.986962
71,6,1546.986962
71,6,1546.986962
71,6,1546.986962
71,6,1546.986962
71,6,1546.986962
71,6,1546.986962
71,6,1546.986962
71,6,1546.986962
71,6,1546.986962
71,6,1546.986962
71,7,1393.945172
71,8,1316.576713
71,8,1316.576713
71,8,1316.576713
71,8,1316.576713
71,8,1316.576713
71,8,1316.576713
71,8,1316.576713
71,8,1316.576713
71,8,1316.576713
71,8,1316.576713
71,8,1316.576713
71,8,1316.576713
71,9,1272.949881
71,9,1272.949881
71,9,1272.949881
71,9,1272.949881
71,9,1272.949881
71,9,1272.949881
71,10,1222.599784
71,10,1222.599784
71,10,1222.599784
71,10,1222.599784
71,10,1222.599784
71,10,1222.599784
71,10,1222.599784
71,10,1222.599784
71,10,1222.599784
71,10,1222.599784
72,6,1546.986962
72,6,1546.986962
72,6,1546.986962
72,6,1546.986962
72,6,1546.986962
72,6,1546.986962
72,6,1546.986962
72,6,1546.986962
72,6,1546.986962
72,6,1546.986962
72,6,1546.986962
72,6,1546.986962
72,6,1546.986962
72,6,1546.986962
72,6,1546.986962
72,6,1546.986962
72,6,1546.986962
72,6,1546.986962
72,6,1546.986962
72,6,1546.986962
72,6,1546.986962
72,6,1546.986962
72,6,1546.986962
72,6,1546.986962
72,6,1546.986962
72,6,1546.986962
72,7,1393.945172
72,7,1393.945172
72,8,1316.576713
72,8,1316.576713
72,8,1316.576713
72,8,1316.576713
72,8,1316.576713
72,8,1316.576713
72,8,1316.576713
72,8,1316.576713
72,8,1316.576713
72,8,1316.576713
72,8,1316.576713
72,8,1316.576713
72,8,1316.576713
72,9,1272.949881
72,9,1272.949881
72,9,1272.949881
72,9,1272.949881
72,9,1272.949881
72,9,1272.949881
72,9,1272.949881
72,10,1222.599784
72,10,1222.599784
72,10,1222.599784
72,10,1222.599784
72,10,1222.599784
72,10,1222.599784
72,10,1222.599784
72,10,1222.599784
72,10,1222.599784
72,10,1222.599784
72,10,1222.599784
73,6,1425.847324
73,7,1393.945172
73,7,1393.945172
73,7,1393.945172
73,8,1316.576713
73,8,1316.576713
73,8,1316.576713
73,8,1316.576713
73,8,1316.576713
73,8,1316.576713
73,8,1316.576713
73,8,1316.576713
73,8,1316.576713
73,8,1316.576713
73,8,1316.576713
73,8,1316.576713
73,8,1316.576713
73,8,1316.576713
73,9,1272.949881
73,9,1272.949881
73,9,1272.949881
73,9,1272.949881
73,9,1272.949881
73,9,1272.949881
73,9,1272.949881
73,9,1272.949881
73,10,1222.599784
73,10,1222.599784
73,10,1222.599784
73,10,1222.599784
73,10,1222.599784
73,10,1222.599784
73,10,1222.599784
73,10,1222.599784
73,10,1222.599784
73,10,1222.599784
73,10,1222.599784
73,10,1222.599784
74,6,1425.847324
74,6,1425.847324
74,7,1393.945172
74,7,1393.945172
74,7,1393.945172
74,7,1393.945172
74,8,1316.576713
74,8,1316.576713
74,8,1316.576713
74,8,1316.576713
74,8,1316.576713
74,8,1316.576713
74,8,1316.576713
74,8,1316.576713
74,8,1316.576713
74,8,1316.576713
74,8,1316.576713
74,8,1316.576713
74,8,1316.576713
74,8,1316.576713
74,8,1316.576713
74,9,1272.949881
74,9,1272.949881
74,9,1272.949881
74,9,1272.949881
74,9,1272.949881
74,9,1272.949881
74,9,1272.949881
74,9,1272.949881
74,9,1272.949881
74,10,1222.599784
74,10,1222.599784
74,10,1222.599784
74,10,1222.599784
74,10,1222.599784
74,10,1222.599784
74,10,1222.599784
74,10,1222.599784
74,10,1222.599784
74,10,1222.599784
74,10,1222.599784
74,10,1222.599784
74,10,1222.599784
75,6,1425.847324
75,6,1425.847324
75,6,1425.847324
75,7,1377.292689
75,8,1314.755109
75,9,1272.949881
75,9,1272.949881
75,9,1272.949881
75,9,1272.949881
75,9,1272.949881
75,9,1272.949881
75,9,1272.949881
75,9,1272.949881
75,9,1272.949881
75,9,1272.949881
75,10,1222.599784
75,10,1222.599784
75,10,1222.599784
75,10,1222.599784
75,10,1222.599784
75,10,1222.599784
75,10,1222.599784
75,10,1222.599784
75,10,1222.599784
75,10,1222.599784
75,10,1222.599784
75,10,1222.599784
75,10,1222.599784
75,10,1222.599784
76,6,1425.847324
76,6,1425.847324
76,6,1425.847324
76,6,1425.847324
76,7,1377.292689
76,7,1377.292689
76,8,1314.755109
76,8,1314.755109
76,9,1272.949881
76,9,1272.949881
76,9,1272.949881
76,9,1272.949881
76,9,1272.949881
76,9,1272.949881
76,9,1272.949881
76,9,1272.949881
76,9,1272.949881
76,9,1272.949881
76,9,1272.949881
76,10,1222.599784
76,10,1222.599784
76,10,1222.599784
76,10,1222.599784
76,10,1222.599784
76,10,1222.599784
76,10,1222.599784
76,10,1222.599784
76,10,1222.599784
76,10,1222.599784
76,10,1222.599784
76,10,1222.599784
76,10,1222.599784
76,10,1222.599784
76,10,1222.599784
77,6,1425.847324
77,6,1425.847324
77,6,1425.847324
77,6,1425.847324
77,6,1425.847324
77,7,1377.292689
77,7,1377.292689
77,7,1377.292689
77,8,1314.755109
77,8,1314.755109
77,8,1314.755109
77,9,1272.949881
77,9,1272.949881
77,9,1272.949881
77,9,1272.949881
77,9,1272.949881
77,9,1272.949881
77,9,1272.949881
77,9,1272.949881
77,9,1272.949881
77,9,1272.949881
77,9,1272.949881
77,9,1272.949881
77,10,1222.599784
77,10,1222.599784
77,10,1222.599784
77,10,1222.599784
77,10,1222.599784
77,10,1222.599784
77,10,1222.599784
77,10,1222.599784
77,10,1222.599784
77,10,1222.599784
77,10,1222.599784
77,10,1222.599784
77,10,1222.599784
77,10,1222.599784
77,10,1222.599784
77,10,1222.599784
78,6,1425.847324
78,6,1425.847324
78,6,1425.847324
78,6,1425.847324
78,6,1425.847324
78,6,1425.847324
78,7,1377.292689
78,7,1377.292689
78,7,1377.292689
78,7,1377.292689
78,8,1314.755109
78,8,1314.755109
78,8,1314.755109
78,8,1314.755109
78,9,1272.949881
78,9,1272.949881
78,9,1272.949881
78,9,1272.949881
78,9,1272.949881
78,9,1272.949881
78,9,1272.949881
78,9,1272.949881
78,9,1272.949881
78,9,1272.949881
78,9,1272.949881
78,9,1272.949881
78,9,1272.949881
78,10,1222.599784
78,10,1222.599784
78,10,1222.599784
78,10,1222.599784
78,10,1222.599784
78,10,1222.599784
78,10,1222.599784
78,10,1222.599784
78,10,1222.599784
78,10,1222.599784
78,10,1222.599784
78,10,1222.599784
78,10,1222.599784
78,10,1222.599784
78,10,1222.599784
78,10,1222.599784
78,10,1222.599784
78,14,1210.345591
79,6,1425.847324
79,6,1425.847324
79,6,1425.847324
79,6,1425.847324
79,6,1425.847324
79,6,1425.847324
79,6,1425.847324
79,7,1338.207410
79,8,1314.755109
79,8,1314.755109
79,8,1314.755109
79,8,1314.755109
79,8,1314.755109
79,9,1272.949881
79,9,1272.949881
79,9,1272.949881
79,9,1272.949881
79,9,1272.949881
79,9,1272.949881
79,9,1272.949881
79,9,1272.949881
79,9,1272.949881
79,9,1272.949881
79,9,1272.949881
79,9,1272.949881
79,9,1272.949881
79,9,1272.949881
79,10,1222.599784
79,10,1222.599784
79,10,1222.599784
79,10,1222.599784
79,10,1222.599784
79,10,1222.599784
79,10,1222.599784
79,10,1222.599784
79,10,1222.599784
79,10,1222.599784
79,10,1222.599784
79,10,1222.599784
79,10,1222.599784
79,10,1222.599784
79,10,1222.599784
79,10,1222.599784
79,10,1222.599784
79,10,1222.599784
79,14,1207.053905
80,6,1425.847324
80,6,1425.847324
80,6,1425.847324
80,6,1425.847324
80,6,1425.847324
80,6,1425.847324
80,6,1425.847324
80,6,1425.847324
80,7,1338.207410
80,7,1338.207410
80,8,1313.496044
80,9,1262.822418
80,10,1222.599784
80,10,1222.599784
80,10,1222.599784
80,10,1222.599784
80,10,1222.599784
80,10,1222.599784
80,10,1222.599784
80,10,1222.599784
80,10,1222.599784
80,10,1222.599784
80,10,1222.599784
80,10,1222.599784
80,10,1222.599784
80,10,1222.599784
80,10,1222.599784
80,10,1222.599784
80,10,1222.599784
80,10,1222.599784
80,10,1222.599784
80,10,1222.599784
80,14,1207.053905
80,14,1207.053905
81,6,1396.527669
81,7,1338.207410
81,7,1338.207410
81,7,1338.207410
81,8,1313.496044
81,8,1313.496044
81,9,1262.822418
81,9,1262.822418
81,10,1222.599784
81,10,1222.599784
81,10,1222.599784
81,10,1222.599784
81,10,1222.599784
81,10,1222.599784
81,10,1222.599784
81,10,1222.599784
81,10,1222.599784
81,10,1222.599784
81,10,1222.599784
81,10,1222.599784
81,10,1222.599784
81,10,1222.599784
81,10,1222.599784
81,10,1222.599784
81,10,1222.599784
81,10,1222.599784
81,10,1222.599784
81,10,1222.599784
81,10,1222.599784
81,10,1222.599784
81,14,1207.053905
81,14,1207.053905
81,14,1207.053905
82,6,1396.527669
82,6,1396.527669
82,7,1338.207410
82,7,1338.207410
82,7,1338.207410
82,7,1338.207410
82,8,1300.306895
82,9,1258.764958
82,10,1222.599784
82,10,1222.599784
82,10,1222.599784
82,10,1222.599784
82,10,1222.599784
82,10,1222.599784
82,10,1222.599784
82,10,1222.599784
82,10,1222.599784
82,10,1222.599784
82,10,1222.599784
82,10,1222.599784
82,10,1222.599784
82,10,1222.599784
82,10,1222.599784
82,10,1222.599784
82,10,1222.599784
82,10,1222.599784
82,10,1222.599784
82,10,1222.599784
82,10,1222.599784
82,10,1222.599784
82,10,1222.599784
82,10,1222.599784
82,14,1207.053905
82,14,1207.053905
82,14,1207.053905
82,14,1207.053905
83,6,1396.527669
83,6,1396.527669
83,6,1396.527669
83,7,1338.207410
83,7,1338.207410
83,7,1338.207410
83,7,1338.207410
83,7,1338.207410
83,8,1300.306895
83,8,1300.306895
83,9,1258.764958
83,9,1258.764958
83,10,1222.599784
83,10,1222.599784
83,10,1222.599784
83,10,1222.599784
83,10,1222.599784
83,10,1222.599784
83,10,1222.599784
83,10,1222.599784
83,10,1222.599784
83,10,1222.599784
83,10,1222.599784
83,10,1222.599784
83,10,1222.599784
83,10,1222.599784
83,10,1222.599784
83,10,1222.599784
83,10,1222.599784
83,10,1222.599784
83,10,1222.599784
83,10,1222.599784
83,10,1222.599784
83,10,1222.599784
83,10,1222.599784
83,10,1222.599784
83,10,1222.599784
83,10,1222.599784
83,10,1222.599784
83,14,1207.053905
83,14,1207.053905
83,14,1207.053905
83,14,1207.053905
83,14,1207.053905
84,6,1396.527669
84,6,1396.527669
84,6,1396.527669
84,6,1396.527669
84,7,1338.207410
84,7,1338.207410
84,7,1338.207410
84,7,1338.207410
84,7,1338.207410
84,7,1338.207410
84,8,1300.306895
84,8,1300.306895
84,8,1300.306895
84,9,1258.764958
84,9,1258.764958
84,9,1258.764958
84,10,1222.599784
84,10,1222.599784
84,10,1222.599784
84,10,1222.599784
84,10,1222.599784
84,10,1222.599784
84,10,1222.599784
84,10,1222.599784
84,10,1222.599784
84,10,1222.599784
84,10,1222.599784
84,10,1222.599784
84,10,1222.599784
84,10,1222.599784
84,10,1222.599784
84,10,1222.599784
84,10,1222.599784
84,10,1222.599784
84,10,1222.599784
84,10,1222.599784
84,10,1222.599784
84,10,1222.599784
84,10,1222.599784
84,10,1222.599784
84,10,1222.599784
84,10,1222.599784
84,10,1222.599784
84,10,1222.599784
84,10,1222.599784
84,10,1222.599784
84,10,1222.599784
84,14,1207.053905
84,14,1207.053905
84,14,1207.053905
84,14,1207.053905
84,14,1207.053905
84,14,1207.053905
85,6,1368.191143
85,7,1338.207410
85,7,1338.207410
85,7,1338.207410
85,7,1338.207410
85,7,1338.207410
85,7,1338.207410
85,7,1338.207410
85,8,1300.306895
85,8,1300.306895
85,8,1300.306895
85,8,1300.306895
85,9,1258.764958
85,9,1258.764958
85,9,1258.764958
85,9,1258.764958
85,10,1222.599784
85,10,1222.599784
85,10,1222.599784
85,10,1222.599784
85,10,1222.599784
85,10,1222.599784
85,10,1222.599784
85,10,1222.599784
85,10,1222.599784
85,10,1222.599784
85,10,1222.599784
85,10,1222.599784
85,10,1222.599784
85,10,1222.599784
85,10,1222.599784
85,10,1222.599784
85,10,1222.599784
85,10,1222.599784
85,10,1222.599784
85,10,1222.599784
85,10,1222.599784
85,10,1222.599784
85,10,1222.599784
85,10,1222.599784
85,10,1222.599784
85,10,1222.599784
85,10,1222.599784
85,10,1222.599784
85,10,1222.599784
85,10,1222.599784
85,10,1222.599784
85,10,1222.599784
85,10,1222.599784
85,10,1222.599784
85,10,1222.599784
85,14,1207.053905
85,14,1207.053905
85,14,1207.053905
85,14,1207.053905
85,14,1207.053905
85,14,1207.053905
85,14,1207.053905
86,6,1368.191143
86,6,1368.191143
86,7,1338.207410
86,7,1338.207410
86,7,1338.207410
86,7,1338.207410
86,7,1338.207410
86,7,1338.207410
86,7,1338.207410
86,7,1338.207410
86,8,1300.306895
86,8,1300.306895
86,8,1300.306895
86,8,1300.306895
86,8,1300.306895
86,9,1258.764958
86,9,1258.764958
86,9,1258.764958
86,9,1258.764958
86,9,1258.764958
86,10,1214.553717
86,14,1207.053905
86,14,1207.053905
86,14,1207.053905
86,14,1207.053905
86,14,1207.053905
86,14,1207.053905
86,14,1207.053905
86,14,1207.053905
87,6,1368.191143
87,6,1368.191143
87,6,1368.191143
87,7,1338.207410
87,7,1338.207410
87,7,1338.207410
87,7,1338.207410
87,7,1338.207410
87,7,1338.207410
87,7,1338.207410
87,7,1338.207410
87,7,1338.207410
87,8,1300.306895
87,8,1300.306895
87,8,1300.306895
87,8,1300.306895
87,8,1300.306895
87,8,1300.306895
87,9,1258.764958
87,9,1258.764958
87,9,1258.764958
87,9,1258.764958
87,9,1258.764958
87,9,1258.764958
87,10,1214.553717
87,10,1214.553717
87,14,1207.053905
87,14,1207.053905
87,14,1207.053905
87,14,1207.053905
87,14,1207.053905
87,14,1207.053905
87,14,1207.053905
87,14,1207.053905
87,14,1207.053905
88,6,1368.191143
88,6,1368.191143
88,6,1368.191143
88,6,1368.191143
88,7,1338.207410
88,7,1338.207410
88,7,1338.207410
88,7,1338.207410
88,7,1338.207410
88,7,1338.207410
88,7,1338.207410
88,7,1338.207410
88,7,1338.207410
88,7,1338.207410
88,8,1300.306895
88,8,1300.306895
88,8,1300.306895
88,8,1300.306895
88,8,1300.306895
88,8,1300.306895
88,8,1300.306895
88,9,1258.764958
88,9,1258.764958
88,9,1258.764958
88,9,1258.764958
88,9,1258.764958
88,9,1258.764958
88,9,1258.764958
88,10,1214.553717
88,10,1214.553717
88,10,1214.553717
88,14,1207.053905
88,14,1207.053905
88,14,1207.053905
88,14,1207.053905
88,14,1207.053905
88,14,1207.053905
88,14,1207.053905
88,14,1207.053905
88,14,1207.053905
88,14,1207.053905
89,6,1368.191143
89,6,1368.191143
89,6,1368.191143
89,6,1368.191143
89,6,1368.191143
89,7,1338.207410
89,7,1338.207410
89,7,1338.207410
89,7,1338.207410
89,7,1338.207410
89,7,1338.207410
89,7,1338.207410
89,7,1338.207410
89,7,1338.207410
89,7,1338.207410
89,7,1338.207410
89,8,1300.306895
89,8,1300.306895
89,8,1300.306895
89,8,1300.306895
89,8,1300.306895
89,8,1300.306895
89,8,1300.306895
89,8,1300.306895
89,9,1258.764958
89,9,1258.764958
89,9,1258.764958
89,9,1258.764958
89,9,1258.764958
89,9,1258.764958
89,9,1258.764958
89,9,1258.764958
89,10,1214.553717
89,10,1214.553717
89,10,1214.553717
89,10,1214.553717
89,14,1207.053905
89,14,1207.053905
89,14,1207.053905
89,14,1207.053905
89,14,1207.053905
89,14,1207.053905
89,14,1207.053905
89,14,1207.053905
89,14,1207.053905
89,14,1207.053905
89,14,1207.053905
90,6,1368.191143
90,6,1368.191143
90,6,1368.191143
90,6,1368.191143
90,6,1368.191143
90,6,1368.191143
90,7,1338.207410
90,7,1338.207410
90,7,1338.207410
90,7,1338.207410
90,7,1338.207410
90,7,1338.207410
90,7,1338.207410
90,7,1338.207410
90,7,1338.207410
90,7,1338.207410
90,7,1338.207410
90,7,1338.207410
90,8,1300.306895
90,8,1300.306895
90,8,1300.306895
90,8,1300.306895
90,8,1300.306895
90,8,1300.306895
90,8,1300.306895
90,8,1300.306895
90,8,1300.306895
90,9,1258.764958
90,9,1258.764958
90,9,1258.764958
90,9,1258.764958
90,9,1258.764958
90,9,1258.764958
90,9,1258.764958
90,9,1258.764958
90,9,1258.764958
90,10,1214.553717
90,10,1214.553717
90,10,1214.553717
90,10,1214.553717
90,10,1214.553717
90,14,1207.053905
90,14,1207.053905
90,14,1207.053905
90,14,1207.053905
90,14,1207.053905
90,14,1207.053905
90,14,1207.053905
90,14,1207.053905
90,14,1207.053905
90,14,1207.053905
90,14,1207.053905
90,14,1207.053905
91,6,1368.191143
91,6,1368.191143
91,6,1368.191143
91,6,1368.191143
91,6,1368.191143
91,6,1368.191143
91,6,1368.191143
91,7,1338.207410
91,7,1338.207410
91,7,1338.207410
91,7,1338.207410
91,7,1338.207410
91,7,1338.207410
91,7,1338.207410
91,7,1338.207410
91,7,1338.207410
91,7,1338.207410
91,7,1338.207410
91,7,1338.207410
91,7,1338.207410
91,8,1300.306895
91,8,1300.306895
91,8,1300.306895
91,8,1300.306895
91,8,1300.306895
91,8,1300.306895
91,8,1300.306895
91,8,1300.306895
91,8,1300.306895
91,8,1300.306895
91,9,1256.085126
91,10,1214.553717
91,10,1214.553717
91,10,1214.553717
91,10,1214.553717
91,10,1214.553717
91,10,1214.553717
91,13,1203.068724
92,6,1368.191143
92,6,1368.191143
92,6,1368.191143
92,6,1368.191143
92,6,1368.191143
92,6,1368.191143
92,6,1368.191143
92,6,1368.191143
92,7,1328.456828
92,8,1273.538671
92,9,1256.085126
92,9,1256.085126
92,10,1214.553717
92,10,1214.553717
92,10,1214.553717
92,10,1214.553717
92,10,1214.553717
92,10,1214.553717
92,10,1214.553717
92,13,1203.068724
92,13,1203.068724
93,6,1331.079405
93,7,1328.456828
93,7,1328.456828
93,8,1273.538671
93,8,1273.538671
93,9,1256.085126
93,9,1256.085126
93,9,1256.085126
93,10,1214.553717
93,10,1214.553717
93,10,1214.553717
93,10,1214.553717
93,10,1214.553717
93,10,1214.553717
93,10,1214.553717
93,10,1214.553717
93,13,1203.068724
93,13,1203.068724
93,13,1203.068724
94,6,1331.079405
94,6,1331.079405
94,7,1328.456828
94,7,1328.456828
94,7,1328.456828
94,8,1265.479023
94,9,1249.701585
94,10,1214.553717
94,10,1214.553717
94,10,1214.553717
94,10,1214.553717
94,10,1214.553717
94,10,1214.553717
94,10,1214.553717
94,10,1214.553717
94,10,1214.553717
94,13,1203.068724
94,13,1203.068724
94,13,1203.068724
94,13,1203.068724
95,6,1331.079405
95,6,1331.079405
95,6,1331.079405
95,7,1328.456828
95,7,1328.456828
95,7,1328.456828
95,7,1328.456828
95,8,1265.479023
95,8,1265.479023
95,9,1249.701585
95,9,1249.701585
95,10,1214.553717
95,10,1214.553717
95,10,1214.553717
95,10,1214.553717
95,10,1214.553717
95,10,1214.553717
95,10,1214.553717
95,10,1214.553717
95,10,1214.553717
95,10,1214.553717
95,13,1203.068724
95,13,1203.068724
95,13,1203.068724
95,13,1203.068724
95,13,1203.068724
96,6,1331.079405
96,6,1331.079405
96,6,1331.079405
96,6,1331.079405
96,7,1328.456828
96,7,1328.456828
96,7,1328.456828
96,7,1328.456828
96,7,1328.456828
96,8,1265.479023
96,8,1265.479023
96,8,1265.479023
96,9,1249.701585
96,9,1249.701585
96,9,1249.701585
96,10,1210.034274
96,13,1203.068724
96,13,1203.068724
96,13,1203.068724
96,13,1203.068724
96,13,1203.068724
96,13,1203.068724
97,6,1331.079405
97,6,1331.079405
97,6,1331.079405
97,6,1331.079405
97,6,1331.079405
97,7,1328.456828
97,7,1328.456828
97,7,1328.456828
97,7,1328.456828
97,7,1328.456828
97,7,1328.456828
97,8,1265.479023
97,8,1265.479023
97,8,1265.479023
97,8,1265.479023
97,9,1249.701585
97,9,1249.701585
97,9,1249.701585
97,9,1249.701585
97,10,1210.034274
97,10,1210.034274
97,13,1203.068724
97,13,1203.068724
97,13,1203.068724
97,13,1203.068724
97,13,1203.068724
97,13,1203.068724
97,13,1203.068724
98,6,1331.079405
98,6,1331.079405
98,6,1331.079405
98,6,1331.079405
98,6,1331.079405
98,6,1331.079405
98,7,1328.456828
98,7,1328.456828
98,7,1328.456828
98,7,1328.456828
98,7,1328.456828
98,7,1328.456828
98,7,1328.456828
98,8,1265.479023
98,8,1265.479023
98,8,1265.479023
98,8,1265.479023
98,8,1265.479023
98,9,1239.286701
98,10,1210.034274
98,10,1210.034274
98,10,1210.034274
98,13,1203.068724
98,13,1203.068724
98,13,1203.068724
98,13,1203.068724
98,13,1203.068724
98,13,1203.068724
98,13,1203.068724
98,13,1203.068724
99,6,1307.254477
99,8,1265.479023
99,8,1265.479023
99,8,1265.479023
99,8,1265.479023
99,8,1265.479023
99,8,1265.479023
99,9,1220.941077
99,10,1210.034274
99,10,1210.034274
99,10,1210.034274
99,10,1210.034274
99,13,1202.081609
100,6,1307.254477
100,6,1307.254477
100,8,1265.479023
100,8,1265.479023
100,8,1265.479023
100,8,1265.479023
100,8,1265.479023
100,8,1265.479023
100,8,1265.479023
100,9,1220.941077
100,9,1220.941077
100,10,1210.034274
100,10,1210.034274
100,10,1210.034274
100,10,1210.034274
100,10,1210.034274
100,13,1202.081609
100,13,1202.081609
101,6,1307.254477
101,6,1307.254477
101,6,1307.254477
101,8,1265.479023
101,8,1265.479023
101,8,1265.479023
101,8,1265.479023
101,8,1265.479023
101,8,1265.479023
101,8,1265.479023
101,8,1265.479023
101,9,1220.941077
101,9,1220.941077
101,9,1220.941077
101,10,1210.034274
101,10,1210.034274
101,10,1210.034274
101,10,1210.034274
101,10,1210.034274
101,10,1210.034274
101,13,1202.081609
101,13,1202.081609
101,13,1202.081609
102,6,1307.254477
102,6,1307.254477
102,6,1307.254477
102,6,1307.254477
102,8,1265.479023
102,8,1265.479023
102,8,1265.479023
102,8,1265.479023
102,8,1265.479023
102,8,1265.479023
102,8,1265.479023
102,8,1265.479023
102,8,1265.479023
102,9,1220.941077
102,9,1220.941077
102,9,1220.941077
102,9,1220.941077
102,10,1210.034274
102,10,1210.034274
102,10,1210.034274
102,10,1210.034274
102,10,1210.034274
102,10,1210.034274
102,10,1210.034274
102,13,1202.081609
102,13,1202.081609
102,13,1202.081609
102,13,1202.081609
103,6,1307.254477
103,6,1307.254477
103,6,1307.254477
103,6,1307.254477
103,6,1307.254477
103,8,1234.905137
103,9,1220.941077
103,9,1220.941077
103,9,1220.941077
103,9,1220.941077
103,9,1220.941077
103,10,1210.034274
103,10,1210.034274
103,10,1210.034274
103,10,1210.034274
103,10,1210.034274
103,10,1210.034274
103,10,1210.034274
103,10,1210.034274
103,13,1202.081609
103,13,1202.081609
103,13,1202.081609
103,13,1202.081609
103,13,1202.081609
104,6,1307.254477
104,6,1307.254477
104,6,1307.254477
104,6,1307.254477
104,6,1307.254477
104,6,1307.254477
104,8,1234.905137
104,8,1234.905137
104,9,1220.941077
104,9,1220.941077
104,9,1220.941077
104,9,1220.941077
104,9,1220.941077
104,9,1220.941077
104,10,1210.034274
104,10,1210.034274
104,10,1210.034274
104,10,1210.034274
104,10,1210.034274
104,10,1210.034274
104,10,1210.034274
104,10,1210.034274
104,10,1210.034274
104,13,1202.081609
104,13,1202.081609
104,13,1202.081609
104,13,1202.081609
104,13,1202.081609
104,13,1202.081609
105,6,1307.254477
105,6,1307.254477
105,6,1307.254477
105,6,1307.254477
105,6,1307.254477
105,6,1307.254477
105,6,1307.254477
105,7,1269.943905
105,8,1234.905137
105,8,1234.905137
105,8,1234.905137
105,9,1220.941077
105,9,1220.941077
105,9,1220.941077
105,9,1220.941077
105,9,1220.941077
105,9,1220.941077
105,9,1220.941077
105,10,1210.034274
105,10,1210.034274
105,10,1210.034274
105,10,1210.034274
105,10,1210.034274
105,10,1210.034274
105,10,1210.034274
105,10,1210.034274
105,10,1210.034274
105,10,1210.034274
105,13,1202.081609
105,13,1202.081609
105,13,1202.081609
105,13,1202.081609
105,13,1202.081609
105,13,1202.081609
105,13,1202.081609
106,6,1307.254477
106,6,1307.254477
106,6,1307.254477
106,6,1307.254477
106,6,1307.254477
106,6,1307.254477
106,6,1307.254477
106,6,1307.254477
106,7,1269.943905
106,7,1269.943905
106,8,1234.905137
106,8,1234.905137
106,8,1234.905137
106,8,1234.905137
106,9,1220.941077
106,9,1220.941077
106,9,1220.941077
106,9,1220.941077
106,9,1220.941077
106,9,1220.941077
106,9,1220.941077
106,9,1220.941077
106,10,1210.034274
106,10,1210.034274
106,10,1210.034274
106,10,1210.034274
106,10,1210.034274
106,10,1210.034274
106,10,1210.034274
106,10,1210.034274
106,10,1210.034274
106,10,1210.034274
106,10,1210.034274
106,13,1202.081609
106,13,1202.081609
106,13,1202.081609
106,13,1202.081609
106,13,1202.081609
106,13,1202.081609
106,13,1202.081609
106,13,1202.081609
107,6,1302.764074
107,7,1269.943905
107,7,1269.943905
107,7,1269.943905
107,8,1234.905137
107,8,1234.905137
107,8,1234.905137
107,8,1234.905137
107,8,1234.905137
107,9,1220.941077
107,9,1220.941077
107,9,1220.941077
107,9,1220.941077
107,9,1220.941077
107,9,1220.941077
107,9,1220.941077
107,9,1220.941077
107,9,1220.941077
107,10,1210.034274
107,10,1210.034274
107,10,1210.034274
107,10,1210.034274
107,10,1210.034274
107,10,1210.034274
107,10,1210.034274
107,10,1210.034274
107,10,1210.034274
107,10,1210.034274
107,10,1210.034274
107,10,1210.034274
107,13,1202.081609
107,13,1202.081609
107,13,1202.081609
107,13,1202.081609
107,13,1202.081609
107,13,1202.081609
107,13,1202.081609
107,13,1202.081609
107,13,1202.081609
108,6,1302.764074
108,6,1302.764074
108,7,1269.943905
108,7,1269.943905
108,7,1269.943905
108,7,1269.943905
108,8,1234.905137
108,8,1234.905137
108,8,1234.905137
108,8,1234.905137
108,8,1234.905137
108,8,1234.905137
108,9,1220.941077
108,9,1220.941077
108,9,1220.941077
108,9,1220.941077
108,9,1220.941077
108,9,1220.941077
108,9,1220.941077
108,9,1220.941077
108,9,1220.941077
108,9,1220.941077
108,10,1210.034274
108,10,1210.034274
108,10,1210.034274
108,10,1210.034274
108,10,1210.034274
108,10,1210.034274
108,10,1210.034274
108,10,1210.034274
108,10,1210.034274
108,10,1210.034274
108,10,1210.034274
108,10,1210.034274
108,10,1210.034274
108,13,1202.081609
108,13,1202.081609
108,13,1202.081609
108,13,1202.081609
108,13,1202.081609
108,13,1202.081609
108,13,1202.081609
108,13,1202.081609
108,13,1202.081609
108,13,1202.081609
109,6,1302.764074
109,6,1302.764074
109,6,1302.764074
109,6,1302.764074
109,7,1269.943905
109,7,1269.943905
109,7,1269.943905
109,7,1269.943905
109,7,1269.943905
109,8,1234.905137
109,8,1234.905137
109,8,1234.905137
109,8,1234.905137
109,8,1234.905137
109,8,1234.905137
109,8,1234.905137
109,9,1220.941077
109,9,1220.941077
109,9,1220.941077
109,9,1220.941077
109,9,1220.941077
109,9,1220.941077
109,9,1220.941077
109,9,1220.941077
109,9,1220.941077
109,9,1220.941077
109,9,1220.941077
109,10,1210.034274
109,10,1210.034274
109,10,1210.034274
109,10,1210.034274
109,10,1210.034274
109,10,1210.034274
109,10,1210.034274
109,10,1210.034274
109,10,1210.034274
109,10,1210.034274
109,10,1210.034274
109,10,1210.034274
109,10,1210.034274
109,10,1210.034274
109,13,1202.081609
109,13,1202.081609
109,13,1202.081609
109,13,1202.081609
109,13,1202.081609
109,13,1202.081609
109,13,1202.081609
109,13,1202.081609
109,13,1202.081609
109,13,1202.081609
109,13,1202.081609
110,6,1302.764074
110,6,1302.764074
110,6,1302.764074
110,6,1302.764074
110,6,1302.764074
110,6,1302.764074
110,7,1269.943905
110,7,1269.943905
110,7,1269.943905
110,7,1269.943905
110,7,1269.943905
110,7,1269.943905
110,8,1234.905137
110,8,1234.905137
110,8,1234.905137
110,8,1234.905137
110,8,1234.905137
110,8,1234.905137
110,8,1234.905137
110,8,1234.905137
110,9,1220.941077
110,9,1220.941077
110,9,1220.941077
110,9,1220.941077
110,9,1220.941077
110,9,1220.941077
110,9,1220.941077
110,9,1220.941077
110,9,1220.941077
110,9,1220.941077
110,9,1220.941077
110,9,1220.941077
110,10,1210.034274
110,10,1210.034274
110,10,1210.034274
110,10,1210.034274
110,10,1210.034274
110,10,1210.034274
110,10,1210.034274
110,10,1210.034274
110,10,1210.034274
110,10,1210.034274
110,10,1210.034274
110,10,1210.034274
110,10,1210.034274
110,10,1210.034274
110,10,1210.034274
110,13,1202.081609
110,13,1202.081609
110,13,1202.081609
110,13,1202.081609
110,13,1202.081609
110,13,1202.081609
110,13,1202.081609
110,13,1202.081609
110,13,1202.081609
110,13,1202.081609
110,13,1202.081609
110,13,1202.081609
111,6,1302.764074
111,6,1302.764074
111,6,1302.764074
111,6,1302.764074
111,6,1302.764074
111,6,1302.764074
111,6,1302.764074
111,6,1302.764074
111,7,1269.943905
111,7,1269.943905
111,7,1269.943905
111,7,1269.943905
111,7,1269.943905
111,7,1269.943905
111,7,1269.943905
111,8,1234.905137
111,8,1234.905137
111,8,1234.905137
111,8,1234.905137
111,8,1234.905137
111,8,1234.905137
111,8,1234.905137
111,8,1234.905137
111,8,1234.905137
111,9,1220.941077
111,9,1220.941077
111,9,1220.941077
111,9,1220.941077
111,9,1220.941077
111,9,1220.941077
111,9,1220.941077
111,9,1220.941077
111,9,1220.941077
111,9,1220.941077
111,9,1220.941077
111,9,1220.941077
111,9,1220.941077
111,10,1210.034274
111,10,1210.034274
111,10,1210.034274
111,10,1210.034274
111,10,1210.034274
111,10,1210.034274
111,10,1210.034274
111,10,1210.034274
111,10,1210.034274
111,10,1210.034274
111,10,1210.034274
111,10,1210.034274
111,10,1210.034274
111,10,1210.034274
111,10,1210.034274
111,10,1210.034274
111,13,1202.081609
111,13,1202.081609
111,13,1202.081609
111,13,1202.081609
111,13,1202.081609
111,13,1202.081609
111,13,1202.081609
111,13,1202.081609
111,13,1202.081609
111,13,1202.081609
111,13,1202.081609
111,13,1202.081609
111,13,1202.081609
112,6,1302.764074
112,6,1302.764074
112,6,1302.764074
112,6,1302.764074
112,6,1302.764074
112,6,1302.764074
112,6,1302.764074
112,6,1302.764074
112,6,1302.764074
112,6,1302.764074
112,7,1269.943905
112,7,1269.943905
112,7,1269.943905
112,7,1269.943905
112,7,1269.943905
112,7,1269.943905
112,7,1269.943905
112,7,1269.943905
112,8,1234.905137
112,8,1234.905137
112,8,1234.905137
112,8,1234.905137
112,8,1234.905137
112,8,1234.905137
112,8,1234.905137
112,8,1234.905137
112,8,1234.905137
112,8,1234.905137
112,9,1208.852596
112,13,1202.081609
112,13,1202.081609
112,13,1202.081609
112,13,1202.081609
112,13,1202.081609
112,13,1202.081609
112,13,1202.081609
112,13,1202.081609
112,13,1202.081609
112,13,1202.081609
112,13,1202.081609
112,13,1202.081609
112,13,1202.081609
112,13,1202.081609
113,6,1302.764074
113,6,1302.764074
113,6,1302.764074
113,6,1302.764074
113,6,1302.764074
113,6,1302.764074
113,6,1302.764074
113,6,1302.764074
113,6,1302.764074
113,6,1302.764074
113,6,1302.764074
113,6,1302.764074
113,7,1269.943905
113,7,1269.943905
113,7,1269.943905
113,7,1269.943905
113,7,1269.943905
113,7,1269.943905
113,7,1269.943905
113,7,1269.943905
113,7,1269.943905
113,8,1234.905137
113,8,1234.905137
113,8,1234.905137
113,8,1234.905137
113,8,1234.905137
113,8,1234.905137
113,8,1234.905137
113,8,1234.905137
113,8,1234.905137
113,8,1234.905137
113,8,1234.905137
113,9,1208.852596
113,9,1208.852596
113,13,1202.081609
113,13,1202.081609
113,13,1202.081609
113,13,1202.081609
113,13,1202.081609
113,13,1202.081609
113,13,1202.081609
113,13,1202.081609
113,13,1202.081609
113,13,1202.081609
113,13,1202.081609
113,13,1202.081609
113,13,1202.081609
113,13,1202.081609
113,13,1202.081609
114,6,1302.764074
114,6,1302.764074
114,6,1302.764074
114,6,1302.764074
114,6,1302.764074
114,6,1302.764074
114,6,1302.764074
114,6,1302.764074
114,6,1302.764074
114,6,1302.764074
114,6,1302.764074
114,6,1302.764074
114,6,1302.764074
114,6,1302.764074
114,7,1269.943905
114,7,1269.943905
114,7,1269.943905
114,7,1269.943905
114,7,1269.943905
114,7,1269.943905
114,7,1269.943905
114,7,1269.943905
114,7,1269.943905
114,7,1269.943905
114,8,1234.905137
114,8,1234.905137
114,8,1234.905137
114,8,1234.905137
114,8,1234.905137
114,8,1234.905137
114,8,1234.905137
114,8,1234.905137
114,8,1234.905137
114,8,1234.905137
114,8,1234.905137
114,8,1234.905137
114,9,1208.852596
114,9,1208.852596
114,9,1208.852596
114,13,1202.081609
114,13,1202.081609
114,13,1202.081609
114,13,1202.081609
114,13,1202.081609
114,13,1202.081609
114,13,1202.081609
114,13,1202.081609
114,13,1202.081609
114,13,1202.081609
114,13,1202.081609
114,13,1202.081609
114,13,1202.081609
114,13,1202.081609
114,13,1202.081609
114,13,1202.081609
115,6,1302.764074
115,6,1302.764074
115,6,1302.764074
115,6,1302.764074
115,6,1302.764074
115,6,1302.764074
115,6,1302.764074
115,6,1302.764074
115,6,1302.764074
115,6,1302.764074
115,6,1302.764074
115,6,1302.764074
115,6,1302.764074
115,6,1302.764074
115,6,1302.764074
115,6,1302.764074
115,7,1269.943905
115,7,1269.943905
115,7,1269.943905
115,7,1269.943905
115,7,1269.943905
115,7,1269.943905
115,7,1269.943905
115,7,1269.943905
115,7,1269.943905
115,7,1269.943905
115,7,1269.943905
115,8,1234.905137
115,8,1234.905137
115,8,1234.905137
115,8,1234.905137
115,8,1234.905137
115,8,1234.905137
115,8,1234.905137
115,8,1234.905137
115,8,1234.905137
115,8,1234.905137
115,8,1234.905137
115,8,1234.905137
115,8,1234.905137
115,9,1208.852596
115,9,1208.852596
115,9,1208.852596
115,9,1208.852596
115,13,1202.081609
115,13,1202.081609
115,13,1202.081609
115,13,1202.081609
115,13,1202.081609
115,13,1202.081609
115,13,1202.081609
115,13,1202.081609
115,13,1202.081609
115,13,1202.081609
115,13,1202.081609
115,13,1202.081609
115,13,1202.081609
115,13,1202.081609
115,13,1202.081609
115,13,1202.081609
115,13,1202.081609
116,6,1300.517184
116,7,1269.943905
116,7,1269.943905
116,7,1269.943905
116,7,1269.943905
116,7,1269.943905
116,7,1269.943905
116,7,1269.943905
116,7,1269.943905
116,7,1269.943905
116,7,1269.943905
116,7,1269.943905
116,7,1269.943905
116,8,1229.855201
116,9,1208.852596
116,9,1208.852596
116,9,1208.852596
116,9,1208.852596
116,9,1208.852596
116,13,1202.081609
116,13,1202.081609
116,13,1202.081609
116,13,1202.081609
116,13,1202.081609
116,13,1202.081609
116,13,1202.081609
116,13,1202.081609
116,13,1202.081609
116,13,1202.081609
116,13,1202.081609
116,13,1202.081609
116,13,1202.081609
116,13,1202.081609
116,13,1202.081609
116,13,1202.081609
116,13,1202.081609
116,13,1202.081609
117,6,1300.517184
117,6,1300.517184
117,7,1269.943905
117,7,1269.943905
117,7,1269.943905
117,7,1269.943905
117,7,1269.943905
117,7,1269.943905
117,7,1269.943905
117,7,1269.943905
117,7,1269.943905
117,7,1269.943905
117,7,1269.943905
117,7,1269.943905
117,7,1269.943905
117,8,1224.001278
117,9,1208.852596
117,9,1208.852596
117,9,1208.852596
117,9,1208.852596
117,9,1208.852596
117,9,1208.852596
117,13,1202.081609
117,13,1202.081609
117,13,1202.081609
117,13,1202.081609
117,13,1202.081609
117,13,1202.081609
117,13,1202.081609
117,13,1202.081609
117,13,1202.081609
117,13,1202.081609
117,13,1202.081609
117,13,1202.081609
117,13,1202.081609
117,13,1202.081609
117,13,1202.081609
117,13,1202.081609
117,13,1202.081609
117,13,1202.081609
117,13,1202.081609
118,6,1300.517184
118,6,1300.517184
118,6,1300.517184
118,7,1269.943905
118,7,1269.943905
118,7,1269.943905
118,7,1269.943905
118,7,1269.943905
118,7,1269.943905
118,7,1269.943905
118,7,1269.943905
118,7,1269.943905
118,7,1269.943905
118,7,1269.943905
118,7,1269.943905
118,7,1269.943905
118,7,1269.943905
118,8,1224.001278
118,8,1224.001278
118,9,1208.852596
118,9,1208.852596
118,9,1208.852596
118,9,1208.852596
118,9,1208.852596
118,9,1208.852596
118,9,1208.852596
118,13,1202.081609
118,13,1202.081609
118,13,1202.081609
118,13,1202.081609
118,13,1202.081609
118,13,1202.081609
118,13,1202.081609
118,13,1202.081609
118,13,1202.081609
118,13,1202.081609
118,13,1202.081609
118,13,1202.081609
118,13,1202.081609
118,13,1202.081609
118,13,1202.081609
118,13,1202.081609
118,13,1202.081609
118,13,1202.081609
118,13,1202.081609
118,13,1202.081609
119,6,1300.517184
119,6,1300.517184
119,6,1300.517184
119,6,1300.517184
119,7,1269.943905
119,7,1269.943905
119,7,1269.943905
119,7,1269.943905
119,7,1269.943905
119,7,1269.943905
119,7,1269.943905
119,7,1269.943905
119,7,1269.943905
119,7,1269.943905
119,7,1269.943905
119,7,1269.943905
119,7,1269.943905
119,7,1269.943905
119,7,1269.943905
119,8,1224.001278
119,8,1224.001278
119,8,1224.001278
119,9,1208.852596
119,9,1208.852596
119,9,1208.852596
119,9,1208.852596
119,9,1208.852596
119,9,1208.852596
119,9,1208.852596
119,9,1208.852596
119,13,1202.081609
119,13,1202.081609
119,13,1202.081609
119,13,1202.081609
119,13,1202.081609
119,13,1202.081609
119,13,1202.081609
119,13,1202.081609
119,13,1202.081609
119,13,1202.081609
119,13,1202.081609
119,13,1202.081609
119,13,1202.081609
119,13,1202.081609
119,13,1202.081609
119,13,1202.081609
119,13,1202.081609
119,13,1202.081609
119,13,1202.081609
119,13,1202.081609
119,13,1202.081609
120,6,1300.517184
120,6,1300.517184
120,6,1300.517184
120,6,1300.517184
120,6,1300.517184
120,7,1269.943905
120,7,1269.943905
120,7,1269.943905
120,7,1269.943905
120,7,1269.943905
120,7,1269.943905
120,7,1269.943905
120,7,1269.943905
120,7,1269.943905
120,7,1269.943905
120,7,1269.943905
120,7,1269.943905
120,7,1269.943905
120,7,1269.943905
120,7,1269.943905
120,7,1269.943905
120,8,1224.001278
120,8,1224.001278
120,8,1224.001278
120,8,1224.001278
120,9,1208.852596
120,9,1208.852596
120,9,1208.852596
120,9,1208.852596
120,9,1208.852596
120,9,1208.852596
120,9,1208.852596
120,9,1208.852596
120,9,1208.852596
120,13,1202.081609
120,13,1202.081609
120,13,1202.081609
120,13,1202.081609
120,13,1202.081609
120,13,1202.081609
120,13,1202.081609
120,13,1202.081609
120,13,1202.081609
120,13,1202.081609
120,13,1202.081609
120,13,1202.081609
120,13,1202.081609
120,13,1202.081609
120,13,1202.081609
120,13,1202.081609
120,13,1202.081609
120,13,1202.081609
120,13,1202.081609
120,13,1202.081609
120,13,1202.081609
120,13,1202.081609
121,6,1300.517184
121,6,1300.517184
121,6,1300.517184
121,6,1300.517184
121,6,1300.517184
121,6,1300.517184
121,7,1210.839915
121,9,1208.852596
121,9,1208.852596
121,9,1208.852596
121,9,1208.852596
121,9,1208.852596
121,9,1208.852596
121,9,1208.852596
121,9,1208.852596
121,9,1208.852596
121,9,1208.852596
121,13,1202.081609
121,13,1202.081609
121,13,1202.081609
121,13,1202.081609
121,13,1202.081609
121,13,1202.081609
121,13,1202.081609
121,13,1202.081609
121,13,1202.081609
121,13,1202.081609
121,13,1202.081609
121,13,1202.081609
121,13,1202.081609
121,13,1202.081609
121,13,1202.081609
121,13,1202.081609
121,13,1202.081609
121,13,1202.081609
121,13,1202.081609
121,13,1202.081609
121,13,1202.081609
121,13,1202.081609
121,13,1202.081609
122,6,1300.517184
122,6,1300.517184
122,6,1300.517184
122,6,1300.517184
122,6,1300.517184
122,6,1300.517184
122,6,1300.517184
122,7,1210.839915
122,7,1210.839915
122,9,1208.852596
122,9,1208.852596
122,9,1208.852596
122,9,1208.852596
122,9,1208.852596
122,9,1208.852596
122,9,1208.852596
122,9,1208.852596
122,9,1208.852596
122,9,1208.852596
122,9,1208.852596
122,13,1202.081609
122,13,1202.081609
122,13,1202.081609
122,13,1202.081609
122,13,1202.081609
122,13,1202.081609
122,13,1202.081609
122,13,1202.081609
122,13,1202.081609
122,13,1202.081609
122,13,1202.081609
122,13,1202.081609
122,13,1202.081609
122,13,1202.081609
122,13,1202.081609
122,13,1202.081609
122,13,1202.081609
122,13,1202.081609
122,13,1202.081609
122,13,1202.081609
122,13,1202.081609
122,13,1202.081609
122,13,1202.081609
122,13,1202.081609
123,6,1291.616922
123,7,1210.839915
123,7,1210.839915
123,7,1210.839915
123,9,1208.852596
123,9,1208.852596
123,9,1208.852596
123,9,1208.852596
123,9,1208.852596
123,9,1208.852596
123,9,1208.852596
123,9,1208.852596
123,9,1208.852596
123,9,1208.852596
123,9,1208.852596
123,9,1208.852596
123,13,1202.081609
123,13,1202.081609
123,13,1202.081609
123,13,1202.081609
123,13,1202.081609
123,13,1202.081609
123,13,1202.081609
123,13,1202.081609
123,13,1202.081609
123,13,1202.081609
123,13,1202.081609
123,13,1202.081609
123,13,1202.081609
123,13,1202.081609
123,13,1202.081609
123,13,1202.081609
123,13,1202.081609
123,13,1202.081609
123,13,1202.081609
123,13,1202.081609
123,13,1202.081609
123,13,1202.081609
123,13,1202.081609
123,13,1202.081609
123,13,1202.081609
124,6,1291.616922
124,6,1291.616922
124,7,1210.839915
124,7,1210.839915
124,7,1210.839915
124,7,1210.839915
124,9,1208.852596
124,9,1208.852596
124,9,1208.852596
124,9,1208.852596
124,9,1208.852596
124,9,1208.852596
124,9,1208.852596
124,9,1208.852596
124,9,1208.852596
124,9,1208.852596
124,9,1208.852596
124,9,1208.852596
124,9,1208.852596
124,13,1202.081609
124,13,1202.081609
124,13,1202.081609
124,13,1202.081609
124,13,1202.081609
124,13,1202.081609
124,13,1202.081609
124,13,1202.081609
124,13,1202.081609
124,13,1202.081609
124,13,1202.081609
124,13,1202.081609
124,13,1202.081609
124,13,1202.081609
124,13,1202.081609
124,13,1202.081609
124,13,1202.081609
124,13,1202.081609
124,13,1202.081609
124,13,1202.081609
124,13,1202.081609
124,13,1202.081609
124,13,1202.081609
124,13,1202.081609
124,13,1202.081609
124,13,1202.081609
125,6,1291.616922
125,6,1291.616922
125,6,1291.616922
125,6,1291.616922
125,7,1210.839915
125,7,1210.839915
125,7,1210.839915
125,7,1210.839915
125,7,1210.839915
125,9,1208.852596
125,9,1208.852596
125,9,1208.852596
125,9,1208.852596
125,9,1208.852596
125,9,1208.852596
125,9,1208.852596
125,9,1208.852596
125,9,1208.852596
125,9,1208.852596
125,9,1208.852596
125,9,1208.852596
125,9,1208.852596
125,9,1208.852596
125,13,1199.437774
126,6,1291.616922
126,6,1291.616922
126,6,1291.616922
126,6,1291.616922
126,6,1291.616922
126,6,1291.616922
126,7,1210.839915
126,7,1210.839915
126,7,1210.839915
126,7,1210.839915
126,7,1210.839915
126,7,1210.839915
126,9,1208.852596
126,9,1208.852596
126,9,1208.852596
126,9,1208.852596
126,9,1208.852596
126,9,1208.852596
126,9,1208.852596
126,9,1208.852596
126,9,1208.852596
126,9,1208.852596
126,9,1208.852596
126,9,1208.852596
126,9,1208.852596
126,9,1208.852596
126,9,1208.852596
126,13,1199.437774
126,13,1199.437774
127,6,1289.663003
127,7,1210.839915
127,7,1210.839915
127,7,1210.839915
127,7,1210.839915
127,7,1210.839915
127,7,1210.839915
127,7,1210.839915
127,9,1208.852596
127,9,1208.852596
127,9,1208.852596
127,9,1208.852596
127,9,1208.852596
127,9,1208.852596
127,9,1208.852596
127,9,1208.852596
127,9,1208.852596
127,9,1208.852596
127,9,1208.852596
127,9,1208.852596
127,9,1208.852596
127,9,1208.852596
127,9,1208.852596
127,9,1208.852596
127,12,1200.911461
127,13,1199.437774
127,13,1199.437774
127,13,1199.437774
127,13,1199.437774
128,6,1289.663003
128,6,1289.663003
128,7,1210.839915
128,7,1210.839915
128,7,1210.839915
128,7,1210.839915
128,7,1210.839915
128,7,1210.839915
128,7,1210.839915
128,7,1210.839915
128,9,1208.852596
128,9,1208.852596
128,9,1208.852596
128,9,1208.852596
128,9,1208.852596
128,9,1208.852596
128,9,1208.852596
128,9,1208.852596
128,9,1208.852596
128,9,1208.852596
128,9,1208.852596
128,9,1208.852596
128,9,1208.852596
128,9,1208.852596
128,9,1208.852596
128,9,1208.852596
128,9,1208.852596
128,12,1200.911461
128,12,1200.911461
128,13,1199.437774
128,13,1199.437774
128,13,1199.437774
128,13,1199.437774
128,13,1199.437774
128,13,1199.437774
129,6,1265.021624
129,7,1210.839915
129,7,1210.839915
129,7,1210.839915
129,7,1210.839915
129,7,1210.839915
129,7,1210.839915
129,7,1210.839915
129,7,1210.839915
129,7,1210.839915
129,9,1208.852596
129,9,1208.852596
129,9,1208.852596
129,9,1208.852596
129,9,1208.852596
129,9,1208.852596
129,9,1208.852596
129,9,1208.852596
129,9,1208.852596
129,9,1208.852596
129,9,1208.852596
129,9,1208.852596
129,9,1208.852596
129,9,1208.852596
129,9,1208.852596
129,9,1208.852596
129,9,1208.852596
129,9,1208.852596
129,11,1184.741998
130,6,1265.021624
130,6,1265.021624
130,7,1210.839915
130,7,1210.839915
130,7,1210.839915
130,7,1210.839915
130,7,1210.839915
130,7,1210.839915
130,7,1210.839915
130,7,1210.839915
130,7,1210.839915
130,7,1210.839915
130,9,1208.852596
130,9,1208.852596
130,9,1208.852596
130,9,1208.852596
130,9,1208.852596
130,9,1208.852596
130,9,1208.852596
130,9,1208.852596
130,9,1208.852596
130,9,1208.852596
130,9,1208.852596
130,9,1208.852596
130,9,1208.852596
130,9,1208.852596
130,9,1208.852596
130,9,1208.852596
130,9,1208.852596
130,9,1208.852596
130,9,1208.852596
130,11,1184.741998
130,11,1184.741998
131,6,1265.021624
131,6,1265.021624
131,6,1265.021624
131,7,1210.839915
131,7,1210.839915
131,7,1210.839915
131,7,1210.839915
131,7,1210.839915
131,7,1210.839915
131,7,1210.839915
131,7,1210.839915
131,7,1210.839915
131,7,1210.839915
131,7,1210.839915
131,9,1208.852596
131,9,1208.852596
131,9,1208.852596
131,9,1208.852596
131,9,1208.852596
131,9,1208.852596
131,9,1208.852596
131,9,1208.852596
131,9,1208.852596
131,9,1208.852596
131,9,1208.852596
131,9,1208.852596
131,9,1208.852596
131,9,1208.852596
131,9,1208.852596
131,9,1208.852596
131,9,1208.852596
131,9,1208.852596
131,9,1208.852596
131,9,1208.852596
131,11,1184.741998
131,11,1184.741998
131,11,1184.741998
131,11,1184.741998
132,6,1265.021624
132,6,1265.021624
132,6,1265.021624
132,6,1265.021624
132,7,1210.839915
132,7,1210.839915
132,7,1210.839915
132,7,1210.839915
132,7,1210.839915
132,7,1210.839915
132,7,1210.839915
132,7,1210.839915
132,7,1210.839915
132,7,1210.839915
132,7,1210.839915
132,7,1210.839915
132,9,1208.852596
132,9,1208.852596
132,9,1208.852596
132,9,1208.852596
132,9,1208.852596
132,9,1208.852596
132,9,1208.852596
132,9,1208.852596
132,9,1208.852596
132,9,1208.852596
132,9,1208.852596
132,9,1208.852596
132,9,1208.852596
132,9,1208.852596
132,9,1208.852596
132,9,1208.852596
132,9,1208.852596
132,9,1208.852596
132,9,1208.852596
132,9,1208.852596
132,9,1208.852596
132,11,1178.690940
133,6,1265.021624
133,6,1265.021624
133,6,1265.021624
133,6,1265.021624
133,6,1265.021624
133,7,1210.839915
133,7,1210.839915
133,7,1210.839915
133,7,1210.839915
133,7,1210.839915
133,7,1210.839915
133,7,1210.839915
133,7,1210.839915
133,7,1210.839915
133,7,1210.839915
133,7,1210.839915
133,7,1210.839915
133,7,1210.839915
133,9,1208.852596
133,9,1208.852596
133,9,1208.852596
133,9,1208.852596
133,9,1208.852596
133,9,1208.852596
133,9,1208.852596
133,9,1208.852596
133,9,1208.852596
133,9,1208.852596
133,9,1208.852596
133,9,1208.852596
133,9,1208.852596
133,9,1208.852596
133,9,1208.852596
133,9,1208.852596
133,9,1208.852596
133,9,1208.852596
133,9,1208.852596
133,9,1208.852596
133,9,1208.852596
133,9,1208.852596
133,11,1178.690940
133,11,1178.690940
134,6,1265.021624
134,6,1265.021624
134,6,1265.021624
134,6,1265.021624
134,6,1265.021624
134,6,1265.021624
134,7,1210.839915
134,7,1210.839915
134,7,1210.839915
134,7,1210.839915
134,7,1210.839915
134,7,1210.839915
134,7,1210.839915
134,7,1210.839915
134,7,1210.839915
134,7,1210.839915
134,7,1210.839915
134,7,1210.839915
134,7,1210.839915
134,7,1210.839915
134,9,1208.852596
134,9,1208.852596
134,9,1208.852596
134,9,1208.852596
134,9,1208.852596
134,9,1208.852596
134,9,1208.852596
134,9,1208.852596
134,9,1208.852596
134,9,1208.852596
134,9,1208.852596
134,9,1208.852596
134,9,1208.852596
134,9,1208.852596
134,9,1208.852596
134,9,1208.852596
134,9,1208.852596
134,9,1208.852596
134,9,1208.852596
134,9,1208.852596
134,9,1208.852596
134,9,1208.852596
134,9,1208.852596
134,11,1178.690940
134,11,1178.690940
134,11,1178.690940
134,11,1178.690940
135,6,1265.021624
135,6,1265.021624
135,6,1265.021624
135,6,1265.021624
135,6,1265.021624
135,6,1265.021624
135,6,1265.021624
135,7,1210.839915
135,7,1210.839915
135,7,1210.839915
135,7,1210.839915
135,7,1210.839915
135,7,1210.839915
135,7,1210.839915
135,7,1210.839915
135,7,1210.839915
135,7,1210.839915
135,7,1210.839915
135,7,1210.839915
135,7,1210.839915
135,7,1210.839915
135,7,1210.839915
135,9,1208.852596
135,9,1208.852596
135,9,1208.852596
135,9,1208.852596
135,9,1208.852596
135,9,1208.852596
135,9,1208.852596
135,9,1208.852596
135,9,1208.852596
135,9,1208.852596
135,9,1208.852596
135,9,1208.852596
135,9,1208.852596
135,9,1208.852596
135,9,1208.852596
135,9,1208.852596
135,9,1208.852596
135,9,1208.852596
135,9,1208.852596
135,9,1208.852596
135,9,1208.852596
135,9,1208.852596
135,9,1208.852596
135,9,1208.852596
135,11,1178.690940
135,11,1178.690940
135,11,1178.690940
135,11,1178.690940
135,11,1178.690940
135,11,1178.690940
136,6,1265.021624
136,6,1265.021624
136,6,1265.021624
136,6,1265.021624
136,6,1265.021624
136,6,1265.021624
136,6,1265.021624
136,6,1265.021624
136,7,1210.839915
136,7,1210.839915
136,7,1210.839915
136,7,1210.839915
136,7,1210.839915
136,7,1210.839915
136,7,1210.839915
136,7,1210.839915
136,7,1210.839915
136,7,1210.839915
136,7,1210.839915
136,7,1210.839915
136,7,1210.839915
136,7,1210.839915
136,7,1210.839915
136,7,1210.839915
136,9,1208.852596
136,9,1208.852596
136,9,1208.852596
136,9,1208.852596
136,9,1208.852596
136,9,1208.852596
136,9,1208.852596
136,9,1208.852596
136,9,1208.852596
136,9,1208.852596
136,9,1208.852596
136,9,1208.852596
136,9,1208.852596
136,9,1208.852596
136,9,1208.852596
136,9,1208.852596
136,9,1208.852596
136,9,1208.852596
136,9,1208.852596
136,9,1208.852596
136,9,1208.852596
136,9,1208.852596
136,9,1208.852596
136,9,1208.852596
136,9,1208.852596
136,11,1178.690940
136,11,1178.690940
136,11,1178.690940
136,11,1178.690940
136,11,1178.690940
136,11,1178.690940
136,11,1178.690940
136,11,1178.690940
137,6,1265.021624
137,6,1265.021624
137,6,1265.021624
137,6,1265.021624
137,6,1265.021624
137,6,1265.021624
137,6,1265.021624
137,6,1265.021624
137,6,1265.021624
137,7,1210.839915
137,7,1210.839915
137,7,1210.839915
137,7,1210.839915
137,7,1210.839915
137,7,1210.839915
137,7,1210.839915
137,7,1210.839915
137,7,1210.839915
137,7,1210.839915
137,7,1210.839915
137,7,1210.839915
137,7,1210.839915
137,7,1210.839915
137,7,1210.839915
137,7,1210.839915
137,7,1210.839915
137,9,1208.852596
137,9,1208.852596
137,9,1208.852596
137,9,1208.852596
137,9,1208.852596
137,9,1208.852596
137,9,1208.852596
137,9,1208.852596
137,9,1208.852596
137,9,1208.852596
137,9,1208.852596
137,9,1208.852596
137,9,1208.852596
137,9,1208.852596
137,9,1208.852596
137,9,1208.852596
137,9,1208.852596
137,9,1208.852596
137,9,1208.852596
137,9,1208.852596
137,9,1208.852596
137,9,1208.852596
137,9,1208.852596
137,9,1208.852596
137,9,1208.852596
137,9,1208.852596
137,11,1178.690940
137,11,1178.690940
137,11,1178.690940
137,11,1178.690940
137,11,1178.690940
137,11,1178.690940
137,11,1178.690940
137,11,1178.690940
137,11,1178.690940
137,11,1178.690940
138,6,1265.021624
138,6,1265.021624
138,6,1265.021624
138,6,1265.021624
138,6,1265.021624
138,6,1265.021624
138,6,1265.021624
138,6,1265.021624
138,6,1265.021624
138,6,1265.021624
138,7,1210.839915
138,7,1210.839915
138,7,1210.839915
138,7,1210.839915
138,7,1210.839915
138,7,1210.839915
138,7,1210.839915
138,7,1210.839915
138,7,1210.839915
138,7,1210.839915
138,7,1210.839915
138,7,1210.839915
138,7,1210.839915
138,7,1210.839915
138,7,1210.839915
138,7,1210.839915
138,7,1210.839915
138,7,1210.839915
138,9,1208.852596
138,9,1208.852596
138,9,1208.852596
138,9,1208.852596
138,9,1208.852596
138,9,1208.852596
138,9,1208.852596
138,9,1208.852596
138,9,1208.852596
138,9,1208.852596
138,9,1208.852596
138,9,1208.852596
138,9,1208.852596
138,9,1208.852596
138,9,1208.852596
138,9,1208.852596
138,9,1208.852596
138,9,1208.852596
138,9,1208.852596
138,9,1208.852596
138,9,1208.852596
138,9,1208.852596
138,9,1208.852596
138,9,1208.852596
138,9,1208.852596
138,9,1208.852596
138,9,1208.852596
138,11,1178.690940
138,11,1178.690940
138,11,1178.690940
138,11,1178.690940
138,11,1178.690940
138,11,1178.690940
138,11,1178.690940
138,11,1178.690940
138,11,1178.690940
138,11,1178.690940
138,11,1178.690940
138,11,1178.690940
139,6,1265.021624
139,6,1265.021624
139,6,1265.021624
139,6,1265.021624
139,6,1265.021624
139,6,1265.021624
139,6,1265.021624
139,6,1265.021624
139,6,1265.021624
139,6,1265.021624
139,6,1265.021624
139,7,1210.839915
139,7,1210.839915
139,7,1210.839915
139,7,1210.839915
139,7,1210.839915
139,7,1210.839915
139,7,1210.839915
139,7,1210.839915
139,7,1210.839915
139,7,1210.839915
139,7,1210.839915
139,7,1210.839915
139,7,1210.839915
139,7,1210.839915
139,7,1210.839915
139,7,1210.839915
139,7,1210.839915
139,7,1210.839915
139,7,1210.839915
139,9,1208.852596
139,9,1208.852596
139,9,1208.852596
139,9,1208.852596
139,9,1208.852596
139,9,1208.852596
139,9,1208.852596
139,9,1208.852596
139,9,1208.852596
139,9,1208.852596
139,9,1208.852596
139,9,1208.852596
139,9,1208.852596
139,9,1208.852596
139,9,1208.852596
139,9,1208.852596
139,9,1208.852596
139,9,1208.852596
139,9,1208.852596
139,9,1208.852596
139,9,1208.852596
139,9,1208.852596
139,9,1208.852596
139,9,1208.852596
139,9,1208.852596
139,9,1208.852596
139,9,1208.852596
139,9,1208.852596
139,11,1178.690940
139,11,1178.690940
139,11,1178.690940
139,11,1178.690940
139,11,1178.690940
139,11,1178.690940
139,11,1178.690940
139,11,1178.690940
139,11,1178.690940
139,11,1178.690940
139,11,1178.690940
139,11,1178.690940
139,11,1178.690940
139,11,1178.690940
140,6,1265.021624
140,6,1265.021624
140,6,1265.021624
140,6,1265.021624
140,6,1265.021624
140,6,1265.021624
140,6,1265.021624
140,6,1265.021624
140,6,1265.021624
140,6,1265.021624
140,6,1265.021624
140,6,1265.021624
140,7,1210.839915
140,7,1210.839915
140,7,1210.839915
140,7,1210.839915
140,7,1210.839915
140,7,1210.839915
140,7,1210.839915
140,7,1210.839915
140,7,1210.839915
140,7,1210.839915
140,7,1210.839915
140,7,1210.839915
140,7,1210.839915
140,7,1210.839915
140,7,1210.839915
140,7,1210.839915
140,7,1210.839915
140,7,1210.839915
140,7,1210.839915
140,7,1210.839915
140,9,1208.852596
140,9,1208.852596
140,9,1208.852596
140,9,1208.852596
140,9,1208.852596
140,9,1208.852596
140,9,1208.852596
140,9,1208.852596
140,9,1208.852596
140,9,1208.852596
140,9,1208.852596
140,9,1208.852596
140,9,1208.852596
140,9,1208.852596
140,9,1208.852596
140,9,1208.852596
140,9,1208.852596
140,9,1208.852596
140,9,1208.852596
140,9,1208.852596
140,9,1208.852596
140,9,1208.852596
140,9,1208.852596
140,9,1208.852596
140,9,1208.852596
140,9,1208.852596
140,9,1208.852596
140,9,1208.852596
140,9,1208.852596
140,10,1190.596985
140,11,1178.690940
140,11,1178.690940
140,11,1178.690940
140,11,1178.690940
140,11,1178.690940
140,11,1178.690940
140,11,1178.690940
140,11,1178.690940
140,11,1178.690940
140,11,1178.690940
140,11,1178.690940
140,11,1178.690940
140,11,1178.690940
140,11,1178.690940
140,11,1178.690940
140,11,1178.690940
141,6,1265.021624
141,6,1265.021624
141,6,1265.021624
141,6,1265.021624
141,6,1265.021624
141,6,1265.021624
141,6,1265.021624
141,6,1265.021624
141,6,1265.021624
141,6,1265.021624
141,6,1265.021624
141,6,1265.021624
141,6,1265.021624
141,7,1210.839915
141,7,1210.839915
141,7,1210.839915
141,7,1210.839915
141,7,1210.839915
141,7,1210.839915
141,7,1210.839915
141,7,1210.839915
141,7,1210.839915
141,7,1210.839915
141,7,1210.839915
141,7,1210.839915
141,7,1210.839915
141,7,1210.839915
141,7,1210.839915
141,7,1210.839915
141,7,1210.839915
141,7,1210.839915
141,7,1210.839915
141,7,1210.839915
141,7,1210.839915
141,9,1208.852596
141,9,1208.852596
141,9,1208.852596
141,9,1208.852596
141,9,1208.852596
141,9,1208.852596
141,9,1208.852596
141,9,1208.852596
141,9,1208.852596
141,9,1208.852596
141,9,1208.852596
141,9,1208.852596
141,9,1208.852596
141,9,1208.852596
141,9,1208.852596
141,9,1208.852596
141,9,1208.852596
141,9,1208.852596
141,9,1208.852596
141,9,1208.852596
141,9,1208.852596
141,9,1208.852596
141,9,1208.852596
141,9,1208.852596
141,9,1208.852596
141,9,1208.852596
141,9,1208.852596
141,9,1208.852596
141,9,1208.852596
141,9,1208.852596
141,10,1190.596985
141,10,1190.596985
141,11,1178.690940
141,11,1178.690940
141,11,1178.690940
141,11,1178.690940
141,11,1178.690940
141,11,1178.690940
141,11,1178.690940
141,11,1178.690940
141,11,1178.690940
141,11,1178.690940
141,11,1178.690940
141,11,1178.690940
141,11,1178.690940
141,11,1178.690940
141,11,1178.690940
141,11,1178.690940
141,11,1178.690940
141,11,1178.690940
142,6,1265.021624
142,6,1265.021624
142,6,1265.021624
142,6,1265.021624
142,6,1265.021624
142,6,1265.021624
142,6,1265.021624
142,6,1265.021624
142,6,1265.021624
142,6,1265.021624
142,6,1265.021624
142,6,1265.021624
142,6,1265.021624
142,6,1265.021624
142,7,1210.839915
142,7,1210.839915
142,7,1210.839915
142,7,1210.839915
142,7,1210.839915
142,7,1210.839915
142,7,1210.839915
142,7,1210.839915
142,7,1210.839915
142,7,1210.839915
142,7,1210.839915
142,7,1210.839915
142,7,1210.839915
142,7,1210.839915
142,7,1210.839915
142,7,1210.839915
142,7,1210.839915
142,7,1210.839915
142,7,1210.839915
142,7,1210.839915
142,7,1210.839915
142,7,1210.839915
142,9,1208.852596
142,9,1208.852596
142,9,1208.852596
142,9,1208.852596
142,9,1208.852596
142,9,1208.852596
142,9,1208.852596
142,9,1208.852596
142,9,1208.852596
142,9,1208.852596
142,9,1208.852596
142,9,1208.852596
142,9,1208.852596
142,9,1208.852596
142,9,1208.852596
142,9,1208.852596
142,9,1208.852596
142,9,1208.852596
142,9,1208.852596
142,9,1208.852596
142,9,1208.852596
142,9,1208.852596
142,9,1208.852596
142,9,1208.852596
142,9,1208.852596
142,9,1208.852596
142,9,1208.852596
142,9,1208.852596
142,9,1208.852596
142,9,1208.852596
142,9,1208.852596
142,10,1186.288360
142,11,1178.362928
143,6,1253.407214
143,7,1210.839915
143,7,1210.839915
143,7,1210.839915
143,7,1210.839915
143,7,1210.839915
143,7,1210.839915
143,7,1210.839915
143,7,1210.839915
143,7,1210.839915
143,7,1210.839915
143,7,1210.839915
143,7,1210.839915
143,7,1210.839915
143,7,1210.839915
143,7,1210.839915
143,7,1210.839915
143,7,1210.839915
143,7,1210.839915
143,7,1210.839915
143,7,1210.839915
143,7,1210.839915
143,7,1210.839915
143,7,1210.839915
143,9,1208.852596
143,9,1208.852596
143,9,1208.852596
143,9,1208.852596
143,9,1208.852596
143,9,1208.852596
143,9,1208.852596
143,9,1208.852596
143,9,1208.852596
143,9,1208.852596
143,9,1208.852596
143,9,1208.852596
143,9,1208.852596
143,9,1208.852596
143,9,1208.852596
143,9,1208.852596
143,9,1208.852596
143,9,1208.852596
143,9,1208.852596
143,9,1208.852596
143,9,1208.852596
143,9,1208.852596
143,9,1208.852596
143,9,1208.852596
143,9,1208.852596
143,9,1208.852596
143,9,1208.852596
143,9,1208.852596
143,9,1208.852596
143,9,1208.852596
143,9,1208.852596
143,9,1208.852596
143,10,1186.288360
143,10,1186.288360
143,11,1178.362928
143,11,1178.362928
144,6,1253.407214
144,6,1253.407214
144,7,1210.839915
144,7,1210.839915
144,7,1210.839915
144,7,1210.839915
144,7,1210.839915
144,7,1210.839915
144,7,1210.839915
144,7,1210.839915
144,7,1210.839915
144,7,1210.839915
144,7,1210.839915
144,7,1210.839915
144,7,1210.839915
144,7,1210.839915
144,7,1210.839915
144,7,1210.839915
144,7,1210.839915
144,7,1210.839915
144,7,1210.839915
144,7,1210.839915
144,7,1210.839915
144,7,1210.839915
144,7,1210.839915
144,7,1210.839915
144,9,1208.852596
144,9,1208.852596
144,9,1208.852596
144,9,1208.852596
144,9,1208.852596
144,9,1208.852596
144,9,1208.852596
144,9,1208.852596
144,9,1208.852596
144,9,1208.852596
144,9,1208.852596
144,9,1208.852596
144,9,1208.852596
144,9,1208.852596
144,9,1208.852596
144,9,1208.852596
144,9,1208.852596
144,9,1208.852596
144,9,1208.852596
144,9,1208.852596
144,9,1208.852596
144,9,1208.852596
144,9,1208.852596
144,9,1208.852596
144,9,1208.852596
144,9,1208.852596
144,9,1208.852596
144,9,1208.852596
144,9,1208.852596
144,9,1208.852596
144,9,1208.852596
144,9,1208.852596
144,9,1208.852596
144,10,1186.288360
144,10,1186.288360
144,10,1186.288360
144,11,1178.362928
144,11,1178.362928
144,11,1178.362928
145,6,1253.407214
145,6,1253.407214
145,6,1253.407214
145,7,1210.839915
145,7,1210.839915
145,7,1210.839915
145,7,1210.839915
145,7,1210.839915
145,7,1210.839915
145,7,1210.839915
145,7,1210.839915
145,7,1210.839915
145,7,1210.839915
145,7,1210.839915
145,7,1210.839915
145,7,1210.839915
145,7,1210.839915
145,7,1210.839915
145,7,1210.839915
145,7,1210.839915
145,7,1210.839915
145,7,1210.839915
145,7,1210.839915
145,7,1210.839915
145,7,1210.839915
145,7,1210.839915
145,7,1210.839915
145,7,1210.839915
145,9,1208.852596
145,9,1208.852596
145,9,1208.852596
145,9,1208.852596
145,9,1208.852596
145,9,1208.852596
145,9,1208.852596
145,9,1208.852596
145,9,1208.852596
145,9,1208.852596
145,9,1208.852596
145,9,1208.852596
145,9,1208.852596
145,9,1208.852596
145,9,1208.852596
145,9,1208.852596
145,9,1208.852596
145,9,1208.852596
145,9,1208.852596
145,9,1208.852596
145,9,1208.852596
145,9,1208.852596
145,9,1208.852596
145,9,1208.852596
145,9,1208.852596
145,9,1208.852596
145,9,1208.852596
145,9,1208.852596
145,9,1208.852596
145,9,1208.852596
145,9,1208.852596
145,9,1208.852596
145,9,1208.852596
145,9,1208.852596
145,10,1186.288360
145,10,1186.288360
145,10,1186.288360
145,10,1186.288360
145,11,1178.362928
145,11,1178.362928
145,11,1178.362928
145,11,1178.362928
146,6,1250.391789
146,7,1210.839915
146,7,1210.839915
146,7,1210.839915
146,7,1210.839915
146,7,1210.839915
146,7,1210.839915
146,7,1210.839915
146,7,1210.839915
146,7,1210.839915
146,7,1210.839915
146,7,1210.839915
146,7,1210.839915
146,7,1210.839915
146,7,1210.839915
146,7,1210.839915
146,7,1210.839915
146,7,1210.839915
146,7,1210.839915
146,7,1210.839915
146,7,1210.839915
146,7,1210.839915
146,7,1210.839915
146,7,1210.839915
146,7,1210.839915
146,7,1210.839915
146,7,1210.839915
146,9,1208.852596
146,9,1208.852596
146,9,1208.852596
146,9,1208.852596
146,9,1208.852596
146,9,1208.852596
146,9,1208.852596
146,9,1208.852596
146,9,1208.852596
146,9,1208.852596
146,9,1208.852596
146,9,1208.852596
146,9,1208.852596
146,9,1208.852596
146,9,1208.852596
146,9,1208.852596
146,9,1208.852596
146,9,1208.852596
146,9,1208.852596
146,9,1208.852596
146,9,1208.852596
146,9,1208.852596
146,9,1208.852596
146,9,1208.852596
146,9,1208.852596
146,9,1208.852596
146,9,1208.852596
146,9,1208.852596
146,9,1208.852596
146,9,1208.852596
146,9,1208.852596
146,9,1208.852596
146,9,1208.852596
146,9,1208.852596
146,9,1208.852596
146,10,1186.288360
146,10,1186.288360
146,10,1186.288360
146,10,1186.288360
146,10,1186.288360
146,11,1178.362928
146,11,1178.362928
146,11,1178.362928
146,11,1178.362928
146,11,1178.362928
147,6,1250.391789
147,6,1250.391789
147,7,1210.839915
147,7,1210.839915
147,7,1210.839915
147,7,1210.839915
147,7,1210.839915
147,7,1210.839915
147,7,1210.839915
147,7,1210.839915
147,7,1210.839915
147,7,1210.839915
147,7,1210.839915
147,7,1210.839915
147,7,1210.839915
147,7,1210.839915
147,7,1210.839915
147,7,1210.839915
147,7,1210.839915
147,7,1210.839915
147,7,1210.839915
147,7,1210.839915
147,7,1210.839915
147,7,1210.839915
147,7,1210.839915
147,7,1210.839915
147,7,1210.839915
147,7,1210.839915
147,7,1210.839915
147,9,1208.852596
147,9,1208.852596
147,9,1208.852596
147,9,1208.852596
147,9,1208.852596
147,9,1208.852596
147,9,1208.852596
147,9,1208.852596
147,9,1208.852596
147,9,1208.852596
147,9,1208.852596
147,9,1208.852596
147,9,1208.852596
147,9,1208.852596
147,9,1208.852596
147,9,1208.852596
147,9,1208.852596
147,9,1208.852596
147,9,1208.852596
147,9,1208.852596
147,9,1208.852596
147,9,1208.852596
147,9,1208.852596
147,9,1208.852596
147,9,1208.852596
147,9,1208.852596
147,9,1208.852596
147,9,1208.852596
147,9,1208.852596
147,9,1208.852596
147,9,1208.852596
147,9,1208.852596
147,9,1208.852596
147,9,1208.852596
147,9,1208.852596
147,9,1208.852596
147,10,1186.288360
147,10,1186.288360
147,10,1186.288360
147,10,1186.288360
147,10,1186.288360
147,10,1186.288360
147,11,1170.467442
148,6,1250.391789
148,6,1250.391789
148,6,1250.391789
148,7,1210.839915
148,7,1210.839915
148,7,1210.839915
148,7,1210.839915
148,7,1210.839915
148,7,1210.839915
148,7,1210.839915
148,7,1210.839915
148,7,1210.839915
148,7,1210.839915
148,7,1210.839915
148,7,1210.839915
148,7,1210.839915
148,7,1210.839915
148,7,1210.839915
148,7,1210.839915
148,7,1210.839915
148,7,1210.839915
148,7,1210.839915
148,7,1210.839915
148,7,1210.839915
148,7,1210.839915
148,7,1210.839915
148,7,1210.839915
148,7,1210.839915
148,7,1210.839915
148,7,1210.839915
148,7,1210.839915
148,9,1208.852596
148,9,1208.852596
148,9,1208.852596
148,9,1208.852596
148,9,1208.852596
148,9,1208.852596
148,9,1208.852596
148,9,1208.852596
148,9,1208.852596
148,9,1208.852596
148,9,1208.852596
148,9,1208.852596
148,9,1208.852596
148,9,1208.852596
148,9,1208.852596
148,9,1208.852596
148,9,1208.852596
148,9,1208.852596
148,9,1208.852596
148,9,1208.852596
148,9,1208.852596
148,9,1208.852596
148,9,1208.852596
148,9,1208.852596
148,9,1208.852596
148,9,1208.852596
148,9,1208.852596
148,9,1208.852596
148,9,1208.852596
148,9,1208.852596
148,9,1208.852596
148,9,1208.852596
148,9,1208.852596
148,9,1208.852596
148,9,1208.852596
148,9,1208.852596
148,9,1208.852596
148,10,1186.288360
148,10,1186.288360
148,10,1186.288360
148,10,1186.288360
148,10,1186.288360
148,10,1186.288360
148,10,1186.288360
148,11,1170.467442
148,11,1170.467442
149,6,1250.391789
149,6,1250.391789
149,6,1250.391789
149,6,1250.391789
149,7,1210.839915
149,7,1210.839915
149,7,1210.839915
149,7,1210.839915
149,7,1210.839915
149,7,1210.839915
149,7,1210.839915
149,7,1210.839915
149,7,1210.839915
149,7,1210.839915
149,7,1210.839915
149,7,1210.839915
149,7,1210.839915
149,7,1210.839915
149,7,1210.839915
149,7,1210.839915
149,7,1210.839915
149,7,1210.839915
149,7,1210.839915
149,7,1210.839915
149,7,1210.839915
149,7,1210.839915
149,7,1210.839915
149,7,1210.839915
149,7,1210.839915
149,7,1210.839915
149,7,1210.839915
149,7,1210.839915
149,7,1210.839915
149,9,1208.852596
149,9,1208.852596
149,9,1208.852596
149,9,1208.852596
149,9,1208.852596
149,9,1208.852596
149,9,1208.852596
149,9,1208.852596
149,9,1208.852596
149,9,1208.852596
149,9,1208.852596
149,9,1208.852596
149,9,1208.852596
149,9,1208.852596
149,9,1208.852596
149,9,1208.852596
149,9,1208.852596
149,9,1208.852596
149,9,1208.852596
149,9,1208.852596
149,9,1208.852596
149,9,1208.852596
149,9,1208.852596
149,9,1208.852596
149,9,1208.852596
149,9,1208.852596
149,9,1208.852596
149,9,1208.852596
149,9,1208.852596
149,9,1208.852596
149,9,1208.852596
149,9,1208.852596
149,9,1208.852596
149,9,1208.852596
149,9,1208.852596
149,9,1208.852596
149,9,1208.852596
149,9,1208.852596
149,10,1163.291637
150,6,1250.391789
150,6,1250.391789
150,6,1250.391789
150,6,1250.391789
150,6,1250.391789
150,7,1210.839915
150,7,1210.839915
150,7,1210.839915
150,7,1210.839915
150,7,1210.839915
150,7,1210.839915
150,7,1210.839915
150,7,1210.839915
150,7,1210.839915
150,7,1210.839915
150,7,1210.839915
150,7,1210.839915
150,7,1210.839915
150,7,1210.839915
150,7,1210.839915
150,7,1210.839915
150,7,1210.839915
150,7,1210.839915
150,7,1210.839915
150,7,1210.839915
150,7,1210.839915
150,7,1210.839915
150,7,1210.839915
150,7,1210.839915
150,7,1210.839915
150,7,1210.839915
150,7,1210.839915
150,7,1210.839915
150,7,1210.839915
150,7,1210.839915
150,9,1208.852596
150,9,1208.852596
150,9,1208.852596
150,9,1208.852596
150,9,1208.852596
150,9,1208.852596
150,9,1208.852596
150,9,1208.852596
150,9,1208.852596
150,9,1208.852596
150,9,1208.852596
150,9,1208.852596
150,9,1208.852596
150,9,1208.852596
150,9,1208.852596
150,9,1208.852596
150,9,1208.852596
150,9,1208.852596
150,9,1208.852596
150,9,1208.852596
150,9,1208.852596
150,9,1208.852596
150,9,1208.852596
150,9,1208.852596
150,9,1208.852596
150,9,1208.852596
150,9,1208.852596
150,9,1208.852596
150,9,1208.852596
150,9,1208.852596
150,9,1208.852596
150,9,1208.852596
150,9,1208.852596
150,9,1208.852596
150,9,1208.852596
150,9,1208.852596
150,9,1208.852596
150,9,1208.852596
150,9,1208.852596
150,10,1163.291637
150,10,1163.291637
151,6,1250.391789
151,6,1250.391789
151,6,1250.391789
151,6,1250.391789
151,6,1250.391789
151,6,1250.391789
151,7,1210.839915
151,7,1210.839915
151,7,1210.839915
151,7,1210.839915
151,7,1210.839915
151,7,1210.839915
151,7,1210.839915
151,7,1210.839915
151,7,1210.839915
151,7,1210.839915
151,7,1210.839915
151,7,1210.839915
151,7,1210.839915
151,7,1210.839915
151,7,1210.839915
151,7,1210.839915
151,7,1210.839915
151,7,1210.839915
151,7,1210.839915
151,7,1210.839915
151,7,1210.839915
151,7,1210.839915
151,7,1210.839915
151,7,1210.839915
151,7,1210.839915
151,7,1210.839915
151,7,1210.839915
151,7,1210.839915
151,7,1210.839915
151,7,1210.839915
151,7,1210.839915
151,9,1208.852596
151,9,1208.852596
151,9,1208.852596
151,9,1208.852596
151,9,1208.852596
151,9,1208.852596
151,9,1208.852596
151,9,1208.852596
151,9,1208.852596
151,9,1208.852596
151,9,1208.852596
151,9,1208.852596
151,9,1208.852596
151,9,1208.852596
151,9,1208.852596
151,9,1208.852596
151,9,1208.852596
151,9,1208.852596
151,9,1208.852596
151,9,1208.852596
151,9,1208.852596
151,9,1208.852596
151,9,1208.852596
151,9,1208.852596
151,9,1208.852596
151,9,1208.852596
151,9,1208.852596
151,9,1208.852596
151,9,1208.852596
151,9,1208.852596
151,9,1208.852596
151,9,1208.852596
151,9,1208.852596
151,9,1208.852596
151,9,1208.852596
151,9,1208.852596
151,9,1208.852596
151,9,1208.852596
151,9,1208.852596
151,9,1208.852596
151,10,1163.291637
151,10,1163.291637
151,10,1163.291637
152,6,1250.391789
152,6,1250.391789
152,6,1250.391789
152,6,1250.391789
152,6,1250.391789
152,6,1250.391789
152,6,1250.391789
152,7,1210.839915
152,7,1210.839915
152,7,1210.839915
152,7,1210.839915
152,7,1210.839915
152,7,1210.839915
152,7,1210.839915
152,7,1210.839915
152,7,1210.839915
152,7,1210.839915
152,7,1210.839915
152,7,1210.839915
152,7,1210.839915
152,7,1210.839915
152,7,1210.839915
152,7,1210.839915
152,7,1210.839915
152,7,1210.839915
152,7,1210.839915
152,7,1210.839915
152,7,1210.839915
152,7,1210.839915
152,7,1210.839915
152,7,1210.839915
152,7,1210.839915
152,7,1210.839915
152,7,1210.839915
152,7,1210.839915
152,7,1210.839915
152,7,1210.839915
152,7,1210.839915
152,7,1210.839915
152,9,1208.852596
152,9,1208.852596
152,9,1208.852596
152,9,1208.852596
152,9,1208.852596
152,9,1208.852596
152,9,1208.852596
152,9,1208.852596
152,9,1208.852596
152,9,1208.852596
152,9,1208.852596
152,9,1208.852596
152,9,1208.852596
152,9,1208.852596
152,9,1208.852596
152,9,1208.852596
152,9,1208.852596
152,9,1208.852596
152,9,1208.852596
152,9,1208.852596
152,9,1208.852596
152,9,1208.852596
152,9,1208.852596
152,9,1208.852596
152,9,1208.852596
152,9,1208.852596
152,9,1208.852596
152,9,1208.852596
152,9,1208.852596
152,9,1208.852596
152,9,1208.852596
152,9,1208.852596
152,9,1208.852596
152,9,1208.852596
152,9,1208.852596
152,9,1208.852596
152,9,1208.852596
152,9,1208.852596
152,9,1208.852596
152,9,1208.852596
152,9,1208.852596
152,10,1163.291637
152,10,1163.291637
152,10,1163.291637
152,10,1163.291637
153,6,1250.391789
153,6,1250.391789
153,6,1250.391789
153,6,1250.391789
153,6,1250.391789
153,6,1250.391789
153,6,1250.391789
153,6,1250.391789
153,7,1210.839915
153,7,1210.839915
153,7,1210.839915
153,7,1210.839915
153,7,1210.839915
153,7,1210.839915
153,7,1210.839915
153,7,1210.839915
153,7,1210.839915
153,7,1210.839915
153,7,1210.839915
153,7,1210.839915
153,7,1210.839915
153,7,1210.839915
153,7,1210.839915
153,7,1210.839915
153,7,1210.839915
153,7,1210.839915
153,7,1210.839915
153,7,1210.839915
153,7,1210.839915
153,7,1210.839915
153,7,1210.839915
153,7,1210.839915
153,7,1210.839915
153,7,1210.839915
153,7,1210.839915
153,7,1210.839915
153,7,1210.839915
153,7,1210.839915
153,7,1210.839915
153,7,1210.839915
153,7,1210.839915
153,9,1208.852596
153,9,1208.852596
153,9,1208.852596
153,9,1208.852596
153,9,1208.852596
153,9,1208.852596
153,9,1208.852596
153,9,1208.852596
153,9,1208.852596
153,9,1208.852596
153,9,1208.852596
153,9,1208.852596
153,9,1208.852596
153,9,1208.852596
153,9,1208.852596
153,9,1208.852596
153,9,1208.852596
153,9,1208.852596
153,9,1208.852596
153,9,1208.852596
153,9,1208.852596
153,9,1208.852596
153,9,1208.852596
153,9,1208.852596
153,9,1208.852596
153,9,1208.852596
153,9,1208.852596
153,9,1208.852596
153,9,1208.852596
153,9,1208.852596
153,9,1208.852596
153,9,1208.852596
153,9,1208.852596
153,9,1208.852596
153,9,1208.852596
153,9,1208.852596
153,9,1208.852596
153,9,1208.852596
153,9,1208.852596
153,9,1208.852596
153,9,1208.852596
153,9,1208.852596
153,10,1163.291637
153,10,1163.291637
153,10,1163.291637
153,10,1163.291637
153,10,1163.291637
154,6,1250.391789
154,6,1250.391789
154,6,1250.391789
154,6,1250.391789
154,6,1250.391789
154,6,1250.391789
154,6,1250.391789
154,6,1250.391789
154,6,1250.391789
154,7,1210.839915
154,7,1210.839915
154,7,1210.839915
154,7,1210.839915
154,7,1210.839915
154,7,1210.839915
154,7,1210.839915
154,7,1210.839915
154,7,1210.839915
154,7,1210.839915
154,7,1210.839915
154,7,1210.839915
154,7,1210.839915
154,7,1210.839915
154,7,1210.839915
154,7,1210.839915
154,7,1210.839915
154,7,1210.839915
154,7,1210.839915
154,7,1210.839915
154,7,1210.839915
154,7,1210.839915
154,7,1210.839915
154,7,1210.839915
154,7,1210.839915
154,7,1210.839915
154,7,1210.839915
154,7,1210.839915
154,7,1210.839915
154,7,1210.839915
154,7,1210.839915
154,7,1210.839915
154,7,1210.839915
154,7,1210.839915
154,9,1208.852596
154,9,1208.852596
154,9,1208.852596
154,9,1208.852596
154,9,1208.852596
154,9,1208.852596
154,9,1208.852596
154,9,1208.852596
154,9,1208.852596
154,9,1208.852596
154,9,1208.852596
154,9,1208.852596
154,9,1208.852596
154,9,1208.852596
154,9,1208.852596
154,9,1208.852596
154,9,1208.852596
154,9,1208.852596
154,9,1208.852596
154,9,1208.852596
154,9,1208.852596
154,9,1208.852596
154,9,1208.852596
154,9,1208.852596
154,9,1208.852596
154,9,1208.852596
154,9,1208.852596
154,9,1208.852596
154,9,1208.852596
154,9,1208.852596
154,9,1208.852596
154,9,1208.852596
154,9,1208.852596
154,9,1208.852596
154,9,1208.852596
154,9,1208.852596
154,9,1208.852596
154,9,1208.852596
154,9,1208.852596
154,9,1208.852596
154,9,1208.852596
154,9,1208.852596
154,9,1208.852596
154,10,1163.291637
154,10,1163.291637
154,10,1163.291637
154,10,1163.291637
154,10,1163.291637
154,10,1163.291637
155,6,1250.391789
155,6,1250.391789
155,6,1250.391789
155,6,1250.391789
155,6,1250.391789
155,6,1250.391789
155,6,1250.391789
155,6,1250.391789
155,6,1250.391789
155,6,1250.391789
155,7,1210.839915
155,7,1210.839915
155,7,1210.839915
155,7,1210.839915
155,7,1210.839915
155,7,1210.839915
155,7,1210.839915
155,7,1210.839915
155,7,1210.839915
155,7,1210.839915
155,7,1210.839915
155,7,1210.839915
155,7,1210.839915
155,7,1210.839915
155,7,1210.839915
155,7,1210.839915
155,7,1210.839915
155,7,1210.839915
155,7,1210.839915
155,7,1210.839915
155,7,1210.839915
155,7,1210.839915
155,7,1210.839915
155,7,1210.839915
155,7,1210.839915
155,7,1210.839915
155,7,1210.839915
155,7,1210.839915
155,7,1210.839915
155,7,1210.839915
155,7,1210.839915
155,7,1210.839915
155,7,1210.839915
155,7,1210.839915
155,7,1210.839915
155,9,1208.852596
155,9,1208.852596
155,9,1208.852596
155,9,1208.852596
155,9,1208.852596
155,9,1208.852596
155,9,1208.852596
155,9,1208.852596
155,9,1208.852596
155,9,1208.852596
155,9,1208.852596
155,9,1208.852596
155,9,1208.852596
155,9,1208.852596
155,9,1208.852596
155,9,1208.852596
155,9,1208.852596
155,9,1208.852596
155,9,1208.852596
155,9,1208.852596
155,9,1208.852596
155,9,1208.852596
155,9,1208.852596
155,9,1208.852596
155,9,1208.852596
155,9,1208.852596
155,9,1208.852596
155,9,1208.852596
155,9,1208.852596
155,9,1208.852596
155,9,1208.852596
155,9,1208.852596
155,9,1208.852596
155,9,1208.852596
155,9,1208.852596
155,9,1208.852596
155,9,1208.852596
155,9,1208.852596
155,9,1208.852596
155,9,1208.852596
155,9,1208.852596
155,9,1208.852596
155,9,1208.852596
155,9,1208.852596
155,10,1163.291637
155,10,1163.291637
155,10,1163.291637
155,10,1163.291637
155,10,1163.291637
155,10,1163.291637
155,10,1163.291637
156,6,1250.391789
156,6,1250.391789
156,6,1250.391789
156,6,1250.391789
156,6,1250.391789
156,6,1250.391789
156,6,1250.391789
156,6,1250.391789
156,6,1250.391789
156,6,1250.391789
156,6,1250.391789
156,7,1210.839915
156,7,1210.839915
156,7,1210.839915
156,7,1210.839915
156,7,1210.839915
156,7,1210.839915
156,7,1210.839915
156,7,1210.839915
156,7,1210.839915
156,7,1210.839915
156,7,1210.839915
156,7,1210.839915
156,7,1210.839915
156,7,1210.839915
156,7,1210.839915
156,7,1210.839915
156,7,1210.839915
156,7,1210.839915
156,7,1210.839915
156,7,1210.839915
156,7,1210.839915
156,7,1210.839915
156,7,1210.839915
156,7,1210.839915
156,7,1210.839915
156,7,1210.839915
156,7,1210.839915
156,7,1210.839915
156,7,1210.839915
156,7,1210.839915
156,7,1210.839915
156,7,1210.839915
156,7,1210.839915
156,7,1210.839915
156,7,1210.839915
156,7,1210.839915
156,9,1208.852596
156,9,1208.852596
156,9,1208.852596
156,9,1208.852596
156,9,1208.852596
156,9,1208.852596
156,9,1208.852596
156,9,1208.852596
156,9,1208.852596
156,9,1208.852596
156,9,1208.852596
156,9,1208.852596
156,9,1208.852596
156,9,1208.852596
156,9,1208.852596
156,9,1208.852596
156,9,1208.852596
156,9,1208.852596
156,9,1208.852596
156,9,1208.852596
156,9,1208.852596
156,9,1208.852596
156,9,1208.852596
156,9,1208.852596
156,9,1208.852596
156,9,1208.852596
156,9,1208.852596
156,9,1208.852596
156,9,1208.852596
156,9,1208.852596
156,9,1208.852596
156,9,1208.852596
156,9,1208.852596
156,9,1208.852596
156,9,1208.852596
156,9,1208.852596
156,9,1208.852596
156,9,1208.852596
156,9,1208.852596
156,9,1208.852596
156,9,1208.852596
156,9,1208.852596
156,9,1208.852596
156,9,1208.852596
156,9,1208.852596
156,10,1163.291637
156,10,1163.291637
156,10,1163.291637
156,10,1163.291637
156,10,1163.291637
156,10,1163.291637
156,10,1163.291637
156,10,1163.291637
157,6,1250.391789
157,6,1250.391789
157,6,1250.391789
157,6,1250.391789
157,6,1250.391789
157,6,1250.391789
157,6,1250.391789
157,6,1250.391789
157,6,1250.391789
157,6,1250.391789
157,6,1250.391789
157,6,1250.391789
157,7,1210.839915
157,7,1210.839915
157,7,1210.839915
157,7,1210.839915
157,7,1210.839915
157,7,1210.839915
157,7,1210.839915
157,7,1210.839915
157,7,1210.839915
157,7,1210.839915
157,7,1210.839915
157,7,1210.839915
157,7,1210.839915
157,7,1210.839915
157,7,1210.839915
157,7,1210.839915
157,7,1210.839915
157,7,1210.839915
157,7,1210.839915
157,7,1210.839915
157,7,1210.839915
157,7,1210.839915
157,7,1210.839915
157,7,1210.839915
157,7,1210.839915
157,7,1210.839915
157,7,1210.839915
157,7,1210.839915
157,7,1210.839915
157,7,1210.839915
157,7,1210.839915
157,7,1210.839915
157,7,1210.839915
157,7,1210.839915
157,7,1210.839915
157,7,1210.839915
157,7,1210.839915
157,9,1202.118665
157,10,1163.291637
157,10,1163.291637
157,10,1163.291637
157,10,1163.291637
157,10,1163.291637
157,10,1163.291637
157,10,1163.291637
157,10,1163.291637
157,10,1163.291637
158,6,1250.391789
158,6,1250.391789
158,6,1250.391789
158,6,1250.391789
158,6,1250.391789
158,6,1250.391789
158,6,1250.391789
158,6,1250.391789
158,6,1250.391789
158,6,1250.391789
158,6,1250.391789
158,6,1250.391789
158,6,1250.391789
158,7,1210.839915
158,7,1210.839915
158,7,1210.839915
158,7,1210.839915
158,7,1210.839915
158,7,1210.839915
158,7,1210.839915
158,7,1210.839915
158,7,1210.839915
158,7,1210.839915
158,7,1210.839915
158,7,1210.839915
158,7,1210.839915
158,7,1210.839915
158,7,1210.839915
158,7,1210.839915
158,7,1210.839915
158,7,1210.839915
158,7,1210.839915
158,7,1210.839915
158,7,1210.839915
158,7,1210.839915
158,7,1210.839915
158,7,1210.839915
158,7,1210.839915
158,7,1210.839915
158,7,1210.839915
158,7,1210.839915
158,7,1210.839915
158,7,1210.839915
158,7,1210.839915
158,7,1210.839915
158,7,1210.839915
158,7,1210.839915
158,7,1210.839915
158,7,1210.839915
158,7,1210.839915
158,7,1210.839915
158,9,1202.118665
158,9,1202.118665
158,10,1163.291637
158,10,1163.291637
158,10,1163.291637
158,10,1163.291637
158,10,1163.291637
158,10,1163.291637
158,10,1163.291637
158,10,1163.291637
158,10,1163.291637
158,10,1163.291637
159,6,1250.391789
159,6,1250.391789
159,6,1250.391789
159,6,1250.391789
159,6,1250.391789
159,6,1250.391789
159,6,1250.391789
159,6,1250.391789
159,6,1250.391789
159,6,1250.391789
159,6,1250.391789
159,6,1250.391789
159,6,1250.391789
159,6,1250.391789
159,7,1210.839915
159,7,1210.839915
159,7,1210.839915
159,7,1210.839915
159,7,1210.839915
159,7,1210.839915
159,7,1210.839915
159,7,1210.839915
159,7,1210.839915
159,7,1210.839915
159,7,1210.839915
159,7,1210.839915
159,7,1210.839915
159,7,1210.839915
159,7,1210.839915
159,7,1210.839915
159,7,1210.839915
159,7,1210.839915
159,7,1210.839915
159,7,1210.839915
159,7,1210.839915
159,7,1210.839915
159,7,1210.839915
159,7,1210.839915
159,7,1210.839915
159,7,1210.839915
159,7,1210.839915
159,7,1210.839915
159,7,1210.839915
159,7,1210.839915
159,7,1210.839915
159,7,1210.839915
159,7,1210.839915
159,7,1210.839915
159,7,1210.839915
159,7,1210.839915
159,7,1210.839915
159,7,1210.839915
159,7,1210.839915
159,8,1186.477967
159,10,1163.291637
159,10,1163.291637
159,10,1163.291637
159,10,1163.291637
159,10,1163.291637
159,10,1163.291637
159,10,1163.291637
159,10,1163.291637
159,10,1163.291637
159,10,1163.291637
159,10,1163.291637
160,6,1250.391789
160,6,1250.391789
160,6,1250.391789
160,6,1250.391789
160,6,1250.391789
160,6,1250.391789
160,6,1250.391789
160,6,1250.391789
160,6,1250.391789
160,6,1250.391789
160,6,1250.391789
160,6,1250.391789
160,6,1250.391789
160,6,1250.391789
160,6,1250.391789
160,7,1210.839915
160,7,1210.839915
160,7,1210.839915
160,7,1210.839915
160,7,1210.839915
160,7,1210.839915
160,7,1210.839915
160,7,1210.839915
160,7,1210.839915
160,7,1210.839915
160,7,1210.839915
160,7,1210.839915
160,7,1210.839915
160,7,1210.839915
160,7,1210.839915
160,7,1210.839915
160,7,1210.839915
160,7,1210.839915
160,7,1210.839915
160,7,1210.839915
160,7,1210.839915
160,7,1210.839915
160,7,1210.839915
160,7,1210.839915
160,7,1210.839915
160,7,1210.839915
160,7,1210.839915
160,7,1210.839915
160,7,1210.839915
160,7,1210.839915
160,7,1210.839915
160,7,1210.839915
160,7,1210.839915
160,7,1210.839915
160,7,1210.839915
160,7,1210.839915
160,7,1210.839915
160,7,1210.839915
160,7,1210.839915
160,7,1210.839915
160,8,1186.477967
160,8,1186.477967
160,10,1163.291637
160,10,1163.291637
160,10,1163.291637
160,10,1163.291637
160,10,1163.291637
160,10,1163.291637
160,10,1163.291637
160,10,1163.291637
160,10,1163.291637
160,10,1163.291637
160,10,1163.291637
160,10,1163.291637
161,6,1250.391789
161,6,1250.391789
161,6,1250.391789
161,6,1250.391789
161,6,1250.391789
161,6,1250.391789
161,6,1250.391789
161,6,1250.391789
161,6,1250.391789
161,6,1250.391789
161,6,1250.391789
161,6,1250.391789
161,6,1250.391789
161,6,1250.391789
161,6,1250.391789
161,6,1250.391789
161,7,1210.839915
161,7,1210.839915
161,7,1210.839915
161,7,1210.839915
161,7,1210.839915
161,7,1210.839915
161,7,1210.839915
161,7,1210.839915
161,7,1210.839915
161,7,1210.839915
161,7,1210.839915
161,7,1210.839915
161,7,1210.839915
161,7,1210.839915
161,7,1210.839915
161,7,1210.839915
161,7,1210.839915
161,7,1210.839915
161,7,1210.839915
161,7,1210.839915
161,7,1210.839915
161,7,1210.839915
161,7,1210.839915
161,7,1210.839915
161,7,1210.839915
161,7,1210.839915
161,7,1210.839915
161,7,1210.839915
161,7,1210.839915
161,7,1210.839915
161,7,1210.839915
161,7,1210.839915
161,7,1210.839915
161,7,1210.839915
161,7,1210.839915
161,7,1210.839915
161,7,1210.839915
161,7,1210.839915
161,7,1210.839915
161,7,1210.839915
161,7,1210.839915
161,8,1186.477967
161,8,1186.477967
161,8,1186.477967
161,10,1163.291637
161,10,1163.291637
161,10,1163.291637
161,10,1163.291637
161,10,1163.291637
161,10,1163.291637
161,10,1163.291637
161,10,1163.291637
161,10,1163.291637
161,10,1163.291637
161,10,1163.291637
161,10,1163.291637
161,10,1163.291637
162,6,1250.391789
162,6,1250.391789
162,6,1250.391789
162,6,1250.391789
162,6,1250.391789
162,6,1250.391789
162,6,1250.391789
162,6,1250.391789
162,6,1250.391789
162,6,1250.391789
162,6,1250.391789
162,6,1250.391789
162,6,1250.391789
162,6,1250.391789
162,6,1250.391789
162,6,1250.391789
162,6,1250.391789
162,7,1210.839915
162,7,1210.839915
162,7,1210.839915
162,7,1210.839915
162,7,1210.839915
162,7,1210.839915
162,7,1210.839915
162,7,1210.839915
162,7,1210.839915
162,7,1210.839915
162,7,1210.839915
162,7,1210.839915
162,7,1210.839915
162,7,1210.839915
162,7,1210.839915
162,7,1210.839915
162,7,1210.839915
162,7,1210.839915
162,7,1210.839915
162,7,1210.839915
162,7,1210.839915
162,7,1210.839915
162,7,1210.839915
162,7,1210.839915
162,7,1210.839915
162,7,1210.839915
162,7,1210.839915
162,7,1210.839915
162,7,1210.839915
162,7,1210.839915
162,7,1210.839915
162,7,1210.839915
162,7,1210.839915
162,7,1210.839915
162,7,1210.839915
162,7,1210.839915
162,7,1210.839915
162,7,1210.839915
162,7,1210.839915
162,7,1210.839915
162,7,1210.839915
162,7,1210.839915
162,8,1186.477967
162,8,1186.477967
162,8,1186.477967
162,8,1186.477967
162,10,1163.291637
162,10,1163.291637
162,10,1163.291637
162,10,1163.291637
162,10,1163.291637
162,10,1163.291637
162,10,1163.291637
162,10,1163.291637
162,10,1163.291637
162,10,1163.291637
162,10,1163.291637
162,10,1163.291637
162,10,1163.291637
162,10,1163.291637
163,6,1250.391789
163,6,1250.391789
163,6,1250.391789
163,6,1250.391789
163,6,1250.391789
163,6,1250.391789
163,6,1250.391789
163,6,1250.391789
163,6,1250.391789
163,6,1250.391789
163,6,1250.391789
163,6,1250.391789
163,6,1250.391789
163,6,1250.391789
163,6,1250.391789
163,6,1250.391789
163,6,1250.391789
163,6,1250.391789
163,7,1210.839915
163,7,1210.839915
163,7,1210.839915
163,7,1210.839915
163,7,1210.839915
163,7,1210.839915
163,7,1210.839915
163,7,1210.839915
163,7,1210.839915
163,7,1210.839915
163,7,1210.839915
163,7,1210.839915
163,7,1210.839915
163,7,1210.839915
163,7,1210.839915
163,7,1210.839915
163,7,1210.839915
163,7,1210.839915
163,7,1210.839915
163,7,1210.839915
163,7,1210.839915
163,7,1210.839915
163,7,1210.839915
163,7,1210.839915
163,7,1210.839915
163,7,1210.839915
163,7,1210.839915
163,7,1210.839915
163,7,1210.839915
163,7,1210.839915
163,7,1210.839915
163,7,1210.839915
163,7,1210.839915
163,7,1210.839915
163,7,1210.839915
163,7,1210.839915
163,7,1210.839915
163,7,1210.839915
163,7,1210.839915
163,7,1210.839915
163,7,1210.839915
163,7,1210.839915
163,7,1210.839915
163,8,1186.477967
163,8,1186.477967
163,8,1186.477967
163,8,1186.477967
163,8,1186.477967
163,10,1163.291637
163,10,1163.291637
163,10,1163.291637
163,10,1163.291637
163,10,1163.291637
163,10,1163.291637
163,10,1163.291637
163,10,1163.291637
163,10,1163.291637
163,10,1163.291637
163,10,1163.291637
163,10,1163.291637
163,10,1163.291637
163,10,1163.291637
163,10,1163.291637
164,6,1250.391789
164,6,1250.391789
164,6,1250.391789
164,6,1250.391789
164,6,1250.391789
164,6,1250.391789
164,6,1250.391789
164,6,1250.391789
164,6,1250.391789
164,6,1250.391789
164,6,1250.391789
164,6,1250.391789
164,6,1250.391789
164,6,1250.391789
164,6,1250.391789
164,6,1250.391789
164,6,1250.391789
164,6,1250.391789
164,6,1250.391789
164,7,1210.839915
164,7,1210.839915
164,7,1210.839915
164,7,1210.839915
164,7,1210.839915
164,7,1210.839915
164,7,1210.839915
164,7,1210.839915
164,7,1210.839915
164,7,1210.839915
164,7,1210.839915
164,7,1210.839915
164,7,1210.839915
164,7,1210.839915
164,7,1210.839915
164,7,1210.839915
164,7,1210.839915
164,7,1210.839915
164,7,1210.839915
164,7,1210.839915
164,7,1210.839915
164,7,1210.839915
164,7,1210.839915
164,7,1210.839915
164,7,1210.839915
164,7,1210.839915
164,7,1210.839915
164,7,1210.839915
164,7,1210.839915
164,7,1210.839915
164,7,1210.839915
164,7,1210.839915
164,7,1210.839915
164,7,1210.839915
164,7,1210.839915
164,7,1210.839915
164,7,1210.839915
164,7,1210.839915
164,7,1210.839915
164,7,1210.839915
164,7,1210.839915
164,7,1210.839915
164,7,1210.839915
164,7,1210.839915
164,8,1186.477967
164,8,1186.477967
164,8,1186.477967
164,8,1186.477967
164,8,1186.477967
164,8,1186.477967
164,10,1163.291637
164,10,1163.291637
164,10,1163.291637
164,10,1163.291637
164,10,1163.291637
164,10,1163.291637
164,10,1163.291637
164,10,1163.291637
164,10,1163.291637
164,10,1163.291637
164,10,1163.291637
164,10,1163.291637
164,10,1163.291637
164,10,1163.291637
164,10,1163.291637
164,10,1163.291637
164,12,1159.058780
165,6,1250.391789
165,6,1250.391789
165,6,1250.391789
165,6,1250.391789
165,6,1250.391789
165,6,1250.391789
165,6,1250.391789
165,6,1250.391789
165,6,1250.391789
165,6,1250.391789
165,6,1250.391789
165,6,1250.391789
165,6,1250.391789
165,6,1250.391789
165,6,1250.391789
165,6,1250.391789
165,6,1250.391789
165,6,1250.391789
165,6,1250.391789
165,6,1250.391789
165,7,1210.839915
165,7,1210.839915
165,7,1210.839915
165,7,1210.839915
165,7,1210.839915
165,7,1210.839915
165,7,1210.839915
165,7,1210.839915
165,7,1210.839915
165,7,1210.839915
165,7,1210.839915
165,7,1210.839915
165,7,1210.839915
165,7,1210.839915
165,7,1210.839915
165,7,1210.839915
165,7,1210.839915
165,7,1210.839915
165,7,1210.839915
165,7,1210.839915
165,7,1210.839915
165,7,1210.839915
165,7,1210.839915
165,7,1210.839915
165,7,1210.839915
165,7,1210.839915
165,7,1210.839915
165,7,1210.839915
165,7,1210.839915
165,7,1210.839915
165,7,1210.839915
165,7,1210.839915
165,7,1210.839915
165,7,1210.839915
165,7,1210.839915
165,7,1210.839915
165,7,1210.839915
165,7,1210.839915
165,7,1210.839915
165,7,1210.839915
165,7,1210.839915
165,7,1210.839915
165,7,1210.839915
165,7,1210.839915
165,7,1210.839915
165,8,1186.477967
165,8,1186.477967
165,8,1186.477967
165,8,1186.477967
165,8,1186.477967
165,8,1186.477967
165,8,1186.477967
165,10,1163.291637
165,10,1163.291637
165,10,1163.291637
165,10,1163.291637
165,10,1163.291637
165,10,1163.291637
165,10,1163.291637
165,10,1163.291637
165,10,1163.291637
165,10,1163.291637
165,10,1163.291637
165,10,1163.291637
165,10,1163.291637
165,10,1163.291637
165,10,1163.291637
165,10,1163.291637
165,10,1163.291637
165,12,1159.058780
165,12,1159.058780
166,6,1250.391789
166,6,1250.391789
166,6,1250.391789
166,6,1250.391789
166,6,1250.391789
166,6,1250.391789
166,6,1250.391789
166,6,1250.391789
166,6,1250.391789
166,6,1250.391789
166,6,1250.391789
166,6,1250.391789
166,6,1250.391789
166,6,1250.391789
166,6,1250.391789
166,6,1250.391789
166,6,1250.391789
166,6,1250.391789
166,6,1250.391789
166,6,1250.391789
166,6,1250.391789
166,7,1209.109939
166,8,1176.172402
166,10,1163.291637
166,10,1163.291637
166,10,1163.291637
166,10,1163.291637
166,10,1163.291637
166,10,1163.291637
166,10,1163.291637
166,10,1163.291637
166,10,1163.291637
166,10,1163.291637
166,10,1163.291637
166,10,1163.291637
166,10,1163.291637
166,10,1163.291637
166,10,1163.291637
166,10,1163.291637
166,10,1163.291637
166,10,1163.291637
166,12,1159.058780
166,12,1159.058780
166,12,1159.058780
167,6,1250.391789
167,6,1250.391789
167,6,1250.391789
167,6,1250.391789
167,6,1250.391789
167,6,1250.391789
167,6,1250.391789
167,6,1250.391789
167,6,1250.391789
167,6,1250.391789
167,6,1250.391789
167,6,1250.391789
167,6,1250.391789
167,6,1250.391789
167,6,1250.391789
167,6,1250.391789
167,6,1250.391789
167,6,1250.391789
167,6,1250.391789
167,6,1250.391789
167,6,1250.391789
167,6,1250.391789
167,7,1209.109939
167,7,1209.109939
167,7,1209.109939
167,8,1176.172402
167,8,1176.172402
167,10,1163.291637
167,10,1163.291637
167,10,1163.291637
167,10,1163.291637
167,10,1163.291637
167,10,1163.291637
167,10,1163.291637
167,10,1163.291637
167,10,1163.291637
167,10,1163.291637
167,10,1163.291637
167,10,1163.291637
167,10,1163.291637
167,10,1163.291637
167,10,1163.291637
167,10,1163.291637
167,10,1163.291637
167,10,1163.291637
167,10,1163.291637
167,12,1159.058780
167,12,1159.058780
167,12,1159.058780
167,12,1159.058780
168,6,1250.391789
168,6,1250.391789
168,6,1250.391789
168,6,1250.391789
168,6,1250.391789
168,6,1250.391789
168,6,1250.391789
168,6,1250.391789
168,6,1250.391789
168,6,1250.391789
168,6,1250.391789
168,6,1250.391789
168,6,1250.391789
168,6,1250.391789
168,6,1250.391789
168,6,1250.391789
168,6,1250.391789
168,6,1250.391789
168,6,1250.391789
168,6,1250.391789
168,6,1250.391789
168,6,1250.391789
168,6,1250.391789
168,7,1209.109939
168,7,1209.109939
168,7,1209.109939
168,7,1209.109939
168,7,1209.109939
168,8,1176.172402
168,8,1176.172402
168,8,1176.172402
168,10,1163.291637
168,10,1163.291637
168,10,1163.291637
168,10,1163.291637
168,10,1163.291637
168,10,1163.291637
168,10,1163.291637
168,10,1163.291637
168,10,1163.291637
168,10,1163.291637
168,10,1163.291637
168,10,1163.291637
168,10,1163.291637
168,10,1163.291637
168,10,1163.291637
168,10,1163.291637
168,10,1163.291637
168,10,1163.291637
168,10,1163.291637
168,10,1163.291637
168,12,1159.058780
168,12,1159.058780
168,12,1159.058780
168,12,1159.058780
168,12,1159.058780
169,6,1250.391789
169,6,1250.391789
169,6,1250.391789
169,6,1250.391789
169,6,1250.391789
169,6,1250.391789
169,6,1250.391789
169,6,1250.391789
169,6,1250.391789
169,6,1250.391789
169,6,1250.391789
169,6,1250.391789
169,6,1250.391789
169,6,1250.391789
169,6,1250.391789
169,6,1250.391789
169,6,1250.391789
169,6,1250.391789
169,6,1250.391789
169,6,1250.391789
169,6,1250.391789
169,6,1250.391789
169,6,1250.391789
169,6,1250.391789
169,7,1209.109939
169,7,1209.109939
169,7,1209.109939
169,7,1209.109939
169,7,1209.109939
169,7,1209.109939
169,7,1209.109939
169,8,1176.172402
169,8,1176.172402
169,8,1176.172402
169,8,1176.172402
169,8,1176.172402
169,10,1163.291637
169,10,1163.291637
169,10,1163.291637
169,10,1163.291637
169,10,1163.291637
169,10,1163.291637
169,10,1163.291637
169,10,1163.291637
169,10,1163.291637
169,10,1163.291637
169,10,1163.291637
169,10,1163.291637
169,10,1163.291637
169,10,1163.291637
169,10,1163.291637
169,10,1163.291637
169,10,1163.291637
169,10,1163.291637
169,10,1163.291637
169,10,1163.291637
169,10,1163.291637
169,12,1159.058780
169,12,1159.058780
169,12,1159.058780
169,12,1159.058780
169,12,1159.058780
169,12,1159.058780
170,6,1248.057927
170,7,1209.109939
170,7,1209.109939
170,7,1209.109939
170,7,1209.109939
170,7,1209.109939
170,7,1209.109939
170,7,1209.109939
170,7,1209.109939
170,7,1209.109939
170,8,1176.172402
170,8,1176.172402
170,8,1176.172402
170,8,1176.172402
170,8,1176.172402
170,8,1176.172402
170,8,1176.172402
170,10,1163.291637
170,10,1163.291637
170,10,1163.291637
170,10,1163.291637
170,10,1163.291637
170,10,1163.291637
170,10,1163.291637
170,10,1163.291637
170,10,1163.291637
170,10,1163.291637
170,10,1163.291637
170,10,1163.291637
170,10,1163.291637
170,10,1163.291637
170,10,1163.291637
170,10,1163.291637
170,10,1163.291637
170,10,1163.291637
170,10,1163.291637
170,10,1163.291637
170,10,1163.291637
170,10,1163.291637
170,12,1159.058780
170,12,1159.058780
170,12,1159.058780
170,12,1159.058780
170,12,1159.058780
170,12,1159.058780
170,12,1159.058780
171,6,1236.971817
171,7,1209.109939
171,7,1209.109939
171,7,1209.109939
171,7,1209.109939
171,7,1209.109939
171,7,1209.109939
171,7,1209.109939
171,7,1209.109939
171,7,1209.109939
171,7,1209.109939
171,7,1209.109939
171,8,1176.172402
171,8,1176.172402
171,8,1176.172402
171,8,1176.172402
171,8,1176.172402
171,8,1176.172402
171,8,1176.172402
171,8,1176.172402
171,8,1176.172402
171,10,1163.291637
171,10,1163.291637
171,10,1163.291637
171,10,1163.291637
171,10,1163.291637
171,10,1163.291637
171,10,1163.291637
171,10,1163.291637
171,10,1163.291637
171,10,1163.291637
171,10,1163.291637
171,10,1163.291637
171,10,1163.291637
171,10,1163.291637
171,10,1163.291637
171,10,1163.291637
171,10,1163.291637
171,10,1163.291637
171,10,1163.291637
171,10,1163.291637
171,10,1163.291637
171,10,1163.291637
171,10,1163.291637
171,11,1159.954162
171,12,1159.058780
171,12,1159.058780
171,12,1159.058780
171,12,1159.058780
171,12,1159.058780
171,12,1159.058780
171,12,1159.058780
171,12,1159.058780
172,6,1236.971817
172,6,1236.971817
172,7,1209.109939
172,7,1209.109939
172,7,1209.109939
172,7,1209.109939
172,7,1209.109939
172,7,1209.109939
172,7,1209.109939
172,7,1209.109939
172,7,1209.109939
172,7,1209.109939
172,7,1209.109939
172,7,1209.109939
172,7,1209.109939
172,8,1176.172402
172,8,1176.172402
172,8,1176.172402
172,8,1176.172402
172,8,1176.172402
172,8,1176.172402
172,8,1176.172402
172,8,1176.172402
172,8,1176.172402
172,8,1176.172402
172,8,1176.172402
172,10,1163.291637
172,10,1163.291637
172,10,1163.291637
172,10,1163.291637
172,10,1163.291637
172,10,1163.291637
172,10,1163.291637
172,10,1163.291637
172,10,1163.291637
172,10,1163.291637
172,10,1163.291637
172,10,1163.291637
172,10,1163.291637
172,10,1163.291637
172,10,1163.291637
172,10,1163.291637
172,10,1163.291637
172,10,1163.291637
172,10,1163.291637
172,10,1163.291637
172,10,1163.291637
172,10,1163.291637
172,10,1163.291637
172,10,1163.291637
172,11,1159.954162
172,11,1159.954162
172,12,1159.058780
172,12,1159.058780
172,12,1159.058780
172,12,1159.058780
172,12,1159.058780
172,12,1159.058780
172,12,1159.058780
172,12,1159.058780
172,12,1159.058780
173,6,1223.698642
173,7,1209.109939
173,7,1209.109939
173,7,1209.109939
173,7,1209.109939
173,7,1209.109939
173,7,1209.109939
173,7,1209.109939
173,7,1209.109939
173,7,1209.109939
173,7,1209.109939
173,7,1209.109939
173,7,1209.109939
173,7,1209.109939
173,7,1209.109939
173,7,1209.109939
173,8,1176.172402
173,8,1176.172402
173,8,1176.172402
173,8,1176.172402
173,8,1176.172402
173,8,1176.172402
173,8,1176.172402
173,8,1176.172402
173,8,1176.172402
173,8,1176.172402
173,8,1176.172402
173,8,1176.172402
173,8,1176.172402
173,10,1163.291637
173,10,1163.291637
173,10,1163.291637
173,10,1163.291637
173,10,1163.291637
173,10,1163.291637
173,10,1163.291637
173,10,1163.291637
173,10,1163.291637
173,10,1163.291637
173,10,1163.291637
173,10,1163.291637
173,10,1163.291637
173,10,1163.291637
173,10,1163.291637
173,10,1163.291637
173,10,1163.291637
173,10,1163.291637
173,10,1163.291637
173,10,1163.291637
173,10,1163.291637
173,10,1163.291637
173,10,1163.291637
173,10,1163.291637
173,10,1163.291637
173,11,1159.954162
173,11,1159.954162
173,11,1159.954162
173,12,1159.058780
173,12,1159.058780
173,12,1159.058780
173,12,1159.058780
173,12,1159.058780
173,12,1159.058780
173,12,1159.058780
173,12,1159.058780
173,12,1159.058780
173,12,1159.058780
174,6,1223.698642
174,6,1223.698642
174,7,1209.109939
174,7,1209.109939
174,7,1209.109939
174,7,1209.109939
174,7,1209.109939
174,7,1209.109939
174,7,1209.109939
174,7,1209.109939
174,7,1209.109939
174,7,1209.109939
174,7,1209.109939
174,7,1209.109939
174,7,1209.109939
174,7,1209.109939
174,7,1209.109939
174,7,1209.109939
174,7,1209.109939
174,8,1176.172402
174,8,1176.172402
174,8,1176.172402
174,8,1176.172402
174,8,1176.172402
174,8,1176.172402
174,8,1176.172402
174,8,1176.172402
174,8,1176.172402
174,8,1176.172402
174,8,1176.172402
174,8,1176.172402
174,8,1176.172402
174,8,1176.172402
174,8,1176.172402
174,10,1163.291637
174,10,1163.291637
174,10,1163.291637
174,10,1163.291637
174,10,1163.291637
174,10,1163.291637
174,10,1163.291637
174,10,1163.291637
174,10,1163.291637
174,10,1163.291637
174,10,1163.291637
174,10,1163.291637
174,10,1163.291637
174,10,1163.291637
174,10,1163.291637
174,10,1163.291637
174,10,1163.291637
174,10,1163.291637
174,10,1163.291637
174,10,1163.291637
174,10,1163.291637
174,10,1163.291637
174,10,1163.291637
174,10,1163.291637
174,10,1163.291637
174,10,1163.291637
174,11,1159.954162
174,11,1159.954162
174,11,1159.954162
174,11,1159.954162
174,11,1159.954162
174,12,1159.058780
174,12,1159.058780
174,12,1159.058780
174,12,1159.058780
174,12,1159.058780
174,12,1159.058780
174,12,1159.058780
174,12,1159.058780
174,12,1159.058780
174,12,1159.058780
174,12,1159.058780
175,6,1223.698642
175,6,1223.698642
175,6,1223.698642
175,7,1209.109939
175,7,1209.109939
175,7,1209.109939
175,7,1209.109939
175,7,1209.109939
175,7,1209.109939
175,7,1209.109939
175,7,1209.109939
175,7,1209.109939
175,7,1209.109939
175,7,1209.109939
175,7,1209.109939
175,7,1209.109939
175,7,1209.109939
175,7,1209.109939
175,7,1209.109939
175,7,1209.109939
175,7,1209.109939
175,7,1209.109939
175,8,1176.172402
175,8,1176.172402
175,8,1176.172402
175,8,1176.172402
175,8,1176.172402
175,8,1176.172402
175,8,1176.172402
175,8,1176.172402
175,8,1176.172402
175,8,1176.172402
175,8,1176.172402
175,8,1176.172402
175,8,1176.172402
175,8,1176.172402
175,8,1176.172402
175,8,1176.172402
175,8,1176.172402
175,10,1163.291637
175,10,1163.291637
175,10,1163.291637
175,10,1163.291637
175,10,1163.291637
175,10,1163.291637
175,10,1163.291637
175,10,1163.291637
175,10,1163.291637
175,10,1163.291637
175,10,1163.291637
175,10,1163.291637
175,10,1163.291637
175,10,1163.291637
175,10,1163.291637
175,10,1163.291637
175,10,1163.291637
175,10,1163.291637
175,10,1163.291637
175,10,1163.291637
175,10,1163.291637
175,10,1163.291637
175,10,1163.291637
175,10,1163.291637
175,10,1163.291637
175,10,1163.291637
175,10,1163.291637
175,11,1159.954162
175,11,1159.954162
175,11,1159.954162
175,11,1159.954162
175,11,1159.954162
175,11,1159.954162
175,11,1159.954162
175,11,1159.954162
175,12,1159.058780
175,12,1159.058780
175,12,1159.058780
175,12,1159.058780
175,12,1159.058780
175,12,1159.058780
175,12,1159.058780
175,12,1159.058780
175,12,1159.058780
175,12,1159.058780
175,12,1159.058780
175,12,1159.058780
176,6,1223.698642
176,6,1223.698642
176,6,1223.698642
176,6,1223.698642
176,7,1209.109939
176,7,1209.109939
176,7,1209.109939
176,7,1209.109939
176,7,1209.109939
176,7,1209.109939
176,7,1209.109939
176,7,1209.109939
176,7,1209.109939
176,7,1209.109939
176,7,1209.109939
176,7,1209.109939
176,7,1209.109939
176,7,1209.109939
176,7,1209.109939
176,7,1209.109939
176,7,1209.109939
176,7,1209.109939
176,7,1209.109939
176,7,1209.109939
176,7,1209.109939
176,8,1176.172402
176,8,1176.172402
176,8,1176.172402
176,8,1176.172402
176,8,1176.172402
176,8,1176.172402
176,8,1176.172402
176,8,1176.172402
176,8,1176.172402
176,8,1176.172402
176,8,1176.172402
176,8,1176.172402
176,8,1176.172402
176,8,1176.172402
176,8,1176.172402
176,8,1176.172402
176,8,1176.172402
176,8,1176.172402
176,8,1176.172402
176,10,1163.291637
176,10,1163.291637
176,10,1163.291637
176,10,1163.291637
176,10,1163.291637
176,10,1163.291637
176,10,1163.291637
176,10,1163.291637
176,10,1163.291637
176,10,1163.291637
176,10,1163.291637
176,10,1163.291637
176,10,1163.291637
176,10,1163.291637
176,10,1163.291637
176,10,1163.291637
176,10,1163.291637
176,10,1163.291637
176,10,1163.291637
176,10,1163.291637
176,10,1163.291637
176,10,1163.291637
176,10,1163.291637
176,10,1163.291637
176,10,1163.291637
176,10,1163.291637
176,10,1163.291637
176,10,1163.291637
176,11,1155.603317
177,6,1223.698642
177,6,1223.698642
177,6,1223.698642
177,6,1223.698642
177,6,1223.698642
177,7,1209.109939
177,7,1209.109939
177,7,1209.109939
177,7,1209.109939
177,7,1209.109939
177,7,1209.109939
177,7,1209.109939
177,7,1209.109939
177,7,1209.109939
177,7,1209.109939
177,7,1209.109939
177,7,1209.109939
177,7,1209.109939
177,7,1209.109939
177,7,1209.109939
177,7,1209.109939
177,7,1209.109939
177,7,1209.109939
177,7,1209.109939
177,7,1209.109939
177,7,1209.109939
177,7,1209.109939
177,7,1209.109939
177,8,1176.172402
177,8,1176.172402
177,8,1176.172402
177,8,1176.172402
177,8,1176.172402
177,8,1176.172402
177,8,1176.172402
177,8,1176.172402
177,8,1176.172402
177,8,1176.172402
177,8,1176.172402
177,8,1176.172402
177,8,1176.172402
177,8,1176.172402
177,8,1176.172402
177,8,1176.172402
177,8,1176.172402
177,8,1176.172402
177,8,1176.172402
177,8,1176.172402
177,8,1176.172402
177,10,1163.291637
177,10,1163.291637
177,10,1163.291637
177,10,1163.291637
177,10,1163.291637
177,10,1163.291637
177,10,1163.291637
177,10,1163.291637
177,10,1163.291637
177,10,1163.291637
177,10,1163.291637
177,10,1163.291637
177,10,1163.291637
177,10,1163.291637
177,10,1163.291637
177,10,1163.291637
177,10,1163.291637
177,10,1163.291637
177,10,1163.291637
177,10,1163.291637
177,10,1163.291637
177,10,1163.291637
177,10,1163.291637
177,10,1163.291637
177,10,1163.291637
177,10,1163.291637
177,10,1163.291637
177,10,1163.291637
177,10,1163.291637
177,11,1155.603317
177,11,1155.603317
178,6,1223.698642
178,6,1223.698642
178,6,1223.698642
178,6,1223.698642
178,6,1223.698642
178,6,1223.698642
178,7,1209.109939
178,7,1209.109939
178,7,1209.109939
178,7,1209.109939
178,7,1209.109939
178,7,1209.109939
178,7,1209.109939
178,7,1209.109939
178,7,1209.109939
178,7,1209.109939
178,7,1209.109939
178,7,1209.109939
178,7,1209.109939
178,7,1209.109939
178,7,1209.109939
178,7,1209.109939
178,7,1209.109939
178,7,1209.109939
178,7,1209.109939
178,7,1209.109939
178,7,1209.109939
178,7,1209.109939
178,7,1209.109939
178,7,1209.109939
178,7,1209.109939
178,8,1176.172402
178,8,1176.172402
178,8,1176.172402
178,8,1176.172402
178,8,1176.172402
178,8,1176.172402
178,8,1176.172402
178,8,1176.172402
178,8,1176.172402
178,8,1176.172402
178,8,1176.172402
178,8,1176.172402
178,8,1176.172402
178,8,1176.172402
178,8,1176.172402
178,8,1176.172402
178,8,1176.172402
178,8,1176.172402
178,8,1176.172402
178,8,1176.172402
178,8,1176.172402
178,8,1176.172402
178,8,1176.172402
178,10,1163.291637
178,10,1163.291637
178,10,1163.291637
178,10,1163.291637
178,10,1163.291637
178,10,1163.291637
178,10,1163.291637
178,10,1163.291637
178,10,1163.291637
178,10,1163.291637
178,10,1163.291637
178,10,1163.291637
178,10,1163.291637
178,10,1163.291637
178,10,1163.291637
178,10,1163.291637
178,10,1163.291637
178,10,1163.291637
178,10,1163.291637
178,10,1163.291637
178,10,1163.291637
178,10,1163.291637
178,10,1163.291637
178,10,1163.291637
178,10,1163.291637
178,10,1163.291637
178,10,1163.291637
178,10,1163.291637
178,10,1163.291637
178,10,1163.291637
178,11,1155.603317
178,11,1155.603317
178,11,1155.603317
179,6,1223.698642
179,6,1223.698642
179,6,1223.698642
179,6,1223.698642
179,6,1223.698642
179,6,1223.698642
179,6,1223.698642
179,7,1182.747181
179,8,1176.172402
179,8,1176.172402
179,8,1176.172402
179,8,1176.172402
179,8,1176.172402
179,8,1176.172402
179,8,1176.172402
179,8,1176.172402
179,8,1176.172402
179,8,1176.172402
179,8,1176.172402
179,8,1176.172402
179,8,1176.172402
179,8,1176.172402
179,8,1176.172402
179,8,1176.172402
179,8,1176.172402
179,8,1176.172402
179,8,1176.172402
179,8,1176.172402
179,8,1176.172402
179,8,1176.172402
179,8,1176.172402
179,8,1176.172402
179,8,1176.172402
179,10,1163.291637
179,10,1163.291637
179,10,1163.291637
179,10,1163.291637
179,10,1163.291637
179,10,1163.291637
179,10,1163.291637
179,10,1163.291637
179,10,1163.291637
179,10,1163.291637
179,10,1163.291637
179,10,1163.291637
179,10,1163.291637
179,10,1163.291637
179,10,1163.291637
179,10,1163.291637
179,10,1163.291637
179,10,1163.291637
179,10,1163.291637
179,10,1163.291637
179,10,1163.291637
179,10,1163.291637
179,10,1163.291637
179,10,1163.291637
179,10,1163.291637
179,10,1163.291637
179,10,1163.291637
179,10,1163.291637
179,10,1163.291637
179,10,1163.291637
179,10,1163.291637
179,11,1155.603317
179,11,1155.603317
179,11,1155.603317
179,11,1155.603317
180,6,1223.698642
180,6,1223.698642
180,6,1223.698642
180,6,1223.698642
180,6,1223.698642
180,6,1223.698642
180,6,1223.698642
180,6,1223.698642
180,7,1182.747181
180,7,1182.747181
180,8,1176.172402
180,8,1176.172402
180,8,1176.172402
180,8,1176.172402
180,8,1176.172402
180,8,1176.172402
180,8,1176.172402
180,8,1176.172402
180,8,1176.172402
180,8,1176.172402
180,8,1176.172402
180,8,1176.172402
180,8,1176.172402
180,8,1176.172402
180,8,1176.172402
180,8,1176.172402
180,8,1176.172402
180,8,1176.172402
180,8,1176.172402
180,8,1176.172402
180,8,1176.172402
180,8,1176.172402
180,8,1176.172402
180,8,1176.172402
180,8,1176.172402
180,8,1176.172402
180,8,1176.172402
180,10,1163.291637
180,10,1163.291637
180,10,1163.291637
180,10,1163.291637
180,10,1163.291637
180,10,1163.291637
180,10,1163.291637
180,10,1163.291637
180,10,1163.291637
180,10,1163.291637
180,10,1163.291637
180,10,1163.291637
180,10,1163.291637
180,10,1163.291637
180,10,1163.291637
180,10,1163.291637
180,10,1163.291637
180,10,1163.291637
180,10,1163.291637
180,10,1163.291637
180,10,1163.291637
180,10,1163.291637
180,10,1163.291637
180,10,1163.291637
180,10,1163.291637
180,10,1163.291637
180,10,1163.291637
180,10,1163.291637
180,10,1163.291637
180,10,1163.291637
180,10,1163.291637
180,10,1163.291637
180,11,1155.603317
180,11,1155.603317
180,11,1155.603317
180,11,1155.603317
180,11,1155.603317
181,6,1223.698642
181,6,1223.698642
181,6,1223.698642
181,6,1223.698642
181,6,1223.698642
181,6,1223.698642
181,6,1223.698642
181,6,1223.698642
181,6,1223.698642
181,7,1182.747181
181,7,1182.747181
181,7,1182.747181
181,8,1176.172402
181,8,1176.172402
181,8,1176.172402
181,8,1176.172402
181,8,1176.172402
181,8,1176.172402
181,8,1176.172402
181,8,1176.172402
181,8,1176.172402
181,8,1176.172402
181,8,1176.172402
181,8,1176.172402
181,8,1176.172402
181,8,1176.172402
181,8,1176.172402
181,8,1176.172402
181,8,1176.172402
181,8,1176.172402
181,8,1176.172402
181,8,1176.172402
181,8,1176.172402
181,8,1176.172402
181,8,1176.172402
181,8,1176.172402
181,8,1176.172402
181,8,1176.172402
181,8,1176.172402
181,8,1176.172402
181,8,1176.172402
181,10,1163.291637
181,10,1163.291637
181,10,1163.291637
181,10,1163.291637
181,10,1163.291637
181,10,1163.291637
181,10,1163.291637
181,10,1163.291637
181,10,1163.291637
181,10,1163.291637
181,10,1163.291637
181,10,1163.291637
181,10,1163.291637
181,10,1163.291637
181,10,1163.291637
181,10,1163.291637
181,10,1163.291637
181,10,1163.291637
181,10,1163.291637
181,10,1163.291637
181,10,1163.291637
181,10,1163.291637
181,10,1163.291637
181,10,1163.291637
181,10,1163.291637
181,10,1163.291637
181,10,1163.291637
181,10,1163.291637
181,10,1163.291637
181,10,1163.291637
181,10,1163.291637
181,10,1163.291637
181,10,1163.291637
181,11,1155.603317
181,11,1155.603317
181,11,1155.603317
181,11,1155.603317
181,11,1155.603317
181,11,1155.603317
182,6,1223.698642
182,6,1223.698642
182,6,1223.698642
182,6,1223.698642
182,6,1223.698642
182,6,1223.698642
182,6,1223.698642
182,6,1223.698642
182,6,1223.698642
182,6,1223.698642
182,7,1182.747181
182,7,1182.747181
182,7,1182.747181
182,7,1182.747181
182,8,1156.818455
182,11,1155.603317
182,11,1155.603317
182,11,1155.603317
182,11,1155.603317
182,11,1155.603317
182,11,1155.603317
182,11,1155.603317
183,6,1216.411848
183,7,1182.747181
183,7,1182.747181
183,7,1182.747181
183,7,1182.747181
183,7,1182.747181
183,8,1156.818455
183,8,1156.818455
183,11,1155.603317
183,11,1155.603317
183,11,1155.603317
183,11,1155.603317
183,11,1155.603317
183,11,1155.603317
183,11,1155.603317
183,11,1155.603317
184,6,1216.411848
184,6,1216.411848
184,7,1182.747181
184,7,1182.747181
184,7,1182.747181
184,7,1182.747181
184,7,1182.747181
184,7,1182.747181
184,8,1156.818455
184,8,1156.818455
184,8,1156.818455
184,11,1155.603317
184,11,1155.603317
184,11,1155.603317
184,11,1155.603317
184,11,1155.603317
184,11,1155.603317
184,11,1155.603317
184,11,1155.603317
184,11,1155.603317
185,6,1193.222486
185,7,1182.747181
185,7,1182.747181
185,7,1182.747181
185,7,1182.747181
185,7,1182.747181
185,7,1182.747181
185,7,1182.747181
185,8,1156.818455
185,8,1156.818455
185,8,1156.818455
185,8,1156.818455
185,11,1155.603317
185,11,1155.603317
185,11,1155.603317
185,11,1155.603317
185,11,1155.603317
185,11,1155.603317
185,11,1155.603317
185,11,1155.603317
185,11,1155.603317
185,11,1155.603317
186,6,1193.222486
186,6,1193.222486
186,7,1182.747181
186,7,1182.747181
186,7,1182.747181
186,7,1182.747181
186,7,1182.747181
186,7,1182.747181
186,7,1182.747181
186,7,1182.747181
186,8,1156.818455
186,8,1156.818455
186,8,1156.818455
186,8,1156.818455
186,8,1156.818455
186,11,1155.603317
186,11,1155.603317
186,11,1155.603317
186,11,1155.603317
186,11,1155.603317
186,11,1155.603317
186,11,1155.603317
186,11,1155.603317
186,11,1155.603317
186,11,1155.603317
186,11,1155.603317
187,6,1193.222486
187,6,1193.222486
187,6,1193.222486
187,7,1182.747181
187,7,1182.747181
187,7,1182.747181
187,7,1182.747181
187,7,1182.747181
187,7,1182.747181
187,7,1182.747181
187,7,1182.747181
187,7,1182.747181
187,8,1156.818455
187,8,1156.818455
187,8,1156.818455
187,8,1156.818455
187,8,1156.818455
187,8,1156.818455
187,11,1155.603317
187,11,1155.603317
187,11,1155.603317
187,11,1155.603317
187,11,1155.603317
187,11,1155.603317
187,11,1155.603317
187,11,1155.603317
187,11,1155.603317
187,11,1155.603317
187,11,1155.603317
187,11,1155.603317
188,6,1193.222486
188,6,1193.222486
188,6,1193.222486
188,6,1193.222486
188,7,1182.747181
188,7,1182.747181
188,7,1182.747181
188,7,1182.747181
188,7,1182.747181
188,7,1182.747181
188,7,1182.747181
188,7,1182.747181
188,7,1182.747181
188,7,1182.747181
188,8,1156.818455
188,8,1156.818455
188,8,1156.818455
188,8,1156.818455
188,8,1156.818455
188,8,1156.818455
188,8,1156.818455
188,11,1155.603317
188,11,1155.603317
188,11,1155.603317
188,11,1155.603317
188,11,1155.603317
188,11,1155.603317
188,11,1155.603317
188,11,1155.603317
188,11,1155.603317
188,11,1155.603317
188,11,1155.603317
188,11,1155.603317
188,11,1155.603317
189,6,1193.222486
189,6,1193.222486
189,6,1193.222486
189,6,1193.222486
189,6,1193.222486
189,7,1182.747181
189,7,1182.747181
189,7,1182.747181
189,7,1182.747181
189,7,1182.747181
189,7,1182.747181
189,7,1182.747181
189,7,1182.747181
189,7,1182.747181
189,7,1182.747181
189,7,1182.747181
189,8,1156.818455
189,8,1156.818455
189,8,1156.818455
189,8,1156.818455
189,8,1156.818455
189,8,1156.818455
189,8,1156.818455
189,8,1156.818455
189,11,1155.603317
189,11,1155.603317
189,11,1155.603317
189,11,1155.603317
189,11,1155.603317
189,11,1155.603317
189,11,1155.603317
189,11,1155.603317
189,11,1155.603317
189,11,1155.603317
189,11,1155.603317
189,11,1155.603317
189,11,1155.603317
189,11,1155.603317
190,6,1193.222486
190,6,1193.222486
190,6,1193.222486
190,6,1193.222486
190,6,1193.222486
190,6,1193.222486
190,7,1182.747181
190,7,1182.747181
190,7,1182.747181
190,7,1182.747181
190,7,1182.747181
190,7,1182.747181
190,7,1182.747181
190,7,1182.747181
190,7,1182.747181
190,7,1182.747181
190,7,1182.747181
190,7,1182.747181
190,8,1156.818455
190,8,1156.818455
190,8,1156.818455
190,8,1156.818455
190,8,1156.818455
190,8,1156.818455
190,8,1156.818455
190,8,1156.818455
190,8,1156.818455
190,11,1155.603317
190,11,1155.603317
190,11,1155.603317
190,11,1155.603317
190,11,1155.603317
190,11,1155.603317
190,11,1155.603317
190,11,1155.603317
190,11,1155.603317
190,11,1155.603317
190,11,1155.603317
190,11,1155.603317
190,11,1155.603317
190,11,1155.603317
190,11,1155.603317
191,6,1193.222486
191,6,1193.222486
191,6,1193.222486
191,6,1193.222486
191,6,1193.222486
191,6,1193.222486
191,6,1193.222486
191,7,1182.747181
191,7,1182.747181
191,7,1182.747181
191,7,1182.747181
191,7,1182.747181
191,7,1182.747181
191,7,1182.747181
191,7,1182.747181
191,7,1182.747181
191,7,1182.747181
191,7,1182.747181
191,7,1182.747181
191,7,1182.747181
191,8,1156.818455
191,8,1156.818455
191,8,1156.818455
191,8,1156.818455
191,8,1156.818455
191,8,1156.818455
191,8,1156.818455
191,8,1156.818455
191,8,1156.818455
191,8,1156.818455
191,11,1155.502878
192,6,1193.222486
192,6,1193.222486
192,6,1193.222486
192,6,1193.222486
192,6,1193.222486
192,6,1193.222486
192,6,1193.222486
192,6,1193.222486
192,7,1182.747181
192,7,1182.747181
192,7,1182.747181
192,7,1182.747181
192,7,1182.747181
192,7,1182.747181
192,7,1182.747181
192,7,1182.747181
192,7,1182.747181
192,7,1182.747181
192,7,1182.747181
192,7,1182.747181
192,7,1182.747181
192,7,1182.747181
192,8,1148.274423
193,6,1193.222486
193,6,1193.222486
193,6,1193.222486
193,6,1193.222486
193,6,1193.222486
193,6,1193.222486
193,6,1193.222486
193,6,1193.222486
193,6,1193.222486
193,7,1182.747181
193,7,1182.747181
193,7,1182.747181
193,7,1182.747181
193,7,1182.747181
193,7,1182.747181
193,7,1182.747181
193,7,1182.747181
193,7,1182.747181
193,7,1182.747181
193,7,1182.747181
193,7,1182.747181
193,7,1182.747181
193,7,1182.747181
193,7,1182.747181
193,8,1148.274423
193,8,1148.274423
193,8,1148.274423
194,6,1177.848287
194,8,1148.274423
194,8,1148.274423
194,8,1148.274423
194,8,1148.274423
194,8,1148.274423
195,6,1177.848287
195,6,1177.848287
195,8,1122.008432
196,6,1177.848287
196,6,1177.848287
196,6,1177.848287
196,8,1122.008432
196,8,1122.008432
197,6,1177.848287
197,6,1177.848287
197,6,1177.848287
197,6,1177.848287
197,7,1169.067308
197,8,1122.008432
197,8,1122.008432
197,8,1122.008432
198,6,1177.848287
198,6,1177.848287
198,6,1177.848287
198,6,1177.848287
198,6,1177.848287
198,6,1177.848287
198,7,1169.067308
198,7,1169.067308
198,8,1122.008432
198,8,1122.008432
198,8,1122.008432
198,8,1122.008432
199,6,1177.848287
199,6,1177.848287
199,6,1177.848287
199,6,1177.848287
199,6,1177.848287
199,6,1177.848287
199,6,1177.848287
199,6,1177.848287
199,7,1169.067308
199,7,1169.067308
199,7,1169.067308
199,7,1169.067308
199,8,1122.008432
199,8,1122.008432
199,8,1122.008432
199,8,1122.008432
199,8,1122.008432
200,6,1177.848287
200,6,1177.848287
200,6,1177.848287
200,6,1177.848287
200,6,1177.848287
200,6,1177.848287
200,6,1177.848287
200,6,1177.848287
200,6,1177.848287
200,6,1177.848287
200,7,1169.067308
200,7,1169.067308
200,7,1169.067308
200,7,1169.067308
200,7,1169.067308
200,7,1169.067308
200,8,1122.008432
200,8,1122.008432
200,8,1122.008432
200,8,1122.008432
200,8,1122.008432
200,8,1122.008432
201,6,1177.848287
201,6,1177.848287
201,6,1177.848287
201,6,1177.848287
201,6,1177.848287
201,6,1177.848287
201,6,1177.848287
201,6,1177.848287
201,6,1177.848287
201,6,1177.848287
201,6,1177.848287
201,6,1177.848287
201,7,1169.067308
201,7,1169.067308
201,7,1169.067308
201,7,1169.067308
201,7,1169.067308
201,7,1169.067308
201,7,1169.067308
201,7,1169.067308
201,8,1122.008432
201,8,1122.008432
201,8,1122.008432
201,8,1122.008432
201,8,1122.008432
201,8,1122.008432
201,8,1122.008432
202,6,1177.848287
202,6,1177.848287
202,6,1177.848287
202,6,1177.848287
202,6,1177.848287
202,6,1177.848287
202,6,1177.848287
202,6,1177.848287
202,6,1177.848287
202,6,1177.848287
202,6,1177.848287
202,6,1177.848287
202,6,1177.848287
202,6,1177.848287
202,7,1169.067308
202,7,1169.067308
202,7,1169.067308
202,7,1169.067308
202,7,1169.067308
202,7,1169.067308
202,7,1169.067308
202,7,1169.067308
202,7,1169.067308
202,7,1169.067308
202,8,1122.008432
202,8,1122.008432
202,8,1122.008432
202,8,1122.008432
202,8,1122.008432
202,8,1122.008432
202,8,1122.008432
202,8,1122.008432
203,6,1177.848287
203,6,1177.848287
203,6,1177.848287
203,6,1177.848287
203,6,1177.848287
203,6,1177.848287
203,6,1177.848287
203,6,1177.848287
203,6,1177.848287
203,6,1177.848287
203,6,1177.848287
203,6,1177.848287
203,6,1177.848287
203,6,1177.848287
203,6,1177.848287
203,6,1177.848287
203,7,1169.067308
203,7,1169.067308
203,7,1169.067308
203,7,1169.067308
203,7,1169.067308
203,7,1169.067308
203,7,1169.067308
203,7,1169.067308
203,7,1169.067308
203,7,1169.067308
203,7,1169.067308
203,7,1169.067308
203,8,1122.008432
203,8,1122.008432
203,8,1122.008432
203,8,1122.008432
203,8,1122.008432
203,8,1122.008432
203,8,1122.008432
203,8,1122.008432
203,8,1122.008432
204,6,1177.848287
204,6,1177.848287
204,6,1177.848287
204,6,1177.848287
204,6,1177.848287
204,6,1177.848287
204,6,1177.848287
204,6,1177.848287
204,6,1177.848287
204,6,1177.848287
204,6,1177.848287
204,6,1177.848287
204,6,1177.848287
204,6,1177.848287
204,6,1177.848287
204,6,1177.848287
204,6,1177.848287
204,6,1177.848287
204,7,1169.067308
204,7,1169.067308
204,7,1169.067308
204,7,1169.067308
204,7,1169.067308
204,7,1169.067308
204,7,1169.067308
204,7,1169.067308
204,7,1169.067308
204,7,1169.067308
204,7,1169.067308
204,7,1169.067308
204,7,1169.067308
204,7,1169.067308
204,8,1122.008432
204,8,1122.008432
204,8,1122.008432
204,8,1122.008432
204,8,1122.008432
204,8,1122.008432
204,8,1122.008432
204,8,1122.008432
204,8,1122.008432
204,8,1122.008432
205,6,1177.848287
205,6,1177.848287
205,6,1177.848287
205,6,1177.848287
205,6,1177.848287
205,6,1177.848287
205,6,1177.848287
205,6,1177.848287
205,6,1177.848287
205,6,1177.848287
205,6,1177.848287
205,6,1177.848287
205,6,1177.848287
205,6,1177.848287
205,6,1177.848287
205,6,1177.848287
205,6,1177.848287
205,6,1177.848287
205,6,1177.848287
205,6,1177.848287
205,7,1169.067308
205,7,1169.067308
205,7,1169.067308
205,7,1169.067308
205,7,1169.067308
205,7,1169.067308
205,7,1169.067308
205,7,1169.067308
205,7,1169.067308
205,7,1169.067308
205,7,1169.067308
205,7,1169.067308
205,7,1169.067308
205,7,1169.067308
205,7,1169.067308
205,7,1169.067308
205,8,1122.008432
205,8,1122.008432
205,8,1122.008432
205,8,1122.008432
205,8,1122.008432
205,8,1122.008432
205,8,1122.008432
205,8,1122.008432
205,8,1122.008432
205,8,1122.008432
205,8,1122.008432
206,6,1177.848287
206,6,1177.848287
206,6,1177.848287
206,6,1177.848287
206,6,1177.848287
206,6,1177.848287
206,6,1177.848287
206,6,1177.848287
206,6,1177.848287
206,6,1177.848287
206,6,1177.848287
206,6,1177.848287
206,6,1177.848287
206,6,1177.848287
206,6,1177.848287
206,6,1177.848287
206,6,1177.848287
206,6,1177.848287
206,6,1177.848287
206,6,1177.848287
206,6,1177.848287
206,6,1177.848287
206,7,1169.067308
206,7,1169.067308
206,7,1169.067308
206,7,1169.067308
206,7,1169.067308
206,7,1169.067308
206,7,1169.067308
206,7,1169.067308
206,7,1169.067308
206,7,1169.067308
206,7,1169.067308
206,7,1169.067308
206,7,1169.067308
206,7,1169.067308
206,7,1169.067308
206,7,1169.067308
206,7,1169.067308
206,7,1169.067308
206,8,1122.008432
206,8,1122.008432
206,8,1122.008432
206,8,1122.008432
206,8,1122.008432
206,8,1122.008432
206,8,1122.008432
206,8,1122.008432
206,8,1122.008432
206,8,1122.008432
206,8,1122.008432
206,8,1122.008432
207,6,1177.848287
207,6,1177.848287
207,6,1177.848287
207,6,1177.848287
207,6,1177.848287
207,6,1177.848287
207,6,1177.848287
207,6,1177.848287
207,6,1177.848287
207,6,1177.848287
207,6,1177.848287
207,6,1177.848287
207,6,1177.848287
207,6,1177.848287
207,6,1177.848287
207,6,1177.848287
207,6,1177.848287
207,6,1177.848287
207,6,1177.848287
207,6,1177.848287
207,6,1177.848287
207,6,1177.848287
207,6,1177.848287
207,6,1177.848287
207,7,1169.067308
207,7,1169.067308
207,7,1169.067308
207,7,1169.067308
207,7,1169.067308
207,7,1169.067308
207,7,1169.067308
207,7,1169.067308
207,7,1169.067308
207,7,1169.067308
207,7,1169.067308
207,7,1169.067308
207,7,1169.067308
207,7,1169.067308
207,7,1169.067308
207,7,1169.067308
207,7,1169.067308
207,7,1169.067308
207,7,1169.067308
207,7,1169.067308
207,8,1122.008432
207,8,1122.008432
207,8,1122.008432
207,8,1122.008432
207,8,1122.008432
207,8,1122.008432
207,8,1122.008432
207,8,1122.008432
207,8,1122.008432
207,8,1122.008432
207,8,1122.008432
207,8,1122.008432
207,8,1122.008432
208,6,1173.092555
208,7,1169.067308
208,7,1169.067308
208,7,1169.067308
208,7,1169.067308
208,7,1169.067308
208,7,1169.067308
208,7,1169.067308
208,7,1169.067308
208,7,1169.067308
208,7,1169.067308
208,7,1169.067308
208,7,1169.067308
208,7,1169.067308
208,7,1169.067308
208,7,1169.067308
208,7,1169.067308
208,7,1169.067308
208,7,1169.067308
208,7,1169.067308
208,7,1169.067308
208,7,1169.067308
208,7,1169.067308
208,8,1122.008432
208,8,1122.008432
208,8,1122.008432
208,8,1122.008432
208,8,1122.008432
208,8,1122.008432
208,8,1122.008432
208,8,1122.008432
208,8,1122.008432
208,8,1122.008432
208,8,1122.008432
208,8,1122.008432
208,8,1122.008432
208,8,1122.008432
209,6,1173.092555
209,6,1173.092555
209,7,1169.067308
209,7,1169.067308
209,7,1169.067308
209,7,1169.067308
209,7,1169.067308
209,7,1169.067308
209,7,1169.067308
209,7,1169.067308
209,7,1169.067308
209,7,1169.067308
209,7,1169.067308
209,7,1169.067308
209,7,1169.067308
209,7,1169.067308
209,7,1169.067308
209,7,1169.067308
209,7,1169.067308
209,7,1169.067308
209,7,1169.067308
209,7,1169.067308
209,7,1169.067308
209,7,1169.067308
209,7,1169.067308
209,7,1169.067308
209,8,1122.008432
209,8,1122.008432
209,8,1122.008432
209,8,1122.008432
209,8,1122.008432
209,8,1122.008432
209,8,1122.008432
209,8,1122.008432
209,8,1122.008432
209,8,1122.008432
209,8,1122.008432
209,8,1122.008432
209,8,1122.008432
209,8,1122.008432
209,8,1122.008432
210,6,1173.092555
210,6,1173.092555
210,6,1173.092555
210,7,1169.067308
210,7,1169.067308
210,7,1169.067308
210,7,1169.067308
210,7,1169.067308
210,7,1169.067308
210,7,1169.067308
210,7,1169.067308
210,7,1169.067308
210,7,1169.067308
210,7,1169.067308
210,7,1169.067308
210,7,1169.067308
210,7,1169.067308
210,7,1169.067308
210,7,1169.067308
210,7,1169.067308
210,7,1169.067308
210,7,1169.067308
210,7,1169.067308
210,7,1169.067308
210,7,1169.067308
210,7,1169.067308
210,7,1169.067308
210,7,1169.067308
210,7,1169.067308
210,8,1122.008432
210,8,1122.008432
210,8,1122.008432
210,8,1122.008432
210,8,1122.008432
210,8,1122.008432
210,8,1122.008432
210,8,1122.008432
210,8,1122.008432
210,8,1122.008432
210,8,1122.008432
210,8,1122.008432
210,8,1122.008432
210,8,1122.008432
210,8,1122.008432
210,8,1122.008432
211,6,1173.092555
211,6,1173.092555
211,6,1173.092555
211,6,1173.092555
211,7,1169.067308
211,7,1169.067308
211,7,1169.067308
211,7,1169.067308
211,7,1169.067308
211,7,1169.067308
211,7,1169.067308
211,7,1169.067308
211,7,1169.067308
211,7,1169.067308
211,7,1169.067308
211,7,1169.067308
211,7,1169.067308
211,7,1169.067308
211,7,1169.067308
211,7,1169.067308
211,7,1169.067308
211,7,1169.067308
211,7,1169.067308
211,7,1169.067308
211,7,1169.067308
211,7,1169.067308
211,7,1169.067308
211,7,1169.067308
211,7,1169.067308
211,7,1169.067308
211,7,1169.067308
211,7,1169.067308
211,8,1122.008432
211,8,1122.008432
211,8,1122.008432
211,8,1122.008432
211,8,1122.008432
211,8,1122.008432
211,8,1122.008432
211,8,1122.008432
211,8,1122.008432
211,8,1122.008432
211,8,1122.008432
211,8,1122.008432
211,8,1122.008432
211,8,1122.008432
211,8,1122.008432
211,8,1122.008432
211,8,1122.008432
212,6,1173.092555
212,6,1173.092555
212,6,1173.092555
212,6,1173.092555
212,6,1173.092555
212,7,1169.067308
212,7,1169.067308
212,7,1169.067308
212,7,1169.067308
212,7,1169.067308
212,7,1169.067308
212,7,1169.067308
212,7,1169.067308
212,7,1169.067308
212,7,1169.067308
212,7,1169.067308
212,7,1169.067308
212,7,1169.067308
212,7,1169.067308
212,7,1169.067308
212,7,1169.067308
212,7,1169.067308
212,7,1169.067308
212,7,1169.067308
212,7,1169.067308
212,7,1169.067308
212,7,1169.067308
212,7,1169.067308
212,7,1169.067308
212,7,1169.067308
212,7,1169.067308
212,7,1169.067308
212,7,1169.067308
212,7,1169.067308
212,7,1169.067308
212,8,1122.008432
212,8,1122.008432
212,8,1122.008432
212,8,1122.008432
212,8,1122.008432
212,8,1122.008432
212,8,1122.008432
212,8,1122.008432
212,8,1122.008432
212,8,1122.008432
212,8,1122.008432
212,8,1122.008432
212,8,1122.008432
212,8,1122.008432
212,8,1122.008432
212,8,1122.008432
212,8,1122.008432
212,8,1122.008432
213,6,1173.092555
213,6,1173.092555
213,6,1173.092555
213,6,1173.092555
213,6,1173.092555
213,6,1173.092555
213,7,1169.067308
213,7,1169.067308
213,7,1169.067308
213,7,1169.067308
213,7,1169.067308
213,7,1169.067308
213,7,1169.067308
213,7,1169.067308
213,7,1169.067308
213,7,1169.067308
213,7,1169.067308
213,7,1169.067308
213,7,1169.067308
213,7,1169.067308
213,7,1169.067308
213,7,1169.067308
213,7,1169.067308
213,7,1169.067308
213,7,1169.067308
213,7,1169.067308
213,7,1169.067308
213,7,1169.067308
213,7,1169.067308
213,7,1169.067308
213,7,1169.067308
213,7,1169.067308
213,7,1169.067308
213,7,1169.067308
213,7,1169.067308
213,7,1169.067308
213,7,1169.067308
213,7,1169.067308
213,7,1169.067308
213,8,1122.008432
213,8,1122.008432
213,8,1122.008432
213,8,1122.008432
213,8,1122.008432
213,8,1122.008432
213,8,1122.008432
213,8,1122.008432
213,8,1122.008432
213,8,1122.008432
213,8,1122.008432
213,8,1122.008432
213,8,1122.008432
213,8,1122.008432
213,8,1122.008432
213,8,1122.008432
213,8,1122.008432
213,8,1122.008432
213,8,1122.008432
214,6,1173.092555
214,6,1173.092555
214,6,1173.092555
214,6,1173.092555
214,6,1173.092555
214,6,1173.092555
214,6,1173.092555
214,6,1173.092555
214,7,1169.067308
214,7,1169.067308
214,7,1169.067308
214,7,1169.067308
214,7,1169.067308
214,7,1169.067308
214,7,1169.067308
214,7,1169.067308
214,7,1169.067308
214,7,1169.067308
214,7,1169.067308
214,7,1169.067308
214,7,1169.067308
214,7,1169.067308
214,7,1169.067308
214,7,1169.067308
214,7,1169.067308
214,7,1169.067308
214,7,1169.067308
214,7,1169.067308
214,7,1169.067308
214,7,1169.067308
214,7,1169.067308
214,7,1169.067308
214,7,1169.067308
214,7,1169.067308
214,7,1169.067308
214,7,1169.067308
214,7,1169.067308
214,7,1169.067308
214,7,1169.067308
214,7,1169.067308
214,7,1169.067308
214,7,1169.067308
214,7,1169.067308
214,7,1169.067308
214,7,1169.067308
214,8,1122.008432
214,8,1122.008432
214,8,1122.008432
214,8,1122.008432
214,8,1122.008432
214,8,1122.008432
214,8,1122.008432
214,8,1122.008432
214,8,1122.008432
214,8,1122.008432
214,8,1122.008432
214,8,1122.008432
214,8,1122.008432
214,8,1122.008432
214,8,1122.008432
214,8,1122.008432
214,8,1122.008432
214,8,1122.008432
214,8,1122.008432
214,8,1122.008432
215,6,1173.092555
215,6,1173.092555
215,6,1173.092555
215,6,1173.092555
215,6,1173.092555
215,6,1173.092555
215,6,1173.092555
215,6,1173.092555
215,6,1173.092555
215,6,1173.092555
215,7,1169.067308
215,7,1169.067308
215,7,1169.067308
215,7,1169.067308
215,7,1169.067308
215,7,1169.067308
215,7,1169.067308
215,7,1169.067308
215,7,1169.067308
215,7,1169.067308
215,7,1169.067308
215,7,1169.067308
215,7,1169.067308
215,7,1169.067308
215,7,1169.067308
215,7,1169.067308
215,7,1169.067308
215,7,1169.067308
215,7,1169.067308
215,7,1169.067308
215,7,1169.067308
215,7,1169.067308
215,7,1169.067308
215,7,1169.067308
215,7,1169.067308
215,7,1169.067308
215,7,1169.067308
215,7,1169.067308
215,7,1169.067308
215,7,1169.067308
215,7,1169.067308
215,7,1169.067308
215,7,1169.067308
215,7,1169.067308
215,7,1169.067308
215,7,1169.067308
215,7,1169.067308
215,7,1169.067308
215,7,1169.067308
215,7,1169.067308
215,7,1169.067308
215,8,1122.008432
215,8,1122.008432
215,8,1122.008432
215,8,1122.008432
215,8,1122.008432
215,8,1122.008432
215,8,1122.008432
215,8,1122.008432
215,8,1122.008432
215,8,1122.008432
215,8,1122.008432
215,8,1122.008432
215,8,1122.008432
215,8,1122.008432
215,8,1122.008432
215,8,1122.008432
215,8,1122.008432
215,8,1122.008432
215,8,1122.008432
215,8,1122.008432
215,8,1122.008432
216,6,1173.092555
216,6,1173.092555
216,6,1173.092555
216,6,1173.092555
216,6,1173.092555
216,6,1173.092555
216,6,1173.092555
216,6,1173.092555
216,6,1173.092555
216,6,1173.092555
216,6,1173.092555
216,6,1173.092555
216,6,1173.092555
216,7,1154.056531
216,8,1122.008432
216,8,1122.008432
216,8,1122.008432
216,8,1122.008432
216,8,1122.008432
216,8,1122.008432
216,8,1122.008432
216,8,1122.008432
216,8,1122.008432
216,8,1122.008432
216,8,1122.008432
216,8,1122.008432
216,8,1122.008432
216,8,1122.008432
216,8,1122.008432
216,8,1122.008432
216,8,1122.008432
216,8,1122.008432
216,8,1122.008432
216,8,1122.008432
216,8,1122.008432
216,8,1122.008432
217,6,1173.092555
217,6,1173.092555
217,6,1173.092555
217,6,1173.092555
217,6,1173.092555
217,6,1173.092555
217,6,1173.092555
217,6,1173.092555
217,6,1173.092555
217,6,1173.092555
217,6,1173.092555
217,6,1173.092555
217,6,1173.092555
217,6,1173.092555
217,6,1173.092555
217,6,1173.092555
217,7,1154.056531
217,7,1154.056531
217,8,1122.008432
217,8,1122.008432
217,8,1122.008432
217,8,1122.008432
217,8,1122.008432
217,8,1122.008432
217,8,1122.008432
217,8,1122.008432
217,8,1122.008432
217,8,1122.008432
217,8,1122.008432
217,8,1122.008432
217,8,1122.008432
217,8,1122.008432
217,8,1122.008432
217,8,1122.008432
217,8,1122.008432
217,8,1122.008432
217,8,1122.008432
217,8,1122.008432
217,8,1122.008432
217,8,1122.008432
217,8,1122.008432
218,6,1169.184445
218,7,1154.056531
218,7,1154.056531
218,7,1154.056531
218,8,1122.008432
218,8,1122.008432
218,8,1122.008432
218,8,1122.008432
218,8,1122.008432
218,8,1122.008432
218,8,1122.008432
218,8,1122.008432
218,8,1122.008432
218,8,1122.008432
218,8,1122.008432
218,8,1122.008432
218,8,1122.008432
218,8,1122.008432
218,8,1122.008432
218,8,1122.008432
218,8,1122.008432
218,8,1122.008432
218,8,1122.008432
218,8,1122.008432
218,8,1122.008432
218,8,1122.008432
218,8,1122.008432
218,8,1122.008432
219,6,1167.243320
219,7,1154.056531
219,7,1154.056531
219,7,1154.056531
219,7,1154.056531
219,8,1122.008432
219,8,1122.008432
219,8,1122.008432
219,8,1122.008432
219,8,1122.008432
219,8,1122.008432
219,8,1122.008432
219,8,1122.008432
219,8,1122.008432
219,8,1122.008432
219,8,1122.008432
219,8,1122.008432
219,8,1122.008432
219,8,1122.008432
219,8,1122.008432
219,8,1122.008432
219,8,1122.008432
219,8,1122.008432
219,8,1122.008432
219,8,1122.008432
219,8,1122.008432
219,8,1122.008432
219,8,1122.008432
219,8,1122.008432
219,8,1122.008432
220,6,1167.243320
220,6,1167.243320
220,7,1154.056531
220,7,1154.056531
220,7,1154.056531
220,7,1154.056531
220,7,1154.056531
220,8,1122.008432
220,8,1122.008432
220,8,1122.008432
220,8,1122.008432
220,8,1122.008432
220,8,1122.008432
220,8,1122.008432
220,8,1122.008432
220,8,1122.008432
220,8,1122.008432
220,8,1122.008432
220,8,1122.008432
220,8,1122.008432
220,8,1122.008432
220,8,1122.008432
220,8,1122.008432
220,8,1122.008432
220,8,1122.008432
220,8,1122.008432
220,8,1122.008432
220,8,1122.008432
220,8,1122.008432
220,8,1122.008432
220,8,1122.008432
220,8,1122.008432
220,8,1122.008432
221,6,1167.243320
221,6,1167.243320
221,6,1167.243320
221,7,1154.056531
221,7,1154.056531
221,7,1154.056531
221,7,1154.056531
221,7,1154.056531
221,7,1154.056531
221,8,1122.008432
221,8,1122.008432
221,8,1122.008432
221,8,1122.008432
221,8,1122.008432
221,8,1122.008432
221,8,1122.008432
221,8,1122.008432
221,8,1122.008432
221,8,1122.008432
221,8,1122.008432
221,8,1122.008432
221,8,1122.008432
221,8,1122.008432
221,8,1122.008432
221,8,1122.008432
221,8,1122.008432
221,8,1122.008432
221,8,1122.008432
221,8,1122.008432
221,8,1122.008432
221,8,1122.008432
221,8,1122.008432
221,8,1122.008432
221,8,1122.008432
221,8,1122.008432
221,8,1122.008432
222,6,1167.243320
222,6,1167.243320
222,6,1167.243320
222,6,1167.243320
222,7,1154.056531
222,7,1154.056531
222,7,1154.056531
222,7,1154.056531
222,7,1154.056531
222,7,1154.056531
222,7,1154.056531
222,8,1122.008432
222,8,1122.008432
222,8,1122.008432
222,8,1122.008432
222,8,1122.008432
222,8,1122.008432
222,8,1122.008432
222,8,1122.008432
222,8,1122.008432
222,8,1122.008432
222,8,1122.008432
222,8,1122.008432
222,8,1122.008432
222,8,1122.008432
222,8,1122.008432
222,8,1122.008432
222,8,1122.008432
222,8,1122.008432
222,8,1122.008432
222,8,1122.008432
222,8,1122.008432
222,8,1122.008432
222,8,1122.008432
222,8,1122.008432
222,8,1122.008432
222,8,1122.008432
222,8,1122.008432
222,8,1122.008432
223,6,1158.523865
223,7,1154.056531
223,7,1154.056531
223,7,1154.056531
223,7,1154.056531
223,7,1154.056531
223,7,1154.056531
223,7,1154.056531
223,7,1154.056531
223,8,1122.008432
223,8,1122.008432
223,8,1122.008432
223,8,1122.008432
223,8,1122.008432
223,8,1122.008432
223,8,1122.008432
223,8,1122.008432
223,8,1122.008432
223,8,1122.008432
223,8,1122.008432
223,8,1122.008432
223,8,1122.008432
223,8,1122.008432
223,8,1122.008432
223,8,1122.008432
223,8,1122.008432
223,8,1122.008432
223,8,1122.008432
223,8,1122.008432
223,8,1122.008432
223,8,1122.008432
223,8,1122.008432
223,8,1122.008432
223,8,1122.008432
223,8,1122.008432
223,8,1122.008432
223,8,1122.008432
223,8,1122.008432
224,6,1158.523865
224,6,1158.523865
224,7,1154.056531
224,7,1154.056531
224,7,1154.056531
224,7,1154.056531
224,7,1154.056531
224,7,1154.056531
224,7,1154.056531
224,7,1154.056531
224,7,1154.056531
224,8,1122.008432
224,8,1122.008432
224,8,1122.008432
224,8,1122.008432
224,8,1122.008432
224,8,1122.008432
224,8,1122.008432
224,8,1122.008432
224,8,1122.008432
224,8,1122.008432
224,8,1122.008432
224,8,1122.008432
224,8,1122.008432
224,8,1122.008432
224,8,1122.008432
224,8,1122.008432
224,8,1122.008432
224,8,1122.008432
224,8,1122.008432
224,8,1122.008432
224,8,1122.008432
224,8,1122.008432
224,8,1122.008432
224,8,1122.008432
224,8,1122.008432
224,8,1122.008432
224,8,1122.008432
224,8,1122.008432
224,8,1122.008432
224,8,1122.008432
225,6,1158.523865
225,6,1158.523865
225,6,1158.523865
225,7,1154.056531
225,7,1154.056531
225,7,1154.056531
225,7,1154.056531
225,7,1154.056531
225,7,1154.056531
225,7,1154.056531
225,7,1154.056531
225,7,1154.056531
225,7,1154.056531
225,8,1122.008432
225,8,1122.008432
225,8,1122.008432
225,8,1122.008432
225,8,1122.008432
225,8,1122.008432
225,8,1122.008432
225,8,1122.008432
225,8,1122.008432
225,8,1122.008432
225,8,1122.008432
225,8,1122.008432
225,8,1122.008432
225,8,1122.008432
225,8,1122.008432
225,8,1122.008432
225,8,1122.008432
225,8,1122.008432
225,8,1122.008432
225,8,1122.008432
225,8,1122.008432
225,8,1122.008432
225,8,1122.008432
225,8,1122.008432
225,8,1122.008432
225,8,1122.008432
225,8,1122.008432
225,8,1122.008432
225,8,1122.008432
225,8,1122.008432
225,8,1122.008432
226,6,1158.523865
226,6,1158.523865
226,6,1158.523865
226,6,1158.523865
226,7,1154.056531
226,7,1154.056531
226,7,1154.056531
226,7,1154.056531
226,7,1154.056531
226,7,1154.056531
226,7,1154.056531
226,7,1154.056531
226,7,1154.056531
226,7,1154.056531
226,7,1154.056531
226,8,1122.008432
226,8,1122.008432
226,8,1122.008432
226,8,1122.008432
226,8,1122.008432
226,8,1122.008432
226,8,1122.008432
226,8,1122.008432
226,8,1122.008432
226,8,1122.008432
226,8,1122.008432
226,8,1122.008432
226,8,1122.008432
226,8,1122.008432
226,8,1122.008432
226,8,1122.008432
226,8,1122.008432
226,8,1122.008432
226,8,1122.008432
226,8,1122.008432
226,8,1122.008432
226,8,1122.008432
226,8,1122.008432
226,8,1122.008432
226,8,1122.008432
226,8,1122.008432
226,8,1122.008432
226,8,1122.008432
226,8,1122.008432
226,8,1122.008432
226,8,1122.008432
226,8,1122.008432
227,6,1158.523865
227,6,1158.523865
227,6,1158.523865
227,6,1158.523865
227,6,1158.523865
227,7,1154.056531
227,7,1154.056531
227,7,1154.056531
227,7,1154.056531
227,7,1154.056531
227,7,1154.056531
227,7,1154.056531
227,7,1154.056531
227,7,1154.056531
227,7,1154.056531
227,7,1154.056531
227,7,1154.056531
227,8,1122.008432
227,8,1122.008432
227,8,1122.008432
227,8,1122.008432
227,8,1122.008432
227,8,1122.008432
227,8,1122.008432
227,8,1122.008432
227,8,1122.008432
227,8,1122.008432
227,8,1122.008432
227,8,1122.008432
227,8,1122.008432
227,8,1122.008432
227,8,1122.008432
227,8,1122.008432
227,8,1122.008432
227,8,1122.008432
227,8,1122.008432
227,8,1122.008432
227,8,1122.008432
227,8,1122.008432
227,8,1122.008432
227,8,1122.008432
227,8,1122.008432
227,8,1122.008432
227,8,1122.008432
227,8,1122.008432
227,8,1122.008432
227,8,1122.008432
227,8,1122.008432
227,8,1122.008432
227,8,1122.008432
228,6,1158.523865
228,6,1158.523865
228,6,1158.523865
228,6,1158.523865
228,6,1158.523865
228,6,1158.523865
228,7,1154.056531
228,7,1154.056531
228,7,1154.056531
228,7,1154.056531
228,7,1154.056531
228,7,1154.056531
228,7,1154.056531
228,7,1154.056531
228,7,1154.056531
228,7,1154.056531
228,7,1154.056531
228,7,1154.056531
228,7,1154.056531
228,8,1122.008432
228,8,1122.008432
228,8,1122.008432
228,8,1122.008432
228,8,1122.008432
228,8,1122.008432
228,8,1122.008432
228,8,1122.008432
228,8,1122.008432
228,8,1122.008432
228,8,1122.008432
228,8,1122.008432
228,8,1122.008432
228,8,1122.008432
228,8,1122.008432
228,8,1122.008432
228,8,1122.008432
228,8,1122.008432
228,8,1122.008432
228,8,1122.008432
228,8,1122.008432
228,8,1122.008432
228,8,1122.008432
228,8,1122.008432
228,8,1122.008432
228,8,1122.008432
228,8,1122.008432
228,8,1122.008432
228,8,1122.008432
228,8,1122.008432
228,8,1122.008432
228,8,1122.008432
228,8,1122.008432
228,8,1122.008432
229,6,1158.523865
229,6,1158.523865
229,6,1158.523865
229,6,1158.523865
229,6,1158.523865
229,6,1158.523865
229,6,1158.523865
229,6,1158.523865
229,7,1150.289787
229,8,1122.008432
229,8,1122.008432
229,8,1122.008432
229,8,1122.008432
229,8,1122.008432
229,8,1122.008432
229,8,1122.008432
229,8,1122.008432
229,8,1122.008432
229,8,1122.008432
229,8,1122.008432
229,8,1122.008432
229,8,1122.008432
229,8,1122.008432
229,8,1122.008432
229,8,1122.008432
229,8,1122.008432
229,8,1122.008432
229,8,1122.008432
229,8,1122.008432
229,8,1122.008432
229,8,1122.008432
229,8,1122.008432
229,8,1122.008432
229,8,1122.008432
229,8,1122.008432
229,8,1122.008432
229,8,1122.008432
229,8,1122.008432
229,8,1122.008432
229,8,1122.008432
229,8,1122.008432
229,8,1122.008432
229,8,1122.008432
229,8,1122.008432
230,6,1158.523865
230,6,1158.523865
230,6,1158.523865
230,6,1158.523865
230,6,1158.523865
230,6,1158.523865
230,6,1158.523865
230,6,1158.523865
230,6,1158.523865
230,6,1158.523865
230,6,1158.523865
230,7,1150.289787
230,7,1150.289787
230,8,1122.008432
230,8,1122.008432
230,8,1122.008432
230,8,1122.008432
230,8,1122.008432
230,8,1122.008432
230,8,1122.008432
230,8,1122.008432
230,8,1122.008432
230,8,1122.008432
230,8,1122.008432
230,8,1122.008432
230,8,1122.008432
230,8,1122.008432
230,8,1122.008432
230,8,1122.008432
230,8,1122.008432
230,8,1122.008432
230,8,1122.008432
230,8,1122.008432
230,8,1122.008432
230,8,1122.008432
230,8,1122.008432
230,8,1122.008432
230,8,1122.008432
230,8,1122.008432
230,8,1122.008432
230,8,1122.008432
230,8,1122.008432
230,8,1122.008432
230,8,1122.008432
230,8,1122.008432
230,8,1122.008432
230,8,1122.008432
230,8,1122.008432
230,8,1122.008432
231,6,1158.523865
231,6,1158.523865
231,6,1158.523865
231,6,1158.523865
231,6,1158.523865
231,6,1158.523865
231,6,1158.523865
231,6,1158.523865
231,6,1158.523865
231,6,1158.523865
231,6,1158.523865
231,6,1158.523865
231,6,1158.523865
231,6,1158.523865
231,7,1150.289787
231,7,1150.289787
231,7,1150.289787
231,8,1122.008432
231,8,1122.008432
231,8,1122.008432
231,8,1122.008432
231,8,1122.008432
231,8,1122.008432
231,8,1122.008432
231,8,1122.008432
231,8,1122.008432
231,8,1122.008432
231,8,1122.008432
231,8,1122.008432
231,8,1122.008432
231,8,1122.008432
231,8,1122.008432
231,8,1122.008432
231,8,1122.008432
231,8,1122.008432
231,8,1122.008432
231,8,1122.008432
231,8,1122.008432
231,8,1122.008432
231,8,1122.008432
231,8,1122.008432
231,8,1122.008432
231,8,1122.008432
231,8,1122.008432
231,8,1122.008432
231,8,1122.008432
231,8,1122.008432
231,8,1122.008432
231,8,1122.008432
231,8,1122.008432
231,8,1122.008432
231,8,1122.008432
231,8,1122.008432
231,8,1122.008432
232,6,1158.523865
232,6,1158.523865
232,6,1158.523865
232,6,1158.523865
232,6,1158.523865
232,6,1158.523865
232,6,1158.523865
232,6,1158.523865
232,6,1158.523865
232,6,1158.523865
232,6,1158.523865
232,6,1158.523865
232,6,1158.523865
232,6,1158.523865
232,6,1158.523865
232,6,1158.523865
232,6,1158.523865
232,7,1150.289787
232,7,1150.289787
232,7,1150.289787
232,7,1150.289787
232,8,1122.008432
232,8,1122.008432
232,8,1122.008432
232,8,1122.008432
232,8,1122.008432
232,8,1122.008432
232,8,1122.008432
232,8,1122.008432
232,8,1122.008432
232,8,1122.008432
232,8,1122.008432
232,8,1122.008432
232,8,1122.008432
232,8,1122.008432
232,8,1122.008432
232,8,1122.008432
232,8,1122.008432
232,8,1122.008432
232,8,1122.008432
232,8,1122.008432
232,8,1122.008432
232,8,1122.008432
232,8,1122.008432
232,8,1122.008432
232,8,1122.008432
232,8,1122.008432
232,8,1122.008432
232,8,1122.008432
232,8,1122.008432
232,8,1122.008432
232,8,1122.008432
232,8,1122.008432
232,8,1122.008432
232,8,1122.008432
232,8,1122.008432
232,8,1122.008432
232,8,1122.008432
232,8,1122.008432
233,6,1158.523865
233,6,1158.523865
233,6,1158.523865
233,6,1158.523865
233,6,1158.523865
233,6,1158.523865
233,6,1158.523865
233,6,1158.523865
233,6,1158.523865
233,6,1158.523865
233,6,1158.523865
233,6,1158.523865
233,6,1158.523865
233,6,1158.523865
233,6,1158.523865
233,6,1158.523865
233,6,1158.523865
233,6,1158.523865
233,6,1158.523865
233,6,1158.523865
233,6,1158.523865
233,6,1158.523865
233,6,1158.523865
233,7,1150.289787
233,7,1150.289787
233,7,1150.289787
233,7,1150.289787
233,7,1150.289787
233,8,1122.008432
233,8,1122.008432
233,8,1122.008432
233,8,1122.008432
233,8,1122.008432
233,8,1122.008432
233,8,1122.008432
233,8,1122.008432
233,8,1122.008432
233,8,1122.008432
233,8,1122.008432
233,8,1122.008432
233,8,1122.008432
233,8,1122.008432
233,8,1122.008432
233,8,1122.008432
233,8,1122.008432
233,8,1122.008432
233,8,1122.008432
233,8,1122.008432
233,8,1122.008432
233,8,1122.008432
233,8,1122.008432
233,8,1122.008432
233,8,1122.008432
233,8,1122.008432
233,8,1122.008432
233,8,1122.008432
233,8,1122.008432
233,8,1122.008432
233,8,1122.008432
233,8,1122.008432
233,8,1122.008432
233,8,1122.008432
233,8,1122.008432
233,8,1122.008432
233,8,1122.008432
233,8,1122.008432
233,8,1122.008432
234,6,1157.502486
234,7,1150.289787
234,7,1150.289787
234,7,1150.289787
234,7,1150.289787
234,7,1150.289787
234,7,1150.289787
234,7,1150.289787
234,8,1122.008432
234,8,1122.008432
234,8,1122.008432
234,8,1122.008432
234,8,1122.008432
234,8,1122.008432
234,8,1122.008432
234,8,1122.008432
234,8,1122.008432
234,8,1122.008432
234,8,1122.008432
234,8,1122.008432
234,8,1122.008432
234,8,1122.008432
234,8,1122.008432
234,8,1122.008432
234,8,1122.008432
234,8,1122.008432
234,8,1122.008432
234,8,1122.008432
234,8,1122.008432
234,8,1122.008432
234,8,1122.008432
234,8,1122.008432
234,8,1122.008432
234,8,1122.008432
234,8,1122.008432
234,8,1122.008432
234,8,1122.008432
234,8,1122.008432
234,8,1122.008432
234,8,1122.008432
234,8,1122.008432
234,8,1122.008432
234,8,1122.008432
234,8,1122.008432
234,8,1122.008432
234,8,1122.008432
234,8,1122.008432
234,8,1122.008432
235,6,1157.502486
235,6,1157.502486
235,7,1143.003214
235,8,1122.008432
235,8,1122.008432
235,8,1122.008432
235,8,1122.008432
235,8,1122.008432
235,8,1122.008432
235,8,1122.008432
235,8,1122.008432
235,8,1122.008432
235,8,1122.008432
235,8,1122.008432
235,8,1122.008432
235,8,1122.008432
235,8,1122.008432
235,8,1122.008432
235,8,1122.008432
235,8,1122.008432
235,8,1122.008432
235,8,1122.008432
235,8,1122.008432
235,8,1122.008432
235,8,1122.008432
235,8,1122.008432
235,8,1122.008432
235,8,1122.008432
235,8,1122.008432
235,8,1122.008432
235,8,1122.008432
235,8,1122.008432
235,8,1122.008432
235,8,1122.008432
235,8,1122.008432
235,8,1122.008432
235,8,1122.008432
235,8,1122.008432
235,8,1122.008432
235,8,1122.008432
235,8,1122.008432
235,8,1122.008432
235,8,1122.008432
235,8,1122.008432
236,6,1156.425160
236,7,1142.522591
236,8,1122.008432
236,8,1122.008432
236,8,1122.008432
236,8,1122.008432
236,8,1122.008432
236,8,1122.008432
236,8,1122.008432
236,8,1122.008432
236,8,1122.008432
236,8,1122.008432
236,8,1122.008432
236,8,1122.008432
236,8,1122.008432
236,8,1122.008432
236,8,1122.008432
236,8,1122.008432
236,8,1122.008432
236,8,1122.008432
236,8,1122.008432
236,8,1122.008432
236,8,1122.008432
236,8,1122.008432
236,8,1122.008432
236,8,1122.008432
236,8,1122.008432
236,8,1122.008432
236,8,1122.008432
236,8,1122.008432
236,8,1122.008432
236,8,1122.008432
236,8,1122.008432
236,8,1122.008432
236,8,1122.008432
236,8,1122.008432
236,8,1122.008432
236,8,1122.008432
236,8,1122.008432
236,8,1122.008432
236,8,1122.008432
236,8,1122.008432
236,8,1122.008432
236,8,1122.008432
237,6,1156.425160
237,6,1156.425160
237,7,1142.522591
237,7,1142.522591
237,8,1122.008432
237,8,1122.008432
237,8,1122.008432
237,8,1122.008432
237,8,1122.008432
237,8,1122.008432
237,8,1122.008432
237,8,1122.008432
237,8,1122.008432
237,8,1122.008432
237,8,1122.008432
237,8,1122.008432
237,8,1122.008432
237,8,1122.008432
237,8,1122.008432
237,8,1122.008432
237,8,1122.008432
237,8,1122.008432
237,8,1122.008432
237,8,1122.008432
237,8,1122.008432
237,8,1122.008432
237,8,1122.008432
237,8,1122.008432
237,8,1122.008432
237,8,1122.008432
237,8,1122.008432
237,8,1122.008432
237,8,1122.008432
237,8,1122.008432
237,8,1122.008432
237,8,1122.008432
237,8,1122.008432
237,8,1122.008432
237,8,1122.008432
237,8,1122.008432
237,8,1122.008432
237,8,1122.008432
237,8,1122.008432
237,8,1122.008432
237,8,1122.008432
237,8,1122.008432
237,8,1122.008432
238,6,1156.425160
238,6,1156.425160
238,6,1156.425160
238,7,1142.522591
238,7,1142.522591
238,7,1142.522591
238,8,1122.008432
238,8,1122.008432
238,8,1122.008432
238,8,1122.008432
238,8,1122.008432
238,8,1122.008432
238,8,1122.008432
238,8,1122.008432
238,8,1122.008432
238,8,1122.008432
238,8,1122.008432
238,8,1122.008432
238,8,1122.008432
238,8,1122.008432
238,8,1122.008432
238,8,1122.008432
238,8,1122.008432
238,8,1122.008432
238,8,1122.008432
238,8,1122.008432
238,8,1122.008432
238,8,1122.008432
238,8,1122.008432
238,8,1122.008432
238,8,1122.008432
238,8,1122.008432
238,8,1122.008432
238,8,1122.008432
238,8,1122.008432
238,8,1122.008432
238,8,1122.008432
238,8,1122.008432
238,8,1122.008432
238,8,1122.008432
238,8,1122.008432
238,8,1122.008432
238,8,1122.008432
238,8,1122.008432
238,8,1122.008432
238,8,1122.008432
238,8,1122.008432
238,8,1122.008432
238,8,1122.008432
238,8,1122.008432
239,6,1156.425160
239,6,1156.425160
239,6,1156.425160
239,6,1156.425160
239,7,1142.522591
239,7,1142.522591
239,7,1142.522591
239,7,1142.522591
239,8,1122.008432
239,8,1122.008432
239,8,1122.008432
239,8,1122.008432
239,8,1122.008432
239,8,1122.008432
239,8,1122.008432
239,8,1122.008432
239,8,1122.008432
239,8,1122.008432
239,8,1122.008432
239,8,1122.008432
239,8,1122.008432
239,8,1122.008432
239,8,1122.008432
239,8,1122.008432
239,8,1122.008432
239,8,1122.008432
239,8,1122.008432
239,8,1122.008432
239,8,1122.008432
239,8,1122.008432
239,8,1122.008432
239,8,1122.008432
239,8,1122.008432
239,8,1122.008432
239,8,1122.008432
239,8,1122.008432
239,8,1122.008432
239,8,1122.008432
239,8,1122.008432
239,8,1122.008432
239,8,1122.008432
239,8,1122.008432
239,8,1122.008432
239,8,1122.008432
239,8,1122.008432
239,8,1122.008432
239,8,1122.008432
239,8,1122.008432
239,8,1122.008432
239,8,1122.008432
239,8,1122.008432
239,8,1122.008432
239,8,1122.008432
240,6,1156.425160
240,6,1156.425160
240,6,1156.425160
240,6,1156.425160
240,6,1156.425160
240,7,1128.998176
240,8,1122.008432
240,8,1122.008432
240,8,1122.008432
240,8,1122.008432
240,8,1122.008432
240,8,1122.008432
240,8,1122.008432
240,8,1122.008432
240,8,1122.008432
240,8,1122.008432
240,8,1122.008432
240,8,1122.008432
240,8,1122.008432
240,8,1122.008432
240,8,1122.008432
240,8,1122.008432
240,8,1122.008432
240,8,1122.008432
240,8,1122.008432
240,8,1122.008432
240,8,1122.008432
240,8,1122.008432
240,8,1122.008432
240,8,1122.008432
240,8,1122.008432
240,8,1122.008432
240,8,1122.008432
240,8,1122.008432
240,8,1122.008432
240,8,1122.008432
240,8,1122.008432
240,8,1122.008432
240,8,1122.008432
240,8,1122.008432
240,8,1122.008432
240,8,1122.008432
240,8,1122.008432
240,8,1122.008432
240,8,1122.008432
240,8,1122.008432
240,8,1122.008432
240,8,1122.008432
240,8,1122.008432
240,8,1122.008432
240,8,1122.008432
240,8,1122.008432
241,6,1156.425160
241,6,1156.425160
241,6,1156.425160
241,6,1156.425160
241,6,1156.425160
241,6,1156.425160
241,7,1128.998176
241,7,1128.998176
241,8,1122.008432
241,8,1122.008432
241,8,1122.008432
241,8,1122.008432
241,8,1122.008432
241,8,1122.008432
241,8,1122.008432
241,8,1122.008432
241,8,1122.008432
241,8,1122.008432
241,8,1122.008432
241,8,1122.008432
241,8,1122.008432
241,8,1122.008432
241,8,1122.008432
241,8,1122.008432
241,8,1122.008432
241,8,1122.008432
241,8,1122.008432
241,8,1122.008432
241,8,1122.008432
241,8,1122.008432
241,8,1122.008432
241,8,1122.008432
241,8,1122.008432
241,8,1122.008432
241,8,1122.008432
241,8,1122.008432
241,8,1122.008432
241,8,1122.008432
241,8,1122.008432
241,8,1122.008432
241,8,1122.008432
241,8,1122.008432
241,8,1122.008432
241,8,1122.008432
241,8,1122.008432
241,8,1122.008432
241,8,1122.008432
241,8,1122.008432
241,8,1122.008432
241,8,1122.008432
241,8,1122.008432
241,8,1122.008432
241,8,1122.008432
241,8,1122.008432
241,8,1122.008432
242,6,1156.425160
242,6,1156.425160
242,6,1156.425160
242,6,1156.425160
242,6,1156.425160
242,6,1156.425160
242,6,1156.425160
242,6,1156.425160
242,7,1128.998176
242,7,1128.998176
242,7,1128.998176
242,8,1122.008432
242,8,1122.008432
242,8,1122.008432
242,8,1122.008432
242,8,1122.008432
242,8,1122.008432
242,8,1122.008432
242,8,1122.008432
242,8,1122.008432
242,8,1122.008432
242,8,1122.008432
242,8,1122.008432
242,8,1122.008432
242,8,1122.008432
242,8,1122.008432
242,8,1122.008432
242,8,1122.008432
242,8,1122.008432
242,8,1122.008432
242,8,1122.008432
242,8,1122.008432
242,8,1122.008432
242,8,1122.008432
242,8,1122.008432
242,8,1122.008432
242,8,1122.008432
242,8,1122.008432
242,8,1122.008432
242,8,1122.008432
242,8,1122.008432
242,8,1122.008432
242,8,1122.008432
242,8,1122.008432
242,8,1122.008432
242,8,1122.008432
242,8,1122.008432
242,8,1122.008432
242,8,1122.008432
242,8,1122.008432
242,8,1122.008432
242,8,1122.008432
242,8,1122.008432
242,8,1122.008432
242,8,1122.008432
242,8,1122.008432
242,8,1122.008432
242,8,1122.008432
242,8,1122.008432
243,6,1156.425160
243,6,1156.425160
243,6,1156.425160
243,6,1156.425160
243,6,1156.425160
243,6,1156.425160
243,6,1156.425160
243,6,1156.425160
243,6,1156.425160
243,6,1156.425160
243,7,1128.998176
243,7,1128.998176
243,7,1128.998176
243,7,1128.998176
243,8,1122.008432
243,8,1122.008432
243,8,1122.008432
243,8,1122.008432
243,8,1122.008432
243,8,1122.008432
243,8,1122.008432
243,8,1122.008432
243,8,1122.008432
243,8,1122.008432
243,8,1122.008432
243,8,1122.008432
243,8,1122.008432
243,8,1122.008432
243,8,1122.008432
243,8,1122.008432
243,8,1122.008432
243,8,1122.008432
243,8,1122.008432
243,8,1122.008432
243,8,1122.008432
243,8,1122.008432
243,8,1122.008432
243,8,1122.008432
243,8,1122.008432
243,8,1122.008432
243,8,1122.008432
243,8,1122.008432
243,8,1122.008432
243,8,1122.008432
243,8,1122.008432
243,8,1122.008432
243,8,1122.008432
243,8,1122.008432
243,8,1122.008432
243,8,1122.008432
243,8,1122.008432
243,8,1122.008432
243,8,1122.008432
243,8,1122.008432
243,8,1122.008432
243,8,1122.008432
243,8,1122.008432
243,8,1122.008432
243,8,1122.008432
243,8,1122.008432
243,8,1122.008432
243,8,1122.008432
243,8,1122.008432
244,6,1156.425160
244,6,1156.425160
244,6,1156.425160
244,6,1156.425160
244,6,1156.425160
244,6,1156.425160
244,6,1156.425160
244,6,1156.425160
244,6,1156.425160
244,6,1156.425160
244,6,1156.425160
244,6,1156.425160
244,7,1128.998176
244,7,1128.998176
244,7,1128.998176
244,7,1128.998176
244,7,1128.998176
244,8,1122.008432
244,8,1122.008432
244,8,1122.008432
244,8,1122.008432
244,8,1122.008432
244,8,1122.008432
244,8,1122.008432
244,8,1122.008432
244,8,1122.008432
244,8,1122.008432
244,8,1122.008432
244,8,1122.008432
244,8,1122.008432
244,8,1122.008432
244,8,1122.008432
244,8,1122.008432
244,8,1122.008432
244,8,1122.008432
244,8,1122.008432
244,8,1122.008432
244,8,1122.008432
244,8,1122.008432
244,8,1122.008432
244,8,1122.008432
244,8,1122.008432
244,8,1122.008432
244,8,1122.008432
244,8,1122.008432
244,8,1122.008432
244,8,1122.008432
244,8,1122.008432
244,8,1122.008432
244,8,1122.008432
244,8,1122.008432
244,8,1122.008432
244,8,1122.008432
244,8,1122.008432
244,8,1122.008432
244,8,1122.008432
244,8,1122.008432
244,8,1122.008432
244,8,1122.008432
244,8,1122.008432
244,8,1122.008432
244,8,1122.008432
244,8,1122.008432
244,8,1122.008432
244,8,1122.008432
244,8,1122.008432
244,8,1122.008432
245,6,1155.211101
245,7,1128.998176
245,7,1128.998176
245,7,1128.998176
245,7,1128.998176
245,7,1128.998176
245,7,1128.998176
245,7,1128.998176
245,8,1116.288010
246,6,1155.211101
246,6,1155.211101
246,7,1128.998176
246,7,1128.998176
246,7,1128.998176
246,7,1128.998176
246,7,1128.998176
246,7,1128.998176
246,7,1128.998176
246,7,1128.998176
246,7,1128.998176
246,8,1116.288010
246,8,1116.288010
247,6,1148.510046
247,7,1128.998176
247,7,1128.998176
247,7,1128.998176
247,7,1128.998176
247,7,1128.998176
247,7,1128.998176
247,7,1128.998176
247,7,1128.998176
247,7,1128.998176
247,7,1128.998176
247,7,1128.998176
247,8,1116.288010
247,8,1116.288010
247,8,1116.288010
248,6,1147.892834
248,7,1128.998176
248,7,1128.998176
248,7,1128.998176
248,7,1128.998176
248,7,1128.998176
248,7,1128.998176
248,7,1128.998176
248,7,1128.998176
248,7,1128.998176
248,7,1128.998176
248,7,1128.998176
248,7,1128.998176
248,7,1128.998176
248,8,1116.288010
248,8,1116.288010
248,8,1116.288010
248,8,1116.288010
249,6,1147.892834
249,6,1147.892834
249,7,1128.998176
249,7,1128.998176
249,7,1128.998176
249,7,1128.998176
249,7,1128.998176
249,7,1128.998176
249,7,1128.998176
249,7,1128.998176
249,7,1128.998176
249,7,1128.998176
249,7,1128.998176
249,7,1128.998176
249,7,1128.998176
249,7,1128.998176
249,7,1128.998176
249,8,1116.288010
249,8,1116.288010
249,8,1116.288010
249,8,1116.288010
249,8,1116.288010
250,6,1147.892834
250,6,1147.892834
250,6,1147.892834
250,7,1117.348331
250,8,1116.288010
250,8,1116.288010
250,8,1116.288010
250,8,1116.288010
250,8,1116.288010
250,8,1116.288010
251,6,1147.892834
251,6,1147.892834
251,6,1147.892834
251,6,1147.892834
251,7,1117.348331
251,7,1117.348331
251,8,1116.288010
251,8,1116.288010
251,8,1116.288010
251,8,1116.288010
251,8,1116.288010
251,8,1116.288010
251,8,1116.288010
252,6,1147.892834
252,6,1147.892834
252,6,1147.892834
252,6,1147.892834
252,6,1147.892834
252,7,1117.348331
252,7,1117.348331
252,7,1117.348331
252,8,1116.288010
252,8,1116.288010
252,8,1116.288010
252,8,1116.288010
252,8,1116.288010
252,8,1116.288010
252,8,1116.288010
252,8,1116.288010
253,6,1147.892834
253,6,1147.892834
253,6,1147.892834
253,6,1147.892834
253,6,1147.892834
253,6,1147.892834
253,6,1147.892834
253,7,1117.348331
253,7,1117.348331
253,7,1117.348331
253,7,1117.348331
253,8,1116.288010
253,8,1116.288010
253,8,1116.288010
253,8,1116.288010
253,8,1116.288010
253,8,1116.288010
253,8,1116.288010
253,8,1116.288010
253,8,1116.288010
254,6,1147.892834
254,6,1147.892834
254,6,1147.892834
254,6,1147.892834
254,6,1147.892834
254,6,1147.892834
254,6,1147.892834
254,6,1147.892834
254,6,1147.892834
254,7,1117.348331
254,7,1117.348331
254,7,1117.348331
254,7,1117.348331
254,7,1117.348331
254,8,1116.288010
254,8,1116.288010
254,8,1116.288010
254,8,1116.288010
254,8,1116.288010
254,8,1116.288010
254,8,1116.288010
254,8,1116.288010
254,8,1116.288010
254,8,1116.288010
255,6,1147.892834
255,6,1147.892834
255,6,1147.892834
255,6,1147.892834
255,6,1147.892834
255,6,1147.892834
255,6,1147.892834
255,6,1147.892834
255,6,1147.892834
255,6,1147.892834
255,6,1147.892834
255,7,1117.348331
255,7,1117.348331
255,7,1117.348331
255,7,1117.348331
255,7,1117.348331
255,7,1117.348331
255,8,1116.288010
255,8,1116.288010
255,8,1116.288010
255,8,1116.288010
255,8,1116.288010
255,8,1116.288010
255,8,1116.288010
255,8,1116.288010
255,8,1116.288010
255,8,1116.288010
255,8,1116.288010
256,6,1147.892834
256,6,1147.892834
256,6,1147.892834
256,6,1147.892834
256,6,1147.892834
256,6,1147.892834
256,6,1147.892834
256,6,1147.892834
256,6,1147.892834
256,6,1147.892834
256,6,1147.892834
256,6,1147.892834
256,6,1147.892834
256,7,1117.348331
256,7,1117.348331
256,7,1117.348331
256,7,1117.348331
256,7,1117.348331
256,7,1117.348331
256,7,1117.348331
256,8,1116.288010
256,8,1116.288010
256,8,1116.288010
256,8,1116.288010
256,8,1116.288010
256,8,1116.288010
256,8,1116.288010
256,8,1116.288010
256,8,1116.288010
256,8,1116.288010
256,8,1116.288010
256,8,1116.288010
257,6,1147.892834
257,6,1147.892834
257,6,1147.892834
257,6,1147.892834
257,6,1147.892834
257,6,1147.892834
257,6,1147.892834
257,6,1147.892834
257,6,1147.892834
257,6,1147.892834
257,6,1147.892834
257,6,1147.892834
257,6,1147.892834
257,6,1147.892834
257,6,1147.892834
257,7,1117.348331
257,7,1117.348331
257,7,1117.348331
257,7,1117.348331
257,7,1117.348331
257,7,1117.348331
257,7,1117.348331
257,7,1117.348331
257,8,1116.288010
257,8,1116.288010
257,8,1116.288010
257,8,1116.288010
257,8,1116.288010
257,8,1116.288010
257,8,1116.288010
257,8,1116.288010
257,8,1116.288010
257,8,1116.288010
257,8,1116.288010
257,8,1116.288010
257,8,1116.288010
258,6,1147.892834
258,6,1147.892834
258,6,1147.892834
258,6,1147.892834
258,6,1147.892834
258,6,1147.892834
258,6,1147.892834
258,6,1147.892834
258,6,1147.892834
258,6,1147.892834
258,6,1147.892834
258,6,1147.892834
258,6,1147.892834
258,6,1147.892834
258,6,1147.892834
258,6,1147.892834
258,6,1147.892834
258,7,1117.348331
258,7,1117.348331
258,7,1117.348331
258,7,1117.348331
258,7,1117.348331
258,7,1117.348331
258,7,1117.348331
258,7,1117.348331
258,7,1117.348331
258,8,1116.288010
258,8,1116.288010
258,8,1116.288010
258,8,1116.288010
258,8,1116.288010
258,8,1116.288010
258,8,1116.288010
258,8,1116.288010
258,8,1116.288010
258,8,1116.288010
258,8,1116.288010
258,8,1116.288010
258,8,1116.288010
258,8,1116.288010
258,8,1116.288010
259,6,1145.500961
259,7,1117.348331
259,7,1117.348331
259,7,1117.348331
259,7,1117.348331
259,7,1117.348331
259,7,1117.348331
259,7,1117.348331
259,7,1117.348331
259,7,1117.348331
259,7,1117.348331
259,8,1116.288010
259,8,1116.288010
259,8,1116.288010
259,8,1116.288010
259,8,1116.288010
259,8,1116.288010
259,8,1116.288010
259,8,1116.288010
259,8,1116.288010
259,8,1116.288010
259,8,1116.288010
259,8,1116.288010
259,8,1116.288010
259,8,1116.288010
259,8,1116.288010
259,8,1116.288010
259,8,1116.288010
260,6,1145.500961
260,6,1145.500961
260,7,1117.348331
260,7,1117.348331
260,7,1117.348331
260,7,1117.348331
260,7,1117.348331
260,7,1117.348331
260,7,1117.348331
260,7,1117.348331
260,7,1117.348331
260,7,1117.348331
260,7,1117.348331
260,8,1116.288010
260,8,1116.288010
260,8,1116.288010
260,8,1116.288010
260,8,1116.288010
260,8,1116.288010
260,8,1116.288010
260,8,1116.288010
260,8,1116.288010
260,8,1116.288010
260,8,1116.288010
260,8,1116.288010
260,8,1116.288010
260,8,1116.288010
260,8,1116.288010
260,8,1116.288010
260,8,1116.288010
260,8,1116.288010
260,8,1116.288010
260,8,1116.288010
261,6,1145.500961
261,6,1145.500961
261,6,1145.500961
261,7,1117.348331
261,7,1117.348331
261,7,1117.348331
261,7,1117.348331
261,7,1117.348331
261,7,1117.348331
261,7,1117.348331
261,7,1117.348331
261,7,1117.348331
261,7,1117.348331
261,7,1117.348331
261,7,1117.348331
261,8,1116.288010
261,8,1116.288010
261,8,1116.288010
261,8,1116.288010
261,8,1116.288010
261,8,1116.288010
261,8,1116.288010
261,8,1116.288010
261,8,1116.288010
261,8,1116.288010
261,8,1116.288010
261,8,1116.288010
261,8,1116.288010
261,8,1116.288010
261,8,1116.288010
261,8,1116.288010
261,8,1116.288010
261,8,1116.288010
261,8,1116.288010
261,8,1116.288010
261,8,1116.288010
261,8,1116.288010
261,8,1116.288010
262,6,1145.500961
262,6,1145.500961
262,6,1145.500961
262,6,1145.500961
262,7,1117.348331
262,7,1117.348331
262,7,1117.348331
262,7,1117.348331
262,7,1117.348331
262,7,1117.348331
262,7,1117.348331
262,7,1117.348331
262,7,1117.348331
262,7,1117.348331
262,7,1117.348331
262,7,1117.348331
262,7,1117.348331
262,8,1116.288010
262,8,1116.288010
262,8,1116.288010
262,8,1116.288010
262,8,1116.288010
262,8,1116.288010
262,8,1116.288010
262,8,1116.288010
262,8,1116.288010
262,8,1116.288010
262,8,1116.288010
262,8,1116.288010
262,8,1116.288010
262,8,1116.288010
262,8,1116.288010
262,8,1116.288010
262,8,1116.288010
262,8,1116.288010
262,8,1116.288010
262,8,1116.288010
262,8,1116.288010
262,8,1116.288010
262,8,1116.288010
262,8,1116.288010
262,8,1116.288010
262,8,1116.288010
263,6,1145.500961
263,6,1145.500961
263,6,1145.500961
263,6,1145.500961
263,6,1145.500961
263,7,1117.348331
263,7,1117.348331
263,7,1117.348331
263,7,1117.348331
263,7,1117.348331
263,7,1117.348331
263,7,1117.348331
263,7,1117.348331
263,7,1117.348331
263,7,1117.348331
263,7,1117.348331
263,7,1117.348331
263,7,1117.348331
263,7,1117.348331
263,8,1109.392375
264,6,1145.500961
264,6,1145.500961
264,6,1145.500961
264,6,1145.500961
264,6,1145.500961
264,6,1145.500961
264,6,1145.500961
264,7,1117.348331
264,7,1117.348331
264,7,1117.348331
264,7,1117.348331
264,7,1117.348331
264,7,1117.348331
264,7,1117.348331
264,7,1117.348331
264,7,1117.348331
264,7,1117.348331
264,7,1117.348331
264,7,1117.348331
264,7,1117.348331
264,7,1117.348331
264,7,1117.348331
264,8,1109.392375
264,8,1109.392375
265,6,1138.341693
265,7,1117.348331
265,7,1117.348331
265,7,1117.348331
265,7,1117.348331
265,7,1117.348331
265,7,1117.348331
265,7,1117.348331
265,7,1117.348331
265,7,1117.348331
265,7,1117.348331
265,7,1117.348331
265,7,1117.348331
265,7,1117.348331
265,7,1117.348331
265,7,1117.348331
265,7,1117.348331
265,8,1109.392375
265,8,1109.392375
265,8,1109.392375
266,6,1136.242989
266,7,1117.348331
266,7,1117.348331
266,7,1117.348331
266,7,1117.348331
266,7,1117.348331
266,7,1117.348331
266,7,1117.348331
266,7,1117.348331
266,7,1117.348331
266,7,1117.348331
266,7,1117.348331
266,7,1117.348331
266,7,1117.348331
266,7,1117.348331
266,7,1117.348331
266,7,1117.348331
266,7,1117.348331
266,8,1109.392375
266,8,1109.392375
266,8,1109.392375
266,8,1109.392375
267,6,1136.242989
267,6,1136.242989
267,7,1117.348331
267,7,1117.348331
267,7,1117.348331
267,7,1117.348331
267,7,1117.348331
267,7,1117.348331
267,7,1117.348331
267,7,1117.348331
267,7,1117.348331
267,7,1117.348331
267,7,1117.348331
267,7,1117.348331
267,7,1117.348331
267,7,1117.348331
267,7,1117.348331
267,7,1117.348331
267,7,1117.348331
267,7,1117.348331
267,7,1117.348331
267,8,1109.392375
267,8,1109.392375
267,8,1109.392375
267,8,1109.392375
267,8,1109.392375
268,6,1136.242989
268,6,1136.242989
268,6,1136.242989
268,6,1136.242989
268,7,1117.348331
268,7,1117.348331
268,7,1117.348331
268,7,1117.348331
268,7,1117.348331
268,7,1117.348331
268,7,1117.348331
268,7,1117.348331
268,7,1117.348331
268,7,1117.348331
268,7,1117.348331
268,7,1117.348331
268,7,1117.348331
268,7,1117.348331
268,7,1117.348331
268,7,1117.348331
268,7,1117.348331
268,7,1117.348331
268,7,1117.348331
268,7,1117.348331
268,7,1117.348331
268,8,1109.392375
268,8,1109.392375
268,8,1109.392375
268,8,1109.392375
268,8,1109.392375
268,8,1109.392375
269,6,1136.242989
269,6,1136.242989
269,6,1136.242989
269,6,1136.242989
269,6,1136.242989
269,6,1136.242989
269,6,1136.242989
269,7,1117.348331
269,7,1117.348331
269,7,1117.348331
269,7,1117.348331
269,7,1117.348331
269,7,1117.348331
269,7,1117.348331
269,7,1117.348331
269,7,1117.348331
269,7,1117.348331
269,7,1117.348331
269,7,1117.348331
269,7,1117.348331
269,7,1117.348331
269,7,1117.348331
269,7,1117.348331
269,7,1117.348331
269,7,1117.348331
269,7,1117.348331
269,7,1117.348331
269,7,1117.348331
269,7,1117.348331
269,7,1117.348331
269,8,1109.392375
269,8,1109.392375
269,8,1109.392375
269,8,1109.392375
269,8,1109.392375
269,8,1109.392375
269,8,1109.392375
270,6,1136.242989
270,6,1136.242989
270,6,1136.242989
270,6,1136.242989
270,6,1136.242989
270,6,1136.242989
270,6,1136.242989
270,6,1136.242989
270,6,1136.242989
270,6,1136.242989
270,6,1136.242989
270,7,1117.348331
270,7,1117.348331
270,7,1117.348331
270,7,1117.348331
270,7,1117.348331
270,7,1117.348331
270,7,1117.348331
270,7,1117.348331
270,7,1117.348331
270,7,1117.348331
270,7,1117.348331
270,7,1117.348331
270,7,1117.348331
270,7,1117.348331
270,7,1117.348331
270,7,1117.348331
270,7,1117.348331
270,7,1117.348331
270,7,1117.348331
270,7,1117.348331
270,7,1117.348331
270,7,1117.348331
270,7,1117.348331
270,7,1117.348331
270,7,1117.348331
270,8,1109.392375
270,8,1109.392375
270,8,1109.392375
270,8,1109.392375
270,8,1109.392375
270,8,1109.392375
270,8,1109.392375
270,8,1109.392375
271,6,1135.625791
271,7,1117.348331
271,7,1117.348331
271,7,1117.348331
271,7,1117.348331
271,7,1117.348331
271,7,1117.348331
271,7,1117.348331
271,7,1117.348331
271,7,1117.348331
271,7,1117.348331
271,7,1117.348331
271,7,1117.348331
271,7,1117.348331
271,7,1117.348331
271,7,1117.348331
271,7,1117.348331
271,7,1117.348331
271,7,1117.348331
271,7,1117.348331
271,7,1117.348331
271,7,1117.348331
271,7,1117.348331
271,7,1117.348331
271,7,1117.348331
271,7,1117.348331
271,7,1117.348331
271,7,1117.348331
271,8,1107.293670
272,6,1135.625791
272,6,1135.625791
272,7,1117.348331
272,7,1117.348331
272,7,1117.348331
272,7,1117.348331
272,7,1117.348331
272,7,1117.348331
272,7,1117.348331
272,7,1117.348331
272,7,1117.348331
272,7,1117.348331
272,7,1117.348331
272,7,1117.348331
272,7,1117.348331
272,7,1117.348331
272,7,1117.348331
272,7,1117.348331
272,7,1117.348331
272,7,1117.348331
272,7,1117.348331
272,7,1117.348331
272,7,1117.348331
272,7,1117.348331
272,7,1117.348331
272,7,1117.348331
272,7,1117.348331
272,7,1117.348331
272,7,1117.348331
272,7,1117.348331
272,7,1117.348331
272,8,1107.293670
272,8,1107.293670
273,6,1135.625791
273,6,1135.625791
273,6,1135.625791
273,6,1135.625791
273,6,1135.625791
273,7,1117.348331
273,7,1117.348331
273,7,1117.348331
273,7,1117.348331
273,7,1117.348331
273,7,1117.348331
273,7,1117.348331
273,7,1117.348331
273,7,1117.348331
273,7,1117.348331
273,7,1117.348331
273,7,1117.348331
273,7,1117.348331
273,7,1117.348331
273,7,1117.348331
273,7,1117.348331
273,7,1117.348331
273,7,1117.348331
273,7,1117.348331
273,7,1117.348331
273,7,1117.348331
273,7,1117.348331
273,7,1117.348331
273,7,1117.348331
273,7,1117.348331
273,7,1117.348331
273,7,1117.348331
273,7,1117.348331
273,7,1117.348331
273,7,1117.348331
273,7,1117.348331
273,7,1117.348331
273,7,1117.348331
273,8,1107.293670
273,8,1107.293670
273,8,1107.293670
274,6,1135.625791
274,6,1135.625791
274,6,1135.625791
274,6,1135.625791
274,6,1135.625791
274,6,1135.625791
274,6,1135.625791
274,6,1135.625791
274,7,1117.348331
274,7,1117.348331
274,7,1117.348331
274,7,1117.348331
274,7,1117.348331
274,7,1117.348331
274,7,1117.348331
274,7,1117.348331
274,7,1117.348331
274,7,1117.348331
274,7,1117.348331
274,7,1117.348331
274,7,1117.348331
274,7,1117.348331
274,7,1117.348331
274,7,1117.348331
274,7,1117.348331
274,7,1117.348331
274,7,1117.348331
274,7,1117.348331
274,7,1117.348331
274,7,1117.348331
274,7,1117.348331
274,7,1117.348331
274,7,1117.348331
274,7,1117.348331
274,7,1117.348331
274,7,1117.348331
274,7,1117.348331
274,7,1117.348331
274,7,1117.348331
274,7,1117.348331
274,7,1117.348331
274,7,1117.348331
274,7,1117.348331
274,7,1117.348331
274,7,1117.348331
274,8,1107.293670
274,8,1107.293670
274,8,1107.293670
274,8,1107.293670
275,6,1135.625791
275,6,1135.625791
275,6,1135.625791
275,6,1135.625791
275,6,1135.625791
275,6,1135.625791
275,6,1135.625791
275,6,1135.625791
275,6,1135.625791
275,6,1135.625791
275,6,1135.625791
275,7,1117.348331
275,7,1117.348331
275,7,1117.348331
275,7,1117.348331
275,7,1117.348331
275,7,1117.348331
275,7,1117.348331
275,7,1117.348331
275,7,1117.348331
275,7,1117.348331
275,7,1117.348331
275,7,1117.348331
275,7,1117.348331
275,7,1117.348331
275,7,1117.348331
275,7,1117.348331
275,7,1117.348331
275,7,1117.348331
275,7,1117.348331
275,7,1117.348331
275,7,1117.348331
275,7,1117.348331
275,7,1117.348331
275,7,1117.348331
275,7,1117.348331
275,7,1117.348331
275,7,1117.348331
275,7,1117.348331
275,7,1117.348331
275,7,1117.348331
275,7,1117.348331
275,7,1117.348331
275,7,1117.348331
275,7,1117.348331
275,7,1117.348331
275,7,1117.348331
275,7,1117.348331
275,7,1117.348331
275,7,1117.348331
275,7,1117.348331
275,7,1117.348331
275,8,1107.293670
275,8,1107.293670
275,8,1107.293670
275,8,1107.293670
275,8,1107.293670
276,6,1135.625791
276,6,1135.625791
276,6,1135.625791
276,6,1135.625791
276,6,1135.625791
276,6,1135.625791
276,6,1135.625791
276,6,1135.625791
276,6,1135.625791
276,6,1135.625791
276,6,1135.625791
276,6,1135.625791
276,6,1135.625791
276,6,1135.625791
276,6,1135.625791
276,7,1117.348331
276,7,1117.348331
276,7,1117.348331
276,7,1117.348331
276,7,1117.348331
276,7,1117.348331
276,7,1117.348331
276,7,1117.348331
276,7,1117.348331
276,7,1117.348331
276,7,1117.348331
276,7,1117.348331
276,7,1117.348331
276,7,1117.348331
276,7,1117.348331
276,7,1117.348331
276,7,1117.348331
276,7,1117.348331
276,7,1117.348331
276,7,1117.348331
276,7,1117.348331
276,7,1117.348331
276,7,1117.348331
276,7,1117.348331
276,7,1117.348331
276,7,1117.348331
276,7,1117.348331
276,7,1117.348331
276,7,1117.348331
276,7,1117.348331
276,7,1117.348331
276,7,1117.348331
276,7,1117.348331
276,7,1117.348331
276,7,1117.348331
276,7,1117.348331
276,7,1117.348331
276,7,1117.348331
276,7,1117.348331
276,7,1117.348331
276,7,1117.348331
276,7,1117.348331
276,7,1117.348331
276,7,1117.348331
276,7,1117.348331
276,7,1117.348331
276,8,1107.293670
276,8,1107.293670
276,8,1107.293670
276,8,1107.293670
276,8,1107.293670
276,8,1107.293670
277,6,1135.625791
277,6,1135.625791
277,6,1135.625791
277,6,1135.625791
277,6,1135.625791
277,6,1135.625791
277,6,1135.625791
277,6,1135.625791
277,6,1135.625791
277,6,1135.625791
277,6,1135.625791
277,6,1135.625791
277,6,1135.625791
277,6,1135.625791
277,6,1135.625791
277,6,1135.625791
277,6,1135.625791
277,6,1135.625791
277,6,1135.625791
277,7,1117.348331
277,7,1117.348331
277,7,1117.348331
277,7,1117.348331
277,7,1117.348331
277,7,1117.348331
277,7,1117.348331
277,7,1117.348331
277,7,1117.348331
277,7,1117.348331
277,7,1117.348331
277,7,1117.348331
277,7,1117.348331
277,7,1117.348331
277,7,1117.348331
277,7,1117.348331
277,7,1117.348331
277,7,1117.348331
277,7,1117.348331
277,7,1117.348331
277,7,1117.348331
277,7,1117.348331
277,7,1117.348331
277,7,1117.348331
277,7,1117.348331
277,7,1117.348331
277,7,1117.348331
277,7,1117.348331
277,7,1117.348331
277,7,1117.348331
277,7,1117.348331
277,7,1117.348331
277,7,1117.348331
277,7,1117.348331
277,7,1117.348331
277,7,1117.348331
277,7,1117.348331
277,7,1117.348331
277,7,1117.348331
277,7,1117.348331
277,7,1117.348331
277,7,1117.348331
277,7,1117.348331
277,7,1117.348331
277,7,1117.348331
277,7,1117.348331
277,7,1117.348331
277,7,1117.348331
277,7,1117.348331
277,7,1117.348331
277,7,1117.348331
277,8,1107.293670
277,8,1107.293670
277,8,1107.293670
277,8,1107.293670
277,8,1107.293670
277,8,1107.293670
277,8,1107.293670
278,6,1135.625791
278,6,1135.625791
278,6,1135.625791
278,6,1135.625791
278,6,1135.625791
278,6,1135.625791
278,6,1135.625791
278,6,1135.625791
278,6,1135.625791
278,6,1135.625791
278,6,1135.625791
278,6,1135.625791
278,6,1135.625791
278,6,1135.625791
278,6,1135.625791
278,6,1135.625791
278,6,1135.625791
278,6,1135.625791
278,6,1135.625791
278,6,1135.625791
278,6,1135.625791
278,6,1135.625791
278,6,1135.625791
278,6,1135.625791
278,7,1117.348331
278,7,1117.348331
278,7,1117.348331
278,7,1117.348331
278,7,1117.348331
278,7,1117.348331
278,7,1117.348331
278,7,1117.348331
278,7,1117.348331
278,7,1117.348331
278,7,1117.348331
278,7,1117.348331
278,7,1117.348331
278,7,1117.348331
278,7,1117.348331
278,7,1117.348331
278,7,1117.348331
278,7,1117.348331
278,7,1117.348331
278,7,1117.348331
278,7,1117.348331
278,7,1117.348331
278,7,1117.348331
278,7,1117.348331
278,7,1117.348331
278,7,1117.348331
278,7,1117.348331
278,7,1117.348331
278,7,1117.348331
278,7,1117.348331
278,7,1117.348331
278,7,1117.348331
278,7,1117.348331
278,7,1117.348331
278,7,1117.348331
278,7,1117.348331
278,7,1117.348331
278,7,1117.348331
278,7,1117.348331
278,7,1117.348331
278,7,1117.348331
278,7,1117.348331
278,7,1117.348331
278,7,1117.348331
278,7,1117.348331
278,7,1117.348331
278,7,1117.348331
278,7,1117.348331
278,7,1117.348331
278,7,1117.348331
278,7,1117.348331
278,7,1117.348331
278,7,1117.348331
278,7,1117.348331
278,7,1117.348331
278,7,1117.348331
278,7,1117.348331
278,8,1107.293670
278,8,1107.293670
278,8,1107.293670
278,8,1107.293670
278,8,1107.293670
278,8,1107.293670
278,8,1107.293670
278,8,1107.293670
279,6,1135.625791
279,6,1135.625791
279,6,1135.625791
279,6,1135.625791
279,6,1135.625791
279,6,1135.625791
279,6,1135.625791
279,6,1135.625791
279,6,1135.625791
279,6,1135.625791
279,6,1135.625791
279,6,1135.625791
279,6,1135.625791
279,6,1135.625791
279,6,1135.625791
279,6,1135.625791
279,6,1135.625791
279,6,1135.625791
279,6,1135.625791
279,6,1135.625791
279,6,1135.625791
279,6,1135.625791
279,6,1135.625791
279,6,1135.625791
279,6,1135.625791
279,6,1135.625791
279,6,1135.625791
279,6,1135.625791
279,6,1135.625791
279,6,1135.625791
279,7,1117.348331
279,7,1117.348331
279,7,1117.348331
279,7,1117.348331
279,7,1117.348331
279,7,1117.348331
279,7,1117.348331
279,7,1117.348331
279,7,1117.348331
279,7,1117.348331
279,7,1117.348331
279,7,1117.348331
279,7,1117.348331
279,7,1117.348331
279,7,1117.348331
279,7,1117.348331
279,7,1117.348331
279,7,1117.348331
279,7,1117.348331
279,7,1117.348331
279,7,1117.348331
279,7,1117.348331
279,7,1117.348331
279,7,1117.348331
279,7,1117.348331
279,7,1117.348331
279,7,1117.348331
279,7,1117.348331
279,7,1117.348331
279,7,1117.348331
279,7,1117.348331
279,7,1117.348331
279,7,1117.348331
279,7,1117.348331
279,7,1117.348331
279,7,1117.348331
279,7,1117.348331
279,7,1117.348331
279,7,1117.348331
279,7,1117.348331
279,7,1117.348331
279,7,1117.348331
279,7,1117.348331
279,7,1117.348331
279,7,1117.348331
279,7,1117.348331
279,7,1117.348331
279,7,1117.348331
279,7,1117.348331
279,7,1117.348331
279,7,1117.348331
279,7,1117.348331
279,7,1117.348331
279,7,1117.348331
279,7,1117.348331
279,7,1117.348331
279,7,1117.348331
279,7,1117.348331
279,7,1117.348331
279,7,1117.348331
279,7,1117.348331
279,7,1117.348331
279,7,1117.348331
279,7,1117.348331
279,7,1117.348331
279,8,1107.293670
279,8,1107.293670
279,8,1107.293670
279,8,1107.293670
279,8,1107.293670
279,8,1107.293670
279,8,1107.293670
279,8,1107.293670
279,8,1107.293670
280,6,1135.625791
280,6,1135.625791
280,6,1135.625791
280,6,1135.625791
280,6,1135.625791
280,6,1135.625791
280,6,1135.625791
280,6,1135.625791
280,6,1135.625791
280,6,1135.625791
280,6,1135.625791
280,6,1135.625791
280,6,1135.625791
280,6,1135.625791
280,6,1135.625791
280,6,1135.625791
280,6,1135.625791
280,6,1135.625791
280,6,1135.625791
280,6,1135.625791
280,6,1135.625791
280,6,1135.625791
280,6,1135.625791
280,6,1135.625791
280,6,1135.625791
280,6,1135.625791
280,6,1135.625791
280,6,1135.625791
280,6,1135.625791
280,6,1135.625791
280,6,1135.625791
280,6,1135.625791
280,6,1135.625791
280,6,1135.625791
280,6,1135.625791
280,6,1135.625791
280,7,1117.348331
280,7,1117.348331
280,7,1117.348331
280,7,1117.348331
280,7,1117.348331
280,7,1117.348331
280,7,1117.348331
280,7,1117.348331
280,7,1117.348331
280,7,1117.348331
280,7,1117.348331
280,7,1117.348331
280,7,1117.348331
280,7,1117.348331
280,7,1117.348331
280,7,1117.348331
280,7,1117.348331
280,7,1117.348331
280,7,1117.348331
280,7,1117.348331
280,7,1117.348331
280,7,1117.348331
280,7,1117.348331
280,7,1117.348331
280,7,1117.348331
280,7,1117.348331
280,7,1117.348331
280,7,1117.348331
280,7,1117.348331
280,7,1117.348331
280,7,1117.348331
280,7,1117.348331
280,7,1117.348331
280,7,1117.348331
280,7,1117.348331
280,7,1117.348331
280,7,1117.348331
280,7,1117.348331
280,7,1117.348331
280,7,1117.348331
280,7,1117.348331
280,7,1117.348331
280,7,1117.348331
280,7,1117.348331
280,7,1117.348331
280,7,1117.348331
280,7,1117.348331
280,7,1117.348331
280,7,1117.348331
280,7,1117.348331
280,7,1117.348331
280,7,1117.348331
280,7,1117.348331
280,7,1117.348331
280,7,1117.348331
280,7,1117.348331
280,7,1117.348331
280,7,1117.348331
280,7,1117.348331
280,7,1117.348331
280,7,1117.348331
280,7,1117.348331
280,7,1117.348331
280,7,1117.348331
280,7,1117.348331
280,7,1117.348331
280,7,1117.348331
280,7,1117.348331
280,7,1117.348331
280,7,1117.348331
280,7,1117.348331
280,7,1117.348331
280,7,1117.348331
280,7,1117.348331
280,7,1117.348331
280,7,1117.348331
280,8,1107.293670
280,8,1107.293670
280,8,1107.293670
280,8,1107.293670
280,8,1107.293670
280,8,1107.293670
280,8,1107.293670
280,8,1107.293670
280,8,1107.293670
280,8,1107.293670
281,6,1135.625791
281,6,1135.625791
281,6,1135.625791
281,6,1135.625791
281,6,1135.625791
281,6,1135.625791
281,6,1135.625791
281,6,1135.625791
281,6,1135.625791
281,6,1135.625791
281,6,1135.625791
281,6,1135.625791
281,6,1135.625791
281,6,1135.625791
281,6,1135.625791
281,6,1135.625791
281,6,1135.625791
281,6,1135.625791
281,6,1135.625791
281,6,1135.625791
281,6,1135.625791
281,6,1135.625791
281,6,1135.625791
281,6,1135.625791
281,6,1135.625791
281,6,1135.625791
281,6,1135.625791
281,6,1135.625791
281,6,1135.625791
281,6,1135.625791
281,6,1135.625791
281,6,1135.625791
281,6,1135.625791
281,6,1135.625791
281,6,1135.625791
281,6,1135.625791
281,6,1135.625791
281,6,1135.625791
281,6,1135.625791
281,6,1135.625791
281,6,1135.625791
281,6,1135.625791
281,6,1135.625791
281,7,1117.348331
281,7,1117.348331
281,7,1117.348331
281,7,1117.348331
281,7,1117.348331
281,7,1117.348331
281,7,1117.348331
281,7,1117.348331
281,7,1117.348331
281,7,1117.348331
281,7,1117.348331
281,7,1117.348331
281,7,1117.348331
281,7,1117.348331
281,7,1117.348331
281,7,1117.348331
281,7,1117.348331
281,7,1117.348331
281,7,1117.348331
281,7,1117.348331
281,7,1117.348331
281,7,1117.348331
281,7,1117.348331
281,7,1117.348331
281,7,1117.348331
281,7,1117.348331
281,7,1117.348331
281,7,1117.348331
281,7,1117.348331
281,7,1117.348331
281,7,1117.348331
281,7,1117.348331
281,7,1117.348331
281,7,1117.348331
281,7,1117.348331
281,7,1117.348331
281,7,1117.348331
281,7,1117.348331
281,7,1117.348331
281,7,1117.348331
281,7,1117.348331
281,7,1117.348331
281,7,1117.348331
281,7,1117.348331
281,7,1117.348331
281,7,1117.348331
281,7,1117.348331
281,7,1117.348331
281,7,1117.348331
281,7,1117.348331
281,7,1117.348331
281,7,1117.348331
281,7,1117.348331
281,7,1117.348331
281,7,1117.348331
281,7,1117.348331
281,7,1117.348331
281,7,1117.348331
281,7,1117.348331
281,7,1117.348331
281,7,1117.348331
281,7,1117.348331
281,7,1117.348331
281,7,1117.348331
281,7,1117.348331
281,7,1117.348331
281,7,1117.348331
281,7,1117.348331
281,7,1117.348331
281,7,1117.348331
281,7,1117.348331
281,7,1117.348331
281,7,1117.348331
281,7,1117.348331
281,7,1117.348331
281,7,1117.348331
281,7,1117.348331
281,7,1117.348331
281,7,1117.348331
281,7,1117.348331
281,7,1117.348331
281,7,1117.348331
281,7,1117.348331
281,7,1117.348331
281,7,1117.348331
281,7,1117.348331
281,7,1117.348331
281,7,1117.348331
281,7,1117.348331
281,8,1107.293670
281,8,1107.293670
281,8,1107.293670
281,8,1107.293670
281,8,1107.293670
281,8,1107.293670
281,8,1107.293670
281,8,1107.293670
281,8,1107.293670
281,8,1107.293670
281,8,1107.293670
282,6,1135.625791
282,6,1135.625791
282,6,1135.625791
282,6,1135.625791
282,6,1135.625791
282,6,1135.625791
282,6,1135.625791
282,6,1135.625791
282,6,1135.625791
282,6,1135.625791
282,6,1135.625791
282,6,1135.625791
282,6,1135.625791
282,6,1135.625791
282,6,1135.625791
282,6,1135.625791
282,6,1135.625791
282,6,1135.625791
282,6,1135.625791
282,6,1135.625791
282,6,1135.625791
282,6,1135.625791
282,6,1135.625791
282,6,1135.625791
282,6,1135.625791
282,6,1135.625791
282,6,1135.625791
282,6,1135.625791
282,6,1135.625791
282,6,1135.625791
282,6,1135.625791
282,6,1135.625791
282,6,1135.625791
282,6,1135.625791
282,6,1135.625791
282,6,1135.625791
282,6,1135.625791
282,6,1135.625791
282,6,1135.625791
282,6,1135.625791
282,6,1135.625791
282,6,1135.625791
282,6,1135.625791
282,6,1135.625791
282,6,1135.625791
282,6,1135.625791
282,6,1135.625791
282,6,1135.625791
282,6,1135.625791
282,6,1135.625791
282,6,1135.625791
282,7,1117.348331
282,7,1117.348331
282,7,1117.348331
282,7,1117.348331
282,7,1117.348331
282,7,1117.348331
282,7,1117.348331
282,7,1117.348331
282,7,1117.348331
282,7,1117.348331
282,7,1117.348331
282,7,1117.348331
282,7,1117.348331
282,7,1117.348331
282,7,1117.348331
282,7,1117.348331
282,7,1117.348331
282,7,1117.348331
282,7,1117.348331
282,7,1117.348331
282,7,1117.348331
282,7,1117.348331
282,7,1117.348331
282,7,1117.348331
282,7,1117.348331
282,7,1117.348331
282,7,1117.348331
282,7,1117.348331
282,7,1117.348331
282,7,1117.348331
282,7,1117.348331
282,7,1117.348331
282,7,1117.348331
282,7,1117.348331
282,7,1117.348331
282,7,1117.348331
282,7,1117.348331
282,7,1117.348331
282,7,1117.348331
282,7,1117.348331
282,7,1117.348331
282,7,1117.348331
282,7,1117.348331
282,7,1117.348331
282,7,1117.348331
282,7,1117.348331
282,7,1117.348331
282,7,1117.348331
282,7,1117.348331
282,7,1117.348331
282,7,1117.348331
282,7,1117.348331
282,7,1117.348331
282,7,1117.348331
282,7,1117.348331
282,7,1117.348331
282,7,1117.348331
282,7,1117.348331
282,7,1117.348331
282,7,1117.348331
282,7,1117.348331
282,7,1117.348331
282,7,1117.348331
282,7,1117.348331
282,7,1117.348331
282,7,1117.348331
282,7,1117.348331
282,7,1117.348331
282,7,1117.348331
282,7,1117.348331
282,7,1117.348331
282,7,1117.348331
282,7,1117.348331
282,7,1117.348331
282,7,1117.348331
282,7,1117.348331
282,7,1117.348331
282,7,1117.348331
282,7,1117.348331
282,7,1117.348331
282,7,1117.348331
282,7,1117.348331
282,7,1117.348331
282,7,1117.348331
282,7,1117.348331
282,7,1117.348331
282,7,1117.348331
282,8,1107.293670
282,8,1107.293670
282,8,1107.293670
282,8,1107.293670
282,8,1107.293670
282,8,1107.293670
282,8,1107.293670
282,8,1107.293670
282,8,1107.293670
282,8,1107.293670
282,8,1107.293670
282,8,1107.293670
283,6,1135.625791
283,6,1135.625791
283,6,1135.625791
283,6,1135.625791
283,6,1135.625791
283,6,1135.625791
283,6,1135.625791
283,6,1135.625791
283,6,1135.625791
283,6,1135.625791
283,6,1135.625791
283,6,1135.625791
283,6,1135.625791
283,6,1135.625791
283,6,1135.625791
283,6,1135.625791
283,6,1135.625791
283,6,1135.625791
283,6,1135.625791
283,6,1135.625791
283,6,1135.625791
283,6,1135.625791
283,6,1135.625791
283,6,1135.625791
283,6,1135.625791
283,6,1135.625791
283,6,1135.625791
283,6,1135.625791
283,6,1135.625791
283,6,1135.625791
283,6,1135.625791
283,6,1135.625791
283,6,1135.625791
283,6,1135.625791
283,6,1135.625791
283,6,1135.625791
283,6,1135.625791
283,6,1135.625791
283,6,1135.625791
283,6,1135.625791
283,6,1135.625791
283,6,1135.625791
283,6,1135.625791
283,6,1135.625791
283,6,1135.625791
283,6,1135.625791
283,6,1135.625791
283,6,1135.625791
283,6,1135.625791
283,6,1135.625791
283,6,1135.625791
283,6,1135.625791
283,6,1135.625791
283,6,1135.625791
283,6,1135.625791
283,6,1135.625791
283,6,1135.625791
283,6,1135.625791
283,6,1135.625791
283,6,1135.625791
283,6,1135.625791
283,7,1117.348331
283,7,1117.348331
283,7,1117.348331
283,7,1117.348331
283,7,1117.348331
283,7,1117.348331
283,7,1117.348331
283,7,1117.348331
283,7,1117.348331
283,7,1117.348331
283,7,1117.348331
283,7,1117.348331
283,7,1117.348331
283,7,1117.348331
283,7,1117.348331
283,7,1117.348331
283,7,1117.348331
283,7,1117.348331
283,7,1117.348331
283,7,1117.348331
283,7,1117.348331
283,7,1117.348331
283,7,1117.348331
283,7,1117.348331
283,7,1117.348331
283,7,1117.348331
283,7,1117.348331
283,7,1117.348331
283,7,1117.348331
283,7,1117.348331
283,7,1117.348331
283,7,1117.348331
283,7,1117.348331
283,7,1117.348331
283,7,1117.348331
283,7,1117.348331
283,7,1117.348331
283,7,1117.348331
283,7,1117.348331
283,7,1117.348331
283,7,1117.348331
283,7,1117.348331
283,7,1117.348331
283,7,1117.348331
283,7,1117.348331
283,7,1117.348331
283,7,1117.348331
283,7,1117.348331
283,7,1117.348331
283,7,1117.348331
283,7,1117.348331
283,7,1117.348331
283,7,1117.348331
283,7,1117.348331
283,7,1117.348331
283,7,1117.348331
283,7,1117.348331
283,7,1117.348331
283,7,1117.348331
283,7,1117.348331
283,7,1117.348331
283,7,1117.348331
283,7,1117.348331
283,7,1117.348331
283,7,1117.348331
283,7,1117.348331
283,7,1117.348331
283,7,1117.348331
283,7,1117.348331
283,7,1117.348331
283,7,1117.348331
283,7,1117.348331
283,7,1117.348331
283,7,1117.348331
283,7,1117.348331
283,8,1107.293670
283,8,1107.293670
283,8,1107.293670
283,8,1107.293670
283,8,1107.293670
283,8,1107.293670
283,8,1107.293670
283,8,1107.293670
283,8,1107.293670
283,8,1107.293670
283,8,1107.293670
283,8,1107.293670
283,8,1107.293670
283,8,1107.293670
284,6,1135.625791
284,6,1135.625791
284,6,1135.625791
284,6,1135.625791
284,6,1135.625791
284,6,1135.625791
284,6,1135.625791
284,6,1135.625791
284,6,1135.625791
284,6,1135.625791
284,6,1135.625791
284,6,1135.625791
284,6,1135.625791
284,6,1135.625791
284,6,1135.625791
284,6,1135.625791
284,6,1135.625791
284,6,1135.625791
284,6,1135.625791
284,6,1135.625791
284,6,1135.625791
284,6,1135.625791
284,6,1135.625791
284,6,1135.625791
284,6,1135.625791
284,6,1135.625791
284,6,1135.625791
284,6,1135.625791
284,6,1135.625791
284,6,1135.625791
284,6,1135.625791
284,6,1135.625791
284,6,1135.625791
284,6,1135.625791
284,6,1135.625791
284,6,1135.625791
284,6,1135.625791
284,6,1135.625791
284,6,1135.625791
284,6,1135.625791
284,6,1135.625791
284,6,1135.625791
284,6,1135.625791
284,6,1135.625791
284,6,1135.625791
284,6,1135.625791
284,6,1135.625791
284,6,1135.625791
284,6,1135.625791
284,6,1135.625791
284,6,1135.625791
284,6,1135.625791
284,6,1135.625791
284,6,1135.625791
284,6,1135.625791
284,6,1135.625791
284,6,1135.625791
284,6,1135.625791
284,6,1135.625791
284,6,1135.625791
284,6,1135.625791
284,6,1135.625791
284,6,1135.625791
284,6,1135.625791
284,6,1135.625791
284,6,1135.625791
284,6,1135.625791
284,7,1117.348331
284,7,1117.348331
284,7,1117.348331
284,7,1117.348331
284,7,1117.348331
284,7,1117.348331
284,7,1117.348331
284,7,1117.348331
284,7,1117.348331
284,7,1117.348331
284,7,1117.348331
284,7,1117.348331
284,7,1117.348331
284,7,1117.348331
284,7,1117.348331
284,7,1117.348331
284,7,1117.348331
284,7,1117.348331
284,7,1117.348331
284,7,1117.348331
284,7,1117.348331
284,7,1117.348331
284,7,1117.348331
284,7,1117.348331
284,7,1117.348331
284,7,1117.348331
284,7,1117.348331
284,7,1117.348331
284,7,1117.348331
284,7,1117.348331
284,7,1117.348331
284,7,1117.348331
284,7,1117.348331
284,7,1117.348331
284,7,1117.348331
284,7,1117.348331
284,7,1117.348331
284,7,1117.348331
284,7,1117.348331
284,7,1117.348331
284,7,1117.348331
284,7,1117.348331
284,7,1117.348331
284,7,1117.348331
284,7,1117.348331
284,7,1117.348331
284,7,1117.348331
284,7,1117.348331
284,7,1117.348331
284,7,1117.348331
284,7,1117.348331
284,7,1117.348331
284,7,1117.348331
284,7,1117.348331
284,7,1117.348331
284,7,1117.348331
284,7,1117.348331
284,7,1117.348331
284,7,1117.348331
284,7,1117.348331
284,7,1117.348331
284,7,1117.348331
284,7,1117.348331
284,7,1117.348331
284,7,1117.348331
284,7,1117.348331
284,7,1117.348331
284,8,1107.293670
284,8,1107.293670
284,8,1107.293670
284,8,1107.293670
284,8,1107.293670
284,8,1107.293670
284,8,1107.293670
284,8,1107.293670
284,8,1107.293670
284,8,1107.293670
284,8,1107.293670
284,8,1107.293670
284,8,1107.293670
284,8,1107.293670
284,8,1107.293670
284,8,1107.293670
285,6,1135.625791
285,6,1135.625791
285,6,1135.625791
285,6,1135.625791
285,6,1135.625791
285,6,1135.625791
285,6,1135.625791
285,6,1135.625791
285,6,1135.625791
285,6,1135.625791
285,6,1135.625791
285,6,1135.625791
285,6,1135.625791
285,6,1135.625791
285,6,1135.625791
285,6,1135.625791
285,6,1135.625791
285,6,1135.625791
285,6,1135.625791
285,6,1135.625791
285,6,1135.625791
285,6,1135.625791
285,6,1135.625791
285,6,1135.625791
285,6,1135.625791
285,6,1135.625791
285,6,1135.625791
285,6,1135.625791
285,6,1135.625791
285,6,1135.625791
285,6,1135.625791
285,6,1135.625791
285,6,1135.625791
285,6,1135.625791
285,6,1135.625791
285,6,1135.625791
285,6,1135.625791
285,6,1135.625791
285,6,1135.625791
285,6,1135.625791
285,6,1135.625791
285,6,1135.625791
285,6,1135.625791
285,6,1135.625791
285,6,1135.625791
285,6,1135.625791
285,6,1135.625791
285,6,1135.625791
285,6,1135.625791
285,6,1135.625791
285,6,1135.625791
285,6,1135.625791
285,6,1135.625791
285,6,1135.625791
285,6,1135.625791
285,6,1135.625791
285,6,1135.625791
285,6,1135.625791
285,6,1135.625791
285,6,1135.625791
285,6,1135.625791
285,6,1135.625791
285,6,1135.625791
285,6,1135.625791
285,6,1135.625791
285,6,1135.625791
285,7,1117.348331
285,7,1117.348331
285,7,1117.348331
285,7,1117.348331
285,7,1117.348331
285,7,1117.348331
285,7,1117.348331
285,7,1117.348331
285,7,1117.348331
285,7,1117.348331
285,7,1117.348331
285,7,1117.348331
285,7,1117.348331
285,7,1117.348331
285,7,1117.348331
285,7,1117.348331
285,7,1117.348331
285,7,1117.348331
285,7,1117.348331
285,7,1117.348331
285,7,1117.348331
285,7,1117.348331
285,7,1117.348331
285,7,1117.348331
285,7,1117.348331
285,7,1117.348331
285,7,1117.348331
285,7,1117.348331
285,7,1117.348331
285,7,1117.348331
285,7,1117.348331
285,7,1117.348331
285,7,1117.348331
285,7,1117.348331
285,7,1117.348331
285,7,1117.348331
285,7,1117.348331
285,7,1117.348331
285,7,1117.348331
285,7,1117.348331
285,7,1117.348331
285,7,1117.348331
285,7,1117.348331
285,7,1117.348331
285,7,1117.348331
285,7,1117.348331
285,7,1117.348331
285,7,1117.348331
285,7,1117.348331
285,7,1117.348331
285,7,1117.348331
285,7,1117.348331
285,7,1117.348331
285,7,1117.348331
285,7,1117.348331
285,7,1117.348331
285,7,1117.348331
285,7,1117.348331
285,7,1117.348331
285,7,1117.348331
285,7,1117.348331
285,7,1117.348331
285,7,1117.348331
285,7,1117.348331
285,7,1117.348331
285,8,1107.293670
285,8,1107.293670
285,8,1107.293670
285,8,1107.293670
285,8,1107.293670
285,8,1107.293670
285,8,1107.293670
285,8,1107.293670
285,8,1107.293670
285,8,1107.293670
285,8,1107.293670
285,8,1107.293670
285,8,1107.293670
285,8,1107.293670
285,8,1107.293670
285,8,1107.293670
285,8,1107.293670
285,8,1107.293670
285,8,1107.293670
286,6,1135.625791
286,6,1135.625791
286,6,1135.625791
286,6,1135.625791
286,6,1135.625791
286,6,1135.625791
286,6,1135.625791
286,6,1135.625791
286,6,1135.625791
286,6,1135.625791
286,6,1135.625791
286,6,1135.625791
286,6,1135.625791
286,6,1135.625791
286,6,1135.625791
286,6,1135.625791
286,6,1135.625791
286,6,1135.625791
286,6,1135.625791
286,6,1135.625791
286,6,1135.625791
286,6,1135.625791
286,6,1135.625791
286,6,1135.625791
286,6,1135.625791
286,6,1135.625791
286,6,1135.625791
286,6,1135.625791
286,6,1135.625791
286,6,1135.625791
286,6,1135.625791
286,6,1135.625791
286,6,1135.625791
286,6,1135.625791
286,6,1135.625791
286,6,1135.625791
286,6,1135.625791
286,6,1135.625791
286,6,1135.625791
286,6,1135.625791
286,6,1135.625791
286,6,1135.625791
286,6,1135.625791
286,6,1135.625791
286,6,1135.625791
286,6,1135.625791
286,6,1135.625791
286,6,1135.625791
286,6,1135.625791
286,6,1135.625791
286,6,1135.625791
286,6,1135.625791
286,6,1135.625791
286,6,1135.625791
286,6,1135.625791
286,6,1135.625791
286,6,1135.625791
286,6,1135.625791
286,6,1135.625791
286,6,1135.625791
286,6,1135.625791
286,6,1135.625791
286,6,1135.625791
286,6,1135.625791
286,7,1117.348331
286,7,1117.348331
286,7,1117.348331
286,7,1117.348331
286,7,1117.348331
286,7,1117.348331
286,7,1117.348331
286,7,1117.348331
286,7,1117.348331
286,7,1117.348331
286,7,1117.348331
286,7,1117.348331
286,7,1117.348331
286,7,1117.348331
286,7,1117.348331
286,7,1117.348331
286,7,1117.348331
286,7,1117.348331
286,7,1117.348331
286,7,1117.348331
286,7,1117.348331
286,7,1117.348331
286,7,1117.348331
286,7,1117.348331
286,7,1117.348331
286,7,1117.348331
286,7,1117.348331
286,7,1117.348331
286,7,1117.348331
286,7,1117.348331
286,7,1117.348331
286,7,1117.348331
286,7,1117.348331
286,7,1117.348331
286,7,1117.348331
286,7,1117.348331
286,7,1117.348331
286,7,1117.348331
286,7,1117.348331
286,7,1117.348331
286,7,1117.348331
286,7,1117.348331
286,7,1117.348331
286,7,1117.348331
286,7,1117.348331
286,7,1117.348331
286,7,1117.348331
286,7,1117.348331
286,7,1117.348331
286,7,1117.348331
286,7,1117.348331
286,7,1117.348331
286,7,1117.348331
286,7,1117.348331
286,7,1117.348331
286,7,1117.348331
286,7,1117.348331
286,7,1117.348331
286,7,1117.348331
286,7,1117.348331
286,7,1117.348331
286,7,1117.348331
286,7,1117.348331
286,8,1107.293670
286,8,1107.293670
286,8,1107.293670
286,8,1107.293670
286,8,1107.293670
286,8,1107.293670
286,8,1107.293670
286,8,1107.293670
286,8,1107.293670
286,8,1107.293670
286,8,1107.293670
286,8,1107.293670
286,8,1107.293670
286,8,1107.293670
286,8,1107.293670
286,8,1107.293670
286,8,1107.293670
286,8,1107.293670
286,8,1107.293670
286,8,1107.293670
286,8,1107.293670
286,8,1107.293670
286,8,1107.293670
287,6,1135.625791
287,6,1135.625791
287,6,1135.625791
287,6,1135.625791
287,6,1135.625791
287,6,1135.625791
287,6,1135.625791
287,6,1135.625791
287,6,1135.625791
287,6,1135.625791
287,6,1135.625791
287,6,1135.625791
287,6,1135.625791
287,6,1135.625791
287,6,1135.625791
287,6,1135.625791
287,6,1135.625791
287,6,1135.625791
287,6,1135.625791
287,6,1135.625791
287,6,1135.625791
287,6,1135.625791
287,6,1135.625791
287,6,1135.625791
287,6,1135.625791
287,6,1135.625791
287,6,1135.625791
287,6,1135.625791
287,6,1135.625791
287,6,1135.625791
287,6,1135.625791
287,6,1135.625791
287,6,1135.625791
287,6,1135.625791
287,6,1135.625791
287,6,1135.625791
287,6,1135.625791
287,6,1135.625791
287,6,1135.625791
287,6,1135.625791
287,6,1135.625791
287,6,1135.625791
287,6,1135.625791
287,6,1135.625791
287,6,1135.625791
287,6,1135.625791
287,6,1135.625791
287,6,1135.625791
287,6,1135.625791
287,6,1135.625791
287,6,1135.625791
287,6,1135.625791
287,6,1135.625791
287,6,1135.625791
287,6,1135.625791
287,6,1135.625791
287,6,1135.625791
287,6,1135.625791
287,6,1135.625791
287,6,1135.625791
287,6,1135.625791
287,7,1117.348331
287,7,1117.348331
287,7,1117.348331
287,7,1117.348331
287,7,1117.348331
287,7,1117.348331
287,7,1117.348331
287,7,1117.348331
287,7,1117.348331
287,7,1117.348331
287,7,1117.348331
287,7,1117.348331
287,7,1117.348331
287,7,1117.348331
287,7,1117.348331
287,7,1117.348331
287,7,1117.348331
287,7,1117.348331
287,7,1117.348331
287,7,1117.348331
287,7,1117.348331
287,7,1117.348331
287,7,1117.348331
287,7,1117.348331
287,7,1117.348331
287,7,1117.348331
287,7,1117.348331
287,7,1117.348331
287,7,1117.348331
287,7,1117.348331
287,7,1117.348331
287,7,1117.348331
287,7,1117.348331
287,7,1117.348331
287,7,1117.348331
287,7,1117.348331
287,7,1117.348331
287,7,1117.348331
287,7,1117.348331
287,7,1117.348331
287,7,1117.348331
287,7,1117.348331
287,7,1117.348331
287,7,1117.348331
287,7,1117.348331
287,7,1117.348331
287,7,1117.348331
287,7,1117.348331
287,7,1117.348331
287,7,1117.348331
287,7,1117.348331
287,7,1117.348331
287,7,1117.348331
287,7,1117.348331
287,7,1117.348331
287,7,1117.348331
287,7,1117.348331
287,7,1117.348331
287,7,1117.348331
287,7,1117.348331
287,8,1107.293670
287,8,1107.293670
287,8,1107.293670
287,8,1107.293670
287,8,1107.293670
287,8,1107.293670
287,8,1107.293670
287,8,1107.293670
287,8,1107.293670
287,8,1107.293670
287,8,1107.293670
287,8,1107.293670
287,8,1107.293670
287,8,1107.293670
287,8,1107.293670
287,8,1107.293670
287,8,1107.293670
287,8,1107.293670
287,8,1107.293670
287,8,1107.293670
287,8,1107.293670
287,8,1107.293670
287,8,1107.293670
287,8,1107.293670
287,8,1107.293670
287,8,1107.293670
287,8,1107.293670
287,8,1107.293670
287,8,1107.293670
288,6,1135.625791
288,6,1135.625791
288,6,1135.625791
288,6,1135.625791
288,6,1135.625791
288,6,1135.625791
288,6,1135.625791
288,6,1135.625791
288,6,1135.625791
288,6,1135.625791
288,6,1135.625791
288,6,1135.625791
288,6,1135.625791
288,6,1135.625791
288,6,1135.625791
288,6,1135.625791
288,6,1135.625791
288,6,1135.625791
288,6,1135.625791
288,6,1135.625791
288,6,1135.625791
288,6,1135.625791
288,6,1135.625791
288,6,1135.625791
288,6,1135.625791
288,6,1135.625791
288,6,1135.625791
288,6,1135.625791
288,6,1135.625791
288,6,1135.625791
288,6,1135.625791
288,6,1135.625791
288,6,1135.625791
288,6,1135.625791
288,6,1135.625791
288,6,1135.625791
288,6,1135.625791
288,6,1135.625791
288,6,1135.625791
288,6,1135.625791
288,6,1135.625791
288,6,1135.625791
288,6,1135.625791
288,6,1135.625791
288,6,1135.625791
288,6,1135.625791
288,6,1135.625791
288,6,1135.625791
288,6,1135.625791
288,6,1135.625791
288,6,1135.625791
288,6,1135.625791
288,6,1135.625791
288,6,1135.625791
288,6,1135.625791
288,6,1135.625791
288,7,1117.348331
288,7,1117.348331
288,7,1117.348331
288,7,1117.348331
288,7,1117.348331
288,7,1117.348331
288,7,1117.348331
288,7,1117.348331
288,7,1117.348331
288,7,1117.348331
288,7,1117.348331
288,7,1117.348331
288,7,1117.348331
288,7,1117.348331
288,7,1117.348331
288,7,1117.348331
288,7,1117.348331
288,7,1117.348331
288,7,1117.348331
288,7,1117.348331
288,7,1117.348331
288,7,1117.348331
288,7,1117.348331
288,7,1117.348331
288,7,1117.348331
288,7,1117.348331
288,7,1117.348331
288,7,1117.348331
288,7,1117.348331
288,7,1117.348331
288,7,1117.348331
288,7,1117.348331
288,7,1117.348331
288,7,1117.348331
288,7,1117.348331
288,7,1117.348331
288,7,1117.348331
288,7,1117.348331
288,7,1117.348331
288,7,1117.348331
288,7,1117.348331
288,7,1117.348331
288,7,1117.348331
288,7,1117.348331
288,7,1117.348331
288,7,1117.348331
288,7,1117.348331
288,7,1117.348331
288,7,1117.348331
288,7,1117.348331
288,7,1117.348331
288,7,1117.348331
288,7,1117.348331
288,7,1117.348331
288,7,1117.348331
288,7,1117.348331
288,8,1107.293670
288,8,1107.293670
288,8,1107.293670
288,8,1107.293670
288,8,1107.293670
288,8,1107.293670
288,8,1107.293670
288,8,1107.293670
288,8,1107.293670
288,8,1107.293670
288,8,1107.293670
288,8,1107.293670
288,8,1107.293670
288,8,1107.293670
288,8,1107.293670
288,8,1107.293670
288,8,1107.293670
288,8,1107.293670
288,8,1107.293670
288,8,1107.293670
288,8,1107.293670
288,8,1107.293670
288,8,1107.293670
288,8,1107.293670
288,8,1107.293670
288,8,1107.293670
288,8,1107.293670
288,8,1107.293670
288,8,1107.293670
288,8,1107.293670
288,8,1107.293670
288,8,1107.293670
288,8,1107.293670
288,8,1107.293670
288,8,1107.293670
288,8,1107.293670
288,8,1107.293670
288,8,1107.293670
289,6,1135.221609
289,7,1117.348331
289,7,1117.348331
289,7,1117.348331
289,7,1117.348331
289,7,1117.348331
289,7,1117.348331
289,7,1117.348331
289,7,1117.348331
289,7,1117.348331
289,7,1117.348331
289,7,1117.348331
289,7,1117.348331
289,7,1117.348331
289,7,1117.348331
289,7,1117.348331
289,7,1117.348331
289,7,1117.348331
289,7,1117.348331
289,7,1117.348331
289,7,1117.348331
289,7,1117.348331
289,7,1117.348331
289,7,1117.348331
289,7,1117.348331
289,7,1117.348331
289,7,1117.348331
289,7,1117.348331
289,7,1117.348331
289,7,1117.348331
289,7,1117.348331
289,7,1117.348331
289,7,1117.348331
289,7,1117.348331
289,7,1117.348331
289,7,1117.348331
289,7,1117.348331
289,7,1117.348331
289,7,1117.348331
289,7,1117.348331
289,7,1117.348331
289,7,1117.348331
289,7,1117.348331
289,7,1117.348331
289,7,1117.348331
289,7,1117.348331
289,7,1117.348331
289,7,1117.348331
289,7,1117.348331
289,7,1117.348331
289,7,1117.348331
289,7,1117.348331
289,7,1117.348331
289,7,1117.348331
289,7,1117.348331
289,7,1117.348331
289,7,1117.348331
289,7,1117.348331
289,7,1117.348331
289,7,1117.348331
289,7,1117.348331
289,7,1117.348331
289,7,1117.348331
289,7,1117.348331
289,7,1117.348331
289,7,1117.348331
289,7,1117.348331
289,7,1117.348331
289,7,1117.348331
289,7,1117.348331
289,7,1117.348331
289,7,1117.348331
289,7,1117.348331
289,7,1117.348331
289,7,1117.348331
289,7,1117.348331
289,7,1117.348331
289,7,1117.348331
289,7,1117.348331
289,8,1107.293670
289,8,1107.293670
289,8,1107.293670
289,8,1107.293670
289,8,1107.293670
289,8,1107.293670
289,8,1107.293670
289,8,1107.293670
289,8,1107.293670
289,8,1107.293670
289,8,1107.293670
289,8,1107.293670
289,8,1107.293670
289,8,1107.293670
289,8,1107.293670
289,8,1107.293670
289,8,1107.293670
289,8,1107.293670
289,8,1107.293670
289,8,1107.293670
289,8,1107.293670
289,8,1107.293670
289,8,1107.293670
289,8,1107.293670
289,8,1107.293670
289,8,1107.293670
289,8,1107.293670
289,8,1107.293670
289,8,1107.293670
289,8,1107.293670
289,8,1107.293670
289,8,1107.293670
289,8,1107.293670
289,8,1107.293670
289,8,1107.293670
289,8,1107.293670
289,8,1107.293670
289,8,1107.293670
289,8,1107.293670
289,8,1107.293670
289,8,1107.293670
289,8,1107.293670
289,8,1107.293670
289,8,1107.293670
289,8,1107.293670
289,8,1107.293670
289,8,1107.293670
289,8,1107.293670
290,6,1135.221609
290,6,1135.221609
290,7,1117.348331
290,7,1117.348331
290,7,1117.348331
290,7,1117.348331
290,7,1117.348331
290,7,1117.348331
290,7,1117.348331
290,7,1117.348331
290,7,1117.348331
290,7,1117.348331
290,7,1117.348331
290,7,1117.348331
290,7,1117.348331
290,7,1117.348331
290,7,1117.348331
290,7,1117.348331
290,7,1117.348331
290,7,1117.348331
290,7,1117.348331
290,7,1117.348331
290,7,1117.348331
290,7,1117.348331
290,7,1117.348331
290,7,1117.348331
290,7,1117.348331
290,7,1117.348331
290,7,1117.348331
290,7,1117.348331
290,7,1117.348331
290,7,1117.348331
290,7,1117.348331
290,7,1117.348331
290,7,1117.348331
290,7,1117.348331
290,7,1117.348331
290,7,1117.348331
290,7,1117.348331
290,7,1117.348331
290,7,1117.348331
290,7,1117.348331
290,7,1117.348331
290,7,1117.348331
290,7,1117.348331
290,7,1117.348331
290,7,1117.348331
290,7,1117.348331
290,7,1117.348331
290,7,1117.348331
290,7,1117.348331
290,7,1117.348331
290,7,1117.348331
290,7,1117.348331
290,7,1117.348331
290,7,1117.348331
290,7,1117.348331
290,7,1117.348331
290,7,1117.348331
290,7,1117.348331
290,7,1117.348331
290,7,1117.348331
290,7,1117.348331
290,7,1117.348331
290,7,1117.348331
290,7,1117.348331
290,7,1117.348331
290,7,1117.348331
290,7,1117.348331
290,7,1117.348331
290,7,1117.348331
290,7,1117.348331
290,7,1117.348331
290,7,1117.348331
290,7,1117.348331
290,7,1117.348331
290,7,1117.348331
290,7,1117.348331
290,7,1117.348331
290,7,1117.348331
290,7,1117.348331
290,7,1117.348331
290,7,1117.348331
290,7,1117.348331
290,7,1117.348331
290,7,1117.348331
290,7,1117.348331
290,7,1117.348331
290,7,1117.348331
290,8,1107.293670
290,8,1107.293670
290,8,1107.293670
290,8,1107.293670
290,8,1107.293670
290,8,1107.293670
290,8,1107.293670
290,8,1107.293670
290,8,1107.293670
290,8,1107.293670
290,8,1107.293670
290,8,1107.293670
290,8,1107.293670
290,8,1107.293670
290,8,1107.293670
290,8,1107.293670
290,8,1107.293670
290,8,1107.293670
290,8,1107.293670
290,8,1107.293670
290,8,1107.293670
290,8,1107.293670
290,8,1107.293670
290,8,1107.293670
290,8,1107.293670
290,8,1107.293670
290,8,1107.293670
290,8,1107.293670
290,8,1107.293670
290,8,1107.293670
290,8,1107.293670
290,8,1107.293670
290,8,1107.293670
290,8,1107.293670
290,8,1107.293670
290,8,1107.293670
290,8,1107.293670
290,8,1107.293670
290,8,1107.293670
290,8,1107.293670
290,8,1107.293670
290,8,1107.293670
290,8,1107.293670
290,8,1107.293670
290,8,1107.293670
290,8,1107.293670
290,8,1107.293670
290,8,1107.293670
290,8,1107.293670
290,8,1107.293670
290,8,1107.293670
290,8,1107.293670
290,8,1107.293670
290,8,1107.293670
290,8,1107.293670
290,8,1107.293670
290,8,1107.293670
290,8,1107.293670
290,8,1107.293670
290,8,1107.293670
290,8,1107.293670
291,6,1135.221609
291,6,1135.221609
291,6,1135.221609
291,7,1117.348331
291,7,1117.348331
291,7,1117.348331
291,7,1117.348331
291,7,1117.348331
291,7,1117.348331
291,7,1117.348331
291,7,1117.348331
291,7,1117.348331
291,7,1117.348331
291,7,1117.348331
291,7,1117.348331
291,7,1117.348331
291,7,1117.348331
291,7,1117.348331
291,7,1117.348331
291,7,1117.348331
291,7,1117.348331
291,7,1117.348331
291,7,1117.348331
291,7,1117.348331
291,7,1117.348331
291,7,1117.348331
291,7,1117.348331
291,7,1117.348331
291,7,1117.348331
291,7,1117.348331
291,7,1117.348331
291,7,1117.348331
291,7,1117.348331
291,7,1117.348331
291,7,1117.348331
291,7,1117.348331
291,7,1117.348331
291,7,1117.348331
291,7,1117.348331
291,7,1117.348331
291,7,1117.348331
291,7,1117.348331
291,7,1117.348331
291,7,1117.348331
291,7,1117.348331
291,7,1117.348331
291,7,1117.348331
291,7,1117.348331
291,7,1117.348331
291,7,1117.348331
291,7,1117.348331
291,7,1117.348331
291,7,1117.348331
291,7,1117.348331
291,7,1117.348331
291,7,1117.348331
291,7,1117.348331
291,7,1117.348331
291,7,1117.348331
291,7,1117.348331
291,7,1117.348331
291,7,1117.348331
291,7,1117.348331
291,7,1117.348331
291,7,1117.348331
291,7,1117.348331
291,7,1117.348331
291,7,1117.348331
291,7,1117.348331
291,7,1117.348331
291,7,1117.348331
291,7,1117.348331
291,7,1117.348331
291,7,1117.348331
291,7,1117.348331
291,7,1117.348331
291,8,1107.293670
291,8,1107.293670
291,8,1107.293670
291,8,1107.293670
291,8,1107.293670
291,8,1107.293670
291,8,1107.293670
291,8,1107.293670
291,8,1107.293670
291,8,1107.293670
291,8,1107.293670
291,8,1107.293670
291,8,1107.293670
291,8,1107.293670
291,8,1107.293670
291,8,1107.293670
291,8,1107.293670
291,8,1107.293670
291,8,1107.293670
291,8,1107.293670
291,8,1107.293670
291,8,1107.293670
291,8,1107.293670
291,8,1107.293670
291,8,1107.293670
291,8,1107.293670
291,8,1107.293670
291,8,1107.293670
291,8,1107.293670
291,8,1107.293670
291,8,1107.293670
291,8,1107.293670
291,8,1107.293670
291,8,1107.293670
291,8,1107.293670
291,8,1107.293670
291,8,1107.293670
291,8,1107.293670
291,8,1107.293670
291,8,1107.293670
291,8,1107.293670
291,8,1107.293670
291,8,1107.293670
291,8,1107.293670
291,8,1107.293670
291,8,1107.293670
291,8,1107.293670
291,8,1107.293670
291,8,1107.293670
291,8,1107.293670
291,8,1107.293670
291,8,1107.293670
291,8,1107.293670
291,8,1107.293670
291,8,1107.293670
291,8,1107.293670
291,8,1107.293670
291,8,1107.293670
291,8,1107.293670
291,8,1107.293670
291,8,1107.293670
291,8,1107.293670
291,8,1107.293670
291,8,1107.293670
291,8,1107.293670
291,8,1107.293670
291,8,1107.293670
291,8,1107.293670
291,8,1107.293670
291,8,1107.293670
291,8,1107.293670
291,8,1107.293670
291,8,1107.293670
291,8,1107.293670
292,6,1135.221609
292,6,1135.221609
292,6,1135.221609
292,6,1135.221609
292,7,1117.348331
292,7,1117.348331
292,7,1117.348331
292,7,1117.348331
292,7,1117.348331
292,7,1117.348331
292,7,1117.348331
292,7,1117.348331
292,7,1117.348331
292,7,1117.348331
292,7,1117.348331
292,7,1117.348331
292,7,1117.348331
292,7,1117.348331
292,7,1117.348331
292,7,1117.348331
292,7,1117.348331
292,7,1117.348331
292,7,1117.348331
292,7,1117.348331
292,7,1117.348331
292,7,1117.348331
292,7,1117.348331
292,7,1117.348331
292,7,1117.348331
292,7,1117.348331
292,7,1117.348331
292,7,1117.348331
292,7,1117.348331
292,7,1117.348331
292,7,1117.348331
292,7,1117.348331
292,7,1117.348331
292,7,1117.348331
292,7,1117.348331
292,7,1117.348331
292,7,1117.348331
292,7,1117.348331
292,7,1117.348331
292,7,1117.348331
292,7,1117.348331
292,7,1117.348331
292,7,1117.348331
292,7,1117.348331
292,7,1117.348331
292,7,1117.348331
292,7,1117.348331
292,7,1117.348331
292,7,1117.348331
292,7,1117.348331
292,7,1117.348331
292,7,1117.348331
292,7,1117.348331
292,7,1117.348331
292,7,1117.348331
292,7,1117.348331
292,7,1117.348331
292,7,1117.348331
292,7,1117.348331
292,7,1117.348331
292,7,1117.348331
292,7,1117.348331
292,7,1117.348331
292,7,1117.348331
292,7,1117.348331
292,7,1117.348331
292,7,1117.348331
292,7,1117.348331
292,7,1117.348331
292,7,1117.348331
292,7,1117.348331
292,7,1117.348331
292,7,1117.348331
292,8,1107.293670
292,8,1107.293670
292,8,1107.293670
292,8,1107.293670
292,8,1107.293670
292,8,1107.293670
292,8,1107.293670
292,8,1107.293670
292,8,1107.293670
292,8,1107.293670
292,8,1107.293670
292,8,1107.293670
292,8,1107.293670
292,8,1107.293670
292,8,1107.293670
292,8,1107.293670
292,8,1107.293670
292,8,1107.293670
292,8,1107.293670
292,8,1107.293670
292,8,1107.293670
292,8,1107.293670
292,8,1107.293670
292,8,1107.293670
292,8,1107.293670
292,8,1107.293670
292,8,1107.293670
292,8,1107.293670
292,8,1107.293670
292,8,1107.293670
292,8,1107.293670
292,8,1107.293670
292,8,1107.293670
292,8,1107.293670
292,8,1107.293670
292,8,1107.293670
292,8,1107.293670
292,8,1107.293670
292,8,1107.293670
292,8,1107.293670
292,8,1107.293670
292,8,1107.293670
292,8,1107.293670
292,8,1107.293670
292,8,1107.293670
292,8,1107.293670
292,8,1107.293670
292,8,1107.293670
292,8,1107.293670
292,8,1107.293670
292,8,1107.293670
292,8,1107.293670
292,8,1107.293670
292,8,1107.293670
292,8,1107.293670
292,8,1107.293670
292,8,1107.293670
292,8,1107.293670
292,8,1107.293670
292,8,1107.293670
292,8,1107.293670
292,8,1107.293670
292,8,1107.293670
292,8,1107.293670
292,8,1107.293670
292,8,1107.293670
292,8,1107.293670
292,8,1107.293670
292,8,1107.293670
292,8,1107.293670
292,8,1107.293670
292,8,1107.293670
292,8,1107.293670
293,6,1135.221609
293,6,1135.221609
293,6,1135.221609
293,6,1135.221609
293,6,1135.221609
293,6,1135.221609
293,7,1117.348331
293,7,1117.348331
293,7,1117.348331
293,7,1117.348331
293,7,1117.348331
293,7,1117.348331
293,7,1117.348331
293,7,1117.348331
293,7,1117.348331
293,7,1117.348331
293,7,1117.348331
293,7,1117.348331
293,7,1117.348331
293,7,1117.348331
293,7,1117.348331
293,7,1117.348331
293,7,1117.348331
293,7,1117.348331
293,7,1117.348331
293,7,1117.348331
293,7,1117.348331
293,7,1117.348331
293,7,1117.348331
293,7,1117.348331
293,7,1117.348331
293,7,1117.348331
293,7,1117.348331
293,7,1117.348331
293,7,1117.348331
293,7,1117.348331
293,7,1117.348331
293,7,1117.348331
293,7,1117.348331
293,7,1117.348331
293,7,1117.348331
293,7,1117.348331
293,7,1117.348331
293,7,1117.348331
293,7,1117.348331
293,7,1117.348331
293,7,1117.348331
293,7,1117.348331
293,7,1117.348331
293,7,1117.348331
293,7,1117.348331
293,7,1117.348331
293,7,1117.348331
293,7,1117.348331
293,7,1117.348331
293,7,1117.348331
293,7,1117.348331
293,7,1117.348331
293,7,1117.348331
293,7,1117.348331
293,7,1117.348331
293,7,1117.348331
293,7,1117.348331
293,7,1117.348331
293,7,1117.348331
293,7,1117.348331
293,7,1117.348331
293,7,1117.348331
293,7,1117.348331
293,7,1117.348331
293,7,1117.348331
293,7,1117.348331
293,7,1117.348331
293,7,1117.348331
293,7,1117.348331
293,7,1117.348331
293,7,1117.348331
293,7,1117.348331
293,8,1107.293670
293,8,1107.293670
293,8,1107.293670
293,8,1107.293670
293,8,1107.293670
293,8,1107.293670
293,8,1107.293670
293,8,1107.293670
293,8,1107.293670
293,8,1107.293670
293,8,1107.293670
293,8,1107.293670
293,8,1107.293670
293,8,1107.293670
293,8,1107.293670
293,8,1107.293670
293,8,1107.293670
293,8,1107.293670
293,8,1107.293670
293,8,1107.293670
293,8,1107.293670
293,8,1107.293670
293,8,1107.293670
293,8,1107.293670
293,8,1107.293670
293,8,1107.293670
293,8,1107.293670
293,8,1107.293670
293,8,1107.293670
293,8,1107.293670
293,8,1107.293670
293,8,1107.293670
293,8,1107.293670
293,8,1107.293670
293,8,1107.293670
293,8,1107.293670
293,8,1107.293670
293,8,1107.293670
293,8,1107.293670
293,8,1107.293670
293,8,1107.293670
293,8,1107.293670
293,8,1107.293670
293,8,1107.293670
293,8,1107.293670
293,8,1107.293670
293,8,1107.293670
293,8,1107.293670
293,8,1107.293670
293,8,1107.293670
293,8,1107.293670
293,8,1107.293670
293,8,1107.293670
293,8,1107.293670
293,8,1107.293670
293,8,1107.293670
293,8,1107.293670
293,8,1107.293670
293,8,1107.293670
293,8,1107.293670
293,8,1107.293670
293,8,1107.293670
293,8,1107.293670
293,8,1107.293670
293,8,1107.293670
293,8,1107.293670
293,8,1107.293670
293,8,1107.293670
293,8,1107.293670
293,8,1107.293670
293,8,1107.293670
293,8,1107.293670
294,6,1135.221609
294,6,1135.221609
294,6,1135.221609
294,6,1135.221609
294,6,1135.221609
294,6,1135.221609
294,6,1135.221609
294,6,1135.221609
294,6,1135.221609
294,6,1135.221609
294,7,1117.348331
294,7,1117.348331
294,7,1117.348331
294,7,1117.348331
294,7,1117.348331
294,7,1117.348331
294,7,1117.348331
294,7,1117.348331
294,7,1117.348331
294,7,1117.348331
294,7,1117.348331
294,7,1117.348331
294,7,1117.348331
294,7,1117.348331
294,7,1117.348331
294,7,1117.348331
294,7,1117.348331
294,7,1117.348331
294,7,1117.348331
294,7,1117.348331
294,7,1117.348331
294,7,1117.348331
294,7,1117.348331
294,7,1117.348331
294,7,1117.348331
294,7,1117.348331
294,7,1117.348331
294,7,1117.348331
294,7,1117.348331
294,7,1117.348331
294,7,1117.348331
294,7,1117.348331
294,7,1117.348331
294,7,1117.348331
294,7,1117.348331
294,7,1117.348331
294,7,1117.348331
294,7,1117.348331
294,7,1117.348331
294,7,1117.348331
294,7,1117.348331
294,7,1117.348331
294,7,1117.348331
294,7,1117.348331
294,7,1117.348331
294,7,1117.348331
294,7,1117.348331
294,7,1117.348331
294,7,1117.348331
294,7,1117.348331
294,7,1117.348331
294,7,1117.348331
294,7,1117.348331
294,7,1117.348331
294,7,1117.348331
294,7,1117.348331
294,7,1117.348331
294,7,1117.348331
294,7,1117.348331
294,7,1117.348331
294,7,1117.348331
294,7,1117.348331
294,7,1117.348331
294,7,1117.348331
294,7,1117.348331
294,7,1117.348331
294,7,1117.348331
294,7,1117.348331
294,7,1117.348331
294,7,1117.348331
294,8,1107.293670
294,8,1107.293670
294,8,1107.293670
294,8,1107.293670
294,8,1107.293670
294,8,1107.293670
294,8,1107.293670
294,8,1107.293670
294,8,1107.293670
294,8,1107.293670
294,8,1107.293670
294,8,1107.293670
294,8,1107.293670
294,8,1107.293670
294,8,1107.293670
294,8,1107.293670
294,8,1107.293670
294,8,1107.293670
294,8,1107.293670
294,8,1107.293670
294,8,1107.293670
294,8,1107.293670
294,8,1107.293670
294,8,1107.293670
294,8,1107.293670
294,8,1107.293670
294,8,1107.293670
294,8,1107.293670
294,8,1107.293670
294,8,1107.293670
294,8,1107.293670
294,8,1107.293670
294,8,1107.293670
294,8,1107.293670
294,8,1107.293670
294,8,1107.293670
294,8,1107.293670
294,8,1107.293670
294,8,1107.293670
294,8,1107.293670
294,8,1107.293670
294,8,1107.293670
294,8,1107.293670
294,8,1107.293670
294,8,1107.293670
294,8,1107.293670
294,8,1107.293670
294,8,1107.293670
294,8,1107.293670
294,8,1107.293670
294,8,1107.293670
294,8,1107.293670
294,8,1107.293670
294,8,1107.293670
294,8,1107.293670
294,8,1107.293670
294,8,1107.293670
294,8,1107.293670
294,8,1107.293670
294,8,1107.293670
294,8,1107.293670
294,8,1107.293670
294,8,1107.293670
294,8,1107.293670
294,8,1107.293670
294,8,1107.293670
294,8,1107.293670
294,8,1107.293670
294,8,1107.293670
294,8,1107.293670
295,6,1126.769488
295,7,1117.348331
295,7,1117.348331
295,7,1117.348331
295,7,1117.348331
295,7,1117.348331
295,7,1117.348331
295,7,1117.348331
295,7,1117.348331
295,7,1117.348331
295,7,1117.348331
295,7,1117.348331
295,7,1117.348331
295,7,1117.348331
295,7,1117.348331
295,7,1117.348331
295,7,1117.348331
295,7,1117.348331
295,7,1117.348331
295,7,1117.348331
295,7,1117.348331
295,7,1117.348331
295,7,1117.348331
295,7,1117.348331
295,7,1117.348331
295,7,1117.348331
295,7,1117.348331
295,7,1117.348331
295,7,1117.348331
295,7,1117.348331
295,7,1117.348331
295,7,1117.348331
295,7,1117.348331
295,7,1117.348331
295,7,1117.348331
295,7,1117.348331
295,7,1117.348331
295,7,1117.348331
295,7,1117.348331
295,7,1117.348331
295,7,1117.348331
295,7,1117.348331
295,7,1117.348331
295,7,1117.348331
295,7,1117.348331
295,7,1117.348331
295,7,1117.348331
295,7,1117.348331
295,7,1117.348331
295,7,1117.348331
295,7,1117.348331
295,7,1117.348331
295,7,1117.348331
295,7,1117.348331
295,7,1117.348331
295,7,1117.348331
295,7,1117.348331
295,7,1117.348331
295,7,1117.348331
295,7,1117.348331
295,7,1117.348331
295,7,1117.348331
295,7,1117.348331
295,7,1117.348331
295,7,1117.348331
295,7,1117.348331
295,7,1117.348331
295,7,1117.348331
295,7,1117.348331
295,7,1117.348331
295,7,1117.348331
295,7,1117.348331
295,7,1117.348331
295,7,1117.348331
295,7,1117.348331
295,8,1107.293670
295,8,1107.293670
295,8,1107.293670
295,8,1107.293670
295,8,1107.293670
295,8,1107.293670
295,8,1107.293670
295,8,1107.293670
295,8,1107.293670
295,8,1107.293670
295,8,1107.293670
295,8,1107.293670
295,8,1107.293670
295,8,1107.293670
295,8,1107.293670
295,8,1107.293670
295,8,1107.293670
295,8,1107.293670
295,8,1107.293670
295,8,1107.293670
295,8,1107.293670
295,8,1107.293670
295,8,1107.293670
295,8,1107.293670
295,8,1107.293670
295,8,1107.293670
295,8,1107.293670
295,8,1107.293670
295,8,1107.293670
295,8,1107.293670
295,8,1107.293670
295,8,1107.293670
295,8,1107.293670
295,8,1107.293670
295,8,1107.293670
295,8,1107.293670
295,8,1107.293670
295,8,1107.293670
295,8,1107.293670
295,8,1107.293670
295,8,1107.293670
295,8,1107.293670
295,8,1107.293670
295,8,1107.293670
295,8,1107.293670
295,8,1107.293670
295,8,1107.293670
295,8,1107.293670
295,8,1107.293670
295,8,1107.293670
295,8,1107.293670
295,8,1107.293670
295,8,1107.293670
295,8,1107.293670
295,8,1107.293670
295,8,1107.293670
295,8,1107.293670
295,8,1107.293670
295,8,1107.293670
295,8,1107.293670
295,8,1107.293670
295,8,1107.293670
295,8,1107.293670
295,8,1107.293670
295,8,1107.293670
295,8,1107.293670
295,8,1107.293670
295,8,1107.293670
295,8,1107.293670
295,8,1107.293670
295,8,1107.293670
295,8,1107.293670
295,8,1107.293670
295,8,1107.293670
295,8,1107.293670
296,6,1126.769488
296,6,1126.769488
296,7,1117.348331
296,7,1117.348331
296,7,1117.348331
296,7,1117.348331
296,7,1117.348331
296,7,1117.348331
296,7,1117.348331
296,7,1117.348331
296,7,1117.348331
296,7,1117.348331
296,7,1117.348331
296,7,1117.348331
296,7,1117.348331
296,7,1117.348331
296,7,1117.348331
296,7,1117.348331
296,7,1117.348331
296,7,1117.348331
296,7,1117.348331
296,7,1117.348331
296,7,1117.348331
296,7,1117.348331
296,7,1117.348331
296,7,1117.348331
296,7,1117.348331
296,7,1117.348331
296,7,1117.348331
296,7,1117.348331
296,7,1117.348331
296,7,1117.348331
296,7,1117.348331
296,7,1117.348331
296,7,1117.348331
296,7,1117.348331
296,7,1117.348331
296,7,1117.348331
296,7,1117.348331
296,7,1117.348331
296,7,1117.348331
296,7,1117.348331
296,7,1117.348331
296,7,1117.348331
296,7,1117.348331
296,7,1117.348331
296,7,1117.348331
296,7,1117.348331
296,7,1117.348331
296,7,1117.348331
296,7,1117.348331
296,7,1117.348331
296,7,1117.348331
296,7,1117.348331
296,7,1117.348331
296,7,1117.348331
296,7,1117.348331
296,7,1117.348331
296,7,1117.348331
296,7,1117.348331
296,7,1117.348331
296,7,1117.348331
296,7,1117.348331
296,7,1117.348331
296,7,1117.348331
296,7,1117.348331
296,7,1117.348331
296,7,1117.348331
296,7,1117.348331
296,7,1117.348331
296,7,1117.348331
296,7,1117.348331
296,7,1117.348331
296,7,1117.348331
296,7,1117.348331
296,7,1117.348331
296,8,1107.293670
296,8,1107.293670
296,8,1107.293670
296,8,1107.293670
296,8,1107.293670
296,8,1107.293670
296,8,1107.293670
296,8,1107.293670
296,8,1107.293670
296,8,1107.293670
296,8,1107.293670
296,8,1107.293670
296,8,1107.293670
296,8,1107.293670
296,8,1107.293670
296,8,1107.293670
296,8,1107.293670
296,8,1107.293670
296,8,1107.293670
296,8,1107.293670
296,8,1107.293670
296,8,1107.293670
296,8,1107.293670
296,8,1107.293670
296,8,1107.293670
296,8,1107.293670
296,8,1107.293670
296,8,1107.293670
296,8,1107.293670
296,8,1107.293670
296,8,1107.293670
296,8,1107.293670
296,8,1107.293670
296,8,1107.293670
296,8,1107.293670
296,8,1107.293670
296,8,1107.293670
296,8,1107.293670
296,8,1107.293670
296,8,1107.293670
296,8,1107.293670
296,8,1107.293670
296,8,1107.293670
296,8,1107.293670
296,8,1107.293670
296,8,1107.293670
296,8,1107.293670
296,8,1107.293670
296,8,1107.293670
296,8,1107.293670
296,8,1107.293670
296,8,1107.293670
296,8,1107.293670
296,8,1107.293670
296,8,1107.293670
296,8,1107.293670
296,8,1107.293670
296,8,1107.293670
296,8,1107.293670
296,8,1107.293670
296,8,1107.293670
296,8,1107.293670
296,8,1107.293670
296,8,1107.293670
296,8,1107.293670
296,8,1107.293670
296,8,1107.293670
296,8,1107.293670
296,8,1107.293670
296,8,1107.293670
296,8,1107.293670
296,8,1107.293670
296,8,1107.293670
296,8,1107.293670
297,6,1126.769488
297,6,1126.769488
297,6,1126.769488
297,7,1117.348331
297,7,1117.348331
297,7,1117.348331
297,7,1117.348331
297,7,1117.348331
297,7,1117.348331
297,7,1117.348331
297,7,1117.348331
297,7,1117.348331
297,7,1117.348331
297,7,1117.348331
297,7,1117.348331
297,7,1117.348331
297,7,1117.348331
297,7,1117.348331
297,7,1117.348331
297,7,1117.348331
297,7,1117.348331
297,7,1117.348331
297,7,1117.348331
297,7,1117.348331
297,7,1117.348331
297,7,1117.348331
297,7,1117.348331
297,7,1117.348331
297,7,1117.348331
297,7,1117.348331
297,7,1117.348331
297,7,1117.348331
297,7,1117.348331
297,7,1117.348331
297,7,1117.348331
297,7,1117.348331
297,7,1117.348331
297,7,1117.348331
297,7,1117.348331
297,7,1117.348331
297,7,1117.348331
297,7,1117.348331
297,7,1117.348331
297,7,1117.348331
297,7,1117.348331
297,7,1117.348331
297,7,1117.348331
297,7,1117.348331
297,7,1117.348331
297,7,1117.348331
297,7,1117.348331
297,7,1117.348331
297,7,1117.348331
297,7,1117.348331
297,7,1117.348331
297,7,1117.348331
297,7,1117.348331
297,7,1117.348331
297,7,1117.348331
297,7,1117.348331
297,7,1117.348331
297,7,1117.348331
297,7,1117.348331
297,7,1117.348331
297,7,1117.348331
297,7,1117.348331
297,7,1117.348331
297,7,1117.348331
297,7,1117.348331
297,7,1117.348331
297,7,1117.348331
297,7,1117.348331
297,7,1117.348331
297,7,1117.348331
297,7,1117.348331
297,7,1117.348331
297,8,1107.293670
297,8,1107.293670
297,8,1107.293670
297,8,1107.293670
297,8,1107.293670
297,8,1107.293670
297,8,1107.293670
297,8,1107.293670
297,8,1107.293670
297,8,1107.293670
297,8,1107.293670
297,8,1107.293670
297,8,1107.293670
297,8,1107.293670
297,8,1107.293670
297,8,1107.293670
297,8,1107.293670
297,8,1107.293670
297,8,1107.293670
297,8,1107.293670
297,8,1107.293670
297,8,1107.293670
297,8,1107.293670
297,8,1107.293670
297,8,1107.293670
297,8,1107.293670
297,8,1107.293670
297,8,1107.293670
297,8,1107.293670
297,8,1107.293670
297,8,1107.293670
297,8,1107.293670
297,8,1107.293670
297,8,1107.293670
297,8,1107.293670
297,8,1107.293670
297,8,1107.293670
297,8,1107.293670
297,8,1107.293670
297,8,1107.293670
297,8,1107.293670
297,8,1107.293670
297,8,1107.293670
297,8,1107.293670
297,8,1107.293670
297,8,1107.293670
297,8,1107.293670
297,8,1107.293670
297,8,1107.293670
297,8,1107.293670
297,8,1107.293670
297,8,1107.293670
297,8,1107.293670
297,8,1107.293670
297,8,1107.293670
297,8,1107.293670
297,8,1107.293670
297,8,1107.293670
297,8,1107.293670
297,8,1107.293670
297,8,1107.293670
297,8,1107.293670
297,8,1107.293670
297,8,1107.293670
297,8,1107.293670
297,8,1107.293670
297,8,1107.293670
297,8,1107.293670
297,8,1107.293670
297,8,1107.293670
297,8,1107.293670
297,8,1107.293670
297,8,1107.293670
297,8,1107.293670
298,6,1126.769488
298,6,1126.769488
298,6,1126.769488
298,6,1126.769488
298,6,1126.769488
298,7,1117.348331
298,7,1117.348331
298,7,1117.348331
298,7,1117.348331
298,7,1117.348331
298,7,1117.348331
298,7,1117.348331
298,7,1117.348331
298,7,1117.348331
298,7,1117.348331
298,7,1117.348331
298,7,1117.348331
298,7,1117.348331
298,7,1117.348331
298,7,1117.348331
298,7,1117.348331
298,7,1117.348331
298,7,1117.348331
298,7,1117.348331
298,7,1117.348331
298,7,1117.348331
298,7,1117.348331
298,7,1117.348331
298,7,1117.348331
298,7,1117.348331
298,7,1117.348331
298,7,1117.348331
298,7,1117.348331
298,7,1117.348331
298,7,1117.348331
298,7,1117.348331
298,7,1117.348331
298,7,1117.348331
298,7,1117.348331
298,7,1117.348331
298,7,1117.348331
298,7,1117.348331
298,7,1117.348331
298,7,1117.348331
298,7,1117.348331
298,7,1117.348331
298,7,1117.348331
298,7,1117.348331
298,7,1117.348331
298,7,1117.348331
298,7,1117.348331
298,7,1117.348331
298,7,1117.348331
298,7,1117.348331
298,7,1117.348331
298,7,1117.348331
298,7,1117.348331
298,7,1117.348331
298,7,1117.348331
298,7,1117.348331
298,7,1117.348331
298,7,1117.348331
298,7,1117.348331
298,7,1117.348331
298,7,1117.348331
298,7,1117.348331
298,7,1117.348331
298,7,1117.348331
298,7,1117.348331
298,7,1117.348331
298,7,1117.348331
298,7,1117.348331
298,7,1117.348331
298,7,1117.348331
298,7,1117.348331
298,7,1117.348331
298,7,1117.348331
298,8,1107.293670
298,8,1107.293670
298,8,1107.293670
298,8,1107.293670
298,8,1107.293670
298,8,1107.293670
298,8,1107.293670
298,8,1107.293670
298,8,1107.293670
298,8,1107.293670
298,8,1107.293670
298,8,1107.293670
298,8,1107.293670
298,8,1107.293670
298,8,1107.293670
298,8,1107.293670
298,8,1107.293670
298,8,1107.293670
298,8,1107.293670
298,8,1107.293670
298,8,1107.293670
298,8,1107.293670
298,8,1107.293670
298,8,1107.293670
298,8,1107.293670
298,8,1107.293670
298,8,1107.293670
298,8,1107.293670
298,8,1107.293670
298,8,1107.293670
298,8,1107.293670
298,8,1107.293670
298,8,1107.293670
298,8,1107.293670
298,8,1107.293670
298,8,1107.293670
298,8,1107.293670
298,8,1107.293670
298,8,1107.293670
298,8,1107.293670
298,8,1107.293670
298,8,1107.293670
298,8,1107.293670
298,8,1107.293670
298,8,1107.293670
298,8,1107.293670
298,8,1107.293670
298,8,1107.293670
298,8,1107.293670
298,8,1107.293670
298,8,1107.293670
298,8,1107.293670
298,8,1107.293670
298,8,1107.293670
298,8,1107.293670
298,8,1107.293670
298,8,1107.293670
298,8,1107.293670
298,8,1107.293670
298,8,1107.293670
298,8,1107.293670
298,8,1107.293670
298,8,1107.293670
298,8,1107.293670
298,8,1107.293670
298,8,1107.293670
298,8,1107.293670
298,8,1107.293670
298,8,1107.293670
298,8,1107.293670
298,8,1107.293670
298,8,1107.293670
298,8,1107.293670
299,6,1126.769488
299,6,1126.769488
299,6,1126.769488
299,6,1126.769488
299,6,1126.769488
299,6,1126.769488
299,6,1126.769488
299,7,1117.348331
299,7,1117.348331
299,7,1117.348331
299,7,1117.348331
299,7,1117.348331
299,7,1117.348331
299,7,1117.348331
299,7,1117.348331
299,7,1117.348331
299,7,1117.348331
299,7,1117.348331
299,7,1117.348331
299,7,1117.348331
299,7,1117.348331
299,7,1117.348331
299,7,1117.348331
299,7,1117.348331
299,7,1117.348331
299,7,1117.348331
299,7,1117.348331
299,7,1117.348331
299,7,1117.348331
299,7,1117.348331
299,7,1117.348331
299,7,1117.348331
299,7,1117.348331
299,7,1117.348331
299,7,1117.348331
299,7,1117.348331
299,7,1117.348331
299,7,1117.348331
299,7,1117.348331
299,7,1117.348331
299,7,1117.348331
299,7,1117.348331
299,7,1117.348331
299,7,1117.348331
299,7,1117.348331
299,7,1117.348331
299,7,1117.348331
299,7,1117.348331
299,7,1117.348331
299,7,1117.348331
299,7,1117.348331
299,7,1117.348331
299,7,1117.348331
299,7,1117.348331
299,7,1117.348331
299,7,1117.348331
299,7,1117.348331
299,7,1117.348331
299,7,1117.348331
299,7,1117.348331
299,7,1117.348331
299,7,1117.348331
299,7,1117.348331
299,7,1117.348331
299,7,1117.348331
299,7,1117.348331
299,7,1117.348331
299,7,1117.348331
299,7,1117.348331
299,7,1117.348331
299,7,1117.348331
299,7,1117.348331
299,7,1117.348331
299,7,1117.348331
299,7,1117.348331
299,7,1117.348331
299,7,1117.348331
299,7,1117.348331
299,8,1107.293670
299,8,1107.293670
299,8,1107.293670
299,8,1107.293670
299,8,1107.293670
299,8,1107.293670
299,8,1107.293670
299,8,1107.293670
299,8,1107.293670
299,8,1107.293670
299,8,1107.293670
299,8,1107.293670
299,8,1107.293670
299,8,1107.293670
299,8,1107.293670
299,8,1107.293670
299,8,1107.293670
299,8,1107.293670
299,8,1107.293670
299,8,1107.293670
299,8,1107.293670
299,8,1107.293670
299,8,1107.293670
299,8,1107.293670
299,8,1107.293670
299,8,1107.293670
299,8,1107.293670
299,8,1107.293670
299,8,1107.293670
299,8,1107.293670
299,8,1107.293670
299,8,1107.293670
299,8,1107.293670
299,8,1107.293670
299,8,1107.293670
299,8,1107.293670
299,8,1107.293670
299,8,1107.293670
299,8,1107.293670
299,8,1107.293670
299,8,1107.293670
299,8,1107.293670
299,8,1107.293670
299,8,1107.293670
299,8,1107.293670
299,8,1107.293670
299,8,1107.293670
299,8,1107.293670
299,8,1107.293670
299,8,1107.293670
299,8,1107.293670
299,8,1107.293670
299,8,1107.293670
299,8,1107.293670
299,8,1107.293670
299,8,1107.293670
299,8,1107.293670
299,8,1107.293670
299,8,1107.293670
299,8,1107.293670
299,8,1107.293670
299,8,1107.293670
299,8,1107.293670
299,8,1107.293670
299,8,1107.293670
299,8,1107.293670
299,8,1107.293670
299,8,1107.293670
299,8,1107.293670
299,8,1107.293670
299,8,1107.293670
299,8,1107.293670
300,6,1126.769488
300,6,1126.769488
300,6,1126.769488
300,6,1126.769488
300,6,1126.769488
300,6,1126.769488
300,6,1126.769488
300,6,1126.769488
300,6,1126.769488
300,7,1117.348331
300,7,1117.348331
300,7,1117.348331
300,7,1117.348331
300,7,1117.348331
300,7,1117.348331
300,7,1117.348331
300,7,1117.348331
300,7,1117.348331
300,7,1117.348331
300,7,1117.348331
300,7,1117.348331
300,7,1117.348331
300,7,1117.348331
300,7,1117.348331
300,7,1117.348331
300,7,1117.348331
300,7,1117.348331
300,7,1117.348331
300,7,1117.348331
300,7,1117.348331
300,7,1117.348331
300,7,1117.348331
300,7,1117.348331
300,7,1117.348331
300,7,1117.348331
300,7,1117.348331
300,7,1117.348331
300,7,1117.348331
300,7,1117.348331
300,7,1117.348331
300,7,1117.348331
300,7,1117.348331
300,7,1117.348331
300,7,1117.348331
300,7,1117.348331
300,7,1117.348331
300,7,1117.348331
300,7,1117.348331
300,7,1117.348331
300,7,1117.348331
300,7,1117.348331
300,7,1117.348331
300,7,1117.348331
300,7,1117.348331
300,7,1117.348331
300,7,1117.348331
300,7,1117.348331
300,7,1117.348331
300,7,1117.348331
300,7,1117.348331
300,7,1117.348331
300,7,1117.348331
300,7,1117.348331
300,7,1117.348331
300,7,1117.348331
300,7,1117.348331
300,7,1117.348331
300,7,1117.348331
300,7,1117.348331
300,7,1117.348331
300,7,1117.348331
300,7,1117.348331
300,7,1117.348331
300,7,1117.348331
300,7,1117.348331
300,7,1117.348331
300,7,1117.348331
300,7,1117.348331
300,7,1117.348331
300,8,1107.293670
300,8,1107.293670
300,8,1107.293670
300,8,1107.293670
300,8,1107.293670
300,8,1107.293670
300,8,1107.293670
300,8,1107.293670
300,8,1107.293670
300,8,1107.293670
300,8,1107.293670
300,8,1107.293670
300,8,1107.293670
300,8,1107.293670
300,8,1107.293670
300,8,1107.293670
300,8,1107.293670
300,8,1107.293670
300,8,1107.293670
300,8,1107.293670
300,8,1107.293670
300,8,1107.293670
300,8,1107.293670
300,8,1107.293670
300,8,1107.293670
300,8,1107.293670
300,8,1107.293670
300,8,1107.293670
300,8,1107.293670
300,8,1107.293670
300,8,1107.293670
300,8,1107.293670
300,8,1107.293670
300,8,1107.293670
300,8,1107.293670
300,8,1107.293670
300,8,1107.293670
300,8,1107.293670
300,8,1107.293670
300,8,1107.293670
300,8,1107.293670
300,8,1107.293670
300,8,1107.293670
300,8,1107.293670
300,8,1107.293670
300,8,1107.293670
300,8,1107.293670
300,8,1107.293670
300,8,1107.293670
300,8,1107.293670
300,8,1107.293670
300,8,1107.293670
300,8,1107.293670
300,8,1107.293670
300,8,1107.293670
300,8,1107.293670
300,8,1107.293670
300,8,1107.293670
300,8,1107.293670
300,8,1107.293670
300,8,1107.293670
300,8,1107.293670
300,8,1107.293670
300,8,1107.293670
300,8,1107.293670
300,8,1107.293670
300,8,1107.293670
300,8,1107.293670
300,8,1107.293670
300,8,1107.293670
300,8,1107.293670
301,6,1126.769488
301,6,1126.769488
301,6,1126.769488
301,6,1126.769488
301,6,1126.769488
301,6,1126.769488
301,6,1126.769488
301,6,1126.769488
301,6,1126.769488
301,6,1126.769488
301,6,1126.769488
301,6,1126.769488
301,7,1117.348331
301,7,1117.348331
301,7,1117.348331
301,7,1117.348331
301,7,1117.348331
301,7,1117.348331
301,7,1117.348331
301,7,1117.348331
301,7,1117.348331
301,7,1117.348331
301,7,1117.348331
301,7,1117.348331
301,7,1117.348331
301,7,1117.348331
301,7,1117.348331
301,7,1117.348331
301,7,1117.348331
301,7,1117.348331
301,7,1117.348331
301,7,1117.348331
301,7,1117.348331
301,7,1117.348331
301,7,1117.348331
301,7,1117.348331
301,7,1117.348331
301,7,1117.348331
301,7,1117.348331
301,7,1117.348331
301,7,1117.348331
301,7,1117.348331
301,7,1117.348331
301,7,1117.348331
301,7,1117.348331
301,7,1117.348331
301,7,1117.348331
301,7,1117.348331
301,7,1117.348331
301,7,1117.348331
301,7,1117.348331
301,7,1117.348331
301,7,1117.348331
301,7,1117.348331
301,7,1117.348331
301,7,1117.348331
301,7,1117.348331
301,7,1117.348331
301,7,1117.348331
301,7,1117.348331
301,7,1117.348331
301,7,1117.348331
301,7,1117.348331
301,7,1117.348331
301,7,1117.348331
301,7,1117.348331
301,7,1117.348331
301,7,1117.348331
301,7,1117.348331
301,7,1117.348331
301,7,1117.348331
301,7,1117.348331
301,7,1117.348331
301,7,1117.348331
301,7,1117.348331
301,7,1117.348331
301,7,1117.348331
301,7,1117.348331
301,7,1117.348331
301,7,1117.348331
301,7,1117.348331
301,8,1107.293670
301,8,1107.293670
301,8,1107.293670
301,8,1107.293670
301,8,1107.293670
301,8,1107.293670
301,8,1107.293670
301,8,1107.293670
301,8,1107.293670
301,8,1107.293670
301,8,1107.293670
301,8,1107.293670
301,8,1107.293670
301,8,1107.293670
301,8,1107.293670
301,8,1107.293670
301,8,1107.293670
301,8,1107.293670
301,8,1107.293670
301,8,1107.293670
301,8,1107.293670
301,8,1107.293670
301,8,1107.293670
301,8,1107.293670
301,8,1107.293670
301,8,1107.293670
301,8,1107.293670
301,8,1107.293670
301,8,1107.293670
301,8,1107.293670
301,8,1107.293670
301,8,1107.293670
301,8,1107.293670
301,8,1107.293670
301,8,1107.293670
301,8,1107.293670
301,8,1107.293670
301,8,1107.293670
301,8,1107.293670
301,8,1107.293670
301,8,1107.293670
301,8,1107.293670
301,8,1107.293670
301,8,1107.293670
301,8,1107.293670
301,8,1107.293670
301,8,1107.293670
301,8,1107.293670
301,8,1107.293670
301,8,1107.293670
301,8,1107.293670
301,8,1107.293670
301,8,1107.293670
301,8,1107.293670
301,8,1107.293670
301,8,1107.293670
301,8,1107.293670
301,8,1107.293670
301,8,1107.293670
301,8,1107.293670
301,8,1107.293670
301,8,1107.293670
301,8,1107.293670
301,8,1107.293670
301,8,1107.293670
301,8,1107.293670
301,8,1107.293670
301,8,1107.293670
301,8,1107.293670
302,6,1126.769488
302,6,1126.769488
302,6,1126.769488
302,6,1126.769488
302,6,1126.769488
302,6,1126.769488
302,6,1126.769488
302,6,1126.769488
302,6,1126.769488
302,6,1126.769488
302,6,1126.769488
302,6,1126.769488
302,6,1126.769488
302,6,1126.769488
302,6,1126.769488
302,6,1126.769488
302,7,1117.348331
302,7,1117.348331
302,7,1117.348331
302,7,1117.348331
302,7,1117.348331
302,7,1117.348331
302,7,1117.348331
302,7,1117.348331
302,7,1117.348331
302,7,1117.348331
302,7,1117.348331
302,7,1117.348331
302,7,1117.348331
302,7,1117.348331
302,7,1117.348331
302,7,1117.348331
302,7,1117.348331
302,7,1117.348331
302,7,1117.348331
302,7,1117.348331
302,7,1117.348331
302,7,1117.348331
302,7,1117.348331
302,7,1117.348331
302,7,1117.348331
302,7,1117.348331
302,7,1117.348331
302,7,1117.348331
302,7,1117.348331
302,7,1117.348331
302,7,1117.348331
302,7,1117.348331
302,7,1117.348331
302,7,1117.348331
302,7,1117.348331
302,7,1117.348331
302,7,1117.348331
302,7,1117.348331
302,7,1117.348331
302,7,1117.348331
302,7,1117.348331
302,7,1117.348331
302,7,1117.348331
302,7,1117.348331
302,7,1117.348331
302,7,1117.348331
302,7,1117.348331
302,7,1117.348331
302,7,1117.348331
302,7,1117.348331
302,7,1117.348331
302,7,1117.348331
302,7,1117.348331
302,7,1117.348331
302,7,1117.348331
302,7,1117.348331
302,7,1117.348331
302,7,1117.348331
302,7,1117.348331
302,7,1117.348331
302,7,1117.348331
302,7,1117.348331
302,7,1117.348331
302,7,1117.348331
302,7,1117.348331
302,7,1117.348331
302,7,1117.348331
302,8,1107.293670
302,8,1107.293670
302,8,1107.293670
302,8,1107.293670
302,8,1107.293670
302,8,1107.293670
302,8,1107.293670
302,8,1107.293670
302,8,1107.293670
302,8,1107.293670
302,8,1107.293670
302,8,1107.293670
302,8,1107.293670
302,8,1107.293670
302,8,1107.293670
302,8,1107.293670
302,8,1107.293670
302,8,1107.293670
302,8,1107.293670
302,8,1107.293670
302,8,1107.293670
302,8,1107.293670
302,8,1107.293670
302,8,1107.293670
302,8,1107.293670
302,8,1107.293670
302,8,1107.293670
302,8,1107.293670
302,8,1107.293670
302,8,1107.293670
302,8,1107.293670
302,8,1107.293670
302,8,1107.293670
302,8,1107.293670
302,8,1107.293670
302,8,1107.293670
302,8,1107.293670
302,8,1107.293670
302,8,1107.293670
302,8,1107.293670
302,8,1107.293670
302,8,1107.293670
302,8,1107.293670
302,8,1107.293670
302,8,1107.293670
302,8,1107.293670
302,8,1107.293670
302,8,1107.293670
302,8,1107.293670
302,8,1107.293670
302,8,1107.293670
302,8,1107.293670
302,8,1107.293670
302,8,1107.293670
302,8,1107.293670
302,8,1107.293670
302,8,1107.293670
302,8,1107.293670
302,8,1107.293670
302,8,1107.293670
302,8,1107.293670
302,8,1107.293670
302,8,1107.293670
302,8,1107.293670
302,8,1107.293670
302,8,1107.293670
302,8,1107.293670
303,6,1126.769488
303,6,1126.769488
303,6,1126.769488
303,6,1126.769488
303,6,1126.769488
303,6,1126.769488
303,6,1126.769488
303,6,1126.769488
303,6,1126.769488
303,6,1126.769488
303,6,1126.769488
303,6,1126.769488
303,6,1126.769488
303,6,1126.769488
303,6,1126.769488
303,6,1126.769488
303,6,1126.769488
303,6,1126.769488
303,6,1126.769488
303,6,1126.769488
303,6,1126.769488
303,7,1116.714828
303,8,1107.293670
303,8,1107.293670
303,8,1107.293670
303,8,1107.293670
303,8,1107.293670
303,8,1107.293670
303,8,1107.293670
303,8,1107.293670
303,8,1107.293670
303,8,1107.293670
303,8,1107.293670
303,8,1107.293670
303,8,1107.293670
303,8,1107.293670
303,8,1107.293670
303,8,1107.293670
303,8,1107.293670
303,8,1107.293670
303,8,1107.293670
303,8,1107.293670
303,8,1107.293670
303,8,1107.293670
303,8,1107.293670
303,8,1107.293670
303,8,1107.293670
303,8,1107.293670
303,8,1107.293670
303,8,1107.293670
303,8,1107.293670
303,8,1107.293670
303,8,1107.293670
303,8,1107.293670
303,8,1107.293670
303,8,1107.293670
303,8,1107.293670
303,8,1107.293670
303,8,1107.293670
303,8,1107.293670
303,8,1107.293670
303,8,1107.293670
303,8,1107.293670
303,8,1107.293670
303,8,1107.293670
303,8,1107.293670
303,8,1107.293670
303,8,1107.293670
303,8,1107.293670
303,8,1107.293670
303,8,1107.293670
303,8,1107.293670
303,8,1107.293670
303,8,1107.293670
303,8,1107.293670
303,8,1107.293670
303,8,1107.293670
303,8,1107.293670
303,8,1107.293670
303,8,1107.293670
303,8,1107.293670
303,8,1107.293670
303,8,1107.293670
303,8,1107.293670
303,8,1107.293670
303,8,1107.293670
303,8,1107.293670
303,8,1107.293670
303,8,1107.293670
303,8,1107.293670
303,8,1107.293670
303,8,1107.293670
303,8,1107.293670
303,8,1107.293670
303,8,1107.293670
303,8,1107.293670
303,8,1107.293670
303,8,1107.293670
303,8,1107.293670
303,8,1107.293670
303,8,1107.293670
303,8,1107.293670
303,8,1107.293670
303,8,1107.293670
303,8,1107.293670
303,8,1107.293670
303,8,1107.293670
303,8,1107.293670
303,8,1107.293670
303,8,1107.293670
303,8,1107.293670
303,8,1107.293670
303,8,1107.293670
303,8,1107.293670
303,8,1107.293670
303,8,1107.293670
303,8,1107.293670
303,8,1107.293670
303,8,1107.293670
303,8,1107.293670
303,8,1107.293670
303,8,1107.293670
303,8,1107.293670
303,8,1107.293670
303,8,1107.293670
303,8,1107.293670
303,8,1107.293670
303,8,1107.293670
303,8,1107.293670
303,8,1107.293670
303,8,1107.293670
303,8,1107.293670
303,8,1107.293670
303,8,1107.293670
303,8,1107.293670
303,8,1107.293670
303,8,1107.293670
303,8,1107.293670
303,8,1107.293670
303,8,1107.293670
303,8,1107.293670
303,8,1107.293670
303,8,1107.293670
303,8,1107.293670
303,8,1107.293670
304,6,1126.769488
304,6,1126.769488
304,6,1126.769488
304,6,1126.769488
304,6,1126.769488
304,6,1126.769488
304,6,1126.769488
304,6,1126.769488
304,6,1126.769488
304,6,1126.769488
304,6,1126.769488
304,6,1126.769488
304,6,1126.769488
304,6,1126.769488
304,6,1126.769488
304,6,1126.769488
304,6,1126.769488
304,6,1126.769488
304,6,1126.769488
304,6,1126.769488
304,6,1126.769488
304,6,1126.769488
304,6,1126.769488
304,6,1126.769488
304,6,1126.769488
304,6,1126.769488
304,6,1126.769488
304,6,1126.769488
304,7,1116.714828
304,7,1116.714828
304,8,1107.293670
304,8,1107.293670
304,8,1107.293670
304,8,1107.293670
304,8,1107.293670
304,8,1107.293670
304,8,1107.293670
304,8,1107.293670
304,8,1107.293670
304,8,1107.293670
304,8,1107.293670
304,8,1107.293670
304,8,1107.293670
304,8,1107.293670
304,8,1107.293670
304,8,1107.293670
304,8,1107.293670
304,8,1107.293670
304,8,1107.293670
304,8,1107.293670
304,8,1107.293670
304,8,1107.293670
304,8,1107.293670
304,8,1107.293670
304,8,1107.293670
304,8,1107.293670
304,8,1107.293670
304,8,1107.293670
304,8,1107.293670
304,8,1107.293670
304,8,1107.293670
304,8,1107.293670
304,8,1107.293670
304,8,1107.293670
304,8,1107.293670
304,8,1107.293670
304,8,1107.293670
304,8,1107.293670
304,8,1107.293670
304,8,1107.293670
304,8,1107.293670
304,8,1107.293670
304,8,1107.293670
304,8,1107.293670
304,8,1107.293670
304,8,1107.293670
304,8,1107.293670
304,8,1107.293670
304,8,1107.293670
304,8,1107.293670
304,8,1107.293670
304,8,1107.293670
304,8,1107.293670
304,8,1107.293670
304,8,1107.293670
304,8,1107.293670
304,8,1107.293670
304,8,1107.293670
304,8,1107.293670
304,8,1107.293670
304,8,1107.293670
304,8,1107.293670
304,8,1107.293670
304,8,1107.293670
304,8,1107.293670
304,8,1107.293670
304,8,1107.293670
304,8,1107.293670
304,8,1107.293670
304,8,1107.293670
304,8,1107.293670
304,8,1107.293670
304,8,1107.293670
304,8,1107.293670
304,8,1107.293670
304,8,1107.293670
304,8,1107.293670
304,8,1107.293670
304,8,1107.293670
304,8,1107.293670
304,8,1107.293670
304,8,1107.293670
304,8,1107.293670
304,8,1107.293670
304,8,1107.293670
304,8,1107.293670
304,8,1107.293670
304,8,1107.293670
304,8,1107.293670
304,8,1107.293670
304,8,1107.293670
304,8,1107.293670
304,8,1107.293670
304,8,1107.293670
304,8,1107.293670
304,8,1107.293670
304,8,1107.293670
304,8,1107.293670
304,8,1107.293670
304,8,1107.293670
304,8,1107.293670
304,8,1107.293670
304,8,1107.293670
304,8,1107.293670
304,8,1107.293670
304,8,1107.293670
304,8,1107.293670
304,8,1107.293670
304,8,1107.293670
304,8,1107.293670
304,8,1107.293670
304,8,1107.293670
304,8,1107.293670
304,8,1107.293670
304,8,1107.293670
304,8,1107.293670
304,8,1107.293670
304,8,1107.293670
304,8,1107.293670
304,9,1107.289257
305,6,1126.769488
305,6,1126.769488
305,6,1126.769488
305,6,1126.769488
305,6,1126.769488
305,6,1126.769488
305,6,1126.769488
305,6,1126.769488
305,6,1126.769488
305,6,1126.769488
305,6,1126.769488
305,6,1126.769488
305,6,1126.769488
305,6,1126.769488
305,6,1126.769488
305,6,1126.769488
305,6,1126.769488
305,6,1126.769488
305,6,1126.769488
305,6,1126.769488
305,6,1126.769488
305,6,1126.769488
305,6,1126.769488
305,6,1126.769488
305,6,1126.769488
305,6,1126.769488
305,6,1126.769488
305,6,1126.769488
305,6,1126.769488
305,6,1126.769488
305,6,1126.769488
305,6,1126.769488
305,6,1126.769488
305,6,1126.769488
305,6,1126.769488
305,7,1116.714828
305,7,1116.714828
305,7,1116.714828
305,7,1116.714828
305,8,1107.293670
305,8,1107.293670
305,8,1107.293670
305,8,1107.293670
305,8,1107.293670
305,8,1107.293670
305,8,1107.293670
305,8,1107.293670
305,8,1107.293670
305,8,1107.293670
305,8,1107.293670
305,8,1107.293670
305,8,1107.293670
305,8,1107.293670
305,8,1107.293670
305,8,1107.293670
305,8,1107.293670
305,8,1107.293670
305,8,1107.293670
305,8,1107.293670
305,8,1107.293670
305,8,1107.293670
305,8,1107.293670
305,8,1107.293670
305,8,1107.293670
305,8,1107.293670
305,8,1107.293670
305,8,1107.293670
305,8,1107.293670
305,8,1107.293670
305,8,1107.293670
305,8,1107.293670
305,8,1107.293670
305,8,1107.293670
305,8,1107.293670
305,8,1107.293670
305,8,1107.293670
305,8,1107.293670
305,8,1107.293670
305,8,1107.293670
305,8,1107.293670
305,8,1107.293670
305,8,1107.293670
305,8,1107.293670
305,8,1107.293670
305,8,1107.293670
305,8,1107.293670
305,8,1107.293670
305,8,1107.293670
305,8,1107.293670
305,8,1107.293670
305,8,1107.293670
305,8,1107.293670
305,8,1107.293670
305,8,1107.293670
305,8,1107.293670
305,8,1107.293670
305,8,1107.293670
305,8,1107.293670
305,8,1107.293670
305,8,1107.293670
305,8,1107.293670
305,8,1107.293670
305,8,1107.293670
305,8,1107.293670
305,8,1107.293670
305,8,1107.293670
305,8,1107.293670
305,8,1107.293670
305,8,1107.293670
305,8,1107.293670
305,8,1107.293670
305,8,1107.293670
305,8,1107.293670
305,8,1107.293670
305,8,1107.293670
305,8,1107.293670
305,8,1107.293670
305,8,1107.293670
305,8,1107.293670
305,8,1107.293670
305,8,1107.293670
305,8,1107.293670
305,8,1107.293670
305,8,1107.293670
305,8,1107.293670
305,8,1107.293670
305,8,1107.293670
305,8,1107.293670
305,8,1107.293670
305,8,1107.293670
305,8,1107.293670
305,8,1107.293670
305,8,1107.293670
305,8,1107.293670
305,8,1107.293670
305,8,1107.293670
305,8,1107.293670
305,8,1107.293670
305,8,1107.293670
305,8,1107.293670
305,8,1107.293670
305,8,1107.293670
305,8,1107.293670
305,8,1107.293670
305,8,1107.293670
305,8,1107.293670
305,8,1107.293670
305,9,1107.289257
305,9,1107.289257
305,9,1107.289257
306,6,1126.769488
306,6,1126.769488
306,6,1126.769488
306,6,1126.769488
306,6,1126.769488
306,6,1126.769488
306,6,1126.769488
306,6,1126.769488
306,6,1126.769488
306,6,1126.769488
306,6,1126.769488
306,6,1126.769488
306,6,1126.769488
306,6,1126.769488
306,6,1126.769488
306,6,1126.769488
306,6,1126.769488
306,6,1126.769488
306,6,1126.769488
306,6,1126.769488
306,6,1126.769488
306,6,1126.769488
306,6,1126.769488
306,6,1126.769488
306,6,1126.769488
306,6,1126.769488
306,6,1126.769488
306,6,1126.769488
306,6,1126.769488
306,6,1126.769488
306,6,1126.769488
306,6,1126.769488
306,6,1126.769488
306,6,1126.769488
306,6,1126.769488
306,6,1126.769488
306,6,1126.769488
306,6,1126.769488
306,6,1126.769488
306,6,1126.769488
306,6,1126.769488
306,6,1126.769488
306,6,1126.769488
306,6,1126.769488
306,7,1116.714828
306,7,1116.714828
306,7,1116.714828
306,7,1116.714828
306,7,1116.714828
306,7,1116.714828
306,8,1107.293670
306,8,1107.293670
306,8,1107.293670
306,8,1107.293670
306,8,1107.293670
306,8,1107.293670
306,8,1107.293670
306,8,1107.293670
306,8,1107.293670
306,8,1107.293670
306,8,1107.293670
306,8,1107.293670
306,8,1107.293670
306,8,1107.293670
306,8,1107.293670
306,8,1107.293670
306,8,1107.293670
306,8,1107.293670
306,8,1107.293670
306,8,1107.293670
306,8,1107.293670
306,8,1107.293670
306,8,1107.293670
306,8,1107.293670
306,8,1107.293670
306,8,1107.293670
306,8,1107.293670
306,8,1107.293670
306,8,1107.293670
306,8,1107.293670
306,8,1107.293670
306,8,1107.293670
306,8,1107.293670
306,8,1107.293670
306,8,1107.293670
306,8,1107.293670
306,8,1107.293670
306,8,1107.293670
306,8,1107.293670
306,8,1107.293670
306,8,1107.293670
306,8,1107.293670
306,8,1107.293670
306,8,1107.293670
306,8,1107.293670
306,8,1107.293670
306,8,1107.293670
306,8,1107.293670
306,8,1107.293670
306,8,1107.293670
306,8,1107.293670
306,8,1107.293670
306,8,1107.293670
306,8,1107.293670
306,8,1107.293670
306,8,1107.293670
306,8,1107.293670
306,8,1107.293670
306,8,1107.293670
306,8,1107.293670
306,8,1107.293670
306,8,1107.293670
306,8,1107.293670
306,8,1107.293670
306,8,1107.293670
306,8,1107.293670
306,8,1107.293670
306,8,1107.293670
306,8,1107.293670
306,8,1107.293670
306,8,1107.293670
306,8,1107.293670
306,8,1107.293670
306,8,1107.293670
306,8,1107.293670
306,8,1107.293670
306,8,1107.293670
306,8,1107.293670
306,8,1107.293670
306,8,1107.293670
306,8,1107.293670
306,8,1107.293670
306,8,1107.293670
306,8,1107.293670
306,8,1107.293670
306,8,1107.293670
306,8,1107.293670
306,8,1107.293670
306,8,1107.293670
306,8,1107.293670
306,8,1107.293670
306,8,1107.293670
306,8,1107.293670
306,8,1107.293670
306,8,1107.293670
306,9,1107.289257
306,9,1107.289257
306,9,1107.289257
306,9,1107.289257
306,9,1107.289257
307,6,1126.769488
307,6,1126.769488
307,6,1126.769488
307,6,1126.769488
307,6,1126.769488
307,6,1126.769488
307,6,1126.769488
307,6,1126.769488
307,6,1126.769488
307,6,1126.769488
307,6,1126.769488
307,6,1126.769488
307,6,1126.769488
307,6,1126.769488
307,6,1126.769488
307,6,1126.769488
307,6,1126.769488
307,6,1126.769488
307,6,1126.769488
307,6,1126.769488
307,6,1126.769488
307,6,1126.769488
307,6,1126.769488
307,6,1126.769488
307,6,1126.769488
307,6,1126.769488
307,6,1126.769488
307,6,1126.769488
307,6,1126.769488
307,6,1126.769488
307,6,1126.769488
307,6,1126.769488
307,6,1126.769488
307,6,1126.769488
307,6,1126.769488
307,6,1126.769488
307,6,1126.769488
307,6,1126.769488
307,6,1126.769488
307,6,1126.769488
307,6,1126.769488
307,6,1126.769488
307,6,1126.769488
307,6,1126.769488
307,6,1126.769488
307,6,1126.769488
307,6,1126.769488
307,6,1126.769488
307,6,1126.769488
307,6,1126.769488
307,6,1126.769488
307,6,1126.769488
307,6,1126.769488
307,6,1126.769488
307,7,1116.714828
307,7,1116.714828
307,7,1116.714828
307,7,1116.714828
307,7,1116.714828
307,7,1116.714828
307,7,1116.714828
307,7,1116.714828
307,8,1107.293670
307,8,1107.293670
307,8,1107.293670
307,8,1107.293670
307,8,1107.293670
307,8,1107.293670
307,8,1107.293670
307,8,1107.293670
307,8,1107.293670
307,8,1107.293670
307,8,1107.293670
307,8,1107.293670
307,8,1107.293670
307,8,1107.293670
307,8,1107.293670
307,8,1107.293670
307,8,1107.293670
307,8,1107.293670
307,8,1107.293670
307,8,1107.293670
307,8,1107.293670
307,8,1107.293670
307,8,1107.293670
307,8,1107.293670
307,8,1107.293670
307,8,1107.293670
307,8,1107.293670
307,8,1107.293670
307,8,1107.293670
307,8,1107.293670
307,8,1107.293670
307,8,1107.293670
307,8,1107.293670
307,8,1107.293670
307,8,1107.293670
307,8,1107.293670
307,8,1107.293670
307,8,1107.293670
307,8,1107.293670
307,8,1107.293670
307,8,1107.293670
307,8,1107.293670
307,8,1107.293670
307,8,1107.293670
307,8,1107.293670
307,8,1107.293670
307,8,1107.293670
307,8,1107.293670
307,8,1107.293670
307,8,1107.293670
307,8,1107.293670
307,8,1107.293670
307,8,1107.293670
307,8,1107.293670
307,8,1107.293670
307,8,1107.293670
307,8,1107.293670
307,8,1107.293670
307,8,1107.293670
307,8,1107.293670
307,8,1107.293670
307,8,1107.293670
307,8,1107.293670
307,8,1107.293670
307,8,1107.293670
307,8,1107.293670
307,8,1107.293670
307,8,1107.293670
307,8,1107.293670
307,8,1107.293670
307,8,1107.293670
307,8,1107.293670
307,8,1107.293670
307,8,1107.293670
307,8,1107.293670
307,8,1107.293670
307,8,1107.293670
307,8,1107.293670
307,8,1107.293670
307,8,1107.293670
307,8,1107.293670
307,9,1107.289257
307,9,1107.289257
307,9,1107.289257
307,9,1107.289257
307,9,1107.289257
307,9,1107.289257
307,9,1107.289257
308,6,1126.769488
308,6,1126.769488
308,6,1126.769488
308,6,1126.769488
308,6,1126.769488
308,6,1126.769488
308,6,1126.769488
308,6,1126.769488
308,6,1126.769488
308,6,1126.769488
308,6,1126.769488
308,6,1126.769488
308,6,1126.769488
308,6,1126.769488
308,6,1126.769488
308,6,1126.769488
308,6,1126.769488
308,6,1126.769488
308,6,1126.769488
308,6,1126.769488
308,6,1126.769488
308,6,1126.769488
308,6,1126.769488
308,6,1126.769488
308,6,1126.769488
308,6,1126.769488
308,6,1126.769488
308,6,1126.769488
308,6,1126.769488
308,6,1126.769488
308,6,1126.769488
308,6,1126.769488
308,6,1126.769488
308,6,1126.769488
308,6,1126.769488
308,6,1126.769488
308,6,1126.769488
308,6,1126.769488
308,6,1126.769488
308,6,1126.769488
308,6,1126.769488
308,6,1126.769488
308,6,1126.769488
308,6,1126.769488
308,6,1126.769488
308,6,1126.769488
308,6,1126.769488
308,6,1126.769488
308,6,1126.769488
308,6,1126.769488
308,6,1126.769488
308,6,1126.769488
308,6,1126.769488
308,6,1126.769488
308,6,1126.769488
308,6,1126.769488
308,6,1126.769488
308,6,1126.769488
308,6,1126.769488
308,6,1126.769488
308,6,1126.769488
308,6,1126.769488
308,6,1126.769488
308,6,1126.769488
308,7,1116.714828
308,7,1116.714828
308,7,1116.714828
308,7,1116.714828
308,7,1116.714828
308,7,1116.714828
308,7,1116.714828
308,7,1116.714828
308,7,1116.714828
308,7,1116.714828
308,7,1116.714828
308,8,1107.293670
308,8,1107.293670
308,8,1107.293670
308,8,1107.293670
308,8,1107.293670
308,8,1107.293670
308,8,1107.293670
308,8,1107.293670
308,8,1107.293670
308,8,1107.293670
308,8,1107.293670
308,8,1107.293670
308,8,1107.293670
308,8,1107.293670
308,8,1107.293670
308,8,1107.293670
308,8,1107.293670
308,8,1107.293670
308,8,1107.293670
308,8,1107.293670
308,8,1107.293670
308,8,1107.293670
308,8,1107.293670
308,8,1107.293670
308,8,1107.293670
308,8,1107.293670
308,8,1107.293670
308,8,1107.293670
308,8,1107.293670
308,8,1107.293670
308,8,1107.293670
308,8,1107.293670
308,8,1107.293670
308,8,1107.293670
308,8,1107.293670
308,8,1107.293670
308,8,1107.293670
308,8,1107.293670
308,8,1107.293670
308,8,1107.293670
308,8,1107.293670
308,8,1107.293670
308,8,1107.293670
308,8,1107.293670
308,8,1107.293670
308,8,1107.293670
308,8,1107.293670
308,8,1107.293670
308,8,1107.293670
308,8,1107.293670
308,8,1107.293670
308,8,1107.293670
308,8,1107.293670
308,8,1107.293670
308,8,1107.293670
308,8,1107.293670
308,8,1107.293670
308,8,1107.293670
308,8,1107.293670
308,8,1107.293670
308,8,1107.293670
308,8,1107.293670
308,8,1107.293670
308,8,1107.293670
308,8,1107.293670
308,8,1107.293670
308,9,1107.289257
308,9,1107.289257
308,9,1107.289257
308,9,1107.289257
308,9,1107.289257
308,9,1107.289257
308,9,1107.289257
308,9,1107.289257
308,9,1107.289257
309,6,1126.769488
309,6,1126.769488
309,6,1126.769488
309,6,1126.769488
309,6,1126.769488
309,6,1126.769488
309,6,1126.769488
309,6,1126.769488
309,6,1126.769488
309,6,1126.769488
309,6,1126.769488
309,6,1126.769488
309,6,1126.769488
309,6,1126.769488
309,6,1126.769488
309,6,1126.769488
309,6,1126.769488
309,6,1126.769488
309,6,1126.769488
309,6,1126.769488
309,6,1126.769488
309,6,1126.769488
309,6,1126.769488
309,6,1126.769488
309,6,1126.769488
309,6,1126.769488
309,6,1126.769488
309,6,1126.769488
309,6,1126.769488
309,6,1126.769488
309,6,1126.769488
309,6,1126.769488
309,6,1126.769488
309,6,1126.769488
309,6,1126.769488
309,6,1126.769488
309,6,1126.769488
309,6,1126.769488
309,6,1126.769488
309,6,1126.769488
309,6,1126.769488
309,6,1126.769488
309,6,1126.769488
309,6,1126.769488
309,6,1126.769488
309,6,1126.769488
309,6,1126.769488
309,6,1126.769488
309,6,1126.769488
309,6,1126.769488
309,6,1126.769488
309,6,1126.769488
309,6,1126.769488
309,6,1126.769488
309,6,1126.769488
309,6,1126.769488
309,6,1126.769488
309,6,1126.769488
309,6,1126.769488
309,6,1126.769488
309,6,1126.769488
309,6,1126.769488
309,7,1116.714828
309,7,1116.714828
309,7,1116.714828
309,7,1116.714828
309,7,1116.714828
309,7,1116.714828
309,7,1116.714828
309,7,1116.714828
309,7,1116.714828
309,7,1116.714828
309,7,1116.714828
309,7,1116.714828
309,7,1116.714828
309,7,1116.714828
309,7,1116.714828
309,7,1116.714828
309,8,1107.293670
309,8,1107.293670
309,8,1107.293670
309,8,1107.293670
309,8,1107.293670
309,8,1107.293670
309,8,1107.293670
309,8,1107.293670
309,8,1107.293670
309,8,1107.293670
309,8,1107.293670
309,8,1107.293670
309,8,1107.293670
309,8,1107.293670
309,8,1107.293670
309,8,1107.293670
309,8,1107.293670
309,8,1107.293670
309,8,1107.293670
309,8,1107.293670
309,8,1107.293670
309,8,1107.293670
309,8,1107.293670
309,8,1107.293670
309,8,1107.293670
309,8,1107.293670
309,8,1107.293670
309,8,1107.293670
309,8,1107.293670
309,8,1107.293670
309,8,1107.293670
309,8,1107.293670
309,8,1107.293670
309,8,1107.293670
309,8,1107.293670
309,8,1107.293670
309,8,1107.293670
309,8,1107.293670
309,8,1107.293670
309,8,1107.293670
309,8,1107.293670
309,8,1107.293670
309,8,1107.293670
309,8,1107.293670
309,8,1107.293670
309,8,1107.293670
309,8,1107.293670
309,8,1107.293670
309,8,1107.293670
309,8,1107.293670
309,8,1107.293670
309,8,1107.293670
309,8,1107.293670
309,8,1107.293670
309,8,1107.293670
309,8,1107.293670
309,8,1107.293670
309,8,1107.293670
309,8,1107.293670
309,8,1107.293670
309,8,1107.293670
309,9,1107.289257
309,9,1107.289257
309,9,1107.289257
309,9,1107.289257
309,9,1107.289257
309,9,1107.289257
309,9,1107.289257
309,9,1107.289257
309,9,1107.289257
309,9,1107.289257
309,9,1107.289257
310,6,1126.769488
310,6,1126.769488
310,6,1126.769488
310,6,1126.769488
310,6,1126.769488
310,6,1126.769488
310,6,1126.769488
310,6,1126.769488
310,6,1126.769488
310,6,1126.769488
310,6,1126.769488
310,6,1126.769488
310,6,1126.769488
310,6,1126.769488
310,6,1126.769488
310,6,1126.769488
310,6,1126.769488
310,6,1126.769488
310,6,1126.769488
310,6,1126.769488
310,6,1126.769488
310,6,1126.769488
310,6,1126.769488
310,6,1126.769488
310,6,1126.769488
310,6,1126.769488
310,6,1126.769488
310,6,1126.769488
310,6,1126.769488
310,6,1126.769488
310,6,1126.769488
310,6,1126.769488
310,6,1126.769488
310,6,1126.769488
310,6,1126.769488
310,6,1126.769488
310,6,1126.769488
310,6,1126.769488
310,6,1126.769488
310,6,1126.769488
310,6,1126.769488
310,6,1126.769488
310,6,1126.769488
310,6,1126.769488
310,6,1126.769488
310,6,1126.769488
310,6,1126.769488
310,6,1126.769488
310,6,1126.769488
310,6,1126.769488
310,6,1126.769488
310,6,1126.769488
310,6,1126.769488
310,6,1126.769488
310,6,1126.769488
310,6,1126.769488
310,6,1126.769488
310,7,1116.714828
310,7,1116.714828
310,7,1116.714828
310,7,1116.714828
310,7,1116.714828
310,7,1116.714828
310,7,1116.714828
310,7,1116.714828
310,7,1116.714828
310,7,1116.714828
310,7,1116.714828
310,7,1116.714828
310,7,1116.714828
310,7,1116.714828
310,7,1116.714828
310,7,1116.714828
310,7,1116.714828
310,7,1116.714828
310,7,1116.714828
310,7,1116.714828
310,7,1116.714828
310,7,1116.714828
310,8,1107.293670
310,8,1107.293670
310,8,1107.293670
310,8,1107.293670
310,8,1107.293670
310,8,1107.293670
310,8,1107.293670
310,8,1107.293670
310,8,1107.293670
310,8,1107.293670
310,8,1107.293670
310,8,1107.293670
310,8,1107.293670
310,8,1107.293670
310,8,1107.293670
310,8,1107.293670
310,8,1107.293670
310,8,1107.293670
310,8,1107.293670
310,8,1107.293670
310,8,1107.293670
310,8,1107.293670
310,8,1107.293670
310,8,1107.293670
310,8,1107.293670
310,8,1107.293670
310,8,1107.293670
310,8,1107.293670
310,8,1107.293670
310,8,1107.293670
310,8,1107.293670
310,8,1107.293670
310,8,1107.293670
310,8,1107.293670
310,8,1107.293670
310,8,1107.293670
310,8,1107.293670
310,8,1107.293670
310,8,1107.293670
310,8,1107.293670
310,8,1107.293670
310,8,1107.293670
310,8,1107.293670
310,8,1107.293670
310,8,1107.293670
310,8,1107.293670
310,8,1107.293670
310,8,1107.293670
310,8,1107.293670
310,8,1107.293670
310,8,1107.293670
310,8,1107.293670
310,8,1107.293670
310,8,1107.293670
310,8,1107.293670
310,8,1107.293670
310,8,1107.293670
310,9,1107.289257
310,9,1107.289257
310,9,1107.289257
310,9,1107.289257
310,9,1107.289257
310,9,1107.289257
310,9,1107.289257
310,9,1107.289257
310,9,1107.289257
310,9,1107.289257
310,9,1107.289257
310,9,1107.289257
310,9,1107.289257
310,9,1107.289257
311,6,1126.769488
311,6,1126.769488
311,6,1126.769488
311,6,1126.769488
311,6,1126.769488
311,6,1126.769488
311,6,1126.769488
311,6,1126.769488
311,6,1126.769488
311,6,1126.769488
311,6,1126.769488
311,6,1126.769488
311,6,1126.769488
311,6,1126.769488
311,6,1126.769488
311,6,1126.769488
311,6,1126.769488
311,6,1126.769488
311,6,1126.769488
311,6,1126.769488
311,6,1126.769488
311,6,1126.769488
311,6,1126.769488
311,6,1126.769488
311,6,1126.769488
311,6,1126.769488
311,6,1126.769488
311,6,1126.769488
311,6,1126.769488
311,6,1126.769488
311,6,1126.769488
311,6,1126.769488
311,6,1126.769488
311,6,1126.769488
311,6,1126.769488
311,6,1126.769488
311,6,1126.769488
311,6,1126.769488
311,6,1126.769488
311,6,1126.769488
311,6,1126.769488
311,6,1126.769488
311,6,1126.769488
311,6,1126.769488
311,6,1126.769488
311,6,1126.769488
311,6,1126.769488
311,6,1126.769488
311,6,1126.769488
311,6,1126.769488
311,6,1126.769488
311,7,1116.714828
311,7,1116.714828
311,7,1116.714828
311,7,1116.714828
311,7,1116.714828
311,7,1116.714828
311,7,1116.714828
311,7,1116.714828
311,7,1116.714828
311,7,1116.714828
311,7,1116.714828
311,7,1116.714828
311,7,1116.714828
311,7,1116.714828
311,7,1116.714828
311,7,1116.714828
311,7,1116.714828
311,7,1116.714828
311,7,1116.714828
311,7,1116.714828
311,7,1116.714828
311,7,1116.714828
311,7,1116.714828
311,7,1116.714828
311,7,1116.714828
311,7,1116.714828
311,7,1116.714828
311,7,1116.714828
311,7,1116.714828
311,7,1116.714828
311,7,1116.714828
311,7,1116.714828
311,8,1107.293670
311,8,1107.293670
311,8,1107.293670
311,8,1107.293670
311,8,1107.293670
311,8,1107.293670
311,8,1107.293670
311,8,1107.293670
311,8,1107.293670
311,8,1107.293670
311,8,1107.293670
311,8,1107.293670
311,8,1107.293670
311,8,1107.293670
311,8,1107.293670
311,8,1107.293670
311,8,1107.293670
311,8,1107.293670
311,8,1107.293670
311,8,1107.293670
311,8,1107.293670
311,8,1107.293670
311,8,1107.293670
311,8,1107.293670
311,8,1107.293670
311,8,1107.293670
311,8,1107.293670
311,8,1107.293670
311,8,1107.293670
311,8,1107.293670
311,8,1107.293670
311,8,1107.293670
311,8,1107.293670
311,8,1107.293670
311,8,1107.293670
311,8,1107.293670
311,8,1107.293670
311,8,1107.293670
311,8,1107.293670
311,8,1107.293670
311,8,1107.293670
311,8,1107.293670
311,8,1107.293670
311,8,1107.293670
311,8,1107.293670
311,8,1107.293670
311,8,1107.293670
311,8,1107.293670
311,8,1107.293670
311,8,1107.293670
311,9,1107.289257
311,9,1107.289257
311,9,1107.289257
311,9,1107.289257
311,9,1107.289257
311,9,1107.289257
311,9,1107.289257
311,9,1107.289257
311,9,1107.289257
311,9,1107.289257
311,9,1107.289257
311,9,1107.289257
311,9,1107.289257
311,9,1107.289257
311,9,1107.289257
311,9,1107.289257
311,9,1107.289257
312,6,1126.769488
312,6,1126.769488
312,6,1126.769488
312,6,1126.769488
312,6,1126.769488
312,6,1126.769488
312,6,1126.769488
312,6,1126.769488
312,6,1126.769488
312,6,1126.769488
312,6,1126.769488
312,6,1126.769488
312,6,1126.769488
312,6,1126.769488
312,6,1126.769488
312,6,1126.769488
312,6,1126.769488
312,6,1126.769488
312,6,1126.769488
312,6,1126.769488
312,6,1126.769488
312,6,1126.769488
312,6,1126.769488
312,6,1126.769488
312,6,1126.769488
312,6,1126.769488
312,6,1126.769488
312,6,1126.769488
312,6,1126.769488
312,6,1126.769488
312,6,1126.769488
312,6,1126.769488
312,6,1126.769488
312,6,1126.769488
312,6,1126.769488
312,6,1126.769488
312,6,1126.769488
312,6,1126.769488
312,6,1126.769488
312,6,1126.769488
312,6,1126.769488
312,6,1126.769488
312,6,1126.769488
312,7,1116.714828
312,7,1116.714828
312,7,1116.714828
312,7,1116.714828
312,7,1116.714828
312,7,1116.714828
312,7,1116.714828
312,7,1116.714828
312,7,1116.714828
312,7,1116.714828
312,7,1116.714828
312,7,1116.714828
312,7,1116.714828
312,7,1116.714828
312,7,1116.714828
312,7,1116.714828
312,7,1116.714828
312,7,1116.714828
312,7,1116.714828
312,7,1116.714828
312,7,1116.714828
312,7,1116.714828
312,7,1116.714828
312,7,1116.714828
312,7,1116.714828
312,7,1116.714828
312,7,1116.714828
312,7,1116.714828
312,7,1116.714828
312,7,1116.714828
312,7,1116.714828
312,7,1116.714828
312,7,1116.714828
312,7,1116.714828
312,7,1116.714828
312,7,1116.714828
312,7,1116.714828
312,7,1116.714828
312,7,1116.714828
312,7,1116.714828
312,7,1116.714828
312,7,1116.714828
312,7,1116.714828
312,8,1107.293670
312,8,1107.293670
312,8,1107.293670
312,8,1107.293670
312,8,1107.293670
312,8,1107.293670
312,8,1107.293670
312,8,1107.293670
312,8,1107.293670
312,8,1107.293670
312,8,1107.293670
312,8,1107.293670
312,8,1107.293670
312,8,1107.293670
312,8,1107.293670
312,8,1107.293670
312,8,1107.293670
312,8,1107.293670
312,8,1107.293670
312,8,1107.293670
312,8,1107.293670
312,8,1107.293670
312,8,1107.293670
312,8,1107.293670
312,8,1107.293670
312,8,1107.293670
312,8,1107.293670
312,8,1107.293670
312,8,1107.293670
312,8,1107.293670
312,8,1107.293670
312,8,1107.293670
312,8,1107.293670
312,8,1107.293670
312,8,1107.293670
312,8,1107.293670
312,8,1107.293670
312,8,1107.293670
312,8,1107.293670
312,8,1107.293670
312,8,1107.293670
312,8,1107.293670
312,9,1107.289257
312,9,1107.289257
312,9,1107.289257
312,9,1107.289257
312,9,1107.289257
312,9,1107.289257
312,9,1107.289257
312,9,1107.289257
312,9,1107.289257
312,9,1107.289257
312,9,1107.289257
312,9,1107.289257
312,9,1107.289257
312,9,1107.289257
312,9,1107.289257
312,9,1107.289257
312,9,1107.289257
312,9,1107.289257
312,9,1107.289257
312,9,1107.289257
312,9,1107.289257
312,9,1107.289257
313,6,1126.769488
313,6,1126.769488
313,6,1126.769488
313,6,1126.769488
313,6,1126.769488
313,6,1126.769488
313,6,1126.769488
313,6,1126.769488
313,6,1126.769488
313,6,1126.769488
313,6,1126.769488
313,6,1126.769488
313,6,1126.769488
313,6,1126.769488
313,6,1126.769488
313,6,1126.769488
313,6,1126.769488
313,6,1126.769488
313,6,1126.769488
313,6,1126.769488
313,6,1126.769488
313,6,1126.769488
313,6,1126.769488
313,6,1126.769488
313,6,1126.769488
313,6,1126.769488
313,6,1126.769488
313,6,1126.769488
313,6,1126.769488
313,6,1126.769488
313,6,1126.769488
313,6,1126.769488
313,6,1126.769488
313,6,1126.769488
313,6,1126.769488
313,6,1126.769488
313,6,1126.769488
313,6,1126.769488
313,6,1126.769488
313,6,1126.769488
313,6,1126.769488
313,7,1116.714828
313,7,1116.714828
313,7,1116.714828
313,7,1116.714828
313,7,1116.714828
313,7,1116.714828
313,7,1116.714828
313,7,1116.714828
313,7,1116.714828
313,7,1116.714828
313,7,1116.714828
313,7,1116.714828
313,7,1116.714828
313,7,1116.714828
313,7,1116.714828
313,7,1116.714828
313,7,1116.714828
313,7,1116.714828
313,7,1116.714828
313,7,1116.714828
313,7,1116.714828
313,7,1116.714828
313,7,1116.714828
313,7,1116.714828
313,7,1116.714828
313,7,1116.714828
313,7,1116.714828
313,7,1116.714828
313,7,1116.714828
313,7,1116.714828
313,7,1116.714828
313,7,1116.714828
313,7,1116.714828
313,7,1116.714828
313,7,1116.714828
313,7,1116.714828
313,7,1116.714828
313,7,1116.714828
313,7,1116.714828
313,7,1116.714828
313,7,1116.714828
313,8,1107.293670
313,8,1107.293670
313,8,1107.293670
313,8,1107.293670
313,8,1107.293670
313,8,1107.293670
313,8,1107.293670
313,8,1107.293670
313,8,1107.293670
313,8,1107.293670
313,8,1107.293670
313,8,1107.293670
313,8,1107.293670
313,8,1107.293670
313,8,1107.293670
313,8,1107.293670
313,8,1107.293670
313,8,1107.293670
313,8,1107.293670
313,8,1107.293670
313,8,1107.293670
313,8,1107.293670
313,8,1107.293670
313,8,1107.293670
313,8,1107.293670
313,8,1107.293670
313,8,1107.293670
313,8,1107.293670
313,8,1107.293670
313,8,1107.293670
313,8,1107.293670
313,8,1107.293670
313,8,1107.293670
313,8,1107.293670
313,8,1107.293670
313,8,1107.293670
313,8,1107.293670
313,8,1107.293670
313,8,1107.293670
313,8,1107.293670
313,8,1107.293670
313,9,1107.289257
313,9,1107.289257
313,9,1107.289257
313,9,1107.289257
313,9,1107.289257
313,9,1107.289257
313,9,1107.289257
313,9,1107.289257
313,9,1107.289257
313,9,1107.289257
313,9,1107.289257
313,9,1107.289257
313,9,1107.289257
313,9,1107.289257
313,9,1107.289257
313,9,1107.289257
313,9,1107.289257
313,9,1107.289257
313,9,1107.289257
313,9,1107.289257
313,9,1107.289257
313,9,1107.289257
313,9,1107.289257
313,9,1107.289257
313,9,1107.289257
313,9,1107.289257
313,9,1107.289257
314,6,1126.769488
314,6,1126.769488
314,6,1126.769488
314,6,1126.769488
314,6,1126.769488
314,6,1126.769488
314,6,1126.769488
314,6,1126.769488
314,6,1126.769488
314,6,1126.769488
314,6,1126.769488
314,6,1126.769488
314,6,1126.769488
314,6,1126.769488
314,6,1126.769488
314,6,1126.769488
314,6,1126.769488
314,6,1126.769488
314,6,1126.769488
314,6,1126.769488
314,6,1126.769488
314,6,1126.769488
314,6,1126.769488
314,6,1126.769488
314,6,1126.769488
314,6,1126.769488
314,6,1126.769488
314,6,1126.769488
314,6,1126.769488
314,6,1126.769488
314,6,1126.769488
314,6,1126.769488
314,6,1126.769488
314,6,1126.769488
314,6,1126.769488
314,6,1126.769488
314,6,1126.769488
314,6,1126.769488
314,6,1126.769488
314,7,1116.714828
314,7,1116.714828
314,7,1116.714828
314,7,1116.714828
314,7,1116.714828
314,7,1116.714828
314,7,1116.714828
314,7,1116.714828
314,7,1116.714828
314,7,1116.714828
314,7,1116.714828
314,7,1116.714828
314,7,1116.714828
314,7,1116.714828
314,7,1116.714828
314,7,1116.714828
314,7,1116.714828
314,7,1116.714828
314,7,1116.714828
314,7,1116.714828
314,7,1116.714828
314,7,1116.714828
314,7,1116.714828
314,7,1116.714828
314,7,1116.714828
314,7,1116.714828
314,7,1116.714828
314,7,1116.714828
314,7,1116.714828
314,7,1116.714828
314,7,1116.714828
314,7,1116.714828
314,7,1116.714828
314,7,1116.714828
314,7,1116.714828
314,7,1116.714828
314,7,1116.714828
314,7,1116.714828
314,7,1116.714828
314,8,1107.293670
314,8,1107.293670
314,8,1107.293670
314,8,1107.293670
314,8,1107.293670
314,8,1107.293670
314,8,1107.293670
314,8,1107.293670
314,8,1107.293670
314,8,1107.293670
314,8,1107.293670
314,8,1107.293670
314,8,1107.293670
314,8,1107.293670
314,8,1107.293670
314,8,1107.293670
314,8,1107.293670
314,8,1107.293670
314,8,1107.293670
314,8,1107.293670
314,8,1107.293670
314,8,1107.293670
314,8,1107.293670
314,8,1107.293670
314,8,1107.293670
314,8,1107.293670
314,8,1107.293670
314,8,1107.293670
314,8,1107.293670
314,8,1107.293670
314,8,1107.293670
314,8,1107.293670
314,8,1107.293670
314,8,1107.293670
314,8,1107.293670
314,8,1107.293670
314,8,1107.293670
314,8,1107.293670
314,9,1107.289257
314,9,1107.289257
314,9,1107.289257
314,9,1107.289257
314,9,1107.289257
314,9,1107.289257
314,9,1107.289257
314,9,1107.289257
314,9,1107.289257
314,9,1107.289257
314,9,1107.289257
314,9,1107.289257
314,9,1107.289257
314,9,1107.289257
314,9,1107.289257
314,9,1107.289257
314,9,1107.289257
314,9,1107.289257
314,9,1107.289257
314,9,1107.289257
314,9,1107.289257
314,9,1107.289257
314,9,1107.289257
314,9,1107.289257
314,9,1107.289257
314,9,1107.289257
314,9,1107.289257
314,9,1107.289257
314,9,1107.289257
314,9,1107.289257
314,9,1107.289257
314,9,1107.289257
314,9,1107.289257
314,9,1107.289257
315,6,1126.769488
315,6,1126.769488
315,6,1126.769488
315,6,1126.769488
315,6,1126.769488
315,6,1126.769488
315,6,1126.769488
315,6,1126.769488
315,6,1126.769488
315,6,1126.769488
315,6,1126.769488
315,6,1126.769488
315,6,1126.769488
315,6,1126.769488
315,6,1126.769488
315,6,1126.769488
315,6,1126.769488
315,6,1126.769488
315,6,1126.769488
315,6,1126.769488
315,6,1126.769488
315,6,1126.769488
315,6,1126.769488
315,6,1126.769488
315,6,1126.769488
315,6,1126.769488
315,6,1126.769488
315,6,1126.769488
315,6,1126.769488
315,6,1126.769488
315,6,1126.769488
315,6,1126.769488
315,6,1126.769488
315,6,1126.769488
315,6,1126.769488
315,6,1126.769488
315,6,1126.769488
315,6,1126.769488
315,7,1116.714828
315,7,1116.714828
315,7,1116.714828
315,7,1116.714828
315,7,1116.714828
315,7,1116.714828
315,7,1116.714828
315,7,1116.714828
315,7,1116.714828
315,7,1116.714828
315,7,1116.714828
315,7,1116.714828
315,7,1116.714828
315,7,1116.714828
315,7,1116.714828
315,7,1116.714828
315,7,1116.714828
315,7,1116.714828
315,7,1116.714828
315,7,1116.714828
315,7,1116.714828
315,7,1116.714828
315,7,1116.714828
315,7,1116.714828
315,7,1116.714828
315,7,1116.714828
315,7,1116.714828
315,7,1116.714828
315,7,1116.714828
315,7,1116.714828
315,7,1116.714828
315,7,1116.714828
315,7,1116.714828
315,7,1116.714828
315,7,1116.714828
315,7,1116.714828
315,7,1116.714828
315,7,1116.714828
315,8,1107.293670
315,8,1107.293670
315,8,1107.293670
315,8,1107.293670
315,8,1107.293670
315,8,1107.293670
315,8,1107.293670
315,8,1107.293670
315,8,1107.293670
315,8,1107.293670
315,8,1107.293670
315,8,1107.293670
315,8,1107.293670
315,8,1107.293670
315,8,1107.293670
315,8,1107.293670
315,8,1107.293670
315,8,1107.293670
315,8,1107.293670
315,8,1107.293670
315,8,1107.293670
315,8,1107.293670
315,8,1107.293670
315,8,1107.293670
315,8,1107.293670
315,8,1107.293670
315,8,1107.293670
315,8,1107.293670
315,8,1107.293670
315,8,1107.293670
315,8,1107.293670
315,8,1107.293670
315,8,1107.293670
315,8,1107.293670
315,8,1107.293670
315,8,1107.293670
315,8,1107.293670
315,9,1107.289257
315,9,1107.289257
315,9,1107.289257
315,9,1107.289257
315,9,1107.289257
315,9,1107.289257
315,9,1107.289257
315,9,1107.289257
315,9,1107.289257
315,9,1107.289257
315,9,1107.289257
315,9,1107.289257
315,9,1107.289257
315,9,1107.289257
315,9,1107.289257
315,9,1107.289257
315,9,1107.289257
315,9,1107.289257
315,9,1107.289257
315,9,1107.289257
315,9,1107.289257
315,9,1107.289257
315,9,1107.289257
315,9,1107.289257
315,9,1107.289257
315,9,1107.289257
315,9,1107.289257
315,9,1107.289257
315,9,1107.289257
315,9,1107.289257
315,9,1107.289257
315,9,1107.289257
315,9,1107.289257
315,9,1107.289257
315,9,1107.289257
315,9,1107.289257
315,9,1107.289257
316,6,1126.769488
316,6,1126.769488
316,6,1126.769488
316,6,1126.769488
316,6,1126.769488
316,6,1126.769488
316,6,1126.769488
316,6,1126.769488
316,6,1126.769488
316,6,1126.769488
316,6,1126.769488
316,6,1126.769488
316,6,1126.769488
316,6,1126.769488
316,6,1126.769488
316,6,1126.769488
316,6,1126.769488
316,6,1126.769488
316,6,1126.769488
316,6,1126.769488
316,6,1126.769488
316,6,1126.769488
316,6,1126.769488
316,6,1126.769488
316,6,1126.769488
316,6,1126.769488
316,6,1126.769488
316,6,1126.769488
316,6,1126.769488
316,6,1126.769488
316,6,1126.769488
316,6,1126.769488
316,6,1126.769488
316,6,1126.769488
316,6,1126.769488
316,6,1126.769488
316,6,1126.769488
316,6,1126.769488
316,7,1116.714828
316,7,1116.714828
316,7,1116.714828
316,7,1116.714828
316,7,1116.714828
316,7,1116.714828
316,7,1116.714828
316,7,1116.714828
316,7,1116.714828
316,7,1116.714828
316,7,1116.714828
316,7,1116.714828
316,7,1116.714828
316,7,1116.714828
316,7,1116.714828
316,7,1116.714828
316,7,1116.714828
316,7,1116.714828
316,7,1116.714828
316,7,1116.714828
316,7,1116.714828
316,7,1116.714828
316,7,1116.714828
316,7,1116.714828
316,7,1116.714828
316,7,1116.714828
316,7,1116.714828
316,7,1116.714828
316,7,1116.714828
316,7,1116.714828
316,7,1116.714828
316,7,1116.714828
316,7,1116.714828
316,7,1116.714828
316,7,1116.714828
316,7,1116.714828
316,7,1116.714828
316,7,1116.714828
316,8,1107.293670
316,8,1107.293670
316,8,1107.293670
316,8,1107.293670
316,8,1107.293670
316,8,1107.293670
316,8,1107.293670
316,8,1107.293670
316,8,1107.293670
316,8,1107.293670
316,8,1107.293670
316,8,1107.293670
316,8,1107.293670
316,8,1107.293670
316,8,1107.293670
316,8,1107.293670
316,8,1107.293670
316,8,1107.293670
316,8,1107.293670
316,8,1107.293670
316,8,1107.293670
316,8,1107.293670
316,8,1107.293670
316,8,1107.293670
316,8,1107.293670
316,8,1107.293670
316,8,1107.293670
316,8,1107.293670
316,8,1107.293670
316,8,1107.293670
316,8,1107.293670
316,8,1107.293670
316,8,1107.293670
316,8,1107.293670
316,8,1107.293670
316,8,1107.293670
316,8,1107.293670
316,9,1107.289257
316,9,1107.289257
316,9,1107.289257
316,9,1107.289257
316,9,1107.289257
316,9,1107.289257
316,9,1107.289257
316,9,1107.289257
316,9,1107.289257
316,9,1107.289257
316,9,1107.289257
316,9,1107.289257
316,9,1107.289257
316,9,1107.289257
316,9,1107.289257
316,9,1107.289257
316,9,1107.289257
316,9,1107.289257
316,9,1107.289257
316,9,1107.289257
316,9,1107.289257
316,9,1107.289257
316,9,1107.289257
316,9,1107.289257
316,9,1107.289257
316,9,1107.289257
316,9,1107.289257
316,9,1107.289257
316,9,1107.289257
316,9,1107.289257
316,9,1107.289257
316,9,1107.289257
316,9,1107.289257
316,9,1107.289257
316,9,1107.289257
316,9,1107.289257
316,9,1107.289257
317,6,1126.769488
317,6,1126.769488
317,6,1126.769488
317,6,1126.769488
317,6,1126.769488
317,6,1126.769488
317,6,1126.769488
317,6,1126.769488
317,6,1126.769488
317,6,1126.769488
317,6,1126.769488
317,6,1126.769488
317,6,1126.769488
317,6,1126.769488
317,6,1126.769488
317,6,1126.769488
317,6,1126.769488
317,6,1126.769488
317,6,1126.769488
317,6,1126.769488
317,6,1126.769488
317,6,1126.769488
317,6,1126.769488
317,6,1126.769488
317,6,1126.769488
317,6,1126.769488
317,6,1126.769488
317,6,1126.769488
317,6,1126.769488
317,6,1126.769488
317,6,1126.769488
317,6,1126.769488
317,6,1126.769488
317,6,1126.769488
317,6,1126.769488
317,6,1126.769488
317,6,1126.769488
317,6,1126.769488
317,7,1116.714828
317,7,1116.714828
317,7,1116.714828
317,7,1116.714828
317,7,1116.714828
317,7,1116.714828
317,7,1116.714828
317,7,1116.714828
317,7,1116.714828
317,7,1116.714828
317,7,1116.714828
317,7,1116.714828
317,7,1116.714828
317,7,1116.714828
317,7,1116.714828
317,7,1116.714828
317,7,1116.714828
317,7,1116.714828
317,7,1116.714828
317,7,1116.714828
317,7,1116.714828
317,7,1116.714828
317,7,1116.714828
317,7,1116.714828
317,7,1116.714828
317,7,1116.714828
317,7,1116.714828
317,7,1116.714828
317,7,1116.714828
317,7,1116.714828
317,7,1116.714828
317,7,1116.714828
317,7,1116.714828
317,7,1116.714828
317,7,1116.714828
317,7,1116.714828
317,7,1116.714828
317,7,1116.714828
317,8,1107.293670
317,8,1107.293670
317,8,1107.293670
317,8,1107.293670
317,8,1107.293670
317,8,1107.293670
317,8,1107.293670
317,8,1107.293670
317,8,1107.293670
317,8,1107.293670
317,8,1107.293670
317,8,1107.293670
317,8,1107.293670
317,8,1107.293670
317,8,1107.293670
317,8,1107.293670
317,8,1107.293670
317,8,1107.293670
317,8,1107.293670
317,8,1107.293670
317,8,1107.293670
317,8,1107.293670
317,8,1107.293670
317,8,1107.293670
317,8,1107.293670
317,8,1107.293670
317,8,1107.293670
317,8,1107.293670
317,8,1107.293670
317,8,1107.293670
317,8,1107.293670
317,8,1107.293670
317,8,1107.293670
317,8,1107.293670
317,8,1107.293670
317,8,1107.293670
317,8,1107.293670
317,9,1107.289257
317,9,1107.289257
317,9,1107.289257
317,9,1107.289257
317,9,1107.289257
317,9,1107.289257
317,9,1107.289257
317,9,1107.289257
317,9,1107.289257
317,9,1107.289257
317,9,1107.289257
317,9,1107.289257
317,9,1107.289257
317,9,1107.289257
317,9,1107.289257
317,9,1107.289257
317,9,1107.289257
317,9,1107.289257
317,9,1107.289257
317,9,1107.289257
317,9,1107.289257
317,9,1107.289257
317,9,1107.289257
317,9,1107.289257
317,9,1107.289257
317,9,1107.289257
317,9,1107.289257
317,9,1107.289257
317,9,1107.289257
317,9,1107.289257
317,9,1107.289257
317,9,1107.289257
317,9,1107.289257
317,9,1107.289257
317,9,1107.289257
317,9,1107.289257
317,9,1107.289257
318,6,1126.769488
318,6,1126.769488
318,6,1126.769488
318,6,1126.769488
318,6,1126.769488
318,6,1126.769488
318,6,1126.769488
318,6,1126.769488
318,6,1126.769488
318,6,1126.769488
318,6,1126.769488
318,6,1126.769488
318,6,1126.769488
318,6,1126.769488
318,6,1126.769488
318,6,1126.769488
318,6,1126.769488
318,6,1126.769488
318,6,1126.769488
318,6,1126.769488
318,6,1126.769488
318,6,1126.769488
318,6,1126.769488
318,6,1126.769488
318,6,1126.769488
318,6,1126.769488
318,6,1126.769488
318,6,1126.769488
318,6,1126.769488
318,6,1126.769488
318,6,1126.769488
318,6,1126.769488
318,6,1126.769488
318,6,1126.769488
318,6,1126.769488
318,6,1126.769488
318,6,1126.769488
318,6,1126.769488
318,7,1116.714828
318,7,1116.714828
318,7,1116.714828
318,7,1116.714828
318,7,1116.714828
318,7,1116.714828
318,7,1116.714828
318,7,1116.714828
318,7,1116.714828
318,7,1116.714828
318,7,1116.714828
318,7,1116.714828
318,7,1116.714828
318,7,1116.714828
318,7,1116.714828
318,7,1116.714828
318,7,1116.714828
318,7,1116.714828
318,7,1116.714828
318,7,1116.714828
318,7,1116.714828
318,7,1116.714828
318,7,1116.714828
318,7,1116.714828
318,7,1116.714828
318,7,1116.714828
318,7,1116.714828
318,7,1116.714828
318,7,1116.714828
318,7,1116.714828
318,7,1116.714828
318,7,1116.714828
318,7,1116.714828
318,7,1116.714828
318,7,1116.714828
318,7,1116.714828
318,7,1116.714828
318,7,1116.714828
318,8,1107.293670
318,8,1107.293670
318,8,1107.293670
318,8,1107.293670
318,8,1107.293670
318,8,1107.293670
318,8,1107.293670
318,8,1107.293670
318,8,1107.293670
318,8,1107.293670
318,8,1107.293670
318,8,1107.293670
318,8,1107.293670
318,8,1107.293670
318,8,1107.293670
318,8,1107.293670
318,8,1107.293670
318,8,1107.293670
318,8,1107.293670
318,8,1107.293670
318,8,1107.293670
318,8,1107.293670
318,8,1107.293670
318,8,1107.293670
318,8,1107.293670
318,8,1107.293670
318,8,1107.293670
318,8,1107.293670
318,8,1107.293670
318,8,1107.293670
318,8,1107.293670
318,8,1107.293670
318,8,1107.293670
318,8,1107.293670
318,8,1107.293670
318,8,1107.293670
318,8,1107.293670
318,9,1107.289257
318,9,1107.289257
318,9,1107.289257
318,9,1107.289257
318,9,1107.289257
318,9,1107.289257
318,9,1107.289257
318,9,1107.289257
318,9,1107.289257
318,9,1107.289257
318,9,1107.289257
318,9,1107.289257
318,9,1107.289257
318,9,1107.289257
318,9,1107.289257
318,9,1107.289257
318,9,1107.289257
318,9,1107.289257
318,9,1107.289257
318,9,1107.289257
318,9,1107.289257
318,9,1107.289257
318,9,1107.289257
318,9,1107.289257
318,9,1107.289257
318,9,1107.289257
318,9,1107.289257
318,9,1107.289257
318,9,1107.289257
318,9,1107.289257
318,9,1107.289257
318,9,1107.289257
318,9,1107.289257
318,9,1107.289257
318,9,1107.289257
318,9,1107.289257
318,9,1107.289257
319,6,1126.769488
319,6,1126.769488
319,6,1126.769488
319,6,1126.769488
319,6,1126.769488
319,6,1126.769488
319,6,1126.769488
319,6,1126.769488
319,6,1126.769488
319,6,1126.769488
319,6,1126.769488
319,6,1126.769488
319,6,1126.769488
319,6,1126.769488
319,6,1126.769488
319,6,1126.769488
319,6,1126.769488
319,6,1126.769488
319,6,1126.769488
319,6,1126.769488
319,6,1126.769488
319,6,1126.769488
319,6,1126.769488
319,6,1126.769488
319,6,1126.769488
319,6,1126.769488
319,6,1126.769488
319,6,1126.769488
319,6,1126.769488
319,6,1126.769488
319,6,1126.769488
319,6,1126.769488
319,6,1126.769488
319,6,1126.769488
319,6,1126.769488
319,6,1126.769488
319,6,1126.769488
319,6,1126.769488
319,6,1126.769488
319,6,1126.769488
319,6,1126.769488
319,6,1126.769488
319,6,1126.769488
319,6,1126.769488
319,6,1126.769488
319,6,1126.769488
319,6,1126.769488
319,6,1126.769488
319,6,1126.769488
319,6,1126.769488
319,7,1110.843084
319,8,1107.293670
319,8,1107.293670
319,8,1107.293670
319,8,1107.293670
319,8,1107.293670
319,8,1107.293670
319,8,1107.293670
319,8,1107.293670
319,8,1107.293670
319,8,1107.293670
319,8,1107.293670
319,8,1107.293670
319,8,1107.293670
319,8,1107.293670
319,8,1107.293670
319,8,1107.293670
319,8,1107.293670
319,8,1107.293670
319,8,1107.293670
319,8,1107.293670
319,8,1107.293670
319,8,1107.293670
319,8,1107.293670
319,8,1107.293670
319,8,1107.293670
319,8,1107.293670
319,8,1107.293670
319,8,1107.293670
319,8,1107.293670
319,8,1107.293670
319,8,1107.293670
319,8,1107.293670
319,8,1107.293670
319,8,1107.293670
319,8,1107.293670
319,8,1107.293670
319,8,1107.293670
319,8,1107.293670
319,8,1107.293670
319,8,1107.293670
319,8,1107.293670
319,8,1107.293670
319,8,1107.293670
319,8,1107.293670
319,8,1107.293670
319,8,1107.293670
319,8,1107.293670
319,8,1107.293670
319,8,1107.293670
319,9,1107.289257
319,9,1107.289257
319,9,1107.289257
319,9,1107.289257
319,9,1107.289257
319,9,1107.289257
319,9,1107.289257
319,9,1107.289257
319,9,1107.289257
319,9,1107.289257
319,9,1107.289257
319,9,1107.289257
319,9,1107.289257
319,9,1107.289257
319,9,1107.289257
319,9,1107.289257
319,9,1107.289257
319,9,1107.289257
319,9,1107.289257
319,9,1107.289257
319,9,1107.289257
319,9,1107.289257
319,9,1107.289257
319,9,1107.289257
319,9,1107.289257
319,9,1107.289257
319,9,1107.289257
319,9,1107.289257
319,9,1107.289257
319,9,1107.289257
319,9,1107.289257
319,9,1107.289257
319,9,1107.289257
319,9,1107.289257
319,9,1107.289257
319,9,1107.289257
319,9,1107.289257
319,9,1107.289257
319,9,1107.289257
319,9,1107.289257
319,9,1107.289257
319,9,1107.289257
319,9,1107.289257
319,9,1107.289257
319,9,1107.289257
319,9,1107.289257
319,9,1107.289257
319,9,1107.289257
319,9,1107.289257
319,9,1107.289257
320,6,1126.769488
320,6,1126.769488
320,6,1126.769488
320,6,1126.769488
320,6,1126.769488
320,6,1126.769488
320,6,1126.769488
320,6,1126.769488
320,6,1126.769488
320,6,1126.769488
320,6,1126.769488
320,6,1126.769488
320,6,1126.769488
320,6,1126.769488
320,6,1126.769488
320,6,1126.769488
320,6,1126.769488
320,6,1126.769488
320,6,1126.769488
320,6,1126.769488
320,6,1126.769488
320,6,1126.769488
320,6,1126.769488
320,6,1126.769488
320,6,1126.769488
320,6,1126.769488
320,6,1126.769488
320,6,1126.769488
320,6,1126.769488
320,6,1126.769488
320,6,1126.769488
320,6,1126.769488
320,6,1126.769488
320,6,1126.769488
320,6,1126.769488
320,6,1126.769488
320,6,1126.769488
320,6,1126.769488
320,6,1126.769488
320,6,1126.769488
320,6,1126.769488
320,6,1126.769488
320,6,1126.769488
320,6,1126.769488
320,6,1126.769488
320,6,1126.769488
320,6,1126.769488
320,6,1126.769488
320,6,1126.769488
320,6,1126.769488
320,7,1110.843084
320,7,1110.843084
320,8,1107.293670
320,8,1107.293670
320,8,1107.293670
320,8,1107.293670
320,8,1107.293670
320,8,1107.293670
320,8,1107.293670
320,8,1107.293670
320,8,1107.293670
320,8,1107.293670
320,8,1107.293670
320,8,1107.293670
320,8,1107.293670
320,8,1107.293670
320,8,1107.293670
320,8,1107.293670
320,8,1107.293670
320,8,1107.293670
320,8,1107.293670
320,8,1107.293670
320,8,1107.293670
320,8,1107.293670
320,8,1107.293670
320,8,1107.293670
320,8,1107.293670
320,8,1107.293670
320,8,1107.293670
320,8,1107.293670
320,8,1107.293670
320,8,1107.293670
320,8,1107.293670
320,8,1107.293670
320,8,1107.293670
320,8,1107.293670
320,8,1107.293670
320,8,1107.293670
320,8,1107.293670
320,8,1107.293670
320,8,1107.293670
320,8,1107.293670
320,8,1107.293670
320,8,1107.293670
320,8,1107.293670
320,8,1107.293670
320,8,1107.293670
320,8,1107.293670
320,8,1107.293670
320,8,1107.293670
320,8,1107.293670
320,9,1107.289257
320,9,1107.289257
320,9,1107.289257
320,9,1107.289257
320,9,1107.289257
320,9,1107.289257
320,9,1107.289257
320,9,1107.289257
320,9,1107.289257
320,9,1107.289257
320,9,1107.289257
320,9,1107.289257
320,9,1107.289257
320,9,1107.289257
320,9,1107.289257
320,9,1107.289257
320,9,1107.289257
320,9,1107.289257
320,9,1107.289257
320,9,1107.289257
320,9,1107.289257
320,9,1107.289257
320,9,1107.289257
320,9,1107.289257
320,9,1107.289257
320,9,1107.289257
320,9,1107.289257
320,9,1107.289257
320,9,1107.289257
320,9,1107.289257
320,9,1107.289257
320,9,1107.289257
320,9,1107.289257
320,9,1107.289257
320,9,1107.289257
320,9,1107.289257
320,9,1107.289257
320,9,1107.289257
320,9,1107.289257
320,9,1107.289257
320,9,1107.289257
320,9,1107.289257
320,9,1107.289257
320,9,1107.289257
320,9,1107.289257
320,9,1107.289257
320,9,1107.289257
320,9,1107.289257
320,9,1107.289257
321,6,1126.769488
321,6,1126.769488
321,6,1126.769488
321,6,1126.769488
321,6,1126.769488
321,6,1126.769488
321,6,1126.769488
321,6,1126.769488
321,6,1126.769488
321,6,1126.769488
321,6,1126.769488
321,6,1126.769488
321,6,1126.769488
321,6,1126.769488
321,6,1126.769488
321,6,1126.769488
321,6,1126.769488
321,6,1126.769488
321,6,1126.769488
321,6,1126.769488
321,6,1126.769488
321,6,1126.769488
321,6,1126.769488
321,6,1126.769488
321,6,1126.769488
321,6,1126.769488
321,6,1126.769488
321,6,1126.769488
321,6,1126.769488
321,6,1126.769488
321,6,1126.769488
321,6,1126.769488
321,6,1126.769488
321,6,1126.769488
321,6,1126.769488
321,6,1126.769488
321,6,1126.769488
321,6,1126.769488
321,6,1126.769488
321,6,1126.769488
321,6,1126.769488
321,6,1126.769488
321,6,1126.769488
321,6,1126.769488
321,6,1126.769488
321,6,1126.769488
321,6,1126.769488
321,6,1126.769488
321,6,1126.769488
321,7,1110.843084
321,7,1110.843084
321,7,1110.843084
321,8,1107.293670
321,8,1107.293670
321,8,1107.293670
321,8,1107.293670
321,8,1107.293670
321,8,1107.293670
321,8,1107.293670
321,8,1107.293670
321,8,1107.293670
321,8,1107.293670
321,8,1107.293670
321,8,1107.293670
321,8,1107.293670
321,8,1107.293670
321,8,1107.293670
321,8,1107.293670
321,8,1107.293670
321,8,1107.293670
321,8,1107.293670
321,8,1107.293670
321,8,1107.293670
321,8,1107.293670
321,8,1107.293670
321,8,1107.293670
321,8,1107.293670
321,8,1107.293670
321,8,1107.293670
321,8,1107.293670
321,8,1107.293670
321,8,1107.293670
321,8,1107.293670
321,8,1107.293670
321,8,1107.293670
321,8,1107.293670
321,8,1107.293670
321,8,1107.293670
321,8,1107.293670
321,8,1107.293670
321,8,1107.293670
321,8,1107.293670
321,8,1107.293670
321,8,1107.293670
321,8,1107.293670
321,8,1107.293670
321,8,1107.293670
321,8,1107.293670
321,8,1107.293670
321,8,1107.293670
321,8,1107.293670
321,9,1107.289257
321,9,1107.289257
321,9,1107.289257
321,9,1107.289257
321,9,1107.289257
321,9,1107.289257
321,9,1107.289257
321,9,1107.289257
321,9,1107.289257
321,9,1107.289257
321,9,1107.289257
321,9,1107.289257
321,9,1107.289257
321,9,1107.289257
321,9,1107.289257
321,9,1107.289257
321,9,1107.289257
321,9,1107.289257
321,9,1107.289257
321,9,1107.289257
321,9,1107.289257
321,9,1107.289257
321,9,1107.289257
321,9,1107.289257
321,9,1107.289257
321,9,1107.289257
321,9,1107.289257
321,9,1107.289257
321,9,1107.289257
321,9,1107.289257
321,9,1107.289257
321,9,1107.289257
321,9,1107.289257
321,9,1107.289257
321,9,1107.289257
321,9,1107.289257
321,9,1107.289257
321,9,1107.289257
321,9,1107.289257
321,9,1107.289257
321,9,1107.289257
321,9,1107.289257
321,9,1107.289257
321,9,1107.289257
321,9,1107.289257
321,9,1107.289257
321,9,1107.289257
321,9,1107.289257
321,9,1107.289257
322,6,1126.769488
322,6,1126.769488
322,6,1126.769488
322,6,1126.769488
322,6,1126.769488
322,6,1126.769488
322,6,1126.769488
322,6,1126.769488
322,6,1126.769488
322,6,1126.769488
322,6,1126.769488
322,6,1126.769488
322,6,1126.769488
322,6,1126.769488
322,6,1126.769488
322,6,1126.769488
322,6,1126.769488
322,6,1126.769488
322,6,1126.769488
322,6,1126.769488
322,6,1126.769488
322,6,1126.769488
322,6,1126.769488
322,6,1126.769488
322,6,1126.769488
322,6,1126.769488
322,6,1126.769488
322,6,1126.769488
322,6,1126.769488
322,6,1126.769488
322,6,1126.769488
322,6,1126.769488
322,6,1126.769488
322,6,1126.769488
322,6,1126.769488
322,6,1126.769488
322,6,1126.769488
322,6,1126.769488
322,6,1126.769488
322,6,1126.769488
322,6,1126.769488
322,6,1126.769488
322,6,1126.769488
322,6,1126.769488
322,6,1126.769488
322,6,1126.769488
322,6,1126.769488
322,6,1126.769488
322,6,1126.769488
322,7,1110.843084
322,7,1110.843084
322,7,1110.843084
322,7,1110.843084
322,8,1107.293670
322,8,1107.293670
322,8,1107.293670
322,8,1107.293670
322,8,1107.293670
322,8,1107.293670
322,8,1107.293670
322,8,1107.293670
322,8,1107.293670
322,8,1107.293670
322,8,1107.293670
322,8,1107.293670
322,8,1107.293670
322,8,1107.293670
322,8,1107.293670
322,8,1107.293670
322,8,1107.293670
322,8,1107.293670
322,8,1107.293670
322,8,1107.293670
322,8,1107.293670
322,8,1107.293670
322,8,1107.293670
322,8,1107.293670
322,8,1107.293670
322,8,1107.293670
322,8,1107.293670
322,8,1107.293670
322,8,1107.293670
322,8,1107.293670
322,8,1107.293670
322,8,1107.293670
322,8,1107.293670
322,8,1107.293670
322,8,1107.293670
322,8,1107.293670
322,8,1107.293670
322,8,1107.293670
322,8,1107.293670
322,8,1107.293670
322,8,1107.293670
322,8,1107.293670
322,8,1107.293670
322,8,1107.293670
322,8,1107.293670
322,8,1107.293670
322,8,1107.293670
322,8,1107.293670
322,9,1107.289257
322,9,1107.289257
322,9,1107.289257
322,9,1107.289257
322,9,1107.289257
322,9,1107.289257
322,9,1107.289257
322,9,1107.289257
322,9,1107.289257
322,9,1107.289257
322,9,1107.289257
322,9,1107.289257
322,9,1107.289257
322,9,1107.289257
322,9,1107.289257
322,9,1107.289257
322,9,1107.289257
322,9,1107.289257
322,9,1107.289257
322,9,1107.289257
322,9,1107.289257
322,9,1107.289257
322,9,1107.289257
322,9,1107.289257
322,9,1107.289257
322,9,1107.289257
322,9,1107.289257
322,9,1107.289257
322,9,1107.289257
322,9,1107.289257
322,9,1107.289257
322,9,1107.289257
322,9,1107.289257
322,9,1107.289257
322,9,1107.289257
322,9,1107.289257
322,9,1107.289257
322,9,1107.289257
322,9,1107.289257
322,9,1107.289257
322,9,1107.289257
322,9,1107.289257
322,9,1107.289257
322,9,1107.289257
322,9,1107.289257
322,9,1107.289257
322,9,1107.289257
322,9,1107.289257
322,9,1107.289257
323,6,1126.769488
323,6,1126.769488
323,6,1126.769488
323,6,1126.769488
323,6,1126.769488
323,6,1126.769488
323,6,1126.769488
323,6,1126.769488
323,6,1126.769488
323,6,1126.769488
323,6,1126.769488
323,6,1126.769488
323,6,1126.769488
323,6,1126.769488
323,6,1126.769488
323,6,1126.769488
323,6,1126.769488
323,6,1126.769488
323,6,1126.769488
323,6,1126.769488
323,6,1126.769488
323,6,1126.769488
323,6,1126.769488
323,6,1126.769488
323,6,1126.769488
323,6,1126.769488
323,6,1126.769488
323,6,1126.769488
323,6,1126.769488
323,6,1126.769488
323,6,1126.769488
323,6,1126.769488
323,6,1126.769488
323,6,1126.769488
323,6,1126.769488
323,6,1126.769488
323,6,1126.769488
323,6,1126.769488
323,6,1126.769488
323,6,1126.769488
323,6,1126.769488
323,6,1126.769488
323,6,1126.769488
323,6,1126.769488
323,6,1126.769488
323,6,1126.769488
323,6,1126.769488
323,6,1126.769488
323,6,1126.769488
323,7,1110.843084
323,7,1110.843084
323,7,1110.843084
323,7,1110.843084
323,7,1110.843084
323,8,1107.293670
323,8,1107.293670
323,8,1107.293670
323,8,1107.293670
323,8,1107.293670
323,8,1107.293670
323,8,1107.293670
323,8,1107.293670
323,8,1107.293670
323,8,1107.293670
323,8,1107.293670
323,8,1107.293670
323,8,1107.293670
323,8,1107.293670
323,8,1107.293670
323,8,1107.293670
323,8,1107.293670
323,8,1107.293670
323,8,1107.293670
323,8,1107.293670
323,8,1107.293670
323,8,1107.293670
323,8,1107.293670
323,8,1107.293670
323,8,1107.293670
323,8,1107.293670
323,8,1107.293670
323,8,1107.293670
323,8,1107.293670
323,8,1107.293670
323,8,1107.293670
323,8,1107.293670
323,8,1107.293670
323,8,1107.293670
323,8,1107.293670
323,8,1107.293670
323,8,1107.293670
323,8,1107.293670
323,8,1107.293670
323,8,1107.293670
323,8,1107.293670
323,8,1107.293670
323,8,1107.293670
323,8,1107.293670
323,8,1107.293670
323,8,1107.293670
323,8,1107.293670
323,8,1107.293670
323,9,1107.289257
323,9,1107.289257
323,9,1107.289257
323,9,1107.289257
323,9,1107.289257
323,9,1107.289257
323,9,1107.289257
323,9,1107.289257
323,9,1107.289257
323,9,1107.289257
323,9,1107.289257
323,9,1107.289257
323,9,1107.289257
323,9,1107.289257
323,9,1107.289257
323,9,1107.289257
323,9,1107.289257
323,9,1107.289257
323,9,1107.289257
323,9,1107.289257
323,9,1107.289257
323,9,1107.289257
323,9,1107.289257
323,9,1107.289257
323,9,1107.289257
323,9,1107.289257
323,9,1107.289257
323,9,1107.289257
323,9,1107.289257
323,9,1107.289257
323,9,1107.289257
323,9,1107.289257
323,9,1107.289257
323,9,1107.289257
323,9,1107.289257
323,9,1107.289257
323,9,1107.289257
323,9,1107.289257
323,9,1107.289257
323,9,1107.289257
323,9,1107.289257
323,9,1107.289257
323,9,1107.289257
323,9,1107.289257
323,9,1107.289257
323,9,1107.289257
323,9,1107.289257
323,9,1107.289257
324,6,1126.769488
324,6,1126.769488
324,6,1126.769488
324,6,1126.769488
324,6,1126.769488
324,6,1126.769488
324,6,1126.769488
324,6,1126.769488
324,6,1126.769488
324,6,1126.769488
324,6,1126.769488
324,6,1126.769488
324,6,1126.769488
324,6,1126.769488
324,6,1126.769488
324,6,1126.769488
324,6,1126.769488
324,6,1126.769488
324,6,1126.769488
324,6,1126.769488
324,6,1126.769488
324,6,1126.769488
324,6,1126.769488
324,6,1126.769488
324,6,1126.769488
324,6,1126.769488
324,6,1126.769488
324,6,1126.769488
324,6,1126.769488
324,6,1126.769488
324,6,1126.769488
324,6,1126.769488
324,6,1126.769488
324,6,1126.769488
324,6,1126.769488
324,6,1126.769488
324,6,1126.769488
324,6,1126.769488
324,6,1126.769488
324,6,1126.769488
324,6,1126.769488
324,6,1126.769488
324,6,1126.769488
324,6,1126.769488
324,6,1126.769488
324,6,1126.769488
324,6,1126.769488
324,6,1126.769488
324,7,1110.843084
324,7,1110.843084
324,7,1110.843084
324,7,1110.843084
324,7,1110.843084
324,7,1110.843084
324,8,1107.293670
324,8,1107.293670
324,8,1107.293670
324,8,1107.293670
324,8,1107.293670
324,8,1107.293670
324,8,1107.293670
324,8,1107.293670
324,8,1107.293670
324,8,1107.293670
324,8,1107.293670
324,8,1107.293670
324,8,1107.293670
324,8,1107.293670
324,8,1107.293670
324,8,1107.293670
324,8,1107.293670
324,8,1107.293670
324,8,1107.293670
324,8,1107.293670
324,8,1107.293670
324,8,1107.293670
324,8,1107.293670
324,8,1107.293670
324,8,1107.293670
324,8,1107.293670
324,8,1107.293670
324,8,1107.293670
324,8,1107.293670
324,8,1107.293670
324,8,1107.293670
324,8,1107.293670
324,8,1107.293670
324,8,1107.293670
324,8,1107.293670
324,8,1107.293670
324,8,1107.293670
324,8,1107.293670
324,8,1107.293670
324,8,1107.293670
324,8,1107.293670
324,8,1107.293670
324,8,1107.293670
324,8,1107.293670
324,8,1107.293670
324,8,1107.293670
324,8,1107.293670
324,8,1107.293670
324,9,1107.289257
324,9,1107.289257
324,9,1107.289257
324,9,1107.289257
324,9,1107.289257
324,9,1107.289257
324,9,1107.289257
324,9,1107.289257
324,9,1107.289257
324,9,1107.289257
324,9,1107.289257
324,9,1107.289257
324,9,1107.289257
324,9,1107.289257
324,9,1107.289257
324,9,1107.289257
324,9,1107.289257
324,9,1107.289257
324,9,1107.289257
324,9,1107.289257
324,9,1107.289257
324,9,1107.289257
324,9,1107.289257
324,9,1107.289257
324,9,1107.289257
324,9,1107.289257
324,9,1107.289257
324,9,1107.289257
324,9,1107.289257
324,9,1107.289257
324,9,1107.289257
324,9,1107.289257
324,9,1107.289257
324,9,1107.289257
324,9,1107.289257
324,9,1107.289257
324,9,1107.289257
324,9,1107.289257
324,9,1107.289257
324,9,1107.289257
324,9,1107.289257
324,9,1107.289257
324,9,1107.289257
324,9,1107.289257
324,9,1107.289257
324,9,1107.289257
324,9,1107.289257
324,9,1107.289257
325,6,1126.769488
325,6,1126.769488
325,6,1126.769488
325,6,1126.769488
325,6,1126.769488
325,6,1126.769488
325,6,1126.769488
325,6,1126.769488
325,6,1126.769488
325,6,1126.769488
325,6,1126.769488
325,6,1126.769488
325,6,1126.769488
325,6,1126.769488
325,6,1126.769488
325,6,1126.769488
325,6,1126.769488
325,6,1126.769488
325,6,1126.769488
325,6,1126.769488
325,6,1126.769488
325,6,1126.769488
325,6,1126.769488
325,6,1126.769488
325,6,1126.769488
325,6,1126.769488
325,6,1126.769488
325,6,1126.769488
325,6,1126.769488
325,6,1126.769488
325,6,1126.769488
325,6,1126.769488
325,6,1126.769488
325,6,1126.769488
325,6,1126.769488
325,6,1126.769488
325,6,1126.769488
325,6,1126.769488
325,6,1126.769488
325,6,1126.769488
325,6,1126.769488
325,6,1126.769488
325,6,1126.769488
325,6,1126.769488
325,6,1126.769488
325,6,1126.769488
325,6,1126.769488
325,6,1126.769488
325,7,1110.843084
325,7,1110.843084
325,7,1110.843084
325,7,1110.843084
325,7,1110.843084
325,7,1110.843084
325,7,1110.843084
325,8,1107.293670
325,8,1107.293670
325,8,1107.293670
325,8,1107.293670
325,8,1107.293670
325,8,1107.293670
325,8,1107.293670
325,8,1107.293670
325,8,1107.293670
325,8,1107.293670
325,8,1107.293670
325,8,1107.293670
325,8,1107.293670
325,8,1107.293670
325,8,1107.293670
325,8,1107.293670
325,8,1107.293670
325,8,1107.293670
325,8,1107.293670
325,8,1107.293670
325,8,1107.293670
325,8,1107.293670
325,8,1107.293670
325,8,1107.293670
325,8,1107.293670
325,8,1107.293670
325,8,1107.293670
325,8,1107.293670
325,8,1107.293670
325,8,1107.293670
325,8,1107.293670
325,8,1107.293670
325,8,1107.293670
325,8,1107.293670
325,8,1107.293670
325,8,1107.293670
325,8,1107.293670
325,8,1107.293670
325,8,1107.293670
325,8,1107.293670
325,8,1107.293670
325,8,1107.293670
325,8,1107.293670
325,8,1107.293670
325,8,1107.293670
325,8,1107.293670
325,8,1107.293670
325,9,1107.289257
325,9,1107.289257
325,9,1107.289257
325,9,1107.289257
325,9,1107.289257
325,9,1107.289257
325,9,1107.289257
325,9,1107.289257
325,9,1107.289257
325,9,1107.289257
325,9,1107.289257
325,9,1107.289257
325,9,1107.289257
325,9,1107.289257
325,9,1107.289257
325,9,1107.289257
325,9,1107.289257
325,9,1107.289257
325,9,1107.289257
325,9,1107.289257
325,9,1107.289257
325,9,1107.289257
325,9,1107.289257
325,9,1107.289257
325,9,1107.289257
325,9,1107.289257
325,9,1107.289257
325,9,1107.289257
325,9,1107.289257
325,9,1107.289257
325,9,1107.289257
325,9,1107.289257
325,9,1107.289257
325,9,1107.289257
325,9,1107.289257
325,9,1107.289257
325,9,1107.289257
325,9,1107.289257
325,9,1107.289257
325,9,1107.289257
325,9,1107.289257
325,9,1107.289257
325,9,1107.289257
325,9,1107.289257
325,9,1107.289257
325,9,1107.289257
325,9,1107.289257
325,9,1107.289257
326,6,1126.769488
326,6,1126.769488
326,6,1126.769488
326,6,1126.769488
326,6,1126.769488
326,6,1126.769488
326,6,1126.769488
326,6,1126.769488
326,6,1126.769488
326,6,1126.769488
326,6,1126.769488
326,6,1126.769488
326,6,1126.769488
326,6,1126.769488
326,6,1126.769488
326,6,1126.769488
326,6,1126.769488
326,6,1126.769488
326,6,1126.769488
326,6,1126.769488
326,6,1126.769488
326,6,1126.769488
326,6,1126.769488
326,6,1126.769488
326,6,1126.769488
326,6,1126.769488
326,6,1126.769488
326,6,1126.769488
326,6,1126.769488
326,6,1126.769488
326,6,1126.769488
326,6,1126.769488
326,6,1126.769488
326,6,1126.769488
326,6,1126.769488
326,6,1126.769488
326,6,1126.769488
326,6,1126.769488
326,6,1126.769488
326,6,1126.769488
326,6,1126.769488
326,6,1126.769488
326,6,1126.769488
326,6,1126.769488
326,6,1126.769488
326,6,1126.769488
326,6,1126.769488
326,7,1110.843084
326,7,1110.843084
326,7,1110.843084
326,7,1110.843084
326,7,1110.843084
326,7,1110.843084
326,7,1110.843084
326,7,1110.843084
326,7,1110.843084
326,8,1107.293670
326,8,1107.293670
326,8,1107.293670
326,8,1107.293670
326,8,1107.293670
326,8,1107.293670
326,8,1107.293670
326,8,1107.293670
326,8,1107.293670
326,8,1107.293670
326,8,1107.293670
326,8,1107.293670
326,8,1107.293670
326,8,1107.293670
326,8,1107.293670
326,8,1107.293670
326,8,1107.293670
326,8,1107.293670
326,8,1107.293670
326,8,1107.293670
326,8,1107.293670
326,8,1107.293670
326,8,1107.293670
326,8,1107.293670
326,8,1107.293670
326,8,1107.293670
326,8,1107.293670
326,8,1107.293670
326,8,1107.293670
326,8,1107.293670
326,8,1107.293670
326,8,1107.293670
326,8,1107.293670
326,8,1107.293670
326,8,1107.293670
326,8,1107.293670
326,8,1107.293670
326,8,1107.293670
326,8,1107.293670
326,8,1107.293670
326,8,1107.293670
326,8,1107.293670
326,8,1107.293670
326,8,1107.293670
326,8,1107.293670
326,8,1107.293670
326,8,1107.293670
326,9,1107.289257
326,9,1107.289257
326,9,1107.289257
326,9,1107.289257
326,9,1107.289257
326,9,1107.289257
326,9,1107.289257
326,9,1107.289257
326,9,1107.289257
326,9,1107.289257
326,9,1107.289257
326,9,1107.289257
326,9,1107.289257
326,9,1107.289257
326,9,1107.289257
326,9,1107.289257
326,9,1107.289257
326,9,1107.289257
326,9,1107.289257
326,9,1107.289257
326,9,1107.289257
326,9,1107.289257
326,9,1107.289257
326,9,1107.289257
326,9,1107.289257
326,9,1107.289257
326,9,1107.289257
326,9,1107.289257
326,9,1107.289257
326,9,1107.289257
326,9,1107.289257
326,9,1107.289257
326,9,1107.289257
326,9,1107.289257
326,9,1107.289257
326,9,1107.289257
326,9,1107.289257
326,9,1107.289257
326,9,1107.289257
326,9,1107.289257
326,9,1107.289257
326,9,1107.289257
326,9,1107.289257
326,9,1107.289257
326,9,1107.289257
326,9,1107.289257
326,9,1107.289257
327,6,1126.769488
327,6,1126.769488
327,6,1126.769488
327,6,1126.769488
327,6,1126.769488
327,6,1126.769488
327,6,1126.769488
327,6,1126.769488
327,6,1126.769488
327,6,1126.769488
327,6,1126.769488
327,6,1126.769488
327,6,1126.769488
327,6,1126.769488
327,6,1126.769488
327,6,1126.769488
327,6,1126.769488
327,6,1126.769488
327,6,1126.769488
327,6,1126.769488
327,6,1126.769488
327,6,1126.769488
327,6,1126.769488
327,6,1126.769488
327,6,1126.769488
327,6,1126.769488
327,6,1126.769488
327,6,1126.769488
327,6,1126.769488
327,6,1126.769488
327,6,1126.769488
327,6,1126.769488
327,6,1126.769488
327,6,1126.769488
327,6,1126.769488
327,6,1126.769488
327,6,1126.769488
327,6,1126.769488
327,6,1126.769488
327,6,1126.769488
327,6,1126.769488
327,6,1126.769488
327,6,1126.769488
327,6,1126.769488
327,6,1126.769488
327,6,1126.769488
327,6,1126.769488
327,7,1110.843084
327,7,1110.843084
327,7,1110.843084
327,7,1110.843084
327,7,1110.843084
327,7,1110.843084
327,7,1110.843084
327,7,1110.843084
327,7,1110.843084
327,7,1110.843084
327,7,1110.843084
327,8,1107.293670
327,8,1107.293670
327,8,1107.293670
327,8,1107.293670
327,8,1107.293670
327,8,1107.293670
327,8,1107.293670
327,8,1107.293670
327,8,1107.293670
327,8,1107.293670
327,8,1107.293670
327,8,1107.293670
327,8,1107.293670
327,8,1107.293670
327,8,1107.293670
327,8,1107.293670
327,8,1107.293670
327,8,1107.293670
327,8,1107.293670
327,8,1107.293670
327,8,1107.293670
327,8,1107.293670
327,8,1107.293670
327,8,1107.293670
327,8,1107.293670
327,8,1107.293670
327,8,1107.293670
327,8,1107.293670
327,8,1107.293670
327,8,1107.293670
327,8,1107.293670
327,8,1107.293670
327,8,1107.293670
327,8,1107.293670
327,8,1107.293670
327,8,1107.293670
327,8,1107.293670
327,8,1107.293670
327,8,1107.293670
327,8,1107.293670
327,8,1107.293670
327,8,1107.293670
327,8,1107.293670
327,8,1107.293670
327,8,1107.293670
327,8,1107.293670
327,9,1107.289257
327,9,1107.289257
327,9,1107.289257
327,9,1107.289257
327,9,1107.289257
327,9,1107.289257
327,9,1107.289257
327,9,1107.289257
327,9,1107.289257
327,9,1107.289257
327,9,1107.289257
327,9,1107.289257
327,9,1107.289257
327,9,1107.289257
327,9,1107.289257
327,9,1107.289257
327,9,1107.289257
327,9,1107.289257
327,9,1107.289257
327,9,1107.289257
327,9,1107.289257
327,9,1107.289257
327,9,1107.289257
327,9,1107.289257
327,9,1107.289257
327,9,1107.289257
327,9,1107.289257
327,9,1107.289257
327,9,1107.289257
327,9,1107.289257
327,9,1107.289257
327,9,1107.289257
327,9,1107.289257
327,9,1107.289257
327,9,1107.289257
327,9,1107.289257
327,9,1107.289257
327,9,1107.289257
327,9,1107.289257
327,9,1107.289257
327,9,1107.289257
327,9,1107.289257
327,9,1107.289257
327,9,1107.289257
327,9,1107.289257
327,9,1107.289257
328,6,1126.769488
328,6,1126.769488
328,6,1126.769488
328,6,1126.769488
328,6,1126.769488
328,6,1126.769488
328,6,1126.769488
328,6,1126.769488
328,6,1126.769488
328,6,1126.769488
328,6,1126.769488
328,6,1126.769488
328,6,1126.769488
328,6,1126.769488
328,6,1126.769488
328,6,1126.769488
328,6,1126.769488
328,6,1126.769488
328,6,1126.769488
328,6,1126.769488
328,6,1126.769488
328,6,1126.769488
328,6,1126.769488
328,6,1126.769488
328,6,1126.769488
328,6,1126.769488
328,6,1126.769488
328,6,1126.769488
328,6,1126.769488
328,6,1126.769488
328,6,1126.769488
328,6,1126.769488
328,6,1126.769488
328,6,1126.769488
328,6,1126.769488
328,6,1126.769488
328,6,1126.769488
328,6,1126.769488
328,6,1126.769488
328,6,1126.769488
328,6,1126.769488
328,6,1126.769488
328,6,1126.769488
328,6,1126.769488
328,6,1126.769488
328,6,1126.769488
328,7,1110.843084
328,7,1110.843084
328,7,1110.843084
328,7,1110.843084
328,7,1110.843084
328,7,1110.843084
328,7,1110.843084
328,7,1110.843084
328,7,1110.843084
328,7,1110.843084
328,7,1110.843084
328,7,1110.843084
328,7,1110.843084
328,8,1107.293670
328,8,1107.293670
328,8,1107.293670
328,8,1107.293670
328,8,1107.293670
328,8,1107.293670
328,8,1107.293670
328,8,1107.293670
328,8,1107.293670
328,8,1107.293670
328,8,1107.293670
328,8,1107.293670
328,8,1107.293670
328,8,1107.293670
328,8,1107.293670
328,8,1107.293670
328,8,1107.293670
328,8,1107.293670
328,8,1107.293670
328,8,1107.293670
328,8,1107.293670
328,8,1107.293670
328,8,1107.293670
328,8,1107.293670
328,8,1107.293670
328,8,1107.293670
328,8,1107.293670
328,8,1107.293670
328,8,1107.293670
328,8,1107.293670
328,8,1107.293670
328,8,1107.293670
328,8,1107.293670
328,8,1107.293670
328,8,1107.293670
328,8,1107.293670
328,8,1107.293670
328,8,1107.293670
328,8,1107.293670
328,8,1107.293670
328,8,1107.293670
328,8,1107.293670
328,8,1107.293670
328,8,1107.293670
328,8,1107.293670
328,9,1107.289257
328,9,1107.289257
328,9,1107.289257
328,9,1107.289257
328,9,1107.289257
328,9,1107.289257
328,9,1107.289257
328,9,1107.289257
328,9,1107.289257
328,9,1107.289257
328,9,1107.289257
328,9,1107.289257
328,9,1107.289257
328,9,1107.289257
328,9,1107.289257
328,9,1107.289257
328,9,1107.289257
328,9,1107.289257
328,9,1107.289257
328,9,1107.289257
328,9,1107.289257
328,9,1107.289257
328,9,1107.289257
328,9,1107.289257
328,9,1107.289257
328,9,1107.289257
328,9,1107.289257
328,9,1107.289257
328,9,1107.289257
328,9,1107.289257
328,9,1107.289257
328,9,1107.289257
328,9,1107.289257
328,9,1107.289257
328,9,1107.289257
328,9,1107.289257
328,9,1107.289257
328,9,1107.289257
328,9,1107.289257
328,9,1107.289257
328,9,1107.289257
328,9,1107.289257
328,9,1107.289257
328,9,1107.289257
328,9,1107.289257
328,9,1107.289257
329,6,1126.769488
329,6,1126.769488
329,6,1126.769488
329,6,1126.769488
329,6,1126.769488
329,6,1126.769488
329,6,1126.769488
329,6,1126.769488
329,6,1126.769488
329,6,1126.769488
329,6,1126.769488
329,6,1126.769488
329,6,1126.769488
329,6,1126.769488
329,6,1126.769488
329,6,1126.769488
329,6,1126.769488
329,6,1126.769488
329,6,1126.769488
329,6,1126.769488
329,6,1126.769488
329,6,1126.769488
329,6,1126.769488
329,6,1126.769488
329,6,1126.769488
329,6,1126.769488
329,6,1126.769488
329,6,1126.769488
329,6,1126.769488
329,6,1126.769488
329,6,1126.769488
329,6,1126.769488
329,6,1126.769488
329,6,1126.769488
329,6,1126.769488
329,6,1126.769488
329,6,1126.769488
329,6,1126.769488
329,6,1126.769488
329,6,1126.769488
329,6,1126.769488
329,6,1126.769488
329,6,1126.769488
329,6,1126.769488
329,6,1126.769488
329,7,1110.843084
329,7,1110.843084
329,7,1110.843084
329,7,1110.843084
329,7,1110.843084
329,7,1110.843084
329,7,1110.843084
329,7,1110.843084
329,7,1110.843084
329,7,1110.843084
329,7,1110.843084
329,7,1110.843084
329,7,1110.843084
329,7,1110.843084
329,7,1110.843084
329,8,1107.293670
329,8,1107.293670
329,8,1107.293670
329,8,1107.293670
329,8,1107.293670
329,8,1107.293670
329,8,1107.293670
329,8,1107.293670
329,8,1107.293670
329,8,1107.293670
329,8,1107.293670
329,8,1107.293670
329,8,1107.293670
329,8,1107.293670
329,8,1107.293670
329,8,1107.293670
329,8,1107.293670
329,8,1107.293670
329,8,1107.293670
329,8,1107.293670
329,8,1107.293670
329,8,1107.293670
329,8,1107.293670
329,8,1107.293670
329,8,1107.293670
329,8,1107.293670
329,8,1107.293670
329,8,1107.293670
329,8,1107.293670
329,8,1107.293670
329,8,1107.293670
329,8,1107.293670
329,8,1107.293670
329,8,1107.293670
329,8,1107.293670
329,8,1107.293670
329,8,1107.293670
329,8,1107.293670
329,8,1107.293670
329,8,1107.293670
329,8,1107.293670
329,8,1107.293670
329,8,1107.293670
329,8,1107.293670
329,8,1107.293670
329,9,1107.289257
329,9,1107.289257
329,9,1107.289257
329,9,1107.289257
329,9,1107.289257
329,9,1107.289257
329,9,1107.289257
329,9,1107.289257
329,9,1107.289257
329,9,1107.289257
329,9,1107.289257
329,9,1107.289257
329,9,1107.289257
329,9,1107.289257
329,9,1107.289257
329,9,1107.289257
329,9,1107.289257
329,9,1107.289257
329,9,1107.289257
329,9,1107.289257
329,9,1107.289257
329,9,1107.289257
329,9,1107.289257
329,9,1107.289257
329,9,1107.289257
329,9,1107.289257
329,9,1107.289257
329,9,1107.289257
329,9,1107.289257
329,9,1107.289257
329,9,1107.289257
329,9,1107.289257
329,9,1107.289257
329,9,1107.289257
329,9,1107.289257
329,9,1107.289257
329,9,1107.289257
329,9,1107.289257
329,9,1107.289257
329,9,1107.289257
329,9,1107.289257
329,9,1107.289257
329,9,1107.289257
329,9,1107.289257
329,9,1107.289257
330,6,1126.769488
330,6,1126.769488
330,6,1126.769488
330,6,1126.769488
330,6,1126.769488
330,6,1126.769488
330,6,1126.769488
330,6,1126.769488
330,6,1126.769488
330,6,1126.769488
330,6,1126.769488
330,6,1126.769488
330,6,1126.769488
330,6,1126.769488
330,6,1126.769488
330,6,1126.769488
330,6,1126.769488
330,6,1126.769488
330,6,1126.769488
330,6,1126.769488
330,6,1126.769488
330,6,1126.769488
330,6,1126.769488
330,6,1126.769488
330,6,1126.769488
330,6,1126.769488
330,6,1126.769488
330,6,1126.769488
330,6,1126.769488
330,6,1126.769488
330,6,1126.769488
330,6,1126.769488
330,6,1126.769488
330,6,1126.769488
330,6,1126.769488
330,6,1126.769488
330,6,1126.769488
330,6,1126.769488
330,6,1126.769488
330,6,1126.769488
330,6,1126.769488
330,6,1126.769488
330,6,1126.769488
330,6,1126.769488
330,6,1126.769488
330,7,1110.843084
330,7,1110.843084
330,7,1110.843084
330,7,1110.843084
330,7,1110.843084
330,7,1110.843084
330,7,1110.843084
330,7,1110.843084
330,7,1110.843084
330,7,1110.843084
330,7,1110.843084
330,7,1110.843084
330,7,1110.843084
330,7,1110.843084
330,7,1110.843084
330,7,1110.843084
330,7,1110.843084
330,8,1107.293670
330,8,1107.293670
330,8,1107.293670
330,8,1107.293670
330,8,1107.293670
330,8,1107.293670
330,8,1107.293670
330,8,1107.293670
330,8,1107.293670
330,8,1107.293670
330,8,1107.293670
330,8,1107.293670
330,8,1107.293670
330,8,1107.293670
330,8,1107.293670
330,8,1107.293670
330,8,1107.293670
330,8,1107.293670
330,8,1107.293670
330,8,1107.293670
330,8,1107.293670
330,8,1107.293670
330,8,1107.293670
330,8,1107.293670
330,8,1107.293670
330,8,1107.293670
330,8,1107.293670
330,8,1107.293670
330,8,1107.293670
330,8,1107.293670
330,8,1107.293670
330,8,1107.293670
330,8,1107.293670
330,8,1107.293670
330,8,1107.293670
330,8,1107.293670
330,8,1107.293670
330,8,1107.293670
330,8,1107.293670
330,8,1107.293670
330,8,1107.293670
330,8,1107.293670
330,8,1107.293670
330,8,1107.293670
330,9,1107.289257
330,9,1107.289257
330,9,1107.289257
330,9,1107.289257
330,9,1107.289257
330,9,1107.289257
330,9,1107.289257
330,9,1107.289257
330,9,1107.289257
330,9,1107.289257
330,9,1107.289257
330,9,1107.289257
330,9,1107.289257
330,9,1107.289257
330,9,1107.289257
330,9,1107.289257
330,9,1107.289257
330,9,1107.289257
330,9,1107.289257
330,9,1107.289257
330,9,1107.289257
330,9,1107.289257
330,9,1107.289257
330,9,1107.289257
330,9,1107.289257
330,9,1107.289257
330,9,1107.289257
330,9,1107.289257
330,9,1107.289257
330,9,1107.289257
330,9,1107.289257
330,9,1107.289257
330,9,1107.289257
330,9,1107.289257
330,9,1107.289257
330,9,1107.289257
330,9,1107.289257
330,9,1107.289257
330,9,1107.289257
330,9,1107.289257
330,9,1107.289257
330,9,1107.289257
330,9,1107.289257
330,9,1107.289257
331,6,1126.769488
331,6,1126.769488
331,6,1126.769488
331,6,1126.769488
331,6,1126.769488
331,6,1126.769488
331,6,1126.769488
331,6,1126.769488
331,6,1126.769488
331,6,1126.769488
331,6,1126.769488
331,6,1126.769488
331,6,1126.769488
331,6,1126.769488
331,6,1126.769488
331,6,1126.769488
331,6,1126.769488
331,6,1126.769488
331,6,1126.769488
331,6,1126.769488
331,6,1126.769488
331,6,1126.769488
331,6,1126.769488
331,6,1126.769488
331,6,1126.769488
331,6,1126.769488
331,6,1126.769488
331,6,1126.769488
331,6,1126.769488
331,6,1126.769488
331,6,1126.769488
331,6,1126.769488
331,6,1126.769488
331,6,1126.769488
331,6,1126.769488
331,6,1126.769488
331,6,1126.769488
331,6,1126.769488
331,6,1126.769488
331,6,1126.769488
331,6,1126.769488
331,6,1126.769488
331,6,1126.769488
331,6,1126.769488
331,6,1126.769488
331,6,1126.769488
331,6,1126.769488
331,6,1126.769488
331,6,1126.769488
331,6,1126.769488
331,6,1126.769488
331,6,1126.769488
331,6,1126.769488
331,6,1126.769488
331,6,1126.769488
331,6,1126.769488
331,6,1126.769488
331,6,1126.769488
331,6,1126.769488
331,6,1126.769488
331,6,1126.769488
331,6,1126.769488
331,6,1126.769488
331,6,1126.769488
331,6,1126.769488
331,6,1126.769488
331,6,1126.769488
331,6,1126.769488
331,6,1126.769488
331,6,1126.769488
331,6,1126.769488
331,6,1126.769488
331,6,1126.769488
331,6,1126.769488
331,6,1126.769488
331,6,1126.769488
331,6,1126.769488
331,6,1126.769488
331,6,1126.769488
331,6,1126.769488
331,6,1126.769488
331,6,1126.769488
331,6,1126.769488
331,6,1126.769488
331,6,1126.769488
331,6,1126.769488
331,6,1126.769488
331,6,1126.769488
331,6,1126.769488
331,6,1126.769488
331,6,1126.769488
331,6,1126.769488
331,6,1126.769488
331,6,1126.769488
331,6,1126.769488
331,6,1126.769488
331,6,1126.769488
331,6,1126.769488
331,6,1126.769488
331,6,1126.769488
331,6,1126.769488
331,6,1126.769488
331,7,1110.843084
331,7,1110.843084
331,7,1110.843084
331,7,1110.843084
331,7,1110.843084
331,7,1110.843084
331,7,1110.843084
331,7,1110.843084
331,7,1110.843084
331,7,1110.843084
331,7,1110.843084
331,7,1110.843084
331,7,1110.843084
331,7,1110.843084
331,7,1110.843084
331,7,1110.843084
331,7,1110.843084
331,7,1110.843084
331,7,1110.843084
331,8,1100.788424
332,6,1126.769488
332,6,1126.769488
332,6,1126.769488
332,6,1126.769488
332,6,1126.769488
332,6,1126.769488
332,6,1126.769488
332,6,1126.769488
332,6,1126.769488
332,6,1126.769488
332,6,1126.769488
332,6,1126.769488
332,6,1126.769488
332,6,1126.769488
332,6,1126.769488
332,6,1126.769488
332,6,1126.769488
332,6,1126.769488
332,6,1126.769488
332,6,1126.769488
332,6,1126.769488
332,6,1126.769488
332,6,1126.769488
332,6,1126.769488
332,6,1126.769488
332,6,1126.769488
332,6,1126.769488
332,6,1126.769488
332,6,1126.769488
332,6,1126.769488
332,6,1126.769488
332,6,1126.769488
332,6,1126.769488
332,6,1126.769488
332,6,1126.769488
332,6,1126.769488
332,6,1126.769488
332,6,1126.769488
332,6,1126.769488
332,6,1126.769488
332,6,1126.769488
332,6,1126.769488
332,6,1126.769488
332,6,1126.769488
332,6,1126.769488
332,6,1126.769488
332,6,1126.769488
332,6,1126.769488
332,6,1126.769488
332,6,1126.769488
332,6,1126.769488
332,6,1126.769488
332,6,1126.769488
332,6,1126.769488
332,6,1126.769488
332,6,1126.769488
332,6,1126.769488
332,6,1126.769488
332,6,1126.769488
332,6,1126.769488
332,6,1126.769488
332,6,1126.769488
332,6,1126.769488
332,6,1126.769488
332,6,1126.769488
332,6,1126.769488
332,6,1126.769488
332,6,1126.769488
332,6,1126.769488
332,6,1126.769488
332,6,1126.769488
332,6,1126.769488
332,6,1126.769488
332,6,1126.769488
332,6,1126.769488
332,6,1126.769488
332,6,1126.769488
332,6,1126.769488
332,6,1126.769488
332,6,1126.769488
332,6,1126.769488
332,6,1126.769488
332,6,1126.769488
332,6,1126.769488
332,6,1126.769488
332,6,1126.769488
332,6,1126.769488
332,6,1126.769488
332,6,1126.769488
332,6,1126.769488
332,6,1126.769488
332,6,1126.769488
332,6,1126.769488
332,6,1126.769488
332,6,1126.769488
332,6,1126.769488
332,6,1126.769488
332,6,1126.769488
332,6,1126.769488
332,6,1126.769488
332,6,1126.769488
332,6,1126.769488
332,6,1126.769488
332,6,1126.769488
332,6,1126.769488
332,6,1126.769488
332,6,1126.769488
332,6,1126.769488
332,6,1126.769488
332,6,1126.769488
332,6,1126.769488
332,6,1126.769488
332,6,1126.769488
332,6,1126.769488
332,6,1126.769488
332,6,1126.769488
332,6,1126.769488
332,6,1126.769488
332,6,1126.769488
332,6,1126.769488
332,6,1126.769488
332,6,1126.769488
332,6,1126.769488
332,6,1126.769488
332,6,1126.769488
332,6,1126.769488
332,7,1110.843084
332,7,1110.843084
332,7,1110.843084
332,7,1110.843084
332,7,1110.843084
332,7,1110.843084
332,7,1110.843084
332,7,1110.843084
332,7,1110.843084
332,7,1110.843084
332,7,1110.843084
332,7,1110.843084
332,7,1110.843084
332,7,1110.843084
332,7,1110.843084
332,7,1110.843084
332,7,1110.843084
332,7,1110.843084
332,7,1110.843084
332,7,1110.843084
332,7,1110.843084
332,7,1110.843084
332,8,1100.788424
332,8,1100.788424
