Iteration,NV,TOC
1,19,4235.493479
1,21,3998.366064
1,23,3809.765780
1,24,3752.520800
1,27,3737.894949
1,29,3529.064363
1,40,3434.735599
2,19,4235.493479
2,19,4235.493479
2,21,3998.366064
2,21,3998.366064
2,23,3809.765780
2,23,3809.765780
2,24,3752.520800
2,24,3752.520800
2,27,3737.894949
2,27,3737.894949
2,29,3529.064363
2,29,3529.064363
2,40,3434.735599
2,40,3434.735599
3,19,4235.493479
3,19,4235.493479
3,19,4235.493479
3,20,4190.153221
3,21,3998.366064
3,21,3998.366064
3,21,3998.366064
3,23,3809.765780
3,23,3809.765780
3,23,3809.765780
3,24,3752.520800
3,24,3752.520800
3,24,3752.520800
3,27,3546.036073
3,29,3529.064363
3,29,3529.064363
3,29,3529.064363
3,37,3528.687454
3,38,3510.698261
3,40,3434.735599
3,40,3434.735599
3,40,3434.735599
4,19,4235.493479
4,19,4235.493479
4,19,4235.493479
4,19,4235.493479
4,20,4173.622490
4,21,3936.591404
4,23,3809.765780
4,23,3809.765780
4,23,3809.765780
4,23,3809.765780
4,24,3752.520800
4,24,3752.520800
4,24,3752.520800
4,24,3752.520800
4,26,3679.578603
4,27,3546.036073
4,27,3546.036073
4,29,3529.064363
4,29,3529.064363
4,29,3529.064363
4,29,3529.064363
4,37,3528.687454
4,37,3528.687454
4,38,3480.670011
4,39,3423.464946
5,19,4235.493479
5,19,4235.493479
5,19,4235.493479
5,19,4235.493479
5,19,4235.493479
5,20,4173.622490
5,20,4173.622490
5,21,3936.591404
5,21,3936.591404
5,23,3809.765780
5,23,3809.765780
5,23,3809.765780
5,23,3809.765780
5,23,3809.765780
5,24,3752.520800
5,24,3752.520800
5,24,3752.520800
5,24,3752.520800
5,24,3752.520800
5,26,3679.578603
5,26,3679.578603
5,27,3546.036073
5,27,3546.036073
5,27,3546.036073
5,29,3529.064363
5,29,3529.064363
5,29,3529.064363
5,29,3529.064363
5,29,3529.064363
5,37,3528.687454
5,37,3528.687454
5,37,3528.687454
5,38,3477.967568
5,39,3423.464946
5,39,3423.464946
5,45,3414.092815
6,19,4234.264023
6,20,4173.622490
6,20,4173.622490
6,20,4173.622490
6,21,3936.591404
6,21,3936.591404
6,21,3936.591404
6,23,3809.765780
6,23,3809.765780
6,23,3809.765780
6,23,3809.765780
6,23,3809.765780
6,23,3809.765780
6,24,3752.520800
6,24,3752.520800
6,24,3752.520800
6,24,3752.520800
6,24,3752.520800
6,24,3752.520800
6,25,3748.606885
6,26,3679.578603
6,26,3679.578603
6,26,3679.578603
6,27,3546.036073
6,27,3546.036073
6,27,3546.036073
6,27,3546.036073
6,29,3529.064363
6,29,3529.064363
6,29,3529.064363
6,29,3529.064363
6,29,3529.064363
6,29,3529.064363
6,36,3506.462011
6,38,3477.967568
6,38,3477.967568
6,39,3397.903074
7,19,4234.264023
7,19,4234.264023
7,20,4173.622490
7,20,4173.622490
7,20,4173.622490
7,20,4173.622490
7,21,3936.591404
7,21,3936.591404
7,21,3936.591404
7,21,3936.591404
7,23,3712.276463
7,26,3679.578603
7,26,3679.578603
7,26,3679.578603
7,26,3679.578603
7,27,3546.036073
7,27,3546.036073
7,27,3546.036073
7,27,3546.036073
7,27,3546.036073
7,29,3529.064363
7,29,3529.064363
7,29,3529.064363
7,29,3529.064363
7,29,3529.064363
7,29,3529.064363
7,29,3529.064363
7,36,3506.462011
7,36,3506.462011
7,38,3400.045928
7,39,3397.903074
7,39,3397.903074
8,19,4210.796480
8,20,4173.622490
8,20,4173.622490
8,20,4173.622490
8,20,4173.622490
8,20,4173.622490
8,21,3821.072902
8,23,3712.276463
8,23,3712.276463
8,26,3648.574502
8,27,3546.036073
8,27,3546.036073
8,27,3546.036073
8,27,3546.036073
8,27,3546.036073
8,27,3546.036073
8,29,3529.064363
8,29,3529.064363
8,29,3529.064363
8,29,3529.064363
8,29,3529.064363
8,29,3529.064363
8,29,3529.064363
8,29,3529.064363
8,35,3442.797081
8,38,3400.045928
8,38,3400.045928
8,39,3397.903074
8,39,3397.903074
8,39,3397.903074
8,44,3359.914036
9,19,4210.796480
9,19,4210.796480
9,20,4092.801274
9,21,3821.072902
9,21,3821.072902
9,23,3656.455148
9,26,3648.574502
9,26,3648.574502
9,27,3546.036073
9,27,3546.036073
9,27,3546.036073
9,27,3546.036073
9,27,3546.036073
9,27,3546.036073
9,27,3546.036073
9,29,3529.064363
9,29,3529.064363
9,29,3529.064363
9,29,3529.064363
9,29,3529.064363
9,29,3529.064363
9,29,3529.064363
9,29,3529.064363
9,29,3529.064363
9,35,3442.797081
9,35,3442.797081
9,38,3400.045928
9,38,3400.045928
9,38,3400.045928
9,39,3397.903074
9,39,3397.903074
9,39,3397.903074
9,39,3397.903074
9,43,3379.763292
9,44,3359.914036
9,44,3359.914036
10,18,4462.853190
10,19,4117.315113
10,20,4092.801274
10,20,4092.801274
10,21,3821.072902
10,21,3821.072902
10,21,3821.072902
10,22,3776.188910
10,23,3656.455148
10,23,3656.455148
10,26,3648.574502
10,26,3648.574502
10,26,3648.574502
10,27,3546.036073
10,27,3546.036073
10,27,3546.036073
10,27,3546.036073
10,27,3546.036073
10,27,3546.036073
10,27,3546.036073
10,27,3546.036073
10,29,3529.064363
10,29,3529.064363
10,29,3529.064363
10,29,3529.064363
10,29,3529.064363
10,29,3529.064363
10,29,3529.064363
10,29,3529.064363
10,29,3529.064363
10,29,3529.064363
10,30,3475.668397
10,35,3422.934368
10,38,3400.045928
10,38,3400.045928
10,38,3400.045928
10,38,3400.045928
10,39,3397.903074
10,39,3397.903074
10,39,3397.903074
10,39,3397.903074
10,39,3397.903074
10,42,3372.712419
10,44,3359.914036
10,44,3359.914036
10,44,3359.914036
11,18,4462.853190
11,18,4462.853190
11,19,4117.315113
11,19,4117.315113
11,20,4007.448843
11,21,3803.347899
11,22,3776.188910
11,22,3776.188910
11,23,3656.455148
11,23,3656.455148
11,23,3656.455148
11,25,3625.392041
11,26,3614.068864
11,27,3546.036073
11,27,3546.036073
11,27,3546.036073
11,27,3546.036073
11,27,3546.036073
11,27,3546.036073
11,27,3546.036073
11,27,3546.036073
11,27,3546.036073
11,28,3502.938171
11,30,3475.668397
11,30,3475.668397
11,33,3458.537513
11,35,3422.934368
11,35,3422.934368
11,38,3400.045928
11,38,3400.045928
11,38,3400.045928
11,38,3400.045928
11,38,3400.045928
11,39,3313.720589
12,18,4462.853190
12,18,4462.853190
12,18,4462.853190
12,19,4040.021694
12,20,3976.693277
12,21,3803.347899
12,21,3803.347899
12,22,3776.188910
12,22,3776.188910
12,22,3776.188910
12,23,3656.455148
12,23,3656.455148
12,23,3656.455148
12,23,3656.455148
12,25,3625.392041
12,25,3625.392041
12,26,3614.068864
12,26,3614.068864
12,27,3493.504305
12,30,3475.668397
12,30,3475.668397
12,30,3475.668397
12,33,3458.537513
12,33,3458.537513
12,35,3422.934368
12,35,3422.934368
12,35,3422.934368
12,38,3374.851439
12,39,3313.720589
12,39,3313.720589
13,18,4462.853190
13,18,4462.853190
13,18,4462.853190
13,18,4462.853190
13,19,4040.021694
13,19,4040.021694
13,20,3964.509699
13,21,3803.347899
13,21,3803.347899
13,21,3803.347899
13,22,3770.585569
13,23,3656.455148
13,23,3656.455148
13,23,3656.455148
13,23,3656.455148
13,23,3656.455148
13,25,3625.392041
13,25,3625.392041
13,25,3625.392041
13,26,3614.068864
13,26,3614.068864
13,26,3614.068864
13,27,3493.504305
13,27,3493.504305
13,30,3475.668397
13,30,3475.668397
13,30,3475.668397
13,30,3475.668397
13,33,3458.537513
13,33,3458.537513
13,33,3458.537513
13,35,3317.008100
13,39,3313.720589
13,39,3313.720589
13,39,3313.720589
13,40,3302.242448
14,18,4291.488338
14,19,4040.021694
14,19,4040.021694
14,19,4040.021694
14,20,3950.028576
14,21,3803.347899
14,21,3803.347899
14,21,3803.347899
14,21,3803.347899
14,22,3770.585569
14,22,3770.585569
14,23,3656.455148
14,23,3656.455148
14,23,3656.455148
14,23,3656.455148
14,23,3656.455148
14,23,3656.455148
14,25,3616.278225
14,26,3565.944178
14,27,3493.504305
14,27,3493.504305
14,27,3493.504305
14,30,3475.668397
14,30,3475.668397
14,30,3475.668397
14,30,3475.668397
14,30,3475.668397
14,33,3458.537513
14,33,3458.537513
14,33,3458.537513
14,33,3458.537513
14,34,3396.486051
14,35,3317.008100
14,35,3317.008100
14,39,3313.720589
14,39,3313.720589
14,39,3313.720589
14,39,3313.720589
14,40,3302.242448
14,40,3302.242448
15,18,4291.488338
15,18,4291.488338
15,19,4040.021694
15,19,4040.021694
15,19,4040.021694
15,19,4040.021694
15,20,3950.028576
15,20,3950.028576
15,21,3803.347899
15,21,3803.347899
15,21,3803.347899
15,21,3803.347899
15,21,3803.347899
15,22,3731.580671
15,23,3656.455148
15,23,3656.455148
15,23,3656.455148
15,23,3656.455148
15,23,3656.455148
15,23,3656.455148
15,23,3656.455148
15,25,3616.278225
15,25,3616.278225
15,26,3565.944178
15,26,3565.944178
15,27,3485.712673
15,29,3467.219902
15,31,3449.905295
15,34,3396.486051
15,34,3396.486051
15,35,3317.008100
15,35,3317.008100
15,35,3317.008100
15,39,3313.720589
15,39,3313.720589
15,39,3313.720589
15,39,3313.720589
15,39,3313.720589
15,40,3302.242448
15,40,3302.242448
15,40,3302.242448
16,17,4452.239368
16,18,4150.471658
16,19,4021.214381
16,20,3950.028576
16,20,3950.028576
16,20,3950.028576
16,21,3803.347899
16,21,3803.347899
16,21,3803.347899
16,21,3803.347899
16,21,3803.347899
16,21,3803.347899
16,22,3725.236350
16,23,3594.889913
16,26,3564.575957
16,27,3464.141336
16,31,3443.724581
16,34,3396.486051
16,34,3396.486051
16,34,3396.486051
16,35,3317.008100
16,35,3317.008100
16,35,3317.008100
16,35,3317.008100
16,39,3313.720589
16,39,3313.720589
16,39,3313.720589
16,39,3313.720589
16,39,3313.720589
16,39,3313.720589
16,40,3302.242448
16,40,3302.242448
16,40,3302.242448
16,40,3302.242448
17,17,4452.239368
17,17,4452.239368
17,18,4150.471658
17,18,4150.471658
17,19,4007.390914
17,20,3945.451493
17,21,3783.063677
17,22,3647.707058
17,23,3594.889913
17,23,3594.889913
17,26,3464.531188
17,27,3464.141336
17,27,3464.141336
17,31,3443.724581
17,31,3443.724581
17,34,3396.486051
17,34,3396.486051
17,34,3396.486051
17,34,3396.486051
17,35,3317.008100
17,35,3317.008100
17,35,3317.008100
17,35,3317.008100
17,35,3317.008100
17,39,3313.720589
17,39,3313.720589
17,39,3313.720589
17,39,3313.720589
17,39,3313.720589
17,39,3313.720589
17,39,3313.720589
17,40,3276.314978
18,17,4314.487705
18,18,4150.471658
18,18,4150.471658
18,18,4150.471658
18,19,4007.390914
18,19,4007.390914
18,20,3815.803675
18,21,3783.063677
18,21,3783.063677
18,22,3647.707058
18,22,3647.707058
18,23,3594.889913
18,23,3594.889913
18,23,3594.889913
18,24,3549.372616
18,26,3464.531188
18,26,3464.531188
18,27,3464.141336
18,27,3464.141336
18,27,3464.141336
18,31,3443.724581
18,31,3443.724581
18,31,3443.724581
18,34,3396.486051
18,34,3396.486051
18,34,3396.486051
18,34,3396.486051
18,34,3396.486051
18,35,3317.008100
18,35,3317.008100
18,35,3317.008100
18,35,3317.008100
18,35,3317.008100
18,35,3317.008100
18,37,3315.667784
18,38,3214.449688
19,17,4263.818767
19,18,4150.471658
19,18,4150.471658
19,18,4150.471658
19,18,4150.471658
19,19,4007.390914
19,19,4007.390914
19,19,4007.390914
19,20,3815.803675
19,20,3815.803675
19,21,3783.063677
19,21,3783.063677
19,21,3783.063677
19,22,3647.707058
19,22,3647.707058
19,22,3647.707058
19,23,3594.889913
19,23,3594.889913
19,23,3594.889913
19,23,3594.889913
19,24,3549.372616
19,24,3549.372616
19,26,3464.531188
19,26,3464.531188
19,26,3464.531188
19,27,3464.141336
19,27,3464.141336
19,27,3464.141336
19,27,3464.141336
19,28,3459.675093
19,31,3443.724581
19,31,3443.724581
19,31,3443.724581
19,31,3443.724581
19,34,3384.797784
19,35,3317.008100
19,35,3317.008100
19,35,3317.008100
19,35,3317.008100
19,35,3317.008100
19,35,3317.008100
19,35,3317.008100
19,37,3299.298328
19,38,3214.449688
19,38,3214.449688
19,39,3212.469612
20,17,4263.818767
20,17,4263.818767
20,18,4048.377778
20,19,4007.390914
20,19,4007.390914
20,19,4007.390914
20,19,4007.390914
20,20,3815.803675
20,20,3815.803675
20,20,3815.803675
20,21,3783.063677
20,21,3783.063677
20,21,3783.063677
20,21,3783.063677
20,22,3647.707058
20,22,3647.707058
20,22,3647.707058
20,22,3647.707058
20,23,3594.889913
20,23,3594.889913
20,23,3594.889913
20,23,3594.889913
20,23,3594.889913
20,24,3549.372616
20,24,3549.372616
20,24,3549.372616
20,25,3517.521380
20,26,3464.531188
20,26,3464.531188
20,26,3464.531188
20,26,3464.531188
20,27,3464.141336
20,27,3464.141336
20,27,3464.141336
20,27,3464.141336
20,27,3464.141336
20,28,3459.675093
20,28,3459.675093
20,30,3361.645469
20,35,3317.008100
20,35,3317.008100
20,35,3317.008100
20,35,3317.008100
20,35,3317.008100
20,35,3317.008100
20,35,3317.008100
20,35,3317.008100
20,37,3299.298328
20,37,3299.298328
20,38,3214.449688
20,38,3214.449688
20,38,3214.449688
20,39,3212.469612
20,39,3212.469612
21,17,4263.818767
21,17,4263.818767
21,17,4263.818767
21,17,4263.818767
21,18,4048.377778
21,18,4048.377778
21,19,3876.440163
21,20,3798.326800
21,21,3773.831306
21,22,3647.707058
21,22,3647.707058
21,22,3647.707058
21,22,3647.707058
21,22,3647.707058
21,23,3594.889913
21,23,3594.889913
21,23,3594.889913
21,23,3594.889913
21,23,3594.889913
21,23,3594.889913
21,24,3549.372616
21,24,3549.372616
21,24,3549.372616
21,24,3549.372616
21,25,3517.521380
21,25,3517.521380
21,26,3464.531188
21,26,3464.531188
21,26,3464.531188
21,26,3464.531188
21,26,3464.531188
21,27,3445.417712
21,29,3404.948825
21,30,3361.645469
21,30,3361.645469
21,35,3317.008100
21,35,3317.008100
21,35,3317.008100
21,35,3317.008100
21,35,3317.008100
21,35,3317.008100
21,35,3317.008100
21,35,3317.008100
21,35,3317.008100
21,37,3299.298328
21,37,3299.298328
21,37,3299.298328
21,38,3214.449688
21,38,3214.449688
21,38,3214.449688
21,38,3214.449688
21,39,3212.469612
21,39,3212.469612
21,39,3212.469612
22,17,4263.818767
22,17,4263.818767
22,17,4263.818767
22,17,4263.818767
22,17,4263.818767
22,17,4263.818767
22,18,4048.377778
22,18,4048.377778
22,18,4048.377778
22,19,3876.440163
22,19,3876.440163
22,20,3798.326800
22,20,3798.326800
22,21,3773.831306
22,21,3773.831306
22,22,3647.707058
22,22,3647.707058
22,22,3647.707058
22,22,3647.707058
22,22,3647.707058
22,22,3647.707058
22,23,3594.889913
22,23,3594.889913
22,23,3594.889913
22,23,3594.889913
22,23,3594.889913
22,23,3594.889913
22,23,3594.889913
22,24,3549.372616
22,24,3549.372616
22,24,3549.372616
22,24,3549.372616
22,24,3549.372616
22,25,3517.521380
22,25,3517.521380
22,25,3517.521380
22,26,3464.531188
22,26,3464.531188
22,26,3464.531188
22,26,3464.531188
22,26,3464.531188
22,26,3464.531188
22,27,3445.417712
22,27,3445.417712
22,29,3404.948825
22,29,3404.948825
22,30,3361.645469
22,30,3361.645469
22,30,3361.645469
22,35,3317.008100
22,35,3317.008100
22,35,3317.008100
22,35,3317.008100
22,35,3317.008100
22,35,3317.008100
22,35,3317.008100
22,35,3317.008100
22,35,3317.008100
22,35,3317.008100
22,36,3269.409129
22,38,3214.449688
22,38,3214.449688
22,38,3214.449688
22,38,3214.449688
22,38,3214.449688
22,39,3212.469612
22,39,3212.469612
22,39,3212.469612
22,39,3212.469612
23,17,4263.818767
23,17,4263.818767
23,17,4263.818767
23,17,4263.818767
23,17,4263.818767
23,17,4263.818767
23,17,4263.818767
23,17,4263.818767
23,17,4263.818767
23,18,4048.377778
23,18,4048.377778
23,18,4048.377778
23,18,4048.377778
23,19,3876.440163
23,19,3876.440163
23,19,3876.440163
23,20,3798.326800
23,20,3798.326800
23,20,3798.326800
23,21,3709.096625
23,22,3647.707058
23,22,3647.707058
23,22,3647.707058
23,22,3647.707058
23,22,3647.707058
23,22,3647.707058
23,22,3647.707058
23,23,3545.379592
23,25,3517.521380
23,25,3517.521380
23,25,3517.521380
23,25,3517.521380
23,26,3464.531188
23,26,3464.531188
23,26,3464.531188
23,26,3464.531188
23,26,3464.531188
23,26,3464.531188
23,26,3464.531188
23,27,3445.417712
23,27,3445.417712
23,27,3445.417712
23,29,3404.948825
23,29,3404.948825
23,29,3404.948825
23,30,3361.645469
23,30,3361.645469
23,30,3361.645469
23,30,3361.645469
23,35,3317.008100
23,35,3317.008100
23,35,3317.008100
23,35,3317.008100
23,35,3317.008100
23,35,3317.008100
23,35,3317.008100
23,35,3317.008100
23,35,3317.008100
23,35,3317.008100
23,35,3317.008100
23,36,3269.409129
23,36,3269.409129
23,38,3214.449688
23,38,3214.449688
23,38,3214.449688
23,38,3214.449688
23,38,3214.449688
23,38,3214.449688
23,39,3212.469612
23,39,3212.469612
23,39,3212.469612
23,39,3212.469612
23,39,3212.469612
24,17,4263.818767
24,17,4263.818767
24,17,4263.818767
24,17,4263.818767
24,17,4263.818767
24,17,4263.818767
24,17,4263.818767
24,17,4263.818767
24,17,4263.818767
24,17,4263.818767
24,17,4263.818767
24,17,4263.818767
24,18,4048.377778
24,18,4048.377778
24,18,4048.377778
24,18,4048.377778
24,18,4048.377778
24,19,3876.440163
24,19,3876.440163
24,19,3876.440163
24,19,3876.440163
24,20,3798.326800
24,20,3798.326800
24,20,3798.326800
24,20,3798.326800
24,21,3709.096625
24,21,3709.096625
24,22,3647.707058
24,22,3647.707058
24,22,3647.707058
24,22,3647.707058
24,22,3647.707058
24,22,3647.707058
24,22,3647.707058
24,22,3647.707058
24,23,3545.379592
24,23,3545.379592
24,25,3517.521380
24,25,3517.521380
24,25,3517.521380
24,25,3517.521380
24,25,3517.521380
24,26,3464.531188
24,26,3464.531188
24,26,3464.531188
24,26,3464.531188
24,26,3464.531188
24,26,3464.531188
24,26,3464.531188
24,26,3464.531188
24,27,3445.417712
24,27,3445.417712
24,27,3445.417712
24,27,3445.417712
24,29,3404.948825
24,29,3404.948825
24,29,3404.948825
24,29,3404.948825
24,30,3361.645469
24,30,3361.645469
24,30,3361.645469
24,30,3361.645469
24,30,3361.645469
24,35,3317.008100
24,35,3317.008100
24,35,3317.008100
24,35,3317.008100
24,35,3317.008100
24,35,3317.008100
24,35,3317.008100
24,35,3317.008100
24,35,3317.008100
24,35,3317.008100
24,35,3317.008100
24,35,3317.008100
24,36,3269.409129
24,36,3269.409129
24,36,3269.409129
24,38,3214.449688
24,38,3214.449688
24,38,3214.449688
24,38,3214.449688
24,38,3214.449688
24,38,3214.449688
24,38,3214.449688
24,39,3212.469612
24,39,3212.469612
24,39,3212.469612
24,39,3212.469612
24,39,3212.469612
24,39,3212.469612
25,17,4263.818767
25,17,4263.818767
25,17,4263.818767
25,17,4263.818767
25,17,4263.818767
25,17,4263.818767
25,17,4263.818767
25,17,4263.818767
25,17,4263.818767
25,17,4263.818767
25,17,4263.818767
25,17,4263.818767
25,17,4263.818767
25,17,4263.818767
25,17,4263.818767
25,18,4048.377778
25,18,4048.377778
25,18,4048.377778
25,18,4048.377778
25,18,4048.377778
25,18,4048.377778
25,19,3876.440163
25,19,3876.440163
25,19,3876.440163
25,19,3876.440163
25,19,3876.440163
25,19,3876.440163
25,20,3798.326800
25,20,3798.326800
25,20,3798.326800
25,20,3798.326800
25,20,3798.326800
25,21,3709.096625
25,21,3709.096625
25,21,3709.096625
25,22,3596.449290
25,23,3545.379592
25,23,3545.379592
25,23,3545.379592
25,25,3517.521380
25,25,3517.521380
25,25,3517.521380
25,25,3517.521380
25,25,3517.521380
25,25,3517.521380
25,26,3464.531188
25,26,3464.531188
25,26,3464.531188
25,26,3464.531188
25,26,3464.531188
25,26,3464.531188
25,26,3464.531188
25,26,3464.531188
25,26,3464.531188
25,27,3416.416982
25,29,3381.018614
25,30,3361.645469
25,30,3361.645469
25,30,3361.645469
25,30,3361.645469
25,30,3361.645469
25,30,3361.645469
25,35,3317.008100
25,35,3317.008100
25,35,3317.008100
25,35,3317.008100
25,35,3317.008100
25,35,3317.008100
25,35,3317.008100
25,35,3317.008100
25,35,3317.008100
25,35,3317.008100
25,35,3317.008100
25,35,3317.008100
25,35,3317.008100
25,36,3269.409129
25,36,3269.409129
25,36,3269.409129
25,36,3269.409129
25,37,3237.495715
25,38,3214.449688
25,38,3214.449688
25,38,3214.449688
25,38,3214.449688
25,38,3214.449688
25,38,3214.449688
25,38,3214.449688
25,38,3214.449688
25,39,3212.469612
25,39,3212.469612
25,39,3212.469612
25,39,3212.469612
25,39,3212.469612
25,39,3212.469612
25,39,3212.469612
26,17,4088.500103
26,18,4048.377778
26,18,4048.377778
26,18,4048.377778
26,18,4048.377778
26,18,4048.377778
26,18,4048.377778
26,18,4048.377778
26,19,3876.440163
26,19,3876.440163
26,19,3876.440163
26,19,3876.440163
26,19,3876.440163
26,19,3876.440163
26,19,3876.440163
26,19,3876.440163
26,20,3735.160826
26,21,3630.985836
26,22,3596.449290
26,22,3596.449290
26,23,3545.379592
26,23,3545.379592
26,23,3545.379592
26,23,3545.379592
26,25,3495.069816
26,26,3464.531188
26,26,3464.531188
26,26,3464.531188
26,26,3464.531188
26,26,3464.531188
26,26,3464.531188
26,26,3464.531188
26,26,3464.531188
26,26,3464.531188
26,26,3464.531188
26,27,3416.416982
26,27,3416.416982
26,28,3412.215310
26,29,3381.018614
26,29,3381.018614
26,30,3361.645469
26,30,3361.645469
26,30,3361.645469
26,30,3361.645469
26,30,3361.645469
26,30,3361.645469
26,30,3361.645469
26,31,3331.214126
26,34,3287.936976
26,36,3269.409129
26,36,3269.409129
26,36,3269.409129
26,36,3269.409129
26,36,3269.409129
26,37,3223.712295
26,38,3214.449688
26,38,3214.449688
26,38,3214.449688
26,38,3214.449688
26,38,3214.449688
26,38,3214.449688
26,38,3214.449688
26,38,3214.449688
26,38,3214.449688
26,39,3212.469612
26,39,3212.469612
26,39,3212.469612
26,39,3212.469612
26,39,3212.469612
26,39,3212.469612
26,39,3212.469612
26,39,3212.469612
27,17,4088.500103
27,17,4088.500103
27,18,4048.377778
27,18,4048.377778
27,18,4048.377778
27,18,4048.377778
27,18,4048.377778
27,18,4048.377778
27,18,4048.377778
27,18,4048.377778
27,19,3876.440163
27,19,3876.440163
27,19,3876.440163
27,19,3876.440163
27,19,3876.440163
27,19,3876.440163
27,19,3876.440163
27,19,3876.440163
27,19,3876.440163
27,19,3876.440163
27,20,3604.590793
27,22,3596.449290
27,22,3596.449290
27,22,3596.449290
27,23,3545.379592
27,23,3545.379592
27,23,3545.379592
27,23,3545.379592
27,23,3545.379592
27,24,3540.470560
27,25,3401.679509
27,29,3381.018614
27,29,3381.018614
27,29,3381.018614
27,30,3336.469159
27,31,3331.214126
27,31,3331.214126
27,32,3318.834293
27,34,3287.936976
27,34,3287.936976
27,36,3269.409129
27,36,3269.409129
27,36,3269.409129
27,36,3269.409129
27,36,3269.409129
27,36,3269.409129
27,37,3193.324338
28,17,4088.500103
28,17,4088.500103
28,17,4088.500103
28,18,4048.377778
28,18,4048.377778
28,18,4048.377778
28,18,4048.377778
28,18,4048.377778
28,18,4048.377778
28,18,4048.377778
28,18,4048.377778
28,18,4048.377778
28,19,3876.440163
28,19,3876.440163
28,19,3876.440163
28,19,3876.440163
28,19,3876.440163
28,19,3876.440163
28,19,3876.440163
28,19,3876.440163
28,19,3876.440163
28,19,3876.440163
28,19,3876.440163
28,19,3876.440163
28,20,3604.590793
28,20,3604.590793
28,22,3596.449290
28,22,3596.449290
28,22,3596.449290
28,22,3596.449290
28,23,3531.083177
28,25,3395.645174
28,29,3337.291382
28,30,3336.469159
28,30,3336.469159
28,31,3288.893202
28,34,3287.936976
28,34,3287.936976
28,34,3287.936976
28,35,3279.927259
28,36,3161.294882
29,17,4088.500103
29,17,4088.500103
29,17,4088.500103
29,17,4088.500103
29,18,4042.730650
29,19,3876.440163
29,19,3876.440163
29,19,3876.440163
29,19,3876.440163
29,19,3876.440163
29,19,3876.440163
29,19,3876.440163
29,19,3876.440163
29,19,3876.440163
29,19,3876.440163
29,19,3876.440163
29,19,3876.440163
29,19,3876.440163
29,19,3876.440163
29,20,3604.590793
29,20,3604.590793
29,20,3604.590793
29,22,3595.221783
29,23,3531.083177
29,23,3531.083177
29,24,3460.275990
29,25,3395.645174
29,25,3395.645174
29,27,3307.455951
29,31,3288.893202
29,31,3288.893202
29,34,3287.936976
29,34,3287.936976
29,34,3287.936976
29,34,3287.936976
29,35,3266.761107
29,36,3161.294882
29,36,3161.294882
30,17,4088.500103
30,17,4088.500103
30,17,4088.500103
30,17,4088.500103
30,17,4088.500103
30,18,3972.737726
30,19,3837.489761
30,20,3604.590793
30,20,3604.590793
30,20,3604.590793
30,20,3604.590793
30,22,3595.221783
30,22,3595.221783
30,23,3531.083177
30,23,3531.083177
30,23,3531.083177
30,24,3460.275990
30,24,3460.275990
30,25,3395.645174
30,25,3395.645174
30,25,3395.645174
30,27,3307.455951
30,27,3307.455951
30,31,3277.382814
30,34,3259.501815
30,36,3161.294882
30,36,3161.294882
30,36,3161.294882
31,17,4088.500103
31,17,4088.500103
31,17,4088.500103
31,17,4088.500103
31,17,4088.500103
31,17,4088.500103
31,18,3972.737726
31,18,3972.737726
31,19,3754.287239
31,20,3604.590793
31,20,3604.590793
31,20,3604.590793
31,20,3604.590793
31,20,3604.590793
31,22,3595.221783
31,22,3595.221783
31,22,3595.221783
31,23,3531.083177
31,23,3531.083177
31,23,3531.083177
31,23,3531.083177
31,24,3460.275990
31,24,3460.275990
31,24,3460.275990
31,25,3395.645174
31,25,3395.645174
31,25,3395.645174
31,25,3395.645174
31,27,3307.455951
31,27,3307.455951
31,27,3307.455951
31,31,3277.382814
31,31,3277.382814
31,34,3226.346892
31,35,3214.736963
31,36,3161.294882
31,36,3161.294882
31,36,3161.294882
31,36,3161.294882
32,17,4088.500103
32,17,4088.500103
32,17,4088.500103
32,17,4088.500103
32,17,4088.500103
32,17,4088.500103
32,17,4088.500103
32,18,3972.737726
32,18,3972.737726
32,18,3972.737726
32,19,3754.287239
32,19,3754.287239
32,20,3604.590793
32,20,3604.590793
32,20,3604.590793
32,20,3604.590793
32,20,3604.590793
32,20,3604.590793
32,21,3485.968036
32,24,3460.275990
32,24,3460.275990
32,24,3460.275990
32,24,3460.275990
32,25,3395.645174
32,25,3395.645174
32,25,3395.645174
32,25,3395.645174
32,25,3395.645174
32,27,3307.455951
32,27,3307.455951
32,27,3307.455951
32,27,3307.455951
32,31,3277.382814
32,31,3277.382814
32,31,3277.382814
32,32,3240.375425
32,33,3149.731307
33,17,4088.500103
33,17,4088.500103
33,17,4088.500103
33,17,4088.500103
33,17,4088.500103
33,17,4088.500103
33,17,4088.500103
33,17,4088.500103
33,18,3738.224145
33,20,3578.168780
33,21,3485.968036
33,21,3485.968036
33,22,3469.079481
33,24,3460.275990
33,24,3460.275990
33,24,3460.275990
33,24,3460.275990
33,24,3460.275990
33,25,3395.645174
33,25,3395.645174
33,25,3395.645174
33,25,3395.645174
33,25,3395.645174
33,25,3395.645174
33,27,3307.455951
33,27,3307.455951
33,27,3307.455951
33,27,3307.455951
33,27,3307.455951
33,30,3257.931785
33,32,3240.375425
33,32,3240.375425
33,33,3149.731307
33,33,3149.731307
34,17,4088.500103
34,17,4088.500103
34,17,4088.500103
34,17,4088.500103
34,17,4088.500103
34,17,4088.500103
34,17,4088.500103
34,17,4088.500103
34,17,4088.500103
34,18,3738.224145
34,18,3738.224145
34,19,3634.722908
34,20,3578.168780
34,20,3578.168780
34,21,3485.968036
34,21,3485.968036
34,21,3485.968036
34,22,3469.079481
34,22,3469.079481
34,23,3438.354350
34,24,3344.636605
34,27,3307.455951
34,27,3307.455951
34,27,3307.455951
34,27,3307.455951
34,27,3307.455951
34,27,3307.455951
34,30,3257.931785
34,30,3257.931785
34,32,3240.375425
34,32,3240.375425
34,32,3240.375425
34,33,3149.731307
34,33,3149.731307
34,33,3149.731307
35,16,4384.228667
35,17,4088.500103
35,17,4088.500103
35,17,4088.500103
35,17,4088.500103
35,17,4088.500103
35,17,4088.500103
35,17,4088.500103
35,17,4088.500103
35,17,4088.500103
35,17,4088.500103
35,18,3738.224145
35,18,3738.224145
35,18,3738.224145
35,19,3634.722908
35,19,3634.722908
35,20,3578.168780
35,20,3578.168780
35,20,3578.168780
35,21,3485.968036
35,21,3485.968036
35,21,3485.968036
35,21,3485.968036
35,22,3469.079481
35,22,3469.079481
35,22,3469.079481
35,23,3438.354350
35,23,3438.354350
35,24,3344.636605
35,24,3344.636605
35,27,3307.455951
35,27,3307.455951
35,27,3307.455951
35,27,3307.455951
35,27,3307.455951
35,27,3307.455951
35,27,3307.455951
35,30,3257.931785
35,30,3257.931785
35,30,3257.931785
35,31,3216.061605
35,32,3212.089919
35,33,3149.731307
35,33,3149.731307
35,33,3149.731307
35,33,3149.731307
36,16,4384.228667
36,16,4384.228667
36,17,4088.500103
36,17,4088.500103
36,17,4088.500103
36,17,4088.500103
36,17,4088.500103
36,17,4088.500103
36,17,4088.500103
36,17,4088.500103
36,17,4088.500103
36,17,4088.500103
36,17,4088.500103
36,18,3738.224145
36,18,3738.224145
36,18,3738.224145
36,18,3738.224145
36,19,3634.722908
36,19,3634.722908
36,19,3634.722908
36,20,3578.168780
36,20,3578.168780
36,20,3578.168780
36,20,3578.168780
36,21,3485.968036
36,21,3485.968036
36,21,3485.968036
36,21,3485.968036
36,21,3485.968036
36,22,3469.079481
36,22,3469.079481
36,22,3469.079481
36,22,3469.079481
36,23,3399.532618
36,24,3344.636605
36,24,3344.636605
36,24,3344.636605
36,27,3307.455951
36,27,3307.455951
36,27,3307.455951
36,27,3307.455951
36,27,3307.455951
36,27,3307.455951
36,27,3307.455951
36,27,3307.455951
36,28,3305.672432
36,29,3268.061493
36,30,3257.931785
36,30,3257.931785
36,30,3257.931785
36,30,3257.931785
36,31,3216.061605
36,31,3216.061605
36,32,3212.089919
36,32,3212.089919
36,33,3149.731307
36,33,3149.731307
36,33,3149.731307
36,33,3149.731307
36,33,3149.731307
37,16,4384.228667
37,16,4384.228667
37,16,4384.228667
37,17,4013.198575
37,18,3738.224145
37,18,3738.224145
37,18,3738.224145
37,18,3738.224145
37,18,3738.224145
37,19,3634.722908
37,19,3634.722908
37,19,3634.722908
37,19,3634.722908
37,20,3578.168780
37,20,3578.168780
37,20,3578.168780
37,20,3578.168780
37,20,3578.168780
37,21,3485.968036
37,21,3485.968036
37,21,3485.968036
37,21,3485.968036
37,21,3485.968036
37,21,3485.968036
37,22,3390.492956
37,24,3344.636605
37,24,3344.636605
37,24,3344.636605
37,24,3344.636605
37,26,3342.444600
37,27,3302.068722
37,29,3251.551304
37,30,3212.473521
37,32,3199.110836
37,33,3149.731307
37,33,3149.731307
37,33,3149.731307
37,33,3149.731307
37,33,3149.731307
37,33,3149.731307
38,16,4384.228667
38,16,4384.228667
38,16,4384.228667
38,16,4384.228667
38,17,4013.198575
38,17,4013.198575
38,18,3738.224145
38,18,3738.224145
38,18,3738.224145
38,18,3738.224145
38,18,3738.224145
38,18,3738.224145
38,19,3634.722908
38,19,3634.722908
38,19,3634.722908
38,19,3634.722908
38,19,3634.722908
38,20,3578.168780
38,20,3578.168780
38,20,3578.168780
38,20,3578.168780
38,20,3578.168780
38,20,3578.168780
38,21,3459.675253
38,22,3390.492956
38,22,3390.492956
38,24,3344.636605
38,24,3344.636605
38,24,3344.636605
38,24,3344.636605
38,24,3344.636605
38,25,3325.684837
38,26,3314.680560
38,27,3302.068722
38,27,3302.068722
38,29,3251.551304
38,29,3251.551304
38,30,3212.473521
38,30,3212.473521
38,32,3199.110836
38,32,3199.110836
38,33,3149.731307
38,33,3149.731307
38,33,3149.731307
38,33,3149.731307
38,33,3149.731307
38,33,3149.731307
38,33,3149.731307
39,16,4384.228667
39,16,4384.228667
39,16,4384.228667
39,16,4384.228667
39,16,4384.228667
39,17,4013.198575
39,17,4013.198575
39,17,4013.198575
39,18,3716.391823
39,19,3634.722908
39,19,3634.722908
39,19,3634.722908
39,19,3634.722908
39,19,3634.722908
39,19,3634.722908
39,20,3525.717889
39,21,3459.675253
39,21,3459.675253
39,22,3390.492956
39,22,3390.492956
39,22,3390.492956
39,23,3323.532693
39,26,3312.078700
39,27,3302.068722
39,27,3302.068722
39,27,3302.068722
39,29,3251.551304
39,29,3251.551304
39,29,3251.551304
39,30,3212.473521
39,30,3212.473521
39,30,3212.473521
39,32,3199.110836
39,32,3199.110836
39,32,3199.110836
39,33,3149.731307
39,33,3149.731307
39,33,3149.731307
39,33,3149.731307
39,33,3149.731307
39,33,3149.731307
39,33,3149.731307
39,33,3149.731307
40,16,4384.228667
40,16,4384.228667
40,16,4384.228667
40,16,4384.228667
40,16,4384.228667
40,16,4384.228667
40,17,4013.198575
40,17,4013.198575
40,17,4013.198575
40,17,4013.198575
40,18,3716.391823
40,18,3716.391823
40,19,3627.335518
40,20,3525.717889
40,20,3525.717889
40,21,3459.675253
40,21,3459.675253
40,21,3459.675253
40,22,3390.492956
40,22,3390.492956
40,22,3390.492956
40,22,3390.492956
40,23,3323.532693
40,23,3323.532693
40,25,3303.171757
40,26,3292.477092
40,27,3281.365945
40,28,3268.133705
40,29,3251.551304
40,29,3251.551304
40,29,3251.551304
40,29,3251.551304
40,30,3212.473521
40,30,3212.473521
40,30,3212.473521
40,30,3212.473521
40,32,3199.110836
40,32,3199.110836
40,32,3199.110836
40,32,3199.110836
40,33,3149.731307
40,33,3149.731307
40,33,3149.731307
40,33,3149.731307
40,33,3149.731307
40,33,3149.731307
40,33,3149.731307
40,33,3149.731307
40,33,3149.731307
41,16,4384.228667
41,16,4384.228667
41,16,4384.228667
41,16,4384.228667
41,16,4384.228667
41,16,4384.228667
41,16,4384.228667
41,17,4013.198575
41,17,4013.198575
41,17,4013.198575
41,17,4013.198575
41,17,4013.198575
41,18,3716.391823
41,18,3716.391823
41,18,3716.391823
41,19,3627.335518
41,19,3627.335518
41,20,3525.717889
41,20,3525.717889
41,20,3525.717889
41,21,3459.675253
41,21,3459.675253
41,21,3459.675253
41,21,3459.675253
41,22,3390.492956
41,22,3390.492956
41,22,3390.492956
41,22,3390.492956
41,22,3390.492956
41,23,3323.532693
41,23,3323.532693
41,23,3323.532693
41,25,3303.171757
41,25,3303.171757
41,26,3292.477092
41,26,3292.477092
41,27,3230.801572
41,30,3212.473521
41,30,3212.473521
41,30,3212.473521
41,30,3212.473521
41,30,3212.473521
41,31,3189.077144
41,33,3149.731307
41,33,3149.731307
41,33,3149.731307
41,33,3149.731307
41,33,3149.731307
41,33,3149.731307
41,33,3149.731307
41,33,3149.731307
41,33,3149.731307
41,33,3149.731307
42,16,4384.228667
42,16,4384.228667
42,16,4384.228667
42,16,4384.228667
42,16,4384.228667
42,16,4384.228667
42,16,4384.228667
42,16,4384.228667
42,17,4013.198575
42,17,4013.198575
42,17,4013.198575
42,17,4013.198575
42,17,4013.198575
42,17,4013.198575
42,18,3716.391823
42,18,3716.391823
42,18,3716.391823
42,18,3716.391823
42,19,3627.335518
42,19,3627.335518
42,19,3627.335518
42,20,3525.717889
42,20,3525.717889
42,20,3525.717889
42,20,3525.717889
42,21,3459.675253
42,21,3459.675253
42,21,3459.675253
42,21,3459.675253
42,21,3459.675253
42,22,3390.492956
42,22,3390.492956
42,22,3390.492956
42,22,3390.492956
42,22,3390.492956
42,22,3390.492956
42,23,3323.532693
42,23,3323.532693
42,23,3323.532693
42,23,3323.532693
42,25,3303.171757
42,25,3303.171757
42,25,3303.171757
42,26,3292.477092
42,26,3292.477092
42,26,3292.477092
42,27,3230.801572
42,27,3230.801572
42,30,3212.473521
42,30,3212.473521
42,30,3212.473521
42,30,3212.473521
42,30,3212.473521
42,30,3212.473521
42,31,3189.077144
42,31,3189.077144
42,33,3149.731307
42,33,3149.731307
42,33,3149.731307
42,33,3149.731307
42,33,3149.731307
42,33,3149.731307
42,33,3149.731307
42,33,3149.731307
42,33,3149.731307
42,33,3149.731307
42,33,3149.731307
43,16,4225.233819
43,17,3989.431195
43,18,3716.391823
43,18,3716.391823
43,18,3716.391823
43,18,3716.391823
43,18,3716.391823
43,19,3627.335518
43,19,3627.335518
43,19,3627.335518
43,19,3627.335518
43,20,3525.717889
43,20,3525.717889
43,20,3525.717889
43,20,3525.717889
43,20,3525.717889
43,21,3459.675253
43,21,3459.675253
43,21,3459.675253
43,21,3459.675253
43,21,3459.675253
43,21,3459.675253
43,22,3390.492956
43,22,3390.492956
43,22,3390.492956
43,22,3390.492956
43,22,3390.492956
43,22,3390.492956
43,22,3390.492956
43,23,3323.532693
43,23,3323.532693
43,23,3323.532693
43,23,3323.532693
43,23,3323.532693
43,24,3314.665349
43,25,3301.862769
43,26,3260.526417
43,27,3230.801572
43,27,3230.801572
43,27,3230.801572
43,30,3212.473521
43,30,3212.473521
43,30,3212.473521
43,30,3212.473521
43,30,3212.473521
43,30,3212.473521
43,30,3212.473521
43,31,3189.077144
43,31,3189.077144
43,31,3189.077144
43,33,3149.731307
43,33,3149.731307
43,33,3149.731307
43,33,3149.731307
43,33,3149.731307
43,33,3149.731307
43,33,3149.731307
43,33,3149.731307
43,33,3149.731307
43,33,3149.731307
43,33,3149.731307
43,33,3149.731307
43,37,3147.994162
44,16,4225.233819
44,16,4225.233819
44,17,3877.110827
44,18,3716.391823
44,18,3716.391823
44,18,3716.391823
44,18,3716.391823
44,18,3716.391823
44,18,3716.391823
44,19,3550.686893
44,20,3525.717889
44,20,3525.717889
44,20,3525.717889
44,20,3525.717889
44,20,3525.717889
44,20,3525.717889
44,21,3459.675253
44,21,3459.675253
44,21,3459.675253
44,21,3459.675253
44,21,3459.675253
44,21,3459.675253
44,21,3459.675253
44,22,3390.492956
44,22,3390.492956
44,22,3390.492956
44,22,3390.492956
44,22,3390.492956
44,22,3390.492956
44,22,3390.492956
44,22,3390.492956
44,23,3323.532693
44,23,3323.532693
44,23,3323.532693
44,23,3323.532693
44,23,3323.532693
44,23,3323.532693
44,24,3303.209473
44,25,3231.434480
44,27,3230.801572
44,27,3230.801572
44,27,3230.801572
44,27,3230.801572
44,28,3192.757335
44,31,3189.077144
44,31,3189.077144
44,31,3189.077144
44,31,3189.077144
44,33,3149.731307
44,33,3149.731307
44,33,3149.731307
44,33,3149.731307
44,33,3149.731307
44,33,3149.731307
44,33,3149.731307
44,33,3149.731307
44,33,3149.731307
44,33,3149.731307
44,33,3149.731307
44,33,3149.731307
44,33,3149.731307
44,37,3147.994162
44,37,3147.994162
45,16,4225.233819
45,16,4225.233819
45,16,4225.233819
45,17,3789.555884
45,18,3662.333716
45,19,3550.686893
45,19,3550.686893
45,20,3517.303774
45,21,3459.675253
45,21,3459.675253
45,21,3459.675253
45,21,3459.675253
45,21,3459.675253
45,21,3459.675253
45,21,3459.675253
45,21,3459.675253
45,22,3312.850814
45,23,3283.239639
45,25,3231.434480
45,25,3231.434480
45,27,3230.801572
45,27,3230.801572
45,27,3230.801572
45,27,3230.801572
45,27,3230.801572
45,28,3192.757335
45,28,3192.757335
45,31,3189.077144
45,31,3189.077144
45,31,3189.077144
45,31,3189.077144
45,31,3189.077144
45,33,3149.731307
45,33,3149.731307
45,33,3149.731307
45,33,3149.731307
45,33,3149.731307
45,33,3149.731307
45,33,3149.731307
45,33,3149.731307
45,33,3149.731307
45,33,3149.731307
45,33,3149.731307
45,33,3149.731307
45,33,3149.731307
45,33,3149.731307
45,37,3147.994162
45,37,3147.994162
45,37,3147.994162
46,16,4112.917613
46,17,3789.555884
46,17,3789.555884
46,18,3608.215824
46,19,3550.686893
46,19,3550.686893
46,19,3550.686893
46,20,3499.282404
46,21,3459.675253
46,21,3459.675253
46,21,3459.675253
46,21,3459.675253
46,21,3459.675253
46,21,3459.675253
46,21,3459.675253
46,21,3459.675253
46,21,3459.675253
46,22,3312.850814
46,22,3312.850814
46,23,3283.239639
46,23,3283.239639
46,24,3255.122326
46,25,3231.434480
46,25,3231.434480
46,25,3231.434480
46,27,3230.801572
46,27,3230.801572
46,27,3230.801572
46,27,3230.801572
46,27,3230.801572
46,27,3230.801572
46,28,3192.757335
46,28,3192.757335
46,28,3192.757335
46,30,3163.609289
46,33,3101.863643
47,16,4112.917613
47,16,4112.917613
47,17,3789.555884
47,17,3789.555884
47,17,3789.555884
47,18,3608.215824
47,18,3608.215824
47,19,3550.686893
47,19,3550.686893
47,19,3550.686893
47,19,3550.686893
47,20,3469.746946
47,21,3443.560443
47,22,3312.850814
47,22,3312.850814
47,22,3312.850814
47,23,3283.239639
47,23,3283.239639
47,23,3283.239639
47,24,3255.122326
47,24,3255.122326
47,25,3231.434480
47,25,3231.434480
47,25,3231.434480
47,25,3231.434480
47,27,3230.801572
47,27,3230.801572
47,27,3230.801572
47,27,3230.801572
47,27,3230.801572
47,27,3230.801572
47,27,3230.801572
47,28,3192.757335
47,28,3192.757335
47,28,3192.757335
47,28,3192.757335
47,30,3163.609289
47,30,3163.609289
47,31,3108.569369
47,33,3101.863643
47,33,3101.863643
47,34,3101.331113
48,16,4112.917613
48,16,4112.917613
48,16,4112.917613
48,17,3789.555884
48,17,3789.555884
48,17,3789.555884
48,17,3789.555884
48,18,3608.215824
48,18,3608.215824
48,18,3608.215824
48,19,3550.686893
48,19,3550.686893
48,19,3550.686893
48,19,3550.686893
48,19,3550.686893
48,20,3469.746946
48,20,3469.746946
48,21,3364.868273
48,22,3312.850814
48,22,3312.850814
48,22,3312.850814
48,22,3312.850814
48,23,3256.032722
48,24,3234.666813
48,25,3231.434480
48,25,3231.434480
48,25,3231.434480
48,25,3231.434480
48,25,3231.434480
48,26,3177.876801
48,30,3163.609289
48,30,3163.609289
48,30,3163.609289
48,31,3108.569369
48,31,3108.569369
48,33,3101.863643
48,33,3101.863643
48,33,3101.863643
48,34,3101.331113
48,34,3101.331113
49,16,4112.917613
49,16,4112.917613
49,16,4112.917613
49,16,4112.917613
49,17,3789.555884
49,17,3789.555884
49,17,3789.555884
49,17,3789.555884
49,17,3789.555884
49,18,3608.215824
49,18,3608.215824
49,18,3608.215824
49,18,3608.215824
49,19,3550.686893
49,19,3550.686893
49,19,3550.686893
49,19,3550.686893
49,19,3550.686893
49,19,3550.686893
49,20,3469.746946
49,20,3469.746946
49,20,3469.746946
49,21,3364.868273
49,21,3364.868273
49,22,3312.850814
49,22,3312.850814
49,22,3312.850814
49,22,3312.850814
49,22,3312.850814
49,23,3256.032722
49,23,3256.032722
49,24,3234.666813
49,24,3234.666813
49,25,3231.434480
49,25,3231.434480
49,25,3231.434480
49,25,3231.434480
49,25,3231.434480
49,25,3231.434480
49,26,3177.876801
49,26,3177.876801
49,30,3163.609289
49,30,3163.609289
49,30,3163.609289
49,30,3163.609289
49,31,3108.569369
49,31,3108.569369
49,31,3108.569369
49,32,3100.210288
50,16,4112.917613
50,16,4112.917613
50,16,4112.917613
50,16,4112.917613
50,16,4112.917613
50,17,3789.555884
50,17,3789.555884
50,17,3789.555884
50,17,3789.555884
50,17,3789.555884
50,17,3789.555884
50,18,3608.215824
50,18,3608.215824
50,18,3608.215824
50,18,3608.215824
50,18,3608.215824
50,19,3550.686893
50,19,3550.686893
50,19,3550.686893
50,19,3550.686893
50,19,3550.686893
50,19,3550.686893
50,19,3550.686893
50,20,3469.746946
50,20,3469.746946
50,20,3469.746946
50,20,3469.746946
50,21,3364.868273
50,21,3364.868273
50,21,3364.868273
50,22,3312.850814
50,22,3312.850814
50,22,3312.850814
50,22,3312.850814
50,22,3312.850814
50,22,3312.850814
50,23,3171.543969
50,26,3159.693212
50,30,3140.076324
50,31,3108.569369
50,31,3108.569369
50,31,3108.569369
50,31,3108.569369
50,32,3100.210288
50,32,3100.210288
51,16,4101.839236
51,17,3789.555884
51,17,3789.555884
51,17,3789.555884
51,17,3789.555884
51,17,3789.555884
51,17,3789.555884
51,17,3789.555884
51,18,3608.215824
51,18,3608.215824
51,18,3608.215824
51,18,3608.215824
51,18,3608.215824
51,18,3608.215824
51,19,3499.125412
51,20,3469.746946
51,20,3469.746946
51,20,3469.746946
51,20,3469.746946
51,20,3469.746946
51,21,3364.868273
51,21,3364.868273
51,21,3364.868273
51,21,3364.868273
51,22,3312.850814
51,22,3312.850814
51,22,3312.850814
51,22,3312.850814
51,22,3312.850814
51,22,3312.850814
51,22,3312.850814
51,23,3171.543969
51,23,3171.543969
51,26,3159.693212
51,26,3159.693212
51,30,3140.076324
51,30,3140.076324
51,31,3108.569369
51,31,3108.569369
51,31,3108.569369
51,31,3108.569369
51,31,3108.569369
51,32,3100.210288
51,32,3100.210288
51,32,3100.210288
52,16,4101.839236
52,16,4101.839236
52,17,3789.555884
52,17,3789.555884
52,17,3789.555884
52,17,3789.555884
52,17,3789.555884
52,17,3789.555884
52,17,3789.555884
52,17,3789.555884
52,18,3608.215824
52,18,3608.215824
52,18,3608.215824
52,18,3608.215824
52,18,3608.215824
52,18,3608.215824
52,18,3608.215824
52,19,3471.643331
52,20,3469.746946
52,20,3469.746946
52,20,3469.746946
52,20,3469.746946
52,20,3469.746946
52,20,3469.746946
52,21,3341.153487
52,22,3312.850814
52,22,3312.850814
52,22,3312.850814
52,22,3312.850814
52,22,3312.850814
52,22,3312.850814
52,22,3312.850814
52,22,3312.850814
52,23,3171.543969
52,23,3171.543969
52,23,3171.543969
52,26,3159.693212
52,26,3159.693212
52,26,3159.693212
52,30,3140.076324
52,30,3140.076324
52,30,3140.076324
52,31,3108.569369
52,31,3108.569369
52,31,3108.569369
52,31,3108.569369
52,31,3108.569369
52,31,3108.569369
52,32,3100.210288
52,32,3100.210288
52,32,3100.210288
52,32,3100.210288
52,33,3085.641342
53,16,4101.839236
53,16,4101.839236
53,16,4101.839236
53,17,3789.555884
53,17,3789.555884
53,17,3789.555884
53,17,3789.555884
53,17,3789.555884
53,17,3789.555884
53,17,3789.555884
53,17,3789.555884
53,17,3789.555884
53,18,3608.215824
53,18,3608.215824
53,18,3608.215824
53,18,3608.215824
53,18,3608.215824
53,18,3608.215824
53,18,3608.215824
53,18,3608.215824
53,19,3471.643331
53,19,3471.643331
53,20,3469.746946
53,20,3469.746946
53,20,3469.746946
53,20,3469.746946
53,20,3469.746946
53,20,3469.746946
53,20,3469.746946
53,21,3341.153487
53,21,3341.153487
53,22,3299.053124
53,23,3155.629591
53,27,3154.885445
53,30,3140.076324
53,30,3140.076324
53,30,3140.076324
53,30,3140.076324
53,31,3108.569369
53,31,3108.569369
53,31,3108.569369
53,31,3108.569369
53,31,3108.569369
53,31,3108.569369
53,31,3108.569369
53,32,3100.210288
53,32,3100.210288
53,32,3100.210288
53,32,3100.210288
53,32,3100.210288
53,33,3085.641342
53,33,3085.641342
54,16,4101.839236
54,16,4101.839236
54,16,4101.839236
54,16,4101.839236
54,17,3789.555884
54,17,3789.555884
54,17,3789.555884
54,17,3789.555884
54,17,3789.555884
54,17,3789.555884
54,17,3789.555884
54,17,3789.555884
54,17,3789.555884
54,17,3789.555884
54,18,3587.742365
54,19,3471.643331
54,19,3471.643331
54,19,3471.643331
54,20,3469.746946
54,20,3469.746946
54,20,3469.746946
54,20,3469.746946
54,20,3469.746946
54,20,3469.746946
54,20,3469.746946
54,20,3469.746946
54,21,3341.153487
54,21,3341.153487
54,21,3341.153487
54,22,3299.053124
54,22,3299.053124
54,23,3155.629591
54,23,3155.629591
54,27,3154.885445
54,27,3154.885445
54,29,3154.016642
54,30,3140.076324
54,30,3140.076324
54,30,3140.076324
54,30,3140.076324
54,30,3140.076324
54,31,3108.569369
54,31,3108.569369
54,31,3108.569369
54,31,3108.569369
54,31,3108.569369
54,31,3108.569369
54,31,3108.569369
54,31,3108.569369
54,32,3100.210288
54,32,3100.210288
54,32,3100.210288
54,32,3100.210288
54,32,3100.210288
54,32,3100.210288
54,33,3085.641342
54,33,3085.641342
54,33,3085.641342
55,16,4101.839236
55,16,4101.839236
55,16,4101.839236
55,16,4101.839236
55,16,4101.839236
55,17,3789.544275
55,18,3553.645280
55,19,3471.643331
55,19,3471.643331
55,19,3471.643331
55,19,3471.643331
55,20,3469.746946
55,20,3469.746946
55,20,3469.746946
55,20,3469.746946
55,20,3469.746946
55,20,3469.746946
55,20,3469.746946
55,20,3469.746946
55,20,3469.746946
55,21,3341.153487
55,21,3341.153487
55,21,3341.153487
55,21,3341.153487
55,22,3299.053124
55,22,3299.053124
55,22,3299.053124
55,23,3155.629591
55,23,3155.629591
55,23,3155.629591
55,25,3150.458858
55,30,3140.076324
55,30,3140.076324
55,30,3140.076324
55,30,3140.076324
55,30,3140.076324
55,30,3140.076324
55,31,3092.166666
55,33,3085.641342
55,33,3085.641342
55,33,3085.641342
55,33,3085.641342
56,16,4101.839236
56,16,4101.839236
56,16,4101.839236
56,16,4101.839236
56,16,4101.839236
56,16,4101.839236
56,17,3789.544275
56,17,3789.544275
56,18,3553.645280
56,18,3553.645280
56,19,3471.643331
56,19,3471.643331
56,19,3471.643331
56,19,3471.643331
56,19,3471.643331
56,20,3465.027680
56,21,3341.153487
56,21,3341.153487
56,21,3341.153487
56,21,3341.153487
56,21,3341.153487
56,22,3299.053124
56,22,3299.053124
56,22,3299.053124
56,22,3299.053124
56,23,3151.612991
56,25,3150.458858
56,25,3150.458858
56,30,3129.048434
56,31,3092.166666
56,31,3092.166666
56,33,3085.641342
56,33,3085.641342
56,33,3085.641342
56,33,3085.641342
56,33,3085.641342
57,16,4101.839236
57,16,4101.839236
57,16,4101.839236
57,16,4101.839236
57,16,4101.839236
57,16,4101.839236
57,16,4101.839236
57,17,3699.455768
57,18,3553.645280
57,18,3553.645280
57,18,3553.645280
57,19,3471.643331
57,19,3471.643331
57,19,3471.643331
57,19,3471.643331
57,19,3471.643331
57,19,3471.643331
57,20,3465.027680
57,20,3465.027680
57,21,3341.153487
57,21,3341.153487
57,21,3341.153487
57,21,3341.153487
57,21,3341.153487
57,21,3341.153487
57,22,3299.053124
57,22,3299.053124
57,22,3299.053124
57,22,3299.053124
57,22,3299.053124
57,23,3151.612991
57,23,3151.612991
57,25,3150.458858
57,25,3150.458858
57,25,3150.458858
57,25,3150.458858
57,30,3129.048434
57,30,3129.048434
57,31,3092.166666
57,31,3092.166666
57,31,3092.166666
57,33,3085.641342
57,33,3085.641342
57,33,3085.641342
57,33,3085.641342
57,33,3085.641342
57,33,3085.641342
58,16,4099.572428
58,17,3699.455768
58,17,3699.455768
58,18,3553.645280
58,18,3553.645280
58,18,3553.645280
58,18,3553.645280
58,19,3471.643331
58,19,3471.643331
58,19,3471.643331
58,19,3471.643331
58,19,3471.643331
58,19,3471.643331
58,19,3471.643331
58,20,3465.027680
58,20,3465.027680
58,20,3465.027680
58,21,3341.153487
58,21,3341.153487
58,21,3341.153487
58,21,3341.153487
58,21,3341.153487
58,21,3341.153487
58,21,3341.153487
58,22,3213.001776
58,23,3151.612991
58,23,3151.612991
58,23,3151.612991
58,25,3150.458858
58,25,3150.458858
58,25,3150.458858
58,25,3150.458858
58,25,3150.458858
58,25,3150.458858
58,30,3129.048434
58,30,3129.048434
58,30,3129.048434
58,31,3092.166666
58,31,3092.166666
58,31,3092.166666
58,31,3092.166666
58,33,3085.641342
58,33,3085.641342
58,33,3085.641342
58,33,3085.641342
58,33,3085.641342
58,33,3085.641342
58,33,3085.641342
59,16,4099.572428
59,16,4099.572428
59,17,3699.455768
59,17,3699.455768
59,17,3699.455768
59,18,3553.645280
59,18,3553.645280
59,18,3553.645280
59,18,3553.645280
59,18,3553.645280
59,19,3424.455001
59,21,3341.153487
59,21,3341.153487
59,21,3341.153487
59,21,3341.153487
59,21,3341.153487
59,21,3341.153487
59,21,3341.153487
59,21,3341.153487
59,22,3213.001776
59,22,3213.001776
59,23,3151.612991
59,23,3151.612991
59,23,3151.612991
59,23,3151.612991
59,25,3150.458858
59,25,3150.458858
59,25,3150.458858
59,25,3150.458858
59,25,3150.458858
59,25,3150.458858
59,25,3150.458858
59,25,3150.458858
59,29,3097.654958
59,31,3092.166666
59,31,3092.166666
59,31,3092.166666
59,31,3092.166666
59,31,3092.166666
59,33,3085.641342
59,33,3085.641342
59,33,3085.641342
59,33,3085.641342
59,33,3085.641342
59,33,3085.641342
59,33,3085.641342
59,33,3085.641342
60,16,3779.017578
60,17,3692.072455
60,18,3552.732238
60,19,3424.455001
60,19,3424.455001
60,21,3268.073276
60,22,3213.001776
60,22,3213.001776
60,22,3213.001776
60,23,3151.612991
60,23,3151.612991
60,23,3151.612991
60,23,3151.612991
60,23,3151.612991
60,25,3150.458858
60,25,3150.458858
60,25,3150.458858
60,25,3150.458858
60,25,3150.458858
60,25,3150.458858
60,25,3150.458858
60,25,3150.458858
60,25,3150.458858
60,25,3150.458858
60,27,3124.711364
60,29,3097.654958
60,29,3097.654958
60,31,3092.166666
60,31,3092.166666
60,31,3092.166666
60,31,3092.166666
60,31,3092.166666
60,31,3092.166666
60,33,3084.419863
61,16,3779.017578
61,16,3779.017578
61,17,3692.072455
61,17,3692.072455
61,18,3552.732238
61,18,3552.732238
61,19,3424.455001
61,19,3424.455001
61,19,3424.455001
61,20,3412.485418
61,21,3268.073276
61,21,3268.073276
61,22,3213.001776
61,22,3213.001776
61,22,3213.001776
61,22,3213.001776
61,23,3131.211310
61,27,3124.711364
61,27,3124.711364
61,28,3104.096593
61,29,3097.654958
61,29,3097.654958
61,29,3097.654958
61,31,3092.166666
61,31,3092.166666
61,31,3092.166666
61,31,3092.166666
61,31,3092.166666
61,31,3092.166666
61,31,3092.166666
61,32,3064.443737
62,16,3779.017578
62,16,3779.017578
62,16,3779.017578
62,17,3692.072455
62,17,3692.072455
62,17,3692.072455
62,18,3552.732238
62,18,3552.732238
62,18,3552.732238
62,19,3344.986260
62,21,3268.073276
62,21,3268.073276
62,21,3268.073276
62,22,3213.001776
62,22,3213.001776
62,22,3213.001776
62,22,3213.001776
62,22,3213.001776
62,23,3131.211310
62,23,3131.211310
62,27,3124.711364
62,27,3124.711364
62,27,3124.711364
62,28,3104.096593
62,28,3104.096593
62,29,3097.654958
62,29,3097.654958
62,29,3097.654958
62,29,3097.654958
62,31,3092.166666
62,31,3092.166666
62,31,3092.166666
62,31,3092.166666
62,31,3092.166666
62,31,3092.166666
62,31,3092.166666
62,31,3092.166666
62,32,3046.919531
63,16,3779.017578
63,16,3779.017578
63,16,3779.017578
63,16,3779.017578
63,17,3692.072455
63,17,3692.072455
63,17,3692.072455
63,17,3692.072455
63,18,3552.732238
63,18,3552.732238
63,18,3552.732238
63,18,3552.732238
63,19,3344.986260
63,19,3344.986260
63,21,3268.073276
63,21,3268.073276
63,21,3268.073276
63,21,3268.073276
63,22,3190.796654
63,23,3131.211310
63,23,3131.211310
63,23,3131.211310
63,27,3124.711364
63,27,3124.711364
63,27,3124.711364
63,27,3124.711364
63,28,3104.096593
63,28,3104.096593
63,28,3104.096593
63,29,3097.654958
63,29,3097.654958
63,29,3097.654958
63,29,3097.654958
63,29,3097.654958
63,31,3092.166666
63,31,3092.166666
63,31,3092.166666
63,31,3092.166666
63,31,3092.166666
63,31,3092.166666
63,31,3092.166666
63,31,3092.166666
63,31,3092.166666
63,32,3046.919531
63,32,3046.919531
64,16,3779.017578
64,16,3779.017578
64,16,3779.017578
64,16,3779.017578
64,16,3779.017578
64,17,3692.072455
64,17,3692.072455
64,17,3692.072455
64,17,3692.072455
64,17,3692.072455
64,18,3552.732238
64,18,3552.732238
64,18,3552.732238
64,18,3552.732238
64,18,3552.732238
64,19,3344.986260
64,19,3344.986260
64,19,3344.986260
64,21,3268.073276
64,21,3268.073276
64,21,3268.073276
64,21,3268.073276
64,21,3268.073276
64,22,3190.796654
64,22,3190.796654
64,23,3131.211310
64,23,3131.211310
64,23,3131.211310
64,23,3131.211310
64,27,3124.711364
64,27,3124.711364
64,27,3124.711364
64,27,3124.711364
64,27,3124.711364
64,28,3104.096593
64,28,3104.096593
64,28,3104.096593
64,28,3104.096593
64,29,3097.654958
64,29,3097.654958
64,29,3097.654958
64,29,3097.654958
64,29,3097.654958
64,29,3097.654958
64,31,3092.166666
64,31,3092.166666
64,31,3092.166666
64,31,3092.166666
64,31,3092.166666
64,31,3092.166666
64,31,3092.166666
64,31,3092.166666
64,31,3092.166666
64,31,3092.166666
64,32,3046.919531
64,32,3046.919531
64,32,3046.919531
65,16,3779.017578
65,16,3779.017578
65,16,3779.017578
65,16,3779.017578
65,16,3779.017578
65,16,3779.017578
65,17,3692.072455
65,17,3692.072455
65,17,3692.072455
65,17,3692.072455
65,17,3692.072455
65,17,3692.072455
65,18,3552.732238
65,18,3552.732238
65,18,3552.732238
65,18,3552.732238
65,18,3552.732238
65,18,3552.732238
65,19,3344.986260
65,19,3344.986260
65,19,3344.986260
65,19,3344.986260
65,21,3268.073276
65,21,3268.073276
65,21,3268.073276
65,21,3268.073276
65,21,3268.073276
65,21,3268.073276
65,22,3190.796654
65,22,3190.796654
65,22,3190.796654
65,23,3131.211310
65,23,3131.211310
65,23,3131.211310
65,23,3131.211310
65,23,3131.211310
65,24,3106.144908
65,26,3080.533981
65,32,3046.919531
65,32,3046.919531
65,32,3046.919531
65,32,3046.919531
66,16,3779.017578
66,16,3779.017578
66,16,3779.017578
66,16,3779.017578
66,16,3779.017578
66,16,3779.017578
66,16,3779.017578
66,17,3642.536403
66,18,3552.732238
66,18,3552.732238
66,18,3552.732238
66,18,3552.732238
66,18,3552.732238
66,18,3552.732238
66,18,3552.732238
66,19,3344.986260
66,19,3344.986260
66,19,3344.986260
66,19,3344.986260
66,19,3344.986260
66,20,3309.570370
66,21,3268.073276
66,21,3268.073276
66,21,3268.073276
66,21,3268.073276
66,21,3268.073276
66,21,3268.073276
66,21,3268.073276
66,22,3190.796654
66,22,3190.796654
66,22,3190.796654
66,22,3190.796654
66,23,3131.211310
66,23,3131.211310
66,23,3131.211310
66,23,3131.211310
66,23,3131.211310
66,23,3131.211310
66,24,3106.144908
66,24,3106.144908
66,26,3080.533981
66,26,3080.533981
66,32,3046.919531
66,32,3046.919531
66,32,3046.919531
66,32,3046.919531
66,32,3046.919531
67,16,3779.017578
67,16,3779.017578
67,16,3779.017578
67,16,3779.017578
67,16,3779.017578
67,16,3779.017578
67,16,3779.017578
67,16,3779.017578
67,17,3577.865970
67,18,3533.817174
67,19,3344.986260
67,19,3344.986260
67,19,3344.986260
67,19,3344.986260
67,19,3344.986260
67,19,3344.986260
67,20,3309.570370
67,20,3309.570370
67,21,3268.073276
67,21,3268.073276
67,21,3268.073276
67,21,3268.073276
67,21,3268.073276
67,21,3268.073276
67,21,3268.073276
67,21,3268.073276
67,22,3190.796654
67,22,3190.796654
67,22,3190.796654
67,22,3190.796654
67,22,3190.796654
67,23,3131.211310
67,23,3131.211310
67,23,3131.211310
67,23,3131.211310
67,23,3131.211310
67,23,3131.211310
67,23,3131.211310
67,24,3106.144908
67,24,3106.144908
67,24,3106.144908
67,26,3080.533981
67,26,3080.533981
67,26,3080.533981
67,28,3069.140112
67,32,3046.919531
67,32,3046.919531
67,32,3046.919531
67,32,3046.919531
67,32,3046.919531
67,32,3046.919531
68,16,3779.017578
68,16,3779.017578
68,16,3779.017578
68,16,3779.017578
68,16,3779.017578
68,16,3779.017578
68,16,3779.017578
68,16,3779.017578
68,16,3779.017578
68,17,3577.865970
68,17,3577.865970
68,18,3525.378864
68,19,3344.986260
68,19,3344.986260
68,19,3344.986260
68,19,3344.986260
68,19,3344.986260
68,19,3344.986260
68,19,3344.986260
68,20,3309.570370
68,20,3309.570370
68,20,3309.570370
68,21,3268.073276
68,21,3268.073276
68,21,3268.073276
68,21,3268.073276
68,21,3268.073276
68,21,3268.073276
68,21,3268.073276
68,21,3268.073276
68,21,3268.073276
68,22,3190.796654
68,22,3190.796654
68,22,3190.796654
68,22,3190.796654
68,22,3190.796654
68,22,3190.796654
68,23,3131.211310
68,23,3131.211310
68,23,3131.211310
68,23,3131.211310
68,23,3131.211310
68,23,3131.211310
68,23,3131.211310
68,23,3131.211310
68,24,3106.144908
68,24,3106.144908
68,24,3106.144908
68,24,3106.144908
68,26,3080.533981
68,26,3080.533981
68,26,3080.533981
68,26,3080.533981
68,28,3069.140112
68,28,3069.140112
68,32,3046.919531
68,32,3046.919531
68,32,3046.919531
68,32,3046.919531
68,32,3046.919531
68,32,3046.919531
68,32,3046.919531
69,16,3779.017578
69,16,3779.017578
69,16,3779.017578
69,16,3779.017578
69,16,3779.017578
69,16,3779.017578
69,16,3779.017578
69,16,3779.017578
69,16,3779.017578
69,16,3779.017578
69,17,3577.865970
69,17,3577.865970
69,17,3577.865970
69,18,3525.378864
69,18,3525.378864
69,19,3344.986260
69,19,3344.986260
69,19,3344.986260
69,19,3344.986260
69,19,3344.986260
69,19,3344.986260
69,19,3344.986260
69,19,3344.986260
69,20,3309.570370
69,20,3309.570370
69,20,3309.570370
69,20,3309.570370
69,21,3268.073276
69,21,3268.073276
69,21,3268.073276
69,21,3268.073276
69,21,3268.073276
69,21,3268.073276
69,21,3268.073276
69,21,3268.073276
69,21,3268.073276
69,21,3268.073276
69,22,3190.796654
69,22,3190.796654
69,22,3190.796654
69,22,3190.796654
69,22,3190.796654
69,22,3190.796654
69,22,3190.796654
69,23,3131.211310
69,23,3131.211310
69,23,3131.211310
69,23,3131.211310
69,23,3131.211310
69,23,3131.211310
69,23,3131.211310
69,23,3131.211310
69,23,3131.211310
69,24,3106.144908
69,24,3106.144908
69,24,3106.144908
69,24,3106.144908
69,24,3106.144908
69,26,3080.533981
69,26,3080.533981
69,26,3080.533981
69,26,3080.533981
69,26,3080.533981
69,28,3069.140112
69,28,3069.140112
69,28,3069.140112
69,32,3046.919531
69,32,3046.919531
69,32,3046.919531
69,32,3046.919531
69,32,3046.919531
69,32,3046.919531
69,32,3046.919531
69,32,3046.919531
70,16,3779.017578
70,16,3779.017578
70,16,3779.017578
70,16,3779.017578
70,16,3779.017578
70,16,3779.017578
70,16,3779.017578
70,16,3779.017578
70,16,3779.017578
70,16,3779.017578
70,16,3779.017578
70,17,3577.865970
70,17,3577.865970
70,17,3577.865970
70,17,3577.865970
70,18,3515.109423
70,19,3344.986260
70,19,3344.986260
70,19,3344.986260
70,19,3344.986260
70,19,3344.986260
70,19,3344.986260
70,19,3344.986260
70,19,3344.986260
70,19,3344.986260
70,20,3309.570370
70,20,3309.570370
70,20,3309.570370
70,20,3309.570370
70,20,3309.570370
70,21,3268.073276
70,21,3268.073276
70,21,3268.073276
70,21,3268.073276
70,21,3268.073276
70,21,3268.073276
70,21,3268.073276
70,21,3268.073276
70,21,3268.073276
70,21,3268.073276
70,21,3268.073276
70,22,3190.796654
70,22,3190.796654
70,22,3190.796654
70,22,3190.796654
70,22,3190.796654
70,22,3190.796654
70,22,3190.796654
70,22,3190.796654
70,23,3131.211310
70,23,3131.211310
70,23,3131.211310
70,23,3131.211310
70,23,3131.211310
70,23,3131.211310
70,23,3131.211310
70,23,3131.211310
70,23,3131.211310
70,23,3131.211310
70,24,3106.144908
70,24,3106.144908
70,24,3106.144908
70,24,3106.144908
70,24,3106.144908
70,24,3106.144908
70,26,3080.533981
70,26,3080.533981
70,26,3080.533981
70,26,3080.533981
70,26,3080.533981
70,26,3080.533981
70,28,3069.140112
70,28,3069.140112
70,28,3069.140112
70,28,3069.140112
70,31,3054.241389
70,32,3046.919531
70,32,3046.919531
70,32,3046.919531
70,32,3046.919531
70,32,3046.919531
70,32,3046.919531
70,32,3046.919531
70,32,3046.919531
70,32,3046.919531
71,16,3779.017578
71,16,3779.017578
71,16,3779.017578
71,16,3779.017578
71,16,3779.017578
71,16,3779.017578
71,16,3779.017578
71,16,3779.017578
71,16,3779.017578
71,16,3779.017578
71,16,3779.017578
71,16,3779.017578
71,17,3577.865970
71,17,3577.865970
71,17,3577.865970
71,17,3577.865970
71,17,3577.865970
71,18,3515.109423
71,18,3515.109423
71,19,3344.986260
71,19,3344.986260
71,19,3344.986260
71,19,3344.986260
71,19,3344.986260
71,19,3344.986260
71,19,3344.986260
71,19,3344.986260
71,19,3344.986260
71,19,3344.986260
71,20,3309.570370
71,20,3309.570370
71,20,3309.570370
71,20,3309.570370
71,20,3309.570370
71,20,3309.570370
71,21,3268.073276
71,21,3268.073276
71,21,3268.073276
71,21,3268.073276
71,21,3268.073276
71,21,3268.073276
71,21,3268.073276
71,21,3268.073276
71,21,3268.073276
71,21,3268.073276
71,21,3268.073276
71,21,3268.073276
71,22,3190.796654
71,22,3190.796654
71,22,3190.796654
71,22,3190.796654
71,22,3190.796654
71,22,3190.796654
71,22,3190.796654
71,22,3190.796654
71,22,3190.796654
71,23,3131.211310
71,23,3131.211310
71,23,3131.211310
71,23,3131.211310
71,23,3131.211310
71,23,3131.211310
71,23,3131.211310
71,23,3131.211310
71,23,3131.211310
71,23,3131.211310
71,23,3131.211310
71,24,3106.144908
71,24,3106.144908
71,24,3106.144908
71,24,3106.144908
71,24,3106.144908
71,24,3106.144908
71,24,3106.144908
71,26,3080.533981
71,26,3080.533981
71,26,3080.533981
71,26,3080.533981
71,26,3080.533981
71,26,3080.533981
71,26,3080.533981
71,28,3057.039276
71,31,3054.241389
71,31,3054.241389
71,32,3046.919531
71,32,3046.919531
71,32,3046.919531
71,32,3046.919531
71,32,3046.919531
71,32,3046.919531
71,32,3046.919531
71,32,3046.919531
71,32,3046.919531
71,32,3046.919531
72,16,3779.017578
72,16,3779.017578
72,16,3779.017578
72,16,3779.017578
72,16,3779.017578
72,16,3779.017578
72,16,3779.017578
72,16,3779.017578
72,16,3779.017578
72,16,3779.017578
72,16,3779.017578
72,16,3779.017578
72,16,3779.017578
72,17,3577.865970
72,17,3577.865970
72,17,3577.865970
72,17,3577.865970
72,17,3577.865970
72,17,3577.865970
72,18,3515.109423
72,18,3515.109423
72,18,3515.109423
72,19,3344.986260
72,19,3344.986260
72,19,3344.986260
72,19,3344.986260
72,19,3344.986260
72,19,3344.986260
72,19,3344.986260
72,19,3344.986260
72,19,3344.986260
72,19,3344.986260
72,19,3344.986260
72,20,3309.570370
72,20,3309.570370
72,20,3309.570370
72,20,3309.570370
72,20,3309.570370
72,20,3309.570370
72,20,3309.570370
72,21,3268.073276
72,21,3268.073276
72,21,3268.073276
72,21,3268.073276
72,21,3268.073276
72,21,3268.073276
72,21,3268.073276
72,21,3268.073276
72,21,3268.073276
72,21,3268.073276
72,21,3268.073276
72,21,3268.073276
72,21,3268.073276
72,22,3190.796654
72,22,3190.796654
72,22,3190.796654
72,22,3190.796654
72,22,3190.796654
72,22,3190.796654
72,22,3190.796654
72,22,3190.796654
72,22,3190.796654
72,22,3190.796654
72,23,3131.211310
72,23,3131.211310
72,23,3131.211310
72,23,3131.211310
72,23,3131.211310
72,23,3131.211310
72,23,3131.211310
72,23,3131.211310
72,23,3131.211310
72,23,3131.211310
72,23,3131.211310
72,23,3131.211310
72,24,3106.144908
72,24,3106.144908
72,24,3106.144908
72,24,3106.144908
72,24,3106.144908
72,24,3106.144908
72,24,3106.144908
72,24,3106.144908
72,26,3080.533981
72,26,3080.533981
72,26,3080.533981
72,26,3080.533981
72,26,3080.533981
72,26,3080.533981
72,26,3080.533981
72,26,3080.533981
72,28,3057.039276
72,28,3057.039276
72,31,3054.241389
72,31,3054.241389
72,31,3054.241389
72,32,3046.919531
72,32,3046.919531
72,32,3046.919531
72,32,3046.919531
72,32,3046.919531
72,32,3046.919531
72,32,3046.919531
72,32,3046.919531
72,32,3046.919531
72,32,3046.919531
72,32,3046.919531
73,16,3779.017578
73,16,3779.017578
73,16,3779.017578
73,16,3779.017578
73,16,3779.017578
73,16,3779.017578
73,16,3779.017578
73,16,3779.017578
73,16,3779.017578
73,16,3779.017578
73,16,3779.017578
73,16,3779.017578
73,16,3779.017578
73,16,3779.017578
73,17,3577.865970
73,17,3577.865970
73,17,3577.865970
73,17,3577.865970
73,17,3577.865970
73,17,3577.865970
73,17,3577.865970
73,18,3515.109423
73,18,3515.109423
73,18,3515.109423
73,18,3515.109423
73,19,3344.986260
73,19,3344.986260
73,19,3344.986260
73,19,3344.986260
73,19,3344.986260
73,19,3344.986260
73,19,3344.986260
73,19,3344.986260
73,19,3344.986260
73,19,3344.986260
73,19,3344.986260
73,19,3344.986260
73,20,3309.570370
73,20,3309.570370
73,20,3309.570370
73,20,3309.570370
73,20,3309.570370
73,20,3309.570370
73,20,3309.570370
73,20,3309.570370
73,21,3268.073276
73,21,3268.073276
73,21,3268.073276
73,21,3268.073276
73,21,3268.073276
73,21,3268.073276
73,21,3268.073276
73,21,3268.073276
73,21,3268.073276
73,21,3268.073276
73,21,3268.073276
73,21,3268.073276
73,21,3268.073276
73,21,3268.073276
73,22,3186.645590
73,23,3131.211310
73,23,3131.211310
73,23,3131.211310
73,23,3131.211310
73,23,3131.211310
73,23,3131.211310
73,23,3131.211310
73,23,3131.211310
73,23,3131.211310
73,23,3131.211310
73,23,3131.211310
73,23,3131.211310
73,23,3131.211310
73,24,3106.144908
73,24,3106.144908
73,24,3106.144908
73,24,3106.144908
73,24,3106.144908
73,24,3106.144908
73,24,3106.144908
73,24,3106.144908
73,24,3106.144908
73,26,3080.533981
73,26,3080.533981
73,26,3080.533981
73,26,3080.533981
73,26,3080.533981
73,26,3080.533981
73,26,3080.533981
73,26,3080.533981
73,26,3080.533981
73,28,3057.039276
73,28,3057.039276
73,28,3057.039276
73,31,3054.241389
73,31,3054.241389
73,31,3054.241389
73,31,3054.241389
73,32,3046.919531
73,32,3046.919531
73,32,3046.919531
73,32,3046.919531
73,32,3046.919531
73,32,3046.919531
73,32,3046.919531
73,32,3046.919531
73,32,3046.919531
73,32,3046.919531
73,32,3046.919531
73,32,3046.919531
73,33,3025.272148
74,16,3763.584123
74,17,3577.865970
74,17,3577.865970
74,17,3577.865970
74,17,3577.865970
74,17,3577.865970
74,17,3577.865970
74,17,3577.865970
74,17,3577.865970
74,18,3515.109423
74,18,3515.109423
74,18,3515.109423
74,18,3515.109423
74,18,3515.109423
74,19,3344.986260
74,19,3344.986260
74,19,3344.986260
74,19,3344.986260
74,19,3344.986260
74,19,3344.986260
74,19,3344.986260
74,19,3344.986260
74,19,3344.986260
74,19,3344.986260
74,19,3344.986260
74,19,3344.986260
74,19,3344.986260
74,20,3309.570370
74,20,3309.570370
74,20,3309.570370
74,20,3309.570370
74,20,3309.570370
74,20,3309.570370
74,20,3309.570370
74,20,3309.570370
74,20,3309.570370
74,21,3260.756073
74,22,3186.645590
74,22,3186.645590
74,23,3131.211310
74,23,3131.211310
74,23,3131.211310
74,23,3131.211310
74,23,3131.211310
74,23,3131.211310
74,23,3131.211310
74,23,3131.211310
74,23,3131.211310
74,23,3131.211310
74,23,3131.211310
74,23,3131.211310
74,23,3131.211310
74,23,3131.211310
74,24,3106.144908
74,24,3106.144908
74,24,3106.144908
74,24,3106.144908
74,24,3106.144908
74,24,3106.144908
74,24,3106.144908
74,24,3106.144908
74,24,3106.144908
74,24,3106.144908
74,26,3080.533981
74,26,3080.533981
74,26,3080.533981
74,26,3080.533981
74,26,3080.533981
74,26,3080.533981
74,26,3080.533981
74,26,3080.533981
74,26,3080.533981
74,26,3080.533981
74,28,3057.039276
74,28,3057.039276
74,28,3057.039276
74,28,3057.039276
74,31,3054.241389
74,31,3054.241389
74,31,3054.241389
74,31,3054.241389
74,31,3054.241389
74,32,3025.020263
75,16,3763.584123
75,16,3763.584123
75,17,3560.427598
75,18,3487.428611
75,19,3344.986260
75,19,3344.986260
75,19,3344.986260
75,19,3344.986260
75,19,3344.986260
75,19,3344.986260
75,19,3344.986260
75,19,3344.986260
75,19,3344.986260
75,19,3344.986260
75,19,3344.986260
75,19,3344.986260
75,19,3344.986260
75,19,3344.986260
75,20,3302.859212
75,21,3260.756073
75,21,3260.756073
75,22,3186.645590
75,22,3186.645590
75,22,3186.645590
75,23,3131.211310
75,23,3131.211310
75,23,3131.211310
75,23,3131.211310
75,23,3131.211310
75,23,3131.211310
75,23,3131.211310
75,23,3131.211310
75,23,3131.211310
75,23,3131.211310
75,23,3131.211310
75,23,3131.211310
75,23,3131.211310
75,23,3131.211310
75,23,3131.211310
75,24,3106.144908
75,24,3106.144908
75,24,3106.144908
75,24,3106.144908
75,24,3106.144908
75,24,3106.144908
75,24,3106.144908
75,24,3106.144908
75,24,3106.144908
75,24,3106.144908
75,24,3106.144908
75,26,3080.533981
75,26,3080.533981
75,26,3080.533981
75,26,3080.533981
75,26,3080.533981
75,26,3080.533981
75,26,3080.533981
75,26,3080.533981
75,26,3080.533981
75,26,3080.533981
75,26,3080.533981
75,28,3057.039276
75,28,3057.039276
75,28,3057.039276
75,28,3057.039276
75,28,3057.039276
75,31,3054.241389
75,31,3054.241389
75,31,3054.241389
75,31,3054.241389
75,31,3054.241389
75,31,3054.241389
75,32,3025.020263
75,32,3025.020263
76,16,3763.584123
76,16,3763.584123
76,16,3763.584123
76,17,3560.427598
76,17,3560.427598
76,18,3487.428611
76,18,3487.428611
76,19,3344.986260
76,19,3344.986260
76,19,3344.986260
76,19,3344.986260
76,19,3344.986260
76,19,3344.986260
76,19,3344.986260
76,19,3344.986260
76,19,3344.986260
76,19,3344.986260
76,19,3344.986260
76,19,3344.986260
76,19,3344.986260
76,19,3344.986260
76,19,3344.986260
76,20,3272.584205
76,21,3260.756073
76,21,3260.756073
76,21,3260.756073
76,22,3185.805005
76,23,3131.211310
76,23,3131.211310
76,23,3131.211310
76,23,3131.211310
76,23,3131.211310
76,23,3131.211310
76,23,3131.211310
76,23,3131.211310
76,23,3131.211310
76,23,3131.211310
76,23,3131.211310
76,23,3131.211310
76,23,3131.211310
76,23,3131.211310
76,23,3131.211310
76,23,3131.211310
76,24,3106.144908
76,24,3106.144908
76,24,3106.144908
76,24,3106.144908
76,24,3106.144908
76,24,3106.144908
76,24,3106.144908
76,24,3106.144908
76,24,3106.144908
76,24,3106.144908
76,24,3106.144908
76,24,3106.144908
76,26,3080.533981
76,26,3080.533981
76,26,3080.533981
76,26,3080.533981
76,26,3080.533981
76,26,3080.533981
76,26,3080.533981
76,26,3080.533981
76,26,3080.533981
76,26,3080.533981
76,26,3080.533981
76,26,3080.533981
76,28,3057.039276
76,28,3057.039276
76,28,3057.039276
76,28,3057.039276
76,28,3057.039276
76,28,3057.039276
76,31,3054.241389
76,31,3054.241389
76,31,3054.241389
76,31,3054.241389
76,31,3054.241389
76,31,3054.241389
76,31,3054.241389
76,32,3025.020263
76,32,3025.020263
76,32,3025.020263
77,16,3763.584123
77,16,3763.584123
77,16,3763.584123
77,16,3763.584123
77,17,3560.427598
77,17,3560.427598
77,17,3560.427598
77,18,3487.428611
77,18,3487.428611
77,18,3487.428611
77,19,3344.986260
77,19,3344.986260
77,19,3344.986260
77,19,3344.986260
77,19,3344.986260
77,19,3344.986260
77,19,3344.986260
77,19,3344.986260
77,19,3344.986260
77,19,3344.986260
77,19,3344.986260
77,19,3344.986260
77,19,3344.986260
77,19,3344.986260
77,19,3344.986260
77,19,3344.986260
77,20,3272.584205
77,20,3272.584205
77,21,3260.756073
77,21,3260.756073
77,21,3260.756073
77,21,3260.756073
77,22,3185.805005
77,22,3185.805005
77,23,3131.211310
77,23,3131.211310
77,23,3131.211310
77,23,3131.211310
77,23,3131.211310
77,23,3131.211310
77,23,3131.211310
77,23,3131.211310
77,23,3131.211310
77,23,3131.211310
77,23,3131.211310
77,23,3131.211310
77,23,3131.211310
77,23,3131.211310
77,23,3131.211310
77,23,3131.211310
77,23,3131.211310
77,24,3106.144908
77,24,3106.144908
77,24,3106.144908
77,24,3106.144908
77,24,3106.144908
77,24,3106.144908
77,24,3106.144908
77,24,3106.144908
77,24,3106.144908
77,24,3106.144908
77,24,3106.144908
77,24,3106.144908
77,24,3106.144908
77,26,3080.533981
77,26,3080.533981
77,26,3080.533981
77,26,3080.533981
77,26,3080.533981
77,26,3080.533981
77,26,3080.533981
77,26,3080.533981
77,26,3080.533981
77,26,3080.533981
77,26,3080.533981
77,26,3080.533981
77,26,3080.533981
77,28,3057.039276
77,28,3057.039276
77,28,3057.039276
77,28,3057.039276
77,28,3057.039276
77,28,3057.039276
77,28,3057.039276
77,30,3054.818549
77,31,3054.241389
77,31,3054.241389
77,31,3054.241389
77,31,3054.241389
77,31,3054.241389
77,31,3054.241389
77,31,3054.241389
77,31,3054.241389
77,32,3025.020263
77,32,3025.020263
77,32,3025.020263
77,32,3025.020263
78,16,3763.584123
78,16,3763.584123
78,16,3763.584123
78,16,3763.584123
78,16,3763.584123
78,17,3560.427598
78,17,3560.427598
78,17,3560.427598
78,17,3560.427598
78,18,3487.428611
78,18,3487.428611
78,18,3487.428611
78,18,3487.428611
78,19,3344.986260
78,19,3344.986260
78,19,3344.986260
78,19,3344.986260
78,19,3344.986260
78,19,3344.986260
78,19,3344.986260
78,19,3344.986260
78,19,3344.986260
78,19,3344.986260
78,19,3344.986260
78,19,3344.986260
78,19,3344.986260
78,19,3344.986260
78,19,3344.986260
78,19,3344.986260
78,19,3344.986260
78,20,3272.584205
78,20,3272.584205
78,20,3272.584205
78,21,3260.756073
78,21,3260.756073
78,21,3260.756073
78,21,3260.756073
78,21,3260.756073
78,22,3167.493005
78,23,3131.211310
78,23,3131.211310
78,23,3131.211310
78,23,3131.211310
78,23,3131.211310
78,23,3131.211310
78,23,3131.211310
78,23,3131.211310
78,23,3131.211310
78,23,3131.211310
78,23,3131.211310
78,23,3131.211310
78,23,3131.211310
78,23,3131.211310
78,23,3131.211310
78,23,3131.211310
78,23,3131.211310
78,23,3131.211310
78,24,3106.144908
78,24,3106.144908
78,24,3106.144908
78,24,3106.144908
78,24,3106.144908
78,24,3106.144908
78,24,3106.144908
78,24,3106.144908
78,24,3106.144908
78,24,3106.144908
78,24,3106.144908
78,24,3106.144908
78,24,3106.144908
78,24,3106.144908
78,26,3080.533981
78,26,3080.533981
78,26,3080.533981
78,26,3080.533981
78,26,3080.533981
78,26,3080.533981
78,26,3080.533981
78,26,3080.533981
78,26,3080.533981
78,26,3080.533981
78,26,3080.533981
78,26,3080.533981
78,26,3080.533981
78,26,3080.533981
78,28,3057.039276
78,28,3057.039276
78,28,3057.039276
78,28,3057.039276
78,28,3057.039276
78,28,3057.039276
78,28,3057.039276
78,28,3057.039276
78,30,3054.818549
78,30,3054.818549
78,31,3054.241389
78,31,3054.241389
78,31,3054.241389
78,31,3054.241389
78,31,3054.241389
78,31,3054.241389
78,31,3054.241389
78,31,3054.241389
78,31,3054.241389
78,32,3025.020263
78,32,3025.020263
78,32,3025.020263
78,32,3025.020263
78,32,3025.020263
78,33,3018.847197
79,16,3763.584123
79,16,3763.584123
79,16,3763.584123
79,16,3763.584123
79,16,3763.584123
79,16,3763.584123
79,17,3560.427598
79,17,3560.427598
79,17,3560.427598
79,17,3560.427598
79,17,3560.427598
79,18,3487.428611
79,18,3487.428611
79,18,3487.428611
79,18,3487.428611
79,18,3487.428611
79,19,3344.986260
79,19,3344.986260
79,19,3344.986260
79,19,3344.986260
79,19,3344.986260
79,19,3344.986260
79,19,3344.986260
79,19,3344.986260
79,19,3344.986260
79,19,3344.986260
79,19,3344.986260
79,19,3344.986260
79,19,3344.986260
79,19,3344.986260
79,19,3344.986260
79,19,3344.986260
79,19,3344.986260
79,19,3344.986260
79,20,3272.584205
79,20,3272.584205
79,20,3272.584205
79,20,3272.584205
79,21,3244.507399
79,22,3167.493005
79,22,3167.493005
79,23,3131.211310
79,23,3131.211310
79,23,3131.211310
79,23,3131.211310
79,23,3131.211310
79,23,3131.211310
79,23,3131.211310
79,23,3131.211310
79,23,3131.211310
79,23,3131.211310
79,23,3131.211310
79,23,3131.211310
79,23,3131.211310
79,23,3131.211310
79,23,3131.211310
79,23,3131.211310
79,23,3131.211310
79,23,3131.211310
79,23,3131.211310
79,24,3106.144908
79,24,3106.144908
79,24,3106.144908
79,24,3106.144908
79,24,3106.144908
79,24,3106.144908
79,24,3106.144908
79,24,3106.144908
79,24,3106.144908
79,24,3106.144908
79,24,3106.144908
79,24,3106.144908
79,24,3106.144908
79,24,3106.144908
79,24,3106.144908
79,26,3080.533981
79,26,3080.533981
79,26,3080.533981
79,26,3080.533981
79,26,3080.533981
79,26,3080.533981
79,26,3080.533981
79,26,3080.533981
79,26,3080.533981
79,26,3080.533981
79,26,3080.533981
79,26,3080.533981
79,26,3080.533981
79,26,3080.533981
79,26,3080.533981
79,28,3057.039276
79,28,3057.039276
79,28,3057.039276
79,28,3057.039276
79,28,3057.039276
79,28,3057.039276
79,28,3057.039276
79,28,3057.039276
79,28,3057.039276
79,30,3054.818549
79,30,3054.818549
79,30,3054.818549
79,31,3032.583723
79,32,3025.020263
79,32,3025.020263
79,32,3025.020263
79,32,3025.020263
79,32,3025.020263
79,32,3025.020263
79,33,3018.847197
79,33,3018.847197
80,16,3763.584123
80,16,3763.584123
80,16,3763.584123
80,16,3763.584123
80,16,3763.584123
80,16,3763.584123
80,16,3763.584123
80,17,3560.427598
80,17,3560.427598
80,17,3560.427598
80,17,3560.427598
80,17,3560.427598
80,17,3560.427598
80,18,3487.428611
80,18,3487.428611
80,18,3487.428611
80,18,3487.428611
80,18,3487.428611
80,18,3487.428611
80,19,3344.986260
80,19,3344.986260
80,19,3344.986260
80,19,3344.986260
80,19,3344.986260
80,19,3344.986260
80,19,3344.986260
80,19,3344.986260
80,19,3344.986260
80,19,3344.986260
80,19,3344.986260
80,19,3344.986260
80,19,3344.986260
80,19,3344.986260
80,19,3344.986260
80,19,3344.986260
80,19,3344.986260
80,19,3344.986260
80,19,3344.986260
80,20,3272.584205
80,20,3272.584205
80,20,3272.584205
80,20,3272.584205
80,20,3272.584205
80,21,3244.507399
80,21,3244.507399
80,22,3167.493005
80,22,3167.493005
80,22,3167.493005
80,23,3131.211310
80,23,3131.211310
80,23,3131.211310
80,23,3131.211310
80,23,3131.211310
80,23,3131.211310
80,23,3131.211310
80,23,3131.211310
80,23,3131.211310
80,23,3131.211310
80,23,3131.211310
80,23,3131.211310
80,23,3131.211310
80,23,3131.211310
80,23,3131.211310
80,23,3131.211310
80,23,3131.211310
80,23,3131.211310
80,23,3131.211310
80,23,3131.211310
80,24,3106.144908
80,24,3106.144908
80,24,3106.144908
80,24,3106.144908
80,24,3106.144908
80,24,3106.144908
80,24,3106.144908
80,24,3106.144908
80,24,3106.144908
80,24,3106.144908
80,24,3106.144908
80,24,3106.144908
80,24,3106.144908
80,24,3106.144908
80,24,3106.144908
80,24,3106.144908
80,26,3080.533981
80,26,3080.533981
80,26,3080.533981
80,26,3080.533981
80,26,3080.533981
80,26,3080.533981
80,26,3080.533981
80,26,3080.533981
80,26,3080.533981
80,26,3080.533981
80,26,3080.533981
80,26,3080.533981
80,26,3080.533981
80,26,3080.533981
80,26,3080.533981
80,26,3080.533981
80,27,3047.466127
80,31,3032.583723
80,31,3032.583723
80,32,3025.020263
80,32,3025.020263
80,32,3025.020263
80,32,3025.020263
80,32,3025.020263
80,32,3025.020263
80,32,3025.020263
80,33,3018.847197
80,33,3018.847197
80,33,3018.847197
81,16,3763.584123
81,16,3763.584123
81,16,3763.584123
81,16,3763.584123
81,16,3763.584123
81,16,3763.584123
81,16,3763.584123
81,16,3763.584123
81,17,3560.427598
81,17,3560.427598
81,17,3560.427598
81,17,3560.427598
81,17,3560.427598
81,17,3560.427598
81,17,3560.427598
81,18,3479.716034
81,19,3344.986260
81,19,3344.986260
81,19,3344.986260
81,19,3344.986260
81,19,3344.986260
81,19,3344.986260
81,19,3344.986260
81,19,3344.986260
81,19,3344.986260
81,19,3344.986260
81,19,3344.986260
81,19,3344.986260
81,19,3344.986260
81,19,3344.986260
81,19,3344.986260
81,19,3344.986260
81,19,3344.986260
81,19,3344.986260
81,19,3344.986260
81,19,3344.986260
81,20,3272.584205
81,20,3272.584205
81,20,3272.584205
81,20,3272.584205
81,20,3272.584205
81,20,3272.584205
81,21,3244.507399
81,21,3244.507399
81,21,3244.507399
81,22,3167.493005
81,22,3167.493005
81,22,3167.493005
81,22,3167.493005
81,23,3131.211310
81,23,3131.211310
81,23,3131.211310
81,23,3131.211310
81,23,3131.211310
81,23,3131.211310
81,23,3131.211310
81,23,3131.211310
81,23,3131.211310
81,23,3131.211310
81,23,3131.211310
81,23,3131.211310
81,23,3131.211310
81,23,3131.211310
81,23,3131.211310
81,23,3131.211310
81,23,3131.211310
81,23,3131.211310
81,23,3131.211310
81,23,3131.211310
81,23,3131.211310
81,24,3106.144908
81,24,3106.144908
81,24,3106.144908
81,24,3106.144908
81,24,3106.144908
81,24,3106.144908
81,24,3106.144908
81,24,3106.144908
81,24,3106.144908
81,24,3106.144908
81,24,3106.144908
81,24,3106.144908
81,24,3106.144908
81,24,3106.144908
81,24,3106.144908
81,24,3106.144908
81,24,3106.144908
81,26,3080.533981
81,26,3080.533981
81,26,3080.533981
81,26,3080.533981
81,26,3080.533981
81,26,3080.533981
81,26,3080.533981
81,26,3080.533981
81,26,3080.533981
81,26,3080.533981
81,26,3080.533981
81,26,3080.533981
81,26,3080.533981
81,26,3080.533981
81,26,3080.533981
81,26,3080.533981
81,26,3080.533981
81,27,3047.466127
81,27,3047.466127
81,31,3032.583723
81,31,3032.583723
81,31,3032.583723
81,32,3025.020263
81,32,3025.020263
81,32,3025.020263
81,32,3025.020263
81,32,3025.020263
81,32,3025.020263
81,32,3025.020263
81,32,3025.020263
81,33,3018.847197
81,33,3018.847197
81,33,3018.847197
81,33,3018.847197
82,16,3763.584123
82,16,3763.584123
82,16,3763.584123
82,16,3763.584123
82,16,3763.584123
82,16,3763.584123
82,16,3763.584123
82,16,3763.584123
82,16,3763.584123
82,17,3560.427598
82,17,3560.427598
82,17,3560.427598
82,17,3560.427598
82,17,3560.427598
82,17,3560.427598
82,17,3560.427598
82,17,3560.427598
82,18,3479.716034
82,18,3479.716034
82,19,3344.986260
82,19,3344.986260
82,19,3344.986260
82,19,3344.986260
82,19,3344.986260
82,19,3344.986260
82,19,3344.986260
82,19,3344.986260
82,19,3344.986260
82,19,3344.986260
82,19,3344.986260
82,19,3344.986260
82,19,3344.986260
82,19,3344.986260
82,19,3344.986260
82,19,3344.986260
82,19,3344.986260
82,19,3344.986260
82,19,3344.986260
82,19,3344.986260
82,19,3344.986260
82,20,3272.584205
82,20,3272.584205
82,20,3272.584205
82,20,3272.584205
82,20,3272.584205
82,20,3272.584205
82,20,3272.584205
82,21,3244.507399
82,21,3244.507399
82,21,3244.507399
82,21,3244.507399
82,22,3167.493005
82,22,3167.493005
82,22,3167.493005
82,22,3167.493005
82,22,3167.493005
82,23,3131.211310
82,23,3131.211310
82,23,3131.211310
82,23,3131.211310
82,23,3131.211310
82,23,3131.211310
82,23,3131.211310
82,23,3131.211310
82,23,3131.211310
82,23,3131.211310
82,23,3131.211310
82,23,3131.211310
82,23,3131.211310
82,23,3131.211310
82,23,3131.211310
82,23,3131.211310
82,23,3131.211310
82,23,3131.211310
82,23,3131.211310
82,23,3131.211310
82,23,3131.211310
82,23,3131.211310
82,24,3106.144908
82,24,3106.144908
82,24,3106.144908
82,24,3106.144908
82,24,3106.144908
82,24,3106.144908
82,24,3106.144908
82,24,3106.144908
82,24,3106.144908
82,24,3106.144908
82,24,3106.144908
82,24,3106.144908
82,24,3106.144908
82,24,3106.144908
82,24,3106.144908
82,24,3106.144908
82,24,3106.144908
82,24,3106.144908
82,26,3080.533981
82,26,3080.533981
82,26,3080.533981
82,26,3080.533981
82,26,3080.533981
82,26,3080.533981
82,26,3080.533981
82,26,3080.533981
82,26,3080.533981
82,26,3080.533981
82,26,3080.533981
82,26,3080.533981
82,26,3080.533981
82,26,3080.533981
82,26,3080.533981
82,26,3080.533981
82,26,3080.533981
82,26,3080.533981
82,27,3047.466127
82,27,3047.466127
82,27,3047.466127
82,28,3016.201038
83,16,3668.875962
83,17,3560.427598
83,17,3560.427598
83,17,3560.427598
83,17,3560.427598
83,17,3560.427598
83,17,3560.427598
83,17,3560.427598
83,17,3560.427598
83,17,3560.427598
83,18,3479.716034
83,18,3479.716034
83,18,3479.716034
83,19,3297.744426
83,20,3272.584205
83,20,3272.584205
83,20,3272.584205
83,20,3272.584205
83,20,3272.584205
83,20,3272.584205
83,20,3272.584205
83,20,3272.584205
83,21,3191.514622
83,22,3167.493005
83,22,3167.493005
83,22,3167.493005
83,22,3167.493005
83,22,3167.493005
83,22,3167.493005
83,23,3070.263633
83,27,3009.734038
83,29,3005.184706
84,16,3668.875962
84,16,3668.875962
84,17,3560.427598
84,17,3560.427598
84,17,3560.427598
84,17,3560.427598
84,17,3560.427598
84,17,3560.427598
84,17,3560.427598
84,17,3560.427598
84,17,3560.427598
84,17,3560.427598
84,18,3479.716034
84,18,3479.716034
84,18,3479.716034
84,18,3479.716034
84,19,3297.744426
84,19,3297.744426
84,20,3207.577583
84,21,3191.514622
84,21,3191.514622
84,22,3167.493005
84,22,3167.493005
84,22,3167.493005
84,22,3167.493005
84,22,3167.493005
84,22,3167.493005
84,22,3167.493005
84,23,3054.126221
84,27,3009.734038
84,27,3009.734038
84,29,3005.184706
84,29,3005.184706
85,16,3668.875962
85,16,3668.875962
85,16,3668.875962
85,17,3489.547347
85,18,3464.396111
85,19,3263.952927
85,20,3207.577583
85,20,3207.577583
85,21,3191.514622
85,21,3191.514622
85,21,3191.514622
85,22,3167.493005
85,22,3167.493005
85,22,3167.493005
85,22,3167.493005
85,22,3167.493005
85,22,3167.493005
85,22,3167.493005
85,22,3167.493005
85,23,3054.126221
85,23,3054.126221
85,27,3009.734038
85,27,3009.734038
85,27,3009.734038
85,29,3005.184706
85,29,3005.184706
85,29,3005.184706
86,16,3668.875962
86,16,3668.875962
86,16,3668.875962
86,16,3668.875962
86,17,3489.547347
86,17,3489.547347
86,18,3464.396111
86,18,3464.396111
86,18,3464.396111
86,19,3263.952927
86,19,3263.952927
86,20,3207.577583
86,20,3207.577583
86,20,3207.577583
86,21,3191.514622
86,21,3191.514622
86,21,3191.514622
86,21,3191.514622
86,22,3086.485129
86,23,3054.126221
86,23,3054.126221
86,23,3054.126221
86,27,3009.734038
86,27,3009.734038
86,27,3009.734038
86,27,3009.734038
86,29,3005.184706
86,29,3005.184706
86,29,3005.184706
86,29,3005.184706
87,16,3668.875962
87,16,3668.875962
87,16,3668.875962
87,16,3668.875962
87,16,3668.875962
87,17,3489.547347
87,17,3489.547347
87,17,3489.547347
87,18,3406.482289
87,19,3232.582620
87,20,3207.577583
87,20,3207.577583
87,20,3207.577583
87,20,3207.577583
87,21,3191.514622
87,21,3191.514622
87,21,3191.514622
87,21,3191.514622
87,21,3191.514622
87,22,3086.485129
87,22,3086.485129
87,23,3054.126221
87,23,3054.126221
87,23,3054.126221
87,23,3054.126221
87,27,3009.734038
87,27,3009.734038
87,27,3009.734038
87,27,3009.734038
87,27,3009.734038
87,29,3005.184706
87,29,3005.184706
87,29,3005.184706
87,29,3005.184706
87,29,3005.184706
88,16,3668.875962
88,16,3668.875962
88,16,3668.875962
88,16,3668.875962
88,16,3668.875962
88,16,3668.875962
88,17,3489.547347
88,17,3489.547347
88,17,3489.547347
88,17,3489.547347
88,18,3406.482289
88,18,3406.482289
88,19,3232.582620
88,19,3232.582620
88,20,3207.577583
88,20,3207.577583
88,20,3207.577583
88,20,3207.577583
88,20,3207.577583
88,21,3188.032671
88,22,3086.485129
88,22,3086.485129
88,22,3086.485129
88,23,3054.126221
88,23,3054.126221
88,23,3054.126221
88,23,3054.126221
88,23,3054.126221
88,26,2988.245166
89,16,3668.875962
89,16,3668.875962
89,16,3668.875962
89,16,3668.875962
89,16,3668.875962
89,16,3668.875962
89,16,3668.875962
89,17,3489.547347
89,17,3489.547347
89,17,3489.547347
89,17,3489.547347
89,17,3489.547347
89,18,3406.482289
89,18,3406.482289
89,18,3406.482289
89,19,3232.582620
89,19,3232.582620
89,19,3232.582620
89,20,3207.577583
89,20,3207.577583
89,20,3207.577583
89,20,3207.577583
89,20,3207.577583
89,20,3207.577583
89,21,3188.032671
89,21,3188.032671
89,22,3086.485129
89,22,3086.485129
89,22,3086.485129
89,22,3086.485129
89,23,3054.126221
89,23,3054.126221
89,23,3054.126221
89,23,3054.126221
89,23,3054.126221
89,23,3054.126221
89,24,3013.504567
89,26,2988.245166
89,26,2988.245166
90,16,3668.875962
90,16,3668.875962
90,16,3668.875962
90,16,3668.875962
90,16,3668.875962
90,16,3668.875962
90,16,3668.875962
90,16,3668.875962
90,17,3489.547347
90,17,3489.547347
90,17,3489.547347
90,17,3489.547347
90,17,3489.547347
90,17,3489.547347
90,18,3383.972674
90,19,3232.582620
90,19,3232.582620
90,19,3232.582620
90,19,3232.582620
90,20,3189.017800
90,21,3188.032671
90,21,3188.032671
90,21,3188.032671
90,22,3086.485129
90,22,3086.485129
90,22,3086.485129
90,22,3086.485129
90,22,3086.485129
90,23,3054.126221
90,23,3054.126221
90,23,3054.126221
90,23,3054.126221
90,23,3054.126221
90,23,3054.126221
90,23,3054.126221
90,24,3013.504567
90,24,3013.504567
90,26,2988.245166
90,26,2988.245166
90,26,2988.245166
91,16,3526.277124
91,17,3489.547347
91,17,3489.547347
91,17,3489.547347
91,17,3489.547347
91,17,3489.547347
91,17,3489.547347
91,17,3489.547347
91,18,3383.972674
91,18,3383.972674
91,19,3232.582620
91,19,3232.582620
91,19,3232.582620
91,19,3232.582620
91,19,3232.582620
91,20,3189.017800
91,20,3189.017800
91,21,3141.331123
91,22,3086.485129
91,22,3086.485129
91,22,3086.485129
91,22,3086.485129
91,22,3086.485129
91,22,3086.485129
91,23,3054.126221
91,23,3054.126221
91,23,3054.126221
91,23,3054.126221
91,23,3054.126221
91,23,3054.126221
91,23,3054.126221
91,23,3054.126221
91,24,3013.504567
91,24,3013.504567
91,24,3013.504567
91,26,2988.245166
91,26,2988.245166
91,26,2988.245166
91,26,2988.245166
92,16,3526.277124
92,16,3526.277124
92,17,3489.547347
92,17,3489.547347
92,17,3489.547347
92,17,3489.547347
92,17,3489.547347
92,17,3489.547347
92,17,3489.547347
92,17,3489.547347
92,18,3220.285941
92,19,3216.974957
92,20,3189.017800
92,20,3189.017800
92,20,3189.017800
92,21,3141.331123
92,21,3141.331123
92,22,3086.485129
92,22,3086.485129
92,22,3086.485129
92,22,3086.485129
92,22,3086.485129
92,22,3086.485129
92,22,3086.485129
92,23,3054.126221
92,23,3054.126221
92,23,3054.126221
92,23,3054.126221
92,23,3054.126221
92,23,3054.126221
92,23,3054.126221
92,23,3054.126221
92,23,3054.126221
92,24,3013.504567
92,24,3013.504567
92,24,3013.504567
92,24,3013.504567
92,26,2982.341864
93,16,3526.277124
93,16,3526.277124
93,16,3526.277124
93,17,3477.511692
93,18,3220.285941
93,18,3220.285941
93,19,3216.974957
93,19,3216.974957
93,20,3116.406652
93,22,3086.485129
93,22,3086.485129
93,22,3086.485129
93,22,3086.485129
93,22,3086.485129
93,22,3086.485129
93,22,3086.485129
93,22,3086.485129
93,23,3054.126221
93,23,3054.126221
93,23,3054.126221
93,23,3054.126221
93,23,3054.126221
93,23,3054.126221
93,23,3054.126221
93,23,3054.126221
93,23,3054.126221
93,23,3054.126221
93,24,3013.504567
93,24,3013.504567
93,24,3013.504567
93,24,3013.504567
93,24,3013.504567
93,26,2982.341864
93,26,2982.341864
94,16,3526.277124
94,16,3526.277124
94,16,3526.277124
94,16,3526.277124
94,17,3474.146645
94,18,3220.285941
94,18,3220.285941
94,18,3220.285941
94,19,3216.974957
94,19,3216.974957
94,19,3216.974957
94,20,3116.406652
94,20,3116.406652
94,22,3086.485129
94,22,3086.485129
94,22,3086.485129
94,22,3086.485129
94,22,3086.485129
94,22,3086.485129
94,22,3086.485129
94,22,3086.485129
94,22,3086.485129
94,23,3054.126221
94,23,3054.126221
94,23,3054.126221
94,23,3054.126221
94,23,3054.126221
94,23,3054.126221
94,23,3054.126221
94,23,3054.126221
94,23,3054.126221
94,23,3054.126221
94,23,3054.126221
94,24,3013.504567
94,24,3013.504567
94,24,3013.504567
94,24,3013.504567
94,24,3013.504567
94,24,3013.504567
94,26,2982.341864
94,26,2982.341864
94,26,2982.341864
95,16,3526.277124
95,16,3526.277124
95,16,3526.277124
95,16,3526.277124
95,16,3526.277124
95,17,3474.146645
95,17,3474.146645
95,18,3220.285941
95,18,3220.285941
95,18,3220.285941
95,18,3220.285941
95,19,3216.974957
95,19,3216.974957
95,19,3216.974957
95,19,3216.974957
95,20,3116.406652
95,20,3116.406652
95,20,3116.406652
95,22,3086.485129
95,22,3086.485129
95,22,3086.485129
95,22,3086.485129
95,22,3086.485129
95,22,3086.485129
95,22,3086.485129
95,22,3086.485129
95,22,3086.485129
95,22,3086.485129
95,23,3033.794188
95,24,3013.504567
95,24,3013.504567
95,24,3013.504567
95,24,3013.504567
95,24,3013.504567
95,24,3013.504567
95,24,3013.504567
95,26,2982.341864
95,26,2982.341864
95,26,2982.341864
95,26,2982.341864
96,16,3526.277124
96,16,3526.277124
96,16,3526.277124
96,16,3526.277124
96,16,3526.277124
96,16,3526.277124
96,17,3410.859406
96,18,3220.285941
96,18,3220.285941
96,18,3220.285941
96,18,3220.285941
96,18,3220.285941
96,19,3216.974957
96,19,3216.974957
96,19,3216.974957
96,19,3216.974957
96,19,3216.974957
96,20,3116.406652
96,20,3116.406652
96,20,3116.406652
96,20,3116.406652
96,22,3086.485129
96,22,3086.485129
96,22,3086.485129
96,22,3086.485129
96,22,3086.485129
96,22,3086.485129
96,22,3086.485129
96,22,3086.485129
96,22,3086.485129
96,22,3086.485129
96,22,3086.485129
96,23,3033.794188
96,23,3033.794188
96,24,3013.504567
96,24,3013.504567
96,24,3013.504567
96,24,3013.504567
96,24,3013.504567
96,24,3013.504567
96,24,3013.504567
96,24,3013.504567
96,26,2982.341864
96,26,2982.341864
96,26,2982.341864
96,26,2982.341864
96,26,2982.341864
97,16,3526.277124
97,16,3526.277124
97,16,3526.277124
97,16,3526.277124
97,16,3526.277124
97,16,3526.277124
97,16,3526.277124
97,17,3410.859406
97,17,3410.859406
97,18,3220.285941
97,18,3220.285941
97,18,3220.285941
97,18,3220.285941
97,18,3220.285941
97,18,3220.285941
97,19,3216.974957
97,19,3216.974957
97,19,3216.974957
97,19,3216.974957
97,19,3216.974957
97,19,3216.974957
97,20,3116.406652
97,20,3116.406652
97,20,3116.406652
97,20,3116.406652
97,20,3116.406652
97,22,3086.485129
97,22,3086.485129
97,22,3086.485129
97,22,3086.485129
97,22,3086.485129
97,22,3086.485129
97,22,3086.485129
97,22,3086.485129
97,22,3086.485129
97,22,3086.485129
97,22,3086.485129
97,22,3086.485129
97,23,3033.794188
97,23,3033.794188
97,23,3033.794188
97,24,3013.504567
97,24,3013.504567
97,24,3013.504567
97,24,3013.504567
97,24,3013.504567
97,24,3013.504567
97,24,3013.504567
97,24,3013.504567
97,24,3013.504567
97,26,2982.341864
97,26,2982.341864
97,26,2982.341864
97,26,2982.341864
97,26,2982.341864
97,26,2982.341864
98,16,3526.277124
98,16,3526.277124
98,16,3526.277124
98,16,3526.277124
98,16,3526.277124
98,16,3526.277124
98,16,3526.277124
98,16,3526.277124
98,17,3410.859406
98,17,3410.859406
98,17,3410.859406
98,18,3220.285941
98,18,3220.285941
98,18,3220.285941
98,18,3220.285941
98,18,3220.285941
98,18,3220.285941
98,18,3220.285941
98,19,3216.974957
98,19,3216.974957
98,19,3216.974957
98,19,3216.974957
98,19,3216.974957
98,19,3216.974957
98,19,3216.974957
98,20,3116.406652
98,20,3116.406652
98,20,3116.406652
98,20,3116.406652
98,20,3116.406652
98,20,3116.406652
98,22,3086.485129
98,22,3086.485129
98,22,3086.485129
98,22,3086.485129
98,22,3086.485129
98,22,3086.485129
98,22,3086.485129
98,22,3086.485129
98,22,3086.485129
98,22,3086.485129
98,22,3086.485129
98,22,3086.485129
98,22,3086.485129
98,23,3033.794188
98,23,3033.794188
98,23,3033.794188
98,23,3033.794188
98,24,3013.504567
98,24,3013.504567
98,24,3013.504567
98,24,3013.504567
98,24,3013.504567
98,24,3013.504567
98,24,3013.504567
98,24,3013.504567
98,24,3013.504567
98,24,3013.504567
98,26,2982.341864
98,26,2982.341864
98,26,2982.341864
98,26,2982.341864
98,26,2982.341864
98,26,2982.341864
98,26,2982.341864
99,16,3526.277124
99,16,3526.277124
99,16,3526.277124
99,16,3526.277124
99,16,3526.277124
99,16,3526.277124
99,16,3526.277124
99,16,3526.277124
99,16,3526.277124
99,17,3410.859406
99,17,3410.859406
99,17,3410.859406
99,17,3410.859406
99,18,3220.285941
99,18,3220.285941
99,18,3220.285941
99,18,3220.285941
99,18,3220.285941
99,18,3220.285941
99,18,3220.285941
99,18,3220.285941
99,19,3216.974957
99,19,3216.974957
99,19,3216.974957
99,19,3216.974957
99,19,3216.974957
99,19,3216.974957
99,19,3216.974957
99,19,3216.974957
99,20,3116.406652
99,20,3116.406652
99,20,3116.406652
99,20,3116.406652
99,20,3116.406652
99,20,3116.406652
99,20,3116.406652
99,21,3111.393033
99,22,3086.485129
99,22,3086.485129
99,22,3086.485129
99,22,3086.485129
99,22,3086.485129
99,22,3086.485129
99,22,3086.485129
99,22,3086.485129
99,22,3086.485129
99,22,3086.485129
99,22,3086.485129
99,22,3086.485129
99,22,3086.485129
99,22,3086.485129
99,23,3033.794188
99,23,3033.794188
99,23,3033.794188
99,23,3033.794188
99,23,3033.794188
99,23,3033.794188
99,24,3013.504567
99,24,3013.504567
99,24,3013.504567
99,24,3013.504567
99,24,3013.504567
99,24,3013.504567
99,24,3013.504567
99,24,3013.504567
99,24,3013.504567
99,24,3013.504567
99,24,3013.504567
99,25,2971.287683
100,16,3526.277124
100,16,3526.277124
100,16,3526.277124
100,16,3526.277124
100,16,3526.277124
100,16,3526.277124
100,16,3526.277124
100,16,3526.277124
100,16,3526.277124
100,16,3526.277124
100,17,3410.859406
100,17,3410.859406
100,17,3410.859406
100,17,3410.859406
100,17,3410.859406
100,18,3220.285941
100,18,3220.285941
100,18,3220.285941
100,18,3220.285941
100,18,3220.285941
100,18,3220.285941
100,18,3220.285941
100,18,3220.285941
100,18,3220.285941
100,19,3212.338672
100,20,3116.406652
100,20,3116.406652
100,20,3116.406652
100,20,3116.406652
100,20,3116.406652
100,20,3116.406652
100,20,3116.406652
100,20,3116.406652
100,21,3109.719745
100,22,3070.756036
100,23,3033.794188
100,23,3033.794188
100,23,3033.794188
100,23,3033.794188
100,23,3033.794188
100,23,3033.794188
100,23,3033.794188
100,23,3033.794188
100,24,3013.504567
100,24,3013.504567
100,24,3013.504567
100,24,3013.504567
100,24,3013.504567
100,24,3013.504567
100,24,3013.504567
100,24,3013.504567
100,24,3013.504567
100,24,3013.504567
100,24,3013.504567
100,24,3013.504567
100,25,2971.287683
100,25,2971.287683
101,16,3526.277124
101,16,3526.277124
101,16,3526.277124
101,16,3526.277124
101,16,3526.277124
101,16,3526.277124
101,16,3526.277124
101,16,3526.277124
101,16,3526.277124
101,16,3526.277124
101,16,3526.277124
101,17,3410.859406
101,17,3410.859406
101,17,3410.859406
101,17,3410.859406
101,17,3410.859406
101,17,3410.859406
101,18,3220.285941
101,18,3220.285941
101,18,3220.285941
101,18,3220.285941
101,18,3220.285941
101,18,3220.285941
101,18,3220.285941
101,18,3220.285941
101,18,3220.285941
101,18,3220.285941
101,19,3212.338672
101,19,3212.338672
101,20,3116.406652
101,20,3116.406652
101,20,3116.406652
101,20,3116.406652
101,20,3116.406652
101,20,3116.406652
101,20,3116.406652
101,20,3116.406652
101,20,3116.406652
101,21,3109.719745
101,21,3109.719745
101,22,3070.756036
101,22,3070.756036
101,23,2973.211009
101,25,2971.287683
101,25,2971.287683
101,25,2971.287683
101,28,2966.730112
102,16,3526.277124
102,16,3526.277124
102,16,3526.277124
102,16,3526.277124
102,16,3526.277124
102,16,3526.277124
102,16,3526.277124
102,16,3526.277124
102,16,3526.277124
102,16,3526.277124
102,16,3526.277124
102,16,3526.277124
102,17,3385.843102
102,18,3220.285941
102,18,3220.285941
102,18,3220.285941
102,18,3220.285941
102,18,3220.285941
102,18,3220.285941
102,18,3220.285941
102,18,3220.285941
102,18,3220.285941
102,18,3220.285941
102,18,3220.285941
102,19,3212.338672
102,19,3212.338672
102,19,3212.338672
102,20,3116.406652
102,20,3116.406652
102,20,3116.406652
102,20,3116.406652
102,20,3116.406652
102,20,3116.406652
102,20,3116.406652
102,20,3116.406652
102,20,3116.406652
102,20,3116.406652
102,21,3080.870658
102,22,3070.756036
102,22,3070.756036
102,22,3070.756036
102,23,2973.211009
102,23,2973.211009
102,25,2971.287683
102,25,2971.287683
102,25,2971.287683
102,25,2971.287683
102,28,2966.730112
102,28,2966.730112
103,16,3526.277124
103,16,3526.277124
103,16,3526.277124
103,16,3526.277124
103,16,3526.277124
103,16,3526.277124
103,16,3526.277124
103,16,3526.277124
103,16,3526.277124
103,16,3526.277124
103,16,3526.277124
103,16,3526.277124
103,16,3526.277124
103,17,3385.843102
103,17,3385.843102
103,18,3220.285941
103,18,3220.285941
103,18,3220.285941
103,18,3220.285941
103,18,3220.285941
103,18,3220.285941
103,18,3220.285941
103,18,3220.285941
103,18,3220.285941
103,18,3220.285941
103,18,3220.285941
103,18,3220.285941
103,19,3203.944954
103,20,3116.406652
103,20,3116.406652
103,20,3116.406652
103,20,3116.406652
103,20,3116.406652
103,20,3116.406652
103,20,3116.406652
103,20,3116.406652
103,20,3116.406652
103,20,3116.406652
103,20,3116.406652
103,21,3080.870658
103,21,3080.870658
103,22,3070.756036
103,22,3070.756036
103,22,3070.756036
103,22,3070.756036
103,23,2973.211009
103,23,2973.211009
103,23,2973.211009
103,25,2971.287683
103,25,2971.287683
103,25,2971.287683
103,25,2971.287683
103,25,2971.287683
103,28,2966.730112
103,28,2966.730112
103,28,2966.730112
104,16,3504.962744
104,17,3293.529311
104,18,3220.285941
104,18,3220.285941
104,18,3220.285941
104,18,3220.285941
104,18,3220.285941
104,18,3220.285941
104,18,3220.285941
104,18,3220.285941
104,18,3220.285941
104,18,3220.285941
104,18,3220.285941
104,18,3220.285941
104,18,3220.285941
104,19,3203.944954
104,19,3203.944954
104,20,3116.406652
104,20,3116.406652
104,20,3116.406652
104,20,3116.406652
104,20,3116.406652
104,20,3116.406652
104,20,3116.406652
104,20,3116.406652
104,20,3116.406652
104,20,3116.406652
104,20,3116.406652
104,20,3116.406652
104,21,3080.870658
104,21,3080.870658
104,21,3080.870658
104,22,3070.756036
104,22,3070.756036
104,22,3070.756036
104,22,3070.756036
104,22,3070.756036
104,23,2973.211009
104,23,2973.211009
104,23,2973.211009
104,23,2973.211009
104,25,2971.287683
104,25,2971.287683
104,25,2971.287683
104,25,2971.287683
104,25,2971.287683
104,25,2971.287683
104,28,2966.730112
104,28,2966.730112
104,28,2966.730112
104,28,2966.730112
105,16,3504.962744
105,16,3504.962744
105,17,3293.529311
105,17,3293.529311
105,18,3220.285941
105,18,3220.285941
105,18,3220.285941
105,18,3220.285941
105,18,3220.285941
105,18,3220.285941
105,18,3220.285941
105,18,3220.285941
105,18,3220.285941
105,18,3220.285941
105,18,3220.285941
105,18,3220.285941
105,18,3220.285941
105,18,3220.285941
105,19,3203.944954
105,19,3203.944954
105,19,3203.944954
105,20,3116.406652
105,20,3116.406652
105,20,3116.406652
105,20,3116.406652
105,20,3116.406652
105,20,3116.406652
105,20,3116.406652
105,20,3116.406652
105,20,3116.406652
105,20,3116.406652
105,20,3116.406652
105,20,3116.406652
105,20,3116.406652
105,21,3080.870658
105,21,3080.870658
105,21,3080.870658
105,21,3080.870658
105,22,3070.756036
105,22,3070.756036
105,22,3070.756036
105,22,3070.756036
105,22,3070.756036
105,22,3070.756036
105,23,2973.211009
105,23,2973.211009
105,23,2973.211009
105,23,2973.211009
105,23,2973.211009
105,25,2969.973067
105,27,2967.689645
105,28,2966.730112
105,28,2966.730112
105,28,2966.730112
105,28,2966.730112
105,28,2966.730112
106,16,3504.962744
106,16,3504.962744
106,16,3504.962744
106,17,3293.529311
106,17,3293.529311
106,17,3293.529311
106,18,3220.285941
106,18,3220.285941
106,18,3220.285941
106,18,3220.285941
106,18,3220.285941
106,18,3220.285941
106,18,3220.285941
106,18,3220.285941
106,18,3220.285941
106,18,3220.285941
106,18,3220.285941
106,18,3220.285941
106,18,3220.285941
106,18,3220.285941
106,18,3220.285941
106,19,3203.944954
106,19,3203.944954
106,19,3203.944954
106,19,3203.944954
106,20,3116.406652
106,20,3116.406652
106,20,3116.406652
106,20,3116.406652
106,20,3116.406652
106,20,3116.406652
106,20,3116.406652
106,20,3116.406652
106,20,3116.406652
106,20,3116.406652
106,20,3116.406652
106,20,3116.406652
106,20,3116.406652
106,20,3116.406652
106,21,3080.870658
106,21,3080.870658
106,21,3080.870658
106,21,3080.870658
106,21,3080.870658
106,22,3056.855790
106,23,2973.211009
106,23,2973.211009
106,23,2973.211009
106,23,2973.211009
106,23,2973.211009
106,23,2973.211009
106,25,2969.973067
106,25,2969.973067
106,27,2967.689645
106,27,2967.689645
106,28,2966.730112
106,28,2966.730112
106,28,2966.730112
106,28,2966.730112
106,28,2966.730112
106,28,2966.730112
107,16,3490.795207
107,17,3293.529311
107,17,3293.529311
107,17,3293.529311
107,17,3293.529311
107,18,3220.285941
107,18,3220.285941
107,18,3220.285941
107,18,3220.285941
107,18,3220.285941
107,18,3220.285941
107,18,3220.285941
107,18,3220.285941
107,18,3220.285941
107,18,3220.285941
107,18,3220.285941
107,18,3220.285941
107,18,3220.285941
107,18,3220.285941
107,18,3220.285941
107,18,3220.285941
107,19,3156.634819
107,20,3116.406652
107,20,3116.406652
107,20,3116.406652
107,20,3116.406652
107,20,3116.406652
107,20,3116.406652
107,20,3116.406652
107,20,3116.406652
107,20,3116.406652
107,20,3116.406652
107,20,3116.406652
107,20,3116.406652
107,20,3116.406652
107,20,3116.406652
107,20,3116.406652
107,21,3080.870658
107,21,3080.870658
107,21,3080.870658
107,21,3080.870658
107,21,3080.870658
107,21,3080.870658
107,22,3056.855790
107,22,3056.855790
107,23,2973.211009
107,23,2973.211009
107,23,2973.211009
107,23,2973.211009
107,23,2973.211009
107,23,2973.211009
107,23,2973.211009
107,25,2969.973067
107,25,2969.973067
107,25,2969.973067
107,27,2967.689645
107,27,2967.689645
107,27,2967.689645
107,28,2966.730112
107,28,2966.730112
107,28,2966.730112
107,28,2966.730112
107,28,2966.730112
107,28,2966.730112
107,28,2966.730112
108,16,3490.795207
108,16,3490.795207
108,17,3293.529311
108,17,3293.529311
108,17,3293.529311
108,17,3293.529311
108,17,3293.529311
108,18,3216.500086
108,19,3156.634819
108,19,3156.634819
108,20,3116.406652
108,20,3116.406652
108,20,3116.406652
108,20,3116.406652
108,20,3116.406652
108,20,3116.406652
108,20,3116.406652
108,20,3116.406652
108,20,3116.406652
108,20,3116.406652
108,20,3116.406652
108,20,3116.406652
108,20,3116.406652
108,20,3116.406652
108,20,3116.406652
108,20,3116.406652
108,21,3080.870658
108,21,3080.870658
108,21,3080.870658
108,21,3080.870658
108,21,3080.870658
108,21,3080.870658
108,21,3080.870658
108,22,3056.855790
108,22,3056.855790
108,22,3056.855790
108,23,2973.211009
108,23,2973.211009
108,23,2973.211009
108,23,2973.211009
108,23,2973.211009
108,23,2973.211009
108,23,2973.211009
108,23,2973.211009
108,25,2969.973067
108,25,2969.973067
108,25,2969.973067
108,25,2969.973067
108,27,2967.689645
108,27,2967.689645
108,27,2967.689645
108,27,2967.689645
108,28,2966.730112
108,28,2966.730112
108,28,2966.730112
108,28,2966.730112
108,28,2966.730112
108,28,2966.730112
108,28,2966.730112
108,28,2966.730112
109,16,3490.795207
109,16,3490.795207
109,16,3490.795207
109,17,3293.529311
109,17,3293.529311
109,17,3293.529311
109,17,3293.529311
109,17,3293.529311
109,17,3293.529311
109,18,3216.500086
109,18,3216.500086
109,19,3156.634819
109,19,3156.634819
109,19,3156.634819
109,20,3116.406652
109,20,3116.406652
109,20,3116.406652
109,20,3116.406652
109,20,3116.406652
109,20,3116.406652
109,20,3116.406652
109,20,3116.406652
109,20,3116.406652
109,20,3116.406652
109,20,3116.406652
109,20,3116.406652
109,20,3116.406652
109,20,3116.406652
109,20,3116.406652
109,20,3116.406652
109,20,3116.406652
109,21,3080.870658
109,21,3080.870658
109,21,3080.870658
109,21,3080.870658
109,21,3080.870658
109,21,3080.870658
109,21,3080.870658
109,21,3080.870658
109,22,3056.855790
109,22,3056.855790
109,22,3056.855790
109,22,3056.855790
109,23,2973.211009
109,23,2973.211009
109,23,2973.211009
109,23,2973.211009
109,23,2973.211009
109,23,2973.211009
109,23,2973.211009
109,23,2973.211009
109,23,2973.211009
109,24,2960.636764
109,25,2960.423543
110,16,3490.795207
110,16,3490.795207
110,16,3490.795207
110,16,3490.795207
110,17,3293.529311
110,17,3293.529311
110,17,3293.529311
110,17,3293.529311
110,17,3293.529311
110,17,3293.529311
110,17,3293.529311
110,18,3216.500086
110,18,3216.500086
110,18,3216.500086
110,19,3154.758420
110,20,3116.406652
110,20,3116.406652
110,20,3116.406652
110,20,3116.406652
110,20,3116.406652
110,20,3116.406652
110,20,3116.406652
110,20,3116.406652
110,20,3116.406652
110,20,3116.406652
110,20,3116.406652
110,20,3116.406652
110,20,3116.406652
110,20,3116.406652
110,20,3116.406652
110,20,3116.406652
110,20,3116.406652
110,20,3116.406652
110,21,3080.870658
110,21,3080.870658
110,21,3080.870658
110,21,3080.870658
110,21,3080.870658
110,21,3080.870658
110,21,3080.870658
110,21,3080.870658
110,21,3080.870658
110,22,3056.855790
110,22,3056.855790
110,22,3056.855790
110,22,3056.855790
110,22,3056.855790
110,23,2973.211009
110,23,2973.211009
110,23,2973.211009
110,23,2973.211009
110,23,2973.211009
110,23,2973.211009
110,23,2973.211009
110,23,2973.211009
110,23,2973.211009
110,23,2973.211009
110,24,2960.636764
110,24,2960.636764
110,25,2960.423543
110,25,2960.423543
111,16,3490.795207
111,16,3490.795207
111,16,3490.795207
111,16,3490.795207
111,16,3490.795207
111,17,3293.529311
111,17,3293.529311
111,17,3293.529311
111,17,3293.529311
111,17,3293.529311
111,17,3293.529311
111,17,3293.529311
111,17,3293.529311
111,18,3216.500086
111,18,3216.500086
111,18,3216.500086
111,18,3216.500086
111,19,3154.758420
111,19,3154.758420
111,20,3106.575744
111,21,3051.018279
111,23,2973.211009
111,23,2973.211009
111,23,2973.211009
111,23,2973.211009
111,23,2973.211009
111,23,2973.211009
111,23,2973.211009
111,23,2973.211009
111,23,2973.211009
111,23,2973.211009
111,23,2973.211009
111,24,2960.636764
111,24,2960.636764
111,24,2960.636764
111,25,2960.423543
111,25,2960.423543
111,25,2960.423543
112,16,3490.795207
112,16,3490.795207
112,16,3490.795207
112,16,3490.795207
112,16,3490.795207
112,16,3490.795207
112,17,3293.529311
112,17,3293.529311
112,17,3293.529311
112,17,3293.529311
112,17,3293.529311
112,17,3293.529311
112,17,3293.529311
112,17,3293.529311
112,17,3293.529311
112,18,3216.500086
112,18,3216.500086
112,18,3216.500086
112,18,3216.500086
112,18,3216.500086
112,19,3154.758420
112,19,3154.758420
112,19,3154.758420
112,20,3106.575744
112,20,3106.575744
112,21,3051.018279
112,21,3051.018279
112,22,2989.488237
112,23,2973.211009
112,23,2973.211009
112,23,2973.211009
112,23,2973.211009
112,23,2973.211009
112,23,2973.211009
112,23,2973.211009
112,23,2973.211009
112,23,2973.211009
112,23,2973.211009
112,23,2973.211009
112,23,2973.211009
112,24,2960.636764
112,24,2960.636764
112,24,2960.636764
112,24,2960.636764
112,25,2960.423543
112,25,2960.423543
112,25,2960.423543
112,25,2960.423543
113,16,3413.545948
113,17,3293.529311
113,17,3293.529311
113,17,3293.529311
113,17,3293.529311
113,17,3293.529311
113,17,3293.529311
113,17,3293.529311
113,17,3293.529311
113,17,3293.529311
113,17,3293.529311
113,18,3189.742102
113,19,3154.758420
113,19,3154.758420
113,19,3154.758420
113,19,3154.758420
113,20,3106.575744
113,20,3106.575744
113,20,3106.575744
113,21,3051.018279
113,21,3051.018279
113,21,3051.018279
113,22,2989.488237
113,22,2989.488237
113,23,2973.211009
113,23,2973.211009
113,23,2973.211009
113,23,2973.211009
113,23,2973.211009
113,23,2973.211009
113,23,2973.211009
113,23,2973.211009
113,23,2973.211009
113,23,2973.211009
113,23,2973.211009
113,23,2973.211009
113,23,2973.211009
113,24,2960.636764
113,24,2960.636764
113,24,2960.636764
113,24,2960.636764
113,24,2960.636764
113,25,2960.423543
113,25,2960.423543
113,25,2960.423543
113,25,2960.423543
113,25,2960.423543
113,26,2936.648587
114,16,3413.545948
114,16,3413.545948
114,17,3293.529311
114,17,3293.529311
114,17,3293.529311
114,17,3293.529311
114,17,3293.529311
114,17,3293.529311
114,17,3293.529311
114,17,3293.529311
114,17,3293.529311
114,17,3293.529311
114,17,3293.529311
114,18,3189.742102
114,18,3189.742102
114,19,3154.758420
114,19,3154.758420
114,19,3154.758420
114,19,3154.758420
114,19,3154.758420
114,20,3106.575744
114,20,3106.575744
114,20,3106.575744
114,20,3106.575744
114,21,3012.387572
114,22,2989.488237
114,22,2989.488237
114,22,2989.488237
114,23,2973.211009
114,23,2973.211009
114,23,2973.211009
114,23,2973.211009
114,23,2973.211009
114,23,2973.211009
114,23,2973.211009
114,23,2973.211009
114,23,2973.211009
114,23,2973.211009
114,23,2973.211009
114,23,2973.211009
114,23,2973.211009
114,23,2973.211009
114,24,2960.636764
114,24,2960.636764
114,24,2960.636764
114,24,2960.636764
114,24,2960.636764
114,24,2960.636764
114,25,2960.423543
114,25,2960.423543
114,25,2960.423543
114,25,2960.423543
114,25,2960.423543
114,25,2960.423543
114,26,2936.648587
114,26,2936.648587
115,16,3413.545948
115,16,3413.545948
115,16,3413.545948
115,17,3293.529311
115,17,3293.529311
115,17,3293.529311
115,17,3293.529311
115,17,3293.529311
115,17,3293.529311
115,17,3293.529311
115,17,3293.529311
115,17,3293.529311
115,17,3293.529311
115,17,3293.529311
115,17,3293.529311
115,18,3189.742102
115,18,3189.742102
115,18,3189.742102
115,19,3154.758420
115,19,3154.758420
115,19,3154.758420
115,19,3154.758420
115,19,3154.758420
115,19,3154.758420
115,20,3106.575744
115,20,3106.575744
115,20,3106.575744
115,20,3106.575744
115,20,3106.575744
115,21,3012.387572
115,21,3012.387572
115,22,2989.488237
115,22,2989.488237
115,22,2989.488237
115,22,2989.488237
115,23,2973.211009
115,23,2973.211009
115,23,2973.211009
115,23,2973.211009
115,23,2973.211009
115,23,2973.211009
115,23,2973.211009
115,23,2973.211009
115,23,2973.211009
115,23,2973.211009
115,23,2973.211009
115,23,2973.211009
115,23,2973.211009
115,23,2973.211009
115,23,2973.211009
115,24,2960.636764
115,24,2960.636764
115,24,2960.636764
115,24,2960.636764
115,24,2960.636764
115,24,2960.636764
115,24,2960.636764
115,25,2960.423543
115,25,2960.423543
115,25,2960.423543
115,25,2960.423543
115,25,2960.423543
115,25,2960.423543
115,25,2960.423543
115,26,2936.648587
115,26,2936.648587
115,26,2936.648587
116,16,3413.545948
116,16,3413.545948
116,16,3413.545948
116,16,3413.545948
116,17,3293.529311
116,17,3293.529311
116,17,3293.529311
116,17,3293.529311
116,17,3293.529311
116,17,3293.529311
116,17,3293.529311
116,17,3293.529311
116,17,3293.529311
116,17,3293.529311
116,17,3293.529311
116,17,3293.529311
116,17,3293.529311
116,18,3189.742102
116,18,3189.742102
116,18,3189.742102
116,18,3189.742102
116,19,3148.187399
116,20,3098.849053
116,21,3012.387572
116,21,3012.387572
116,21,3012.387572
116,21,3012.387572
116,22,2989.488237
116,22,2989.488237
116,22,2989.488237
116,22,2989.488237
116,22,2989.488237
116,23,2973.211009
116,23,2973.211009
116,23,2973.211009
116,23,2973.211009
116,23,2973.211009
116,23,2973.211009
116,23,2973.211009
116,23,2973.211009
116,23,2973.211009
116,23,2973.211009
116,23,2973.211009
116,23,2973.211009
116,23,2973.211009
116,23,2973.211009
116,23,2973.211009
116,23,2973.211009
116,24,2960.636764
116,24,2960.636764
116,24,2960.636764
116,24,2960.636764
116,24,2960.636764
116,24,2960.636764
116,24,2960.636764
116,24,2960.636764
116,25,2960.423543
116,25,2960.423543
116,25,2960.423543
116,25,2960.423543
116,25,2960.423543
116,25,2960.423543
116,25,2960.423543
116,25,2960.423543
116,26,2936.648587
116,26,2936.648587
116,26,2936.648587
116,26,2936.648587
117,16,3413.545948
117,16,3413.545948
117,16,3413.545948
117,16,3413.545948
117,16,3413.545948
117,17,3278.873680
117,18,3189.742102
117,18,3189.742102
117,18,3189.742102
117,18,3189.742102
117,18,3189.742102
117,19,3148.187399
117,19,3148.187399
117,20,3097.473668
117,21,3012.387572
117,21,3012.387572
117,21,3012.387572
117,21,3012.387572
117,21,3012.387572
117,21,3012.387572
117,22,2989.488237
117,22,2989.488237
117,22,2989.488237
117,22,2989.488237
117,22,2989.488237
117,22,2989.488237
117,23,2973.211009
117,23,2973.211009
117,23,2973.211009
117,23,2973.211009
117,23,2973.211009
117,23,2973.211009
117,23,2973.211009
117,23,2973.211009
117,23,2973.211009
117,23,2973.211009
117,23,2973.211009
117,23,2973.211009
117,23,2973.211009
117,23,2973.211009
117,23,2973.211009
117,23,2973.211009
117,23,2973.211009
117,24,2960.636764
117,24,2960.636764
117,24,2960.636764
117,24,2960.636764
117,24,2960.636764
117,24,2960.636764
117,24,2960.636764
117,24,2960.636764
117,24,2960.636764
117,24,2960.636764
117,25,2944.846989
117,26,2936.648587
117,26,2936.648587
117,26,2936.648587
117,26,2936.648587
117,26,2936.648587
118,16,3413.545948
118,16,3413.545948
118,16,3413.545948
118,16,3413.545948
118,16,3413.545948
118,16,3413.545948
118,17,3278.873680
118,17,3278.873680
118,18,3189.742102
118,18,3189.742102
118,18,3189.742102
118,18,3189.742102
118,18,3189.742102
118,18,3189.742102
118,19,3130.644493
118,20,3097.473668
118,20,3097.473668
118,21,3012.387572
118,21,3012.387572
118,21,3012.387572
118,21,3012.387572
118,21,3012.387572
118,21,3012.387572
118,21,3012.387572
118,21,3012.387572
118,22,2989.488237
118,22,2989.488237
118,22,2989.488237
118,22,2989.488237
118,22,2989.488237
118,22,2989.488237
118,22,2989.488237
118,23,2973.211009
118,23,2973.211009
118,23,2973.211009
118,23,2973.211009
118,23,2973.211009
118,23,2973.211009
118,23,2973.211009
118,23,2973.211009
118,23,2973.211009
118,23,2973.211009
118,23,2973.211009
118,23,2973.211009
118,23,2973.211009
118,23,2973.211009
118,23,2973.211009
118,23,2973.211009
118,23,2973.211009
118,23,2973.211009
118,24,2947.447988
118,25,2944.846989
118,25,2944.846989
118,26,2936.648587
118,26,2936.648587
118,26,2936.648587
118,26,2936.648587
118,26,2936.648587
118,26,2936.648587
119,16,3413.545948
119,16,3413.545948
119,16,3413.545948
119,16,3413.545948
119,16,3413.545948
119,16,3413.545948
119,16,3413.545948
119,17,3278.873680
119,17,3278.873680
119,17,3278.873680
119,18,3189.742102
119,18,3189.742102
119,18,3189.742102
119,18,3189.742102
119,18,3189.742102
119,18,3189.742102
119,18,3189.742102
119,19,3130.644493
119,19,3130.644493
119,20,3069.173994
119,21,2994.143588
119,22,2989.488237
119,22,2989.488237
119,22,2989.488237
119,22,2989.488237
119,22,2989.488237
119,22,2989.488237
119,22,2989.488237
119,22,2989.488237
119,23,2973.211009
119,23,2973.211009
119,23,2973.211009
119,23,2973.211009
119,23,2973.211009
119,23,2973.211009
119,23,2973.211009
119,23,2973.211009
119,23,2973.211009
119,23,2973.211009
119,23,2973.211009
119,23,2973.211009
119,23,2973.211009
119,23,2973.211009
119,23,2973.211009
119,23,2973.211009
119,23,2973.211009
119,23,2973.211009
119,23,2973.211009
119,24,2947.447988
119,24,2947.447988
119,25,2944.846989
119,25,2944.846989
119,25,2944.846989
119,26,2936.648587
119,26,2936.648587
119,26,2936.648587
119,26,2936.648587
119,26,2936.648587
119,26,2936.648587
119,26,2936.648587
120,16,3413.545948
120,16,3413.545948
120,16,3413.545948
120,16,3413.545948
120,16,3413.545948
120,16,3413.545948
120,16,3413.545948
120,16,3413.545948
120,17,3278.873680
120,17,3278.873680
120,17,3278.873680
120,17,3278.873680
120,18,3189.742102
120,18,3189.742102
120,18,3189.742102
120,18,3189.742102
120,18,3189.742102
120,18,3189.742102
120,18,3189.742102
120,18,3189.742102
120,19,3130.644493
120,19,3130.644493
120,19,3130.644493
120,20,3069.173994
120,20,3069.173994
120,21,2994.143588
120,21,2994.143588
120,22,2989.488237
120,22,2989.488237
120,22,2989.488237
120,22,2989.488237
120,22,2989.488237
120,22,2989.488237
120,22,2989.488237
120,22,2989.488237
120,22,2989.488237
120,23,2973.211009
120,23,2973.211009
120,23,2973.211009
120,23,2973.211009
120,23,2973.211009
120,23,2973.211009
120,23,2973.211009
120,23,2973.211009
120,23,2973.211009
120,23,2973.211009
120,23,2973.211009
120,23,2973.211009
120,23,2973.211009
120,23,2973.211009
120,23,2973.211009
120,23,2973.211009
120,23,2973.211009
120,23,2973.211009
120,23,2973.211009
120,23,2973.211009
120,24,2947.447988
120,24,2947.447988
120,24,2947.447988
120,25,2944.846989
120,25,2944.846989
120,25,2944.846989
120,25,2944.846989
120,26,2936.648587
120,26,2936.648587
120,26,2936.648587
120,26,2936.648587
120,26,2936.648587
120,26,2936.648587
120,26,2936.648587
120,26,2936.648587
121,16,3413.545948
121,16,3413.545948
121,16,3413.545948
121,16,3413.545948
121,16,3413.545948
121,16,3413.545948
121,16,3413.545948
121,16,3413.545948
121,16,3413.545948
121,17,3278.873680
121,17,3278.873680
121,17,3278.873680
121,17,3278.873680
121,17,3278.873680
121,18,3189.742102
121,18,3189.742102
121,18,3189.742102
121,18,3189.742102
121,18,3189.742102
121,18,3189.742102
121,18,3189.742102
121,18,3189.742102
121,18,3189.742102
121,19,3118.011227
121,20,3069.173994
121,20,3069.173994
121,20,3069.173994
121,21,2994.143588
121,21,2994.143588
121,21,2994.143588
121,22,2989.488237
121,22,2989.488237
121,22,2989.488237
121,22,2989.488237
121,22,2989.488237
121,22,2989.488237
121,22,2989.488237
121,22,2989.488237
121,22,2989.488237
121,22,2989.488237
121,23,2950.065623
121,24,2947.447988
121,24,2947.447988
121,24,2947.447988
121,24,2947.447988
121,25,2944.846989
121,25,2944.846989
121,25,2944.846989
121,25,2944.846989
121,25,2944.846989
121,26,2936.648587
121,26,2936.648587
121,26,2936.648587
121,26,2936.648587
121,26,2936.648587
121,26,2936.648587
121,26,2936.648587
121,26,2936.648587
121,26,2936.648587
122,16,3413.545948
122,16,3413.545948
122,16,3413.545948
122,16,3413.545948
122,16,3413.545948
122,16,3413.545948
122,16,3413.545948
122,16,3413.545948
122,16,3413.545948
122,16,3413.545948
122,17,3278.873680
122,17,3278.873680
122,17,3278.873680
122,17,3278.873680
122,17,3278.873680
122,17,3278.873680
122,18,3189.742102
122,18,3189.742102
122,18,3189.742102
122,18,3189.742102
122,18,3189.742102
122,18,3189.742102
122,18,3189.742102
122,18,3189.742102
122,18,3189.742102
122,18,3189.742102
122,19,3118.011227
122,19,3118.011227
122,20,3069.173994
122,20,3069.173994
122,20,3069.173994
122,20,3069.173994
122,21,2994.143588
122,21,2994.143588
122,21,2994.143588
122,21,2994.143588
122,22,2989.488237
122,22,2989.488237
122,22,2989.488237
122,22,2989.488237
122,22,2989.488237
122,22,2989.488237
122,22,2989.488237
122,22,2989.488237
122,22,2989.488237
122,22,2989.488237
122,22,2989.488237
122,23,2950.065623
122,23,2950.065623
122,24,2947.447988
122,24,2947.447988
122,24,2947.447988
122,24,2947.447988
122,24,2947.447988
122,25,2944.846989
122,25,2944.846989
122,25,2944.846989
122,25,2944.846989
122,25,2944.846989
122,25,2944.846989
122,26,2936.648587
122,26,2936.648587
122,26,2936.648587
122,26,2936.648587
122,26,2936.648587
122,26,2936.648587
122,26,2936.648587
122,26,2936.648587
122,26,2936.648587
122,26,2936.648587
123,16,3413.545948
123,16,3413.545948
123,16,3413.545948
123,16,3413.545948
123,16,3413.545948
123,16,3413.545948
123,16,3413.545948
123,16,3413.545948
123,16,3413.545948
123,16,3413.545948
123,16,3413.545948
123,17,3278.873680
123,17,3278.873680
123,17,3278.873680
123,17,3278.873680
123,17,3278.873680
123,17,3278.873680
123,17,3278.873680
123,18,3189.742102
123,18,3189.742102
123,18,3189.742102
123,18,3189.742102
123,18,3189.742102
123,18,3189.742102
123,18,3189.742102
123,18,3189.742102
123,18,3189.742102
123,18,3189.742102
123,18,3189.742102
123,19,3118.011227
123,19,3118.011227
123,19,3118.011227
123,20,3069.173994
123,20,3069.173994
123,20,3069.173994
123,20,3069.173994
123,20,3069.173994
123,21,2994.143588
123,21,2994.143588
123,21,2994.143588
123,21,2994.143588
123,21,2994.143588
123,22,2989.488237
123,22,2989.488237
123,22,2989.488237
123,22,2989.488237
123,22,2989.488237
123,22,2989.488237
123,22,2989.488237
123,22,2989.488237
123,22,2989.488237
123,22,2989.488237
123,22,2989.488237
123,22,2989.488237
123,23,2950.065623
123,23,2950.065623
123,23,2950.065623
123,24,2947.447988
123,24,2947.447988
123,24,2947.447988
123,24,2947.447988
123,24,2947.447988
123,24,2947.447988
123,25,2944.846989
123,25,2944.846989
123,25,2944.846989
123,25,2944.846989
123,25,2944.846989
123,25,2944.846989
123,25,2944.846989
123,26,2936.648587
123,26,2936.648587
123,26,2936.648587
123,26,2936.648587
123,26,2936.648587
123,26,2936.648587
123,26,2936.648587
123,26,2936.648587
123,26,2936.648587
123,26,2936.648587
123,26,2936.648587
124,16,3413.545948
124,16,3413.545948
124,16,3413.545948
124,16,3413.545948
124,16,3413.545948
124,16,3413.545948
124,16,3413.545948
124,16,3413.545948
124,16,3413.545948
124,16,3413.545948
124,16,3413.545948
124,16,3413.545948
124,17,3278.873680
124,17,3278.873680
124,17,3278.873680
124,17,3278.873680
124,17,3278.873680
124,17,3278.873680
124,17,3278.873680
124,17,3278.873680
124,18,3189.742102
124,18,3189.742102
124,18,3189.742102
124,18,3189.742102
124,18,3189.742102
124,18,3189.742102
124,18,3189.742102
124,18,3189.742102
124,18,3189.742102
124,18,3189.742102
124,18,3189.742102
124,18,3189.742102
124,19,3118.011227
124,19,3118.011227
124,19,3118.011227
124,19,3118.011227
124,20,3069.173994
124,20,3069.173994
124,20,3069.173994
124,20,3069.173994
124,20,3069.173994
124,20,3069.173994
124,21,2994.143588
124,21,2994.143588
124,21,2994.143588
124,21,2994.143588
124,21,2994.143588
124,21,2994.143588
124,22,2980.544648
124,23,2950.065623
124,23,2950.065623
124,23,2950.065623
124,23,2950.065623
124,24,2947.447988
124,24,2947.447988
124,24,2947.447988
124,24,2947.447988
124,24,2947.447988
124,24,2947.447988
124,24,2947.447988
124,25,2937.363823
124,26,2936.648587
124,26,2936.648587
124,26,2936.648587
124,26,2936.648587
124,26,2936.648587
124,26,2936.648587
124,26,2936.648587
124,26,2936.648587
124,26,2936.648587
124,26,2936.648587
124,26,2936.648587
124,26,2936.648587
125,16,3413.545948
125,16,3413.545948
125,16,3413.545948
125,16,3413.545948
125,16,3413.545948
125,16,3413.545948
125,16,3413.545948
125,16,3413.545948
125,16,3413.545948
125,16,3413.545948
125,16,3413.545948
125,16,3413.545948
125,16,3413.545948
125,17,3278.873680
125,17,3278.873680
125,17,3278.873680
125,17,3278.873680
125,17,3278.873680
125,17,3278.873680
125,17,3278.873680
125,17,3278.873680
125,17,3278.873680
125,18,3189.742102
125,18,3189.742102
125,18,3189.742102
125,18,3189.742102
125,18,3189.742102
125,18,3189.742102
125,18,3189.742102
125,18,3189.742102
125,18,3189.742102
125,18,3189.742102
125,18,3189.742102
125,18,3189.742102
125,18,3189.742102
125,19,3118.011227
125,19,3118.011227
125,19,3118.011227
125,19,3118.011227
125,19,3118.011227
125,20,3039.843041
125,21,2994.143588
125,21,2994.143588
125,21,2994.143588
125,21,2994.143588
125,21,2994.143588
125,21,2994.143588
125,21,2994.143588
125,22,2980.544648
125,22,2980.544648
125,23,2950.065623
125,23,2950.065623
125,23,2950.065623
125,23,2950.065623
125,23,2950.065623
125,24,2900.220202
126,16,3413.545948
126,16,3413.545948
126,16,3413.545948
126,16,3413.545948
126,16,3413.545948
126,16,3413.545948
126,16,3413.545948
126,16,3413.545948
126,16,3413.545948
126,16,3413.545948
126,16,3413.545948
126,16,3413.545948
126,16,3413.545948
126,16,3413.545948
126,17,3278.873680
126,17,3278.873680
126,17,3278.873680
126,17,3278.873680
126,17,3278.873680
126,17,3278.873680
126,17,3278.873680
126,17,3278.873680
126,17,3278.873680
126,17,3278.873680
126,18,3189.742102
126,18,3189.742102
126,18,3189.742102
126,18,3189.742102
126,18,3189.742102
126,18,3189.742102
126,18,3189.742102
126,18,3189.742102
126,18,3189.742102
126,18,3189.742102
126,18,3189.742102
126,18,3189.742102
126,18,3189.742102
126,18,3189.742102
126,19,3118.011227
126,19,3118.011227
126,19,3118.011227
126,19,3118.011227
126,19,3118.011227
126,19,3118.011227
126,20,3039.843041
126,20,3039.843041
126,21,2994.143588
126,21,2994.143588
126,21,2994.143588
126,21,2994.143588
126,21,2994.143588
126,21,2994.143588
126,21,2994.143588
126,21,2994.143588
126,22,2980.544648
126,22,2980.544648
126,22,2980.544648
126,23,2950.065623
126,23,2950.065623
126,23,2950.065623
126,23,2950.065623
126,23,2950.065623
126,23,2950.065623
126,24,2900.220202
126,24,2900.220202
127,16,3413.545948
127,16,3413.545948
127,16,3413.545948
127,16,3413.545948
127,16,3413.545948
127,16,3413.545948
127,16,3413.545948
127,16,3413.545948
127,16,3413.545948
127,16,3413.545948
127,16,3413.545948
127,16,3413.545948
127,16,3413.545948
127,16,3413.545948
127,16,3413.545948
127,17,3278.873680
127,17,3278.873680
127,17,3278.873680
127,17,3278.873680
127,17,3278.873680
127,17,3278.873680
127,17,3278.873680
127,17,3278.873680
127,17,3278.873680
127,17,3278.873680
127,17,3278.873680
127,18,3189.742102
127,18,3189.742102
127,18,3189.742102
127,18,3189.742102
127,18,3189.742102
127,18,3189.742102
127,18,3189.742102
127,18,3189.742102
127,18,3189.742102
127,18,3189.742102
127,18,3189.742102
127,18,3189.742102
127,18,3189.742102
127,18,3189.742102
127,18,3189.742102
127,19,3118.011227
127,19,3118.011227
127,19,3118.011227
127,19,3118.011227
127,19,3118.011227
127,19,3118.011227
127,19,3118.011227
127,20,3039.843041
127,20,3039.843041
127,20,3039.843041
127,21,2994.143588
127,21,2994.143588
127,21,2994.143588
127,21,2994.143588
127,21,2994.143588
127,21,2994.143588
127,21,2994.143588
127,21,2994.143588
127,21,2994.143588
127,22,2963.700865
127,23,2950.065623
127,23,2950.065623
127,23,2950.065623
127,23,2950.065623
127,23,2950.065623
127,23,2950.065623
127,23,2950.065623
127,24,2900.220202
127,24,2900.220202
127,24,2900.220202
128,16,3413.545948
128,16,3413.545948
128,16,3413.545948
128,16,3413.545948
128,16,3413.545948
128,16,3413.545948
128,16,3413.545948
128,16,3413.545948
128,16,3413.545948
128,16,3413.545948
128,16,3413.545948
128,16,3413.545948
128,16,3413.545948
128,16,3413.545948
128,16,3413.545948
128,16,3413.545948
128,17,3278.873680
128,17,3278.873680
128,17,3278.873680
128,17,3278.873680
128,17,3278.873680
128,17,3278.873680
128,17,3278.873680
128,17,3278.873680
128,17,3278.873680
128,17,3278.873680
128,17,3278.873680
128,17,3278.873680
128,18,3189.742102
128,18,3189.742102
128,18,3189.742102
128,18,3189.742102
128,18,3189.742102
128,18,3189.742102
128,18,3189.742102
128,18,3189.742102
128,18,3189.742102
128,18,3189.742102
128,18,3189.742102
128,18,3189.742102
128,18,3189.742102
128,18,3189.742102
128,18,3189.742102
128,18,3189.742102
128,19,3118.011227
128,19,3118.011227
128,19,3118.011227
128,19,3118.011227
128,19,3118.011227
128,19,3118.011227
128,19,3118.011227
128,19,3118.011227
128,20,3039.843041
128,20,3039.843041
128,20,3039.843041
128,20,3039.843041
128,21,2994.143588
128,21,2994.143588
128,21,2994.143588
128,21,2994.143588
128,21,2994.143588
128,21,2994.143588
128,21,2994.143588
128,21,2994.143588
128,21,2994.143588
128,21,2994.143588
128,22,2963.700865
128,22,2963.700865
128,23,2950.065623
128,23,2950.065623
128,23,2950.065623
128,23,2950.065623
128,23,2950.065623
128,23,2950.065623
128,23,2950.065623
128,23,2950.065623
128,24,2887.576670
129,16,3413.545948
129,16,3413.545948
129,16,3413.545948
129,16,3413.545948
129,16,3413.545948
129,16,3413.545948
129,16,3413.545948
129,16,3413.545948
129,16,3413.545948
129,16,3413.545948
129,16,3413.545948
129,16,3413.545948
129,16,3413.545948
129,16,3413.545948
129,16,3413.545948
129,16,3413.545948
129,16,3413.545948
129,17,3278.873680
129,17,3278.873680
129,17,3278.873680
129,17,3278.873680
129,17,3278.873680
129,17,3278.873680
129,17,3278.873680
129,17,3278.873680
129,17,3278.873680
129,17,3278.873680
129,17,3278.873680
129,17,3278.873680
129,17,3278.873680
129,18,3189.742102
129,18,3189.742102
129,18,3189.742102
129,18,3189.742102
129,18,3189.742102
129,18,3189.742102
129,18,3189.742102
129,18,3189.742102
129,18,3189.742102
129,18,3189.742102
129,18,3189.742102
129,18,3189.742102
129,18,3189.742102
129,18,3189.742102
129,18,3189.742102
129,18,3189.742102
129,18,3189.742102
129,19,3118.011227
129,19,3118.011227
129,19,3118.011227
129,19,3118.011227
129,19,3118.011227
129,19,3118.011227
129,19,3118.011227
129,19,3118.011227
129,19,3118.011227
129,20,3039.843041
129,20,3039.843041
129,20,3039.843041
129,20,3039.843041
129,20,3039.843041
129,21,2981.299372
129,22,2961.455399
129,23,2945.673951
129,24,2887.576670
129,24,2887.576670
130,16,3413.545948
130,16,3413.545948
130,16,3413.545948
130,16,3413.545948
130,16,3413.545948
130,16,3413.545948
130,16,3413.545948
130,16,3413.545948
130,16,3413.545948
130,16,3413.545948
130,16,3413.545948
130,16,3413.545948
130,16,3413.545948
130,16,3413.545948
130,16,3413.545948
130,16,3413.545948
130,16,3413.545948
130,16,3413.545948
130,17,3278.873680
130,17,3278.873680
130,17,3278.873680
130,17,3278.873680
130,17,3278.873680
130,17,3278.873680
130,17,3278.873680
130,17,3278.873680
130,17,3278.873680
130,17,3278.873680
130,17,3278.873680
130,17,3278.873680
130,17,3278.873680
130,17,3278.873680
130,18,3189.742102
130,18,3189.742102
130,18,3189.742102
130,18,3189.742102
130,18,3189.742102
130,18,3189.742102
130,18,3189.742102
130,18,3189.742102
130,18,3189.742102
130,18,3189.742102
130,18,3189.742102
130,18,3189.742102
130,18,3189.742102
130,18,3189.742102
130,18,3189.742102
130,18,3189.742102
130,18,3189.742102
130,18,3189.742102
130,18,3189.742102
130,19,3118.011227
130,19,3118.011227
130,19,3118.011227
130,19,3118.011227
130,19,3118.011227
130,19,3118.011227
130,19,3118.011227
130,19,3118.011227
130,19,3118.011227
130,19,3118.011227
130,20,3039.843041
130,20,3039.843041
130,20,3039.843041
130,20,3039.843041
130,20,3039.843041
130,20,3039.843041
130,21,2981.299372
130,21,2981.299372
130,22,2961.455399
130,22,2961.455399
130,23,2945.673951
130,23,2945.673951
130,24,2887.576670
130,24,2887.576670
130,24,2887.576670
131,16,3413.545948
131,16,3413.545948
131,16,3413.545948
131,16,3413.545948
131,16,3413.545948
131,16,3413.545948
131,16,3413.545948
131,16,3413.545948
131,16,3413.545948
131,16,3413.545948
131,16,3413.545948
131,16,3413.545948
131,16,3413.545948
131,16,3413.545948
131,16,3413.545948
131,16,3413.545948
131,16,3413.545948
131,16,3413.545948
131,16,3413.545948
131,17,3278.873680
131,17,3278.873680
131,17,3278.873680
131,17,3278.873680
131,17,3278.873680
131,17,3278.873680
131,17,3278.873680
131,17,3278.873680
131,17,3278.873680
131,17,3278.873680
131,17,3278.873680
131,17,3278.873680
131,17,3278.873680
131,17,3278.873680
131,17,3278.873680
131,18,3189.742102
131,18,3189.742102
131,18,3189.742102
131,18,3189.742102
131,18,3189.742102
131,18,3189.742102
131,18,3189.742102
131,18,3189.742102
131,18,3189.742102
131,18,3189.742102
131,18,3189.742102
131,18,3189.742102
131,18,3189.742102
131,18,3189.742102
131,18,3189.742102
131,18,3189.742102
131,18,3189.742102
131,18,3189.742102
131,18,3189.742102
131,18,3189.742102
131,18,3189.742102
131,19,3118.011227
131,19,3118.011227
131,19,3118.011227
131,19,3118.011227
131,19,3118.011227
131,19,3118.011227
131,19,3118.011227
131,19,3118.011227
131,19,3118.011227
131,19,3118.011227
131,19,3118.011227
131,20,3039.843041
131,20,3039.843041
131,20,3039.843041
131,20,3039.843041
131,20,3039.843041
131,20,3039.843041
131,20,3039.843041
131,21,2981.299372
131,21,2981.299372
131,21,2981.299372
131,22,2951.842491
131,23,2945.673951
131,23,2945.673951
131,23,2945.673951
131,24,2887.576670
131,24,2887.576670
131,24,2887.576670
131,24,2887.576670
132,16,3413.545948
132,16,3413.545948
132,16,3413.545948
132,16,3413.545948
132,16,3413.545948
132,16,3413.545948
132,16,3413.545948
132,16,3413.545948
132,16,3413.545948
132,16,3413.545948
132,16,3413.545948
132,16,3413.545948
132,16,3413.545948
132,16,3413.545948
132,16,3413.545948
132,16,3413.545948
132,16,3413.545948
132,16,3413.545948
132,16,3413.545948
132,16,3413.545948
132,17,3278.873680
132,17,3278.873680
132,17,3278.873680
132,17,3278.873680
132,17,3278.873680
132,17,3278.873680
132,17,3278.873680
132,17,3278.873680
132,17,3278.873680
132,17,3278.873680
132,17,3278.873680
132,17,3278.873680
132,17,3278.873680
132,17,3278.873680
132,17,3278.873680
132,17,3278.873680
132,17,3278.873680
132,18,3189.742102
132,18,3189.742102
132,18,3189.742102
132,18,3189.742102
132,18,3189.742102
132,18,3189.742102
132,18,3189.742102
132,18,3189.742102
132,18,3189.742102
132,18,3189.742102
132,18,3189.742102
132,18,3189.742102
132,18,3189.742102
132,18,3189.742102
132,18,3189.742102
132,18,3189.742102
132,18,3189.742102
132,18,3189.742102
132,18,3189.742102
132,18,3189.742102
132,18,3189.742102
132,18,3189.742102
132,18,3189.742102
132,19,3080.774747
132,20,3039.843041
132,20,3039.843041
132,20,3039.843041
132,20,3039.843041
132,20,3039.843041
132,20,3039.843041
132,20,3039.843041
132,20,3039.843041
132,21,2981.299372
132,21,2981.299372
132,21,2981.299372
132,21,2981.299372
132,22,2951.842491
132,22,2951.842491
132,23,2890.231768
132,24,2887.576670
132,24,2887.576670
132,24,2887.576670
132,24,2887.576670
132,24,2887.576670
133,16,3413.545948
133,16,3413.545948
133,16,3413.545948
133,16,3413.545948
133,16,3413.545948
133,16,3413.545948
133,16,3413.545948
133,16,3413.545948
133,16,3413.545948
133,16,3413.545948
133,16,3413.545948
133,16,3413.545948
133,16,3413.545948
133,16,3413.545948
133,16,3413.545948
133,16,3413.545948
133,16,3413.545948
133,16,3413.545948
133,16,3413.545948
133,16,3413.545948
133,16,3413.545948
133,17,3278.873680
133,17,3278.873680
133,17,3278.873680
133,17,3278.873680
133,17,3278.873680
133,17,3278.873680
133,17,3278.873680
133,17,3278.873680
133,17,3278.873680
133,17,3278.873680
133,17,3278.873680
133,17,3278.873680
133,17,3278.873680
133,17,3278.873680
133,17,3278.873680
133,17,3278.873680
133,17,3278.873680
133,17,3278.873680
133,17,3278.873680
133,18,3189.742102
133,18,3189.742102
133,18,3189.742102
133,18,3189.742102
133,18,3189.742102
133,18,3189.742102
133,18,3189.742102
133,18,3189.742102
133,18,3189.742102
133,18,3189.742102
133,18,3189.742102
133,18,3189.742102
133,18,3189.742102
133,18,3189.742102
133,18,3189.742102
133,18,3189.742102
133,18,3189.742102
133,18,3189.742102
133,18,3189.742102
133,18,3189.742102
133,18,3189.742102
133,18,3189.742102
133,18,3189.742102
133,18,3189.742102
133,18,3189.742102
133,19,3080.774747
133,19,3080.774747
133,20,3039.843041
133,20,3039.843041
133,20,3039.843041
133,20,3039.843041
133,20,3039.843041
133,20,3039.843041
133,20,3039.843041
133,20,3039.843041
133,20,3039.843041
133,21,2981.299372
133,21,2981.299372
133,21,2981.299372
133,21,2981.299372
133,21,2981.299372
133,22,2951.842491
133,22,2951.842491
133,22,2951.842491
133,23,2890.231768
133,23,2890.231768
133,24,2887.576670
133,24,2887.576670
133,24,2887.576670
133,24,2887.576670
133,24,2887.576670
133,24,2887.576670
134,16,3413.545948
134,16,3413.545948
134,16,3413.545948
134,16,3413.545948
134,16,3413.545948
134,16,3413.545948
134,16,3413.545948
134,16,3413.545948
134,16,3413.545948
134,16,3413.545948
134,16,3413.545948
134,16,3413.545948
134,16,3413.545948
134,16,3413.545948
134,16,3413.545948
134,16,3413.545948
134,16,3413.545948
134,16,3413.545948
134,16,3413.545948
134,16,3413.545948
134,16,3413.545948
134,16,3413.545948
134,17,3242.194735
134,18,3189.742102
134,18,3189.742102
134,18,3189.742102
134,18,3189.742102
134,18,3189.742102
134,18,3189.742102
134,18,3189.742102
134,18,3189.742102
134,18,3189.742102
134,18,3189.742102
134,18,3189.742102
134,18,3189.742102
134,18,3189.742102
134,18,3189.742102
134,18,3189.742102
134,18,3189.742102
134,18,3189.742102
134,18,3189.742102
134,18,3189.742102
134,18,3189.742102
134,18,3189.742102
134,18,3189.742102
134,18,3189.742102
134,18,3189.742102
134,18,3189.742102
134,18,3189.742102
134,18,3189.742102
134,19,3080.774747
134,19,3080.774747
134,19,3080.774747
134,20,3039.843041
134,20,3039.843041
134,20,3039.843041
134,20,3039.843041
134,20,3039.843041
134,20,3039.843041
134,20,3039.843041
134,20,3039.843041
134,20,3039.843041
134,20,3039.843041
134,21,2981.299372
134,21,2981.299372
134,21,2981.299372
134,21,2981.299372
134,21,2981.299372
134,21,2981.299372
134,22,2951.842491
134,22,2951.842491
134,22,2951.842491
134,22,2951.842491
134,23,2890.231768
134,23,2890.231768
134,23,2890.231768
134,24,2887.576670
134,24,2887.576670
134,24,2887.576670
134,24,2887.576670
134,24,2887.576670
134,24,2887.576670
134,24,2887.576670
134,26,2885.452134
135,16,3413.545948
135,16,3413.545948
135,16,3413.545948
135,16,3413.545948
135,16,3413.545948
135,16,3413.545948
135,16,3413.545948
135,16,3413.545948
135,16,3413.545948
135,16,3413.545948
135,16,3413.545948
135,16,3413.545948
135,16,3413.545948
135,16,3413.545948
135,16,3413.545948
135,16,3413.545948
135,16,3413.545948
135,16,3413.545948
135,16,3413.545948
135,16,3413.545948
135,16,3413.545948
135,16,3413.545948
135,16,3413.545948
135,17,3242.194735
135,17,3242.194735
135,18,3189.742102
135,18,3189.742102
135,18,3189.742102
135,18,3189.742102
135,18,3189.742102
135,18,3189.742102
135,18,3189.742102
135,18,3189.742102
135,18,3189.742102
135,18,3189.742102
135,18,3189.742102
135,18,3189.742102
135,18,3189.742102
135,18,3189.742102
135,18,3189.742102
135,18,3189.742102
135,18,3189.742102
135,18,3189.742102
135,18,3189.742102
135,18,3189.742102
135,18,3189.742102
135,18,3189.742102
135,18,3189.742102
135,18,3189.742102
135,18,3189.742102
135,18,3189.742102
135,18,3189.742102
135,18,3189.742102
135,18,3189.742102
135,19,3080.774747
135,19,3080.774747
135,19,3080.774747
135,19,3080.774747
135,20,3039.843041
135,20,3039.843041
135,20,3039.843041
135,20,3039.843041
135,20,3039.843041
135,20,3039.843041
135,20,3039.843041
135,20,3039.843041
135,20,3039.843041
135,20,3039.843041
135,20,3039.843041
135,21,2981.299372
135,21,2981.299372
135,21,2981.299372
135,21,2981.299372
135,21,2981.299372
135,21,2981.299372
135,21,2981.299372
135,22,2921.700181
135,23,2890.231768
135,23,2890.231768
135,23,2890.231768
135,23,2890.231768
135,24,2887.576670
135,24,2887.576670
135,24,2887.576670
135,24,2887.576670
135,24,2887.576670
135,24,2887.576670
135,24,2887.576670
135,24,2887.576670
135,26,2885.452134
135,26,2885.452134
136,16,3413.545948
136,16,3413.545948
136,16,3413.545948
136,16,3413.545948
136,16,3413.545948
136,16,3413.545948
136,16,3413.545948
136,16,3413.545948
136,16,3413.545948
136,16,3413.545948
136,16,3413.545948
136,16,3413.545948
136,16,3413.545948
136,16,3413.545948
136,16,3413.545948
136,16,3413.545948
136,16,3413.545948
136,16,3413.545948
136,16,3413.545948
136,16,3413.545948
136,16,3413.545948
136,16,3413.545948
136,16,3413.545948
136,16,3413.545948
136,17,3242.194735
136,17,3242.194735
136,17,3242.194735
136,18,3189.742102
136,18,3189.742102
136,18,3189.742102
136,18,3189.742102
136,18,3189.742102
136,18,3189.742102
136,18,3189.742102
136,18,3189.742102
136,18,3189.742102
136,18,3189.742102
136,18,3189.742102
136,18,3189.742102
136,18,3189.742102
136,18,3189.742102
136,18,3189.742102
136,18,3189.742102
136,18,3189.742102
136,18,3189.742102
136,18,3189.742102
136,18,3189.742102
136,18,3189.742102
136,18,3189.742102
136,18,3189.742102
136,18,3189.742102
136,18,3189.742102
136,18,3189.742102
136,18,3189.742102
136,18,3189.742102
136,18,3189.742102
136,18,3189.742102
136,18,3189.742102
136,19,3080.774747
136,19,3080.774747
136,19,3080.774747
136,19,3080.774747
136,19,3080.774747
136,20,2987.979607
136,21,2971.875720
136,22,2921.700181
136,22,2921.700181
136,23,2890.231768
136,23,2890.231768
136,23,2890.231768
136,23,2890.231768
136,23,2890.231768
136,24,2887.576670
136,24,2887.576670
136,24,2887.576670
136,24,2887.576670
136,24,2887.576670
136,24,2887.576670
136,24,2887.576670
136,24,2887.576670
136,24,2887.576670
136,26,2885.452134
136,26,2885.452134
136,26,2885.452134
137,16,3413.545948
137,16,3413.545948
137,16,3413.545948
137,16,3413.545948
137,16,3413.545948
137,16,3413.545948
137,16,3413.545948
137,16,3413.545948
137,16,3413.545948
137,16,3413.545948
137,16,3413.545948
137,16,3413.545948
137,16,3413.545948
137,16,3413.545948
137,16,3413.545948
137,16,3413.545948
137,16,3413.545948
137,16,3413.545948
137,16,3413.545948
137,16,3413.545948
137,16,3413.545948
137,16,3413.545948
137,16,3413.545948
137,16,3413.545948
137,16,3413.545948
137,17,3242.194735
137,17,3242.194735
137,17,3242.194735
137,17,3242.194735
137,18,3182.635777
137,19,3080.774747
137,19,3080.774747
137,19,3080.774747
137,19,3080.774747
137,19,3080.774747
137,19,3080.774747
137,20,2978.896859
137,21,2971.875720
137,21,2971.875720
137,22,2921.700181
137,22,2921.700181
137,22,2921.700181
137,23,2890.231768
137,23,2890.231768
137,23,2890.231768
137,23,2890.231768
137,23,2890.231768
137,23,2890.231768
137,24,2887.576670
137,24,2887.576670
137,24,2887.576670
137,24,2887.576670
137,24,2887.576670
137,24,2887.576670
137,24,2887.576670
137,24,2887.576670
137,24,2887.576670
137,24,2887.576670
137,26,2885.452134
137,26,2885.452134
137,26,2885.452134
137,26,2885.452134
138,16,3404.288581
138,17,3242.194735
138,17,3242.194735
138,17,3242.194735
138,17,3242.194735
138,17,3242.194735
138,18,3182.635777
138,18,3182.635777
138,19,3045.353154
138,20,2978.896859
138,20,2978.896859
138,21,2971.875720
138,21,2971.875720
138,21,2971.875720
138,22,2921.700181
138,22,2921.700181
138,22,2921.700181
138,22,2921.700181
138,23,2890.231768
138,23,2890.231768
138,23,2890.231768
138,23,2890.231768
138,23,2890.231768
138,23,2890.231768
138,23,2890.231768
138,24,2887.576670
138,24,2887.576670
138,24,2887.576670
138,24,2887.576670
138,24,2887.576670
138,24,2887.576670
138,24,2887.576670
138,24,2887.576670
138,24,2887.576670
138,24,2887.576670
138,24,2887.576670
138,26,2885.452134
138,26,2885.452134
138,26,2885.452134
138,26,2885.452134
138,26,2885.452134
139,16,3404.288581
139,16,3404.288581
139,17,3242.194735
139,17,3242.194735
139,17,3242.194735
139,17,3242.194735
139,17,3242.194735
139,17,3242.194735
139,18,3169.897803
139,19,3045.353154
139,19,3045.353154
139,20,2978.896859
139,20,2978.896859
139,20,2978.896859
139,21,2971.875720
139,21,2971.875720
139,21,2971.875720
139,21,2971.875720
139,22,2921.700181
139,22,2921.700181
139,22,2921.700181
139,22,2921.700181
139,22,2921.700181
139,23,2835.534026
140,16,3404.288581
140,16,3404.288581
140,16,3404.288581
140,17,3242.194735
140,17,3242.194735
140,17,3242.194735
140,17,3242.194735
140,17,3242.194735
140,17,3242.194735
140,17,3242.194735
140,18,3169.897803
140,18,3169.897803
140,19,3045.353154
140,19,3045.353154
140,19,3045.353154
140,20,2978.896859
140,20,2978.896859
140,20,2978.896859
140,20,2978.896859
140,21,2971.875720
140,21,2971.875720
140,21,2971.875720
140,21,2971.875720
140,21,2971.875720
140,22,2921.700181
140,22,2921.700181
140,22,2921.700181
140,22,2921.700181
140,22,2921.700181
140,22,2921.700181
140,23,2835.534026
140,23,2835.534026
141,16,3404.288581
141,16,3404.288581
141,16,3404.288581
141,16,3404.288581
141,17,3242.194735
141,17,3242.194735
141,17,3242.194735
141,17,3242.194735
141,17,3242.194735
141,17,3242.194735
141,17,3242.194735
141,17,3242.194735
141,18,3169.897803
141,18,3169.897803
141,18,3169.897803
141,19,3045.353154
141,19,3045.353154
141,19,3045.353154
141,19,3045.353154
141,20,2978.896859
141,20,2978.896859
141,20,2978.896859
141,20,2978.896859
141,20,2978.896859
141,21,2971.875720
141,21,2971.875720
141,21,2971.875720
141,21,2971.875720
141,21,2971.875720
141,21,2971.875720
141,22,2809.392937
142,16,3404.288581
142,16,3404.288581
142,16,3404.288581
142,16,3404.288581
142,16,3404.288581
142,17,3242.194735
142,17,3242.194735
142,17,3242.194735
142,17,3242.194735
142,17,3242.194735
142,17,3242.194735
142,17,3242.194735
142,17,3242.194735
142,17,3242.194735
142,18,3169.897803
142,18,3169.897803
142,18,3169.897803
142,18,3169.897803
142,19,3045.353154
142,19,3045.353154
142,19,3045.353154
142,19,3045.353154
142,19,3045.353154
142,20,2978.896859
142,20,2978.896859
142,20,2978.896859
142,20,2978.896859
142,20,2978.896859
142,20,2978.896859
142,21,2971.875720
142,21,2971.875720
142,21,2971.875720
142,21,2971.875720
142,21,2971.875720
142,21,2971.875720
142,21,2971.875720
142,22,2809.392937
142,22,2809.392937
143,16,3404.288581
143,16,3404.288581
143,16,3404.288581
143,16,3404.288581
143,16,3404.288581
143,16,3404.288581
143,17,3242.194735
143,17,3242.194735
143,17,3242.194735
143,17,3242.194735
143,17,3242.194735
143,17,3242.194735
143,17,3242.194735
143,17,3242.194735
143,17,3242.194735
143,17,3242.194735
143,18,3169.897803
143,18,3169.897803
143,18,3169.897803
143,18,3169.897803
143,18,3169.897803
143,19,3045.353154
143,19,3045.353154
143,19,3045.353154
143,19,3045.353154
143,19,3045.353154
143,19,3045.353154
143,20,2978.896859
143,20,2978.896859
143,20,2978.896859
143,20,2978.896859
143,20,2978.896859
143,20,2978.896859
143,20,2978.896859
143,21,2971.875720
143,21,2971.875720
143,21,2971.875720
143,21,2971.875720
143,21,2971.875720
143,21,2971.875720
143,21,2971.875720
143,21,2971.875720
143,22,2809.392937
143,22,2809.392937
143,22,2809.392937
144,16,3404.288581
144,16,3404.288581
144,16,3404.288581
144,16,3404.288581
144,16,3404.288581
144,16,3404.288581
144,16,3404.288581
144,17,3242.194735
144,17,3242.194735
144,17,3242.194735
144,17,3242.194735
144,17,3242.194735
144,17,3242.194735
144,17,3242.194735
144,17,3242.194735
144,17,3242.194735
144,17,3242.194735
144,17,3242.194735
144,18,3169.897803
144,18,3169.897803
144,18,3169.897803
144,18,3169.897803
144,18,3169.897803
144,18,3169.897803
144,19,3045.353154
144,19,3045.353154
144,19,3045.353154
144,19,3045.353154
144,19,3045.353154
144,19,3045.353154
144,19,3045.353154
144,20,2978.896859
144,20,2978.896859
144,20,2978.896859
144,20,2978.896859
144,20,2978.896859
144,20,2978.896859
144,20,2978.896859
144,20,2978.896859
144,21,2971.875720
144,21,2971.875720
144,21,2971.875720
144,21,2971.875720
144,21,2971.875720
144,21,2971.875720
144,21,2971.875720
144,21,2971.875720
144,21,2971.875720
144,22,2809.392937
144,22,2809.392937
144,22,2809.392937
144,22,2809.392937
145,16,3404.288581
145,16,3404.288581
145,16,3404.288581
145,16,3404.288581
145,16,3404.288581
145,16,3404.288581
145,16,3404.288581
145,16,3404.288581
145,17,3242.194735
145,17,3242.194735
145,17,3242.194735
145,17,3242.194735
145,17,3242.194735
145,17,3242.194735
145,17,3242.194735
145,17,3242.194735
145,17,3242.194735
145,17,3242.194735
145,17,3242.194735
145,17,3242.194735
145,18,3169.897803
145,18,3169.897803
145,18,3169.897803
145,18,3169.897803
145,18,3169.897803
145,18,3169.897803
145,18,3169.897803
145,19,3005.675152
145,20,2978.896859
145,20,2978.896859
145,20,2978.896859
145,20,2978.896859
145,20,2978.896859
145,20,2978.896859
145,20,2978.896859
145,20,2978.896859
145,20,2978.896859
145,21,2971.875720
145,21,2971.875720
145,21,2971.875720
145,21,2971.875720
145,21,2971.875720
145,21,2971.875720
145,21,2971.875720
145,21,2971.875720
145,21,2971.875720
145,21,2971.875720
145,22,2809.392937
145,22,2809.392937
145,22,2809.392937
145,22,2809.392937
145,22,2809.392937
146,16,3404.288581
146,16,3404.288581
146,16,3404.288581
146,16,3404.288581
146,16,3404.288581
146,16,3404.288581
146,16,3404.288581
146,16,3404.288581
146,16,3404.288581
146,17,3242.194735
146,17,3242.194735
146,17,3242.194735
146,17,3242.194735
146,17,3242.194735
146,17,3242.194735
146,17,3242.194735
146,17,3242.194735
146,17,3242.194735
146,17,3242.194735
146,17,3242.194735
146,17,3242.194735
146,17,3242.194735
146,18,3169.897803
146,18,3169.897803
146,18,3169.897803
146,18,3169.897803
146,18,3169.897803
146,18,3169.897803
146,18,3169.897803
146,18,3169.897803
146,19,3005.675152
146,19,3005.675152
146,20,2978.896859
146,20,2978.896859
146,20,2978.896859
146,20,2978.896859
146,20,2978.896859
146,20,2978.896859
146,20,2978.896859
146,20,2978.896859
146,20,2978.896859
146,20,2978.896859
146,21,2971.875720
146,21,2971.875720
146,21,2971.875720
146,21,2971.875720
146,21,2971.875720
146,21,2971.875720
146,21,2971.875720
146,21,2971.875720
146,21,2971.875720
146,21,2971.875720
146,21,2971.875720
146,22,2809.392937
146,22,2809.392937
146,22,2809.392937
146,22,2809.392937
146,22,2809.392937
146,22,2809.392937
147,16,3404.288581
147,16,3404.288581
147,16,3404.288581
147,16,3404.288581
147,16,3404.288581
147,16,3404.288581
147,16,3404.288581
147,16,3404.288581
147,16,3404.288581
147,16,3404.288581
147,17,3242.194735
147,17,3242.194735
147,17,3242.194735
147,17,3242.194735
147,17,3242.194735
147,17,3242.194735
147,17,3242.194735
147,17,3242.194735
147,17,3242.194735
147,17,3242.194735
147,17,3242.194735
147,17,3242.194735
147,17,3242.194735
147,17,3242.194735
147,18,3113.302654
147,19,3005.675152
147,19,3005.675152
147,19,3005.675152
147,20,2978.896859
147,20,2978.896859
147,20,2978.896859
147,20,2978.896859
147,20,2978.896859
147,20,2978.896859
147,20,2978.896859
147,20,2978.896859
147,20,2978.896859
147,20,2978.896859
147,20,2978.896859
147,21,2971.875720
147,21,2971.875720
147,21,2971.875720
147,21,2971.875720
147,21,2971.875720
147,21,2971.875720
147,21,2971.875720
147,21,2971.875720
147,21,2971.875720
147,21,2971.875720
147,21,2971.875720
147,21,2971.875720
147,22,2809.392937
147,22,2809.392937
147,22,2809.392937
147,22,2809.392937
147,22,2809.392937
147,22,2809.392937
147,22,2809.392937
148,16,3404.288581
148,16,3404.288581
148,16,3404.288581
148,16,3404.288581
148,16,3404.288581
148,16,3404.288581
148,16,3404.288581
148,16,3404.288581
148,16,3404.288581
148,16,3404.288581
148,16,3404.288581
148,17,3242.194735
148,17,3242.194735
148,17,3242.194735
148,17,3242.194735
148,17,3242.194735
148,17,3242.194735
148,17,3242.194735
148,17,3242.194735
148,17,3242.194735
148,17,3242.194735
148,17,3242.194735
148,17,3242.194735
148,17,3242.194735
148,17,3242.194735
148,17,3242.194735
148,18,3113.302654
148,18,3113.302654
148,19,3005.675152
148,19,3005.675152
148,19,3005.675152
148,19,3005.675152
148,20,2978.896859
148,20,2978.896859
148,20,2978.896859
148,20,2978.896859
148,20,2978.896859
148,20,2978.896859
148,20,2978.896859
148,20,2978.896859
148,20,2978.896859
148,20,2978.896859
148,20,2978.896859
148,20,2978.896859
148,21,2971.875720
148,21,2971.875720
148,21,2971.875720
148,21,2971.875720
148,21,2971.875720
148,21,2971.875720
148,21,2971.875720
148,21,2971.875720
148,21,2971.875720
148,21,2971.875720
148,21,2971.875720
148,21,2971.875720
148,21,2971.875720
148,22,2809.392937
148,22,2809.392937
148,22,2809.392937
148,22,2809.392937
148,22,2809.392937
148,22,2809.392937
148,22,2809.392937
148,22,2809.392937
149,16,3373.685676
149,17,3242.194735
149,17,3242.194735
149,17,3242.194735
149,17,3242.194735
149,17,3242.194735
149,17,3242.194735
149,17,3242.194735
149,17,3242.194735
149,17,3242.194735
149,17,3242.194735
149,17,3242.194735
149,17,3242.194735
149,17,3242.194735
149,17,3242.194735
149,17,3242.194735
149,17,3242.194735
149,18,3113.302654
149,18,3113.302654
149,18,3113.302654
149,19,3005.675152
149,19,3005.675152
149,19,3005.675152
149,19,3005.675152
149,19,3005.675152
149,20,2919.207333
149,22,2809.392937
149,22,2809.392937
149,22,2809.392937
149,22,2809.392937
149,22,2809.392937
149,22,2809.392937
149,22,2809.392937
149,22,2809.392937
149,22,2809.392937
150,16,3373.685676
150,16,3373.685676
150,17,3242.194735
150,17,3242.194735
150,17,3242.194735
150,17,3242.194735
150,17,3242.194735
150,17,3242.194735
150,17,3242.194735
150,17,3242.194735
150,17,3242.194735
150,17,3242.194735
150,17,3242.194735
150,17,3242.194735
150,17,3242.194735
150,17,3242.194735
150,17,3242.194735
150,17,3242.194735
150,17,3242.194735
150,18,3095.231822
150,19,3005.675152
150,19,3005.675152
150,19,3005.675152
150,19,3005.675152
150,19,3005.675152
150,19,3005.675152
150,20,2919.207333
150,20,2919.207333
150,21,2909.706625
150,22,2809.392937
150,22,2809.392937
150,22,2809.392937
150,22,2809.392937
150,22,2809.392937
150,22,2809.392937
150,22,2809.392937
150,22,2809.392937
150,22,2809.392937
150,22,2809.392937
151,16,3373.685676
151,16,3373.685676
151,16,3373.685676
151,17,3242.194735
151,17,3242.194735
151,17,3242.194735
151,17,3242.194735
151,17,3242.194735
151,17,3242.194735
151,17,3242.194735
151,17,3242.194735
151,17,3242.194735
151,17,3242.194735
151,17,3242.194735
151,17,3242.194735
151,17,3242.194735
151,17,3242.194735
151,17,3242.194735
151,17,3242.194735
151,17,3242.194735
151,17,3242.194735
151,18,3095.231822
151,18,3095.231822
151,19,3005.675152
151,19,3005.675152
151,19,3005.675152
151,19,3005.675152
151,19,3005.675152
151,19,3005.675152
151,19,3005.675152
151,20,2919.207333
151,20,2919.207333
151,20,2919.207333
151,21,2909.706625
151,21,2909.706625
151,22,2809.392937
151,22,2809.392937
151,22,2809.392937
151,22,2809.392937
151,22,2809.392937
151,22,2809.392937
151,22,2809.392937
151,22,2809.392937
151,22,2809.392937
151,22,2809.392937
151,22,2809.392937
152,16,3373.685676
152,16,3373.685676
152,16,3373.685676
152,16,3373.685676
152,17,3242.194735
152,17,3242.194735
152,17,3242.194735
152,17,3242.194735
152,17,3242.194735
152,17,3242.194735
152,17,3242.194735
152,17,3242.194735
152,17,3242.194735
152,17,3242.194735
152,17,3242.194735
152,17,3242.194735
152,17,3242.194735
152,17,3242.194735
152,17,3242.194735
152,17,3242.194735
152,17,3242.194735
152,17,3242.194735
152,17,3242.194735
152,18,3095.231822
152,18,3095.231822
152,18,3095.231822
152,19,3005.675152
152,19,3005.675152
152,19,3005.675152
152,19,3005.675152
152,19,3005.675152
152,19,3005.675152
152,19,3005.675152
152,19,3005.675152
152,20,2919.207333
152,20,2919.207333
152,20,2919.207333
152,20,2919.207333
152,21,2909.706625
152,21,2909.706625
152,21,2909.706625
152,22,2809.392937
152,22,2809.392937
152,22,2809.392937
152,22,2809.392937
152,22,2809.392937
152,22,2809.392937
152,22,2809.392937
152,22,2809.392937
152,22,2809.392937
152,22,2809.392937
152,22,2809.392937
152,22,2809.392937
153,16,3373.685676
153,16,3373.685676
153,16,3373.685676
153,16,3373.685676
153,16,3373.685676
153,17,3242.194735
153,17,3242.194735
153,17,3242.194735
153,17,3242.194735
153,17,3242.194735
153,17,3242.194735
153,17,3242.194735
153,17,3242.194735
153,17,3242.194735
153,17,3242.194735
153,17,3242.194735
153,17,3242.194735
153,17,3242.194735
153,17,3242.194735
153,17,3242.194735
153,17,3242.194735
153,17,3242.194735
153,17,3242.194735
153,17,3242.194735
153,17,3242.194735
153,18,3095.231822
153,18,3095.231822
153,18,3095.231822
153,18,3095.231822
153,19,3005.675152
153,19,3005.675152
153,19,3005.675152
153,19,3005.675152
153,19,3005.675152
153,19,3005.675152
153,19,3005.675152
153,19,3005.675152
153,19,3005.675152
153,20,2919.207333
153,20,2919.207333
153,20,2919.207333
153,20,2919.207333
153,20,2919.207333
153,21,2868.420381
153,22,2809.392937
153,22,2809.392937
153,22,2809.392937
153,22,2809.392937
153,22,2809.392937
153,22,2809.392937
153,22,2809.392937
153,22,2809.392937
153,22,2809.392937
153,22,2809.392937
153,22,2809.392937
153,22,2809.392937
153,22,2809.392937
154,16,3373.685676
154,16,3373.685676
154,16,3373.685676
154,16,3373.685676
154,16,3373.685676
154,16,3373.685676
154,17,3242.194735
154,17,3242.194735
154,17,3242.194735
154,17,3242.194735
154,17,3242.194735
154,17,3242.194735
154,17,3242.194735
154,17,3242.194735
154,17,3242.194735
154,17,3242.194735
154,17,3242.194735
154,17,3242.194735
154,17,3242.194735
154,17,3242.194735
154,17,3242.194735
154,17,3242.194735
154,17,3242.194735
154,17,3242.194735
154,17,3242.194735
154,17,3242.194735
154,17,3242.194735
154,18,3095.231822
154,18,3095.231822
154,18,3095.231822
154,18,3095.231822
154,18,3095.231822
154,19,3005.675152
154,19,3005.675152
154,19,3005.675152
154,19,3005.675152
154,19,3005.675152
154,19,3005.675152
154,19,3005.675152
154,19,3005.675152
154,19,3005.675152
154,19,3005.675152
154,19,3005.675152
154,20,2919.207333
154,20,2919.207333
154,20,2919.207333
154,20,2919.207333
154,20,2919.207333
154,20,2919.207333
154,21,2865.816039
154,22,2809.392937
154,22,2809.392937
154,22,2809.392937
154,22,2809.392937
154,22,2809.392937
154,22,2809.392937
154,22,2809.392937
154,22,2809.392937
154,22,2809.392937
154,22,2809.392937
154,22,2809.392937
154,22,2809.392937
154,22,2809.392937
154,22,2809.392937
154,22,2809.392937
155,16,3373.685676
155,16,3373.685676
155,16,3373.685676
155,16,3373.685676
155,16,3373.685676
155,16,3373.685676
155,16,3373.685676
155,17,3242.194735
155,17,3242.194735
155,17,3242.194735
155,17,3242.194735
155,17,3242.194735
155,17,3242.194735
155,17,3242.194735
155,17,3242.194735
155,17,3242.194735
155,17,3242.194735
155,17,3242.194735
155,17,3242.194735
155,17,3242.194735
155,17,3242.194735
155,17,3242.194735
155,17,3242.194735
155,17,3242.194735
155,17,3242.194735
155,17,3242.194735
155,17,3242.194735
155,17,3242.194735
155,17,3242.194735
155,18,3095.231822
155,18,3095.231822
155,18,3095.231822
155,18,3095.231822
155,18,3095.231822
155,18,3095.231822
155,19,3005.675152
155,19,3005.675152
155,19,3005.675152
155,19,3005.675152
155,19,3005.675152
155,19,3005.675152
155,19,3005.675152
155,19,3005.675152
155,19,3005.675152
155,19,3005.675152
155,19,3005.675152
155,19,3005.675152
155,19,3005.675152
155,20,2919.207333
155,20,2919.207333
155,20,2919.207333
155,20,2919.207333
155,20,2919.207333
155,20,2919.207333
155,20,2919.207333
155,21,2865.816039
155,21,2865.816039
155,22,2809.392937
155,22,2809.392937
155,22,2809.392937
155,22,2809.392937
155,22,2809.392937
155,22,2809.392937
155,22,2809.392937
155,22,2809.392937
155,22,2809.392937
155,22,2809.392937
155,22,2809.392937
155,22,2809.392937
155,22,2809.392937
155,22,2809.392937
155,22,2809.392937
155,22,2809.392937
155,22,2809.392937
156,16,3373.685676
156,16,3373.685676
156,16,3373.685676
156,16,3373.685676
156,16,3373.685676
156,16,3373.685676
156,16,3373.685676
156,16,3373.685676
156,17,3242.194735
156,17,3242.194735
156,17,3242.194735
156,17,3242.194735
156,17,3242.194735
156,17,3242.194735
156,17,3242.194735
156,17,3242.194735
156,17,3242.194735
156,17,3242.194735
156,17,3242.194735
156,17,3242.194735
156,17,3242.194735
156,17,3242.194735
156,17,3242.194735
156,17,3242.194735
156,17,3242.194735
156,17,3242.194735
156,17,3242.194735
156,17,3242.194735
156,17,3242.194735
156,17,3242.194735
156,17,3242.194735
156,18,3095.231822
156,18,3095.231822
156,18,3095.231822
156,18,3095.231822
156,18,3095.231822
156,18,3095.231822
156,18,3095.231822
156,19,3005.675152
156,19,3005.675152
156,19,3005.675152
156,19,3005.675152
156,19,3005.675152
156,19,3005.675152
156,19,3005.675152
156,19,3005.675152
156,19,3005.675152
156,19,3005.675152
156,19,3005.675152
156,19,3005.675152
156,19,3005.675152
156,19,3005.675152
156,19,3005.675152
156,20,2910.708314
156,21,2865.816039
156,21,2865.816039
156,21,2865.816039
156,22,2809.392937
156,22,2809.392937
156,22,2809.392937
156,22,2809.392937
156,22,2809.392937
156,22,2809.392937
156,22,2809.392937
156,22,2809.392937
156,22,2809.392937
156,22,2809.392937
156,22,2809.392937
156,22,2809.392937
156,22,2809.392937
156,22,2809.392937
156,22,2809.392937
156,22,2809.392937
156,22,2809.392937
156,22,2809.392937
156,22,2809.392937
157,16,3373.685676
157,16,3373.685676
157,16,3373.685676
157,16,3373.685676
157,16,3373.685676
157,16,3373.685676
157,16,3373.685676
157,16,3373.685676
157,16,3373.685676
157,17,3242.194735
157,17,3242.194735
157,17,3242.194735
157,17,3242.194735
157,17,3242.194735
157,17,3242.194735
157,17,3242.194735
157,17,3242.194735
157,17,3242.194735
157,17,3242.194735
157,17,3242.194735
157,17,3242.194735
157,17,3242.194735
157,17,3242.194735
157,17,3242.194735
157,17,3242.194735
157,17,3242.194735
157,17,3242.194735
157,17,3242.194735
157,17,3242.194735
157,17,3242.194735
157,17,3242.194735
157,17,3242.194735
157,17,3242.194735
157,18,3095.231822
157,18,3095.231822
157,18,3095.231822
157,18,3095.231822
157,18,3095.231822
157,18,3095.231822
157,18,3095.231822
157,18,3095.231822
157,19,3005.675152
157,19,3005.675152
157,19,3005.675152
157,19,3005.675152
157,19,3005.675152
157,19,3005.675152
157,19,3005.675152
157,19,3005.675152
157,19,3005.675152
157,19,3005.675152
157,19,3005.675152
157,19,3005.675152
157,19,3005.675152
157,19,3005.675152
157,19,3005.675152
157,19,3005.675152
157,19,3005.675152
157,20,2910.708314
157,20,2910.708314
157,21,2865.816039
157,21,2865.816039
157,21,2865.816039
157,21,2865.816039
157,22,2809.392937
157,22,2809.392937
157,22,2809.392937
157,22,2809.392937
157,22,2809.392937
157,22,2809.392937
157,22,2809.392937
157,22,2809.392937
157,22,2809.392937
157,22,2809.392937
157,22,2809.392937
157,22,2809.392937
157,22,2809.392937
157,22,2809.392937
157,22,2809.392937
157,22,2809.392937
157,22,2809.392937
157,22,2809.392937
157,22,2809.392937
157,22,2809.392937
157,22,2809.392937
158,16,3373.685676
158,16,3373.685676
158,16,3373.685676
158,16,3373.685676
158,16,3373.685676
158,16,3373.685676
158,16,3373.685676
158,16,3373.685676
158,16,3373.685676
158,16,3373.685676
158,17,3242.194735
158,17,3242.194735
158,17,3242.194735
158,17,3242.194735
158,17,3242.194735
158,17,3242.194735
158,17,3242.194735
158,17,3242.194735
158,17,3242.194735
158,17,3242.194735
158,17,3242.194735
158,17,3242.194735
158,17,3242.194735
158,17,3242.194735
158,17,3242.194735
158,17,3242.194735
158,17,3242.194735
158,17,3242.194735
158,17,3242.194735
158,17,3242.194735
158,17,3242.194735
158,17,3242.194735
158,17,3242.194735
158,17,3242.194735
158,17,3242.194735
158,18,3095.231822
158,18,3095.231822
158,18,3095.231822
158,18,3095.231822
158,18,3095.231822
158,18,3095.231822
158,18,3095.231822
158,18,3095.231822
158,18,3095.231822
158,19,3005.675152
158,19,3005.675152
158,19,3005.675152
158,19,3005.675152
158,19,3005.675152
158,19,3005.675152
158,19,3005.675152
158,19,3005.675152
158,19,3005.675152
158,19,3005.675152
158,19,3005.675152
158,19,3005.675152
158,19,3005.675152
158,19,3005.675152
158,19,3005.675152
158,19,3005.675152
158,19,3005.675152
158,19,3005.675152
158,19,3005.675152
158,20,2910.708314
158,20,2910.708314
158,20,2910.708314
158,21,2865.816039
158,21,2865.816039
158,21,2865.816039
158,21,2865.816039
158,21,2865.816039
158,22,2809.392937
158,22,2809.392937
158,22,2809.392937
158,22,2809.392937
158,22,2809.392937
158,22,2809.392937
158,22,2809.392937
158,22,2809.392937
158,22,2809.392937
158,22,2809.392937
158,22,2809.392937
158,22,2809.392937
158,22,2809.392937
158,22,2809.392937
158,22,2809.392937
158,22,2809.392937
158,22,2809.392937
158,22,2809.392937
158,22,2809.392937
158,22,2809.392937
158,22,2809.392937
158,22,2809.392937
158,22,2809.392937
159,16,3373.685676
159,16,3373.685676
159,16,3373.685676
159,16,3373.685676
159,16,3373.685676
159,16,3373.685676
159,16,3373.685676
159,16,3373.685676
159,16,3373.685676
159,16,3373.685676
159,16,3373.685676
159,17,3241.557277
159,18,3095.231822
159,18,3095.231822
159,18,3095.231822
159,18,3095.231822
159,18,3095.231822
159,18,3095.231822
159,18,3095.231822
159,18,3095.231822
159,18,3095.231822
159,18,3095.231822
159,19,3003.525404
159,20,2910.544300
159,21,2865.816039
159,21,2865.816039
159,21,2865.816039
159,21,2865.816039
159,21,2865.816039
159,21,2865.816039
159,21,2865.816039
159,22,2809.392937
159,22,2809.392937
159,22,2809.392937
159,22,2809.392937
159,22,2809.392937
159,22,2809.392937
159,22,2809.392937
159,22,2809.392937
159,22,2809.392937
159,22,2809.392937
159,22,2809.392937
159,22,2809.392937
159,22,2809.392937
159,22,2809.392937
159,22,2809.392937
159,22,2809.392937
159,22,2809.392937
159,22,2809.392937
159,22,2809.392937
159,22,2809.392937
159,22,2809.392937
159,22,2809.392937
159,22,2809.392937
159,22,2809.392937
159,22,2809.392937
160,16,3373.685676
160,16,3373.685676
160,16,3373.685676
160,16,3373.685676
160,16,3373.685676
160,16,3373.685676
160,16,3373.685676
160,16,3373.685676
160,16,3373.685676
160,16,3373.685676
160,16,3373.685676
160,16,3373.685676
160,17,3241.557277
160,17,3241.557277
160,18,3095.231822
160,18,3095.231822
160,18,3095.231822
160,18,3095.231822
160,18,3095.231822
160,18,3095.231822
160,18,3095.231822
160,18,3095.231822
160,18,3095.231822
160,18,3095.231822
160,18,3095.231822
160,19,2988.545848
160,20,2910.544300
160,20,2910.544300
160,21,2865.816039
160,21,2865.816039
160,21,2865.816039
160,21,2865.816039
160,21,2865.816039
160,21,2865.816039
160,21,2865.816039
160,21,2865.816039
160,21,2865.816039
160,22,2807.279720
161,16,3373.685676
161,16,3373.685676
161,16,3373.685676
161,16,3373.685676
161,16,3373.685676
161,16,3373.685676
161,16,3373.685676
161,16,3373.685676
161,16,3373.685676
161,16,3373.685676
161,16,3373.685676
161,16,3373.685676
161,16,3373.685676
161,17,3241.557277
161,17,3241.557277
161,17,3241.557277
161,18,3095.231822
161,18,3095.231822
161,18,3095.231822
161,18,3095.231822
161,18,3095.231822
161,18,3095.231822
161,18,3095.231822
161,18,3095.231822
161,18,3095.231822
161,18,3095.231822
161,18,3095.231822
161,18,3095.231822
161,19,2988.545848
161,19,2988.545848
161,20,2910.544300
161,20,2910.544300
161,20,2910.544300
161,21,2860.681858
161,22,2807.279720
161,22,2807.279720
162,16,3362.541050
162,17,3241.557277
162,17,3241.557277
162,17,3241.557277
162,17,3241.557277
162,18,3075.862992
162,19,2988.545848
162,19,2988.545848
162,19,2988.545848
162,20,2910.544300
162,20,2910.544300
162,20,2910.544300
162,20,2910.544300
162,21,2860.681858
162,21,2860.681858
162,22,2807.279720
162,22,2807.279720
162,22,2807.279720
162,23,2805.930929
163,16,3362.541050
163,16,3362.541050
163,17,3241.557277
163,17,3241.557277
163,17,3241.557277
163,17,3241.557277
163,17,3241.557277
163,18,3063.497864
163,19,2988.545848
163,19,2988.545848
163,19,2988.545848
163,19,2988.545848
163,20,2910.544300
163,20,2910.544300
163,20,2910.544300
163,20,2910.544300
163,20,2910.544300
163,21,2860.681858
163,21,2860.681858
163,21,2860.681858
163,22,2807.279720
163,22,2807.279720
163,22,2807.279720
163,22,2807.279720
163,23,2805.930929
163,23,2805.930929
164,16,3362.541050
164,16,3362.541050
164,16,3362.541050
164,17,3241.557277
164,17,3241.557277
164,17,3241.557277
164,17,3241.557277
164,17,3241.557277
164,17,3241.557277
164,18,3063.497864
164,18,3063.497864
164,19,2988.545848
164,19,2988.545848
164,19,2988.545848
164,19,2988.545848
164,19,2988.545848
164,20,2869.157244
164,21,2826.956454
164,22,2807.279720
164,22,2807.279720
164,22,2807.279720
164,22,2807.279720
164,22,2807.279720
164,23,2794.103657
165,16,3343.837731
165,17,3241.557277
165,17,3241.557277
165,17,3241.557277
165,17,3241.557277
165,17,3241.557277
165,17,3241.557277
165,17,3241.557277
165,18,3063.497864
165,18,3063.497864
165,18,3063.497864
165,19,2988.545848
165,19,2988.545848
165,19,2988.545848
165,19,2988.545848
165,19,2988.545848
165,19,2988.545848
165,20,2869.157244
165,20,2869.157244
165,21,2826.956454
165,21,2826.956454
165,22,2807.279720
165,22,2807.279720
165,22,2807.279720
165,22,2807.279720
165,22,2807.279720
165,22,2807.279720
165,23,2794.103657
165,23,2794.103657
166,16,3343.837731
166,16,3343.837731
166,17,3241.557277
166,17,3241.557277
166,17,3241.557277
166,17,3241.557277
166,17,3241.557277
166,17,3241.557277
166,17,3241.557277
166,17,3241.557277
166,18,3063.497864
166,18,3063.497864
166,18,3063.497864
166,18,3063.497864
166,19,2980.466510
166,20,2869.157244
166,20,2869.157244
166,20,2869.157244
166,21,2826.956454
166,21,2826.956454
166,21,2826.956454
166,22,2807.279720
166,22,2807.279720
166,22,2807.279720
166,22,2807.279720
166,22,2807.279720
166,22,2807.279720
166,22,2807.279720
166,23,2794.103657
166,23,2794.103657
166,23,2794.103657
167,16,3343.837731
167,16,3343.837731
167,16,3343.837731
167,17,3167.939845
167,18,3063.497864
167,18,3063.497864
167,18,3063.497864
167,18,3063.497864
167,18,3063.497864
167,19,2980.466510
167,19,2980.466510
167,20,2850.785794
167,21,2823.506680
167,22,2807.279720
167,22,2807.279720
167,22,2807.279720
167,22,2807.279720
167,22,2807.279720
167,22,2807.279720
167,22,2807.279720
167,22,2807.279720
167,23,2794.103657
167,23,2794.103657
167,23,2794.103657
167,23,2794.103657
168,16,3343.837731
168,16,3343.837731
168,16,3343.837731
168,16,3343.837731
168,17,3160.080511
168,18,3063.497864
168,18,3063.497864
168,18,3063.497864
168,18,3063.497864
168,18,3063.497864
168,18,3063.497864
168,19,2967.508060
168,20,2850.785794
168,20,2850.785794
168,21,2823.506680
168,21,2823.506680
168,22,2807.279720
168,22,2807.279720
168,22,2807.279720
168,22,2807.279720
168,22,2807.279720
168,22,2807.279720
168,22,2807.279720
168,22,2807.279720
168,22,2807.279720
168,23,2794.103657
168,23,2794.103657
168,23,2794.103657
168,23,2794.103657
168,23,2794.103657
169,16,3342.858615
169,17,3160.080511
169,17,3160.080511
169,18,3063.497864
169,18,3063.497864
169,18,3063.497864
169,18,3063.497864
169,18,3063.497864
169,18,3063.497864
169,18,3063.497864
169,19,2948.660702
169,20,2850.785794
169,20,2850.785794
169,20,2850.785794
169,21,2823.506680
169,21,2823.506680
169,21,2823.506680
169,22,2758.212237
170,16,3342.858615
170,16,3342.858615
170,17,3160.080511
170,17,3160.080511
170,17,3160.080511
170,18,3063.497864
170,18,3063.497864
170,18,3063.497864
170,18,3063.497864
170,18,3063.497864
170,18,3063.497864
170,18,3063.497864
170,18,3063.497864
170,19,2897.595176
170,20,2850.785794
170,20,2850.785794
170,20,2850.785794
170,20,2850.785794
170,21,2823.506680
170,21,2823.506680
170,21,2823.506680
170,21,2823.506680
170,22,2758.212237
170,22,2758.212237
171,16,3342.858615
171,16,3342.858615
171,16,3342.858615
171,17,3160.080511
171,17,3160.080511
171,17,3160.080511
171,17,3160.080511
171,17,3160.080511
171,18,3063.497864
171,18,3063.497864
171,18,3063.497864
171,18,3063.497864
171,18,3063.497864
171,18,3063.497864
171,18,3063.497864
171,18,3063.497864
171,18,3063.497864
171,18,3063.497864
171,19,2897.595176
171,19,2897.595176
171,20,2850.785794
171,20,2850.785794
171,20,2850.785794
171,20,2850.785794
171,20,2850.785794
171,21,2823.506680
171,21,2823.506680
171,21,2823.506680
171,21,2823.506680
171,21,2823.506680
171,22,2758.212237
171,22,2758.212237
171,22,2758.212237
172,16,3342.858615
172,16,3342.858615
172,16,3342.858615
172,16,3342.858615
172,17,3160.080511
172,17,3160.080511
172,17,3160.080511
172,17,3160.080511
172,17,3160.080511
172,17,3160.080511
172,17,3160.080511
172,18,3063.497864
172,18,3063.497864
172,18,3063.497864
172,18,3063.497864
172,18,3063.497864
172,18,3063.497864
172,18,3063.497864
172,18,3063.497864
172,18,3063.497864
172,18,3063.497864
172,18,3063.497864
172,18,3063.497864
172,19,2897.595176
172,19,2897.595176
172,19,2897.595176
172,20,2850.785794
172,20,2850.785794
172,20,2850.785794
172,20,2850.785794
172,20,2850.785794
172,20,2850.785794
172,21,2823.506680
172,21,2823.506680
172,21,2823.506680
172,21,2823.506680
172,21,2823.506680
172,21,2823.506680
172,22,2758.212237
172,22,2758.212237
172,22,2758.212237
172,22,2758.212237
173,16,3342.858615
173,16,3342.858615
173,16,3342.858615
173,16,3342.858615
173,16,3342.858615
173,17,3160.080511
173,17,3160.080511
173,17,3160.080511
173,17,3160.080511
173,17,3160.080511
173,17,3160.080511
173,17,3160.080511
173,17,3160.080511
173,17,3160.080511
173,18,3014.659016
173,19,2897.595176
173,19,2897.595176
173,19,2897.595176
173,19,2897.595176
173,20,2850.785794
173,20,2850.785794
173,20,2850.785794
173,20,2850.785794
173,20,2850.785794
173,20,2850.785794
173,20,2850.785794
173,21,2823.506680
173,21,2823.506680
173,21,2823.506680
173,21,2823.506680
173,21,2823.506680
173,21,2823.506680
173,21,2823.506680
173,22,2758.212237
173,22,2758.212237
173,22,2758.212237
173,22,2758.212237
173,22,2758.212237
174,16,3342.858615
174,16,3342.858615
174,16,3342.858615
174,16,3342.858615
174,16,3342.858615
174,16,3342.858615
174,17,3160.080511
174,17,3160.080511
174,17,3160.080511
174,17,3160.080511
174,17,3160.080511
174,17,3160.080511
174,17,3160.080511
174,17,3160.080511
174,17,3160.080511
174,17,3160.080511
174,17,3160.080511
174,18,3014.659016
174,18,3014.659016
174,19,2897.595176
174,19,2897.595176
174,19,2897.595176
174,19,2897.595176
174,19,2897.595176
174,20,2850.785794
174,20,2850.785794
174,20,2850.785794
174,20,2850.785794
174,20,2850.785794
174,20,2850.785794
174,20,2850.785794
174,20,2850.785794
174,21,2823.506680
174,21,2823.506680
174,21,2823.506680
174,21,2823.506680
174,21,2823.506680
174,21,2823.506680
174,21,2823.506680
174,21,2823.506680
174,21,2823.506680
174,22,2758.212237
174,22,2758.212237
174,22,2758.212237
174,22,2758.212237
174,22,2758.212237
174,22,2758.212237
175,16,3342.858615
175,16,3342.858615
175,16,3342.858615
175,16,3342.858615
175,16,3342.858615
175,16,3342.858615
175,16,3342.858615
175,17,3150.058080
175,18,3014.659016
175,18,3014.659016
175,18,3014.659016
175,19,2897.595176
175,19,2897.595176
175,19,2897.595176
175,19,2897.595176
175,19,2897.595176
175,19,2897.595176
175,20,2850.785794
175,20,2850.785794
175,20,2850.785794
175,20,2850.785794
175,20,2850.785794
175,20,2850.785794
175,20,2850.785794
175,20,2850.785794
175,20,2850.785794
175,21,2823.506680
175,21,2823.506680
175,21,2823.506680
175,21,2823.506680
175,21,2823.506680
175,21,2823.506680
175,21,2823.506680
175,21,2823.506680
175,21,2823.506680
175,21,2823.506680
175,21,2823.506680
175,22,2758.212237
175,22,2758.212237
175,22,2758.212237
175,22,2758.212237
175,22,2758.212237
175,22,2758.212237
175,22,2758.212237
176,16,3342.858615
176,16,3342.858615
176,16,3342.858615
176,16,3342.858615
176,16,3342.858615
176,16,3342.858615
176,16,3342.858615
176,16,3342.858615
176,17,3150.058080
176,17,3150.058080
176,18,3014.659016
176,18,3014.659016
176,18,3014.659016
176,18,3014.659016
176,19,2897.595176
176,19,2897.595176
176,19,2897.595176
176,19,2897.595176
176,19,2897.595176
176,19,2897.595176
176,19,2897.595176
176,20,2850.785794
176,20,2850.785794
176,20,2850.785794
176,20,2850.785794
176,20,2850.785794
176,20,2850.785794
176,20,2850.785794
176,20,2850.785794
176,20,2850.785794
176,20,2850.785794
176,21,2823.506680
176,21,2823.506680
176,21,2823.506680
176,21,2823.506680
176,21,2823.506680
176,21,2823.506680
176,21,2823.506680
176,21,2823.506680
176,21,2823.506680
176,21,2823.506680
176,21,2823.506680
176,21,2823.506680
176,21,2823.506680
176,22,2758.212237
176,22,2758.212237
176,22,2758.212237
176,22,2758.212237
176,22,2758.212237
176,22,2758.212237
176,22,2758.212237
176,22,2758.212237
177,16,3342.858615
177,16,3342.858615
177,16,3342.858615
177,16,3342.858615
177,16,3342.858615
177,16,3342.858615
177,16,3342.858615
177,16,3342.858615
177,16,3342.858615
177,17,3131.344873
177,18,3014.659016
177,18,3014.659016
177,18,3014.659016
177,18,3014.659016
177,18,3014.659016
177,19,2897.595176
177,19,2897.595176
177,19,2897.595176
177,19,2897.595176
177,19,2897.595176
177,19,2897.595176
177,19,2897.595176
177,19,2897.595176
177,20,2850.785794
177,20,2850.785794
177,20,2850.785794
177,20,2850.785794
177,20,2850.785794
177,20,2850.785794
177,20,2850.785794
177,20,2850.785794
177,20,2850.785794
177,20,2850.785794
177,20,2850.785794
177,21,2823.506680
177,21,2823.506680
177,21,2823.506680
177,21,2823.506680
177,21,2823.506680
177,21,2823.506680
177,21,2823.506680
177,21,2823.506680
177,21,2823.506680
177,21,2823.506680
177,21,2823.506680
177,21,2823.506680
177,21,2823.506680
177,21,2823.506680
177,21,2823.506680
177,22,2758.212237
177,22,2758.212237
177,22,2758.212237
177,22,2758.212237
177,22,2758.212237
177,22,2758.212237
177,22,2758.212237
177,22,2758.212237
177,22,2758.212237
178,16,3342.858615
178,16,3342.858615
178,16,3342.858615
178,16,3342.858615
178,16,3342.858615
178,16,3342.858615
178,16,3342.858615
178,16,3342.858615
178,16,3342.858615
178,16,3342.858615
178,17,3131.344873
178,17,3131.344873
178,18,3014.659016
178,18,3014.659016
178,18,3014.659016
178,18,3014.659016
178,18,3014.659016
178,18,3014.659016
178,19,2897.595176
178,19,2897.595176
178,19,2897.595176
178,19,2897.595176
178,19,2897.595176
178,19,2897.595176
178,19,2897.595176
178,19,2897.595176
178,19,2897.595176
178,20,2850.785794
178,20,2850.785794
178,20,2850.785794
178,20,2850.785794
178,20,2850.785794
178,20,2850.785794
178,20,2850.785794
178,20,2850.785794
178,20,2850.785794
178,20,2850.785794
178,20,2850.785794
178,20,2850.785794
178,21,2823.506680
178,21,2823.506680
178,21,2823.506680
178,21,2823.506680
178,21,2823.506680
178,21,2823.506680
178,21,2823.506680
178,21,2823.506680
178,21,2823.506680
178,21,2823.506680
178,21,2823.506680
178,21,2823.506680
178,21,2823.506680
178,21,2823.506680
178,21,2823.506680
178,21,2823.506680
178,21,2823.506680
178,22,2758.212237
178,22,2758.212237
178,22,2758.212237
178,22,2758.212237
178,22,2758.212237
178,22,2758.212237
178,22,2758.212237
178,22,2758.212237
178,22,2758.212237
178,22,2758.212237
179,16,3303.979360
179,17,3118.999468
179,18,3014.659016
179,18,3014.659016
179,18,3014.659016
179,18,3014.659016
179,18,3014.659016
179,18,3014.659016
179,18,3014.659016
179,19,2897.595176
179,19,2897.595176
179,19,2897.595176
179,19,2897.595176
179,19,2897.595176
179,19,2897.595176
179,19,2897.595176
179,19,2897.595176
179,19,2897.595176
179,19,2897.595176
179,20,2850.785794
179,20,2850.785794
179,20,2850.785794
179,20,2850.785794
179,20,2850.785794
179,20,2850.785794
179,20,2850.785794
179,20,2850.785794
179,20,2850.785794
179,20,2850.785794
179,20,2850.785794
179,20,2850.785794
179,20,2850.785794
179,21,2823.506680
179,21,2823.506680
179,21,2823.506680
179,21,2823.506680
179,21,2823.506680
179,21,2823.506680
179,21,2823.506680
179,21,2823.506680
179,21,2823.506680
179,21,2823.506680
179,21,2823.506680
179,21,2823.506680
179,21,2823.506680
179,21,2823.506680
179,21,2823.506680
179,21,2823.506680
179,21,2823.506680
179,21,2823.506680
179,21,2823.506680
179,22,2758.212237
179,22,2758.212237
179,22,2758.212237
179,22,2758.212237
179,22,2758.212237
179,22,2758.212237
179,22,2758.212237
179,22,2758.212237
179,22,2758.212237
179,22,2758.212237
179,22,2758.212237
180,16,3303.979360
180,16,3303.979360
180,17,3118.999468
180,17,3118.999468
180,18,3014.659016
180,18,3014.659016
180,18,3014.659016
180,18,3014.659016
180,18,3014.659016
180,18,3014.659016
180,18,3014.659016
180,18,3014.659016
180,19,2897.595176
180,19,2897.595176
180,19,2897.595176
180,19,2897.595176
180,19,2897.595176
180,19,2897.595176
180,19,2897.595176
180,19,2897.595176
180,19,2897.595176
180,19,2897.595176
180,19,2897.595176
180,20,2850.785794
180,20,2850.785794
180,20,2850.785794
180,20,2850.785794
180,20,2850.785794
180,20,2850.785794
180,20,2850.785794
180,20,2850.785794
180,20,2850.785794
180,20,2850.785794
180,20,2850.785794
180,20,2850.785794
180,20,2850.785794
180,20,2850.785794
180,21,2805.915833
180,22,2758.212237
180,22,2758.212237
180,22,2758.212237
180,22,2758.212237
180,22,2758.212237
180,22,2758.212237
180,22,2758.212237
180,22,2758.212237
180,22,2758.212237
180,22,2758.212237
180,22,2758.212237
180,22,2758.212237
181,16,3303.979360
181,16,3303.979360
181,16,3303.979360
181,17,3118.999468
181,17,3118.999468
181,17,3118.999468
181,18,3014.659016
181,18,3014.659016
181,18,3014.659016
181,18,3014.659016
181,18,3014.659016
181,18,3014.659016
181,18,3014.659016
181,18,3014.659016
181,18,3014.659016
181,18,3014.659016
181,19,2897.595176
181,19,2897.595176
181,19,2897.595176
181,19,2897.595176
181,19,2897.595176
181,19,2897.595176
181,19,2897.595176
181,19,2897.595176
181,19,2897.595176
181,19,2897.595176
181,19,2897.595176
181,19,2897.595176
181,20,2850.785794
181,20,2850.785794
181,20,2850.785794
181,20,2850.785794
181,20,2850.785794
181,20,2850.785794
181,20,2850.785794
181,20,2850.785794
181,20,2850.785794
181,20,2850.785794
181,20,2850.785794
181,20,2850.785794
181,20,2850.785794
181,20,2850.785794
181,20,2850.785794
181,21,2805.915833
181,21,2805.915833
181,22,2758.212237
181,22,2758.212237
181,22,2758.212237
181,22,2758.212237
181,22,2758.212237
181,22,2758.212237
181,22,2758.212237
181,22,2758.212237
181,22,2758.212237
181,22,2758.212237
181,22,2758.212237
181,22,2758.212237
181,22,2758.212237
182,16,3277.138007
182,17,3118.999468
182,17,3118.999468
182,17,3118.999468
182,17,3118.999468
182,18,3014.659016
182,18,3014.659016
182,18,3014.659016
182,18,3014.659016
182,18,3014.659016
182,18,3014.659016
182,18,3014.659016
182,18,3014.659016
182,18,3014.659016
182,18,3014.659016
182,18,3014.659016
182,18,3014.659016
182,19,2897.595176
182,19,2897.595176
182,19,2897.595176
182,19,2897.595176
182,19,2897.595176
182,19,2897.595176
182,19,2897.595176
182,19,2897.595176
182,19,2897.595176
182,19,2897.595176
182,19,2897.595176
182,19,2897.595176
182,19,2897.595176
182,20,2850.785794
182,20,2850.785794
182,20,2850.785794
182,20,2850.785794
182,20,2850.785794
182,20,2850.785794
182,20,2850.785794
182,20,2850.785794
182,20,2850.785794
182,20,2850.785794
182,20,2850.785794
182,20,2850.785794
182,20,2850.785794
182,20,2850.785794
182,20,2850.785794
182,20,2850.785794
182,21,2798.624624
182,22,2758.212237
182,22,2758.212237
182,22,2758.212237
182,22,2758.212237
182,22,2758.212237
182,22,2758.212237
182,22,2758.212237
182,22,2758.212237
182,22,2758.212237
182,22,2758.212237
182,22,2758.212237
182,22,2758.212237
182,22,2758.212237
182,22,2758.212237
183,16,3277.138007
183,16,3277.138007
183,17,3118.999468
183,17,3118.999468
183,17,3118.999468
183,17,3118.999468
183,17,3118.999468
183,18,3014.659016
183,18,3014.659016
183,18,3014.659016
183,18,3014.659016
183,18,3014.659016
183,18,3014.659016
183,18,3014.659016
183,18,3014.659016
183,18,3014.659016
183,18,3014.659016
183,18,3014.659016
183,18,3014.659016
183,18,3014.659016
183,18,3014.659016
183,19,2897.595176
183,19,2897.595176
183,19,2897.595176
183,19,2897.595176
183,19,2897.595176
183,19,2897.595176
183,19,2897.595176
183,19,2897.595176
183,19,2897.595176
183,19,2897.595176
183,19,2897.595176
183,19,2897.595176
183,19,2897.595176
183,19,2897.595176
183,20,2850.785794
183,20,2850.785794
183,20,2850.785794
183,20,2850.785794
183,20,2850.785794
183,20,2850.785794
183,20,2850.785794
183,20,2850.785794
183,20,2850.785794
183,20,2850.785794
183,20,2850.785794
183,20,2850.785794
183,20,2850.785794
183,20,2850.785794
183,20,2850.785794
183,20,2850.785794
183,20,2850.785794
183,21,2798.624624
183,21,2798.624624
183,22,2758.212237
183,22,2758.212237
183,22,2758.212237
183,22,2758.212237
183,22,2758.212237
183,22,2758.212237
183,22,2758.212237
183,22,2758.212237
183,22,2758.212237
183,22,2758.212237
183,22,2758.212237
183,22,2758.212237
183,22,2758.212237
183,22,2758.212237
183,22,2758.212237
184,16,3226.088364
184,17,3118.999468
184,17,3118.999468
184,17,3118.999468
184,17,3118.999468
184,17,3118.999468
184,17,3118.999468
184,18,3014.659016
184,18,3014.659016
184,18,3014.659016
184,18,3014.659016
184,18,3014.659016
184,18,3014.659016
184,18,3014.659016
184,18,3014.659016
184,18,3014.659016
184,18,3014.659016
184,18,3014.659016
184,18,3014.659016
184,18,3014.659016
184,18,3014.659016
184,18,3014.659016
184,18,3014.659016
184,19,2897.595176
184,19,2897.595176
184,19,2897.595176
184,19,2897.595176
184,19,2897.595176
184,19,2897.595176
184,19,2897.595176
184,19,2897.595176
184,19,2897.595176
184,19,2897.595176
184,19,2897.595176
184,19,2897.595176
184,19,2897.595176
184,19,2897.595176
184,19,2897.595176
184,20,2850.785794
184,20,2850.785794
184,20,2850.785794
184,20,2850.785794
184,20,2850.785794
184,20,2850.785794
184,20,2850.785794
184,20,2850.785794
184,20,2850.785794
184,20,2850.785794
184,20,2850.785794
184,20,2850.785794
184,20,2850.785794
184,20,2850.785794
184,20,2850.785794
184,20,2850.785794
184,20,2850.785794
184,20,2850.785794
184,21,2798.624624
184,21,2798.624624
184,21,2798.624624
184,22,2758.212237
184,22,2758.212237
184,22,2758.212237
184,22,2758.212237
184,22,2758.212237
184,22,2758.212237
184,22,2758.212237
184,22,2758.212237
184,22,2758.212237
184,22,2758.212237
184,22,2758.212237
184,22,2758.212237
184,22,2758.212237
184,22,2758.212237
184,22,2758.212237
184,22,2758.212237
185,16,3223.684054
185,17,3118.999468
185,17,3118.999468
185,17,3118.999468
185,17,3118.999468
185,17,3118.999468
185,17,3118.999468
185,17,3118.999468
185,18,3014.659016
185,18,3014.659016
185,18,3014.659016
185,18,3014.659016
185,18,3014.659016
185,18,3014.659016
185,18,3014.659016
185,18,3014.659016
185,18,3014.659016
185,18,3014.659016
185,18,3014.659016
185,18,3014.659016
185,18,3014.659016
185,18,3014.659016
185,18,3014.659016
185,18,3014.659016
185,18,3014.659016
185,18,3014.659016
185,19,2897.595176
185,19,2897.595176
185,19,2897.595176
185,19,2897.595176
185,19,2897.595176
185,19,2897.595176
185,19,2897.595176
185,19,2897.595176
185,19,2897.595176
185,19,2897.595176
185,19,2897.595176
185,19,2897.595176
185,19,2897.595176
185,19,2897.595176
185,19,2897.595176
185,19,2897.595176
185,20,2850.785794
185,20,2850.785794
185,20,2850.785794
185,20,2850.785794
185,20,2850.785794
185,20,2850.785794
185,20,2850.785794
185,20,2850.785794
185,20,2850.785794
185,20,2850.785794
185,20,2850.785794
185,20,2850.785794
185,20,2850.785794
185,20,2850.785794
185,20,2850.785794
185,20,2850.785794
185,20,2850.785794
185,20,2850.785794
185,20,2850.785794
185,21,2798.624624
185,21,2798.624624
185,21,2798.624624
185,21,2798.624624
185,22,2758.212237
185,22,2758.212237
185,22,2758.212237
185,22,2758.212237
185,22,2758.212237
185,22,2758.212237
185,22,2758.212237
185,22,2758.212237
185,22,2758.212237
185,22,2758.212237
185,22,2758.212237
185,22,2758.212237
185,22,2758.212237
185,22,2758.212237
185,22,2758.212237
185,22,2758.212237
185,22,2758.212237
186,16,3223.684054
186,16,3223.684054
186,17,3066.397918
186,18,3013.038864
186,19,2897.595176
186,19,2897.595176
186,19,2897.595176
186,19,2897.595176
186,19,2897.595176
186,19,2897.595176
186,19,2897.595176
186,19,2897.595176
186,19,2897.595176
186,19,2897.595176
186,19,2897.595176
186,19,2897.595176
186,19,2897.595176
186,19,2897.595176
186,19,2897.595176
186,19,2897.595176
186,19,2897.595176
186,20,2850.785794
186,20,2850.785794
186,20,2850.785794
186,20,2850.785794
186,20,2850.785794
186,20,2850.785794
186,20,2850.785794
186,20,2850.785794
186,20,2850.785794
186,20,2850.785794
186,20,2850.785794
186,20,2850.785794
186,20,2850.785794
186,20,2850.785794
186,20,2850.785794
186,20,2850.785794
186,20,2850.785794
186,20,2850.785794
186,20,2850.785794
186,20,2850.785794
186,21,2766.868910
186,22,2758.212237
186,22,2758.212237
186,22,2758.212237
186,22,2758.212237
186,22,2758.212237
186,22,2758.212237
186,22,2758.212237
186,22,2758.212237
186,22,2758.212237
186,22,2758.212237
186,22,2758.212237
186,22,2758.212237
186,22,2758.212237
186,22,2758.212237
186,22,2758.212237
186,22,2758.212237
186,22,2758.212237
186,22,2758.212237
187,16,3223.684054
187,16,3223.684054
187,16,3223.684054
187,17,3066.397918
187,17,3066.397918
187,18,3005.310425
187,19,2897.595176
187,19,2897.595176
187,19,2897.595176
187,19,2897.595176
187,19,2897.595176
187,19,2897.595176
187,19,2897.595176
187,19,2897.595176
187,19,2897.595176
187,19,2897.595176
187,19,2897.595176
187,19,2897.595176
187,19,2897.595176
187,19,2897.595176
187,19,2897.595176
187,19,2897.595176
187,19,2897.595176
187,19,2897.595176
187,20,2818.399821
187,21,2766.868910
187,21,2766.868910
187,22,2758.212237
187,22,2758.212237
187,22,2758.212237
187,22,2758.212237
187,22,2758.212237
187,22,2758.212237
187,22,2758.212237
187,22,2758.212237
187,22,2758.212237
187,22,2758.212237
187,22,2758.212237
187,22,2758.212237
187,22,2758.212237
187,22,2758.212237
187,22,2758.212237
187,22,2758.212237
187,22,2758.212237
187,22,2758.212237
187,22,2758.212237
188,16,3223.684054
188,16,3223.684054
188,16,3223.684054
188,16,3223.684054
188,17,3066.397918
188,17,3066.397918
188,17,3066.397918
188,18,2997.505722
188,19,2897.595176
188,19,2897.595176
188,19,2897.595176
188,19,2897.595176
188,19,2897.595176
188,19,2897.595176
188,19,2897.595176
188,19,2897.595176
188,19,2897.595176
188,19,2897.595176
188,19,2897.595176
188,19,2897.595176
188,19,2897.595176
188,19,2897.595176
188,19,2897.595176
188,19,2897.595176
188,19,2897.595176
188,19,2897.595176
188,19,2897.595176
188,20,2818.399821
188,20,2818.399821
188,21,2766.868910
188,21,2766.868910
188,21,2766.868910
188,22,2758.212237
188,22,2758.212237
188,22,2758.212237
188,22,2758.212237
188,22,2758.212237
188,22,2758.212237
188,22,2758.212237
188,22,2758.212237
188,22,2758.212237
188,22,2758.212237
188,22,2758.212237
188,22,2758.212237
188,22,2758.212237
188,22,2758.212237
188,22,2758.212237
188,22,2758.212237
188,22,2758.212237
188,22,2758.212237
188,22,2758.212237
188,22,2758.212237
189,16,3223.684054
189,16,3223.684054
189,16,3223.684054
189,16,3223.684054
189,16,3223.684054
189,17,3066.397918
189,17,3066.397918
189,17,3066.397918
189,17,3066.397918
189,18,2997.505722
189,18,2997.505722
189,19,2897.595176
189,19,2897.595176
189,19,2897.595176
189,19,2897.595176
189,19,2897.595176
189,19,2897.595176
189,19,2897.595176
189,19,2897.595176
189,19,2897.595176
189,19,2897.595176
189,19,2897.595176
189,19,2897.595176
189,19,2897.595176
189,19,2897.595176
189,19,2897.595176
189,19,2897.595176
189,19,2897.595176
189,19,2897.595176
189,19,2897.595176
189,19,2897.595176
189,20,2818.399821
189,20,2818.399821
189,20,2818.399821
189,21,2766.868910
189,21,2766.868910
189,21,2766.868910
189,21,2766.868910
189,21,2766.868910
189,22,2758.212237
189,22,2758.212237
189,22,2758.212237
189,22,2758.212237
189,22,2758.212237
189,22,2758.212237
189,22,2758.212237
189,22,2758.212237
189,22,2758.212237
189,22,2758.212237
189,22,2758.212237
189,22,2758.212237
189,22,2758.212237
189,22,2758.212237
189,22,2758.212237
189,22,2758.212237
189,22,2758.212237
189,22,2758.212237
189,22,2758.212237
189,22,2758.212237
189,22,2758.212237
190,16,3223.684054
190,16,3223.684054
190,16,3223.684054
190,16,3223.684054
190,16,3223.684054
190,16,3223.684054
190,17,3066.397918
190,17,3066.397918
190,17,3066.397918
190,17,3066.397918
190,17,3066.397918
190,18,2997.505722
190,18,2997.505722
190,18,2997.505722
190,19,2897.595176
190,19,2897.595176
190,19,2897.595176
190,19,2897.595176
190,19,2897.595176
190,19,2897.595176
190,19,2897.595176
190,19,2897.595176
190,19,2897.595176
190,19,2897.595176
190,19,2897.595176
190,19,2897.595176
190,19,2897.595176
190,19,2897.595176
190,19,2897.595176
190,19,2897.595176
190,19,2897.595176
190,19,2897.595176
190,19,2897.595176
190,19,2897.595176
190,19,2897.595176
190,20,2818.399821
190,20,2818.399821
190,20,2818.399821
190,20,2818.399821
190,21,2766.868910
190,21,2766.868910
190,21,2766.868910
190,21,2766.868910
190,21,2766.868910
190,21,2766.868910
190,21,2766.868910
190,22,2748.635967
191,16,3223.684054
191,16,3223.684054
191,16,3223.684054
191,16,3223.684054
191,16,3223.684054
191,16,3223.684054
191,16,3223.684054
191,17,3066.397918
191,17,3066.397918
191,17,3066.397918
191,17,3066.397918
191,17,3066.397918
191,17,3066.397918
191,18,2997.505722
191,18,2997.505722
191,18,2997.505722
191,18,2997.505722
191,19,2897.595176
191,19,2897.595176
191,19,2897.595176
191,19,2897.595176
191,19,2897.595176
191,19,2897.595176
191,19,2897.595176
191,19,2897.595176
191,19,2897.595176
191,19,2897.595176
191,19,2897.595176
191,19,2897.595176
191,19,2897.595176
191,19,2897.595176
191,19,2897.595176
191,19,2897.595176
191,19,2897.595176
191,19,2897.595176
191,19,2897.595176
191,19,2897.595176
191,19,2897.595176
191,19,2897.595176
191,20,2818.399821
191,20,2818.399821
191,20,2818.399821
191,20,2818.399821
191,20,2818.399821
191,21,2766.868910
191,21,2766.868910
191,21,2766.868910
191,21,2766.868910
191,21,2766.868910
191,21,2766.868910
191,21,2766.868910
191,21,2766.868910
191,21,2766.868910
191,22,2748.635967
191,22,2748.635967
192,16,3223.684054
192,16,3223.684054
192,16,3223.684054
192,16,3223.684054
192,16,3223.684054
192,16,3223.684054
192,16,3223.684054
192,16,3223.684054
192,17,3066.397918
192,17,3066.397918
192,17,3066.397918
192,17,3066.397918
192,17,3066.397918
192,17,3066.397918
192,17,3066.397918
192,18,2997.505722
192,18,2997.505722
192,18,2997.505722
192,18,2997.505722
192,18,2997.505722
192,19,2897.595176
192,19,2897.595176
192,19,2897.595176
192,19,2897.595176
192,19,2897.595176
192,19,2897.595176
192,19,2897.595176
192,19,2897.595176
192,19,2897.595176
192,19,2897.595176
192,19,2897.595176
192,19,2897.595176
192,19,2897.595176
192,19,2897.595176
192,19,2897.595176
192,19,2897.595176
192,19,2897.595176
192,19,2897.595176
192,19,2897.595176
192,19,2897.595176
192,19,2897.595176
192,19,2897.595176
192,19,2897.595176
192,20,2814.548128
192,21,2766.868910
192,21,2766.868910
192,21,2766.868910
192,21,2766.868910
192,21,2766.868910
192,21,2766.868910
192,21,2766.868910
192,21,2766.868910
192,21,2766.868910
192,21,2766.868910
192,21,2766.868910
192,22,2748.635967
192,22,2748.635967
192,22,2748.635967
193,16,3223.684054
193,16,3223.684054
193,16,3223.684054
193,16,3223.684054
193,16,3223.684054
193,16,3223.684054
193,16,3223.684054
193,16,3223.684054
193,16,3223.684054
193,17,3066.397918
193,17,3066.397918
193,17,3066.397918
193,17,3066.397918
193,17,3066.397918
193,17,3066.397918
193,17,3066.397918
193,17,3066.397918
193,18,2957.390273
193,19,2897.595176
193,19,2897.595176
193,19,2897.595176
193,19,2897.595176
193,19,2897.595176
193,19,2897.595176
193,19,2897.595176
193,19,2897.595176
193,19,2897.595176
193,19,2897.595176
193,19,2897.595176
193,19,2897.595176
193,19,2897.595176
193,19,2897.595176
193,19,2897.595176
193,19,2897.595176
193,19,2897.595176
193,19,2897.595176
193,19,2897.595176
193,19,2897.595176
193,19,2897.595176
193,19,2897.595176
193,19,2897.595176
193,19,2897.595176
193,20,2814.548128
193,20,2814.548128
193,21,2766.868910
193,21,2766.868910
193,21,2766.868910
193,21,2766.868910
193,21,2766.868910
193,21,2766.868910
193,21,2766.868910
193,21,2766.868910
193,21,2766.868910
193,21,2766.868910
193,21,2766.868910
193,21,2766.868910
193,21,2766.868910
193,22,2748.635967
193,22,2748.635967
193,22,2748.635967
193,22,2748.635967
194,16,3223.684054
194,16,3223.684054
194,16,3223.684054
194,16,3223.684054
194,16,3223.684054
194,16,3223.684054
194,16,3223.684054
194,16,3223.684054
194,16,3223.684054
194,16,3223.684054
194,17,3066.397918
194,17,3066.397918
194,17,3066.397918
194,17,3066.397918
194,17,3066.397918
194,17,3066.397918
194,17,3066.397918
194,17,3066.397918
194,17,3066.397918
194,18,2957.390273
194,18,2957.390273
194,19,2897.595176
194,19,2897.595176
194,19,2897.595176
194,19,2897.595176
194,19,2897.595176
194,19,2897.595176
194,19,2897.595176
194,19,2897.595176
194,19,2897.595176
194,19,2897.595176
194,19,2897.595176
194,19,2897.595176
194,19,2897.595176
194,19,2897.595176
194,19,2897.595176
194,19,2897.595176
194,19,2897.595176
194,19,2897.595176
194,19,2897.595176
194,19,2897.595176
194,19,2897.595176
194,19,2897.595176
194,19,2897.595176
194,19,2897.595176
194,19,2897.595176
194,20,2814.548128
194,20,2814.548128
194,20,2814.548128
194,21,2766.868910
194,21,2766.868910
194,21,2766.868910
194,21,2766.868910
194,21,2766.868910
194,21,2766.868910
194,21,2766.868910
194,21,2766.868910
194,21,2766.868910
194,21,2766.868910
194,21,2766.868910
194,21,2766.868910
194,21,2766.868910
194,21,2766.868910
194,21,2766.868910
194,22,2748.635967
194,22,2748.635967
194,22,2748.635967
194,22,2748.635967
194,22,2748.635967
195,16,3223.684054
195,16,3223.684054
195,16,3223.684054
195,16,3223.684054
195,16,3223.684054
195,16,3223.684054
195,16,3223.684054
195,16,3223.684054
195,16,3223.684054
195,16,3223.684054
195,16,3223.684054
195,17,3066.397918
195,17,3066.397918
195,17,3066.397918
195,17,3066.397918
195,17,3066.397918
195,17,3066.397918
195,17,3066.397918
195,17,3066.397918
195,17,3066.397918
195,17,3066.397918
195,18,2957.390273
195,18,2957.390273
195,18,2957.390273
195,19,2897.595176
195,19,2897.595176
195,19,2897.595176
195,19,2897.595176
195,19,2897.595176
195,19,2897.595176
195,19,2897.595176
195,19,2897.595176
195,19,2897.595176
195,19,2897.595176
195,19,2897.595176
195,19,2897.595176
195,19,2897.595176
195,19,2897.595176
195,19,2897.595176
195,19,2897.595176
195,19,2897.595176
195,19,2897.595176
195,19,2897.595176
195,19,2897.595176
195,19,2897.595176
195,19,2897.595176
195,19,2897.595176
195,19,2897.595176
195,19,2897.595176
195,19,2897.595176
195,20,2814.548128
195,20,2814.548128
195,20,2814.548128
195,20,2814.548128
195,21,2766.868910
195,21,2766.868910
195,21,2766.868910
195,21,2766.868910
195,21,2766.868910
195,21,2766.868910
195,21,2766.868910
195,21,2766.868910
195,21,2766.868910
195,21,2766.868910
195,21,2766.868910
195,21,2766.868910
195,21,2766.868910
195,21,2766.868910
195,21,2766.868910
195,21,2766.868910
195,21,2766.868910
195,22,2748.635967
195,22,2748.635967
195,22,2748.635967
195,22,2748.635967
195,22,2748.635967
195,22,2748.635967
196,16,3207.475297
196,17,3066.397918
196,17,3066.397918
196,17,3066.397918
196,17,3066.397918
196,17,3066.397918
196,17,3066.397918
196,17,3066.397918
196,17,3066.397918
196,17,3066.397918
196,17,3066.397918
196,17,3066.397918
196,18,2957.390273
196,18,2957.390273
196,18,2957.390273
196,18,2957.390273
196,19,2897.595176
196,19,2897.595176
196,19,2897.595176
196,19,2897.595176
196,19,2897.595176
196,19,2897.595176
196,19,2897.595176
196,19,2897.595176
196,19,2897.595176
196,19,2897.595176
196,19,2897.595176
196,19,2897.595176
196,19,2897.595176
196,19,2897.595176
196,19,2897.595176
196,19,2897.595176
196,19,2897.595176
196,19,2897.595176
196,19,2897.595176
196,19,2897.595176
196,19,2897.595176
196,19,2897.595176
196,19,2897.595176
196,19,2897.595176
196,19,2897.595176
196,19,2897.595176
196,19,2897.595176
196,20,2814.548128
196,20,2814.548128
196,20,2814.548128
196,20,2814.548128
196,20,2814.548128
196,21,2729.756770
197,16,3207.475297
197,16,3207.475297
197,16,3207.475297
197,17,3063.360562
197,18,2957.390273
197,18,2957.390273
197,18,2957.390273
197,18,2957.390273
197,18,2957.390273
197,19,2897.595176
197,19,2897.595176
197,19,2897.595176
197,19,2897.595176
197,19,2897.595176
197,19,2897.595176
197,19,2897.595176
197,19,2897.595176
197,19,2897.595176
197,19,2897.595176
197,19,2897.595176
197,19,2897.595176
197,19,2897.595176
197,19,2897.595176
197,19,2897.595176
197,19,2897.595176
197,19,2897.595176
197,19,2897.595176
197,19,2897.595176
197,19,2897.595176
197,19,2897.595176
197,19,2897.595176
197,19,2897.595176
197,19,2897.595176
197,19,2897.595176
197,19,2897.595176
197,19,2897.595176
197,19,2897.595176
197,20,2814.548128
197,20,2814.548128
197,20,2814.548128
197,20,2814.548128
197,20,2814.548128
197,20,2814.548128
197,21,2729.756770
197,21,2729.756770
198,16,3207.475297
198,16,3207.475297
198,16,3207.475297
198,16,3207.475297
198,16,3207.475297
198,17,3063.360562
198,17,3063.360562
198,18,2957.390273
198,18,2957.390273
198,18,2957.390273
198,18,2957.390273
198,18,2957.390273
198,18,2957.390273
198,19,2883.086348
198,20,2787.211597
198,21,2729.756770
198,21,2729.756770
198,21,2729.756770
199,16,3207.475297
199,16,3207.475297
199,16,3207.475297
199,16,3207.475297
199,16,3207.475297
199,16,3207.475297
199,16,3207.475297
199,17,3063.360562
199,17,3063.360562
199,17,3063.360562
199,18,2957.390273
199,18,2957.390273
199,18,2957.390273
199,18,2957.390273
199,18,2957.390273
199,18,2957.390273
199,18,2957.390273
199,19,2883.086348
199,19,2883.086348
199,20,2787.211597
199,20,2787.211597
199,20,2787.211597
199,21,2729.756770
199,21,2729.756770
199,21,2729.756770
199,21,2729.756770
200,16,3207.475297
200,16,3207.475297
200,16,3207.475297
200,16,3207.475297
200,16,3207.475297
200,16,3207.475297
200,16,3207.475297
200,16,3207.475297
200,16,3207.475297
200,17,3063.360562
200,17,3063.360562
200,17,3063.360562
200,17,3063.360562
200,18,2957.390273
200,18,2957.390273
200,18,2957.390273
200,18,2957.390273
200,18,2957.390273
200,18,2957.390273
200,18,2957.390273
200,18,2957.390273
200,19,2883.086348
200,19,2883.086348
200,19,2883.086348
200,20,2787.211597
200,20,2787.211597
200,20,2787.211597
200,20,2787.211597
200,20,2787.211597
200,21,2729.756770
200,21,2729.756770
200,21,2729.756770
200,21,2729.756770
200,21,2729.756770
201,16,3207.475297
201,16,3207.475297
201,16,3207.475297
201,16,3207.475297
201,16,3207.475297
201,16,3207.475297
201,16,3207.475297
201,16,3207.475297
201,16,3207.475297
201,16,3207.475297
201,16,3207.475297
201,17,3063.360562
201,17,3063.360562
201,17,3063.360562
201,17,3063.360562
201,17,3063.360562
201,18,2957.390273
201,18,2957.390273
201,18,2957.390273
201,18,2957.390273
201,18,2957.390273
201,18,2957.390273
201,18,2957.390273
201,18,2957.390273
201,18,2957.390273
201,19,2835.840403
201,20,2787.211597
201,20,2787.211597
201,20,2787.211597
201,20,2787.211597
201,20,2787.211597
201,20,2787.211597
201,20,2787.211597
201,21,2729.756770
201,21,2729.756770
201,21,2729.756770
201,21,2729.756770
201,21,2729.756770
201,21,2729.756770
202,16,3207.475297
202,16,3207.475297
202,16,3207.475297
202,16,3207.475297
202,16,3207.475297
202,16,3207.475297
202,16,3207.475297
202,16,3207.475297
202,16,3207.475297
202,16,3207.475297
202,16,3207.475297
202,16,3207.475297
202,16,3207.475297
202,17,3063.360562
202,17,3063.360562
202,17,3063.360562
202,17,3063.360562
202,17,3063.360562
202,17,3063.360562
202,18,2957.390273
202,18,2957.390273
202,18,2957.390273
202,18,2957.390273
202,18,2957.390273
202,18,2957.390273
202,18,2957.390273
202,18,2957.390273
202,18,2957.390273
202,18,2957.390273
202,19,2835.840403
202,19,2835.840403
202,20,2787.211597
202,20,2787.211597
202,20,2787.211597
202,20,2787.211597
202,20,2787.211597
202,20,2787.211597
202,20,2787.211597
202,20,2787.211597
202,20,2787.211597
202,21,2729.756770
202,21,2729.756770
202,21,2729.756770
202,21,2729.756770
202,21,2729.756770
202,21,2729.756770
202,21,2729.756770
203,16,3207.475297
203,16,3207.475297
203,16,3207.475297
203,16,3207.475297
203,16,3207.475297
203,16,3207.475297
203,16,3207.475297
203,16,3207.475297
203,16,3207.475297
203,16,3207.475297
203,16,3207.475297
203,16,3207.475297
203,16,3207.475297
203,16,3207.475297
203,16,3207.475297
203,17,3063.360562
203,17,3063.360562
203,17,3063.360562
203,17,3063.360562
203,17,3063.360562
203,17,3063.360562
203,17,3063.360562
203,18,2957.390273
203,18,2957.390273
203,18,2957.390273
203,18,2957.390273
203,18,2957.390273
203,18,2957.390273
203,18,2957.390273
203,18,2957.390273
203,18,2957.390273
203,18,2957.390273
203,18,2957.390273
203,19,2835.840403
203,19,2835.840403
203,19,2835.840403
203,20,2787.211597
203,20,2787.211597
203,20,2787.211597
203,20,2787.211597
203,20,2787.211597
203,20,2787.211597
203,20,2787.211597
203,20,2787.211597
203,20,2787.211597
203,20,2787.211597
203,20,2787.211597
203,20,2787.211597
203,21,2729.756770
203,21,2729.756770
203,21,2729.756770
203,21,2729.756770
203,21,2729.756770
203,21,2729.756770
203,21,2729.756770
203,21,2729.756770
203,23,2717.103848
204,16,3207.475297
204,16,3207.475297
204,16,3207.475297
204,16,3207.475297
204,16,3207.475297
204,16,3207.475297
204,16,3207.475297
204,16,3207.475297
204,16,3207.475297
204,16,3207.475297
204,16,3207.475297
204,16,3207.475297
204,16,3207.475297
204,16,3207.475297
204,16,3207.475297
204,16,3207.475297
204,16,3207.475297
204,17,3063.360562
204,17,3063.360562
204,17,3063.360562
204,17,3063.360562
204,17,3063.360562
204,17,3063.360562
204,17,3063.360562
204,17,3063.360562
204,18,2957.390273
204,18,2957.390273
204,18,2957.390273
204,18,2957.390273
204,18,2957.390273
204,18,2957.390273
204,18,2957.390273
204,18,2957.390273
204,18,2957.390273
204,18,2957.390273
204,18,2957.390273
204,18,2957.390273
204,19,2835.840403
204,19,2835.840403
204,19,2835.840403
204,19,2835.840403
204,20,2787.211597
204,20,2787.211597
204,20,2787.211597
204,20,2787.211597
204,20,2787.211597
204,20,2787.211597
204,20,2787.211597
204,20,2787.211597
204,20,2787.211597
204,20,2787.211597
204,20,2787.211597
204,20,2787.211597
204,20,2787.211597
204,20,2787.211597
204,20,2787.211597
204,21,2729.756770
204,21,2729.756770
204,21,2729.756770
204,21,2729.756770
204,21,2729.756770
204,21,2729.756770
204,21,2729.756770
204,21,2729.756770
204,21,2729.756770
204,23,2717.103848
204,23,2717.103848
205,16,3190.065033
205,17,3060.459368
205,18,2957.390273
205,18,2957.390273
205,18,2957.390273
205,18,2957.390273
205,18,2957.390273
205,18,2957.390273
205,18,2957.390273
205,18,2957.390273
205,18,2957.390273
205,18,2957.390273
205,18,2957.390273
205,18,2957.390273
205,18,2957.390273
205,19,2835.840403
205,19,2835.840403
205,19,2835.840403
205,19,2835.840403
205,19,2835.840403
205,20,2787.211597
205,20,2787.211597
205,20,2787.211597
205,20,2787.211597
205,20,2787.211597
205,20,2787.211597
205,20,2787.211597
205,20,2787.211597
205,20,2787.211597
205,20,2787.211597
205,20,2787.211597
205,20,2787.211597
205,20,2787.211597
205,20,2787.211597
205,20,2787.211597
205,20,2787.211597
205,20,2787.211597
205,20,2787.211597
205,21,2729.756770
205,21,2729.756770
205,21,2729.756770
205,21,2729.756770
205,21,2729.756770
205,21,2729.756770
205,21,2729.756770
205,21,2729.756770
205,21,2729.756770
205,21,2729.756770
205,23,2717.103848
205,23,2717.103848
205,23,2717.103848
206,16,3190.065033
206,16,3190.065033
206,17,3060.459368
206,17,3060.459368
206,18,2957.390273
206,18,2957.390273
206,18,2957.390273
206,18,2957.390273
206,18,2957.390273
206,18,2957.390273
206,18,2957.390273
206,18,2957.390273
206,18,2957.390273
206,18,2957.390273
206,18,2957.390273
206,18,2957.390273
206,18,2957.390273
206,18,2957.390273
206,19,2835.840403
206,19,2835.840403
206,19,2835.840403
206,19,2835.840403
206,19,2835.840403
206,19,2835.840403
206,20,2779.819363
206,21,2729.756770
206,21,2729.756770
206,21,2729.756770
206,21,2729.756770
206,21,2729.756770
206,21,2729.756770
206,21,2729.756770
206,21,2729.756770
206,21,2729.756770
206,21,2729.756770
206,21,2729.756770
206,23,2717.103848
206,23,2717.103848
206,23,2717.103848
206,23,2717.103848
207,16,3190.065033
207,16,3190.065033
207,16,3190.065033
207,17,3060.459368
207,17,3060.459368
207,17,3060.459368
207,18,2957.390273
207,18,2957.390273
207,18,2957.390273
207,18,2957.390273
207,18,2957.390273
207,18,2957.390273
207,18,2957.390273
207,18,2957.390273
207,18,2957.390273
207,18,2957.390273
207,18,2957.390273
207,18,2957.390273
207,18,2957.390273
207,18,2957.390273
207,18,2957.390273
207,19,2835.840403
207,19,2835.840403
207,19,2835.840403
207,19,2835.840403
207,19,2835.840403
207,19,2835.840403
207,19,2835.840403
207,20,2779.819363
207,20,2779.819363
207,21,2729.756770
207,21,2729.756770
207,21,2729.756770
207,21,2729.756770
207,21,2729.756770
207,21,2729.756770
207,21,2729.756770
207,21,2729.756770
207,21,2729.756770
207,21,2729.756770
207,21,2729.756770
207,21,2729.756770
207,23,2717.103848
207,23,2717.103848
207,23,2717.103848
207,23,2717.103848
207,23,2717.103848
208,16,3190.065033
208,16,3190.065033
208,16,3190.065033
208,16,3190.065033
208,17,3060.459368
208,17,3060.459368
208,17,3060.459368
208,17,3060.459368
208,18,2957.390273
208,18,2957.390273
208,18,2957.390273
208,18,2957.390273
208,18,2957.390273
208,18,2957.390273
208,18,2957.390273
208,18,2957.390273
208,18,2957.390273
208,18,2957.390273
208,18,2957.390273
208,18,2957.390273
208,18,2957.390273
208,18,2957.390273
208,18,2957.390273
208,18,2957.390273
208,19,2835.840403
208,19,2835.840403
208,19,2835.840403
208,19,2835.840403
208,19,2835.840403
208,19,2835.840403
208,19,2835.840403
208,19,2835.840403
208,20,2777.497380
208,21,2729.756770
208,21,2729.756770
208,21,2729.756770
208,21,2729.756770
208,21,2729.756770
208,21,2729.756770
208,21,2729.756770
208,21,2729.756770
208,21,2729.756770
208,21,2729.756770
208,21,2729.756770
208,21,2729.756770
208,21,2729.756770
208,23,2717.103848
208,23,2717.103848
208,23,2717.103848
208,23,2717.103848
208,23,2717.103848
208,23,2717.103848
209,16,3190.065033
209,16,3190.065033
209,16,3190.065033
209,16,3190.065033
209,16,3190.065033
209,17,3060.459368
209,17,3060.459368
209,17,3060.459368
209,17,3060.459368
209,17,3060.459368
209,18,2957.390273
209,18,2957.390273
209,18,2957.390273
209,18,2957.390273
209,18,2957.390273
209,18,2957.390273
209,18,2957.390273
209,18,2957.390273
209,18,2957.390273
209,18,2957.390273
209,18,2957.390273
209,18,2957.390273
209,18,2957.390273
209,18,2957.390273
209,18,2957.390273
209,18,2957.390273
209,18,2957.390273
209,19,2823.044821
209,20,2767.632779
209,21,2715.502633
210,16,3190.065033
210,16,3190.065033
210,16,3190.065033
210,16,3190.065033
210,16,3190.065033
210,16,3190.065033
210,17,3060.459368
210,17,3060.459368
210,17,3060.459368
210,17,3060.459368
210,17,3060.459368
210,17,3060.459368
210,18,2957.390273
210,18,2957.390273
210,18,2957.390273
210,18,2957.390273
210,18,2957.390273
210,18,2957.390273
210,18,2957.390273
210,18,2957.390273
210,18,2957.390273
210,18,2957.390273
210,18,2957.390273
210,18,2957.390273
210,18,2957.390273
210,18,2957.390273
210,18,2957.390273
210,18,2957.390273
210,18,2957.390273
210,18,2957.390273
210,19,2823.044821
210,19,2823.044821
210,20,2767.632779
210,20,2767.632779
210,21,2715.502633
210,21,2715.502633
211,16,3168.290285
211,17,3060.459368
211,17,3060.459368
211,17,3060.459368
211,17,3060.459368
211,17,3060.459368
211,17,3060.459368
211,17,3060.459368
211,18,2957.390273
211,18,2957.390273
211,18,2957.390273
211,18,2957.390273
211,18,2957.390273
211,18,2957.390273
211,18,2957.390273
211,18,2957.390273
211,18,2957.390273
211,18,2957.390273
211,18,2957.390273
211,18,2957.390273
211,18,2957.390273
211,18,2957.390273
211,18,2957.390273
211,18,2957.390273
211,18,2957.390273
211,18,2957.390273
211,18,2957.390273
211,19,2823.044821
211,19,2823.044821
211,19,2823.044821
211,20,2767.632779
211,20,2767.632779
211,20,2767.632779
211,21,2715.502633
211,21,2715.502633
211,21,2715.502633
212,16,3127.638835
212,17,3060.459368
212,17,3060.459368
212,17,3060.459368
212,17,3060.459368
212,17,3060.459368
212,17,3060.459368
212,17,3060.459368
212,17,3060.459368
212,18,2957.390273
212,18,2957.390273
212,18,2957.390273
212,18,2957.390273
212,18,2957.390273
212,18,2957.390273
212,18,2957.390273
212,18,2957.390273
212,18,2957.390273
212,18,2957.390273
212,18,2957.390273
212,18,2957.390273
212,18,2957.390273
212,18,2957.390273
212,18,2957.390273
212,18,2957.390273
212,18,2957.390273
212,18,2957.390273
212,18,2957.390273
212,18,2957.390273
212,19,2823.044821
212,19,2823.044821
212,19,2823.044821
212,19,2823.044821
212,20,2767.632779
212,20,2767.632779
212,20,2767.632779
212,20,2767.632779
212,21,2715.502633
212,21,2715.502633
212,21,2715.502633
212,21,2715.502633
213,16,3127.638835
213,16,3127.638835
213,17,3060.459368
213,17,3060.459368
213,17,3060.459368
213,17,3060.459368
213,17,3060.459368
213,17,3060.459368
213,17,3060.459368
213,17,3060.459368
213,17,3060.459368
213,18,2957.390273
213,18,2957.390273
213,18,2957.390273
213,18,2957.390273
213,18,2957.390273
213,18,2957.390273
213,18,2957.390273
213,18,2957.390273
213,18,2957.390273
213,18,2957.390273
213,18,2957.390273
213,18,2957.390273
213,18,2957.390273
213,18,2957.390273
213,18,2957.390273
213,18,2957.390273
213,18,2957.390273
213,18,2957.390273
213,18,2957.390273
213,18,2957.390273
213,18,2957.390273
213,19,2823.044821
213,19,2823.044821
213,19,2823.044821
213,19,2823.044821
213,19,2823.044821
213,20,2767.632779
213,20,2767.632779
213,20,2767.632779
213,20,2767.632779
213,20,2767.632779
213,21,2715.502633
213,21,2715.502633
213,21,2715.502633
213,21,2715.502633
213,21,2715.502633
214,16,3127.638835
214,16,3127.638835
214,16,3127.638835
214,17,3060.459368
214,17,3060.459368
214,17,3060.459368
214,17,3060.459368
214,17,3060.459368
214,17,3060.459368
214,17,3060.459368
214,17,3060.459368
214,17,3060.459368
214,17,3060.459368
214,18,2957.390273
214,18,2957.390273
214,18,2957.390273
214,18,2957.390273
214,18,2957.390273
214,18,2957.390273
214,18,2957.390273
214,18,2957.390273
214,18,2957.390273
214,18,2957.390273
214,18,2957.390273
214,18,2957.390273
214,18,2957.390273
214,18,2957.390273
214,18,2957.390273
214,18,2957.390273
214,18,2957.390273
214,18,2957.390273
214,18,2957.390273
214,18,2957.390273
214,18,2957.390273
214,18,2957.390273
214,19,2823.044821
214,19,2823.044821
214,19,2823.044821
214,19,2823.044821
214,19,2823.044821
214,19,2823.044821
214,20,2767.632779
214,20,2767.632779
214,20,2767.632779
214,20,2767.632779
214,20,2767.632779
214,20,2767.632779
214,21,2715.502633
214,21,2715.502633
214,21,2715.502633
214,21,2715.502633
214,21,2715.502633
214,21,2715.502633
215,16,3127.638835
215,16,3127.638835
215,16,3127.638835
215,16,3127.638835
215,17,3060.459368
215,17,3060.459368
215,17,3060.459368
215,17,3060.459368
215,17,3060.459368
215,17,3060.459368
215,17,3060.459368
215,17,3060.459368
215,17,3060.459368
215,17,3060.459368
215,17,3060.459368
215,18,2957.390273
215,18,2957.390273
215,18,2957.390273
215,18,2957.390273
215,18,2957.390273
215,18,2957.390273
215,18,2957.390273
215,18,2957.390273
215,18,2957.390273
215,18,2957.390273
215,18,2957.390273
215,18,2957.390273
215,18,2957.390273
215,18,2957.390273
215,18,2957.390273
215,18,2957.390273
215,18,2957.390273
215,18,2957.390273
215,18,2957.390273
215,18,2957.390273
215,18,2957.390273
215,18,2957.390273
215,18,2957.390273
215,19,2823.044821
215,19,2823.044821
215,19,2823.044821
215,19,2823.044821
215,19,2823.044821
215,19,2823.044821
215,19,2823.044821
215,20,2761.152941
215,21,2715.502633
215,21,2715.502633
215,21,2715.502633
215,21,2715.502633
215,21,2715.502633
215,21,2715.502633
215,21,2715.502633
216,16,3127.638835
216,16,3127.638835
216,16,3127.638835
216,16,3127.638835
216,16,3127.638835
216,17,3060.459368
216,17,3060.459368
216,17,3060.459368
216,17,3060.459368
216,17,3060.459368
216,17,3060.459368
216,17,3060.459368
216,17,3060.459368
216,17,3060.459368
216,17,3060.459368
216,17,3060.459368
216,17,3060.459368
216,18,2935.113983
216,19,2823.044821
216,19,2823.044821
216,19,2823.044821
216,19,2823.044821
216,19,2823.044821
216,19,2823.044821
216,19,2823.044821
216,19,2823.044821
216,20,2761.152941
216,20,2761.152941
216,21,2715.502633
216,21,2715.502633
216,21,2715.502633
216,21,2715.502633
216,21,2715.502633
216,21,2715.502633
216,21,2715.502633
216,21,2715.502633
217,16,3127.638835
217,16,3127.638835
217,16,3127.638835
217,16,3127.638835
217,16,3127.638835
217,16,3127.638835
217,17,3060.459368
217,17,3060.459368
217,17,3060.459368
217,17,3060.459368
217,17,3060.459368
217,17,3060.459368
217,17,3060.459368
217,17,3060.459368
217,17,3060.459368
217,17,3060.459368
217,17,3060.459368
217,17,3060.459368
217,17,3060.459368
217,18,2935.113983
217,18,2935.113983
217,19,2823.044821
217,19,2823.044821
217,19,2823.044821
217,19,2823.044821
217,19,2823.044821
217,19,2823.044821
217,19,2823.044821
217,19,2823.044821
217,19,2823.044821
217,20,2761.152941
217,20,2761.152941
217,20,2761.152941
217,21,2715.502633
217,21,2715.502633
217,21,2715.502633
217,21,2715.502633
217,21,2715.502633
217,21,2715.502633
217,21,2715.502633
217,21,2715.502633
217,21,2715.502633
218,16,3127.638835
218,16,3127.638835
218,16,3127.638835
218,16,3127.638835
218,16,3127.638835
218,16,3127.638835
218,16,3127.638835
218,17,3026.522701
218,18,2935.113983
218,18,2935.113983
218,18,2935.113983
218,19,2823.044821
218,19,2823.044821
218,19,2823.044821
218,19,2823.044821
218,19,2823.044821
218,19,2823.044821
218,19,2823.044821
218,19,2823.044821
218,19,2823.044821
218,19,2823.044821
218,20,2761.152941
218,20,2761.152941
218,20,2761.152941
218,20,2761.152941
218,21,2715.502633
218,21,2715.502633
218,21,2715.502633
218,21,2715.502633
218,21,2715.502633
218,21,2715.502633
218,21,2715.502633
218,21,2715.502633
218,21,2715.502633
218,21,2715.502633
219,16,3127.638835
219,16,3127.638835
219,16,3127.638835
219,16,3127.638835
219,16,3127.638835
219,16,3127.638835
219,16,3127.638835
219,16,3127.638835
219,17,3026.522701
219,17,3026.522701
219,18,2935.113983
219,18,2935.113983
219,18,2935.113983
219,18,2935.113983
219,19,2823.044821
219,19,2823.044821
219,19,2823.044821
219,19,2823.044821
219,19,2823.044821
219,19,2823.044821
219,19,2823.044821
219,19,2823.044821
219,19,2823.044821
219,19,2823.044821
219,19,2823.044821
219,20,2761.152941
219,20,2761.152941
219,20,2761.152941
219,20,2761.152941
219,20,2761.152941
219,21,2715.502633
219,21,2715.502633
219,21,2715.502633
219,21,2715.502633
219,21,2715.502633
219,21,2715.502633
219,21,2715.502633
219,21,2715.502633
219,21,2715.502633
219,21,2715.502633
219,21,2715.502633
220,16,3127.638835
220,16,3127.638835
220,16,3127.638835
220,16,3127.638835
220,16,3127.638835
220,16,3127.638835
220,16,3127.638835
220,16,3127.638835
220,16,3127.638835
220,17,3026.522701
220,17,3026.522701
220,17,3026.522701
220,18,2935.113983
220,18,2935.113983
220,18,2935.113983
220,18,2935.113983
220,18,2935.113983
220,19,2820.432166
220,20,2761.152941
220,20,2761.152941
220,20,2761.152941
220,20,2761.152941
220,20,2761.152941
220,20,2761.152941
220,21,2715.502633
220,21,2715.502633
220,21,2715.502633
220,21,2715.502633
220,21,2715.502633
220,21,2715.502633
220,21,2715.502633
220,21,2715.502633
220,21,2715.502633
220,21,2715.502633
220,21,2715.502633
220,21,2715.502633
221,16,3127.638835
221,16,3127.638835
221,16,3127.638835
221,16,3127.638835
221,16,3127.638835
221,16,3127.638835
221,16,3127.638835
221,16,3127.638835
221,16,3127.638835
221,16,3127.638835
221,17,3026.522701
221,17,3026.522701
221,17,3026.522701
221,17,3026.522701
221,17,3026.522701
221,18,2909.253336
221,19,2817.791923
221,20,2761.152941
221,20,2761.152941
221,20,2761.152941
221,20,2761.152941
221,20,2761.152941
221,20,2761.152941
221,20,2761.152941
221,21,2715.502633
221,21,2715.502633
221,21,2715.502633
221,21,2715.502633
221,21,2715.502633
221,21,2715.502633
221,21,2715.502633
221,21,2715.502633
221,21,2715.502633
221,21,2715.502633
221,21,2715.502633
221,21,2715.502633
221,21,2715.502633
222,16,3127.638835
222,16,3127.638835
222,16,3127.638835
222,16,3127.638835
222,16,3127.638835
222,16,3127.638835
222,16,3127.638835
222,16,3127.638835
222,16,3127.638835
222,16,3127.638835
222,16,3127.638835
222,17,3026.522701
222,17,3026.522701
222,17,3026.522701
222,17,3026.522701
222,17,3026.522701
222,17,3026.522701
222,17,3026.522701
222,18,2909.253336
222,18,2909.253336
222,19,2807.663323
222,20,2761.152941
222,20,2761.152941
222,20,2761.152941
222,20,2761.152941
222,20,2761.152941
222,20,2761.152941
222,20,2761.152941
222,20,2761.152941
222,21,2715.502633
222,21,2715.502633
222,21,2715.502633
222,21,2715.502633
222,21,2715.502633
222,21,2715.502633
222,21,2715.502633
222,21,2715.502633
222,21,2715.502633
222,21,2715.502633
222,21,2715.502633
222,21,2715.502633
222,21,2715.502633
222,21,2715.502633
223,16,3127.638835
223,16,3127.638835
223,16,3127.638835
223,16,3127.638835
223,16,3127.638835
223,16,3127.638835
223,16,3127.638835
223,16,3127.638835
223,16,3127.638835
223,16,3127.638835
223,16,3127.638835
223,16,3127.638835
223,16,3127.638835
223,17,2968.454610
223,18,2844.847209
223,19,2807.663323
223,19,2807.663323
223,20,2758.549897
223,21,2715.502633
223,21,2715.502633
223,21,2715.502633
223,21,2715.502633
223,21,2715.502633
223,21,2715.502633
223,21,2715.502633
223,21,2715.502633
223,21,2715.502633
223,21,2715.502633
223,21,2715.502633
223,21,2715.502633
223,21,2715.502633
223,21,2715.502633
223,21,2715.502633
224,16,3127.638835
224,16,3127.638835
224,16,3127.638835
224,16,3127.638835
224,16,3127.638835
224,16,3127.638835
224,16,3127.638835
224,16,3127.638835
224,16,3127.638835
224,16,3127.638835
224,16,3127.638835
224,16,3127.638835
224,16,3127.638835
224,16,3127.638835
224,16,3127.638835
224,17,2968.454610
224,17,2968.454610
224,17,2968.454610
224,18,2844.847209
224,18,2844.847209
224,19,2807.663323
224,19,2807.663323
224,19,2807.663323
224,20,2758.549897
224,20,2758.549897
224,21,2714.641179
225,16,3127.638835
225,16,3127.638835
225,16,3127.638835
225,16,3127.638835
225,16,3127.638835
225,16,3127.638835
225,16,3127.638835
225,16,3127.638835
225,16,3127.638835
225,16,3127.638835
225,16,3127.638835
225,16,3127.638835
225,16,3127.638835
225,16,3127.638835
225,16,3127.638835
225,16,3127.638835
225,16,3127.638835
225,17,2968.454610
225,17,2968.454610
225,17,2968.454610
225,17,2968.454610
225,17,2968.454610
225,18,2844.847209
225,18,2844.847209
225,18,2844.847209
225,19,2807.663323
225,19,2807.663323
225,19,2807.663323
225,19,2807.663323
225,20,2758.549897
225,20,2758.549897
225,20,2758.549897
225,21,2714.641179
225,21,2714.641179
226,16,3127.638835
226,16,3127.638835
226,16,3127.638835
226,16,3127.638835
226,16,3127.638835
226,16,3127.638835
226,16,3127.638835
226,16,3127.638835
226,16,3127.638835
226,16,3127.638835
226,16,3127.638835
226,16,3127.638835
226,16,3127.638835
226,16,3127.638835
226,16,3127.638835
226,16,3127.638835
226,16,3127.638835
226,16,3127.638835
226,16,3127.638835
226,17,2968.454610
226,17,2968.454610
226,17,2968.454610
226,17,2968.454610
226,17,2968.454610
226,17,2968.454610
226,17,2968.454610
226,18,2844.847209
226,18,2844.847209
226,18,2844.847209
226,18,2844.847209
226,19,2807.663323
226,19,2807.663323
226,19,2807.663323
226,19,2807.663323
226,19,2807.663323
226,20,2758.549897
226,20,2758.549897
226,20,2758.549897
226,20,2758.549897
226,21,2714.641179
226,21,2714.641179
226,21,2714.641179
227,16,3081.978480
227,17,2968.454610
227,17,2968.454610
227,17,2968.454610
227,17,2968.454610
227,17,2968.454610
227,17,2968.454610
227,17,2968.454610
227,17,2968.454610
227,17,2968.454610
227,18,2844.847209
227,18,2844.847209
227,18,2844.847209
227,18,2844.847209
227,18,2844.847209
227,19,2807.663323
227,19,2807.663323
227,19,2807.663323
227,19,2807.663323
227,19,2807.663323
227,19,2807.663323
227,20,2758.549897
227,20,2758.549897
227,20,2758.549897
227,20,2758.549897
227,20,2758.549897
227,21,2714.641179
227,21,2714.641179
227,21,2714.641179
227,21,2714.641179
228,16,3081.978480
228,16,3081.978480
228,17,2968.454610
228,17,2968.454610
228,17,2968.454610
228,17,2968.454610
228,17,2968.454610
228,17,2968.454610
228,17,2968.454610
228,17,2968.454610
228,17,2968.454610
228,17,2968.454610
228,17,2968.454610
228,18,2841.499943
228,19,2807.663323
228,19,2807.663323
228,19,2807.663323
228,19,2807.663323
228,19,2807.663323
228,19,2807.663323
228,19,2807.663323
228,20,2758.549897
228,20,2758.549897
228,20,2758.549897
228,20,2758.549897
228,20,2758.549897
228,20,2758.549897
228,21,2714.641179
228,21,2714.641179
228,21,2714.641179
228,21,2714.641179
228,21,2714.641179
229,16,3070.413371
229,17,2968.454610
229,17,2968.454610
229,17,2968.454610
229,17,2968.454610
229,17,2968.454610
229,17,2968.454610
229,17,2968.454610
229,17,2968.454610
229,17,2968.454610
229,17,2968.454610
229,17,2968.454610
229,17,2968.454610
229,17,2968.454610
229,18,2841.499943
229,18,2841.499943
229,19,2807.663323
229,19,2807.663323
229,19,2807.663323
229,19,2807.663323
229,19,2807.663323
229,19,2807.663323
229,19,2807.663323
229,19,2807.663323
229,20,2758.549897
229,20,2758.549897
229,20,2758.549897
229,20,2758.549897
229,20,2758.549897
229,20,2758.549897
229,20,2758.549897
229,21,2714.641179
229,21,2714.641179
229,21,2714.641179
229,21,2714.641179
229,21,2714.641179
229,21,2714.641179
230,16,3070.413371
230,16,3070.413371
230,17,2968.454610
230,17,2968.454610
230,17,2968.454610
230,17,2968.454610
230,17,2968.454610
230,17,2968.454610
230,17,2968.454610
230,17,2968.454610
230,17,2968.454610
230,17,2968.454610
230,17,2968.454610
230,17,2968.454610
230,17,2968.454610
230,17,2968.454610
230,17,2968.454610
230,17,2968.454610
230,18,2841.499943
230,18,2841.499943
230,18,2841.499943
230,19,2807.663323
230,19,2807.663323
230,19,2807.663323
230,19,2807.663323
230,19,2807.663323
230,19,2807.663323
230,19,2807.663323
230,19,2807.663323
230,19,2807.663323
230,20,2758.549897
230,20,2758.549897
230,20,2758.549897
230,20,2758.549897
230,20,2758.549897
230,20,2758.549897
230,20,2758.549897
230,20,2758.549897
230,21,2714.641179
230,21,2714.641179
230,21,2714.641179
230,21,2714.641179
230,21,2714.641179
230,21,2714.641179
230,21,2714.641179
231,16,3070.413371
231,16,3070.413371
231,16,3070.413371
231,17,2968.454610
231,17,2968.454610
231,17,2968.454610
231,17,2968.454610
231,17,2968.454610
231,17,2968.454610
231,17,2968.454610
231,17,2968.454610
231,17,2968.454610
231,17,2968.454610
231,17,2968.454610
231,17,2968.454610
231,17,2968.454610
231,17,2968.454610
231,17,2968.454610
231,17,2968.454610
231,17,2968.454610
231,17,2968.454610
231,17,2968.454610
231,18,2841.499943
231,18,2841.499943
231,18,2841.499943
231,18,2841.499943
231,19,2807.663323
231,19,2807.663323
231,19,2807.663323
231,19,2807.663323
231,19,2807.663323
231,19,2807.663323
231,19,2807.663323
231,19,2807.663323
231,19,2807.663323
231,19,2807.663323
231,20,2758.549897
231,20,2758.549897
231,20,2758.549897
231,20,2758.549897
231,20,2758.549897
231,20,2758.549897
231,20,2758.549897
231,20,2758.549897
231,20,2758.549897
231,21,2714.641179
231,21,2714.641179
231,21,2714.641179
231,21,2714.641179
231,21,2714.641179
231,21,2714.641179
231,21,2714.641179
231,21,2714.641179
232,16,3070.413371
232,16,3070.413371
232,16,3070.413371
232,16,3070.413371
232,17,2964.480739
232,18,2841.499943
232,18,2841.499943
232,18,2841.499943
232,18,2841.499943
232,18,2841.499943
232,19,2807.663323
232,19,2807.663323
232,19,2807.663323
232,19,2807.663323
232,19,2807.663323
232,19,2807.663323
232,19,2807.663323
232,19,2807.663323
232,19,2807.663323
232,19,2807.663323
232,19,2807.663323
232,20,2758.549897
232,20,2758.549897
232,20,2758.549897
232,20,2758.549897
232,20,2758.549897
232,20,2758.549897
232,20,2758.549897
232,20,2758.549897
232,20,2758.549897
232,20,2758.549897
232,21,2714.641179
232,21,2714.641179
232,21,2714.641179
232,21,2714.641179
232,21,2714.641179
232,21,2714.641179
232,21,2714.641179
232,21,2714.641179
232,21,2714.641179
233,16,3070.413371
233,16,3070.413371
233,16,3070.413371
233,16,3070.413371
233,16,3070.413371
233,17,2964.480739
233,17,2964.480739
233,18,2841.499943
233,18,2841.499943
233,18,2841.499943
233,18,2841.499943
233,18,2841.499943
233,18,2841.499943
233,19,2800.088810
233,20,2758.549897
233,20,2758.549897
233,20,2758.549897
233,20,2758.549897
233,20,2758.549897
233,20,2758.549897
233,20,2758.549897
233,20,2758.549897
233,20,2758.549897
233,20,2758.549897
233,20,2758.549897
233,21,2714.641179
233,21,2714.641179
233,21,2714.641179
233,21,2714.641179
233,21,2714.641179
233,21,2714.641179
233,21,2714.641179
233,21,2714.641179
233,21,2714.641179
233,21,2714.641179
234,16,3070.413371
234,16,3070.413371
234,16,3070.413371
234,16,3070.413371
234,16,3070.413371
234,16,3070.413371
234,17,2964.480739
234,17,2964.480739
234,17,2964.480739
234,18,2841.499943
234,18,2841.499943
234,18,2841.499943
234,18,2841.499943
234,18,2841.499943
234,18,2841.499943
234,18,2841.499943
234,18,2841.499943
234,19,2800.088810
234,19,2800.088810
234,20,2758.549897
234,20,2758.549897
234,20,2758.549897
234,20,2758.549897
234,20,2758.549897
234,20,2758.549897
234,20,2758.549897
234,20,2758.549897
234,20,2758.549897
234,20,2758.549897
234,20,2758.549897
234,20,2758.549897
234,21,2714.641179
234,21,2714.641179
234,21,2714.641179
234,21,2714.641179
234,21,2714.641179
234,21,2714.641179
234,21,2714.641179
234,21,2714.641179
234,21,2714.641179
234,21,2714.641179
234,21,2714.641179
235,16,3070.413371
235,16,3070.413371
235,16,3070.413371
235,16,3070.413371
235,16,3070.413371
235,16,3070.413371
235,16,3070.413371
235,17,2964.480739
235,17,2964.480739
235,17,2964.480739
235,17,2964.480739
235,18,2841.499943
235,18,2841.499943
235,18,2841.499943
235,18,2841.499943
235,18,2841.499943
235,18,2841.499943
235,18,2841.499943
235,18,2841.499943
235,18,2841.499943
235,18,2841.499943
235,19,2800.088810
235,19,2800.088810
235,19,2800.088810
235,20,2758.549897
235,20,2758.549897
235,20,2758.549897
235,20,2758.549897
235,20,2758.549897
235,20,2758.549897
235,20,2758.549897
235,20,2758.549897
235,20,2758.549897
235,20,2758.549897
235,20,2758.549897
235,20,2758.549897
235,20,2758.549897
235,21,2714.641179
235,21,2714.641179
235,21,2714.641179
235,21,2714.641179
235,21,2714.641179
235,21,2714.641179
235,21,2714.641179
235,21,2714.641179
235,21,2714.641179
235,21,2714.641179
235,21,2714.641179
235,21,2714.641179
235,23,2709.133422
236,16,3070.413371
236,16,3070.413371
236,16,3070.413371
236,16,3070.413371
236,16,3070.413371
236,16,3070.413371
236,16,3070.413371
236,16,3070.413371
236,17,2958.129856
236,18,2841.499943
236,18,2841.499943
236,18,2841.499943
236,18,2841.499943
236,18,2841.499943
236,18,2841.499943
236,18,2841.499943
236,18,2841.499943
236,18,2841.499943
236,18,2841.499943
236,18,2841.499943
236,18,2841.499943
236,19,2800.088810
236,19,2800.088810
236,19,2800.088810
236,19,2800.088810
236,20,2758.549897
236,20,2758.549897
236,20,2758.549897
236,20,2758.549897
236,20,2758.549897
236,20,2758.549897
236,20,2758.549897
236,20,2758.549897
236,20,2758.549897
236,20,2758.549897
236,20,2758.549897
236,20,2758.549897
236,20,2758.549897
236,20,2758.549897
236,21,2714.641179
236,21,2714.641179
236,21,2714.641179
236,21,2714.641179
236,21,2714.641179
236,21,2714.641179
236,21,2714.641179
236,21,2714.641179
236,21,2714.641179
236,21,2714.641179
236,21,2714.641179
236,21,2714.641179
236,21,2714.641179
236,23,2709.133422
236,23,2709.133422
237,16,3070.413371
237,16,3070.413371
237,16,3070.413371
237,16,3070.413371
237,16,3070.413371
237,16,3070.413371
237,16,3070.413371
237,16,3070.413371
237,16,3070.413371
237,17,2958.129856
237,17,2958.129856
237,18,2841.499943
237,18,2841.499943
237,18,2841.499943
237,18,2841.499943
237,18,2841.499943
237,18,2841.499943
237,18,2841.499943
237,18,2841.499943
237,18,2841.499943
237,18,2841.499943
237,18,2841.499943
237,18,2841.499943
237,18,2841.499943
237,18,2841.499943
237,19,2800.088810
237,19,2800.088810
237,19,2800.088810
237,19,2800.088810
237,19,2800.088810
237,20,2751.525753
237,21,2714.641179
237,21,2714.641179
237,21,2714.641179
237,21,2714.641179
237,21,2714.641179
237,21,2714.641179
237,21,2714.641179
237,21,2714.641179
237,21,2714.641179
237,21,2714.641179
237,21,2714.641179
237,21,2714.641179
237,21,2714.641179
237,21,2714.641179
237,23,2709.133422
237,23,2709.133422
237,23,2709.133422
238,16,3070.413371
238,16,3070.413371
238,16,3070.413371
238,16,3070.413371
238,16,3070.413371
238,16,3070.413371
238,16,3070.413371
238,16,3070.413371
238,16,3070.413371
238,16,3070.413371
238,17,2958.129856
238,17,2958.129856
238,17,2958.129856
238,18,2841.499943
238,18,2841.499943
238,18,2841.499943
238,18,2841.499943
238,18,2841.499943
238,18,2841.499943
238,18,2841.499943
238,18,2841.499943
238,18,2841.499943
238,18,2841.499943
238,18,2841.499943
238,18,2841.499943
238,18,2841.499943
238,18,2841.499943
238,18,2841.499943
238,18,2841.499943
238,19,2774.195638
238,20,2751.525753
238,20,2751.525753
238,21,2714.641179
238,21,2714.641179
238,21,2714.641179
238,21,2714.641179
238,21,2714.641179
238,21,2714.641179
238,21,2714.641179
238,21,2714.641179
238,21,2714.641179
238,21,2714.641179
238,21,2714.641179
238,21,2714.641179
238,21,2714.641179
238,21,2714.641179
238,21,2714.641179
238,23,2709.133422
238,23,2709.133422
238,23,2709.133422
238,23,2709.133422
239,16,3070.413371
239,16,3070.413371
239,16,3070.413371
239,16,3070.413371
239,16,3070.413371
239,16,3070.413371
239,16,3070.413371
239,16,3070.413371
239,16,3070.413371
239,16,3070.413371
239,16,3070.413371
239,17,2958.129856
239,17,2958.129856
239,17,2958.129856
239,17,2958.129856
239,18,2841.499943
239,18,2841.499943
239,18,2841.499943
239,18,2841.499943
239,18,2841.499943
239,18,2841.499943
239,18,2841.499943
239,18,2841.499943
239,18,2841.499943
239,18,2841.499943
239,18,2841.499943
239,18,2841.499943
239,18,2841.499943
239,18,2841.499943
239,18,2841.499943
239,18,2841.499943
239,18,2841.499943
239,18,2841.499943
239,19,2772.112586
239,20,2751.525753
239,20,2751.525753
239,20,2751.525753
239,21,2712.899589
239,23,2709.133422
239,23,2709.133422
239,23,2709.133422
239,23,2709.133422
239,23,2709.133422
240,16,3070.413371
240,16,3070.413371
240,16,3070.413371
240,16,3070.413371
240,16,3070.413371
240,16,3070.413371
240,16,3070.413371
240,16,3070.413371
240,16,3070.413371
240,16,3070.413371
240,16,3070.413371
240,16,3070.413371
240,17,2958.129856
240,17,2958.129856
240,17,2958.129856
240,17,2958.129856
240,17,2958.129856
240,18,2841.499943
240,18,2841.499943
240,18,2841.499943
240,18,2841.499943
240,18,2841.499943
240,18,2841.499943
240,18,2841.499943
240,18,2841.499943
240,18,2841.499943
240,18,2841.499943
240,18,2841.499943
240,18,2841.499943
240,18,2841.499943
240,18,2841.499943
240,18,2841.499943
240,18,2841.499943
240,18,2841.499943
240,18,2841.499943
240,18,2841.499943
240,18,2841.499943
240,19,2772.112586
240,19,2772.112586
240,20,2751.525753
240,20,2751.525753
240,20,2751.525753
240,20,2751.525753
240,21,2712.899589
240,21,2712.899589
240,23,2709.133422
240,23,2709.133422
240,23,2709.133422
240,23,2709.133422
240,23,2709.133422
240,23,2709.133422
241,16,3070.413371
241,16,3070.413371
241,16,3070.413371
241,16,3070.413371
241,16,3070.413371
241,16,3070.413371
241,16,3070.413371
241,16,3070.413371
241,16,3070.413371
241,16,3070.413371
241,16,3070.413371
241,16,3070.413371
241,16,3070.413371
241,17,2958.129856
241,17,2958.129856
241,17,2958.129856
241,17,2958.129856
241,17,2958.129856
241,17,2958.129856
241,18,2841.499943
241,18,2841.499943
241,18,2841.499943
241,18,2841.499943
241,18,2841.499943
241,18,2841.499943
241,18,2841.499943
241,18,2841.499943
241,18,2841.499943
241,18,2841.499943
241,18,2841.499943
241,18,2841.499943
241,18,2841.499943
241,18,2841.499943
241,18,2841.499943
241,18,2841.499943
241,18,2841.499943
241,18,2841.499943
241,18,2841.499943
241,18,2841.499943
241,18,2841.499943
241,18,2841.499943
241,19,2764.014976
241,20,2751.525753
241,20,2751.525753
241,20,2751.525753
241,20,2751.525753
241,20,2751.525753
241,21,2712.899589
241,21,2712.899589
241,21,2712.899589
241,23,2709.133422
241,23,2709.133422
241,23,2709.133422
241,23,2709.133422
241,23,2709.133422
241,23,2709.133422
241,23,2709.133422
242,16,3067.125207
242,17,2958.129856
242,17,2958.129856
242,17,2958.129856
242,17,2958.129856
242,17,2958.129856
242,17,2958.129856
242,17,2958.129856
242,18,2841.499943
242,18,2841.499943
242,18,2841.499943
242,18,2841.499943
242,18,2841.499943
242,18,2841.499943
242,18,2841.499943
242,18,2841.499943
242,18,2841.499943
242,18,2841.499943
242,18,2841.499943
242,18,2841.499943
242,18,2841.499943
242,18,2841.499943
242,18,2841.499943
242,18,2841.499943
242,18,2841.499943
242,18,2841.499943
242,18,2841.499943
242,18,2841.499943
242,18,2841.499943
242,18,2841.499943
242,18,2841.499943
242,18,2841.499943
242,19,2764.014976
242,19,2764.014976
242,20,2751.525753
242,20,2751.525753
242,20,2751.525753
242,20,2751.525753
242,20,2751.525753
242,20,2751.525753
242,21,2712.899589
242,21,2712.899589
242,21,2712.899589
242,21,2712.899589
242,23,2709.133422
242,23,2709.133422
242,23,2709.133422
242,23,2709.133422
242,23,2709.133422
242,23,2709.133422
242,23,2709.133422
242,23,2709.133422
243,16,3067.125207
243,16,3067.125207
243,17,2958.129856
243,17,2958.129856
243,17,2958.129856
243,17,2958.129856
243,17,2958.129856
243,17,2958.129856
243,17,2958.129856
243,17,2958.129856
243,18,2841.499943
243,18,2841.499943
243,18,2841.499943
243,18,2841.499943
243,18,2841.499943
243,18,2841.499943
243,18,2841.499943
243,18,2841.499943
243,18,2841.499943
243,18,2841.499943
243,18,2841.499943
243,18,2841.499943
243,18,2841.499943
243,18,2841.499943
243,18,2841.499943
243,18,2841.499943
243,18,2841.499943
243,18,2841.499943
243,18,2841.499943
243,18,2841.499943
243,18,2841.499943
243,18,2841.499943
243,18,2841.499943
243,18,2841.499943
243,18,2841.499943
243,18,2841.499943
243,19,2764.014976
243,19,2764.014976
243,19,2764.014976
243,20,2751.525753
243,20,2751.525753
243,20,2751.525753
243,20,2751.525753
243,20,2751.525753
243,20,2751.525753
243,20,2751.525753
243,21,2712.899589
243,21,2712.899589
243,21,2712.899589
243,21,2712.899589
243,21,2712.899589
243,23,2709.133422
243,23,2709.133422
243,23,2709.133422
243,23,2709.133422
243,23,2709.133422
243,23,2709.133422
243,23,2709.133422
243,23,2709.133422
243,23,2709.133422
244,16,3067.125207
244,16,3067.125207
244,16,3067.125207
244,17,2958.129856
244,17,2958.129856
244,17,2958.129856
244,17,2958.129856
244,17,2958.129856
244,17,2958.129856
244,17,2958.129856
244,17,2958.129856
244,17,2958.129856
244,18,2841.499943
244,18,2841.499943
244,18,2841.499943
244,18,2841.499943
244,18,2841.499943
244,18,2841.499943
244,18,2841.499943
244,18,2841.499943
244,18,2841.499943
244,18,2841.499943
244,18,2841.499943
244,18,2841.499943
244,18,2841.499943
244,18,2841.499943
244,18,2841.499943
244,18,2841.499943
244,18,2841.499943
244,18,2841.499943
244,18,2841.499943
244,18,2841.499943
244,18,2841.499943
244,18,2841.499943
244,18,2841.499943
244,18,2841.499943
244,18,2841.499943
244,18,2841.499943
244,18,2841.499943
244,18,2841.499943
244,19,2764.014976
244,19,2764.014976
244,19,2764.014976
244,19,2764.014976
244,20,2751.525753
244,20,2751.525753
244,20,2751.525753
244,20,2751.525753
244,20,2751.525753
244,20,2751.525753
244,20,2751.525753
244,20,2751.525753
244,21,2712.899589
244,21,2712.899589
244,21,2712.899589
244,21,2712.899589
244,21,2712.899589
244,21,2712.899589
244,23,2709.133422
244,23,2709.133422
244,23,2709.133422
244,23,2709.133422
244,23,2709.133422
244,23,2709.133422
244,23,2709.133422
244,23,2709.133422
244,23,2709.133422
244,23,2709.133422
245,16,3067.125207
245,16,3067.125207
245,16,3067.125207
245,16,3067.125207
245,17,2898.751234
245,18,2841.499943
245,18,2841.499943
245,18,2841.499943
245,18,2841.499943
245,18,2841.499943
245,18,2841.499943
245,18,2841.499943
245,18,2841.499943
245,18,2841.499943
245,18,2841.499943
245,18,2841.499943
245,18,2841.499943
245,18,2841.499943
245,18,2841.499943
245,18,2841.499943
245,18,2841.499943
245,18,2841.499943
245,18,2841.499943
245,18,2841.499943
245,18,2841.499943
245,18,2841.499943
245,18,2841.499943
245,18,2841.499943
245,18,2841.499943
245,18,2841.499943
245,18,2841.499943
245,18,2841.499943
245,18,2841.499943
245,18,2841.499943
245,18,2841.499943
245,19,2764.014976
245,19,2764.014976
245,19,2764.014976
245,19,2764.014976
245,19,2764.014976
245,20,2751.525753
245,20,2751.525753
245,20,2751.525753
245,20,2751.525753
245,20,2751.525753
245,20,2751.525753
245,20,2751.525753
245,20,2751.525753
245,20,2751.525753
245,21,2712.899589
245,21,2712.899589
245,21,2712.899589
245,21,2712.899589
245,21,2712.899589
245,21,2712.899589
245,21,2712.899589
245,23,2709.133422
245,23,2709.133422
245,23,2709.133422
245,23,2709.133422
245,23,2709.133422
245,23,2709.133422
245,23,2709.133422
245,23,2709.133422
245,23,2709.133422
245,23,2709.133422
245,23,2709.133422
246,16,3022.341616
246,17,2898.751234
246,17,2898.751234
246,18,2841.499943
246,18,2841.499943
246,18,2841.499943
246,18,2841.499943
246,18,2841.499943
246,18,2841.499943
246,18,2841.499943
246,18,2841.499943
246,18,2841.499943
246,18,2841.499943
246,18,2841.499943
246,18,2841.499943
246,18,2841.499943
246,18,2841.499943
246,18,2841.499943
246,18,2841.499943
246,18,2841.499943
246,18,2841.499943
246,18,2841.499943
246,18,2841.499943
246,18,2841.499943
246,18,2841.499943
246,18,2841.499943
246,18,2841.499943
246,18,2841.499943
246,18,2841.499943
246,18,2841.499943
246,18,2841.499943
246,18,2841.499943
246,18,2841.499943
246,18,2841.499943
246,18,2841.499943
246,19,2762.777805
246,20,2751.525753
246,20,2751.525753
246,20,2751.525753
246,20,2751.525753
246,20,2751.525753
246,20,2751.525753
246,20,2751.525753
246,20,2751.525753
246,20,2751.525753
246,20,2751.525753
246,21,2712.899589
246,21,2712.899589
246,21,2712.899589
246,21,2712.899589
246,21,2712.899589
246,21,2712.899589
246,21,2712.899589
246,21,2712.899589
246,23,2709.133422
246,23,2709.133422
246,23,2709.133422
246,23,2709.133422
246,23,2709.133422
246,23,2709.133422
246,23,2709.133422
246,23,2709.133422
246,23,2709.133422
246,23,2709.133422
246,23,2709.133422
246,23,2709.133422
247,16,3022.341616
247,16,3022.341616
247,17,2898.751234
247,17,2898.751234
247,17,2898.751234
247,18,2841.499943
247,18,2841.499943
247,18,2841.499943
247,18,2841.499943
247,18,2841.499943
247,18,2841.499943
247,18,2841.499943
247,18,2841.499943
247,18,2841.499943
247,18,2841.499943
247,18,2841.499943
247,18,2841.499943
247,18,2841.499943
247,18,2841.499943
247,18,2841.499943
247,18,2841.499943
247,18,2841.499943
247,18,2841.499943
247,18,2841.499943
247,18,2841.499943
247,18,2841.499943
247,18,2841.499943
247,18,2841.499943
247,18,2841.499943
247,18,2841.499943
247,18,2841.499943
247,18,2841.499943
247,18,2841.499943
247,18,2841.499943
247,18,2841.499943
247,18,2841.499943
247,18,2841.499943
247,18,2841.499943
247,18,2841.499943
247,19,2762.777805
247,19,2762.777805
247,20,2750.854891
247,21,2712.899589
247,21,2712.899589
247,21,2712.899589
247,21,2712.899589
247,21,2712.899589
247,21,2712.899589
247,21,2712.899589
247,21,2712.899589
247,21,2712.899589
247,23,2709.133422
247,23,2709.133422
247,23,2709.133422
247,23,2709.133422
247,23,2709.133422
247,23,2709.133422
247,23,2709.133422
247,23,2709.133422
247,23,2709.133422
247,23,2709.133422
247,23,2709.133422
247,23,2709.133422
247,23,2709.133422
248,16,3022.341616
248,16,3022.341616
248,16,3022.341616
248,17,2898.751234
248,17,2898.751234
248,17,2898.751234
248,17,2898.751234
248,18,2793.001354
248,19,2762.777805
248,19,2762.777805
248,19,2762.777805
248,20,2747.382950
248,21,2712.391711
248,23,2709.133422
248,23,2709.133422
248,23,2709.133422
248,23,2709.133422
248,23,2709.133422
248,23,2709.133422
248,23,2709.133422
248,23,2709.133422
248,23,2709.133422
248,23,2709.133422
248,23,2709.133422
248,23,2709.133422
248,23,2709.133422
248,23,2709.133422
249,16,3022.341616
249,16,3022.341616
249,16,3022.341616
249,16,3022.341616
249,17,2898.751234
249,17,2898.751234
249,17,2898.751234
249,17,2898.751234
249,17,2898.751234
249,18,2793.001354
249,18,2793.001354
249,19,2762.777805
249,19,2762.777805
249,19,2762.777805
249,19,2762.777805
249,20,2747.382950
249,20,2747.382950
249,21,2712.391711
249,21,2712.391711
249,23,2708.404863
250,16,2983.430974
250,17,2898.751234
250,17,2898.751234
250,17,2898.751234
250,17,2898.751234
250,17,2898.751234
250,17,2898.751234
250,18,2793.001354
250,18,2793.001354
250,18,2793.001354
250,19,2762.777805
250,19,2762.777805
250,19,2762.777805
250,19,2762.777805
250,19,2762.777805
250,20,2747.382950
250,20,2747.382950
250,20,2747.382950
250,21,2710.193559
250,23,2698.674533
251,16,2983.430974
251,16,2983.430974
251,17,2898.751234
251,17,2898.751234
251,17,2898.751234
251,17,2898.751234
251,17,2898.751234
251,17,2898.751234
251,17,2898.751234
251,18,2793.001354
251,18,2793.001354
251,18,2793.001354
251,18,2793.001354
251,19,2762.777805
251,19,2762.777805
251,19,2762.777805
251,19,2762.777805
251,19,2762.777805
251,19,2762.777805
251,20,2736.732145
251,21,2710.193559
251,21,2710.193559
251,23,2698.674533
251,23,2698.674533
252,16,2983.430974
252,16,2983.430974
252,16,2983.430974
252,17,2898.751234
252,17,2898.751234
252,17,2898.751234
252,17,2898.751234
252,17,2898.751234
252,17,2898.751234
252,17,2898.751234
252,17,2898.751234
252,18,2793.001354
252,18,2793.001354
252,18,2793.001354
252,18,2793.001354
252,18,2793.001354
252,19,2762.777805
252,19,2762.777805
252,19,2762.777805
252,19,2762.777805
252,19,2762.777805
252,19,2762.777805
252,19,2762.777805
252,20,2736.732145
252,20,2736.732145
252,21,2710.193559
252,21,2710.193559
252,21,2710.193559
252,23,2698.674533
252,23,2698.674533
252,23,2698.674533
253,16,2983.430974
253,16,2983.430974
253,16,2983.430974
253,16,2983.430974
253,17,2898.751234
253,17,2898.751234
253,17,2898.751234
253,17,2898.751234
253,17,2898.751234
253,17,2898.751234
253,17,2898.751234
253,17,2898.751234
253,17,2898.751234
253,17,2898.751234
253,18,2793.001354
253,18,2793.001354
253,18,2793.001354
253,18,2793.001354
253,18,2793.001354
253,18,2793.001354
253,19,2762.777805
253,19,2762.777805
253,19,2762.777805
253,19,2762.777805
253,19,2762.777805
253,19,2762.777805
253,19,2762.777805
253,19,2762.777805
253,20,2736.732145
253,20,2736.732145
253,20,2736.732145
253,21,2710.193559
253,21,2710.193559
253,21,2710.193559
253,21,2710.193559
253,23,2698.674533
253,23,2698.674533
253,23,2698.674533
253,23,2698.674533
254,16,2983.430974
254,16,2983.430974
254,16,2983.430974
254,16,2983.430974
254,16,2983.430974
254,17,2896.994838
254,18,2793.001354
254,18,2793.001354
254,18,2793.001354
254,18,2793.001354
254,18,2793.001354
254,18,2793.001354
254,18,2793.001354
254,19,2762.777805
254,19,2762.777805
254,19,2762.777805
254,19,2762.777805
254,19,2762.777805
254,19,2762.777805
254,19,2762.777805
254,19,2762.777805
254,19,2762.777805
254,20,2736.732145
254,20,2736.732145
254,20,2736.732145
254,20,2736.732145
254,21,2710.193559
254,21,2710.193559
254,21,2710.193559
254,21,2710.193559
254,21,2710.193559
254,23,2698.674533
254,23,2698.674533
254,23,2698.674533
254,23,2698.674533
254,23,2698.674533
255,16,2983.430974
255,16,2983.430974
255,16,2983.430974
255,16,2983.430974
255,16,2983.430974
255,16,2983.430974
255,17,2896.994838
255,17,2896.994838
255,18,2793.001354
255,18,2793.001354
255,18,2793.001354
255,18,2793.001354
255,18,2793.001354
255,18,2793.001354
255,18,2793.001354
255,18,2793.001354
255,19,2762.777805
255,19,2762.777805
255,19,2762.777805
255,19,2762.777805
255,19,2762.777805
255,19,2762.777805
255,19,2762.777805
255,19,2762.777805
255,19,2762.777805
255,19,2762.777805
255,20,2736.732145
255,20,2736.732145
255,20,2736.732145
255,20,2736.732145
255,20,2736.732145
255,21,2710.193559
255,21,2710.193559
255,21,2710.193559
255,21,2710.193559
255,21,2710.193559
255,21,2710.193559
255,23,2698.674533
255,23,2698.674533
255,23,2698.674533
255,23,2698.674533
255,23,2698.674533
255,23,2698.674533
256,16,2983.430974
256,16,2983.430974
256,16,2983.430974
256,16,2983.430974
256,16,2983.430974
256,16,2983.430974
256,16,2983.430974
256,17,2896.994838
256,17,2896.994838
256,17,2896.994838
256,18,2793.001354
256,18,2793.001354
256,18,2793.001354
256,18,2793.001354
256,18,2793.001354
256,18,2793.001354
256,18,2793.001354
256,18,2793.001354
256,18,2793.001354
256,19,2762.777805
256,19,2762.777805
256,19,2762.777805
256,19,2762.777805
256,19,2762.777805
256,19,2762.777805
256,19,2762.777805
256,19,2762.777805
256,19,2762.777805
256,19,2762.777805
256,19,2762.777805
256,20,2736.732145
256,20,2736.732145
256,20,2736.732145
256,20,2736.732145
256,20,2736.732145
256,20,2736.732145
256,21,2710.193559
256,21,2710.193559
256,21,2710.193559
256,21,2710.193559
256,21,2710.193559
256,21,2710.193559
256,21,2710.193559
256,23,2698.674533
256,23,2698.674533
256,23,2698.674533
256,23,2698.674533
256,23,2698.674533
256,23,2698.674533
256,23,2698.674533
257,16,2976.784719
257,17,2896.994838
257,17,2896.994838
257,17,2896.994838
257,17,2896.994838
257,17,2896.994838
257,18,2793.001354
257,18,2793.001354
257,18,2793.001354
257,18,2793.001354
257,18,2793.001354
257,18,2793.001354
257,18,2793.001354
257,18,2793.001354
257,18,2793.001354
257,18,2793.001354
257,19,2762.777805
257,19,2762.777805
257,19,2762.777805
257,19,2762.777805
257,19,2762.777805
257,19,2762.777805
257,19,2762.777805
257,19,2762.777805
257,19,2762.777805
257,19,2762.777805
257,19,2762.777805
257,19,2762.777805
257,20,2736.732145
257,20,2736.732145
257,20,2736.732145
257,20,2736.732145
257,20,2736.732145
257,20,2736.732145
257,20,2736.732145
257,21,2706.319349
257,23,2698.674533
257,23,2698.674533
257,23,2698.674533
257,23,2698.674533
257,23,2698.674533
257,23,2698.674533
257,23,2698.674533
257,23,2698.674533
258,16,2976.784719
258,16,2976.784719
258,17,2896.994838
258,17,2896.994838
258,17,2896.994838
258,17,2896.994838
258,17,2896.994838
258,17,2896.994838
258,17,2896.994838
258,18,2791.257515
258,19,2762.777805
258,19,2762.777805
258,19,2762.777805
258,19,2762.777805
258,19,2762.777805
258,19,2762.777805
258,19,2762.777805
258,19,2762.777805
258,19,2762.777805
258,19,2762.777805
258,19,2762.777805
258,19,2762.777805
258,19,2762.777805
258,20,2736.732145
258,20,2736.732145
258,20,2736.732145
258,20,2736.732145
258,20,2736.732145
258,20,2736.732145
258,20,2736.732145
258,20,2736.732145
258,21,2706.319349
258,21,2706.319349
258,21,2706.319349
258,23,2698.674533
258,23,2698.674533
258,23,2698.674533
258,23,2698.674533
258,23,2698.674533
258,23,2698.674533
258,23,2698.674533
258,23,2698.674533
258,23,2698.674533
259,16,2976.784719
259,16,2976.784719
259,16,2976.784719
259,17,2896.994838
259,17,2896.994838
259,17,2896.994838
259,17,2896.994838
259,17,2896.994838
259,17,2896.994838
259,17,2896.994838
259,17,2896.994838
259,17,2896.994838
259,18,2791.257515
259,18,2791.257515
259,19,2762.777805
259,19,2762.777805
259,19,2762.777805
259,19,2762.777805
259,19,2762.777805
259,19,2762.777805
259,19,2762.777805
259,19,2762.777805
259,19,2762.777805
259,19,2762.777805
259,19,2762.777805
259,19,2762.777805
259,19,2762.777805
259,19,2762.777805
259,20,2736.732145
259,20,2736.732145
259,20,2736.732145
259,20,2736.732145
259,20,2736.732145
259,20,2736.732145
259,20,2736.732145
259,20,2736.732145
259,20,2736.732145
259,21,2706.319349
259,21,2706.319349
259,21,2706.319349
259,21,2706.319349
259,21,2706.319349
259,23,2698.674533
259,23,2698.674533
259,23,2698.674533
259,23,2698.674533
259,23,2698.674533
259,23,2698.674533
259,23,2698.674533
259,23,2698.674533
259,23,2698.674533
259,23,2698.674533
260,16,2976.784719
260,16,2976.784719
260,16,2976.784719
260,16,2976.784719
260,17,2896.994838
260,17,2896.994838
260,17,2896.994838
260,17,2896.994838
260,17,2896.994838
260,17,2896.994838
260,17,2896.994838
260,17,2896.994838
260,17,2896.994838
260,17,2896.994838
260,17,2896.994838
260,18,2791.257515
260,18,2791.257515
260,18,2791.257515
260,19,2762.777805
260,19,2762.777805
260,19,2762.777805
260,19,2762.777805
260,19,2762.777805
260,19,2762.777805
260,19,2762.777805
260,19,2762.777805
260,19,2762.777805
260,19,2762.777805
260,19,2762.777805
260,19,2762.777805
260,19,2762.777805
260,19,2762.777805
260,19,2762.777805
260,20,2736.732145
260,20,2736.732145
260,20,2736.732145
260,20,2736.732145
260,20,2736.732145
260,20,2736.732145
260,20,2736.732145
260,20,2736.732145
260,20,2736.732145
260,20,2736.732145
260,20,2736.732145
260,21,2706.319349
260,21,2706.319349
260,21,2706.319349
260,21,2706.319349
260,21,2706.319349
260,21,2706.319349
260,21,2706.319349
260,23,2698.674533
260,23,2698.674533
260,23,2698.674533
260,23,2698.674533
260,23,2698.674533
260,23,2698.674533
260,23,2698.674533
260,23,2698.674533
260,23,2698.674533
260,23,2698.674533
260,23,2698.674533
261,16,2976.784719
261,16,2976.784719
261,16,2976.784719
261,16,2976.784719
261,16,2976.784719
261,17,2896.994838
261,17,2896.994838
261,17,2896.994838
261,17,2896.994838
261,17,2896.994838
261,17,2896.994838
261,17,2896.994838
261,17,2896.994838
261,17,2896.994838
261,17,2896.994838
261,17,2896.994838
261,17,2896.994838
261,17,2896.994838
261,18,2791.257515
261,18,2791.257515
261,18,2791.257515
261,18,2791.257515
261,19,2762.777805
261,19,2762.777805
261,19,2762.777805
261,19,2762.777805
261,19,2762.777805
261,19,2762.777805
261,19,2762.777805
261,19,2762.777805
261,19,2762.777805
261,19,2762.777805
261,19,2762.777805
261,19,2762.777805
261,19,2762.777805
261,19,2762.777805
261,19,2762.777805
261,19,2762.777805
261,20,2736.732145
261,20,2736.732145
261,20,2736.732145
261,20,2736.732145
261,20,2736.732145
261,20,2736.732145
261,20,2736.732145
261,20,2736.732145
261,20,2736.732145
261,20,2736.732145
261,20,2736.732145
261,20,2736.732145
261,20,2736.732145
261,21,2706.319349
261,21,2706.319349
261,21,2706.319349
261,21,2706.319349
261,21,2706.319349
261,21,2706.319349
261,21,2706.319349
261,21,2706.319349
261,21,2706.319349
261,23,2698.674533
261,23,2698.674533
261,23,2698.674533
261,23,2698.674533
261,23,2698.674533
261,23,2698.674533
261,23,2698.674533
261,23,2698.674533
261,23,2698.674533
261,23,2698.674533
261,23,2698.674533
261,23,2698.674533
262,16,2976.784719
262,16,2976.784719
262,16,2976.784719
262,16,2976.784719
262,16,2976.784719
262,16,2976.784719
262,17,2896.994838
262,17,2896.994838
262,17,2896.994838
262,17,2896.994838
262,17,2896.994838
262,17,2896.994838
262,17,2896.994838
262,17,2896.994838
262,17,2896.994838
262,17,2896.994838
262,17,2896.994838
262,17,2896.994838
262,17,2896.994838
262,17,2896.994838
262,17,2896.994838
262,18,2791.257515
262,18,2791.257515
262,18,2791.257515
262,18,2791.257515
262,18,2791.257515
262,19,2762.777805
262,19,2762.777805
262,19,2762.777805
262,19,2762.777805
262,19,2762.777805
262,19,2762.777805
262,19,2762.777805
262,19,2762.777805
262,19,2762.777805
262,19,2762.777805
262,19,2762.777805
262,19,2762.777805
262,19,2762.777805
262,19,2762.777805
262,19,2762.777805
262,19,2762.777805
262,19,2762.777805
262,20,2736.732145
262,20,2736.732145
262,20,2736.732145
262,20,2736.732145
262,20,2736.732145
262,20,2736.732145
262,20,2736.732145
262,20,2736.732145
262,20,2736.732145
262,20,2736.732145
262,20,2736.732145
262,20,2736.732145
262,20,2736.732145
262,20,2736.732145
262,20,2736.732145
262,21,2706.319349
262,21,2706.319349
262,21,2706.319349
262,21,2706.319349
262,21,2706.319349
262,21,2706.319349
262,21,2706.319349
262,21,2706.319349
262,21,2706.319349
262,21,2706.319349
262,21,2706.319349
262,23,2698.674533
262,23,2698.674533
262,23,2698.674533
262,23,2698.674533
262,23,2698.674533
262,23,2698.674533
262,23,2698.674533
262,23,2698.674533
262,23,2698.674533
262,23,2698.674533
262,23,2698.674533
262,23,2698.674533
262,23,2698.674533
263,16,2964.200610
263,17,2896.994838
263,17,2896.994838
263,17,2896.994838
263,17,2896.994838
263,17,2896.994838
263,17,2896.994838
263,17,2896.994838
263,17,2896.994838
263,17,2896.994838
263,17,2896.994838
263,17,2896.994838
263,17,2896.994838
263,17,2896.994838
263,17,2896.994838
263,17,2896.994838
263,17,2896.994838
263,17,2896.994838
263,18,2791.257515
263,18,2791.257515
263,18,2791.257515
263,18,2791.257515
263,18,2791.257515
263,18,2791.257515
263,19,2762.777805
263,19,2762.777805
263,19,2762.777805
263,19,2762.777805
263,19,2762.777805
263,19,2762.777805
263,19,2762.777805
263,19,2762.777805
263,19,2762.777805
263,19,2762.777805
263,19,2762.777805
263,19,2762.777805
263,19,2762.777805
263,19,2762.777805
263,19,2762.777805
263,19,2762.777805
263,19,2762.777805
263,19,2762.777805
263,20,2736.732145
263,20,2736.732145
263,20,2736.732145
263,20,2736.732145
263,20,2736.732145
263,20,2736.732145
263,20,2736.732145
263,20,2736.732145
263,20,2736.732145
263,20,2736.732145
263,20,2736.732145
263,20,2736.732145
263,20,2736.732145
263,20,2736.732145
263,20,2736.732145
263,20,2736.732145
263,20,2736.732145
263,21,2701.980711
263,23,2698.674533
263,23,2698.674533
263,23,2698.674533
263,23,2698.674533
263,23,2698.674533
263,23,2698.674533
263,23,2698.674533
263,23,2698.674533
263,23,2698.674533
263,23,2698.674533
263,23,2698.674533
263,23,2698.674533
263,23,2698.674533
263,23,2698.674533
264,16,2964.200610
264,16,2964.200610
264,16,2964.200610
264,17,2884.808598
264,18,2791.257515
264,18,2791.257515
264,18,2791.257515
264,18,2791.257515
264,18,2791.257515
264,18,2791.257515
264,18,2791.257515
264,19,2762.777805
264,19,2762.777805
264,19,2762.777805
264,19,2762.777805
264,19,2762.777805
264,19,2762.777805
264,19,2762.777805
264,19,2762.777805
264,19,2762.777805
264,19,2762.777805
264,19,2762.777805
264,19,2762.777805
264,19,2762.777805
264,19,2762.777805
264,19,2762.777805
264,19,2762.777805
264,19,2762.777805
264,19,2762.777805
264,19,2762.777805
264,20,2736.732145
264,20,2736.732145
264,20,2736.732145
264,20,2736.732145
264,20,2736.732145
264,20,2736.732145
264,20,2736.732145
264,20,2736.732145
264,20,2736.732145
264,20,2736.732145
264,20,2736.732145
264,20,2736.732145
264,20,2736.732145
264,20,2736.732145
264,20,2736.732145
264,20,2736.732145
264,20,2736.732145
264,20,2736.732145
264,20,2736.732145
264,21,2701.980711
264,21,2701.980711
264,23,2698.674533
264,23,2698.674533
264,23,2698.674533
264,23,2698.674533
264,23,2698.674533
264,23,2698.674533
264,23,2698.674533
264,23,2698.674533
264,23,2698.674533
264,23,2698.674533
264,23,2698.674533
264,23,2698.674533
264,23,2698.674533
264,23,2698.674533
264,23,2698.674533
265,16,2964.200610
265,16,2964.200610
265,16,2964.200610
265,16,2964.200610
265,16,2964.200610
265,16,2964.200610
265,17,2884.808598
265,17,2884.808598
265,18,2791.257515
265,18,2791.257515
265,18,2791.257515
265,18,2791.257515
265,18,2791.257515
265,18,2791.257515
265,18,2791.257515
265,18,2791.257515
265,19,2762.777805
265,19,2762.777805
265,19,2762.777805
265,19,2762.777805
265,19,2762.777805
265,19,2762.777805
265,19,2762.777805
265,19,2762.777805
265,19,2762.777805
265,19,2762.777805
265,19,2762.777805
265,19,2762.777805
265,19,2762.777805
265,19,2762.777805
265,19,2762.777805
265,19,2762.777805
265,19,2762.777805
265,19,2762.777805
265,19,2762.777805
265,19,2762.777805
265,20,2736.732145
265,20,2736.732145
265,20,2736.732145
265,20,2736.732145
265,20,2736.732145
265,20,2736.732145
265,20,2736.732145
265,20,2736.732145
265,20,2736.732145
265,20,2736.732145
265,20,2736.732145
265,20,2736.732145
265,20,2736.732145
265,20,2736.732145
265,20,2736.732145
265,20,2736.732145
265,20,2736.732145
265,20,2736.732145
265,20,2736.732145
265,20,2736.732145
265,20,2736.732145
265,21,2701.980711
265,21,2701.980711
265,21,2701.980711
265,23,2698.674533
265,23,2698.674533
265,23,2698.674533
265,23,2698.674533
265,23,2698.674533
265,23,2698.674533
265,23,2698.674533
265,23,2698.674533
265,23,2698.674533
265,23,2698.674533
265,23,2698.674533
265,23,2698.674533
265,23,2698.674533
265,23,2698.674533
265,23,2698.674533
265,23,2698.674533
266,16,2964.200610
266,16,2964.200610
266,16,2964.200610
266,16,2964.200610
266,16,2964.200610
266,16,2964.200610
266,16,2964.200610
266,16,2964.200610
266,16,2964.200610
266,17,2884.808598
266,17,2884.808598
266,17,2884.808598
266,18,2791.257515
266,18,2791.257515
266,18,2791.257515
266,18,2791.257515
266,18,2791.257515
266,18,2791.257515
266,18,2791.257515
266,18,2791.257515
266,18,2791.257515
266,18,2791.257515
266,19,2762.777805
266,19,2762.777805
266,19,2762.777805
266,19,2762.777805
266,19,2762.777805
266,19,2762.777805
266,19,2762.777805
266,19,2762.777805
266,19,2762.777805
266,19,2762.777805
266,19,2762.777805
266,19,2762.777805
266,19,2762.777805
266,19,2762.777805
266,19,2762.777805
266,19,2762.777805
266,19,2762.777805
266,19,2762.777805
266,19,2762.777805
266,19,2762.777805
266,19,2762.777805
266,20,2736.732145
266,20,2736.732145
266,20,2736.732145
266,20,2736.732145
266,20,2736.732145
266,20,2736.732145
266,20,2736.732145
266,20,2736.732145
266,20,2736.732145
266,20,2736.732145
266,20,2736.732145
266,20,2736.732145
266,20,2736.732145
266,20,2736.732145
266,20,2736.732145
266,20,2736.732145
266,20,2736.732145
266,20,2736.732145
266,20,2736.732145
266,20,2736.732145
266,20,2736.732145
266,20,2736.732145
266,20,2736.732145
266,21,2701.980711
266,21,2701.980711
266,21,2701.980711
266,21,2701.980711
266,23,2698.674533
266,23,2698.674533
266,23,2698.674533
266,23,2698.674533
266,23,2698.674533
266,23,2698.674533
266,23,2698.674533
266,23,2698.674533
266,23,2698.674533
266,23,2698.674533
266,23,2698.674533
266,23,2698.674533
266,23,2698.674533
266,23,2698.674533
266,23,2698.674533
266,23,2698.674533
266,23,2698.674533
267,16,2964.200610
267,16,2964.200610
267,16,2964.200610
267,16,2964.200610
267,16,2964.200610
267,16,2964.200610
267,16,2964.200610
267,16,2964.200610
267,16,2964.200610
267,16,2964.200610
267,16,2964.200610
267,16,2964.200610
267,17,2874.891433
267,18,2791.257515
267,18,2791.257515
267,18,2791.257515
267,18,2791.257515
267,18,2791.257515
267,18,2791.257515
267,18,2791.257515
267,18,2791.257515
267,18,2791.257515
267,18,2791.257515
267,18,2791.257515
267,18,2791.257515
267,19,2758.220325
267,20,2736.732145
267,20,2736.732145
267,20,2736.732145
267,20,2736.732145
267,20,2736.732145
267,20,2736.732145
267,20,2736.732145
267,20,2736.732145
267,20,2736.732145
267,20,2736.732145
267,20,2736.732145
267,20,2736.732145
267,20,2736.732145
267,20,2736.732145
267,20,2736.732145
267,20,2736.732145
267,20,2736.732145
267,20,2736.732145
267,20,2736.732145
267,20,2736.732145
267,20,2736.732145
267,20,2736.732145
267,20,2736.732145
267,20,2736.732145
267,20,2736.732145
267,21,2699.363646
267,23,2698.674533
267,23,2698.674533
267,23,2698.674533
267,23,2698.674533
267,23,2698.674533
267,23,2698.674533
267,23,2698.674533
267,23,2698.674533
267,23,2698.674533
267,23,2698.674533
267,23,2698.674533
267,23,2698.674533
267,23,2698.674533
267,23,2698.674533
267,23,2698.674533
267,23,2698.674533
267,23,2698.674533
267,23,2698.674533
268,16,2964.200610
268,16,2964.200610
268,16,2964.200610
268,16,2964.200610
268,16,2964.200610
268,16,2964.200610
268,16,2964.200610
268,16,2964.200610
268,16,2964.200610
268,16,2964.200610
268,16,2964.200610
268,16,2964.200610
268,16,2964.200610
268,16,2964.200610
268,16,2964.200610
268,17,2874.891433
268,17,2874.891433
268,18,2791.257515
268,18,2791.257515
268,18,2791.257515
268,18,2791.257515
268,18,2791.257515
268,18,2791.257515
268,18,2791.257515
268,18,2791.257515
268,18,2791.257515
268,18,2791.257515
268,18,2791.257515
268,18,2791.257515
268,18,2791.257515
268,18,2791.257515
268,19,2758.220325
268,19,2758.220325
268,20,2715.626568
268,21,2699.363646
268,21,2699.363646
268,23,2698.674533
268,23,2698.674533
268,23,2698.674533
268,23,2698.674533
268,23,2698.674533
268,23,2698.674533
268,23,2698.674533
268,23,2698.674533
268,23,2698.674533
268,23,2698.674533
268,23,2698.674533
268,23,2698.674533
268,23,2698.674533
268,23,2698.674533
268,23,2698.674533
268,23,2698.674533
268,23,2698.674533
268,23,2698.674533
268,23,2698.674533
269,16,2964.200610
269,16,2964.200610
269,16,2964.200610
269,16,2964.200610
269,16,2964.200610
269,16,2964.200610
269,16,2964.200610
269,16,2964.200610
269,16,2964.200610
269,16,2964.200610
269,16,2964.200610
269,16,2964.200610
269,16,2964.200610
269,16,2964.200610
269,16,2964.200610
269,16,2964.200610
269,16,2964.200610
269,16,2964.200610
269,16,2964.200610
269,17,2874.891433
269,17,2874.891433
269,17,2874.891433
269,18,2791.257515
269,18,2791.257515
269,18,2791.257515
269,18,2791.257515
269,18,2791.257515
269,18,2791.257515
269,18,2791.257515
269,18,2791.257515
269,18,2791.257515
269,18,2791.257515
269,18,2791.257515
269,18,2791.257515
269,18,2791.257515
269,18,2791.257515
269,18,2791.257515
269,18,2791.257515
269,19,2758.220325
269,19,2758.220325
269,19,2758.220325
269,20,2715.626568
269,20,2715.626568
269,21,2699.363646
269,21,2699.363646
269,21,2699.363646
269,23,2698.674533
269,23,2698.674533
269,23,2698.674533
269,23,2698.674533
269,23,2698.674533
269,23,2698.674533
269,23,2698.674533
269,23,2698.674533
269,23,2698.674533
269,23,2698.674533
269,23,2698.674533
269,23,2698.674533
269,23,2698.674533
269,23,2698.674533
269,23,2698.674533
269,23,2698.674533
269,23,2698.674533
269,23,2698.674533
269,23,2698.674533
269,23,2698.674533
270,16,2964.200610
270,16,2964.200610
270,16,2964.200610
270,16,2964.200610
270,16,2964.200610
270,16,2964.200610
270,16,2964.200610
270,16,2964.200610
270,16,2964.200610
270,16,2964.200610
270,16,2964.200610
270,16,2964.200610
270,16,2964.200610
270,16,2964.200610
270,16,2964.200610
270,16,2964.200610
270,16,2964.200610
270,16,2964.200610
270,16,2964.200610
270,16,2964.200610
270,16,2964.200610
270,16,2964.200610
270,16,2964.200610
270,17,2863.400214
270,18,2791.257515
270,18,2791.257515
270,18,2791.257515
270,18,2791.257515
270,18,2791.257515
270,18,2791.257515
270,18,2791.257515
270,18,2791.257515
270,18,2791.257515
270,18,2791.257515
270,18,2791.257515
270,18,2791.257515
270,18,2791.257515
270,18,2791.257515
270,18,2791.257515
270,18,2791.257515
270,18,2791.257515
270,18,2791.257515
270,19,2758.220325
270,19,2758.220325
270,19,2758.220325
270,19,2758.220325
270,20,2715.626568
270,20,2715.626568
270,20,2715.626568
270,21,2699.363646
270,21,2699.363646
270,21,2699.363646
270,21,2699.363646
270,23,2698.674533
270,23,2698.674533
270,23,2698.674533
270,23,2698.674533
270,23,2698.674533
270,23,2698.674533
270,23,2698.674533
270,23,2698.674533
270,23,2698.674533
270,23,2698.674533
270,23,2698.674533
270,23,2698.674533
270,23,2698.674533
270,23,2698.674533
270,23,2698.674533
270,23,2698.674533
270,23,2698.674533
270,23,2698.674533
270,23,2698.674533
270,23,2698.674533
270,23,2698.674533
271,16,2964.200610
271,16,2964.200610
271,16,2964.200610
271,16,2964.200610
271,16,2964.200610
271,16,2964.200610
271,16,2964.200610
271,16,2964.200610
271,16,2964.200610
271,16,2964.200610
271,16,2964.200610
271,16,2964.200610
271,16,2964.200610
271,16,2964.200610
271,16,2964.200610
271,16,2964.200610
271,16,2964.200610
271,16,2964.200610
271,16,2964.200610
271,16,2964.200610
271,16,2964.200610
271,16,2964.200610
271,16,2964.200610
271,16,2964.200610
271,16,2964.200610
271,16,2964.200610
271,16,2964.200610
271,16,2964.200610
271,17,2863.400214
271,17,2863.400214
271,18,2791.257515
271,18,2791.257515
271,18,2791.257515
271,18,2791.257515
271,18,2791.257515
271,18,2791.257515
271,18,2791.257515
271,18,2791.257515
271,18,2791.257515
271,18,2791.257515
271,18,2791.257515
271,18,2791.257515
271,18,2791.257515
271,18,2791.257515
271,18,2791.257515
271,18,2791.257515
271,18,2791.257515
271,18,2791.257515
271,18,2791.257515
271,18,2791.257515
271,19,2758.220325
271,19,2758.220325
271,19,2758.220325
271,19,2758.220325
271,19,2758.220325
271,20,2715.626568
271,20,2715.626568
271,20,2715.626568
271,20,2715.626568
271,21,2693.266327
272,16,2964.200610
272,16,2964.200610
272,16,2964.200610
272,16,2964.200610
272,16,2964.200610
272,16,2964.200610
272,16,2964.200610
272,16,2964.200610
272,16,2964.200610
272,16,2964.200610
272,16,2964.200610
272,16,2964.200610
272,16,2964.200610
272,16,2964.200610
272,16,2964.200610
272,16,2964.200610
272,16,2964.200610
272,16,2964.200610
272,16,2964.200610
272,16,2964.200610
272,16,2964.200610
272,16,2964.200610
272,16,2964.200610
272,16,2964.200610
272,16,2964.200610
272,16,2964.200610
272,16,2964.200610
272,16,2964.200610
272,16,2964.200610
272,16,2964.200610
272,16,2964.200610
272,16,2964.200610
272,16,2964.200610
272,17,2863.400214
272,17,2863.400214
272,17,2863.400214
272,18,2791.257515
272,18,2791.257515
272,18,2791.257515
272,18,2791.257515
272,18,2791.257515
272,18,2791.257515
272,18,2791.257515
272,18,2791.257515
272,18,2791.257515
272,18,2791.257515
272,18,2791.257515
272,18,2791.257515
272,18,2791.257515
272,18,2791.257515
272,18,2791.257515
272,18,2791.257515
272,18,2791.257515
272,18,2791.257515
272,18,2791.257515
272,18,2791.257515
272,18,2791.257515
272,18,2791.257515
272,19,2758.220325
272,19,2758.220325
272,19,2758.220325
272,19,2758.220325
272,19,2758.220325
272,19,2758.220325
272,20,2715.626568
272,20,2715.626568
272,20,2715.626568
272,20,2715.626568
272,20,2715.626568
272,21,2693.266327
272,21,2693.266327
273,16,2964.200610
273,16,2964.200610
273,16,2964.200610
273,16,2964.200610
273,16,2964.200610
273,16,2964.200610
273,16,2964.200610
273,16,2964.200610
273,16,2964.200610
273,16,2964.200610
273,16,2964.200610
273,16,2964.200610
273,16,2964.200610
273,16,2964.200610
273,16,2964.200610
273,16,2964.200610
273,16,2964.200610
273,16,2964.200610
273,16,2964.200610
273,16,2964.200610
273,16,2964.200610
273,16,2964.200610
273,16,2964.200610
273,16,2964.200610
273,16,2964.200610
273,16,2964.200610
273,16,2964.200610
273,16,2964.200610
273,16,2964.200610
273,16,2964.200610
273,16,2964.200610
273,16,2964.200610
273,16,2964.200610
273,16,2964.200610
273,16,2964.200610
273,16,2964.200610
273,16,2964.200610
273,16,2964.200610
273,17,2858.663196
273,18,2791.257515
273,18,2791.257515
273,18,2791.257515
273,18,2791.257515
273,18,2791.257515
273,18,2791.257515
273,18,2791.257515
273,18,2791.257515
273,18,2791.257515
273,18,2791.257515
273,18,2791.257515
273,18,2791.257515
273,18,2791.257515
273,18,2791.257515
273,18,2791.257515
273,18,2791.257515
273,18,2791.257515
273,18,2791.257515
273,18,2791.257515
273,18,2791.257515
273,18,2791.257515
273,18,2791.257515
273,18,2791.257515
273,18,2791.257515
273,19,2758.220325
273,19,2758.220325
273,19,2758.220325
273,19,2758.220325
273,19,2758.220325
273,19,2758.220325
273,19,2758.220325
273,20,2715.626568
273,20,2715.626568
273,20,2715.626568
273,20,2715.626568
273,20,2715.626568
273,20,2715.626568
273,21,2693.266327
273,21,2693.266327
273,21,2693.266327
274,16,2963.000926
274,17,2858.663196
274,17,2858.663196
274,18,2791.257515
274,18,2791.257515
274,18,2791.257515
274,18,2791.257515
274,18,2791.257515
274,18,2791.257515
274,18,2791.257515
274,18,2791.257515
274,18,2791.257515
274,18,2791.257515
274,18,2791.257515
274,18,2791.257515
274,18,2791.257515
274,18,2791.257515
274,18,2791.257515
274,18,2791.257515
274,18,2791.257515
274,18,2791.257515
274,18,2791.257515
274,18,2791.257515
274,18,2791.257515
274,18,2791.257515
274,18,2791.257515
274,18,2791.257515
274,18,2791.257515
274,18,2791.257515
274,19,2758.220325
274,19,2758.220325
274,19,2758.220325
274,19,2758.220325
274,19,2758.220325
274,19,2758.220325
274,19,2758.220325
274,19,2758.220325
274,20,2715.626568
274,20,2715.626568
274,20,2715.626568
274,20,2715.626568
274,20,2715.626568
274,20,2715.626568
274,20,2715.626568
274,21,2693.266327
274,21,2693.266327
274,21,2693.266327
274,21,2693.266327
275,16,2963.000926
275,16,2963.000926
275,17,2858.663196
275,17,2858.663196
275,17,2858.663196
275,18,2778.508154
275,19,2758.220325
275,19,2758.220325
275,19,2758.220325
275,19,2758.220325
275,19,2758.220325
275,19,2758.220325
275,19,2758.220325
275,19,2758.220325
275,19,2758.220325
275,19,2758.220325
275,20,2715.626568
275,20,2715.626568
275,20,2715.626568
275,20,2715.626568
275,20,2715.626568
275,20,2715.626568
275,20,2715.626568
275,20,2715.626568
275,21,2693.266327
275,21,2693.266327
275,21,2693.266327
275,21,2693.266327
275,21,2693.266327
276,16,2963.000926
276,16,2963.000926
276,16,2963.000926
276,17,2858.663196
276,17,2858.663196
276,17,2858.663196
276,17,2858.663196
276,18,2778.508154
276,18,2778.508154
276,18,2778.508154
276,19,2758.220325
276,19,2758.220325
276,19,2758.220325
276,19,2758.220325
276,19,2758.220325
276,19,2758.220325
276,19,2758.220325
276,19,2758.220325
276,19,2758.220325
276,19,2758.220325
276,19,2758.220325
276,19,2758.220325
276,20,2715.626568
276,20,2715.626568
276,20,2715.626568
276,20,2715.626568
276,20,2715.626568
276,20,2715.626568
276,20,2715.626568
276,20,2715.626568
276,20,2715.626568
276,21,2693.266327
276,21,2693.266327
276,21,2693.266327
276,21,2693.266327
276,21,2693.266327
276,21,2693.266327
277,16,2963.000926
277,16,2963.000926
277,16,2963.000926
277,16,2963.000926
277,17,2858.663196
277,17,2858.663196
277,17,2858.663196
277,17,2858.663196
277,17,2858.663196
277,18,2778.508154
277,18,2778.508154
277,18,2778.508154
277,18,2778.508154
277,18,2778.508154
277,19,2758.220325
277,19,2758.220325
277,19,2758.220325
277,19,2758.220325
277,19,2758.220325
277,19,2758.220325
277,19,2758.220325
277,19,2758.220325
277,19,2758.220325
277,19,2758.220325
277,19,2758.220325
277,19,2758.220325
277,19,2758.220325
277,19,2758.220325
277,20,2715.626568
277,20,2715.626568
277,20,2715.626568
277,20,2715.626568
277,20,2715.626568
277,20,2715.626568
277,20,2715.626568
277,20,2715.626568
277,20,2715.626568
277,20,2715.626568
277,20,2715.626568
277,21,2693.266327
277,21,2693.266327
277,21,2693.266327
277,21,2693.266327
277,21,2693.266327
277,21,2693.266327
277,21,2693.266327
278,16,2963.000926
278,16,2963.000926
278,16,2963.000926
278,16,2963.000926
278,16,2963.000926
278,17,2858.663196
278,17,2858.663196
278,17,2858.663196
278,17,2858.663196
278,17,2858.663196
278,17,2858.663196
278,18,2778.508154
278,18,2778.508154
278,18,2778.508154
278,18,2778.508154
278,18,2778.508154
278,18,2778.508154
278,18,2778.508154
278,18,2778.508154
278,19,2758.220325
278,19,2758.220325
278,19,2758.220325
278,19,2758.220325
278,19,2758.220325
278,19,2758.220325
278,19,2758.220325
278,19,2758.220325
278,19,2758.220325
278,19,2758.220325
278,19,2758.220325
278,19,2758.220325
278,19,2758.220325
278,19,2758.220325
278,19,2758.220325
278,19,2758.220325
278,20,2715.626568
278,20,2715.626568
278,20,2715.626568
278,20,2715.626568
278,20,2715.626568
278,20,2715.626568
278,20,2715.626568
278,20,2715.626568
278,20,2715.626568
278,20,2715.626568
278,20,2715.626568
278,20,2715.626568
278,20,2715.626568
278,21,2693.266327
278,21,2693.266327
278,21,2693.266327
278,21,2693.266327
278,21,2693.266327
278,21,2693.266327
278,21,2693.266327
278,21,2693.266327
278,23,2691.418470
279,16,2963.000926
279,16,2963.000926
279,16,2963.000926
279,16,2963.000926
279,16,2963.000926
279,16,2963.000926
279,17,2858.663196
279,17,2858.663196
279,17,2858.663196
279,17,2858.663196
279,17,2858.663196
279,17,2858.663196
279,17,2858.663196
279,18,2778.508154
279,18,2778.508154
279,18,2778.508154
279,18,2778.508154
279,18,2778.508154
279,18,2778.508154
279,18,2778.508154
279,18,2778.508154
279,18,2778.508154
279,18,2778.508154
279,18,2778.508154
279,19,2758.220325
279,19,2758.220325
279,19,2758.220325
279,19,2758.220325
279,19,2758.220325
279,19,2758.220325
279,19,2758.220325
279,19,2758.220325
279,19,2758.220325
279,19,2758.220325
279,19,2758.220325
279,19,2758.220325
279,19,2758.220325
279,19,2758.220325
279,19,2758.220325
279,19,2758.220325
279,19,2758.220325
279,19,2758.220325
279,20,2715.626568
279,20,2715.626568
279,20,2715.626568
279,20,2715.626568
279,20,2715.626568
279,20,2715.626568
279,20,2715.626568
279,20,2715.626568
279,20,2715.626568
279,20,2715.626568
279,20,2715.626568
279,20,2715.626568
279,20,2715.626568
279,20,2715.626568
279,20,2715.626568
279,21,2693.266327
279,21,2693.266327
279,21,2693.266327
279,21,2693.266327
279,21,2693.266327
279,21,2693.266327
279,21,2693.266327
279,21,2693.266327
279,21,2693.266327
279,23,2691.418470
279,23,2691.418470
280,16,2963.000926
280,16,2963.000926
280,16,2963.000926
280,16,2963.000926
280,16,2963.000926
280,16,2963.000926
280,16,2963.000926
280,17,2858.663196
280,17,2858.663196
280,17,2858.663196
280,17,2858.663196
280,17,2858.663196
280,17,2858.663196
280,17,2858.663196
280,17,2858.663196
280,18,2778.508154
280,18,2778.508154
280,18,2778.508154
280,18,2778.508154
280,18,2778.508154
280,18,2778.508154
280,18,2778.508154
280,18,2778.508154
280,18,2778.508154
280,18,2778.508154
280,18,2778.508154
280,18,2778.508154
280,18,2778.508154
280,18,2778.508154
280,19,2758.220325
280,19,2758.220325
280,19,2758.220325
280,19,2758.220325
280,19,2758.220325
280,19,2758.220325
280,19,2758.220325
280,19,2758.220325
280,19,2758.220325
280,19,2758.220325
280,19,2758.220325
280,19,2758.220325
280,19,2758.220325
280,19,2758.220325
280,19,2758.220325
280,19,2758.220325
280,19,2758.220325
280,19,2758.220325
280,19,2758.220325
280,19,2758.220325
280,20,2715.626568
280,20,2715.626568
280,20,2715.626568
280,20,2715.626568
280,20,2715.626568
280,20,2715.626568
280,20,2715.626568
280,20,2715.626568
280,20,2715.626568
280,20,2715.626568
280,20,2715.626568
280,20,2715.626568
280,20,2715.626568
280,20,2715.626568
280,20,2715.626568
280,20,2715.626568
280,20,2715.626568
280,21,2693.266327
280,21,2693.266327
280,21,2693.266327
280,21,2693.266327
280,21,2693.266327
280,21,2693.266327
280,21,2693.266327
280,21,2693.266327
280,21,2693.266327
280,21,2693.266327
280,23,2691.418470
280,23,2691.418470
280,23,2691.418470
281,16,2963.000926
281,16,2963.000926
281,16,2963.000926
281,16,2963.000926
281,16,2963.000926
281,16,2963.000926
281,16,2963.000926
281,16,2963.000926
281,17,2858.663196
281,17,2858.663196
281,17,2858.663196
281,17,2858.663196
281,17,2858.663196
281,17,2858.663196
281,17,2858.663196
281,17,2858.663196
281,17,2858.663196
281,18,2778.508154
281,18,2778.508154
281,18,2778.508154
281,18,2778.508154
281,18,2778.508154
281,18,2778.508154
281,18,2778.508154
281,18,2778.508154
281,18,2778.508154
281,18,2778.508154
281,18,2778.508154
281,18,2778.508154
281,18,2778.508154
281,18,2778.508154
281,18,2778.508154
281,18,2778.508154
281,18,2778.508154
281,18,2778.508154
281,19,2758.220325
281,19,2758.220325
281,19,2758.220325
281,19,2758.220325
281,19,2758.220325
281,19,2758.220325
281,19,2758.220325
281,19,2758.220325
281,19,2758.220325
281,19,2758.220325
281,19,2758.220325
281,19,2758.220325
281,19,2758.220325
281,19,2758.220325
281,19,2758.220325
281,19,2758.220325
281,19,2758.220325
281,19,2758.220325
281,19,2758.220325
281,19,2758.220325
281,19,2758.220325
281,19,2758.220325
281,20,2715.626568
281,20,2715.626568
281,20,2715.626568
281,20,2715.626568
281,20,2715.626568
281,20,2715.626568
281,20,2715.626568
281,20,2715.626568
281,20,2715.626568
281,20,2715.626568
281,20,2715.626568
281,20,2715.626568
281,20,2715.626568
281,20,2715.626568
281,20,2715.626568
281,20,2715.626568
281,20,2715.626568
281,20,2715.626568
281,20,2715.626568
281,21,2693.266327
281,21,2693.266327
281,21,2693.266327
281,21,2693.266327
281,21,2693.266327
281,21,2693.266327
281,21,2693.266327
281,21,2693.266327
281,21,2693.266327
281,21,2693.266327
281,21,2693.266327
281,23,2691.418470
281,23,2691.418470
281,23,2691.418470
281,23,2691.418470
281,23,2691.418470
282,16,2963.000926
282,16,2963.000926
282,16,2963.000926
282,16,2963.000926
282,16,2963.000926
282,16,2963.000926
282,16,2963.000926
282,16,2963.000926
282,16,2963.000926
282,17,2858.663196
282,17,2858.663196
282,17,2858.663196
282,17,2858.663196
282,17,2858.663196
282,17,2858.663196
282,17,2858.663196
282,17,2858.663196
282,17,2858.663196
282,17,2858.663196
282,18,2778.508154
282,18,2778.508154
282,18,2778.508154
282,18,2778.508154
282,18,2778.508154
282,18,2778.508154
282,18,2778.508154
282,18,2778.508154
282,18,2778.508154
282,18,2778.508154
282,18,2778.508154
282,18,2778.508154
282,18,2778.508154
282,18,2778.508154
282,18,2778.508154
282,18,2778.508154
282,18,2778.508154
282,18,2778.508154
282,18,2778.508154
282,18,2778.508154
282,18,2778.508154
282,18,2778.508154
282,18,2778.508154
282,19,2758.220325
282,19,2758.220325
282,19,2758.220325
282,19,2758.220325
282,19,2758.220325
282,19,2758.220325
282,19,2758.220325
282,19,2758.220325
282,19,2758.220325
282,19,2758.220325
282,19,2758.220325
282,19,2758.220325
282,19,2758.220325
282,19,2758.220325
282,19,2758.220325
282,19,2758.220325
282,19,2758.220325
282,19,2758.220325
282,19,2758.220325
282,19,2758.220325
282,19,2758.220325
282,19,2758.220325
282,19,2758.220325
282,19,2758.220325
282,20,2715.626568
282,20,2715.626568
282,20,2715.626568
282,20,2715.626568
282,20,2715.626568
282,20,2715.626568
282,20,2715.626568
282,20,2715.626568
282,20,2715.626568
282,20,2715.626568
282,20,2715.626568
282,20,2715.626568
282,20,2715.626568
282,20,2715.626568
282,20,2715.626568
282,20,2715.626568
282,20,2715.626568
282,20,2715.626568
282,20,2715.626568
282,20,2715.626568
282,20,2715.626568
282,20,2715.626568
282,21,2693.266327
282,21,2693.266327
282,21,2693.266327
282,21,2693.266327
282,21,2693.266327
282,21,2693.266327
282,21,2693.266327
282,21,2693.266327
282,21,2693.266327
282,21,2693.266327
282,21,2693.266327
282,21,2693.266327
282,23,2691.418470
282,23,2691.418470
282,23,2691.418470
282,23,2691.418470
282,23,2691.418470
282,23,2691.418470
282,23,2691.418470
283,16,2963.000926
283,16,2963.000926
283,16,2963.000926
283,16,2963.000926
283,16,2963.000926
283,16,2963.000926
283,16,2963.000926
283,16,2963.000926
283,16,2963.000926
283,16,2963.000926
283,17,2858.663196
283,17,2858.663196
283,17,2858.663196
283,17,2858.663196
283,17,2858.663196
283,17,2858.663196
283,17,2858.663196
283,17,2858.663196
283,17,2858.663196
283,17,2858.663196
283,17,2858.663196
283,18,2778.508154
283,18,2778.508154
283,18,2778.508154
283,18,2778.508154
283,18,2778.508154
283,18,2778.508154
283,18,2778.508154
283,18,2778.508154
283,18,2778.508154
283,18,2778.508154
283,18,2778.508154
283,18,2778.508154
283,18,2778.508154
283,18,2778.508154
283,18,2778.508154
283,18,2778.508154
283,18,2778.508154
283,18,2778.508154
283,18,2778.508154
283,18,2778.508154
283,18,2778.508154
283,18,2778.508154
283,18,2778.508154
283,18,2778.508154
283,18,2778.508154
283,18,2778.508154
283,18,2778.508154
283,18,2778.508154
283,18,2778.508154
283,19,2758.220325
283,19,2758.220325
283,19,2758.220325
283,19,2758.220325
283,19,2758.220325
283,19,2758.220325
283,19,2758.220325
283,19,2758.220325
283,19,2758.220325
283,19,2758.220325
283,19,2758.220325
283,19,2758.220325
283,19,2758.220325
283,19,2758.220325
283,19,2758.220325
283,19,2758.220325
283,19,2758.220325
283,19,2758.220325
283,19,2758.220325
283,19,2758.220325
283,19,2758.220325
283,19,2758.220325
283,19,2758.220325
283,19,2758.220325
283,19,2758.220325
283,19,2758.220325
283,20,2715.626568
283,20,2715.626568
283,20,2715.626568
283,20,2715.626568
283,20,2715.626568
283,20,2715.626568
283,20,2715.626568
283,20,2715.626568
283,20,2715.626568
283,20,2715.626568
283,20,2715.626568
283,20,2715.626568
283,20,2715.626568
283,20,2715.626568
283,20,2715.626568
283,20,2715.626568
283,20,2715.626568
283,20,2715.626568
283,20,2715.626568
283,20,2715.626568
283,20,2715.626568
283,20,2715.626568
283,20,2715.626568
283,20,2715.626568
283,20,2715.626568
283,21,2693.266327
283,21,2693.266327
283,21,2693.266327
283,21,2693.266327
283,21,2693.266327
283,21,2693.266327
283,21,2693.266327
283,21,2693.266327
283,21,2693.266327
283,21,2693.266327
283,21,2693.266327
283,21,2693.266327
283,21,2693.266327
283,23,2691.418470
283,23,2691.418470
283,23,2691.418470
283,23,2691.418470
283,23,2691.418470
283,23,2691.418470
283,23,2691.418470
283,23,2691.418470
283,23,2691.418470
284,16,2963.000926
284,16,2963.000926
284,16,2963.000926
284,16,2963.000926
284,16,2963.000926
284,16,2963.000926
284,16,2963.000926
284,16,2963.000926
284,16,2963.000926
284,16,2963.000926
284,16,2963.000926
284,17,2858.663196
284,17,2858.663196
284,17,2858.663196
284,17,2858.663196
284,17,2858.663196
284,17,2858.663196
284,17,2858.663196
284,17,2858.663196
284,17,2858.663196
284,17,2858.663196
284,17,2858.663196
284,17,2858.663196
284,18,2778.508154
284,18,2778.508154
284,18,2778.508154
284,18,2778.508154
284,18,2778.508154
284,18,2778.508154
284,18,2778.508154
284,18,2778.508154
284,18,2778.508154
284,18,2778.508154
284,18,2778.508154
284,18,2778.508154
284,18,2778.508154
284,18,2778.508154
284,18,2778.508154
284,18,2778.508154
284,18,2778.508154
284,18,2778.508154
284,18,2778.508154
284,18,2778.508154
284,18,2778.508154
284,18,2778.508154
284,18,2778.508154
284,18,2778.508154
284,18,2778.508154
284,18,2778.508154
284,18,2778.508154
284,18,2778.508154
284,18,2778.508154
284,18,2778.508154
284,18,2778.508154
284,18,2778.508154
284,18,2778.508154
284,18,2778.508154
284,18,2778.508154
284,19,2748.501265
284,20,2710.660388
284,21,2693.266327
284,21,2693.266327
284,21,2693.266327
284,21,2693.266327
284,21,2693.266327
284,21,2693.266327
284,21,2693.266327
284,21,2693.266327
284,21,2693.266327
284,21,2693.266327
284,21,2693.266327
284,21,2693.266327
284,21,2693.266327
284,21,2693.266327
284,23,2691.418470
284,23,2691.418470
284,23,2691.418470
284,23,2691.418470
284,23,2691.418470
284,23,2691.418470
284,23,2691.418470
284,23,2691.418470
284,23,2691.418470
284,23,2691.418470
284,23,2691.418470
285,16,2963.000926
285,16,2963.000926
285,16,2963.000926
285,16,2963.000926
285,16,2963.000926
285,16,2963.000926
285,16,2963.000926
285,16,2963.000926
285,16,2963.000926
285,16,2963.000926
285,16,2963.000926
285,16,2963.000926
285,17,2858.663196
285,17,2858.663196
285,17,2858.663196
285,17,2858.663196
285,17,2858.663196
285,17,2858.663196
285,17,2858.663196
285,17,2858.663196
285,17,2858.663196
285,17,2858.663196
285,17,2858.663196
285,17,2858.663196
285,17,2858.663196
285,18,2778.508154
285,18,2778.508154
285,18,2778.508154
285,18,2778.508154
285,18,2778.508154
285,18,2778.508154
285,18,2778.508154
285,18,2778.508154
285,18,2778.508154
285,18,2778.508154
285,18,2778.508154
285,18,2778.508154
285,18,2778.508154
285,18,2778.508154
285,18,2778.508154
285,18,2778.508154
285,18,2778.508154
285,18,2778.508154
285,18,2778.508154
285,18,2778.508154
285,18,2778.508154
285,18,2778.508154
285,18,2778.508154
285,18,2778.508154
285,18,2778.508154
285,18,2778.508154
285,18,2778.508154
285,18,2778.508154
285,18,2778.508154
285,18,2778.508154
285,18,2778.508154
285,18,2778.508154
285,18,2778.508154
285,18,2778.508154
285,18,2778.508154
285,18,2778.508154
285,18,2778.508154
285,18,2778.508154
285,18,2778.508154
285,18,2778.508154
285,18,2778.508154
285,18,2778.508154
285,18,2778.508154
285,18,2778.508154
285,19,2748.501265
285,19,2748.501265
285,20,2710.660388
285,20,2710.660388
285,21,2693.266327
285,21,2693.266327
285,21,2693.266327
285,21,2693.266327
285,21,2693.266327
285,21,2693.266327
285,21,2693.266327
285,21,2693.266327
285,21,2693.266327
285,21,2693.266327
285,21,2693.266327
285,21,2693.266327
285,21,2693.266327
285,21,2693.266327
285,21,2693.266327
285,23,2691.418470
285,23,2691.418470
285,23,2691.418470
285,23,2691.418470
285,23,2691.418470
285,23,2691.418470
285,23,2691.418470
285,23,2691.418470
285,23,2691.418470
285,23,2691.418470
285,23,2691.418470
285,23,2691.418470
285,23,2691.418470
285,23,2691.418470
286,16,2963.000926
286,16,2963.000926
286,16,2963.000926
286,16,2963.000926
286,16,2963.000926
286,16,2963.000926
286,16,2963.000926
286,16,2963.000926
286,16,2963.000926
286,16,2963.000926
286,16,2963.000926
286,16,2963.000926
286,16,2963.000926
286,17,2858.663196
286,17,2858.663196
286,17,2858.663196
286,17,2858.663196
286,17,2858.663196
286,17,2858.663196
286,17,2858.663196
286,17,2858.663196
286,17,2858.663196
286,17,2858.663196
286,17,2858.663196
286,17,2858.663196
286,17,2858.663196
286,17,2858.663196
286,18,2778.508154
286,18,2778.508154
286,18,2778.508154
286,18,2778.508154
286,18,2778.508154
286,18,2778.508154
286,18,2778.508154
286,18,2778.508154
286,18,2778.508154
286,18,2778.508154
286,18,2778.508154
286,18,2778.508154
286,18,2778.508154
286,18,2778.508154
286,18,2778.508154
286,18,2778.508154
286,18,2778.508154
286,18,2778.508154
286,18,2778.508154
286,18,2778.508154
286,18,2778.508154
286,18,2778.508154
286,18,2778.508154
286,18,2778.508154
286,18,2778.508154
286,18,2778.508154
286,18,2778.508154
286,18,2778.508154
286,18,2778.508154
286,18,2778.508154
286,18,2778.508154
286,18,2778.508154
286,18,2778.508154
286,18,2778.508154
286,18,2778.508154
286,18,2778.508154
286,18,2778.508154
286,18,2778.508154
286,18,2778.508154
286,18,2778.508154
286,18,2778.508154
286,18,2778.508154
286,18,2778.508154
286,18,2778.508154
286,18,2778.508154
286,18,2778.508154
286,18,2778.508154
286,18,2778.508154
286,18,2778.508154
286,18,2778.508154
286,18,2778.508154
286,18,2778.508154
286,18,2778.508154
286,18,2778.508154
286,19,2748.501265
286,19,2748.501265
286,19,2748.501265
286,20,2710.660388
286,20,2710.660388
286,20,2710.660388
286,21,2693.266327
286,21,2693.266327
286,21,2693.266327
286,21,2693.266327
286,21,2693.266327
286,21,2693.266327
286,21,2693.266327
286,21,2693.266327
286,21,2693.266327
286,21,2693.266327
286,21,2693.266327
286,21,2693.266327
286,21,2693.266327
286,21,2693.266327
286,21,2693.266327
286,21,2693.266327
286,23,2691.418470
286,23,2691.418470
286,23,2691.418470
286,23,2691.418470
286,23,2691.418470
286,23,2691.418470
286,23,2691.418470
286,23,2691.418470
286,23,2691.418470
286,23,2691.418470
286,23,2691.418470
286,23,2691.418470
286,23,2691.418470
286,23,2691.418470
286,23,2691.418470
286,23,2691.418470
286,23,2691.418470
287,16,2963.000926
287,16,2963.000926
287,16,2963.000926
287,16,2963.000926
287,16,2963.000926
287,16,2963.000926
287,16,2963.000926
287,16,2963.000926
287,16,2963.000926
287,16,2963.000926
287,16,2963.000926
287,16,2963.000926
287,16,2963.000926
287,16,2963.000926
287,17,2858.663196
287,17,2858.663196
287,17,2858.663196
287,17,2858.663196
287,17,2858.663196
287,17,2858.663196
287,17,2858.663196
287,17,2858.663196
287,17,2858.663196
287,17,2858.663196
287,17,2858.663196
287,17,2858.663196
287,17,2858.663196
287,17,2858.663196
287,17,2858.663196
287,18,2774.540631
287,19,2748.501265
287,19,2748.501265
287,19,2748.501265
287,19,2748.501265
287,20,2710.660388
287,20,2710.660388
287,20,2710.660388
287,20,2710.660388
287,21,2693.266327
287,21,2693.266327
287,21,2693.266327
287,21,2693.266327
287,21,2693.266327
287,21,2693.266327
287,21,2693.266327
287,21,2693.266327
287,21,2693.266327
287,21,2693.266327
287,21,2693.266327
287,21,2693.266327
287,21,2693.266327
287,21,2693.266327
287,21,2693.266327
287,21,2693.266327
287,21,2693.266327
287,23,2691.418470
287,23,2691.418470
287,23,2691.418470
287,23,2691.418470
287,23,2691.418470
287,23,2691.418470
287,23,2691.418470
287,23,2691.418470
287,23,2691.418470
287,23,2691.418470
287,23,2691.418470
287,23,2691.418470
287,23,2691.418470
287,23,2691.418470
287,23,2691.418470
287,23,2691.418470
287,23,2691.418470
287,23,2691.418470
287,23,2691.418470
287,23,2691.418470
287,23,2691.418470
288,16,2958.847696
288,17,2858.663196
288,17,2858.663196
288,17,2858.663196
288,17,2858.663196
288,17,2858.663196
288,17,2858.663196
288,17,2858.663196
288,17,2858.663196
288,17,2858.663196
288,17,2858.663196
288,17,2858.663196
288,17,2858.663196
288,17,2858.663196
288,17,2858.663196
288,17,2858.663196
288,17,2858.663196
288,18,2774.540631
288,18,2774.540631
288,19,2748.501265
288,19,2748.501265
288,19,2748.501265
288,19,2748.501265
288,19,2748.501265
288,20,2710.660388
288,20,2710.660388
288,20,2710.660388
288,20,2710.660388
288,20,2710.660388
288,21,2693.266327
288,21,2693.266327
288,21,2693.266327
288,21,2693.266327
288,21,2693.266327
288,21,2693.266327
288,21,2693.266327
288,21,2693.266327
288,21,2693.266327
288,21,2693.266327
288,21,2693.266327
288,21,2693.266327
288,21,2693.266327
288,21,2693.266327
288,21,2693.266327
288,21,2693.266327
288,21,2693.266327
288,21,2693.266327
288,23,2677.963737
289,16,2958.314535
289,17,2858.663196
289,17,2858.663196
289,17,2858.663196
289,17,2858.663196
289,17,2858.663196
289,17,2858.663196
289,17,2858.663196
289,17,2858.663196
289,17,2858.663196
289,17,2858.663196
289,17,2858.663196
289,17,2858.663196
289,17,2858.663196
289,17,2858.663196
289,17,2858.663196
289,17,2858.663196
289,17,2858.663196
289,18,2774.540631
289,18,2774.540631
289,18,2774.540631
289,19,2748.501265
289,19,2748.501265
289,19,2748.501265
289,19,2748.501265
289,19,2748.501265
289,19,2748.501265
289,20,2710.660388
289,20,2710.660388
289,20,2710.660388
289,20,2710.660388
289,20,2710.660388
289,20,2710.660388
289,21,2693.266327
289,21,2693.266327
289,21,2693.266327
289,21,2693.266327
289,21,2693.266327
289,21,2693.266327
289,21,2693.266327
289,21,2693.266327
289,21,2693.266327
289,21,2693.266327
289,21,2693.266327
289,21,2693.266327
289,21,2693.266327
289,21,2693.266327
289,21,2693.266327
289,21,2693.266327
289,21,2693.266327
289,21,2693.266327
289,21,2693.266327
289,23,2677.963737
289,23,2677.963737
290,16,2945.898842
290,17,2858.663196
290,17,2858.663196
290,17,2858.663196
290,17,2858.663196
290,17,2858.663196
290,17,2858.663196
290,17,2858.663196
290,17,2858.663196
290,17,2858.663196
290,17,2858.663196
290,17,2858.663196
290,17,2858.663196
290,17,2858.663196
290,17,2858.663196
290,17,2858.663196
290,17,2858.663196
290,17,2858.663196
290,17,2858.663196
290,18,2774.540631
290,18,2774.540631
290,18,2774.540631
290,18,2774.540631
290,19,2748.501265
290,19,2748.501265
290,19,2748.501265
290,19,2748.501265
290,19,2748.501265
290,19,2748.501265
290,19,2748.501265
290,20,2710.660388
290,20,2710.660388
290,20,2710.660388
290,20,2710.660388
290,20,2710.660388
290,20,2710.660388
290,20,2710.660388
290,21,2693.266327
290,21,2693.266327
290,21,2693.266327
290,21,2693.266327
290,21,2693.266327
290,21,2693.266327
290,21,2693.266327
290,21,2693.266327
290,21,2693.266327
290,21,2693.266327
290,21,2693.266327
290,21,2693.266327
290,21,2693.266327
290,21,2693.266327
290,21,2693.266327
290,21,2693.266327
290,21,2693.266327
290,21,2693.266327
290,21,2693.266327
290,21,2693.266327
290,23,2677.963737
290,23,2677.963737
290,23,2677.963737
291,16,2945.898842
291,16,2945.898842
291,17,2858.663196
291,17,2858.663196
291,17,2858.663196
291,17,2858.663196
291,17,2858.663196
291,17,2858.663196
291,17,2858.663196
291,17,2858.663196
291,17,2858.663196
291,17,2858.663196
291,17,2858.663196
291,17,2858.663196
291,17,2858.663196
291,17,2858.663196
291,17,2858.663196
291,17,2858.663196
291,17,2858.663196
291,17,2858.663196
291,17,2858.663196
291,18,2766.694735
291,19,2740.655369
291,20,2710.660388
291,20,2710.660388
291,20,2710.660388
291,20,2710.660388
291,20,2710.660388
291,20,2710.660388
291,20,2710.660388
291,20,2710.660388
291,21,2693.266327
291,21,2693.266327
291,21,2693.266327
291,21,2693.266327
291,21,2693.266327
291,21,2693.266327
291,21,2693.266327
291,21,2693.266327
291,21,2693.266327
291,21,2693.266327
291,21,2693.266327
291,21,2693.266327
291,21,2693.266327
291,21,2693.266327
291,21,2693.266327
291,21,2693.266327
291,21,2693.266327
291,21,2693.266327
291,21,2693.266327
291,21,2693.266327
291,21,2693.266327
291,21,2693.266327
291,23,2677.963737
291,23,2677.963737
291,23,2677.963737
291,23,2677.963737
292,16,2945.898842
292,16,2945.898842
292,16,2945.898842
292,17,2858.663196
292,17,2858.663196
292,17,2858.663196
292,17,2858.663196
292,17,2858.663196
292,17,2858.663196
292,17,2858.663196
292,17,2858.663196
292,17,2858.663196
292,17,2858.663196
292,17,2858.663196
292,17,2858.663196
292,17,2858.663196
292,17,2858.663196
292,17,2858.663196
292,17,2858.663196
292,17,2858.663196
292,17,2858.663196
292,17,2858.663196
292,17,2858.663196
292,18,2766.694735
292,18,2766.694735
292,19,2740.655369
292,19,2740.655369
292,20,2710.660388
292,20,2710.660388
292,20,2710.660388
292,20,2710.660388
292,20,2710.660388
292,20,2710.660388
292,20,2710.660388
292,20,2710.660388
292,20,2710.660388
292,21,2688.672271
292,23,2677.963737
292,23,2677.963737
292,23,2677.963737
292,23,2677.963737
292,23,2677.963737
293,16,2945.898842
293,16,2945.898842
293,16,2945.898842
293,16,2945.898842
293,17,2858.663196
293,17,2858.663196
293,17,2858.663196
293,17,2858.663196
293,17,2858.663196
293,17,2858.663196
293,17,2858.663196
293,17,2858.663196
293,17,2858.663196
293,17,2858.663196
293,17,2858.663196
293,17,2858.663196
293,17,2858.663196
293,17,2858.663196
293,17,2858.663196
293,17,2858.663196
293,17,2858.663196
293,17,2858.663196
293,17,2858.663196
293,17,2858.663196
293,17,2858.663196
293,18,2766.694735
293,18,2766.694735
293,18,2766.694735
293,19,2740.655369
293,19,2740.655369
293,19,2740.655369
293,19,2740.655369
293,20,2710.660388
293,20,2710.660388
293,20,2710.660388
293,20,2710.660388
293,20,2710.660388
293,20,2710.660388
293,20,2710.660388
293,20,2710.660388
293,20,2710.660388
293,20,2710.660388
293,21,2688.672271
293,21,2688.672271
293,23,2677.963737
293,23,2677.963737
293,23,2677.963737
293,23,2677.963737
293,23,2677.963737
293,23,2677.963737
294,16,2945.898842
294,16,2945.898842
294,16,2945.898842
294,16,2945.898842
294,16,2945.898842
294,17,2858.663196
294,17,2858.663196
294,17,2858.663196
294,17,2858.663196
294,17,2858.663196
294,17,2858.663196
294,17,2858.663196
294,17,2858.663196
294,17,2858.663196
294,17,2858.663196
294,17,2858.663196
294,17,2858.663196
294,17,2858.663196
294,17,2858.663196
294,17,2858.663196
294,17,2858.663196
294,17,2858.663196
294,17,2858.663196
294,17,2858.663196
294,17,2858.663196
294,17,2858.663196
294,17,2858.663196
294,18,2766.694735
294,18,2766.694735
294,18,2766.694735
294,18,2766.694735
294,19,2740.655369
294,19,2740.655369
294,19,2740.655369
294,19,2740.655369
294,19,2740.655369
294,19,2740.655369
294,20,2710.660388
294,20,2710.660388
294,20,2710.660388
294,20,2710.660388
294,20,2710.660388
294,20,2710.660388
294,20,2710.660388
294,20,2710.660388
294,20,2710.660388
294,20,2710.660388
294,20,2710.660388
294,21,2688.672271
294,21,2688.672271
294,21,2688.672271
294,23,2677.963737
294,23,2677.963737
294,23,2677.963737
294,23,2677.963737
294,23,2677.963737
294,23,2677.963737
294,23,2677.963737
294,23,2677.963737
295,16,2940.038852
295,17,2858.663196
295,17,2858.663196
295,17,2858.663196
295,17,2858.663196
295,17,2858.663196
295,17,2858.663196
295,17,2858.663196
295,17,2858.663196
295,17,2858.663196
295,17,2858.663196
295,17,2858.663196
295,17,2858.663196
295,17,2858.663196
295,17,2858.663196
295,17,2858.663196
295,17,2858.663196
295,17,2858.663196
295,17,2858.663196
295,17,2858.663196
295,17,2858.663196
295,17,2858.663196
295,17,2858.663196
295,17,2858.663196
295,18,2766.694735
295,18,2766.694735
295,18,2766.694735
295,18,2766.694735
295,18,2766.694735
295,19,2740.655369
295,19,2740.655369
295,19,2740.655369
295,19,2740.655369
295,19,2740.655369
295,19,2740.655369
295,19,2740.655369
295,19,2740.655369
295,20,2710.660388
295,20,2710.660388
295,20,2710.660388
295,20,2710.660388
295,20,2710.660388
295,20,2710.660388
295,20,2710.660388
295,20,2710.660388
295,20,2710.660388
295,20,2710.660388
295,20,2710.660388
295,20,2710.660388
295,21,2688.672271
295,21,2688.672271
295,21,2688.672271
295,21,2688.672271
295,23,2677.963737
295,23,2677.963737
295,23,2677.963737
295,23,2677.963737
295,23,2677.963737
295,23,2677.963737
295,23,2677.963737
295,23,2677.963737
295,23,2677.963737
295,23,2677.963737
296,16,2940.038852
296,16,2940.038852
296,17,2858.663196
296,17,2858.663196
296,17,2858.663196
296,17,2858.663196
296,17,2858.663196
296,17,2858.663196
296,17,2858.663196
296,17,2858.663196
296,17,2858.663196
296,17,2858.663196
296,17,2858.663196
296,17,2858.663196
296,17,2858.663196
296,17,2858.663196
296,17,2858.663196
296,17,2858.663196
296,17,2858.663196
296,17,2858.663196
296,17,2858.663196
296,17,2858.663196
296,17,2858.663196
296,17,2858.663196
296,17,2858.663196
296,17,2858.663196
296,18,2766.694735
296,18,2766.694735
296,18,2766.694735
296,18,2766.694735
296,18,2766.694735
296,18,2766.694735
296,18,2766.694735
296,19,2740.655369
296,19,2740.655369
296,19,2740.655369
296,19,2740.655369
296,19,2740.655369
296,19,2740.655369
296,19,2740.655369
296,19,2740.655369
296,19,2740.655369
296,19,2740.655369
296,20,2710.660388
296,20,2710.660388
296,20,2710.660388
296,20,2710.660388
296,20,2710.660388
296,20,2710.660388
296,20,2710.660388
296,20,2710.660388
296,20,2710.660388
296,20,2710.660388
296,20,2710.660388
296,20,2710.660388
296,20,2710.660388
296,21,2688.672271
296,21,2688.672271
296,21,2688.672271
296,21,2688.672271
296,21,2688.672271
296,23,2677.963737
296,23,2677.963737
296,23,2677.963737
296,23,2677.963737
296,23,2677.963737
296,23,2677.963737
296,23,2677.963737
296,23,2677.963737
296,23,2677.963737
296,23,2677.963737
296,23,2677.963737
296,23,2677.963737
297,16,2918.191214
297,17,2858.663196
297,17,2858.663196
297,17,2858.663196
297,17,2858.663196
297,17,2858.663196
297,17,2858.663196
297,17,2858.663196
297,17,2858.663196
297,17,2858.663196
297,17,2858.663196
297,17,2858.663196
297,17,2858.663196
297,17,2858.663196
297,17,2858.663196
297,17,2858.663196
297,17,2858.663196
297,17,2858.663196
297,17,2858.663196
297,17,2858.663196
297,17,2858.663196
297,17,2858.663196
297,17,2858.663196
297,17,2858.663196
297,17,2858.663196
297,17,2858.663196
297,18,2766.694735
297,18,2766.694735
297,18,2766.694735
297,18,2766.694735
297,18,2766.694735
297,18,2766.694735
297,18,2766.694735
297,18,2766.694735
297,18,2766.694735
297,19,2740.655369
297,19,2740.655369
297,19,2740.655369
297,19,2740.655369
297,19,2740.655369
297,19,2740.655369
297,19,2740.655369
297,19,2740.655369
297,19,2740.655369
297,19,2740.655369
297,19,2740.655369
297,19,2740.655369
297,20,2710.660388
297,20,2710.660388
297,20,2710.660388
297,20,2710.660388
297,20,2710.660388
297,20,2710.660388
297,20,2710.660388
297,20,2710.660388
297,20,2710.660388
297,20,2710.660388
297,20,2710.660388
297,20,2710.660388
297,20,2710.660388
297,20,2710.660388
297,21,2688.672271
297,21,2688.672271
297,21,2688.672271
297,21,2688.672271
297,21,2688.672271
297,21,2688.672271
297,23,2677.963737
297,23,2677.963737
297,23,2677.963737
297,23,2677.963737
297,23,2677.963737
297,23,2677.963737
297,23,2677.963737
297,23,2677.963737
297,23,2677.963737
297,23,2677.963737
297,23,2677.963737
297,23,2677.963737
297,23,2677.963737
297,23,2677.963737
298,16,2918.191214
298,16,2918.191214
298,17,2851.545516
298,18,2766.694735
298,18,2766.694735
298,18,2766.694735
298,18,2766.694735
298,18,2766.694735
298,18,2766.694735
298,18,2766.694735
298,18,2766.694735
298,18,2766.694735
298,18,2766.694735
298,18,2766.694735
298,19,2740.655369
298,19,2740.655369
298,19,2740.655369
298,19,2740.655369
298,19,2740.655369
298,19,2740.655369
298,19,2740.655369
298,19,2740.655369
298,19,2740.655369
298,19,2740.655369
298,19,2740.655369
298,19,2740.655369
298,19,2740.655369
298,19,2740.655369
298,20,2710.660388
298,20,2710.660388
298,20,2710.660388
298,20,2710.660388
298,20,2710.660388
298,20,2710.660388
298,20,2710.660388
298,20,2710.660388
298,20,2710.660388
298,20,2710.660388
298,20,2710.660388
298,20,2710.660388
298,20,2710.660388
298,20,2710.660388
298,20,2710.660388
298,21,2686.627239
298,23,2677.963737
298,23,2677.963737
298,23,2677.963737
298,23,2677.963737
298,23,2677.963737
298,23,2677.963737
298,23,2677.963737
298,23,2677.963737
298,23,2677.963737
298,23,2677.963737
298,23,2677.963737
298,23,2677.963737
298,23,2677.963737
298,23,2677.963737
298,23,2677.963737
298,23,2677.963737
299,16,2918.191214
299,16,2918.191214
299,16,2918.191214
299,17,2851.545516
299,17,2851.545516
299,18,2766.694735
299,18,2766.694735
299,18,2766.694735
299,18,2766.694735
299,18,2766.694735
299,18,2766.694735
299,18,2766.694735
299,18,2766.694735
299,18,2766.694735
299,18,2766.694735
299,18,2766.694735
299,18,2766.694735
299,18,2766.694735
299,18,2766.694735
299,19,2740.655369
299,19,2740.655369
299,19,2740.655369
299,19,2740.655369
299,19,2740.655369
299,19,2740.655369
299,19,2740.655369
299,19,2740.655369
299,19,2740.655369
299,19,2740.655369
299,19,2740.655369
299,19,2740.655369
299,19,2740.655369
299,19,2740.655369
299,19,2740.655369
299,19,2740.655369
299,20,2710.660388
299,20,2710.660388
299,20,2710.660388
299,20,2710.660388
299,20,2710.660388
299,20,2710.660388
299,20,2710.660388
299,20,2710.660388
299,20,2710.660388
299,20,2710.660388
299,20,2710.660388
299,20,2710.660388
299,20,2710.660388
299,20,2710.660388
299,20,2710.660388
299,20,2710.660388
299,21,2686.627239
299,21,2686.627239
299,23,2677.963737
299,23,2677.963737
299,23,2677.963737
299,23,2677.963737
299,23,2677.963737
299,23,2677.963737
299,23,2677.963737
299,23,2677.963737
299,23,2677.963737
299,23,2677.963737
299,23,2677.963737
299,23,2677.963737
299,23,2677.963737
299,23,2677.963737
299,23,2677.963737
299,23,2677.963737
299,23,2677.963737
299,23,2677.963737
300,16,2918.191214
300,16,2918.191214
300,16,2918.191214
300,16,2918.191214
300,17,2851.545516
300,17,2851.545516
300,17,2851.545516
300,18,2766.694735
300,18,2766.694735
300,18,2766.694735
300,18,2766.694735
300,18,2766.694735
300,18,2766.694735
300,18,2766.694735
300,18,2766.694735
300,18,2766.694735
300,18,2766.694735
300,18,2766.694735
300,18,2766.694735
300,18,2766.694735
300,18,2766.694735
300,18,2766.694735
300,18,2766.694735
300,18,2766.694735
300,19,2740.655369
300,19,2740.655369
300,19,2740.655369
300,19,2740.655369
300,19,2740.655369
300,19,2740.655369
300,19,2740.655369
300,19,2740.655369
300,19,2740.655369
300,19,2740.655369
300,19,2740.655369
300,19,2740.655369
300,19,2740.655369
300,19,2740.655369
300,19,2740.655369
300,19,2740.655369
300,19,2740.655369
300,19,2740.655369
300,20,2710.660388
300,20,2710.660388
300,20,2710.660388
300,20,2710.660388
300,20,2710.660388
300,20,2710.660388
300,20,2710.660388
300,20,2710.660388
300,20,2710.660388
300,20,2710.660388
300,20,2710.660388
300,20,2710.660388
300,20,2710.660388
300,20,2710.660388
300,20,2710.660388
300,20,2710.660388
300,20,2710.660388
300,21,2686.627239
300,21,2686.627239
300,21,2686.627239
300,23,2677.963737
300,23,2677.963737
300,23,2677.963737
300,23,2677.963737
300,23,2677.963737
300,23,2677.963737
300,23,2677.963737
300,23,2677.963737
300,23,2677.963737
300,23,2677.963737
300,23,2677.963737
300,23,2677.963737
300,23,2677.963737
300,23,2677.963737
300,23,2677.963737
300,23,2677.963737
300,23,2677.963737
300,23,2677.963737
300,23,2677.963737
300,23,2677.963737
301,16,2918.191214
301,16,2918.191214
301,16,2918.191214
301,16,2918.191214
301,16,2918.191214
301,17,2851.545516
301,17,2851.545516
301,17,2851.545516
301,17,2851.545516
301,18,2766.694735
301,18,2766.694735
301,18,2766.694735
301,18,2766.694735
301,18,2766.694735
301,18,2766.694735
301,18,2766.694735
301,18,2766.694735
301,18,2766.694735
301,18,2766.694735
301,18,2766.694735
301,18,2766.694735
301,18,2766.694735
301,18,2766.694735
301,18,2766.694735
301,18,2766.694735
301,18,2766.694735
301,18,2766.694735
301,18,2766.694735
301,18,2766.694735
301,18,2766.694735
301,19,2740.655369
301,19,2740.655369
301,19,2740.655369
301,19,2740.655369
301,19,2740.655369
301,19,2740.655369
301,19,2740.655369
301,19,2740.655369
301,19,2740.655369
301,19,2740.655369
301,19,2740.655369
301,19,2740.655369
301,19,2740.655369
301,19,2740.655369
301,19,2740.655369
301,19,2740.655369
301,19,2740.655369
301,19,2740.655369
301,19,2740.655369
301,19,2740.655369
301,20,2685.839462
301,23,2677.963737
301,23,2677.963737
301,23,2677.963737
301,23,2677.963737
301,23,2677.963737
301,23,2677.963737
301,23,2677.963737
301,23,2677.963737
301,23,2677.963737
301,23,2677.963737
301,23,2677.963737
301,23,2677.963737
301,23,2677.963737
301,23,2677.963737
301,23,2677.963737
301,23,2677.963737
301,23,2677.963737
301,23,2677.963737
301,23,2677.963737
301,23,2677.963737
301,23,2677.963737
301,23,2677.963737
302,16,2918.191214
302,16,2918.191214
302,16,2918.191214
302,16,2918.191214
302,16,2918.191214
302,16,2918.191214
302,17,2850.530885
302,18,2766.694735
302,18,2766.694735
302,18,2766.694735
302,18,2766.694735
302,18,2766.694735
302,18,2766.694735
302,18,2766.694735
302,18,2766.694735
302,18,2766.694735
302,18,2766.694735
302,18,2766.694735
302,18,2766.694735
302,18,2766.694735
302,18,2766.694735
302,18,2766.694735
302,18,2766.694735
302,18,2766.694735
302,18,2766.694735
302,18,2766.694735
302,18,2766.694735
302,18,2766.694735
302,18,2766.694735
302,18,2766.694735
302,18,2766.694735
302,18,2766.694735
302,18,2766.694735
302,19,2740.655369
302,19,2740.655369
302,19,2740.655369
302,19,2740.655369
302,19,2740.655369
302,19,2740.655369
302,19,2740.655369
302,19,2740.655369
302,19,2740.655369
302,19,2740.655369
302,19,2740.655369
302,19,2740.655369
302,19,2740.655369
302,19,2740.655369
302,19,2740.655369
302,19,2740.655369
302,19,2740.655369
302,19,2740.655369
302,19,2740.655369
302,19,2740.655369
302,19,2740.655369
302,19,2740.655369
302,20,2685.839462
302,20,2685.839462
302,23,2677.963737
302,23,2677.963737
302,23,2677.963737
302,23,2677.963737
302,23,2677.963737
302,23,2677.963737
302,23,2677.963737
302,23,2677.963737
302,23,2677.963737
302,23,2677.963737
302,23,2677.963737
302,23,2677.963737
302,23,2677.963737
302,23,2677.963737
302,23,2677.963737
302,23,2677.963737
302,23,2677.963737
302,23,2677.963737
302,23,2677.963737
302,23,2677.963737
302,23,2677.963737
302,23,2677.963737
302,23,2677.963737
302,23,2677.963737
303,16,2918.191214
303,16,2918.191214
303,16,2918.191214
303,16,2918.191214
303,16,2918.191214
303,16,2918.191214
303,16,2918.191214
303,17,2850.530885
303,17,2850.530885
303,18,2766.694735
303,18,2766.694735
303,18,2766.694735
303,18,2766.694735
303,18,2766.694735
303,18,2766.694735
303,18,2766.694735
303,18,2766.694735
303,18,2766.694735
303,18,2766.694735
303,18,2766.694735
303,18,2766.694735
303,18,2766.694735
303,18,2766.694735
303,18,2766.694735
303,18,2766.694735
303,18,2766.694735
303,18,2766.694735
303,18,2766.694735
303,18,2766.694735
303,18,2766.694735
303,18,2766.694735
303,18,2766.694735
303,18,2766.694735
303,18,2766.694735
303,18,2766.694735
303,18,2766.694735
303,18,2766.694735
303,18,2766.694735
303,18,2766.694735
303,18,2766.694735
303,19,2740.655369
303,19,2740.655369
303,19,2740.655369
303,19,2740.655369
303,19,2740.655369
303,19,2740.655369
303,19,2740.655369
303,19,2740.655369
303,19,2740.655369
303,19,2740.655369
303,19,2740.655369
303,19,2740.655369
303,19,2740.655369
303,19,2740.655369
303,19,2740.655369
303,19,2740.655369
303,19,2740.655369
303,19,2740.655369
303,19,2740.655369
303,19,2740.655369
303,19,2740.655369
303,19,2740.655369
303,19,2740.655369
303,19,2740.655369
303,20,2685.839462
303,20,2685.839462
303,20,2685.839462
303,22,2682.416777
303,23,2677.963737
303,23,2677.963737
303,23,2677.963737
303,23,2677.963737
303,23,2677.963737
303,23,2677.963737
303,23,2677.963737
303,23,2677.963737
303,23,2677.963737
303,23,2677.963737
303,23,2677.963737
303,23,2677.963737
303,23,2677.963737
303,23,2677.963737
303,23,2677.963737
303,23,2677.963737
303,23,2677.963737
303,23,2677.963737
303,23,2677.963737
303,23,2677.963737
303,23,2677.963737
303,23,2677.963737
303,23,2677.963737
303,23,2677.963737
303,23,2677.963737
303,23,2677.963737
304,16,2918.191214
304,16,2918.191214
304,16,2918.191214
304,16,2918.191214
304,16,2918.191214
304,16,2918.191214
304,16,2918.191214
304,16,2918.191214
304,17,2850.530885
304,17,2850.530885
304,17,2850.530885
304,18,2764.520573
304,19,2736.076359
304,20,2685.839462
304,20,2685.839462
304,20,2685.839462
304,20,2685.839462
304,22,2682.416777
304,22,2682.416777
304,23,2677.963737
304,23,2677.963737
304,23,2677.963737
304,23,2677.963737
304,23,2677.963737
304,23,2677.963737
304,23,2677.963737
304,23,2677.963737
304,23,2677.963737
304,23,2677.963737
304,23,2677.963737
304,23,2677.963737
304,23,2677.963737
304,23,2677.963737
304,23,2677.963737
304,23,2677.963737
304,23,2677.963737
304,23,2677.963737
304,23,2677.963737
304,23,2677.963737
304,23,2677.963737
304,23,2677.963737
304,23,2677.963737
304,23,2677.963737
304,23,2677.963737
304,23,2677.963737
304,23,2677.963737
304,23,2677.963737
305,16,2918.191214
305,16,2918.191214
305,16,2918.191214
305,16,2918.191214
305,16,2918.191214
305,16,2918.191214
305,16,2918.191214
305,16,2918.191214
305,16,2918.191214
305,17,2850.530885
305,17,2850.530885
305,17,2850.530885
305,17,2850.530885
305,18,2764.520573
305,18,2764.520573
305,19,2736.076359
305,19,2736.076359
305,20,2685.839462
305,20,2685.839462
305,20,2685.839462
305,20,2685.839462
305,20,2685.839462
305,22,2672.149880
306,16,2918.191214
306,16,2918.191214
306,16,2918.191214
306,16,2918.191214
306,16,2918.191214
306,16,2918.191214
306,16,2918.191214
306,16,2918.191214
306,16,2918.191214
306,16,2918.191214
306,17,2850.530885
306,17,2850.530885
306,17,2850.530885
306,17,2850.530885
306,17,2850.530885
306,18,2764.520573
306,18,2764.520573
306,18,2764.520573
306,19,2727.189400
306,20,2685.839462
306,20,2685.839462
306,20,2685.839462
306,20,2685.839462
306,20,2685.839462
306,20,2685.839462
306,22,2665.283557
307,16,2918.191214
307,16,2918.191214
307,16,2918.191214
307,16,2918.191214
307,16,2918.191214
307,16,2918.191214
307,16,2918.191214
307,16,2918.191214
307,16,2918.191214
307,16,2918.191214
307,16,2918.191214
307,17,2850.530885
307,17,2850.530885
307,17,2850.530885
307,17,2850.530885
307,17,2850.530885
307,17,2850.530885
307,18,2741.379552
307,19,2727.189400
307,19,2727.189400
307,20,2685.839462
307,20,2685.839462
307,20,2685.839462
307,20,2685.839462
307,20,2685.839462
307,20,2685.839462
307,20,2685.839462
307,22,2665.283557
307,22,2665.283557
308,16,2918.191214
308,16,2918.191214
308,16,2918.191214
308,16,2918.191214
308,16,2918.191214
308,16,2918.191214
308,16,2918.191214
308,16,2918.191214
308,16,2918.191214
308,16,2918.191214
308,16,2918.191214
308,16,2918.191214
308,17,2850.530885
308,17,2850.530885
308,17,2850.530885
308,17,2850.530885
308,17,2850.530885
308,17,2850.530885
308,17,2850.530885
308,18,2741.379552
308,18,2741.379552
308,19,2727.189400
308,19,2727.189400
308,19,2727.189400
308,20,2685.839462
308,20,2685.839462
308,20,2685.839462
308,20,2685.839462
308,20,2685.839462
308,20,2685.839462
308,20,2685.839462
308,20,2685.839462
308,22,2665.283557
308,22,2665.283557
308,22,2665.283557
309,16,2918.191214
309,16,2918.191214
309,16,2918.191214
309,16,2918.191214
309,16,2918.191214
309,16,2918.191214
309,16,2918.191214
309,16,2918.191214
309,16,2918.191214
309,16,2918.191214
309,16,2918.191214
309,16,2918.191214
309,16,2918.191214
309,16,2918.191214
309,17,2850.530885
309,17,2850.530885
309,17,2850.530885
309,17,2850.530885
309,17,2850.530885
309,17,2850.530885
309,17,2850.530885
309,17,2850.530885
309,18,2741.379552
309,18,2741.379552
309,18,2741.379552
309,19,2727.189400
309,19,2727.189400
309,19,2727.189400
309,19,2727.189400
309,20,2685.839462
309,20,2685.839462
309,20,2685.839462
309,20,2685.839462
309,20,2685.839462
309,20,2685.839462
309,20,2685.839462
309,20,2685.839462
309,20,2685.839462
309,22,2665.283557
309,22,2665.283557
309,22,2665.283557
309,22,2665.283557
310,16,2918.191214
310,16,2918.191214
310,16,2918.191214
310,16,2918.191214
310,16,2918.191214
310,16,2918.191214
310,16,2918.191214
310,16,2918.191214
310,16,2918.191214
310,16,2918.191214
310,16,2918.191214
310,16,2918.191214
310,16,2918.191214
310,16,2918.191214
310,16,2918.191214
310,16,2918.191214
310,17,2841.971801
310,18,2741.379552
310,18,2741.379552
310,18,2741.379552
310,18,2741.379552
310,19,2713.005276
310,20,2685.839462
310,20,2685.839462
310,20,2685.839462
310,20,2685.839462
310,20,2685.839462
310,20,2685.839462
310,20,2685.839462
310,20,2685.839462
310,20,2685.839462
310,20,2685.839462
310,20,2685.839462
310,22,2665.283557
310,22,2665.283557
310,22,2665.283557
310,22,2665.283557
310,22,2665.283557
311,16,2918.191214
311,16,2918.191214
311,16,2918.191214
311,16,2918.191214
311,16,2918.191214
311,16,2918.191214
311,16,2918.191214
311,16,2918.191214
311,16,2918.191214
311,16,2918.191214
311,16,2918.191214
311,16,2918.191214
311,16,2918.191214
311,16,2918.191214
311,16,2918.191214
311,16,2918.191214
311,16,2918.191214
311,16,2918.191214
311,17,2841.971801
311,17,2841.971801
311,18,2741.379552
311,18,2741.379552
311,18,2741.379552
311,18,2741.379552
311,18,2741.379552
311,19,2713.005276
311,19,2713.005276
311,20,2685.839462
311,20,2685.839462
311,20,2685.839462
311,20,2685.839462
311,20,2685.839462
311,20,2685.839462
311,20,2685.839462
311,20,2685.839462
311,20,2685.839462
311,20,2685.839462
311,20,2685.839462
311,20,2685.839462
311,20,2685.839462
311,22,2665.283557
311,22,2665.283557
311,22,2665.283557
311,22,2665.283557
311,22,2665.283557
311,22,2665.283557
312,16,2888.959908
312,17,2840.353279
312,18,2741.379552
312,18,2741.379552
312,18,2741.379552
312,18,2741.379552
312,18,2741.379552
312,18,2741.379552
312,19,2713.005276
312,19,2713.005276
312,19,2713.005276
312,20,2685.839462
312,20,2685.839462
312,20,2685.839462
312,20,2685.839462
312,20,2685.839462
312,20,2685.839462
312,20,2685.839462
312,20,2685.839462
312,20,2685.839462
312,20,2685.839462
312,20,2685.839462
312,20,2685.839462
312,20,2685.839462
312,20,2685.839462
312,20,2685.839462
312,22,2665.283557
312,22,2665.283557
312,22,2665.283557
312,22,2665.283557
312,22,2665.283557
312,22,2665.283557
312,22,2665.283557
313,16,2888.959908
313,16,2888.959908
313,17,2840.353279
313,17,2840.353279
313,18,2741.379552
313,18,2741.379552
313,18,2741.379552
313,18,2741.379552
313,18,2741.379552
313,18,2741.379552
313,18,2741.379552
313,19,2713.005276
313,19,2713.005276
313,19,2713.005276
313,19,2713.005276
313,20,2685.839462
313,20,2685.839462
313,20,2685.839462
313,20,2685.839462
313,20,2685.839462
313,20,2685.839462
313,20,2685.839462
313,20,2685.839462
313,20,2685.839462
313,20,2685.839462
313,20,2685.839462
313,20,2685.839462
313,20,2685.839462
313,20,2685.839462
313,20,2685.839462
313,20,2685.839462
313,20,2685.839462
313,20,2685.839462
313,21,2676.451059
313,22,2665.283557
313,22,2665.283557
313,22,2665.283557
313,22,2665.283557
313,22,2665.283557
313,22,2665.283557
313,22,2665.283557
313,22,2665.283557
314,16,2888.959908
314,16,2888.959908
314,16,2888.959908
314,17,2829.190691
314,18,2741.379552
314,18,2741.379552
314,18,2741.379552
314,18,2741.379552
314,18,2741.379552
314,18,2741.379552
314,18,2741.379552
314,18,2741.379552
314,19,2713.005276
314,19,2713.005276
314,19,2713.005276
314,19,2713.005276
314,19,2713.005276
314,20,2685.839462
314,20,2685.839462
314,20,2685.839462
314,20,2685.839462
314,20,2685.839462
314,20,2685.839462
314,20,2685.839462
314,20,2685.839462
314,20,2685.839462
314,20,2685.839462
314,20,2685.839462
314,20,2685.839462
314,20,2685.839462
314,20,2685.839462
314,20,2685.839462
314,20,2685.839462
314,20,2685.839462
314,20,2685.839462
314,20,2685.839462
314,20,2685.839462
314,20,2685.839462
314,21,2676.451059
314,21,2676.451059
314,22,2665.283557
314,22,2665.283557
314,22,2665.283557
314,22,2665.283557
314,22,2665.283557
314,22,2665.283557
314,22,2665.283557
314,22,2665.283557
314,22,2665.283557
315,16,2888.959908
315,16,2888.959908
315,16,2888.959908
315,16,2888.959908
315,17,2829.190691
315,17,2829.190691
315,18,2741.379552
315,18,2741.379552
315,18,2741.379552
315,18,2741.379552
315,18,2741.379552
315,18,2741.379552
315,18,2741.379552
315,18,2741.379552
315,18,2741.379552
315,19,2713.005276
315,19,2713.005276
315,19,2713.005276
315,19,2713.005276
315,19,2713.005276
315,19,2713.005276
315,20,2685.839462
315,20,2685.839462
315,20,2685.839462
315,20,2685.839462
315,20,2685.839462
315,20,2685.839462
315,20,2685.839462
315,20,2685.839462
315,20,2685.839462
315,20,2685.839462
315,20,2685.839462
315,20,2685.839462
315,20,2685.839462
315,20,2685.839462
315,20,2685.839462
315,20,2685.839462
315,20,2685.839462
315,20,2685.839462
315,20,2685.839462
315,20,2685.839462
315,20,2685.839462
315,20,2685.839462
315,20,2685.839462
315,20,2685.839462
315,21,2676.451059
315,21,2676.451059
315,21,2676.451059
315,21,2676.451059
315,22,2665.283557
315,22,2665.283557
315,22,2665.283557
315,22,2665.283557
315,22,2665.283557
315,22,2665.283557
315,22,2665.283557
315,22,2665.283557
315,22,2665.283557
315,22,2665.283557
316,16,2888.959908
316,16,2888.959908
316,16,2888.959908
316,16,2888.959908
316,16,2888.959908
316,17,2829.190691
316,17,2829.190691
316,17,2829.190691
316,18,2741.379552
316,18,2741.379552
316,18,2741.379552
316,18,2741.379552
316,18,2741.379552
316,18,2741.379552
316,18,2741.379552
316,18,2741.379552
316,18,2741.379552
316,18,2741.379552
316,19,2713.005276
316,19,2713.005276
316,19,2713.005276
316,19,2713.005276
316,19,2713.005276
316,19,2713.005276
316,19,2713.005276
316,20,2685.839462
316,20,2685.839462
316,20,2685.839462
316,20,2685.839462
316,20,2685.839462
316,20,2685.839462
316,20,2685.839462
316,20,2685.839462
316,20,2685.839462
316,20,2685.839462
316,20,2685.839462
316,20,2685.839462
316,20,2685.839462
316,20,2685.839462
316,20,2685.839462
316,20,2685.839462
316,20,2685.839462
316,20,2685.839462
316,20,2685.839462
316,20,2685.839462
316,20,2685.839462
316,20,2685.839462
316,20,2685.839462
316,20,2685.839462
316,20,2685.839462
316,20,2685.839462
316,20,2685.839462
316,21,2676.451059
316,21,2676.451059
316,21,2676.451059
316,21,2676.451059
316,21,2676.451059
316,21,2676.451059
316,22,2665.283557
316,22,2665.283557
316,22,2665.283557
316,22,2665.283557
316,22,2665.283557
316,22,2665.283557
316,22,2665.283557
316,22,2665.283557
316,22,2665.283557
316,22,2665.283557
316,22,2665.283557
317,16,2888.959908
317,16,2888.959908
317,16,2888.959908
317,16,2888.959908
317,16,2888.959908
317,16,2888.959908
317,17,2829.190691
317,17,2829.190691
317,17,2829.190691
317,17,2829.190691
317,18,2741.379552
317,18,2741.379552
317,18,2741.379552
317,18,2741.379552
317,18,2741.379552
317,18,2741.379552
317,18,2741.379552
317,18,2741.379552
317,18,2741.379552
317,18,2741.379552
317,18,2741.379552
317,19,2713.005276
317,19,2713.005276
317,19,2713.005276
317,19,2713.005276
317,19,2713.005276
317,19,2713.005276
317,19,2713.005276
317,19,2713.005276
317,20,2685.839462
317,20,2685.839462
317,20,2685.839462
317,20,2685.839462
317,20,2685.839462
317,20,2685.839462
317,20,2685.839462
317,20,2685.839462
317,20,2685.839462
317,20,2685.839462
317,20,2685.839462
317,20,2685.839462
317,20,2685.839462
317,20,2685.839462
317,20,2685.839462
317,20,2685.839462
317,20,2685.839462
317,20,2685.839462
317,20,2685.839462
317,20,2685.839462
317,20,2685.839462
317,20,2685.839462
317,20,2685.839462
317,20,2685.839462
317,20,2685.839462
317,20,2685.839462
317,20,2685.839462
317,20,2685.839462
317,20,2685.839462
317,20,2685.839462
317,20,2685.839462
317,21,2676.451059
317,21,2676.451059
317,21,2676.451059
317,21,2676.451059
317,21,2676.451059
317,21,2676.451059
317,21,2676.451059
317,21,2676.451059
317,22,2665.283557
317,22,2665.283557
317,22,2665.283557
317,22,2665.283557
317,22,2665.283557
317,22,2665.283557
317,22,2665.283557
317,22,2665.283557
317,22,2665.283557
317,22,2665.283557
317,22,2665.283557
317,22,2665.283557
318,15,3419.203592
318,16,2888.959908
318,16,2888.959908
318,16,2888.959908
318,16,2888.959908
318,16,2888.959908
318,16,2888.959908
318,16,2888.959908
318,17,2829.190691
318,17,2829.190691
318,17,2829.190691
318,17,2829.190691
318,17,2829.190691
318,18,2741.379552
318,18,2741.379552
318,18,2741.379552
318,18,2741.379552
318,18,2741.379552
318,18,2741.379552
318,18,2741.379552
318,18,2741.379552
318,18,2741.379552
318,18,2741.379552
318,18,2741.379552
318,18,2741.379552
318,19,2713.005276
318,19,2713.005276
318,19,2713.005276
318,19,2713.005276
318,19,2713.005276
318,19,2713.005276
318,19,2713.005276
318,19,2713.005276
318,19,2713.005276
318,20,2685.839462
318,20,2685.839462
318,20,2685.839462
318,20,2685.839462
318,20,2685.839462
318,20,2685.839462
318,20,2685.839462
318,20,2685.839462
318,20,2685.839462
318,20,2685.839462
318,20,2685.839462
318,20,2685.839462
318,20,2685.839462
318,20,2685.839462
318,20,2685.839462
318,20,2685.839462
318,20,2685.839462
318,20,2685.839462
318,20,2685.839462
318,20,2685.839462
318,20,2685.839462
318,20,2685.839462
318,20,2685.839462
318,20,2685.839462
318,20,2685.839462
318,20,2685.839462
318,20,2685.839462
318,20,2685.839462
318,20,2685.839462
318,20,2685.839462
318,20,2685.839462
318,20,2685.839462
318,20,2685.839462
318,20,2685.839462
318,20,2685.839462
318,21,2676.451059
318,21,2676.451059
318,21,2676.451059
318,21,2676.451059
318,21,2676.451059
318,21,2676.451059
318,21,2676.451059
318,21,2676.451059
318,21,2676.451059
318,21,2676.451059
318,21,2676.451059
318,21,2676.451059
318,21,2676.451059
318,22,2665.283557
318,22,2665.283557
318,22,2665.283557
318,22,2665.283557
318,22,2665.283557
318,22,2665.283557
318,22,2665.283557
318,22,2665.283557
318,22,2665.283557
318,22,2665.283557
318,22,2665.283557
318,22,2665.283557
318,22,2665.283557
318,22,2665.283557
319,15,3419.203592
319,15,3419.203592
319,16,2888.959908
319,16,2888.959908
319,16,2888.959908
319,16,2888.959908
319,16,2888.959908
319,16,2888.959908
319,16,2888.959908
319,16,2888.959908
319,17,2814.665672
319,18,2741.379552
319,18,2741.379552
319,18,2741.379552
319,18,2741.379552
319,18,2741.379552
319,18,2741.379552
319,18,2741.379552
319,18,2741.379552
319,18,2741.379552
319,18,2741.379552
319,18,2741.379552
319,18,2741.379552
319,18,2741.379552
319,19,2713.005276
319,19,2713.005276
319,19,2713.005276
319,19,2713.005276
319,19,2713.005276
319,19,2713.005276
319,19,2713.005276
319,19,2713.005276
319,19,2713.005276
319,19,2713.005276
319,20,2685.839462
319,20,2685.839462
319,20,2685.839462
319,20,2685.839462
319,20,2685.839462
319,20,2685.839462
319,20,2685.839462
319,20,2685.839462
319,20,2685.839462
319,20,2685.839462
319,20,2685.839462
319,20,2685.839462
319,20,2685.839462
319,20,2685.839462
319,20,2685.839462
319,20,2685.839462
319,20,2685.839462
319,20,2685.839462
319,20,2685.839462
319,20,2685.839462
319,20,2685.839462
319,20,2685.839462
319,20,2685.839462
319,20,2685.839462
319,20,2685.839462
319,20,2685.839462
319,20,2685.839462
319,20,2685.839462
319,20,2685.839462
319,20,2685.839462
319,20,2685.839462
319,20,2685.839462
319,20,2685.839462
319,20,2685.839462
319,20,2685.839462
319,20,2685.839462
319,20,2685.839462
319,20,2685.839462
319,20,2685.839462
319,21,2676.451059
319,21,2676.451059
319,21,2676.451059
319,21,2676.451059
319,21,2676.451059
319,21,2676.451059
319,21,2676.451059
319,21,2676.451059
319,21,2676.451059
319,21,2676.451059
319,21,2676.451059
319,21,2676.451059
319,21,2676.451059
319,21,2676.451059
319,21,2676.451059
319,21,2676.451059
319,21,2676.451059
319,21,2676.451059
319,21,2676.451059
319,22,2665.283557
319,22,2665.283557
319,22,2665.283557
319,22,2665.283557
319,22,2665.283557
319,22,2665.283557
319,22,2665.283557
319,22,2665.283557
319,22,2665.283557
319,22,2665.283557
319,22,2665.283557
319,22,2665.283557
319,22,2665.283557
319,22,2665.283557
319,22,2665.283557
319,22,2665.283557
320,15,3118.558800
320,16,2888.959908
320,16,2888.959908
320,16,2888.959908
320,16,2888.959908
320,16,2888.959908
320,16,2888.959908
320,16,2888.959908
320,16,2888.959908
320,16,2888.959908
320,17,2814.665672
320,17,2814.665672
320,17,2814.665672
320,18,2741.379552
320,18,2741.379552
320,18,2741.379552
320,18,2741.379552
320,18,2741.379552
320,18,2741.379552
320,18,2741.379552
320,18,2741.379552
320,18,2741.379552
320,18,2741.379552
320,18,2741.379552
320,18,2741.379552
320,18,2741.379552
320,18,2741.379552
320,18,2741.379552
320,19,2713.005276
320,19,2713.005276
320,19,2713.005276
320,19,2713.005276
320,19,2713.005276
320,19,2713.005276
320,19,2713.005276
320,19,2713.005276
320,19,2713.005276
320,19,2713.005276
320,19,2713.005276
320,20,2685.839462
320,20,2685.839462
320,20,2685.839462
320,20,2685.839462
320,20,2685.839462
320,20,2685.839462
320,20,2685.839462
320,20,2685.839462
320,20,2685.839462
320,20,2685.839462
320,20,2685.839462
320,20,2685.839462
320,20,2685.839462
320,20,2685.839462
320,20,2685.839462
320,20,2685.839462
320,20,2685.839462
320,20,2685.839462
320,20,2685.839462
320,20,2685.839462
320,20,2685.839462
320,20,2685.839462
320,20,2685.839462
320,20,2685.839462
320,20,2685.839462
320,20,2685.839462
320,20,2685.839462
320,20,2685.839462
320,20,2685.839462
320,20,2685.839462
320,20,2685.839462
320,20,2685.839462
320,20,2685.839462
320,20,2685.839462
320,20,2685.839462
320,20,2685.839462
320,20,2685.839462
320,20,2685.839462
320,20,2685.839462
320,20,2685.839462
320,20,2685.839462
320,20,2685.839462
320,20,2685.839462
320,21,2676.451059
320,21,2676.451059
320,21,2676.451059
320,21,2676.451059
320,21,2676.451059
320,21,2676.451059
320,21,2676.451059
320,21,2676.451059
320,21,2676.451059
320,21,2676.451059
320,21,2676.451059
320,21,2676.451059
320,21,2676.451059
320,21,2676.451059
320,21,2676.451059
320,21,2676.451059
320,21,2676.451059
320,21,2676.451059
320,21,2676.451059
320,21,2676.451059
320,21,2676.451059
320,21,2676.451059
320,21,2676.451059
320,21,2676.451059
320,21,2676.451059
320,22,2665.283557
320,22,2665.283557
320,22,2665.283557
320,22,2665.283557
320,22,2665.283557
320,22,2665.283557
320,22,2665.283557
320,22,2665.283557
320,22,2665.283557
320,22,2665.283557
320,22,2665.283557
320,22,2665.283557
320,22,2665.283557
320,22,2665.283557
320,22,2665.283557
320,22,2665.283557
320,22,2665.283557
320,22,2665.283557
320,22,2665.283557
321,15,3118.558800
321,15,3118.558800
321,16,2888.959908
321,16,2888.959908
321,16,2888.959908
321,16,2888.959908
321,16,2888.959908
321,16,2888.959908
321,16,2888.959908
321,16,2888.959908
321,16,2888.959908
321,16,2888.959908
321,17,2800.887571
321,18,2741.379552
321,18,2741.379552
321,18,2741.379552
321,18,2741.379552
321,18,2741.379552
321,18,2741.379552
321,18,2741.379552
321,18,2741.379552
321,18,2741.379552
321,18,2741.379552
321,18,2741.379552
321,18,2741.379552
321,18,2741.379552
321,18,2741.379552
321,18,2741.379552
321,18,2741.379552
321,18,2741.379552
321,19,2713.005276
321,19,2713.005276
321,19,2713.005276
321,19,2713.005276
321,19,2713.005276
321,19,2713.005276
321,19,2713.005276
321,19,2713.005276
321,19,2713.005276
321,19,2713.005276
321,19,2713.005276
321,19,2713.005276
321,20,2684.615832
321,21,2676.451059
321,21,2676.451059
321,21,2676.451059
321,21,2676.451059
321,21,2676.451059
321,21,2676.451059
321,21,2676.451059
321,21,2676.451059
321,21,2676.451059
321,21,2676.451059
321,21,2676.451059
321,21,2676.451059
321,21,2676.451059
321,21,2676.451059
321,21,2676.451059
321,21,2676.451059
321,21,2676.451059
321,21,2676.451059
321,21,2676.451059
321,21,2676.451059
321,21,2676.451059
321,21,2676.451059
321,21,2676.451059
321,21,2676.451059
321,21,2676.451059
321,21,2676.451059
321,21,2676.451059
321,21,2676.451059
321,21,2676.451059
321,21,2676.451059
321,21,2676.451059
321,22,2665.283557
321,22,2665.283557
321,22,2665.283557
321,22,2665.283557
321,22,2665.283557
321,22,2665.283557
321,22,2665.283557
321,22,2665.283557
321,22,2665.283557
321,22,2665.283557
321,22,2665.283557
321,22,2665.283557
321,22,2665.283557
321,22,2665.283557
321,22,2665.283557
321,22,2665.283557
321,22,2665.283557
321,22,2665.283557
321,22,2665.283557
321,22,2665.283557
321,22,2665.283557
321,22,2665.283557
322,15,3118.558800
322,15,3118.558800
322,15,3118.558800
322,16,2888.959908
322,16,2888.959908
322,16,2888.959908
322,16,2888.959908
322,16,2888.959908
322,16,2888.959908
322,16,2888.959908
322,16,2888.959908
322,16,2888.959908
322,16,2888.959908
322,16,2888.959908
322,17,2800.887571
322,17,2800.887571
322,18,2741.379552
322,18,2741.379552
322,18,2741.379552
322,18,2741.379552
322,18,2741.379552
322,18,2741.379552
322,18,2741.379552
322,18,2741.379552
322,18,2741.379552
322,18,2741.379552
322,18,2741.379552
322,18,2741.379552
322,18,2741.379552
322,18,2741.379552
322,18,2741.379552
322,18,2741.379552
322,18,2741.379552
322,18,2741.379552
322,18,2741.379552
322,19,2713.005276
322,19,2713.005276
322,19,2713.005276
322,19,2713.005276
322,19,2713.005276
322,19,2713.005276
322,19,2713.005276
322,19,2713.005276
322,19,2713.005276
322,19,2713.005276
322,19,2713.005276
322,19,2713.005276
322,19,2713.005276
322,20,2684.615832
322,20,2684.615832
322,21,2667.958239
322,22,2665.283557
322,22,2665.283557
322,22,2665.283557
322,22,2665.283557
322,22,2665.283557
322,22,2665.283557
322,22,2665.283557
322,22,2665.283557
322,22,2665.283557
322,22,2665.283557
322,22,2665.283557
322,22,2665.283557
322,22,2665.283557
322,22,2665.283557
322,22,2665.283557
322,22,2665.283557
322,22,2665.283557
322,22,2665.283557
322,22,2665.283557
322,22,2665.283557
322,22,2665.283557
322,22,2665.283557
322,22,2665.283557
322,22,2665.283557
322,22,2665.283557
322,24,2661.838650
323,15,3118.558800
323,15,3118.558800
323,15,3118.558800
323,15,3118.558800
323,16,2888.959908
323,16,2888.959908
323,16,2888.959908
323,16,2888.959908
323,16,2888.959908
323,16,2888.959908
323,16,2888.959908
323,16,2888.959908
323,16,2888.959908
323,16,2888.959908
323,16,2888.959908
323,16,2888.959908
323,17,2800.887571
323,17,2800.887571
323,17,2800.887571
323,18,2741.379552
323,18,2741.379552
323,18,2741.379552
323,18,2741.379552
323,18,2741.379552
323,18,2741.379552
323,18,2741.379552
323,18,2741.379552
323,18,2741.379552
323,18,2741.379552
323,18,2741.379552
323,18,2741.379552
323,18,2741.379552
323,18,2741.379552
323,18,2741.379552
323,18,2741.379552
323,18,2741.379552
323,18,2741.379552
323,18,2741.379552
323,18,2741.379552
323,18,2741.379552
323,19,2713.005276
323,19,2713.005276
323,19,2713.005276
323,19,2713.005276
323,19,2713.005276
323,19,2713.005276
323,19,2713.005276
323,19,2713.005276
323,19,2713.005276
323,19,2713.005276
323,19,2713.005276
323,19,2713.005276
323,19,2713.005276
323,19,2713.005276
323,20,2684.615832
323,20,2684.615832
323,20,2684.615832
323,21,2667.958239
323,21,2667.958239
323,22,2665.283557
323,22,2665.283557
323,22,2665.283557
323,22,2665.283557
323,22,2665.283557
323,22,2665.283557
323,22,2665.283557
323,22,2665.283557
323,22,2665.283557
323,22,2665.283557
323,22,2665.283557
323,22,2665.283557
323,22,2665.283557
323,22,2665.283557
323,22,2665.283557
323,22,2665.283557
323,22,2665.283557
323,22,2665.283557
323,22,2665.283557
323,22,2665.283557
323,22,2665.283557
323,22,2665.283557
323,22,2665.283557
323,22,2665.283557
323,22,2665.283557
323,22,2665.283557
323,22,2665.283557
323,22,2665.283557
323,24,2661.838650
323,24,2661.838650
324,15,3118.558800
324,15,3118.558800
324,15,3118.558800
324,15,3118.558800
324,15,3118.558800
324,16,2888.959908
324,16,2888.959908
324,16,2888.959908
324,16,2888.959908
324,16,2888.959908
324,16,2888.959908
324,16,2888.959908
324,16,2888.959908
324,16,2888.959908
324,16,2888.959908
324,16,2888.959908
324,16,2888.959908
324,16,2888.959908
324,17,2800.887571
324,17,2800.887571
324,17,2800.887571
324,17,2800.887571
324,18,2741.379552
324,18,2741.379552
324,18,2741.379552
324,18,2741.379552
324,18,2741.379552
324,18,2741.379552
324,18,2741.379552
324,18,2741.379552
324,18,2741.379552
324,18,2741.379552
324,18,2741.379552
324,18,2741.379552
324,18,2741.379552
324,18,2741.379552
324,18,2741.379552
324,18,2741.379552
324,18,2741.379552
324,18,2741.379552
324,18,2741.379552
324,18,2741.379552
324,18,2741.379552
324,18,2741.379552
324,18,2741.379552
324,19,2713.005276
324,19,2713.005276
324,19,2713.005276
324,19,2713.005276
324,19,2713.005276
324,19,2713.005276
324,19,2713.005276
324,19,2713.005276
324,19,2713.005276
324,19,2713.005276
324,19,2713.005276
324,19,2713.005276
324,19,2713.005276
324,19,2713.005276
324,19,2713.005276
324,20,2684.615832
324,20,2684.615832
324,20,2684.615832
324,20,2684.615832
324,20,2684.615832
324,21,2667.958239
324,21,2667.958239
324,21,2667.958239
324,22,2665.283557
324,22,2665.283557
324,22,2665.283557
324,22,2665.283557
324,22,2665.283557
324,22,2665.283557
324,22,2665.283557
324,22,2665.283557
324,22,2665.283557
324,22,2665.283557
324,22,2665.283557
324,22,2665.283557
324,22,2665.283557
324,22,2665.283557
324,22,2665.283557
324,22,2665.283557
324,22,2665.283557
324,22,2665.283557
324,22,2665.283557
324,22,2665.283557
324,22,2665.283557
324,22,2665.283557
324,22,2665.283557
324,22,2665.283557
324,22,2665.283557
324,22,2665.283557
324,22,2665.283557
324,22,2665.283557
324,22,2665.283557
324,22,2665.283557
324,22,2665.283557
324,24,2661.838650
324,24,2661.838650
324,24,2661.838650
325,15,3118.558800
325,15,3118.558800
325,15,3118.558800
325,15,3118.558800
325,15,3118.558800
325,15,3118.558800
325,16,2888.959908
325,16,2888.959908
325,16,2888.959908
325,16,2888.959908
325,16,2888.959908
325,16,2888.959908
325,16,2888.959908
325,16,2888.959908
325,16,2888.959908
325,16,2888.959908
325,16,2888.959908
325,16,2888.959908
325,16,2888.959908
325,16,2888.959908
325,17,2800.887571
325,17,2800.887571
325,17,2800.887571
325,17,2800.887571
325,17,2800.887571
325,18,2731.111091
325,19,2713.005276
325,19,2713.005276
325,19,2713.005276
325,19,2713.005276
325,19,2713.005276
325,19,2713.005276
325,19,2713.005276
325,19,2713.005276
325,19,2713.005276
325,19,2713.005276
325,19,2713.005276
325,19,2713.005276
325,19,2713.005276
325,19,2713.005276
325,19,2713.005276
325,19,2713.005276
325,20,2684.615832
325,20,2684.615832
325,20,2684.615832
325,20,2684.615832
325,20,2684.615832
325,20,2684.615832
325,20,2684.615832
325,21,2667.958239
325,21,2667.958239
325,21,2667.958239
325,21,2667.958239
325,22,2665.283557
325,22,2665.283557
325,22,2665.283557
325,22,2665.283557
325,22,2665.283557
325,22,2665.283557
325,22,2665.283557
325,22,2665.283557
325,22,2665.283557
325,22,2665.283557
325,22,2665.283557
325,22,2665.283557
325,22,2665.283557
325,22,2665.283557
325,22,2665.283557
325,22,2665.283557
325,22,2665.283557
325,22,2665.283557
325,22,2665.283557
325,22,2665.283557
325,22,2665.283557
325,22,2665.283557
325,22,2665.283557
325,22,2665.283557
325,22,2665.283557
325,22,2665.283557
325,22,2665.283557
325,22,2665.283557
325,22,2665.283557
325,22,2665.283557
325,22,2665.283557
325,22,2665.283557
325,22,2665.283557
325,22,2665.283557
325,24,2661.838650
325,24,2661.838650
325,24,2661.838650
325,24,2661.838650
326,15,3118.558800
326,15,3118.558800
326,15,3118.558800
326,15,3118.558800
326,15,3118.558800
326,15,3118.558800
326,15,3118.558800
326,16,2876.502581
326,17,2800.887571
326,17,2800.887571
326,17,2800.887571
326,17,2800.887571
326,17,2800.887571
326,17,2800.887571
326,18,2731.111091
326,18,2731.111091
326,19,2713.005276
326,19,2713.005276
326,19,2713.005276
326,19,2713.005276
326,19,2713.005276
326,19,2713.005276
326,19,2713.005276
326,19,2713.005276
326,19,2713.005276
326,19,2713.005276
326,19,2713.005276
326,19,2713.005276
326,19,2713.005276
326,19,2713.005276
326,19,2713.005276
326,19,2713.005276
326,19,2713.005276
326,20,2684.615832
326,20,2684.615832
326,20,2684.615832
326,20,2684.615832
326,20,2684.615832
326,20,2684.615832
326,20,2684.615832
326,20,2684.615832
326,20,2684.615832
326,21,2667.958239
326,21,2667.958239
326,21,2667.958239
326,21,2667.958239
326,21,2667.958239
326,22,2665.283557
326,22,2665.283557
326,22,2665.283557
326,22,2665.283557
326,22,2665.283557
326,22,2665.283557
326,22,2665.283557
326,22,2665.283557
326,22,2665.283557
326,22,2665.283557
326,22,2665.283557
326,22,2665.283557
326,22,2665.283557
326,22,2665.283557
326,22,2665.283557
326,22,2665.283557
326,22,2665.283557
326,22,2665.283557
326,22,2665.283557
326,22,2665.283557
326,22,2665.283557
326,22,2665.283557
326,22,2665.283557
326,22,2665.283557
326,22,2665.283557
326,22,2665.283557
326,22,2665.283557
326,22,2665.283557
326,22,2665.283557
326,22,2665.283557
326,22,2665.283557
326,22,2665.283557
326,22,2665.283557
326,22,2665.283557
326,22,2665.283557
326,22,2665.283557
326,22,2665.283557
326,24,2661.838650
326,24,2661.838650
326,24,2661.838650
326,24,2661.838650
326,24,2661.838650
327,15,3118.558800
327,15,3118.558800
327,15,3118.558800
327,15,3118.558800
327,15,3118.558800
327,15,3118.558800
327,15,3118.558800
327,15,3118.558800
327,16,2876.502581
327,16,2876.502581
327,17,2800.887571
327,17,2800.887571
327,17,2800.887571
327,17,2800.887571
327,17,2800.887571
327,17,2800.887571
327,17,2800.887571
327,18,2731.111091
327,18,2731.111091
327,18,2731.111091
327,19,2713.005276
327,19,2713.005276
327,19,2713.005276
327,19,2713.005276
327,19,2713.005276
327,19,2713.005276
327,19,2713.005276
327,19,2713.005276
327,19,2713.005276
327,19,2713.005276
327,19,2713.005276
327,19,2713.005276
327,19,2713.005276
327,19,2713.005276
327,19,2713.005276
327,19,2713.005276
327,19,2713.005276
327,19,2713.005276
327,20,2684.615832
327,20,2684.615832
327,20,2684.615832
327,20,2684.615832
327,20,2684.615832
327,20,2684.615832
327,20,2684.615832
327,20,2684.615832
327,20,2684.615832
327,20,2684.615832
327,20,2684.615832
327,20,2684.615832
327,21,2667.958239
327,21,2667.958239
327,21,2667.958239
327,21,2667.958239
327,21,2667.958239
327,21,2667.958239
327,22,2665.283557
327,22,2665.283557
327,22,2665.283557
327,22,2665.283557
327,22,2665.283557
327,22,2665.283557
327,22,2665.283557
327,22,2665.283557
327,22,2665.283557
327,22,2665.283557
327,22,2665.283557
327,22,2665.283557
327,22,2665.283557
327,22,2665.283557
327,22,2665.283557
327,22,2665.283557
327,22,2665.283557
327,22,2665.283557
327,22,2665.283557
327,22,2665.283557
327,22,2665.283557
327,22,2665.283557
327,22,2665.283557
327,22,2665.283557
327,22,2665.283557
327,22,2665.283557
327,22,2665.283557
327,22,2665.283557
327,22,2665.283557
327,22,2665.283557
327,22,2665.283557
327,22,2665.283557
327,22,2665.283557
327,22,2665.283557
327,22,2665.283557
327,22,2665.283557
327,22,2665.283557
327,22,2665.283557
327,22,2665.283557
327,22,2665.283557
327,23,2660.532439
328,15,3116.710368
328,16,2876.502581
328,16,2876.502581
328,16,2876.502581
328,17,2800.887571
328,17,2800.887571
328,17,2800.887571
328,17,2800.887571
328,17,2800.887571
328,17,2800.887571
328,17,2800.887571
328,17,2800.887571
328,18,2731.111091
328,18,2731.111091
328,18,2731.111091
328,18,2731.111091
328,19,2713.005276
328,19,2713.005276
328,19,2713.005276
328,19,2713.005276
328,19,2713.005276
328,19,2713.005276
328,19,2713.005276
328,19,2713.005276
328,19,2713.005276
328,19,2713.005276
328,19,2713.005276
328,19,2713.005276
328,19,2713.005276
328,19,2713.005276
328,19,2713.005276
328,19,2713.005276
328,19,2713.005276
328,19,2713.005276
328,19,2713.005276
328,20,2684.615832
328,20,2684.615832
328,20,2684.615832
328,20,2684.615832
328,20,2684.615832
328,20,2684.615832
328,20,2684.615832
328,20,2684.615832
328,20,2684.615832
328,20,2684.615832
328,20,2684.615832
328,20,2684.615832
328,20,2684.615832
328,20,2684.615832
328,20,2684.615832
328,21,2667.958239
328,21,2667.958239
328,21,2667.958239
328,21,2667.958239
328,21,2667.958239
328,21,2667.958239
328,21,2667.958239
328,22,2665.283557
328,22,2665.283557
328,22,2665.283557
328,22,2665.283557
328,22,2665.283557
328,22,2665.283557
328,22,2665.283557
328,22,2665.283557
328,22,2665.283557
328,22,2665.283557
328,22,2665.283557
328,22,2665.283557
328,22,2665.283557
328,22,2665.283557
328,22,2665.283557
328,22,2665.283557
328,22,2665.283557
328,22,2665.283557
328,22,2665.283557
328,22,2665.283557
328,22,2665.283557
328,22,2665.283557
328,22,2665.283557
328,22,2665.283557
328,22,2665.283557
328,22,2665.283557
328,22,2665.283557
328,22,2665.283557
328,22,2665.283557
328,22,2665.283557
328,22,2665.283557
328,22,2665.283557
328,22,2665.283557
328,22,2665.283557
328,22,2665.283557
328,22,2665.283557
328,22,2665.283557
328,22,2665.283557
328,22,2665.283557
328,22,2665.283557
328,22,2665.283557
328,22,2665.283557
328,22,2665.283557
328,23,2660.532439
328,23,2660.532439
329,15,3116.710368
329,15,3116.710368
329,16,2876.502581
329,16,2876.502581
329,16,2876.502581
329,16,2876.502581
329,17,2800.887571
329,17,2800.887571
329,17,2800.887571
329,17,2800.887571
329,17,2800.887571
329,17,2800.887571
329,17,2800.887571
329,17,2800.887571
329,17,2800.887571
329,18,2731.111091
329,18,2731.111091
329,18,2731.111091
329,18,2731.111091
329,18,2731.111091
329,19,2713.005276
329,19,2713.005276
329,19,2713.005276
329,19,2713.005276
329,19,2713.005276
329,19,2713.005276
329,19,2713.005276
329,19,2713.005276
329,19,2713.005276
329,19,2713.005276
329,19,2713.005276
329,19,2713.005276
329,19,2713.005276
329,19,2713.005276
329,19,2713.005276
329,19,2713.005276
329,19,2713.005276
329,19,2713.005276
329,19,2713.005276
329,19,2713.005276
329,20,2684.615832
329,20,2684.615832
329,20,2684.615832
329,20,2684.615832
329,20,2684.615832
329,20,2684.615832
329,20,2684.615832
329,20,2684.615832
329,20,2684.615832
329,20,2684.615832
329,20,2684.615832
329,20,2684.615832
329,20,2684.615832
329,20,2684.615832
329,20,2684.615832
329,20,2684.615832
329,20,2684.615832
329,20,2684.615832
329,21,2667.958239
329,21,2667.958239
329,21,2667.958239
329,21,2667.958239
329,21,2667.958239
329,21,2667.958239
329,21,2667.958239
329,21,2667.958239
329,22,2665.283557
329,22,2665.283557
329,22,2665.283557
329,22,2665.283557
329,22,2665.283557
329,22,2665.283557
329,22,2665.283557
329,22,2665.283557
329,22,2665.283557
329,22,2665.283557
329,22,2665.283557
329,22,2665.283557
329,22,2665.283557
329,22,2665.283557
329,22,2665.283557
329,22,2665.283557
329,22,2665.283557
329,22,2665.283557
329,22,2665.283557
329,22,2665.283557
329,22,2665.283557
329,22,2665.283557
329,22,2665.283557
329,22,2665.283557
329,22,2665.283557
329,22,2665.283557
329,22,2665.283557
329,22,2665.283557
329,22,2665.283557
329,22,2665.283557
329,22,2665.283557
329,22,2665.283557
329,22,2665.283557
329,22,2665.283557
329,22,2665.283557
329,22,2665.283557
329,22,2665.283557
329,22,2665.283557
329,22,2665.283557
329,22,2665.283557
329,22,2665.283557
329,22,2665.283557
329,22,2665.283557
329,22,2665.283557
329,22,2665.283557
329,22,2665.283557
329,23,2660.532439
329,23,2660.532439
329,23,2660.532439
330,15,3116.710368
330,15,3116.710368
330,15,3116.710368
330,16,2876.502581
330,16,2876.502581
330,16,2876.502581
330,16,2876.502581
330,16,2876.502581
330,17,2800.887571
330,17,2800.887571
330,17,2800.887571
330,17,2800.887571
330,17,2800.887571
330,17,2800.887571
330,17,2800.887571
330,17,2800.887571
330,17,2800.887571
330,17,2800.887571
330,18,2731.111091
330,18,2731.111091
330,18,2731.111091
330,18,2731.111091
330,18,2731.111091
330,18,2731.111091
330,19,2713.005276
330,19,2713.005276
330,19,2713.005276
330,19,2713.005276
330,19,2713.005276
330,19,2713.005276
330,19,2713.005276
330,19,2713.005276
330,19,2713.005276
330,19,2713.005276
330,19,2713.005276
330,19,2713.005276
330,19,2713.005276
330,19,2713.005276
330,19,2713.005276
330,19,2713.005276
330,19,2713.005276
330,19,2713.005276
330,19,2713.005276
330,19,2713.005276
330,19,2713.005276
330,20,2684.615832
330,20,2684.615832
330,20,2684.615832
330,20,2684.615832
330,20,2684.615832
330,20,2684.615832
330,20,2684.615832
330,20,2684.615832
330,20,2684.615832
330,20,2684.615832
330,20,2684.615832
330,20,2684.615832
330,20,2684.615832
330,20,2684.615832
330,20,2684.615832
330,20,2684.615832
330,20,2684.615832
330,20,2684.615832
330,20,2684.615832
330,20,2684.615832
330,20,2684.615832
330,21,2667.958239
330,21,2667.958239
330,21,2667.958239
330,21,2667.958239
330,21,2667.958239
330,21,2667.958239
330,21,2667.958239
330,21,2667.958239
330,21,2667.958239
330,22,2665.283557
330,22,2665.283557
330,22,2665.283557
330,22,2665.283557
330,22,2665.283557
330,22,2665.283557
330,22,2665.283557
330,22,2665.283557
330,22,2665.283557
330,22,2665.283557
330,22,2665.283557
330,22,2665.283557
330,22,2665.283557
330,22,2665.283557
330,22,2665.283557
330,22,2665.283557
330,22,2665.283557
330,22,2665.283557
330,22,2665.283557
330,22,2665.283557
330,22,2665.283557
330,22,2665.283557
330,22,2665.283557
330,22,2665.283557
330,22,2665.283557
330,22,2665.283557
330,22,2665.283557
330,22,2665.283557
330,22,2665.283557
330,22,2665.283557
330,22,2665.283557
330,22,2665.283557
330,22,2665.283557
330,22,2665.283557
330,22,2665.283557
330,22,2665.283557
330,22,2665.283557
330,22,2665.283557
330,22,2665.283557
330,22,2665.283557
330,22,2665.283557
330,22,2665.283557
330,22,2665.283557
330,22,2665.283557
330,22,2665.283557
330,22,2665.283557
330,22,2665.283557
330,22,2665.283557
330,22,2665.283557
330,23,2660.532439
330,23,2660.532439
330,23,2660.532439
330,23,2660.532439
330,23,2660.532439
331,15,3116.710368
331,15,3116.710368
331,15,3116.710368
331,15,3116.710368
331,16,2876.502581
331,16,2876.502581
331,16,2876.502581
331,16,2876.502581
331,16,2876.502581
331,16,2876.502581
331,17,2800.887571
331,17,2800.887571
331,17,2800.887571
331,17,2800.887571
331,17,2800.887571
331,17,2800.887571
331,17,2800.887571
331,17,2800.887571
331,17,2800.887571
331,17,2800.887571
331,17,2800.887571
331,18,2731.111091
331,18,2731.111091
331,18,2731.111091
331,18,2731.111091
331,18,2731.111091
331,18,2731.111091
331,18,2731.111091
331,19,2713.005276
331,19,2713.005276
331,19,2713.005276
331,19,2713.005276
331,19,2713.005276
331,19,2713.005276
331,19,2713.005276
331,19,2713.005276
331,19,2713.005276
331,19,2713.005276
331,19,2713.005276
331,19,2713.005276
331,19,2713.005276
331,19,2713.005276
331,19,2713.005276
331,19,2713.005276
331,19,2713.005276
331,19,2713.005276
331,19,2713.005276
331,19,2713.005276
331,19,2713.005276
331,19,2713.005276
331,20,2681.310060
331,21,2667.958239
331,21,2667.958239
331,21,2667.958239
331,21,2667.958239
331,21,2667.958239
331,21,2667.958239
331,21,2667.958239
331,21,2667.958239
331,21,2667.958239
331,21,2667.958239
331,22,2665.283557
331,22,2665.283557
331,22,2665.283557
331,22,2665.283557
331,22,2665.283557
331,22,2665.283557
331,22,2665.283557
331,22,2665.283557
331,22,2665.283557
331,22,2665.283557
331,22,2665.283557
331,22,2665.283557
331,22,2665.283557
331,22,2665.283557
331,22,2665.283557
331,22,2665.283557
331,22,2665.283557
331,22,2665.283557
331,22,2665.283557
331,22,2665.283557
331,22,2665.283557
331,22,2665.283557
331,22,2665.283557
331,22,2665.283557
331,22,2665.283557
331,22,2665.283557
331,22,2665.283557
331,22,2665.283557
331,22,2665.283557
331,22,2665.283557
331,22,2665.283557
331,22,2665.283557
331,22,2665.283557
331,22,2665.283557
331,22,2665.283557
331,22,2665.283557
331,22,2665.283557
331,22,2665.283557
331,22,2665.283557
331,22,2665.283557
331,22,2665.283557
331,22,2665.283557
331,22,2665.283557
331,22,2665.283557
331,22,2665.283557
331,22,2665.283557
331,22,2665.283557
331,22,2665.283557
331,22,2665.283557
331,22,2665.283557
331,22,2665.283557
331,22,2665.283557
331,23,2660.532439
331,23,2660.532439
331,23,2660.532439
331,23,2660.532439
331,23,2660.532439
331,23,2660.532439
331,23,2660.532439
332,15,3116.710368
332,15,3116.710368
332,15,3116.710368
332,15,3116.710368
332,15,3116.710368
332,16,2876.502581
332,16,2876.502581
332,16,2876.502581
332,16,2876.502581
332,16,2876.502581
332,16,2876.502581
332,16,2876.502581
332,17,2800.887571
332,17,2800.887571
332,17,2800.887571
332,17,2800.887571
332,17,2800.887571
332,17,2800.887571
332,17,2800.887571
332,17,2800.887571
332,17,2800.887571
332,17,2800.887571
332,17,2800.887571
332,17,2800.887571
332,18,2731.111091
332,18,2731.111091
332,18,2731.111091
332,18,2731.111091
332,18,2731.111091
332,18,2731.111091
332,18,2731.111091
332,18,2731.111091
332,19,2713.005276
332,19,2713.005276
332,19,2713.005276
332,19,2713.005276
332,19,2713.005276
332,19,2713.005276
332,19,2713.005276
332,19,2713.005276
332,19,2713.005276
332,19,2713.005276
332,19,2713.005276
332,19,2713.005276
332,19,2713.005276
332,19,2713.005276
332,19,2713.005276
332,19,2713.005276
332,19,2713.005276
332,19,2713.005276
332,19,2713.005276
332,19,2713.005276
332,19,2713.005276
332,19,2713.005276
332,19,2713.005276
332,20,2681.310060
332,20,2681.310060
332,21,2667.958239
332,21,2667.958239
332,21,2667.958239
332,21,2667.958239
332,21,2667.958239
332,21,2667.958239
332,21,2667.958239
332,21,2667.958239
332,21,2667.958239
332,21,2667.958239
332,21,2667.958239
332,22,2665.283557
332,22,2665.283557
332,22,2665.283557
332,22,2665.283557
332,22,2665.283557
332,22,2665.283557
332,22,2665.283557
332,22,2665.283557
332,22,2665.283557
332,22,2665.283557
332,22,2665.283557
332,22,2665.283557
332,22,2665.283557
332,22,2665.283557
332,22,2665.283557
332,22,2665.283557
332,22,2665.283557
332,22,2665.283557
332,22,2665.283557
332,22,2665.283557
332,22,2665.283557
332,22,2665.283557
332,22,2665.283557
332,22,2665.283557
332,22,2665.283557
332,22,2665.283557
332,22,2665.283557
332,22,2665.283557
332,22,2665.283557
332,22,2665.283557
332,22,2665.283557
332,22,2665.283557
332,22,2665.283557
332,22,2665.283557
332,22,2665.283557
332,22,2665.283557
332,22,2665.283557
332,22,2665.283557
332,22,2665.283557
332,22,2665.283557
332,22,2665.283557
332,22,2665.283557
332,22,2665.283557
332,22,2665.283557
332,22,2665.283557
332,22,2665.283557
332,22,2665.283557
332,22,2665.283557
332,22,2665.283557
332,22,2665.283557
332,22,2665.283557
332,22,2665.283557
332,22,2665.283557
332,22,2665.283557
332,22,2665.283557
332,23,2660.532439
332,23,2660.532439
332,23,2660.532439
332,23,2660.532439
332,23,2660.532439
332,23,2660.532439
332,23,2660.532439
332,23,2660.532439
332,23,2660.532439
