Iteration,NV,TOC
1,13,5148.064571
1,16,5088.191923
2,11,5218.987120
2,12,5218.043239
2,13,5148.064571
2,16,5088.191923
3,11,5197.692997
3,13,5148.064571
3,16,5088.191923
4,11,5197.692997
4,13,5148.064571
4,16,5088.191923
5,11,5197.692997
5,12,5157.585097
5,13,5100.469401
5,16,5088.191923
6,11,5197.692997
6,12,5088.017365
6,13,5086.668592
7,11,5197.692997
7,12,5088.017365
7,13,5086.668592
8,11,5097.900067
8,12,5088.017365
8,13,5086.668592
9,10,5109.970805
9,11,5079.806166
10,10,5109.970805
10,10,5109.970805
10,10,5109.970805
10,10,5109.970805
10,10,5109.970805
10,11,5079.806166
11,10,5104.084760
11,11,5079.806166
12,10,5104.084760
12,10,5104.084760
12,11,5079.806166
13,10,5104.084760
13,10,5104.084760
13,10,5104.084760
13,11,5079.806166
14,10,5104.084760
14,10,5104.084760
14,10,5104.084760
14,11,5079.806166
15,10,5104.084760
15,10,5104.084760
15,10,5104.084760
15,11,5079.806166
16,10,5104.084760
16,10,5104.084760
16,10,5104.084760
16,11,5079.806166
17,10,5104.084760
17,10,5104.084760
17,10,5104.084760
17,11,5079.806166
18,10,5104.084760
18,10,5104.084760
18,10,5104.084760
18,11,5079.806166
19,10,5104.084760
19,10,5104.084760
19,10,5104.084760
19,11,5079.806166
20,10,5104.084760
20,10,5104.084760
20,10,5104.084760
20,11,5079.806166
21,10,5104.084760
21,10,5104.084760
21,10,5104.084760
21,11,5079.806166
22,10,5104.084760
22,10,5104.084760
22,10,5104.084760
22,11,5079.806166
23,10,5104.084760
23,10,5104.084760
23,10,5104.084760
23,11,5079.806166
24,10,5104.084760
24,10,5104.084760
24,10,5104.084760
24,11,5079.806166
25,10,5104.084760
25,10,5104.084760
25,10,5104.084760
25,11,5079.806166
26,10,5104.084760
26,10,5104.084760
26,10,5104.084760
26,11,5079.806166
27,10,5104.084760
27,10,5104.084760
27,10,5104.084760
27,11,5079.806166
28,10,5104.084760
28,10,5104.084760
28,10,5104.084760
28,11,5079.806166
29,10,5104.084760
29,10,5104.084760
29,10,5104.084760
29,11,5079.806166
30,10,5104.084760
30,10,5104.084760
30,10,5104.084760
30,11,5079.806166
31,10,5104.084760
31,10,5104.084760
31,10,5104.084760
31,11,5079.806166
32,10,5104.084760
32,10,5104.084760
32,10,5104.084760
32,11,5079.806166
33,10,5104.084760
33,10,5104.084760
33,10,5104.084760
33,11,5079.806166
34,10,5104.084760
34,10,5104.084760
34,10,5104.084760
34,11,5079.806166
35,10,5104.084760
35,10,5104.084760
35,10,5104.084760
35,11,5079.806166
36,10,5104.084760
36,10,5104.084760
36,10,5104.084760
36,11,5079.806166
37,10,5102.650639
37,11,5079.806166
38,10,5098.359053
38,11,5079.806166
39,10,5098.359053
39,11,5079.806166
40,10,5098.359053
40,11,5079.806166
41,10,5098.359053
41,11,5079.806166
42,10,5098.359053
42,11,5079.806166
43,10,5098.359053
43,10,5098.359053
43,11,5079.806166
44,10,5098.359053
44,10,5098.359053
44,11,5079.806166
45,10,5098.359053
45,10,5098.359053
45,11,5079.806166
46,10,5098.359053
46,10,5098.359053
46,11,5079.806166
47,10,5098.359053
47,10,5098.359053
47,11,5079.806166
48,10,5098.359053
48,10,5098.359053
48,11,5079.806166
49,10,5098.359053
49,10,5098.359053
49,11,5079.806166
50,10,5098.359053
50,10,5098.359053
50,11,5079.806166
51,10,5098.359053
51,10,5098.359053
51,11,5079.806166
52,10,5098.359053
52,10,5098.359053
52,11,5079.806166
53,10,5098.359053
53,10,5098.359053
53,11,5079.806166
54,10,5098.359053
54,10,5098.359053
54,11,5079.806166
55,10,5098.359053
55,10,5098.359053
55,11,5079.806166
56,10,5098.359053
56,10,5098.359053
56,10,5098.359053
56,11,5079.806166
57,10,5098.359053
57,10,5098.359053
57,10,5098.359053
57,11,5079.806166
58,10,5098.359053
58,10,5098.359053
58,10,5098.359053
58,11,5079.806166
59,10,5098.359053
59,10,5098.359053
59,10,5098.359053
59,11,5079.806166
60,10,5098.359053
60,10,5098.359053
60,10,5098.359053
60,11,5079.806166
61,10,5098.359053
61,10,5098.359053
61,10,5098.359053
61,11,5079.806166
62,10,5098.359053
62,10,5098.359053
62,10,5098.359053
62,11,5079.806166
63,10,5098.359053
63,10,5098.359053
63,10,5098.359053
63,11,5079.806166
64,10,5098.359053
64,10,5098.359053
64,10,5098.359053
64,11,5079.806166
65,10,5098.359053
65,10,5098.359053
65,10,5098.359053
65,11,5079.806166
66,10,5098.359053
66,10,5098.359053
66,10,5098.359053
66,11,5079.806166
67,10,5098.359053
67,10,5098.359053
67,10,5098.359053
67,10,5098.359053
67,11,5079.806166
68,10,5098.359053
68,10,5098.359053
68,10,5098.359053
68,10,5098.359053
68,11,5079.806166
69,10,5098.359053
69,10,5098.359053
69,10,5098.359053
69,10,5098.359053
69,11,5079.806166
70,10,5098.359053
70,10,5098.359053
70,10,5098.359053
70,10,5098.359053
70,11,5079.806166
71,10,5098.359053
71,10,5098.359053
71,10,5098.359053
71,10,5098.359053
71,11,5079.806166
72,10,5098.359053
72,10,5098.359053
72,10,5098.359053
72,10,5098.359053
72,10,5098.359053
72,11,5079.806166
73,10,5098.359053
73,10,5098.359053
73,10,5098.359053
73,10,5098.359053
73,10,5098.359053
73,11,5079.806166
74,10,5098.359053
74,10,5098.359053
74,10,5098.359053
74,10,5098.359053
74,10,5098.359053
74,11,5079.806166
75,10,5098.359053
75,10,5098.359053
75,10,5098.359053
75,10,5098.359053
75,10,5098.359053
75,11,5079.806166
76,10,5098.359053
76,10,5098.359053
76,10,5098.359053
76,10,5098.359053
76,10,5098.359053
76,11,5079.806166
77,10,5098.359053
77,10,5098.359053
77,10,5098.359053
77,10,5098.359053
77,10,5098.359053
77,11,5079.806166
78,10,5098.359053
78,10,5098.359053
78,10,5098.359053
78,10,5098.359053
78,10,5098.359053
78,11,5079.806166
79,10,5098.359053
79,10,5098.359053
79,10,5098.359053
79,10,5098.359053
79,10,5098.359053
79,11,5079.806166
80,10,5098.359053
80,10,5098.359053
80,10,5098.359053
80,10,5098.359053
80,10,5098.359053
80,11,5079.806166
81,10,5098.359053
81,10,5098.359053
81,10,5098.359053
81,10,5098.359053
81,10,5098.359053
81,11,5079.806166
82,10,5098.359053
82,10,5098.359053
82,10,5098.359053
82,10,5098.359053
82,10,5098.359053
82,11,5079.806166
83,10,5098.359053
83,10,5098.359053
83,10,5098.359053
83,10,5098.359053
83,10,5098.359053
83,11,5079.806166
84,10,5098.359053
84,10,5098.359053
84,10,5098.359053
84,10,5098.359053
84,10,5098.359053
84,10,5098.359053
84,11,5079.806166
85,10,5098.359053
85,10,5098.359053
85,10,5098.359053
85,10,5098.359053
85,10,5098.359053
85,10,5098.359053
85,11,5079.806166
86,10,5098.359053
86,10,5098.359053
86,10,5098.359053
86,10,5098.359053
86,10,5098.359053
86,10,5098.359053
86,11,5079.806166
87,10,5098.359053
87,10,5098.359053
87,10,5098.359053
87,10,5098.359053
87,10,5098.359053
87,10,5098.359053
87,11,5079.806166
88,10,5098.359053
88,10,5098.359053
88,10,5098.359053
88,10,5098.359053
88,10,5098.359053
88,10,5098.359053
88,11,5079.806166
89,10,5098.359053
89,10,5098.359053
89,10,5098.359053
89,10,5098.359053
89,10,5098.359053
89,10,5098.359053
89,11,5079.806166
90,10,5098.359053
90,10,5098.359053
90,10,5098.359053
90,10,5098.359053
90,10,5098.359053
90,10,5098.359053
90,11,5079.806166
91,10,5098.359053
91,10,5098.359053
91,10,5098.359053
91,10,5098.359053
91,10,5098.359053
91,10,5098.359053
91,10,5098.359053
91,11,5079.806166
92,10,5098.359053
92,10,5098.359053
92,10,5098.359053
92,10,5098.359053
92,10,5098.359053
92,10,5098.359053
92,10,5098.359053
92,11,5079.806166
93,10,5098.359053
93,10,5098.359053
93,10,5098.359053
93,10,5098.359053
93,10,5098.359053
93,10,5098.359053
93,10,5098.359053
93,11,5079.806166
94,10,5098.359053
94,10,5098.359053
94,10,5098.359053
94,10,5098.359053
94,10,5098.359053
94,10,5098.359053
94,10,5098.359053
94,11,5079.806166
95,10,5098.359053
95,10,5098.359053
95,10,5098.359053
95,10,5098.359053
95,10,5098.359053
95,10,5098.359053
95,10,5098.359053
95,11,5079.806166
96,10,5098.359053
96,10,5098.359053
96,10,5098.359053
96,10,5098.359053
96,10,5098.359053
96,10,5098.359053
96,10,5098.359053
96,11,5079.806166
97,10,5098.359053
97,10,5098.359053
97,10,5098.359053
97,10,5098.359053
97,10,5098.359053
97,10,5098.359053
97,10,5098.359053
97,11,5079.806166
98,10,5098.359053
98,10,5098.359053
98,10,5098.359053
98,10,5098.359053
98,10,5098.359053
98,10,5098.359053
98,10,5098.359053
98,11,5079.806166
99,10,5098.359053
99,10,5098.359053
99,10,5098.359053
99,10,5098.359053
99,10,5098.359053
99,10,5098.359053
99,10,5098.359053
99,11,5079.806166
100,10,5098.359053
100,10,5098.359053
100,10,5098.359053
100,10,5098.359053
100,10,5098.359053
100,10,5098.359053
100,10,5098.359053
100,11,5079.806166
101,10,5098.359053
101,10,5098.359053
101,10,5098.359053
101,10,5098.359053
101,10,5098.359053
101,10,5098.359053
101,10,5098.359053
101,11,5079.806166
102,10,5098.359053
102,10,5098.359053
102,10,5098.359053
102,10,5098.359053
102,10,5098.359053
102,10,5098.359053
102,10,5098.359053
102,11,5079.806166
103,10,5098.359053
103,10,5098.359053
103,10,5098.359053
103,10,5098.359053
103,10,5098.359053
103,10,5098.359053
103,10,5098.359053
103,11,5079.806166
104,10,5098.359053
104,10,5098.359053
104,10,5098.359053
104,10,5098.359053
104,10,5098.359053
104,10,5098.359053
104,10,5098.359053
104,11,5079.806166
105,10,5098.359053
105,10,5098.359053
105,10,5098.359053
105,10,5098.359053
105,10,5098.359053
105,10,5098.359053
105,10,5098.359053
105,11,5079.806166
106,10,5098.359053
106,10,5098.359053
106,10,5098.359053
106,10,5098.359053
106,10,5098.359053
106,10,5098.359053
106,10,5098.359053
106,11,5079.806166
107,10,5098.359053
107,10,5098.359053
107,10,5098.359053
107,10,5098.359053
107,10,5098.359053
107,10,5098.359053
107,10,5098.359053
107,11,5079.806166
108,10,5098.359053
108,10,5098.359053
108,10,5098.359053
108,10,5098.359053
108,10,5098.359053
108,10,5098.359053
108,10,5098.359053
108,11,5079.806166
109,10,5098.359053
109,10,5098.359053
109,10,5098.359053
109,10,5098.359053
109,10,5098.359053
109,10,5098.359053
109,10,5098.359053
109,11,5079.806166
110,10,5098.359053
110,10,5098.359053
110,10,5098.359053
110,10,5098.359053
110,10,5098.359053
110,10,5098.359053
110,10,5098.359053
110,11,5079.806166
111,10,5098.359053
111,10,5098.359053
111,10,5098.359053
111,10,5098.359053
111,10,5098.359053
111,10,5098.359053
111,10,5098.359053
111,11,5079.806166
112,10,5098.359053
112,10,5098.359053
112,10,5098.359053
112,10,5098.359053
112,10,5098.359053
112,10,5098.359053
112,10,5098.359053
112,11,5079.806166
113,10,5098.359053
113,10,5098.359053
113,10,5098.359053
113,10,5098.359053
113,10,5098.359053
113,10,5098.359053
113,10,5098.359053
113,11,5079.806166
114,10,5098.359053
114,10,5098.359053
114,10,5098.359053
114,10,5098.359053
114,10,5098.359053
114,10,5098.359053
114,10,5098.359053
114,11,5079.806166
115,10,5098.359053
115,10,5098.359053
115,10,5098.359053
115,10,5098.359053
115,10,5098.359053
115,10,5098.359053
115,10,5098.359053
115,11,5079.806166
116,10,5098.359053
116,10,5098.359053
116,10,5098.359053
116,10,5098.359053
116,10,5098.359053
116,10,5098.359053
116,10,5098.359053
116,11,5079.806166
117,10,5098.359053
117,10,5098.359053
117,10,5098.359053
117,10,5098.359053
117,10,5098.359053
117,10,5098.359053
117,10,5098.359053
117,10,5098.359053
117,11,5079.806166
118,10,5098.359053
118,10,5098.359053
118,10,5098.359053
118,10,5098.359053
118,10,5098.359053
118,10,5098.359053
118,10,5098.359053
118,10,5098.359053
118,11,5079.806166
119,10,5098.359053
119,10,5098.359053
119,10,5098.359053
119,10,5098.359053
119,10,5098.359053
119,10,5098.359053
119,10,5098.359053
119,10,5098.359053
119,11,5079.806166
120,10,5098.359053
120,10,5098.359053
120,10,5098.359053
120,10,5098.359053
120,10,5098.359053
120,10,5098.359053
120,10,5098.359053
120,10,5098.359053
120,11,5079.806166
121,10,5098.359053
121,10,5098.359053
121,10,5098.359053
121,10,5098.359053
121,10,5098.359053
121,10,5098.359053
121,10,5098.359053
121,10,5098.359053
121,11,5079.806166
122,10,5098.359053
122,10,5098.359053
122,10,5098.359053
122,10,5098.359053
122,10,5098.359053
122,10,5098.359053
122,10,5098.359053
122,10,5098.359053
122,11,5079.806166
123,10,5098.359053
123,10,5098.359053
123,10,5098.359053
123,10,5098.359053
123,10,5098.359053
123,10,5098.359053
123,10,5098.359053
123,10,5098.359053
123,10,5098.359053
123,11,5079.806166
124,10,5098.359053
124,10,5098.359053
124,10,5098.359053
124,10,5098.359053
124,10,5098.359053
124,10,5098.359053
124,10,5098.359053
124,10,5098.359053
124,10,5098.359053
124,11,5079.806166
125,10,5098.359053
125,10,5098.359053
125,10,5098.359053
125,10,5098.359053
125,10,5098.359053
125,10,5098.359053
125,10,5098.359053
125,10,5098.359053
125,10,5098.359053
125,11,5079.806166
126,10,5098.359053
126,10,5098.359053
126,10,5098.359053
126,10,5098.359053
126,10,5098.359053
126,10,5098.359053
126,10,5098.359053
126,10,5098.359053
126,10,5098.359053
126,11,5079.806166
127,10,5098.359053
127,10,5098.359053
127,10,5098.359053
127,10,5098.359053
127,10,5098.359053
127,10,5098.359053
127,10,5098.359053
127,10,5098.359053
127,10,5098.359053
127,11,5079.806166
128,10,5098.359053
128,10,5098.359053
128,10,5098.359053
128,10,5098.359053
128,10,5098.359053
128,10,5098.359053
128,10,5098.359053
128,10,5098.359053
128,10,5098.359053
128,11,5079.806166
129,10,5098.359053
129,10,5098.359053
129,10,5098.359053
129,10,5098.359053
129,10,5098.359053
129,10,5098.359053
129,10,5098.359053
129,10,5098.359053
129,10,5098.359053
129,10,5098.359053
129,11,5079.806166
130,10,5098.359053
130,10,5098.359053
130,10,5098.359053
130,10,5098.359053
130,10,5098.359053
130,10,5098.359053
130,10,5098.359053
130,10,5098.359053
130,10,5098.359053
130,10,5098.359053
130,11,5079.806166
131,10,5098.359053
131,10,5098.359053
131,10,5098.359053
131,10,5098.359053
131,10,5098.359053
131,10,5098.359053
131,10,5098.359053
131,10,5098.359053
131,10,5098.359053
131,10,5098.359053
131,10,5098.359053
131,11,5079.806166
132,10,5098.359053
132,10,5098.359053
132,10,5098.359053
132,10,5098.359053
132,10,5098.359053
132,10,5098.359053
132,10,5098.359053
132,10,5098.359053
132,10,5098.359053
132,10,5098.359053
132,10,5098.359053
132,11,5079.806166
133,10,5098.359053
133,10,5098.359053
133,10,5098.359053
133,10,5098.359053
133,10,5098.359053
133,10,5098.359053
133,10,5098.359053
133,10,5098.359053
133,10,5098.359053
133,10,5098.359053
133,10,5098.359053
133,11,5079.806166
134,10,5098.359053
134,10,5098.359053
134,10,5098.359053
134,10,5098.359053
134,10,5098.359053
134,10,5098.359053
134,10,5098.359053
134,10,5098.359053
134,10,5098.359053
134,10,5098.359053
134,10,5098.359053
134,11,5079.806166
135,10,5098.359053
135,10,5098.359053
135,10,5098.359053
135,10,5098.359053
135,10,5098.359053
135,10,5098.359053
135,10,5098.359053
135,10,5098.359053
135,10,5098.359053
135,10,5098.359053
135,10,5098.359053
135,10,5098.359053
135,11,5079.806166
136,10,5098.359053
136,10,5098.359053
136,10,5098.359053
136,10,5098.359053
136,10,5098.359053
136,10,5098.359053
136,10,5098.359053
136,10,5098.359053
136,10,5098.359053
136,10,5098.359053
136,10,5098.359053
136,10,5098.359053
136,11,5079.806166
137,10,5098.359053
137,10,5098.359053
137,10,5098.359053
137,10,5098.359053
137,10,5098.359053
137,10,5098.359053
137,10,5098.359053
137,10,5098.359053
137,10,5098.359053
137,10,5098.359053
137,10,5098.359053
137,10,5098.359053
137,10,5098.359053
137,11,5079.806166
138,10,5098.359053
138,10,5098.359053
138,10,5098.359053
138,10,5098.359053
138,10,5098.359053
138,10,5098.359053
138,10,5098.359053
138,10,5098.359053
138,10,5098.359053
138,10,5098.359053
138,10,5098.359053
138,10,5098.359053
138,10,5098.359053
138,11,5079.806166
139,10,5098.359053
139,10,5098.359053
139,10,5098.359053
139,10,5098.359053
139,10,5098.359053
139,10,5098.359053
139,10,5098.359053
139,10,5098.359053
139,10,5098.359053
139,10,5098.359053
139,10,5098.359053
139,10,5098.359053
139,10,5098.359053
139,11,5079.806166
140,10,5098.359053
140,10,5098.359053
140,10,5098.359053
140,10,5098.359053
140,10,5098.359053
140,10,5098.359053
140,10,5098.359053
140,10,5098.359053
140,10,5098.359053
140,10,5098.359053
140,10,5098.359053
140,10,5098.359053
140,10,5098.359053
140,10,5098.359053
140,11,5079.806166
141,10,5098.359053
141,10,5098.359053
141,10,5098.359053
141,10,5098.359053
141,10,5098.359053
141,10,5098.359053
141,10,5098.359053
141,10,5098.359053
141,10,5098.359053
141,10,5098.359053
141,10,5098.359053
141,10,5098.359053
141,10,5098.359053
141,10,5098.359053
141,11,5079.806166
142,10,5098.359053
142,10,5098.359053
142,10,5098.359053
142,10,5098.359053
142,10,5098.359053
142,10,5098.359053
142,10,5098.359053
142,10,5098.359053
142,10,5098.359053
142,10,5098.359053
142,10,5098.359053
142,10,5098.359053
142,10,5098.359053
142,10,5098.359053
142,11,5079.806166
143,10,5098.359053
143,10,5098.359053
143,10,5098.359053
143,10,5098.359053
143,10,5098.359053
143,10,5098.359053
143,10,5098.359053
143,10,5098.359053
143,10,5098.359053
143,10,5098.359053
143,10,5098.359053
143,10,5098.359053
143,10,5098.359053
143,10,5098.359053
143,11,5079.806166
144,10,5098.359053
144,10,5098.359053
144,10,5098.359053
144,10,5098.359053
144,10,5098.359053
144,10,5098.359053
144,10,5098.359053
144,10,5098.359053
144,10,5098.359053
144,10,5098.359053
144,10,5098.359053
144,10,5098.359053
144,10,5098.359053
144,10,5098.359053
144,11,5079.806166
145,10,5098.359053
145,10,5098.359053
145,10,5098.359053
145,10,5098.359053
145,10,5098.359053
145,10,5098.359053
145,10,5098.359053
145,10,5098.359053
145,10,5098.359053
145,10,5098.359053
145,10,5098.359053
145,10,5098.359053
145,10,5098.359053
145,10,5098.359053
145,11,5079.806166
146,10,5098.359053
146,10,5098.359053
146,10,5098.359053
146,10,5098.359053
146,10,5098.359053
146,10,5098.359053
146,10,5098.359053
146,10,5098.359053
146,10,5098.359053
146,10,5098.359053
146,10,5098.359053
146,10,5098.359053
146,10,5098.359053
146,10,5098.359053
146,11,5079.806166
147,10,5098.359053
147,10,5098.359053
147,10,5098.359053
147,10,5098.359053
147,10,5098.359053
147,10,5098.359053
147,10,5098.359053
147,10,5098.359053
147,10,5098.359053
147,10,5098.359053
147,10,5098.359053
147,10,5098.359053
147,10,5098.359053
147,10,5098.359053
147,11,5079.806166
148,10,5098.359053
148,10,5098.359053
148,10,5098.359053
148,10,5098.359053
148,10,5098.359053
148,10,5098.359053
148,10,5098.359053
148,10,5098.359053
148,10,5098.359053
148,10,5098.359053
148,10,5098.359053
148,10,5098.359053
148,10,5098.359053
148,10,5098.359053
148,10,5098.359053
148,11,5079.806166
149,10,5098.359053
149,10,5098.359053
149,10,5098.359053
149,10,5098.359053
149,10,5098.359053
149,10,5098.359053
149,10,5098.359053
149,10,5098.359053
149,10,5098.359053
149,10,5098.359053
149,10,5098.359053
149,10,5098.359053
149,10,5098.359053
149,10,5098.359053
149,10,5098.359053
149,11,5079.806166
150,10,5098.359053
150,10,5098.359053
150,10,5098.359053
150,10,5098.359053
150,10,5098.359053
150,10,5098.359053
150,10,5098.359053
150,10,5098.359053
150,10,5098.359053
150,10,5098.359053
150,10,5098.359053
150,10,5098.359053
150,10,5098.359053
150,10,5098.359053
150,10,5098.359053
150,11,5079.806166
151,10,5098.359053
151,10,5098.359053
151,10,5098.359053
151,10,5098.359053
151,10,5098.359053
151,10,5098.359053
151,10,5098.359053
151,10,5098.359053
151,10,5098.359053
151,10,5098.359053
151,10,5098.359053
151,10,5098.359053
151,10,5098.359053
151,10,5098.359053
151,10,5098.359053
151,11,5079.806166
152,10,5098.359053
152,10,5098.359053
152,10,5098.359053
152,10,5098.359053
152,10,5098.359053
152,10,5098.359053
152,10,5098.359053
152,10,5098.359053
152,10,5098.359053
152,10,5098.359053
152,10,5098.359053
152,10,5098.359053
152,10,5098.359053
152,10,5098.359053
152,10,5098.359053
152,11,5079.806166
153,10,5098.359053
153,10,5098.359053
153,10,5098.359053
153,10,5098.359053
153,10,5098.359053
153,10,5098.359053
153,10,5098.359053
153,10,5098.359053
153,10,5098.359053
153,10,5098.359053
153,10,5098.359053
153,10,5098.359053
153,10,5098.359053
153,10,5098.359053
153,10,5098.359053
153,11,5079.806166
154,10,5098.359053
154,10,5098.359053
154,10,5098.359053
154,10,5098.359053
154,10,5098.359053
154,10,5098.359053
154,10,5098.359053
154,10,5098.359053
154,10,5098.359053
154,10,5098.359053
154,10,5098.359053
154,10,5098.359053
154,10,5098.359053
154,10,5098.359053
154,10,5098.359053
154,11,5079.806166
155,10,5098.359053
155,10,5098.359053
155,10,5098.359053
155,10,5098.359053
155,10,5098.359053
155,10,5098.359053
155,10,5098.359053
155,10,5098.359053
155,10,5098.359053
155,10,5098.359053
155,10,5098.359053
155,10,5098.359053
155,10,5098.359053
155,10,5098.359053
155,10,5098.359053
155,11,5079.806166
156,10,5098.359053
156,10,5098.359053
156,10,5098.359053
156,10,5098.359053
156,10,5098.359053
156,10,5098.359053
156,10,5098.359053
156,10,5098.359053
156,10,5098.359053
156,10,5098.359053
156,10,5098.359053
156,10,5098.359053
156,10,5098.359053
156,10,5098.359053
156,10,5098.359053
156,11,5079.806166
157,10,5098.359053
157,10,5098.359053
157,10,5098.359053
157,10,5098.359053
157,10,5098.359053
157,10,5098.359053
157,10,5098.359053
157,10,5098.359053
157,10,5098.359053
157,10,5098.359053
157,10,5098.359053
157,10,5098.359053
157,10,5098.359053
157,10,5098.359053
157,10,5098.359053
157,11,5079.806166
158,10,5098.359053
158,10,5098.359053
158,10,5098.359053
158,10,5098.359053
158,10,5098.359053
158,10,5098.359053
158,10,5098.359053
158,10,5098.359053
158,10,5098.359053
158,10,5098.359053
158,10,5098.359053
158,10,5098.359053
158,10,5098.359053
158,10,5098.359053
158,10,5098.359053
158,11,5079.806166
159,10,5098.359053
159,10,5098.359053
159,10,5098.359053
159,10,5098.359053
159,10,5098.359053
159,10,5098.359053
159,10,5098.359053
159,10,5098.359053
159,10,5098.359053
159,10,5098.359053
159,10,5098.359053
159,10,5098.359053
159,10,5098.359053
159,10,5098.359053
159,10,5098.359053
159,11,5079.806166
160,10,5098.359053
160,10,5098.359053
160,10,5098.359053
160,10,5098.359053
160,10,5098.359053
160,10,5098.359053
160,10,5098.359053
160,10,5098.359053
160,10,5098.359053
160,10,5098.359053
160,10,5098.359053
160,10,5098.359053
160,10,5098.359053
160,10,5098.359053
160,10,5098.359053
160,11,5079.806166
161,10,5098.359053
161,10,5098.359053
161,10,5098.359053
161,10,5098.359053
161,10,5098.359053
161,10,5098.359053
161,10,5098.359053
161,10,5098.359053
161,10,5098.359053
161,10,5098.359053
161,10,5098.359053
161,10,5098.359053
161,10,5098.359053
161,10,5098.359053
161,10,5098.359053
161,11,5079.806166
162,10,5098.359053
162,10,5098.359053
162,10,5098.359053
162,10,5098.359053
162,10,5098.359053
162,10,5098.359053
162,10,5098.359053
162,10,5098.359053
162,10,5098.359053
162,10,5098.359053
162,10,5098.359053
162,10,5098.359053
162,10,5098.359053
162,10,5098.359053
162,10,5098.359053
162,11,5079.806166
163,10,5098.359053
163,10,5098.359053
163,10,5098.359053
163,10,5098.359053
163,10,5098.359053
163,10,5098.359053
163,10,5098.359053
163,10,5098.359053
163,10,5098.359053
163,10,5098.359053
163,10,5098.359053
163,10,5098.359053
163,10,5098.359053
163,10,5098.359053
163,10,5098.359053
163,11,5079.806166
164,10,5098.359053
164,10,5098.359053
164,10,5098.359053
164,10,5098.359053
164,10,5098.359053
164,10,5098.359053
164,10,5098.359053
164,10,5098.359053
164,10,5098.359053
164,10,5098.359053
164,10,5098.359053
164,10,5098.359053
164,10,5098.359053
164,10,5098.359053
164,10,5098.359053
164,11,5079.806166
165,10,5098.359053
165,10,5098.359053
165,10,5098.359053
165,10,5098.359053
165,10,5098.359053
165,10,5098.359053
165,10,5098.359053
165,10,5098.359053
165,10,5098.359053
165,10,5098.359053
165,10,5098.359053
165,10,5098.359053
165,10,5098.359053
165,10,5098.359053
165,10,5098.359053
165,11,5079.806166
166,10,5098.359053
166,10,5098.359053
166,10,5098.359053
166,10,5098.359053
166,10,5098.359053
166,10,5098.359053
166,10,5098.359053
166,10,5098.359053
166,10,5098.359053
166,10,5098.359053
166,10,5098.359053
166,10,5098.359053
166,10,5098.359053
166,10,5098.359053
166,10,5098.359053
166,11,5079.806166
167,10,5098.359053
167,10,5098.359053
167,10,5098.359053
167,10,5098.359053
167,10,5098.359053
167,10,5098.359053
167,10,5098.359053
167,10,5098.359053
167,10,5098.359053
167,10,5098.359053
167,10,5098.359053
167,10,5098.359053
167,10,5098.359053
167,10,5098.359053
167,10,5098.359053
167,11,5079.806166
168,10,5098.359053
168,10,5098.359053
168,10,5098.359053
168,10,5098.359053
168,10,5098.359053
168,10,5098.359053
168,10,5098.359053
168,10,5098.359053
168,10,5098.359053
168,10,5098.359053
168,10,5098.359053
168,10,5098.359053
168,10,5098.359053
168,10,5098.359053
168,10,5098.359053
168,10,5098.359053
168,11,5079.806166
169,10,5098.359053
169,10,5098.359053
169,10,5098.359053
169,10,5098.359053
169,10,5098.359053
169,10,5098.359053
169,10,5098.359053
169,10,5098.359053
169,10,5098.359053
169,10,5098.359053
169,10,5098.359053
169,10,5098.359053
169,10,5098.359053
169,10,5098.359053
169,10,5098.359053
169,10,5098.359053
169,11,5079.806166
170,10,5098.359053
170,10,5098.359053
170,10,5098.359053
170,10,5098.359053
170,10,5098.359053
170,10,5098.359053
170,10,5098.359053
170,10,5098.359053
170,10,5098.359053
170,10,5098.359053
170,10,5098.359053
170,10,5098.359053
170,10,5098.359053
170,10,5098.359053
170,10,5098.359053
170,10,5098.359053
170,11,5079.806166
171,10,5098.359053
171,10,5098.359053
171,10,5098.359053
171,10,5098.359053
171,10,5098.359053
171,10,5098.359053
171,10,5098.359053
171,10,5098.359053
171,10,5098.359053
171,10,5098.359053
171,10,5098.359053
171,10,5098.359053
171,10,5098.359053
171,10,5098.359053
171,10,5098.359053
171,10,5098.359053
171,11,5079.806166
172,10,5098.359053
172,10,5098.359053
172,10,5098.359053
172,10,5098.359053
172,10,5098.359053
172,10,5098.359053
172,10,5098.359053
172,10,5098.359053
172,10,5098.359053
172,10,5098.359053
172,10,5098.359053
172,10,5098.359053
172,10,5098.359053
172,10,5098.359053
172,10,5098.359053
172,10,5098.359053
172,11,5079.806166
173,10,5098.359053
173,10,5098.359053
173,10,5098.359053
173,10,5098.359053
173,10,5098.359053
173,10,5098.359053
173,10,5098.359053
173,10,5098.359053
173,10,5098.359053
173,10,5098.359053
173,10,5098.359053
173,10,5098.359053
173,10,5098.359053
173,10,5098.359053
173,10,5098.359053
173,10,5098.359053
173,11,5079.806166
174,10,5098.359053
174,10,5098.359053
174,10,5098.359053
174,10,5098.359053
174,10,5098.359053
174,10,5098.359053
174,10,5098.359053
174,10,5098.359053
174,10,5098.359053
174,10,5098.359053
174,10,5098.359053
174,10,5098.359053
174,10,5098.359053
174,10,5098.359053
174,10,5098.359053
174,10,5098.359053
174,10,5098.359053
174,11,5079.806166
175,10,5098.359053
175,10,5098.359053
175,10,5098.359053
175,10,5098.359053
175,10,5098.359053
175,10,5098.359053
175,10,5098.359053
175,10,5098.359053
175,10,5098.359053
175,10,5098.359053
175,10,5098.359053
175,10,5098.359053
175,10,5098.359053
175,10,5098.359053
175,10,5098.359053
175,10,5098.359053
175,10,5098.359053
175,11,5079.806166
176,10,5098.359053
176,10,5098.359053
176,10,5098.359053
176,10,5098.359053
176,10,5098.359053
176,10,5098.359053
176,10,5098.359053
176,10,5098.359053
176,10,5098.359053
176,10,5098.359053
176,10,5098.359053
176,10,5098.359053
176,10,5098.359053
176,10,5098.359053
176,10,5098.359053
176,10,5098.359053
176,10,5098.359053
176,11,5079.806166
177,10,5098.359053
177,10,5098.359053
177,10,5098.359053
177,10,5098.359053
177,10,5098.359053
177,10,5098.359053
177,10,5098.359053
177,10,5098.359053
177,10,5098.359053
177,10,5098.359053
177,10,5098.359053
177,10,5098.359053
177,10,5098.359053
177,10,5098.359053
177,10,5098.359053
177,10,5098.359053
177,10,5098.359053
177,11,5079.806166
178,10,5098.359053
178,10,5098.359053
178,10,5098.359053
178,10,5098.359053
178,10,5098.359053
178,10,5098.359053
178,10,5098.359053
178,10,5098.359053
178,10,5098.359053
178,10,5098.359053
178,10,5098.359053
178,10,5098.359053
178,10,5098.359053
178,10,5098.359053
178,10,5098.359053
178,10,5098.359053
178,10,5098.359053
178,11,5079.806166
179,10,5098.359053
179,10,5098.359053
179,10,5098.359053
179,10,5098.359053
179,10,5098.359053
179,10,5098.359053
179,10,5098.359053
179,10,5098.359053
179,10,5098.359053
179,10,5098.359053
179,10,5098.359053
179,10,5098.359053
179,10,5098.359053
179,10,5098.359053
179,10,5098.359053
179,10,5098.359053
179,10,5098.359053
179,11,5079.806166
180,10,5098.359053
180,10,5098.359053
180,10,5098.359053
180,10,5098.359053
180,10,5098.359053
180,10,5098.359053
180,10,5098.359053
180,10,5098.359053
180,10,5098.359053
180,10,5098.359053
180,10,5098.359053
180,10,5098.359053
180,10,5098.359053
180,10,5098.359053
180,10,5098.359053
180,10,5098.359053
180,10,5098.359053
180,11,5079.806166
181,10,5098.359053
181,10,5098.359053
181,10,5098.359053
181,10,5098.359053
181,10,5098.359053
181,10,5098.359053
181,10,5098.359053
181,10,5098.359053
181,10,5098.359053
181,10,5098.359053
181,10,5098.359053
181,10,5098.359053
181,10,5098.359053
181,10,5098.359053
181,10,5098.359053
181,10,5098.359053
181,10,5098.359053
181,11,5079.806166
182,10,5098.359053
182,10,5098.359053
182,10,5098.359053
182,10,5098.359053
182,10,5098.359053
182,10,5098.359053
182,10,5098.359053
182,10,5098.359053
182,10,5098.359053
182,10,5098.359053
182,10,5098.359053
182,10,5098.359053
182,10,5098.359053
182,10,5098.359053
182,10,5098.359053
182,10,5098.359053
182,10,5098.359053
182,11,5079.806166
183,10,5098.359053
183,10,5098.359053
183,10,5098.359053
183,10,5098.359053
183,10,5098.359053
183,10,5098.359053
183,10,5098.359053
183,10,5098.359053
183,10,5098.359053
183,10,5098.359053
183,10,5098.359053
183,10,5098.359053
183,10,5098.359053
183,10,5098.359053
183,10,5098.359053
183,10,5098.359053
183,10,5098.359053
183,11,5079.806166
184,10,5098.359053
184,10,5098.359053
184,10,5098.359053
184,10,5098.359053
184,10,5098.359053
184,10,5098.359053
184,10,5098.359053
184,10,5098.359053
184,10,5098.359053
184,10,5098.359053
184,10,5098.359053
184,10,5098.359053
184,10,5098.359053
184,10,5098.359053
184,10,5098.359053
184,10,5098.359053
184,10,5098.359053
184,10,5098.359053
184,11,5079.806166
185,10,5098.359053
185,10,5098.359053
185,10,5098.359053
185,10,5098.359053
185,10,5098.359053
185,10,5098.359053
185,10,5098.359053
185,10,5098.359053
185,10,5098.359053
185,10,5098.359053
185,10,5098.359053
185,10,5098.359053
185,10,5098.359053
185,10,5098.359053
185,10,5098.359053
185,10,5098.359053
185,10,5098.359053
185,10,5098.359053
185,11,5079.806166
186,10,5098.359053
186,10,5098.359053
186,10,5098.359053
186,10,5098.359053
186,10,5098.359053
186,10,5098.359053
186,10,5098.359053
186,10,5098.359053
186,10,5098.359053
186,10,5098.359053
186,10,5098.359053
186,10,5098.359053
186,10,5098.359053
186,10,5098.359053
186,10,5098.359053
186,10,5098.359053
186,10,5098.359053
186,10,5098.359053
186,11,5079.806166
187,10,5098.359053
187,10,5098.359053
187,10,5098.359053
187,10,5098.359053
187,10,5098.359053
187,10,5098.359053
187,10,5098.359053
187,10,5098.359053
187,10,5098.359053
187,10,5098.359053
187,10,5098.359053
187,10,5098.359053
187,10,5098.359053
187,10,5098.359053
187,10,5098.359053
187,10,5098.359053
187,10,5098.359053
187,10,5098.359053
187,11,5079.806166
188,10,5098.359053
188,10,5098.359053
188,10,5098.359053
188,10,5098.359053
188,10,5098.359053
188,10,5098.359053
188,10,5098.359053
188,10,5098.359053
188,10,5098.359053
188,10,5098.359053
188,10,5098.359053
188,10,5098.359053
188,10,5098.359053
188,10,5098.359053
188,10,5098.359053
188,10,5098.359053
188,10,5098.359053
188,10,5098.359053
188,10,5098.359053
188,11,5079.806166
189,10,5098.359053
189,10,5098.359053
189,10,5098.359053
189,10,5098.359053
189,10,5098.359053
189,10,5098.359053
189,10,5098.359053
189,10,5098.359053
189,10,5098.359053
189,10,5098.359053
189,10,5098.359053
189,10,5098.359053
189,10,5098.359053
189,10,5098.359053
189,10,5098.359053
189,10,5098.359053
189,10,5098.359053
189,10,5098.359053
189,10,5098.359053
189,11,5079.806166
190,10,5098.359053
190,10,5098.359053
190,10,5098.359053
190,10,5098.359053
190,10,5098.359053
190,10,5098.359053
190,10,5098.359053
190,10,5098.359053
190,10,5098.359053
190,10,5098.359053
190,10,5098.359053
190,10,5098.359053
190,10,5098.359053
190,10,5098.359053
190,10,5098.359053
190,10,5098.359053
190,10,5098.359053
190,10,5098.359053
190,10,5098.359053
190,11,5079.806166
191,10,5098.359053
191,10,5098.359053
191,10,5098.359053
191,10,5098.359053
191,10,5098.359053
191,10,5098.359053
191,10,5098.359053
191,10,5098.359053
191,10,5098.359053
191,10,5098.359053
191,10,5098.359053
191,10,5098.359053
191,10,5098.359053
191,10,5098.359053
191,10,5098.359053
191,10,5098.359053
191,10,5098.359053
191,10,5098.359053
191,10,5098.359053
191,11,5079.806166
192,10,5098.359053
192,10,5098.359053
192,10,5098.359053
192,10,5098.359053
192,10,5098.359053
192,10,5098.359053
192,10,5098.359053
192,10,5098.359053
192,10,5098.359053
192,10,5098.359053
192,10,5098.359053
192,10,5098.359053
192,10,5098.359053
192,10,5098.359053
192,10,5098.359053
192,10,5098.359053
192,10,5098.359053
192,10,5098.359053
192,10,5098.359053
192,11,5079.806166
193,10,5098.359053
193,10,5098.359053
193,10,5098.359053
193,10,5098.359053
193,10,5098.359053
193,10,5098.359053
193,10,5098.359053
193,10,5098.359053
193,10,5098.359053
193,10,5098.359053
193,10,5098.359053
193,10,5098.359053
193,10,5098.359053
193,10,5098.359053
193,10,5098.359053
193,10,5098.359053
193,10,5098.359053
193,10,5098.359053
193,10,5098.359053
193,11,5079.806166
194,10,5098.359053
194,10,5098.359053
194,10,5098.359053
194,10,5098.359053
194,10,5098.359053
194,10,5098.359053
194,10,5098.359053
194,10,5098.359053
194,10,5098.359053
194,10,5098.359053
194,10,5098.359053
194,10,5098.359053
194,10,5098.359053
194,10,5098.359053
194,10,5098.359053
194,10,5098.359053
194,10,5098.359053
194,10,5098.359053
194,10,5098.359053
194,11,5079.806166
195,10,5098.359053
195,10,5098.359053
195,10,5098.359053
195,10,5098.359053
195,10,5098.359053
195,10,5098.359053
195,10,5098.359053
195,10,5098.359053
195,10,5098.359053
195,10,5098.359053
195,10,5098.359053
195,10,5098.359053
195,10,5098.359053
195,10,5098.359053
195,10,5098.359053
195,10,5098.359053
195,10,5098.359053
195,10,5098.359053
195,10,5098.359053
195,11,5079.806166
196,10,5098.359053
196,10,5098.359053
196,10,5098.359053
196,10,5098.359053
196,10,5098.359053
196,10,5098.359053
196,10,5098.359053
196,10,5098.359053
196,10,5098.359053
196,10,5098.359053
196,10,5098.359053
196,10,5098.359053
196,10,5098.359053
196,10,5098.359053
196,10,5098.359053
196,10,5098.359053
196,10,5098.359053
196,10,5098.359053
196,10,5098.359053
196,11,5079.806166
197,10,5098.359053
197,10,5098.359053
197,10,5098.359053
197,10,5098.359053
197,10,5098.359053
197,10,5098.359053
197,10,5098.359053
197,10,5098.359053
197,10,5098.359053
197,10,5098.359053
197,10,5098.359053
197,10,5098.359053
197,10,5098.359053
197,10,5098.359053
197,10,5098.359053
197,10,5098.359053
197,10,5098.359053
197,10,5098.359053
197,10,5098.359053
197,11,5079.806166
198,10,5098.359053
198,10,5098.359053
198,10,5098.359053
198,10,5098.359053
198,10,5098.359053
198,10,5098.359053
198,10,5098.359053
198,10,5098.359053
198,10,5098.359053
198,10,5098.359053
198,10,5098.359053
198,10,5098.359053
198,10,5098.359053
198,10,5098.359053
198,10,5098.359053
198,10,5098.359053
198,10,5098.359053
198,10,5098.359053
198,10,5098.359053
198,11,5079.806166
199,10,5098.359053
199,10,5098.359053
199,10,5098.359053
199,10,5098.359053
199,10,5098.359053
199,10,5098.359053
199,10,5098.359053
199,10,5098.359053
199,10,5098.359053
199,10,5098.359053
199,10,5098.359053
199,10,5098.359053
199,10,5098.359053
199,10,5098.359053
199,10,5098.359053
199,10,5098.359053
199,10,5098.359053
199,10,5098.359053
199,10,5098.359053
199,11,5079.806166
200,10,5098.359053
200,10,5098.359053
200,10,5098.359053
200,10,5098.359053
200,10,5098.359053
200,10,5098.359053
200,10,5098.359053
200,10,5098.359053
200,10,5098.359053
200,10,5098.359053
200,10,5098.359053
200,10,5098.359053
200,10,5098.359053
200,10,5098.359053
200,10,5098.359053
200,10,5098.359053
200,10,5098.359053
200,10,5098.359053
200,10,5098.359053
200,11,5079.806166
201,10,5098.359053
201,10,5098.359053
201,10,5098.359053
201,10,5098.359053
201,10,5098.359053
201,10,5098.359053
201,10,5098.359053
201,10,5098.359053
201,10,5098.359053
201,10,5098.359053
201,10,5098.359053
201,10,5098.359053
201,10,5098.359053
201,10,5098.359053
201,10,5098.359053
201,10,5098.359053
201,10,5098.359053
201,10,5098.359053
201,10,5098.359053
201,11,5079.806166
202,10,5098.359053
202,10,5098.359053
202,10,5098.359053
202,10,5098.359053
202,10,5098.359053
202,10,5098.359053
202,10,5098.359053
202,10,5098.359053
202,10,5098.359053
202,10,5098.359053
202,10,5098.359053
202,10,5098.359053
202,10,5098.359053
202,10,5098.359053
202,10,5098.359053
202,10,5098.359053
202,10,5098.359053
202,10,5098.359053
202,10,5098.359053
202,11,5079.806166
203,10,5098.359053
203,10,5098.359053
203,10,5098.359053
203,10,5098.359053
203,10,5098.359053
203,10,5098.359053
203,10,5098.359053
203,10,5098.359053
203,10,5098.359053
203,10,5098.359053
203,10,5098.359053
203,10,5098.359053
203,10,5098.359053
203,10,5098.359053
203,10,5098.359053
203,10,5098.359053
203,10,5098.359053
203,10,5098.359053
203,10,5098.359053
203,11,5079.806166
204,10,5098.359053
204,10,5098.359053
204,10,5098.359053
204,10,5098.359053
204,10,5098.359053
204,10,5098.359053
204,10,5098.359053
204,10,5098.359053
204,10,5098.359053
204,10,5098.359053
204,10,5098.359053
204,10,5098.359053
204,10,5098.359053
204,10,5098.359053
204,10,5098.359053
204,10,5098.359053
204,10,5098.359053
204,10,5098.359053
204,10,5098.359053
204,11,5079.806166
205,10,5098.359053
205,10,5098.359053
205,10,5098.359053
205,10,5098.359053
205,10,5098.359053
205,10,5098.359053
205,10,5098.359053
205,10,5098.359053
205,10,5098.359053
205,10,5098.359053
205,10,5098.359053
205,10,5098.359053
205,10,5098.359053
205,10,5098.359053
205,10,5098.359053
205,10,5098.359053
205,10,5098.359053
205,10,5098.359053
205,10,5098.359053
205,11,5079.806166
206,10,5098.359053
206,10,5098.359053
206,10,5098.359053
206,10,5098.359053
206,10,5098.359053
206,10,5098.359053
206,10,5098.359053
206,10,5098.359053
206,10,5098.359053
206,10,5098.359053
206,10,5098.359053
206,10,5098.359053
206,10,5098.359053
206,10,5098.359053
206,10,5098.359053
206,10,5098.359053
206,10,5098.359053
206,10,5098.359053
206,10,5098.359053
206,11,5079.806166
207,10,5098.359053
207,10,5098.359053
207,10,5098.359053
207,10,5098.359053
207,10,5098.359053
207,10,5098.359053
207,10,5098.359053
207,10,5098.359053
207,10,5098.359053
207,10,5098.359053
207,10,5098.359053
207,10,5098.359053
207,10,5098.359053
207,10,5098.359053
207,10,5098.359053
207,10,5098.359053
207,10,5098.359053
207,10,5098.359053
207,10,5098.359053
207,11,5079.806166
208,10,5098.359053
208,10,5098.359053
208,10,5098.359053
208,10,5098.359053
208,10,5098.359053
208,10,5098.359053
208,10,5098.359053
208,10,5098.359053
208,10,5098.359053
208,10,5098.359053
208,10,5098.359053
208,10,5098.359053
208,10,5098.359053
208,10,5098.359053
208,10,5098.359053
208,10,5098.359053
208,10,5098.359053
208,10,5098.359053
208,10,5098.359053
208,11,5079.806166
209,10,5098.359053
209,10,5098.359053
209,10,5098.359053
209,10,5098.359053
209,10,5098.359053
209,10,5098.359053
209,10,5098.359053
209,10,5098.359053
209,10,5098.359053
209,10,5098.359053
209,10,5098.359053
209,10,5098.359053
209,10,5098.359053
209,10,5098.359053
209,10,5098.359053
209,10,5098.359053
209,10,5098.359053
209,10,5098.359053
209,10,5098.359053
209,11,5079.806166
210,10,5098.359053
210,10,5098.359053
210,10,5098.359053
210,10,5098.359053
210,10,5098.359053
210,10,5098.359053
210,10,5098.359053
210,10,5098.359053
210,10,5098.359053
210,10,5098.359053
210,10,5098.359053
210,10,5098.359053
210,10,5098.359053
210,10,5098.359053
210,10,5098.359053
210,10,5098.359053
210,10,5098.359053
210,10,5098.359053
210,10,5098.359053
210,11,5079.806166
211,10,5098.359053
211,10,5098.359053
211,10,5098.359053
211,10,5098.359053
211,10,5098.359053
211,10,5098.359053
211,10,5098.359053
211,10,5098.359053
211,10,5098.359053
211,10,5098.359053
211,10,5098.359053
211,10,5098.359053
211,10,5098.359053
211,10,5098.359053
211,10,5098.359053
211,10,5098.359053
211,10,5098.359053
211,10,5098.359053
211,10,5098.359053
211,10,5098.359053
211,11,5079.806166
212,10,5098.359053
212,10,5098.359053
212,10,5098.359053
212,10,5098.359053
212,10,5098.359053
212,10,5098.359053
212,10,5098.359053
212,10,5098.359053
212,10,5098.359053
212,10,5098.359053
212,10,5098.359053
212,10,5098.359053
212,10,5098.359053
212,10,5098.359053
212,10,5098.359053
212,10,5098.359053
212,10,5098.359053
212,10,5098.359053
212,10,5098.359053
212,10,5098.359053
212,11,5079.806166
213,10,5098.359053
213,10,5098.359053
213,10,5098.359053
213,10,5098.359053
213,10,5098.359053
213,10,5098.359053
213,10,5098.359053
213,10,5098.359053
213,10,5098.359053
213,10,5098.359053
213,10,5098.359053
213,10,5098.359053
213,10,5098.359053
213,10,5098.359053
213,10,5098.359053
213,10,5098.359053
213,10,5098.359053
213,10,5098.359053
213,10,5098.359053
213,10,5098.359053
213,10,5098.359053
213,11,5079.806166
214,10,5098.359053
214,10,5098.359053
214,10,5098.359053
214,10,5098.359053
214,10,5098.359053
214,10,5098.359053
214,10,5098.359053
214,10,5098.359053
214,10,5098.359053
214,10,5098.359053
214,10,5098.359053
214,10,5098.359053
214,10,5098.359053
214,10,5098.359053
214,10,5098.359053
214,10,5098.359053
214,10,5098.359053
214,10,5098.359053
214,10,5098.359053
214,10,5098.359053
214,10,5098.359053
214,11,5079.806166
215,10,5098.359053
215,10,5098.359053
215,10,5098.359053
215,10,5098.359053
215,10,5098.359053
215,10,5098.359053
215,10,5098.359053
215,10,5098.359053
215,10,5098.359053
215,10,5098.359053
215,10,5098.359053
215,10,5098.359053
215,10,5098.359053
215,10,5098.359053
215,10,5098.359053
215,10,5098.359053
215,10,5098.359053
215,10,5098.359053
215,10,5098.359053
215,10,5098.359053
215,10,5098.359053
215,11,5079.806166
216,10,5098.359053
216,10,5098.359053
216,10,5098.359053
216,10,5098.359053
216,10,5098.359053
216,10,5098.359053
216,10,5098.359053
216,10,5098.359053
216,10,5098.359053
216,10,5098.359053
216,10,5098.359053
216,10,5098.359053
216,10,5098.359053
216,10,5098.359053
216,10,5098.359053
216,10,5098.359053
216,10,5098.359053
216,10,5098.359053
216,10,5098.359053
216,10,5098.359053
216,10,5098.359053
216,11,5079.806166
217,10,5098.359053
217,10,5098.359053
217,10,5098.359053
217,10,5098.359053
217,10,5098.359053
217,10,5098.359053
217,10,5098.359053
217,10,5098.359053
217,10,5098.359053
217,10,5098.359053
217,10,5098.359053
217,10,5098.359053
217,10,5098.359053
217,10,5098.359053
217,10,5098.359053
217,10,5098.359053
217,10,5098.359053
217,10,5098.359053
217,10,5098.359053
217,10,5098.359053
217,10,5098.359053
217,11,5079.806166
218,10,5098.359053
218,10,5098.359053
218,10,5098.359053
218,10,5098.359053
218,10,5098.359053
218,10,5098.359053
218,10,5098.359053
218,10,5098.359053
218,10,5098.359053
218,10,5098.359053
218,10,5098.359053
218,10,5098.359053
218,10,5098.359053
218,10,5098.359053
218,10,5098.359053
218,10,5098.359053
218,10,5098.359053
218,10,5098.359053
218,10,5098.359053
218,10,5098.359053
218,10,5098.359053
218,10,5098.359053
218,11,5079.806166
219,10,5098.359053
219,10,5098.359053
219,10,5098.359053
219,10,5098.359053
219,10,5098.359053
219,10,5098.359053
219,10,5098.359053
219,10,5098.359053
219,10,5098.359053
219,10,5098.359053
219,10,5098.359053
219,10,5098.359053
219,10,5098.359053
219,10,5098.359053
219,10,5098.359053
219,10,5098.359053
219,10,5098.359053
219,10,5098.359053
219,10,5098.359053
219,10,5098.359053
219,10,5098.359053
219,10,5098.359053
219,10,5098.359053
219,11,5079.806166
220,10,5098.359053
220,10,5098.359053
220,10,5098.359053
220,10,5098.359053
220,10,5098.359053
220,10,5098.359053
220,10,5098.359053
220,10,5098.359053
220,10,5098.359053
220,10,5098.359053
220,10,5098.359053
220,10,5098.359053
220,10,5098.359053
220,10,5098.359053
220,10,5098.359053
220,10,5098.359053
220,10,5098.359053
220,10,5098.359053
220,10,5098.359053
220,10,5098.359053
220,10,5098.359053
220,10,5098.359053
220,10,5098.359053
220,10,5098.359053
220,11,5079.806166
221,10,5098.359053
221,10,5098.359053
221,10,5098.359053
221,10,5098.359053
221,10,5098.359053
221,10,5098.359053
221,10,5098.359053
221,10,5098.359053
221,10,5098.359053
221,10,5098.359053
221,10,5098.359053
221,10,5098.359053
221,10,5098.359053
221,10,5098.359053
221,10,5098.359053
221,10,5098.359053
221,10,5098.359053
221,10,5098.359053
221,10,5098.359053
221,10,5098.359053
221,10,5098.359053
221,10,5098.359053
221,10,5098.359053
221,10,5098.359053
221,11,5079.806166
222,10,5098.359053
222,10,5098.359053
222,10,5098.359053
222,10,5098.359053
222,10,5098.359053
222,10,5098.359053
222,10,5098.359053
222,10,5098.359053
222,10,5098.359053
222,10,5098.359053
222,10,5098.359053
222,10,5098.359053
222,10,5098.359053
222,10,5098.359053
222,10,5098.359053
222,10,5098.359053
222,10,5098.359053
222,10,5098.359053
222,10,5098.359053
222,10,5098.359053
222,10,5098.359053
222,10,5098.359053
222,10,5098.359053
222,10,5098.359053
222,10,5098.359053
222,11,5079.806166
223,10,5098.359053
223,10,5098.359053
223,10,5098.359053
223,10,5098.359053
223,10,5098.359053
223,10,5098.359053
223,10,5098.359053
223,10,5098.359053
223,10,5098.359053
223,10,5098.359053
223,10,5098.359053
223,10,5098.359053
223,10,5098.359053
223,10,5098.359053
223,10,5098.359053
223,10,5098.359053
223,10,5098.359053
223,10,5098.359053
223,10,5098.359053
223,10,5098.359053
223,10,5098.359053
223,10,5098.359053
223,10,5098.359053
223,10,5098.359053
223,10,5098.359053
223,11,5079.806166
224,10,5098.359053
224,10,5098.359053
224,10,5098.359053
224,10,5098.359053
224,10,5098.359053
224,10,5098.359053
224,10,5098.359053
224,10,5098.359053
224,10,5098.359053
224,10,5098.359053
224,10,5098.359053
224,10,5098.359053
224,10,5098.359053
224,10,5098.359053
224,10,5098.359053
224,10,5098.359053
224,10,5098.359053
224,10,5098.359053
224,10,5098.359053
224,10,5098.359053
224,10,5098.359053
224,10,5098.359053
224,10,5098.359053
224,10,5098.359053
224,10,5098.359053
224,11,5079.806166
225,10,5098.359053
225,10,5098.359053
225,10,5098.359053
225,10,5098.359053
225,10,5098.359053
225,10,5098.359053
225,10,5098.359053
225,10,5098.359053
225,10,5098.359053
225,10,5098.359053
225,10,5098.359053
225,10,5098.359053
225,10,5098.359053
225,10,5098.359053
225,10,5098.359053
225,10,5098.359053
225,10,5098.359053
225,10,5098.359053
225,10,5098.359053
225,10,5098.359053
225,10,5098.359053
225,10,5098.359053
225,10,5098.359053
225,10,5098.359053
225,10,5098.359053
225,11,5079.806166
226,10,5098.359053
226,10,5098.359053
226,10,5098.359053
226,10,5098.359053
226,10,5098.359053
226,10,5098.359053
226,10,5098.359053
226,10,5098.359053
226,10,5098.359053
226,10,5098.359053
226,10,5098.359053
226,10,5098.359053
226,10,5098.359053
226,10,5098.359053
226,10,5098.359053
226,10,5098.359053
226,10,5098.359053
226,10,5098.359053
226,10,5098.359053
226,10,5098.359053
226,10,5098.359053
226,10,5098.359053
226,10,5098.359053
226,10,5098.359053
226,10,5098.359053
226,10,5098.359053
226,11,5079.806166
227,10,5098.359053
227,10,5098.359053
227,10,5098.359053
227,10,5098.359053
227,10,5098.359053
227,10,5098.359053
227,10,5098.359053
227,10,5098.359053
227,10,5098.359053
227,10,5098.359053
227,10,5098.359053
227,10,5098.359053
227,10,5098.359053
227,10,5098.359053
227,10,5098.359053
227,10,5098.359053
227,10,5098.359053
227,10,5098.359053
227,10,5098.359053
227,10,5098.359053
227,10,5098.359053
227,10,5098.359053
227,10,5098.359053
227,10,5098.359053
227,10,5098.359053
227,10,5098.359053
227,11,5079.806166
228,10,5098.359053
228,10,5098.359053
228,10,5098.359053
228,10,5098.359053
228,10,5098.359053
228,10,5098.359053
228,10,5098.359053
228,10,5098.359053
228,10,5098.359053
228,10,5098.359053
228,10,5098.359053
228,10,5098.359053
228,10,5098.359053
228,10,5098.359053
228,10,5098.359053
228,10,5098.359053
228,10,5098.359053
228,10,5098.359053
228,10,5098.359053
228,10,5098.359053
228,10,5098.359053
228,10,5098.359053
228,10,5098.359053
228,10,5098.359053
228,10,5098.359053
228,10,5098.359053
228,11,5079.806166
229,10,5098.359053
229,10,5098.359053
229,10,5098.359053
229,10,5098.359053
229,10,5098.359053
229,10,5098.359053
229,10,5098.359053
229,10,5098.359053
229,10,5098.359053
229,10,5098.359053
229,10,5098.359053
229,10,5098.359053
229,10,5098.359053
229,10,5098.359053
229,10,5098.359053
229,10,5098.359053
229,10,5098.359053
229,10,5098.359053
229,10,5098.359053
229,10,5098.359053
229,10,5098.359053
229,10,5098.359053
229,10,5098.359053
229,10,5098.359053
229,10,5098.359053
229,10,5098.359053
229,11,5079.806166
230,10,5098.359053
230,10,5098.359053
230,10,5098.359053
230,10,5098.359053
230,10,5098.359053
230,10,5098.359053
230,10,5098.359053
230,10,5098.359053
230,10,5098.359053
230,10,5098.359053
230,10,5098.359053
230,10,5098.359053
230,10,5098.359053
230,10,5098.359053
230,10,5098.359053
230,10,5098.359053
230,10,5098.359053
230,10,5098.359053
230,10,5098.359053
230,10,5098.359053
230,10,5098.359053
230,10,5098.359053
230,10,5098.359053
230,10,5098.359053
230,10,5098.359053
230,10,5098.359053
230,11,5079.806166
231,10,5098.359053
231,10,5098.359053
231,10,5098.359053
231,10,5098.359053
231,10,5098.359053
231,10,5098.359053
231,10,5098.359053
231,10,5098.359053
231,10,5098.359053
231,10,5098.359053
231,10,5098.359053
231,10,5098.359053
231,10,5098.359053
231,10,5098.359053
231,10,5098.359053
231,10,5098.359053
231,10,5098.359053
231,10,5098.359053
231,10,5098.359053
231,10,5098.359053
231,10,5098.359053
231,10,5098.359053
231,10,5098.359053
231,10,5098.359053
231,10,5098.359053
231,10,5098.359053
231,10,5098.359053
231,11,5079.806166
232,10,5098.359053
232,10,5098.359053
232,10,5098.359053
232,10,5098.359053
232,10,5098.359053
232,10,5098.359053
232,10,5098.359053
232,10,5098.359053
232,10,5098.359053
232,10,5098.359053
232,10,5098.359053
232,10,5098.359053
232,10,5098.359053
232,10,5098.359053
232,10,5098.359053
232,10,5098.359053
232,10,5098.359053
232,10,5098.359053
232,10,5098.359053
232,10,5098.359053
232,10,5098.359053
232,10,5098.359053
232,10,5098.359053
232,10,5098.359053
232,10,5098.359053
232,10,5098.359053
232,10,5098.359053
232,10,5098.359053
232,11,5079.806166
233,10,5098.359053
233,10,5098.359053
233,10,5098.359053
233,10,5098.359053
233,10,5098.359053
233,10,5098.359053
233,10,5098.359053
233,10,5098.359053
233,10,5098.359053
233,10,5098.359053
233,10,5098.359053
233,10,5098.359053
233,10,5098.359053
233,10,5098.359053
233,10,5098.359053
233,10,5098.359053
233,10,5098.359053
233,10,5098.359053
233,10,5098.359053
233,10,5098.359053
233,10,5098.359053
233,10,5098.359053
233,10,5098.359053
233,10,5098.359053
233,10,5098.359053
233,10,5098.359053
233,10,5098.359053
233,10,5098.359053
233,11,5079.806166
234,10,5098.359053
234,10,5098.359053
234,10,5098.359053
234,10,5098.359053
234,10,5098.359053
234,10,5098.359053
234,10,5098.359053
234,10,5098.359053
234,10,5098.359053
234,10,5098.359053
234,10,5098.359053
234,10,5098.359053
234,10,5098.359053
234,10,5098.359053
234,10,5098.359053
234,10,5098.359053
234,10,5098.359053
234,10,5098.359053
234,10,5098.359053
234,10,5098.359053
234,10,5098.359053
234,10,5098.359053
234,10,5098.359053
234,10,5098.359053
234,10,5098.359053
234,10,5098.359053
234,10,5098.359053
234,10,5098.359053
234,11,5079.806166
235,10,5098.359053
235,10,5098.359053
235,10,5098.359053
235,10,5098.359053
235,10,5098.359053
235,10,5098.359053
235,10,5098.359053
235,10,5098.359053
235,10,5098.359053
235,10,5098.359053
235,10,5098.359053
235,10,5098.359053
235,10,5098.359053
235,10,5098.359053
235,10,5098.359053
235,10,5098.359053
235,10,5098.359053
235,10,5098.359053
235,10,5098.359053
235,10,5098.359053
235,10,5098.359053
235,10,5098.359053
235,10,5098.359053
235,10,5098.359053
235,10,5098.359053
235,10,5098.359053
235,10,5098.359053
235,10,5098.359053
235,11,5079.806166
236,10,5098.359053
236,10,5098.359053
236,10,5098.359053
236,10,5098.359053
236,10,5098.359053
236,10,5098.359053
236,10,5098.359053
236,10,5098.359053
236,10,5098.359053
236,10,5098.359053
236,10,5098.359053
236,10,5098.359053
236,10,5098.359053
236,10,5098.359053
236,10,5098.359053
236,10,5098.359053
236,10,5098.359053
236,10,5098.359053
236,10,5098.359053
236,10,5098.359053
236,10,5098.359053
236,10,5098.359053
236,10,5098.359053
236,10,5098.359053
236,10,5098.359053
236,10,5098.359053
236,10,5098.359053
236,10,5098.359053
236,11,5079.806166
237,10,5098.359053
237,10,5098.359053
237,10,5098.359053
237,10,5098.359053
237,10,5098.359053
237,10,5098.359053
237,10,5098.359053
237,10,5098.359053
237,10,5098.359053
237,10,5098.359053
237,10,5098.359053
237,10,5098.359053
237,10,5098.359053
237,10,5098.359053
237,10,5098.359053
237,10,5098.359053
237,10,5098.359053
237,10,5098.359053
237,10,5098.359053
237,10,5098.359053
237,10,5098.359053
237,10,5098.359053
237,10,5098.359053
237,10,5098.359053
237,10,5098.359053
237,10,5098.359053
237,10,5098.359053
237,10,5098.359053
237,11,5079.806166
238,10,5098.359053
238,10,5098.359053
238,10,5098.359053
238,10,5098.359053
238,10,5098.359053
238,10,5098.359053
238,10,5098.359053
238,10,5098.359053
238,10,5098.359053
238,10,5098.359053
238,10,5098.359053
238,10,5098.359053
238,10,5098.359053
238,10,5098.359053
238,10,5098.359053
238,10,5098.359053
238,10,5098.359053
238,10,5098.359053
238,10,5098.359053
238,10,5098.359053
238,10,5098.359053
238,10,5098.359053
238,10,5098.359053
238,10,5098.359053
238,10,5098.359053
238,10,5098.359053
238,10,5098.359053
238,10,5098.359053
238,11,5079.806166
239,10,5098.359053
239,10,5098.359053
239,10,5098.359053
239,10,5098.359053
239,10,5098.359053
239,10,5098.359053
239,10,5098.359053
239,10,5098.359053
239,10,5098.359053
239,10,5098.359053
239,10,5098.359053
239,10,5098.359053
239,10,5098.359053
239,10,5098.359053
239,10,5098.359053
239,10,5098.359053
239,10,5098.359053
239,10,5098.359053
239,10,5098.359053
239,10,5098.359053
239,10,5098.359053
239,10,5098.359053
239,10,5098.359053
239,10,5098.359053
239,10,5098.359053
239,10,5098.359053
239,10,5098.359053
239,10,5098.359053
239,11,5079.806166
240,10,5098.359053
240,10,5098.359053
240,10,5098.359053
240,10,5098.359053
240,10,5098.359053
240,10,5098.359053
240,10,5098.359053
240,10,5098.359053
240,10,5098.359053
240,10,5098.359053
240,10,5098.359053
240,10,5098.359053
240,10,5098.359053
240,10,5098.359053
240,10,5098.359053
240,10,5098.359053
240,10,5098.359053
240,10,5098.359053
240,10,5098.359053
240,10,5098.359053
240,10,5098.359053
240,10,5098.359053
240,10,5098.359053
240,10,5098.359053
240,10,5098.359053
240,10,5098.359053
240,10,5098.359053
240,10,5098.359053
240,11,5079.806166
241,10,5098.359053
241,10,5098.359053
241,10,5098.359053
241,10,5098.359053
241,10,5098.359053
241,10,5098.359053
241,10,5098.359053
241,10,5098.359053
241,10,5098.359053
241,10,5098.359053
241,10,5098.359053
241,10,5098.359053
241,10,5098.359053
241,10,5098.359053
241,10,5098.359053
241,10,5098.359053
241,10,5098.359053
241,10,5098.359053
241,10,5098.359053
241,10,5098.359053
241,10,5098.359053
241,10,5098.359053
241,10,5098.359053
241,10,5098.359053
241,10,5098.359053
241,10,5098.359053
241,10,5098.359053
241,10,5098.359053
241,11,5079.806166
242,10,5098.359053
242,10,5098.359053
242,10,5098.359053
242,10,5098.359053
242,10,5098.359053
242,10,5098.359053
242,10,5098.359053
242,10,5098.359053
242,10,5098.359053
242,10,5098.359053
242,10,5098.359053
242,10,5098.359053
242,10,5098.359053
242,10,5098.359053
242,10,5098.359053
242,10,5098.359053
242,10,5098.359053
242,10,5098.359053
242,10,5098.359053
242,10,5098.359053
242,10,5098.359053
242,10,5098.359053
242,10,5098.359053
242,10,5098.359053
242,10,5098.359053
242,10,5098.359053
242,10,5098.359053
242,10,5098.359053
242,11,5079.806166
243,10,5098.359053
243,10,5098.359053
243,10,5098.359053
243,10,5098.359053
243,10,5098.359053
243,10,5098.359053
243,10,5098.359053
243,10,5098.359053
243,10,5098.359053
243,10,5098.359053
243,10,5098.359053
243,10,5098.359053
243,10,5098.359053
243,10,5098.359053
243,10,5098.359053
243,10,5098.359053
243,10,5098.359053
243,10,5098.359053
243,10,5098.359053
243,10,5098.359053
243,10,5098.359053
243,10,5098.359053
243,10,5098.359053
243,10,5098.359053
243,10,5098.359053
243,10,5098.359053
243,10,5098.359053
243,10,5098.359053
243,11,5079.806166
244,10,5098.359053
244,10,5098.359053
244,10,5098.359053
244,10,5098.359053
244,10,5098.359053
244,10,5098.359053
244,10,5098.359053
244,10,5098.359053
244,10,5098.359053
244,10,5098.359053
244,10,5098.359053
244,10,5098.359053
244,10,5098.359053
244,10,5098.359053
244,10,5098.359053
244,10,5098.359053
244,10,5098.359053
244,10,5098.359053
244,10,5098.359053
244,10,5098.359053
244,10,5098.359053
244,10,5098.359053
244,10,5098.359053
244,10,5098.359053
244,10,5098.359053
244,10,5098.359053
244,10,5098.359053
244,10,5098.359053
244,10,5098.359053
244,11,5079.806166
245,10,5098.359053
245,10,5098.359053
245,10,5098.359053
245,10,5098.359053
245,10,5098.359053
245,10,5098.359053
245,10,5098.359053
245,10,5098.359053
245,10,5098.359053
245,10,5098.359053
245,10,5098.359053
245,10,5098.359053
245,10,5098.359053
245,10,5098.359053
245,10,5098.359053
245,10,5098.359053
245,10,5098.359053
245,10,5098.359053
245,10,5098.359053
245,10,5098.359053
245,10,5098.359053
245,10,5098.359053
245,10,5098.359053
245,10,5098.359053
245,10,5098.359053
245,10,5098.359053
245,10,5098.359053
245,10,5098.359053
245,10,5098.359053
245,11,5079.806166
246,10,5098.359053
246,10,5098.359053
246,10,5098.359053
246,10,5098.359053
246,10,5098.359053
246,10,5098.359053
246,10,5098.359053
246,10,5098.359053
246,10,5098.359053
246,10,5098.359053
246,10,5098.359053
246,10,5098.359053
246,10,5098.359053
246,10,5098.359053
246,10,5098.359053
246,10,5098.359053
246,10,5098.359053
246,10,5098.359053
246,10,5098.359053
246,10,5098.359053
246,10,5098.359053
246,10,5098.359053
246,10,5098.359053
246,10,5098.359053
246,10,5098.359053
246,10,5098.359053
246,10,5098.359053
246,10,5098.359053
246,10,5098.359053
246,11,5079.806166
247,10,5098.359053
247,10,5098.359053
247,10,5098.359053
247,10,5098.359053
247,10,5098.359053
247,10,5098.359053
247,10,5098.359053
247,10,5098.359053
247,10,5098.359053
247,10,5098.359053
247,10,5098.359053
247,10,5098.359053
247,10,5098.359053
247,10,5098.359053
247,10,5098.359053
247,10,5098.359053
247,10,5098.359053
247,10,5098.359053
247,10,5098.359053
247,10,5098.359053
247,10,5098.359053
247,10,5098.359053
247,10,5098.359053
247,10,5098.359053
247,10,5098.359053
247,10,5098.359053
247,10,5098.359053
247,10,5098.359053
247,10,5098.359053
247,10,5098.359053
247,11,5079.806166
248,10,5098.359053
248,10,5098.359053
248,10,5098.359053
248,10,5098.359053
248,10,5098.359053
248,10,5098.359053
248,10,5098.359053
248,10,5098.359053
248,10,5098.359053
248,10,5098.359053
248,10,5098.359053
248,10,5098.359053
248,10,5098.359053
248,10,5098.359053
248,10,5098.359053
248,10,5098.359053
248,10,5098.359053
248,10,5098.359053
248,10,5098.359053
248,10,5098.359053
248,10,5098.359053
248,10,5098.359053
248,10,5098.359053
248,10,5098.359053
248,10,5098.359053
248,10,5098.359053
248,10,5098.359053
248,10,5098.359053
248,10,5098.359053
248,10,5098.359053
248,11,5079.806166
249,10,5098.359053
249,10,5098.359053
249,10,5098.359053
249,10,5098.359053
249,10,5098.359053
249,10,5098.359053
249,10,5098.359053
249,10,5098.359053
249,10,5098.359053
249,10,5098.359053
249,10,5098.359053
249,10,5098.359053
249,10,5098.359053
249,10,5098.359053
249,10,5098.359053
249,10,5098.359053
249,10,5098.359053
249,10,5098.359053
249,10,5098.359053
249,10,5098.359053
249,10,5098.359053
249,10,5098.359053
249,10,5098.359053
249,10,5098.359053
249,10,5098.359053
249,10,5098.359053
249,10,5098.359053
249,10,5098.359053
249,10,5098.359053
249,10,5098.359053
249,11,5079.806166
250,10,5098.359053
250,10,5098.359053
250,10,5098.359053
250,10,5098.359053
250,10,5098.359053
250,10,5098.359053
250,10,5098.359053
250,10,5098.359053
250,10,5098.359053
250,10,5098.359053
250,10,5098.359053
250,10,5098.359053
250,10,5098.359053
250,10,5098.359053
250,10,5098.359053
250,10,5098.359053
250,10,5098.359053
250,10,5098.359053
250,10,5098.359053
250,10,5098.359053
250,10,5098.359053
250,10,5098.359053
250,10,5098.359053
250,10,5098.359053
250,10,5098.359053
250,10,5098.359053
250,10,5098.359053
250,10,5098.359053
250,10,5098.359053
250,10,5098.359053
250,11,5079.806166
251,10,5098.359053
251,10,5098.359053
251,10,5098.359053
251,10,5098.359053
251,10,5098.359053
251,10,5098.359053
251,10,5098.359053
251,10,5098.359053
251,10,5098.359053
251,10,5098.359053
251,10,5098.359053
251,10,5098.359053
251,10,5098.359053
251,10,5098.359053
251,10,5098.359053
251,10,5098.359053
251,10,5098.359053
251,10,5098.359053
251,10,5098.359053
251,10,5098.359053
251,10,5098.359053
251,10,5098.359053
251,10,5098.359053
251,10,5098.359053
251,10,5098.359053
251,10,5098.359053
251,10,5098.359053
251,10,5098.359053
251,10,5098.359053
251,10,5098.359053
251,10,5098.359053
251,11,5079.806166
252,10,5098.359053
252,10,5098.359053
252,10,5098.359053
252,10,5098.359053
252,10,5098.359053
252,10,5098.359053
252,10,5098.359053
252,10,5098.359053
252,10,5098.359053
252,10,5098.359053
252,10,5098.359053
252,10,5098.359053
252,10,5098.359053
252,10,5098.359053
252,10,5098.359053
252,10,5098.359053
252,10,5098.359053
252,10,5098.359053
252,10,5098.359053
252,10,5098.359053
252,10,5098.359053
252,10,5098.359053
252,10,5098.359053
252,10,5098.359053
252,10,5098.359053
252,10,5098.359053
252,10,5098.359053
252,10,5098.359053
252,10,5098.359053
252,10,5098.359053
252,10,5098.359053
252,11,5079.806166
253,10,5098.359053
253,10,5098.359053
253,10,5098.359053
253,10,5098.359053
253,10,5098.359053
253,10,5098.359053
253,10,5098.359053
253,10,5098.359053
253,10,5098.359053
253,10,5098.359053
253,10,5098.359053
253,10,5098.359053
253,10,5098.359053
253,10,5098.359053
253,10,5098.359053
253,10,5098.359053
253,10,5098.359053
253,10,5098.359053
253,10,5098.359053
253,10,5098.359053
253,10,5098.359053
253,10,5098.359053
253,10,5098.359053
253,10,5098.359053
253,10,5098.359053
253,10,5098.359053
253,10,5098.359053
253,10,5098.359053
253,10,5098.359053
253,10,5098.359053
253,10,5098.359053
253,10,5098.359053
253,11,5079.806166
254,10,5098.359053
254,10,5098.359053
254,10,5098.359053
254,10,5098.359053
254,10,5098.359053
254,10,5098.359053
254,10,5098.359053
254,10,5098.359053
254,10,5098.359053
254,10,5098.359053
254,10,5098.359053
254,10,5098.359053
254,10,5098.359053
254,10,5098.359053
254,10,5098.359053
254,10,5098.359053
254,10,5098.359053
254,10,5098.359053
254,10,5098.359053
254,10,5098.359053
254,10,5098.359053
254,10,5098.359053
254,10,5098.359053
254,10,5098.359053
254,10,5098.359053
254,10,5098.359053
254,10,5098.359053
254,10,5098.359053
254,10,5098.359053
254,10,5098.359053
254,10,5098.359053
254,10,5098.359053
254,11,5079.806166
255,10,5098.359053
255,10,5098.359053
255,10,5098.359053
255,10,5098.359053
255,10,5098.359053
255,10,5098.359053
255,10,5098.359053
255,10,5098.359053
255,10,5098.359053
255,10,5098.359053
255,10,5098.359053
255,10,5098.359053
255,10,5098.359053
255,10,5098.359053
255,10,5098.359053
255,10,5098.359053
255,10,5098.359053
255,10,5098.359053
255,10,5098.359053
255,10,5098.359053
255,10,5098.359053
255,10,5098.359053
255,10,5098.359053
255,10,5098.359053
255,10,5098.359053
255,10,5098.359053
255,10,5098.359053
255,10,5098.359053
255,10,5098.359053
255,10,5098.359053
255,10,5098.359053
255,10,5098.359053
255,11,5079.806166
256,10,5098.359053
256,10,5098.359053
256,10,5098.359053
256,10,5098.359053
256,10,5098.359053
256,10,5098.359053
256,10,5098.359053
256,10,5098.359053
256,10,5098.359053
256,10,5098.359053
256,10,5098.359053
256,10,5098.359053
256,10,5098.359053
256,10,5098.359053
256,10,5098.359053
256,10,5098.359053
256,10,5098.359053
256,10,5098.359053
256,10,5098.359053
256,10,5098.359053
256,10,5098.359053
256,10,5098.359053
256,10,5098.359053
256,10,5098.359053
256,10,5098.359053
256,10,5098.359053
256,10,5098.359053
256,10,5098.359053
256,10,5098.359053
256,10,5098.359053
256,10,5098.359053
256,10,5098.359053
256,11,5079.806166
257,10,5098.359053
257,10,5098.359053
257,10,5098.359053
257,10,5098.359053
257,10,5098.359053
257,10,5098.359053
257,10,5098.359053
257,10,5098.359053
257,10,5098.359053
257,10,5098.359053
257,10,5098.359053
257,10,5098.359053
257,10,5098.359053
257,10,5098.359053
257,10,5098.359053
257,10,5098.359053
257,10,5098.359053
257,10,5098.359053
257,10,5098.359053
257,10,5098.359053
257,10,5098.359053
257,10,5098.359053
257,10,5098.359053
257,10,5098.359053
257,10,5098.359053
257,10,5098.359053
257,10,5098.359053
257,10,5098.359053
257,10,5098.359053
257,10,5098.359053
257,10,5098.359053
257,10,5098.359053
257,11,5079.806166
258,10,5098.359053
258,10,5098.359053
258,10,5098.359053
258,10,5098.359053
258,10,5098.359053
258,10,5098.359053
258,10,5098.359053
258,10,5098.359053
258,10,5098.359053
258,10,5098.359053
258,10,5098.359053
258,10,5098.359053
258,10,5098.359053
258,10,5098.359053
258,10,5098.359053
258,10,5098.359053
258,10,5098.359053
258,10,5098.359053
258,10,5098.359053
258,10,5098.359053
258,10,5098.359053
258,10,5098.359053
258,10,5098.359053
258,10,5098.359053
258,10,5098.359053
258,10,5098.359053
258,10,5098.359053
258,10,5098.359053
258,10,5098.359053
258,10,5098.359053
258,10,5098.359053
258,10,5098.359053
258,11,5079.806166
259,10,5098.359053
259,10,5098.359053
259,10,5098.359053
259,10,5098.359053
259,10,5098.359053
259,10,5098.359053
259,10,5098.359053
259,10,5098.359053
259,10,5098.359053
259,10,5098.359053
259,10,5098.359053
259,10,5098.359053
259,10,5098.359053
259,10,5098.359053
259,10,5098.359053
259,10,5098.359053
259,10,5098.359053
259,10,5098.359053
259,10,5098.359053
259,10,5098.359053
259,10,5098.359053
259,10,5098.359053
259,10,5098.359053
259,10,5098.359053
259,10,5098.359053
259,10,5098.359053
259,10,5098.359053
259,10,5098.359053
259,10,5098.359053
259,10,5098.359053
259,10,5098.359053
259,10,5098.359053
259,11,5079.806166
260,10,5098.359053
260,10,5098.359053
260,10,5098.359053
260,10,5098.359053
260,10,5098.359053
260,10,5098.359053
260,10,5098.359053
260,10,5098.359053
260,10,5098.359053
260,10,5098.359053
260,10,5098.359053
260,10,5098.359053
260,10,5098.359053
260,10,5098.359053
260,10,5098.359053
260,10,5098.359053
260,10,5098.359053
260,10,5098.359053
260,10,5098.359053
260,10,5098.359053
260,10,5098.359053
260,10,5098.359053
260,10,5098.359053
260,10,5098.359053
260,10,5098.359053
260,10,5098.359053
260,10,5098.359053
260,10,5098.359053
260,10,5098.359053
260,10,5098.359053
260,10,5098.359053
260,10,5098.359053
260,10,5098.359053
260,11,5079.806166
261,10,5098.359053
261,10,5098.359053
261,10,5098.359053
261,10,5098.359053
261,10,5098.359053
261,10,5098.359053
261,10,5098.359053
261,10,5098.359053
261,10,5098.359053
261,10,5098.359053
261,10,5098.359053
261,10,5098.359053
261,10,5098.359053
261,10,5098.359053
261,10,5098.359053
261,10,5098.359053
261,10,5098.359053
261,10,5098.359053
261,10,5098.359053
261,10,5098.359053
261,10,5098.359053
261,10,5098.359053
261,10,5098.359053
261,10,5098.359053
261,10,5098.359053
261,10,5098.359053
261,10,5098.359053
261,10,5098.359053
261,10,5098.359053
261,10,5098.359053
261,10,5098.359053
261,10,5098.359053
261,10,5098.359053
261,11,5079.806166
262,10,5098.359053
262,10,5098.359053
262,10,5098.359053
262,10,5098.359053
262,10,5098.359053
262,10,5098.359053
262,10,5098.359053
262,10,5098.359053
262,10,5098.359053
262,10,5098.359053
262,10,5098.359053
262,10,5098.359053
262,10,5098.359053
262,10,5098.359053
262,10,5098.359053
262,10,5098.359053
262,10,5098.359053
262,10,5098.359053
262,10,5098.359053
262,10,5098.359053
262,10,5098.359053
262,10,5098.359053
262,10,5098.359053
262,10,5098.359053
262,10,5098.359053
262,10,5098.359053
262,10,5098.359053
262,10,5098.359053
262,10,5098.359053
262,10,5098.359053
262,10,5098.359053
262,10,5098.359053
262,10,5098.359053
262,10,5098.359053
262,11,5079.806166
263,10,5098.359053
263,10,5098.359053
263,10,5098.359053
263,10,5098.359053
263,10,5098.359053
263,10,5098.359053
263,10,5098.359053
263,10,5098.359053
263,10,5098.359053
263,10,5098.359053
263,10,5098.359053
263,10,5098.359053
263,10,5098.359053
263,10,5098.359053
263,10,5098.359053
263,10,5098.359053
263,10,5098.359053
263,10,5098.359053
263,10,5098.359053
263,10,5098.359053
263,10,5098.359053
263,10,5098.359053
263,10,5098.359053
263,10,5098.359053
263,10,5098.359053
263,10,5098.359053
263,10,5098.359053
263,10,5098.359053
263,10,5098.359053
263,10,5098.359053
263,10,5098.359053
263,10,5098.359053
263,10,5098.359053
263,10,5098.359053
263,11,5079.806166
264,10,5098.359053
264,10,5098.359053
264,10,5098.359053
264,10,5098.359053
264,10,5098.359053
264,10,5098.359053
264,10,5098.359053
264,10,5098.359053
264,10,5098.359053
264,10,5098.359053
264,10,5098.359053
264,10,5098.359053
264,10,5098.359053
264,10,5098.359053
264,10,5098.359053
264,10,5098.359053
264,10,5098.359053
264,10,5098.359053
264,10,5098.359053
264,10,5098.359053
264,10,5098.359053
264,10,5098.359053
264,10,5098.359053
264,10,5098.359053
264,10,5098.359053
264,10,5098.359053
264,10,5098.359053
264,10,5098.359053
264,10,5098.359053
264,10,5098.359053
264,10,5098.359053
264,10,5098.359053
264,10,5098.359053
264,10,5098.359053
264,11,5079.806166
265,10,5098.359053
265,10,5098.359053
265,10,5098.359053
265,10,5098.359053
265,10,5098.359053
265,10,5098.359053
265,10,5098.359053
265,10,5098.359053
265,10,5098.359053
265,10,5098.359053
265,10,5098.359053
265,10,5098.359053
265,10,5098.359053
265,10,5098.359053
265,10,5098.359053
265,10,5098.359053
265,10,5098.359053
265,10,5098.359053
265,10,5098.359053
265,10,5098.359053
265,10,5098.359053
265,10,5098.359053
265,10,5098.359053
265,10,5098.359053
265,10,5098.359053
265,10,5098.359053
265,10,5098.359053
265,10,5098.359053
265,10,5098.359053
265,10,5098.359053
265,10,5098.359053
265,10,5098.359053
265,10,5098.359053
265,10,5098.359053
265,10,5098.359053
265,11,5079.806166
266,10,5098.359053
266,10,5098.359053
266,10,5098.359053
266,10,5098.359053
266,10,5098.359053
266,10,5098.359053
266,10,5098.359053
266,10,5098.359053
266,10,5098.359053
266,10,5098.359053
266,10,5098.359053
266,10,5098.359053
266,10,5098.359053
266,10,5098.359053
266,10,5098.359053
266,10,5098.359053
266,10,5098.359053
266,10,5098.359053
266,10,5098.359053
266,10,5098.359053
266,10,5098.359053
266,10,5098.359053
266,10,5098.359053
266,10,5098.359053
266,10,5098.359053
266,10,5098.359053
266,10,5098.359053
266,10,5098.359053
266,10,5098.359053
266,10,5098.359053
266,10,5098.359053
266,10,5098.359053
266,10,5098.359053
266,10,5098.359053
266,10,5098.359053
266,11,5079.806166
267,10,5098.359053
267,10,5098.359053
267,10,5098.359053
267,10,5098.359053
267,10,5098.359053
267,10,5098.359053
267,10,5098.359053
267,10,5098.359053
267,10,5098.359053
267,10,5098.359053
267,10,5098.359053
267,10,5098.359053
267,10,5098.359053
267,10,5098.359053
267,10,5098.359053
267,10,5098.359053
267,10,5098.359053
267,10,5098.359053
267,10,5098.359053
267,10,5098.359053
267,10,5098.359053
267,10,5098.359053
267,10,5098.359053
267,10,5098.359053
267,10,5098.359053
267,10,5098.359053
267,10,5098.359053
267,10,5098.359053
267,10,5098.359053
267,10,5098.359053
267,10,5098.359053
267,10,5098.359053
267,10,5098.359053
267,10,5098.359053
267,10,5098.359053
267,11,5079.806166
268,10,5098.359053
268,10,5098.359053
268,10,5098.359053
268,10,5098.359053
268,10,5098.359053
268,10,5098.359053
268,10,5098.359053
268,10,5098.359053
268,10,5098.359053
268,10,5098.359053
268,10,5098.359053
268,10,5098.359053
268,10,5098.359053
268,10,5098.359053
268,10,5098.359053
268,10,5098.359053
268,10,5098.359053
268,10,5098.359053
268,10,5098.359053
268,10,5098.359053
268,10,5098.359053
268,10,5098.359053
268,10,5098.359053
268,10,5098.359053
268,10,5098.359053
268,10,5098.359053
268,10,5098.359053
268,10,5098.359053
268,10,5098.359053
268,10,5098.359053
268,10,5098.359053
268,10,5098.359053
268,10,5098.359053
268,10,5098.359053
268,10,5098.359053
268,11,5079.806166
269,10,5098.359053
269,10,5098.359053
269,10,5098.359053
269,10,5098.359053
269,10,5098.359053
269,10,5098.359053
269,10,5098.359053
269,10,5098.359053
269,10,5098.359053
269,10,5098.359053
269,10,5098.359053
269,10,5098.359053
269,10,5098.359053
269,10,5098.359053
269,10,5098.359053
269,10,5098.359053
269,10,5098.359053
269,10,5098.359053
269,10,5098.359053
269,10,5098.359053
269,10,5098.359053
269,10,5098.359053
269,10,5098.359053
269,10,5098.359053
269,10,5098.359053
269,10,5098.359053
269,10,5098.359053
269,10,5098.359053
269,10,5098.359053
269,10,5098.359053
269,10,5098.359053
269,10,5098.359053
269,10,5098.359053
269,10,5098.359053
269,10,5098.359053
269,11,5079.806166
270,10,5098.359053
270,10,5098.359053
270,10,5098.359053
270,10,5098.359053
270,10,5098.359053
270,10,5098.359053
270,10,5098.359053
270,10,5098.359053
270,10,5098.359053
270,10,5098.359053
270,10,5098.359053
270,10,5098.359053
270,10,5098.359053
270,10,5098.359053
270,10,5098.359053
270,10,5098.359053
270,10,5098.359053
270,10,5098.359053
270,10,5098.359053
270,10,5098.359053
270,10,5098.359053
270,10,5098.359053
270,10,5098.359053
270,10,5098.359053
270,10,5098.359053
270,10,5098.359053
270,10,5098.359053
270,10,5098.359053
270,10,5098.359053
270,10,5098.359053
270,10,5098.359053
270,10,5098.359053
270,10,5098.359053
270,10,5098.359053
270,10,5098.359053
270,11,5079.806166
271,10,5098.359053
271,10,5098.359053
271,10,5098.359053
271,10,5098.359053
271,10,5098.359053
271,10,5098.359053
271,10,5098.359053
271,10,5098.359053
271,10,5098.359053
271,10,5098.359053
271,10,5098.359053
271,10,5098.359053
271,10,5098.359053
271,10,5098.359053
271,10,5098.359053
271,10,5098.359053
271,10,5098.359053
271,10,5098.359053
271,10,5098.359053
271,10,5098.359053
271,10,5098.359053
271,10,5098.359053
271,10,5098.359053
271,10,5098.359053
271,10,5098.359053
271,10,5098.359053
271,10,5098.359053
271,10,5098.359053
271,10,5098.359053
271,10,5098.359053
271,10,5098.359053
271,10,5098.359053
271,10,5098.359053
271,10,5098.359053
271,10,5098.359053
271,11,5079.806166
272,10,5098.359053
272,10,5098.359053
272,10,5098.359053
272,10,5098.359053
272,10,5098.359053
272,10,5098.359053
272,10,5098.359053
272,10,5098.359053
272,10,5098.359053
272,10,5098.359053
272,10,5098.359053
272,10,5098.359053
272,10,5098.359053
272,10,5098.359053
272,10,5098.359053
272,10,5098.359053
272,10,5098.359053
272,10,5098.359053
272,10,5098.359053
272,10,5098.359053
272,10,5098.359053
272,10,5098.359053
272,10,5098.359053
272,10,5098.359053
272,10,5098.359053
272,10,5098.359053
272,10,5098.359053
272,10,5098.359053
272,10,5098.359053
272,10,5098.359053
272,10,5098.359053
272,10,5098.359053
272,10,5098.359053
272,10,5098.359053
272,10,5098.359053
272,11,5079.806166
273,10,5098.359053
273,10,5098.359053
273,10,5098.359053
273,10,5098.359053
273,10,5098.359053
273,10,5098.359053
273,10,5098.359053
273,10,5098.359053
273,10,5098.359053
273,10,5098.359053
273,10,5098.359053
273,10,5098.359053
273,10,5098.359053
273,10,5098.359053
273,10,5098.359053
273,10,5098.359053
273,10,5098.359053
273,10,5098.359053
273,10,5098.359053
273,10,5098.359053
273,10,5098.359053
273,10,5098.359053
273,10,5098.359053
273,10,5098.359053
273,10,5098.359053
273,10,5098.359053
273,10,5098.359053
273,10,5098.359053
273,10,5098.359053
273,10,5098.359053
273,10,5098.359053
273,10,5098.359053
273,10,5098.359053
273,10,5098.359053
273,10,5098.359053
273,11,5079.806166
274,10,5098.359053
274,10,5098.359053
274,10,5098.359053
274,10,5098.359053
274,10,5098.359053
274,10,5098.359053
274,10,5098.359053
274,10,5098.359053
274,10,5098.359053
274,10,5098.359053
274,10,5098.359053
274,10,5098.359053
274,10,5098.359053
274,10,5098.359053
274,10,5098.359053
274,10,5098.359053
274,10,5098.359053
274,10,5098.359053
274,10,5098.359053
274,10,5098.359053
274,10,5098.359053
274,10,5098.359053
274,10,5098.359053
274,10,5098.359053
274,10,5098.359053
274,10,5098.359053
274,10,5098.359053
274,10,5098.359053
274,10,5098.359053
274,10,5098.359053
274,10,5098.359053
274,10,5098.359053
274,10,5098.359053
274,10,5098.359053
274,10,5098.359053
274,11,5079.806166
275,10,5098.359053
275,10,5098.359053
275,10,5098.359053
275,10,5098.359053
275,10,5098.359053
275,10,5098.359053
275,10,5098.359053
275,10,5098.359053
275,10,5098.359053
275,10,5098.359053
275,10,5098.359053
275,10,5098.359053
275,10,5098.359053
275,10,5098.359053
275,10,5098.359053
275,10,5098.359053
275,10,5098.359053
275,10,5098.359053
275,10,5098.359053
275,10,5098.359053
275,10,5098.359053
275,10,5098.359053
275,10,5098.359053
275,10,5098.359053
275,10,5098.359053
275,10,5098.359053
275,10,5098.359053
275,10,5098.359053
275,10,5098.359053
275,10,5098.359053
275,10,5098.359053
275,10,5098.359053
275,10,5098.359053
275,10,5098.359053
275,10,5098.359053
275,11,5079.806166
276,10,5098.359053
276,10,5098.359053
276,10,5098.359053
276,10,5098.359053
276,10,5098.359053
276,10,5098.359053
276,10,5098.359053
276,10,5098.359053
276,10,5098.359053
276,10,5098.359053
276,10,5098.359053
276,10,5098.359053
276,10,5098.359053
276,10,5098.359053
276,10,5098.359053
276,10,5098.359053
276,10,5098.359053
276,10,5098.359053
276,10,5098.359053
276,10,5098.359053
276,10,5098.359053
276,10,5098.359053
276,10,5098.359053
276,10,5098.359053
276,10,5098.359053
276,10,5098.359053
276,10,5098.359053
276,10,5098.359053
276,10,5098.359053
276,10,5098.359053
276,10,5098.359053
276,10,5098.359053
276,10,5098.359053
276,10,5098.359053
276,10,5098.359053
276,10,5098.359053
276,11,5079.806166
277,10,5098.359053
277,10,5098.359053
277,10,5098.359053
277,10,5098.359053
277,10,5098.359053
277,10,5098.359053
277,10,5098.359053
277,10,5098.359053
277,10,5098.359053
277,10,5098.359053
277,10,5098.359053
277,10,5098.359053
277,10,5098.359053
277,10,5098.359053
277,10,5098.359053
277,10,5098.359053
277,10,5098.359053
277,10,5098.359053
277,10,5098.359053
277,10,5098.359053
277,10,5098.359053
277,10,5098.359053
277,10,5098.359053
277,10,5098.359053
277,10,5098.359053
277,10,5098.359053
277,10,5098.359053
277,10,5098.359053
277,10,5098.359053
277,10,5098.359053
277,10,5098.359053
277,10,5098.359053
277,10,5098.359053
277,10,5098.359053
277,10,5098.359053
277,10,5098.359053
277,11,5079.806166
278,10,5098.359053
278,10,5098.359053
278,10,5098.359053
278,10,5098.359053
278,10,5098.359053
278,10,5098.359053
278,10,5098.359053
278,10,5098.359053
278,10,5098.359053
278,10,5098.359053
278,10,5098.359053
278,10,5098.359053
278,10,5098.359053
278,10,5098.359053
278,10,5098.359053
278,10,5098.359053
278,10,5098.359053
278,10,5098.359053
278,10,5098.359053
278,10,5098.359053
278,10,5098.359053
278,10,5098.359053
278,10,5098.359053
278,10,5098.359053
278,10,5098.359053
278,10,5098.359053
278,10,5098.359053
278,10,5098.359053
278,10,5098.359053
278,10,5098.359053
278,10,5098.359053
278,10,5098.359053
278,10,5098.359053
278,10,5098.359053
278,10,5098.359053
278,10,5098.359053
278,11,5079.806166
279,10,5098.359053
279,10,5098.359053
279,10,5098.359053
279,10,5098.359053
279,10,5098.359053
279,10,5098.359053
279,10,5098.359053
279,10,5098.359053
279,10,5098.359053
279,10,5098.359053
279,10,5098.359053
279,10,5098.359053
279,10,5098.359053
279,10,5098.359053
279,10,5098.359053
279,10,5098.359053
279,10,5098.359053
279,10,5098.359053
279,10,5098.359053
279,10,5098.359053
279,10,5098.359053
279,10,5098.359053
279,10,5098.359053
279,10,5098.359053
279,10,5098.359053
279,10,5098.359053
279,10,5098.359053
279,10,5098.359053
279,10,5098.359053
279,10,5098.359053
279,10,5098.359053
279,10,5098.359053
279,10,5098.359053
279,10,5098.359053
279,10,5098.359053
279,10,5098.359053
279,10,5098.359053
279,11,5079.806166
280,10,5098.359053
280,10,5098.359053
280,10,5098.359053
280,10,5098.359053
280,10,5098.359053
280,10,5098.359053
280,10,5098.359053
280,10,5098.359053
280,10,5098.359053
280,10,5098.359053
280,10,5098.359053
280,10,5098.359053
280,10,5098.359053
280,10,5098.359053
280,10,5098.359053
280,10,5098.359053
280,10,5098.359053
280,10,5098.359053
280,10,5098.359053
280,10,5098.359053
280,10,5098.359053
280,10,5098.359053
280,10,5098.359053
280,10,5098.359053
280,10,5098.359053
280,10,5098.359053
280,10,5098.359053
280,10,5098.359053
280,10,5098.359053
280,10,5098.359053
280,10,5098.359053
280,10,5098.359053
280,10,5098.359053
280,10,5098.359053
280,10,5098.359053
280,10,5098.359053
280,10,5098.359053
280,11,5079.806166
281,10,5098.359053
281,10,5098.359053
281,10,5098.359053
281,10,5098.359053
281,10,5098.359053
281,10,5098.359053
281,10,5098.359053
281,10,5098.359053
281,10,5098.359053
281,10,5098.359053
281,10,5098.359053
281,10,5098.359053
281,10,5098.359053
281,10,5098.359053
281,10,5098.359053
281,10,5098.359053
281,10,5098.359053
281,10,5098.359053
281,10,5098.359053
281,10,5098.359053
281,10,5098.359053
281,10,5098.359053
281,10,5098.359053
281,10,5098.359053
281,10,5098.359053
281,10,5098.359053
281,10,5098.359053
281,10,5098.359053
281,10,5098.359053
281,10,5098.359053
281,10,5098.359053
281,10,5098.359053
281,10,5098.359053
281,10,5098.359053
281,10,5098.359053
281,10,5098.359053
281,10,5098.359053
281,10,5098.359053
281,11,5079.806166
282,10,5098.359053
282,10,5098.359053
282,10,5098.359053
282,10,5098.359053
282,10,5098.359053
282,10,5098.359053
282,10,5098.359053
282,10,5098.359053
282,10,5098.359053
282,10,5098.359053
282,10,5098.359053
282,10,5098.359053
282,10,5098.359053
282,10,5098.359053
282,10,5098.359053
282,10,5098.359053
282,10,5098.359053
282,10,5098.359053
282,10,5098.359053
282,10,5098.359053
282,10,5098.359053
282,10,5098.359053
282,10,5098.359053
282,10,5098.359053
282,10,5098.359053
282,10,5098.359053
282,10,5098.359053
282,10,5098.359053
282,10,5098.359053
282,10,5098.359053
282,10,5098.359053
282,10,5098.359053
282,10,5098.359053
282,10,5098.359053
282,10,5098.359053
282,10,5098.359053
282,10,5098.359053
282,10,5098.359053
282,11,5079.806166
283,10,5098.359053
283,10,5098.359053
283,10,5098.359053
283,10,5098.359053
283,10,5098.359053
283,10,5098.359053
283,10,5098.359053
283,10,5098.359053
283,10,5098.359053
283,10,5098.359053
283,10,5098.359053
283,10,5098.359053
283,10,5098.359053
283,10,5098.359053
283,10,5098.359053
283,10,5098.359053
283,10,5098.359053
283,10,5098.359053
283,10,5098.359053
283,10,5098.359053
283,10,5098.359053
283,10,5098.359053
283,10,5098.359053
283,10,5098.359053
283,10,5098.359053
283,10,5098.359053
283,10,5098.359053
283,10,5098.359053
283,10,5098.359053
283,10,5098.359053
283,10,5098.359053
283,10,5098.359053
283,10,5098.359053
283,10,5098.359053
283,10,5098.359053
283,10,5098.359053
283,10,5098.359053
283,10,5098.359053
283,11,5079.806166
284,10,5098.359053
284,10,5098.359053
284,10,5098.359053
284,10,5098.359053
284,10,5098.359053
284,10,5098.359053
284,10,5098.359053
284,10,5098.359053
284,10,5098.359053
284,10,5098.359053
284,10,5098.359053
284,10,5098.359053
284,10,5098.359053
284,10,5098.359053
284,10,5098.359053
284,10,5098.359053
284,10,5098.359053
284,10,5098.359053
284,10,5098.359053
284,10,5098.359053
284,10,5098.359053
284,10,5098.359053
284,10,5098.359053
284,10,5098.359053
284,10,5098.359053
284,10,5098.359053
284,10,5098.359053
284,10,5098.359053
284,10,5098.359053
284,10,5098.359053
284,10,5098.359053
284,10,5098.359053
284,10,5098.359053
284,10,5098.359053
284,10,5098.359053
284,10,5098.359053
284,10,5098.359053
284,10,5098.359053
284,11,5079.806166
285,10,5098.359053
285,10,5098.359053
285,10,5098.359053
285,10,5098.359053
285,10,5098.359053
285,10,5098.359053
285,10,5098.359053
285,10,5098.359053
285,10,5098.359053
285,10,5098.359053
285,10,5098.359053
285,10,5098.359053
285,10,5098.359053
285,10,5098.359053
285,10,5098.359053
285,10,5098.359053
285,10,5098.359053
285,10,5098.359053
285,10,5098.359053
285,10,5098.359053
285,10,5098.359053
285,10,5098.359053
285,10,5098.359053
285,10,5098.359053
285,10,5098.359053
285,10,5098.359053
285,10,5098.359053
285,10,5098.359053
285,10,5098.359053
285,10,5098.359053
285,10,5098.359053
285,10,5098.359053
285,10,5098.359053
285,10,5098.359053
285,10,5098.359053
285,10,5098.359053
285,10,5098.359053
285,10,5098.359053
285,11,5079.806166
286,10,5098.359053
286,10,5098.359053
286,10,5098.359053
286,10,5098.359053
286,10,5098.359053
286,10,5098.359053
286,10,5098.359053
286,10,5098.359053
286,10,5098.359053
286,10,5098.359053
286,10,5098.359053
286,10,5098.359053
286,10,5098.359053
286,10,5098.359053
286,10,5098.359053
286,10,5098.359053
286,10,5098.359053
286,10,5098.359053
286,10,5098.359053
286,10,5098.359053
286,10,5098.359053
286,10,5098.359053
286,10,5098.359053
286,10,5098.359053
286,10,5098.359053
286,10,5098.359053
286,10,5098.359053
286,10,5098.359053
286,10,5098.359053
286,10,5098.359053
286,10,5098.359053
286,10,5098.359053
286,10,5098.359053
286,10,5098.359053
286,10,5098.359053
286,10,5098.359053
286,10,5098.359053
286,10,5098.359053
286,11,5079.806166
287,10,5098.359053
287,10,5098.359053
287,10,5098.359053
287,10,5098.359053
287,10,5098.359053
287,10,5098.359053
287,10,5098.359053
287,10,5098.359053
287,10,5098.359053
287,10,5098.359053
287,10,5098.359053
287,10,5098.359053
287,10,5098.359053
287,10,5098.359053
287,10,5098.359053
287,10,5098.359053
287,10,5098.359053
287,10,5098.359053
287,10,5098.359053
287,10,5098.359053
287,10,5098.359053
287,10,5098.359053
287,10,5098.359053
287,10,5098.359053
287,10,5098.359053
287,10,5098.359053
287,10,5098.359053
287,10,5098.359053
287,10,5098.359053
287,10,5098.359053
287,10,5098.359053
287,10,5098.359053
287,10,5098.359053
287,10,5098.359053
287,10,5098.359053
287,10,5098.359053
287,10,5098.359053
287,10,5098.359053
287,10,5098.359053
287,11,5079.806166
288,10,5098.359053
288,10,5098.359053
288,10,5098.359053
288,10,5098.359053
288,10,5098.359053
288,10,5098.359053
288,10,5098.359053
288,10,5098.359053
288,10,5098.359053
288,10,5098.359053
288,10,5098.359053
288,10,5098.359053
288,10,5098.359053
288,10,5098.359053
288,10,5098.359053
288,10,5098.359053
288,10,5098.359053
288,10,5098.359053
288,10,5098.359053
288,10,5098.359053
288,10,5098.359053
288,10,5098.359053
288,10,5098.359053
288,10,5098.359053
288,10,5098.359053
288,10,5098.359053
288,10,5098.359053
288,10,5098.359053
288,10,5098.359053
288,10,5098.359053
288,10,5098.359053
288,10,5098.359053
288,10,5098.359053
288,10,5098.359053
288,10,5098.359053
288,10,5098.359053
288,10,5098.359053
288,10,5098.359053
288,10,5098.359053
288,11,5079.806166
289,10,5098.359053
289,10,5098.359053
289,10,5098.359053
289,10,5098.359053
289,10,5098.359053
289,10,5098.359053
289,10,5098.359053
289,10,5098.359053
289,10,5098.359053
289,10,5098.359053
289,10,5098.359053
289,10,5098.359053
289,10,5098.359053
289,10,5098.359053
289,10,5098.359053
289,10,5098.359053
289,10,5098.359053
289,10,5098.359053
289,10,5098.359053
289,10,5098.359053
289,10,5098.359053
289,10,5098.359053
289,10,5098.359053
289,10,5098.359053
289,10,5098.359053
289,10,5098.359053
289,10,5098.359053
289,10,5098.359053
289,10,5098.359053
289,10,5098.359053
289,10,5098.359053
289,10,5098.359053
289,10,5098.359053
289,10,5098.359053
289,10,5098.359053
289,10,5098.359053
289,10,5098.359053
289,10,5098.359053
289,10,5098.359053
289,11,5079.806166
290,10,5098.359053
290,10,5098.359053
290,10,5098.359053
290,10,5098.359053
290,10,5098.359053
290,10,5098.359053
290,10,5098.359053
290,10,5098.359053
290,10,5098.359053
290,10,5098.359053
290,10,5098.359053
290,10,5098.359053
290,10,5098.359053
290,10,5098.359053
290,10,5098.359053
290,10,5098.359053
290,10,5098.359053
290,10,5098.359053
290,10,5098.359053
290,10,5098.359053
290,10,5098.359053
290,10,5098.359053
290,10,5098.359053
290,10,5098.359053
290,10,5098.359053
290,10,5098.359053
290,10,5098.359053
290,10,5098.359053
290,10,5098.359053
290,10,5098.359053
290,10,5098.359053
290,10,5098.359053
290,10,5098.359053
290,10,5098.359053
290,10,5098.359053
290,10,5098.359053
290,10,5098.359053
290,10,5098.359053
290,10,5098.359053
290,11,5079.806166
291,10,5098.359053
291,10,5098.359053
291,10,5098.359053
291,10,5098.359053
291,10,5098.359053
291,10,5098.359053
291,10,5098.359053
291,10,5098.359053
291,10,5098.359053
291,10,5098.359053
291,10,5098.359053
291,10,5098.359053
291,10,5098.359053
291,10,5098.359053
291,10,5098.359053
291,10,5098.359053
291,10,5098.359053
291,10,5098.359053
291,10,5098.359053
291,10,5098.359053
291,10,5098.359053
291,10,5098.359053
291,10,5098.359053
291,10,5098.359053
291,10,5098.359053
291,10,5098.359053
291,10,5098.359053
291,10,5098.359053
291,10,5098.359053
291,10,5098.359053
291,10,5098.359053
291,10,5098.359053
291,10,5098.359053
291,10,5098.359053
291,10,5098.359053
291,10,5098.359053
291,10,5098.359053
291,10,5098.359053
291,10,5098.359053
291,10,5098.359053
291,11,5079.806166
292,10,5098.359053
292,10,5098.359053
292,10,5098.359053
292,10,5098.359053
292,10,5098.359053
292,10,5098.359053
292,10,5098.359053
292,10,5098.359053
292,10,5098.359053
292,10,5098.359053
292,10,5098.359053
292,10,5098.359053
292,10,5098.359053
292,10,5098.359053
292,10,5098.359053
292,10,5098.359053
292,10,5098.359053
292,10,5098.359053
292,10,5098.359053
292,10,5098.359053
292,10,5098.359053
292,10,5098.359053
292,10,5098.359053
292,10,5098.359053
292,10,5098.359053
292,10,5098.359053
292,10,5098.359053
292,10,5098.359053
292,10,5098.359053
292,10,5098.359053
292,10,5098.359053
292,10,5098.359053
292,10,5098.359053
292,10,5098.359053
292,10,5098.359053
292,10,5098.359053
292,10,5098.359053
292,10,5098.359053
292,10,5098.359053
292,10,5098.359053
292,11,5079.806166
293,10,5098.359053
293,10,5098.359053
293,10,5098.359053
293,10,5098.359053
293,10,5098.359053
293,10,5098.359053
293,10,5098.359053
293,10,5098.359053
293,10,5098.359053
293,10,5098.359053
293,10,5098.359053
293,10,5098.359053
293,10,5098.359053
293,10,5098.359053
293,10,5098.359053
293,10,5098.359053
293,10,5098.359053
293,10,5098.359053
293,10,5098.359053
293,10,5098.359053
293,10,5098.359053
293,10,5098.359053
293,10,5098.359053
293,10,5098.359053
293,10,5098.359053
293,10,5098.359053
293,10,5098.359053
293,10,5098.359053
293,10,5098.359053
293,10,5098.359053
293,10,5098.359053
293,10,5098.359053
293,10,5098.359053
293,10,5098.359053
293,10,5098.359053
293,10,5098.359053
293,10,5098.359053
293,10,5098.359053
293,10,5098.359053
293,10,5098.359053
293,11,5079.806166
294,10,5098.359053
294,10,5098.359053
294,10,5098.359053
294,10,5098.359053
294,10,5098.359053
294,10,5098.359053
294,10,5098.359053
294,10,5098.359053
294,10,5098.359053
294,10,5098.359053
294,10,5098.359053
294,10,5098.359053
294,10,5098.359053
294,10,5098.359053
294,10,5098.359053
294,10,5098.359053
294,10,5098.359053
294,10,5098.359053
294,10,5098.359053
294,10,5098.359053
294,10,5098.359053
294,10,5098.359053
294,10,5098.359053
294,10,5098.359053
294,10,5098.359053
294,10,5098.359053
294,10,5098.359053
294,10,5098.359053
294,10,5098.359053
294,10,5098.359053
294,10,5098.359053
294,10,5098.359053
294,10,5098.359053
294,10,5098.359053
294,10,5098.359053
294,10,5098.359053
294,10,5098.359053
294,10,5098.359053
294,10,5098.359053
294,10,5098.359053
294,11,5079.806166
295,10,5098.359053
295,10,5098.359053
295,10,5098.359053
295,10,5098.359053
295,10,5098.359053
295,10,5098.359053
295,10,5098.359053
295,10,5098.359053
295,10,5098.359053
295,10,5098.359053
295,10,5098.359053
295,10,5098.359053
295,10,5098.359053
295,10,5098.359053
295,10,5098.359053
295,10,5098.359053
295,10,5098.359053
295,10,5098.359053
295,10,5098.359053
295,10,5098.359053
295,10,5098.359053
295,10,5098.359053
295,10,5098.359053
295,10,5098.359053
295,10,5098.359053
295,10,5098.359053
295,10,5098.359053
295,10,5098.359053
295,10,5098.359053
295,10,5098.359053
295,10,5098.359053
295,10,5098.359053
295,10,5098.359053
295,10,5098.359053
295,10,5098.359053
295,10,5098.359053
295,10,5098.359053
295,10,5098.359053
295,10,5098.359053
295,10,5098.359053
295,11,5079.806166
296,10,5098.359053
296,10,5098.359053
296,10,5098.359053
296,10,5098.359053
296,10,5098.359053
296,10,5098.359053
296,10,5098.359053
296,10,5098.359053
296,10,5098.359053
296,10,5098.359053
296,10,5098.359053
296,10,5098.359053
296,10,5098.359053
296,10,5098.359053
296,10,5098.359053
296,10,5098.359053
296,10,5098.359053
296,10,5098.359053
296,10,5098.359053
296,10,5098.359053
296,10,5098.359053
296,10,5098.359053
296,10,5098.359053
296,10,5098.359053
296,10,5098.359053
296,10,5098.359053
296,10,5098.359053
296,10,5098.359053
296,10,5098.359053
296,10,5098.359053
296,10,5098.359053
296,10,5098.359053
296,10,5098.359053
296,10,5098.359053
296,10,5098.359053
296,10,5098.359053
296,10,5098.359053
296,10,5098.359053
296,10,5098.359053
296,10,5098.359053
296,11,5079.806166
297,10,5098.359053
297,10,5098.359053
297,10,5098.359053
297,10,5098.359053
297,10,5098.359053
297,10,5098.359053
297,10,5098.359053
297,10,5098.359053
297,10,5098.359053
297,10,5098.359053
297,10,5098.359053
297,10,5098.359053
297,10,5098.359053
297,10,5098.359053
297,10,5098.359053
297,10,5098.359053
297,10,5098.359053
297,10,5098.359053
297,10,5098.359053
297,10,5098.359053
297,10,5098.359053
297,10,5098.359053
297,10,5098.359053
297,10,5098.359053
297,10,5098.359053
297,10,5098.359053
297,10,5098.359053
297,10,5098.359053
297,10,5098.359053
297,10,5098.359053
297,10,5098.359053
297,10,5098.359053
297,10,5098.359053
297,10,5098.359053
297,10,5098.359053
297,10,5098.359053
297,10,5098.359053
297,10,5098.359053
297,10,5098.359053
297,10,5098.359053
297,11,5079.806166
298,10,5098.359053
298,10,5098.359053
298,10,5098.359053
298,10,5098.359053
298,10,5098.359053
298,10,5098.359053
298,10,5098.359053
298,10,5098.359053
298,10,5098.359053
298,10,5098.359053
298,10,5098.359053
298,10,5098.359053
298,10,5098.359053
298,10,5098.359053
298,10,5098.359053
298,10,5098.359053
298,10,5098.359053
298,10,5098.359053
298,10,5098.359053
298,10,5098.359053
298,10,5098.359053
298,10,5098.359053
298,10,5098.359053
298,10,5098.359053
298,10,5098.359053
298,10,5098.359053
298,10,5098.359053
298,10,5098.359053
298,10,5098.359053
298,10,5098.359053
298,10,5098.359053
298,10,5098.359053
298,10,5098.359053
298,10,5098.359053
298,10,5098.359053
298,10,5098.359053
298,10,5098.359053
298,10,5098.359053
298,10,5098.359053
298,10,5098.359053
298,11,5079.806166
299,10,5098.359053
299,10,5098.359053
299,10,5098.359053
299,10,5098.359053
299,10,5098.359053
299,10,5098.359053
299,10,5098.359053
299,10,5098.359053
299,10,5098.359053
299,10,5098.359053
299,10,5098.359053
299,10,5098.359053
299,10,5098.359053
299,10,5098.359053
299,10,5098.359053
299,10,5098.359053
299,10,5098.359053
299,10,5098.359053
299,10,5098.359053
299,10,5098.359053
299,10,5098.359053
299,10,5098.359053
299,10,5098.359053
299,10,5098.359053
299,10,5098.359053
299,10,5098.359053
299,10,5098.359053
299,10,5098.359053
299,10,5098.359053
299,10,5098.359053
299,10,5098.359053
299,10,5098.359053
299,10,5098.359053
299,10,5098.359053
299,10,5098.359053
299,10,5098.359053
299,10,5098.359053
299,10,5098.359053
299,10,5098.359053
299,10,5098.359053
299,11,5079.806166
300,10,5098.359053
300,10,5098.359053
300,10,5098.359053
300,10,5098.359053
300,10,5098.359053
300,10,5098.359053
300,10,5098.359053
300,10,5098.359053
300,10,5098.359053
300,10,5098.359053
300,10,5098.359053
300,10,5098.359053
300,10,5098.359053
300,10,5098.359053
300,10,5098.359053
300,10,5098.359053
300,10,5098.359053
300,10,5098.359053
300,10,5098.359053
300,10,5098.359053
300,10,5098.359053
300,10,5098.359053
300,10,5098.359053
300,10,5098.359053
300,10,5098.359053
300,10,5098.359053
300,10,5098.359053
300,10,5098.359053
300,10,5098.359053
300,10,5098.359053
300,10,5098.359053
300,10,5098.359053
300,10,5098.359053
300,10,5098.359053
300,10,5098.359053
300,10,5098.359053
300,10,5098.359053
300,10,5098.359053
300,10,5098.359053
300,10,5098.359053
300,10,5098.359053
300,11,5079.806166
301,10,5098.359053
301,10,5098.359053
301,10,5098.359053
301,10,5098.359053
301,10,5098.359053
301,10,5098.359053
301,10,5098.359053
301,10,5098.359053
301,10,5098.359053
301,10,5098.359053
301,10,5098.359053
301,10,5098.359053
301,10,5098.359053
301,10,5098.359053
301,10,5098.359053
301,10,5098.359053
301,10,5098.359053
301,10,5098.359053
301,10,5098.359053
301,10,5098.359053
301,10,5098.359053
301,10,5098.359053
301,10,5098.359053
301,10,5098.359053
301,10,5098.359053
301,10,5098.359053
301,10,5098.359053
301,10,5098.359053
301,10,5098.359053
301,10,5098.359053
301,10,5098.359053
301,10,5098.359053
301,10,5098.359053
301,10,5098.359053
301,10,5098.359053
301,10,5098.359053
301,10,5098.359053
301,10,5098.359053
301,10,5098.359053
301,10,5098.359053
301,10,5098.359053
301,11,5079.806166
302,10,5098.359053
302,10,5098.359053
302,10,5098.359053
302,10,5098.359053
302,10,5098.359053
302,10,5098.359053
302,10,5098.359053
302,10,5098.359053
302,10,5098.359053
302,10,5098.359053
302,10,5098.359053
302,10,5098.359053
302,10,5098.359053
302,10,5098.359053
302,10,5098.359053
302,10,5098.359053
302,10,5098.359053
302,10,5098.359053
302,10,5098.359053
302,10,5098.359053
302,10,5098.359053
302,10,5098.359053
302,10,5098.359053
302,10,5098.359053
302,10,5098.359053
302,10,5098.359053
302,10,5098.359053
302,10,5098.359053
302,10,5098.359053
302,10,5098.359053
302,10,5098.359053
302,10,5098.359053
302,10,5098.359053
302,10,5098.359053
302,10,5098.359053
302,10,5098.359053
302,10,5098.359053
302,10,5098.359053
302,10,5098.359053
302,10,5098.359053
302,10,5098.359053
302,11,5079.806166
303,10,5098.359053
303,10,5098.359053
303,10,5098.359053
303,10,5098.359053
303,10,5098.359053
303,10,5098.359053
303,10,5098.359053
303,10,5098.359053
303,10,5098.359053
303,10,5098.359053
303,10,5098.359053
303,10,5098.359053
303,10,5098.359053
303,10,5098.359053
303,10,5098.359053
303,10,5098.359053
303,10,5098.359053
303,10,5098.359053
303,10,5098.359053
303,10,5098.359053
303,10,5098.359053
303,10,5098.359053
303,10,5098.359053
303,10,5098.359053
303,10,5098.359053
303,10,5098.359053
303,10,5098.359053
303,10,5098.359053
303,10,5098.359053
303,10,5098.359053
303,10,5098.359053
303,10,5098.359053
303,10,5098.359053
303,10,5098.359053
303,10,5098.359053
303,10,5098.359053
303,10,5098.359053
303,10,5098.359053
303,10,5098.359053
303,10,5098.359053
303,10,5098.359053
303,11,5079.806166
304,10,5098.359053
304,10,5098.359053
304,10,5098.359053
304,10,5098.359053
304,10,5098.359053
304,10,5098.359053
304,10,5098.359053
304,10,5098.359053
304,10,5098.359053
304,10,5098.359053
304,10,5098.359053
304,10,5098.359053
304,10,5098.359053
304,10,5098.359053
304,10,5098.359053
304,10,5098.359053
304,10,5098.359053
304,10,5098.359053
304,10,5098.359053
304,10,5098.359053
304,10,5098.359053
304,10,5098.359053
304,10,5098.359053
304,10,5098.359053
304,10,5098.359053
304,10,5098.359053
304,10,5098.359053
304,10,5098.359053
304,10,5098.359053
304,10,5098.359053
304,10,5098.359053
304,10,5098.359053
304,10,5098.359053
304,10,5098.359053
304,10,5098.359053
304,10,5098.359053
304,10,5098.359053
304,10,5098.359053
304,10,5098.359053
304,10,5098.359053
304,10,5098.359053
304,11,5079.806166
305,10,5098.359053
305,10,5098.359053
305,10,5098.359053
305,10,5098.359053
305,10,5098.359053
305,10,5098.359053
305,10,5098.359053
305,10,5098.359053
305,10,5098.359053
305,10,5098.359053
305,10,5098.359053
305,10,5098.359053
305,10,5098.359053
305,10,5098.359053
305,10,5098.359053
305,10,5098.359053
305,10,5098.359053
305,10,5098.359053
305,10,5098.359053
305,10,5098.359053
305,10,5098.359053
305,10,5098.359053
305,10,5098.359053
305,10,5098.359053
305,10,5098.359053
305,10,5098.359053
305,10,5098.359053
305,10,5098.359053
305,10,5098.359053
305,10,5098.359053
305,10,5098.359053
305,10,5098.359053
305,10,5098.359053
305,10,5098.359053
305,10,5098.359053
305,10,5098.359053
305,10,5098.359053
305,10,5098.359053
305,10,5098.359053
305,10,5098.359053
305,10,5098.359053
305,11,5079.806166
306,10,5098.359053
306,10,5098.359053
306,10,5098.359053
306,10,5098.359053
306,10,5098.359053
306,10,5098.359053
306,10,5098.359053
306,10,5098.359053
306,10,5098.359053
306,10,5098.359053
306,10,5098.359053
306,10,5098.359053
306,10,5098.359053
306,10,5098.359053
306,10,5098.359053
306,10,5098.359053
306,10,5098.359053
306,10,5098.359053
306,10,5098.359053
306,10,5098.359053
306,10,5098.359053
306,10,5098.359053
306,10,5098.359053
306,10,5098.359053
306,10,5098.359053
306,10,5098.359053
306,10,5098.359053
306,10,5098.359053
306,10,5098.359053
306,10,5098.359053
306,10,5098.359053
306,10,5098.359053
306,10,5098.359053
306,10,5098.359053
306,10,5098.359053
306,10,5098.359053
306,10,5098.359053
306,10,5098.359053
306,10,5098.359053
306,10,5098.359053
306,10,5098.359053
306,10,5098.359053
306,11,5079.806166
307,10,5098.359053
307,10,5098.359053
307,10,5098.359053
307,10,5098.359053
307,10,5098.359053
307,10,5098.359053
307,10,5098.359053
307,10,5098.359053
307,10,5098.359053
307,10,5098.359053
307,10,5098.359053
307,10,5098.359053
307,10,5098.359053
307,10,5098.359053
307,10,5098.359053
307,10,5098.359053
307,10,5098.359053
307,10,5098.359053
307,10,5098.359053
307,10,5098.359053
307,10,5098.359053
307,10,5098.359053
307,10,5098.359053
307,10,5098.359053
307,10,5098.359053
307,10,5098.359053
307,10,5098.359053
307,10,5098.359053
307,10,5098.359053
307,10,5098.359053
307,10,5098.359053
307,10,5098.359053
307,10,5098.359053
307,10,5098.359053
307,10,5098.359053
307,10,5098.359053
307,10,5098.359053
307,10,5098.359053
307,10,5098.359053
307,10,5098.359053
307,10,5098.359053
307,10,5098.359053
307,11,5079.806166
308,10,5098.359053
308,10,5098.359053
308,10,5098.359053
308,10,5098.359053
308,10,5098.359053
308,10,5098.359053
308,10,5098.359053
308,10,5098.359053
308,10,5098.359053
308,10,5098.359053
308,10,5098.359053
308,10,5098.359053
308,10,5098.359053
308,10,5098.359053
308,10,5098.359053
308,10,5098.359053
308,10,5098.359053
308,10,5098.359053
308,10,5098.359053
308,10,5098.359053
308,10,5098.359053
308,10,5098.359053
308,10,5098.359053
308,10,5098.359053
308,10,5098.359053
308,10,5098.359053
308,10,5098.359053
308,10,5098.359053
308,10,5098.359053
308,10,5098.359053
308,10,5098.359053
308,10,5098.359053
308,10,5098.359053
308,10,5098.359053
308,10,5098.359053
308,10,5098.359053
308,10,5098.359053
308,10,5098.359053
308,10,5098.359053
308,10,5098.359053
308,10,5098.359053
308,10,5098.359053
308,11,5079.806166
309,10,5098.359053
309,10,5098.359053
309,10,5098.359053
309,10,5098.359053
309,10,5098.359053
309,10,5098.359053
309,10,5098.359053
309,10,5098.359053
309,10,5098.359053
309,10,5098.359053
309,10,5098.359053
309,10,5098.359053
309,10,5098.359053
309,10,5098.359053
309,10,5098.359053
309,10,5098.359053
309,10,5098.359053
309,10,5098.359053
309,10,5098.359053
309,10,5098.359053
309,10,5098.359053
309,10,5098.359053
309,10,5098.359053
309,10,5098.359053
309,10,5098.359053
309,10,5098.359053
309,10,5098.359053
309,10,5098.359053
309,10,5098.359053
309,10,5098.359053
309,10,5098.359053
309,10,5098.359053
309,10,5098.359053
309,10,5098.359053
309,10,5098.359053
309,10,5098.359053
309,10,5098.359053
309,10,5098.359053
309,10,5098.359053
309,10,5098.359053
309,10,5098.359053
309,10,5098.359053
309,10,5098.359053
309,11,5079.806166
310,10,5098.359053
310,10,5098.359053
310,10,5098.359053
310,10,5098.359053
310,10,5098.359053
310,10,5098.359053
310,10,5098.359053
310,10,5098.359053
310,10,5098.359053
310,10,5098.359053
310,10,5098.359053
310,10,5098.359053
310,10,5098.359053
310,10,5098.359053
310,10,5098.359053
310,10,5098.359053
310,10,5098.359053
310,10,5098.359053
310,10,5098.359053
310,10,5098.359053
310,10,5098.359053
310,10,5098.359053
310,10,5098.359053
310,10,5098.359053
310,10,5098.359053
310,10,5098.359053
310,10,5098.359053
310,10,5098.359053
310,10,5098.359053
310,10,5098.359053
310,10,5098.359053
310,10,5098.359053
310,10,5098.359053
310,10,5098.359053
310,10,5098.359053
310,10,5098.359053
310,10,5098.359053
310,10,5098.359053
310,10,5098.359053
310,10,5098.359053
310,10,5098.359053
310,10,5098.359053
310,10,5098.359053
310,11,5079.806166
311,10,5098.359053
311,10,5098.359053
311,10,5098.359053
311,10,5098.359053
311,10,5098.359053
311,10,5098.359053
311,10,5098.359053
311,10,5098.359053
311,10,5098.359053
311,10,5098.359053
311,10,5098.359053
311,10,5098.359053
311,10,5098.359053
311,10,5098.359053
311,10,5098.359053
311,10,5098.359053
311,10,5098.359053
311,10,5098.359053
311,10,5098.359053
311,10,5098.359053
311,10,5098.359053
311,10,5098.359053
311,10,5098.359053
311,10,5098.359053
311,10,5098.359053
311,10,5098.359053
311,10,5098.359053
311,10,5098.359053
311,10,5098.359053
311,10,5098.359053
311,10,5098.359053
311,10,5098.359053
311,10,5098.359053
311,10,5098.359053
311,10,5098.359053
311,10,5098.359053
311,10,5098.359053
311,10,5098.359053
311,10,5098.359053
311,10,5098.359053
311,10,5098.359053
311,10,5098.359053
311,10,5098.359053
311,11,5079.806166
312,10,5098.359053
312,10,5098.359053
312,10,5098.359053
312,10,5098.359053
312,10,5098.359053
312,10,5098.359053
312,10,5098.359053
312,10,5098.359053
312,10,5098.359053
312,10,5098.359053
312,10,5098.359053
312,10,5098.359053
312,10,5098.359053
312,10,5098.359053
312,10,5098.359053
312,10,5098.359053
312,10,5098.359053
312,10,5098.359053
312,10,5098.359053
312,10,5098.359053
312,10,5098.359053
312,10,5098.359053
312,10,5098.359053
312,10,5098.359053
312,10,5098.359053
312,10,5098.359053
312,10,5098.359053
312,10,5098.359053
312,10,5098.359053
312,10,5098.359053
312,10,5098.359053
312,10,5098.359053
312,10,5098.359053
312,10,5098.359053
312,10,5098.359053
312,10,5098.359053
312,10,5098.359053
312,10,5098.359053
312,10,5098.359053
312,10,5098.359053
312,10,5098.359053
312,10,5098.359053
312,10,5098.359053
312,11,5079.806166
313,10,5098.359053
313,10,5098.359053
313,10,5098.359053
313,10,5098.359053
313,10,5098.359053
313,10,5098.359053
313,10,5098.359053
313,10,5098.359053
313,10,5098.359053
313,10,5098.359053
313,10,5098.359053
313,10,5098.359053
313,10,5098.359053
313,10,5098.359053
313,10,5098.359053
313,10,5098.359053
313,10,5098.359053
313,10,5098.359053
313,10,5098.359053
313,10,5098.359053
313,10,5098.359053
313,10,5098.359053
313,10,5098.359053
313,10,5098.359053
313,10,5098.359053
313,10,5098.359053
313,10,5098.359053
313,10,5098.359053
313,10,5098.359053
313,10,5098.359053
313,10,5098.359053
313,10,5098.359053
313,10,5098.359053
313,10,5098.359053
313,10,5098.359053
313,10,5098.359053
313,10,5098.359053
313,10,5098.359053
313,10,5098.359053
313,10,5098.359053
313,10,5098.359053
313,10,5098.359053
313,10,5098.359053
313,11,5079.806166
314,10,5098.359053
314,10,5098.359053
314,10,5098.359053
314,10,5098.359053
314,10,5098.359053
314,10,5098.359053
314,10,5098.359053
314,10,5098.359053
314,10,5098.359053
314,10,5098.359053
314,10,5098.359053
314,10,5098.359053
314,10,5098.359053
314,10,5098.359053
314,10,5098.359053
314,10,5098.359053
314,10,5098.359053
314,10,5098.359053
314,10,5098.359053
314,10,5098.359053
314,10,5098.359053
314,10,5098.359053
314,10,5098.359053
314,10,5098.359053
314,10,5098.359053
314,10,5098.359053
314,10,5098.359053
314,10,5098.359053
314,10,5098.359053
314,10,5098.359053
314,10,5098.359053
314,10,5098.359053
314,10,5098.359053
314,10,5098.359053
314,10,5098.359053
314,10,5098.359053
314,10,5098.359053
314,10,5098.359053
314,10,5098.359053
314,10,5098.359053
314,10,5098.359053
314,10,5098.359053
314,10,5098.359053
314,11,5079.806166
315,10,5098.359053
315,10,5098.359053
315,10,5098.359053
315,10,5098.359053
315,10,5098.359053
315,10,5098.359053
315,10,5098.359053
315,10,5098.359053
315,10,5098.359053
315,10,5098.359053
315,10,5098.359053
315,10,5098.359053
315,10,5098.359053
315,10,5098.359053
315,10,5098.359053
315,10,5098.359053
315,10,5098.359053
315,10,5098.359053
315,10,5098.359053
315,10,5098.359053
315,10,5098.359053
315,10,5098.359053
315,10,5098.359053
315,10,5098.359053
315,10,5098.359053
315,10,5098.359053
315,10,5098.359053
315,10,5098.359053
315,10,5098.359053
315,10,5098.359053
315,10,5098.359053
315,10,5098.359053
315,10,5098.359053
315,10,5098.359053
315,10,5098.359053
315,10,5098.359053
315,10,5098.359053
315,10,5098.359053
315,10,5098.359053
315,10,5098.359053
315,10,5098.359053
315,10,5098.359053
315,10,5098.359053
315,11,5079.806166
316,10,5098.359053
316,10,5098.359053
316,10,5098.359053
316,10,5098.359053
316,10,5098.359053
316,10,5098.359053
316,10,5098.359053
316,10,5098.359053
316,10,5098.359053
316,10,5098.359053
316,10,5098.359053
316,10,5098.359053
316,10,5098.359053
316,10,5098.359053
316,10,5098.359053
316,10,5098.359053
316,10,5098.359053
316,10,5098.359053
316,10,5098.359053
316,10,5098.359053
316,10,5098.359053
316,10,5098.359053
316,10,5098.359053
316,10,5098.359053
316,10,5098.359053
316,10,5098.359053
316,10,5098.359053
316,10,5098.359053
316,10,5098.359053
316,10,5098.359053
316,10,5098.359053
316,10,5098.359053
316,10,5098.359053
316,10,5098.359053
316,10,5098.359053
316,10,5098.359053
316,10,5098.359053
316,10,5098.359053
316,10,5098.359053
316,10,5098.359053
316,10,5098.359053
316,10,5098.359053
316,10,5098.359053
316,11,5079.806166
317,10,5098.359053
317,10,5098.359053
317,10,5098.359053
317,10,5098.359053
317,10,5098.359053
317,10,5098.359053
317,10,5098.359053
317,10,5098.359053
317,10,5098.359053
317,10,5098.359053
317,10,5098.359053
317,10,5098.359053
317,10,5098.359053
317,10,5098.359053
317,10,5098.359053
317,10,5098.359053
317,10,5098.359053
317,10,5098.359053
317,10,5098.359053
317,10,5098.359053
317,10,5098.359053
317,10,5098.359053
317,10,5098.359053
317,10,5098.359053
317,10,5098.359053
317,10,5098.359053
317,10,5098.359053
317,10,5098.359053
317,10,5098.359053
317,10,5098.359053
317,10,5098.359053
317,10,5098.359053
317,10,5098.359053
317,10,5098.359053
317,10,5098.359053
317,10,5098.359053
317,10,5098.359053
317,10,5098.359053
317,10,5098.359053
317,10,5098.359053
317,10,5098.359053
317,10,5098.359053
317,10,5098.359053
317,11,5079.806166
318,10,5098.359053
318,10,5098.359053
318,10,5098.359053
318,10,5098.359053
318,10,5098.359053
318,10,5098.359053
318,10,5098.359053
318,10,5098.359053
318,10,5098.359053
318,10,5098.359053
318,10,5098.359053
318,10,5098.359053
318,10,5098.359053
318,10,5098.359053
318,10,5098.359053
318,10,5098.359053
318,10,5098.359053
318,10,5098.359053
318,10,5098.359053
318,10,5098.359053
318,10,5098.359053
318,10,5098.359053
318,10,5098.359053
318,10,5098.359053
318,10,5098.359053
318,10,5098.359053
318,10,5098.359053
318,10,5098.359053
318,10,5098.359053
318,10,5098.359053
318,10,5098.359053
318,10,5098.359053
318,10,5098.359053
318,10,5098.359053
318,10,5098.359053
318,10,5098.359053
318,10,5098.359053
318,10,5098.359053
318,10,5098.359053
318,10,5098.359053
318,10,5098.359053
318,10,5098.359053
318,10,5098.359053
318,11,5079.806166
319,10,5098.359053
319,10,5098.359053
319,10,5098.359053
319,10,5098.359053
319,10,5098.359053
319,10,5098.359053
319,10,5098.359053
319,10,5098.359053
319,10,5098.359053
319,10,5098.359053
319,10,5098.359053
319,10,5098.359053
319,10,5098.359053
319,10,5098.359053
319,10,5098.359053
319,10,5098.359053
319,10,5098.359053
319,10,5098.359053
319,10,5098.359053
319,10,5098.359053
319,10,5098.359053
319,10,5098.359053
319,10,5098.359053
319,10,5098.359053
319,10,5098.359053
319,10,5098.359053
319,10,5098.359053
319,10,5098.359053
319,10,5098.359053
319,10,5098.359053
319,10,5098.359053
319,10,5098.359053
319,10,5098.359053
319,10,5098.359053
319,10,5098.359053
319,10,5098.359053
319,10,5098.359053
319,10,5098.359053
319,10,5098.359053
319,10,5098.359053
319,10,5098.359053
319,10,5098.359053
319,10,5098.359053
319,11,5079.806166
320,10,5098.359053
320,10,5098.359053
320,10,5098.359053
320,10,5098.359053
320,10,5098.359053
320,10,5098.359053
320,10,5098.359053
320,10,5098.359053
320,10,5098.359053
320,10,5098.359053
320,10,5098.359053
320,10,5098.359053
320,10,5098.359053
320,10,5098.359053
320,10,5098.359053
320,10,5098.359053
320,10,5098.359053
320,10,5098.359053
320,10,5098.359053
320,10,5098.359053
320,10,5098.359053
320,10,5098.359053
320,10,5098.359053
320,10,5098.359053
320,10,5098.359053
320,10,5098.359053
320,10,5098.359053
320,10,5098.359053
320,10,5098.359053
320,10,5098.359053
320,10,5098.359053
320,10,5098.359053
320,10,5098.359053
320,10,5098.359053
320,10,5098.359053
320,10,5098.359053
320,10,5098.359053
320,10,5098.359053
320,10,5098.359053
320,10,5098.359053
320,10,5098.359053
320,10,5098.359053
320,10,5098.359053
320,11,5079.806166
321,10,5098.359053
321,10,5098.359053
321,10,5098.359053
321,10,5098.359053
321,10,5098.359053
321,10,5098.359053
321,10,5098.359053
321,10,5098.359053
321,10,5098.359053
321,10,5098.359053
321,10,5098.359053
321,10,5098.359053
321,10,5098.359053
321,10,5098.359053
321,10,5098.359053
321,10,5098.359053
321,10,5098.359053
321,10,5098.359053
321,10,5098.359053
321,10,5098.359053
321,10,5098.359053
321,10,5098.359053
321,10,5098.359053
321,10,5098.359053
321,10,5098.359053
321,10,5098.359053
321,10,5098.359053
321,10,5098.359053
321,10,5098.359053
321,10,5098.359053
321,10,5098.359053
321,10,5098.359053
321,10,5098.359053
321,10,5098.359053
321,10,5098.359053
321,10,5098.359053
321,10,5098.359053
321,10,5098.359053
321,10,5098.359053
321,10,5098.359053
321,10,5098.359053
321,10,5098.359053
321,10,5098.359053
321,11,5079.806166
322,10,5098.359053
322,10,5098.359053
322,10,5098.359053
322,10,5098.359053
322,10,5098.359053
322,10,5098.359053
322,10,5098.359053
322,10,5098.359053
322,10,5098.359053
322,10,5098.359053
322,10,5098.359053
322,10,5098.359053
322,10,5098.359053
322,10,5098.359053
322,10,5098.359053
322,10,5098.359053
322,10,5098.359053
322,10,5098.359053
322,10,5098.359053
322,10,5098.359053
322,10,5098.359053
322,10,5098.359053
322,10,5098.359053
322,10,5098.359053
322,10,5098.359053
322,10,5098.359053
322,10,5098.359053
322,10,5098.359053
322,10,5098.359053
322,10,5098.359053
322,10,5098.359053
322,10,5098.359053
322,10,5098.359053
322,10,5098.359053
322,10,5098.359053
322,10,5098.359053
322,10,5098.359053
322,10,5098.359053
322,10,5098.359053
322,10,5098.359053
322,10,5098.359053
322,10,5098.359053
322,10,5098.359053
322,11,5079.806166
323,10,5098.359053
323,10,5098.359053
323,10,5098.359053
323,10,5098.359053
323,10,5098.359053
323,10,5098.359053
323,10,5098.359053
323,10,5098.359053
323,10,5098.359053
323,10,5098.359053
323,10,5098.359053
323,10,5098.359053
323,10,5098.359053
323,10,5098.359053
323,10,5098.359053
323,10,5098.359053
323,10,5098.359053
323,10,5098.359053
323,10,5098.359053
323,10,5098.359053
323,10,5098.359053
323,10,5098.359053
323,10,5098.359053
323,10,5098.359053
323,10,5098.359053
323,10,5098.359053
323,10,5098.359053
323,10,5098.359053
323,10,5098.359053
323,10,5098.359053
323,10,5098.359053
323,10,5098.359053
323,10,5098.359053
323,10,5098.359053
323,10,5098.359053
323,10,5098.359053
323,10,5098.359053
323,10,5098.359053
323,10,5098.359053
323,10,5098.359053
323,10,5098.359053
323,10,5098.359053
323,10,5098.359053
323,11,5079.806166
324,10,5098.359053
324,10,5098.359053
324,10,5098.359053
324,10,5098.359053
324,10,5098.359053
324,10,5098.359053
324,10,5098.359053
324,10,5098.359053
324,10,5098.359053
324,10,5098.359053
324,10,5098.359053
324,10,5098.359053
324,10,5098.359053
324,10,5098.359053
324,10,5098.359053
324,10,5098.359053
324,10,5098.359053
324,10,5098.359053
324,10,5098.359053
324,10,5098.359053
324,10,5098.359053
324,10,5098.359053
324,10,5098.359053
324,10,5098.359053
324,10,5098.359053
324,10,5098.359053
324,10,5098.359053
324,10,5098.359053
324,10,5098.359053
324,10,5098.359053
324,10,5098.359053
324,10,5098.359053
324,10,5098.359053
324,10,5098.359053
324,10,5098.359053
324,10,5098.359053
324,10,5098.359053
324,10,5098.359053
324,10,5098.359053
324,10,5098.359053
324,10,5098.359053
324,10,5098.359053
324,10,5098.359053
324,11,5079.806166
325,10,5098.359053
325,10,5098.359053
325,10,5098.359053
325,10,5098.359053
325,10,5098.359053
325,10,5098.359053
325,10,5098.359053
325,10,5098.359053
325,10,5098.359053
325,10,5098.359053
325,10,5098.359053
325,10,5098.359053
325,10,5098.359053
325,10,5098.359053
325,10,5098.359053
325,10,5098.359053
325,10,5098.359053
325,10,5098.359053
325,10,5098.359053
325,10,5098.359053
325,10,5098.359053
325,10,5098.359053
325,10,5098.359053
325,10,5098.359053
325,10,5098.359053
325,10,5098.359053
325,10,5098.359053
325,10,5098.359053
325,10,5098.359053
325,10,5098.359053
325,10,5098.359053
325,10,5098.359053
325,10,5098.359053
325,10,5098.359053
325,10,5098.359053
325,10,5098.359053
325,10,5098.359053
325,10,5098.359053
325,10,5098.359053
325,10,5098.359053
325,10,5098.359053
325,10,5098.359053
325,10,5098.359053
325,10,5098.359053
325,11,5079.806166
326,10,5098.359053
326,10,5098.359053
326,10,5098.359053
326,10,5098.359053
326,10,5098.359053
326,10,5098.359053
326,10,5098.359053
326,10,5098.359053
326,10,5098.359053
326,10,5098.359053
326,10,5098.359053
326,10,5098.359053
326,10,5098.359053
326,10,5098.359053
326,10,5098.359053
326,10,5098.359053
326,10,5098.359053
326,10,5098.359053
326,10,5098.359053
326,10,5098.359053
326,10,5098.359053
326,10,5098.359053
326,10,5098.359053
326,10,5098.359053
326,10,5098.359053
326,10,5098.359053
326,10,5098.359053
326,10,5098.359053
326,10,5098.359053
326,10,5098.359053
326,10,5098.359053
326,10,5098.359053
326,10,5098.359053
326,10,5098.359053
326,10,5098.359053
326,10,5098.359053
326,10,5098.359053
326,10,5098.359053
326,10,5098.359053
326,10,5098.359053
326,10,5098.359053
326,10,5098.359053
326,10,5098.359053
326,10,5098.359053
326,10,5098.359053
326,11,5079.806166
327,10,5098.359053
327,10,5098.359053
327,10,5098.359053
327,10,5098.359053
327,10,5098.359053
327,10,5098.359053
327,10,5098.359053
327,10,5098.359053
327,10,5098.359053
327,10,5098.359053
327,10,5098.359053
327,10,5098.359053
327,10,5098.359053
327,10,5098.359053
327,10,5098.359053
327,10,5098.359053
327,10,5098.359053
327,10,5098.359053
327,10,5098.359053
327,10,5098.359053
327,10,5098.359053
327,10,5098.359053
327,10,5098.359053
327,10,5098.359053
327,10,5098.359053
327,10,5098.359053
327,10,5098.359053
327,10,5098.359053
327,10,5098.359053
327,10,5098.359053
327,10,5098.359053
327,10,5098.359053
327,10,5098.359053
327,10,5098.359053
327,10,5098.359053
327,10,5098.359053
327,10,5098.359053
327,10,5098.359053
327,10,5098.359053
327,10,5098.359053
327,10,5098.359053
327,10,5098.359053
327,10,5098.359053
327,10,5098.359053
327,10,5098.359053
327,11,5079.806166
328,10,5098.359053
328,10,5098.359053
328,10,5098.359053
328,10,5098.359053
328,10,5098.359053
328,10,5098.359053
328,10,5098.359053
328,10,5098.359053
328,10,5098.359053
328,10,5098.359053
328,10,5098.359053
328,10,5098.359053
328,10,5098.359053
328,10,5098.359053
328,10,5098.359053
328,10,5098.359053
328,10,5098.359053
328,10,5098.359053
328,10,5098.359053
328,10,5098.359053
328,10,5098.359053
328,10,5098.359053
328,10,5098.359053
328,10,5098.359053
328,10,5098.359053
328,10,5098.359053
328,10,5098.359053
328,10,5098.359053
328,10,5098.359053
328,10,5098.359053
328,10,5098.359053
328,10,5098.359053
328,10,5098.359053
328,10,5098.359053
328,10,5098.359053
328,10,5098.359053
328,10,5098.359053
328,10,5098.359053
328,10,5098.359053
328,10,5098.359053
328,10,5098.359053
328,10,5098.359053
328,10,5098.359053
328,10,5098.359053
328,10,5098.359053
328,11,5079.806166
329,10,5098.359053
329,10,5098.359053
329,10,5098.359053
329,10,5098.359053
329,10,5098.359053
329,10,5098.359053
329,10,5098.359053
329,10,5098.359053
329,10,5098.359053
329,10,5098.359053
329,10,5098.359053
329,10,5098.359053
329,10,5098.359053
329,10,5098.359053
329,10,5098.359053
329,10,5098.359053
329,10,5098.359053
329,10,5098.359053
329,10,5098.359053
329,10,5098.359053
329,10,5098.359053
329,10,5098.359053
329,10,5098.359053
329,10,5098.359053
329,10,5098.359053
329,10,5098.359053
329,10,5098.359053
329,10,5098.359053
329,10,5098.359053
329,10,5098.359053
329,10,5098.359053
329,10,5098.359053
329,10,5098.359053
329,10,5098.359053
329,10,5098.359053
329,10,5098.359053
329,10,5098.359053
329,10,5098.359053
329,10,5098.359053
329,10,5098.359053
329,10,5098.359053
329,10,5098.359053
329,10,5098.359053
329,10,5098.359053
329,10,5098.359053
329,11,5079.806166
330,10,5098.359053
330,10,5098.359053
330,10,5098.359053
330,10,5098.359053
330,10,5098.359053
330,10,5098.359053
330,10,5098.359053
330,10,5098.359053
330,10,5098.359053
330,10,5098.359053
330,10,5098.359053
330,10,5098.359053
330,10,5098.359053
330,10,5098.359053
330,10,5098.359053
330,10,5098.359053
330,10,5098.359053
330,10,5098.359053
330,10,5098.359053
330,10,5098.359053
330,10,5098.359053
330,10,5098.359053
330,10,5098.359053
330,10,5098.359053
330,10,5098.359053
330,10,5098.359053
330,10,5098.359053
330,10,5098.359053
330,10,5098.359053
330,10,5098.359053
330,10,5098.359053
330,10,5098.359053
330,10,5098.359053
330,10,5098.359053
330,10,5098.359053
330,10,5098.359053
330,10,5098.359053
330,10,5098.359053
330,10,5098.359053
330,10,5098.359053
330,10,5098.359053
330,10,5098.359053
330,10,5098.359053
330,10,5098.359053
330,10,5098.359053
330,11,5079.806166
331,10,5098.359053
331,10,5098.359053
331,10,5098.359053
331,10,5098.359053
331,10,5098.359053
331,10,5098.359053
331,10,5098.359053
331,10,5098.359053
331,10,5098.359053
331,10,5098.359053
331,10,5098.359053
331,10,5098.359053
331,10,5098.359053
331,10,5098.359053
331,10,5098.359053
331,10,5098.359053
331,10,5098.359053
331,10,5098.359053
331,10,5098.359053
331,10,5098.359053
331,10,5098.359053
331,10,5098.359053
331,10,5098.359053
331,10,5098.359053
331,10,5098.359053
331,10,5098.359053
331,10,5098.359053
331,10,5098.359053
331,10,5098.359053
331,10,5098.359053
331,10,5098.359053
331,10,5098.359053
331,10,5098.359053
331,10,5098.359053
331,10,5098.359053
331,10,5098.359053
331,10,5098.359053
331,10,5098.359053
331,10,5098.359053
331,10,5098.359053
331,10,5098.359053
331,10,5098.359053
331,10,5098.359053
331,10,5098.359053
331,10,5098.359053
331,11,5079.806166
332,10,5098.359053
332,10,5098.359053
332,10,5098.359053
332,10,5098.359053
332,10,5098.359053
332,10,5098.359053
332,10,5098.359053
332,10,5098.359053
332,10,5098.359053
332,10,5098.359053
332,10,5098.359053
332,10,5098.359053
332,10,5098.359053
332,10,5098.359053
332,10,5098.359053
332,10,5098.359053
332,10,5098.359053
332,10,5098.359053
332,10,5098.359053
332,10,5098.359053
332,10,5098.359053
332,10,5098.359053
332,10,5098.359053
332,10,5098.359053
332,10,5098.359053
332,10,5098.359053
332,10,5098.359053
332,10,5098.359053
332,10,5098.359053
332,10,5098.359053
332,10,5098.359053
332,10,5098.359053
332,10,5098.359053
332,10,5098.359053
332,10,5098.359053
332,10,5098.359053
332,10,5098.359053
332,10,5098.359053
332,10,5098.359053
332,10,5098.359053
332,10,5098.359053
332,10,5098.359053
332,10,5098.359053
332,10,5098.359053
332,10,5098.359053
332,11,5079.806166
333,10,5098.359053
333,10,5098.359053
333,10,5098.359053
333,10,5098.359053
333,10,5098.359053
333,10,5098.359053
333,10,5098.359053
333,10,5098.359053
333,10,5098.359053
333,10,5098.359053
333,10,5098.359053
333,10,5098.359053
333,10,5098.359053
333,10,5098.359053
333,10,5098.359053
333,10,5098.359053
333,10,5098.359053
333,10,5098.359053
333,10,5098.359053
333,10,5098.359053
333,10,5098.359053
333,10,5098.359053
333,10,5098.359053
333,10,5098.359053
333,10,5098.359053
333,10,5098.359053
333,10,5098.359053
333,10,5098.359053
333,10,5098.359053
333,10,5098.359053
333,10,5098.359053
333,10,5098.359053
333,10,5098.359053
333,10,5098.359053
333,10,5098.359053
333,10,5098.359053
333,10,5098.359053
333,10,5098.359053
333,10,5098.359053
333,10,5098.359053
333,10,5098.359053
333,10,5098.359053
333,10,5098.359053
333,10,5098.359053
333,10,5098.359053
333,11,5079.806166
334,10,5098.359053
334,10,5098.359053
334,10,5098.359053
334,10,5098.359053
334,10,5098.359053
334,10,5098.359053
334,10,5098.359053
334,10,5098.359053
334,10,5098.359053
334,10,5098.359053
334,10,5098.359053
334,10,5098.359053
334,10,5098.359053
334,10,5098.359053
334,10,5098.359053
334,10,5098.359053
334,10,5098.359053
334,10,5098.359053
334,10,5098.359053
334,10,5098.359053
334,10,5098.359053
334,10,5098.359053
334,10,5098.359053
334,10,5098.359053
334,10,5098.359053
334,10,5098.359053
334,10,5098.359053
334,10,5098.359053
334,10,5098.359053
334,10,5098.359053
334,10,5098.359053
334,10,5098.359053
334,10,5098.359053
334,10,5098.359053
334,10,5098.359053
334,10,5098.359053
334,10,5098.359053
334,10,5098.359053
334,10,5098.359053
334,10,5098.359053
334,10,5098.359053
334,10,5098.359053
334,10,5098.359053
334,10,5098.359053
334,10,5098.359053
334,11,5079.806166
335,10,5098.359053
335,10,5098.359053
335,10,5098.359053
335,10,5098.359053
335,10,5098.359053
335,10,5098.359053
335,10,5098.359053
335,10,5098.359053
335,10,5098.359053
335,10,5098.359053
335,10,5098.359053
335,10,5098.359053
335,10,5098.359053
335,10,5098.359053
335,10,5098.359053
335,10,5098.359053
335,10,5098.359053
335,10,5098.359053
335,10,5098.359053
335,10,5098.359053
335,10,5098.359053
335,10,5098.359053
335,10,5098.359053
335,10,5098.359053
335,10,5098.359053
335,10,5098.359053
335,10,5098.359053
335,10,5098.359053
335,10,5098.359053
335,10,5098.359053
335,10,5098.359053
335,10,5098.359053
335,10,5098.359053
335,10,5098.359053
335,10,5098.359053
335,10,5098.359053
335,10,5098.359053
335,10,5098.359053
335,10,5098.359053
335,10,5098.359053
335,10,5098.359053
335,10,5098.359053
335,10,5098.359053
335,10,5098.359053
335,10,5098.359053
335,11,5079.806166
336,10,5098.359053
336,10,5098.359053
336,10,5098.359053
336,10,5098.359053
336,10,5098.359053
336,10,5098.359053
336,10,5098.359053
336,10,5098.359053
336,10,5098.359053
336,10,5098.359053
336,10,5098.359053
336,10,5098.359053
336,10,5098.359053
336,10,5098.359053
336,10,5098.359053
336,10,5098.359053
336,10,5098.359053
336,10,5098.359053
336,10,5098.359053
336,10,5098.359053
336,10,5098.359053
336,10,5098.359053
336,10,5098.359053
336,10,5098.359053
336,10,5098.359053
336,10,5098.359053
336,10,5098.359053
336,10,5098.359053
336,10,5098.359053
336,10,5098.359053
336,10,5098.359053
336,10,5098.359053
336,10,5098.359053
336,10,5098.359053
336,10,5098.359053
336,10,5098.359053
336,10,5098.359053
336,10,5098.359053
336,10,5098.359053
336,10,5098.359053
336,10,5098.359053
336,10,5098.359053
336,10,5098.359053
336,10,5098.359053
336,10,5098.359053
336,10,5098.359053
336,11,5079.806166
337,10,5098.359053
337,10,5098.359053
337,10,5098.359053
337,10,5098.359053
337,10,5098.359053
337,10,5098.359053
337,10,5098.359053
337,10,5098.359053
337,10,5098.359053
337,10,5098.359053
337,10,5098.359053
337,10,5098.359053
337,10,5098.359053
337,10,5098.359053
337,10,5098.359053
337,10,5098.359053
337,10,5098.359053
337,10,5098.359053
337,10,5098.359053
337,10,5098.359053
337,10,5098.359053
337,10,5098.359053
337,10,5098.359053
337,10,5098.359053
337,10,5098.359053
337,10,5098.359053
337,10,5098.359053
337,10,5098.359053
337,10,5098.359053
337,10,5098.359053
337,10,5098.359053
337,10,5098.359053
337,10,5098.359053
337,10,5098.359053
337,10,5098.359053
337,10,5098.359053
337,10,5098.359053
337,10,5098.359053
337,10,5098.359053
337,10,5098.359053
337,10,5098.359053
337,10,5098.359053
337,10,5098.359053
337,10,5098.359053
337,10,5098.359053
337,10,5098.359053
337,11,5079.806166
338,10,5098.359053
338,10,5098.359053
338,10,5098.359053
338,10,5098.359053
338,10,5098.359053
338,10,5098.359053
338,10,5098.359053
338,10,5098.359053
338,10,5098.359053
338,10,5098.359053
338,10,5098.359053
338,10,5098.359053
338,10,5098.359053
338,10,5098.359053
338,10,5098.359053
338,10,5098.359053
338,10,5098.359053
338,10,5098.359053
338,10,5098.359053
338,10,5098.359053
338,10,5098.359053
338,10,5098.359053
338,10,5098.359053
338,10,5098.359053
338,10,5098.359053
338,10,5098.359053
338,10,5098.359053
338,10,5098.359053
338,10,5098.359053
338,10,5098.359053
338,10,5098.359053
338,10,5098.359053
338,10,5098.359053
338,10,5098.359053
338,10,5098.359053
338,10,5098.359053
338,10,5098.359053
338,10,5098.359053
338,10,5098.359053
338,10,5098.359053
338,10,5098.359053
338,10,5098.359053
338,10,5098.359053
338,10,5098.359053
338,10,5098.359053
338,10,5098.359053
338,11,5079.806166
339,10,5098.359053
339,10,5098.359053
339,10,5098.359053
339,10,5098.359053
339,10,5098.359053
339,10,5098.359053
339,10,5098.359053
339,10,5098.359053
339,10,5098.359053
339,10,5098.359053
339,10,5098.359053
339,10,5098.359053
339,10,5098.359053
339,10,5098.359053
339,10,5098.359053
339,10,5098.359053
339,10,5098.359053
339,10,5098.359053
339,10,5098.359053
339,10,5098.359053
339,10,5098.359053
339,10,5098.359053
339,10,5098.359053
339,10,5098.359053
339,10,5098.359053
339,10,5098.359053
339,10,5098.359053
339,10,5098.359053
339,10,5098.359053
339,10,5098.359053
339,10,5098.359053
339,10,5098.359053
339,10,5098.359053
339,10,5098.359053
339,10,5098.359053
339,10,5098.359053
339,10,5098.359053
339,10,5098.359053
339,10,5098.359053
339,10,5098.359053
339,10,5098.359053
339,10,5098.359053
339,10,5098.359053
339,10,5098.359053
339,10,5098.359053
339,10,5098.359053
339,11,5079.806166
340,10,5098.359053
340,10,5098.359053
340,10,5098.359053
340,10,5098.359053
340,10,5098.359053
340,10,5098.359053
340,10,5098.359053
340,10,5098.359053
340,10,5098.359053
340,10,5098.359053
340,10,5098.359053
340,10,5098.359053
340,10,5098.359053
340,10,5098.359053
340,10,5098.359053
340,10,5098.359053
340,10,5098.359053
340,10,5098.359053
340,10,5098.359053
340,10,5098.359053
340,10,5098.359053
340,10,5098.359053
340,10,5098.359053
340,10,5098.359053
340,10,5098.359053
340,10,5098.359053
340,10,5098.359053
340,10,5098.359053
340,10,5098.359053
340,10,5098.359053
340,10,5098.359053
340,10,5098.359053
340,10,5098.359053
340,10,5098.359053
340,10,5098.359053
340,10,5098.359053
340,10,5098.359053
340,10,5098.359053
340,10,5098.359053
340,10,5098.359053
340,10,5098.359053
340,10,5098.359053
340,10,5098.359053
340,10,5098.359053
340,10,5098.359053
340,10,5098.359053
340,11,5079.806166
341,10,5098.359053
341,10,5098.359053
341,10,5098.359053
341,10,5098.359053
341,10,5098.359053
341,10,5098.359053
341,10,5098.359053
341,10,5098.359053
341,10,5098.359053
341,10,5098.359053
341,10,5098.359053
341,10,5098.359053
341,10,5098.359053
341,10,5098.359053
341,10,5098.359053
341,10,5098.359053
341,10,5098.359053
341,10,5098.359053
341,10,5098.359053
341,10,5098.359053
341,10,5098.359053
341,10,5098.359053
341,10,5098.359053
341,10,5098.359053
341,10,5098.359053
341,10,5098.359053
341,10,5098.359053
341,10,5098.359053
341,10,5098.359053
341,10,5098.359053
341,10,5098.359053
341,10,5098.359053
341,10,5098.359053
341,10,5098.359053
341,10,5098.359053
341,10,5098.359053
341,10,5098.359053
341,10,5098.359053
341,10,5098.359053
341,10,5098.359053
341,10,5098.359053
341,10,5098.359053
341,10,5098.359053
341,10,5098.359053
341,10,5098.359053
341,10,5098.359053
341,10,5098.359053
341,11,5079.806166
342,10,5098.359053
342,10,5098.359053
342,10,5098.359053
342,10,5098.359053
342,10,5098.359053
342,10,5098.359053
342,10,5098.359053
342,10,5098.359053
342,10,5098.359053
342,10,5098.359053
342,10,5098.359053
342,10,5098.359053
342,10,5098.359053
342,10,5098.359053
342,10,5098.359053
342,10,5098.359053
342,10,5098.359053
342,10,5098.359053
342,10,5098.359053
342,10,5098.359053
342,10,5098.359053
342,10,5098.359053
342,10,5098.359053
342,10,5098.359053
342,10,5098.359053
342,10,5098.359053
342,10,5098.359053
342,10,5098.359053
342,10,5098.359053
342,10,5098.359053
342,10,5098.359053
342,10,5098.359053
342,10,5098.359053
342,10,5098.359053
342,10,5098.359053
342,10,5098.359053
342,10,5098.359053
342,10,5098.359053
342,10,5098.359053
342,10,5098.359053
342,10,5098.359053
342,10,5098.359053
342,10,5098.359053
342,10,5098.359053
342,10,5098.359053
342,10,5098.359053
342,10,5098.359053
342,11,5079.806166
343,10,5098.359053
343,10,5098.359053
343,10,5098.359053
343,10,5098.359053
343,10,5098.359053
343,10,5098.359053
343,10,5098.359053
343,10,5098.359053
343,10,5098.359053
343,10,5098.359053
343,10,5098.359053
343,10,5098.359053
343,10,5098.359053
343,10,5098.359053
343,10,5098.359053
343,10,5098.359053
343,10,5098.359053
343,10,5098.359053
343,10,5098.359053
343,10,5098.359053
343,10,5098.359053
343,10,5098.359053
343,10,5098.359053
343,10,5098.359053
343,10,5098.359053
343,10,5098.359053
343,10,5098.359053
343,10,5098.359053
343,10,5098.359053
343,10,5098.359053
343,10,5098.359053
343,10,5098.359053
343,10,5098.359053
343,10,5098.359053
343,10,5098.359053
343,10,5098.359053
343,10,5098.359053
343,10,5098.359053
343,10,5098.359053
343,10,5098.359053
343,10,5098.359053
343,10,5098.359053
343,10,5098.359053
343,10,5098.359053
343,10,5098.359053
343,10,5098.359053
343,10,5098.359053
343,11,5079.806166
344,10,5098.359053
344,10,5098.359053
344,10,5098.359053
344,10,5098.359053
344,10,5098.359053
344,10,5098.359053
344,10,5098.359053
344,10,5098.359053
344,10,5098.359053
344,10,5098.359053
344,10,5098.359053
344,10,5098.359053
344,10,5098.359053
344,10,5098.359053
344,10,5098.359053
344,10,5098.359053
344,10,5098.359053
344,10,5098.359053
344,10,5098.359053
344,10,5098.359053
344,10,5098.359053
344,10,5098.359053
344,10,5098.359053
344,10,5098.359053
344,10,5098.359053
344,10,5098.359053
344,10,5098.359053
344,10,5098.359053
344,10,5098.359053
344,10,5098.359053
344,10,5098.359053
344,10,5098.359053
344,10,5098.359053
344,10,5098.359053
344,10,5098.359053
344,10,5098.359053
344,10,5098.359053
344,10,5098.359053
344,10,5098.359053
344,10,5098.359053
344,10,5098.359053
344,10,5098.359053
344,10,5098.359053
344,10,5098.359053
344,10,5098.359053
344,10,5098.359053
344,10,5098.359053
344,11,5079.806166
345,10,5098.359053
345,10,5098.359053
345,10,5098.359053
345,10,5098.359053
345,10,5098.359053
345,10,5098.359053
345,10,5098.359053
345,10,5098.359053
345,10,5098.359053
345,10,5098.359053
345,10,5098.359053
345,10,5098.359053
345,10,5098.359053
345,10,5098.359053
345,10,5098.359053
345,10,5098.359053
345,10,5098.359053
345,10,5098.359053
345,10,5098.359053
345,10,5098.359053
345,10,5098.359053
345,10,5098.359053
345,10,5098.359053
345,10,5098.359053
345,10,5098.359053
345,10,5098.359053
345,10,5098.359053
345,10,5098.359053
345,10,5098.359053
345,10,5098.359053
345,10,5098.359053
345,10,5098.359053
345,10,5098.359053
345,10,5098.359053
345,10,5098.359053
345,10,5098.359053
345,10,5098.359053
345,10,5098.359053
345,10,5098.359053
345,10,5098.359053
345,10,5098.359053
345,10,5098.359053
345,10,5098.359053
345,10,5098.359053
345,10,5098.359053
345,10,5098.359053
345,10,5098.359053
345,11,5079.806166
346,10,5098.359053
346,10,5098.359053
346,10,5098.359053
346,10,5098.359053
346,10,5098.359053
346,10,5098.359053
346,10,5098.359053
346,10,5098.359053
346,10,5098.359053
346,10,5098.359053
346,10,5098.359053
346,10,5098.359053
346,10,5098.359053
346,10,5098.359053
346,10,5098.359053
346,10,5098.359053
346,10,5098.359053
346,10,5098.359053
346,10,5098.359053
346,10,5098.359053
346,10,5098.359053
346,10,5098.359053
346,10,5098.359053
346,10,5098.359053
346,10,5098.359053
346,10,5098.359053
346,10,5098.359053
346,10,5098.359053
346,10,5098.359053
346,10,5098.359053
346,10,5098.359053
346,10,5098.359053
346,10,5098.359053
346,10,5098.359053
346,10,5098.359053
346,10,5098.359053
346,10,5098.359053
346,10,5098.359053
346,10,5098.359053
346,10,5098.359053
346,10,5098.359053
346,10,5098.359053
346,10,5098.359053
346,10,5098.359053
346,10,5098.359053
346,10,5098.359053
346,10,5098.359053
346,11,5079.806166
347,10,5098.359053
347,10,5098.359053
347,10,5098.359053
347,10,5098.359053
347,10,5098.359053
347,10,5098.359053
347,10,5098.359053
347,10,5098.359053
347,10,5098.359053
347,10,5098.359053
347,10,5098.359053
347,10,5098.359053
347,10,5098.359053
347,10,5098.359053
347,10,5098.359053
347,10,5098.359053
347,10,5098.359053
347,10,5098.359053
347,10,5098.359053
347,10,5098.359053
347,10,5098.359053
347,10,5098.359053
347,10,5098.359053
347,10,5098.359053
347,10,5098.359053
347,10,5098.359053
347,10,5098.359053
347,10,5098.359053
347,10,5098.359053
347,10,5098.359053
347,10,5098.359053
347,10,5098.359053
347,10,5098.359053
347,10,5098.359053
347,10,5098.359053
347,10,5098.359053
347,10,5098.359053
347,10,5098.359053
347,10,5098.359053
347,10,5098.359053
347,10,5098.359053
347,10,5098.359053
347,10,5098.359053
347,10,5098.359053
347,10,5098.359053
347,10,5098.359053
347,10,5098.359053
347,11,5079.806166
348,10,5098.359053
348,10,5098.359053
348,10,5098.359053
348,10,5098.359053
348,10,5098.359053
348,10,5098.359053
348,10,5098.359053
348,10,5098.359053
348,10,5098.359053
348,10,5098.359053
348,10,5098.359053
348,10,5098.359053
348,10,5098.359053
348,10,5098.359053
348,10,5098.359053
348,10,5098.359053
348,10,5098.359053
348,10,5098.359053
348,10,5098.359053
348,10,5098.359053
348,10,5098.359053
348,10,5098.359053
348,10,5098.359053
348,10,5098.359053
348,10,5098.359053
348,10,5098.359053
348,10,5098.359053
348,10,5098.359053
348,10,5098.359053
348,10,5098.359053
348,10,5098.359053
348,10,5098.359053
348,10,5098.359053
348,10,5098.359053
348,10,5098.359053
348,10,5098.359053
348,10,5098.359053
348,10,5098.359053
348,10,5098.359053
348,10,5098.359053
348,10,5098.359053
348,10,5098.359053
348,10,5098.359053
348,10,5098.359053
348,10,5098.359053
348,10,5098.359053
348,10,5098.359053
348,10,5098.359053
348,11,5079.806166
349,10,5098.359053
349,10,5098.359053
349,10,5098.359053
349,10,5098.359053
349,10,5098.359053
349,10,5098.359053
349,10,5098.359053
349,10,5098.359053
349,10,5098.359053
349,10,5098.359053
349,10,5098.359053
349,10,5098.359053
349,10,5098.359053
349,10,5098.359053
349,10,5098.359053
349,10,5098.359053
349,10,5098.359053
349,10,5098.359053
349,10,5098.359053
349,10,5098.359053
349,10,5098.359053
349,10,5098.359053
349,10,5098.359053
349,10,5098.359053
349,10,5098.359053
349,10,5098.359053
349,10,5098.359053
349,10,5098.359053
349,10,5098.359053
349,10,5098.359053
349,10,5098.359053
349,10,5098.359053
349,10,5098.359053
349,10,5098.359053
349,10,5098.359053
349,10,5098.359053
349,10,5098.359053
349,10,5098.359053
349,10,5098.359053
349,10,5098.359053
349,10,5098.359053
349,10,5098.359053
349,10,5098.359053
349,10,5098.359053
349,10,5098.359053
349,10,5098.359053
349,10,5098.359053
349,10,5098.359053
349,11,5079.806166
350,10,5098.359053
350,10,5098.359053
350,10,5098.359053
350,10,5098.359053
350,10,5098.359053
350,10,5098.359053
350,10,5098.359053
350,10,5098.359053
350,10,5098.359053
350,10,5098.359053
350,10,5098.359053
350,10,5098.359053
350,10,5098.359053
350,10,5098.359053
350,10,5098.359053
350,10,5098.359053
350,10,5098.359053
350,10,5098.359053
350,10,5098.359053
350,10,5098.359053
350,10,5098.359053
350,10,5098.359053
350,10,5098.359053
350,10,5098.359053
350,10,5098.359053
350,10,5098.359053
350,10,5098.359053
350,10,5098.359053
350,10,5098.359053
350,10,5098.359053
350,10,5098.359053
350,10,5098.359053
350,10,5098.359053
350,10,5098.359053
350,10,5098.359053
350,10,5098.359053
350,10,5098.359053
350,10,5098.359053
350,10,5098.359053
350,10,5098.359053
350,10,5098.359053
350,10,5098.359053
350,10,5098.359053
350,10,5098.359053
350,10,5098.359053
350,10,5098.359053
350,10,5098.359053
350,10,5098.359053
350,11,5079.806166
351,10,5098.359053
351,10,5098.359053
351,10,5098.359053
351,10,5098.359053
351,10,5098.359053
351,10,5098.359053
351,10,5098.359053
351,10,5098.359053
351,10,5098.359053
351,10,5098.359053
351,10,5098.359053
351,10,5098.359053
351,10,5098.359053
351,10,5098.359053
351,10,5098.359053
351,10,5098.359053
351,10,5098.359053
351,10,5098.359053
351,10,5098.359053
351,10,5098.359053
351,10,5098.359053
351,10,5098.359053
351,10,5098.359053
351,10,5098.359053
351,10,5098.359053
351,10,5098.359053
351,10,5098.359053
351,10,5098.359053
351,10,5098.359053
351,10,5098.359053
351,10,5098.359053
351,10,5098.359053
351,10,5098.359053
351,10,5098.359053
351,10,5098.359053
351,10,5098.359053
351,10,5098.359053
351,10,5098.359053
351,10,5098.359053
351,10,5098.359053
351,10,5098.359053
351,10,5098.359053
351,10,5098.359053
351,10,5098.359053
351,10,5098.359053
351,10,5098.359053
351,10,5098.359053
351,10,5098.359053
351,10,5098.359053
351,11,5079.806166
352,10,5098.359053
352,10,5098.359053
352,10,5098.359053
352,10,5098.359053
352,10,5098.359053
352,10,5098.359053
352,10,5098.359053
352,10,5098.359053
352,10,5098.359053
352,10,5098.359053
352,10,5098.359053
352,10,5098.359053
352,10,5098.359053
352,10,5098.359053
352,10,5098.359053
352,10,5098.359053
352,10,5098.359053
352,10,5098.359053
352,10,5098.359053
352,10,5098.359053
352,10,5098.359053
352,10,5098.359053
352,10,5098.359053
352,10,5098.359053
352,10,5098.359053
352,10,5098.359053
352,10,5098.359053
352,10,5098.359053
352,10,5098.359053
352,10,5098.359053
352,10,5098.359053
352,10,5098.359053
352,10,5098.359053
352,10,5098.359053
352,10,5098.359053
352,10,5098.359053
352,10,5098.359053
352,10,5098.359053
352,10,5098.359053
352,10,5098.359053
352,10,5098.359053
352,10,5098.359053
352,10,5098.359053
352,10,5098.359053
352,10,5098.359053
352,10,5098.359053
352,10,5098.359053
352,10,5098.359053
352,10,5098.359053
352,11,5079.806166
353,10,5098.359053
353,10,5098.359053
353,10,5098.359053
353,10,5098.359053
353,10,5098.359053
353,10,5098.359053
353,10,5098.359053
353,10,5098.359053
353,10,5098.359053
353,10,5098.359053
353,10,5098.359053
353,10,5098.359053
353,10,5098.359053
353,10,5098.359053
353,10,5098.359053
353,10,5098.359053
353,10,5098.359053
353,10,5098.359053
353,10,5098.359053
353,10,5098.359053
353,10,5098.359053
353,10,5098.359053
353,10,5098.359053
353,10,5098.359053
353,10,5098.359053
353,10,5098.359053
353,10,5098.359053
353,10,5098.359053
353,10,5098.359053
353,10,5098.359053
353,10,5098.359053
353,10,5098.359053
353,10,5098.359053
353,10,5098.359053
353,10,5098.359053
353,10,5098.359053
353,10,5098.359053
353,10,5098.359053
353,10,5098.359053
353,10,5098.359053
353,10,5098.359053
353,10,5098.359053
353,10,5098.359053
353,10,5098.359053
353,10,5098.359053
353,10,5098.359053
353,10,5098.359053
353,10,5098.359053
353,10,5098.359053
353,11,5079.806166
354,10,5098.359053
354,10,5098.359053
354,10,5098.359053
354,10,5098.359053
354,10,5098.359053
354,10,5098.359053
354,10,5098.359053
354,10,5098.359053
354,10,5098.359053
354,10,5098.359053
354,10,5098.359053
354,10,5098.359053
354,10,5098.359053
354,10,5098.359053
354,10,5098.359053
354,10,5098.359053
354,10,5098.359053
354,10,5098.359053
354,10,5098.359053
354,10,5098.359053
354,10,5098.359053
354,10,5098.359053
354,10,5098.359053
354,10,5098.359053
354,10,5098.359053
354,10,5098.359053
354,10,5098.359053
354,10,5098.359053
354,10,5098.359053
354,10,5098.359053
354,10,5098.359053
354,10,5098.359053
354,10,5098.359053
354,10,5098.359053
354,10,5098.359053
354,10,5098.359053
354,10,5098.359053
354,10,5098.359053
354,10,5098.359053
354,10,5098.359053
354,10,5098.359053
354,10,5098.359053
354,10,5098.359053
354,10,5098.359053
354,10,5098.359053
354,10,5098.359053
354,10,5098.359053
354,10,5098.359053
354,10,5098.359053
354,11,5079.806166
355,10,5098.359053
355,10,5098.359053
355,10,5098.359053
355,10,5098.359053
355,10,5098.359053
355,10,5098.359053
355,10,5098.359053
355,10,5098.359053
355,10,5098.359053
355,10,5098.359053
355,10,5098.359053
355,10,5098.359053
355,10,5098.359053
355,10,5098.359053
355,10,5098.359053
355,10,5098.359053
355,10,5098.359053
355,10,5098.359053
355,10,5098.359053
355,10,5098.359053
355,10,5098.359053
355,10,5098.359053
355,10,5098.359053
355,10,5098.359053
355,10,5098.359053
355,10,5098.359053
355,10,5098.359053
355,10,5098.359053
355,10,5098.359053
355,10,5098.359053
355,10,5098.359053
355,10,5098.359053
355,10,5098.359053
355,10,5098.359053
355,10,5098.359053
355,10,5098.359053
355,10,5098.359053
355,10,5098.359053
355,10,5098.359053
355,10,5098.359053
355,10,5098.359053
355,10,5098.359053
355,10,5098.359053
355,10,5098.359053
355,10,5098.359053
355,10,5098.359053
355,10,5098.359053
355,10,5098.359053
355,10,5098.359053
355,11,5079.806166
356,10,5098.359053
356,10,5098.359053
356,10,5098.359053
356,10,5098.359053
356,10,5098.359053
356,10,5098.359053
356,10,5098.359053
356,10,5098.359053
356,10,5098.359053
356,10,5098.359053
356,10,5098.359053
356,10,5098.359053
356,10,5098.359053
356,10,5098.359053
356,10,5098.359053
356,10,5098.359053
356,10,5098.359053
356,10,5098.359053
356,10,5098.359053
356,10,5098.359053
356,10,5098.359053
356,10,5098.359053
356,10,5098.359053
356,10,5098.359053
356,10,5098.359053
356,10,5098.359053
356,10,5098.359053
356,10,5098.359053
356,10,5098.359053
356,10,5098.359053
356,10,5098.359053
356,10,5098.359053
356,10,5098.359053
356,10,5098.359053
356,10,5098.359053
356,10,5098.359053
356,10,5098.359053
356,10,5098.359053
356,10,5098.359053
356,10,5098.359053
356,10,5098.359053
356,10,5098.359053
356,10,5098.359053
356,10,5098.359053
356,10,5098.359053
356,10,5098.359053
356,10,5098.359053
356,10,5098.359053
356,10,5098.359053
356,11,5079.806166
357,10,5098.359053
357,10,5098.359053
357,10,5098.359053
357,10,5098.359053
357,10,5098.359053
357,10,5098.359053
357,10,5098.359053
357,10,5098.359053
357,10,5098.359053
357,10,5098.359053
357,10,5098.359053
357,10,5098.359053
357,10,5098.359053
357,10,5098.359053
357,10,5098.359053
357,10,5098.359053
357,10,5098.359053
357,10,5098.359053
357,10,5098.359053
357,10,5098.359053
357,10,5098.359053
357,10,5098.359053
357,10,5098.359053
357,10,5098.359053
357,10,5098.359053
357,10,5098.359053
357,10,5098.359053
357,10,5098.359053
357,10,5098.359053
357,10,5098.359053
357,10,5098.359053
357,10,5098.359053
357,10,5098.359053
357,10,5098.359053
357,10,5098.359053
357,10,5098.359053
357,10,5098.359053
357,10,5098.359053
357,10,5098.359053
357,10,5098.359053
357,10,5098.359053
357,10,5098.359053
357,10,5098.359053
357,10,5098.359053
357,10,5098.359053
357,10,5098.359053
357,10,5098.359053
357,10,5098.359053
357,10,5098.359053
357,11,5079.806166
358,10,5098.359053
358,10,5098.359053
358,10,5098.359053
358,10,5098.359053
358,10,5098.359053
358,10,5098.359053
358,10,5098.359053
358,10,5098.359053
358,10,5098.359053
358,10,5098.359053
358,10,5098.359053
358,10,5098.359053
358,10,5098.359053
358,10,5098.359053
358,10,5098.359053
358,10,5098.359053
358,10,5098.359053
358,10,5098.359053
358,10,5098.359053
358,10,5098.359053
358,10,5098.359053
358,10,5098.359053
358,10,5098.359053
358,10,5098.359053
358,10,5098.359053
358,10,5098.359053
358,10,5098.359053
358,10,5098.359053
358,10,5098.359053
358,10,5098.359053
358,10,5098.359053
358,10,5098.359053
358,10,5098.359053
358,10,5098.359053
358,10,5098.359053
358,10,5098.359053
358,10,5098.359053
358,10,5098.359053
358,10,5098.359053
358,10,5098.359053
358,10,5098.359053
358,10,5098.359053
358,10,5098.359053
358,10,5098.359053
358,10,5098.359053
358,10,5098.359053
358,10,5098.359053
358,10,5098.359053
358,10,5098.359053
358,10,5098.359053
358,11,5079.806166
359,10,5098.359053
359,10,5098.359053
359,10,5098.359053
359,10,5098.359053
359,10,5098.359053
359,10,5098.359053
359,10,5098.359053
359,10,5098.359053
359,10,5098.359053
359,10,5098.359053
359,10,5098.359053
359,10,5098.359053
359,10,5098.359053
359,10,5098.359053
359,10,5098.359053
359,10,5098.359053
359,10,5098.359053
359,10,5098.359053
359,10,5098.359053
359,10,5098.359053
359,10,5098.359053
359,10,5098.359053
359,10,5098.359053
359,10,5098.359053
359,10,5098.359053
359,10,5098.359053
359,10,5098.359053
359,10,5098.359053
359,10,5098.359053
359,10,5098.359053
359,10,5098.359053
359,10,5098.359053
359,10,5098.359053
359,10,5098.359053
359,10,5098.359053
359,10,5098.359053
359,10,5098.359053
359,10,5098.359053
359,10,5098.359053
359,10,5098.359053
359,10,5098.359053
359,10,5098.359053
359,10,5098.359053
359,10,5098.359053
359,10,5098.359053
359,10,5098.359053
359,10,5098.359053
359,10,5098.359053
359,10,5098.359053
359,10,5098.359053
359,11,5079.806166
360,10,5098.359053
360,10,5098.359053
360,10,5098.359053
360,10,5098.359053
360,10,5098.359053
360,10,5098.359053
360,10,5098.359053
360,10,5098.359053
360,10,5098.359053
360,10,5098.359053
360,10,5098.359053
360,10,5098.359053
360,10,5098.359053
360,10,5098.359053
360,10,5098.359053
360,10,5098.359053
360,10,5098.359053
360,10,5098.359053
360,10,5098.359053
360,10,5098.359053
360,10,5098.359053
360,10,5098.359053
360,10,5098.359053
360,10,5098.359053
360,10,5098.359053
360,10,5098.359053
360,10,5098.359053
360,10,5098.359053
360,10,5098.359053
360,10,5098.359053
360,10,5098.359053
360,10,5098.359053
360,10,5098.359053
360,10,5098.359053
360,10,5098.359053
360,10,5098.359053
360,10,5098.359053
360,10,5098.359053
360,10,5098.359053
360,10,5098.359053
360,10,5098.359053
360,10,5098.359053
360,10,5098.359053
360,10,5098.359053
360,10,5098.359053
360,10,5098.359053
360,10,5098.359053
360,10,5098.359053
360,10,5098.359053
360,10,5098.359053
360,11,5079.806166
361,10,5098.359053
361,10,5098.359053
361,10,5098.359053
361,10,5098.359053
361,10,5098.359053
361,10,5098.359053
361,10,5098.359053
361,10,5098.359053
361,10,5098.359053
361,10,5098.359053
361,10,5098.359053
361,10,5098.359053
361,10,5098.359053
361,10,5098.359053
361,10,5098.359053
361,10,5098.359053
361,10,5098.359053
361,10,5098.359053
361,10,5098.359053
361,10,5098.359053
361,10,5098.359053
361,10,5098.359053
361,10,5098.359053
361,10,5098.359053
361,10,5098.359053
361,10,5098.359053
361,10,5098.359053
361,10,5098.359053
361,10,5098.359053
361,10,5098.359053
361,10,5098.359053
361,10,5098.359053
361,10,5098.359053
361,10,5098.359053
361,10,5098.359053
361,10,5098.359053
361,10,5098.359053
361,10,5098.359053
361,10,5098.359053
361,10,5098.359053
361,10,5098.359053
361,10,5098.359053
361,10,5098.359053
361,10,5098.359053
361,10,5098.359053
361,10,5098.359053
361,10,5098.359053
361,10,5098.359053
361,10,5098.359053
361,10,5098.359053
361,11,5079.806166
362,10,5098.359053
362,10,5098.359053
362,10,5098.359053
362,10,5098.359053
362,10,5098.359053
362,10,5098.359053
362,10,5098.359053
362,10,5098.359053
362,10,5098.359053
362,10,5098.359053
362,10,5098.359053
362,10,5098.359053
362,10,5098.359053
362,10,5098.359053
362,10,5098.359053
362,10,5098.359053
362,10,5098.359053
362,10,5098.359053
362,10,5098.359053
362,10,5098.359053
362,10,5098.359053
362,10,5098.359053
362,10,5098.359053
362,10,5098.359053
362,10,5098.359053
362,10,5098.359053
362,10,5098.359053
362,10,5098.359053
362,10,5098.359053
362,10,5098.359053
362,10,5098.359053
362,10,5098.359053
362,10,5098.359053
362,10,5098.359053
362,10,5098.359053
362,10,5098.359053
362,10,5098.359053
362,10,5098.359053
362,10,5098.359053
362,10,5098.359053
362,10,5098.359053
362,10,5098.359053
362,10,5098.359053
362,10,5098.359053
362,10,5098.359053
362,10,5098.359053
362,10,5098.359053
362,10,5098.359053
362,10,5098.359053
362,10,5098.359053
362,11,5079.806166
363,10,5098.359053
363,10,5098.359053
363,10,5098.359053
363,10,5098.359053
363,10,5098.359053
363,10,5098.359053
363,10,5098.359053
363,10,5098.359053
363,10,5098.359053
363,10,5098.359053
363,10,5098.359053
363,10,5098.359053
363,10,5098.359053
363,10,5098.359053
363,10,5098.359053
363,10,5098.359053
363,10,5098.359053
363,10,5098.359053
363,10,5098.359053
363,10,5098.359053
363,10,5098.359053
363,10,5098.359053
363,10,5098.359053
363,10,5098.359053
363,10,5098.359053
363,10,5098.359053
363,10,5098.359053
363,10,5098.359053
363,10,5098.359053
363,10,5098.359053
363,10,5098.359053
363,10,5098.359053
363,10,5098.359053
363,10,5098.359053
363,10,5098.359053
363,10,5098.359053
363,10,5098.359053
363,10,5098.359053
363,10,5098.359053
363,10,5098.359053
363,10,5098.359053
363,10,5098.359053
363,10,5098.359053
363,10,5098.359053
363,10,5098.359053
363,10,5098.359053
363,10,5098.359053
363,10,5098.359053
363,10,5098.359053
363,10,5098.359053
363,11,5079.806166
364,10,5098.359053
364,10,5098.359053
364,10,5098.359053
364,10,5098.359053
364,10,5098.359053
364,10,5098.359053
364,10,5098.359053
364,10,5098.359053
364,10,5098.359053
364,10,5098.359053
364,10,5098.359053
364,10,5098.359053
364,10,5098.359053
364,10,5098.359053
364,10,5098.359053
364,10,5098.359053
364,10,5098.359053
364,10,5098.359053
364,10,5098.359053
364,10,5098.359053
364,10,5098.359053
364,10,5098.359053
364,10,5098.359053
364,10,5098.359053
364,10,5098.359053
364,10,5098.359053
364,10,5098.359053
364,10,5098.359053
364,10,5098.359053
364,10,5098.359053
364,10,5098.359053
364,10,5098.359053
364,10,5098.359053
364,10,5098.359053
364,10,5098.359053
364,10,5098.359053
364,10,5098.359053
364,10,5098.359053
364,10,5098.359053
364,10,5098.359053
364,10,5098.359053
364,10,5098.359053
364,10,5098.359053
364,10,5098.359053
364,10,5098.359053
364,10,5098.359053
364,10,5098.359053
364,10,5098.359053
364,10,5098.359053
364,10,5098.359053
364,10,5098.359053
364,10,5098.359053
364,11,5079.806166
365,10,5098.359053
365,10,5098.359053
365,10,5098.359053
365,10,5098.359053
365,10,5098.359053
365,10,5098.359053
365,10,5098.359053
365,10,5098.359053
365,10,5098.359053
365,10,5098.359053
365,10,5098.359053
365,10,5098.359053
365,10,5098.359053
365,10,5098.359053
365,10,5098.359053
365,10,5098.359053
365,10,5098.359053
365,10,5098.359053
365,10,5098.359053
365,10,5098.359053
365,10,5098.359053
365,10,5098.359053
365,10,5098.359053
365,10,5098.359053
365,10,5098.359053
365,10,5098.359053
365,10,5098.359053
365,10,5098.359053
365,10,5098.359053
365,10,5098.359053
365,10,5098.359053
365,10,5098.359053
365,10,5098.359053
365,10,5098.359053
365,10,5098.359053
365,10,5098.359053
365,10,5098.359053
365,10,5098.359053
365,10,5098.359053
365,10,5098.359053
365,10,5098.359053
365,10,5098.359053
365,10,5098.359053
365,10,5098.359053
365,10,5098.359053
365,10,5098.359053
365,10,5098.359053
365,10,5098.359053
365,10,5098.359053
365,10,5098.359053
365,10,5098.359053
365,10,5098.359053
365,10,5098.359053
365,11,5079.806166
366,10,5098.359053
366,10,5098.359053
366,10,5098.359053
366,10,5098.359053
366,10,5098.359053
366,10,5098.359053
366,10,5098.359053
366,10,5098.359053
366,10,5098.359053
366,10,5098.359053
366,10,5098.359053
366,10,5098.359053
366,10,5098.359053
366,10,5098.359053
366,10,5098.359053
366,10,5098.359053
366,10,5098.359053
366,10,5098.359053
366,10,5098.359053
366,10,5098.359053
366,10,5098.359053
366,10,5098.359053
366,10,5098.359053
366,10,5098.359053
366,10,5098.359053
366,10,5098.359053
366,10,5098.359053
366,10,5098.359053
366,10,5098.359053
366,10,5098.359053
366,10,5098.359053
366,10,5098.359053
366,10,5098.359053
366,10,5098.359053
366,10,5098.359053
366,10,5098.359053
366,10,5098.359053
366,10,5098.359053
366,10,5098.359053
366,10,5098.359053
366,10,5098.359053
366,10,5098.359053
366,10,5098.359053
366,10,5098.359053
366,10,5098.359053
366,10,5098.359053
366,10,5098.359053
366,10,5098.359053
366,10,5098.359053
366,10,5098.359053
366,10,5098.359053
366,10,5098.359053
366,10,5098.359053
366,11,5079.806166
367,10,5098.359053
367,10,5098.359053
367,10,5098.359053
367,10,5098.359053
367,10,5098.359053
367,10,5098.359053
367,10,5098.359053
367,10,5098.359053
367,10,5098.359053
367,10,5098.359053
367,10,5098.359053
367,10,5098.359053
367,10,5098.359053
367,10,5098.359053
367,10,5098.359053
367,10,5098.359053
367,10,5098.359053
367,10,5098.359053
367,10,5098.359053
367,10,5098.359053
367,10,5098.359053
367,10,5098.359053
367,10,5098.359053
367,10,5098.359053
367,10,5098.359053
367,10,5098.359053
367,10,5098.359053
367,10,5098.359053
367,10,5098.359053
367,10,5098.359053
367,10,5098.359053
367,10,5098.359053
367,10,5098.359053
367,10,5098.359053
367,10,5098.359053
367,10,5098.359053
367,10,5098.359053
367,10,5098.359053
367,10,5098.359053
367,10,5098.359053
367,10,5098.359053
367,10,5098.359053
367,10,5098.359053
367,10,5098.359053
367,10,5098.359053
367,10,5098.359053
367,10,5098.359053
367,10,5098.359053
367,10,5098.359053
367,10,5098.359053
367,10,5098.359053
367,10,5098.359053
367,10,5098.359053
367,11,5079.806166
368,10,5098.359053
368,10,5098.359053
368,10,5098.359053
368,10,5098.359053
368,10,5098.359053
368,10,5098.359053
368,10,5098.359053
368,10,5098.359053
368,10,5098.359053
368,10,5098.359053
368,10,5098.359053
368,10,5098.359053
368,10,5098.359053
368,10,5098.359053
368,10,5098.359053
368,10,5098.359053
368,10,5098.359053
368,10,5098.359053
368,10,5098.359053
368,10,5098.359053
368,10,5098.359053
368,10,5098.359053
368,10,5098.359053
368,10,5098.359053
368,10,5098.359053
368,10,5098.359053
368,10,5098.359053
368,10,5098.359053
368,10,5098.359053
368,10,5098.359053
368,10,5098.359053
368,10,5098.359053
368,10,5098.359053
368,10,5098.359053
368,10,5098.359053
368,10,5098.359053
368,10,5098.359053
368,10,5098.359053
368,10,5098.359053
368,10,5098.359053
368,10,5098.359053
368,10,5098.359053
368,10,5098.359053
368,10,5098.359053
368,10,5098.359053
368,10,5098.359053
368,10,5098.359053
368,10,5098.359053
368,10,5098.359053
368,10,5098.359053
368,10,5098.359053
368,10,5098.359053
368,10,5098.359053
368,11,5079.806166
369,10,5098.359053
369,10,5098.359053
369,10,5098.359053
369,10,5098.359053
369,10,5098.359053
369,10,5098.359053
369,10,5098.359053
369,10,5098.359053
369,10,5098.359053
369,10,5098.359053
369,10,5098.359053
369,10,5098.359053
369,10,5098.359053
369,10,5098.359053
369,10,5098.359053
369,10,5098.359053
369,10,5098.359053
369,10,5098.359053
369,10,5098.359053
369,10,5098.359053
369,10,5098.359053
369,10,5098.359053
369,10,5098.359053
369,10,5098.359053
369,10,5098.359053
369,10,5098.359053
369,10,5098.359053
369,10,5098.359053
369,10,5098.359053
369,10,5098.359053
369,10,5098.359053
369,10,5098.359053
369,10,5098.359053
369,10,5098.359053
369,10,5098.359053
369,10,5098.359053
369,10,5098.359053
369,10,5098.359053
369,10,5098.359053
369,10,5098.359053
369,10,5098.359053
369,10,5098.359053
369,10,5098.359053
369,10,5098.359053
369,10,5098.359053
369,10,5098.359053
369,10,5098.359053
369,10,5098.359053
369,10,5098.359053
369,10,5098.359053
369,10,5098.359053
369,10,5098.359053
369,10,5098.359053
369,10,5098.359053
369,11,5079.806166
370,10,5098.359053
370,10,5098.359053
370,10,5098.359053
370,10,5098.359053
370,10,5098.359053
370,10,5098.359053
370,10,5098.359053
370,10,5098.359053
370,10,5098.359053
370,10,5098.359053
370,10,5098.359053
370,10,5098.359053
370,10,5098.359053
370,10,5098.359053
370,10,5098.359053
370,10,5098.359053
370,10,5098.359053
370,10,5098.359053
370,10,5098.359053
370,10,5098.359053
370,10,5098.359053
370,10,5098.359053
370,10,5098.359053
370,10,5098.359053
370,10,5098.359053
370,10,5098.359053
370,10,5098.359053
370,10,5098.359053
370,10,5098.359053
370,10,5098.359053
370,10,5098.359053
370,10,5098.359053
370,10,5098.359053
370,10,5098.359053
370,10,5098.359053
370,10,5098.359053
370,10,5098.359053
370,10,5098.359053
370,10,5098.359053
370,10,5098.359053
370,10,5098.359053
370,10,5098.359053
370,10,5098.359053
370,10,5098.359053
370,10,5098.359053
370,10,5098.359053
370,10,5098.359053
370,10,5098.359053
370,10,5098.359053
370,10,5098.359053
370,10,5098.359053
370,10,5098.359053
370,10,5098.359053
370,10,5098.359053
370,11,5079.806166
371,10,5098.359053
371,10,5098.359053
371,10,5098.359053
371,10,5098.359053
371,10,5098.359053
371,10,5098.359053
371,10,5098.359053
371,10,5098.359053
371,10,5098.359053
371,10,5098.359053
371,10,5098.359053
371,10,5098.359053
371,10,5098.359053
371,10,5098.359053
371,10,5098.359053
371,10,5098.359053
371,10,5098.359053
371,10,5098.359053
371,10,5098.359053
371,10,5098.359053
371,10,5098.359053
371,10,5098.359053
371,10,5098.359053
371,10,5098.359053
371,10,5098.359053
371,10,5098.359053
371,10,5098.359053
371,10,5098.359053
371,10,5098.359053
371,10,5098.359053
371,10,5098.359053
371,10,5098.359053
371,10,5098.359053
371,10,5098.359053
371,10,5098.359053
371,10,5098.359053
371,10,5098.359053
371,10,5098.359053
371,10,5098.359053
371,10,5098.359053
371,10,5098.359053
371,10,5098.359053
371,10,5098.359053
371,10,5098.359053
371,10,5098.359053
371,10,5098.359053
371,10,5098.359053
371,10,5098.359053
371,10,5098.359053
371,10,5098.359053
371,10,5098.359053
371,10,5098.359053
371,10,5098.359053
371,10,5098.359053
371,11,5079.806166
372,10,5098.359053
372,10,5098.359053
372,10,5098.359053
372,10,5098.359053
372,10,5098.359053
372,10,5098.359053
372,10,5098.359053
372,10,5098.359053
372,10,5098.359053
372,10,5098.359053
372,10,5098.359053
372,10,5098.359053
372,10,5098.359053
372,10,5098.359053
372,10,5098.359053
372,10,5098.359053
372,10,5098.359053
372,10,5098.359053
372,10,5098.359053
372,10,5098.359053
372,10,5098.359053
372,10,5098.359053
372,10,5098.359053
372,10,5098.359053
372,10,5098.359053
372,10,5098.359053
372,10,5098.359053
372,10,5098.359053
372,10,5098.359053
372,10,5098.359053
372,10,5098.359053
372,10,5098.359053
372,10,5098.359053
372,10,5098.359053
372,10,5098.359053
372,10,5098.359053
372,10,5098.359053
372,10,5098.359053
372,10,5098.359053
372,10,5098.359053
372,10,5098.359053
372,10,5098.359053
372,10,5098.359053
372,10,5098.359053
372,10,5098.359053
372,10,5098.359053
372,10,5098.359053
372,10,5098.359053
372,10,5098.359053
372,10,5098.359053
372,10,5098.359053
372,10,5098.359053
372,10,5098.359053
372,10,5098.359053
372,10,5098.359053
372,11,5079.806166
373,10,5098.359053
373,10,5098.359053
373,10,5098.359053
373,10,5098.359053
373,10,5098.359053
373,10,5098.359053
373,10,5098.359053
373,10,5098.359053
373,10,5098.359053
373,10,5098.359053
373,10,5098.359053
373,10,5098.359053
373,10,5098.359053
373,10,5098.359053
373,10,5098.359053
373,10,5098.359053
373,10,5098.359053
373,10,5098.359053
373,10,5098.359053
373,10,5098.359053
373,10,5098.359053
373,10,5098.359053
373,10,5098.359053
373,10,5098.359053
373,10,5098.359053
373,10,5098.359053
373,10,5098.359053
373,10,5098.359053
373,10,5098.359053
373,10,5098.359053
373,10,5098.359053
373,10,5098.359053
373,10,5098.359053
373,10,5098.359053
373,10,5098.359053
373,10,5098.359053
373,10,5098.359053
373,10,5098.359053
373,10,5098.359053
373,10,5098.359053
373,10,5098.359053
373,10,5098.359053
373,10,5098.359053
373,10,5098.359053
373,10,5098.359053
373,10,5098.359053
373,10,5098.359053
373,10,5098.359053
373,10,5098.359053
373,10,5098.359053
373,10,5098.359053
373,10,5098.359053
373,10,5098.359053
373,10,5098.359053
373,10,5098.359053
373,11,5079.806166
374,10,5098.359053
374,10,5098.359053
374,10,5098.359053
374,10,5098.359053
374,10,5098.359053
374,10,5098.359053
374,10,5098.359053
374,10,5098.359053
374,10,5098.359053
374,10,5098.359053
374,10,5098.359053
374,10,5098.359053
374,10,5098.359053
374,10,5098.359053
374,10,5098.359053
374,10,5098.359053
374,10,5098.359053
374,10,5098.359053
374,10,5098.359053
374,10,5098.359053
374,10,5098.359053
374,10,5098.359053
374,10,5098.359053
374,10,5098.359053
374,10,5098.359053
374,10,5098.359053
374,10,5098.359053
374,10,5098.359053
374,10,5098.359053
374,10,5098.359053
374,10,5098.359053
374,10,5098.359053
374,10,5098.359053
374,10,5098.359053
374,10,5098.359053
374,10,5098.359053
374,10,5098.359053
374,10,5098.359053
374,10,5098.359053
374,10,5098.359053
374,10,5098.359053
374,10,5098.359053
374,10,5098.359053
374,10,5098.359053
374,10,5098.359053
374,10,5098.359053
374,10,5098.359053
374,10,5098.359053
374,10,5098.359053
374,10,5098.359053
374,10,5098.359053
374,10,5098.359053
374,10,5098.359053
374,10,5098.359053
374,10,5098.359053
374,11,5079.806166
375,10,5098.359053
375,10,5098.359053
375,10,5098.359053
375,10,5098.359053
375,10,5098.359053
375,10,5098.359053
375,10,5098.359053
375,10,5098.359053
375,10,5098.359053
375,10,5098.359053
375,10,5098.359053
375,10,5098.359053
375,10,5098.359053
375,10,5098.359053
375,10,5098.359053
375,10,5098.359053
375,10,5098.359053
375,10,5098.359053
375,10,5098.359053
375,10,5098.359053
375,10,5098.359053
375,10,5098.359053
375,10,5098.359053
375,10,5098.359053
375,10,5098.359053
375,10,5098.359053
375,10,5098.359053
375,10,5098.359053
375,10,5098.359053
375,10,5098.359053
375,10,5098.359053
375,10,5098.359053
375,10,5098.359053
375,10,5098.359053
375,10,5098.359053
375,10,5098.359053
375,10,5098.359053
375,10,5098.359053
375,10,5098.359053
375,10,5098.359053
375,10,5098.359053
375,10,5098.359053
375,10,5098.359053
375,10,5098.359053
375,10,5098.359053
375,10,5098.359053
375,10,5098.359053
375,10,5098.359053
375,10,5098.359053
375,10,5098.359053
375,10,5098.359053
375,10,5098.359053
375,10,5098.359053
375,10,5098.359053
375,10,5098.359053
375,11,5079.806166
376,10,5098.359053
376,10,5098.359053
376,10,5098.359053
376,10,5098.359053
376,10,5098.359053
376,10,5098.359053
376,10,5098.359053
376,10,5098.359053
376,10,5098.359053
376,10,5098.359053
376,10,5098.359053
376,10,5098.359053
376,10,5098.359053
376,10,5098.359053
376,10,5098.359053
376,10,5098.359053
376,10,5098.359053
376,10,5098.359053
376,10,5098.359053
376,10,5098.359053
376,10,5098.359053
376,10,5098.359053
376,10,5098.359053
376,10,5098.359053
376,10,5098.359053
376,10,5098.359053
376,10,5098.359053
376,10,5098.359053
376,10,5098.359053
376,10,5098.359053
376,10,5098.359053
376,10,5098.359053
376,10,5098.359053
376,10,5098.359053
376,10,5098.359053
376,10,5098.359053
376,10,5098.359053
376,10,5098.359053
376,10,5098.359053
376,10,5098.359053
376,10,5098.359053
376,10,5098.359053
376,10,5098.359053
376,10,5098.359053
376,10,5098.359053
376,10,5098.359053
376,10,5098.359053
376,10,5098.359053
376,10,5098.359053
376,10,5098.359053
376,10,5098.359053
376,10,5098.359053
376,10,5098.359053
376,10,5098.359053
376,10,5098.359053
376,11,5079.806166
377,10,5098.359053
377,10,5098.359053
377,10,5098.359053
377,10,5098.359053
377,10,5098.359053
377,10,5098.359053
377,10,5098.359053
377,10,5098.359053
377,10,5098.359053
377,10,5098.359053
377,10,5098.359053
377,10,5098.359053
377,10,5098.359053
377,10,5098.359053
377,10,5098.359053
377,10,5098.359053
377,10,5098.359053
377,10,5098.359053
377,10,5098.359053
377,10,5098.359053
377,10,5098.359053
377,10,5098.359053
377,10,5098.359053
377,10,5098.359053
377,10,5098.359053
377,10,5098.359053
377,10,5098.359053
377,10,5098.359053
377,10,5098.359053
377,10,5098.359053
377,10,5098.359053
377,10,5098.359053
377,10,5098.359053
377,10,5098.359053
377,10,5098.359053
377,10,5098.359053
377,10,5098.359053
377,10,5098.359053
377,10,5098.359053
377,10,5098.359053
377,10,5098.359053
377,10,5098.359053
377,10,5098.359053
377,10,5098.359053
377,10,5098.359053
377,10,5098.359053
377,10,5098.359053
377,10,5098.359053
377,10,5098.359053
377,10,5098.359053
377,10,5098.359053
377,10,5098.359053
377,10,5098.359053
377,10,5098.359053
377,10,5098.359053
377,11,5079.806166
378,10,5098.359053
378,10,5098.359053
378,10,5098.359053
378,10,5098.359053
378,10,5098.359053
378,10,5098.359053
378,10,5098.359053
378,10,5098.359053
378,10,5098.359053
378,10,5098.359053
378,10,5098.359053
378,10,5098.359053
378,10,5098.359053
378,10,5098.359053
378,10,5098.359053
378,10,5098.359053
378,10,5098.359053
378,10,5098.359053
378,10,5098.359053
378,10,5098.359053
378,10,5098.359053
378,10,5098.359053
378,10,5098.359053
378,10,5098.359053
378,10,5098.359053
378,10,5098.359053
378,10,5098.359053
378,10,5098.359053
378,10,5098.359053
378,10,5098.359053
378,10,5098.359053
378,10,5098.359053
378,10,5098.359053
378,10,5098.359053
378,10,5098.359053
378,10,5098.359053
378,10,5098.359053
378,10,5098.359053
378,10,5098.359053
378,10,5098.359053
378,10,5098.359053
378,10,5098.359053
378,10,5098.359053
378,10,5098.359053
378,10,5098.359053
378,10,5098.359053
378,10,5098.359053
378,10,5098.359053
378,10,5098.359053
378,10,5098.359053
378,10,5098.359053
378,10,5098.359053
378,10,5098.359053
378,10,5098.359053
378,10,5098.359053
378,11,5079.806166
379,10,5098.359053
379,10,5098.359053
379,10,5098.359053
379,10,5098.359053
379,10,5098.359053
379,10,5098.359053
379,10,5098.359053
379,10,5098.359053
379,10,5098.359053
379,10,5098.359053
379,10,5098.359053
379,10,5098.359053
379,10,5098.359053
379,10,5098.359053
379,10,5098.359053
379,10,5098.359053
379,10,5098.359053
379,10,5098.359053
379,10,5098.359053
379,10,5098.359053
379,10,5098.359053
379,10,5098.359053
379,10,5098.359053
379,10,5098.359053
379,10,5098.359053
379,10,5098.359053
379,10,5098.359053
379,10,5098.359053
379,10,5098.359053
379,10,5098.359053
379,10,5098.359053
379,10,5098.359053
379,10,5098.359053
379,10,5098.359053
379,10,5098.359053
379,10,5098.359053
379,10,5098.359053
379,10,5098.359053
379,10,5098.359053
379,10,5098.359053
379,10,5098.359053
379,10,5098.359053
379,10,5098.359053
379,10,5098.359053
379,10,5098.359053
379,10,5098.359053
379,10,5098.359053
379,10,5098.359053
379,10,5098.359053
379,10,5098.359053
379,10,5098.359053
379,10,5098.359053
379,10,5098.359053
379,10,5098.359053
379,10,5098.359053
379,11,5079.806166
380,10,5098.359053
380,10,5098.359053
380,10,5098.359053
380,10,5098.359053
380,10,5098.359053
380,10,5098.359053
380,10,5098.359053
380,10,5098.359053
380,10,5098.359053
380,10,5098.359053
380,10,5098.359053
380,10,5098.359053
380,10,5098.359053
380,10,5098.359053
380,10,5098.359053
380,10,5098.359053
380,10,5098.359053
380,10,5098.359053
380,10,5098.359053
380,10,5098.359053
380,10,5098.359053
380,10,5098.359053
380,10,5098.359053
380,10,5098.359053
380,10,5098.359053
380,10,5098.359053
380,10,5098.359053
380,10,5098.359053
380,10,5098.359053
380,10,5098.359053
380,10,5098.359053
380,10,5098.359053
380,10,5098.359053
380,10,5098.359053
380,10,5098.359053
380,10,5098.359053
380,10,5098.359053
380,10,5098.359053
380,10,5098.359053
380,10,5098.359053
380,10,5098.359053
380,10,5098.359053
380,10,5098.359053
380,10,5098.359053
380,10,5098.359053
380,10,5098.359053
380,10,5098.359053
380,10,5098.359053
380,10,5098.359053
380,10,5098.359053
380,10,5098.359053
380,10,5098.359053
380,10,5098.359053
380,10,5098.359053
380,10,5098.359053
380,10,5098.359053
380,11,5079.806166
381,10,5098.359053
381,10,5098.359053
381,10,5098.359053
381,10,5098.359053
381,10,5098.359053
381,10,5098.359053
381,10,5098.359053
381,10,5098.359053
381,10,5098.359053
381,10,5098.359053
381,10,5098.359053
381,10,5098.359053
381,10,5098.359053
381,10,5098.359053
381,10,5098.359053
381,10,5098.359053
381,10,5098.359053
381,10,5098.359053
381,10,5098.359053
381,10,5098.359053
381,10,5098.359053
381,10,5098.359053
381,10,5098.359053
381,10,5098.359053
381,10,5098.359053
381,10,5098.359053
381,10,5098.359053
381,10,5098.359053
381,10,5098.359053
381,10,5098.359053
381,10,5098.359053
381,10,5098.359053
381,10,5098.359053
381,10,5098.359053
381,10,5098.359053
381,10,5098.359053
381,10,5098.359053
381,10,5098.359053
381,10,5098.359053
381,10,5098.359053
381,10,5098.359053
381,10,5098.359053
381,10,5098.359053
381,10,5098.359053
381,10,5098.359053
381,10,5098.359053
381,10,5098.359053
381,10,5098.359053
381,10,5098.359053
381,10,5098.359053
381,10,5098.359053
381,10,5098.359053
381,10,5098.359053
381,10,5098.359053
381,10,5098.359053
381,10,5098.359053
381,10,5098.359053
381,11,5079.806166
382,10,5098.359053
382,10,5098.359053
382,10,5098.359053
382,10,5098.359053
382,10,5098.359053
382,10,5098.359053
382,10,5098.359053
382,10,5098.359053
382,10,5098.359053
382,10,5098.359053
382,10,5098.359053
382,10,5098.359053
382,10,5098.359053
382,10,5098.359053
382,10,5098.359053
382,10,5098.359053
382,10,5098.359053
382,10,5098.359053
382,10,5098.359053
382,10,5098.359053
382,10,5098.359053
382,10,5098.359053
382,10,5098.359053
382,10,5098.359053
382,10,5098.359053
382,10,5098.359053
382,10,5098.359053
382,10,5098.359053
382,10,5098.359053
382,10,5098.359053
382,10,5098.359053
382,10,5098.359053
382,10,5098.359053
382,10,5098.359053
382,10,5098.359053
382,10,5098.359053
382,10,5098.359053
382,10,5098.359053
382,10,5098.359053
382,10,5098.359053
382,10,5098.359053
382,10,5098.359053
382,10,5098.359053
382,10,5098.359053
382,10,5098.359053
382,10,5098.359053
382,10,5098.359053
382,10,5098.359053
382,10,5098.359053
382,10,5098.359053
382,10,5098.359053
382,10,5098.359053
382,10,5098.359053
382,10,5098.359053
382,10,5098.359053
382,10,5098.359053
382,10,5098.359053
382,11,5079.806166
383,10,5098.359053
383,10,5098.359053
383,10,5098.359053
383,10,5098.359053
383,10,5098.359053
383,10,5098.359053
383,10,5098.359053
383,10,5098.359053
383,10,5098.359053
383,10,5098.359053
383,10,5098.359053
383,10,5098.359053
383,10,5098.359053
383,10,5098.359053
383,10,5098.359053
383,10,5098.359053
383,10,5098.359053
383,10,5098.359053
383,10,5098.359053
383,10,5098.359053
383,10,5098.359053
383,10,5098.359053
383,10,5098.359053
383,10,5098.359053
383,10,5098.359053
383,10,5098.359053
383,10,5098.359053
383,10,5098.359053
383,10,5098.359053
383,10,5098.359053
383,10,5098.359053
383,10,5098.359053
383,10,5098.359053
383,10,5098.359053
383,10,5098.359053
383,10,5098.359053
383,10,5098.359053
383,10,5098.359053
383,10,5098.359053
383,10,5098.359053
383,10,5098.359053
383,10,5098.359053
383,10,5098.359053
383,10,5098.359053
383,10,5098.359053
383,10,5098.359053
383,10,5098.359053
383,10,5098.359053
383,10,5098.359053
383,10,5098.359053
383,10,5098.359053
383,10,5098.359053
383,10,5098.359053
383,10,5098.359053
383,10,5098.359053
383,10,5098.359053
383,10,5098.359053
383,11,5079.806166
384,10,5098.359053
384,10,5098.359053
384,10,5098.359053
384,10,5098.359053
384,10,5098.359053
384,10,5098.359053
384,10,5098.359053
384,10,5098.359053
384,10,5098.359053
384,10,5098.359053
384,10,5098.359053
384,10,5098.359053
384,10,5098.359053
384,10,5098.359053
384,10,5098.359053
384,10,5098.359053
384,10,5098.359053
384,10,5098.359053
384,10,5098.359053
384,10,5098.359053
384,10,5098.359053
384,10,5098.359053
384,10,5098.359053
384,10,5098.359053
384,10,5098.359053
384,10,5098.359053
384,10,5098.359053
384,10,5098.359053
384,10,5098.359053
384,10,5098.359053
384,10,5098.359053
384,10,5098.359053
384,10,5098.359053
384,10,5098.359053
384,10,5098.359053
384,10,5098.359053
384,10,5098.359053
384,10,5098.359053
384,10,5098.359053
384,10,5098.359053
384,10,5098.359053
384,10,5098.359053
384,10,5098.359053
384,10,5098.359053
384,10,5098.359053
384,10,5098.359053
384,10,5098.359053
384,10,5098.359053
384,10,5098.359053
384,10,5098.359053
384,10,5098.359053
384,10,5098.359053
384,10,5098.359053
384,10,5098.359053
384,10,5098.359053
384,10,5098.359053
384,10,5098.359053
384,11,5079.806166
385,10,5098.359053
385,10,5098.359053
385,10,5098.359053
385,10,5098.359053
385,10,5098.359053
385,10,5098.359053
385,10,5098.359053
385,10,5098.359053
385,10,5098.359053
385,10,5098.359053
385,10,5098.359053
385,10,5098.359053
385,10,5098.359053
385,10,5098.359053
385,10,5098.359053
385,10,5098.359053
385,10,5098.359053
385,10,5098.359053
385,10,5098.359053
385,10,5098.359053
385,10,5098.359053
385,10,5098.359053
385,10,5098.359053
385,10,5098.359053
385,10,5098.359053
385,10,5098.359053
385,10,5098.359053
385,10,5098.359053
385,10,5098.359053
385,10,5098.359053
385,10,5098.359053
385,10,5098.359053
385,10,5098.359053
385,10,5098.359053
385,10,5098.359053
385,10,5098.359053
385,10,5098.359053
385,10,5098.359053
385,10,5098.359053
385,10,5098.359053
385,10,5098.359053
385,10,5098.359053
385,10,5098.359053
385,10,5098.359053
385,10,5098.359053
385,10,5098.359053
385,10,5098.359053
385,10,5098.359053
385,10,5098.359053
385,10,5098.359053
385,10,5098.359053
385,10,5098.359053
385,10,5098.359053
385,10,5098.359053
385,10,5098.359053
385,10,5098.359053
385,10,5098.359053
385,11,5079.806166
386,10,5098.359053
386,10,5098.359053
386,10,5098.359053
386,10,5098.359053
386,10,5098.359053
386,10,5098.359053
386,10,5098.359053
386,10,5098.359053
386,10,5098.359053
386,10,5098.359053
386,10,5098.359053
386,10,5098.359053
386,10,5098.359053
386,10,5098.359053
386,10,5098.359053
386,10,5098.359053
386,10,5098.359053
386,10,5098.359053
386,10,5098.359053
386,10,5098.359053
386,10,5098.359053
386,10,5098.359053
386,10,5098.359053
386,10,5098.359053
386,10,5098.359053
386,10,5098.359053
386,10,5098.359053
386,10,5098.359053
386,10,5098.359053
386,10,5098.359053
386,10,5098.359053
386,10,5098.359053
386,10,5098.359053
386,10,5098.359053
386,10,5098.359053
386,10,5098.359053
386,10,5098.359053
386,10,5098.359053
386,10,5098.359053
386,10,5098.359053
386,10,5098.359053
386,10,5098.359053
386,10,5098.359053
386,10,5098.359053
386,10,5098.359053
386,10,5098.359053
386,10,5098.359053
386,10,5098.359053
386,10,5098.359053
386,10,5098.359053
386,10,5098.359053
386,10,5098.359053
386,10,5098.359053
386,10,5098.359053
386,10,5098.359053
386,10,5098.359053
386,10,5098.359053
386,11,5079.806166
387,10,5098.359053
387,10,5098.359053
387,10,5098.359053
387,10,5098.359053
387,10,5098.359053
387,10,5098.359053
387,10,5098.359053
387,10,5098.359053
387,10,5098.359053
387,10,5098.359053
387,10,5098.359053
387,10,5098.359053
387,10,5098.359053
387,10,5098.359053
387,10,5098.359053
387,10,5098.359053
387,10,5098.359053
387,10,5098.359053
387,10,5098.359053
387,10,5098.359053
387,10,5098.359053
387,10,5098.359053
387,10,5098.359053
387,10,5098.359053
387,10,5098.359053
387,10,5098.359053
387,10,5098.359053
387,10,5098.359053
387,10,5098.359053
387,10,5098.359053
387,10,5098.359053
387,10,5098.359053
387,10,5098.359053
387,10,5098.359053
387,10,5098.359053
387,10,5098.359053
387,10,5098.359053
387,10,5098.359053
387,10,5098.359053
387,10,5098.359053
387,10,5098.359053
387,10,5098.359053
387,10,5098.359053
387,10,5098.359053
387,10,5098.359053
387,10,5098.359053
387,10,5098.359053
387,10,5098.359053
387,10,5098.359053
387,10,5098.359053
387,10,5098.359053
387,10,5098.359053
387,10,5098.359053
387,10,5098.359053
387,10,5098.359053
387,10,5098.359053
387,10,5098.359053
387,11,5079.806166
388,10,5098.359053
388,10,5098.359053
388,10,5098.359053
388,10,5098.359053
388,10,5098.359053
388,10,5098.359053
388,10,5098.359053
388,10,5098.359053
388,10,5098.359053
388,10,5098.359053
388,10,5098.359053
388,10,5098.359053
388,10,5098.359053
388,10,5098.359053
388,10,5098.359053
388,10,5098.359053
388,10,5098.359053
388,10,5098.359053
388,10,5098.359053
388,10,5098.359053
388,10,5098.359053
388,10,5098.359053
388,10,5098.359053
388,10,5098.359053
388,10,5098.359053
388,10,5098.359053
388,10,5098.359053
388,10,5098.359053
388,10,5098.359053
388,10,5098.359053
388,10,5098.359053
388,10,5098.359053
388,10,5098.359053
388,10,5098.359053
388,10,5098.359053
388,10,5098.359053
388,10,5098.359053
388,10,5098.359053
388,10,5098.359053
388,10,5098.359053
388,10,5098.359053
388,10,5098.359053
388,10,5098.359053
388,10,5098.359053
388,10,5098.359053
388,10,5098.359053
388,10,5098.359053
388,10,5098.359053
388,10,5098.359053
388,10,5098.359053
388,10,5098.359053
388,10,5098.359053
388,10,5098.359053
388,10,5098.359053
388,10,5098.359053
388,10,5098.359053
388,10,5098.359053
388,11,5079.806166
389,10,5098.359053
389,10,5098.359053
389,10,5098.359053
389,10,5098.359053
389,10,5098.359053
389,10,5098.359053
389,10,5098.359053
389,10,5098.359053
389,10,5098.359053
389,10,5098.359053
389,10,5098.359053
389,10,5098.359053
389,10,5098.359053
389,10,5098.359053
389,10,5098.359053
389,10,5098.359053
389,10,5098.359053
389,10,5098.359053
389,10,5098.359053
389,10,5098.359053
389,10,5098.359053
389,10,5098.359053
389,10,5098.359053
389,10,5098.359053
389,10,5098.359053
389,10,5098.359053
389,10,5098.359053
389,10,5098.359053
389,10,5098.359053
389,10,5098.359053
389,10,5098.359053
389,10,5098.359053
389,10,5098.359053
389,10,5098.359053
389,10,5098.359053
389,10,5098.359053
389,10,5098.359053
389,10,5098.359053
389,10,5098.359053
389,10,5098.359053
389,10,5098.359053
389,10,5098.359053
389,10,5098.359053
389,10,5098.359053
389,10,5098.359053
389,10,5098.359053
389,10,5098.359053
389,10,5098.359053
389,10,5098.359053
389,10,5098.359053
389,10,5098.359053
389,10,5098.359053
389,10,5098.359053
389,10,5098.359053
389,10,5098.359053
389,10,5098.359053
389,10,5098.359053
389,10,5098.359053
389,11,5079.806166
390,10,5098.359053
390,10,5098.359053
390,10,5098.359053
390,10,5098.359053
390,10,5098.359053
390,10,5098.359053
390,10,5098.359053
390,10,5098.359053
390,10,5098.359053
390,10,5098.359053
390,10,5098.359053
390,10,5098.359053
390,10,5098.359053
390,10,5098.359053
390,10,5098.359053
390,10,5098.359053
390,10,5098.359053
390,10,5098.359053
390,10,5098.359053
390,10,5098.359053
390,10,5098.359053
390,10,5098.359053
390,10,5098.359053
390,10,5098.359053
390,10,5098.359053
390,10,5098.359053
390,10,5098.359053
390,10,5098.359053
390,10,5098.359053
390,10,5098.359053
390,10,5098.359053
390,10,5098.359053
390,10,5098.359053
390,10,5098.359053
390,10,5098.359053
390,10,5098.359053
390,10,5098.359053
390,10,5098.359053
390,10,5098.359053
390,10,5098.359053
390,10,5098.359053
390,10,5098.359053
390,10,5098.359053
390,10,5098.359053
390,10,5098.359053
390,10,5098.359053
390,10,5098.359053
390,10,5098.359053
390,10,5098.359053
390,10,5098.359053
390,10,5098.359053
390,10,5098.359053
390,10,5098.359053
390,10,5098.359053
390,10,5098.359053
390,10,5098.359053
390,10,5098.359053
390,10,5098.359053
390,11,5079.806166
391,10,5098.359053
391,10,5098.359053
391,10,5098.359053
391,10,5098.359053
391,10,5098.359053
391,10,5098.359053
391,10,5098.359053
391,10,5098.359053
391,10,5098.359053
391,10,5098.359053
391,10,5098.359053
391,10,5098.359053
391,10,5098.359053
391,10,5098.359053
391,10,5098.359053
391,10,5098.359053
391,10,5098.359053
391,10,5098.359053
391,10,5098.359053
391,10,5098.359053
391,10,5098.359053
391,10,5098.359053
391,10,5098.359053
391,10,5098.359053
391,10,5098.359053
391,10,5098.359053
391,10,5098.359053
391,10,5098.359053
391,10,5098.359053
391,10,5098.359053
391,10,5098.359053
391,10,5098.359053
391,10,5098.359053
391,10,5098.359053
391,10,5098.359053
391,10,5098.359053
391,10,5098.359053
391,10,5098.359053
391,10,5098.359053
391,10,5098.359053
391,10,5098.359053
391,10,5098.359053
391,10,5098.359053
391,10,5098.359053
391,10,5098.359053
391,10,5098.359053
391,10,5098.359053
391,10,5098.359053
391,10,5098.359053
391,10,5098.359053
391,10,5098.359053
391,10,5098.359053
391,10,5098.359053
391,10,5098.359053
391,10,5098.359053
391,10,5098.359053
391,10,5098.359053
391,10,5098.359053
391,10,5098.359053
391,11,5079.806166
392,10,5098.359053
392,10,5098.359053
392,10,5098.359053
392,10,5098.359053
392,10,5098.359053
392,10,5098.359053
392,10,5098.359053
392,10,5098.359053
392,10,5098.359053
392,10,5098.359053
392,10,5098.359053
392,10,5098.359053
392,10,5098.359053
392,10,5098.359053
392,10,5098.359053
392,10,5098.359053
392,10,5098.359053
392,10,5098.359053
392,10,5098.359053
392,10,5098.359053
392,10,5098.359053
392,10,5098.359053
392,10,5098.359053
392,10,5098.359053
392,10,5098.359053
392,10,5098.359053
392,10,5098.359053
392,10,5098.359053
392,10,5098.359053
392,10,5098.359053
392,10,5098.359053
392,10,5098.359053
392,10,5098.359053
392,10,5098.359053
392,10,5098.359053
392,10,5098.359053
392,10,5098.359053
392,10,5098.359053
392,10,5098.359053
392,10,5098.359053
392,10,5098.359053
392,10,5098.359053
392,10,5098.359053
392,10,5098.359053
392,10,5098.359053
392,10,5098.359053
392,10,5098.359053
392,10,5098.359053
392,10,5098.359053
392,10,5098.359053
392,10,5098.359053
392,10,5098.359053
392,10,5098.359053
392,10,5098.359053
392,10,5098.359053
392,10,5098.359053
392,10,5098.359053
392,10,5098.359053
392,10,5098.359053
392,11,5079.806166
393,10,5098.359053
393,10,5098.359053
393,10,5098.359053
393,10,5098.359053
393,10,5098.359053
393,10,5098.359053
393,10,5098.359053
393,10,5098.359053
393,10,5098.359053
393,10,5098.359053
393,10,5098.359053
393,10,5098.359053
393,10,5098.359053
393,10,5098.359053
393,10,5098.359053
393,10,5098.359053
393,10,5098.359053
393,10,5098.359053
393,10,5098.359053
393,10,5098.359053
393,10,5098.359053
393,10,5098.359053
393,10,5098.359053
393,10,5098.359053
393,10,5098.359053
393,10,5098.359053
393,10,5098.359053
393,10,5098.359053
393,10,5098.359053
393,10,5098.359053
393,10,5098.359053
393,10,5098.359053
393,10,5098.359053
393,10,5098.359053
393,10,5098.359053
393,10,5098.359053
393,10,5098.359053
393,10,5098.359053
393,10,5098.359053
393,10,5098.359053
393,10,5098.359053
393,10,5098.359053
393,10,5098.359053
393,10,5098.359053
393,10,5098.359053
393,10,5098.359053
393,10,5098.359053
393,10,5098.359053
393,10,5098.359053
393,10,5098.359053
393,10,5098.359053
393,10,5098.359053
393,10,5098.359053
393,10,5098.359053
393,10,5098.359053
393,10,5098.359053
393,10,5098.359053
393,10,5098.359053
393,10,5098.359053
393,10,5098.359053
393,11,5079.806166
394,10,5098.359053
394,10,5098.359053
394,10,5098.359053
394,10,5098.359053
394,10,5098.359053
394,10,5098.359053
394,10,5098.359053
394,10,5098.359053
394,10,5098.359053
394,10,5098.359053
394,10,5098.359053
394,10,5098.359053
394,10,5098.359053
394,10,5098.359053
394,10,5098.359053
394,10,5098.359053
394,10,5098.359053
394,10,5098.359053
394,10,5098.359053
394,10,5098.359053
394,10,5098.359053
394,10,5098.359053
394,10,5098.359053
394,10,5098.359053
394,10,5098.359053
394,10,5098.359053
394,10,5098.359053
394,10,5098.359053
394,10,5098.359053
394,10,5098.359053
394,10,5098.359053
394,10,5098.359053
394,10,5098.359053
394,10,5098.359053
394,10,5098.359053
394,10,5098.359053
394,10,5098.359053
394,10,5098.359053
394,10,5098.359053
394,10,5098.359053
394,10,5098.359053
394,10,5098.359053
394,10,5098.359053
394,10,5098.359053
394,10,5098.359053
394,10,5098.359053
394,10,5098.359053
394,10,5098.359053
394,10,5098.359053
394,10,5098.359053
394,10,5098.359053
394,10,5098.359053
394,10,5098.359053
394,10,5098.359053
394,10,5098.359053
394,10,5098.359053
394,10,5098.359053
394,10,5098.359053
394,10,5098.359053
394,10,5098.359053
394,11,5079.806166
395,10,5098.359053
395,10,5098.359053
395,10,5098.359053
395,10,5098.359053
395,10,5098.359053
395,10,5098.359053
395,10,5098.359053
395,10,5098.359053
395,10,5098.359053
395,10,5098.359053
395,10,5098.359053
395,10,5098.359053
395,10,5098.359053
395,10,5098.359053
395,10,5098.359053
395,10,5098.359053
395,10,5098.359053
395,10,5098.359053
395,10,5098.359053
395,10,5098.359053
395,10,5098.359053
395,10,5098.359053
395,10,5098.359053
395,10,5098.359053
395,10,5098.359053
395,10,5098.359053
395,10,5098.359053
395,10,5098.359053
395,10,5098.359053
395,10,5098.359053
395,10,5098.359053
395,10,5098.359053
395,10,5098.359053
395,10,5098.359053
395,10,5098.359053
395,10,5098.359053
395,10,5098.359053
395,10,5098.359053
395,10,5098.359053
395,10,5098.359053
395,10,5098.359053
395,10,5098.359053
395,10,5098.359053
395,10,5098.359053
395,10,5098.359053
395,10,5098.359053
395,10,5098.359053
395,10,5098.359053
395,10,5098.359053
395,10,5098.359053
395,10,5098.359053
395,10,5098.359053
395,10,5098.359053
395,10,5098.359053
395,10,5098.359053
395,10,5098.359053
395,10,5098.359053
395,10,5098.359053
395,10,5098.359053
395,10,5098.359053
395,11,5079.806166
396,10,5098.359053
396,10,5098.359053
396,10,5098.359053
396,10,5098.359053
396,10,5098.359053
396,10,5098.359053
396,10,5098.359053
396,10,5098.359053
396,10,5098.359053
396,10,5098.359053
396,10,5098.359053
396,10,5098.359053
396,10,5098.359053
396,10,5098.359053
396,10,5098.359053
396,10,5098.359053
396,10,5098.359053
396,10,5098.359053
396,10,5098.359053
396,10,5098.359053
396,10,5098.359053
396,10,5098.359053
396,10,5098.359053
396,10,5098.359053
396,10,5098.359053
396,10,5098.359053
396,10,5098.359053
396,10,5098.359053
396,10,5098.359053
396,10,5098.359053
396,10,5098.359053
396,10,5098.359053
396,10,5098.359053
396,10,5098.359053
396,10,5098.359053
396,10,5098.359053
396,10,5098.359053
396,10,5098.359053
396,10,5098.359053
396,10,5098.359053
396,10,5098.359053
396,10,5098.359053
396,10,5098.359053
396,10,5098.359053
396,10,5098.359053
396,10,5098.359053
396,10,5098.359053
396,10,5098.359053
396,10,5098.359053
396,10,5098.359053
396,10,5098.359053
396,10,5098.359053
396,10,5098.359053
396,10,5098.359053
396,10,5098.359053
396,10,5098.359053
396,10,5098.359053
396,10,5098.359053
396,10,5098.359053
396,10,5098.359053
396,11,5079.806166
397,10,5098.359053
397,10,5098.359053
397,10,5098.359053
397,10,5098.359053
397,10,5098.359053
397,10,5098.359053
397,10,5098.359053
397,10,5098.359053
397,10,5098.359053
397,10,5098.359053
397,10,5098.359053
397,10,5098.359053
397,10,5098.359053
397,10,5098.359053
397,10,5098.359053
397,10,5098.359053
397,10,5098.359053
397,10,5098.359053
397,10,5098.359053
397,10,5098.359053
397,10,5098.359053
397,10,5098.359053
397,10,5098.359053
397,10,5098.359053
397,10,5098.359053
397,10,5098.359053
397,10,5098.359053
397,10,5098.359053
397,10,5098.359053
397,10,5098.359053
397,10,5098.359053
397,10,5098.359053
397,10,5098.359053
397,10,5098.359053
397,10,5098.359053
397,10,5098.359053
397,10,5098.359053
397,10,5098.359053
397,10,5098.359053
397,10,5098.359053
397,10,5098.359053
397,10,5098.359053
397,10,5098.359053
397,10,5098.359053
397,10,5098.359053
397,10,5098.359053
397,10,5098.359053
397,10,5098.359053
397,10,5098.359053
397,10,5098.359053
397,10,5098.359053
397,10,5098.359053
397,10,5098.359053
397,10,5098.359053
397,10,5098.359053
397,10,5098.359053
397,10,5098.359053
397,10,5098.359053
397,10,5098.359053
397,10,5098.359053
397,11,5079.806166
398,10,5098.359053
398,10,5098.359053
398,10,5098.359053
398,10,5098.359053
398,10,5098.359053
398,10,5098.359053
398,10,5098.359053
398,10,5098.359053
398,10,5098.359053
398,10,5098.359053
398,10,5098.359053
398,10,5098.359053
398,10,5098.359053
398,10,5098.359053
398,10,5098.359053
398,10,5098.359053
398,10,5098.359053
398,10,5098.359053
398,10,5098.359053
398,10,5098.359053
398,10,5098.359053
398,10,5098.359053
398,10,5098.359053
398,10,5098.359053
398,10,5098.359053
398,10,5098.359053
398,10,5098.359053
398,10,5098.359053
398,10,5098.359053
398,10,5098.359053
398,10,5098.359053
398,10,5098.359053
398,10,5098.359053
398,10,5098.359053
398,10,5098.359053
398,10,5098.359053
398,10,5098.359053
398,10,5098.359053
398,10,5098.359053
398,10,5098.359053
398,10,5098.359053
398,10,5098.359053
398,10,5098.359053
398,10,5098.359053
398,10,5098.359053
398,10,5098.359053
398,10,5098.359053
398,10,5098.359053
398,10,5098.359053
398,10,5098.359053
398,10,5098.359053
398,10,5098.359053
398,10,5098.359053
398,10,5098.359053
398,10,5098.359053
398,10,5098.359053
398,10,5098.359053
398,10,5098.359053
398,10,5098.359053
398,10,5098.359053
398,11,5079.806166
399,10,5098.359053
399,10,5098.359053
399,10,5098.359053
399,10,5098.359053
399,10,5098.359053
399,10,5098.359053
399,10,5098.359053
399,10,5098.359053
399,10,5098.359053
399,10,5098.359053
399,10,5098.359053
399,10,5098.359053
399,10,5098.359053
399,10,5098.359053
399,10,5098.359053
399,10,5098.359053
399,10,5098.359053
399,10,5098.359053
399,10,5098.359053
399,10,5098.359053
399,10,5098.359053
399,10,5098.359053
399,10,5098.359053
399,10,5098.359053
399,10,5098.359053
399,10,5098.359053
399,10,5098.359053
399,10,5098.359053
399,10,5098.359053
399,10,5098.359053
399,10,5098.359053
399,10,5098.359053
399,10,5098.359053
399,10,5098.359053
399,10,5098.359053
399,10,5098.359053
399,10,5098.359053
399,10,5098.359053
399,10,5098.359053
399,10,5098.359053
399,10,5098.359053
399,10,5098.359053
399,10,5098.359053
399,10,5098.359053
399,10,5098.359053
399,10,5098.359053
399,10,5098.359053
399,10,5098.359053
399,10,5098.359053
399,10,5098.359053
399,10,5098.359053
399,10,5098.359053
399,10,5098.359053
399,10,5098.359053
399,10,5098.359053
399,10,5098.359053
399,10,5098.359053
399,10,5098.359053
399,10,5098.359053
399,10,5098.359053
399,11,5079.806166
400,10,5098.359053
400,10,5098.359053
400,10,5098.359053
400,10,5098.359053
400,10,5098.359053
400,10,5098.359053
400,10,5098.359053
400,10,5098.359053
400,10,5098.359053
400,10,5098.359053
400,10,5098.359053
400,10,5098.359053
400,10,5098.359053
400,10,5098.359053
400,10,5098.359053
400,10,5098.359053
400,10,5098.359053
400,10,5098.359053
400,10,5098.359053
400,10,5098.359053
400,10,5098.359053
400,10,5098.359053
400,10,5098.359053
400,10,5098.359053
400,10,5098.359053
400,10,5098.359053
400,10,5098.359053
400,10,5098.359053
400,10,5098.359053
400,10,5098.359053
400,10,5098.359053
400,10,5098.359053
400,10,5098.359053
400,10,5098.359053
400,10,5098.359053
400,10,5098.359053
400,10,5098.359053
400,10,5098.359053
400,10,5098.359053
400,10,5098.359053
400,10,5098.359053
400,10,5098.359053
400,10,5098.359053
400,10,5098.359053
400,10,5098.359053
400,10,5098.359053
400,10,5098.359053
400,10,5098.359053
400,10,5098.359053
400,10,5098.359053
400,10,5098.359053
400,10,5098.359053
400,10,5098.359053
400,10,5098.359053
400,10,5098.359053
400,10,5098.359053
400,10,5098.359053
400,10,5098.359053
400,10,5098.359053
400,10,5098.359053
400,11,5079.806166
401,10,5098.359053
401,10,5098.359053
401,10,5098.359053
401,10,5098.359053
401,10,5098.359053
401,10,5098.359053
401,10,5098.359053
401,10,5098.359053
401,10,5098.359053
401,10,5098.359053
401,10,5098.359053
401,10,5098.359053
401,10,5098.359053
401,10,5098.359053
401,10,5098.359053
401,10,5098.359053
401,10,5098.359053
401,10,5098.359053
401,10,5098.359053
401,10,5098.359053
401,10,5098.359053
401,10,5098.359053
401,10,5098.359053
401,10,5098.359053
401,10,5098.359053
401,10,5098.359053
401,10,5098.359053
401,10,5098.359053
401,10,5098.359053
401,10,5098.359053
401,10,5098.359053
401,10,5098.359053
401,10,5098.359053
401,10,5098.359053
401,10,5098.359053
401,10,5098.359053
401,10,5098.359053
401,10,5098.359053
401,10,5098.359053
401,10,5098.359053
401,10,5098.359053
401,10,5098.359053
401,10,5098.359053
401,10,5098.359053
401,10,5098.359053
401,10,5098.359053
401,10,5098.359053
401,10,5098.359053
401,10,5098.359053
401,10,5098.359053
401,10,5098.359053
401,10,5098.359053
401,10,5098.359053
401,10,5098.359053
401,10,5098.359053
401,10,5098.359053
401,10,5098.359053
401,10,5098.359053
401,10,5098.359053
401,10,5098.359053
401,11,5079.806166
402,10,5098.359053
402,10,5098.359053
402,10,5098.359053
402,10,5098.359053
402,10,5098.359053
402,10,5098.359053
402,10,5098.359053
402,10,5098.359053
402,10,5098.359053
402,10,5098.359053
402,10,5098.359053
402,10,5098.359053
402,10,5098.359053
402,10,5098.359053
402,10,5098.359053
402,10,5098.359053
402,10,5098.359053
402,10,5098.359053
402,10,5098.359053
402,10,5098.359053
402,10,5098.359053
402,10,5098.359053
402,10,5098.359053
402,10,5098.359053
402,10,5098.359053
402,10,5098.359053
402,10,5098.359053
402,10,5098.359053
402,10,5098.359053
402,10,5098.359053
402,10,5098.359053
402,10,5098.359053
402,10,5098.359053
402,10,5098.359053
402,10,5098.359053
402,10,5098.359053
402,10,5098.359053
402,10,5098.359053
402,10,5098.359053
402,10,5098.359053
402,10,5098.359053
402,10,5098.359053
402,10,5098.359053
402,10,5098.359053
402,10,5098.359053
402,10,5098.359053
402,10,5098.359053
402,10,5098.359053
402,10,5098.359053
402,10,5098.359053
402,10,5098.359053
402,10,5098.359053
402,10,5098.359053
402,10,5098.359053
402,10,5098.359053
402,10,5098.359053
402,10,5098.359053
402,10,5098.359053
402,10,5098.359053
402,10,5098.359053
402,10,5098.359053
402,11,5079.806166
403,10,5098.359053
403,10,5098.359053
403,10,5098.359053
403,10,5098.359053
403,10,5098.359053
403,10,5098.359053
403,10,5098.359053
403,10,5098.359053
403,10,5098.359053
403,10,5098.359053
403,10,5098.359053
403,10,5098.359053
403,10,5098.359053
403,10,5098.359053
403,10,5098.359053
403,10,5098.359053
403,10,5098.359053
403,10,5098.359053
403,10,5098.359053
403,10,5098.359053
403,10,5098.359053
403,10,5098.359053
403,10,5098.359053
403,10,5098.359053
403,10,5098.359053
403,10,5098.359053
403,10,5098.359053
403,10,5098.359053
403,10,5098.359053
403,10,5098.359053
403,10,5098.359053
403,10,5098.359053
403,10,5098.359053
403,10,5098.359053
403,10,5098.359053
403,10,5098.359053
403,10,5098.359053
403,10,5098.359053
403,10,5098.359053
403,10,5098.359053
403,10,5098.359053
403,10,5098.359053
403,10,5098.359053
403,10,5098.359053
403,10,5098.359053
403,10,5098.359053
403,10,5098.359053
403,10,5098.359053
403,10,5098.359053
403,10,5098.359053
403,10,5098.359053
403,10,5098.359053
403,10,5098.359053
403,10,5098.359053
403,10,5098.359053
403,10,5098.359053
403,10,5098.359053
403,10,5098.359053
403,10,5098.359053
403,10,5098.359053
403,10,5098.359053
403,10,5098.359053
403,11,5079.806166
404,10,5098.359053
404,10,5098.359053
404,10,5098.359053
404,10,5098.359053
404,10,5098.359053
404,10,5098.359053
404,10,5098.359053
404,10,5098.359053
404,10,5098.359053
404,10,5098.359053
404,10,5098.359053
404,10,5098.359053
404,10,5098.359053
404,10,5098.359053
404,10,5098.359053
404,10,5098.359053
404,10,5098.359053
404,10,5098.359053
404,10,5098.359053
404,10,5098.359053
404,10,5098.359053
404,10,5098.359053
404,10,5098.359053
404,10,5098.359053
404,10,5098.359053
404,10,5098.359053
404,10,5098.359053
404,10,5098.359053
404,10,5098.359053
404,10,5098.359053
404,10,5098.359053
404,10,5098.359053
404,10,5098.359053
404,10,5098.359053
404,10,5098.359053
404,10,5098.359053
404,10,5098.359053
404,10,5098.359053
404,10,5098.359053
404,10,5098.359053
404,10,5098.359053
404,10,5098.359053
404,10,5098.359053
404,10,5098.359053
404,10,5098.359053
404,10,5098.359053
404,10,5098.359053
404,10,5098.359053
404,10,5098.359053
404,10,5098.359053
404,10,5098.359053
404,10,5098.359053
404,10,5098.359053
404,10,5098.359053
404,10,5098.359053
404,10,5098.359053
404,10,5098.359053
404,10,5098.359053
404,10,5098.359053
404,10,5098.359053
404,10,5098.359053
404,10,5098.359053
404,11,5079.806166
405,10,5098.359053
405,10,5098.359053
405,10,5098.359053
405,10,5098.359053
405,10,5098.359053
405,10,5098.359053
405,10,5098.359053
405,10,5098.359053
405,10,5098.359053
405,10,5098.359053
405,10,5098.359053
405,10,5098.359053
405,10,5098.359053
405,10,5098.359053
405,10,5098.359053
405,10,5098.359053
405,10,5098.359053
405,10,5098.359053
405,10,5098.359053
405,10,5098.359053
405,10,5098.359053
405,10,5098.359053
405,10,5098.359053
405,10,5098.359053
405,10,5098.359053
405,10,5098.359053
405,10,5098.359053
405,10,5098.359053
405,10,5098.359053
405,10,5098.359053
405,10,5098.359053
405,10,5098.359053
405,10,5098.359053
405,10,5098.359053
405,10,5098.359053
405,10,5098.359053
405,10,5098.359053
405,10,5098.359053
405,10,5098.359053
405,10,5098.359053
405,10,5098.359053
405,10,5098.359053
405,10,5098.359053
405,10,5098.359053
405,10,5098.359053
405,10,5098.359053
405,10,5098.359053
405,10,5098.359053
405,10,5098.359053
405,10,5098.359053
405,10,5098.359053
405,10,5098.359053
405,10,5098.359053
405,10,5098.359053
405,10,5098.359053
405,10,5098.359053
405,10,5098.359053
405,10,5098.359053
405,10,5098.359053
405,10,5098.359053
405,10,5098.359053
405,10,5098.359053
405,11,5079.806166
406,10,5098.359053
406,10,5098.359053
406,10,5098.359053
406,10,5098.359053
406,10,5098.359053
406,10,5098.359053
406,10,5098.359053
406,10,5098.359053
406,10,5098.359053
406,10,5098.359053
406,10,5098.359053
406,10,5098.359053
406,10,5098.359053
406,10,5098.359053
406,10,5098.359053
406,10,5098.359053
406,10,5098.359053
406,10,5098.359053
406,10,5098.359053
406,10,5098.359053
406,10,5098.359053
406,10,5098.359053
406,10,5098.359053
406,10,5098.359053
406,10,5098.359053
406,10,5098.359053
406,10,5098.359053
406,10,5098.359053
406,10,5098.359053
406,10,5098.359053
406,10,5098.359053
406,10,5098.359053
406,10,5098.359053
406,10,5098.359053
406,10,5098.359053
406,10,5098.359053
406,10,5098.359053
406,10,5098.359053
406,10,5098.359053
406,10,5098.359053
406,10,5098.359053
406,10,5098.359053
406,10,5098.359053
406,10,5098.359053
406,10,5098.359053
406,10,5098.359053
406,10,5098.359053
406,10,5098.359053
406,10,5098.359053
406,10,5098.359053
406,10,5098.359053
406,10,5098.359053
406,10,5098.359053
406,10,5098.359053
406,10,5098.359053
406,10,5098.359053
406,10,5098.359053
406,10,5098.359053
406,10,5098.359053
406,10,5098.359053
406,10,5098.359053
406,10,5098.359053
406,11,5079.806166
407,10,5098.359053
407,10,5098.359053
407,10,5098.359053
407,10,5098.359053
407,10,5098.359053
407,10,5098.359053
407,10,5098.359053
407,10,5098.359053
407,10,5098.359053
407,10,5098.359053
407,10,5098.359053
407,10,5098.359053
407,10,5098.359053
407,10,5098.359053
407,10,5098.359053
407,10,5098.359053
407,10,5098.359053
407,10,5098.359053
407,10,5098.359053
407,10,5098.359053
407,10,5098.359053
407,10,5098.359053
407,10,5098.359053
407,10,5098.359053
407,10,5098.359053
407,10,5098.359053
407,10,5098.359053
407,10,5098.359053
407,10,5098.359053
407,10,5098.359053
407,10,5098.359053
407,10,5098.359053
407,10,5098.359053
407,10,5098.359053
407,10,5098.359053
407,10,5098.359053
407,10,5098.359053
407,10,5098.359053
407,10,5098.359053
407,10,5098.359053
407,10,5098.359053
407,10,5098.359053
407,10,5098.359053
407,10,5098.359053
407,10,5098.359053
407,10,5098.359053
407,10,5098.359053
407,10,5098.359053
407,10,5098.359053
407,10,5098.359053
407,10,5098.359053
407,10,5098.359053
407,10,5098.359053
407,10,5098.359053
407,10,5098.359053
407,10,5098.359053
407,10,5098.359053
407,10,5098.359053
407,10,5098.359053
407,10,5098.359053
407,10,5098.359053
407,10,5098.359053
407,11,5079.806166
408,10,5098.359053
408,10,5098.359053
408,10,5098.359053
408,10,5098.359053
408,10,5098.359053
408,10,5098.359053
408,10,5098.359053
408,10,5098.359053
408,10,5098.359053
408,10,5098.359053
408,10,5098.359053
408,10,5098.359053
408,10,5098.359053
408,10,5098.359053
408,10,5098.359053
408,10,5098.359053
408,10,5098.359053
408,10,5098.359053
408,10,5098.359053
408,10,5098.359053
408,10,5098.359053
408,10,5098.359053
408,10,5098.359053
408,10,5098.359053
408,10,5098.359053
408,10,5098.359053
408,10,5098.359053
408,10,5098.359053
408,10,5098.359053
408,10,5098.359053
408,10,5098.359053
408,10,5098.359053
408,10,5098.359053
408,10,5098.359053
408,10,5098.359053
408,10,5098.359053
408,10,5098.359053
408,10,5098.359053
408,10,5098.359053
408,10,5098.359053
408,10,5098.359053
408,10,5098.359053
408,10,5098.359053
408,10,5098.359053
408,10,5098.359053
408,10,5098.359053
408,10,5098.359053
408,10,5098.359053
408,10,5098.359053
408,10,5098.359053
408,10,5098.359053
408,10,5098.359053
408,10,5098.359053
408,10,5098.359053
408,10,5098.359053
408,10,5098.359053
408,10,5098.359053
408,10,5098.359053
408,10,5098.359053
408,10,5098.359053
408,10,5098.359053
408,10,5098.359053
408,10,5098.359053
408,11,5079.806166
409,10,5098.359053
409,10,5098.359053
409,10,5098.359053
409,10,5098.359053
409,10,5098.359053
409,10,5098.359053
409,10,5098.359053
409,10,5098.359053
409,10,5098.359053
409,10,5098.359053
409,10,5098.359053
409,10,5098.359053
409,10,5098.359053
409,10,5098.359053
409,10,5098.359053
409,10,5098.359053
409,10,5098.359053
409,10,5098.359053
409,10,5098.359053
409,10,5098.359053
409,10,5098.359053
409,10,5098.359053
409,10,5098.359053
409,10,5098.359053
409,10,5098.359053
409,10,5098.359053
409,10,5098.359053
409,10,5098.359053
409,10,5098.359053
409,10,5098.359053
409,10,5098.359053
409,10,5098.359053
409,10,5098.359053
409,10,5098.359053
409,10,5098.359053
409,10,5098.359053
409,10,5098.359053
409,10,5098.359053
409,10,5098.359053
409,10,5098.359053
409,10,5098.359053
409,10,5098.359053
409,10,5098.359053
409,10,5098.359053
409,10,5098.359053
409,10,5098.359053
409,10,5098.359053
409,10,5098.359053
409,10,5098.359053
409,10,5098.359053
409,10,5098.359053
409,10,5098.359053
409,10,5098.359053
409,10,5098.359053
409,10,5098.359053
409,10,5098.359053
409,10,5098.359053
409,10,5098.359053
409,10,5098.359053
409,10,5098.359053
409,10,5098.359053
409,10,5098.359053
409,10,5098.359053
409,11,5079.806166
410,10,5098.359053
410,10,5098.359053
410,10,5098.359053
410,10,5098.359053
410,10,5098.359053
410,10,5098.359053
410,10,5098.359053
410,10,5098.359053
410,10,5098.359053
410,10,5098.359053
410,10,5098.359053
410,10,5098.359053
410,10,5098.359053
410,10,5098.359053
410,10,5098.359053
410,10,5098.359053
410,10,5098.359053
410,10,5098.359053
410,10,5098.359053
410,10,5098.359053
410,10,5098.359053
410,10,5098.359053
410,10,5098.359053
410,10,5098.359053
410,10,5098.359053
410,10,5098.359053
410,10,5098.359053
410,10,5098.359053
410,10,5098.359053
410,10,5098.359053
410,10,5098.359053
410,10,5098.359053
410,10,5098.359053
410,10,5098.359053
410,10,5098.359053
410,10,5098.359053
410,10,5098.359053
410,10,5098.359053
410,10,5098.359053
410,10,5098.359053
410,10,5098.359053
410,10,5098.359053
410,10,5098.359053
410,10,5098.359053
410,10,5098.359053
410,10,5098.359053
410,10,5098.359053
410,10,5098.359053
410,10,5098.359053
410,10,5098.359053
410,10,5098.359053
410,10,5098.359053
410,10,5098.359053
410,10,5098.359053
410,10,5098.359053
410,10,5098.359053
410,10,5098.359053
410,10,5098.359053
410,10,5098.359053
410,10,5098.359053
410,10,5098.359053
410,10,5098.359053
410,10,5098.359053
410,11,5079.806166
411,10,5098.359053
411,10,5098.359053
411,10,5098.359053
411,10,5098.359053
411,10,5098.359053
411,10,5098.359053
411,10,5098.359053
411,10,5098.359053
411,10,5098.359053
411,10,5098.359053
411,10,5098.359053
411,10,5098.359053
411,10,5098.359053
411,10,5098.359053
411,10,5098.359053
411,10,5098.359053
411,10,5098.359053
411,10,5098.359053
411,10,5098.359053
411,10,5098.359053
411,10,5098.359053
411,10,5098.359053
411,10,5098.359053
411,10,5098.359053
411,10,5098.359053
411,10,5098.359053
411,10,5098.359053
411,10,5098.359053
411,10,5098.359053
411,10,5098.359053
411,10,5098.359053
411,10,5098.359053
411,10,5098.359053
411,10,5098.359053
411,10,5098.359053
411,10,5098.359053
411,10,5098.359053
411,10,5098.359053
411,10,5098.359053
411,10,5098.359053
411,10,5098.359053
411,10,5098.359053
411,10,5098.359053
411,10,5098.359053
411,10,5098.359053
411,10,5098.359053
411,10,5098.359053
411,10,5098.359053
411,10,5098.359053
411,10,5098.359053
411,10,5098.359053
411,10,5098.359053
411,10,5098.359053
411,10,5098.359053
411,10,5098.359053
411,10,5098.359053
411,10,5098.359053
411,10,5098.359053
411,10,5098.359053
411,10,5098.359053
411,10,5098.359053
411,10,5098.359053
411,10,5098.359053
411,11,5079.806166
412,10,5098.359053
412,10,5098.359053
412,10,5098.359053
412,10,5098.359053
412,10,5098.359053
412,10,5098.359053
412,10,5098.359053
412,10,5098.359053
412,10,5098.359053
412,10,5098.359053
412,10,5098.359053
412,10,5098.359053
412,10,5098.359053
412,10,5098.359053
412,10,5098.359053
412,10,5098.359053
412,10,5098.359053
412,10,5098.359053
412,10,5098.359053
412,10,5098.359053
412,10,5098.359053
412,10,5098.359053
412,10,5098.359053
412,10,5098.359053
412,10,5098.359053
412,10,5098.359053
412,10,5098.359053
412,10,5098.359053
412,10,5098.359053
412,10,5098.359053
412,10,5098.359053
412,10,5098.359053
412,10,5098.359053
412,10,5098.359053
412,10,5098.359053
412,10,5098.359053
412,10,5098.359053
412,10,5098.359053
412,10,5098.359053
412,10,5098.359053
412,10,5098.359053
412,10,5098.359053
412,10,5098.359053
412,10,5098.359053
412,10,5098.359053
412,10,5098.359053
412,10,5098.359053
412,10,5098.359053
412,10,5098.359053
412,10,5098.359053
412,10,5098.359053
412,10,5098.359053
412,10,5098.359053
412,10,5098.359053
412,10,5098.359053
412,10,5098.359053
412,10,5098.359053
412,10,5098.359053
412,10,5098.359053
412,10,5098.359053
412,10,5098.359053
412,10,5098.359053
412,10,5098.359053
412,11,5079.806166
413,10,5098.359053
413,10,5098.359053
413,10,5098.359053
413,10,5098.359053
413,10,5098.359053
413,10,5098.359053
413,10,5098.359053
413,10,5098.359053
413,10,5098.359053
413,10,5098.359053
413,10,5098.359053
413,10,5098.359053
413,10,5098.359053
413,10,5098.359053
413,10,5098.359053
413,10,5098.359053
413,10,5098.359053
413,10,5098.359053
413,10,5098.359053
413,10,5098.359053
413,10,5098.359053
413,10,5098.359053
413,10,5098.359053
413,10,5098.359053
413,10,5098.359053
413,10,5098.359053
413,10,5098.359053
413,10,5098.359053
413,10,5098.359053
413,10,5098.359053
413,10,5098.359053
413,10,5098.359053
413,10,5098.359053
413,10,5098.359053
413,10,5098.359053
413,10,5098.359053
413,10,5098.359053
413,10,5098.359053
413,10,5098.359053
413,10,5098.359053
413,10,5098.359053
413,10,5098.359053
413,10,5098.359053
413,10,5098.359053
413,10,5098.359053
413,10,5098.359053
413,10,5098.359053
413,10,5098.359053
413,10,5098.359053
413,10,5098.359053
413,10,5098.359053
413,10,5098.359053
413,10,5098.359053
413,10,5098.359053
413,10,5098.359053
413,10,5098.359053
413,10,5098.359053
413,10,5098.359053
413,10,5098.359053
413,10,5098.359053
413,10,5098.359053
413,10,5098.359053
413,10,5098.359053
413,11,5079.806166
414,10,5098.359053
414,10,5098.359053
414,10,5098.359053
414,10,5098.359053
414,10,5098.359053
414,10,5098.359053
414,10,5098.359053
414,10,5098.359053
414,10,5098.359053
414,10,5098.359053
414,10,5098.359053
414,10,5098.359053
414,10,5098.359053
414,10,5098.359053
414,10,5098.359053
414,10,5098.359053
414,10,5098.359053
414,10,5098.359053
414,10,5098.359053
414,10,5098.359053
414,10,5098.359053
414,10,5098.359053
414,10,5098.359053
414,10,5098.359053
414,10,5098.359053
414,10,5098.359053
414,10,5098.359053
414,10,5098.359053
414,10,5098.359053
414,10,5098.359053
414,10,5098.359053
414,10,5098.359053
414,10,5098.359053
414,10,5098.359053
414,10,5098.359053
414,10,5098.359053
414,10,5098.359053
414,10,5098.359053
414,10,5098.359053
414,10,5098.359053
414,10,5098.359053
414,10,5098.359053
414,10,5098.359053
414,10,5098.359053
414,10,5098.359053
414,10,5098.359053
414,10,5098.359053
414,10,5098.359053
414,10,5098.359053
414,10,5098.359053
414,10,5098.359053
414,10,5098.359053
414,10,5098.359053
414,10,5098.359053
414,10,5098.359053
414,10,5098.359053
414,10,5098.359053
414,10,5098.359053
414,10,5098.359053
414,10,5098.359053
414,10,5098.359053
414,10,5098.359053
414,10,5098.359053
414,11,5079.806166
415,10,5098.359053
415,10,5098.359053
415,10,5098.359053
415,10,5098.359053
415,10,5098.359053
415,10,5098.359053
415,10,5098.359053
415,10,5098.359053
415,10,5098.359053
415,10,5098.359053
415,10,5098.359053
415,10,5098.359053
415,10,5098.359053
415,10,5098.359053
415,10,5098.359053
415,10,5098.359053
415,10,5098.359053
415,10,5098.359053
415,10,5098.359053
415,10,5098.359053
415,10,5098.359053
415,10,5098.359053
415,10,5098.359053
415,10,5098.359053
415,10,5098.359053
415,10,5098.359053
415,10,5098.359053
415,10,5098.359053
415,10,5098.359053
415,10,5098.359053
415,10,5098.359053
415,10,5098.359053
415,10,5098.359053
415,10,5098.359053
415,10,5098.359053
415,10,5098.359053
415,10,5098.359053
415,10,5098.359053
415,10,5098.359053
415,10,5098.359053
415,10,5098.359053
415,10,5098.359053
415,10,5098.359053
415,10,5098.359053
415,10,5098.359053
415,10,5098.359053
415,10,5098.359053
415,10,5098.359053
415,10,5098.359053
415,10,5098.359053
415,10,5098.359053
415,10,5098.359053
415,10,5098.359053
415,10,5098.359053
415,10,5098.359053
415,10,5098.359053
415,10,5098.359053
415,10,5098.359053
415,10,5098.359053
415,10,5098.359053
415,10,5098.359053
415,10,5098.359053
415,10,5098.359053
415,11,5079.806166
416,10,5098.359053
416,10,5098.359053
416,10,5098.359053
416,10,5098.359053
416,10,5098.359053
416,10,5098.359053
416,10,5098.359053
416,10,5098.359053
416,10,5098.359053
416,10,5098.359053
416,10,5098.359053
416,10,5098.359053
416,10,5098.359053
416,10,5098.359053
416,10,5098.359053
416,10,5098.359053
416,10,5098.359053
416,10,5098.359053
416,10,5098.359053
416,10,5098.359053
416,10,5098.359053
416,10,5098.359053
416,10,5098.359053
416,10,5098.359053
416,10,5098.359053
416,10,5098.359053
416,10,5098.359053
416,10,5098.359053
416,10,5098.359053
416,10,5098.359053
416,10,5098.359053
416,10,5098.359053
416,10,5098.359053
416,10,5098.359053
416,10,5098.359053
416,10,5098.359053
416,10,5098.359053
416,10,5098.359053
416,10,5098.359053
416,10,5098.359053
416,10,5098.359053
416,10,5098.359053
416,10,5098.359053
416,10,5098.359053
416,10,5098.359053
416,10,5098.359053
416,10,5098.359053
416,10,5098.359053
416,10,5098.359053
416,10,5098.359053
416,10,5098.359053
416,10,5098.359053
416,10,5098.359053
416,10,5098.359053
416,10,5098.359053
416,10,5098.359053
416,10,5098.359053
416,10,5098.359053
416,10,5098.359053
416,10,5098.359053
416,10,5098.359053
416,10,5098.359053
416,10,5098.359053
416,11,5079.806166
417,10,5098.359053
417,10,5098.359053
417,10,5098.359053
417,10,5098.359053
417,10,5098.359053
417,10,5098.359053
417,10,5098.359053
417,10,5098.359053
417,10,5098.359053
417,10,5098.359053
417,10,5098.359053
417,10,5098.359053
417,10,5098.359053
417,10,5098.359053
417,10,5098.359053
417,10,5098.359053
417,10,5098.359053
417,10,5098.359053
417,10,5098.359053
417,10,5098.359053
417,10,5098.359053
417,10,5098.359053
417,10,5098.359053
417,10,5098.359053
417,10,5098.359053
417,10,5098.359053
417,10,5098.359053
417,10,5098.359053
417,10,5098.359053
417,10,5098.359053
417,10,5098.359053
417,10,5098.359053
417,10,5098.359053
417,10,5098.359053
417,10,5098.359053
417,10,5098.359053
417,10,5098.359053
417,10,5098.359053
417,10,5098.359053
417,10,5098.359053
417,10,5098.359053
417,10,5098.359053
417,10,5098.359053
417,10,5098.359053
417,10,5098.359053
417,10,5098.359053
417,10,5098.359053
417,10,5098.359053
417,10,5098.359053
417,10,5098.359053
417,10,5098.359053
417,10,5098.359053
417,10,5098.359053
417,10,5098.359053
417,10,5098.359053
417,10,5098.359053
417,10,5098.359053
417,10,5098.359053
417,10,5098.359053
417,10,5098.359053
417,10,5098.359053
417,10,5098.359053
417,10,5098.359053
417,11,5079.806166
418,10,5098.359053
418,10,5098.359053
418,10,5098.359053
418,10,5098.359053
418,10,5098.359053
418,10,5098.359053
418,10,5098.359053
418,10,5098.359053
418,10,5098.359053
418,10,5098.359053
418,10,5098.359053
418,10,5098.359053
418,10,5098.359053
418,10,5098.359053
418,10,5098.359053
418,10,5098.359053
418,10,5098.359053
418,10,5098.359053
418,10,5098.359053
418,10,5098.359053
418,10,5098.359053
418,10,5098.359053
418,10,5098.359053
418,10,5098.359053
418,10,5098.359053
418,10,5098.359053
418,10,5098.359053
418,10,5098.359053
418,10,5098.359053
418,10,5098.359053
418,10,5098.359053
418,10,5098.359053
418,10,5098.359053
418,10,5098.359053
418,10,5098.359053
418,10,5098.359053
418,10,5098.359053
418,10,5098.359053
418,10,5098.359053
418,10,5098.359053
418,10,5098.359053
418,10,5098.359053
418,10,5098.359053
418,10,5098.359053
418,10,5098.359053
418,10,5098.359053
418,10,5098.359053
418,10,5098.359053
418,10,5098.359053
418,10,5098.359053
418,10,5098.359053
418,10,5098.359053
418,10,5098.359053
418,10,5098.359053
418,10,5098.359053
418,10,5098.359053
418,10,5098.359053
418,10,5098.359053
418,10,5098.359053
418,10,5098.359053
418,10,5098.359053
418,10,5098.359053
418,10,5098.359053
418,11,5079.806166
419,10,5098.359053
419,10,5098.359053
419,10,5098.359053
419,10,5098.359053
419,10,5098.359053
419,10,5098.359053
419,10,5098.359053
419,10,5098.359053
419,10,5098.359053
419,10,5098.359053
419,10,5098.359053
419,10,5098.359053
419,10,5098.359053
419,10,5098.359053
419,10,5098.359053
419,10,5098.359053
419,10,5098.359053
419,10,5098.359053
419,10,5098.359053
419,10,5098.359053
419,10,5098.359053
419,10,5098.359053
419,10,5098.359053
419,10,5098.359053
419,10,5098.359053
419,10,5098.359053
419,10,5098.359053
419,10,5098.359053
419,10,5098.359053
419,10,5098.359053
419,10,5098.359053
419,10,5098.359053
419,10,5098.359053
419,10,5098.359053
419,10,5098.359053
419,10,5098.359053
419,10,5098.359053
419,10,5098.359053
419,10,5098.359053
419,10,5098.359053
419,10,5098.359053
419,10,5098.359053
419,10,5098.359053
419,10,5098.359053
419,10,5098.359053
419,10,5098.359053
419,10,5098.359053
419,10,5098.359053
419,10,5098.359053
419,10,5098.359053
419,10,5098.359053
419,10,5098.359053
419,10,5098.359053
419,10,5098.359053
419,10,5098.359053
419,10,5098.359053
419,10,5098.359053
419,10,5098.359053
419,10,5098.359053
419,10,5098.359053
419,10,5098.359053
419,10,5098.359053
419,10,5098.359053
419,11,5079.806166
420,10,5098.359053
420,10,5098.359053
420,10,5098.359053
420,10,5098.359053
420,10,5098.359053
420,10,5098.359053
420,10,5098.359053
420,10,5098.359053
420,10,5098.359053
420,10,5098.359053
420,10,5098.359053
420,10,5098.359053
420,10,5098.359053
420,10,5098.359053
420,10,5098.359053
420,10,5098.359053
420,10,5098.359053
420,10,5098.359053
420,10,5098.359053
420,10,5098.359053
420,10,5098.359053
420,10,5098.359053
420,10,5098.359053
420,10,5098.359053
420,10,5098.359053
420,10,5098.359053
420,10,5098.359053
420,10,5098.359053
420,10,5098.359053
420,10,5098.359053
420,10,5098.359053
420,10,5098.359053
420,10,5098.359053
420,10,5098.359053
420,10,5098.359053
420,10,5098.359053
420,10,5098.359053
420,10,5098.359053
420,10,5098.359053
420,10,5098.359053
420,10,5098.359053
420,10,5098.359053
420,10,5098.359053
420,10,5098.359053
420,10,5098.359053
420,10,5098.359053
420,10,5098.359053
420,10,5098.359053
420,10,5098.359053
420,10,5098.359053
420,10,5098.359053
420,10,5098.359053
420,10,5098.359053
420,10,5098.359053
420,10,5098.359053
420,10,5098.359053
420,10,5098.359053
420,10,5098.359053
420,10,5098.359053
420,10,5098.359053
420,10,5098.359053
420,10,5098.359053
420,10,5098.359053
420,11,5079.806166
421,10,5095.083191
421,11,5079.806166
422,10,5095.083191
422,10,5095.083191
422,10,5095.083191
422,10,5095.083191
422,10,5095.083191
422,10,5095.083191
422,10,5095.083191
422,10,5095.083191
422,10,5095.083191
422,10,5095.083191
422,11,5079.806166
423,10,5095.083191
423,10,5095.083191
423,10,5095.083191
423,10,5095.083191
423,10,5095.083191
423,10,5095.083191
423,10,5095.083191
423,10,5095.083191
423,10,5095.083191
423,10,5095.083191
423,10,5095.083191
423,10,5095.083191
423,10,5095.083191
423,10,5095.083191
423,10,5095.083191
423,10,5095.083191
423,10,5095.083191
423,10,5095.083191
423,10,5095.083191
423,11,5079.806166
424,10,5095.083191
424,10,5095.083191
424,10,5095.083191
424,10,5095.083191
424,10,5095.083191
424,10,5095.083191
424,10,5095.083191
424,10,5095.083191
424,10,5095.083191
424,10,5095.083191
424,10,5095.083191
424,10,5095.083191
424,10,5095.083191
424,10,5095.083191
424,10,5095.083191
424,10,5095.083191
424,10,5095.083191
424,10,5095.083191
424,10,5095.083191
424,10,5095.083191
424,10,5095.083191
424,10,5095.083191
424,10,5095.083191
424,10,5095.083191
424,10,5095.083191
424,10,5095.083191
424,10,5095.083191
424,10,5095.083191
424,11,5079.806166
425,10,5095.083191
425,11,5079.806166
426,10,5095.083191
426,10,5095.083191
426,11,5079.806166
427,10,5095.083191
427,10,5095.083191
427,10,5095.083191
427,10,5095.083191
427,11,5079.806166
428,10,5095.083191
428,10,5095.083191
428,10,5095.083191
428,10,5095.083191
428,11,5079.806166
429,10,5095.083191
429,10,5095.083191
429,10,5095.083191
429,10,5095.083191
429,10,5095.083191
429,11,5079.806166
430,10,5095.083191
430,10,5095.083191
430,10,5095.083191
430,10,5095.083191
430,10,5095.083191
430,11,5079.806166
431,10,5095.083191
431,10,5095.083191
431,10,5095.083191
431,10,5095.083191
431,10,5095.083191
431,11,5079.806166
432,10,5095.083191
432,10,5095.083191
432,10,5095.083191
432,10,5095.083191
432,10,5095.083191
432,11,5079.806166
433,10,5095.083191
433,10,5095.083191
433,10,5095.083191
433,10,5095.083191
433,10,5095.083191
433,11,5079.806166
434,10,5095.083191
434,10,5095.083191
434,10,5095.083191
434,10,5095.083191
434,10,5095.083191
434,11,5079.806166
435,10,5095.083191
435,10,5095.083191
435,10,5095.083191
435,10,5095.083191
435,10,5095.083191
435,11,5079.806166
436,10,5086.095189
436,11,5079.806166
437,10,5086.095189
437,11,5079.806166
438,10,5086.095189
438,11,5079.806166
439,10,5086.095189
439,11,5079.806166
440,10,5086.095189
440,11,5079.806166
441,10,5086.095189
441,11,5079.806166
442,10,5086.095189
442,11,5079.806166
443,10,5086.095189
443,11,5079.806166
444,10,5086.095189
444,11,5079.806166
445,10,5086.095189
445,11,5079.806166
446,10,5086.095189
446,11,5079.806166
447,10,5070.393583
447,10,5070.393583
448,10,5070.393583
448,10,5070.393583
449,10,5070.393583
449,10,5070.393583
450,10,5070.393583
450,10,5070.393583
451,10,5070.393583
451,10,5070.393583
452,10,5070.393583
452,10,5070.393583
453,10,5070.393583
453,10,5070.393583
454,10,5070.393583
454,10,5070.393583
455,10,5070.393583
455,10,5070.393583
456,10,5070.393583
456,10,5070.393583
457,10,5070.393583
457,10,5070.393583
458,10,5070.393583
458,10,5070.393583
459,10,5070.393583
459,10,5070.393583
460,10,5070.393583
460,10,5070.393583
461,10,5070.393583
461,10,5070.393583
462,10,5070.393583
462,10,5070.393583
463,10,5070.393583
463,10,5070.393583
464,10,5070.393583
464,10,5070.393583
465,10,5070.393583
465,10,5070.393583
466,10,5070.393583
466,10,5070.393583
467,10,5070.393583
467,10,5070.393583
468,10,5070.393583
468,10,5070.393583
469,10,5070.393583
469,10,5070.393583
470,10,5070.393583
470,10,5070.393583
471,10,5070.393583
471,10,5070.393583
472,10,5070.393583
472,10,5070.393583
473,10,5070.393583
473,10,5070.393583
474,10,5070.393583
474,10,5070.393583
475,10,5070.393583
475,10,5070.393583
476,10,5070.393583
476,10,5070.393583
477,10,5070.393583
477,10,5070.393583
478,10,5070.393583
478,10,5070.393583
479,10,5070.393583
479,10,5070.393583
480,10,5070.393583
480,10,5070.393583
481,10,5070.393583
481,10,5070.393583
482,10,5070.393583
482,10,5070.393583
483,10,5070.393583
483,10,5070.393583
484,10,5070.393583
484,10,5070.393583
485,10,5070.393583
485,10,5070.393583
486,10,5070.393583
486,10,5070.393583
487,10,5070.393583
487,10,5070.393583
488,10,5070.393583
488,10,5070.393583
489,10,5070.393583
489,10,5070.393583
490,10,5070.393583
490,10,5070.393583
491,10,5070.393583
491,10,5070.393583
492,10,5070.393583
492,10,5070.393583
493,10,5070.393583
493,10,5070.393583
494,10,5070.393583
494,10,5070.393583
495,10,5070.393583
495,10,5070.393583
496,10,5070.393583
496,10,5070.393583
497,10,5070.393583
497,10,5070.393583
498,10,5070.393583
498,10,5070.393583
499,10,5070.393583
499,10,5070.393583
500,10,5070.393583
500,10,5070.393583
501,10,5070.393583
501,10,5070.393583
502,10,5070.393583
502,10,5070.393583
503,10,5070.393583
503,10,5070.393583
504,10,5070.393583
504,10,5070.393583
505,10,5070.393583
505,10,5070.393583
506,10,5070.393583
506,10,5070.393583
507,10,5070.393583
507,10,5070.393583
508,10,5070.393583
508,10,5070.393583
509,10,5070.393583
509,10,5070.393583
510,10,5070.393583
510,10,5070.393583
511,10,5070.393583
511,10,5070.393583
512,10,5070.393583
512,10,5070.393583
513,10,5070.393583
513,10,5070.393583
514,10,5070.393583
514,10,5070.393583
515,10,5070.393583
515,10,5070.393583
516,10,5070.393583
516,10,5070.393583
517,10,5070.393583
517,10,5070.393583
518,10,5070.393583
518,10,5070.393583
519,10,5070.393583
519,10,5070.393583
520,10,5070.393583
520,10,5070.393583
521,10,5070.393583
521,10,5070.393583
522,10,5070.393583
522,10,5070.393583
523,10,5070.393583
523,10,5070.393583
524,10,5070.393583
524,10,5070.393583
525,10,5070.393583
525,10,5070.393583
526,10,5070.393583
526,10,5070.393583
527,10,5070.393583
527,10,5070.393583
528,10,5070.393583
528,10,5070.393583
529,10,5070.393583
529,10,5070.393583
530,10,5070.393583
530,10,5070.393583
531,10,5070.393583
531,10,5070.393583
532,10,5070.393583
532,10,5070.393583
533,10,5070.393583
533,10,5070.393583
534,10,5070.393583
534,10,5070.393583
535,10,5070.393583
535,10,5070.393583
536,10,5070.393583
536,10,5070.393583
537,10,5070.393583
537,10,5070.393583
538,10,5070.393583
538,10,5070.393583
539,10,5070.393583
539,10,5070.393583
540,10,5070.393583
540,10,5070.393583
541,10,5070.393583
541,10,5070.393583
542,10,5070.393583
542,10,5070.393583
543,10,5070.393583
543,10,5070.393583
544,10,5070.393583
544,10,5070.393583
545,10,5070.393583
545,10,5070.393583
546,10,5070.393583
546,10,5070.393583
547,10,5070.393583
547,10,5070.393583
548,10,5070.393583
548,10,5070.393583
549,10,5070.393583
549,10,5070.393583
550,10,5070.393583
550,10,5070.393583
551,10,5070.393583
551,10,5070.393583
552,10,5070.393583
552,10,5070.393583
553,10,5070.393583
553,10,5070.393583
554,10,5070.393583
554,10,5070.393583
555,10,5070.393583
555,10,5070.393583
556,10,5070.393583
556,10,5070.393583
557,10,5070.393583
557,10,5070.393583
558,10,5070.393583
558,10,5070.393583
559,10,5070.393583
559,10,5070.393583
560,10,5070.393583
560,10,5070.393583
561,10,5070.393583
561,10,5070.393583
562,10,5070.393583
562,10,5070.393583
563,10,5070.393583
563,10,5070.393583
564,10,5070.393583
564,10,5070.393583
565,10,5070.393583
565,10,5070.393583
566,10,5070.393583
566,10,5070.393583
567,10,5070.393583
567,10,5070.393583
568,10,5070.393583
568,10,5070.393583
569,10,5070.393583
569,10,5070.393583
570,10,5070.393583
570,10,5070.393583
571,10,5070.393583
571,10,5070.393583
572,10,5070.393583
572,10,5070.393583
573,10,5070.393583
573,10,5070.393583
574,10,5070.393583
574,10,5070.393583
575,10,5070.393583
575,10,5070.393583
576,10,5070.393583
576,10,5070.393583
577,10,5070.393583
577,10,5070.393583
578,10,5070.393583
578,10,5070.393583
579,10,5070.393583
579,10,5070.393583
580,10,5070.393583
580,10,5070.393583
581,10,5070.393583
581,10,5070.393583
582,10,5070.393583
582,10,5070.393583
583,10,5070.393583
583,10,5070.393583
584,10,5070.393583
584,10,5070.393583
585,10,5070.393583
585,10,5070.393583
586,10,5070.393583
586,10,5070.393583
587,10,5070.393583
587,10,5070.393583
588,10,5070.393583
588,10,5070.393583
589,10,5070.393583
589,10,5070.393583
590,10,5070.393583
590,10,5070.393583
591,10,5070.393583
591,10,5070.393583
592,10,5070.393583
592,10,5070.393583
593,10,5070.393583
593,10,5070.393583
594,10,5070.393583
594,10,5070.393583
595,10,5070.393583
595,10,5070.393583
596,10,5070.393583
596,10,5070.393583
597,10,5070.393583
597,10,5070.393583
598,10,5070.393583
598,10,5070.393583
599,10,5070.393583
599,10,5070.393583
600,10,5070.393583
600,10,5070.393583
601,10,5070.393583
601,10,5070.393583
602,10,5070.393583
602,10,5070.393583
603,10,5070.393583
603,10,5070.393583
604,10,5070.393583
604,10,5070.393583
605,10,5070.393583
605,10,5070.393583
606,10,5070.393583
606,10,5070.393583
607,10,5070.393583
607,10,5070.393583
608,10,5070.393583
608,10,5070.393583
609,10,5070.393583
609,10,5070.393583
610,10,5070.393583
610,10,5070.393583
611,10,5070.393583
611,10,5070.393583
612,10,5070.393583
612,10,5070.393583
613,10,5070.393583
613,10,5070.393583
614,10,5070.393583
614,10,5070.393583
615,10,5070.393583
615,10,5070.393583
616,10,5070.393583
616,10,5070.393583
617,10,5070.393583
617,10,5070.393583
618,10,5070.393583
618,10,5070.393583
619,10,5070.393583
619,10,5070.393583
620,10,5070.393583
620,10,5070.393583
621,10,5070.393583
621,10,5070.393583
622,10,5070.393583
622,10,5070.393583
623,10,5070.393583
623,10,5070.393583
624,10,5070.393583
624,10,5070.393583
625,10,5070.393583
625,10,5070.393583
626,10,5070.393583
626,10,5070.393583
627,10,5070.393583
627,10,5070.393583
628,10,5070.393583
628,10,5070.393583
629,10,5070.393583
629,10,5070.393583
630,10,5070.393583
630,10,5070.393583
631,10,5070.393583
631,10,5070.393583
632,10,5070.393583
632,10,5070.393583
633,10,5070.393583
633,10,5070.393583
634,10,5070.393583
634,10,5070.393583
635,10,5070.393583
635,10,5070.393583
636,10,5070.393583
636,10,5070.393583
637,10,5070.393583
637,10,5070.393583
638,10,5070.393583
638,10,5070.393583
639,10,5070.393583
639,10,5070.393583
640,10,5070.393583
640,10,5070.393583
641,10,5070.393583
641,10,5070.393583
642,10,5070.393583
642,10,5070.393583
643,10,5070.393583
643,10,5070.393583
644,10,5070.393583
644,10,5070.393583
645,10,5070.393583
645,10,5070.393583
646,10,5070.393583
646,10,5070.393583
647,10,5070.393583
647,10,5070.393583
648,10,5070.393583
648,10,5070.393583
649,10,5070.393583
649,10,5070.393583
650,10,5070.393583
650,10,5070.393583
651,10,5070.393583
651,10,5070.393583
652,10,5070.393583
652,10,5070.393583
653,10,5070.393583
653,10,5070.393583
654,10,5070.393583
654,10,5070.393583
655,10,5070.393583
655,10,5070.393583
656,10,5070.393583
656,10,5070.393583
657,10,5070.393583
657,10,5070.393583
658,10,5070.393583
658,10,5070.393583
659,10,5070.393583
659,10,5070.393583
660,10,5070.393583
660,10,5070.393583
661,10,5070.393583
661,10,5070.393583
662,10,5070.393583
662,10,5070.393583
663,10,5070.393583
663,10,5070.393583
664,10,5070.393583
664,10,5070.393583
665,10,5070.393583
665,10,5070.393583
666,10,5070.393583
666,10,5070.393583
667,10,5070.393583
667,10,5070.393583
668,10,5070.393583
668,10,5070.393583
669,10,5070.393583
669,10,5070.393583
670,10,5070.393583
670,10,5070.393583
671,10,5070.393583
671,10,5070.393583
672,10,5070.393583
672,10,5070.393583
673,10,5070.393583
673,10,5070.393583
674,10,5070.393583
674,10,5070.393583
675,10,5070.393583
675,10,5070.393583
676,10,5070.393583
676,10,5070.393583
677,10,5070.393583
677,10,5070.393583
678,10,5070.393583
678,10,5070.393583
679,10,5070.393583
679,10,5070.393583
680,10,5070.393583
680,10,5070.393583
681,10,5070.393583
681,10,5070.393583
682,10,5070.393583
682,10,5070.393583
683,10,5070.393583
683,10,5070.393583
684,10,5070.393583
684,10,5070.393583
685,10,5070.393583
685,10,5070.393583
686,10,5070.393583
686,10,5070.393583
687,10,5070.393583
687,10,5070.393583
688,10,5070.393583
688,10,5070.393583
689,10,5070.393583
689,10,5070.393583
690,10,5070.393583
690,10,5070.393583
691,10,5070.393583
691,10,5070.393583
692,10,5070.393583
692,10,5070.393583
693,10,5070.393583
693,10,5070.393583
694,10,5070.393583
694,10,5070.393583
695,10,5070.393583
695,10,5070.393583
696,10,5070.393583
696,10,5070.393583
697,10,5070.393583
697,10,5070.393583
698,10,5070.393583
698,10,5070.393583
699,10,5070.393583
699,10,5070.393583
700,10,5070.393583
700,10,5070.393583
701,10,5070.393583
701,10,5070.393583
702,10,5070.393583
702,10,5070.393583
703,10,5070.393583
703,10,5070.393583
704,10,5070.393583
704,10,5070.393583
705,10,5070.393583
705,10,5070.393583
706,10,5070.393583
706,10,5070.393583
707,10,5070.393583
707,10,5070.393583
708,10,5070.393583
708,10,5070.393583
709,10,5070.393583
709,10,5070.393583
710,10,5070.393583
710,10,5070.393583
711,10,5070.393583
711,10,5070.393583
712,10,5070.393583
712,10,5070.393583
713,10,5070.393583
713,10,5070.393583
714,10,5070.393583
714,10,5070.393583
715,10,5070.393583
715,10,5070.393583
716,10,5070.393583
716,10,5070.393583
717,10,5070.393583
717,10,5070.393583
718,10,5070.393583
718,10,5070.393583
719,10,5070.393583
719,10,5070.393583
720,10,5070.393583
720,10,5070.393583
721,10,5070.393583
721,10,5070.393583
722,10,5070.393583
722,10,5070.393583
723,10,5070.393583
723,10,5070.393583
724,10,5070.393583
724,10,5070.393583
725,10,5070.393583
725,10,5070.393583
726,10,5070.393583
726,10,5070.393583
727,10,5070.393583
727,10,5070.393583
728,10,5070.393583
728,10,5070.393583
729,10,5070.393583
729,10,5070.393583
730,10,5070.393583
730,10,5070.393583
731,10,5070.393583
731,10,5070.393583
732,10,5070.393583
732,10,5070.393583
733,10,5070.393583
733,10,5070.393583
734,10,5070.393583
734,10,5070.393583
735,10,5070.393583
735,10,5070.393583
736,10,5070.393583
736,10,5070.393583
737,10,5070.393583
737,10,5070.393583
738,10,5070.393583
738,10,5070.393583
739,10,5070.393583
739,10,5070.393583
740,10,5070.393583
740,10,5070.393583
741,10,5070.393583
741,10,5070.393583
742,10,5070.393583
742,10,5070.393583
743,10,5070.393583
743,10,5070.393583
744,10,5070.393583
744,10,5070.393583
745,10,5070.393583
745,10,5070.393583
746,10,5070.393583
746,10,5070.393583
747,10,5070.393583
747,10,5070.393583
748,10,5070.393583
748,10,5070.393583
749,10,5070.393583
749,10,5070.393583
750,10,5070.393583
750,10,5070.393583
751,10,5070.393583
751,10,5070.393583
752,10,5070.393583
752,10,5070.393583
753,10,5070.393583
753,10,5070.393583
754,10,5070.393583
754,10,5070.393583
755,10,5070.393583
755,10,5070.393583
756,10,5070.393583
756,10,5070.393583
757,10,5070.393583
757,10,5070.393583
758,10,5070.393583
758,10,5070.393583
759,10,5070.393583
759,10,5070.393583
760,10,5070.393583
760,10,5070.393583
761,10,5070.393583
761,10,5070.393583
762,10,5070.393583
762,10,5070.393583
763,10,5070.393583
763,10,5070.393583
764,10,5070.393583
764,10,5070.393583
765,10,5070.393583
765,10,5070.393583
766,10,5070.393583
766,10,5070.393583
767,10,5070.393583
767,10,5070.393583
768,10,5070.393583
768,10,5070.393583
769,10,5070.393583
769,10,5070.393583
770,10,5070.393583
770,10,5070.393583
771,10,5070.393583
771,10,5070.393583
772,10,5070.393583
772,10,5070.393583
773,10,5070.393583
773,10,5070.393583
774,10,5070.393583
774,10,5070.393583
775,10,5070.393583
775,10,5070.393583
776,10,5070.393583
776,10,5070.393583
777,10,5070.393583
777,10,5070.393583
778,10,5070.393583
778,10,5070.393583
779,10,5070.393583
779,10,5070.393583
780,10,5070.393583
780,10,5070.393583
781,10,5070.393583
781,10,5070.393583
782,10,5070.393583
782,10,5070.393583
783,10,5070.393583
783,10,5070.393583
784,10,5070.393583
784,10,5070.393583
785,10,5070.393583
785,10,5070.393583
786,10,5070.393583
786,10,5070.393583
787,10,5070.393583
787,10,5070.393583
788,10,5070.393583
788,10,5070.393583
789,10,5070.393583
789,10,5070.393583
790,10,5070.393583
790,10,5070.393583
791,10,5070.393583
791,10,5070.393583
792,10,5070.393583
792,10,5070.393583
793,10,5070.393583
793,10,5070.393583
794,10,5070.393583
794,10,5070.393583
795,10,5070.393583
795,10,5070.393583
796,10,5070.393583
796,10,5070.393583
797,10,5070.393583
797,10,5070.393583
798,10,5070.393583
798,10,5070.393583
799,10,5070.393583
799,10,5070.393583
800,10,5070.393583
800,10,5070.393583
801,10,5070.393583
801,10,5070.393583
802,10,5070.393583
802,10,5070.393583
803,10,5070.393583
803,10,5070.393583
804,10,5070.393583
804,10,5070.393583
805,10,5070.393583
805,10,5070.393583
806,10,5070.393583
806,10,5070.393583
807,10,5070.393583
807,10,5070.393583
808,10,5070.393583
808,10,5070.393583
809,10,5070.393583
809,10,5070.393583
810,10,5070.393583
810,10,5070.393583
811,10,5070.393583
811,10,5070.393583
812,10,5070.393583
812,10,5070.393583
813,10,5070.393583
813,10,5070.393583
814,10,5070.393583
814,10,5070.393583
815,10,5070.393583
815,10,5070.393583
816,10,5070.393583
816,10,5070.393583
817,10,5070.393583
817,10,5070.393583
818,10,5070.393583
818,10,5070.393583
819,10,5070.393583
819,10,5070.393583
820,10,5070.393583
820,10,5070.393583
821,10,5070.393583
821,10,5070.393583
822,10,5070.393583
822,10,5070.393583
823,10,5070.393583
823,10,5070.393583
824,10,5070.393583
824,10,5070.393583
825,10,5070.393583
825,10,5070.393583
826,10,5070.393583
826,10,5070.393583
827,10,5070.393583
827,10,5070.393583
828,10,5070.393583
828,10,5070.393583
829,10,5070.393583
829,10,5070.393583
830,10,5070.393583
830,10,5070.393583
831,10,5070.393583
831,10,5070.393583
832,10,5070.393583
832,10,5070.393583
833,10,5070.393583
833,10,5070.393583
834,10,5070.393583
834,10,5070.393583
835,10,5070.393583
835,10,5070.393583
836,10,5070.393583
836,10,5070.393583
837,10,5070.393583
837,10,5070.393583
838,10,5070.393583
838,10,5070.393583
839,10,5070.393583
839,10,5070.393583
840,10,5070.393583
840,10,5070.393583
841,10,5070.393583
841,10,5070.393583
842,10,5070.393583
842,10,5070.393583
843,10,5070.393583
843,10,5070.393583
844,10,5070.393583
844,10,5070.393583
845,10,5070.393583
845,10,5070.393583
846,10,5070.393583
846,10,5070.393583
847,10,5070.393583
847,10,5070.393583
848,10,5070.393583
848,10,5070.393583
849,10,5070.393583
849,10,5070.393583
850,10,5070.393583
850,10,5070.393583
851,10,5070.393583
851,10,5070.393583
852,10,5070.393583
852,10,5070.393583
853,10,5070.393583
853,10,5070.393583
854,10,5070.393583
854,10,5070.393583
855,10,5070.393583
855,10,5070.393583
856,10,5070.393583
856,10,5070.393583
857,10,5070.393583
857,10,5070.393583
858,10,5070.393583
858,10,5070.393583
859,10,5070.393583
859,10,5070.393583
860,10,5070.393583
860,10,5070.393583
861,10,5070.393583
861,10,5070.393583
862,10,5070.393583
862,10,5070.393583
863,10,5070.393583
863,10,5070.393583
864,10,5070.393583
864,10,5070.393583
865,10,5070.393583
865,10,5070.393583
866,10,5070.393583
866,10,5070.393583
867,10,5070.393583
867,10,5070.393583
868,10,5070.393583
868,10,5070.393583
869,10,5070.393583
869,10,5070.393583
870,10,5070.393583
870,10,5070.393583
871,10,5070.393583
871,10,5070.393583
872,10,5070.393583
872,10,5070.393583
873,10,5070.393583
873,10,5070.393583
874,10,5070.393583
874,10,5070.393583
875,10,5070.393583
875,10,5070.393583
876,10,5070.393583
876,10,5070.393583
877,10,5070.393583
877,10,5070.393583
878,10,5070.393583
878,10,5070.393583
879,10,5070.393583
879,10,5070.393583
880,10,5070.393583
880,10,5070.393583
881,10,5070.393583
881,10,5070.393583
882,10,5070.393583
882,10,5070.393583
883,10,5070.393583
883,10,5070.393583
884,10,5070.393583
884,10,5070.393583
885,10,5070.393583
885,10,5070.393583
886,10,5070.393583
886,10,5070.393583
887,10,5070.393583
887,10,5070.393583
888,10,5070.393583
888,10,5070.393583
889,10,5070.393583
889,10,5070.393583
890,10,5070.393583
890,10,5070.393583
891,10,5070.393583
891,10,5070.393583
892,10,5070.393583
892,10,5070.393583
893,10,5070.393583
893,10,5070.393583
894,10,5070.393583
894,10,5070.393583
895,10,5070.393583
895,10,5070.393583
896,10,5070.393583
896,10,5070.393583
897,10,5070.393583
897,10,5070.393583
898,10,5070.393583
898,10,5070.393583
899,10,5070.393583
899,10,5070.393583
900,10,5070.393583
900,10,5070.393583
901,10,5070.393583
901,10,5070.393583
902,10,5070.393583
902,10,5070.393583
903,10,5070.393583
903,10,5070.393583
904,10,5070.393583
904,10,5070.393583
905,10,5070.393583
905,10,5070.393583
906,10,5070.393583
906,10,5070.393583
907,10,5070.393583
907,10,5070.393583
908,10,5070.393583
908,10,5070.393583
909,10,5070.393583
909,10,5070.393583
910,10,5070.393583
910,10,5070.393583
911,10,5070.393583
911,10,5070.393583
912,10,5070.393583
912,10,5070.393583
913,10,5070.393583
913,10,5070.393583
914,10,5070.393583
914,10,5070.393583
915,10,5070.393583
915,10,5070.393583
916,10,5070.393583
916,10,5070.393583
917,10,5070.393583
917,10,5070.393583
918,10,5070.393583
918,10,5070.393583
919,10,5070.393583
919,10,5070.393583
920,10,5070.393583
920,10,5070.393583
921,10,5070.393583
921,10,5070.393583
922,10,5070.393583
922,10,5070.393583
923,10,5070.393583
923,10,5070.393583
924,10,5070.393583
924,10,5070.393583
925,10,5070.393583
925,10,5070.393583
926,10,5070.393583
926,10,5070.393583
927,10,5070.393583
927,10,5070.393583
928,10,5070.393583
928,10,5070.393583
929,10,5070.393583
929,10,5070.393583
930,10,5070.393583
930,10,5070.393583
931,10,5070.393583
931,10,5070.393583
932,10,5070.393583
932,10,5070.393583
933,10,5070.393583
933,10,5070.393583
934,10,5070.393583
934,10,5070.393583
935,10,5070.393583
935,10,5070.393583
936,10,5070.393583
936,10,5070.393583
937,10,5070.393583
937,10,5070.393583
938,10,5070.393583
938,10,5070.393583
939,10,5070.393583
939,10,5070.393583
940,10,5070.393583
940,10,5070.393583
941,10,5070.393583
941,10,5070.393583
942,10,5070.393583
942,10,5070.393583
943,10,5070.393583
943,10,5070.393583
944,10,5070.393583
944,10,5070.393583
945,10,5070.393583
945,10,5070.393583
946,10,5070.393583
946,10,5070.393583
947,10,5070.393583
947,10,5070.393583
948,10,5070.393583
948,10,5070.393583
949,10,5070.393583
949,10,5070.393583
950,10,5070.393583
950,10,5070.393583
951,10,5070.393583
951,10,5070.393583
952,10,5070.393583
952,10,5070.393583
953,10,5070.393583
953,10,5070.393583
954,10,5070.393583
954,10,5070.393583
955,10,5070.393583
955,10,5070.393583
956,10,5070.393583
956,10,5070.393583
957,10,5070.393583
957,10,5070.393583
958,10,5070.393583
958,10,5070.393583
959,10,5070.393583
959,10,5070.393583
960,10,5070.393583
960,10,5070.393583
961,10,5070.393583
961,10,5070.393583
962,10,5070.393583
962,10,5070.393583
963,10,5070.393583
963,10,5070.393583
964,10,5070.393583
964,10,5070.393583
965,10,5070.393583
965,10,5070.393583
966,10,5070.393583
966,10,5070.393583
967,10,5070.393583
967,10,5070.393583
968,10,5070.393583
968,10,5070.393583
969,10,5070.393583
969,10,5070.393583
970,10,5070.393583
970,10,5070.393583
971,10,5070.393583
971,10,5070.393583
972,10,5070.393583
972,10,5070.393583
973,10,5070.393583
973,10,5070.393583
974,10,5070.393583
974,10,5070.393583
975,10,5070.393583
975,10,5070.393583
976,10,5070.393583
976,10,5070.393583
977,10,5070.393583
977,10,5070.393583
978,10,5070.393583
978,10,5070.393583
979,10,5070.393583
979,10,5070.393583
980,10,5070.393583
980,10,5070.393583
981,10,5070.393583
981,10,5070.393583
982,10,5070.393583
982,10,5070.393583
983,10,5070.393583
983,10,5070.393583
984,10,5070.393583
984,10,5070.393583
985,10,5070.393583
985,10,5070.393583
986,10,5070.393583
986,10,5070.393583
987,10,5070.393583
987,10,5070.393583
988,10,5070.393583
988,10,5070.393583
989,10,5070.393583
989,10,5070.393583
990,10,5070.393583
990,10,5070.393583
991,10,5070.393583
991,10,5070.393583
992,10,5070.393583
992,10,5070.393583
993,10,5070.393583
993,10,5070.393583
994,10,5070.393583
994,10,5070.393583
995,10,5070.393583
995,10,5070.393583
996,10,5070.393583
996,10,5070.393583
997,10,5070.393583
997,10,5070.393583
998,10,5070.393583
998,10,5070.393583
999,10,5070.393583
999,10,5070.393583
1000,10,5070.393583
1000,10,5070.393583
1001,10,5070.393583
1001,10,5070.393583
1002,10,5070.393583
1002,10,5070.393583
1003,10,5070.393583
1003,10,5070.393583
1004,10,5070.393583
1004,10,5070.393583
1005,10,5070.393583
1005,10,5070.393583
1006,10,5070.393583
1006,10,5070.393583
1007,10,5070.393583
1007,10,5070.393583
1008,10,5070.393583
1008,10,5070.393583
1009,10,5070.393583
1009,10,5070.393583
1010,10,5070.393583
1010,10,5070.393583
1011,10,5070.393583
1011,10,5070.393583
1012,10,5070.393583
1012,10,5070.393583
1013,10,5070.393583
1013,10,5070.393583
1014,10,5070.393583
1014,10,5070.393583
1015,10,5070.393583
1015,10,5070.393583
1016,10,5070.393583
1016,10,5070.393583
1017,10,5070.393583
1017,10,5070.393583
1018,10,5070.393583
1018,10,5070.393583
1019,10,5070.393583
1019,10,5070.393583
1020,10,5070.393583
1020,10,5070.393583
1021,10,5070.393583
1021,10,5070.393583
1022,10,5070.393583
1022,10,5070.393583
1023,10,5070.393583
1023,10,5070.393583
1024,10,5070.393583
1024,10,5070.393583
1025,10,5070.393583
1025,10,5070.393583
1026,10,5070.393583
1026,10,5070.393583
1027,10,5070.393583
1027,10,5070.393583
1028,10,5070.393583
1028,10,5070.393583
1029,10,5070.393583
1029,10,5070.393583
1030,10,5070.393583
1030,10,5070.393583
1031,10,5070.393583
1031,10,5070.393583
1032,10,5070.393583
1032,10,5070.393583
1033,10,5070.393583
1033,10,5070.393583
1034,10,5070.393583
1034,10,5070.393583
1035,10,5070.393583
1035,10,5070.393583
1036,10,5070.393583
1036,10,5070.393583
1037,10,5070.393583
1037,10,5070.393583
1038,10,5070.393583
1038,10,5070.393583
1039,10,5070.393583
1039,10,5070.393583
1040,10,5070.393583
1040,10,5070.393583
1041,10,5070.393583
1041,10,5070.393583
1042,10,5070.393583
1042,10,5070.393583
1043,10,5070.393583
1043,10,5070.393583
1044,10,5070.393583
1044,10,5070.393583
1045,10,5070.393583
1045,10,5070.393583
1046,10,5070.393583
1046,10,5070.393583
1047,10,5070.393583
1047,10,5070.393583
1048,10,5070.393583
1048,10,5070.393583
1049,10,5070.393583
1049,10,5070.393583
1050,10,5070.393583
1050,10,5070.393583
1051,10,5070.393583
1051,10,5070.393583
1052,10,5070.393583
1052,10,5070.393583
1053,10,5070.393583
1053,10,5070.393583
1054,10,5070.393583
1054,10,5070.393583
1055,10,5070.393583
1055,10,5070.393583
1056,10,5070.393583
1056,10,5070.393583
1057,10,5070.393583
1057,10,5070.393583
1058,10,5070.393583
1058,10,5070.393583
1059,10,5070.393583
1059,10,5070.393583
1060,10,5070.393583
1060,10,5070.393583
1061,10,5070.393583
1061,10,5070.393583
1062,10,5070.393583
1062,10,5070.393583
1063,10,5070.393583
1063,10,5070.393583
1064,10,5070.393583
1064,10,5070.393583
1065,10,5070.393583
1065,10,5070.393583
1066,10,5070.393583
1066,10,5070.393583
1067,10,5070.393583
1067,10,5070.393583
1068,10,5070.393583
1068,10,5070.393583
1069,10,5070.393583
1069,10,5070.393583
1070,10,5070.393583
1070,10,5070.393583
1071,10,5070.393583
1071,10,5070.393583
1072,10,5070.393583
1072,10,5070.393583
1073,10,5070.393583
1073,10,5070.393583
1074,10,5070.393583
1074,10,5070.393583
1075,10,5070.393583
1075,10,5070.393583
1076,10,5070.393583
1076,10,5070.393583
1077,10,5070.393583
1077,10,5070.393583
1078,10,5070.393583
1078,10,5070.393583
1079,10,5070.393583
1079,10,5070.393583
1080,10,5070.393583
1080,10,5070.393583
1081,10,5070.393583
1081,10,5070.393583
1082,10,5070.393583
1082,10,5070.393583
1083,10,5070.393583
1083,10,5070.393583
1084,10,5070.393583
1084,10,5070.393583
1085,10,5070.393583
1085,10,5070.393583
1086,10,5070.393583
1086,10,5070.393583
1087,10,5070.393583
1087,10,5070.393583
1088,10,5070.393583
1088,10,5070.393583
1089,10,5070.393583
1089,10,5070.393583
1090,10,5070.393583
1090,10,5070.393583
1091,10,5070.393583
1091,10,5070.393583
1092,10,5070.393583
1092,10,5070.393583
1093,10,5070.393583
1093,10,5070.393583
1094,10,5070.393583
1094,10,5070.393583
1095,10,5070.393583
1095,10,5070.393583
1096,10,5070.393583
1096,10,5070.393583
1097,10,5070.393583
1097,10,5070.393583
1098,10,5070.393583
1098,10,5070.393583
1099,10,5070.393583
1099,10,5070.393583
1100,10,5070.393583
1100,10,5070.393583
1101,10,5070.393583
1101,10,5070.393583
1102,10,5070.393583
1102,10,5070.393583
1103,10,5070.393583
1103,10,5070.393583
1104,10,5070.393583
1104,10,5070.393583
1105,10,5070.393583
1105,10,5070.393583
1106,10,5070.393583
1106,10,5070.393583
1107,10,5070.393583
1107,10,5070.393583
1108,10,5070.393583
1108,10,5070.393583
1109,10,5070.393583
1109,10,5070.393583
1110,10,5070.393583
1110,10,5070.393583
1111,10,5070.393583
1111,10,5070.393583
1112,10,5070.393583
1112,10,5070.393583
1113,10,5070.393583
1113,10,5070.393583
1114,10,5070.393583
1114,10,5070.393583
1115,10,5070.393583
1115,10,5070.393583
1116,10,5070.393583
1116,10,5070.393583
1117,10,5070.393583
1117,10,5070.393583
1118,10,5070.393583
1118,10,5070.393583
1119,10,5070.393583
1119,10,5070.393583
1120,10,5070.393583
1120,10,5070.393583
1121,10,5070.393583
1121,10,5070.393583
1122,10,5070.393583
1122,10,5070.393583
1123,10,5070.393583
1123,10,5070.393583
1124,10,5070.393583
1124,10,5070.393583
1125,10,5070.393583
1125,10,5070.393583
1126,10,5070.393583
1126,10,5070.393583
1127,10,5070.393583
1127,10,5070.393583
1128,10,5070.393583
1128,10,5070.393583
1129,10,5070.393583
1129,10,5070.393583
1130,10,5070.393583
1130,10,5070.393583
1131,10,5070.393583
1131,10,5070.393583
1132,10,5070.393583
1132,10,5070.393583
1133,10,5070.393583
1133,10,5070.393583
1134,10,5070.393583
1134,10,5070.393583
1135,10,5070.393583
1135,10,5070.393583
1136,10,5070.393583
1136,10,5070.393583
1137,10,5070.393583
1137,10,5070.393583
1138,10,5070.393583
1138,10,5070.393583
1139,10,5070.393583
1139,10,5070.393583
1140,10,5070.393583
1140,10,5070.393583
1141,10,5070.393583
1141,10,5070.393583
1142,10,5070.393583
1142,10,5070.393583
1143,10,5070.393583
1143,10,5070.393583
1144,10,5070.393583
1144,10,5070.393583
1145,10,5070.393583
1145,10,5070.393583
1146,10,5070.393583
1146,10,5070.393583
1147,10,5070.393583
1147,10,5070.393583
1148,10,5070.393583
1148,10,5070.393583
1149,10,5070.393583
1149,10,5070.393583
1150,10,5070.393583
1150,10,5070.393583
1151,10,5070.393583
1151,10,5070.393583
1152,10,5070.393583
1152,10,5070.393583
1153,10,5070.393583
1153,10,5070.393583
1154,10,5070.393583
1154,10,5070.393583
1155,10,5070.393583
1155,10,5070.393583
1156,10,5070.393583
1156,10,5070.393583
1157,10,5070.393583
1157,10,5070.393583
1158,10,5070.393583
1158,10,5070.393583
1159,10,5070.393583
1159,10,5070.393583
1160,10,5070.393583
1160,10,5070.393583
1161,10,5070.393583
1161,10,5070.393583
1162,10,5070.393583
1162,10,5070.393583
1163,10,5070.393583
1163,10,5070.393583
1164,10,5070.393583
1164,10,5070.393583
1165,10,5070.393583
1165,10,5070.393583
1166,10,5070.393583
1166,10,5070.393583
1167,10,5070.393583
1167,10,5070.393583
1168,10,5070.393583
1168,10,5070.393583
1169,10,5070.393583
1169,10,5070.393583
1170,10,5070.393583
1170,10,5070.393583
1171,10,5070.393583
1171,10,5070.393583
1172,10,5070.393583
1172,10,5070.393583
1173,10,5070.393583
1173,10,5070.393583
1174,10,5070.393583
1174,10,5070.393583
1175,10,5070.393583
1175,10,5070.393583
1176,10,5070.393583
1176,10,5070.393583
1177,10,5070.393583
1177,10,5070.393583
1178,10,5070.393583
1178,10,5070.393583
1179,10,5070.393583
1179,10,5070.393583
1180,10,5070.393583
1180,10,5070.393583
1181,10,5070.393583
1181,10,5070.393583
1182,10,5070.393583
1182,10,5070.393583
1183,10,5070.393583
1183,10,5070.393583
1184,10,5070.393583
1184,10,5070.393583
1185,10,5070.393583
1185,10,5070.393583
1186,10,5070.393583
1186,10,5070.393583
1187,10,5070.393583
1187,10,5070.393583
1188,10,5070.393583
1188,10,5070.393583
1189,10,5070.393583
1189,10,5070.393583
1190,10,5070.393583
1190,10,5070.393583
1191,10,5070.393583
1191,10,5070.393583
1192,10,5070.393583
1192,10,5070.393583
1193,10,5070.393583
1193,10,5070.393583
1194,10,5070.393583
1194,10,5070.393583
1195,10,5070.393583
1195,10,5070.393583
1196,10,5070.393583
1196,10,5070.393583
1197,10,5070.393583
1197,10,5070.393583
1198,10,5070.393583
1198,10,5070.393583
1199,10,5070.393583
1199,10,5070.393583
1200,10,5070.393583
1200,10,5070.393583
1201,10,5070.393583
1201,10,5070.393583
1202,10,5070.393583
1202,10,5070.393583
1203,10,5070.393583
1203,10,5070.393583
1204,10,5070.393583
1204,10,5070.393583
1205,10,5070.393583
1205,10,5070.393583
1206,10,5070.393583
1206,10,5070.393583
1207,10,5070.393583
1207,10,5070.393583
1208,10,5070.393583
1208,10,5070.393583
1209,10,5070.393583
1209,10,5070.393583
1210,10,5070.393583
1210,10,5070.393583
1211,10,5070.393583
1211,10,5070.393583
1212,10,5070.393583
1212,10,5070.393583
1213,10,5070.393583
1213,10,5070.393583
1214,10,5070.393583
1214,10,5070.393583
1215,10,5070.393583
1215,10,5070.393583
1216,10,5070.393583
1216,10,5070.393583
1217,10,5070.393583
1217,10,5070.393583
1218,10,5070.393583
1218,10,5070.393583
1219,10,5070.393583
1219,10,5070.393583
1220,10,5070.393583
1220,10,5070.393583
1221,10,5070.393583
1221,10,5070.393583
1222,10,5070.393583
1222,10,5070.393583
1223,10,5070.393583
1223,10,5070.393583
1224,10,5070.393583
1224,10,5070.393583
1225,10,5070.393583
1225,10,5070.393583
1226,10,5070.393583
1226,10,5070.393583
1227,10,5070.393583
1227,10,5070.393583
1228,10,5070.393583
1228,10,5070.393583
1229,10,5070.393583
1229,10,5070.393583
1230,10,5070.393583
1230,10,5070.393583
1231,10,5070.393583
1231,10,5070.393583
1232,10,5070.393583
1232,10,5070.393583
1233,10,5070.393583
1233,10,5070.393583
1234,10,5070.393583
1234,10,5070.393583
1235,10,5070.393583
1235,10,5070.393583
1236,10,5070.393583
1236,10,5070.393583
1237,10,5070.393583
1237,10,5070.393583
1238,10,5070.393583
1238,10,5070.393583
1239,10,5070.393583
1239,10,5070.393583
1240,10,5070.393583
1240,10,5070.393583
1241,10,5070.393583
1241,10,5070.393583
1242,10,5070.393583
1242,10,5070.393583
1243,10,5070.393583
1243,10,5070.393583
1244,10,5070.393583
1244,10,5070.393583
1245,10,5070.393583
1245,10,5070.393583
1246,10,5070.393583
1246,10,5070.393583
1247,10,5070.393583
1247,10,5070.393583
1248,10,5070.393583
1248,10,5070.393583
1249,10,5070.393583
1249,10,5070.393583
1250,10,5070.393583
1250,10,5070.393583
1251,10,5070.393583
1251,10,5070.393583
1252,10,5070.393583
1252,10,5070.393583
1253,10,5070.393583
1253,10,5070.393583
1254,10,5070.393583
1254,10,5070.393583
1255,10,5070.393583
1255,10,5070.393583
1256,10,5070.393583
1256,10,5070.393583
1257,10,5070.393583
1257,10,5070.393583
1258,10,5070.393583
1258,10,5070.393583
1259,10,5070.393583
1259,10,5070.393583
1260,10,5070.393583
1260,10,5070.393583
1261,10,5070.393583
1261,10,5070.393583
1262,10,5070.393583
1262,10,5070.393583
1263,10,5070.393583
1263,10,5070.393583
1264,10,5070.393583
1264,10,5070.393583
1265,10,5070.393583
1265,10,5070.393583
1266,10,5070.393583
1266,10,5070.393583
1267,10,5070.393583
1267,10,5070.393583
1268,10,5070.393583
1268,10,5070.393583
1269,10,5070.393583
1269,10,5070.393583
1270,10,5070.393583
1270,10,5070.393583
1271,10,5070.393583
1271,10,5070.393583
1272,10,5070.393583
1272,10,5070.393583
1273,10,5070.393583
1273,10,5070.393583
1274,10,5070.393583
1274,10,5070.393583
1275,10,5070.393583
1275,10,5070.393583
1276,10,5070.393583
1276,10,5070.393583
1277,10,5070.393583
1277,10,5070.393583
1278,10,5070.393583
1278,10,5070.393583
1279,10,5070.393583
1279,10,5070.393583
1280,10,5070.393583
1280,10,5070.393583
1281,10,5070.393583
1281,10,5070.393583
1282,10,5070.393583
1282,10,5070.393583
1283,10,5070.393583
1283,10,5070.393583
1284,10,5070.393583
1284,10,5070.393583
1285,10,5070.393583
1285,10,5070.393583
1286,10,5070.393583
1286,10,5070.393583
1287,10,5070.393583
1287,10,5070.393583
1288,10,5070.393583
1288,10,5070.393583
1289,10,5070.393583
1289,10,5070.393583
1290,10,5070.393583
1290,10,5070.393583
1291,10,5070.393583
1291,10,5070.393583
1292,10,5070.393583
1292,10,5070.393583
1293,10,5070.393583
1293,10,5070.393583
1294,10,5070.393583
1294,10,5070.393583
1295,10,5070.393583
1295,10,5070.393583
1296,10,5070.393583
1296,10,5070.393583
1297,10,5070.393583
1297,10,5070.393583
1298,10,5070.393583
1298,10,5070.393583
1299,10,5070.393583
1299,10,5070.393583
1300,10,5070.393583
1300,10,5070.393583
1301,10,5070.393583
1301,10,5070.393583
1302,10,5070.393583
1302,10,5070.393583
1303,10,5070.393583
1303,10,5070.393583
1304,10,5070.393583
1304,10,5070.393583
1305,10,5070.393583
1305,10,5070.393583
1306,10,5070.393583
1306,10,5070.393583
1307,10,5070.393583
1307,10,5070.393583
1308,10,5070.393583
1308,10,5070.393583
1309,10,5070.393583
1309,10,5070.393583
1310,10,5070.393583
1310,10,5070.393583
1311,10,5070.393583
1311,10,5070.393583
1312,10,5070.393583
1312,10,5070.393583
1313,10,5070.393583
1313,10,5070.393583
1314,10,5070.393583
1314,10,5070.393583
1315,10,5070.393583
1315,10,5070.393583
1316,10,5070.393583
1316,10,5070.393583
1317,10,5070.393583
1317,10,5070.393583
1318,10,5070.393583
1318,10,5070.393583
1319,10,5070.393583
1319,10,5070.393583
1320,10,5070.393583
1320,10,5070.393583
1321,10,5070.393583
1321,10,5070.393583
1322,10,5070.393583
1322,10,5070.393583
1323,10,5070.393583
1323,10,5070.393583
1324,10,5070.393583
1324,10,5070.393583
1325,10,5070.393583
1325,10,5070.393583
1326,10,5070.393583
1326,10,5070.393583
1327,10,5070.393583
1327,10,5070.393583
1328,10,5070.393583
1328,10,5070.393583
1329,10,5070.393583
1329,10,5070.393583
1330,10,5070.393583
1330,10,5070.393583
1331,10,5070.393583
1331,10,5070.393583
1332,10,5070.393583
1332,10,5070.393583
1333,10,5070.393583
1333,10,5070.393583
1334,10,5070.393583
1334,10,5070.393583
1335,10,5070.393583
1335,10,5070.393583
1336,10,5070.393583
1336,10,5070.393583
1337,10,5070.393583
1337,10,5070.393583
1338,10,5070.393583
1338,10,5070.393583
1339,10,5070.393583
1339,10,5070.393583
1340,10,5070.393583
1340,10,5070.393583
1341,10,5070.393583
1341,10,5070.393583
1342,10,5070.393583
1342,10,5070.393583
1343,10,5070.393583
1343,10,5070.393583
1344,10,5070.393583
1344,10,5070.393583
1345,10,5070.393583
1345,10,5070.393583
1346,10,5070.393583
1346,10,5070.393583
1347,10,5070.393583
1347,10,5070.393583
1348,10,5070.393583
1348,10,5070.393583
1349,10,5070.393583
1349,10,5070.393583
1350,10,5070.393583
1350,10,5070.393583
1351,10,5070.393583
1351,10,5070.393583
1352,10,5070.393583
1352,10,5070.393583
1353,10,5070.393583
1353,10,5070.393583
1354,10,5070.393583
1354,10,5070.393583
1355,10,5070.393583
1355,10,5070.393583
1356,10,5070.393583
1356,10,5070.393583
1357,10,5070.393583
1357,10,5070.393583
1358,10,5070.393583
1358,10,5070.393583
1359,10,5070.393583
1359,10,5070.393583
1360,10,5070.393583
1360,10,5070.393583
1361,10,5070.393583
1361,10,5070.393583
1362,10,5070.393583
1362,10,5070.393583
1363,10,5070.393583
1363,10,5070.393583
1364,10,5070.393583
1364,10,5070.393583
1365,10,5070.393583
1365,10,5070.393583
1366,10,5070.393583
1366,10,5070.393583
1367,10,5070.393583
1367,10,5070.393583
1368,10,5070.393583
1368,10,5070.393583
1369,10,5070.393583
1369,10,5070.393583
1370,10,5070.393583
1370,10,5070.393583
1371,10,5070.393583
1371,10,5070.393583
1372,10,5070.393583
1372,10,5070.393583
1373,10,5070.393583
1373,10,5070.393583
1374,10,5070.393583
1374,10,5070.393583
1375,10,5070.393583
1375,10,5070.393583
1376,10,5070.393583
1376,10,5070.393583
1377,10,5070.393583
1377,10,5070.393583
1378,10,5070.393583
1378,10,5070.393583
1379,10,5070.393583
1379,10,5070.393583
1380,10,5070.393583
1380,10,5070.393583
1381,10,5070.393583
1381,10,5070.393583
1382,10,5070.393583
1382,10,5070.393583
1383,10,5070.393583
1383,10,5070.393583
1384,10,5070.393583
1384,10,5070.393583
1385,10,5070.393583
1385,10,5070.393583
1386,10,5070.393583
1386,10,5070.393583
1387,10,5070.393583
1387,10,5070.393583
1388,10,5070.393583
1388,10,5070.393583
1389,10,5070.393583
1389,10,5070.393583
1390,10,5070.393583
1390,10,5070.393583
1391,10,5070.393583
1391,10,5070.393583
1392,10,5070.393583
1392,10,5070.393583
1393,10,5070.393583
1393,10,5070.393583
1394,10,5070.393583
1394,10,5070.393583
1395,10,5070.393583
1395,10,5070.393583
1396,10,5070.393583
1396,10,5070.393583
1397,10,5070.393583
1397,10,5070.393583
1398,10,5070.393583
1398,10,5070.393583
1399,10,5070.393583
1399,10,5070.393583
1400,10,5070.393583
1400,10,5070.393583
1401,10,5070.393583
1401,10,5070.393583
1402,10,5070.393583
1402,10,5070.393583
1403,10,5070.393583
1403,10,5070.393583
1404,10,5070.393583
1404,10,5070.393583
1405,10,5070.393583
1405,10,5070.393583
1406,10,5070.393583
1406,10,5070.393583
1407,10,5070.393583
1407,10,5070.393583
1408,10,5070.393583
1408,10,5070.393583
1409,10,5070.393583
1409,10,5070.393583
1410,10,5070.393583
1410,10,5070.393583
1411,10,5070.393583
1411,10,5070.393583
1412,10,5070.393583
1412,10,5070.393583
1413,10,5070.393583
1413,10,5070.393583
1414,10,5070.393583
1414,10,5070.393583
1415,10,5070.393583
1415,10,5070.393583
1416,10,5070.393583
1416,10,5070.393583
1417,10,5070.393583
1417,10,5070.393583
1418,10,5070.393583
1418,10,5070.393583
1419,10,5070.393583
1419,10,5070.393583
1420,10,5070.393583
1420,10,5070.393583
1421,10,5070.393583
1421,10,5070.393583
1422,10,5070.393583
1422,10,5070.393583
1423,10,5070.393583
1423,10,5070.393583
1424,10,5070.393583
1424,10,5070.393583
1425,10,5070.393583
1425,10,5070.393583
1426,10,5070.393583
1426,10,5070.393583
1427,10,5070.393583
1427,10,5070.393583
1428,10,5070.393583
1428,10,5070.393583
1429,10,5070.393583
1429,10,5070.393583
1430,10,5070.393583
1430,10,5070.393583
1431,10,5070.393583
1431,10,5070.393583
1432,10,5070.393583
1432,10,5070.393583
1433,10,5070.393583
1433,10,5070.393583
1434,10,5070.393583
1434,10,5070.393583
1435,10,5070.393583
1435,10,5070.393583
1436,10,5070.393583
1436,10,5070.393583
1437,10,5070.393583
1437,10,5070.393583
1438,10,5070.393583
1438,10,5070.393583
1439,10,5070.393583
1439,10,5070.393583
1440,10,5070.393583
1440,10,5070.393583
1441,10,5070.393583
1441,10,5070.393583
1442,10,5070.393583
1442,10,5070.393583
1443,10,5070.393583
1443,10,5070.393583
1444,10,5070.393583
1444,10,5070.393583
1445,10,5070.393583
1445,10,5070.393583
1446,10,5070.393583
1446,10,5070.393583
1447,10,5070.393583
1447,10,5070.393583
1448,10,5070.393583
1448,10,5070.393583
1449,10,5070.393583
1449,10,5070.393583
1450,10,5070.393583
1450,10,5070.393583
1451,10,5070.393583
1451,10,5070.393583
1452,10,5070.393583
1452,10,5070.393583
1453,10,5070.393583
1453,10,5070.393583
1454,10,5070.393583
1454,10,5070.393583
1455,10,5070.393583
1455,10,5070.393583
1456,10,5070.393583
1456,10,5070.393583
1457,10,5070.393583
1457,10,5070.393583
1458,10,5070.393583
1458,10,5070.393583
1459,10,5070.393583
1459,10,5070.393583
1460,10,5070.393583
1460,10,5070.393583
1461,10,5070.393583
1461,10,5070.393583
1462,10,5070.393583
1462,10,5070.393583
1463,10,5070.393583
1463,10,5070.393583
1464,10,5070.393583
1464,10,5070.393583
1465,10,5070.393583
1465,10,5070.393583
1466,10,5070.393583
1466,10,5070.393583
1467,10,5070.393583
1467,10,5070.393583
1468,10,5070.393583
1468,10,5070.393583
1469,10,5070.393583
1469,10,5070.393583
1470,10,5070.393583
1470,10,5070.393583
1471,10,5070.393583
1471,10,5070.393583
1472,10,5070.393583
1472,10,5070.393583
1473,10,5070.393583
1473,10,5070.393583
1474,10,5070.393583
1474,10,5070.393583
1475,10,5070.393583
1475,10,5070.393583
1476,10,5070.393583
1476,10,5070.393583
1477,10,5070.393583
1477,10,5070.393583
1478,10,5070.393583
1478,10,5070.393583
1479,10,5070.393583
1479,10,5070.393583
1480,10,5070.393583
1480,10,5070.393583
1481,10,5070.393583
1481,10,5070.393583
1482,10,5070.393583
1482,10,5070.393583
1483,10,5070.393583
1483,10,5070.393583
1484,10,5070.393583
1484,10,5070.393583
1485,10,5070.393583
1485,10,5070.393583
1486,10,5070.393583
1486,10,5070.393583
1487,10,5070.393583
1487,10,5070.393583
1488,10,5070.393583
1488,10,5070.393583
1489,10,5070.393583
1489,10,5070.393583
1490,10,5070.393583
1490,10,5070.393583
1491,10,5070.393583
1491,10,5070.393583
1492,10,5070.393583
1492,10,5070.393583
1493,10,5070.393583
1493,10,5070.393583
1494,10,5070.393583
1494,10,5070.393583
1495,10,5070.393583
1495,10,5070.393583
1496,10,5070.393583
1496,10,5070.393583
1497,10,5070.393583
1497,10,5070.393583
1498,10,5070.393583
1498,10,5070.393583
1499,10,5070.393583
1499,10,5070.393583
1500,10,5070.393583
1500,10,5070.393583
1501,10,5070.393583
1501,10,5070.393583
1502,10,5070.393583
1502,10,5070.393583
1503,10,5070.393583
1503,10,5070.393583
1504,10,5070.393583
1504,10,5070.393583
1505,10,5070.393583
1505,10,5070.393583
1506,10,5070.393583
1506,10,5070.393583
1507,10,5070.393583
1507,10,5070.393583
1508,10,5070.393583
1508,10,5070.393583
1509,10,5070.393583
1509,10,5070.393583
1510,10,5070.393583
1510,10,5070.393583
1511,10,5070.393583
1511,10,5070.393583
1512,10,5070.393583
1512,10,5070.393583
1513,10,5070.393583
1513,10,5070.393583
1514,10,5070.393583
1514,10,5070.393583
1515,10,5070.393583
1515,10,5070.393583
1516,10,5070.393583
1516,10,5070.393583
1517,10,5070.393583
1517,10,5070.393583
1518,10,5070.393583
1518,10,5070.393583
1519,10,5070.393583
1519,10,5070.393583
1520,10,5070.393583
1520,10,5070.393583
1521,10,5070.393583
1521,10,5070.393583
1522,10,5070.393583
1522,10,5070.393583
1523,10,5070.393583
1523,10,5070.393583
1524,10,5070.393583
1524,10,5070.393583
1525,10,5070.393583
1525,10,5070.393583
1526,10,5070.393583
1526,10,5070.393583
1527,10,5070.393583
1527,10,5070.393583
1528,10,5070.393583
1528,10,5070.393583
1529,10,5070.393583
1529,10,5070.393583
1530,10,5070.393583
1530,10,5070.393583
1531,10,5070.393583
1531,10,5070.393583
1532,10,5070.393583
1532,10,5070.393583
1533,10,5070.393583
1533,10,5070.393583
1534,10,5070.393583
1534,10,5070.393583
1535,10,5070.393583
1535,10,5070.393583
1536,10,5070.393583
1536,10,5070.393583
1537,10,5070.393583
1537,10,5070.393583
1538,10,5070.393583
1538,10,5070.393583
1539,10,5070.393583
1539,10,5070.393583
1540,10,5070.393583
1540,10,5070.393583
1541,10,5070.393583
1541,10,5070.393583
1542,10,5070.393583
1542,10,5070.393583
1543,10,5070.393583
1543,10,5070.393583
1544,10,5070.393583
1544,10,5070.393583
1545,10,5070.393583
1545,10,5070.393583
1546,10,5070.393583
1546,10,5070.393583
1547,10,5070.393583
1547,10,5070.393583
1548,10,5070.393583
1548,10,5070.393583
1549,10,5070.393583
1549,10,5070.393583
1550,10,5070.393583
1550,10,5070.393583
1551,10,5070.393583
1551,10,5070.393583
1552,10,5070.393583
1552,10,5070.393583
1553,10,5070.393583
1553,10,5070.393583
1554,10,5070.393583
1554,10,5070.393583
1555,10,5070.393583
1555,10,5070.393583
1556,10,5070.393583
1556,10,5070.393583
1557,10,5070.393583
1557,10,5070.393583
1558,10,5070.393583
1558,10,5070.393583
1559,10,5070.393583
1559,10,5070.393583
1560,10,5070.393583
1560,10,5070.393583
1561,10,5070.393583
1561,10,5070.393583
1562,10,5070.393583
1562,10,5070.393583
1563,10,5070.393583
1563,10,5070.393583
1564,10,5070.393583
1564,10,5070.393583
1565,10,5070.393583
1565,10,5070.393583
1566,10,5070.393583
1566,10,5070.393583
1567,10,5070.393583
1567,10,5070.393583
1568,10,5070.393583
1568,10,5070.393583
1569,10,5070.393583
1569,10,5070.393583
1570,10,5070.393583
1570,10,5070.393583
1571,10,5070.393583
1571,10,5070.393583
1572,10,5070.393583
1572,10,5070.393583
1573,10,5070.393583
1573,10,5070.393583
1574,10,5070.393583
1574,10,5070.393583
1575,10,5070.393583
1575,10,5070.393583
1576,10,5070.393583
1576,10,5070.393583
1577,10,5070.393583
1577,10,5070.393583
1578,10,5070.393583
1578,10,5070.393583
1579,10,5070.393583
1579,10,5070.393583
1580,10,5070.393583
1580,10,5070.393583
1581,10,5070.393583
1581,10,5070.393583
1582,10,5070.393583
1582,10,5070.393583
1583,10,5070.393583
1583,10,5070.393583
1584,10,5070.393583
1584,10,5070.393583
1585,10,5070.393583
1585,10,5070.393583
1586,10,5070.393583
1586,10,5070.393583
1587,10,5070.393583
1587,10,5070.393583
1588,10,5070.393583
1588,10,5070.393583
1589,10,5070.393583
1589,10,5070.393583
1590,10,5070.393583
1590,10,5070.393583
1591,10,5070.393583
1591,10,5070.393583
1592,10,5070.393583
1592,10,5070.393583
1593,10,5070.393583
1593,10,5070.393583
1594,10,5070.393583
1594,10,5070.393583
1595,10,5070.393583
1595,10,5070.393583
1596,10,5070.393583
1596,10,5070.393583
1597,10,5070.393583
1597,10,5070.393583
1598,10,5070.393583
1598,10,5070.393583
1599,10,5070.393583
1599,10,5070.393583
1600,10,5070.393583
1600,10,5070.393583
1601,10,5070.393583
1601,10,5070.393583
1602,10,5070.393583
1602,10,5070.393583
1603,10,5070.393583
1603,10,5070.393583
1604,10,5070.393583
1604,10,5070.393583
1605,10,5070.393583
1605,10,5070.393583
1606,10,5070.393583
1606,10,5070.393583
1607,10,5070.393583
1607,10,5070.393583
1608,10,5070.393583
1608,10,5070.393583
1609,10,5070.393583
1609,10,5070.393583
1610,10,5070.393583
1610,10,5070.393583
1611,10,5070.393583
1611,10,5070.393583
1612,10,5070.393583
1612,10,5070.393583
1613,10,5070.393583
1613,10,5070.393583
1614,10,5070.393583
1614,10,5070.393583
1615,10,5070.393583
1615,10,5070.393583
1616,10,5070.393583
1616,10,5070.393583
1617,10,5070.393583
1617,10,5070.393583
1618,10,5070.393583
1618,10,5070.393583
1619,10,5070.393583
1619,10,5070.393583
1620,10,5070.393583
1620,10,5070.393583
1621,10,5070.393583
1621,10,5070.393583
1622,10,5070.393583
1622,10,5070.393583
1623,10,5070.393583
1623,10,5070.393583
1624,10,5070.393583
1624,10,5070.393583
1625,10,5070.393583
1625,10,5070.393583
1626,10,5070.393583
1626,10,5070.393583
1627,10,5070.393583
1627,10,5070.393583
1628,10,5070.393583
1628,10,5070.393583
1629,10,5070.393583
1629,10,5070.393583
1630,10,5070.393583
1630,10,5070.393583
1631,10,5070.393583
1631,10,5070.393583
1632,10,5070.393583
1632,10,5070.393583
1633,10,5070.393583
1633,10,5070.393583
1634,10,5070.393583
1634,10,5070.393583
1635,10,5070.393583
1635,10,5070.393583
1636,10,5070.393583
1636,10,5070.393583
1637,10,5070.393583
1637,10,5070.393583
1638,10,5070.393583
1638,10,5070.393583
1639,10,5070.393583
1639,10,5070.393583
1640,10,5070.393583
1640,10,5070.393583
1641,10,5070.393583
1641,10,5070.393583
1642,10,5070.393583
1642,10,5070.393583
1643,10,5070.393583
1643,10,5070.393583
1644,10,5070.393583
1644,10,5070.393583
1645,10,5070.393583
1645,10,5070.393583
1646,10,5070.393583
1646,10,5070.393583
1647,10,5070.393583
1647,10,5070.393583
1648,10,5070.393583
1648,10,5070.393583
1649,10,5070.393583
1649,10,5070.393583
1650,10,5070.393583
1650,10,5070.393583
1651,10,5070.393583
1651,10,5070.393583
1652,10,5070.393583
1652,10,5070.393583
1653,10,5070.393583
1653,10,5070.393583
1654,10,5070.393583
1654,10,5070.393583
1655,10,5070.393583
1655,10,5070.393583
1656,10,5070.393583
1656,10,5070.393583
1657,10,5070.393583
1657,10,5070.393583
1658,10,5070.393583
1658,10,5070.393583
1659,10,5070.393583
1659,10,5070.393583
1660,10,5070.393583
1660,10,5070.393583
1661,10,5070.393583
1661,10,5070.393583
1662,10,5070.393583
1662,10,5070.393583
1663,10,5070.393583
1663,10,5070.393583
1664,10,5070.393583
1664,10,5070.393583
1665,10,5070.393583
1665,10,5070.393583
1666,10,5070.393583
1666,10,5070.393583
1667,10,5070.393583
1667,10,5070.393583
1668,10,5070.393583
1668,10,5070.393583
1669,10,5070.393583
1669,10,5070.393583
1670,10,5070.393583
1670,10,5070.393583
1671,10,5070.393583
1671,10,5070.393583
1672,10,5070.393583
1672,10,5070.393583
1673,10,5070.393583
1673,10,5070.393583
1674,10,5070.393583
1674,10,5070.393583
1675,10,5070.393583
1675,10,5070.393583
1676,10,5070.393583
1676,10,5070.393583
1677,10,5070.393583
1677,10,5070.393583
1678,10,5070.393583
1678,10,5070.393583
1679,10,5070.393583
1679,10,5070.393583
1680,10,5070.393583
1680,10,5070.393583
1681,10,5070.393583
1681,10,5070.393583
1682,10,5070.393583
1682,10,5070.393583
1683,10,5070.393583
1683,10,5070.393583
1684,10,5070.393583
1684,10,5070.393583
1685,10,5070.393583
1685,10,5070.393583
1686,10,5070.393583
1686,10,5070.393583
1687,10,5070.393583
1687,10,5070.393583
1688,10,5070.393583
1688,10,5070.393583
1689,10,5070.393583
1689,10,5070.393583
1690,10,5070.393583
1690,10,5070.393583
1691,10,5070.393583
1691,10,5070.393583
1692,10,5070.393583
1692,10,5070.393583
1693,10,5070.393583
1693,10,5070.393583
1694,10,5070.393583
1694,10,5070.393583
1695,10,5070.393583
1695,10,5070.393583
1696,10,5070.393583
1696,10,5070.393583
1697,10,5070.393583
1697,10,5070.393583
1698,10,5070.393583
1698,10,5070.393583
1699,10,5070.393583
1699,10,5070.393583
1700,10,5070.393583
1700,10,5070.393583
1701,10,5070.393583
1701,10,5070.393583
1702,10,5070.393583
1702,10,5070.393583
1703,10,5070.393583
1703,10,5070.393583
1704,10,5070.393583
1704,10,5070.393583
1705,10,5070.393583
1705,10,5070.393583
1706,10,5070.393583
1706,10,5070.393583
1707,10,5070.393583
1707,10,5070.393583
1708,10,5070.393583
1708,10,5070.393583
1709,10,5070.393583
1709,10,5070.393583
1710,10,5070.393583
1710,10,5070.393583
1711,10,5070.393583
1711,10,5070.393583
1712,10,5070.393583
1712,10,5070.393583
1713,10,5070.393583
1713,10,5070.393583
1714,10,5070.393583
1714,10,5070.393583
1715,10,5070.393583
1715,10,5070.393583
1716,10,5070.393583
1716,10,5070.393583
1717,10,5070.393583
1717,10,5070.393583
1718,10,5070.393583
1718,10,5070.393583
1719,10,5070.393583
1719,10,5070.393583
1720,10,5070.393583
1720,10,5070.393583
1721,10,5070.393583
1721,10,5070.393583
1722,10,5070.393583
1722,10,5070.393583
1723,10,5070.393583
1723,10,5070.393583
1724,10,5070.393583
1724,10,5070.393583
1725,10,5070.393583
1725,10,5070.393583
1726,10,5070.393583
1726,10,5070.393583
1727,10,5070.393583
1727,10,5070.393583
1728,10,5070.393583
1728,10,5070.393583
1729,10,5070.393583
1729,10,5070.393583
1730,10,5070.393583
1730,10,5070.393583
1731,10,5070.393583
1731,10,5070.393583
1732,10,5070.393583
1732,10,5070.393583
1733,10,5070.393583
1733,10,5070.393583
1734,10,5070.393583
1734,10,5070.393583
1735,10,5070.393583
1735,10,5070.393583
1736,10,5070.393583
1736,10,5070.393583
1737,10,5070.393583
1737,10,5070.393583
1738,10,5070.393583
1738,10,5070.393583
1739,10,5070.393583
1739,10,5070.393583
1740,10,5070.393583
1740,10,5070.393583
1741,10,5070.393583
1741,10,5070.393583
1742,10,5070.393583
1742,10,5070.393583
1743,10,5070.393583
1743,10,5070.393583
1744,10,5070.393583
1744,10,5070.393583
1745,10,5070.393583
1745,10,5070.393583
1746,10,5070.393583
1746,10,5070.393583
1747,10,5070.393583
1747,10,5070.393583
1748,10,5070.393583
1748,10,5070.393583
1749,10,5070.393583
1749,10,5070.393583
1750,10,5070.393583
1750,10,5070.393583
1751,10,5070.393583
1751,10,5070.393583
1752,10,5070.393583
1752,10,5070.393583
1753,10,5070.393583
1753,10,5070.393583
1754,10,5070.393583
1754,10,5070.393583
1755,10,5070.393583
1755,10,5070.393583
1756,10,5070.393583
1756,10,5070.393583
1757,10,5070.393583
1757,10,5070.393583
1758,10,5070.393583
1758,10,5070.393583
1759,10,5070.393583
1759,10,5070.393583
1760,10,5070.393583
1760,10,5070.393583
1761,10,5070.393583
1761,10,5070.393583
1762,10,5070.393583
1762,10,5070.393583
1763,10,5070.393583
1763,10,5070.393583
1764,10,5070.393583
1764,10,5070.393583
1765,10,5070.393583
1765,10,5070.393583
1766,10,5070.393583
1766,10,5070.393583
1767,10,5070.393583
1767,10,5070.393583
1768,10,5070.393583
1768,10,5070.393583
1769,10,5070.393583
1769,10,5070.393583
1770,10,5070.393583
1770,10,5070.393583
1771,10,5070.393583
1771,10,5070.393583
1772,10,5070.393583
1772,10,5070.393583
1773,10,5070.393583
1773,10,5070.393583
1774,10,5070.393583
1774,10,5070.393583
1775,10,5070.393583
1775,10,5070.393583
1776,10,5070.393583
1776,10,5070.393583
1777,10,5070.393583
1777,10,5070.393583
1778,10,5070.393583
1778,10,5070.393583
1779,10,5070.393583
1779,10,5070.393583
1780,10,5070.393583
1780,10,5070.393583
1781,10,5070.393583
1781,10,5070.393583
1782,10,5070.393583
1782,10,5070.393583
1783,10,5070.393583
1783,10,5070.393583
1784,10,5070.393583
1784,10,5070.393583
1785,10,5070.393583
1785,10,5070.393583
1786,10,5070.393583
1786,10,5070.393583
1787,10,5070.393583
1787,10,5070.393583
1788,10,5070.393583
1788,10,5070.393583
1789,10,5070.393583
1789,10,5070.393583
1790,10,5070.393583
1790,10,5070.393583
1791,10,5070.393583
1791,10,5070.393583
1792,10,5070.393583
1792,10,5070.393583
1793,10,5070.393583
1793,10,5070.393583
1794,10,5070.393583
1794,10,5070.393583
1795,10,5070.393583
1795,10,5070.393583
1796,10,5070.393583
1796,10,5070.393583
1797,10,5070.393583
1797,10,5070.393583
1798,10,5070.393583
1798,10,5070.393583
1799,10,5070.393583
1799,10,5070.393583
1800,10,5070.393583
1800,10,5070.393583
1801,10,5070.393583
1801,10,5070.393583
1802,10,5070.393583
1802,10,5070.393583
1803,10,5070.393583
1803,10,5070.393583
1804,10,5070.393583
1804,10,5070.393583
1805,10,5070.393583
1805,10,5070.393583
1806,10,5070.393583
1806,10,5070.393583
1807,10,5070.393583
1807,10,5070.393583
1808,10,5070.393583
1808,10,5070.393583
1809,10,5070.393583
1809,10,5070.393583
1810,10,5070.393583
1810,10,5070.393583
1811,10,5070.393583
1811,10,5070.393583
1812,10,5070.393583
1812,10,5070.393583
1813,10,5070.393583
1813,10,5070.393583
1814,10,5070.393583
1814,10,5070.393583
1815,10,5070.393583
1815,10,5070.393583
1816,10,5070.393583
1816,10,5070.393583
1817,10,5070.393583
1817,10,5070.393583
1818,10,5070.393583
1818,10,5070.393583
1819,10,5070.393583
1819,10,5070.393583
1820,10,5070.393583
1820,10,5070.393583
1821,10,5070.393583
1821,10,5070.393583
1822,10,5070.393583
1822,10,5070.393583
1823,10,5070.393583
1823,10,5070.393583
1824,10,5070.393583
1824,10,5070.393583
1825,10,5070.393583
1825,10,5070.393583
1826,10,5070.393583
1826,10,5070.393583
1827,10,5070.393583
1827,10,5070.393583
1828,10,5070.393583
1828,10,5070.393583
1829,10,5070.393583
1829,10,5070.393583
1830,10,5070.393583
1830,10,5070.393583
1831,10,5070.393583
1831,10,5070.393583
1832,10,5070.393583
1832,10,5070.393583
1833,10,5070.393583
1833,10,5070.393583
1834,10,5070.393583
1834,10,5070.393583
1835,10,5070.393583
1835,10,5070.393583
1836,10,5070.393583
1836,10,5070.393583
1837,10,5070.393583
1837,10,5070.393583
1838,10,5070.393583
1838,10,5070.393583
1839,10,5070.393583
1839,10,5070.393583
1840,10,5070.393583
1840,10,5070.393583
1841,10,5070.393583
1841,10,5070.393583
1842,10,5070.393583
1842,10,5070.393583
1843,10,5070.393583
1843,10,5070.393583
1844,10,5070.393583
1844,10,5070.393583
1845,10,5070.393583
1845,10,5070.393583
1846,10,5070.393583
1846,10,5070.393583
1847,10,5070.393583
1847,10,5070.393583
1848,10,5070.393583
1848,10,5070.393583
1849,10,5070.393583
1849,10,5070.393583
1850,10,5070.393583
1850,10,5070.393583
1851,10,5070.393583
1851,10,5070.393583
1852,10,5070.393583
1852,10,5070.393583
1853,10,5070.393583
1853,10,5070.393583
1854,10,5070.393583
1854,10,5070.393583
1855,10,5070.393583
1855,10,5070.393583
1856,10,5070.393583
1856,10,5070.393583
1857,10,5070.393583
1857,10,5070.393583
1858,10,5070.393583
1858,10,5070.393583
1859,10,5070.393583
1859,10,5070.393583
1860,10,5070.393583
1860,10,5070.393583
1861,10,5070.393583
1861,10,5070.393583
1862,10,5070.393583
1862,10,5070.393583
1863,10,5070.393583
1863,10,5070.393583
1864,10,5070.393583
1864,10,5070.393583
1865,10,5070.393583
1865,10,5070.393583
1866,10,5070.393583
1866,10,5070.393583
1867,10,5070.393583
1867,10,5070.393583
1868,10,5070.393583
1868,10,5070.393583
1869,10,5070.393583
1869,10,5070.393583
1870,10,5070.393583
1870,10,5070.393583
1871,10,5070.393583
1871,10,5070.393583
1872,10,5070.393583
1872,10,5070.393583
1873,10,5070.393583
1873,10,5070.393583
1874,10,5070.393583
1874,10,5070.393583
1875,10,5070.393583
1875,10,5070.393583
1876,10,5070.393583
1876,10,5070.393583
1877,10,5070.393583
1877,10,5070.393583
1878,10,5070.393583
1878,10,5070.393583
1879,10,5070.393583
1879,10,5070.393583
1880,10,5070.393583
1880,10,5070.393583
1881,10,5070.393583
1881,10,5070.393583
1882,10,5070.393583
1882,10,5070.393583
1883,10,5070.393583
1883,10,5070.393583
1884,10,5070.393583
1884,10,5070.393583
1885,10,5070.393583
1885,10,5070.393583
1886,10,5070.393583
1886,10,5070.393583
1887,10,5070.393583
1887,10,5070.393583
1888,10,5070.393583
1888,10,5070.393583
1889,10,5070.393583
1889,10,5070.393583
1890,10,5070.393583
1890,10,5070.393583
1891,10,5070.393583
1891,10,5070.393583
1892,10,5070.393583
1892,10,5070.393583
1893,10,5070.393583
1893,10,5070.393583
1894,10,5070.393583
1894,10,5070.393583
1895,10,5070.393583
1895,10,5070.393583
1896,10,5070.393583
1896,10,5070.393583
1897,10,5070.393583
1897,10,5070.393583
1898,10,5070.393583
1898,10,5070.393583
1899,10,5070.393583
1899,10,5070.393583
1900,10,5070.393583
1900,10,5070.393583
1901,10,5070.393583
1901,10,5070.393583
1902,10,5070.393583
1902,10,5070.393583
1903,10,5070.393583
1903,10,5070.393583
1904,10,5070.393583
1904,10,5070.393583
1905,10,5070.393583
1905,10,5070.393583
1906,10,5070.393583
1906,10,5070.393583
1907,10,5070.393583
1907,10,5070.393583
1908,10,5070.393583
1908,10,5070.393583
1909,10,5070.393583
1909,10,5070.393583
1910,10,5070.393583
1910,10,5070.393583
1911,10,5070.393583
1911,10,5070.393583
1912,10,5070.393583
1912,10,5070.393583
1913,10,5070.393583
1913,10,5070.393583
1914,10,5070.393583
1914,10,5070.393583
1915,10,5070.393583
1915,10,5070.393583
1916,10,5070.393583
1916,10,5070.393583
1917,10,5070.393583
1917,10,5070.393583
1918,10,5070.393583
1918,10,5070.393583
1919,10,5070.393583
1919,10,5070.393583
1920,10,5070.393583
1920,10,5070.393583
1921,10,5070.393583
1921,10,5070.393583
1922,10,5070.393583
1922,10,5070.393583
1923,10,5070.393583
1923,10,5070.393583
1924,10,5070.393583
1924,10,5070.393583
1925,10,5070.393583
1925,10,5070.393583
1926,10,5070.393583
1926,10,5070.393583
1927,10,5070.393583
1927,10,5070.393583
1928,10,5070.393583
1928,10,5070.393583
1929,10,5070.393583
1929,10,5070.393583
1930,10,5070.393583
1930,10,5070.393583
1931,10,5070.393583
1931,10,5070.393583
1932,10,5070.393583
1932,10,5070.393583
1933,10,5070.393583
1933,10,5070.393583
1934,10,5070.393583
1934,10,5070.393583
1935,10,5070.393583
1935,10,5070.393583
1936,10,5070.393583
1936,10,5070.393583
1937,10,5070.393583
1937,10,5070.393583
1938,10,5070.393583
1938,10,5070.393583
1939,10,5070.393583
1939,10,5070.393583
1940,10,5070.393583
1940,10,5070.393583
1941,10,5070.393583
1941,10,5070.393583
1942,10,5070.393583
1942,10,5070.393583
1943,10,5070.393583
1943,10,5070.393583
1944,10,5070.393583
1944,10,5070.393583
1945,10,5070.393583
1945,10,5070.393583
1946,10,5070.393583
1946,10,5070.393583
1947,10,5070.393583
1947,10,5070.393583
1948,10,5070.393583
1948,10,5070.393583
1949,10,5070.393583
1949,10,5070.393583
1950,10,5070.393583
1950,10,5070.393583
1951,10,5070.393583
1951,10,5070.393583
1952,10,5070.393583
1952,10,5070.393583
1953,10,5070.393583
1953,10,5070.393583
1954,10,5070.393583
1954,10,5070.393583
1955,10,5070.393583
1955,10,5070.393583
1956,10,5070.393583
1956,10,5070.393583
1957,10,5070.393583
1957,10,5070.393583
1958,10,5070.393583
1958,10,5070.393583
1959,10,5070.393583
1959,10,5070.393583
1960,10,5070.393583
1960,10,5070.393583
1961,10,5070.393583
1961,10,5070.393583
1962,10,5070.393583
1962,10,5070.393583
1963,10,5070.393583
1963,10,5070.393583
1964,10,5070.393583
1964,10,5070.393583
1965,10,5070.393583
1965,10,5070.393583
1966,10,5070.393583
1966,10,5070.393583
1967,10,5070.393583
1967,10,5070.393583
1968,10,5070.393583
1968,10,5070.393583
1969,10,5070.393583
1969,10,5070.393583
1970,10,5070.393583
1970,10,5070.393583
1971,10,5070.393583
1971,10,5070.393583
1972,10,5070.393583
1972,10,5070.393583
1973,10,5070.393583
1973,10,5070.393583
1974,10,5070.393583
1974,10,5070.393583
1975,10,5070.393583
1975,10,5070.393583
1976,10,5070.393583
1976,10,5070.393583
1977,10,5070.393583
1977,10,5070.393583
1978,10,5070.393583
1978,10,5070.393583
1979,10,5070.393583
1979,10,5070.393583
1980,10,5070.393583
1980,10,5070.393583
1981,10,5070.393583
1981,10,5070.393583
1982,10,5070.393583
1982,10,5070.393583
1983,10,5070.393583
1983,10,5070.393583
1984,10,5070.393583
1984,10,5070.393583
1985,10,5070.393583
1985,10,5070.393583
1986,10,5070.393583
1986,10,5070.393583
1987,10,5070.393583
1987,10,5070.393583
1988,10,5070.393583
1988,10,5070.393583
1989,10,5070.393583
1989,10,5070.393583
1990,10,5070.393583
1990,10,5070.393583
1991,10,5070.393583
1991,10,5070.393583
1992,10,5070.393583
1992,10,5070.393583
1993,10,5070.393583
1993,10,5070.393583
1994,10,5070.393583
1994,10,5070.393583
1995,10,5070.393583
1995,10,5070.393583
1996,10,5070.393583
1996,10,5070.393583
1997,10,5070.393583
1997,10,5070.393583
1998,10,5070.393583
1998,10,5070.393583
1999,10,5070.393583
1999,10,5070.393583
2000,10,5070.393583
2000,10,5070.393583
2001,10,5070.393583
2001,10,5070.393583
2002,10,5070.393583
2002,10,5070.393583
2003,10,5070.393583
2003,10,5070.393583
2004,10,5070.393583
2004,10,5070.393583
2005,10,5070.393583
2005,10,5070.393583
2006,10,5070.393583
2006,10,5070.393583
2007,10,5070.393583
2007,10,5070.393583
2008,10,5070.393583
2008,10,5070.393583
2009,10,5070.393583
2009,10,5070.393583
2010,10,5070.393583
2010,10,5070.393583
2011,10,5070.393583
2011,10,5070.393583
2012,10,5070.393583
2012,10,5070.393583
2013,10,5070.393583
2013,10,5070.393583
2014,10,5070.393583
2014,10,5070.393583
2015,10,5070.393583
2015,10,5070.393583
2016,10,5070.393583
2016,10,5070.393583
2017,10,5070.393583
2017,10,5070.393583
2018,10,5070.393583
2018,10,5070.393583
2019,10,5070.393583
2019,10,5070.393583
2020,10,5070.393583
2020,10,5070.393583
2021,10,5070.393583
2021,10,5070.393583
2022,10,5070.393583
2022,10,5070.393583
2023,10,5070.393583
2023,10,5070.393583
2024,10,5070.393583
2024,10,5070.393583
2025,10,5070.393583
2025,10,5070.393583
2026,10,5070.393583
2026,10,5070.393583
2027,10,5070.393583
2027,10,5070.393583
2028,10,5070.393583
2028,10,5070.393583
2029,10,5070.393583
2029,10,5070.393583
2030,10,5070.393583
2030,10,5070.393583
2031,10,5070.393583
2031,10,5070.393583
2032,10,5070.393583
2032,10,5070.393583
2033,10,5070.393583
2033,10,5070.393583
2034,10,5070.393583
2034,10,5070.393583
2035,10,5070.393583
2035,10,5070.393583
2036,10,5070.393583
2036,10,5070.393583
2037,10,5070.393583
2037,10,5070.393583
2038,10,5070.393583
2038,10,5070.393583
2039,10,5070.393583
2039,10,5070.393583
2040,10,5070.393583
2040,10,5070.393583
2041,10,5070.393583
2041,10,5070.393583
2042,10,5070.393583
2042,10,5070.393583
2043,10,5070.393583
2043,10,5070.393583
2044,10,5070.393583
2044,10,5070.393583
2045,10,5070.393583
2045,10,5070.393583
2046,10,5070.393583
2046,10,5070.393583
2047,10,5070.393583
2047,10,5070.393583
2048,10,5070.393583
2048,10,5070.393583
2049,10,5070.393583
2049,10,5070.393583
2050,10,5070.393583
2050,10,5070.393583
2051,10,5070.393583
2051,10,5070.393583
2052,10,5070.393583
2052,10,5070.393583
2053,10,5070.393583
2053,10,5070.393583
2054,10,5070.393583
2054,10,5070.393583
2055,10,5070.393583
2055,10,5070.393583
2056,10,5070.393583
2056,10,5070.393583
2057,10,5070.393583
2057,10,5070.393583
2058,10,5070.393583
2058,10,5070.393583
2059,10,5070.393583
2059,10,5070.393583
2060,10,5070.393583
2060,10,5070.393583
2061,10,5070.393583
2061,10,5070.393583
2062,10,5070.393583
2062,10,5070.393583
2063,10,5070.393583
2063,10,5070.393583
2064,10,5070.393583
2064,10,5070.393583
2065,10,5070.393583
2065,10,5070.393583
2066,10,5070.393583
2066,10,5070.393583
2067,10,5070.393583
2067,10,5070.393583
2068,10,5070.393583
2068,10,5070.393583
2069,10,5070.393583
2069,10,5070.393583
2070,10,5070.393583
2070,10,5070.393583
2071,10,5070.393583
2071,10,5070.393583
2072,10,5070.393583
2072,10,5070.393583
2073,10,5070.393583
2073,10,5070.393583
2074,10,5070.393583
2074,10,5070.393583
2075,10,5070.393583
2075,10,5070.393583
2076,10,5070.393583
2076,10,5070.393583
2077,10,5070.393583
2077,10,5070.393583
2078,10,5070.393583
2078,10,5070.393583
2079,10,5070.393583
2079,10,5070.393583
2080,10,5070.393583
2080,10,5070.393583
2081,10,5070.393583
2081,10,5070.393583
2082,10,5070.393583
2082,10,5070.393583
2083,10,5070.393583
2083,10,5070.393583
2084,10,5070.393583
2084,10,5070.393583
2085,10,5070.393583
2085,10,5070.393583
2086,10,5070.393583
2086,10,5070.393583
2087,10,5070.393583
2087,10,5070.393583
2088,10,5070.393583
2088,10,5070.393583
2089,10,5070.393583
2089,10,5070.393583
2090,10,5070.393583
2090,10,5070.393583
2091,10,5070.393583
2091,10,5070.393583
2092,10,5070.393583
2092,10,5070.393583
2093,10,5070.393583
2093,10,5070.393583
2094,10,5070.393583
2094,10,5070.393583
2095,10,5070.393583
2095,10,5070.393583
2096,10,5070.393583
2096,10,5070.393583
2097,10,5070.393583
2097,10,5070.393583
2098,10,5070.393583
2098,10,5070.393583
2099,10,5070.393583
2099,10,5070.393583
2100,10,5070.393583
2100,10,5070.393583
2101,10,5070.393583
2101,10,5070.393583
2102,10,5070.393583
2102,10,5070.393583
2103,10,5070.393583
2103,10,5070.393583
2104,10,5070.393583
2104,10,5070.393583
2105,10,5070.393583
2105,10,5070.393583
2106,10,5070.393583
2106,10,5070.393583
2107,10,5070.393583
2107,10,5070.393583
2108,10,5070.393583
2108,10,5070.393583
2109,10,5070.393583
2109,10,5070.393583
2110,10,5070.393583
2110,10,5070.393583
2111,10,5070.393583
2111,10,5070.393583
2112,10,5070.393583
2112,10,5070.393583
2113,10,5070.393583
2113,10,5070.393583
2114,10,5070.393583
2114,10,5070.393583
2115,10,5070.393583
2115,10,5070.393583
2116,10,5070.393583
2116,10,5070.393583
2117,10,5070.393583
2117,10,5070.393583
2118,10,5070.393583
2118,10,5070.393583
2119,10,5070.393583
2119,10,5070.393583
2120,10,5070.393583
2120,10,5070.393583
2121,10,5070.393583
2121,10,5070.393583
2122,10,5070.393583
2122,10,5070.393583
2123,10,5070.393583
2123,10,5070.393583
2124,10,5070.393583
2124,10,5070.393583
2125,10,5070.393583
2125,10,5070.393583
2126,10,5070.393583
2126,10,5070.393583
2127,10,5070.393583
2127,10,5070.393583
2128,10,5070.393583
2128,10,5070.393583
2129,10,5070.393583
2129,10,5070.393583
2130,10,5070.393583
2130,10,5070.393583
2131,10,5070.393583
2131,10,5070.393583
2132,10,5070.393583
2132,10,5070.393583
2133,10,5070.393583
2133,10,5070.393583
2134,10,5070.393583
2134,10,5070.393583
2135,10,5070.393583
2135,10,5070.393583
2136,10,5070.393583
2136,10,5070.393583
2137,10,5070.393583
2137,10,5070.393583
2138,10,5070.393583
2138,10,5070.393583
2139,10,5070.393583
2139,10,5070.393583
2140,10,5070.393583
2140,10,5070.393583
2141,10,5070.393583
2141,10,5070.393583
2142,10,5070.393583
2142,10,5070.393583
2143,10,5070.393583
2143,10,5070.393583
2144,10,5070.393583
2144,10,5070.393583
2145,10,5070.393583
2145,10,5070.393583
2146,10,5070.393583
2146,10,5070.393583
2147,10,5070.393583
2147,10,5070.393583
2148,10,5070.393583
2148,10,5070.393583
2149,10,5070.393583
2149,10,5070.393583
2150,10,5070.393583
2150,10,5070.393583
2151,10,5070.393583
2151,10,5070.393583
2152,10,5070.393583
2152,10,5070.393583
2153,10,5070.393583
2153,10,5070.393583
2154,10,5070.393583
2154,10,5070.393583
2155,10,5070.393583
2155,10,5070.393583
2156,10,5070.393583
2156,10,5070.393583
2157,10,5070.393583
2157,10,5070.393583
2158,10,5070.393583
2158,10,5070.393583
2159,10,5070.393583
2159,10,5070.393583
2160,10,5070.393583
2160,10,5070.393583
2161,10,5070.393583
2161,10,5070.393583
2162,10,5070.393583
2162,10,5070.393583
2163,10,5070.393583
2163,10,5070.393583
2164,10,5070.393583
2164,10,5070.393583
2165,10,5070.393583
2165,10,5070.393583
2166,10,5070.393583
2166,10,5070.393583
2167,10,5070.393583
2167,10,5070.393583
2168,10,5070.393583
2168,10,5070.393583
2169,10,5070.393583
2169,10,5070.393583
2170,10,5070.393583
2170,10,5070.393583
2171,10,5070.393583
2171,10,5070.393583
2172,10,5070.393583
2172,10,5070.393583
2173,10,5070.393583
2173,10,5070.393583
2174,10,5070.393583
2174,10,5070.393583
2175,10,5070.393583
2175,10,5070.393583
2176,10,5070.393583
2176,10,5070.393583
2177,10,5070.393583
2177,10,5070.393583
2178,10,5070.393583
2178,10,5070.393583
2179,10,5070.393583
2179,10,5070.393583
2180,10,5070.393583
2180,10,5070.393583
2181,10,5070.393583
2181,10,5070.393583
2182,10,5070.393583
2182,10,5070.393583
2183,10,5070.393583
2183,10,5070.393583
2184,10,5070.393583
2184,10,5070.393583
2185,10,5070.393583
2185,10,5070.393583
2186,10,5070.393583
2186,10,5070.393583
2187,10,5070.393583
2187,10,5070.393583
2188,10,5070.393583
2188,10,5070.393583
2189,10,5070.393583
2189,10,5070.393583
2190,10,5070.393583
2190,10,5070.393583
2191,10,5070.393583
2191,10,5070.393583
2192,10,5070.393583
2192,10,5070.393583
2193,10,5070.393583
2193,10,5070.393583
2194,10,5070.393583
2194,10,5070.393583
2195,10,5070.393583
2195,10,5070.393583
2196,10,5070.393583
2196,10,5070.393583
2197,10,5070.393583
2197,10,5070.393583
2198,10,5070.393583
2198,10,5070.393583
2199,10,5070.393583
2199,10,5070.393583
2200,10,5070.393583
2200,10,5070.393583
2201,10,5070.393583
2201,10,5070.393583
2202,10,5070.393583
2202,10,5070.393583
2203,10,5070.393583
2203,10,5070.393583
2204,10,5070.393583
2204,10,5070.393583
2205,10,5070.393583
2205,10,5070.393583
2206,10,5070.393583
2206,10,5070.393583
2207,10,5070.393583
2207,10,5070.393583
2208,10,5070.393583
2208,10,5070.393583
2209,10,5070.393583
2209,10,5070.393583
2210,10,5070.393583
2210,10,5070.393583
2211,10,5070.393583
2211,10,5070.393583
2212,10,5070.393583
2212,10,5070.393583
2213,10,5070.393583
2213,10,5070.393583
2214,10,5070.393583
2214,10,5070.393583
2215,10,5070.393583
2215,10,5070.393583
2216,10,5070.393583
2216,10,5070.393583
2217,10,5070.393583
2217,10,5070.393583
2218,10,5070.393583
2218,10,5070.393583
2219,10,5070.393583
2219,10,5070.393583
2220,10,5070.393583
2220,10,5070.393583
2221,10,5070.393583
2221,10,5070.393583
2222,10,5070.393583
2222,10,5070.393583
2223,10,5070.393583
2223,10,5070.393583
2224,10,5070.393583
2224,10,5070.393583
2225,10,5070.393583
2225,10,5070.393583
2226,10,5070.393583
2226,10,5070.393583
2227,10,5070.393583
2227,10,5070.393583
2228,10,5070.393583
2228,10,5070.393583
2229,10,5070.393583
2229,10,5070.393583
2230,10,5070.393583
2230,10,5070.393583
2231,10,5070.393583
2231,10,5070.393583
2232,10,5070.393583
2232,10,5070.393583
2233,10,5070.393583
2233,10,5070.393583
2234,10,5070.393583
2234,10,5070.393583
2235,10,5070.393583
2235,10,5070.393583
2236,10,5070.393583
2236,10,5070.393583
2237,10,5070.393583
2237,10,5070.393583
2238,10,5070.393583
2238,10,5070.393583
2239,10,5070.393583
2239,10,5070.393583
2240,10,5070.393583
2240,10,5070.393583
2241,10,5070.393583
2241,10,5070.393583
2242,10,5070.393583
2242,10,5070.393583
2243,10,5070.393583
2243,10,5070.393583
2244,10,5070.393583
2244,10,5070.393583
2245,10,5070.393583
2245,10,5070.393583
2246,10,5070.393583
2246,10,5070.393583
2247,10,5070.393583
2247,10,5070.393583
2248,10,5070.393583
2248,10,5070.393583
2249,10,5070.393583
2249,10,5070.393583
2250,10,5070.393583
2250,10,5070.393583
2251,10,5070.393583
2251,10,5070.393583
2252,10,5070.393583
2252,10,5070.393583
2253,10,5070.393583
2253,10,5070.393583
2254,10,5070.393583
2254,10,5070.393583
2255,10,5070.393583
2255,10,5070.393583
2256,10,5070.393583
2256,10,5070.393583
2257,10,5070.393583
2257,10,5070.393583
2258,10,5070.393583
2258,10,5070.393583
2259,10,5070.393583
2259,10,5070.393583
2260,10,5070.393583
2260,10,5070.393583
2261,10,5070.393583
2261,10,5070.393583
2262,10,5070.393583
2262,10,5070.393583
2263,10,5070.393583
2263,10,5070.393583
2264,10,5070.393583
2264,10,5070.393583
2265,10,5070.393583
2265,10,5070.393583
2266,10,5070.393583
2266,10,5070.393583
2267,10,5070.393583
2267,10,5070.393583
2268,10,5070.393583
2268,10,5070.393583
2269,10,5070.393583
2269,10,5070.393583
2270,10,5070.393583
2270,10,5070.393583
2271,10,5070.393583
2271,10,5070.393583
2272,10,5070.393583
2272,10,5070.393583
2273,10,5070.393583
2273,10,5070.393583
2274,10,5070.393583
2274,10,5070.393583
2275,10,5070.393583
2275,10,5070.393583
2276,10,5070.393583
2276,10,5070.393583
2277,10,5070.393583
2277,10,5070.393583
2278,10,5070.393583
2278,10,5070.393583
2279,10,5070.393583
2279,10,5070.393583
2280,10,5070.393583
2280,10,5070.393583
2281,10,5070.393583
2281,10,5070.393583
2282,10,5070.393583
2282,10,5070.393583
2283,10,5070.393583
2283,10,5070.393583
2284,10,5070.393583
2284,10,5070.393583
2285,10,5070.393583
2285,10,5070.393583
2286,10,5070.393583
2286,10,5070.393583
2287,10,5070.393583
2287,10,5070.393583
2288,10,5070.393583
2288,10,5070.393583
2289,10,5070.393583
2289,10,5070.393583
2290,10,5070.393583
2290,10,5070.393583
2291,10,5070.393583
2291,10,5070.393583
2292,10,5070.393583
2292,10,5070.393583
2293,10,5070.393583
2293,10,5070.393583
2294,10,5070.393583
2294,10,5070.393583
2295,10,5070.393583
2295,10,5070.393583
2296,10,5070.393583
2296,10,5070.393583
2297,10,5070.393583
2297,10,5070.393583
2298,10,5070.393583
2298,10,5070.393583
2299,10,5070.393583
2299,10,5070.393583
2300,10,5070.393583
2300,10,5070.393583
2301,10,5070.393583
2301,10,5070.393583
2302,10,5070.393583
2302,10,5070.393583
2303,10,5070.393583
2303,10,5070.393583
2304,10,5070.393583
2304,10,5070.393583
2305,10,5070.393583
2305,10,5070.393583
2306,10,5070.393583
2306,10,5070.393583
2307,10,5070.393583
2307,10,5070.393583
2308,10,5070.393583
2308,10,5070.393583
2309,10,5070.393583
2309,10,5070.393583
2310,10,5070.393583
2310,10,5070.393583
2311,10,5070.393583
2311,10,5070.393583
2312,10,5070.393583
2312,10,5070.393583
2313,10,5070.393583
2313,10,5070.393583
2314,10,5070.393583
2314,10,5070.393583
2315,10,5070.393583
2315,10,5070.393583
2316,10,5070.393583
2316,10,5070.393583
2317,10,5070.393583
2317,10,5070.393583
2318,10,5070.393583
2318,10,5070.393583
2319,10,5070.393583
2319,10,5070.393583
2320,10,5070.393583
2320,10,5070.393583
2321,10,5070.393583
2321,10,5070.393583
2322,10,5070.393583
2322,10,5070.393583
2323,10,5070.393583
2323,10,5070.393583
2324,10,5070.393583
2324,10,5070.393583
2325,10,5070.393583
2325,10,5070.393583
2326,10,5070.393583
2326,10,5070.393583
2327,10,5070.393583
2327,10,5070.393583
2328,10,5070.393583
2328,10,5070.393583
2329,10,5070.393583
2329,10,5070.393583
2330,10,5070.393583
2330,10,5070.393583
2331,10,5070.393583
2331,10,5070.393583
2332,10,5070.393583
2332,10,5070.393583
2333,10,5070.393583
2333,10,5070.393583
2334,10,5070.393583
2334,10,5070.393583
2335,10,5070.393583
2335,10,5070.393583
2336,10,5070.393583
2336,10,5070.393583
2337,10,5070.393583
2337,10,5070.393583
2338,10,5070.393583
2338,10,5070.393583
2339,10,5070.393583
2339,10,5070.393583
2340,10,5070.393583
2340,10,5070.393583
2341,10,5070.393583
2341,10,5070.393583
2342,10,5070.393583
2342,10,5070.393583
2343,10,5070.393583
2343,10,5070.393583
2344,10,5070.393583
2344,10,5070.393583
2345,10,5070.393583
2345,10,5070.393583
2346,10,5070.393583
2346,10,5070.393583
2347,10,5070.393583
2347,10,5070.393583
2348,10,5070.393583
2348,10,5070.393583
2349,10,5070.393583
2349,10,5070.393583
2350,10,5070.393583
2350,10,5070.393583
2351,10,5070.393583
2351,10,5070.393583
2352,10,5070.393583
2352,10,5070.393583
2353,10,5070.393583
2353,10,5070.393583
2354,10,5070.393583
2354,10,5070.393583
2355,10,5070.393583
2355,10,5070.393583
2356,10,5070.393583
2356,10,5070.393583
2357,10,5070.393583
2357,10,5070.393583
2358,10,5070.393583
2358,10,5070.393583
2359,10,5070.393583
2359,10,5070.393583
2360,10,5070.393583
2360,10,5070.393583
2361,10,5070.393583
2361,10,5070.393583
2362,10,5070.393583
2362,10,5070.393583
2363,10,5070.393583
2363,10,5070.393583
2364,10,5070.393583
2364,10,5070.393583
2365,10,5070.393583
2365,10,5070.393583
2366,10,5070.393583
2366,10,5070.393583
2367,10,5070.393583
2367,10,5070.393583
2368,10,5070.393583
2368,10,5070.393583
2369,10,5070.393583
2369,10,5070.393583
2370,10,5070.393583
2370,10,5070.393583
2371,10,5070.393583
2371,10,5070.393583
2372,10,5070.393583
2372,10,5070.393583
2373,10,5070.393583
2373,10,5070.393583
2374,10,5070.393583
2374,10,5070.393583
2375,10,5070.393583
2375,10,5070.393583
2376,10,5070.393583
2376,10,5070.393583
2377,10,5070.393583
2377,10,5070.393583
2378,10,5070.393583
2378,10,5070.393583
2379,10,5070.393583
2379,10,5070.393583
2380,10,5070.393583
2380,10,5070.393583
2381,10,5070.393583
2381,10,5070.393583
2382,10,5070.393583
2382,10,5070.393583
2383,10,5070.393583
2383,10,5070.393583
2384,10,5070.393583
2384,10,5070.393583
2385,10,5070.393583
2385,10,5070.393583
2386,10,5070.393583
2386,10,5070.393583
2387,10,5070.393583
2387,10,5070.393583
2388,10,5070.393583
2388,10,5070.393583
2389,10,5070.393583
2389,10,5070.393583
2390,10,5070.393583
2390,10,5070.393583
2391,10,5070.393583
2391,10,5070.393583
2392,10,5070.393583
2392,10,5070.393583
2393,10,5070.393583
2393,10,5070.393583
2394,10,5070.393583
2394,10,5070.393583
2395,10,5070.393583
2395,10,5070.393583
2396,10,5070.393583
2396,10,5070.393583
2397,10,5070.393583
2397,10,5070.393583
2398,10,5070.393583
2398,10,5070.393583
2399,10,5070.393583
2399,10,5070.393583
2400,10,5070.393583
2400,10,5070.393583
2401,10,5070.393583
2401,10,5070.393583
2402,10,5070.393583
2402,10,5070.393583
2403,10,5070.393583
2403,10,5070.393583
2404,10,5070.393583
2404,10,5070.393583
2405,10,5070.393583
2405,10,5070.393583
2406,10,5070.393583
2406,10,5070.393583
2407,10,5070.393583
2407,10,5070.393583
2408,10,5070.393583
2408,10,5070.393583
2409,10,5070.393583
2409,10,5070.393583
2410,10,5070.393583
2410,10,5070.393583
2411,10,5070.393583
2411,10,5070.393583
2412,10,5070.393583
2412,10,5070.393583
2413,10,5070.393583
2413,10,5070.393583
2414,10,5070.393583
2414,10,5070.393583
2415,10,5070.393583
2415,10,5070.393583
2416,10,5070.393583
2416,10,5070.393583
2417,10,5070.393583
2417,10,5070.393583
2418,10,5070.393583
2418,10,5070.393583
2419,10,5070.393583
2419,10,5070.393583
2420,10,5070.393583
2420,10,5070.393583
2421,10,5070.393583
2421,10,5070.393583
2422,10,5070.393583
2422,10,5070.393583
2423,10,5070.393583
2423,10,5070.393583
2424,10,5070.393583
2424,10,5070.393583
2425,10,5070.393583
2425,10,5070.393583
2426,10,5070.393583
2426,10,5070.393583
2427,10,5070.393583
2427,10,5070.393583
2428,10,5070.393583
2428,10,5070.393583
2429,10,5070.393583
2429,10,5070.393583
2430,10,5070.393583
2430,10,5070.393583
2431,10,5070.393583
2431,10,5070.393583
2432,10,5070.393583
2432,10,5070.393583
2433,10,5070.393583
2433,10,5070.393583
2434,10,5070.393583
2434,10,5070.393583
2435,10,5070.393583
2435,10,5070.393583
2436,10,5070.393583
2436,10,5070.393583
2437,10,5070.393583
2437,10,5070.393583
2438,10,5070.393583
2438,10,5070.393583
2439,10,5070.393583
2439,10,5070.393583
2440,10,5070.393583
2440,10,5070.393583
2441,10,5070.393583
2441,10,5070.393583
2442,10,5070.393583
2442,10,5070.393583
2443,10,5070.393583
2443,10,5070.393583
2444,10,5070.393583
2444,10,5070.393583
2445,10,5070.393583
2445,10,5070.393583
2446,10,5070.393583
2446,10,5070.393583
2447,10,5070.393583
2447,10,5070.393583
2448,10,5070.393583
2448,10,5070.393583
2449,10,5070.393583
2449,10,5070.393583
2450,10,5070.393583
2450,10,5070.393583
2451,10,5070.393583
2451,10,5070.393583
2452,10,5070.393583
2452,10,5070.393583
2453,10,5070.393583
2453,10,5070.393583
2454,10,5070.393583
2454,10,5070.393583
2455,10,5070.393583
2455,10,5070.393583
2456,10,5070.393583
2456,10,5070.393583
2457,10,5070.393583
2457,10,5070.393583
2458,10,5070.393583
2458,10,5070.393583
2459,10,5070.393583
2459,10,5070.393583
2460,10,5070.393583
2460,10,5070.393583
2461,10,5070.393583
2461,10,5070.393583
2462,10,5070.393583
2462,10,5070.393583
2463,10,5070.393583
2463,10,5070.393583
2464,10,5070.393583
2464,10,5070.393583
2465,10,5070.393583
2465,10,5070.393583
2466,10,5070.393583
2466,10,5070.393583
2467,10,5070.393583
2467,10,5070.393583
2468,10,5070.393583
2468,10,5070.393583
2469,10,5070.393583
2469,10,5070.393583
2470,10,5070.393583
2470,10,5070.393583
2471,10,5070.393583
2471,10,5070.393583
2472,10,5070.393583
2472,10,5070.393583
2473,10,5070.393583
2473,10,5070.393583
2474,10,5070.393583
2474,10,5070.393583
2475,10,5070.393583
2475,10,5070.393583
2476,10,5070.393583
2476,10,5070.393583
2477,10,5070.393583
2477,10,5070.393583
2478,10,5070.393583
2478,10,5070.393583
2479,10,5070.393583
2479,10,5070.393583
2480,10,5070.393583
2480,10,5070.393583
2481,10,5070.393583
2481,10,5070.393583
2482,10,5070.393583
2482,10,5070.393583
2483,10,5070.393583
2483,10,5070.393583
2484,10,5070.393583
2484,10,5070.393583
2485,10,5070.393583
2485,10,5070.393583
2486,10,5070.393583
2486,10,5070.393583
2487,10,5070.393583
2487,10,5070.393583
2488,10,5070.393583
2488,10,5070.393583
2489,10,5070.393583
2489,10,5070.393583
2490,10,5070.393583
2490,10,5070.393583
2491,10,5070.393583
2491,10,5070.393583
2492,10,5070.393583
2492,10,5070.393583
2493,10,5070.393583
2493,10,5070.393583
2494,10,5070.393583
2494,10,5070.393583
2495,10,5070.393583
2495,10,5070.393583
2496,10,5070.393583
2496,10,5070.393583
2497,10,5070.393583
2497,10,5070.393583
2498,10,5070.393583
2498,10,5070.393583
2499,10,5070.393583
2499,10,5070.393583
2500,10,5070.393583
2500,10,5070.393583
2501,10,5070.393583
2501,10,5070.393583
2502,10,5070.393583
2502,10,5070.393583
2503,10,5070.393583
2503,10,5070.393583
2504,10,5070.393583
2504,10,5070.393583
2505,10,5070.393583
2505,10,5070.393583
2506,10,5070.393583
2506,10,5070.393583
2507,10,5070.393583
2507,10,5070.393583
2508,10,5070.393583
2508,10,5070.393583
2509,10,5070.393583
2509,10,5070.393583
2510,10,5070.393583
2510,10,5070.393583
2511,10,5070.393583
2511,10,5070.393583
2512,10,5070.393583
2512,10,5070.393583
2513,10,5070.393583
2513,10,5070.393583
2514,10,5070.393583
2514,10,5070.393583
2515,10,5070.393583
2515,10,5070.393583
2516,10,5070.393583
2516,10,5070.393583
2517,10,5070.393583
2517,10,5070.393583
2518,10,5070.393583
2518,10,5070.393583
2519,10,5070.393583
2519,10,5070.393583
2520,10,5070.393583
2520,10,5070.393583
2521,10,5070.393583
2521,10,5070.393583
2522,10,5070.393583
2522,10,5070.393583
2523,10,5070.393583
2523,10,5070.393583
2524,10,5070.393583
2524,10,5070.393583
2525,10,5070.393583
2525,10,5070.393583
2526,10,5070.393583
2526,10,5070.393583
2527,10,5070.393583
2527,10,5070.393583
2528,10,5070.393583
2528,10,5070.393583
2529,10,5070.393583
2529,10,5070.393583
2530,10,5070.393583
2530,10,5070.393583
2531,10,5070.393583
2531,10,5070.393583
2532,10,5070.393583
2532,10,5070.393583
2533,10,5070.393583
2533,10,5070.393583
2534,10,5070.393583
2534,10,5070.393583
2535,10,5070.393583
2535,10,5070.393583
2536,10,5070.393583
2536,10,5070.393583
2537,10,5070.393583
2537,10,5070.393583
2538,10,5070.393583
2538,10,5070.393583
2539,10,5070.393583
2539,10,5070.393583
2540,10,5070.393583
2540,10,5070.393583
2541,10,5070.393583
2541,10,5070.393583
2542,10,5070.393583
2542,10,5070.393583
2543,10,5070.393583
2543,10,5070.393583
2544,10,5070.393583
2544,10,5070.393583
2545,10,5070.393583
2545,10,5070.393583
2546,10,5070.393583
2546,10,5070.393583
2547,10,5070.393583
2547,10,5070.393583
2548,10,5070.393583
2548,10,5070.393583
2549,10,5070.393583
2549,10,5070.393583
2550,10,5070.393583
2550,10,5070.393583
2551,10,5070.393583
2551,10,5070.393583
2552,10,5070.393583
2552,10,5070.393583
2553,10,5070.393583
2553,10,5070.393583
2554,10,5070.393583
2554,10,5070.393583
2555,10,5070.393583
2555,10,5070.393583
2556,10,5070.393583
2556,10,5070.393583
2557,10,5070.393583
2557,10,5070.393583
2558,10,5070.393583
2558,10,5070.393583
2559,10,5070.393583
2559,10,5070.393583
2560,10,5070.393583
2560,10,5070.393583
2561,10,5070.393583
2561,10,5070.393583
2562,10,5070.393583
2562,10,5070.393583
2563,10,5070.393583
2563,10,5070.393583
2564,10,5070.393583
2564,10,5070.393583
2565,10,5070.393583
2565,10,5070.393583
2566,10,5070.393583
2566,10,5070.393583
2567,10,5070.393583
2567,10,5070.393583
2568,10,5070.393583
2568,10,5070.393583
2569,10,5070.393583
2569,10,5070.393583
2570,10,5070.393583
2570,10,5070.393583
2571,10,5070.393583
2571,10,5070.393583
2572,10,5070.393583
2572,10,5070.393583
2573,10,5070.393583
2573,10,5070.393583
2574,10,5070.393583
2574,10,5070.393583
2575,10,5070.393583
2575,10,5070.393583
2576,10,5070.393583
2576,10,5070.393583
2577,10,5070.393583
2577,10,5070.393583
2578,10,5070.393583
2578,10,5070.393583
2579,10,5070.393583
2579,10,5070.393583
2580,10,5070.393583
2580,10,5070.393583
2581,10,5070.393583
2581,10,5070.393583
2582,10,5070.393583
2582,10,5070.393583
2583,10,5070.393583
2583,10,5070.393583
2584,10,5070.393583
2584,10,5070.393583
2585,10,5070.393583
2585,10,5070.393583
2586,10,5070.393583
2586,10,5070.393583
2587,10,5070.393583
2587,10,5070.393583
2588,10,5070.393583
2588,10,5070.393583
2589,10,5070.393583
2589,10,5070.393583
2590,10,5070.393583
2590,10,5070.393583
2591,10,5070.393583
2591,10,5070.393583
2592,10,5070.393583
2592,10,5070.393583
2593,10,5070.393583
2593,10,5070.393583
2594,10,5070.393583
2594,10,5070.393583
2595,10,5070.393583
2595,10,5070.393583
2596,10,5070.393583
2596,10,5070.393583
2597,10,5070.393583
2597,10,5070.393583
2598,10,5070.393583
2598,10,5070.393583
2599,10,5070.393583
2599,10,5070.393583
2600,10,5070.393583
2600,10,5070.393583
2601,10,5070.393583
2601,10,5070.393583
2602,10,5070.393583
2602,10,5070.393583
2603,10,5070.393583
2603,10,5070.393583
2604,10,5070.393583
2604,10,5070.393583
2605,10,5070.393583
2605,10,5070.393583
2606,10,5070.393583
2606,10,5070.393583
2607,10,5070.393583
2607,10,5070.393583
2608,10,5070.393583
2608,10,5070.393583
2609,10,5070.393583
2609,10,5070.393583
2610,10,5070.393583
2610,10,5070.393583
2611,10,5070.393583
2611,10,5070.393583
2612,10,5070.393583
2612,10,5070.393583
2613,10,5070.393583
2613,10,5070.393583
2614,10,5070.393583
2614,10,5070.393583
2615,10,5070.393583
2615,10,5070.393583
2616,10,5070.393583
2616,10,5070.393583
2617,10,5070.393583
2617,10,5070.393583
2618,10,5070.393583
2618,10,5070.393583
2619,10,5070.393583
2619,10,5070.393583
2620,10,5070.393583
2620,10,5070.393583
2621,10,5070.393583
2621,10,5070.393583
2622,10,5070.393583
2622,10,5070.393583
2623,10,5070.393583
2623,10,5070.393583
2624,10,5070.393583
2624,10,5070.393583
2625,10,5070.393583
2625,10,5070.393583
2626,10,5070.393583
2626,10,5070.393583
2627,10,5070.393583
2627,10,5070.393583
2628,10,5070.393583
2628,10,5070.393583
2629,10,5070.393583
2629,10,5070.393583
2630,10,5070.393583
2630,10,5070.393583
2631,10,5070.393583
2631,10,5070.393583
2632,10,5070.393583
2632,10,5070.393583
2633,10,5070.393583
2633,10,5070.393583
2634,10,5070.393583
2634,10,5070.393583
2635,10,5070.393583
2635,10,5070.393583
2636,10,5070.393583
2636,10,5070.393583
2637,10,5070.393583
2637,10,5070.393583
2638,10,5070.393583
2638,10,5070.393583
2639,10,5070.393583
2639,10,5070.393583
2640,10,5070.393583
2640,10,5070.393583
2641,10,5070.393583
2641,10,5070.393583
2642,10,5070.393583
2642,10,5070.393583
2643,10,5070.393583
2643,10,5070.393583
2644,10,5070.393583
2644,10,5070.393583
2645,10,5070.393583
2645,10,5070.393583
2646,10,5070.393583
2646,10,5070.393583
2647,10,5070.393583
2647,10,5070.393583
2648,10,5070.393583
2648,10,5070.393583
2649,10,5070.393583
2649,10,5070.393583
2650,10,5070.393583
2650,10,5070.393583
2651,10,5070.393583
2651,10,5070.393583
2652,10,5070.393583
2652,10,5070.393583
2653,10,5070.393583
2653,10,5070.393583
2654,10,5070.393583
2654,10,5070.393583
2655,10,5070.393583
2655,10,5070.393583
2656,10,5070.393583
2656,10,5070.393583
2657,10,5070.393583
2657,10,5070.393583
2658,10,5070.393583
2658,10,5070.393583
2659,10,5070.393583
2659,10,5070.393583
2660,10,5070.393583
2660,10,5070.393583
2661,10,5070.393583
2661,10,5070.393583
2662,10,5070.393583
2662,10,5070.393583
2663,10,5070.393583
2663,10,5070.393583
2664,10,5070.393583
2664,10,5070.393583
2665,10,5070.393583
2665,10,5070.393583
2666,10,5070.393583
2666,10,5070.393583
2667,10,5070.393583
2667,10,5070.393583
2668,10,5070.393583
2668,10,5070.393583
2669,10,5070.393583
2669,10,5070.393583
2670,10,5070.393583
2670,10,5070.393583
2671,10,5070.393583
2671,10,5070.393583
2672,10,5070.393583
2672,10,5070.393583
2673,10,5070.393583
2673,10,5070.393583
2674,10,5070.393583
2674,10,5070.393583
2675,10,5070.393583
2675,10,5070.393583
2676,10,5070.393583
2676,10,5070.393583
2677,10,5070.393583
2677,10,5070.393583
2678,10,5070.393583
2678,10,5070.393583
2679,10,5070.393583
2679,10,5070.393583
2680,10,5070.393583
2680,10,5070.393583
2681,10,5070.393583
2681,10,5070.393583
2682,10,5070.393583
2682,10,5070.393583
2683,10,5070.393583
2683,10,5070.393583
2684,10,5070.393583
2684,10,5070.393583
2685,10,5070.393583
2685,10,5070.393583
2686,10,5070.393583
2686,10,5070.393583
2687,10,5070.393583
2687,10,5070.393583
2688,10,5070.393583
2688,10,5070.393583
2689,10,5070.393583
2689,10,5070.393583
2690,10,5070.393583
2690,10,5070.393583
2691,10,5070.393583
2691,10,5070.393583
2692,10,5070.393583
2692,10,5070.393583
2693,10,5070.393583
2693,10,5070.393583
2694,10,5070.393583
2694,10,5070.393583
2695,10,5070.393583
2695,10,5070.393583
2696,10,5070.393583
2696,10,5070.393583
2697,10,5070.393583
2697,10,5070.393583
2698,10,5070.393583
2698,10,5070.393583
2699,10,5070.393583
2699,10,5070.393583
2700,10,5070.393583
2700,10,5070.393583
2701,10,5070.393583
2701,10,5070.393583
2702,10,5070.393583
2702,10,5070.393583
2703,10,5070.393583
2703,10,5070.393583
2704,10,5070.393583
2704,10,5070.393583
2705,10,5070.393583
2705,10,5070.393583
2706,10,5070.393583
2706,10,5070.393583
2707,10,5070.393583
2707,10,5070.393583
2708,10,5070.393583
2708,10,5070.393583
2709,10,5070.393583
2709,10,5070.393583
2710,10,5070.393583
2710,10,5070.393583
2711,10,5070.393583
2711,10,5070.393583
2712,10,5070.393583
2712,10,5070.393583
2713,10,5070.393583
2713,10,5070.393583
2714,10,5070.393583
2714,10,5070.393583
2715,10,5070.393583
2715,10,5070.393583
2716,10,5070.393583
2716,10,5070.393583
2717,10,5070.393583
2717,10,5070.393583
2718,10,5070.393583
2718,10,5070.393583
2719,10,5070.393583
2719,10,5070.393583
2720,10,5070.393583
2720,10,5070.393583
2721,10,5070.393583
2721,10,5070.393583
2722,10,5070.393583
2722,10,5070.393583
2723,10,5070.393583
2723,10,5070.393583
2724,10,5070.393583
2724,10,5070.393583
2725,10,5070.393583
2725,10,5070.393583
2726,10,5070.393583
2726,10,5070.393583
2727,10,5070.393583
2727,10,5070.393583
2728,10,5070.393583
2728,10,5070.393583
2729,10,5070.393583
2729,10,5070.393583
2730,10,5070.393583
2730,10,5070.393583
2731,10,5070.393583
2731,10,5070.393583
2732,10,5070.393583
2732,10,5070.393583
2733,10,5070.393583
2733,10,5070.393583
2734,10,5070.393583
2734,10,5070.393583
2735,10,5070.393583
2735,10,5070.393583
2736,10,5070.393583
2736,10,5070.393583
2737,10,5070.393583
2737,10,5070.393583
2738,10,5070.393583
2738,10,5070.393583
2739,10,5070.393583
2739,10,5070.393583
2740,10,5070.393583
2740,10,5070.393583
2741,10,5070.393583
2741,10,5070.393583
2742,10,5070.393583
2742,10,5070.393583
2743,10,5070.393583
2743,10,5070.393583
2744,10,5070.393583
2744,10,5070.393583
2745,10,5070.393583
2745,10,5070.393583
2746,10,5070.393583
2746,10,5070.393583
2747,10,5070.393583
2747,10,5070.393583
2748,10,5070.393583
2748,10,5070.393583
2749,10,5070.393583
2749,10,5070.393583
2750,10,5070.393583
2750,10,5070.393583
2751,10,5070.393583
2751,10,5070.393583
2752,10,5070.393583
2752,10,5070.393583
2753,10,5070.393583
2753,10,5070.393583
2754,10,5070.393583
2754,10,5070.393583
2755,10,5070.393583
2755,10,5070.393583
2756,10,5070.393583
2756,10,5070.393583
2757,10,5070.393583
2757,10,5070.393583
2758,10,5070.393583
2758,10,5070.393583
2759,10,5070.393583
2759,10,5070.393583
2760,10,5070.393583
2760,10,5070.393583
2761,10,5070.393583
2761,10,5070.393583
2762,10,5070.393583
2762,10,5070.393583
2763,10,5070.393583
2763,10,5070.393583
2764,10,5070.393583
2764,10,5070.393583
2765,10,5070.393583
2765,10,5070.393583
2766,10,5070.393583
2766,10,5070.393583
2767,10,5070.393583
2767,10,5070.393583
2768,10,5070.393583
2768,10,5070.393583
2769,10,5070.393583
2769,10,5070.393583
2770,10,5070.393583
2770,10,5070.393583
2771,10,5070.393583
2771,10,5070.393583
2772,10,5070.393583
2772,10,5070.393583
2773,10,5070.393583
2773,10,5070.393583
2774,10,5070.393583
2774,10,5070.393583
2775,10,5070.393583
2775,10,5070.393583
2776,10,5070.393583
2776,10,5070.393583
2777,10,5070.393583
2777,10,5070.393583
2778,10,5070.393583
2778,10,5070.393583
2779,10,5070.393583
2779,10,5070.393583
2780,10,5070.393583
2780,10,5070.393583
2781,10,5070.393583
2781,10,5070.393583
2782,10,5070.393583
2782,10,5070.393583
2783,10,5070.393583
2783,10,5070.393583
2784,10,5070.393583
2784,10,5070.393583
2785,10,5070.393583
2785,10,5070.393583
2786,10,5070.393583
2786,10,5070.393583
2787,10,5070.393583
2787,10,5070.393583
2788,10,5070.393583
2788,10,5070.393583
2789,10,5070.393583
2789,10,5070.393583
2790,10,5070.393583
2790,10,5070.393583
2791,10,5070.393583
2791,10,5070.393583
2792,10,5070.393583
2792,10,5070.393583
2793,10,5070.393583
2793,10,5070.393583
2794,10,5070.393583
2794,10,5070.393583
2795,10,5070.393583
2795,10,5070.393583
2796,10,5070.393583
2796,10,5070.393583
2797,10,5070.393583
2797,10,5070.393583
2798,10,5070.393583
2798,10,5070.393583
2799,10,5070.393583
2799,10,5070.393583
2800,10,5070.393583
2800,10,5070.393583
2801,10,5070.393583
2801,10,5070.393583
2802,10,5070.393583
2802,10,5070.393583
2803,10,5070.393583
2803,10,5070.393583
2804,10,5070.393583
2804,10,5070.393583
2805,10,5070.393583
2805,10,5070.393583
2806,10,5070.393583
2806,10,5070.393583
2807,10,5070.393583
2807,10,5070.393583
2808,10,5070.393583
2808,10,5070.393583
2809,10,5070.393583
2809,10,5070.393583
2810,10,5070.393583
2810,10,5070.393583
2811,10,5070.393583
2811,10,5070.393583
2812,10,5070.393583
2812,10,5070.393583
2813,10,5070.393583
2813,10,5070.393583
2814,10,5070.393583
2814,10,5070.393583
2815,10,5070.393583
2815,10,5070.393583
2816,10,5070.393583
2816,10,5070.393583
2817,10,5070.393583
2817,10,5070.393583
2818,10,5070.393583
2818,10,5070.393583
2819,10,5070.393583
2819,10,5070.393583
2820,10,5070.393583
2820,10,5070.393583
2821,10,5070.393583
2821,10,5070.393583
2822,10,5070.393583
2822,10,5070.393583
2823,10,5070.393583
2823,10,5070.393583
2824,10,5070.393583
2824,10,5070.393583
2825,10,5070.393583
2825,10,5070.393583
2826,10,5070.393583
2826,10,5070.393583
2827,10,5070.393583
2827,10,5070.393583
2828,10,5070.393583
2828,10,5070.393583
2829,10,5070.393583
2829,10,5070.393583
2830,10,5070.393583
2830,10,5070.393583
2831,10,5070.393583
2831,10,5070.393583
2832,10,5070.393583
2832,10,5070.393583
2833,10,5070.393583
2833,10,5070.393583
2834,10,5070.393583
2834,10,5070.393583
2835,10,5070.393583
2835,10,5070.393583
2836,10,5070.393583
2836,10,5070.393583
2837,10,5070.393583
2837,10,5070.393583
2838,10,5070.393583
2838,10,5070.393583
2839,10,5070.393583
2839,10,5070.393583
2840,10,5070.393583
2840,10,5070.393583
2841,10,5070.393583
2841,10,5070.393583
2842,10,5070.393583
2842,10,5070.393583
2843,10,5070.393583
2843,10,5070.393583
2844,10,5070.393583
2844,10,5070.393583
2845,10,5070.393583
2845,10,5070.393583
2846,10,5070.393583
2846,10,5070.393583
2847,10,5070.393583
2847,10,5070.393583
2848,10,5070.393583
2848,10,5070.393583
2849,10,5070.393583
2849,10,5070.393583
2850,10,5070.393583
2850,10,5070.393583
2851,10,5070.393583
2851,10,5070.393583
2852,10,5070.393583
2852,10,5070.393583
2853,10,5070.393583
2853,10,5070.393583
2854,10,5070.393583
2854,10,5070.393583
2855,10,5070.393583
2855,10,5070.393583
2856,10,5070.393583
2856,10,5070.393583
2857,10,5070.393583
2857,10,5070.393583
2858,10,5070.393583
2858,10,5070.393583
2859,10,5070.393583
2859,10,5070.393583
2860,10,5070.393583
2860,10,5070.393583
2861,10,5070.393583
2861,10,5070.393583
2862,10,5070.393583
2862,10,5070.393583
2863,10,5070.393583
2863,10,5070.393583
2864,10,5070.393583
2864,10,5070.393583
2865,10,5070.393583
2865,10,5070.393583
2866,10,5070.393583
2866,10,5070.393583
2867,10,5070.393583
2867,10,5070.393583
2868,10,5070.393583
2868,10,5070.393583
2869,10,5070.393583
2869,10,5070.393583
2870,10,5070.393583
2870,10,5070.393583
2871,10,5070.393583
2871,10,5070.393583
2872,10,5070.393583
2872,10,5070.393583
2873,10,5070.393583
2873,10,5070.393583
2874,10,5070.393583
2874,10,5070.393583
2875,10,5070.393583
2875,10,5070.393583
2876,10,5070.393583
2876,10,5070.393583
2877,10,5070.393583
2877,10,5070.393583
2878,10,5070.393583
2878,10,5070.393583
2879,10,5070.393583
2879,10,5070.393583
2880,10,5070.393583
2880,10,5070.393583
2881,10,5070.393583
2881,10,5070.393583
2882,10,5070.393583
2882,10,5070.393583
2883,10,5070.393583
2883,10,5070.393583
2884,10,5070.393583
2884,10,5070.393583
2885,10,5070.393583
2885,10,5070.393583
2886,10,5070.393583
2886,10,5070.393583
2887,10,5070.393583
2887,10,5070.393583
2888,10,5070.393583
2888,10,5070.393583
2889,10,5070.393583
2889,10,5070.393583
2890,10,5070.393583
2890,10,5070.393583
2891,10,5070.393583
2891,10,5070.393583
2892,10,5070.393583
2892,10,5070.393583
2893,10,5070.393583
2893,10,5070.393583
2894,10,5070.393583
2894,10,5070.393583
2895,10,5070.393583
2895,10,5070.393583
2896,10,5070.393583
2896,10,5070.393583
2897,10,5070.393583
2897,10,5070.393583
2898,10,5070.393583
2898,10,5070.393583
2899,10,5070.393583
2899,10,5070.393583
2900,10,5070.393583
2900,10,5070.393583
2901,10,5070.393583
2901,10,5070.393583
2902,10,5070.393583
2902,10,5070.393583
2903,10,5070.393583
2903,10,5070.393583
2904,10,5070.393583
2904,10,5070.393583
2905,10,5070.393583
2905,10,5070.393583
2906,10,5070.393583
2906,10,5070.393583
2907,10,5070.393583
2907,10,5070.393583
2908,10,5070.393583
2908,10,5070.393583
2909,10,5070.393583
2909,10,5070.393583
2910,10,5070.393583
2910,10,5070.393583
2911,10,5070.393583
2911,10,5070.393583
2912,10,5070.393583
2912,10,5070.393583
2913,10,5070.393583
2913,10,5070.393583
2914,10,5070.393583
2914,10,5070.393583
2915,10,5070.393583
2915,10,5070.393583
2916,10,5070.393583
2916,10,5070.393583
2917,10,5070.393583
2917,10,5070.393583
2918,10,5070.393583
2918,10,5070.393583
2919,10,5070.393583
2919,10,5070.393583
2920,10,5070.393583
2920,10,5070.393583
2921,10,5070.393583
2921,10,5070.393583
2922,10,5070.393583
2922,10,5070.393583
2923,10,5070.393583
2923,10,5070.393583
2924,10,5070.393583
2924,10,5070.393583
2925,10,5070.393583
2925,10,5070.393583
2926,10,5070.393583
2926,10,5070.393583
2927,10,5070.393583
2927,10,5070.393583
2928,10,5070.393583
2928,10,5070.393583
2929,10,5070.393583
2929,10,5070.393583
2930,10,5070.393583
2930,10,5070.393583
2931,10,5070.393583
2931,10,5070.393583
2932,10,5070.393583
2932,10,5070.393583
2933,10,5070.393583
2933,10,5070.393583
2934,10,5070.393583
2934,10,5070.393583
2935,10,5070.393583
2935,10,5070.393583
2936,10,5070.393583
2936,10,5070.393583
2937,10,5070.393583
2937,10,5070.393583
2938,10,5070.393583
2938,10,5070.393583
2939,10,5070.393583
2939,10,5070.393583
2940,10,5070.393583
2940,10,5070.393583
2941,10,5070.393583
2941,10,5070.393583
2942,10,5070.393583
2942,10,5070.393583
2943,10,5070.393583
2943,10,5070.393583
2944,10,5070.393583
2944,10,5070.393583
2945,10,5070.393583
2945,10,5070.393583
2946,10,5070.393583
2946,10,5070.393583
2947,10,5070.393583
2947,10,5070.393583
2948,10,5070.393583
2948,10,5070.393583
2949,10,5070.393583
2949,10,5070.393583
2950,10,5070.393583
2950,10,5070.393583
2951,10,5070.393583
2951,10,5070.393583
2952,10,5070.393583
2952,10,5070.393583
2953,10,5070.393583
2953,10,5070.393583
2954,10,5070.393583
2954,10,5070.393583
2955,10,5070.393583
2955,10,5070.393583
2956,10,5070.393583
2956,10,5070.393583
2957,10,5070.393583
2957,10,5070.393583
2958,10,5070.393583
2958,10,5070.393583
2959,10,5070.393583
2959,10,5070.393583
2960,10,5070.393583
2960,10,5070.393583
2961,10,5070.393583
2961,10,5070.393583
2962,10,5070.393583
2962,10,5070.393583
2963,10,5070.393583
2963,10,5070.393583
2964,10,5070.393583
2964,10,5070.393583
2965,10,5070.393583
2965,10,5070.393583
2966,10,5070.393583
2966,10,5070.393583
2967,10,5070.393583
2967,10,5070.393583
2968,10,5070.393583
2968,10,5070.393583
2969,10,5070.393583
2969,10,5070.393583
2970,10,5070.393583
2970,10,5070.393583
2971,10,5070.393583
2971,10,5070.393583
2972,10,5070.393583
2972,10,5070.393583
2973,10,5070.393583
2973,10,5070.393583
2974,10,5070.393583
2974,10,5070.393583
2975,10,5070.393583
2975,10,5070.393583
2976,10,5070.393583
2976,10,5070.393583
2977,10,5070.393583
2977,10,5070.393583
2978,10,5070.393583
2978,10,5070.393583
2979,10,5070.393583
2979,10,5070.393583
2980,10,5070.393583
2980,10,5070.393583
2981,10,5070.393583
2981,10,5070.393583
2982,10,5070.393583
2982,10,5070.393583
2983,10,5070.393583
2983,10,5070.393583
2984,10,5070.393583
2984,10,5070.393583
2985,10,5070.393583
2985,10,5070.393583
2986,10,5070.393583
2986,10,5070.393583
2987,10,5070.393583
2987,10,5070.393583
2988,10,5070.393583
2988,10,5070.393583
2989,10,5070.393583
2989,10,5070.393583
2990,10,5070.393583
2990,10,5070.393583
2991,10,5070.393583
2991,10,5070.393583
2992,10,5070.393583
2992,10,5070.393583
2993,10,5070.393583
2993,10,5070.393583
2994,10,5070.393583
2994,10,5070.393583
2995,10,5070.393583
2995,10,5070.393583
2996,10,5070.393583
2996,10,5070.393583
2997,10,5070.393583
2997,10,5070.393583
2998,10,5070.393583
2998,10,5070.393583
2999,10,5070.393583
2999,10,5070.393583
3000,10,5070.393583
3000,10,5070.393583
3001,10,5070.393583
3001,10,5070.393583
3002,10,5070.393583
3002,10,5070.393583
3003,10,5070.393583
3003,10,5070.393583
3004,10,5070.393583
3004,10,5070.393583
3005,10,5070.393583
3005,10,5070.393583
3006,10,5070.393583
3006,10,5070.393583
3007,10,5070.393583
3007,10,5070.393583
3008,10,5070.393583
3008,10,5070.393583
3009,10,5070.393583
3009,10,5070.393583
3010,10,5070.393583
3010,10,5070.393583
3011,10,5070.393583
3011,10,5070.393583
3012,10,5070.393583
3012,10,5070.393583
3013,10,5070.393583
3013,10,5070.393583
3014,10,5070.393583
3014,10,5070.393583
3015,10,5070.393583
3015,10,5070.393583
3016,10,5070.393583
3016,10,5070.393583
3017,10,5070.393583
3017,10,5070.393583
3018,10,5070.393583
3018,10,5070.393583
3019,10,5070.393583
3019,10,5070.393583
3020,10,5070.393583
3020,10,5070.393583
3021,10,5070.393583
3021,10,5070.393583
3022,10,5070.393583
3022,10,5070.393583
3023,10,5070.393583
3023,10,5070.393583
3024,10,5070.393583
3024,10,5070.393583
3025,10,5070.393583
3025,10,5070.393583
3026,10,5070.393583
3026,10,5070.393583
3027,10,5070.393583
3027,10,5070.393583
3028,10,5070.393583
3028,10,5070.393583
3029,10,5070.393583
3029,10,5070.393583
3030,10,5070.393583
3030,10,5070.393583
3031,10,5070.393583
3031,10,5070.393583
3032,10,5070.393583
3032,10,5070.393583
3033,10,5070.393583
3033,10,5070.393583
3034,10,5070.393583
3034,10,5070.393583
3035,10,5070.393583
3035,10,5070.393583
3036,10,5070.393583
3036,10,5070.393583
3037,10,5070.393583
3037,10,5070.393583
3038,10,5070.393583
3038,10,5070.393583
3039,10,5070.393583
3039,10,5070.393583
3040,10,5070.393583
3040,10,5070.393583
3041,10,5070.393583
3041,10,5070.393583
3042,10,5070.393583
3042,10,5070.393583
3043,10,5070.393583
3043,10,5070.393583
3044,10,5070.393583
3044,10,5070.393583
3045,10,5070.393583
3045,10,5070.393583
3046,10,5070.393583
3046,10,5070.393583
3047,10,5070.393583
3047,10,5070.393583
3048,10,5070.393583
3048,10,5070.393583
3049,10,5070.393583
3049,10,5070.393583
3050,10,5070.393583
3050,10,5070.393583
3051,10,5070.393583
3051,10,5070.393583
3052,10,5070.393583
3052,10,5070.393583
3053,10,5070.393583
3053,10,5070.393583
3054,10,5070.393583
3054,10,5070.393583
3055,10,5070.393583
3055,10,5070.393583
3056,10,5070.393583
3056,10,5070.393583
3057,10,5070.393583
3057,10,5070.393583
3058,10,5070.393583
3058,10,5070.393583
3059,10,5070.393583
3059,10,5070.393583
3060,10,5070.393583
3060,10,5070.393583
3061,10,5070.393583
3061,10,5070.393583
3062,10,5070.393583
3062,10,5070.393583
3063,10,5070.393583
3063,10,5070.393583
3064,10,5070.393583
3064,10,5070.393583
3065,10,5070.393583
3065,10,5070.393583
3066,10,5070.393583
3066,10,5070.393583
3067,10,5070.393583
3067,10,5070.393583
3068,10,5070.393583
3068,10,5070.393583
3069,10,5070.393583
3069,10,5070.393583
3070,10,5070.393583
3070,10,5070.393583
3071,10,5070.393583
3071,10,5070.393583
3072,10,5070.393583
3072,10,5070.393583
3073,10,5070.393583
3073,10,5070.393583
3074,10,5070.393583
3074,10,5070.393583
3075,10,5070.393583
3075,10,5070.393583
3076,10,5070.393583
3076,10,5070.393583
3077,10,5070.393583
3077,10,5070.393583
3078,10,5070.393583
3078,10,5070.393583
3079,10,5070.393583
3079,10,5070.393583
3080,10,5070.393583
3080,10,5070.393583
3081,10,5070.393583
3081,10,5070.393583
3082,10,5070.393583
3082,10,5070.393583
3083,10,5070.393583
3083,10,5070.393583
3084,10,5070.393583
3084,10,5070.393583
3085,10,5070.393583
3085,10,5070.393583
3086,10,5070.393583
3086,10,5070.393583
3087,10,5070.393583
3087,10,5070.393583
3088,10,5070.393583
3088,10,5070.393583
3089,10,5070.393583
3089,10,5070.393583
3090,10,5070.393583
3090,10,5070.393583
3091,10,5070.393583
3091,10,5070.393583
3092,10,5070.393583
3092,10,5070.393583
3093,10,5070.393583
3093,10,5070.393583
3094,10,5070.393583
3094,10,5070.393583
3095,10,5070.393583
3095,10,5070.393583
3096,10,5070.393583
3096,10,5070.393583
3097,10,5070.393583
3097,10,5070.393583
3098,10,5070.393583
3098,10,5070.393583
3099,10,5070.393583
3099,10,5070.393583
3100,10,5070.393583
3100,10,5070.393583
3101,10,5070.393583
3101,10,5070.393583
3102,10,5070.393583
3102,10,5070.393583
3103,10,5070.393583
3103,10,5070.393583
3104,10,5070.393583
3104,10,5070.393583
3105,10,5070.393583
3105,10,5070.393583
3106,10,5070.393583
3106,10,5070.393583
3107,10,5070.393583
3107,10,5070.393583
3108,10,5070.393583
3108,10,5070.393583
3109,10,5070.393583
3109,10,5070.393583
3110,10,5070.393583
3110,10,5070.393583
3111,10,5070.393583
3111,10,5070.393583
3112,10,5070.393583
3112,10,5070.393583
3113,10,5070.393583
3113,10,5070.393583
3114,10,5070.393583
3114,10,5070.393583
3115,10,5070.393583
3115,10,5070.393583
3116,10,5070.393583
3116,10,5070.393583
3117,10,5070.393583
3117,10,5070.393583
3118,10,5070.393583
3118,10,5070.393583
3119,10,5070.393583
3119,10,5070.393583
3120,10,5070.393583
3120,10,5070.393583
3121,10,5070.393583
3121,10,5070.393583
3122,10,5070.393583
3122,10,5070.393583
3123,10,5070.393583
3123,10,5070.393583
3124,10,5070.393583
3124,10,5070.393583
3125,10,5070.393583
3125,10,5070.393583
3126,10,5070.393583
3126,10,5070.393583
3127,10,5070.393583
3127,10,5070.393583
3128,10,5070.393583
3128,10,5070.393583
3129,10,5070.393583
3129,10,5070.393583
3130,10,5070.393583
3130,10,5070.393583
3131,10,5070.393583
3131,10,5070.393583
3132,10,5070.393583
3132,10,5070.393583
3133,10,5070.393583
3133,10,5070.393583
3134,10,5070.393583
3134,10,5070.393583
3135,10,5070.393583
3135,10,5070.393583
3136,10,5070.393583
3136,10,5070.393583
3137,10,5070.393583
3137,10,5070.393583
3138,10,5070.393583
3138,10,5070.393583
3139,10,5070.393583
3139,10,5070.393583
3140,10,5070.393583
3140,10,5070.393583
3141,10,5070.393583
3141,10,5070.393583
3142,10,5070.393583
3142,10,5070.393583
3143,10,5070.393583
3143,10,5070.393583
3144,10,5070.393583
3144,10,5070.393583
3145,10,5070.393583
3145,10,5070.393583
3146,10,5070.393583
3146,10,5070.393583
3147,10,5070.393583
3147,10,5070.393583
3148,10,5070.393583
3148,10,5070.393583
3149,10,5070.393583
3149,10,5070.393583
3150,10,5070.393583
3150,10,5070.393583
3151,10,5070.393583
3151,10,5070.393583
3152,10,5070.393583
3152,10,5070.393583
3153,10,5070.393583
3153,10,5070.393583
3154,10,5070.393583
3154,10,5070.393583
3155,10,5070.393583
3155,10,5070.393583
3156,10,5070.393583
3156,10,5070.393583
3157,10,5070.393583
3157,10,5070.393583
3158,10,5070.393583
3158,10,5070.393583
3159,10,5070.393583
3159,10,5070.393583
3160,10,5070.393583
3160,10,5070.393583
3161,10,5070.393583
3161,10,5070.393583
3162,10,5070.393583
3162,10,5070.393583
3163,10,5070.393583
3163,10,5070.393583
3164,10,5070.393583
3164,10,5070.393583
3165,10,5070.393583
3165,10,5070.393583
3166,10,5070.393583
3166,10,5070.393583
3167,10,5070.393583
3167,10,5070.393583
3168,10,5070.393583
3168,10,5070.393583
3169,10,5070.393583
3169,10,5070.393583
3170,10,5070.393583
3170,10,5070.393583
3171,10,5070.393583
3171,10,5070.393583
3172,10,5070.393583
3172,10,5070.393583
3173,10,5070.393583
3173,10,5070.393583
3174,10,5070.393583
3174,10,5070.393583
3175,10,5070.393583
3175,10,5070.393583
3176,10,5070.393583
3176,10,5070.393583
3177,10,5070.393583
3177,10,5070.393583
3178,10,5070.393583
3178,10,5070.393583
3179,10,5070.393583
3179,10,5070.393583
3180,10,5070.393583
3180,10,5070.393583
3181,10,5070.393583
3181,10,5070.393583
3182,10,5070.393583
3182,10,5070.393583
3183,10,5070.393583
3183,10,5070.393583
3184,10,5070.393583
3184,10,5070.393583
3185,10,5070.393583
3185,10,5070.393583
3186,10,5070.393583
3186,10,5070.393583
3187,10,5070.393583
3187,10,5070.393583
3188,10,5070.393583
3188,10,5070.393583
3189,10,5070.393583
3189,10,5070.393583
3190,10,5070.393583
3190,10,5070.393583
3191,10,5070.393583
3191,10,5070.393583
3192,10,5070.393583
3192,10,5070.393583
3193,10,5070.393583
3193,10,5070.393583
3194,10,5070.393583
3194,10,5070.393583
3195,10,5070.393583
3195,10,5070.393583
3196,10,5070.393583
3196,10,5070.393583
3197,10,5070.393583
3197,10,5070.393583
3198,10,5070.393583
3198,10,5070.393583
3199,10,5070.393583
3199,10,5070.393583
3200,10,5070.393583
3200,10,5070.393583
3201,10,5070.393583
3201,10,5070.393583
3202,10,5070.393583
3202,10,5070.393583
3203,10,5070.393583
3203,10,5070.393583
3204,10,5070.393583
3204,10,5070.393583
3205,10,5070.393583
3205,10,5070.393583
3206,10,5070.393583
3206,10,5070.393583
3207,10,5070.393583
3207,10,5070.393583
3208,10,5070.393583
3208,10,5070.393583
3209,10,5070.393583
3209,10,5070.393583
3210,10,5070.393583
3210,10,5070.393583
3211,10,5070.393583
3211,10,5070.393583
3212,10,5070.393583
3212,10,5070.393583
3213,10,5070.393583
3213,10,5070.393583
3214,10,5070.393583
3214,10,5070.393583
3215,10,5070.393583
3215,10,5070.393583
3216,10,5070.393583
3216,10,5070.393583
3217,10,5070.393583
3217,10,5070.393583
3218,10,5070.393583
3218,10,5070.393583
3219,10,5070.393583
3219,10,5070.393583
3220,10,5070.393583
3220,10,5070.393583
3221,10,5070.393583
3221,10,5070.393583
3222,10,5070.393583
3222,10,5070.393583
3223,10,5070.393583
3223,10,5070.393583
3224,10,5070.393583
3224,10,5070.393583
3225,10,5070.393583
3225,10,5070.393583
3226,10,5070.393583
3226,10,5070.393583
3227,10,5070.393583
3227,10,5070.393583
3228,10,5070.393583
3228,10,5070.393583
3229,10,5070.393583
3229,10,5070.393583
3230,10,5070.393583
3230,10,5070.393583
3231,10,5070.393583
3231,10,5070.393583
3232,10,5070.393583
3232,10,5070.393583
3233,10,5070.393583
3233,10,5070.393583
3234,10,5070.393583
3234,10,5070.393583
3235,10,5070.393583
3235,10,5070.393583
3236,10,5070.393583
3236,10,5070.393583
3237,10,5070.393583
3237,10,5070.393583
3238,10,5070.393583
3238,10,5070.393583
3239,10,5070.393583
3239,10,5070.393583
3240,10,5070.393583
3240,10,5070.393583
3241,10,5070.393583
3241,10,5070.393583
3242,10,5070.393583
3242,10,5070.393583
3243,10,5070.393583
3243,10,5070.393583
3244,10,5070.393583
3244,10,5070.393583
3245,10,5070.393583
3245,10,5070.393583
3246,10,5070.393583
3246,10,5070.393583
3247,10,5070.393583
3247,10,5070.393583
3248,10,5070.393583
3248,10,5070.393583
3249,10,5070.393583
3249,10,5070.393583
3250,10,5070.393583
3250,10,5070.393583
3251,10,5070.393583
3251,10,5070.393583
3252,10,5070.393583
3252,10,5070.393583
3253,10,5070.393583
3253,10,5070.393583
3254,10,5070.393583
3254,10,5070.393583
3255,10,5070.393583
3255,10,5070.393583
3256,10,5070.393583
3256,10,5070.393583
3257,10,5070.393583
3257,10,5070.393583
3258,10,5070.393583
3258,10,5070.393583
3259,10,5070.393583
3259,10,5070.393583
3260,10,5070.393583
3260,10,5070.393583
3261,10,5070.393583
3261,10,5070.393583
3262,10,5070.393583
3262,10,5070.393583
3263,10,5070.393583
3263,10,5070.393583
3264,10,5070.393583
3264,10,5070.393583
3265,10,5070.393583
3265,10,5070.393583
3266,10,5070.393583
3266,10,5070.393583
3267,10,5070.393583
3267,10,5070.393583
3268,10,5070.393583
3268,10,5070.393583
3269,10,5070.393583
3269,10,5070.393583
3270,10,5070.393583
3270,10,5070.393583
3271,10,5070.393583
3271,10,5070.393583
3272,10,5070.393583
3272,10,5070.393583
3273,10,5070.393583
3273,10,5070.393583
3274,10,5070.393583
3274,10,5070.393583
3275,10,5070.393583
3275,10,5070.393583
3276,10,5070.393583
3276,10,5070.393583
3277,10,5070.393583
3277,10,5070.393583
3278,10,5070.393583
3278,10,5070.393583
3279,10,5070.393583
3279,10,5070.393583
3280,10,5070.393583
3280,10,5070.393583
3281,10,5070.393583
3281,10,5070.393583
3282,10,5070.393583
3282,10,5070.393583
3283,10,5070.393583
3283,10,5070.393583
3284,10,5070.393583
3284,10,5070.393583
3285,10,5070.393583
3285,10,5070.393583
3286,10,5070.393583
3286,10,5070.393583
3287,10,5070.393583
3287,10,5070.393583
3288,10,5070.393583
3288,10,5070.393583
3289,10,5070.393583
3289,10,5070.393583
3290,10,5070.393583
3290,10,5070.393583
3291,10,5070.393583
3291,10,5070.393583
3292,10,5070.393583
3292,10,5070.393583
3293,10,5070.393583
3293,10,5070.393583
3294,10,5070.393583
3294,10,5070.393583
3295,10,5070.393583
3295,10,5070.393583
3296,10,5070.393583
3296,10,5070.393583
3297,10,5070.393583
3297,10,5070.393583
3298,10,5070.393583
3298,10,5070.393583
3299,10,5070.393583
3299,10,5070.393583
3300,10,5070.393583
3300,10,5070.393583
3301,10,5070.393583
3301,10,5070.393583
3302,10,5070.393583
3302,10,5070.393583
3303,10,5070.393583
3303,10,5070.393583
3304,10,5070.393583
3304,10,5070.393583
3305,10,5070.393583
3305,10,5070.393583
3306,10,5070.393583
3306,10,5070.393583
3307,10,5070.393583
3307,10,5070.393583
3308,10,5070.393583
3308,10,5070.393583
3309,10,5070.393583
3309,10,5070.393583
3310,10,5070.393583
3310,10,5070.393583
3311,10,5070.393583
3311,10,5070.393583
3312,10,5070.393583
3312,10,5070.393583
3313,10,5070.393583
3313,10,5070.393583
3314,10,5070.393583
3314,10,5070.393583
3315,10,5070.393583
3315,10,5070.393583
3316,10,5070.393583
3316,10,5070.393583
3317,10,5070.393583
3317,10,5070.393583
3318,10,5070.393583
3318,10,5070.393583
3319,10,5070.393583
3319,10,5070.393583
3320,10,5070.393583
3320,10,5070.393583
3321,10,5070.393583
3321,10,5070.393583
3322,10,5070.393583
3322,10,5070.393583
3323,10,5070.393583
3323,10,5070.393583
3324,10,5070.393583
3324,10,5070.393583
3325,10,5070.393583
3325,10,5070.393583
3326,10,5070.393583
3326,10,5070.393583
3327,10,5070.393583
3327,10,5070.393583
3328,10,5070.393583
3328,10,5070.393583
3329,10,5070.393583
3329,10,5070.393583
3330,10,5070.393583
3330,10,5070.393583
3331,10,5070.393583
3331,10,5070.393583
3332,10,5070.393583
3332,10,5070.393583
3333,10,5070.393583
3333,10,5070.393583
3334,10,5070.393583
3334,10,5070.393583
3335,10,5070.393583
3335,10,5070.393583
3336,10,5070.393583
3336,10,5070.393583
3337,10,5070.393583
3337,10,5070.393583
3338,10,5070.393583
3338,10,5070.393583
3339,10,5070.393583
3339,10,5070.393583
3340,10,5070.393583
3340,10,5070.393583
3341,10,5070.393583
3341,10,5070.393583
3342,10,5070.393583
3342,10,5070.393583
3343,10,5070.393583
3343,10,5070.393583
3344,10,5070.393583
3344,10,5070.393583
3345,10,5070.393583
3345,10,5070.393583
3346,10,5070.393583
3346,10,5070.393583
3347,10,5070.393583
3347,10,5070.393583
3348,10,5070.393583
3348,10,5070.393583
3349,10,5070.393583
3349,10,5070.393583
3350,10,5070.393583
3350,10,5070.393583
3351,10,5070.393583
3351,10,5070.393583
3352,10,5070.393583
3352,10,5070.393583
3353,10,5070.393583
3353,10,5070.393583
3354,10,5070.393583
3354,10,5070.393583
3355,10,5070.393583
3355,10,5070.393583
3356,10,5070.393583
3356,10,5070.393583
3357,10,5070.393583
3357,10,5070.393583
3358,10,5070.393583
3358,10,5070.393583
3359,10,5070.393583
3359,10,5070.393583
3360,10,5070.393583
3360,10,5070.393583
3361,10,5070.393583
3361,10,5070.393583
3362,10,5070.393583
3362,10,5070.393583
3363,10,5070.393583
3363,10,5070.393583
3364,10,5070.393583
3364,10,5070.393583
3365,10,5070.393583
3365,10,5070.393583
3366,10,5070.393583
3366,10,5070.393583
3367,10,5070.393583
3367,10,5070.393583
3368,10,5070.393583
3368,10,5070.393583
3369,10,5070.393583
3369,10,5070.393583
3370,10,5070.393583
3370,10,5070.393583
3371,10,5070.393583
3371,10,5070.393583
3372,10,5070.393583
3372,10,5070.393583
3373,10,5070.393583
3373,10,5070.393583
3374,10,5070.393583
3374,10,5070.393583
3375,10,5070.393583
3375,10,5070.393583
3376,10,5070.393583
3376,10,5070.393583
3377,10,5070.393583
3377,10,5070.393583
3378,10,5070.393583
3378,10,5070.393583
3379,10,5070.393583
3379,10,5070.393583
3380,10,5070.393583
3380,10,5070.393583
3381,10,5070.393583
3381,10,5070.393583
3382,10,5070.393583
3382,10,5070.393583
3383,10,5070.393583
3383,10,5070.393583
3384,10,5070.393583
3384,10,5070.393583
3385,10,5070.393583
3385,10,5070.393583
3386,10,5070.393583
3386,10,5070.393583
3387,10,5070.393583
3387,10,5070.393583
3388,10,5070.393583
3388,10,5070.393583
3389,10,5070.393583
3389,10,5070.393583
3390,10,5070.393583
3390,10,5070.393583
3391,10,5070.393583
3391,10,5070.393583
3392,10,5070.393583
3392,10,5070.393583
3393,10,5070.393583
3393,10,5070.393583
3394,10,5070.393583
3394,10,5070.393583
3395,10,5070.393583
3395,10,5070.393583
3396,10,5070.393583
3396,10,5070.393583
3397,10,5070.393583
3397,10,5070.393583
3398,10,5070.393583
3398,10,5070.393583
3399,10,5070.393583
3399,10,5070.393583
3400,10,5070.393583
3400,10,5070.393583
3401,10,5070.393583
3401,10,5070.393583
3402,10,5070.393583
3402,10,5070.393583
3403,10,5070.393583
3403,10,5070.393583
3404,10,5070.393583
3404,10,5070.393583
3405,10,5070.393583
3405,10,5070.393583
3406,10,5070.393583
3406,10,5070.393583
3407,10,5070.393583
3407,10,5070.393583
3408,10,5070.393583
3408,10,5070.393583
3409,10,5070.393583
3409,10,5070.393583
3410,10,5070.393583
3410,10,5070.393583
3411,10,5070.393583
3411,10,5070.393583
3412,10,5070.393583
3412,10,5070.393583
3413,10,5070.393583
3413,10,5070.393583
3414,10,5070.393583
3414,10,5070.393583
3415,10,5070.393583
3415,10,5070.393583
3416,10,5070.393583
3416,10,5070.393583
3417,10,5070.393583
3417,10,5070.393583
3418,10,5070.393583
3418,10,5070.393583
3419,10,5070.393583
3419,10,5070.393583
3420,10,5070.393583
3420,10,5070.393583
3421,10,5070.393583
3421,10,5070.393583
3422,10,5070.393583
3422,10,5070.393583
3423,10,5070.393583
3423,10,5070.393583
3424,10,5070.393583
3424,10,5070.393583
3425,10,5070.393583
3425,10,5070.393583
3426,10,5070.393583
3426,10,5070.393583
3427,10,5070.393583
3427,10,5070.393583
3428,10,5070.393583
3428,10,5070.393583
3429,10,5070.393583
3429,10,5070.393583
3430,10,5070.393583
3430,10,5070.393583
3431,10,5070.393583
3431,10,5070.393583
3432,10,5070.393583
3432,10,5070.393583
3433,10,5070.393583
3433,10,5070.393583
3434,10,5070.393583
3434,10,5070.393583
3435,10,5070.393583
3435,10,5070.393583
3436,10,5070.393583
3436,10,5070.393583
3437,10,5070.393583
3437,10,5070.393583
3438,10,5070.393583
3438,10,5070.393583
3439,10,5070.393583
3439,10,5070.393583
3440,10,5070.393583
3440,10,5070.393583
3441,10,5070.393583
3441,10,5070.393583
3442,10,5070.393583
3442,10,5070.393583
3443,10,5070.393583
3443,10,5070.393583
3444,10,5070.393583
3444,10,5070.393583
3445,10,5070.393583
3445,10,5070.393583
3446,10,5070.393583
3446,10,5070.393583
3447,10,5070.393583
3447,10,5070.393583
3448,10,5070.393583
3448,10,5070.393583
3449,10,5070.393583
3449,10,5070.393583
3450,10,5070.393583
3450,10,5070.393583
3451,10,5070.393583
3451,10,5070.393583
3452,10,5070.393583
3452,10,5070.393583
3453,10,5070.393583
3453,10,5070.393583
3454,10,5070.393583
3454,10,5070.393583
3455,10,5070.393583
3455,10,5070.393583
3456,10,5070.393583
3456,10,5070.393583
3457,10,5070.393583
3457,10,5070.393583
3458,10,5070.393583
3458,10,5070.393583
3459,10,5070.393583
3459,10,5070.393583
3460,10,5070.393583
3460,10,5070.393583
3461,10,5070.393583
3461,10,5070.393583
3462,10,5070.393583
3462,10,5070.393583
3463,10,5070.393583
3463,10,5070.393583
3464,10,5070.393583
3464,10,5070.393583
3465,10,5070.393583
3465,10,5070.393583
3466,10,5070.393583
3466,10,5070.393583
3467,10,5070.393583
3467,10,5070.393583
3468,10,5070.393583
3468,10,5070.393583
3469,10,5070.393583
3469,10,5070.393583
3470,10,5070.393583
3470,10,5070.393583
3471,10,5070.393583
3471,10,5070.393583
3472,10,5070.393583
3472,10,5070.393583
3473,10,5070.393583
3473,10,5070.393583
3474,10,5070.393583
3474,10,5070.393583
3475,10,5070.393583
3475,10,5070.393583
3476,10,5070.393583
3476,10,5070.393583
3477,10,5070.393583
3477,10,5070.393583
3478,10,5070.393583
3478,10,5070.393583
3479,10,5070.393583
3479,10,5070.393583
3480,10,5070.393583
3480,10,5070.393583
3481,10,5070.393583
3481,10,5070.393583
3482,10,5070.393583
3482,10,5070.393583
3483,10,5070.393583
3483,10,5070.393583
3484,10,5070.393583
3484,10,5070.393583
3485,10,5070.393583
3485,10,5070.393583
3486,10,5070.393583
3486,10,5070.393583
3487,10,5070.393583
3487,10,5070.393583
3488,10,5070.393583
3488,10,5070.393583
3489,10,5070.393583
3489,10,5070.393583
3490,10,5070.393583
3490,10,5070.393583
3491,10,5070.393583
3491,10,5070.393583
3492,10,5070.393583
3492,10,5070.393583
3493,10,5070.393583
3493,10,5070.393583
3494,10,5070.393583
3494,10,5070.393583
3495,10,5070.393583
3495,10,5070.393583
3496,10,5070.393583
3496,10,5070.393583
3497,10,5070.393583
3497,10,5070.393583
3498,10,5070.393583
3498,10,5070.393583
3499,10,5070.393583
3499,10,5070.393583
3500,10,5070.393583
3500,10,5070.393583
3501,10,5070.393583
3501,10,5070.393583
3502,10,5070.393583
3502,10,5070.393583
3503,10,5070.393583
3503,10,5070.393583
3504,10,5070.393583
3504,10,5070.393583
3505,10,5070.393583
3505,10,5070.393583
3506,10,5070.393583
3506,10,5070.393583
3507,10,5070.393583
3507,10,5070.393583
3508,10,5070.393583
3508,10,5070.393583
3509,10,5070.393583
3509,10,5070.393583
3510,10,5070.393583
3510,10,5070.393583
3511,10,5070.393583
3511,10,5070.393583
3512,10,5070.393583
3512,10,5070.393583
3513,10,5070.393583
3513,10,5070.393583
3514,10,5070.393583
3514,10,5070.393583
3515,10,5070.393583
3515,10,5070.393583
3516,10,5070.393583
3516,10,5070.393583
3517,10,5070.393583
3517,10,5070.393583
3518,10,5070.393583
3518,10,5070.393583
3519,10,5070.393583
3519,10,5070.393583
3520,10,5070.393583
3520,10,5070.393583
3521,10,5070.393583
3521,10,5070.393583
3522,10,5070.393583
3522,10,5070.393583
3523,10,5070.393583
3523,10,5070.393583
3524,10,5070.393583
3524,10,5070.393583
3525,10,5070.393583
3525,10,5070.393583
3526,10,5070.393583
3526,10,5070.393583
3527,10,5070.393583
3527,10,5070.393583
3528,10,5070.393583
3528,10,5070.393583
3529,10,5070.393583
3529,10,5070.393583
3530,10,5070.393583
3530,10,5070.393583
3531,10,5070.393583
3531,10,5070.393583
3532,10,5070.393583
3532,10,5070.393583
3533,10,5070.393583
3533,10,5070.393583
3534,10,5070.393583
3534,10,5070.393583
3535,10,5070.393583
3535,10,5070.393583
3536,10,5070.393583
3536,10,5070.393583
3537,10,5070.393583
3537,10,5070.393583
3538,10,5070.393583
3538,10,5070.393583
3539,10,5070.393583
3539,10,5070.393583
3540,10,5070.393583
3540,10,5070.393583
3541,10,5070.393583
3541,10,5070.393583
3542,10,5070.393583
3542,10,5070.393583
3543,10,5070.393583
3543,10,5070.393583
3544,10,5070.393583
3544,10,5070.393583
3545,10,5070.393583
3545,10,5070.393583
3546,10,5070.393583
3546,10,5070.393583
3547,10,5070.393583
3547,10,5070.393583
3548,10,5070.393583
3548,10,5070.393583
3549,10,5070.393583
3549,10,5070.393583
3550,10,5070.393583
3550,10,5070.393583
3551,10,5070.393583
3551,10,5070.393583
3552,10,5070.393583
3552,10,5070.393583
3553,10,5070.393583
3553,10,5070.393583
3554,10,5070.393583
3554,10,5070.393583
3555,10,5070.393583
3555,10,5070.393583
3556,10,5070.393583
3556,10,5070.393583
3557,10,5070.393583
3557,10,5070.393583
3558,10,5070.393583
3558,10,5070.393583
3559,10,5070.393583
3559,10,5070.393583
3560,10,5070.393583
3560,10,5070.393583
3561,10,5070.393583
3561,10,5070.393583
3562,10,5070.393583
3562,10,5070.393583
3563,10,5070.393583
3563,10,5070.393583
3564,10,5070.393583
3564,10,5070.393583
3565,10,5070.393583
3565,10,5070.393583
3566,10,5070.393583
3566,10,5070.393583
3567,10,5070.393583
3567,10,5070.393583
3568,10,5070.393583
3568,10,5070.393583
3569,10,5070.393583
3569,10,5070.393583
3570,10,5070.393583
3570,10,5070.393583
3571,10,5070.393583
3571,10,5070.393583
3572,10,5070.393583
3572,10,5070.393583
3573,10,5070.393583
3573,10,5070.393583
3574,10,5070.393583
3574,10,5070.393583
3575,10,5070.393583
3575,10,5070.393583
3576,10,5070.393583
3576,10,5070.393583
3577,10,5070.393583
3577,10,5070.393583
3578,10,5070.393583
3578,10,5070.393583
3579,10,5070.393583
3579,10,5070.393583
3580,10,5070.393583
3580,10,5070.393583
3581,10,5070.393583
3581,10,5070.393583
3582,10,5070.393583
3582,10,5070.393583
3583,10,5070.393583
3583,10,5070.393583
3584,10,5070.393583
3584,10,5070.393583
3585,10,5070.393583
3585,10,5070.393583
3586,10,5070.393583
3586,10,5070.393583
3587,10,5070.393583
3587,10,5070.393583
3588,10,5070.393583
3588,10,5070.393583
3589,10,5070.393583
3589,10,5070.393583
3590,10,5070.393583
3590,10,5070.393583
3591,10,5070.393583
3591,10,5070.393583
3592,10,5070.393583
3592,10,5070.393583
3593,10,5070.393583
3593,10,5070.393583
3594,10,5070.393583
3594,10,5070.393583
3595,10,5070.393583
3595,10,5070.393583
3596,10,5070.393583
3596,10,5070.393583
3597,10,5070.393583
3597,10,5070.393583
3598,10,5070.393583
3598,10,5070.393583
3599,10,5070.393583
3599,10,5070.393583
3600,10,5070.393583
3600,10,5070.393583
3601,10,5070.393583
3601,10,5070.393583
3602,10,5070.393583
3602,10,5070.393583
3603,10,5070.393583
3603,10,5070.393583
3604,10,5070.393583
3604,10,5070.393583
3605,10,5070.393583
3605,10,5070.393583
3606,10,5070.393583
3606,10,5070.393583
3607,10,5070.393583
3607,10,5070.393583
3608,10,5070.393583
3608,10,5070.393583
3609,10,5070.393583
3609,10,5070.393583
3610,10,5070.393583
3610,10,5070.393583
3611,10,5070.393583
3611,10,5070.393583
3612,10,5070.393583
3612,10,5070.393583
3613,10,5070.393583
3613,10,5070.393583
3614,10,5070.393583
3614,10,5070.393583
3615,10,5070.393583
3615,10,5070.393583
3616,10,5070.393583
3616,10,5070.393583
3617,10,5070.393583
3617,10,5070.393583
3618,10,5070.393583
3618,10,5070.393583
3619,10,5070.393583
3619,10,5070.393583
3620,10,5070.393583
3620,10,5070.393583
3621,10,5070.393583
3621,10,5070.393583
3622,10,5070.393583
3622,10,5070.393583
3623,10,5070.393583
3623,10,5070.393583
3624,10,5070.393583
3624,10,5070.393583
3625,10,5070.393583
3625,10,5070.393583
3626,10,5070.393583
3626,10,5070.393583
3627,10,5070.393583
3627,10,5070.393583
3628,10,5070.393583
3628,10,5070.393583
3629,10,5070.393583
3629,10,5070.393583
3630,10,5070.393583
3630,10,5070.393583
3631,10,5070.393583
3631,10,5070.393583
3632,10,5070.393583
3632,10,5070.393583
3633,10,5070.393583
3633,10,5070.393583
3634,10,5070.393583
3634,10,5070.393583
3635,10,5070.393583
3635,10,5070.393583
3636,10,5070.393583
3636,10,5070.393583
3637,10,5070.393583
3637,10,5070.393583
3638,10,5070.393583
3638,10,5070.393583
3639,10,5070.393583
3639,10,5070.393583
3640,10,5070.393583
3640,10,5070.393583
3641,10,5070.393583
3641,10,5070.393583
3642,10,5070.393583
3642,10,5070.393583
3643,10,5070.393583
3643,10,5070.393583
3644,10,5070.393583
3644,10,5070.393583
3645,10,5070.393583
3645,10,5070.393583
3646,10,5070.393583
3646,10,5070.393583
3647,10,5070.393583
3647,10,5070.393583
3648,10,5070.393583
3648,10,5070.393583
3649,10,5070.393583
3649,10,5070.393583
3650,10,5070.393583
3650,10,5070.393583
3651,10,5070.393583
3651,10,5070.393583
3652,10,5070.393583
3652,10,5070.393583
3653,10,5070.393583
3653,10,5070.393583
3654,10,5070.393583
3654,10,5070.393583
3655,10,5070.393583
3655,10,5070.393583
3656,10,5070.393583
3656,10,5070.393583
3657,10,5070.393583
3657,10,5070.393583
3658,10,5070.393583
3658,10,5070.393583
3659,10,5070.393583
3659,10,5070.393583
3660,10,5070.393583
3660,10,5070.393583
3661,10,5070.393583
3661,10,5070.393583
3662,10,5070.393583
3662,10,5070.393583
3663,10,5070.393583
3663,10,5070.393583
3664,10,5070.393583
3664,10,5070.393583
3665,10,5070.393583
3665,10,5070.393583
3666,10,5070.393583
3666,10,5070.393583
3667,10,5070.393583
3667,10,5070.393583
3668,10,5070.393583
3668,10,5070.393583
3669,10,5070.393583
3669,10,5070.393583
3670,10,5070.393583
3670,10,5070.393583
3671,10,5070.393583
3671,10,5070.393583
3672,10,5070.393583
3672,10,5070.393583
3673,10,5070.393583
3673,10,5070.393583
3674,10,5070.393583
3674,10,5070.393583
3675,10,5070.393583
3675,10,5070.393583
3676,10,5070.393583
3676,10,5070.393583
3677,10,5070.393583
3677,10,5070.393583
3678,10,5070.393583
3678,10,5070.393583
3679,10,5070.393583
3679,10,5070.393583
3680,10,5070.393583
3680,10,5070.393583
3681,10,5070.393583
3681,10,5070.393583
3682,10,5070.393583
3682,10,5070.393583
3683,10,5070.393583
3683,10,5070.393583
3684,10,5070.393583
3684,10,5070.393583
3685,10,5070.393583
3685,10,5070.393583
3686,10,5070.393583
3686,10,5070.393583
3687,10,5070.393583
3687,10,5070.393583
3688,10,5070.393583
3688,10,5070.393583
3689,10,5070.393583
3689,10,5070.393583
3690,10,5070.393583
3690,10,5070.393583
3691,10,5070.393583
3691,10,5070.393583
3692,10,5070.393583
3692,10,5070.393583
3693,10,5070.393583
3693,10,5070.393583
3694,10,5070.393583
3694,10,5070.393583
3695,10,5070.393583
3695,10,5070.393583
3696,10,5070.393583
3696,10,5070.393583
3697,10,5070.393583
3697,10,5070.393583
3698,10,5070.393583
3698,10,5070.393583
3699,10,5070.393583
3699,10,5070.393583
3700,10,5070.393583
3700,10,5070.393583
3701,10,5070.393583
3701,10,5070.393583
3702,10,5070.393583
3702,10,5070.393583
3703,10,5070.393583
3703,10,5070.393583
3704,10,5070.393583
3704,10,5070.393583
3705,10,5070.393583
3705,10,5070.393583
3706,10,5070.393583
3706,10,5070.393583
3707,10,5070.393583
3707,10,5070.393583
3708,10,5070.393583
3708,10,5070.393583
3709,10,5070.393583
3709,10,5070.393583
3710,10,5070.393583
3710,10,5070.393583
3711,10,5070.393583
3711,10,5070.393583
3712,10,5070.393583
3712,10,5070.393583
3713,10,5070.393583
3713,10,5070.393583
3714,10,5070.393583
3714,10,5070.393583
3715,10,5070.393583
3715,10,5070.393583
3716,10,5070.393583
3716,10,5070.393583
3717,10,5070.393583
3717,10,5070.393583
3718,10,5070.393583
3718,10,5070.393583
3719,10,5070.393583
3719,10,5070.393583
3720,10,5070.393583
3720,10,5070.393583
3721,10,5070.393583
3721,10,5070.393583
3722,10,5070.393583
3722,10,5070.393583
3723,10,5070.393583
3723,10,5070.393583
3724,10,5070.393583
3724,10,5070.393583
3725,10,5070.393583
3725,10,5070.393583
3726,10,5070.393583
3726,10,5070.393583
3727,10,5070.393583
3727,10,5070.393583
3728,10,5070.393583
3728,10,5070.393583
3729,10,5070.393583
3729,10,5070.393583
3730,10,5070.393583
3730,10,5070.393583
3731,10,5070.393583
3731,10,5070.393583
3732,10,5070.393583
3732,10,5070.393583
3733,10,5070.393583
3733,10,5070.393583
3734,10,5070.393583
3734,10,5070.393583
3735,10,5070.393583
3735,10,5070.393583
3736,10,5070.393583
3736,10,5070.393583
3737,10,5070.393583
3737,10,5070.393583
3738,10,5070.393583
3738,10,5070.393583
3739,10,5070.393583
3739,10,5070.393583
3740,10,5070.393583
3740,10,5070.393583
3741,10,5070.393583
3741,10,5070.393583
3742,10,5070.393583
3742,10,5070.393583
3743,10,5070.393583
3743,10,5070.393583
3744,10,5070.393583
3744,10,5070.393583
3745,10,5070.393583
3745,10,5070.393583
3746,10,5070.393583
3746,10,5070.393583
3747,10,5070.393583
3747,10,5070.393583
3748,10,5070.393583
3748,10,5070.393583
3749,10,5070.393583
3749,10,5070.393583
3750,10,5070.393583
3750,10,5070.393583
3751,10,5070.393583
3751,10,5070.393583
3752,10,5070.393583
3752,10,5070.393583
3753,10,5070.393583
3753,10,5070.393583
3754,10,5070.393583
3754,10,5070.393583
3755,10,5070.393583
3755,10,5070.393583
3756,10,5070.393583
3756,10,5070.393583
3757,10,5070.393583
3757,10,5070.393583
3758,10,5070.393583
3758,10,5070.393583
3759,10,5070.393583
3759,10,5070.393583
3760,10,5070.393583
3760,10,5070.393583
3761,10,5070.393583
3761,10,5070.393583
3762,10,5070.393583
3762,10,5070.393583
3763,10,5070.393583
3763,10,5070.393583
3764,10,5070.393583
3764,10,5070.393583
3765,10,5070.393583
3765,10,5070.393583
3766,10,5070.393583
3766,10,5070.393583
3767,10,5070.393583
3767,10,5070.393583
3768,10,5070.393583
3768,10,5070.393583
3769,10,5070.393583
3769,10,5070.393583
3770,10,5070.393583
3770,10,5070.393583
3771,10,5070.393583
3771,10,5070.393583
3772,10,5070.393583
3772,10,5070.393583
3773,10,5070.393583
3773,10,5070.393583
3774,10,5070.393583
3774,10,5070.393583
3775,10,5070.393583
3775,10,5070.393583
3776,10,5070.393583
3776,10,5070.393583
3777,10,5070.393583
3777,10,5070.393583
3778,10,5070.393583
3778,10,5070.393583
3779,10,5070.393583
3779,10,5070.393583
3780,10,5070.393583
3780,10,5070.393583
3781,10,5070.393583
3781,10,5070.393583
3782,10,5070.393583
3782,10,5070.393583
3783,10,5070.393583
3783,10,5070.393583
3784,10,5070.393583
3784,10,5070.393583
3785,10,5070.393583
3785,10,5070.393583
3786,10,5070.393583
3786,10,5070.393583
3787,10,5070.393583
3787,10,5070.393583
3788,10,5070.393583
3788,10,5070.393583
3789,10,5070.393583
3789,10,5070.393583
3790,10,5070.393583
3790,10,5070.393583
3791,10,5070.393583
3791,10,5070.393583
3792,10,5070.393583
3792,10,5070.393583
3793,10,5070.393583
3793,10,5070.393583
3794,10,5070.393583
3794,10,5070.393583
3795,10,5070.393583
3795,10,5070.393583
3796,10,5070.393583
3796,10,5070.393583
3797,10,5070.393583
3797,10,5070.393583
3798,10,5070.393583
3798,10,5070.393583
3799,10,5070.393583
3799,10,5070.393583
3800,10,5070.393583
3800,10,5070.393583
3801,10,5070.393583
3801,10,5070.393583
3802,10,5070.393583
3802,10,5070.393583
3803,10,5070.393583
3803,10,5070.393583
3804,10,5070.393583
3804,10,5070.393583
3805,10,5070.393583
3805,10,5070.393583
3806,10,5070.393583
3806,10,5070.393583
3807,10,5070.393583
3807,10,5070.393583
3808,10,5070.393583
3808,10,5070.393583
3809,10,5070.393583
3809,10,5070.393583
3810,10,5070.393583
3810,10,5070.393583
3811,10,5070.393583
3811,10,5070.393583
3812,10,5070.393583
3812,10,5070.393583
3813,10,5070.393583
3813,10,5070.393583
3814,10,5070.393583
3814,10,5070.393583
3815,10,5070.393583
3815,10,5070.393583
3816,10,5070.393583
3816,10,5070.393583
3817,10,5070.393583
3817,10,5070.393583
3818,10,5070.393583
3818,10,5070.393583
3819,10,5070.393583
3819,10,5070.393583
3820,10,5070.393583
3820,10,5070.393583
3821,10,5070.393583
3821,10,5070.393583
3822,10,5070.393583
3822,10,5070.393583
3823,10,5070.393583
3823,10,5070.393583
3824,10,5070.393583
3824,10,5070.393583
3825,10,5070.393583
3825,10,5070.393583
3826,10,5070.393583
3826,10,5070.393583
3827,10,5070.393583
3827,10,5070.393583
3828,10,5070.393583
3828,10,5070.393583
3829,10,5070.393583
3829,10,5070.393583
3830,10,5070.393583
3830,10,5070.393583
3831,10,5070.393583
3831,10,5070.393583
3832,10,5070.393583
3832,10,5070.393583
3833,10,5070.393583
3833,10,5070.393583
3834,10,5070.393583
3834,10,5070.393583
3835,10,5070.393583
3835,10,5070.393583
3836,10,5070.393583
3836,10,5070.393583
3837,10,5070.393583
3837,10,5070.393583
3838,10,5070.393583
3838,10,5070.393583
3839,10,5070.393583
3839,10,5070.393583
3840,10,5070.393583
3840,10,5070.393583
3841,10,5070.393583
3841,10,5070.393583
3842,10,5070.393583
3842,10,5070.393583
3843,10,5070.393583
3843,10,5070.393583
3844,10,5070.393583
3844,10,5070.393583
3845,10,5070.393583
3845,10,5070.393583
3846,10,5070.393583
3846,10,5070.393583
3847,10,5070.393583
3847,10,5070.393583
3848,10,5070.393583
3848,10,5070.393583
3849,10,5070.393583
3849,10,5070.393583
3850,10,5070.393583
3850,10,5070.393583
3851,10,5070.393583
3851,10,5070.393583
3852,10,5070.393583
3852,10,5070.393583
3853,10,5070.393583
3853,10,5070.393583
3854,10,5070.393583
3854,10,5070.393583
3855,10,5070.393583
3855,10,5070.393583
3856,10,5070.393583
3856,10,5070.393583
3857,10,5070.393583
3857,10,5070.393583
3858,10,5070.393583
3858,10,5070.393583
3859,10,5070.393583
3859,10,5070.393583
3860,10,5070.393583
3860,10,5070.393583
3861,10,5070.393583
3861,10,5070.393583
3862,10,5070.393583
3862,10,5070.393583
3863,10,5070.393583
3863,10,5070.393583
3864,10,5070.393583
3864,10,5070.393583
3865,10,5070.393583
3865,10,5070.393583
3866,10,5070.393583
3866,10,5070.393583
3867,10,5070.393583
3867,10,5070.393583
3868,10,5070.393583
3868,10,5070.393583
3869,10,5070.393583
3869,10,5070.393583
3870,10,5070.393583
3870,10,5070.393583
3871,10,5070.393583
3871,10,5070.393583
3872,10,5070.393583
3872,10,5070.393583
3873,10,5070.393583
3873,10,5070.393583
3874,10,5070.393583
3874,10,5070.393583
3875,10,5070.393583
3875,10,5070.393583
3876,10,5070.393583
3876,10,5070.393583
3877,10,5070.393583
3877,10,5070.393583
3878,10,5070.393583
3878,10,5070.393583
3879,10,5070.393583
3879,10,5070.393583
3880,10,5070.393583
3880,10,5070.393583
3881,10,5070.393583
3881,10,5070.393583
3882,10,5070.393583
3882,10,5070.393583
3883,10,5070.393583
3883,10,5070.393583
3884,10,5070.393583
3884,10,5070.393583
3885,10,5070.393583
3885,10,5070.393583
3886,10,5070.393583
3886,10,5070.393583
3887,10,5070.393583
3887,10,5070.393583
3888,10,5070.393583
3888,10,5070.393583
3889,10,5070.393583
3889,10,5070.393583
3890,10,5070.393583
3890,10,5070.393583
3891,10,5070.393583
3891,10,5070.393583
3892,10,5070.393583
3892,10,5070.393583
3893,10,5070.393583
3893,10,5070.393583
3894,10,5070.393583
3894,10,5070.393583
3895,10,5070.393583
3895,10,5070.393583
3896,10,5070.393583
3896,10,5070.393583
3897,10,5070.393583
3897,10,5070.393583
3898,10,5070.393583
3898,10,5070.393583
3899,10,5070.393583
3899,10,5070.393583
3900,10,5070.393583
3900,10,5070.393583
3901,10,5070.393583
3901,10,5070.393583
3902,10,5070.393583
3902,10,5070.393583
3903,10,5070.393583
3903,10,5070.393583
3904,10,5070.393583
3904,10,5070.393583
3905,10,5070.393583
3905,10,5070.393583
3906,10,5070.393583
3906,10,5070.393583
3907,10,5070.393583
3907,10,5070.393583
3908,10,5070.393583
3908,10,5070.393583
3909,10,5070.393583
3909,10,5070.393583
3910,10,5070.393583
3910,10,5070.393583
3911,10,5070.393583
3911,10,5070.393583
3912,10,5070.393583
3912,10,5070.393583
3913,10,5070.393583
3913,10,5070.393583
3914,10,5070.393583
3914,10,5070.393583
3915,10,5070.393583
3915,10,5070.393583
3916,10,5070.393583
3916,10,5070.393583
3917,10,5070.393583
3917,10,5070.393583
3918,10,5070.393583
3918,10,5070.393583
3919,10,5070.393583
3919,10,5070.393583
3920,10,5070.393583
3920,10,5070.393583
3921,10,5070.393583
3921,10,5070.393583
3922,10,5070.393583
3922,10,5070.393583
3923,10,5070.393583
3923,10,5070.393583
3924,10,5070.393583
3924,10,5070.393583
3925,10,5070.393583
3925,10,5070.393583
3926,10,5070.393583
3926,10,5070.393583
3927,10,5070.393583
3927,10,5070.393583
3928,10,5070.393583
3928,10,5070.393583
3929,10,5070.393583
3929,10,5070.393583
3930,10,5070.393583
3930,10,5070.393583
3931,10,5070.393583
3931,10,5070.393583
3932,10,5070.393583
3932,10,5070.393583
3933,10,5070.393583
3933,10,5070.393583
3934,10,5070.393583
3934,10,5070.393583
3935,10,5070.393583
3935,10,5070.393583
3936,10,5070.393583
3936,10,5070.393583
3937,10,5070.393583
3937,10,5070.393583
3938,10,5070.393583
3938,10,5070.393583
3939,10,5070.393583
3939,10,5070.393583
3940,10,5070.393583
3940,10,5070.393583
3941,10,5070.393583
3941,10,5070.393583
3942,10,5070.393583
3942,10,5070.393583
3943,10,5070.393583
3943,10,5070.393583
3944,10,5070.393583
3944,10,5070.393583
3945,10,5070.393583
3945,10,5070.393583
3946,10,5070.393583
3946,10,5070.393583
3947,10,5070.393583
3947,10,5070.393583
3948,10,5070.393583
3948,10,5070.393583
3949,10,5070.393583
3949,10,5070.393583
3950,10,5070.393583
3950,10,5070.393583
3951,10,5070.393583
3951,10,5070.393583
3952,10,5070.393583
3952,10,5070.393583
3953,10,5070.393583
3953,10,5070.393583
3954,10,5070.393583
3954,10,5070.393583
3955,10,5070.393583
3955,10,5070.393583
3956,10,5070.393583
3956,10,5070.393583
3957,10,5070.393583
3957,10,5070.393583
3958,10,5070.393583
3958,10,5070.393583
3959,10,5070.393583
3959,10,5070.393583
3960,10,5070.393583
3960,10,5070.393583
3961,10,5070.393583
3961,10,5070.393583
3962,10,5070.393583
3962,10,5070.393583
3963,10,5070.393583
3963,10,5070.393583
3964,10,5070.393583
3964,10,5070.393583
3965,10,5070.393583
3965,10,5070.393583
3966,10,5070.393583
3966,10,5070.393583
3967,10,5070.393583
3967,10,5070.393583
3968,10,5070.393583
3968,10,5070.393583
3969,10,5070.393583
3969,10,5070.393583
3970,10,5070.393583
3970,10,5070.393583
3971,10,5070.393583
3971,10,5070.393583
3972,10,5070.393583
3972,10,5070.393583
3973,10,5070.393583
3973,10,5070.393583
3974,10,5070.393583
3974,10,5070.393583
3975,10,5070.393583
3975,10,5070.393583
3976,10,5070.393583
3976,10,5070.393583
3977,10,5070.393583
3977,10,5070.393583
3978,10,5070.393583
3978,10,5070.393583
3979,10,5070.393583
3979,10,5070.393583
3980,10,5070.393583
3980,10,5070.393583
3981,10,5070.393583
3981,10,5070.393583
3982,10,5070.393583
3982,10,5070.393583
3983,10,5070.393583
3983,10,5070.393583
3984,10,5070.393583
3984,10,5070.393583
3985,10,5070.393583
3985,10,5070.393583
3986,10,5070.393583
3986,10,5070.393583
3987,10,5070.393583
3987,10,5070.393583
3988,10,5070.393583
3988,10,5070.393583
3989,10,5070.393583
3989,10,5070.393583
3990,10,5070.393583
3990,10,5070.393583
3991,10,5070.393583
3991,10,5070.393583
3992,10,5070.393583
3992,10,5070.393583
3993,10,5070.393583
3993,10,5070.393583
3994,10,5070.393583
3994,10,5070.393583
3995,10,5070.393583
3995,10,5070.393583
3996,10,5070.393583
3996,10,5070.393583
3997,10,5070.393583
3997,10,5070.393583
3998,10,5070.393583
3998,10,5070.393583
3999,10,5070.393583
3999,10,5070.393583
4000,10,5070.393583
4000,10,5070.393583
4001,10,5070.393583
4001,10,5070.393583
4002,10,5070.393583
4002,10,5070.393583
4003,10,5070.393583
4003,10,5070.393583
4004,10,5070.393583
4004,10,5070.393583
4005,10,5070.393583
4005,10,5070.393583
4006,10,5070.393583
4006,10,5070.393583
4007,10,5070.393583
4007,10,5070.393583
4008,10,5070.393583
4008,10,5070.393583
4009,10,5070.393583
4009,10,5070.393583
4010,10,5070.393583
4010,10,5070.393583
4011,10,5070.393583
4011,10,5070.393583
4012,10,5070.393583
4012,10,5070.393583
4013,10,5070.393583
4013,10,5070.393583
4014,10,5070.393583
4014,10,5070.393583
4015,10,5070.393583
4015,10,5070.393583
4016,10,5070.393583
4016,10,5070.393583
4017,10,5070.393583
4017,10,5070.393583
4018,10,5070.393583
4018,10,5070.393583
4019,10,5070.393583
4019,10,5070.393583
4020,10,5070.393583
4020,10,5070.393583
4021,10,5070.393583
4021,10,5070.393583
4022,10,5070.393583
4022,10,5070.393583
4023,10,5070.393583
4023,10,5070.393583
4024,10,5070.393583
4024,10,5070.393583
4025,10,5070.393583
4025,10,5070.393583
4026,10,5070.393583
4026,10,5070.393583
4027,10,5070.393583
4027,10,5070.393583
4028,10,5070.393583
4028,10,5070.393583
4029,10,5070.393583
4029,10,5070.393583
4030,10,5070.393583
4030,10,5070.393583
4031,10,5070.393583
4031,10,5070.393583
4032,10,5070.393583
4032,10,5070.393583
4033,10,5070.393583
4033,10,5070.393583
4034,10,5070.393583
4034,10,5070.393583
4035,10,5070.393583
4035,10,5070.393583
4036,10,5070.393583
4036,10,5070.393583
4037,10,5070.393583
4037,10,5070.393583
4038,10,5070.393583
4038,10,5070.393583
4039,10,5070.393583
4039,10,5070.393583
4040,10,5070.393583
4040,10,5070.393583
4041,10,5070.393583
4041,10,5070.393583
4042,10,5070.393583
4042,10,5070.393583
4043,10,5070.393583
4043,10,5070.393583
4044,10,5070.393583
4044,10,5070.393583
4045,10,5070.393583
4045,10,5070.393583
4046,10,5070.393583
4046,10,5070.393583
4047,10,5070.393583
4047,10,5070.393583
4048,10,5070.393583
4048,10,5070.393583
4049,10,5070.393583
4049,10,5070.393583
4050,10,5070.393583
4050,10,5070.393583
4051,10,5070.393583
4051,10,5070.393583
4052,10,5070.393583
4052,10,5070.393583
4053,10,5070.393583
4053,10,5070.393583
4054,10,5070.393583
4054,10,5070.393583
4055,10,5070.393583
4055,10,5070.393583
4056,10,5070.393583
4056,10,5070.393583
4057,10,5070.393583
4057,10,5070.393583
4058,10,5070.393583
4058,10,5070.393583
4059,10,5070.393583
4059,10,5070.393583
4060,10,5070.393583
4060,10,5070.393583
4061,10,5070.393583
4061,10,5070.393583
4062,10,5070.393583
4062,10,5070.393583
4063,10,5070.393583
4063,10,5070.393583
4064,10,5070.393583
4064,10,5070.393583
4065,10,5070.393583
4065,10,5070.393583
4066,10,5070.393583
4066,10,5070.393583
4067,10,5070.393583
4067,10,5070.393583
4068,10,5070.393583
4068,10,5070.393583
4069,10,5070.393583
4069,10,5070.393583
4070,10,5070.393583
4070,10,5070.393583
4071,10,5070.393583
4071,10,5070.393583
4072,10,5070.393583
4072,10,5070.393583
4073,10,5070.393583
4073,10,5070.393583
4074,10,5070.393583
4074,10,5070.393583
4075,10,5070.393583
4075,10,5070.393583
4076,10,5070.393583
4076,10,5070.393583
4077,10,5070.393583
4077,10,5070.393583
4078,10,5070.393583
4078,10,5070.393583
4079,10,5070.393583
4079,10,5070.393583
4080,10,5070.393583
4080,10,5070.393583
4081,10,5070.393583
4081,10,5070.393583
4082,10,5070.393583
4082,10,5070.393583
4083,10,5070.393583
4083,10,5070.393583
4084,10,5070.393583
4084,10,5070.393583
4085,10,5070.393583
4085,10,5070.393583
4086,10,5070.393583
4086,10,5070.393583
4087,10,5070.393583
4087,10,5070.393583
4088,10,5070.393583
4088,10,5070.393583
4089,10,5070.393583
4089,10,5070.393583
4090,10,5070.393583
4090,10,5070.393583
4091,10,5070.393583
4091,10,5070.393583
4092,10,5070.393583
4092,10,5070.393583
4093,10,5070.393583
4093,10,5070.393583
4094,10,5070.393583
4094,10,5070.393583
4095,10,5070.393583
4095,10,5070.393583
4096,10,5070.393583
4096,10,5070.393583
4097,10,5070.393583
4097,10,5070.393583
4098,10,5070.393583
4098,10,5070.393583
4099,10,5070.393583
4099,10,5070.393583
4100,10,5070.393583
4100,10,5070.393583
4101,10,5070.393583
4101,10,5070.393583
4102,10,5070.393583
4102,10,5070.393583
4103,10,5070.393583
4103,10,5070.393583
4104,10,5070.393583
4104,10,5070.393583
4105,10,5070.393583
4105,10,5070.393583
4106,10,5070.393583
4106,10,5070.393583
4107,10,5070.393583
4107,10,5070.393583
4108,10,5070.393583
4108,10,5070.393583
4109,10,5070.393583
4109,10,5070.393583
4110,10,5070.393583
4110,10,5070.393583
4111,10,5070.393583
4111,10,5070.393583
4112,10,5070.393583
4112,10,5070.393583
4113,10,5070.393583
4113,10,5070.393583
4114,10,5070.393583
4114,10,5070.393583
4115,10,5070.393583
4115,10,5070.393583
4116,10,5070.393583
4116,10,5070.393583
4117,10,5070.393583
4117,10,5070.393583
4118,10,5070.393583
4118,10,5070.393583
4119,10,5070.393583
4119,10,5070.393583
4120,10,5070.393583
4120,10,5070.393583
4121,10,5070.393583
4121,10,5070.393583
4122,10,5070.393583
4122,10,5070.393583
4123,10,5070.393583
4123,10,5070.393583
4124,10,5070.393583
4124,10,5070.393583
4125,10,5070.393583
4125,10,5070.393583
4126,10,5070.393583
4126,10,5070.393583
4127,10,5070.393583
4127,10,5070.393583
4128,10,5070.393583
4128,10,5070.393583
4129,10,5070.393583
4129,10,5070.393583
4130,10,5070.393583
4130,10,5070.393583
4131,10,5070.393583
4131,10,5070.393583
4132,10,5070.393583
4132,10,5070.393583
4133,10,5070.393583
4133,10,5070.393583
4134,10,5070.393583
4134,10,5070.393583
4135,10,5070.393583
4135,10,5070.393583
4136,10,5070.393583
4136,10,5070.393583
4137,10,5070.393583
4137,10,5070.393583
4138,10,5070.393583
4138,10,5070.393583
4139,10,5070.393583
4139,10,5070.393583
4140,10,5070.393583
4140,10,5070.393583
4141,10,5070.393583
4141,10,5070.393583
4142,10,5070.393583
4142,10,5070.393583
4143,10,5070.393583
4143,10,5070.393583
4144,10,5070.393583
4144,10,5070.393583
4145,10,5070.393583
4145,10,5070.393583
4146,10,5070.393583
4146,10,5070.393583
4147,10,5070.393583
4147,10,5070.393583
4148,10,5070.393583
4148,10,5070.393583
4149,10,5070.393583
4149,10,5070.393583
4150,10,5070.393583
4150,10,5070.393583
4151,10,5070.393583
4151,10,5070.393583
4152,10,5070.393583
4152,10,5070.393583
4153,10,5070.393583
4153,10,5070.393583
4154,10,5070.393583
4154,10,5070.393583
4155,10,5070.393583
4155,10,5070.393583
4156,10,5070.393583
4156,10,5070.393583
4157,10,5070.393583
4157,10,5070.393583
4158,10,5070.393583
4158,10,5070.393583
4159,10,5070.393583
4159,10,5070.393583
4160,10,5070.393583
4160,10,5070.393583
4161,10,5070.393583
4161,10,5070.393583
4162,10,5070.393583
4162,10,5070.393583
4163,10,5070.393583
4163,10,5070.393583
4164,10,5070.393583
4164,10,5070.393583
4165,10,5070.393583
4165,10,5070.393583
4166,10,5070.393583
4166,10,5070.393583
4167,10,5070.393583
4167,10,5070.393583
4168,10,5070.393583
4168,10,5070.393583
4169,10,5070.393583
4169,10,5070.393583
4170,10,5070.393583
4170,10,5070.393583
4171,10,5070.393583
4171,10,5070.393583
4172,10,5070.393583
4172,10,5070.393583
4173,10,5070.393583
4173,10,5070.393583
4174,10,5070.393583
4174,10,5070.393583
4175,10,5070.393583
4175,10,5070.393583
4176,10,5070.393583
4176,10,5070.393583
4177,10,5070.393583
4177,10,5070.393583
4178,10,5070.393583
4178,10,5070.393583
4179,10,5070.393583
4179,10,5070.393583
4180,10,5070.393583
4180,10,5070.393583
4181,10,5070.393583
4181,10,5070.393583
4182,10,5070.393583
4182,10,5070.393583
4183,10,5070.393583
4183,10,5070.393583
4184,10,5070.393583
4184,10,5070.393583
4185,10,5070.393583
4185,10,5070.393583
4186,10,5070.393583
4186,10,5070.393583
4187,10,5070.393583
4187,10,5070.393583
4188,10,5070.393583
4188,10,5070.393583
4189,10,5070.393583
4189,10,5070.393583
4190,10,5070.393583
4190,10,5070.393583
4191,10,5070.393583
4191,10,5070.393583
4192,10,5070.393583
4192,10,5070.393583
4193,10,5070.393583
4193,10,5070.393583
4194,10,5070.393583
4194,10,5070.393583
4195,10,5070.393583
4195,10,5070.393583
4196,10,5070.393583
4196,10,5070.393583
4197,10,5070.393583
4197,10,5070.393583
4198,10,5070.393583
4198,10,5070.393583
4199,10,5070.393583
4199,10,5070.393583
4200,10,5070.393583
4200,10,5070.393583
4201,10,5070.393583
4201,10,5070.393583
4202,10,5070.393583
4202,10,5070.393583
4203,10,5070.393583
4203,10,5070.393583
4204,10,5070.393583
4204,10,5070.393583
4205,10,5070.393583
4205,10,5070.393583
4206,10,5070.393583
4206,10,5070.393583
4207,10,5070.393583
4207,10,5070.393583
4208,10,5070.393583
4208,10,5070.393583
4209,10,5070.393583
4209,10,5070.393583
4210,10,5070.393583
4210,10,5070.393583
4211,10,5070.393583
4211,10,5070.393583
4212,10,5070.393583
4212,10,5070.393583
4213,10,5070.393583
4213,10,5070.393583
4214,10,5070.393583
4214,10,5070.393583
4215,10,5070.393583
4215,10,5070.393583
4216,10,5070.393583
4216,10,5070.393583
4217,10,5070.393583
4217,10,5070.393583
4218,10,5070.393583
4218,10,5070.393583
4219,10,5070.393583
4219,10,5070.393583
4220,10,5070.393583
4220,10,5070.393583
4221,10,5070.393583
4221,10,5070.393583
4222,10,5070.393583
4222,10,5070.393583
4223,10,5070.393583
4223,10,5070.393583
4224,10,5070.393583
4224,10,5070.393583
4225,10,5070.393583
4225,10,5070.393583
4226,10,5070.393583
4226,10,5070.393583
4227,10,5070.393583
4227,10,5070.393583
4228,10,5070.393583
4228,10,5070.393583
4229,10,5070.393583
4229,10,5070.393583
4230,10,5070.393583
4230,10,5070.393583
4231,10,5070.393583
4231,10,5070.393583
4232,10,5070.393583
4232,10,5070.393583
4233,10,5070.393583
4233,10,5070.393583
4234,10,5070.393583
4234,10,5070.393583
4235,10,5070.393583
4235,10,5070.393583
4236,10,5070.393583
4236,10,5070.393583
4237,10,5070.393583
4237,10,5070.393583
4238,10,5070.393583
4238,10,5070.393583
4239,10,5070.393583
4239,10,5070.393583
4240,10,5070.393583
4240,10,5070.393583
4241,10,5070.393583
4241,10,5070.393583
4242,10,5070.393583
4242,10,5070.393583
4243,10,5070.393583
4243,10,5070.393583
4244,10,5070.393583
4244,10,5070.393583
4245,10,5070.393583
4245,10,5070.393583
4246,10,5070.393583
4246,10,5070.393583
4247,10,5070.393583
4247,10,5070.393583
4248,10,5070.393583
4248,10,5070.393583
4249,10,5070.393583
4249,10,5070.393583
4250,10,5070.393583
4250,10,5070.393583
4251,10,5070.393583
4251,10,5070.393583
4252,10,5070.393583
4252,10,5070.393583
4253,10,5070.393583
4253,10,5070.393583
4254,10,5070.393583
4254,10,5070.393583
4255,10,5070.393583
4255,10,5070.393583
4256,10,5070.393583
4256,10,5070.393583
4257,10,5070.393583
4257,10,5070.393583
4258,10,5070.393583
4258,10,5070.393583
4259,10,5070.393583
4259,10,5070.393583
4260,10,5070.393583
4260,10,5070.393583
4261,10,5070.393583
4261,10,5070.393583
4262,10,5070.393583
4262,10,5070.393583
4263,10,5070.393583
4263,10,5070.393583
4264,10,5070.393583
4264,10,5070.393583
4265,10,5070.393583
4265,10,5070.393583
4266,10,5070.393583
4266,10,5070.393583
4267,10,5070.393583
4267,10,5070.393583
4268,10,5070.393583
4268,10,5070.393583
4269,10,5070.393583
4269,10,5070.393583
4270,10,5070.393583
4270,10,5070.393583
4271,10,5070.393583
4271,10,5070.393583
4272,10,5070.393583
4272,10,5070.393583
4273,10,5070.393583
4273,10,5070.393583
4274,10,5070.393583
4274,10,5070.393583
4275,10,5070.393583
4275,10,5070.393583
4276,10,5070.393583
4276,10,5070.393583
4277,10,5070.393583
4277,10,5070.393583
4278,10,5070.393583
4278,10,5070.393583
4279,10,5070.393583
4279,10,5070.393583
4280,10,5070.393583
4280,10,5070.393583
4281,10,5070.393583
4281,10,5070.393583
4282,10,5070.393583
4282,10,5070.393583
4283,10,5070.393583
4283,10,5070.393583
4284,10,5070.393583
4284,10,5070.393583
4285,10,5070.393583
4285,10,5070.393583
4286,10,5070.393583
4286,10,5070.393583
4287,10,5070.393583
4287,10,5070.393583
4288,10,5070.393583
4288,10,5070.393583
4289,10,5070.393583
4289,10,5070.393583
4290,10,5070.393583
4290,10,5070.393583
4291,10,5070.393583
4291,10,5070.393583
4292,10,5070.393583
4292,10,5070.393583
4293,10,5070.393583
4293,10,5070.393583
4294,10,5070.393583
4294,10,5070.393583
4295,10,5070.393583
4295,10,5070.393583
4296,10,5070.393583
4296,10,5070.393583
4297,10,5070.393583
4297,10,5070.393583
4298,10,5070.393583
4298,10,5070.393583
4299,10,5070.393583
4299,10,5070.393583
4300,10,5070.393583
4300,10,5070.393583
4301,10,5070.393583
4301,10,5070.393583
4302,10,5070.393583
4302,10,5070.393583
4303,10,5070.393583
4303,10,5070.393583
4304,10,5070.393583
4304,10,5070.393583
4305,10,5070.393583
4305,10,5070.393583
4306,10,5070.393583
4306,10,5070.393583
4307,10,5070.393583
4307,10,5070.393583
4308,10,5070.393583
4308,10,5070.393583
4309,10,5070.393583
4309,10,5070.393583
4310,10,5070.393583
4310,10,5070.393583
4311,10,5070.393583
4311,10,5070.393583
4312,10,5070.393583
4312,10,5070.393583
4313,10,5070.393583
4313,10,5070.393583
4314,10,5070.393583
4314,10,5070.393583
4315,10,5070.393583
4315,10,5070.393583
4316,10,5070.393583
4316,10,5070.393583
4317,10,5070.393583
4317,10,5070.393583
4318,10,5070.393583
4318,10,5070.393583
4319,10,5070.393583
4319,10,5070.393583
4320,10,5070.393583
4320,10,5070.393583
4321,10,5070.393583
4321,10,5070.393583
4322,10,5070.393583
4322,10,5070.393583
4323,10,5070.393583
4323,10,5070.393583
4324,10,5070.393583
4324,10,5070.393583
4325,10,5070.393583
4325,10,5070.393583
4326,10,5070.393583
4326,10,5070.393583
4327,10,5070.393583
4327,10,5070.393583
4328,10,5070.393583
4328,10,5070.393583
4329,10,5070.393583
4329,10,5070.393583
4330,10,5070.393583
4330,10,5070.393583
4331,10,5070.393583
4331,10,5070.393583
4332,10,5070.393583
4332,10,5070.393583
4333,10,5070.393583
4333,10,5070.393583
4334,10,5070.393583
4334,10,5070.393583
4335,10,5070.393583
4335,10,5070.393583
4336,10,5070.393583
4336,10,5070.393583
4337,10,5070.393583
4337,10,5070.393583
4338,10,5070.393583
4338,10,5070.393583
4339,10,5070.393583
4339,10,5070.393583
4340,10,5070.393583
4340,10,5070.393583
4341,10,5070.393583
4341,10,5070.393583
4342,10,5070.393583
4342,10,5070.393583
4343,10,5070.393583
4343,10,5070.393583
4344,10,5070.393583
4344,10,5070.393583
4345,10,5070.393583
4345,10,5070.393583
4346,10,5070.393583
4346,10,5070.393583
4347,10,5070.393583
4347,10,5070.393583
4348,10,5070.393583
4348,10,5070.393583
4349,10,5070.393583
4349,10,5070.393583
4350,10,5070.393583
4350,10,5070.393583
4351,10,5070.393583
4351,10,5070.393583
4352,10,5070.393583
4352,10,5070.393583
4353,10,5070.393583
4353,10,5070.393583
4354,10,5070.393583
4354,10,5070.393583
4355,10,5070.393583
4355,10,5070.393583
4356,10,5070.393583
4356,10,5070.393583
4357,10,5070.393583
4357,10,5070.393583
4358,10,5070.393583
4358,10,5070.393583
4359,10,5070.393583
4359,10,5070.393583
4360,10,5070.393583
4360,10,5070.393583
4361,10,5070.393583
4361,10,5070.393583
4362,10,5070.393583
4362,10,5070.393583
4363,10,5070.393583
4363,10,5070.393583
4364,10,5070.393583
4364,10,5070.393583
4365,10,5070.393583
4365,10,5070.393583
4366,10,5070.393583
4366,10,5070.393583
4367,10,5070.393583
4367,10,5070.393583
4368,10,5070.393583
4368,10,5070.393583
4369,10,5070.393583
4369,10,5070.393583
4370,10,5070.393583
4370,10,5070.393583
4371,10,5070.393583
4371,10,5070.393583
4372,10,5070.393583
4372,10,5070.393583
4373,10,5070.393583
4373,10,5070.393583
4374,10,5070.393583
4374,10,5070.393583
4375,10,5070.393583
4375,10,5070.393583
4376,10,5070.393583
4376,10,5070.393583
4377,10,5070.393583
4377,10,5070.393583
4378,10,5070.393583
4378,10,5070.393583
4379,10,5070.393583
4379,10,5070.393583
4380,10,5070.393583
4380,10,5070.393583
4381,10,5070.393583
4381,10,5070.393583
4382,10,5070.393583
4382,10,5070.393583
4383,10,5070.393583
4383,10,5070.393583
4384,10,5070.393583
4384,10,5070.393583
4385,10,5070.393583
4385,10,5070.393583
4386,10,5070.393583
4386,10,5070.393583
4387,10,5070.393583
4387,10,5070.393583
4388,10,5070.393583
4388,10,5070.393583
4389,10,5070.393583
4389,10,5070.393583
4390,10,5070.393583
4390,10,5070.393583
4391,10,5070.393583
4391,10,5070.393583
4392,10,5070.393583
4392,10,5070.393583
4393,10,5070.393583
4393,10,5070.393583
4394,10,5070.393583
4394,10,5070.393583
4395,10,5070.393583
4395,10,5070.393583
4396,10,5070.393583
4396,10,5070.393583
4397,10,5070.393583
4397,10,5070.393583
4398,10,5070.393583
4398,10,5070.393583
4399,10,5070.393583
4399,10,5070.393583
4400,10,5070.393583
4400,10,5070.393583
4401,10,5070.393583
4401,10,5070.393583
4402,10,5070.393583
4402,10,5070.393583
4403,10,5070.393583
4403,10,5070.393583
4404,10,5070.393583
4404,10,5070.393583
4405,10,5070.393583
4405,10,5070.393583
4406,10,5070.393583
4406,10,5070.393583
4407,10,5070.393583
4407,10,5070.393583
4408,10,5070.393583
4408,10,5070.393583
4409,10,5070.393583
4409,10,5070.393583
4410,10,5070.393583
4410,10,5070.393583
4411,10,5070.393583
4411,10,5070.393583
4412,10,5070.393583
4412,10,5070.393583
4413,10,5070.393583
4413,10,5070.393583
4414,10,5070.393583
4414,10,5070.393583
4415,10,5070.393583
4415,10,5070.393583
4416,10,5070.393583
4416,10,5070.393583
4417,10,5070.393583
4417,10,5070.393583
4418,10,5070.393583
4418,10,5070.393583
4419,10,5070.393583
4419,10,5070.393583
4420,10,5070.393583
4420,10,5070.393583
4421,10,5070.393583
4421,10,5070.393583
4422,10,5070.393583
4422,10,5070.393583
4423,10,5070.393583
4423,10,5070.393583
4424,10,5070.393583
4424,10,5070.393583
4425,10,5070.393583
4425,10,5070.393583
4426,10,5070.393583
4426,10,5070.393583
4427,10,5070.393583
4427,10,5070.393583
4428,10,5070.393583
4428,10,5070.393583
4429,10,5070.393583
4429,10,5070.393583
4430,10,5070.393583
4430,10,5070.393583
4431,10,5070.393583
4431,10,5070.393583
4432,10,5070.393583
4432,10,5070.393583
4433,10,5070.393583
4433,10,5070.393583
4434,10,5070.393583
4434,10,5070.393583
4435,10,5070.393583
4435,10,5070.393583
4436,10,5070.393583
4436,10,5070.393583
4437,10,5070.393583
4437,10,5070.393583
4438,10,5070.393583
4438,10,5070.393583
4439,10,5070.393583
4439,10,5070.393583
4440,10,5070.393583
4440,10,5070.393583
4441,10,5070.393583
4441,10,5070.393583
4442,10,5070.393583
4442,10,5070.393583
4443,10,5070.393583
4443,10,5070.393583
4444,10,5070.393583
4444,10,5070.393583
4445,10,5070.393583
4445,10,5070.393583
4446,10,5070.393583
4446,10,5070.393583
4447,10,5070.393583
4447,10,5070.393583
4448,10,5070.393583
4448,10,5070.393583
4449,10,5070.393583
4449,10,5070.393583
4450,10,5070.393583
4450,10,5070.393583
4451,10,5070.393583
4451,10,5070.393583
4452,10,5070.393583
4452,10,5070.393583
4453,10,5070.393583
4453,10,5070.393583
4454,10,5070.393583
4454,10,5070.393583
4455,10,5070.393583
4455,10,5070.393583
4456,10,5070.393583
4456,10,5070.393583
4457,10,5070.393583
4457,10,5070.393583
4458,10,5070.393583
4458,10,5070.393583
4459,10,5070.393583
4459,10,5070.393583
4460,10,5070.393583
4460,10,5070.393583
4461,10,5070.393583
4461,10,5070.393583
4462,10,5070.393583
4462,10,5070.393583
4463,10,5070.393583
4463,10,5070.393583
4464,10,5070.393583
4464,10,5070.393583
4465,10,5070.393583
4465,10,5070.393583
4466,10,5070.393583
4466,10,5070.393583
4467,10,5070.393583
4467,10,5070.393583
4468,10,5070.393583
4468,10,5070.393583
4469,10,5070.393583
4469,10,5070.393583
4470,10,5070.393583
4470,10,5070.393583
4471,10,5070.393583
4471,10,5070.393583
4472,10,5070.393583
4472,10,5070.393583
4473,10,5070.393583
4473,10,5070.393583
4474,10,5070.393583
4474,10,5070.393583
4475,10,5070.393583
4475,10,5070.393583
4476,10,5070.393583
4476,10,5070.393583
4477,10,5070.393583
4477,10,5070.393583
4478,10,5070.393583
4478,10,5070.393583
4479,10,5070.393583
4479,10,5070.393583
4480,10,5070.393583
4480,10,5070.393583
4481,10,5070.393583
4481,10,5070.393583
4482,10,5070.393583
4482,10,5070.393583
4483,10,5070.393583
4483,10,5070.393583
4484,10,5070.393583
4484,10,5070.393583
4485,10,5070.393583
4485,10,5070.393583
4486,10,5070.393583
4486,10,5070.393583
4487,10,5070.393583
4487,10,5070.393583
4488,10,5070.393583
4488,10,5070.393583
4489,10,5070.393583
4489,10,5070.393583
4490,10,5070.393583
4490,10,5070.393583
4491,10,5070.393583
4491,10,5070.393583
4492,10,5070.393583
4492,10,5070.393583
4493,10,5070.393583
4493,10,5070.393583
4494,10,5070.393583
4494,10,5070.393583
4495,10,5070.393583
4495,10,5070.393583
4496,10,5070.393583
4496,10,5070.393583
4497,10,5070.393583
4497,10,5070.393583
4498,10,5070.393583
4498,10,5070.393583
4499,10,5070.393583
4499,10,5070.393583
4500,10,5070.393583
4500,10,5070.393583
4501,10,5070.393583
4501,10,5070.393583
4502,10,5070.393583
4502,10,5070.393583
4503,10,5070.393583
4503,10,5070.393583
4504,10,5070.393583
4504,10,5070.393583
4505,10,5070.393583
4505,10,5070.393583
4506,10,5070.393583
4506,10,5070.393583
4507,10,5070.393583
4507,10,5070.393583
4508,10,5070.393583
4508,10,5070.393583
4509,10,5070.393583
4509,10,5070.393583
4510,10,5070.393583
4510,10,5070.393583
4511,10,5070.393583
4511,10,5070.393583
4512,10,5070.393583
4512,10,5070.393583
4513,10,5070.393583
4513,10,5070.393583
4514,10,5070.393583
4514,10,5070.393583
4515,10,5070.393583
4515,10,5070.393583
4516,10,5070.393583
4516,10,5070.393583
4517,10,5070.393583
4517,10,5070.393583
4518,10,5070.393583
4518,10,5070.393583
4519,10,5070.393583
4519,10,5070.393583
4520,10,5070.393583
4520,10,5070.393583
4521,10,5070.393583
4521,10,5070.393583
4522,10,5070.393583
4522,10,5070.393583
4523,10,5070.393583
4523,10,5070.393583
4524,10,5070.393583
4524,10,5070.393583
4525,10,5070.393583
4525,10,5070.393583
4526,10,5070.393583
4526,10,5070.393583
4527,10,5070.393583
4527,10,5070.393583
4528,10,5070.393583
4528,10,5070.393583
4529,10,5070.393583
4529,10,5070.393583
4530,10,5070.393583
4530,10,5070.393583
4531,10,5070.393583
4531,10,5070.393583
4532,10,5070.393583
4532,10,5070.393583
4533,10,5070.393583
4533,10,5070.393583
4534,10,5070.393583
4534,10,5070.393583
4535,10,5070.393583
4535,10,5070.393583
4536,10,5070.393583
4536,10,5070.393583
4537,10,5070.393583
4537,10,5070.393583
4538,10,5070.393583
4538,10,5070.393583
4539,10,5070.393583
4539,10,5070.393583
4540,10,5070.393583
4540,10,5070.393583
4541,10,5070.393583
4541,10,5070.393583
4542,10,5070.393583
4542,10,5070.393583
4543,10,5070.393583
4543,10,5070.393583
4544,10,5070.393583
4544,10,5070.393583
4545,10,5070.393583
4545,10,5070.393583
4546,10,5070.393583
4546,10,5070.393583
4547,10,5070.393583
4547,10,5070.393583
4548,10,5070.393583
4548,10,5070.393583
4549,10,5070.393583
4549,10,5070.393583
4550,10,5070.393583
4550,10,5070.393583
4551,10,5070.393583
4551,10,5070.393583
4552,10,5070.393583
4552,10,5070.393583
4553,10,5070.393583
4553,10,5070.393583
4554,10,5070.393583
4554,10,5070.393583
4555,10,5070.393583
4555,10,5070.393583
4556,10,5070.393583
4556,10,5070.393583
4557,10,5070.393583
4557,10,5070.393583
4558,10,5070.393583
4558,10,5070.393583
4559,10,5070.393583
4559,10,5070.393583
4560,10,5070.393583
4560,10,5070.393583
4561,10,5070.393583
4561,10,5070.393583
4562,10,5070.393583
4562,10,5070.393583
4563,10,5070.393583
4563,10,5070.393583
4564,10,5070.393583
4564,10,5070.393583
4565,10,5070.393583
4565,10,5070.393583
4566,10,5070.393583
4566,10,5070.393583
4567,10,5070.393583
4567,10,5070.393583
4568,10,5070.393583
4568,10,5070.393583
4569,10,5070.393583
4569,10,5070.393583
4570,10,5070.393583
4570,10,5070.393583
4571,10,5070.393583
4571,10,5070.393583
4572,10,5070.393583
4572,10,5070.393583
4573,10,5070.393583
4573,10,5070.393583
4574,10,5070.393583
4574,10,5070.393583
4575,10,5070.393583
4575,10,5070.393583
4576,10,5070.393583
4576,10,5070.393583
4577,10,5070.393583
4577,10,5070.393583
4578,10,5070.393583
4578,10,5070.393583
4579,10,5070.393583
4579,10,5070.393583
4580,10,5070.393583
4580,10,5070.393583
4581,10,5070.393583
4581,10,5070.393583
4582,10,5070.393583
4582,10,5070.393583
4583,10,5070.393583
4583,10,5070.393583
4584,10,5070.393583
4584,10,5070.393583
4585,10,5070.393583
4585,10,5070.393583
4586,10,5070.393583
4586,10,5070.393583
4587,10,5070.393583
4587,10,5070.393583
4588,10,5070.393583
4588,10,5070.393583
4589,10,5070.393583
4589,10,5070.393583
4590,10,5070.393583
4590,10,5070.393583
4591,10,5070.393583
4591,10,5070.393583
4592,10,5070.393583
4592,10,5070.393583
4593,10,5070.393583
4593,10,5070.393583
4594,10,5070.393583
4594,10,5070.393583
4595,10,5070.393583
4595,10,5070.393583
4596,10,5070.393583
4596,10,5070.393583
4597,10,5070.393583
4597,10,5070.393583
4598,10,5070.393583
4598,10,5070.393583
4599,10,5070.393583
4599,10,5070.393583
4600,10,5070.393583
4600,10,5070.393583
4601,10,5070.393583
4601,10,5070.393583
4602,10,5070.393583
4602,10,5070.393583
4603,10,5070.393583
4603,10,5070.393583
4604,10,5070.393583
4604,10,5070.393583
4605,10,5070.393583
4605,10,5070.393583
4606,10,5070.393583
4606,10,5070.393583
4607,10,5070.393583
4607,10,5070.393583
4608,10,5070.393583
4608,10,5070.393583
4609,10,5070.393583
4609,10,5070.393583
4610,10,5070.393583
4610,10,5070.393583
4611,10,5070.393583
4611,10,5070.393583
4612,10,5070.393583
4612,10,5070.393583
4613,10,5070.393583
4613,10,5070.393583
4614,10,5070.393583
4614,10,5070.393583
4615,10,5070.393583
4615,10,5070.393583
4616,10,5070.393583
4616,10,5070.393583
4617,10,5070.393583
4617,10,5070.393583
4618,10,5070.393583
4618,10,5070.393583
4619,10,5070.393583
4619,10,5070.393583
4620,10,5070.393583
4620,10,5070.393583
4621,10,5070.393583
4621,10,5070.393583
4622,10,5070.393583
4622,10,5070.393583
4623,10,5070.393583
4623,10,5070.393583
4624,10,5070.393583
4624,10,5070.393583
4625,10,5070.393583
4625,10,5070.393583
4626,10,5070.393583
4626,10,5070.393583
4627,10,5070.393583
4627,10,5070.393583
4628,10,5070.393583
4628,10,5070.393583
4629,10,5070.393583
4629,10,5070.393583
4630,10,5070.393583
4630,10,5070.393583
4631,10,5070.393583
4631,10,5070.393583
4632,10,5070.393583
4632,10,5070.393583
4633,10,5070.393583
4633,10,5070.393583
4634,10,5070.393583
4634,10,5070.393583
4635,10,5070.393583
4635,10,5070.393583
4636,10,5070.393583
4636,10,5070.393583
4637,10,5070.393583
4637,10,5070.393583
4638,10,5070.393583
4638,10,5070.393583
4639,10,5070.393583
4639,10,5070.393583
4640,10,5070.393583
4640,10,5070.393583
4641,10,5070.393583
4641,10,5070.393583
4642,10,5070.393583
4642,10,5070.393583
4643,10,5070.393583
4643,10,5070.393583
4644,10,5070.393583
4644,10,5070.393583
4645,10,5070.393583
4645,10,5070.393583
4646,10,5070.393583
4646,10,5070.393583
4647,10,5070.393583
4647,10,5070.393583
4648,10,5070.393583
4648,10,5070.393583
4649,10,5070.393583
4649,10,5070.393583
4650,10,5070.393583
4650,10,5070.393583
4651,10,5070.393583
4651,10,5070.393583
4652,10,5070.393583
4652,10,5070.393583
4653,10,5070.393583
4653,10,5070.393583
4654,10,5070.393583
4654,10,5070.393583
4655,10,5070.393583
4655,10,5070.393583
4656,10,5070.393583
4656,10,5070.393583
4657,10,5070.393583
4657,10,5070.393583
4658,10,5070.393583
4658,10,5070.393583
4659,10,5070.393583
4659,10,5070.393583
4660,10,5070.393583
4660,10,5070.393583
4661,10,5070.393583
4661,10,5070.393583
4662,10,5070.393583
4662,10,5070.393583
4663,10,5070.393583
4663,10,5070.393583
4664,10,5070.393583
4664,10,5070.393583
4665,10,5070.393583
4665,10,5070.393583
4666,10,5070.393583
4666,10,5070.393583
4667,10,5070.393583
4667,10,5070.393583
4668,10,5070.393583
4668,10,5070.393583
4669,10,5070.393583
4669,10,5070.393583
4670,10,5070.393583
4670,10,5070.393583
4671,10,5070.393583
4671,10,5070.393583
4672,10,5070.393583
4672,10,5070.393583
4673,10,5070.393583
4673,10,5070.393583
4674,10,5070.393583
4674,10,5070.393583
4675,10,5070.393583
4675,10,5070.393583
4676,10,5070.393583
4676,10,5070.393583
4677,10,5070.393583
4677,10,5070.393583
4678,10,5070.393583
4678,10,5070.393583
4679,10,5070.393583
4679,10,5070.393583
4680,10,5070.393583
4680,10,5070.393583
4681,10,5070.393583
4681,10,5070.393583
4682,10,5070.393583
4682,10,5070.393583
4683,10,5070.393583
4683,10,5070.393583
4684,10,5070.393583
4684,10,5070.393583
4685,10,5070.393583
4685,10,5070.393583
4686,10,5070.393583
4686,10,5070.393583
4687,10,5070.393583
4687,10,5070.393583
4688,10,5070.393583
4688,10,5070.393583
4689,10,5070.393583
4689,10,5070.393583
4690,10,5070.393583
4690,10,5070.393583
4691,10,5070.393583
4691,10,5070.393583
4692,10,5070.393583
4692,10,5070.393583
4693,10,5070.393583
4693,10,5070.393583
4694,10,5070.393583
4694,10,5070.393583
4695,10,5070.393583
4695,10,5070.393583
4696,10,5070.393583
4696,10,5070.393583
4697,10,5070.393583
4697,10,5070.393583
4698,10,5070.393583
4698,10,5070.393583
4699,10,5070.393583
4699,10,5070.393583
4700,10,5070.393583
4700,10,5070.393583
4701,10,5070.393583
4701,10,5070.393583
4702,10,5070.393583
4702,10,5070.393583
4703,10,5070.393583
4703,10,5070.393583
4704,10,5070.393583
4704,10,5070.393583
4705,10,5070.393583
4705,10,5070.393583
4706,10,5070.393583
4706,10,5070.393583
4707,10,5070.393583
4707,10,5070.393583
4708,10,5070.393583
4708,10,5070.393583
4709,10,5070.393583
4709,10,5070.393583
4710,10,5070.393583
4710,10,5070.393583
4711,10,5070.393583
4711,10,5070.393583
4712,10,5070.393583
4712,10,5070.393583
4713,10,5070.393583
4713,10,5070.393583
4714,10,5070.393583
4714,10,5070.393583
4715,10,5070.393583
4715,10,5070.393583
4716,10,5070.393583
4716,10,5070.393583
4717,10,5070.393583
4717,10,5070.393583
4718,10,5070.393583
4718,10,5070.393583
4719,10,5070.393583
4719,10,5070.393583
4720,10,5070.393583
4720,10,5070.393583
4721,10,5070.393583
4721,10,5070.393583
4722,10,5070.393583
4722,10,5070.393583
4723,10,5070.393583
4723,10,5070.393583
4724,10,5070.393583
4724,10,5070.393583
4725,10,5070.393583
4725,10,5070.393583
4726,10,5070.393583
4726,10,5070.393583
4727,10,5070.393583
4727,10,5070.393583
4728,10,5070.393583
4728,10,5070.393583
4729,10,5070.393583
4729,10,5070.393583
4730,10,5070.393583
4730,10,5070.393583
4731,10,5070.393583
4731,10,5070.393583
4732,10,5070.393583
4732,10,5070.393583
4733,10,5070.393583
4733,10,5070.393583
4734,10,5070.393583
4734,10,5070.393583
4735,10,5070.393583
4735,10,5070.393583
4736,10,5070.393583
4736,10,5070.393583
4737,10,5070.393583
4737,10,5070.393583
4738,10,5070.393583
4738,10,5070.393583
4739,10,5070.393583
4739,10,5070.393583
4740,10,5070.393583
4740,10,5070.393583
4741,10,5070.393583
4741,10,5070.393583
4742,10,5070.393583
4742,10,5070.393583
4743,10,5070.393583
4743,10,5070.393583
4744,10,5070.393583
4744,10,5070.393583
4745,10,5070.393583
4745,10,5070.393583
4746,10,5070.393583
4746,10,5070.393583
4747,10,5070.393583
4747,10,5070.393583
4748,10,5070.393583
4748,10,5070.393583
4749,10,5070.393583
4749,10,5070.393583
4750,10,5070.393583
4750,10,5070.393583
4751,10,5070.393583
4751,10,5070.393583
4752,10,5070.393583
4752,10,5070.393583
4753,10,5070.393583
4753,10,5070.393583
4754,10,5070.393583
4754,10,5070.393583
4755,10,5070.393583
4755,10,5070.393583
4756,10,5070.393583
4756,10,5070.393583
4757,10,5070.393583
4757,10,5070.393583
4758,10,5070.393583
4758,10,5070.393583
4759,10,5070.393583
4759,10,5070.393583
4760,10,5070.393583
4760,10,5070.393583
4761,10,5070.393583
4761,10,5070.393583
4762,10,5070.393583
4762,10,5070.393583
4763,10,5070.393583
4763,10,5070.393583
4764,10,5070.393583
4764,10,5070.393583
4765,10,5070.393583
4765,10,5070.393583
4766,10,5070.393583
4766,10,5070.393583
4767,10,5070.393583
4767,10,5070.393583
4768,10,5070.393583
4768,10,5070.393583
4769,10,5070.393583
4769,10,5070.393583
4770,10,5070.393583
4770,10,5070.393583
4771,10,5070.393583
4771,10,5070.393583
4772,10,5070.393583
4772,10,5070.393583
4773,10,5070.393583
4773,10,5070.393583
4774,10,5070.393583
4774,10,5070.393583
4775,10,5070.393583
4775,10,5070.393583
4776,10,5070.393583
4776,10,5070.393583
4777,10,5070.393583
4777,10,5070.393583
4778,10,5070.393583
4778,10,5070.393583
4779,10,5070.393583
4779,10,5070.393583
4780,10,5070.393583
4780,10,5070.393583
4781,10,5070.393583
4781,10,5070.393583
4782,10,5070.393583
4782,10,5070.393583
4783,10,5070.393583
4783,10,5070.393583
4784,10,5070.393583
4784,10,5070.393583
4785,10,5070.393583
4785,10,5070.393583
4786,10,5070.393583
4786,10,5070.393583
4787,10,5070.393583
4787,10,5070.393583
4788,10,5070.393583
4788,10,5070.393583
4789,10,5070.393583
4789,10,5070.393583
4790,10,5070.393583
4790,10,5070.393583
4791,10,5070.393583
4791,10,5070.393583
4792,10,5070.393583
4792,10,5070.393583
4793,10,5070.393583
4793,10,5070.393583
4794,10,5070.393583
4794,10,5070.393583
4795,10,5070.393583
4795,10,5070.393583
4796,10,5070.393583
4796,10,5070.393583
4797,10,5070.393583
4797,10,5070.393583
4798,10,5070.393583
4798,10,5070.393583
4799,10,5070.393583
4799,10,5070.393583
4800,10,5070.393583
4800,10,5070.393583
4801,10,5070.393583
4801,10,5070.393583
4802,10,5070.393583
4802,10,5070.393583
4803,10,5070.393583
4803,10,5070.393583
4804,10,5070.393583
4804,10,5070.393583
4805,10,5070.393583
4805,10,5070.393583
4806,10,5070.393583
4806,10,5070.393583
4807,10,5070.393583
4807,10,5070.393583
4808,10,5070.393583
4808,10,5070.393583
4809,10,5070.393583
4809,10,5070.393583
4810,10,5070.393583
4810,10,5070.393583
4811,10,5070.393583
4811,10,5070.393583
4812,10,5070.393583
4812,10,5070.393583
4813,10,5070.393583
4813,10,5070.393583
4814,10,5070.393583
4814,10,5070.393583
4815,10,5070.393583
4815,10,5070.393583
4816,10,5070.393583
4816,10,5070.393583
4817,10,5070.393583
4817,10,5070.393583
4818,10,5070.393583
4818,10,5070.393583
4819,10,5070.393583
4819,10,5070.393583
4820,10,5070.393583
4820,10,5070.393583
4821,10,5070.393583
4821,10,5070.393583
4822,10,5070.393583
4822,10,5070.393583
4823,10,5070.393583
4823,10,5070.393583
4824,10,5070.393583
4824,10,5070.393583
4825,10,5070.393583
4825,10,5070.393583
4826,10,5070.393583
4826,10,5070.393583
4827,10,5070.393583
4827,10,5070.393583
4828,10,5070.393583
4828,10,5070.393583
4829,10,5070.393583
4829,10,5070.393583
4830,10,5070.393583
4830,10,5070.393583
4831,10,5070.393583
4831,10,5070.393583
4832,10,5070.393583
4832,10,5070.393583
4833,10,5070.393583
4833,10,5070.393583
4834,10,5070.393583
4834,10,5070.393583
4835,10,5070.393583
4835,10,5070.393583
4836,10,5070.393583
4836,10,5070.393583
4837,10,5070.393583
4837,10,5070.393583
4838,10,5070.393583
4838,10,5070.393583
4839,10,5070.393583
4839,10,5070.393583
4840,10,5070.393583
4840,10,5070.393583
4841,10,5070.393583
4841,10,5070.393583
4842,10,5070.393583
4842,10,5070.393583
4843,10,5070.393583
4843,10,5070.393583
4844,10,5070.393583
4844,10,5070.393583
4845,10,5070.393583
4845,10,5070.393583
4846,10,5070.393583
4846,10,5070.393583
4847,10,5070.393583
4847,10,5070.393583
4848,10,5070.393583
4848,10,5070.393583
4849,10,5070.393583
4849,10,5070.393583
4850,10,5070.393583
4850,10,5070.393583
4851,10,5070.393583
4851,10,5070.393583
4852,10,5070.393583
4852,10,5070.393583
4853,10,5070.393583
4853,10,5070.393583
4854,10,5070.393583
4854,10,5070.393583
4855,10,5070.393583
4855,10,5070.393583
4856,10,5070.393583
4856,10,5070.393583
4857,10,5070.393583
4857,10,5070.393583
4858,10,5070.393583
4858,10,5070.393583
4859,10,5070.393583
4859,10,5070.393583
4860,10,5070.393583
4860,10,5070.393583
4861,10,5070.393583
4861,10,5070.393583
4862,10,5070.393583
4862,10,5070.393583
4863,10,5070.393583
4863,10,5070.393583
4864,10,5070.393583
4864,10,5070.393583
4865,10,5070.393583
4865,10,5070.393583
4866,10,5070.393583
4866,10,5070.393583
4867,10,5070.393583
4867,10,5070.393583
4868,10,5070.393583
4868,10,5070.393583
4869,10,5070.393583
4869,10,5070.393583
4870,10,5070.393583
4870,10,5070.393583
4871,10,5070.393583
4871,10,5070.393583
4872,10,5070.393583
4872,10,5070.393583
4873,10,5070.393583
4873,10,5070.393583
4874,10,5070.393583
4874,10,5070.393583
4875,10,5070.393583
4875,10,5070.393583
4876,10,5070.393583
4876,10,5070.393583
4877,10,5070.393583
4877,10,5070.393583
4878,10,5070.393583
4878,10,5070.393583
4879,10,5070.393583
4879,10,5070.393583
4880,10,5070.393583
4880,10,5070.393583
4881,10,5070.393583
4881,10,5070.393583
4882,10,5070.393583
4882,10,5070.393583
4883,10,5070.393583
4883,10,5070.393583
4884,10,5070.393583
4884,10,5070.393583
4885,10,5070.393583
4885,10,5070.393583
4886,10,5070.393583
4886,10,5070.393583
4887,10,5070.393583
4887,10,5070.393583
4888,10,5070.393583
4888,10,5070.393583
4889,10,5070.393583
4889,10,5070.393583
4890,10,5070.393583
4890,10,5070.393583
4891,10,5070.393583
4891,10,5070.393583
4892,10,5070.393583
4892,10,5070.393583
4893,10,5070.393583
4893,10,5070.393583
4894,10,5070.393583
4894,10,5070.393583
4895,10,5070.393583
4895,10,5070.393583
4896,10,5070.393583
4896,10,5070.393583
4897,10,5070.393583
4897,10,5070.393583
4898,10,5070.393583
4898,10,5070.393583
4899,10,5070.393583
4899,10,5070.393583
4900,10,5070.393583
4900,10,5070.393583
4901,10,5070.393583
4901,10,5070.393583
4902,10,5070.393583
4902,10,5070.393583
4903,10,5070.393583
4903,10,5070.393583
4904,10,5070.393583
4904,10,5070.393583
4905,10,5070.393583
4905,10,5070.393583
4906,10,5070.393583
4906,10,5070.393583
4907,10,5070.393583
4907,10,5070.393583
4908,10,5070.393583
4908,10,5070.393583
4909,10,5070.393583
4909,10,5070.393583
4910,10,5070.393583
4910,10,5070.393583
4911,10,5070.393583
4911,10,5070.393583
4912,10,5070.393583
4912,10,5070.393583
4913,10,5070.393583
4913,10,5070.393583
4914,10,5070.393583
4914,10,5070.393583
4915,10,5070.393583
4915,10,5070.393583
4916,10,5070.393583
4916,10,5070.393583
4917,10,5070.393583
4917,10,5070.393583
4918,10,5070.393583
4918,10,5070.393583
4919,10,5070.393583
4919,10,5070.393583
4920,10,5070.393583
4920,10,5070.393583
4921,10,5070.393583
4921,10,5070.393583
4922,10,5070.393583
4922,10,5070.393583
4923,10,5070.393583
4923,10,5070.393583
4924,10,5070.393583
4924,10,5070.393583
4925,10,5070.393583
4925,10,5070.393583
4926,10,5070.393583
4926,10,5070.393583
4927,10,5070.393583
4927,10,5070.393583
4928,10,5070.393583
4928,10,5070.393583
4929,10,5070.393583
4929,10,5070.393583
4930,10,5070.393583
4930,10,5070.393583
4931,10,5070.393583
4931,10,5070.393583
4932,10,5070.393583
4932,10,5070.393583
4933,10,5070.393583
4933,10,5070.393583
4934,10,5070.393583
4934,10,5070.393583
4935,10,5070.393583
4935,10,5070.393583
4936,10,5070.393583
4936,10,5070.393583
4937,10,5070.393583
4937,10,5070.393583
4938,10,5070.393583
4938,10,5070.393583
4939,10,5070.393583
4939,10,5070.393583
4940,10,5070.393583
4940,10,5070.393583
4941,10,5070.393583
4941,10,5070.393583
4942,10,5070.393583
4942,10,5070.393583
4943,10,5070.393583
4943,10,5070.393583
4944,10,5070.393583
4944,10,5070.393583
4945,10,5070.393583
4945,10,5070.393583
4946,10,5070.393583
4946,10,5070.393583
4947,10,5070.393583
4947,10,5070.393583
4948,10,5070.393583
4948,10,5070.393583
4949,10,5070.393583
4949,10,5070.393583
4950,10,5070.393583
4950,10,5070.393583
4951,10,5070.393583
4951,10,5070.393583
4952,10,5070.393583
4952,10,5070.393583
4953,10,5070.393583
4953,10,5070.393583
4954,10,5070.393583
4954,10,5070.393583
4955,10,5070.393583
4955,10,5070.393583
4956,10,5070.393583
4956,10,5070.393583
4957,10,5070.393583
4957,10,5070.393583
4958,10,5070.393583
4958,10,5070.393583
4959,10,5070.393583
4959,10,5070.393583
4960,10,5070.393583
4960,10,5070.393583
4961,10,5070.393583
4961,10,5070.393583
4962,10,5070.393583
4962,10,5070.393583
4963,10,5070.393583
4963,10,5070.393583
4964,10,5070.393583
4964,10,5070.393583
4965,10,5070.393583
4965,10,5070.393583
4966,10,5070.393583
4966,10,5070.393583
4967,10,5070.393583
4967,10,5070.393583
4968,10,5070.393583
4968,10,5070.393583
4969,10,5070.393583
4969,10,5070.393583
4970,10,5070.393583
4970,10,5070.393583
4971,10,5070.393583
4971,10,5070.393583
4972,10,5070.393583
4972,10,5070.393583
4973,10,5070.393583
4973,10,5070.393583
4974,10,5070.393583
4974,10,5070.393583
4975,10,5070.393583
4975,10,5070.393583
4976,10,5070.393583
4976,10,5070.393583
4977,10,5070.393583
4977,10,5070.393583
4978,10,5070.393583
4978,10,5070.393583
4979,10,5070.393583
4979,10,5070.393583
4980,10,5070.393583
4980,10,5070.393583
4981,10,5070.393583
4981,10,5070.393583
4982,10,5070.393583
4982,10,5070.393583
4983,10,5070.393583
4983,10,5070.393583
4984,10,5070.393583
4984,10,5070.393583
4985,10,5070.393583
4985,10,5070.393583
4986,10,5070.393583
4986,10,5070.393583
4987,10,5070.393583
4987,10,5070.393583
4988,10,5070.393583
4988,10,5070.393583
4989,10,5070.393583
4989,10,5070.393583
4990,10,5070.393583
4990,10,5070.393583
4991,10,5070.393583
4991,10,5070.393583
4992,10,5070.393583
4992,10,5070.393583
4993,10,5070.393583
4993,10,5070.393583
4994,10,5070.393583
4994,10,5070.393583
4995,10,5070.393583
4995,10,5070.393583
4996,10,5070.393583
4996,10,5070.393583
4997,10,5070.393583
4997,10,5070.393583
4998,10,5070.393583
4998,10,5070.393583
4999,10,5070.393583
4999,10,5070.393583
