Iteration,NV,TOC
1,29,4445.427801
1,30,4440.180347
2,29,4327.534750
3,29,4327.534750
4,28,4426.323375
4,29,4327.534750
5,28,4426.323375
5,29,4327.534750
6,28,4426.323375
6,29,4327.534750
7,28,4404.594776
7,29,4327.534750
8,28,4404.594776
8,29,4327.534750
9,27,4457.056497
9,28,4404.594776
9,29,4327.534750
10,27,4441.090818
10,28,4404.594776
10,29,4327.534750
11,27,4430.379136
11,28,4404.594776
11,29,4327.534750
12,27,4402.268219
12,28,4396.385876
12,29,4327.534750
13,27,4402.268219
13,28,4396.385876
13,29,4327.534750
14,26,4343.010747
14,29,4327.534750
15,26,4334.725671
15,29,4327.534750
16,26,4322.729156
16,28,4318.372037
17,26,4322.729156
17,28,4318.372037
18,26,4322.729156
18,26,4322.729156
18,28,4318.372037
19,26,4322.729156
19,26,4322.729156
19,28,4318.372037
20,26,4322.729156
20,26,4322.729156
20,26,4322.729156
20,28,4318.372037
21,26,4322.729156
21,26,4322.729156
21,26,4322.729156
21,28,4318.372037
22,26,4322.729156
22,26,4322.729156
22,26,4322.729156
22,28,4318.372037
23,26,4322.729156
23,26,4322.729156
23,26,4322.729156
23,28,4318.372037
24,26,4322.729156
24,26,4322.729156
24,26,4322.729156
24,26,4322.729156
24,28,4318.372037
25,26,4321.457195
25,28,4318.372037
26,26,4321.457195
26,28,4318.372037
27,26,4321.457195
27,28,4318.372037
28,26,4321.179978
28,28,4318.372037
29,26,4321.179978
29,28,4318.372037
30,26,4321.179978
30,28,4318.372037
31,26,4321.179978
31,28,4318.372037
32,26,4319.545256
32,28,4318.372037
33,26,4319.545256
33,28,4318.372037
34,26,4319.545256
34,28,4318.372037
35,26,4319.545256
35,28,4318.372037
36,26,4319.545256
36,28,4318.372037
37,26,4319.545256
37,28,4318.372037
38,26,4319.545256
38,28,4318.372037
39,26,4319.545256
39,28,4318.372037
40,26,4319.545256
40,28,4318.372037
41,26,4319.545256
41,28,4318.372037
42,26,4319.545256
42,28,4318.372037
43,26,4319.545256
43,28,4318.372037
44,26,4319.545256
44,28,4318.372037
45,26,4319.545256
45,28,4318.372037
46,26,4319.545256
46,28,4318.372037
47,26,4319.545256
47,28,4318.372037
48,26,4319.545256
48,28,4318.372037
49,26,4319.545256
49,28,4318.372037
50,26,4319.545256
50,28,4318.372037
51,26,4319.545256
51,28,4318.372037
52,26,4319.545256
52,28,4318.372037
53,26,4319.367800
53,28,4318.372037
54,26,4319.367800
54,28,4318.372037
55,26,4319.367800
55,28,4318.372037
56,26,4319.367800
56,28,4318.372037
57,26,4319.367800
57,28,4318.372037
58,26,4319.367800
58,28,4318.372037
59,26,4319.367800
59,28,4318.372037
60,26,4319.367800
60,28,4318.372037
61,26,4319.367800
61,28,4318.372037
62,26,4319.367800
62,28,4318.372037
63,26,4319.367800
63,28,4318.372037
64,26,4319.367800
64,28,4318.372037
65,26,4319.367800
65,28,4318.372037
66,26,4319.367800
66,28,4318.372037
67,26,4319.367800
67,28,4318.372037
68,26,4319.367800
68,28,4318.372037
69,26,4319.367800
69,28,4318.372037
70,26,4319.367800
70,28,4318.372037
71,26,4319.367800
71,28,4318.372037
72,26,4319.367800
72,28,4318.372037
73,26,4319.367800
73,28,4318.372037
74,26,4319.367800
74,28,4318.372037
75,26,4319.367800
75,28,4318.372037
76,26,4319.367800
76,28,4318.372037
77,26,4319.367800
77,28,4318.372037
78,26,4319.367800
78,28,4318.372037
79,26,4319.367800
79,28,4318.372037
80,26,4319.367800
80,28,4318.372037
81,26,4319.367800
81,28,4318.372037
82,26,4319.367800
82,28,4318.372037
83,26,4319.367800
83,28,4318.372037
84,26,4319.367800
84,28,4318.372037
85,26,4319.367800
85,28,4318.372037
86,26,4319.367800
86,28,4318.372037
87,26,4319.367800
87,28,4318.372037
88,26,4319.367800
88,28,4318.372037
89,26,4319.367800
89,28,4318.372037
90,26,4319.367800
90,28,4318.372037
91,26,4319.367800
91,28,4318.372037
92,26,4319.367800
92,28,4318.372037
93,26,4319.367800
93,28,4318.372037
94,26,4319.367800
94,28,4318.372037
95,26,4319.367800
95,28,4318.372037
96,26,4319.367800
96,28,4318.372037
97,26,4319.367800
97,28,4318.372037
98,26,4319.367800
98,28,4318.372037
99,26,4319.367800
99,28,4318.372037
100,26,4319.367800
100,28,4318.372037
101,26,4319.367800
101,28,4318.372037
102,26,4319.367800
102,28,4318.372037
103,26,4319.367800
103,28,4318.372037
104,26,4319.367800
104,28,4318.372037
105,26,4319.367800
105,28,4318.372037
106,26,4319.367800
106,28,4318.372037
107,26,4319.367800
107,28,4318.372037
108,26,4319.367800
108,28,4318.372037
109,26,4319.367800
109,28,4318.372037
110,26,4319.367800
110,28,4315.367329
111,26,4319.367800
111,28,4315.367329
112,26,4319.367800
112,28,4315.367329
113,26,4319.367800
113,28,4315.367329
114,26,4319.367800
114,28,4315.367329
115,26,4319.367800
115,28,4315.367329
116,26,4319.367800
116,28,4315.367329
117,26,4316.733293
117,28,4315.367329
118,26,4316.733293
118,28,4315.367329
119,26,4316.733293
119,28,4315.367329
120,26,4316.733293
120,28,4315.367329
121,26,4316.733293
121,28,4315.367329
122,26,4316.733293
122,28,4315.367329
123,26,4316.733293
123,28,4315.367329
124,26,4316.733293
124,28,4309.000376
125,26,4316.733293
125,28,4309.000376
126,26,4316.733293
126,28,4309.000376
127,26,4316.733293
127,26,4316.733293
127,28,4309.000376
128,26,4316.733293
128,26,4316.733293
128,28,4309.000376
129,26,4316.733293
129,26,4316.733293
129,28,4309.000376
130,26,4316.733293
130,26,4316.733293
130,28,4309.000376
131,26,4316.733293
131,26,4316.733293
131,28,4309.000376
132,26,4316.733293
132,26,4316.733293
132,28,4309.000376
133,26,4316.733293
133,26,4316.733293
133,28,4309.000376
134,26,4316.733293
134,26,4316.733293
134,28,4309.000376
135,26,4316.733293
135,26,4316.733293
135,28,4309.000376
136,26,4316.733293
136,26,4316.733293
136,28,4309.000376
137,26,4316.733293
137,26,4316.733293
137,28,4309.000376
138,26,4316.733293
138,26,4316.733293
138,28,4309.000376
139,26,4316.733293
139,26,4316.733293
139,28,4309.000376
140,26,4316.733293
140,26,4316.733293
140,28,4309.000376
141,26,4316.733293
141,26,4316.733293
141,28,4309.000376
142,26,4316.733293
142,26,4316.733293
142,28,4309.000376
142,28,4309.000376
143,26,4316.733293
143,26,4316.733293
143,28,4309.000376
143,28,4309.000376
144,26,4316.733293
144,26,4316.733293
144,28,4309.000376
144,28,4309.000376
145,26,4316.733293
145,26,4316.733293
145,28,4309.000376
145,28,4309.000376
146,26,4316.733293
146,26,4316.733293
146,28,4309.000376
146,28,4309.000376
147,26,4316.733293
147,26,4316.733293
147,28,4309.000376
147,28,4309.000376
148,26,4316.733293
148,26,4316.733293
148,28,4309.000376
148,28,4309.000376
149,26,4316.733293
149,26,4316.733293
149,28,4309.000376
149,28,4309.000376
150,26,4316.733293
150,26,4316.733293
150,28,4309.000376
150,28,4309.000376
151,26,4316.733293
151,26,4316.733293
151,28,4309.000376
151,28,4309.000376
152,26,4316.733293
152,26,4316.733293
152,26,4316.733293
152,28,4309.000376
152,28,4309.000376
153,26,4316.733293
153,26,4316.733293
153,26,4316.733293
153,28,4309.000376
153,28,4309.000376
154,26,4316.733293
154,26,4316.733293
154,26,4316.733293
154,28,4309.000376
154,28,4309.000376
155,26,4316.733293
155,26,4316.733293
155,26,4316.733293
155,28,4309.000376
155,28,4309.000376
156,26,4316.733293
156,26,4316.733293
156,26,4316.733293
156,28,4309.000376
156,28,4309.000376
157,26,4316.733293
157,26,4316.733293
157,26,4316.733293
157,28,4309.000376
157,28,4309.000376
158,26,4316.733293
158,26,4316.733293
158,26,4316.733293
158,28,4309.000376
158,28,4309.000376
159,26,4316.733293
159,26,4316.733293
159,26,4316.733293
159,28,4309.000376
159,28,4309.000376
160,26,4316.733293
160,26,4316.733293
160,26,4316.733293
160,28,4309.000376
160,28,4309.000376
161,26,4316.733293
161,26,4316.733293
161,26,4316.733293
161,28,4309.000376
161,28,4309.000376
162,26,4316.733293
162,26,4316.733293
162,26,4316.733293
162,28,4309.000376
162,28,4309.000376
163,26,4316.733293
163,26,4316.733293
163,26,4316.733293
163,28,4309.000376
163,28,4309.000376
164,26,4316.733293
164,26,4316.733293
164,26,4316.733293
164,28,4309.000376
164,28,4309.000376
164,28,4309.000376
165,26,4316.733293
165,26,4316.733293
165,26,4316.733293
165,28,4309.000376
165,28,4309.000376
165,28,4309.000376
166,26,4316.733293
166,26,4316.733293
166,26,4316.733293
166,28,4309.000376
166,28,4309.000376
166,28,4309.000376
167,26,4316.733293
167,26,4316.733293
167,26,4316.733293
167,28,4309.000376
167,28,4309.000376
167,28,4309.000376
168,26,4316.733293
168,26,4316.733293
168,26,4316.733293
168,28,4309.000376
168,28,4309.000376
168,28,4309.000376
169,26,4316.733293
169,26,4316.733293
169,26,4316.733293
169,28,4309.000376
169,28,4309.000376
169,28,4309.000376
170,26,4316.733293
170,26,4316.733293
170,26,4316.733293
170,28,4309.000376
170,28,4309.000376
170,28,4309.000376
171,26,4316.733293
171,26,4316.733293
171,26,4316.733293
171,28,4309.000376
171,28,4309.000376
171,28,4309.000376
172,26,4316.733293
172,26,4316.733293
172,26,4316.733293
172,28,4309.000376
172,28,4309.000376
172,28,4309.000376
173,26,4316.733293
173,26,4316.733293
173,26,4316.733293
173,28,4309.000376
173,28,4309.000376
173,28,4309.000376
174,26,4316.733293
174,26,4316.733293
174,26,4316.733293
174,28,4309.000376
174,28,4309.000376
174,28,4309.000376
175,26,4316.733293
175,26,4316.733293
175,26,4316.733293
175,28,4309.000376
175,28,4309.000376
175,28,4309.000376
176,26,4316.733293
176,26,4316.733293
176,26,4316.733293
176,28,4309.000376
176,28,4309.000376
176,28,4309.000376
177,26,4316.733293
177,26,4316.733293
177,26,4316.733293
177,28,4309.000376
177,28,4309.000376
177,28,4309.000376
178,26,4316.733293
178,26,4316.733293
178,26,4316.733293
178,28,4309.000376
178,28,4309.000376
178,28,4309.000376
179,26,4316.733293
179,26,4316.733293
179,26,4316.733293
179,28,4309.000376
179,28,4309.000376
179,28,4309.000376
180,26,4316.733293
180,26,4316.733293
180,26,4316.733293
180,28,4309.000376
180,28,4309.000376
180,28,4309.000376
181,26,4316.733293
181,26,4316.733293
181,26,4316.733293
181,28,4309.000376
181,28,4309.000376
181,28,4309.000376
182,26,4316.733293
182,26,4316.733293
182,26,4316.733293
182,28,4309.000376
182,28,4309.000376
182,28,4309.000376
183,26,4316.733293
183,26,4316.733293
183,26,4316.733293
183,28,4309.000376
183,28,4309.000376
183,28,4309.000376
184,26,4316.733293
184,26,4316.733293
184,26,4316.733293
184,28,4309.000376
184,28,4309.000376
184,28,4309.000376
185,26,4316.733293
185,26,4316.733293
185,26,4316.733293
185,28,4309.000376
185,28,4309.000376
185,28,4309.000376
186,26,4316.733293
186,26,4316.733293
186,26,4316.733293
186,28,4309.000376
186,28,4309.000376
186,28,4309.000376
187,26,4316.733293
187,26,4316.733293
187,26,4316.733293
187,28,4309.000376
187,28,4309.000376
187,28,4309.000376
188,26,4316.733293
188,26,4316.733293
188,26,4316.733293
188,28,4309.000376
188,28,4309.000376
188,28,4309.000376
189,26,4316.733293
189,26,4316.733293
189,26,4316.733293
189,28,4309.000376
189,28,4309.000376
189,28,4309.000376
190,26,4316.733293
190,26,4316.733293
190,26,4316.733293
190,28,4309.000376
190,28,4309.000376
190,28,4309.000376
191,26,4316.733293
191,26,4316.733293
191,26,4316.733293
191,28,4309.000376
191,28,4309.000376
191,28,4309.000376
191,28,4309.000376
192,26,4316.733293
192,26,4316.733293
192,26,4316.733293
192,28,4309.000376
192,28,4309.000376
192,28,4309.000376
192,28,4309.000376
193,26,4316.733293
193,26,4316.733293
193,26,4316.733293
193,28,4309.000376
193,28,4309.000376
193,28,4309.000376
193,28,4309.000376
194,26,4316.733293
194,26,4316.733293
194,26,4316.733293
194,28,4309.000376
194,28,4309.000376
194,28,4309.000376
194,28,4309.000376
195,26,4316.733293
195,26,4316.733293
195,26,4316.733293
195,28,4309.000376
195,28,4309.000376
195,28,4309.000376
195,28,4309.000376
196,26,4316.733293
196,26,4316.733293
196,26,4316.733293
196,28,4309.000376
196,28,4309.000376
196,28,4309.000376
196,28,4309.000376
197,26,4316.733293
197,26,4316.733293
197,26,4316.733293
197,28,4309.000376
197,28,4309.000376
197,28,4309.000376
197,28,4309.000376
198,26,4316.733293
198,26,4316.733293
198,26,4316.733293
198,28,4308.013281
199,26,4316.733293
199,26,4316.733293
199,26,4316.733293
199,28,4308.013281
200,26,4316.733293
200,26,4316.733293
200,26,4316.733293
200,28,4308.013281
201,26,4316.733293
201,26,4316.733293
201,26,4316.733293
201,28,4308.013281
202,26,4316.733293
202,26,4316.733293
202,26,4316.733293
202,28,4308.013281
203,26,4316.733293
203,26,4316.733293
203,26,4316.733293
203,28,4308.013281
204,26,4316.733293
204,26,4316.733293
204,26,4316.733293
204,28,4308.013281
205,26,4316.733293
205,26,4316.733293
205,26,4316.733293
205,28,4308.013281
206,26,4315.526816
206,28,4308.013281
207,26,4315.526816
207,28,4308.013281
208,26,4315.526816
208,28,4308.013281
209,26,4315.526816
209,28,4308.013281
210,26,4315.526816
210,28,4308.013281
211,26,4315.526816
211,28,4308.013281
212,26,4315.526816
212,28,4308.013281
213,26,4315.526816
213,28,4304.857473
214,26,4315.526816
214,28,4304.857473
215,26,4315.526816
215,28,4304.857473
216,26,4315.526816
216,28,4304.857473
216,28,4304.857473
217,26,4315.526816
217,28,4304.857473
217,28,4304.857473
218,26,4315.526816
218,28,4304.857473
218,28,4304.857473
219,26,4315.526816
219,28,4304.857473
219,28,4304.857473
220,26,4307.094357
220,28,4304.857473
220,28,4304.857473
221,26,4307.094357
221,28,4304.857473
221,28,4304.857473
222,26,4307.094357
222,28,4304.534351
223,26,4307.094357
223,28,4304.534351
224,26,4307.094357
224,28,4304.534351
225,26,4307.094357
225,28,4304.534351
226,26,4307.094357
226,28,4304.534351
227,26,4307.094357
227,28,4304.534351
228,26,4307.094357
228,28,4304.534351
229,26,4307.094357
229,26,4307.094357
229,28,4304.534351
230,26,4307.094357
230,26,4307.094357
230,28,4304.534351
231,26,4307.094357
231,26,4307.094357
231,28,4304.534351
232,26,4307.094357
232,26,4307.094357
232,28,4304.534351
233,26,4307.094357
233,26,4307.094357
233,28,4304.534351
234,26,4307.094357
234,26,4307.094357
234,28,4304.534351
235,26,4307.094357
235,26,4307.094357
235,28,4304.534351
236,26,4307.094357
236,26,4307.094357
236,28,4304.534351
237,26,4307.094357
237,26,4307.094357
237,26,4307.094357
237,28,4304.534351
238,26,4307.094357
238,26,4307.094357
238,26,4307.094357
238,28,4304.534351
239,26,4307.094357
239,26,4307.094357
239,26,4307.094357
239,28,4304.534351
240,26,4307.094357
240,26,4307.094357
240,26,4307.094357
240,28,4304.534351
241,26,4307.094357
241,26,4307.094357
241,26,4307.094357
241,28,4304.534351
242,26,4307.094357
242,26,4307.094357
242,26,4307.094357
242,28,4304.534351
243,26,4307.094357
243,26,4307.094357
243,26,4307.094357
243,28,4304.534351
244,26,4307.094357
244,26,4307.094357
244,26,4307.094357
244,28,4304.534351
245,26,4307.094357
245,26,4307.094357
245,26,4307.094357
245,28,4304.534351
246,26,4307.094357
246,26,4307.094357
246,26,4307.094357
246,28,4304.534351
247,26,4307.094357
247,26,4307.094357
247,26,4307.094357
247,28,4304.534351
248,26,4307.094357
248,26,4307.094357
248,26,4307.094357
248,28,4304.534351
249,26,4307.094357
249,26,4307.094357
249,26,4307.094357
249,28,4304.534351
250,26,4307.094357
250,26,4307.094357
250,26,4307.094357
250,28,4304.534351
251,26,4307.094357
251,26,4307.094357
251,26,4307.094357
251,28,4304.534351
252,26,4307.094357
252,26,4307.094357
252,26,4307.094357
252,28,4304.534351
253,26,4307.094357
253,26,4307.094357
253,26,4307.094357
253,28,4304.534351
254,26,4307.094357
254,26,4307.094357
254,26,4307.094357
254,28,4304.534351
255,26,4307.094357
255,26,4307.094357
255,26,4307.094357
255,28,4301.913620
256,26,4307.094357
256,26,4307.094357
256,26,4307.094357
256,28,4301.913620
257,26,4307.094357
257,26,4307.094357
257,26,4307.094357
257,28,4301.913620
258,26,4307.094357
258,26,4307.094357
258,26,4307.094357
258,28,4301.913620
259,26,4307.094357
259,26,4307.094357
259,26,4307.094357
259,28,4301.913620
260,26,4307.094357
260,26,4307.094357
260,26,4307.094357
260,28,4301.913620
261,26,4307.094357
261,26,4307.094357
261,26,4307.094357
261,28,4301.913620
262,26,4307.094357
262,26,4307.094357
262,26,4307.094357
262,28,4301.913620
263,26,4307.094357
263,26,4307.094357
263,26,4307.094357
263,28,4301.913620
264,26,4307.094357
264,26,4307.094357
264,26,4307.094357
264,28,4301.913620
265,26,4307.094357
265,26,4307.094357
265,26,4307.094357
265,28,4301.913620
266,26,4307.094357
266,26,4307.094357
266,26,4307.094357
266,28,4301.913620
267,26,4307.094357
267,26,4307.094357
267,26,4307.094357
267,28,4301.913620
268,26,4307.094357
268,26,4307.094357
268,26,4307.094357
268,28,4301.913620
269,26,4307.094357
269,26,4307.094357
269,26,4307.094357
269,28,4301.913620
270,26,4307.094357
270,26,4307.094357
270,26,4307.094357
270,28,4301.913620
271,26,4307.094357
271,26,4307.094357
271,26,4307.094357
271,28,4301.913620
272,26,4307.094357
272,26,4307.094357
272,26,4307.094357
272,28,4301.913620
273,26,4307.094357
273,26,4307.094357
273,26,4307.094357
273,28,4299.361440
274,26,4307.094357
274,26,4307.094357
274,26,4307.094357
274,28,4299.361440
275,26,4307.094357
275,26,4307.094357
275,26,4307.094357
275,28,4299.361440
276,26,4307.094357
276,26,4307.094357
276,26,4307.094357
276,28,4299.361440
277,26,4307.094357
277,26,4307.094357
277,26,4307.094357
277,28,4299.361440
278,26,4307.094357
278,26,4307.094357
278,26,4307.094357
278,28,4299.361440
279,26,4307.094357
279,26,4307.094357
279,26,4307.094357
279,28,4299.361440
280,26,4307.094357
280,26,4307.094357
280,26,4307.094357
280,28,4299.361440
281,26,4307.094357
281,26,4307.094357
281,26,4307.094357
281,28,4299.361440
282,26,4307.094357
282,26,4307.094357
282,26,4307.094357
282,27,4305.141766
282,28,4299.361440
283,26,4307.094357
283,26,4307.094357
283,26,4307.094357
283,27,4305.141766
283,28,4299.361440
284,26,4307.094357
284,26,4307.094357
284,26,4307.094357
284,27,4305.141766
284,28,4299.361440
285,26,4307.094357
285,26,4307.094357
285,26,4307.094357
285,27,4305.141766
285,28,4299.361440
286,26,4307.094357
286,26,4307.094357
286,26,4307.094357
286,27,4305.141766
286,28,4299.361440
287,26,4307.094357
287,26,4307.094357
287,26,4307.094357
287,27,4305.141766
287,28,4299.361440
288,26,4307.094357
288,26,4307.094357
288,26,4307.094357
288,27,4305.141766
288,28,4299.361440
289,26,4307.094357
289,26,4307.094357
289,26,4307.094357
289,27,4305.141766
289,28,4299.361440
290,26,4307.094357
290,26,4307.094357
290,26,4307.094357
290,27,4305.141766
290,28,4299.361440
291,26,4307.094357
291,26,4307.094357
291,26,4307.094357
291,27,4305.141766
291,28,4299.361440
292,26,4307.094357
292,26,4307.094357
292,26,4307.094357
292,27,4305.141766
292,28,4299.361440
293,26,4307.094357
293,26,4307.094357
293,26,4307.094357
293,27,4305.141766
293,28,4299.361440
294,26,4307.094357
294,26,4307.094357
294,26,4307.094357
294,27,4305.141766
294,28,4299.361440
295,26,4307.094357
295,26,4307.094357
295,26,4307.094357
295,27,4305.141766
295,28,4299.361440
296,26,4307.094357
296,26,4307.094357
296,26,4307.094357
296,27,4305.141766
296,28,4299.361440
297,26,4307.094357
297,26,4307.094357
297,26,4307.094357
297,27,4305.141766
297,28,4299.361440
298,26,4307.094357
298,26,4307.094357
298,26,4307.094357
298,27,4305.141766
298,28,4299.361440
299,26,4307.094357
299,26,4307.094357
299,26,4307.094357
299,27,4305.141766
299,28,4299.361440
300,26,4307.094357
300,26,4307.094357
300,26,4307.094357
300,27,4305.141766
300,28,4299.361440
301,26,4307.094357
301,26,4307.094357
301,26,4307.094357
301,27,4305.141766
301,28,4299.361440
302,26,4307.094357
302,26,4307.094357
302,26,4307.094357
302,27,4305.141766
302,28,4299.361440
303,26,4307.094357
303,26,4307.094357
303,26,4307.094357
303,27,4305.141766
303,28,4299.361440
304,26,4307.094357
304,26,4307.094357
304,26,4307.094357
304,27,4305.141766
304,28,4299.361440
305,26,4307.094357
305,26,4307.094357
305,26,4307.094357
305,27,4305.141766
305,28,4299.361440
306,26,4307.094357
306,26,4307.094357
306,26,4307.094357
306,27,4305.141766
306,28,4299.361440
307,26,4307.094357
307,26,4307.094357
307,26,4307.094357
307,27,4305.141766
307,28,4299.361440
308,26,4307.094357
308,26,4307.094357
308,26,4307.094357
308,27,4305.141766
308,28,4299.361440
309,26,4307.094357
309,26,4307.094357
309,26,4307.094357
309,27,4305.141766
309,28,4299.361440
310,26,4307.094357
310,26,4307.094357
310,26,4307.094357
310,27,4305.141766
310,28,4299.361440
310,28,4299.361440
311,26,4307.094357
311,26,4307.094357
311,26,4307.094357
311,27,4305.141766
311,28,4299.361440
311,28,4299.361440
312,26,4307.094357
312,26,4307.094357
312,26,4307.094357
312,27,4305.141766
312,28,4299.361440
312,28,4299.361440
313,26,4307.094357
313,26,4307.094357
313,26,4307.094357
313,27,4305.141766
313,28,4298.025059
314,26,4307.094357
314,26,4307.094357
314,26,4307.094357
314,27,4305.141766
314,28,4298.025059
315,26,4307.094357
315,26,4307.094357
315,26,4307.094357
315,27,4305.141766
315,28,4298.025059
316,26,4307.094357
316,26,4307.094357
316,26,4307.094357
316,27,4305.141766
316,28,4298.025059
317,26,4307.094357
317,26,4307.094357
317,26,4307.094357
317,27,4305.141766
317,28,4298.025059
318,26,4307.094357
318,26,4307.094357
318,26,4307.094357
318,27,4305.141766
318,28,4298.025059
319,26,4307.094357
319,26,4307.094357
319,26,4307.094357
319,27,4305.141766
319,28,4298.025059
320,26,4307.094357
320,26,4307.094357
320,26,4307.094357
320,27,4305.141766
320,28,4298.025059
321,26,4307.094357
321,27,4305.141766
321,28,4298.025059
322,26,4307.094357
322,27,4305.141766
322,28,4298.025059
323,26,4307.094357
323,27,4305.141766
323,28,4298.025059
324,26,4307.094357
324,27,4305.141766
324,28,4298.025059
325,26,4307.094357
325,27,4305.141766
325,28,4298.025059
326,26,4307.094357
326,27,4305.141766
326,28,4298.025059
327,26,4307.094357
327,27,4305.141766
327,28,4298.025059
328,26,4307.094357
328,27,4305.141766
328,28,4298.025059
329,26,4307.094357
329,27,4305.141766
329,28,4298.025059
330,26,4307.094357
330,27,4305.141766
330,28,4298.025059
331,26,4307.094357
331,27,4305.141766
331,28,4298.025059
332,26,4307.094357
332,27,4305.141766
332,28,4298.025059
333,26,4307.094357
333,27,4305.141766
333,28,4298.025059
334,26,4307.094357
334,27,4305.141766
334,28,4298.025059
335,26,4307.094357
335,27,4305.141766
335,28,4298.025059
336,26,4307.094357
336,27,4305.141766
336,28,4298.025059
337,26,4307.094357
337,27,4305.141766
337,28,4298.025059
338,26,4307.094357
338,27,4305.141766
338,28,4298.025059
339,26,4307.094357
339,27,4305.141766
339,28,4298.025059
340,26,4307.094357
340,27,4305.141766
340,28,4298.025059
341,26,4307.094357
341,27,4305.141766
341,28,4298.025059
342,26,4307.094357
342,27,4305.141766
342,28,4298.025059
343,26,4307.094357
343,27,4305.141766
343,28,4298.025059
344,26,4307.094357
344,27,4305.141766
344,28,4298.025059
345,26,4307.094357
345,27,4305.141766
345,28,4298.025059
346,26,4307.094357
346,27,4305.141766
346,28,4298.025059
347,26,4307.094357
347,27,4305.141766
347,28,4298.025059
348,26,4307.094357
348,27,4305.141766
348,28,4298.025059
349,26,4307.094357
349,27,4305.141766
349,28,4298.025059
350,26,4307.094357
350,27,4305.141766
350,28,4298.025059
351,26,4307.094357
351,27,4305.141766
351,28,4298.025059
352,26,4307.094357
352,27,4305.141766
352,28,4298.025059
353,26,4307.094357
353,27,4305.141766
353,28,4298.025059
354,26,4307.094357
354,27,4305.141766
354,28,4298.025059
355,26,4307.094357
355,27,4305.141766
355,28,4298.025059
356,26,4307.094357
356,27,4305.141766
356,28,4298.025059
357,26,4307.094357
357,27,4305.141766
357,28,4298.025059
358,26,4307.094357
358,27,4305.141766
358,28,4298.025059
359,26,4307.094357
359,27,4305.141766
359,28,4298.025059
360,26,4307.094357
360,27,4305.141766
360,28,4298.025059
361,26,4307.094357
361,27,4305.141766
361,28,4298.025059
362,26,4307.094357
362,27,4305.141766
362,28,4298.025059
363,26,4307.094357
363,27,4305.141766
363,28,4298.025059
364,26,4307.094357
364,27,4305.141766
364,28,4298.025059
365,26,4307.094357
365,27,4305.141766
365,28,4298.025059
366,26,4307.094357
366,27,4305.141766
366,28,4298.025059
367,26,4307.094357
367,27,4305.141766
367,28,4298.025059
368,26,4307.094357
368,27,4305.141766
368,28,4298.025059
369,26,4307.094357
369,27,4305.141766
369,28,4298.025059
370,26,4307.094357
370,27,4305.141766
370,28,4298.025059
371,26,4307.094357
371,27,4305.141766
371,28,4298.025059
372,26,4307.094357
372,27,4305.141766
372,28,4298.025059
373,26,4307.094357
373,27,4305.141766
373,28,4298.025059
374,26,4307.094357
374,27,4305.141766
374,28,4298.025059
375,26,4307.094357
375,27,4305.141766
375,28,4298.025059
376,26,4307.094357
376,27,4305.141766
376,28,4298.025059
377,26,4307.094357
377,27,4305.141766
377,28,4298.025059
378,26,4307.094357
378,27,4305.141766
378,28,4298.025059
379,26,4307.094357
379,27,4305.141766
379,28,4298.025059
380,26,4307.094357
380,27,4305.141766
380,28,4298.025059
381,26,4307.094357
381,27,4305.141766
381,28,4298.025059
382,26,4307.094357
382,27,4305.141766
382,28,4298.025059
383,26,4307.094357
383,27,4305.141766
383,28,4298.025059
384,26,4307.094357
384,27,4305.141766
384,28,4298.025059
385,26,4307.094357
385,27,4305.141766
385,28,4298.025059
386,26,4307.094357
386,27,4305.141766
386,28,4298.025059
387,26,4307.094357
387,27,4305.141766
387,28,4298.025059
388,26,4307.094357
388,27,4305.141766
388,28,4298.025059
389,26,4307.094357
389,27,4305.141766
389,28,4298.025059
390,26,4307.094357
390,27,4305.141766
390,28,4298.025059
391,26,4307.094357
391,27,4305.141766
391,28,4298.025059
392,26,4307.094357
392,27,4305.141766
392,28,4298.025059
393,26,4307.094357
393,27,4305.141766
393,28,4298.025059
394,26,4307.094357
394,27,4305.141766
394,28,4298.025059
395,26,4307.094357
395,27,4305.141766
395,28,4298.025059
396,26,4307.094357
396,27,4305.141766
396,28,4298.025059
397,26,4307.094357
397,27,4305.141766
397,28,4298.025059
398,26,4307.094357
398,27,4305.141766
398,28,4298.025059
399,26,4307.094357
399,27,4305.141766
399,28,4298.025059
400,26,4307.094357
400,27,4305.141766
400,28,4298.025059
401,26,4307.094357
401,27,4305.141766
401,28,4298.025059
402,26,4307.094357
402,27,4305.141766
402,28,4298.025059
403,26,4307.094357
403,27,4305.141766
403,28,4298.025059
404,26,4307.094357
404,27,4305.141766
404,28,4298.025059
405,26,4307.094357
405,27,4305.141766
405,28,4298.025059
406,26,4307.094357
406,27,4305.141766
406,28,4298.025059
407,26,4307.094357
407,27,4305.141766
407,28,4298.025059
408,26,4307.094357
408,27,4305.141766
408,28,4298.025059
409,26,4307.094357
409,27,4305.141766
409,28,4298.025059
410,26,4307.094357
410,27,4305.141766
410,28,4298.025059
411,26,4307.094357
411,27,4305.141766
411,28,4298.025059
412,26,4307.094357
412,27,4305.141766
412,28,4298.025059
413,26,4307.094357
413,27,4305.141766
413,28,4298.025059
414,26,4307.094357
414,27,4305.141766
414,28,4298.025059
415,26,4307.094357
415,27,4305.141766
415,28,4298.025059
416,26,4307.094357
416,27,4305.141766
416,28,4298.025059
417,26,4307.094357
417,27,4305.141766
417,28,4298.025059
418,26,4307.094357
418,27,4305.141766
418,28,4298.025059
419,26,4307.094357
419,27,4305.141766
419,28,4298.025059
420,26,4307.094357
420,27,4305.141766
420,28,4298.025059
421,26,4307.094357
421,27,4305.141766
421,28,4298.025059
422,26,4307.094357
422,27,4305.141766
422,28,4298.025059
423,26,4307.094357
423,27,4305.141766
423,28,4298.025059
424,26,4307.094357
424,27,4305.141766
424,28,4298.025059
425,26,4307.094357
425,27,4305.141766
425,28,4298.025059
426,26,4307.094357
426,27,4305.141766
426,28,4298.025059
427,26,4307.094357
427,27,4305.141766
427,28,4298.025059
428,26,4307.094357
428,27,4305.141766
428,28,4298.025059
429,26,4307.094357
429,27,4305.141766
429,28,4298.025059
430,26,4307.094357
430,27,4305.141766
430,28,4298.025059
431,26,4307.094357
431,27,4305.141766
431,28,4298.025059
432,26,4307.094357
432,27,4305.141766
432,28,4298.025059
433,26,4307.094357
433,27,4305.141766
433,28,4298.025059
434,26,4307.094357
434,27,4305.141766
434,28,4298.025059
435,26,4307.094357
435,27,4305.141766
435,28,4298.025059
436,26,4307.094357
436,27,4305.141766
436,28,4298.025059
437,26,4307.094357
437,27,4305.141766
437,28,4298.025059
438,26,4307.094357
438,27,4305.141766
438,28,4298.025059
439,26,4307.094357
439,27,4305.141766
439,28,4298.025059
440,26,4307.094357
440,27,4305.141766
440,28,4298.025059
441,26,4307.094357
441,27,4305.141766
441,28,4298.025059
442,26,4307.094357
442,27,4305.141766
442,28,4298.025059
443,26,4307.094357
443,27,4305.141766
443,28,4298.025059
444,26,4307.094357
444,27,4305.141766
444,28,4298.025059
445,26,4307.094357
445,27,4305.141766
445,28,4298.025059
446,26,4307.094357
446,27,4305.141766
446,28,4298.025059
447,26,4307.094357
447,27,4305.141766
447,28,4298.025059
448,26,4307.094357
448,27,4305.141766
448,28,4298.025059
449,26,4307.094357
449,27,4305.141766
449,28,4298.025059
450,26,4307.094357
450,27,4305.141766
450,28,4298.025059
451,26,4307.094357
451,27,4305.141766
451,28,4298.025059
452,26,4307.094357
452,27,4305.141766
452,28,4298.025059
453,26,4307.094357
453,27,4305.141766
453,28,4298.025059
454,26,4307.094357
454,27,4305.141766
454,28,4298.025059
455,26,4307.094357
455,27,4305.141766
455,28,4298.025059
456,26,4307.094357
456,27,4305.141766
456,28,4298.025059
457,26,4307.094357
457,27,4305.141766
457,28,4298.025059
458,26,4307.094357
458,27,4305.141766
458,28,4298.025059
459,26,4307.094357
459,27,4305.141766
459,28,4298.025059
460,26,4307.094357
460,27,4305.141766
460,28,4298.025059
461,26,4307.094357
461,27,4305.141766
461,28,4298.025059
462,26,4307.094357
462,27,4305.141766
462,28,4298.025059
463,26,4307.094357
463,27,4305.141766
463,28,4298.025059
464,26,4307.094357
464,27,4305.141766
464,28,4298.025059
465,26,4307.094357
465,27,4305.141766
465,28,4298.025059
466,26,4307.094357
466,27,4305.141766
466,28,4298.025059
467,26,4307.094357
467,27,4305.141766
467,28,4298.025059
468,26,4307.094357
468,27,4305.141766
468,28,4298.025059
469,26,4307.094357
469,27,4305.141766
469,28,4298.025059
470,26,4307.094357
470,27,4305.141766
470,28,4298.025059
471,26,4307.094357
471,27,4305.141766
471,28,4298.025059
472,26,4307.094357
472,27,4305.141766
472,28,4298.025059
473,26,4307.094357
473,27,4305.141766
473,28,4298.025059
474,26,4307.094357
474,27,4305.141766
474,28,4298.025059
475,26,4307.094357
475,27,4305.141766
475,28,4298.025059
476,26,4307.094357
476,27,4305.141766
476,28,4298.025059
477,26,4307.094357
477,27,4305.141766
477,28,4298.025059
478,26,4307.094357
478,27,4305.141766
478,28,4298.025059
479,26,4307.094357
479,27,4305.141766
479,28,4298.025059
480,26,4307.094357
480,27,4305.141766
480,28,4298.025059
481,26,4307.094357
481,27,4305.141766
481,28,4298.025059
482,26,4307.094357
482,27,4305.141766
482,28,4298.025059
483,26,4307.094357
483,27,4305.141766
483,28,4298.025059
484,26,4307.094357
484,27,4305.141766
484,28,4298.025059
485,26,4307.094357
485,27,4305.141766
485,28,4298.025059
486,26,4307.094357
486,27,4305.141766
486,28,4298.025059
487,26,4307.094357
487,27,4305.141766
487,28,4298.025059
488,26,4307.094357
488,27,4305.141766
488,28,4298.025059
489,26,4307.094357
489,27,4305.141766
489,28,4298.025059
490,26,4307.094357
490,27,4305.141766
490,28,4298.025059
491,26,4307.094357
491,27,4305.141766
491,28,4298.025059
492,26,4307.094357
492,27,4305.141766
492,28,4298.025059
493,26,4307.094357
493,27,4305.141766
493,28,4298.025059
494,26,4307.094357
494,27,4305.141766
494,28,4298.025059
495,26,4307.094357
495,27,4305.141766
495,28,4298.025059
496,26,4307.094357
496,27,4305.141766
496,28,4298.025059
497,26,4307.094357
497,27,4305.141766
497,28,4298.025059
498,26,4307.094357
498,27,4305.141766
498,28,4298.025059
499,26,4307.094357
499,27,4305.141766
499,28,4298.025059
500,26,4307.094357
500,27,4305.141766
500,28,4298.025059
501,26,4307.094357
501,27,4305.141766
501,28,4298.025059
502,26,4307.094357
502,27,4305.141766
502,28,4298.025059
503,26,4307.094357
503,27,4305.141766
503,28,4298.025059
504,26,4307.094357
504,27,4305.141766
504,28,4298.025059
505,26,4307.094357
505,27,4305.141766
505,28,4298.025059
506,26,4307.094357
506,27,4305.141766
506,28,4298.025059
507,26,4307.094357
507,27,4305.141766
507,28,4298.025059
508,26,4307.094357
508,27,4305.141766
508,28,4298.025059
509,26,4307.094357
509,27,4305.141766
509,28,4298.025059
510,26,4307.094357
510,27,4305.141766
510,28,4298.025059
511,26,4307.094357
511,27,4305.141766
511,28,4298.025059
512,26,4307.094357
512,27,4305.141766
512,28,4298.025059
513,26,4307.094357
513,27,4305.141766
513,28,4298.025059
514,26,4307.094357
514,27,4305.141766
514,28,4298.025059
515,26,4307.094357
515,27,4305.141766
515,28,4298.025059
516,26,4307.094357
516,27,4305.141766
516,28,4298.025059
517,26,4307.094357
517,27,4305.141766
517,28,4298.025059
518,26,4307.094357
518,27,4305.141766
518,28,4298.025059
519,26,4307.094357
519,27,4305.141766
519,28,4298.025059
520,26,4307.094357
520,27,4305.141766
520,28,4298.025059
521,26,4307.094357
521,27,4305.141766
521,28,4298.025059
522,26,4307.094357
522,27,4305.141766
522,28,4298.025059
523,26,4307.094357
523,27,4305.141766
523,28,4298.025059
524,26,4307.094357
524,27,4305.141766
524,28,4298.025059
525,26,4307.094357
525,27,4305.141766
525,28,4298.025059
526,26,4307.094357
526,27,4305.141766
526,28,4298.025059
527,26,4307.094357
527,27,4305.141766
527,28,4298.025059
528,26,4307.094357
528,27,4305.141766
528,28,4298.025059
529,26,4307.094357
529,27,4305.141766
529,28,4298.025059
530,26,4307.094357
530,27,4305.141766
530,28,4298.025059
531,26,4307.094357
531,27,4305.141766
531,28,4298.025059
532,26,4307.094357
532,27,4305.141766
532,28,4298.025059
533,26,4307.094357
533,27,4305.141766
533,28,4298.025059
534,26,4307.094357
534,27,4305.141766
534,28,4298.025059
535,26,4307.094357
535,27,4305.141766
535,28,4298.025059
536,26,4307.094357
536,27,4305.141766
536,28,4298.025059
537,26,4307.094357
537,27,4305.141766
537,28,4298.025059
538,26,4307.094357
538,27,4305.141766
538,28,4298.025059
539,26,4307.094357
539,27,4305.141766
539,28,4298.025059
540,26,4307.094357
540,27,4305.141766
540,28,4298.025059
541,26,4307.094357
541,27,4305.141766
541,28,4298.025059
542,26,4307.094357
542,27,4305.141766
542,28,4298.025059
543,26,4307.094357
543,27,4305.141766
543,28,4298.025059
544,26,4307.094357
544,27,4305.141766
544,28,4298.025059
545,26,4307.094357
545,27,4305.141766
545,28,4298.025059
546,26,4307.094357
546,27,4305.141766
546,28,4298.025059
547,26,4307.094357
547,27,4305.141766
547,28,4298.025059
548,26,4307.094357
548,27,4305.141766
548,28,4298.025059
549,26,4307.094357
549,27,4305.141766
549,28,4298.025059
550,26,4307.094357
550,27,4305.141766
550,28,4298.025059
551,26,4307.094357
551,27,4305.141766
551,28,4298.025059
552,26,4307.094357
552,27,4305.141766
552,28,4298.025059
553,26,4307.094357
553,27,4305.141766
553,28,4298.025059
554,26,4307.094357
554,27,4305.141766
554,28,4298.025059
555,26,4307.094357
555,27,4305.141766
555,28,4298.025059
556,26,4307.094357
556,27,4305.141766
556,28,4298.025059
557,26,4307.094357
557,27,4305.141766
557,28,4298.025059
558,26,4307.094357
558,27,4305.141766
558,28,4298.025059
559,26,4307.094357
559,27,4305.141766
559,28,4298.025059
560,26,4307.094357
560,27,4305.141766
560,28,4298.025059
561,26,4307.094357
561,27,4305.141766
561,28,4298.025059
562,26,4307.094357
562,27,4305.141766
562,28,4298.025059
563,26,4307.094357
563,27,4305.141766
563,28,4298.025059
564,26,4307.094357
564,27,4305.141766
564,28,4298.025059
565,26,4307.094357
565,27,4305.141766
565,28,4298.025059
566,26,4307.094357
566,27,4305.141766
566,28,4298.025059
567,26,4307.094357
567,27,4305.141766
567,28,4298.025059
568,26,4307.094357
568,27,4305.141766
568,28,4298.025059
569,26,4307.094357
569,27,4305.141766
569,28,4298.025059
570,26,4307.094357
570,27,4305.141766
570,28,4298.025059
571,26,4307.094357
571,27,4305.141766
571,28,4298.025059
572,26,4307.094357
572,27,4305.141766
572,28,4298.025059
573,26,4307.094357
573,27,4305.141766
573,28,4298.025059
574,26,4307.094357
574,27,4305.141766
574,28,4298.025059
575,26,4307.094357
575,27,4305.141766
575,28,4298.025059
576,26,4307.094357
576,27,4305.141766
576,28,4298.025059
577,26,4307.094357
577,27,4305.141766
577,28,4298.025059
578,26,4307.094357
578,27,4305.141766
578,28,4298.025059
579,26,4307.094357
579,27,4305.141766
579,28,4298.025059
580,26,4307.094357
580,27,4305.141766
580,28,4298.025059
581,26,4307.094357
581,27,4305.141766
581,28,4298.025059
582,26,4307.094357
582,27,4305.141766
582,28,4298.025059
583,26,4307.094357
583,27,4305.141766
583,28,4298.025059
584,26,4307.094357
584,27,4305.141766
584,28,4298.025059
585,26,4307.094357
585,27,4305.141766
585,28,4298.025059
586,26,4307.094357
586,27,4305.141766
586,28,4298.025059
587,26,4307.094357
587,27,4305.141766
587,28,4298.025059
588,26,4307.094357
588,27,4305.141766
588,28,4298.025059
589,26,4307.094357
589,27,4305.141766
589,28,4298.025059
590,26,4307.094357
590,27,4305.141766
590,28,4298.025059
591,26,4307.094357
591,27,4305.141766
591,28,4298.025059
592,26,4307.094357
592,27,4305.141766
592,28,4298.025059
593,26,4307.094357
593,27,4305.141766
593,28,4298.025059
594,26,4307.094357
594,27,4305.141766
594,28,4298.025059
595,26,4307.094357
595,27,4305.141766
595,28,4298.025059
596,26,4307.094357
596,27,4305.141766
596,28,4298.025059
597,26,4307.094357
597,27,4305.141766
597,28,4298.025059
598,26,4307.094357
598,27,4305.141766
598,28,4298.025059
599,26,4307.094357
599,27,4305.141766
599,28,4298.025059
600,26,4307.094357
600,27,4305.141766
600,28,4298.025059
601,26,4307.094357
601,27,4305.141766
601,28,4298.025059
602,26,4307.094357
602,27,4305.141766
602,28,4298.025059
603,26,4307.094357
603,27,4305.141766
603,28,4298.025059
604,26,4307.094357
604,27,4305.141766
604,28,4298.025059
605,26,4307.094357
605,27,4305.141766
605,28,4298.025059
606,26,4307.094357
606,27,4305.141766
606,28,4298.025059
607,26,4307.094357
607,27,4305.141766
607,28,4298.025059
608,26,4307.094357
608,27,4305.141766
608,28,4298.025059
609,26,4307.094357
609,27,4305.141766
609,28,4298.025059
610,26,4307.094357
610,27,4305.141766
610,28,4298.025059
611,26,4307.094357
611,27,4305.141766
611,28,4298.025059
612,26,4307.094357
612,27,4305.141766
612,28,4298.025059
613,26,4307.094357
613,27,4305.141766
613,28,4298.025059
614,26,4307.094357
614,27,4305.141766
614,28,4298.025059
615,26,4307.094357
615,27,4305.141766
615,28,4298.025059
616,26,4307.094357
616,27,4305.141766
616,28,4298.025059
617,26,4307.094357
617,27,4305.141766
617,28,4298.025059
618,26,4307.094357
618,27,4305.141766
618,28,4298.025059
619,26,4307.094357
619,27,4305.141766
619,28,4298.025059
620,26,4307.094357
620,27,4305.141766
620,28,4298.025059
621,26,4307.094357
621,27,4305.141766
621,28,4298.025059
622,26,4307.094357
622,27,4305.141766
622,28,4298.025059
623,26,4307.094357
623,27,4305.141766
623,28,4298.025059
624,26,4307.094357
624,27,4305.141766
624,28,4298.025059
625,26,4307.094357
625,27,4305.141766
625,28,4298.025059
626,26,4307.094357
626,27,4305.141766
626,28,4298.025059
627,26,4307.094357
627,27,4305.141766
627,28,4298.025059
628,26,4307.094357
628,27,4305.141766
628,28,4298.025059
629,26,4307.094357
629,27,4305.141766
629,28,4298.025059
630,26,4307.094357
630,27,4305.141766
630,28,4298.025059
631,26,4307.094357
631,27,4305.141766
631,28,4298.025059
632,26,4307.094357
632,27,4305.141766
632,28,4298.025059
633,26,4307.094357
633,27,4305.141766
633,28,4298.025059
634,26,4307.094357
634,27,4305.141766
634,28,4298.025059
635,26,4307.094357
635,27,4305.141766
635,28,4298.025059
636,26,4307.094357
636,27,4305.141766
636,28,4298.025059
637,26,4307.094357
637,27,4305.141766
637,28,4298.025059
638,26,4307.094357
638,27,4305.141766
638,28,4298.025059
639,26,4307.094357
639,27,4305.141766
639,28,4298.025059
640,26,4307.094357
640,27,4305.141766
640,28,4298.025059
641,26,4307.094357
641,27,4305.141766
641,28,4298.025059
642,26,4307.094357
642,27,4305.141766
642,28,4298.025059
643,26,4307.094357
643,27,4305.141766
643,28,4298.025059
644,26,4307.094357
644,27,4305.141766
644,28,4298.025059
645,26,4307.094357
645,27,4305.141766
645,28,4298.025059
646,26,4307.094357
646,27,4305.141766
646,28,4298.025059
647,26,4307.094357
647,27,4305.141766
647,28,4298.025059
648,26,4307.094357
648,27,4305.141766
648,28,4298.025059
649,26,4307.094357
649,27,4305.141766
649,28,4298.025059
650,26,4307.094357
650,27,4305.141766
650,28,4298.025059
651,26,4307.094357
651,27,4305.141766
651,28,4298.025059
652,26,4307.094357
652,27,4305.141766
652,28,4298.025059
653,26,4307.094357
653,27,4305.141766
653,28,4298.025059
654,26,4307.094357
654,27,4305.141766
654,28,4298.025059
655,26,4307.094357
655,27,4305.141766
655,28,4298.025059
656,26,4307.094357
656,27,4305.141766
656,28,4298.025059
657,26,4307.094357
657,27,4305.141766
657,28,4298.025059
658,26,4307.094357
658,27,4305.141766
658,28,4298.025059
659,26,4307.094357
659,27,4305.141766
659,28,4298.025059
660,26,4307.094357
660,27,4305.141766
660,28,4298.025059
661,26,4307.094357
661,27,4305.141766
661,28,4298.025059
662,26,4307.094357
662,27,4305.141766
662,28,4298.025059
663,26,4307.094357
663,27,4305.141766
663,28,4298.025059
664,26,4307.094357
664,27,4305.141766
664,28,4298.025059
665,26,4307.094357
665,27,4305.141766
665,28,4298.025059
666,26,4307.094357
666,27,4305.141766
666,28,4298.025059
667,26,4307.094357
667,27,4305.141766
667,28,4298.025059
668,26,4307.094357
668,27,4305.141766
668,28,4298.025059
669,26,4307.094357
669,27,4305.141766
669,28,4298.025059
670,26,4307.094357
670,27,4305.141766
670,28,4298.025059
671,26,4307.094357
671,27,4305.141766
671,28,4298.025059
672,26,4307.094357
672,27,4305.141766
672,28,4298.025059
673,26,4307.094357
673,27,4305.141766
673,28,4298.025059
674,26,4307.094357
674,27,4305.141766
674,28,4298.025059
675,26,4307.094357
675,27,4305.141766
675,28,4298.025059
676,26,4307.094357
676,27,4305.141766
676,28,4298.025059
677,26,4307.094357
677,27,4305.141766
677,28,4298.025059
678,26,4307.094357
678,27,4305.141766
678,28,4298.025059
679,26,4307.094357
679,27,4305.141766
679,28,4298.025059
680,26,4307.094357
680,27,4305.141766
680,28,4298.025059
681,26,4307.094357
681,27,4305.141766
681,28,4298.025059
682,26,4307.094357
682,27,4305.141766
682,28,4298.025059
683,26,4307.094357
683,27,4305.141766
683,28,4298.025059
684,26,4307.094357
684,27,4305.141766
684,28,4298.025059
685,26,4307.094357
685,27,4305.141766
685,28,4298.025059
686,26,4307.094357
686,27,4305.141766
686,28,4298.025059
687,26,4307.094357
687,27,4305.141766
687,28,4298.025059
688,26,4307.094357
688,27,4305.141766
688,28,4298.025059
689,26,4307.094357
689,27,4305.141766
689,28,4298.025059
690,26,4307.094357
690,27,4305.141766
690,28,4298.025059
691,26,4307.094357
691,27,4305.141766
691,28,4298.025059
692,26,4307.094357
692,27,4305.141766
692,28,4298.025059
693,26,4307.094357
693,27,4305.141766
693,28,4298.025059
694,26,4307.094357
694,27,4305.141766
694,28,4298.025059
695,26,4307.094357
695,27,4305.141766
695,28,4298.025059
696,26,4307.094357
696,27,4305.141766
696,28,4298.025059
697,26,4307.094357
697,27,4305.141766
697,28,4298.025059
698,26,4307.094357
698,27,4305.141766
698,28,4298.025059
699,26,4307.094357
699,27,4305.141766
699,28,4298.025059
700,26,4307.094357
700,27,4305.141766
700,28,4298.025059
701,26,4307.094357
701,27,4305.141766
701,28,4298.025059
702,26,4307.094357
702,27,4305.141766
702,28,4298.025059
703,26,4307.094357
703,27,4305.141766
703,28,4298.025059
704,26,4307.094357
704,27,4305.141766
704,28,4298.025059
705,26,4307.094357
705,27,4305.141766
705,28,4298.025059
706,26,4307.094357
706,27,4305.141766
706,28,4298.025059
707,26,4307.094357
707,27,4305.141766
707,28,4298.025059
708,26,4307.094357
708,27,4305.141766
708,28,4298.025059
709,26,4307.094357
709,27,4305.141766
709,28,4298.025059
710,26,4307.094357
710,27,4305.141766
710,28,4298.025059
711,26,4307.094357
711,27,4305.141766
711,28,4298.025059
712,26,4307.094357
712,27,4305.141766
712,28,4298.025059
713,26,4307.094357
713,27,4305.141766
713,28,4298.025059
714,26,4307.094357
714,27,4305.141766
714,28,4298.025059
715,26,4307.094357
715,27,4305.141766
715,28,4298.025059
716,26,4307.094357
716,27,4305.141766
716,28,4298.025059
717,26,4307.094357
717,27,4305.141766
717,28,4298.025059
718,26,4307.094357
718,27,4305.141766
718,28,4298.025059
719,26,4307.094357
719,27,4305.141766
719,28,4298.025059
720,26,4307.094357
720,27,4305.141766
720,28,4298.025059
721,26,4307.094357
721,27,4305.141766
721,28,4298.025059
722,26,4307.094357
722,27,4305.141766
722,28,4298.025059
723,26,4307.094357
723,27,4305.141766
723,28,4298.025059
724,26,4307.094357
724,27,4305.141766
724,28,4298.025059
725,26,4307.094357
725,27,4305.141766
725,28,4298.025059
726,26,4307.094357
726,27,4305.141766
726,28,4298.025059
727,26,4307.094357
727,27,4305.141766
727,28,4298.025059
728,26,4307.094357
728,27,4305.141766
728,28,4298.025059
729,26,4307.094357
729,27,4305.141766
729,28,4298.025059
730,26,4307.094357
730,27,4305.141766
730,28,4298.025059
731,26,4307.094357
731,27,4305.141766
731,28,4298.025059
732,26,4307.094357
732,27,4305.141766
732,28,4298.025059
733,26,4307.094357
733,27,4305.141766
733,28,4298.025059
734,26,4307.094357
734,27,4305.141766
734,28,4298.025059
735,26,4307.094357
735,27,4305.141766
735,28,4298.025059
736,26,4307.094357
736,27,4305.141766
736,28,4298.025059
737,26,4307.094357
737,27,4305.141766
737,28,4298.025059
738,26,4307.094357
738,27,4305.141766
738,28,4298.025059
739,26,4307.094357
739,27,4305.141766
739,28,4298.025059
740,26,4307.094357
740,27,4305.141766
740,28,4298.025059
741,26,4307.094357
741,27,4305.141766
741,28,4298.025059
742,26,4307.094357
742,27,4305.141766
742,28,4298.025059
743,26,4307.094357
743,27,4305.141766
743,28,4298.025059
744,26,4307.094357
744,27,4305.141766
744,28,4298.025059
745,26,4307.094357
745,27,4305.141766
745,28,4298.025059
746,26,4307.094357
746,27,4305.141766
746,28,4298.025059
747,26,4307.094357
747,27,4305.141766
747,28,4298.025059
748,26,4307.094357
748,27,4305.141766
748,28,4298.025059
749,26,4307.094357
749,27,4305.141766
749,28,4298.025059
750,26,4307.094357
750,27,4305.141766
750,28,4298.025059
751,26,4307.094357
751,27,4305.141766
751,28,4298.025059
752,26,4307.094357
752,27,4305.141766
752,28,4298.025059
753,26,4307.094357
753,27,4305.141766
753,28,4298.025059
754,26,4307.094357
754,27,4305.141766
754,28,4298.025059
755,26,4307.094357
755,27,4305.141766
755,28,4298.025059
756,26,4307.094357
756,27,4305.141766
756,28,4298.025059
757,26,4307.094357
757,27,4305.141766
757,28,4298.025059
758,26,4307.094357
758,27,4305.141766
758,28,4298.025059
759,26,4307.094357
759,27,4305.141766
759,28,4298.025059
760,26,4307.094357
760,27,4305.141766
760,28,4298.025059
761,26,4307.094357
761,27,4305.141766
761,28,4298.025059
762,26,4307.094357
762,27,4305.141766
762,28,4298.025059
763,26,4307.094357
763,27,4305.141766
763,28,4298.025059
764,26,4307.094357
764,27,4305.141766
764,28,4298.025059
765,26,4307.094357
765,27,4305.141766
765,28,4298.025059
766,26,4307.094357
766,27,4305.141766
766,28,4298.025059
767,26,4307.094357
767,27,4305.141766
767,28,4298.025059
768,26,4307.094357
768,27,4305.141766
768,28,4298.025059
769,26,4307.094357
769,27,4305.141766
769,28,4298.025059
770,26,4307.094357
770,27,4305.141766
770,28,4298.025059
771,26,4307.094357
771,27,4305.141766
771,28,4298.025059
772,26,4307.094357
772,27,4305.141766
772,28,4298.025059
773,26,4307.094357
773,27,4305.141766
773,28,4298.025059
774,26,4307.094357
774,27,4305.141766
774,28,4298.025059
775,26,4307.094357
775,27,4305.141766
775,28,4298.025059
776,26,4307.094357
776,27,4305.141766
776,28,4298.025059
777,26,4307.094357
777,27,4305.141766
777,28,4298.025059
778,26,4307.094357
778,27,4305.141766
778,28,4298.025059
779,26,4307.094357
779,27,4305.141766
779,28,4298.025059
780,26,4307.094357
780,27,4305.141766
780,28,4298.025059
781,26,4307.094357
781,27,4305.141766
781,28,4298.025059
782,26,4307.094357
782,27,4305.141766
782,28,4298.025059
783,26,4307.094357
783,27,4305.141766
783,28,4298.025059
784,26,4307.094357
784,27,4305.141766
784,28,4298.025059
785,26,4307.094357
785,27,4305.141766
785,28,4298.025059
786,26,4307.094357
786,27,4305.141766
786,28,4298.025059
787,26,4307.094357
787,27,4305.141766
787,28,4298.025059
788,26,4307.094357
788,27,4305.141766
788,28,4298.025059
789,26,4307.094357
789,27,4305.141766
789,28,4298.025059
790,26,4307.094357
790,27,4305.141766
790,28,4298.025059
791,26,4307.094357
791,27,4305.141766
791,28,4298.025059
792,26,4307.094357
792,27,4305.141766
792,28,4298.025059
793,26,4307.094357
793,27,4305.141766
793,28,4298.025059
794,26,4307.094357
794,27,4305.141766
794,28,4298.025059
795,26,4307.094357
795,27,4305.141766
795,28,4298.025059
796,26,4307.094357
796,27,4305.141766
796,28,4298.025059
797,26,4307.094357
797,27,4305.141766
797,28,4298.025059
798,26,4307.094357
798,27,4305.141766
798,28,4298.025059
799,26,4307.094357
799,27,4305.141766
799,28,4298.025059
800,26,4307.094357
800,27,4305.141766
800,28,4298.025059
801,26,4307.094357
801,27,4305.141766
801,28,4298.025059
802,26,4307.094357
802,27,4305.141766
802,28,4298.025059
803,26,4307.094357
803,27,4305.141766
803,28,4298.025059
804,26,4307.094357
804,27,4305.141766
804,28,4298.025059
805,26,4307.094357
805,27,4305.141766
805,28,4298.025059
806,26,4307.094357
806,27,4305.141766
806,28,4298.025059
807,26,4307.094357
807,27,4305.141766
807,28,4298.025059
808,26,4307.094357
808,27,4305.141766
808,28,4298.025059
809,26,4307.094357
809,27,4305.141766
809,28,4298.025059
810,26,4307.094357
810,27,4305.141766
810,28,4298.025059
811,26,4307.094357
811,27,4305.141766
811,28,4298.025059
812,26,4307.094357
812,27,4305.141766
812,28,4298.025059
813,26,4307.094357
813,27,4305.141766
813,28,4298.025059
814,26,4307.094357
814,27,4305.141766
814,28,4298.025059
815,26,4307.094357
815,27,4305.141766
815,28,4298.025059
816,26,4307.094357
816,27,4305.141766
816,28,4298.025059
817,26,4307.094357
817,27,4305.141766
817,28,4298.025059
818,26,4307.094357
818,27,4305.141766
818,28,4298.025059
819,26,4307.094357
819,27,4305.141766
819,28,4298.025059
820,26,4307.094357
820,27,4305.141766
820,28,4298.025059
821,26,4307.094357
821,27,4305.141766
821,28,4298.025059
822,26,4307.094357
822,27,4305.141766
822,28,4298.025059
823,26,4307.094357
823,27,4305.141766
823,28,4298.025059
824,26,4307.094357
824,27,4305.141766
824,28,4298.025059
825,26,4307.094357
825,27,4305.141766
825,28,4298.025059
826,26,4307.094357
826,27,4305.141766
826,28,4298.025059
827,26,4307.094357
827,27,4305.141766
827,28,4298.025059
828,26,4307.094357
828,27,4305.141766
828,28,4298.025059
829,26,4307.094357
829,27,4305.141766
829,28,4298.025059
830,26,4307.094357
830,27,4305.141766
830,28,4298.025059
831,26,4307.094357
831,27,4305.141766
831,28,4298.025059
832,26,4307.094357
832,27,4305.141766
832,28,4298.025059
833,26,4307.094357
833,27,4305.141766
833,28,4298.025059
834,26,4307.094357
834,27,4305.141766
834,28,4298.025059
835,26,4307.094357
835,27,4305.141766
835,28,4298.025059
836,26,4307.094357
836,27,4305.141766
836,28,4298.025059
837,26,4307.094357
837,27,4305.141766
837,28,4298.025059
838,26,4307.094357
838,27,4305.141766
838,28,4298.025059
839,26,4307.094357
839,27,4305.141766
839,28,4298.025059
840,26,4307.094357
840,27,4305.141766
840,28,4298.025059
841,26,4307.094357
841,27,4305.141766
841,28,4298.025059
842,26,4307.094357
842,27,4305.141766
842,28,4298.025059
843,26,4307.094357
843,27,4305.141766
843,28,4298.025059
844,26,4307.094357
844,27,4305.141766
844,28,4298.025059
845,26,4307.094357
845,27,4305.141766
845,28,4298.025059
846,26,4307.094357
846,27,4305.141766
846,28,4298.025059
847,26,4307.094357
847,27,4305.141766
847,28,4298.025059
848,26,4307.094357
848,27,4305.141766
848,28,4298.025059
849,26,4307.094357
849,27,4305.141766
849,28,4298.025059
850,26,4307.094357
850,27,4305.141766
850,28,4298.025059
851,26,4307.094357
851,27,4305.141766
851,28,4298.025059
852,26,4307.094357
852,27,4305.141766
852,28,4298.025059
853,26,4307.094357
853,27,4305.141766
853,28,4298.025059
854,26,4307.094357
854,27,4305.141766
854,28,4298.025059
855,26,4307.094357
855,27,4305.141766
855,28,4298.025059
856,26,4307.094357
856,27,4305.141766
856,28,4298.025059
857,26,4307.094357
857,27,4305.141766
857,28,4298.025059
858,26,4307.094357
858,27,4305.141766
858,28,4298.025059
859,26,4307.094357
859,27,4305.141766
859,28,4298.025059
860,26,4307.094357
860,27,4305.141766
860,28,4298.025059
861,26,4307.094357
861,27,4305.141766
861,28,4298.025059
862,26,4307.094357
862,27,4305.141766
862,28,4298.025059
863,26,4307.094357
863,27,4305.141766
863,28,4298.025059
864,26,4307.094357
864,27,4305.141766
864,28,4298.025059
865,26,4307.094357
865,27,4305.141766
865,28,4298.025059
866,26,4307.094357
866,27,4305.141766
866,28,4298.025059
867,26,4307.094357
867,27,4305.141766
867,28,4298.025059
868,26,4307.094357
868,27,4305.141766
868,28,4298.025059
869,26,4307.094357
869,27,4305.141766
869,28,4298.025059
870,26,4307.094357
870,27,4305.141766
870,28,4298.025059
871,26,4307.094357
871,27,4305.141766
871,28,4298.025059
872,26,4307.094357
872,27,4305.141766
872,28,4298.025059
873,26,4307.094357
873,27,4305.141766
873,28,4298.025059
874,26,4307.094357
874,27,4305.141766
874,28,4298.025059
875,26,4307.094357
875,27,4305.141766
875,28,4298.025059
876,26,4307.094357
876,27,4305.141766
876,28,4298.025059
877,26,4307.094357
877,27,4305.141766
877,28,4298.025059
878,26,4307.094357
878,27,4305.141766
878,28,4298.025059
879,26,4307.094357
879,27,4305.141766
879,28,4298.025059
880,26,4307.094357
880,27,4305.141766
880,28,4298.025059
881,26,4307.094357
881,27,4305.141766
881,28,4298.025059
882,26,4307.094357
882,27,4305.141766
882,28,4298.025059
883,26,4307.094357
883,27,4305.141766
883,28,4298.025059
884,26,4307.094357
884,27,4305.141766
884,28,4298.025059
885,26,4307.094357
885,27,4305.141766
885,28,4298.025059
886,26,4307.094357
886,27,4305.141766
886,28,4298.025059
887,26,4307.094357
887,27,4305.141766
887,28,4298.025059
888,26,4307.094357
888,27,4305.141766
888,28,4298.025059
889,26,4307.094357
889,27,4305.141766
889,28,4298.025059
890,26,4307.094357
890,27,4305.141766
890,28,4298.025059
891,26,4307.094357
891,27,4305.141766
891,28,4298.025059
892,26,4307.094357
892,27,4305.141766
892,28,4298.025059
893,26,4307.094357
893,27,4305.141766
893,28,4298.025059
894,26,4307.094357
894,27,4305.141766
894,28,4298.025059
895,26,4307.094357
895,27,4305.141766
895,28,4298.025059
896,26,4307.094357
896,27,4305.141766
896,28,4298.025059
897,26,4307.094357
897,27,4305.141766
897,28,4298.025059
898,26,4307.094357
898,27,4305.141766
898,28,4298.025059
899,26,4307.094357
899,27,4305.141766
899,28,4298.025059
900,26,4307.094357
900,27,4305.141766
900,28,4298.025059
901,26,4307.094357
901,27,4305.141766
901,28,4298.025059
902,26,4307.094357
902,27,4305.141766
902,28,4298.025059
903,26,4307.094357
903,27,4305.141766
903,28,4298.025059
904,26,4307.094357
904,27,4305.141766
904,28,4298.025059
905,26,4307.094357
905,27,4305.141766
905,28,4298.025059
906,26,4307.094357
906,27,4305.141766
906,28,4298.025059
907,26,4307.094357
907,27,4305.141766
907,28,4298.025059
908,26,4307.094357
908,27,4305.141766
908,28,4298.025059
909,26,4307.094357
909,27,4305.141766
909,28,4298.025059
910,26,4307.094357
910,27,4305.141766
910,28,4298.025059
911,26,4307.094357
911,27,4305.141766
911,28,4298.025059
912,26,4307.094357
912,27,4305.141766
912,28,4298.025059
913,26,4307.094357
913,27,4305.141766
913,28,4298.025059
914,26,4307.094357
914,27,4305.141766
914,28,4298.025059
915,26,4307.094357
915,27,4305.141766
915,28,4298.025059
916,26,4307.094357
916,27,4305.141766
916,28,4298.025059
917,26,4307.094357
917,27,4305.141766
917,28,4298.025059
918,26,4307.094357
918,27,4305.141766
918,28,4298.025059
919,26,4307.094357
919,27,4305.141766
919,28,4298.025059
920,26,4307.094357
920,27,4305.141766
920,28,4298.025059
921,26,4307.094357
921,27,4305.141766
921,28,4298.025059
922,26,4307.094357
922,27,4305.141766
922,28,4298.025059
923,26,4307.094357
923,27,4305.141766
923,28,4298.025059
924,26,4307.094357
924,27,4305.141766
924,28,4298.025059
925,26,4307.094357
925,27,4305.141766
925,28,4298.025059
926,26,4307.094357
926,27,4305.141766
926,28,4298.025059
927,26,4307.094357
927,27,4305.141766
927,28,4298.025059
928,26,4307.094357
928,27,4305.141766
928,28,4298.025059
929,26,4307.094357
929,27,4305.141766
929,28,4298.025059
930,26,4307.094357
930,27,4305.141766
930,28,4298.025059
931,26,4307.094357
931,27,4305.141766
931,28,4298.025059
932,26,4307.094357
932,27,4305.141766
932,28,4298.025059
933,26,4307.094357
933,27,4305.141766
933,28,4298.025059
934,26,4307.094357
934,27,4305.141766
934,28,4298.025059
935,26,4307.094357
935,27,4305.141766
935,28,4298.025059
936,26,4307.094357
936,27,4305.141766
936,28,4298.025059
937,26,4307.094357
937,27,4305.141766
937,28,4298.025059
938,26,4307.094357
938,27,4305.141766
938,28,4298.025059
939,26,4307.094357
939,27,4305.141766
939,28,4298.025059
940,26,4307.094357
940,27,4305.141766
940,28,4298.025059
941,26,4307.094357
941,27,4305.141766
941,28,4298.025059
942,26,4307.094357
942,27,4305.141766
942,28,4298.025059
943,26,4307.094357
943,27,4305.141766
943,28,4298.025059
944,26,4307.094357
944,27,4305.141766
944,28,4298.025059
945,26,4307.094357
945,27,4305.141766
945,28,4298.025059
946,26,4307.094357
946,27,4305.141766
946,28,4298.025059
947,26,4307.094357
947,27,4305.141766
947,28,4298.025059
948,26,4307.094357
948,27,4305.141766
948,28,4298.025059
949,26,4307.094357
949,27,4305.141766
949,28,4298.025059
950,26,4307.094357
950,27,4305.141766
950,28,4298.025059
951,26,4307.094357
951,27,4305.141766
951,28,4298.025059
952,26,4307.094357
952,27,4305.141766
952,28,4298.025059
953,26,4307.094357
953,27,4305.141766
953,28,4298.025059
954,26,4307.094357
954,27,4305.141766
954,28,4298.025059
955,26,4307.094357
955,27,4305.141766
955,28,4298.025059
956,26,4307.094357
956,27,4305.141766
956,28,4298.025059
957,26,4307.094357
957,27,4305.141766
957,28,4298.025059
958,26,4307.094357
958,27,4305.141766
958,28,4298.025059
959,26,4307.094357
959,27,4305.141766
959,28,4298.025059
960,26,4307.094357
960,27,4305.141766
960,28,4298.025059
961,26,4307.094357
961,27,4305.141766
961,28,4298.025059
962,26,4307.094357
962,27,4305.141766
962,28,4298.025059
963,26,4307.094357
963,27,4305.141766
963,28,4298.025059
964,26,4307.094357
964,27,4305.141766
964,28,4298.025059
965,26,4307.094357
965,27,4305.141766
965,28,4298.025059
966,26,4307.094357
966,27,4305.141766
966,28,4298.025059
967,26,4307.094357
967,27,4305.141766
967,28,4298.025059
968,26,4307.094357
968,27,4305.141766
968,28,4298.025059
969,26,4307.094357
969,27,4305.141766
969,28,4298.025059
970,26,4307.094357
970,27,4305.141766
970,28,4298.025059
971,26,4307.094357
971,27,4305.141766
971,28,4298.025059
972,26,4307.094357
972,27,4305.141766
972,28,4298.025059
973,26,4307.094357
973,27,4305.141766
973,28,4298.025059
974,26,4307.094357
974,27,4305.141766
974,28,4298.025059
975,26,4307.094357
975,27,4305.141766
975,28,4298.025059
976,26,4307.094357
976,27,4305.141766
976,28,4298.025059
977,26,4307.094357
977,27,4305.141766
977,28,4298.025059
978,26,4307.094357
978,27,4305.141766
978,28,4298.025059
979,26,4307.094357
979,27,4305.141766
979,28,4298.025059
980,26,4307.094357
980,27,4305.141766
980,28,4298.025059
981,26,4307.094357
981,27,4305.141766
981,28,4298.025059
982,26,4307.094357
982,27,4305.141766
982,28,4298.025059
983,26,4307.094357
983,27,4305.141766
983,28,4298.025059
984,26,4307.094357
984,27,4305.141766
984,28,4298.025059
985,26,4307.094357
985,27,4305.141766
985,28,4298.025059
986,26,4307.094357
986,27,4305.141766
986,28,4298.025059
987,26,4307.094357
987,27,4305.141766
987,28,4298.025059
988,26,4307.094357
988,27,4305.141766
988,28,4298.025059
989,26,4307.094357
989,27,4305.141766
989,28,4298.025059
990,26,4307.094357
990,27,4305.141766
990,28,4298.025059
991,26,4307.094357
991,27,4305.141766
991,28,4298.025059
992,26,4307.094357
992,27,4305.141766
992,28,4298.025059
993,26,4307.094357
993,27,4305.141766
993,28,4298.025059
994,26,4307.094357
994,27,4305.141766
994,28,4298.025059
995,26,4307.094357
995,27,4305.141766
995,28,4298.025059
996,26,4307.094357
996,27,4305.141766
996,28,4298.025059
997,26,4307.094357
997,27,4305.141766
997,28,4298.025059
998,26,4307.094357
998,27,4305.141766
998,28,4298.025059
999,26,4307.094357
999,27,4305.141766
999,28,4298.025059
1000,26,4307.094357
1000,27,4305.141766
1000,28,4298.025059
1001,26,4307.094357
1001,27,4305.141766
1001,28,4298.025059
1002,26,4307.094357
1002,27,4305.141766
1002,28,4298.025059
1003,26,4307.094357
1003,27,4305.141766
1003,28,4298.025059
1004,26,4307.094357
1004,27,4305.141766
1004,28,4298.025059
1005,26,4307.094357
1005,27,4305.141766
1005,28,4298.025059
1006,26,4307.094357
1006,27,4305.141766
1006,28,4298.025059
1007,26,4307.094357
1007,27,4305.141766
1007,28,4298.025059
1008,26,4307.094357
1008,27,4305.141766
1008,28,4298.025059
1009,26,4307.094357
1009,27,4305.141766
1009,28,4298.025059
1010,26,4307.094357
1010,27,4305.141766
1010,28,4298.025059
1011,26,4307.094357
1011,27,4305.141766
1011,28,4298.025059
1012,26,4307.094357
1012,27,4305.141766
1012,28,4298.025059
1013,26,4307.094357
1013,27,4305.141766
1013,28,4298.025059
1014,26,4307.094357
1014,27,4305.141766
1014,28,4298.025059
1015,26,4307.094357
1015,27,4305.141766
1015,28,4298.025059
1016,26,4307.094357
1016,27,4305.141766
1016,28,4298.025059
1017,26,4307.094357
1017,27,4305.141766
1017,28,4298.025059
1018,26,4307.094357
1018,27,4305.141766
1018,28,4298.025059
1019,26,4307.094357
1019,27,4305.141766
1019,28,4298.025059
1020,26,4307.094357
1020,27,4305.141766
1020,28,4298.025059
1021,26,4307.094357
1021,27,4305.141766
1021,28,4298.025059
1022,26,4307.094357
1022,27,4305.141766
1022,28,4298.025059
1023,26,4307.094357
1023,27,4305.141766
1023,28,4298.025059
1024,26,4307.094357
1024,27,4305.141766
1024,28,4298.025059
1025,26,4307.094357
1025,27,4305.141766
1025,28,4298.025059
1026,26,4307.094357
1026,27,4305.141766
1026,28,4298.025059
1027,26,4307.094357
1027,27,4305.141766
1027,28,4298.025059
1028,26,4307.094357
1028,27,4305.141766
1028,28,4298.025059
1029,26,4307.094357
1029,27,4305.141766
1029,28,4298.025059
1030,26,4307.094357
1030,27,4305.141766
1030,28,4298.025059
1031,26,4307.094357
1031,27,4305.141766
1031,28,4298.025059
1032,26,4307.094357
1032,27,4305.141766
1032,28,4298.025059
1033,26,4307.094357
1033,27,4305.141766
1033,28,4298.025059
1034,26,4307.094357
1034,27,4305.141766
1034,28,4298.025059
1035,26,4307.094357
1035,27,4305.141766
1035,28,4298.025059
1036,26,4307.094357
1036,27,4305.141766
1036,28,4298.025059
1037,26,4307.094357
1037,27,4305.141766
1037,28,4298.025059
1038,26,4307.094357
1038,27,4305.141766
1038,28,4298.025059
1039,26,4307.094357
1039,27,4305.141766
1039,28,4298.025059
1040,26,4307.094357
1040,27,4305.141766
1040,28,4298.025059
1041,26,4307.094357
1041,27,4305.141766
1041,28,4298.025059
1042,26,4307.094357
1042,27,4305.141766
1042,28,4298.025059
1043,26,4307.094357
1043,27,4305.141766
1043,28,4298.025059
1044,26,4307.094357
1044,27,4305.141766
1044,28,4298.025059
1045,26,4307.094357
1045,27,4305.141766
1045,28,4298.025059
1046,26,4307.094357
1046,27,4305.141766
1046,28,4298.025059
1047,26,4307.094357
1047,27,4305.141766
1047,28,4298.025059
1048,26,4307.094357
1048,27,4305.141766
1048,28,4298.025059
1049,26,4307.094357
1049,27,4305.141766
1049,28,4298.025059
1050,26,4307.094357
1050,27,4305.141766
1050,28,4298.025059
1051,26,4307.094357
1051,27,4305.141766
1051,28,4298.025059
1052,26,4307.094357
1052,27,4305.141766
1052,28,4298.025059
1053,26,4307.094357
1053,27,4305.141766
1053,28,4298.025059
1054,26,4307.094357
1054,27,4305.141766
1054,28,4298.025059
1055,26,4307.094357
1055,27,4305.141766
1055,28,4298.025059
1056,26,4307.094357
1056,27,4305.141766
1056,28,4298.025059
1057,26,4307.094357
1057,27,4305.141766
1057,28,4298.025059
1058,26,4307.094357
1058,27,4305.141766
1058,28,4298.025059
1059,26,4307.094357
1059,27,4305.141766
1059,28,4298.025059
1060,26,4307.094357
1060,27,4305.141766
1060,28,4298.025059
1061,26,4307.094357
1061,27,4305.141766
1061,28,4298.025059
1062,26,4307.094357
1062,27,4305.141766
1062,28,4298.025059
1063,26,4307.094357
1063,27,4305.141766
1063,28,4298.025059
1064,26,4307.094357
1064,27,4305.141766
1064,28,4298.025059
1065,26,4307.094357
1065,27,4305.141766
1065,28,4298.025059
1066,26,4307.094357
1066,27,4305.141766
1066,28,4298.025059
1067,26,4307.094357
1067,27,4305.141766
1067,28,4298.025059
1068,26,4307.094357
1068,27,4305.141766
1068,28,4298.025059
1069,26,4307.094357
1069,27,4305.141766
1069,28,4298.025059
1070,26,4307.094357
1070,27,4305.141766
1070,28,4298.025059
1071,26,4307.094357
1071,27,4305.141766
1071,28,4298.025059
1072,26,4307.094357
1072,27,4305.141766
1072,28,4298.025059
1073,26,4307.094357
1073,27,4305.141766
1073,28,4298.025059
1074,26,4307.094357
1074,27,4305.141766
1074,28,4298.025059
1075,26,4307.094357
1075,27,4305.141766
1075,28,4298.025059
1076,26,4307.094357
1076,27,4305.141766
1076,28,4298.025059
1077,26,4307.094357
1077,27,4305.141766
1077,28,4298.025059
1078,26,4307.094357
1078,27,4305.141766
1078,28,4298.025059
1079,26,4307.094357
1079,27,4305.141766
1079,28,4298.025059
1080,26,4307.094357
1080,27,4305.141766
1080,28,4298.025059
1081,26,4307.094357
1081,27,4305.141766
1081,28,4298.025059
1082,26,4307.094357
1082,27,4305.141766
1082,28,4298.025059
1083,26,4307.094357
1083,27,4305.141766
1083,28,4298.025059
1084,26,4307.094357
1084,27,4305.141766
1084,28,4298.025059
1085,26,4307.094357
1085,27,4305.141766
1085,28,4298.025059
1086,26,4307.094357
1086,27,4305.141766
1086,28,4298.025059
1087,26,4307.094357
1087,27,4305.141766
1087,28,4298.025059
1088,26,4307.094357
1088,27,4305.141766
1088,28,4298.025059
1089,26,4307.094357
1089,27,4305.141766
1089,28,4298.025059
1090,26,4307.094357
1090,27,4305.141766
1090,28,4298.025059
1091,26,4307.094357
1091,27,4305.141766
1091,28,4298.025059
1092,26,4307.094357
1092,27,4305.141766
1092,28,4298.025059
1093,26,4307.094357
1093,27,4305.141766
1093,28,4298.025059
1094,26,4307.094357
1094,27,4305.141766
1094,28,4298.025059
1095,26,4307.094357
1095,27,4305.141766
1095,28,4298.025059
1096,26,4307.094357
1096,27,4305.141766
1096,28,4298.025059
1097,26,4307.094357
1097,27,4305.141766
1097,28,4298.025059
1098,26,4307.094357
1098,27,4305.141766
1098,28,4298.025059
1099,26,4307.094357
1099,27,4305.141766
1099,28,4298.025059
1100,26,4307.094357
1100,27,4305.141766
1100,28,4298.025059
1101,26,4307.094357
1101,27,4305.141766
1101,28,4298.025059
1102,26,4307.094357
1102,27,4305.141766
1102,28,4298.025059
1103,26,4307.094357
1103,27,4305.141766
1103,28,4298.025059
1104,26,4307.094357
1104,27,4305.141766
1104,28,4298.025059
1105,26,4307.094357
1105,27,4305.141766
1105,28,4298.025059
1106,26,4307.094357
1106,27,4305.141766
1106,28,4298.025059
1107,26,4307.094357
1107,27,4305.141766
1107,28,4298.025059
1108,26,4307.094357
1108,27,4305.141766
1108,28,4298.025059
1109,26,4307.094357
1109,27,4305.141766
1109,28,4298.025059
1110,26,4307.094357
1110,27,4305.141766
1110,28,4298.025059
1111,26,4307.094357
1111,27,4305.141766
1111,28,4298.025059
1112,26,4307.094357
1112,27,4305.141766
1112,28,4298.025059
1113,26,4307.094357
1113,27,4305.141766
1113,28,4298.025059
1114,26,4307.094357
1114,27,4305.141766
1114,28,4298.025059
1115,26,4307.094357
1115,27,4305.141766
1115,28,4298.025059
1116,26,4307.094357
1116,27,4305.141766
1116,28,4298.025059
1117,26,4307.094357
1117,27,4305.141766
1117,28,4298.025059
1118,26,4307.094357
1118,27,4305.141766
1118,28,4298.025059
1119,26,4307.094357
1119,27,4305.141766
1119,28,4298.025059
1120,26,4307.094357
1120,27,4305.141766
1120,28,4298.025059
1121,26,4307.094357
1121,27,4305.141766
1121,28,4298.025059
1122,26,4307.094357
1122,27,4305.141766
1122,28,4298.025059
1123,26,4307.094357
1123,27,4305.141766
1123,28,4298.025059
1124,26,4307.094357
1124,27,4305.141766
1124,28,4298.025059
1125,26,4307.094357
1125,27,4305.141766
1125,28,4298.025059
1126,26,4307.094357
1126,27,4305.141766
1126,28,4298.025059
1127,26,4307.094357
1127,27,4305.141766
1127,28,4298.025059
1128,26,4307.094357
1128,27,4305.141766
1128,28,4298.025059
1129,26,4307.094357
1129,27,4305.141766
1129,28,4298.025059
1130,26,4307.094357
1130,27,4305.141766
1130,28,4298.025059
1131,26,4307.094357
1131,27,4305.141766
1131,28,4298.025059
1132,26,4307.094357
1132,27,4305.141766
1132,28,4298.025059
1133,26,4307.094357
1133,27,4305.141766
1133,28,4298.025059
1134,26,4307.094357
1134,27,4305.141766
1134,28,4298.025059
1135,26,4307.094357
1135,27,4305.141766
1135,28,4298.025059
1136,26,4307.094357
1136,27,4305.141766
1136,28,4298.025059
1137,26,4307.094357
1137,27,4305.141766
1137,28,4298.025059
1138,26,4307.094357
1138,27,4305.141766
1138,28,4298.025059
1139,26,4307.094357
1139,27,4305.141766
1139,28,4298.025059
1140,26,4307.094357
1140,27,4305.141766
1140,28,4298.025059
1141,26,4307.094357
1141,27,4305.141766
1141,28,4298.025059
1142,26,4307.094357
1142,27,4305.141766
1142,28,4298.025059
1143,26,4307.094357
1143,27,4305.141766
1143,28,4298.025059
1144,26,4307.094357
1144,27,4305.141766
1144,28,4298.025059
1145,26,4307.094357
1145,27,4305.141766
1145,28,4298.025059
1146,26,4307.094357
1146,27,4305.141766
1146,28,4298.025059
1147,26,4307.094357
1147,27,4305.141766
1147,28,4298.025059
1148,26,4307.094357
1148,27,4305.141766
1148,28,4298.025059
1149,26,4307.094357
1149,27,4305.141766
1149,28,4298.025059
1150,26,4307.094357
1150,27,4305.141766
1150,28,4298.025059
1151,26,4307.094357
1151,27,4305.141766
1151,28,4298.025059
1152,26,4307.094357
1152,27,4305.141766
1152,28,4298.025059
1153,26,4307.094357
1153,27,4305.141766
1153,28,4298.025059
1154,26,4307.094357
1154,27,4305.141766
1154,28,4298.025059
1155,26,4307.094357
1155,27,4305.141766
1155,28,4298.025059
1156,26,4307.094357
1156,27,4305.141766
1156,28,4298.025059
1157,26,4307.094357
1157,27,4305.141766
1157,28,4298.025059
1158,26,4307.094357
1158,27,4305.141766
1158,28,4298.025059
1159,26,4307.094357
1159,27,4305.141766
1159,28,4298.025059
1160,26,4307.094357
1160,27,4305.141766
1160,28,4298.025059
1161,26,4307.094357
1161,27,4305.141766
1161,28,4298.025059
1162,26,4307.094357
1162,27,4305.141766
1162,28,4298.025059
1163,26,4307.094357
1163,27,4305.141766
1163,28,4298.025059
1164,26,4307.094357
1164,27,4305.141766
1164,28,4298.025059
1165,26,4307.094357
1165,27,4305.141766
1165,28,4298.025059
1166,26,4307.094357
1166,27,4305.141766
1166,28,4298.025059
1167,26,4307.094357
1167,27,4305.141766
1167,28,4298.025059
1168,26,4307.094357
1168,27,4305.141766
1168,28,4298.025059
1169,26,4307.094357
1169,27,4305.141766
1169,28,4298.025059
1170,26,4307.094357
1170,27,4305.141766
1170,28,4298.025059
1171,26,4307.094357
1171,27,4305.141766
1171,28,4298.025059
1172,26,4307.094357
1172,27,4305.141766
1172,28,4298.025059
1173,26,4307.094357
1173,27,4305.141766
1173,28,4298.025059
1174,26,4307.094357
1174,27,4305.141766
1174,28,4298.025059
1175,26,4307.094357
1175,27,4305.141766
1175,28,4298.025059
1176,26,4307.094357
1176,27,4305.141766
1176,28,4298.025059
1177,26,4307.094357
1177,27,4305.141766
1177,28,4298.025059
1178,26,4307.094357
1178,27,4305.141766
1178,28,4298.025059
1179,26,4307.094357
1179,27,4305.141766
1179,28,4298.025059
1180,26,4307.094357
1180,27,4305.141766
1180,28,4298.025059
1181,26,4307.094357
1181,27,4305.141766
1181,28,4298.025059
1182,26,4307.094357
1182,27,4305.141766
1182,28,4298.025059
1183,26,4307.094357
1183,27,4305.141766
1183,28,4298.025059
1184,26,4307.094357
1184,27,4305.141766
1184,28,4298.025059
1185,26,4307.094357
1185,27,4305.141766
1185,28,4298.025059
1186,26,4307.094357
1186,27,4305.141766
1186,28,4298.025059
1187,26,4307.094357
1187,27,4305.141766
1187,28,4298.025059
1188,26,4307.094357
1188,27,4305.141766
1188,28,4298.025059
1189,26,4307.094357
1189,27,4305.141766
1189,28,4298.025059
1190,26,4307.094357
1190,27,4305.141766
1190,28,4298.025059
1191,26,4307.094357
1191,27,4305.141766
1191,28,4298.025059
1192,26,4307.094357
1192,27,4305.141766
1192,28,4298.025059
1193,26,4307.094357
1193,27,4305.141766
1193,28,4298.025059
1194,26,4307.094357
1194,27,4305.141766
1194,28,4298.025059
1195,26,4307.094357
1195,27,4305.141766
1195,28,4298.025059
1196,26,4307.094357
1196,27,4305.141766
1196,28,4298.025059
1197,26,4307.094357
1197,27,4305.141766
1197,28,4298.025059
1198,26,4307.094357
1198,27,4305.141766
1198,28,4298.025059
1199,26,4307.094357
1199,27,4305.141766
1199,28,4298.025059
1200,26,4307.094357
1200,27,4305.141766
1200,28,4298.025059
1201,26,4307.094357
1201,27,4305.141766
1201,28,4298.025059
1202,26,4307.094357
1202,27,4305.141766
1202,28,4298.025059
1203,26,4307.094357
1203,27,4305.141766
1203,28,4298.025059
1204,26,4307.094357
1204,27,4305.141766
1204,28,4298.025059
1205,26,4307.094357
1205,27,4305.141766
1205,28,4298.025059
1206,26,4307.094357
1206,27,4305.141766
1206,28,4298.025059
1207,26,4307.094357
1207,27,4305.141766
1207,28,4298.025059
1208,26,4307.094357
1208,27,4305.141766
1208,28,4298.025059
1209,26,4307.094357
1209,27,4305.141766
1209,28,4298.025059
1210,26,4307.094357
1210,27,4305.141766
1210,28,4298.025059
1211,26,4307.094357
1211,27,4305.141766
1211,28,4298.025059
1212,26,4307.094357
1212,27,4305.141766
1212,28,4298.025059
1213,26,4307.094357
1213,27,4305.141766
1213,28,4298.025059
1214,26,4307.094357
1214,27,4305.141766
1214,28,4298.025059
1215,26,4307.094357
1215,27,4305.141766
1215,28,4298.025059
1216,26,4307.094357
1216,27,4305.141766
1216,28,4298.025059
1217,26,4307.094357
1217,27,4305.141766
1217,28,4298.025059
1218,26,4307.094357
1218,27,4305.141766
1218,28,4298.025059
1219,26,4307.094357
1219,27,4305.141766
1219,28,4298.025059
1220,26,4307.094357
1220,27,4305.141766
1220,28,4298.025059
1221,26,4307.094357
1221,27,4305.141766
1221,28,4298.025059
1222,26,4307.094357
1222,27,4305.141766
1222,28,4298.025059
1223,26,4307.094357
1223,27,4305.141766
1223,28,4298.025059
1224,26,4307.094357
1224,27,4305.141766
1224,28,4298.025059
1225,26,4307.094357
1225,27,4305.141766
1225,28,4298.025059
1226,26,4307.094357
1226,27,4305.141766
1226,28,4298.025059
1227,26,4307.094357
1227,27,4305.141766
1227,28,4298.025059
1228,26,4307.094357
1228,27,4305.141766
1228,28,4298.025059
1229,26,4307.094357
1229,27,4305.141766
1229,28,4298.025059
1230,26,4307.094357
1230,27,4305.141766
1230,28,4298.025059
1231,26,4307.094357
1231,27,4305.141766
1231,28,4298.025059
1232,26,4307.094357
1232,27,4305.141766
1232,28,4298.025059
1233,26,4307.094357
1233,27,4305.141766
1233,28,4298.025059
1234,26,4307.094357
1234,27,4305.141766
1234,28,4298.025059
1235,26,4307.094357
1235,27,4305.141766
1235,28,4298.025059
1236,26,4307.094357
1236,27,4305.141766
1236,28,4298.025059
1237,26,4307.094357
1237,27,4305.141766
1237,28,4298.025059
1238,26,4307.094357
1238,27,4305.141766
1238,28,4298.025059
1239,26,4307.094357
1239,27,4305.141766
1239,28,4298.025059
1240,26,4307.094357
1240,27,4305.141766
1240,28,4298.025059
1241,26,4307.094357
1241,27,4305.141766
1241,28,4298.025059
1242,26,4307.094357
1242,27,4305.141766
1242,28,4298.025059
1243,26,4307.094357
1243,27,4305.141766
1243,28,4298.025059
1244,26,4307.094357
1244,27,4305.141766
1244,28,4298.025059
1245,26,4307.094357
1245,27,4305.141766
1245,28,4298.025059
1246,26,4307.094357
1246,27,4305.141766
1246,28,4298.025059
1247,26,4307.094357
1247,27,4305.141766
1247,28,4298.025059
1248,26,4307.094357
1248,27,4305.141766
1248,28,4298.025059
1249,26,4307.094357
1249,27,4305.141766
1249,28,4298.025059
1250,26,4307.094357
1250,27,4305.141766
1250,28,4298.025059
1251,26,4307.094357
1251,27,4305.141766
1251,28,4298.025059
1252,26,4307.094357
1252,27,4305.141766
1252,28,4298.025059
1253,26,4307.094357
1253,27,4305.141766
1253,28,4298.025059
1254,26,4307.094357
1254,27,4305.141766
1254,28,4298.025059
1255,26,4307.094357
1255,27,4305.141766
1255,28,4298.025059
1256,26,4307.094357
1256,27,4305.141766
1256,28,4298.025059
1257,26,4307.094357
1257,27,4305.141766
1257,28,4298.025059
1258,26,4307.094357
1258,27,4305.141766
1258,28,4298.025059
1259,26,4307.094357
1259,27,4305.141766
1259,28,4298.025059
1260,26,4307.094357
1260,27,4305.141766
1260,28,4298.025059
1261,26,4307.094357
1261,27,4305.141766
1261,28,4298.025059
1262,26,4307.094357
1262,27,4305.141766
1262,28,4298.025059
1263,26,4307.094357
1263,27,4305.141766
1263,28,4298.025059
1264,26,4307.094357
1264,27,4305.141766
1264,28,4298.025059
1265,26,4307.094357
1265,27,4305.141766
1265,28,4298.025059
1266,26,4307.094357
1266,27,4305.141766
1266,28,4298.025059
1267,26,4307.094357
1267,27,4305.141766
1267,28,4298.025059
1268,26,4307.094357
1268,27,4305.141766
1268,28,4298.025059
1269,26,4307.094357
1269,27,4305.141766
1269,28,4298.025059
1270,26,4307.094357
1270,27,4305.141766
1270,28,4298.025059
1271,26,4307.094357
1271,27,4305.141766
1271,28,4298.025059
1272,26,4307.094357
1272,27,4305.141766
1272,28,4298.025059
1273,26,4307.094357
1273,27,4305.141766
1273,28,4298.025059
1274,26,4307.094357
1274,27,4305.141766
1274,28,4298.025059
1275,26,4307.094357
1275,27,4305.141766
1275,28,4298.025059
1276,26,4307.094357
1276,27,4305.141766
1276,28,4298.025059
1277,26,4307.094357
1277,27,4305.141766
1277,28,4298.025059
1278,26,4307.094357
1278,27,4305.141766
1278,28,4298.025059
1279,26,4307.094357
1279,27,4305.141766
1279,28,4298.025059
1280,26,4307.094357
1280,27,4305.141766
1280,28,4298.025059
1281,26,4307.094357
1281,27,4305.141766
1281,28,4298.025059
1282,26,4307.094357
1282,27,4305.141766
1282,28,4298.025059
1283,26,4307.094357
1283,27,4305.141766
1283,28,4298.025059
1284,26,4307.094357
1284,27,4305.141766
1284,28,4298.025059
1285,26,4307.094357
1285,27,4305.141766
1285,28,4298.025059
1286,26,4307.094357
1286,27,4305.141766
1286,28,4298.025059
1287,26,4307.094357
1287,27,4305.141766
1287,28,4298.025059
1288,26,4307.094357
1288,27,4305.141766
1288,28,4298.025059
1289,26,4307.094357
1289,27,4305.141766
1289,28,4298.025059
1290,26,4307.094357
1290,27,4305.141766
1290,28,4298.025059
1291,26,4307.094357
1291,27,4305.141766
1291,28,4298.025059
1292,26,4307.094357
1292,27,4305.141766
1292,28,4298.025059
1293,26,4307.094357
1293,27,4305.141766
1293,28,4298.025059
1294,26,4307.094357
1294,27,4305.141766
1294,28,4298.025059
1295,26,4307.094357
1295,27,4305.141766
1295,28,4298.025059
1296,26,4307.094357
1296,27,4305.141766
1296,28,4298.025059
1297,26,4307.094357
1297,27,4305.141766
1297,28,4298.025059
1298,26,4307.094357
1298,27,4305.141766
1298,28,4298.025059
1299,26,4307.094357
1299,27,4305.141766
1299,28,4298.025059
1300,26,4307.094357
1300,27,4305.141766
1300,28,4298.025059
1301,26,4307.094357
1301,27,4305.141766
1301,28,4298.025059
1302,26,4307.094357
1302,27,4305.141766
1302,28,4298.025059
1303,26,4307.094357
1303,27,4305.141766
1303,28,4298.025059
1304,26,4307.094357
1304,27,4305.141766
1304,28,4298.025059
1305,26,4307.094357
1305,27,4305.141766
1305,28,4298.025059
1306,26,4307.094357
1306,27,4305.141766
1306,28,4298.025059
1307,26,4307.094357
1307,27,4305.141766
1307,28,4298.025059
1308,26,4307.094357
1308,27,4305.141766
1308,28,4298.025059
1309,26,4307.094357
1309,27,4305.141766
1309,28,4298.025059
1310,26,4307.094357
1310,27,4305.141766
1310,28,4298.025059
1311,26,4307.094357
1311,27,4305.141766
1311,28,4298.025059
1312,26,4307.094357
1312,27,4305.141766
1312,28,4298.025059
1313,26,4307.094357
1313,27,4305.141766
1313,28,4298.025059
1314,26,4307.094357
1314,27,4305.141766
1314,28,4298.025059
1315,26,4307.094357
1315,27,4305.141766
1315,28,4298.025059
1316,26,4307.094357
1316,27,4305.141766
1316,28,4298.025059
1317,26,4307.094357
1317,27,4305.141766
1317,28,4298.025059
1318,26,4307.094357
1318,27,4305.141766
1318,28,4298.025059
1319,26,4307.094357
1319,27,4305.141766
1319,28,4298.025059
1320,26,4307.094357
1320,27,4305.141766
1320,28,4298.025059
1321,26,4307.094357
1321,27,4305.141766
1321,28,4298.025059
1322,26,4307.094357
1322,27,4305.141766
1322,28,4298.025059
1323,26,4307.094357
1323,27,4305.141766
1323,28,4298.025059
1324,26,4307.094357
1324,27,4305.141766
1324,28,4298.025059
1325,26,4307.094357
1325,27,4305.141766
1325,28,4298.025059
1326,26,4307.094357
1326,27,4305.141766
1326,28,4298.025059
1327,26,4307.094357
1327,27,4305.141766
1327,28,4298.025059
1328,26,4307.094357
1328,27,4305.141766
1328,28,4298.025059
1329,26,4307.094357
1329,27,4305.141766
1329,28,4298.025059
1330,26,4307.094357
1330,27,4305.141766
1330,28,4298.025059
1331,26,4307.094357
1331,27,4305.141766
1331,28,4298.025059
1332,26,4307.094357
1332,27,4305.141766
1332,28,4298.025059
1333,26,4307.094357
1333,27,4305.141766
1333,28,4298.025059
1334,26,4307.094357
1334,27,4305.141766
1334,28,4298.025059
1335,26,4307.094357
1335,27,4305.141766
1335,28,4298.025059
1336,26,4307.094357
1336,27,4305.141766
1336,28,4298.025059
1337,26,4307.094357
1337,27,4305.141766
1337,28,4298.025059
1338,26,4307.094357
1338,27,4305.141766
1338,28,4298.025059
1339,26,4307.094357
1339,27,4305.141766
1339,28,4298.025059
1340,26,4307.094357
1340,27,4305.141766
1340,28,4298.025059
1341,26,4307.094357
1341,27,4305.141766
1341,28,4298.025059
1342,26,4307.094357
1342,27,4305.141766
1342,28,4298.025059
1343,26,4307.094357
1343,27,4305.141766
1343,28,4298.025059
1344,26,4307.094357
1344,27,4305.141766
1344,28,4298.025059
1345,26,4307.094357
1345,27,4305.141766
1345,28,4298.025059
1346,26,4307.094357
1346,27,4305.141766
1346,28,4298.025059
1347,26,4307.094357
1347,27,4305.141766
1347,28,4298.025059
1348,26,4307.094357
1348,27,4305.141766
1348,28,4298.025059
1349,26,4307.094357
1349,27,4305.141766
1349,28,4298.025059
1350,26,4307.094357
1350,27,4305.141766
1350,28,4298.025059
1351,26,4307.094357
1351,27,4305.141766
1351,28,4298.025059
1352,26,4307.094357
1352,27,4305.141766
1352,28,4298.025059
1353,26,4307.094357
1353,27,4305.141766
1353,28,4298.025059
1354,26,4307.094357
1354,27,4305.141766
1354,28,4298.025059
1355,26,4307.094357
1355,27,4305.141766
1355,28,4298.025059
1356,26,4307.094357
1356,27,4305.141766
1356,28,4298.025059
1357,26,4307.094357
1357,27,4305.141766
1357,28,4298.025059
1358,26,4307.094357
1358,27,4305.141766
1358,28,4298.025059
1359,26,4307.094357
1359,27,4305.141766
1359,28,4298.025059
1360,26,4307.094357
1360,27,4305.141766
1360,28,4298.025059
1361,26,4307.094357
1361,27,4305.141766
1361,28,4298.025059
1362,26,4307.094357
1362,27,4305.141766
1362,28,4298.025059
1363,26,4307.094357
1363,27,4305.141766
1363,28,4298.025059
1364,26,4307.094357
1364,27,4305.141766
1364,28,4298.025059
1365,26,4307.094357
1365,27,4305.141766
1365,28,4298.025059
1366,26,4307.094357
1366,27,4305.141766
1366,28,4298.025059
1367,26,4307.094357
1367,27,4305.141766
1367,28,4298.025059
1368,26,4307.094357
1368,27,4305.141766
1368,28,4298.025059
1369,26,4307.094357
1369,27,4305.141766
1369,28,4298.025059
1370,26,4307.094357
1370,27,4305.141766
1370,28,4298.025059
1371,26,4307.094357
1371,27,4305.141766
1371,28,4298.025059
1372,26,4307.094357
1372,27,4305.141766
1372,28,4298.025059
1373,26,4307.094357
1373,27,4305.141766
1373,28,4298.025059
1374,26,4307.094357
1374,27,4305.141766
1374,28,4298.025059
1375,26,4307.094357
1375,27,4305.141766
1375,28,4298.025059
1376,26,4307.094357
1376,27,4305.141766
1376,28,4298.025059
1377,26,4307.094357
1377,27,4305.141766
1377,28,4298.025059
1378,26,4307.094357
1378,27,4305.141766
1378,28,4298.025059
1379,26,4307.094357
1379,27,4305.141766
1379,28,4298.025059
1380,26,4307.094357
1380,27,4305.141766
1380,28,4298.025059
1381,26,4307.094357
1381,27,4305.141766
1381,28,4298.025059
1382,26,4307.094357
1382,27,4305.141766
1382,28,4298.025059
1383,26,4307.094357
1383,27,4305.141766
1383,28,4298.025059
1384,26,4307.094357
1384,27,4305.141766
1384,28,4298.025059
1385,26,4307.094357
1385,27,4305.141766
1385,28,4298.025059
1386,26,4307.094357
1386,27,4305.141766
1386,28,4298.025059
1387,26,4307.094357
1387,27,4305.141766
1387,28,4298.025059
1388,26,4307.094357
1388,27,4305.141766
1388,28,4298.025059
1389,26,4307.094357
1389,27,4305.141766
1389,28,4298.025059
1390,26,4307.094357
1390,27,4305.141766
1390,28,4298.025059
1391,26,4307.094357
1391,27,4305.141766
1391,28,4298.025059
1392,26,4307.094357
1392,27,4305.141766
1392,28,4298.025059
1393,26,4307.094357
1393,27,4305.141766
1393,28,4298.025059
1394,26,4307.094357
1394,27,4305.141766
1394,28,4298.025059
1395,26,4307.094357
1395,27,4305.141766
1395,28,4298.025059
1396,26,4307.094357
1396,27,4305.141766
1396,28,4298.025059
1397,26,4307.094357
1397,27,4305.141766
1397,28,4298.025059
1398,26,4307.094357
1398,27,4305.141766
1398,28,4298.025059
1399,26,4307.094357
1399,27,4305.141766
1399,28,4298.025059
1400,26,4307.094357
1400,27,4305.141766
1400,28,4298.025059
1401,26,4307.094357
1401,27,4305.141766
1401,28,4298.025059
1402,26,4307.094357
1402,27,4305.141766
1402,28,4298.025059
1403,26,4307.094357
1403,27,4305.141766
1403,28,4298.025059
1404,26,4307.094357
1404,27,4305.141766
1404,28,4298.025059
1405,26,4307.094357
1405,27,4305.141766
1405,28,4298.025059
1406,26,4307.094357
1406,27,4305.141766
1406,28,4298.025059
1407,26,4307.094357
1407,27,4305.141766
1407,28,4298.025059
1408,26,4307.094357
1408,27,4305.141766
1408,28,4298.025059
1409,26,4307.094357
1409,27,4305.141766
1409,28,4298.025059
1410,26,4307.094357
1410,27,4305.141766
1410,28,4298.025059
1411,26,4307.094357
1411,27,4305.141766
1411,28,4298.025059
1412,26,4307.094357
1412,27,4305.141766
1412,28,4298.025059
1413,26,4307.094357
1413,27,4305.141766
1413,28,4298.025059
1414,26,4307.094357
1414,27,4305.141766
1414,28,4298.025059
1415,26,4307.094357
1415,27,4305.141766
1415,28,4298.025059
1416,26,4307.094357
1416,27,4305.141766
1416,28,4298.025059
1417,26,4307.094357
1417,27,4305.141766
1417,28,4298.025059
1418,26,4307.094357
1418,27,4305.141766
1418,28,4298.025059
1419,26,4307.094357
1419,27,4305.141766
1419,28,4298.025059
1420,26,4307.094357
1420,27,4305.141766
1420,28,4298.025059
1421,26,4307.094357
1421,27,4305.141766
1421,28,4298.025059
1422,26,4307.094357
1422,27,4305.141766
1422,28,4298.025059
1423,26,4307.094357
1423,27,4305.141766
1423,28,4298.025059
1424,26,4307.094357
1424,27,4305.141766
1424,28,4298.025059
1425,26,4307.094357
1425,27,4305.141766
1425,28,4298.025059
1426,26,4307.094357
1426,27,4305.141766
1426,28,4298.025059
1427,26,4307.094357
1427,27,4305.141766
1427,28,4298.025059
1428,26,4307.094357
1428,27,4305.141766
1428,28,4298.025059
1429,26,4307.094357
1429,27,4305.141766
1429,28,4298.025059
1430,26,4307.094357
1430,27,4305.141766
1430,28,4298.025059
1431,26,4307.094357
1431,27,4305.141766
1431,28,4298.025059
1432,26,4307.094357
1432,27,4305.141766
1432,28,4298.025059
1433,26,4307.094357
1433,27,4305.141766
1433,28,4298.025059
1434,26,4307.094357
1434,27,4305.141766
1434,28,4298.025059
1435,26,4307.094357
1435,27,4305.141766
1435,28,4298.025059
1436,26,4307.094357
1436,27,4305.141766
1436,28,4298.025059
1437,26,4307.094357
1437,27,4305.141766
1437,28,4298.025059
1438,26,4307.094357
1438,27,4305.141766
1438,28,4298.025059
1439,26,4307.094357
1439,27,4305.141766
1439,28,4298.025059
1440,26,4307.094357
1440,27,4305.141766
1440,28,4298.025059
1441,26,4307.094357
1441,27,4305.141766
1441,28,4298.025059
1442,26,4307.094357
1442,27,4305.141766
1442,28,4298.025059
1443,26,4307.094357
1443,27,4305.141766
1443,28,4298.025059
1444,26,4307.094357
1444,27,4305.141766
1444,28,4298.025059
1445,26,4307.094357
1445,27,4305.141766
1445,28,4298.025059
1446,26,4307.094357
1446,27,4305.141766
1446,28,4298.025059
1447,26,4307.094357
1447,27,4305.141766
1447,28,4298.025059
1448,26,4307.094357
1448,27,4305.141766
1448,28,4298.025059
1449,26,4307.094357
1449,27,4305.141766
1449,28,4298.025059
1450,26,4307.094357
1450,27,4305.141766
1450,28,4298.025059
1451,26,4307.094357
1451,27,4305.141766
1451,28,4298.025059
1452,26,4307.094357
1452,27,4305.141766
1452,28,4298.025059
1453,26,4307.094357
1453,27,4305.141766
1453,28,4298.025059
1454,26,4307.094357
1454,27,4305.141766
1454,28,4298.025059
1455,26,4307.094357
1455,27,4305.141766
1455,28,4298.025059
1456,26,4307.094357
1456,27,4305.141766
1456,28,4298.025059
1457,26,4307.094357
1457,27,4305.141766
1457,28,4298.025059
1458,26,4307.094357
1458,27,4305.141766
1458,28,4298.025059
1459,26,4307.094357
1459,27,4305.141766
1459,28,4298.025059
1460,26,4307.094357
1460,27,4305.141766
1460,28,4298.025059
1461,26,4307.094357
1461,27,4305.141766
1461,28,4298.025059
1462,26,4307.094357
1462,27,4305.141766
1462,28,4298.025059
1463,26,4307.094357
1463,27,4305.141766
1463,28,4298.025059
1464,26,4307.094357
1464,27,4305.141766
1464,28,4298.025059
1465,26,4307.094357
1465,27,4305.141766
1465,28,4298.025059
1466,26,4307.094357
1466,27,4305.141766
1466,28,4298.025059
1467,26,4307.094357
1467,27,4305.141766
1467,28,4298.025059
1468,26,4307.094357
1468,27,4305.141766
1468,28,4298.025059
1469,26,4307.094357
1469,27,4305.141766
1469,28,4298.025059
1470,26,4307.094357
1470,27,4305.141766
1470,28,4298.025059
1471,26,4307.094357
1471,27,4305.141766
1471,28,4298.025059
1472,26,4307.094357
1472,27,4305.141766
1472,28,4298.025059
1473,26,4307.094357
1473,27,4305.141766
1473,28,4298.025059
1474,26,4307.094357
1474,27,4305.141766
1474,28,4298.025059
1475,26,4307.094357
1475,27,4305.141766
1475,28,4298.025059
1476,26,4307.094357
1476,27,4305.141766
1476,28,4298.025059
1477,26,4307.094357
1477,27,4305.141766
1477,28,4298.025059
1478,26,4307.094357
1478,27,4305.141766
1478,28,4298.025059
1479,26,4307.094357
1479,27,4305.141766
1479,28,4298.025059
1480,26,4307.094357
1480,27,4305.141766
1480,28,4298.025059
1481,26,4307.094357
1481,27,4305.141766
1481,28,4298.025059
1482,26,4307.094357
1482,27,4305.141766
1482,28,4298.025059
1483,26,4307.094357
1483,27,4305.141766
1483,28,4298.025059
1484,26,4307.094357
1484,27,4305.141766
1484,28,4298.025059
1485,26,4307.094357
1485,27,4305.141766
1485,28,4298.025059
1486,26,4307.094357
1486,27,4305.141766
1486,28,4298.025059
1487,26,4307.094357
1487,27,4305.141766
1487,28,4298.025059
1488,26,4307.094357
1488,27,4305.141766
1488,28,4298.025059
1489,26,4307.094357
1489,27,4305.141766
1489,28,4298.025059
1490,26,4307.094357
1490,27,4305.141766
1490,28,4298.025059
1491,26,4307.094357
1491,27,4305.141766
1491,28,4298.025059
1492,26,4307.094357
1492,27,4305.141766
1492,28,4298.025059
1493,26,4307.094357
1493,27,4305.141766
1493,28,4298.025059
1494,26,4307.094357
1494,27,4305.141766
1494,28,4298.025059
1495,26,4307.094357
1495,27,4305.141766
1495,28,4298.025059
1496,26,4307.094357
1496,27,4305.141766
1496,28,4298.025059
1497,26,4307.094357
1497,27,4305.141766
1497,28,4298.025059
1498,26,4307.094357
1498,27,4305.141766
1498,28,4298.025059
1499,26,4307.094357
1499,27,4305.141766
1499,28,4298.025059
1500,26,4307.094357
1500,27,4305.141766
1500,28,4298.025059
1501,26,4307.094357
1501,27,4305.141766
1501,28,4298.025059
1502,26,4307.094357
1502,27,4305.141766
1502,28,4298.025059
1503,26,4307.094357
1503,27,4305.141766
1503,28,4298.025059
1504,26,4307.094357
1504,27,4305.141766
1504,28,4298.025059
1505,26,4307.094357
1505,27,4305.141766
1505,28,4298.025059
1506,26,4307.094357
1506,27,4305.141766
1506,28,4298.025059
1507,26,4307.094357
1507,27,4305.141766
1507,28,4298.025059
1508,26,4307.094357
1508,27,4305.141766
1508,28,4298.025059
1509,26,4307.094357
1509,27,4305.141766
1509,28,4298.025059
1510,26,4307.094357
1510,27,4305.141766
1510,28,4298.025059
1511,26,4307.094357
1511,27,4305.141766
1511,28,4298.025059
1512,26,4307.094357
1512,27,4305.141766
1512,28,4298.025059
1513,26,4307.094357
1513,27,4305.141766
1513,28,4298.025059
1514,26,4307.094357
1514,27,4305.141766
1514,28,4298.025059
1515,26,4307.094357
1515,27,4305.141766
1515,28,4298.025059
1516,26,4307.094357
1516,27,4305.141766
1516,28,4298.025059
1517,26,4307.094357
1517,27,4305.141766
1517,28,4298.025059
1518,26,4307.094357
1518,27,4305.141766
1518,28,4298.025059
1519,26,4307.094357
1519,27,4305.141766
1519,28,4298.025059
1520,26,4307.094357
1520,27,4305.141766
1520,28,4298.025059
1521,26,4307.094357
1521,27,4305.141766
1521,28,4298.025059
1522,26,4307.094357
1522,27,4305.141766
1522,28,4298.025059
1523,26,4307.094357
1523,27,4305.141766
1523,28,4298.025059
1524,26,4307.094357
1524,27,4305.141766
1524,28,4298.025059
1525,26,4307.094357
1525,27,4305.141766
1525,28,4298.025059
1526,26,4307.094357
1526,27,4305.141766
1526,28,4298.025059
1527,26,4307.094357
1527,27,4305.141766
1527,28,4298.025059
1528,26,4307.094357
1528,27,4305.141766
1528,28,4298.025059
1529,26,4307.094357
1529,27,4305.141766
1529,28,4298.025059
1530,26,4307.094357
1530,27,4305.141766
1530,28,4298.025059
1531,26,4307.094357
1531,27,4305.141766
1531,28,4298.025059
1532,26,4307.094357
1532,27,4305.141766
1532,28,4298.025059
1533,26,4307.094357
1533,27,4305.141766
1533,28,4298.025059
1534,26,4307.094357
1534,27,4305.141766
1534,28,4298.025059
1535,26,4307.094357
1535,27,4305.141766
1535,28,4298.025059
1536,26,4307.094357
1536,27,4305.141766
1536,28,4298.025059
1537,26,4307.094357
1537,27,4305.141766
1537,28,4298.025059
1538,26,4307.094357
1538,27,4305.141766
1538,28,4298.025059
1539,26,4307.094357
1539,27,4305.141766
1539,28,4298.025059
1540,26,4307.094357
1540,27,4305.141766
1540,28,4298.025059
1541,26,4307.094357
1541,27,4305.141766
1541,28,4298.025059
1542,26,4307.094357
1542,27,4305.141766
1542,28,4298.025059
1543,26,4307.094357
1543,27,4305.141766
1543,28,4298.025059
1544,26,4307.094357
1544,27,4305.141766
1544,28,4298.025059
1545,26,4307.094357
1545,27,4305.141766
1545,28,4298.025059
1546,26,4307.094357
1546,27,4305.141766
1546,28,4298.025059
1547,26,4307.094357
1547,27,4305.141766
1547,28,4298.025059
1548,26,4307.094357
1548,27,4305.141766
1548,28,4298.025059
1549,26,4307.094357
1549,27,4305.141766
1549,28,4298.025059
1550,26,4307.094357
1550,27,4305.141766
1550,28,4298.025059
1551,26,4307.094357
1551,27,4305.141766
1551,28,4298.025059
1552,26,4307.094357
1552,27,4305.141766
1552,28,4298.025059
1553,26,4307.094357
1553,27,4305.141766
1553,28,4298.025059
1554,26,4307.094357
1554,27,4305.141766
1554,28,4298.025059
1555,26,4307.094357
1555,27,4305.141766
1555,28,4298.025059
1556,26,4307.094357
1556,27,4305.141766
1556,28,4298.025059
1557,26,4307.094357
1557,27,4305.141766
1557,28,4298.025059
1558,26,4307.094357
1558,27,4305.141766
1558,28,4298.025059
1559,26,4307.094357
1559,27,4305.141766
1559,28,4298.025059
1560,26,4307.094357
1560,27,4305.141766
1560,28,4298.025059
1561,26,4307.094357
1561,27,4305.141766
1561,28,4298.025059
1562,26,4307.094357
1562,27,4305.141766
1562,28,4298.025059
1563,26,4307.094357
1563,27,4305.141766
1563,28,4298.025059
1564,26,4307.094357
1564,27,4305.141766
1564,28,4298.025059
1565,26,4307.094357
1565,27,4305.141766
1565,28,4298.025059
1566,26,4307.094357
1566,27,4305.141766
1566,28,4298.025059
1567,26,4307.094357
1567,27,4305.141766
1567,28,4298.025059
1568,26,4307.094357
1568,27,4305.141766
1568,28,4298.025059
1569,26,4307.094357
1569,27,4305.141766
1569,28,4298.025059
1570,26,4307.094357
1570,27,4305.141766
1570,28,4298.025059
1571,26,4307.094357
1571,27,4305.141766
1571,28,4298.025059
1572,26,4307.094357
1572,27,4305.141766
1572,28,4298.025059
1573,26,4307.094357
1573,27,4305.141766
1573,28,4298.025059
1574,26,4307.094357
1574,27,4305.141766
1574,28,4298.025059
1575,26,4307.094357
1575,27,4305.141766
1575,28,4298.025059
1576,26,4307.094357
1576,27,4305.141766
1576,28,4298.025059
1577,26,4307.094357
1577,27,4305.141766
1577,28,4298.025059
1578,26,4307.094357
1578,27,4305.141766
1578,28,4298.025059
1579,26,4307.094357
1579,27,4305.141766
1579,28,4298.025059
1580,26,4307.094357
1580,27,4305.141766
1580,28,4298.025059
1581,26,4307.094357
1581,27,4305.141766
1581,28,4298.025059
1582,26,4307.094357
1582,27,4305.141766
1582,28,4298.025059
1583,26,4307.094357
1583,27,4305.141766
1583,28,4298.025059
1584,26,4307.094357
1584,27,4305.141766
1584,28,4298.025059
1585,26,4307.094357
1585,27,4305.141766
1585,28,4298.025059
1586,26,4307.094357
1586,27,4305.141766
1586,28,4298.025059
1587,26,4307.094357
1587,27,4305.141766
1587,28,4298.025059
1588,26,4307.094357
1588,27,4305.141766
1588,28,4298.025059
1589,26,4307.094357
1589,27,4305.141766
1589,28,4298.025059
1590,26,4307.094357
1590,27,4305.141766
1590,28,4298.025059
1591,26,4307.094357
1591,27,4305.141766
1591,28,4298.025059
1592,26,4307.094357
1592,27,4305.141766
1592,28,4298.025059
1593,26,4307.094357
1593,27,4305.141766
1593,28,4298.025059
1594,26,4307.094357
1594,27,4305.141766
1594,28,4298.025059
1595,26,4307.094357
1595,27,4305.141766
1595,28,4298.025059
1596,26,4307.094357
1596,27,4305.141766
1596,28,4298.025059
1597,26,4307.094357
1597,27,4305.141766
1597,28,4298.025059
1598,26,4307.094357
1598,27,4305.141766
1598,28,4298.025059
1599,26,4307.094357
1599,27,4305.141766
1599,28,4298.025059
1600,26,4307.094357
1600,27,4305.141766
1600,28,4298.025059
1601,26,4307.094357
1601,27,4305.141766
1601,28,4298.025059
1602,26,4307.094357
1602,27,4305.141766
1602,28,4298.025059
1603,26,4307.094357
1603,27,4305.141766
1603,28,4298.025059
1604,26,4307.094357
1604,27,4305.141766
1604,28,4298.025059
1605,26,4307.094357
1605,27,4305.141766
1605,28,4298.025059
1606,26,4307.094357
1606,27,4305.141766
1606,28,4298.025059
1607,26,4307.094357
1607,27,4305.141766
1607,28,4298.025059
1608,26,4307.094357
1608,27,4305.141766
1608,28,4298.025059
1609,26,4307.094357
1609,27,4305.141766
1609,28,4298.025059
1610,26,4307.094357
1610,27,4305.141766
1610,28,4298.025059
1611,26,4307.094357
1611,27,4305.141766
1611,28,4298.025059
1612,26,4307.094357
1612,27,4305.141766
1612,28,4298.025059
1613,26,4307.094357
1613,27,4305.141766
1613,28,4298.025059
1614,26,4307.094357
1614,27,4305.141766
1614,28,4298.025059
1615,26,4307.094357
1615,27,4305.141766
1615,28,4298.025059
1616,26,4307.094357
1616,27,4305.141766
1616,28,4298.025059
1617,26,4307.094357
1617,27,4305.141766
1617,28,4298.025059
1618,26,4307.094357
1618,27,4305.141766
1618,28,4298.025059
1619,26,4307.094357
1619,27,4305.141766
1619,28,4298.025059
1620,26,4307.094357
1620,27,4305.141766
1620,28,4298.025059
1621,26,4307.094357
1621,27,4305.141766
1621,28,4298.025059
1622,26,4307.094357
1622,27,4305.141766
1622,28,4298.025059
1623,26,4307.094357
1623,27,4305.141766
1623,28,4298.025059
1624,26,4307.094357
1624,27,4305.141766
1624,28,4298.025059
1625,26,4307.094357
1625,27,4305.141766
1625,28,4298.025059
1626,26,4307.094357
1626,27,4305.141766
1626,28,4298.025059
1627,26,4307.094357
1627,27,4305.141766
1627,28,4298.025059
1628,26,4307.094357
1628,27,4305.141766
1628,28,4298.025059
1629,26,4307.094357
1629,27,4305.141766
1629,28,4298.025059
1630,26,4307.094357
1630,27,4305.141766
1630,28,4298.025059
1631,26,4307.094357
1631,27,4305.141766
1631,28,4298.025059
1632,26,4307.094357
1632,27,4305.141766
1632,28,4298.025059
1633,26,4307.094357
1633,27,4305.141766
1633,28,4298.025059
1634,26,4307.094357
1634,27,4305.141766
1634,28,4298.025059
1635,26,4307.094357
1635,27,4305.141766
1635,28,4298.025059
1636,26,4307.094357
1636,27,4305.141766
1636,28,4298.025059
1637,26,4307.094357
1637,27,4305.141766
1637,28,4298.025059
1638,26,4307.094357
1638,27,4305.141766
1638,28,4298.025059
1639,26,4307.094357
1639,27,4305.141766
1639,28,4298.025059
1640,26,4307.094357
1640,27,4305.141766
1640,28,4298.025059
1641,26,4307.094357
1641,27,4305.141766
1641,28,4298.025059
1642,26,4307.094357
1642,27,4305.141766
1642,28,4298.025059
1643,26,4307.094357
1643,27,4305.141766
1643,28,4298.025059
1644,26,4307.094357
1644,27,4305.141766
1644,28,4298.025059
1645,26,4307.094357
1645,27,4305.141766
1645,28,4298.025059
1646,26,4307.094357
1646,27,4305.141766
1646,28,4298.025059
1647,26,4307.094357
1647,27,4305.141766
1647,28,4298.025059
1648,26,4307.094357
1648,27,4305.141766
1648,28,4298.025059
1649,26,4307.094357
1649,27,4305.141766
1649,28,4298.025059
1650,26,4307.094357
1650,27,4305.141766
1650,28,4298.025059
1651,26,4307.094357
1651,27,4305.141766
1651,28,4298.025059
1652,26,4307.094357
1652,27,4305.141766
1652,28,4298.025059
1653,26,4307.094357
1653,27,4305.141766
1653,28,4298.025059
1654,26,4307.094357
1654,27,4305.141766
1654,28,4298.025059
1655,26,4307.094357
1655,27,4305.141766
1655,28,4298.025059
1656,26,4307.094357
1656,27,4305.141766
1656,28,4298.025059
1657,26,4307.094357
1657,27,4305.141766
1657,28,4298.025059
1658,26,4307.094357
1658,27,4305.141766
1658,28,4298.025059
1659,26,4307.094357
1659,27,4305.141766
1659,28,4298.025059
1660,26,4307.094357
1660,27,4305.141766
1660,28,4298.025059
1661,26,4307.094357
1661,27,4305.141766
1661,28,4298.025059
1662,26,4307.094357
1662,27,4305.141766
1662,28,4298.025059
1663,26,4307.094357
1663,27,4305.141766
1663,28,4298.025059
1664,26,4307.094357
1664,27,4305.141766
1664,28,4298.025059
1665,26,4307.094357
1665,27,4305.141766
1665,28,4298.025059
1666,26,4307.094357
1666,27,4305.141766
1666,28,4298.025059
1667,26,4307.094357
1667,27,4305.141766
1667,28,4298.025059
1668,26,4307.094357
1668,27,4305.141766
1668,28,4298.025059
1669,26,4307.094357
1669,27,4305.141766
1669,28,4298.025059
1670,26,4307.094357
1670,27,4305.141766
1670,28,4298.025059
1671,26,4307.094357
1671,27,4305.141766
1671,28,4298.025059
1672,26,4307.094357
1672,27,4305.141766
1672,28,4298.025059
1673,26,4307.094357
1673,27,4305.141766
1673,28,4298.025059
1674,26,4307.094357
1674,27,4305.141766
1674,28,4298.025059
1675,26,4307.094357
1675,27,4305.141766
1675,28,4298.025059
1676,26,4307.094357
1676,27,4305.141766
1676,28,4298.025059
1677,26,4307.094357
1677,27,4305.141766
1677,28,4298.025059
1678,26,4307.094357
1678,27,4305.141766
1678,28,4298.025059
1679,26,4307.094357
1679,27,4305.141766
1679,28,4298.025059
1680,26,4307.094357
1680,27,4305.141766
1680,28,4298.025059
1681,26,4307.094357
1681,27,4305.141766
1681,28,4298.025059
1682,26,4307.094357
1682,27,4305.141766
1682,28,4298.025059
1683,26,4307.094357
1683,27,4305.141766
1683,28,4298.025059
1684,26,4307.094357
1684,27,4305.141766
1684,28,4298.025059
1685,26,4307.094357
1685,27,4305.141766
1685,28,4298.025059
1686,26,4307.094357
1686,27,4305.141766
1686,28,4298.025059
1687,26,4307.094357
1687,27,4305.141766
1687,28,4298.025059
1688,26,4307.094357
1688,27,4305.141766
1688,28,4298.025059
1689,26,4307.094357
1689,27,4305.141766
1689,28,4298.025059
1690,26,4307.094357
1690,27,4305.141766
1690,28,4298.025059
1691,26,4307.094357
1691,27,4305.141766
1691,28,4298.025059
1692,26,4307.094357
1692,27,4305.141766
1692,28,4298.025059
1693,26,4307.094357
1693,27,4305.141766
1693,28,4298.025059
1694,26,4307.094357
1694,27,4305.141766
1694,28,4298.025059
1695,26,4307.094357
1695,27,4305.141766
1695,28,4298.025059
1696,26,4307.094357
1696,27,4305.141766
1696,28,4298.025059
1697,26,4307.094357
1697,27,4305.141766
1697,28,4298.025059
1698,26,4307.094357
1698,27,4305.141766
1698,28,4298.025059
1699,26,4307.094357
1699,27,4305.141766
1699,28,4298.025059
1700,26,4307.094357
1700,27,4305.141766
1700,28,4298.025059
1701,26,4307.094357
1701,27,4305.141766
1701,28,4298.025059
1702,26,4307.094357
1702,27,4305.141766
1702,28,4298.025059
1703,26,4307.094357
1703,27,4305.141766
1703,28,4298.025059
1704,26,4307.094357
1704,27,4305.141766
1704,28,4298.025059
1705,26,4307.094357
1705,27,4305.141766
1705,28,4298.025059
1706,26,4307.094357
1706,27,4305.141766
1706,28,4298.025059
1707,26,4307.094357
1707,27,4305.141766
1707,28,4298.025059
1708,26,4307.094357
1708,27,4305.141766
1708,28,4298.025059
1709,26,4307.094357
1709,27,4305.141766
1709,28,4298.025059
1710,26,4307.094357
1710,27,4305.141766
1710,28,4298.025059
1711,26,4307.094357
1711,27,4305.141766
1711,28,4298.025059
1712,26,4307.094357
1712,27,4305.141766
1712,28,4298.025059
1713,26,4307.094357
1713,27,4305.141766
1713,28,4298.025059
1714,26,4307.094357
1714,27,4305.141766
1714,28,4298.025059
1715,26,4307.094357
1715,27,4305.141766
1715,28,4298.025059
1716,26,4307.094357
1716,27,4305.141766
1716,28,4298.025059
1717,26,4307.094357
1717,27,4305.141766
1717,28,4298.025059
1718,26,4307.094357
1718,27,4305.141766
1718,28,4298.025059
1719,26,4307.094357
1719,27,4305.141766
1719,28,4298.025059
1720,26,4307.094357
1720,27,4305.141766
1720,28,4298.025059
1721,26,4307.094357
1721,27,4305.141766
1721,28,4298.025059
1722,26,4307.094357
1722,27,4305.141766
1722,28,4298.025059
1723,26,4307.094357
1723,27,4305.141766
1723,28,4298.025059
1724,26,4307.094357
1724,27,4305.141766
1724,28,4298.025059
1725,26,4307.094357
1725,27,4305.141766
1725,28,4298.025059
1726,26,4307.094357
1726,27,4305.141766
1726,28,4298.025059
1727,26,4307.094357
1727,27,4305.141766
1727,28,4298.025059
1728,26,4307.094357
1728,27,4305.141766
1728,28,4298.025059
1729,26,4307.094357
1729,27,4305.141766
1729,28,4298.025059
1730,26,4307.094357
1730,27,4305.141766
1730,28,4298.025059
1731,26,4307.094357
1731,27,4305.141766
1731,28,4298.025059
1732,26,4307.094357
1732,27,4305.141766
1732,28,4298.025059
1733,26,4307.094357
1733,27,4305.141766
1733,28,4298.025059
1734,26,4307.094357
1734,27,4305.141766
1734,28,4298.025059
1735,26,4307.094357
1735,27,4305.141766
1735,28,4298.025059
1736,26,4307.094357
1736,27,4305.141766
1736,28,4298.025059
1737,26,4307.094357
1737,27,4305.141766
1737,28,4298.025059
1738,26,4307.094357
1738,27,4305.141766
1738,28,4298.025059
1739,26,4307.094357
1739,27,4305.141766
1739,28,4298.025059
1740,26,4307.094357
1740,27,4305.141766
1740,28,4298.025059
1741,26,4307.094357
1741,27,4305.141766
1741,28,4298.025059
1742,26,4307.094357
1742,27,4305.141766
1742,28,4298.025059
1743,26,4307.094357
1743,27,4305.141766
1743,28,4298.025059
1744,26,4307.094357
1744,27,4305.141766
1744,28,4298.025059
1745,26,4307.094357
1745,27,4305.141766
1745,28,4298.025059
1746,26,4307.094357
1746,27,4305.141766
1746,28,4298.025059
1747,26,4307.094357
1747,27,4305.141766
1747,28,4298.025059
1748,26,4307.094357
1748,27,4305.141766
1748,28,4298.025059
1749,26,4307.094357
1749,27,4305.141766
1749,28,4298.025059
1750,26,4307.094357
1750,27,4305.141766
1750,28,4298.025059
1751,26,4307.094357
1751,27,4305.141766
1751,28,4298.025059
1752,26,4307.094357
1752,27,4305.141766
1752,28,4298.025059
1753,26,4307.094357
1753,27,4305.141766
1753,28,4298.025059
1754,26,4307.094357
1754,27,4305.141766
1754,28,4298.025059
1755,26,4307.094357
1755,27,4305.141766
1755,28,4298.025059
1756,26,4307.094357
1756,27,4305.141766
1756,28,4298.025059
1757,26,4307.094357
1757,27,4305.141766
1757,28,4298.025059
1758,26,4307.094357
1758,27,4305.141766
1758,28,4298.025059
1759,26,4307.094357
1759,27,4305.141766
1759,28,4298.025059
1760,26,4307.094357
1760,27,4305.141766
1760,28,4298.025059
1761,26,4307.094357
1761,27,4305.141766
1761,28,4298.025059
1762,26,4307.094357
1762,27,4305.141766
1762,28,4298.025059
1763,26,4307.094357
1763,27,4305.141766
1763,28,4298.025059
1764,26,4307.094357
1764,27,4305.141766
1764,28,4298.025059
1765,26,4307.094357
1765,27,4305.141766
1765,28,4298.025059
1766,26,4307.094357
1766,27,4305.141766
1766,28,4298.025059
1767,26,4307.094357
1767,27,4305.141766
1767,28,4298.025059
1768,26,4307.094357
1768,27,4305.141766
1768,28,4298.025059
1769,26,4307.094357
1769,27,4305.141766
1769,28,4298.025059
1770,26,4307.094357
1770,27,4305.141766
1770,28,4298.025059
1771,26,4307.094357
1771,27,4305.141766
1771,28,4298.025059
1772,26,4307.094357
1772,27,4305.141766
1772,28,4298.025059
1773,26,4307.094357
1773,27,4305.141766
1773,28,4298.025059
1774,26,4307.094357
1774,27,4305.141766
1774,28,4298.025059
1775,26,4307.094357
1775,27,4305.141766
1775,28,4298.025059
1776,26,4307.094357
1776,27,4305.141766
1776,28,4298.025059
1777,26,4307.094357
1777,27,4305.141766
1777,28,4298.025059
1778,26,4307.094357
1778,27,4305.141766
1778,28,4298.025059
1779,26,4307.094357
1779,27,4305.141766
1779,28,4298.025059
1780,26,4307.094357
1780,27,4305.141766
1780,28,4298.025059
1781,26,4307.094357
1781,27,4305.141766
1781,28,4298.025059
1782,26,4307.094357
1782,27,4305.141766
1782,28,4298.025059
1783,26,4307.094357
1783,27,4305.141766
1783,28,4298.025059
1784,26,4307.094357
1784,27,4305.141766
1784,28,4298.025059
1785,26,4307.094357
1785,27,4305.141766
1785,28,4298.025059
1786,26,4307.094357
1786,27,4305.141766
1786,28,4298.025059
1787,26,4307.094357
1787,27,4305.141766
1787,28,4298.025059
1788,26,4307.094357
1788,27,4305.141766
1788,28,4298.025059
1789,26,4307.094357
1789,27,4305.141766
1789,28,4298.025059
1790,26,4307.094357
1790,27,4305.141766
1790,28,4298.025059
1791,26,4307.094357
1791,27,4305.141766
1791,28,4298.025059
1792,26,4307.094357
1792,27,4305.141766
1792,28,4298.025059
1793,26,4307.094357
1793,27,4305.141766
1793,28,4298.025059
1794,26,4307.094357
1794,27,4305.141766
1794,28,4298.025059
1795,26,4307.094357
1795,27,4305.141766
1795,28,4298.025059
1796,26,4307.094357
1796,27,4305.141766
1796,28,4298.025059
1797,26,4307.094357
1797,27,4305.141766
1797,28,4298.025059
1798,26,4307.094357
1798,27,4305.141766
1798,28,4298.025059
1799,26,4307.094357
1799,27,4305.141766
1799,28,4298.025059
1800,26,4307.094357
1800,27,4305.141766
1800,28,4298.025059
1801,26,4307.094357
1801,27,4305.141766
1801,28,4298.025059
1802,26,4307.094357
1802,27,4305.141766
1802,28,4298.025059
1803,26,4307.094357
1803,27,4305.141766
1803,28,4298.025059
1804,26,4307.094357
1804,27,4305.141766
1804,28,4298.025059
1805,26,4307.094357
1805,27,4305.141766
1805,28,4298.025059
1806,26,4307.094357
1806,27,4305.141766
1806,28,4298.025059
1807,26,4307.094357
1807,27,4305.141766
1807,28,4298.025059
1808,26,4307.094357
1808,27,4305.141766
1808,28,4298.025059
1809,26,4307.094357
1809,27,4305.141766
1809,28,4298.025059
1810,26,4307.094357
1810,27,4305.141766
1810,28,4298.025059
1811,26,4307.094357
1811,27,4305.141766
1811,28,4298.025059
1812,26,4307.094357
1812,27,4305.141766
1812,28,4298.025059
1813,26,4307.094357
1813,27,4305.141766
1813,28,4298.025059
1814,26,4307.094357
1814,27,4305.141766
1814,28,4298.025059
1815,26,4307.094357
1815,27,4305.141766
1815,28,4298.025059
1816,26,4307.094357
1816,27,4305.141766
1816,28,4298.025059
1817,26,4307.094357
1817,27,4305.141766
1817,28,4298.025059
1818,26,4307.094357
1818,27,4305.141766
1818,28,4298.025059
1819,26,4307.094357
1819,27,4305.141766
1819,28,4298.025059
1820,26,4307.094357
1820,27,4305.141766
1820,28,4298.025059
1821,26,4307.094357
1821,27,4305.141766
1821,28,4298.025059
1822,26,4307.094357
1822,27,4305.141766
1822,28,4298.025059
1823,26,4307.094357
1823,27,4305.141766
1823,28,4298.025059
1824,26,4307.094357
1824,27,4305.141766
1824,28,4298.025059
1825,26,4307.094357
1825,27,4305.141766
1825,28,4298.025059
1826,26,4307.094357
1826,27,4305.141766
1826,28,4298.025059
1827,26,4307.094357
1827,27,4305.141766
1827,28,4298.025059
1828,26,4307.094357
1828,27,4305.141766
1828,28,4298.025059
1829,26,4307.094357
1829,27,4305.141766
1829,28,4298.025059
1830,26,4307.094357
1830,27,4305.141766
1830,28,4298.025059
1831,26,4307.094357
1831,27,4305.141766
1831,28,4298.025059
1832,26,4307.094357
1832,27,4305.141766
1832,28,4298.025059
1833,26,4307.094357
1833,27,4305.141766
1833,28,4298.025059
1834,26,4307.094357
1834,27,4305.141766
1834,28,4298.025059
1835,26,4307.094357
1835,27,4305.141766
1835,28,4298.025059
1836,26,4307.094357
1836,27,4305.141766
1836,28,4298.025059
1837,26,4307.094357
1837,27,4305.141766
1837,28,4298.025059
1838,26,4307.094357
1838,27,4305.141766
1838,28,4298.025059
1839,26,4307.094357
1839,27,4305.141766
1839,28,4298.025059
1840,26,4307.094357
1840,27,4305.141766
1840,28,4298.025059
1841,26,4307.094357
1841,27,4305.141766
1841,28,4298.025059
1842,26,4307.094357
1842,27,4305.141766
1842,28,4298.025059
1843,26,4307.094357
1843,27,4305.141766
1843,28,4298.025059
1844,26,4307.094357
1844,27,4305.141766
1844,28,4298.025059
1845,26,4307.094357
1845,27,4305.141766
1845,28,4298.025059
1846,26,4307.094357
1846,27,4305.141766
1846,28,4298.025059
1847,26,4307.094357
1847,27,4305.141766
1847,28,4298.025059
1848,26,4307.094357
1848,27,4305.141766
1848,28,4298.025059
1849,26,4307.094357
1849,27,4305.141766
1849,28,4298.025059
1850,26,4307.094357
1850,27,4305.141766
1850,28,4298.025059
1851,26,4307.094357
1851,27,4305.141766
1851,28,4298.025059
1852,26,4307.094357
1852,27,4305.141766
1852,28,4298.025059
1853,26,4307.094357
1853,27,4305.141766
1853,28,4298.025059
1854,26,4307.094357
1854,27,4305.141766
1854,28,4298.025059
1855,26,4307.094357
1855,27,4305.141766
1855,28,4298.025059
1856,26,4307.094357
1856,27,4305.141766
1856,28,4298.025059
1857,26,4307.094357
1857,27,4305.141766
1857,28,4298.025059
1858,26,4307.094357
1858,27,4305.141766
1858,28,4298.025059
1859,26,4307.094357
1859,27,4305.141766
1859,28,4298.025059
1860,26,4307.094357
1860,27,4305.141766
1860,28,4298.025059
1861,26,4307.094357
1861,27,4305.141766
1861,28,4298.025059
1862,26,4307.094357
1862,27,4305.141766
1862,28,4298.025059
1863,26,4307.094357
1863,27,4305.141766
1863,28,4298.025059
1864,26,4307.094357
1864,27,4305.141766
1864,28,4298.025059
1865,26,4307.094357
1865,27,4305.141766
1865,28,4298.025059
1866,26,4307.094357
1866,27,4305.141766
1866,28,4298.025059
1867,26,4307.094357
1867,27,4305.141766
1867,28,4298.025059
1868,26,4307.094357
1868,27,4305.141766
1868,28,4298.025059
1869,26,4307.094357
1869,27,4305.141766
1869,28,4298.025059
1870,26,4307.094357
1870,27,4305.141766
1870,28,4298.025059
1871,26,4307.094357
1871,27,4305.141766
1871,28,4298.025059
1872,26,4307.094357
1872,27,4305.141766
1872,28,4298.025059
1873,26,4307.094357
1873,27,4305.141766
1873,28,4298.025059
1874,26,4307.094357
1874,27,4305.141766
1874,28,4298.025059
1875,26,4307.094357
1875,27,4305.141766
1875,28,4298.025059
1876,26,4307.094357
1876,27,4305.141766
1876,28,4298.025059
1877,26,4307.094357
1877,27,4305.141766
1877,28,4298.025059
1878,26,4307.094357
1878,27,4305.141766
1878,28,4298.025059
1879,26,4307.094357
1879,27,4305.141766
1879,28,4298.025059
1880,26,4307.094357
1880,27,4305.141766
1880,28,4298.025059
1881,26,4307.094357
1881,27,4305.141766
1881,28,4298.025059
1882,26,4307.094357
1882,27,4305.141766
1882,28,4298.025059
1883,26,4307.094357
1883,27,4305.141766
1883,28,4298.025059
1884,26,4307.094357
1884,27,4305.141766
1884,28,4298.025059
1885,26,4307.094357
1885,27,4305.141766
1885,28,4298.025059
1886,26,4307.094357
1886,27,4305.141766
1886,28,4298.025059
1887,26,4307.094357
1887,27,4305.141766
1887,28,4298.025059
1888,26,4307.094357
1888,27,4305.141766
1888,28,4298.025059
1889,26,4307.094357
1889,27,4305.141766
1889,28,4298.025059
1890,26,4307.094357
1890,27,4305.141766
1890,28,4298.025059
1891,26,4307.094357
1891,27,4305.141766
1891,28,4298.025059
1892,26,4307.094357
1892,27,4305.141766
1892,28,4298.025059
1893,26,4307.094357
1893,27,4305.141766
1893,28,4298.025059
1894,26,4307.094357
1894,27,4305.141766
1894,28,4298.025059
1895,26,4307.094357
1895,27,4305.141766
1895,28,4298.025059
1896,26,4307.094357
1896,27,4305.141766
1896,28,4298.025059
1897,26,4307.094357
1897,27,4305.141766
1897,28,4298.025059
1898,26,4307.094357
1898,27,4305.141766
1898,28,4298.025059
1899,26,4307.094357
1899,27,4305.141766
1899,28,4298.025059
1900,26,4307.094357
1900,27,4305.141766
1900,28,4298.025059
1901,26,4307.094357
1901,27,4305.141766
1901,28,4298.025059
1902,26,4307.094357
1902,27,4305.141766
1902,28,4298.025059
1903,26,4307.094357
1903,27,4305.141766
1903,28,4298.025059
1904,26,4307.094357
1904,27,4305.141766
1904,28,4298.025059
1905,26,4307.094357
1905,27,4305.141766
1905,28,4298.025059
1906,26,4307.094357
1906,27,4305.141766
1906,28,4298.025059
1907,26,4307.094357
1907,27,4305.141766
1907,28,4298.025059
1908,26,4307.094357
1908,27,4305.141766
1908,28,4298.025059
1909,26,4307.094357
1909,27,4305.141766
1909,28,4298.025059
1910,26,4307.094357
1910,27,4305.141766
1910,28,4298.025059
1911,26,4307.094357
1911,27,4305.141766
1911,28,4298.025059
1912,26,4307.094357
1912,27,4305.141766
1912,28,4298.025059
1913,26,4307.094357
1913,27,4305.141766
1913,28,4298.025059
1914,26,4307.094357
1914,27,4305.141766
1914,28,4298.025059
1915,26,4307.094357
1915,27,4305.141766
1915,28,4298.025059
1916,26,4307.094357
1916,27,4305.141766
1916,28,4298.025059
1917,26,4307.094357
1917,27,4305.141766
1917,28,4298.025059
1918,26,4307.094357
1918,27,4305.141766
1918,28,4298.025059
1919,26,4307.094357
1919,27,4305.141766
1919,28,4298.025059
1920,26,4307.094357
1920,27,4305.141766
1920,28,4298.025059
1921,26,4307.094357
1921,27,4305.141766
1921,28,4298.025059
1922,26,4307.094357
1922,27,4305.141766
1922,28,4298.025059
1923,26,4307.094357
1923,27,4305.141766
1923,28,4298.025059
1924,26,4307.094357
1924,27,4305.141766
1924,28,4298.025059
1925,26,4307.094357
1925,27,4305.141766
1925,28,4298.025059
1926,26,4307.094357
1926,27,4305.141766
1926,28,4298.025059
1927,26,4307.094357
1927,27,4305.141766
1927,28,4298.025059
1928,26,4307.094357
1928,27,4305.141766
1928,28,4298.025059
1929,26,4307.094357
1929,27,4305.141766
1929,28,4298.025059
1930,26,4307.094357
1930,27,4305.141766
1930,28,4298.025059
1931,26,4307.094357
1931,27,4305.141766
1931,28,4298.025059
1932,26,4307.094357
1932,27,4305.141766
1932,28,4298.025059
1933,26,4307.094357
1933,27,4305.141766
1933,28,4298.025059
1934,26,4307.094357
1934,27,4305.141766
1934,28,4298.025059
1935,26,4307.094357
1935,27,4305.141766
1935,28,4298.025059
1936,26,4307.094357
1936,27,4305.141766
1936,28,4298.025059
1937,26,4307.094357
1937,27,4305.141766
1937,28,4298.025059
1938,26,4307.094357
1938,27,4305.141766
1938,28,4298.025059
1939,26,4307.094357
1939,27,4305.141766
1939,28,4298.025059
1940,26,4307.094357
1940,27,4305.141766
1940,28,4298.025059
1941,26,4307.094357
1941,27,4305.141766
1941,28,4298.025059
1942,26,4307.094357
1942,27,4305.141766
1942,28,4298.025059
1943,26,4307.094357
1943,27,4305.141766
1943,28,4298.025059
1944,26,4307.094357
1944,27,4305.141766
1944,28,4298.025059
1945,26,4307.094357
1945,27,4305.141766
1945,28,4298.025059
1946,26,4307.094357
1946,27,4305.141766
1946,28,4298.025059
1947,26,4307.094357
1947,27,4305.141766
1947,28,4298.025059
1948,26,4307.094357
1948,27,4305.141766
1948,28,4298.025059
1949,26,4307.094357
1949,27,4305.141766
1949,28,4298.025059
1950,26,4307.094357
1950,27,4305.141766
1950,28,4298.025059
1951,26,4307.094357
1951,27,4305.141766
1951,28,4298.025059
1952,26,4307.094357
1952,27,4305.141766
1952,28,4298.025059
1953,26,4307.094357
1953,27,4305.141766
1953,28,4298.025059
1954,26,4307.094357
1954,27,4305.141766
1954,28,4298.025059
1955,26,4307.094357
1955,27,4305.141766
1955,28,4298.025059
1956,26,4307.094357
1956,27,4305.141766
1956,28,4298.025059
1957,26,4307.094357
1957,27,4305.141766
1957,28,4298.025059
1958,26,4307.094357
1958,27,4305.141766
1958,28,4298.025059
1959,26,4307.094357
1959,27,4305.141766
1959,28,4298.025059
1960,26,4307.094357
1960,27,4305.141766
1960,28,4298.025059
1961,26,4307.094357
1961,27,4305.141766
1961,28,4298.025059
1962,26,4307.094357
1962,27,4305.141766
1962,28,4298.025059
1963,26,4307.094357
1963,27,4305.141766
1963,28,4298.025059
1964,26,4307.094357
1964,27,4305.141766
1964,28,4298.025059
1965,26,4307.094357
1965,27,4305.141766
1965,28,4298.025059
1966,26,4307.094357
1966,27,4305.141766
1966,28,4298.025059
1967,26,4307.094357
1967,27,4305.141766
1967,28,4298.025059
1968,26,4307.094357
1968,27,4305.141766
1968,28,4298.025059
1969,26,4307.094357
1969,27,4305.141766
1969,28,4298.025059
1970,26,4307.094357
1970,27,4305.141766
1970,28,4298.025059
1971,26,4307.094357
1971,27,4305.141766
1971,28,4298.025059
1972,26,4307.094357
1972,27,4305.141766
1972,28,4298.025059
1973,26,4307.094357
1973,27,4305.141766
1973,28,4298.025059
1974,26,4307.094357
1974,27,4305.141766
1974,28,4298.025059
1975,26,4307.094357
1975,27,4305.141766
1975,28,4298.025059
1976,26,4307.094357
1976,27,4305.141766
1976,28,4298.025059
1977,26,4307.094357
1977,27,4305.141766
1977,28,4298.025059
1978,26,4307.094357
1978,27,4305.141766
1978,28,4298.025059
1979,26,4307.094357
1979,27,4305.141766
1979,28,4298.025059
1980,26,4307.094357
1980,27,4305.141766
1980,28,4298.025059
1981,26,4307.094357
1981,27,4305.141766
1981,28,4298.025059
1982,26,4307.094357
1982,27,4305.141766
1982,28,4298.025059
1983,26,4307.094357
1983,27,4305.141766
1983,28,4298.025059
1984,26,4307.094357
1984,27,4305.141766
1984,28,4298.025059
1985,26,4307.094357
1985,27,4305.141766
1985,28,4298.025059
1986,26,4307.094357
1986,27,4305.141766
1986,28,4298.025059
1987,26,4307.094357
1987,27,4305.141766
1987,28,4298.025059
1988,26,4307.094357
1988,27,4305.141766
1988,28,4298.025059
1989,26,4307.094357
1989,27,4305.141766
1989,28,4298.025059
1990,26,4307.094357
1990,27,4305.141766
1990,28,4298.025059
1991,26,4307.094357
1991,27,4305.141766
1991,28,4298.025059
1992,26,4307.094357
1992,27,4305.141766
1992,28,4298.025059
1993,26,4307.094357
1993,27,4305.141766
1993,28,4298.025059
1994,26,4307.094357
1994,27,4305.141766
1994,28,4298.025059
1995,26,4307.094357
1995,27,4305.141766
1995,28,4298.025059
1996,26,4307.094357
1996,27,4305.141766
1996,28,4298.025059
1997,26,4307.094357
1997,27,4305.141766
1997,28,4298.025059
1998,26,4307.094357
1998,27,4305.141766
1998,28,4298.025059
1999,26,4307.094357
1999,27,4305.141766
1999,28,4298.025059
2000,26,4307.094357
2000,27,4305.141766
2000,28,4298.025059
2001,26,4307.094357
2001,27,4305.141766
2001,28,4298.025059
2002,26,4307.094357
2002,27,4305.141766
2002,28,4298.025059
2003,26,4307.094357
2003,27,4305.141766
2003,28,4298.025059
2004,26,4307.094357
2004,27,4305.141766
2004,28,4298.025059
2005,26,4307.094357
2005,27,4305.141766
2005,28,4298.025059
2006,26,4307.094357
2006,27,4305.141766
2006,28,4298.025059
2007,26,4307.094357
2007,27,4305.141766
2007,28,4298.025059
2008,26,4307.094357
2008,27,4305.141766
2008,28,4298.025059
2009,26,4307.094357
2009,27,4305.141766
2009,28,4298.025059
2010,26,4307.094357
2010,27,4305.141766
2010,28,4298.025059
2011,26,4307.094357
2011,27,4305.141766
2011,28,4298.025059
2012,26,4307.094357
2012,27,4305.141766
2012,28,4298.025059
2013,26,4307.094357
2013,27,4305.141766
2013,28,4298.025059
2014,26,4307.094357
2014,27,4305.141766
2014,28,4298.025059
2015,26,4307.094357
2015,27,4305.141766
2015,28,4298.025059
2016,26,4307.094357
2016,27,4305.141766
2016,28,4298.025059
2017,26,4307.094357
2017,27,4305.141766
2017,28,4298.025059
2018,26,4307.094357
2018,27,4305.141766
2018,28,4298.025059
2019,26,4307.094357
2019,27,4305.141766
2019,28,4298.025059
2020,26,4307.094357
2020,27,4305.141766
2020,28,4298.025059
2021,26,4307.094357
2021,27,4305.141766
2021,28,4298.025059
2022,26,4307.094357
2022,27,4305.141766
2022,28,4298.025059
2023,26,4307.094357
2023,27,4305.141766
2023,28,4298.025059
2024,26,4307.094357
2024,27,4305.141766
2024,28,4298.025059
2025,26,4307.094357
2025,27,4305.141766
2025,28,4298.025059
2026,26,4307.094357
2026,27,4305.141766
2026,28,4298.025059
2027,26,4307.094357
2027,27,4305.141766
2027,28,4298.025059
2028,26,4307.094357
2028,27,4305.141766
2028,28,4298.025059
2029,26,4307.094357
2029,27,4305.141766
2029,28,4298.025059
2030,26,4307.094357
2030,27,4305.141766
2030,28,4298.025059
2031,26,4307.094357
2031,27,4305.141766
2031,28,4298.025059
2032,26,4307.094357
2032,27,4305.141766
2032,28,4298.025059
2033,26,4307.094357
2033,27,4305.141766
2033,28,4298.025059
2034,26,4307.094357
2034,27,4305.141766
2034,28,4298.025059
2035,26,4307.094357
2035,27,4305.141766
2035,28,4298.025059
2036,26,4307.094357
2036,27,4305.141766
2036,28,4298.025059
2037,26,4307.094357
2037,27,4305.141766
2037,28,4298.025059
2038,26,4307.094357
2038,27,4305.141766
2038,28,4298.025059
2039,26,4307.094357
2039,27,4305.141766
2039,28,4298.025059
2040,26,4307.094357
2040,27,4305.141766
2040,28,4298.025059
2041,26,4307.094357
2041,27,4305.141766
2041,28,4298.025059
2042,26,4307.094357
2042,27,4305.141766
2042,28,4298.025059
2043,26,4307.094357
2043,27,4305.141766
2043,28,4298.025059
2044,26,4307.094357
2044,27,4305.141766
2044,28,4298.025059
2045,26,4307.094357
2045,27,4305.141766
2045,28,4298.025059
2046,26,4307.094357
2046,27,4305.141766
2046,28,4298.025059
2047,26,4307.094357
2047,27,4305.141766
2047,28,4298.025059
2048,26,4307.094357
2048,27,4305.141766
2048,28,4298.025059
2049,26,4307.094357
2049,27,4305.141766
2049,28,4298.025059
2050,26,4307.094357
2050,27,4305.141766
2050,28,4298.025059
2051,26,4307.094357
2051,27,4305.141766
2051,28,4298.025059
2052,26,4307.094357
2052,27,4305.141766
2052,28,4298.025059
2053,26,4307.094357
2053,27,4305.141766
2053,28,4298.025059
2054,26,4307.094357
2054,27,4305.141766
2054,28,4298.025059
2055,26,4307.094357
2055,27,4305.141766
2055,28,4298.025059
2056,26,4307.094357
2056,27,4305.141766
2056,28,4298.025059
2057,26,4307.094357
2057,27,4305.141766
2057,28,4298.025059
2058,26,4307.094357
2058,27,4305.141766
2058,28,4298.025059
2059,26,4307.094357
2059,27,4305.141766
2059,28,4298.025059
2060,26,4307.094357
2060,27,4305.141766
2060,28,4298.025059
2061,26,4307.094357
2061,27,4305.141766
2061,28,4298.025059
2062,26,4307.094357
2062,27,4305.141766
2062,28,4298.025059
2063,26,4307.094357
2063,27,4305.141766
2063,28,4298.025059
2064,26,4307.094357
2064,27,4305.141766
2064,28,4298.025059
2065,26,4307.094357
2065,27,4305.141766
2065,28,4298.025059
2066,26,4307.094357
2066,27,4305.141766
2066,28,4298.025059
2067,26,4307.094357
2067,27,4305.141766
2067,28,4298.025059
2068,26,4307.094357
2068,27,4305.141766
2068,28,4298.025059
2069,26,4307.094357
2069,27,4305.141766
2069,28,4298.025059
2070,26,4307.094357
2070,27,4305.141766
2070,28,4298.025059
2071,26,4307.094357
2071,27,4305.141766
2071,28,4298.025059
2072,26,4307.094357
2072,27,4305.141766
2072,28,4298.025059
2073,26,4307.094357
2073,27,4305.141766
2073,28,4298.025059
2074,26,4307.094357
2074,27,4305.141766
2074,28,4298.025059
2075,26,4307.094357
2075,27,4305.141766
2075,28,4298.025059
2076,26,4307.094357
2076,27,4305.141766
2076,28,4298.025059
2077,26,4307.094357
2077,27,4305.141766
2077,28,4298.025059
2078,26,4307.094357
2078,27,4305.141766
2078,28,4298.025059
2079,26,4307.094357
2079,27,4305.141766
2079,28,4298.025059
2080,26,4307.094357
2080,27,4305.141766
2080,28,4298.025059
2081,26,4307.094357
2081,27,4305.141766
2081,28,4298.025059
2082,26,4307.094357
2082,27,4305.141766
2082,28,4298.025059
2083,26,4307.094357
2083,27,4305.141766
2083,28,4298.025059
2084,26,4307.094357
2084,27,4305.141766
2084,28,4298.025059
2085,26,4307.094357
2085,27,4305.141766
2085,28,4298.025059
2086,26,4307.094357
2086,27,4305.141766
2086,28,4298.025059
2087,26,4307.094357
2087,27,4305.141766
2087,28,4298.025059
2088,26,4307.094357
2088,27,4305.141766
2088,28,4298.025059
2089,26,4307.094357
2089,27,4305.141766
2089,28,4298.025059
2090,26,4307.094357
2090,27,4305.141766
2090,28,4298.025059
2091,26,4307.094357
2091,27,4305.141766
2091,28,4298.025059
2092,26,4307.094357
2092,27,4305.141766
2092,28,4298.025059
2093,26,4307.094357
2093,27,4305.141766
2093,28,4298.025059
2094,26,4307.094357
2094,27,4305.141766
2094,28,4298.025059
2095,26,4307.094357
2095,27,4305.141766
2095,28,4298.025059
2096,26,4307.094357
2096,27,4305.141766
2096,28,4298.025059
2097,26,4307.094357
2097,27,4305.141766
2097,28,4298.025059
2098,26,4307.094357
2098,27,4305.141766
2098,28,4298.025059
2099,26,4307.094357
2099,27,4305.141766
2099,28,4298.025059
2100,26,4307.094357
2100,27,4305.141766
2100,28,4298.025059
2101,26,4307.094357
2101,27,4305.141766
2101,28,4298.025059
2102,26,4307.094357
2102,27,4305.141766
2102,28,4298.025059
2103,26,4307.094357
2103,27,4305.141766
2103,28,4298.025059
2104,26,4307.094357
2104,27,4305.141766
2104,28,4298.025059
2105,26,4307.094357
2105,27,4305.141766
2105,28,4298.025059
2106,26,4307.094357
2106,27,4305.141766
2106,28,4298.025059
2107,26,4307.094357
2107,27,4305.141766
2107,28,4298.025059
2108,26,4307.094357
2108,27,4305.141766
2108,28,4298.025059
2109,26,4307.094357
2109,27,4305.141766
2109,28,4298.025059
2110,26,4307.094357
2110,27,4305.141766
2110,28,4298.025059
2111,26,4307.094357
2111,27,4305.141766
2111,28,4298.025059
2112,26,4307.094357
2112,27,4305.141766
2112,28,4298.025059
2113,26,4307.094357
2113,27,4305.141766
2113,28,4298.025059
2114,26,4307.094357
2114,27,4305.141766
2114,28,4298.025059
2115,26,4307.094357
2115,27,4305.141766
2115,28,4298.025059
2116,26,4307.094357
2116,27,4305.141766
2116,28,4298.025059
2117,26,4307.094357
2117,27,4305.141766
2117,28,4298.025059
2118,26,4307.094357
2118,27,4305.141766
2118,28,4298.025059
2119,26,4307.094357
2119,27,4305.141766
2119,28,4298.025059
2120,26,4307.094357
2120,27,4305.141766
2120,28,4298.025059
2121,26,4307.094357
2121,27,4305.141766
2121,28,4298.025059
2122,26,4307.094357
2122,27,4305.141766
2122,28,4298.025059
2123,26,4307.094357
2123,27,4305.141766
2123,28,4298.025059
2124,26,4307.094357
2124,27,4305.141766
2124,28,4298.025059
2125,26,4307.094357
2125,27,4305.141766
2125,28,4298.025059
2126,26,4307.094357
2126,27,4305.141766
2126,28,4298.025059
2127,26,4307.094357
2127,27,4305.141766
2127,28,4298.025059
2128,26,4307.094357
2128,27,4305.141766
2128,28,4298.025059
2129,26,4307.094357
2129,27,4305.141766
2129,28,4298.025059
2130,26,4307.094357
2130,27,4305.141766
2130,28,4298.025059
2131,26,4307.094357
2131,27,4305.141766
2131,28,4298.025059
2132,26,4307.094357
2132,27,4305.141766
2132,28,4298.025059
2133,26,4307.094357
2133,27,4305.141766
2133,28,4298.025059
2134,26,4307.094357
2134,27,4305.141766
2134,28,4298.025059
2135,26,4307.094357
2135,27,4305.141766
2135,28,4298.025059
2136,26,4307.094357
2136,27,4305.141766
2136,28,4298.025059
2137,26,4307.094357
2137,27,4305.141766
2137,28,4298.025059
2138,26,4307.094357
2138,27,4305.141766
2138,28,4298.025059
2139,26,4307.094357
2139,27,4305.141766
2139,28,4298.025059
2140,26,4307.094357
2140,27,4305.141766
2140,28,4298.025059
2141,26,4307.094357
2141,27,4305.141766
2141,28,4298.025059
2142,26,4307.094357
2142,27,4305.141766
2142,28,4298.025059
2143,26,4307.094357
2143,27,4305.141766
2143,28,4298.025059
2144,26,4307.094357
2144,27,4305.141766
2144,28,4298.025059
2145,26,4307.094357
2145,27,4305.141766
2145,28,4298.025059
2146,26,4307.094357
2146,27,4305.141766
2146,28,4298.025059
2147,26,4307.094357
2147,27,4305.141766
2147,28,4298.025059
2148,26,4307.094357
2148,27,4305.141766
2148,28,4298.025059
2149,26,4307.094357
2149,27,4305.141766
2149,28,4298.025059
2150,26,4307.094357
2150,27,4305.141766
2150,28,4298.025059
2151,26,4307.094357
2151,27,4305.141766
2151,28,4298.025059
2152,26,4307.094357
2152,27,4305.141766
2152,28,4298.025059
2153,26,4307.094357
2153,27,4305.141766
2153,28,4298.025059
2154,26,4307.094357
2154,27,4305.141766
2154,28,4298.025059
2155,26,4307.094357
2155,27,4305.141766
2155,28,4298.025059
2156,26,4307.094357
2156,27,4305.141766
2156,28,4298.025059
2157,26,4307.094357
2157,27,4305.141766
2157,28,4298.025059
2158,26,4307.094357
2158,27,4305.141766
2158,28,4298.025059
2159,26,4307.094357
2159,27,4305.141766
2159,28,4298.025059
2160,26,4307.094357
2160,27,4305.141766
2160,28,4298.025059
2161,26,4307.094357
2161,27,4305.141766
2161,28,4298.025059
2162,26,4307.094357
2162,27,4305.141766
2162,28,4298.025059
2163,26,4307.094357
2163,27,4305.141766
2163,28,4298.025059
2164,26,4307.094357
2164,27,4305.141766
2164,28,4298.025059
2165,26,4307.094357
2165,27,4305.141766
2165,28,4298.025059
2166,26,4307.094357
2166,27,4305.141766
2166,28,4298.025059
2167,26,4307.094357
2167,27,4305.141766
2167,28,4298.025059
2168,26,4307.094357
2168,27,4305.141766
2168,28,4298.025059
2169,26,4307.094357
2169,27,4305.141766
2169,28,4298.025059
2170,26,4307.094357
2170,27,4305.141766
2170,28,4298.025059
2171,26,4307.094357
2171,27,4305.141766
2171,28,4298.025059
2172,26,4307.094357
2172,27,4305.141766
2172,28,4298.025059
2173,26,4307.094357
2173,27,4305.141766
2173,28,4298.025059
2174,26,4307.094357
2174,27,4305.141766
2174,28,4298.025059
2175,26,4307.094357
2175,27,4305.141766
2175,28,4298.025059
2176,26,4307.094357
2176,27,4305.141766
2176,28,4298.025059
2177,26,4307.094357
2177,27,4305.141766
2177,28,4298.025059
2178,26,4307.094357
2178,27,4305.141766
2178,28,4298.025059
2179,26,4307.094357
2179,27,4305.141766
2179,28,4298.025059
2180,26,4307.094357
2180,27,4305.141766
2180,28,4298.025059
2181,26,4307.094357
2181,27,4305.141766
2181,28,4298.025059
2182,26,4307.094357
2182,27,4305.141766
2182,28,4298.025059
2183,26,4307.094357
2183,27,4305.141766
2183,28,4298.025059
2184,26,4307.094357
2184,27,4305.141766
2184,28,4298.025059
2185,26,4307.094357
2185,27,4305.141766
2185,28,4298.025059
2186,26,4307.094357
2186,27,4305.141766
2186,28,4298.025059
2187,26,4307.094357
2187,27,4305.141766
2187,28,4298.025059
2188,26,4307.094357
2188,27,4305.141766
2188,28,4298.025059
2189,26,4307.094357
2189,27,4305.141766
2189,28,4298.025059
2190,26,4307.094357
2190,27,4305.141766
2190,28,4298.025059
2191,26,4307.094357
2191,27,4305.141766
2191,28,4298.025059
2192,26,4307.094357
2192,27,4305.141766
2192,28,4298.025059
2193,26,4307.094357
2193,27,4305.141766
2193,28,4298.025059
2194,26,4307.094357
2194,27,4305.141766
2194,28,4298.025059
2195,26,4307.094357
2195,27,4305.141766
2195,28,4298.025059
2196,26,4307.094357
2196,27,4305.141766
2196,28,4298.025059
2197,26,4307.094357
2197,27,4305.141766
2197,28,4298.025059
2198,26,4307.094357
2198,27,4305.141766
2198,28,4298.025059
2199,26,4307.094357
2199,27,4305.141766
2199,28,4298.025059
2200,26,4307.094357
2200,27,4305.141766
2200,28,4298.025059
2201,26,4307.094357
2201,27,4305.141766
2201,28,4298.025059
2202,26,4307.094357
2202,27,4305.141766
2202,28,4298.025059
2203,26,4307.094357
2203,27,4305.141766
2203,28,4298.025059
2204,26,4307.094357
2204,27,4305.141766
2204,28,4298.025059
2205,26,4307.094357
2205,27,4305.141766
2205,28,4298.025059
2206,26,4307.094357
2206,27,4305.141766
2206,28,4298.025059
2207,26,4307.094357
2207,27,4305.141766
2207,28,4298.025059
2208,26,4307.094357
2208,27,4305.141766
2208,28,4298.025059
2209,26,4307.094357
2209,27,4305.141766
2209,28,4298.025059
2210,26,4307.094357
2210,27,4305.141766
2210,28,4298.025059
2211,26,4307.094357
2211,27,4305.141766
2211,28,4298.025059
2212,26,4307.094357
2212,27,4305.141766
2212,28,4298.025059
2213,26,4307.094357
2213,27,4305.141766
2213,28,4298.025059
2214,26,4307.094357
2214,27,4305.141766
2214,28,4298.025059
2215,26,4307.094357
2215,27,4305.141766
2215,28,4298.025059
2216,26,4307.094357
2216,27,4305.141766
2216,28,4298.025059
2217,26,4307.094357
2217,27,4305.141766
2217,28,4298.025059
2218,26,4307.094357
2218,27,4305.141766
2218,28,4298.025059
2219,26,4307.094357
2219,27,4305.141766
2219,28,4298.025059
2220,26,4307.094357
2220,27,4305.141766
2220,28,4298.025059
2221,26,4307.094357
2221,27,4305.141766
2221,28,4298.025059
2222,26,4307.094357
2222,27,4305.141766
2222,28,4298.025059
2223,26,4307.094357
2223,27,4305.141766
2223,28,4298.025059
2224,26,4307.094357
2224,27,4305.141766
2224,28,4298.025059
2225,26,4307.094357
2225,27,4305.141766
2225,28,4298.025059
2226,26,4307.094357
2226,27,4305.141766
2226,28,4298.025059
2227,26,4307.094357
2227,27,4305.141766
2227,28,4298.025059
2228,26,4307.094357
2228,27,4305.141766
2228,28,4298.025059
2229,26,4307.094357
2229,27,4305.141766
2229,28,4298.025059
2230,26,4307.094357
2230,27,4305.141766
2230,28,4298.025059
2231,26,4307.094357
2231,27,4305.141766
2231,28,4298.025059
2232,26,4307.094357
2232,27,4305.141766
2232,28,4298.025059
2233,26,4307.094357
2233,27,4305.141766
2233,28,4298.025059
2234,26,4307.094357
2234,27,4305.141766
2234,28,4298.025059
2235,26,4307.094357
2235,27,4305.141766
2235,28,4298.025059
2236,26,4307.094357
2236,27,4305.141766
2236,28,4298.025059
2237,26,4307.094357
2237,27,4305.141766
2237,28,4298.025059
2238,26,4307.094357
2238,27,4305.141766
2238,28,4298.025059
2239,26,4307.094357
2239,27,4305.141766
2239,28,4298.025059
2240,26,4307.094357
2240,27,4305.141766
2240,28,4298.025059
2241,26,4307.094357
2241,27,4305.141766
2241,28,4298.025059
2242,26,4307.094357
2242,27,4305.141766
2242,28,4298.025059
2243,26,4307.094357
2243,27,4305.141766
2243,28,4298.025059
2244,26,4307.094357
2244,27,4305.141766
2244,28,4298.025059
2245,26,4307.094357
2245,27,4305.141766
2245,28,4298.025059
2246,26,4307.094357
2246,27,4305.141766
2246,28,4298.025059
2247,26,4307.094357
2247,27,4305.141766
2247,28,4298.025059
2248,26,4307.094357
2248,27,4305.141766
2248,28,4298.025059
2249,26,4307.094357
2249,27,4305.141766
2249,28,4298.025059
2250,26,4307.094357
2250,27,4305.141766
2250,28,4298.025059
2251,26,4307.094357
2251,27,4305.141766
2251,28,4298.025059
2252,26,4307.094357
2252,27,4305.141766
2252,28,4298.025059
2253,26,4307.094357
2253,27,4305.141766
2253,28,4298.025059
2254,26,4307.094357
2254,27,4305.141766
2254,28,4298.025059
2255,26,4307.094357
2255,27,4305.141766
2255,28,4298.025059
2256,26,4307.094357
2256,27,4305.141766
2256,28,4298.025059
2257,26,4307.094357
2257,27,4305.141766
2257,28,4298.025059
2258,26,4307.094357
2258,27,4305.141766
2258,28,4298.025059
2259,26,4307.094357
2259,27,4305.141766
2259,28,4298.025059
2260,26,4307.094357
2260,27,4305.141766
2260,28,4298.025059
2261,26,4307.094357
2261,27,4305.141766
2261,28,4298.025059
2262,26,4307.094357
2262,27,4305.141766
2262,28,4298.025059
2263,26,4307.094357
2263,27,4305.141766
2263,28,4298.025059
2264,26,4307.094357
2264,27,4305.141766
2264,28,4298.025059
2265,26,4307.094357
2265,27,4305.141766
2265,28,4298.025059
2266,26,4307.094357
2266,27,4305.141766
2266,28,4298.025059
2267,26,4307.094357
2267,27,4305.141766
2267,28,4298.025059
2268,26,4307.094357
2268,27,4305.141766
2268,28,4298.025059
2269,26,4307.094357
2269,27,4305.141766
2269,28,4298.025059
2270,26,4307.094357
2270,27,4305.141766
2270,28,4298.025059
2271,26,4307.094357
2271,27,4305.141766
2271,28,4298.025059
2272,26,4307.094357
2272,27,4305.141766
2272,28,4298.025059
2273,26,4307.094357
2273,27,4305.141766
2273,28,4298.025059
2274,26,4307.094357
2274,27,4305.141766
2274,28,4298.025059
2275,26,4307.094357
2275,27,4305.141766
2275,28,4298.025059
2276,26,4307.094357
2276,27,4305.141766
2276,28,4298.025059
2277,26,4307.094357
2277,27,4305.141766
2277,28,4298.025059
2278,26,4307.094357
2278,27,4305.141766
2278,28,4298.025059
2279,26,4307.094357
2279,27,4305.141766
2279,28,4298.025059
2280,26,4307.094357
2280,27,4305.141766
2280,28,4298.025059
2281,26,4307.094357
2281,27,4305.141766
2281,28,4298.025059
2282,26,4307.094357
2282,27,4305.141766
2282,28,4298.025059
2283,26,4307.094357
2283,27,4305.141766
2283,28,4298.025059
2284,26,4307.094357
2284,27,4305.141766
2284,28,4298.025059
2285,26,4307.094357
2285,27,4305.141766
2285,28,4298.025059
2286,26,4307.094357
2286,27,4305.141766
2286,28,4298.025059
2287,26,4307.094357
2287,27,4305.141766
2287,28,4298.025059
2288,26,4307.094357
2288,27,4305.141766
2288,28,4298.025059
2289,26,4307.094357
2289,27,4305.141766
2289,28,4298.025059
2290,26,4307.094357
2290,27,4305.141766
2290,28,4298.025059
2291,26,4307.094357
2291,27,4305.141766
2291,28,4298.025059
2292,26,4307.094357
2292,27,4305.141766
2292,28,4298.025059
2293,26,4307.094357
2293,27,4305.141766
2293,28,4298.025059
2294,26,4307.094357
2294,27,4305.141766
2294,28,4298.025059
2295,26,4307.094357
2295,27,4305.141766
2295,28,4298.025059
2296,26,4307.094357
2296,27,4305.141766
2296,28,4298.025059
2297,26,4307.094357
2297,27,4305.141766
2297,28,4298.025059
2298,26,4307.094357
2298,27,4305.141766
2298,28,4298.025059
2299,26,4307.094357
2299,27,4305.141766
2299,28,4298.025059
2300,26,4307.094357
2300,27,4305.141766
2300,28,4298.025059
2301,26,4307.094357
2301,27,4305.141766
2301,28,4298.025059
2302,26,4307.094357
2302,27,4305.141766
2302,28,4298.025059
2303,26,4307.094357
2303,27,4305.141766
2303,28,4298.025059
2304,26,4307.094357
2304,27,4305.141766
2304,28,4298.025059
2305,26,4307.094357
2305,27,4305.141766
2305,28,4298.025059
2306,26,4307.094357
2306,27,4305.141766
2306,28,4298.025059
2307,26,4307.094357
2307,27,4305.141766
2307,28,4298.025059
2308,26,4307.094357
2308,27,4305.141766
2308,28,4298.025059
2309,26,4307.094357
2309,27,4305.141766
2309,28,4298.025059
2310,26,4307.094357
2310,27,4305.141766
2310,28,4298.025059
2311,26,4307.094357
2311,27,4305.141766
2311,28,4298.025059
2312,26,4307.094357
2312,27,4305.141766
2312,28,4298.025059
2313,26,4307.094357
2313,27,4305.141766
2313,28,4298.025059
2314,26,4307.094357
2314,27,4305.141766
2314,28,4298.025059
2315,26,4307.094357
2315,27,4305.141766
2315,28,4298.025059
2316,26,4307.094357
2316,27,4305.141766
2316,28,4298.025059
2317,26,4307.094357
2317,27,4305.141766
2317,28,4298.025059
2318,26,4307.094357
2318,27,4305.141766
2318,28,4298.025059
2319,26,4307.094357
2319,27,4305.141766
2319,28,4298.025059
2320,26,4307.094357
2320,27,4305.141766
2320,28,4298.025059
2321,26,4307.094357
2321,27,4305.141766
2321,28,4298.025059
2322,26,4307.094357
2322,27,4305.141766
2322,28,4298.025059
2323,26,4307.094357
2323,27,4305.141766
2323,28,4298.025059
2324,26,4307.094357
2324,27,4305.141766
2324,28,4298.025059
2325,26,4307.094357
2325,27,4305.141766
2325,28,4298.025059
2326,26,4307.094357
2326,27,4305.141766
2326,28,4298.025059
2327,26,4307.094357
2327,27,4305.141766
2327,28,4298.025059
2328,26,4307.094357
2328,27,4305.141766
2328,28,4298.025059
2329,26,4307.094357
2329,27,4305.141766
2329,28,4298.025059
2330,26,4307.094357
2330,27,4305.141766
2330,28,4298.025059
2331,26,4307.094357
2331,27,4305.141766
2331,28,4298.025059
2332,26,4307.094357
2332,27,4305.141766
2332,28,4298.025059
2333,26,4307.094357
2333,27,4305.141766
2333,28,4298.025059
2334,26,4307.094357
2334,27,4305.141766
2334,28,4298.025059
2335,26,4307.094357
2335,27,4305.141766
2335,28,4298.025059
2336,26,4307.094357
2336,27,4305.141766
2336,28,4298.025059
2337,26,4307.094357
2337,27,4305.141766
2337,28,4298.025059
2338,26,4307.094357
2338,27,4305.141766
2338,28,4298.025059
2339,26,4307.094357
2339,27,4305.141766
2339,28,4298.025059
2340,26,4307.094357
2340,27,4305.141766
2340,28,4298.025059
2341,26,4307.094357
2341,27,4305.141766
2341,28,4298.025059
2342,26,4307.094357
2342,27,4305.141766
2342,28,4298.025059
2343,26,4307.094357
2343,27,4305.141766
2343,28,4298.025059
2344,26,4307.094357
2344,27,4305.141766
2344,28,4298.025059
2345,26,4307.094357
2345,27,4305.141766
2345,28,4298.025059
2346,26,4307.094357
2346,27,4305.141766
2346,28,4298.025059
2347,26,4307.094357
2347,27,4305.141766
2347,28,4298.025059
2348,26,4307.094357
2348,27,4305.141766
2348,28,4298.025059
2349,26,4307.094357
2349,27,4305.141766
2349,28,4298.025059
2350,26,4307.094357
2350,27,4305.141766
2350,28,4298.025059
2351,26,4307.094357
2351,27,4305.141766
2351,28,4298.025059
2352,26,4307.094357
2352,27,4305.141766
2352,28,4298.025059
2353,26,4307.094357
2353,27,4305.141766
2353,28,4298.025059
2354,26,4307.094357
2354,27,4305.141766
2354,28,4298.025059
2355,26,4307.094357
2355,27,4305.141766
2355,28,4298.025059
2356,26,4307.094357
2356,27,4305.141766
2356,28,4298.025059
2357,26,4307.094357
2357,27,4305.141766
2357,28,4298.025059
2358,26,4307.094357
2358,27,4305.141766
2358,28,4298.025059
2359,26,4307.094357
2359,27,4305.141766
2359,28,4298.025059
2360,26,4307.094357
2360,27,4305.141766
2360,28,4298.025059
2361,26,4307.094357
2361,27,4305.141766
2361,28,4298.025059
2362,26,4307.094357
2362,27,4305.141766
2362,28,4298.025059
2363,26,4307.094357
2363,27,4305.141766
2363,28,4298.025059
2364,26,4307.094357
2364,27,4305.141766
2364,28,4298.025059
2365,26,4307.094357
2365,27,4305.141766
2365,28,4298.025059
2366,26,4307.094357
2366,27,4305.141766
2366,28,4298.025059
2367,26,4307.094357
2367,27,4305.141766
2367,28,4298.025059
2368,26,4307.094357
2368,27,4305.141766
2368,28,4298.025059
2369,26,4307.094357
2369,27,4305.141766
2369,28,4298.025059
2370,26,4307.094357
2370,27,4305.141766
2370,28,4298.025059
2371,26,4307.094357
2371,27,4305.141766
2371,28,4298.025059
2372,26,4307.094357
2372,27,4305.141766
2372,28,4298.025059
2373,26,4307.094357
2373,27,4305.141766
2373,28,4298.025059
2374,26,4307.094357
2374,27,4305.141766
2374,28,4298.025059
2375,26,4307.094357
2375,27,4305.141766
2375,28,4298.025059
2376,26,4307.094357
2376,27,4305.141766
2376,28,4298.025059
2377,26,4307.094357
2377,27,4305.141766
2377,28,4298.025059
2378,26,4307.094357
2378,27,4305.141766
2378,28,4298.025059
2379,26,4307.094357
2379,27,4305.141766
2379,28,4298.025059
2380,26,4307.094357
2380,27,4305.141766
2380,28,4298.025059
2381,26,4307.094357
2381,27,4305.141766
2381,28,4298.025059
2382,26,4307.094357
2382,27,4305.141766
2382,28,4298.025059
2383,26,4307.094357
2383,27,4305.141766
2383,28,4298.025059
2384,26,4307.094357
2384,27,4305.141766
2384,28,4298.025059
2385,26,4307.094357
2385,27,4305.141766
2385,28,4298.025059
2386,26,4307.094357
2386,27,4305.141766
2386,28,4298.025059
2387,26,4307.094357
2387,27,4305.141766
2387,28,4298.025059
2388,26,4307.094357
2388,27,4305.141766
2388,28,4298.025059
2389,26,4307.094357
2389,27,4305.141766
2389,28,4298.025059
2390,26,4307.094357
2390,27,4305.141766
2390,28,4298.025059
2391,26,4307.094357
2391,27,4305.141766
2391,28,4298.025059
2392,26,4307.094357
2392,27,4305.141766
2392,28,4298.025059
2393,26,4307.094357
2393,27,4305.141766
2393,28,4298.025059
2394,26,4307.094357
2394,27,4305.141766
2394,28,4298.025059
2395,26,4307.094357
2395,27,4305.141766
2395,28,4298.025059
2396,26,4307.094357
2396,27,4305.141766
2396,28,4298.025059
2397,26,4307.094357
2397,27,4305.141766
2397,28,4298.025059
2398,26,4307.094357
2398,27,4305.141766
2398,28,4298.025059
2399,26,4307.094357
2399,27,4305.141766
2399,28,4298.025059
2400,26,4307.094357
2400,27,4305.141766
2400,28,4298.025059
2401,26,4307.094357
2401,27,4305.141766
2401,28,4298.025059
2402,26,4307.094357
2402,27,4305.141766
2402,28,4298.025059
2403,26,4307.094357
2403,27,4305.141766
2403,28,4298.025059
2404,26,4307.094357
2404,27,4305.141766
2404,28,4298.025059
2405,26,4307.094357
2405,27,4305.141766
2405,28,4298.025059
2406,26,4307.094357
2406,27,4305.141766
2406,28,4298.025059
2407,26,4307.094357
2407,27,4305.141766
2407,28,4298.025059
2408,26,4307.094357
2408,27,4305.141766
2408,28,4298.025059
2409,26,4307.094357
2409,27,4305.141766
2409,28,4298.025059
2410,26,4307.094357
2410,27,4305.141766
2410,28,4298.025059
2411,26,4307.094357
2411,27,4305.141766
2411,28,4298.025059
2412,26,4307.094357
2412,27,4305.141766
2412,28,4298.025059
2413,26,4307.094357
2413,27,4305.141766
2413,28,4298.025059
2414,26,4307.094357
2414,27,4305.141766
2414,28,4298.025059
2415,26,4307.094357
2415,27,4305.141766
2415,28,4298.025059
2416,26,4307.094357
2416,27,4305.141766
2416,28,4298.025059
2417,26,4307.094357
2417,27,4305.141766
2417,28,4298.025059
2418,26,4307.094357
2418,27,4305.141766
2418,28,4298.025059
2419,26,4307.094357
2419,27,4305.141766
2419,28,4298.025059
2420,26,4307.094357
2420,27,4305.141766
2420,28,4298.025059
2421,26,4307.094357
2421,27,4305.141766
2421,28,4298.025059
2422,26,4307.094357
2422,27,4305.141766
2422,28,4298.025059
2423,26,4307.094357
2423,27,4305.141766
2423,28,4298.025059
2424,26,4307.094357
2424,27,4305.141766
2424,28,4298.025059
2425,26,4307.094357
2425,27,4305.141766
2425,28,4298.025059
2426,26,4307.094357
2426,27,4305.141766
2426,28,4298.025059
2427,26,4307.094357
2427,27,4305.141766
2427,28,4298.025059
2428,26,4307.094357
2428,27,4305.141766
2428,28,4298.025059
2429,26,4307.094357
2429,27,4305.141766
2429,28,4298.025059
2430,26,4307.094357
2430,27,4305.141766
2430,28,4298.025059
2431,26,4307.094357
2431,27,4305.141766
2431,28,4298.025059
2432,26,4307.094357
2432,27,4305.141766
2432,28,4298.025059
2433,26,4307.094357
2433,27,4305.141766
2433,28,4298.025059
2434,26,4307.094357
2434,27,4305.141766
2434,28,4298.025059
2435,26,4307.094357
2435,27,4305.141766
2435,28,4298.025059
2436,26,4307.094357
2436,27,4305.141766
2436,28,4298.025059
2437,26,4307.094357
2437,27,4305.141766
2437,28,4298.025059
2438,26,4307.094357
2438,27,4305.141766
2438,28,4298.025059
2439,26,4307.094357
2439,27,4305.141766
2439,28,4298.025059
2440,26,4307.094357
2440,27,4305.141766
2440,28,4298.025059
2441,26,4307.094357
2441,27,4305.141766
2441,28,4298.025059
2442,26,4307.094357
2442,27,4305.141766
2442,28,4298.025059
2443,26,4307.094357
2443,27,4305.141766
2443,28,4298.025059
2444,26,4307.094357
2444,27,4305.141766
2444,28,4298.025059
2445,26,4307.094357
2445,27,4305.141766
2445,28,4298.025059
2446,26,4307.094357
2446,27,4305.141766
2446,28,4298.025059
2447,26,4307.094357
2447,27,4305.141766
2447,28,4298.025059
2448,26,4307.094357
2448,27,4305.141766
2448,28,4298.025059
2449,26,4307.094357
2449,27,4305.141766
2449,28,4298.025059
2450,26,4307.094357
2450,27,4305.141766
2450,28,4298.025059
2451,26,4307.094357
2451,27,4305.141766
2451,28,4298.025059
2452,26,4307.094357
2452,27,4305.141766
2452,28,4298.025059
2453,26,4307.094357
2453,27,4305.141766
2453,28,4298.025059
2454,26,4307.094357
2454,27,4305.141766
2454,28,4298.025059
2455,26,4307.094357
2455,27,4305.141766
2455,28,4298.025059
2456,26,4307.094357
2456,27,4305.141766
2456,28,4298.025059
2457,26,4307.094357
2457,27,4305.141766
2457,28,4298.025059
2458,26,4307.094357
2458,27,4305.141766
2458,28,4298.025059
2459,26,4307.094357
2459,27,4305.141766
2459,28,4298.025059
2460,26,4307.094357
2460,27,4305.141766
2460,28,4298.025059
2461,26,4307.094357
2461,27,4305.141766
2461,28,4298.025059
2462,26,4307.094357
2462,27,4305.141766
2462,28,4298.025059
2463,26,4307.094357
2463,27,4305.141766
2463,28,4298.025059
2464,26,4307.094357
2464,27,4305.141766
2464,28,4298.025059
2465,26,4307.094357
2465,27,4305.141766
2465,28,4298.025059
2466,26,4307.094357
2466,27,4305.141766
2466,28,4298.025059
2467,26,4307.094357
2467,27,4305.141766
2467,28,4298.025059
2468,26,4307.094357
2468,27,4305.141766
2468,28,4298.025059
2469,26,4307.094357
2469,27,4305.141766
2469,28,4298.025059
2470,26,4307.094357
2470,27,4305.141766
2470,28,4298.025059
2471,26,4307.094357
2471,27,4305.141766
2471,28,4298.025059
2472,26,4307.094357
2472,27,4305.141766
2472,28,4298.025059
2473,26,4307.094357
2473,27,4305.141766
2473,28,4298.025059
2474,26,4307.094357
2474,27,4305.141766
2474,28,4298.025059
2475,26,4307.094357
2475,27,4305.141766
2475,28,4298.025059
2476,26,4307.094357
2476,27,4305.141766
2476,28,4298.025059
2477,26,4307.094357
2477,27,4305.141766
2477,28,4298.025059
2478,26,4307.094357
2478,27,4305.141766
2478,28,4298.025059
2479,26,4307.094357
2479,27,4305.141766
2479,28,4298.025059
2480,26,4307.094357
2480,27,4305.141766
2480,28,4298.025059
2481,26,4307.094357
2481,27,4305.141766
2481,28,4298.025059
2482,26,4307.094357
2482,27,4305.141766
2482,28,4298.025059
2483,26,4307.094357
2483,27,4305.141766
2483,28,4298.025059
2484,26,4307.094357
2484,27,4305.141766
2484,28,4298.025059
2485,26,4307.094357
2485,27,4305.141766
2485,28,4298.025059
2486,26,4307.094357
2486,27,4305.141766
2486,28,4298.025059
2487,26,4307.094357
2487,27,4305.141766
2487,28,4298.025059
2488,26,4307.094357
2488,27,4305.141766
2488,28,4298.025059
2489,26,4307.094357
2489,27,4305.141766
2489,28,4298.025059
2490,26,4307.094357
2490,27,4305.141766
2490,28,4298.025059
2491,26,4307.094357
2491,27,4305.141766
2491,28,4298.025059
2492,26,4307.094357
2492,27,4305.141766
2492,28,4298.025059
2493,26,4307.094357
2493,27,4305.141766
2493,28,4298.025059
2494,26,4307.094357
2494,27,4305.141766
2494,28,4298.025059
2495,26,4307.094357
2495,27,4305.141766
2495,28,4298.025059
2496,26,4307.094357
2496,27,4305.141766
2496,28,4298.025059
2497,26,4307.094357
2497,27,4305.141766
2497,28,4298.025059
2498,26,4307.094357
2498,27,4305.141766
2498,28,4298.025059
2499,26,4307.094357
2499,27,4305.141766
2499,28,4298.025059
2500,26,4307.094357
2500,27,4305.141766
2500,28,4298.025059
2501,26,4307.094357
2501,27,4305.141766
2501,28,4298.025059
2502,26,4307.094357
2502,27,4305.141766
2502,28,4298.025059
2503,26,4307.094357
2503,27,4305.141766
2503,28,4298.025059
2504,26,4307.094357
2504,27,4305.141766
2504,28,4298.025059
2505,26,4307.094357
2505,27,4305.141766
2505,28,4298.025059
2506,26,4307.094357
2506,27,4305.141766
2506,28,4298.025059
2507,26,4307.094357
2507,27,4305.141766
2507,28,4298.025059
2508,26,4307.094357
2508,27,4305.141766
2508,28,4298.025059
2509,26,4307.094357
2509,27,4305.141766
2509,28,4298.025059
2510,26,4307.094357
2510,27,4305.141766
2510,28,4298.025059
2511,26,4307.094357
2511,27,4305.141766
2511,28,4298.025059
2512,26,4307.094357
2512,27,4305.141766
2512,28,4298.025059
2513,26,4307.094357
2513,27,4305.141766
2513,28,4298.025059
2514,26,4307.094357
2514,27,4305.141766
2514,28,4298.025059
2515,26,4307.094357
2515,27,4305.141766
2515,28,4298.025059
2516,26,4307.094357
2516,27,4305.141766
2516,28,4298.025059
2517,26,4307.094357
2517,27,4305.141766
2517,28,4298.025059
2518,26,4307.094357
2518,27,4305.141766
2518,28,4298.025059
2519,26,4307.094357
2519,27,4305.141766
2519,28,4298.025059
2520,26,4307.094357
2520,27,4305.141766
2520,28,4298.025059
2521,26,4307.094357
2521,27,4305.141766
2521,28,4298.025059
2522,26,4307.094357
2522,27,4305.141766
2522,28,4298.025059
2523,26,4307.094357
2523,27,4305.141766
2523,28,4298.025059
2524,26,4307.094357
2524,27,4305.141766
2524,28,4298.025059
2525,26,4307.094357
2525,27,4305.141766
2525,28,4298.025059
2526,26,4307.094357
2526,27,4305.141766
2526,28,4298.025059
2527,26,4307.094357
2527,27,4305.141766
2527,28,4298.025059
2528,26,4307.094357
2528,27,4305.141766
2528,28,4298.025059
2529,26,4307.094357
2529,27,4305.141766
2529,28,4298.025059
2530,26,4307.094357
2530,27,4305.141766
2530,28,4298.025059
2531,26,4307.094357
2531,27,4305.141766
2531,28,4298.025059
2532,26,4307.094357
2532,27,4305.141766
2532,28,4298.025059
2533,26,4307.094357
2533,27,4305.141766
2533,28,4298.025059
2534,26,4307.094357
2534,27,4305.141766
2534,28,4298.025059
2535,26,4307.094357
2535,27,4305.141766
2535,28,4298.025059
2536,26,4307.094357
2536,27,4305.141766
2536,28,4298.025059
2537,26,4307.094357
2537,27,4305.141766
2537,28,4298.025059
2538,26,4307.094357
2538,27,4305.141766
2538,28,4298.025059
2539,26,4307.094357
2539,27,4305.141766
2539,28,4298.025059
2540,26,4307.094357
2540,27,4305.141766
2540,28,4298.025059
2541,26,4307.094357
2541,27,4305.141766
2541,28,4298.025059
2542,26,4307.094357
2542,27,4305.141766
2542,28,4298.025059
2543,26,4307.094357
2543,27,4305.141766
2543,28,4298.025059
2544,26,4307.094357
2544,27,4305.141766
2544,28,4298.025059
2545,26,4307.094357
2545,27,4305.141766
2545,28,4298.025059
2546,26,4307.094357
2546,27,4305.141766
2546,28,4298.025059
2547,26,4307.094357
2547,27,4305.141766
2547,28,4298.025059
2548,26,4307.094357
2548,27,4305.141766
2548,28,4298.025059
2549,26,4307.094357
2549,27,4305.141766
2549,28,4298.025059
2550,26,4307.094357
2550,27,4305.141766
2550,28,4298.025059
2551,26,4307.094357
2551,27,4305.141766
2551,28,4298.025059
2552,26,4307.094357
2552,27,4305.141766
2552,28,4298.025059
2553,26,4307.094357
2553,27,4305.141766
2553,28,4298.025059
2554,26,4307.094357
2554,27,4305.141766
2554,28,4298.025059
2555,26,4307.094357
2555,27,4305.141766
2555,28,4298.025059
2556,26,4307.094357
2556,27,4305.141766
2556,28,4298.025059
2557,26,4307.094357
2557,27,4305.141766
2557,28,4298.025059
2558,26,4307.094357
2558,27,4305.141766
2558,28,4298.025059
2559,26,4307.094357
2559,27,4305.141766
2559,28,4298.025059
2560,26,4307.094357
2560,27,4305.141766
2560,28,4298.025059
2561,26,4307.094357
2561,27,4305.141766
2561,28,4298.025059
2562,26,4307.094357
2562,27,4305.141766
2562,28,4298.025059
2563,26,4307.094357
2563,27,4305.141766
2563,28,4298.025059
2564,26,4307.094357
2564,27,4305.141766
2564,28,4298.025059
2565,26,4307.094357
2565,27,4305.141766
2565,28,4298.025059
2566,26,4307.094357
2566,27,4305.141766
2566,28,4298.025059
2567,26,4307.094357
2567,27,4305.141766
2567,28,4298.025059
2568,26,4307.094357
2568,27,4305.141766
2568,28,4298.025059
2569,26,4307.094357
2569,27,4305.141766
2569,28,4298.025059
2570,26,4307.094357
2570,27,4305.141766
2570,28,4298.025059
2571,26,4307.094357
2571,27,4305.141766
2571,28,4298.025059
2572,26,4307.094357
2572,27,4305.141766
2572,28,4298.025059
2573,26,4307.094357
2573,27,4305.141766
2573,28,4298.025059
2574,26,4307.094357
2574,27,4305.141766
2574,28,4298.025059
2575,26,4307.094357
2575,27,4305.141766
2575,28,4298.025059
2576,26,4307.094357
2576,27,4305.141766
2576,28,4298.025059
2577,26,4307.094357
2577,27,4305.141766
2577,28,4298.025059
2578,26,4307.094357
2578,27,4305.141766
2578,28,4298.025059
2579,26,4307.094357
2579,27,4305.141766
2579,28,4298.025059
2580,26,4307.094357
2580,27,4305.141766
2580,28,4298.025059
2581,26,4307.094357
2581,27,4305.141766
2581,28,4298.025059
2582,26,4307.094357
2582,27,4305.141766
2582,28,4298.025059
2583,26,4307.094357
2583,27,4305.141766
2583,28,4298.025059
2584,26,4307.094357
2584,27,4305.141766
2584,28,4298.025059
2585,26,4307.094357
2585,27,4305.141766
2585,28,4298.025059
2586,26,4307.094357
2586,27,4305.141766
2586,28,4298.025059
2587,26,4307.094357
2587,27,4305.141766
2587,28,4298.025059
2588,26,4307.094357
2588,27,4305.141766
2588,28,4298.025059
2589,26,4307.094357
2589,27,4305.141766
2589,28,4298.025059
2590,26,4307.094357
2590,27,4305.141766
2590,28,4298.025059
2591,26,4307.094357
2591,27,4305.141766
2591,28,4298.025059
2592,26,4307.094357
2592,27,4305.141766
2592,28,4298.025059
2593,26,4307.094357
2593,27,4305.141766
2593,28,4298.025059
2594,26,4307.094357
2594,27,4305.141766
2594,28,4298.025059
2595,26,4307.094357
2595,27,4305.141766
2595,28,4298.025059
2596,26,4307.094357
2596,27,4305.141766
2596,28,4298.025059
2597,26,4307.094357
2597,27,4305.141766
2597,28,4298.025059
2598,26,4307.094357
2598,27,4305.141766
2598,28,4298.025059
2599,26,4307.094357
2599,27,4305.141766
2599,28,4298.025059
2600,26,4307.094357
2600,27,4305.141766
2600,28,4298.025059
2601,26,4307.094357
2601,27,4305.141766
2601,28,4298.025059
2602,26,4307.094357
2602,27,4305.141766
2602,28,4298.025059
2603,26,4307.094357
2603,27,4305.141766
2603,28,4298.025059
2604,26,4307.094357
2604,27,4305.141766
2604,28,4298.025059
2605,26,4307.094357
2605,27,4305.141766
2605,28,4298.025059
2606,26,4307.094357
2606,27,4305.141766
2606,28,4298.025059
2607,26,4307.094357
2607,27,4305.141766
2607,28,4298.025059
2608,26,4307.094357
2608,27,4305.141766
2608,28,4298.025059
2609,26,4307.094357
2609,27,4305.141766
2609,28,4298.025059
2610,26,4307.094357
2610,27,4305.141766
2610,28,4298.025059
2611,26,4307.094357
2611,27,4305.141766
2611,28,4298.025059
2612,26,4307.094357
2612,27,4305.141766
2612,28,4298.025059
2613,26,4307.094357
2613,27,4305.141766
2613,28,4298.025059
2614,26,4307.094357
2614,27,4305.141766
2614,28,4298.025059
2615,26,4307.094357
2615,27,4305.141766
2615,28,4298.025059
2616,26,4307.094357
2616,27,4305.141766
2616,28,4298.025059
2617,26,4307.094357
2617,27,4305.141766
2617,28,4298.025059
2618,26,4307.094357
2618,27,4305.141766
2618,28,4298.025059
2619,26,4307.094357
2619,27,4305.141766
2619,28,4298.025059
2620,26,4307.094357
2620,27,4305.141766
2620,28,4298.025059
2621,26,4307.094357
2621,27,4305.141766
2621,28,4298.025059
2622,26,4307.094357
2622,27,4305.141766
2622,28,4298.025059
2623,26,4307.094357
2623,27,4305.141766
2623,28,4298.025059
2624,26,4307.094357
2624,27,4305.141766
2624,28,4298.025059
2625,26,4307.094357
2625,27,4305.141766
2625,28,4298.025059
2626,26,4307.094357
2626,27,4305.141766
2626,28,4298.025059
2627,26,4307.094357
2627,27,4305.141766
2627,28,4298.025059
2628,26,4307.094357
2628,27,4305.141766
2628,28,4298.025059
2629,26,4307.094357
2629,27,4305.141766
2629,28,4298.025059
2630,26,4307.094357
2630,27,4305.141766
2630,28,4298.025059
2631,26,4307.094357
2631,27,4305.141766
2631,28,4298.025059
2632,26,4307.094357
2632,27,4305.141766
2632,28,4298.025059
2633,26,4307.094357
2633,27,4305.141766
2633,28,4298.025059
2634,26,4307.094357
2634,27,4305.141766
2634,28,4298.025059
2635,26,4307.094357
2635,27,4305.141766
2635,28,4298.025059
2636,26,4307.094357
2636,27,4305.141766
2636,28,4298.025059
2637,26,4307.094357
2637,27,4305.141766
2637,28,4298.025059
2638,26,4307.094357
2638,27,4305.141766
2638,28,4298.025059
2639,26,4307.094357
2639,27,4305.141766
2639,28,4298.025059
2640,26,4307.094357
2640,27,4305.141766
2640,28,4298.025059
2641,26,4307.094357
2641,27,4305.141766
2641,28,4298.025059
2642,26,4307.094357
2642,27,4305.141766
2642,28,4298.025059
2643,26,4307.094357
2643,27,4305.141766
2643,28,4298.025059
2644,26,4307.094357
2644,27,4305.141766
2644,28,4298.025059
2645,26,4307.094357
2645,27,4305.141766
2645,28,4298.025059
2646,26,4307.094357
2646,27,4305.141766
2646,28,4298.025059
2647,26,4307.094357
2647,27,4305.141766
2647,28,4298.025059
2648,26,4307.094357
2648,27,4305.141766
2648,28,4298.025059
2649,26,4307.094357
2649,27,4305.141766
2649,28,4298.025059
2650,26,4307.094357
2650,27,4305.141766
2650,28,4298.025059
2651,26,4307.094357
2651,27,4305.141766
2651,28,4298.025059
2652,26,4307.094357
2652,27,4305.141766
2652,28,4298.025059
2653,26,4307.094357
2653,27,4305.141766
2653,28,4298.025059
2654,26,4307.094357
2654,27,4305.141766
2654,28,4298.025059
2655,26,4307.094357
2655,27,4305.141766
2655,28,4298.025059
2656,26,4307.094357
2656,27,4305.141766
2656,28,4298.025059
2657,26,4307.094357
2657,27,4305.141766
2657,28,4298.025059
2658,26,4307.094357
2658,27,4305.141766
2658,28,4298.025059
2659,26,4307.094357
2659,27,4305.141766
2659,28,4298.025059
2660,26,4307.094357
2660,27,4305.141766
2660,28,4298.025059
2661,26,4307.094357
2661,27,4305.141766
2661,28,4298.025059
2662,26,4307.094357
2662,27,4305.141766
2662,28,4298.025059
2663,26,4307.094357
2663,27,4305.141766
2663,28,4298.025059
2664,26,4307.094357
2664,27,4305.141766
2664,28,4298.025059
2665,26,4307.094357
2665,27,4305.141766
2665,28,4298.025059
2666,26,4307.094357
2666,27,4305.141766
2666,28,4298.025059
2667,26,4307.094357
2667,27,4305.141766
2667,28,4298.025059
2668,26,4307.094357
2668,27,4305.141766
2668,28,4298.025059
2669,26,4307.094357
2669,27,4305.141766
2669,28,4298.025059
2670,26,4307.094357
2670,27,4305.141766
2670,28,4298.025059
2671,26,4307.094357
2671,27,4305.141766
2671,28,4298.025059
2672,26,4307.094357
2672,27,4305.141766
2672,28,4298.025059
2673,26,4307.094357
2673,27,4305.141766
2673,28,4298.025059
2674,26,4307.094357
2674,27,4305.141766
2674,28,4298.025059
2675,26,4307.094357
2675,27,4305.141766
2675,28,4298.025059
2676,26,4307.094357
2676,27,4305.141766
2676,28,4298.025059
2677,26,4307.094357
2677,27,4305.141766
2677,28,4298.025059
2678,26,4307.094357
2678,27,4305.141766
2678,28,4298.025059
2679,26,4307.094357
2679,27,4305.141766
2679,28,4298.025059
2680,26,4307.094357
2680,27,4305.141766
2680,28,4298.025059
2681,26,4307.094357
2681,27,4305.141766
2681,28,4298.025059
2682,26,4307.094357
2682,27,4305.141766
2682,28,4298.025059
2683,26,4307.094357
2683,27,4305.141766
2683,28,4298.025059
2684,26,4307.094357
2684,27,4305.141766
2684,28,4298.025059
2685,26,4307.094357
2685,27,4305.141766
2685,28,4298.025059
2686,26,4307.094357
2686,27,4305.141766
2686,28,4298.025059
2687,26,4307.094357
2687,27,4305.141766
2687,28,4298.025059
2688,26,4307.094357
2688,27,4305.141766
2688,28,4298.025059
2689,26,4307.094357
2689,27,4305.141766
2689,28,4298.025059
2690,26,4307.094357
2690,27,4305.141766
2690,28,4298.025059
2691,26,4307.094357
2691,27,4305.141766
2691,28,4298.025059
2692,26,4307.094357
2692,27,4305.141766
2692,28,4298.025059
2693,26,4307.094357
2693,27,4305.141766
2693,28,4298.025059
2694,26,4307.094357
2694,27,4305.141766
2694,28,4298.025059
2695,26,4307.094357
2695,27,4305.141766
2695,28,4298.025059
2696,26,4307.094357
2696,27,4305.141766
2696,28,4298.025059
2697,26,4307.094357
2697,27,4305.141766
2697,28,4298.025059
2698,26,4307.094357
2698,27,4305.141766
2698,28,4298.025059
2699,26,4307.094357
2699,27,4305.141766
2699,28,4298.025059
2700,26,4307.094357
2700,27,4305.141766
2700,28,4298.025059
2701,26,4307.094357
2701,27,4305.141766
2701,28,4298.025059
2702,26,4307.094357
2702,27,4305.141766
2702,28,4298.025059
2703,26,4307.094357
2703,27,4305.141766
2703,28,4298.025059
2704,26,4307.094357
2704,27,4305.141766
2704,28,4298.025059
2705,26,4307.094357
2705,27,4305.141766
2705,28,4298.025059
2706,26,4307.094357
2706,27,4305.141766
2706,28,4298.025059
2707,26,4307.094357
2707,27,4305.141766
2707,28,4298.025059
2708,26,4307.094357
2708,27,4305.141766
2708,28,4298.025059
2709,26,4307.094357
2709,27,4305.141766
2709,28,4298.025059
2710,26,4307.094357
2710,27,4305.141766
2710,28,4298.025059
2711,26,4307.094357
2711,27,4305.141766
2711,28,4298.025059
2712,26,4307.094357
2712,27,4305.141766
2712,28,4298.025059
2713,26,4307.094357
2713,27,4305.141766
2713,28,4298.025059
2714,26,4307.094357
2714,27,4305.141766
2714,28,4298.025059
2715,26,4307.094357
2715,27,4305.141766
2715,28,4298.025059
2716,26,4307.094357
2716,27,4305.141766
2716,28,4298.025059
2717,26,4307.094357
2717,27,4305.141766
2717,28,4298.025059
2718,26,4307.094357
2718,27,4305.141766
2718,28,4298.025059
2719,26,4307.094357
2719,27,4305.141766
2719,28,4298.025059
2720,26,4307.094357
2720,27,4305.141766
2720,28,4298.025059
2721,26,4307.094357
2721,27,4305.141766
2721,28,4298.025059
2722,26,4307.094357
2722,27,4305.141766
2722,28,4298.025059
2723,26,4307.094357
2723,27,4305.141766
2723,28,4298.025059
2724,26,4307.094357
2724,27,4305.141766
2724,28,4298.025059
2725,26,4307.094357
2725,27,4305.141766
2725,28,4298.025059
2726,26,4307.094357
2726,27,4305.141766
2726,28,4298.025059
2727,26,4307.094357
2727,27,4305.141766
2727,28,4298.025059
2728,26,4307.094357
2728,27,4305.141766
2728,28,4298.025059
2729,26,4307.094357
2729,27,4305.141766
2729,28,4298.025059
2730,26,4307.094357
2730,27,4305.141766
2730,28,4298.025059
2731,26,4307.094357
2731,27,4305.141766
2731,28,4298.025059
2732,26,4307.094357
2732,27,4305.141766
2732,28,4298.025059
2733,26,4307.094357
2733,27,4305.141766
2733,28,4298.025059
2734,26,4307.094357
2734,27,4305.141766
2734,28,4298.025059
2735,26,4307.094357
2735,27,4305.141766
2735,28,4298.025059
2736,26,4307.094357
2736,27,4305.141766
2736,28,4298.025059
2737,26,4307.094357
2737,27,4305.141766
2737,28,4298.025059
2738,26,4307.094357
2738,27,4305.141766
2738,28,4298.025059
2739,26,4307.094357
2739,27,4305.141766
2739,28,4298.025059
2740,26,4307.094357
2740,27,4305.141766
2740,28,4298.025059
2741,26,4307.094357
2741,27,4305.141766
2741,28,4298.025059
2742,26,4307.094357
2742,27,4305.141766
2742,28,4298.025059
2743,26,4307.094357
2743,27,4305.141766
2743,28,4298.025059
2744,26,4307.094357
2744,27,4305.141766
2744,28,4298.025059
2745,26,4307.094357
2745,27,4305.141766
2745,28,4298.025059
2746,26,4307.094357
2746,27,4305.141766
2746,28,4298.025059
2747,26,4307.094357
2747,27,4305.141766
2747,28,4298.025059
2748,26,4307.094357
2748,27,4305.141766
2748,28,4298.025059
2749,26,4307.094357
2749,27,4305.141766
2749,28,4298.025059
2750,26,4307.094357
2750,27,4305.141766
2750,28,4298.025059
2751,26,4307.094357
2751,27,4305.141766
2751,28,4298.025059
2752,26,4307.094357
2752,27,4305.141766
2752,28,4298.025059
2753,26,4307.094357
2753,27,4305.141766
2753,28,4298.025059
2754,26,4307.094357
2754,27,4305.141766
2754,28,4298.025059
2755,26,4307.094357
2755,27,4305.141766
2755,28,4298.025059
2756,26,4307.094357
2756,27,4305.141766
2756,28,4298.025059
2757,26,4307.094357
2757,27,4305.141766
2757,28,4298.025059
2758,26,4307.094357
2758,27,4305.141766
2758,28,4298.025059
2759,26,4307.094357
2759,27,4305.141766
2759,28,4298.025059
2760,26,4307.094357
2760,27,4305.141766
2760,28,4298.025059
2761,26,4307.094357
2761,27,4305.141766
2761,28,4298.025059
2762,26,4307.094357
2762,27,4305.141766
2762,28,4298.025059
2763,26,4307.094357
2763,27,4305.141766
2763,28,4298.025059
2764,26,4307.094357
2764,27,4305.141766
2764,28,4298.025059
2765,26,4307.094357
2765,27,4305.141766
2765,28,4298.025059
2766,26,4307.094357
2766,27,4305.141766
2766,28,4298.025059
2767,26,4307.094357
2767,27,4305.141766
2767,28,4298.025059
2768,26,4307.094357
2768,27,4305.141766
2768,28,4298.025059
2769,26,4307.094357
2769,27,4305.141766
2769,28,4298.025059
2770,26,4307.094357
2770,27,4305.141766
2770,28,4298.025059
2771,26,4307.094357
2771,27,4305.141766
2771,28,4298.025059
2772,26,4307.094357
2772,27,4305.141766
2772,28,4298.025059
2773,26,4307.094357
2773,27,4305.141766
2773,28,4298.025059
2774,26,4307.094357
2774,27,4305.141766
2774,28,4298.025059
2775,26,4307.094357
2775,27,4305.141766
2775,28,4298.025059
2776,26,4307.094357
2776,27,4305.141766
2776,28,4298.025059
2777,26,4307.094357
2777,27,4305.141766
2777,28,4298.025059
2778,26,4307.094357
2778,27,4305.141766
2778,28,4298.025059
2779,26,4307.094357
2779,27,4305.141766
2779,28,4298.025059
2780,26,4307.094357
2780,27,4305.141766
2780,28,4298.025059
2781,26,4307.094357
2781,27,4305.141766
2781,28,4298.025059
2782,26,4307.094357
2782,27,4305.141766
2782,28,4298.025059
2783,26,4307.094357
2783,27,4305.141766
2783,28,4298.025059
2784,26,4307.094357
2784,27,4305.141766
2784,28,4298.025059
2785,26,4307.094357
2785,27,4305.141766
2785,28,4298.025059
2786,26,4307.094357
2786,27,4305.141766
2786,28,4298.025059
2787,26,4307.094357
2787,27,4305.141766
2787,28,4298.025059
2788,26,4307.094357
2788,27,4305.141766
2788,28,4298.025059
2789,26,4307.094357
2789,27,4305.141766
2789,28,4298.025059
2790,26,4307.094357
2790,27,4305.141766
2790,28,4298.025059
2791,26,4307.094357
2791,27,4305.141766
2791,28,4298.025059
2792,26,4307.094357
2792,27,4305.141766
2792,28,4298.025059
2793,26,4307.094357
2793,27,4305.141766
2793,28,4298.025059
2794,26,4307.094357
2794,27,4305.141766
2794,28,4298.025059
2795,26,4307.094357
2795,27,4305.141766
2795,28,4298.025059
2796,26,4307.094357
2796,27,4305.141766
2796,28,4298.025059
2797,26,4307.094357
2797,27,4305.141766
2797,28,4298.025059
2798,26,4307.094357
2798,27,4305.141766
2798,28,4298.025059
2799,26,4307.094357
2799,27,4305.141766
2799,28,4298.025059
2800,26,4307.094357
2800,27,4305.141766
2800,28,4298.025059
2801,26,4307.094357
2801,27,4305.141766
2801,28,4298.025059
2802,26,4307.094357
2802,27,4305.141766
2802,28,4298.025059
2803,26,4307.094357
2803,27,4305.141766
2803,28,4298.025059
2804,26,4307.094357
2804,27,4305.141766
2804,28,4298.025059
2805,26,4307.094357
2805,27,4305.141766
2805,28,4298.025059
2806,26,4307.094357
2806,27,4305.141766
2806,28,4298.025059
2807,26,4307.094357
2807,27,4305.141766
2807,28,4298.025059
2808,26,4307.094357
2808,27,4305.141766
2808,28,4298.025059
2809,26,4307.094357
2809,27,4305.141766
2809,28,4298.025059
2810,26,4307.094357
2810,27,4305.141766
2810,28,4298.025059
2811,26,4307.094357
2811,27,4305.141766
2811,28,4298.025059
2812,26,4307.094357
2812,27,4305.141766
2812,28,4298.025059
2813,26,4307.094357
2813,27,4305.141766
2813,28,4298.025059
2814,26,4307.094357
2814,27,4305.141766
2814,28,4298.025059
2815,26,4307.094357
2815,27,4305.141766
2815,28,4298.025059
2816,26,4307.094357
2816,27,4305.141766
2816,28,4298.025059
2817,26,4307.094357
2817,27,4305.141766
2817,28,4298.025059
2818,26,4307.094357
2818,27,4305.141766
2818,28,4298.025059
2819,26,4307.094357
2819,27,4305.141766
2819,28,4298.025059
2820,26,4307.094357
2820,27,4305.141766
2820,28,4298.025059
2821,26,4307.094357
2821,27,4305.141766
2821,28,4298.025059
2822,26,4307.094357
2822,27,4305.141766
2822,28,4298.025059
2823,26,4307.094357
2823,27,4305.141766
2823,28,4298.025059
2824,26,4307.094357
2824,27,4305.141766
2824,28,4298.025059
2825,26,4307.094357
2825,27,4305.141766
2825,28,4298.025059
2826,26,4307.094357
2826,27,4305.141766
2826,28,4298.025059
2827,26,4307.094357
2827,27,4305.141766
2827,28,4298.025059
2828,26,4307.094357
2828,27,4305.141766
2828,28,4298.025059
2829,26,4307.094357
2829,27,4305.141766
2829,28,4298.025059
2830,26,4307.094357
2830,27,4305.141766
2830,28,4298.025059
2831,26,4307.094357
2831,27,4305.141766
2831,28,4298.025059
2832,26,4307.094357
2832,27,4305.141766
2832,28,4298.025059
2833,26,4307.094357
2833,27,4305.141766
2833,28,4298.025059
2834,26,4307.094357
2834,27,4305.141766
2834,28,4298.025059
2835,26,4307.094357
2835,27,4305.141766
2835,28,4298.025059
2836,26,4307.094357
2836,27,4305.141766
2836,28,4298.025059
2837,26,4307.094357
2837,27,4305.141766
2837,28,4298.025059
2838,26,4307.094357
2838,27,4305.141766
2838,28,4298.025059
2839,26,4307.094357
2839,27,4305.141766
2839,28,4298.025059
2840,26,4307.094357
2840,27,4305.141766
2840,28,4298.025059
2841,26,4307.094357
2841,27,4305.141766
2841,28,4298.025059
2842,26,4307.094357
2842,27,4305.141766
2842,28,4298.025059
2843,26,4307.094357
2843,27,4305.141766
2843,28,4298.025059
2844,26,4307.094357
2844,27,4305.141766
2844,28,4298.025059
2845,26,4307.094357
2845,27,4305.141766
2845,28,4298.025059
2846,26,4307.094357
2846,27,4305.141766
2846,28,4298.025059
2847,26,4307.094357
2847,27,4305.141766
2847,28,4298.025059
2848,26,4307.094357
2848,27,4305.141766
2848,28,4298.025059
2849,26,4307.094357
2849,27,4305.141766
2849,28,4298.025059
2850,26,4307.094357
2850,27,4305.141766
2850,28,4298.025059
2851,26,4307.094357
2851,27,4305.141766
2851,28,4298.025059
2852,26,4307.094357
2852,27,4305.141766
2852,28,4298.025059
2853,26,4307.094357
2853,27,4305.141766
2853,28,4298.025059
2854,26,4307.094357
2854,27,4305.141766
2854,28,4298.025059
2855,26,4307.094357
2855,27,4305.141766
2855,28,4298.025059
2856,26,4307.094357
2856,27,4305.141766
2856,28,4298.025059
2857,26,4307.094357
2857,27,4305.141766
2857,28,4298.025059
2858,26,4307.094357
2858,27,4305.141766
2858,28,4298.025059
2859,26,4307.094357
2859,27,4305.141766
2859,28,4298.025059
2860,26,4307.094357
2860,27,4305.141766
2860,28,4298.025059
2861,26,4307.094357
2861,27,4305.141766
2861,28,4298.025059
2862,26,4307.094357
2862,27,4305.141766
2862,28,4298.025059
2863,26,4307.094357
2863,27,4305.141766
2863,28,4298.025059
2864,26,4307.094357
2864,27,4305.141766
2864,28,4298.025059
2865,26,4307.094357
2865,27,4305.141766
2865,28,4298.025059
2866,26,4307.094357
2866,27,4305.141766
2866,28,4298.025059
2867,26,4307.094357
2867,27,4305.141766
2867,28,4298.025059
2868,26,4307.094357
2868,27,4305.141766
2868,28,4298.025059
2869,26,4307.094357
2869,27,4305.141766
2869,28,4298.025059
2870,26,4307.094357
2870,27,4305.141766
2870,28,4298.025059
2871,26,4307.094357
2871,27,4305.141766
2871,28,4298.025059
2872,26,4307.094357
2872,27,4305.141766
2872,28,4298.025059
2873,26,4307.094357
2873,27,4305.141766
2873,28,4298.025059
2874,26,4307.094357
2874,27,4305.141766
2874,28,4298.025059
2875,26,4307.094357
2875,27,4305.141766
2875,28,4298.025059
2876,26,4307.094357
2876,27,4305.141766
2876,28,4298.025059
2877,26,4307.094357
2877,27,4305.141766
2877,28,4298.025059
2878,26,4307.094357
2878,27,4305.141766
2878,28,4298.025059
2879,26,4307.094357
2879,27,4305.141766
2879,28,4298.025059
2880,26,4307.094357
2880,27,4305.141766
2880,28,4298.025059
2881,26,4307.094357
2881,27,4305.141766
2881,28,4298.025059
2882,26,4307.094357
2882,27,4305.141766
2882,28,4298.025059
2883,26,4307.094357
2883,27,4305.141766
2883,28,4298.025059
2884,26,4307.094357
2884,27,4305.141766
2884,28,4298.025059
2885,26,4307.094357
2885,27,4305.141766
2885,28,4298.025059
2886,26,4307.094357
2886,27,4305.141766
2886,28,4298.025059
2887,26,4307.094357
2887,27,4305.141766
2887,28,4298.025059
2888,26,4307.094357
2888,27,4305.141766
2888,28,4298.025059
2889,26,4307.094357
2889,27,4305.141766
2889,28,4298.025059
2890,26,4307.094357
2890,27,4305.141766
2890,28,4298.025059
2891,26,4307.094357
2891,27,4305.141766
2891,28,4298.025059
2892,26,4307.094357
2892,27,4305.141766
2892,28,4298.025059
2893,26,4307.094357
2893,27,4305.141766
2893,28,4298.025059
2894,26,4307.094357
2894,27,4305.141766
2894,28,4298.025059
2895,26,4307.094357
2895,27,4305.141766
2895,28,4298.025059
2896,26,4307.094357
2896,27,4305.141766
2896,28,4298.025059
2897,26,4307.094357
2897,27,4305.141766
2897,28,4298.025059
2898,26,4307.094357
2898,27,4305.141766
2898,28,4298.025059
2899,26,4307.094357
2899,27,4305.141766
2899,28,4298.025059
2900,26,4307.094357
2900,27,4305.141766
2900,28,4298.025059
2901,26,4307.094357
2901,27,4305.141766
2901,28,4298.025059
2902,26,4307.094357
2902,27,4305.141766
2902,28,4298.025059
2903,26,4307.094357
2903,27,4305.141766
2903,28,4298.025059
2904,26,4307.094357
2904,27,4305.141766
2904,28,4298.025059
2905,26,4307.094357
2905,27,4305.141766
2905,28,4298.025059
2906,26,4307.094357
2906,27,4305.141766
2906,28,4298.025059
2907,26,4307.094357
2907,27,4305.141766
2907,28,4298.025059
2908,26,4307.094357
2908,27,4305.141766
2908,28,4298.025059
2909,26,4307.094357
2909,27,4305.141766
2909,28,4298.025059
2910,26,4307.094357
2910,27,4305.141766
2910,28,4298.025059
2911,26,4307.094357
2911,27,4305.141766
2911,28,4298.025059
2912,26,4307.094357
2912,27,4305.141766
2912,28,4298.025059
2913,26,4307.094357
2913,27,4305.141766
2913,28,4298.025059
2914,26,4307.094357
2914,27,4305.141766
2914,28,4298.025059
2915,26,4307.094357
2915,27,4305.141766
2915,28,4298.025059
2916,26,4307.094357
2916,27,4305.141766
2916,28,4298.025059
2917,26,4307.094357
2917,27,4305.141766
2917,28,4298.025059
2918,26,4307.094357
2918,27,4305.141766
2918,28,4298.025059
2919,26,4307.094357
2919,27,4305.141766
2919,28,4298.025059
2920,26,4307.094357
2920,27,4305.141766
2920,28,4298.025059
2921,26,4307.094357
2921,27,4305.141766
2921,28,4298.025059
2922,26,4307.094357
2922,27,4305.141766
2922,28,4298.025059
2923,26,4307.094357
2923,27,4305.141766
2923,28,4298.025059
2924,26,4307.094357
2924,27,4305.141766
2924,28,4298.025059
2925,26,4307.094357
2925,27,4305.141766
2925,28,4298.025059
2926,26,4307.094357
2926,27,4305.141766
2926,28,4298.025059
2927,26,4307.094357
2927,27,4305.141766
2927,28,4298.025059
2928,26,4307.094357
2928,27,4305.141766
2928,28,4298.025059
2929,26,4307.094357
2929,27,4305.141766
2929,28,4298.025059
2930,26,4307.094357
2930,27,4305.141766
2930,28,4298.025059
2931,26,4307.094357
2931,27,4305.141766
2931,28,4298.025059
2932,26,4307.094357
2932,27,4305.141766
2932,28,4298.025059
2933,26,4307.094357
2933,27,4305.141766
2933,28,4298.025059
2934,26,4307.094357
2934,27,4305.141766
2934,28,4298.025059
2935,26,4307.094357
2935,27,4305.141766
2935,28,4298.025059
2936,26,4307.094357
2936,27,4305.141766
2936,28,4298.025059
2937,26,4307.094357
2937,27,4305.141766
2937,28,4298.025059
2938,26,4307.094357
2938,27,4305.141766
2938,28,4298.025059
2939,26,4307.094357
2939,27,4305.141766
2939,28,4298.025059
2940,26,4307.094357
2940,27,4305.141766
2940,28,4298.025059
2941,26,4307.094357
2941,27,4305.141766
2941,28,4298.025059
2942,26,4307.094357
2942,27,4305.141766
2942,28,4298.025059
2943,26,4307.094357
2943,27,4305.141766
2943,28,4298.025059
2944,26,4307.094357
2944,27,4305.141766
2944,28,4298.025059
2945,26,4307.094357
2945,27,4305.141766
2945,28,4298.025059
2946,26,4307.094357
2946,27,4305.141766
2946,28,4298.025059
2947,26,4307.094357
2947,27,4305.141766
2947,28,4298.025059
2948,26,4307.094357
2948,27,4305.141766
2948,28,4298.025059
2949,26,4307.094357
2949,27,4305.141766
2949,28,4298.025059
2950,26,4307.094357
2950,27,4305.141766
2950,28,4298.025059
2951,26,4307.094357
2951,27,4305.141766
2951,28,4298.025059
2952,26,4307.094357
2952,27,4305.141766
2952,28,4298.025059
2953,26,4307.094357
2953,27,4305.141766
2953,28,4298.025059
2954,26,4307.094357
2954,27,4305.141766
2954,28,4298.025059
2955,26,4307.094357
2955,27,4305.141766
2955,28,4298.025059
2956,26,4307.094357
2956,27,4305.141766
2956,28,4298.025059
2957,26,4307.094357
2957,27,4305.141766
2957,28,4298.025059
2958,26,4307.094357
2958,27,4305.141766
2958,28,4298.025059
2959,26,4307.094357
2959,27,4305.141766
2959,28,4298.025059
2960,26,4307.094357
2960,27,4305.141766
2960,28,4298.025059
2961,26,4307.094357
2961,27,4305.141766
2961,28,4298.025059
2962,26,4307.094357
2962,27,4305.141766
2962,28,4298.025059
2963,26,4307.094357
2963,27,4305.141766
2963,28,4298.025059
2964,26,4307.094357
2964,27,4305.141766
2964,28,4298.025059
2965,26,4307.094357
2965,27,4305.141766
2965,28,4298.025059
2966,26,4307.094357
2966,27,4305.141766
2966,28,4298.025059
2967,26,4307.094357
2967,27,4305.141766
2967,28,4298.025059
2968,26,4307.094357
2968,27,4305.141766
2968,28,4298.025059
2969,26,4307.094357
2969,27,4305.141766
2969,28,4298.025059
2970,26,4307.094357
2970,27,4305.141766
2970,28,4298.025059
2971,26,4307.094357
2971,27,4305.141766
2971,28,4298.025059
2972,26,4307.094357
2972,27,4305.141766
2972,28,4298.025059
2973,26,4307.094357
2973,27,4305.141766
2973,28,4298.025059
2974,26,4307.094357
2974,27,4305.141766
2974,28,4298.025059
2975,26,4307.094357
2975,27,4305.141766
2975,28,4298.025059
2976,26,4307.094357
2976,27,4305.141766
2976,28,4298.025059
2977,26,4307.094357
2977,27,4305.141766
2977,28,4298.025059
2978,26,4307.094357
2978,27,4305.141766
2978,28,4298.025059
2979,26,4307.094357
2979,27,4305.141766
2979,28,4298.025059
2980,26,4307.094357
2980,27,4305.141766
2980,28,4298.025059
2981,26,4307.094357
2981,27,4305.141766
2981,28,4298.025059
2982,26,4307.094357
2982,27,4305.141766
2982,28,4298.025059
2983,26,4307.094357
2983,27,4305.141766
2983,28,4298.025059
2984,26,4307.094357
2984,27,4305.141766
2984,28,4298.025059
2985,26,4307.094357
2985,27,4305.141766
2985,28,4298.025059
2986,26,4307.094357
2986,27,4305.141766
2986,28,4298.025059
2987,26,4307.094357
2987,27,4305.141766
2987,28,4298.025059
2988,26,4307.094357
2988,27,4305.141766
2988,28,4298.025059
2989,26,4307.094357
2989,27,4305.141766
2989,28,4298.025059
2990,26,4307.094357
2990,27,4305.141766
2990,28,4298.025059
2991,26,4307.094357
2991,27,4305.141766
2991,28,4298.025059
2992,26,4307.094357
2992,27,4305.141766
2992,28,4298.025059
2993,26,4307.094357
2993,27,4305.141766
2993,28,4298.025059
2994,26,4307.094357
2994,27,4305.141766
2994,28,4298.025059
2995,26,4307.094357
2995,27,4305.141766
2995,28,4298.025059
2996,26,4307.094357
2996,27,4305.141766
2996,28,4298.025059
2997,26,4307.094357
2997,27,4305.141766
2997,28,4298.025059
2998,26,4307.094357
2998,27,4305.141766
2998,28,4298.025059
2999,26,4307.094357
2999,27,4305.141766
2999,28,4298.025059
3000,26,4307.094357
3000,27,4305.141766
3000,28,4298.025059
3001,26,4307.094357
3001,27,4305.141766
3001,28,4298.025059
3002,26,4307.094357
3002,27,4305.141766
3002,28,4298.025059
3003,26,4307.094357
3003,27,4305.141766
3003,28,4298.025059
3004,26,4307.094357
3004,27,4305.141766
3004,28,4298.025059
3005,26,4307.094357
3005,27,4305.141766
3005,28,4298.025059
3006,26,4307.094357
3006,27,4305.141766
3006,28,4298.025059
3007,26,4307.094357
3007,27,4305.141766
3007,28,4298.025059
3008,26,4307.094357
3008,27,4305.141766
3008,28,4298.025059
3009,26,4307.094357
3009,27,4305.141766
3009,28,4298.025059
3010,26,4307.094357
3010,27,4305.141766
3010,28,4298.025059
3011,26,4307.094357
3011,27,4305.141766
3011,28,4298.025059
3012,26,4307.094357
3012,27,4305.141766
3012,28,4298.025059
3013,26,4307.094357
3013,27,4305.141766
3013,28,4298.025059
3014,26,4307.094357
3014,27,4305.141766
3014,28,4298.025059
3015,26,4307.094357
3015,27,4305.141766
3015,28,4298.025059
3016,26,4307.094357
3016,27,4305.141766
3016,28,4298.025059
3017,26,4307.094357
3017,27,4305.141766
3017,28,4298.025059
3018,26,4307.094357
3018,27,4305.141766
3018,28,4298.025059
3019,26,4307.094357
3019,27,4305.141766
3019,28,4298.025059
3020,26,4307.094357
3020,27,4305.141766
3020,28,4298.025059
3021,26,4307.094357
3021,27,4305.141766
3021,28,4298.025059
3022,26,4307.094357
3022,27,4305.141766
3022,28,4298.025059
3023,26,4307.094357
3023,27,4305.141766
3023,28,4298.025059
3024,26,4307.094357
3024,27,4305.141766
3024,28,4298.025059
3025,26,4307.094357
3025,27,4305.141766
3025,28,4298.025059
3026,26,4307.094357
3026,27,4305.141766
3026,28,4298.025059
3027,26,4307.094357
3027,27,4305.141766
3027,28,4298.025059
3028,26,4307.094357
3028,27,4305.141766
3028,28,4298.025059
3029,26,4307.094357
3029,27,4305.141766
3029,28,4298.025059
3030,26,4307.094357
3030,27,4305.141766
3030,28,4298.025059
3031,26,4307.094357
3031,27,4305.141766
3031,28,4298.025059
3032,26,4307.094357
3032,27,4305.141766
3032,28,4298.025059
3033,26,4307.094357
3033,27,4305.141766
3033,28,4298.025059
3034,26,4307.094357
3034,27,4305.141766
3034,28,4298.025059
3035,26,4307.094357
3035,27,4305.141766
3035,28,4298.025059
3036,26,4307.094357
3036,27,4305.141766
3036,28,4298.025059
3037,26,4307.094357
3037,27,4305.141766
3037,28,4298.025059
3038,26,4307.094357
3038,27,4305.141766
3038,28,4298.025059
3039,26,4307.094357
3039,27,4305.141766
3039,28,4298.025059
3040,26,4307.094357
3040,27,4305.141766
3040,28,4298.025059
3041,26,4307.094357
3041,27,4305.141766
3041,28,4298.025059
3042,26,4307.094357
3042,27,4305.141766
3042,28,4298.025059
3043,26,4307.094357
3043,27,4305.141766
3043,28,4298.025059
3044,26,4307.094357
3044,27,4305.141766
3044,28,4298.025059
3045,26,4307.094357
3045,27,4305.141766
3045,28,4298.025059
3046,26,4307.094357
3046,27,4305.141766
3046,28,4298.025059
3047,26,4307.094357
3047,27,4305.141766
3047,28,4298.025059
3048,26,4307.094357
3048,27,4305.141766
3048,28,4298.025059
3049,26,4307.094357
3049,27,4305.141766
3049,28,4298.025059
3050,26,4307.094357
3050,27,4305.141766
3050,28,4298.025059
3051,26,4307.094357
3051,27,4305.141766
3051,28,4298.025059
3052,26,4307.094357
3052,27,4305.141766
3052,28,4298.025059
3053,26,4307.094357
3053,27,4305.141766
3053,28,4298.025059
3054,26,4307.094357
3054,27,4305.141766
3054,28,4298.025059
3055,26,4307.094357
3055,27,4305.141766
3055,28,4298.025059
3056,26,4307.094357
3056,27,4305.141766
3056,28,4298.025059
3057,26,4307.094357
3057,27,4305.141766
3057,28,4298.025059
3058,26,4307.094357
3058,27,4305.141766
3058,28,4298.025059
3059,26,4307.094357
3059,27,4305.141766
3059,28,4298.025059
3060,26,4307.094357
3060,27,4305.141766
3060,28,4298.025059
3061,26,4307.094357
3061,27,4305.141766
3061,28,4298.025059
3062,26,4307.094357
3062,27,4305.141766
3062,28,4298.025059
3063,26,4307.094357
3063,27,4305.141766
3063,28,4298.025059
3064,26,4307.094357
3064,27,4305.141766
3064,28,4298.025059
3065,26,4307.094357
3065,27,4305.141766
3065,28,4298.025059
3066,26,4307.094357
3066,27,4305.141766
3066,28,4298.025059
3067,26,4307.094357
3067,27,4305.141766
3067,28,4298.025059
3068,26,4307.094357
3068,27,4305.141766
3068,28,4298.025059
3069,26,4307.094357
3069,27,4305.141766
3069,28,4298.025059
3070,26,4307.094357
3070,27,4305.141766
3070,28,4298.025059
3071,26,4307.094357
3071,27,4305.141766
3071,28,4298.025059
3072,26,4307.094357
3072,27,4305.141766
3072,28,4298.025059
3073,26,4307.094357
3073,27,4305.141766
3073,28,4298.025059
3074,26,4307.094357
3074,27,4305.141766
3074,28,4298.025059
3075,26,4307.094357
3075,27,4305.141766
3075,28,4298.025059
3076,26,4307.094357
3076,27,4305.141766
3076,28,4298.025059
3077,26,4307.094357
3077,27,4305.141766
3077,28,4298.025059
3078,26,4307.094357
3078,27,4305.141766
3078,28,4298.025059
3079,26,4307.094357
3079,27,4305.141766
3079,28,4298.025059
3080,26,4307.094357
3080,27,4305.141766
3080,28,4298.025059
3081,26,4307.094357
3081,27,4305.141766
3081,28,4298.025059
3082,26,4307.094357
3082,27,4305.141766
3082,28,4298.025059
3083,26,4307.094357
3083,27,4305.141766
3083,28,4298.025059
3084,26,4307.094357
3084,27,4305.141766
3084,28,4298.025059
3085,26,4307.094357
3085,27,4305.141766
3085,28,4298.025059
3086,26,4307.094357
3086,27,4305.141766
3086,28,4298.025059
3087,26,4307.094357
3087,27,4305.141766
3087,28,4298.025059
3088,26,4307.094357
3088,27,4305.141766
3088,28,4298.025059
3089,26,4307.094357
3089,27,4305.141766
3089,28,4298.025059
3090,26,4307.094357
3090,27,4305.141766
3090,28,4298.025059
3091,26,4307.094357
3091,27,4305.141766
3091,28,4298.025059
3092,26,4307.094357
3092,27,4305.141766
3092,28,4298.025059
3093,26,4307.094357
3093,27,4305.141766
3093,28,4298.025059
3094,26,4307.094357
3094,27,4305.141766
3094,28,4298.025059
3095,26,4307.094357
3095,27,4305.141766
3095,28,4298.025059
3096,26,4307.094357
3096,27,4305.141766
3096,28,4298.025059
3097,26,4307.094357
3097,27,4305.141766
3097,28,4298.025059
3098,26,4307.094357
3098,27,4305.141766
3098,28,4298.025059
3099,26,4307.094357
3099,27,4305.141766
3099,28,4298.025059
3100,26,4307.094357
3100,27,4305.141766
3100,28,4298.025059
3101,26,4307.094357
3101,27,4305.141766
3101,28,4298.025059
3102,26,4307.094357
3102,27,4305.141766
3102,28,4298.025059
3103,26,4307.094357
3103,27,4305.141766
3103,28,4298.025059
3104,26,4307.094357
3104,27,4305.141766
3104,28,4298.025059
3105,26,4307.094357
3105,27,4305.141766
3105,28,4298.025059
3106,26,4307.094357
3106,27,4305.141766
3106,28,4298.025059
3107,26,4307.094357
3107,27,4305.141766
3107,28,4298.025059
3108,26,4307.094357
3108,27,4305.141766
3108,28,4298.025059
3109,26,4307.094357
3109,27,4305.141766
3109,28,4298.025059
3110,26,4307.094357
3110,27,4305.141766
3110,28,4298.025059
3111,26,4307.094357
3111,27,4305.141766
3111,28,4298.025059
3112,26,4307.094357
3112,27,4305.141766
3112,28,4298.025059
3113,26,4307.094357
3113,27,4305.141766
3113,28,4298.025059
3114,26,4307.094357
3114,27,4305.141766
3114,28,4298.025059
3115,26,4307.094357
3115,27,4305.141766
3115,28,4298.025059
3116,26,4307.094357
3116,27,4305.141766
3116,28,4298.025059
3117,26,4307.094357
3117,27,4305.141766
3117,28,4298.025059
3118,26,4307.094357
3118,27,4305.141766
3118,28,4298.025059
3119,26,4307.094357
3119,27,4305.141766
3119,28,4298.025059
3120,26,4307.094357
3120,27,4305.141766
3120,28,4298.025059
3121,26,4307.094357
3121,27,4305.141766
3121,28,4298.025059
3122,26,4307.094357
3122,27,4305.141766
3122,28,4298.025059
3123,26,4307.094357
3123,27,4305.141766
3123,28,4298.025059
3124,26,4307.094357
3124,27,4305.141766
3124,28,4298.025059
3125,26,4307.094357
3125,27,4305.141766
3125,28,4298.025059
3126,26,4307.094357
3126,27,4305.141766
3126,28,4298.025059
3127,26,4307.094357
3127,27,4305.141766
3127,28,4298.025059
3128,26,4307.094357
3128,27,4305.141766
3128,28,4298.025059
3129,26,4307.094357
3129,27,4305.141766
3129,28,4298.025059
3130,26,4307.094357
3130,27,4305.141766
3130,28,4298.025059
3131,26,4307.094357
3131,27,4305.141766
3131,28,4298.025059
3132,26,4307.094357
3132,27,4305.141766
3132,28,4298.025059
3133,26,4307.094357
3133,27,4305.141766
3133,28,4298.025059
3134,26,4307.094357
3134,27,4305.141766
3134,28,4298.025059
3135,26,4307.094357
3135,27,4305.141766
3135,28,4298.025059
3136,26,4307.094357
3136,27,4305.141766
3136,28,4298.025059
3137,26,4307.094357
3137,27,4305.141766
3137,28,4298.025059
3138,26,4307.094357
3138,27,4305.141766
3138,28,4298.025059
3139,26,4307.094357
3139,27,4305.141766
3139,28,4298.025059
3140,26,4307.094357
3140,27,4305.141766
3140,28,4298.025059
3141,26,4307.094357
3141,27,4305.141766
3141,28,4298.025059
3142,26,4307.094357
3142,27,4305.141766
3142,28,4298.025059
3143,26,4307.094357
3143,27,4305.141766
3143,28,4298.025059
3144,26,4307.094357
3144,27,4305.141766
3144,28,4298.025059
3145,26,4307.094357
3145,27,4305.141766
3145,28,4298.025059
3146,26,4307.094357
3146,27,4305.141766
3146,28,4298.025059
3147,26,4307.094357
3147,27,4305.141766
3147,28,4298.025059
3148,26,4307.094357
3148,27,4305.141766
3148,28,4298.025059
3149,26,4307.094357
3149,27,4305.141766
3149,28,4298.025059
3150,26,4307.094357
3150,27,4305.141766
3150,28,4298.025059
3151,26,4307.094357
3151,27,4305.141766
3151,28,4298.025059
3152,26,4307.094357
3152,27,4305.141766
3152,28,4298.025059
3153,26,4307.094357
3153,27,4305.141766
3153,28,4298.025059
3154,26,4307.094357
3154,27,4305.141766
3154,28,4298.025059
3155,26,4307.094357
3155,27,4305.141766
3155,28,4298.025059
3156,26,4307.094357
3156,27,4305.141766
3156,28,4298.025059
3157,26,4307.094357
3157,27,4305.141766
3157,28,4298.025059
3158,26,4307.094357
3158,27,4305.141766
3158,28,4298.025059
3159,26,4307.094357
3159,27,4305.141766
3159,28,4298.025059
3160,26,4307.094357
3160,27,4305.141766
3160,28,4298.025059
3161,26,4307.094357
3161,27,4305.141766
3161,28,4298.025059
3162,26,4307.094357
3162,27,4305.141766
3162,28,4298.025059
3163,26,4307.094357
3163,27,4305.141766
3163,28,4298.025059
3164,26,4307.094357
3164,27,4305.141766
3164,28,4298.025059
3165,26,4307.094357
3165,27,4305.141766
3165,28,4298.025059
3166,26,4307.094357
3166,27,4305.141766
3166,28,4298.025059
3167,26,4307.094357
3167,27,4305.141766
3167,28,4298.025059
3168,26,4307.094357
3168,27,4305.141766
3168,28,4298.025059
3169,26,4307.094357
3169,27,4305.141766
3169,28,4298.025059
3170,26,4307.094357
3170,27,4305.141766
3170,28,4298.025059
3171,26,4307.094357
3171,27,4305.141766
3171,28,4298.025059
3172,26,4307.094357
3172,27,4305.141766
3172,28,4298.025059
3173,26,4307.094357
3173,27,4305.141766
3173,28,4298.025059
3174,26,4307.094357
3174,27,4305.141766
3174,28,4298.025059
3175,26,4307.094357
3175,27,4305.141766
3175,28,4298.025059
3176,26,4307.094357
3176,27,4305.141766
3176,28,4298.025059
3177,26,4307.094357
3177,27,4305.141766
3177,28,4298.025059
3178,26,4307.094357
3178,27,4305.141766
3178,28,4298.025059
3179,26,4307.094357
3179,27,4305.141766
3179,28,4298.025059
3180,26,4307.094357
3180,27,4305.141766
3180,28,4298.025059
3181,26,4307.094357
3181,27,4305.141766
3181,28,4298.025059
3182,26,4307.094357
3182,27,4305.141766
3182,28,4298.025059
3183,26,4307.094357
3183,27,4305.141766
3183,28,4298.025059
3184,26,4307.094357
3184,27,4305.141766
3184,28,4298.025059
3185,26,4307.094357
3185,27,4305.141766
3185,28,4298.025059
3186,26,4307.094357
3186,27,4305.141766
3186,28,4298.025059
3187,26,4307.094357
3187,27,4305.141766
3187,28,4298.025059
3188,26,4307.094357
3188,27,4305.141766
3188,28,4298.025059
3189,26,4307.094357
3189,27,4305.141766
3189,28,4298.025059
3190,26,4307.094357
3190,27,4305.141766
3190,28,4298.025059
3191,26,4307.094357
3191,27,4305.141766
3191,28,4298.025059
3192,26,4307.094357
3192,27,4305.141766
3192,28,4298.025059
3193,26,4307.094357
3193,27,4305.141766
3193,28,4298.025059
3194,26,4307.094357
3194,27,4305.141766
3194,28,4298.025059
3195,26,4307.094357
3195,27,4305.141766
3195,28,4298.025059
3196,26,4307.094357
3196,27,4305.141766
3196,28,4298.025059
3197,26,4307.094357
3197,27,4305.141766
3197,28,4298.025059
3198,26,4307.094357
3198,27,4305.141766
3198,28,4298.025059
3199,26,4307.094357
3199,27,4305.141766
3199,28,4298.025059
3200,26,4307.094357
3200,27,4305.141766
3200,28,4298.025059
3201,26,4307.094357
3201,27,4305.141766
3201,28,4298.025059
3202,26,4307.094357
3202,27,4305.141766
3202,28,4298.025059
3203,26,4307.094357
3203,27,4305.141766
3203,28,4298.025059
3204,26,4307.094357
3204,27,4305.141766
3204,28,4298.025059
3205,26,4307.094357
3205,27,4305.141766
3205,28,4298.025059
3206,26,4307.094357
3206,27,4305.141766
3206,28,4298.025059
3207,26,4307.094357
3207,27,4305.141766
3207,28,4298.025059
3208,26,4307.094357
3208,27,4305.141766
3208,28,4298.025059
3209,26,4307.094357
3209,27,4305.141766
3209,28,4298.025059
3210,26,4307.094357
3210,27,4305.141766
3210,28,4298.025059
3211,26,4307.094357
3211,27,4305.141766
3211,28,4298.025059
3212,26,4307.094357
3212,27,4305.141766
3212,28,4298.025059
3213,26,4307.094357
3213,27,4305.141766
3213,28,4298.025059
3214,26,4307.094357
3214,27,4305.141766
3214,28,4298.025059
3215,26,4307.094357
3215,27,4305.141766
3215,28,4298.025059
3216,26,4307.094357
3216,27,4305.141766
3216,28,4298.025059
3217,26,4307.094357
3217,27,4305.141766
3217,28,4298.025059
3218,26,4307.094357
3218,27,4305.141766
3218,28,4298.025059
3219,26,4307.094357
3219,27,4305.141766
3219,28,4298.025059
3220,26,4307.094357
3220,27,4305.141766
3220,28,4298.025059
3221,26,4307.094357
3221,27,4305.141766
3221,28,4298.025059
3222,26,4307.094357
3222,27,4305.141766
3222,28,4298.025059
3223,26,4307.094357
3223,27,4305.141766
3223,28,4298.025059
3224,26,4307.094357
3224,27,4305.141766
3224,28,4298.025059
3225,26,4307.094357
3225,27,4305.141766
3225,28,4298.025059
3226,26,4307.094357
3226,27,4305.141766
3226,28,4298.025059
3227,26,4307.094357
3227,27,4305.141766
3227,28,4298.025059
3228,26,4307.094357
3228,27,4305.141766
3228,28,4298.025059
3229,26,4307.094357
3229,27,4305.141766
3229,28,4298.025059
3230,26,4307.094357
3230,27,4305.141766
3230,28,4298.025059
3231,26,4307.094357
3231,27,4305.141766
3231,28,4298.025059
3232,26,4307.094357
3232,27,4305.141766
3232,28,4298.025059
3233,26,4307.094357
3233,27,4305.141766
3233,28,4298.025059
3234,26,4307.094357
3234,27,4305.141766
3234,28,4298.025059
3235,26,4307.094357
3235,27,4305.141766
3235,28,4298.025059
3236,26,4307.094357
3236,27,4305.141766
3236,28,4298.025059
3237,26,4307.094357
3237,27,4305.141766
3237,28,4298.025059
3238,26,4307.094357
3238,27,4305.141766
3238,28,4298.025059
3239,26,4307.094357
3239,27,4305.141766
3239,28,4298.025059
3240,26,4307.094357
3240,27,4305.141766
3240,28,4298.025059
3241,26,4307.094357
3241,27,4305.141766
3241,28,4298.025059
3242,26,4307.094357
3242,27,4305.141766
3242,28,4298.025059
3243,26,4307.094357
3243,27,4305.141766
3243,28,4298.025059
3244,26,4307.094357
3244,27,4305.141766
3244,28,4298.025059
3245,26,4307.094357
3245,27,4305.141766
3245,28,4298.025059
3246,26,4307.094357
3246,27,4305.141766
3246,28,4298.025059
3247,26,4307.094357
3247,27,4305.141766
3247,28,4298.025059
3248,26,4307.094357
3248,27,4305.141766
3248,28,4298.025059
3249,26,4307.094357
3249,27,4305.141766
3249,28,4298.025059
3250,26,4307.094357
3250,27,4305.141766
3250,28,4298.025059
3251,26,4307.094357
3251,27,4305.141766
3251,28,4298.025059
3252,26,4307.094357
3252,27,4305.141766
3252,28,4298.025059
3253,26,4307.094357
3253,27,4305.141766
3253,28,4298.025059
3254,26,4307.094357
3254,27,4305.141766
3254,28,4298.025059
3255,26,4307.094357
3255,27,4305.141766
3255,28,4298.025059
3256,26,4307.094357
3256,27,4305.141766
3256,28,4298.025059
3257,26,4307.094357
3257,27,4305.141766
3257,28,4298.025059
3258,26,4307.094357
3258,27,4305.141766
3258,28,4298.025059
3259,26,4307.094357
3259,27,4305.141766
3259,28,4298.025059
3260,26,4307.094357
3260,27,4305.141766
3260,28,4298.025059
3261,26,4307.094357
3261,27,4305.141766
3261,28,4298.025059
3262,26,4307.094357
3262,27,4305.141766
3262,28,4298.025059
3263,26,4307.094357
3263,27,4305.141766
3263,28,4298.025059
3264,26,4307.094357
3264,27,4305.141766
3264,28,4298.025059
3265,26,4307.094357
3265,27,4305.141766
3265,28,4298.025059
3266,26,4307.094357
3266,27,4305.141766
3266,28,4298.025059
3267,26,4307.094357
3267,27,4305.141766
3267,28,4298.025059
3268,26,4307.094357
3268,27,4305.141766
3268,28,4298.025059
3269,26,4307.094357
3269,27,4305.141766
3269,28,4298.025059
3270,26,4307.094357
3270,27,4305.141766
3270,28,4298.025059
3271,26,4307.094357
3271,27,4305.141766
3271,28,4298.025059
3272,26,4307.094357
3272,27,4305.141766
3272,28,4298.025059
3273,26,4307.094357
3273,27,4305.141766
3273,28,4298.025059
3274,26,4307.094357
3274,27,4305.141766
3274,28,4298.025059
3275,26,4307.094357
3275,27,4305.141766
3275,28,4298.025059
3276,26,4307.094357
3276,27,4305.141766
3276,28,4298.025059
3277,26,4307.094357
3277,27,4305.141766
3277,28,4298.025059
3278,26,4307.094357
3278,27,4305.141766
3278,28,4298.025059
3279,26,4307.094357
3279,27,4305.141766
3279,28,4298.025059
3280,26,4307.094357
3280,27,4305.141766
3280,28,4298.025059
3281,26,4307.094357
3281,27,4305.141766
3281,28,4298.025059
3282,26,4307.094357
3282,27,4305.141766
3282,28,4298.025059
3283,26,4307.094357
3283,27,4305.141766
3283,28,4298.025059
3284,26,4307.094357
3284,27,4305.141766
3284,28,4298.025059
3285,26,4307.094357
3285,27,4305.141766
3285,28,4298.025059
3286,26,4307.094357
3286,27,4305.141766
3286,28,4298.025059
3287,26,4307.094357
3287,27,4305.141766
3287,28,4298.025059
3288,26,4307.094357
3288,27,4305.141766
3288,28,4298.025059
3289,26,4307.094357
3289,27,4305.141766
3289,28,4298.025059
3290,26,4307.094357
3290,27,4305.141766
3290,28,4298.025059
3291,26,4307.094357
3291,27,4305.141766
3291,28,4298.025059
3292,26,4307.094357
3292,27,4305.141766
3292,28,4298.025059
3293,26,4307.094357
3293,27,4305.141766
3293,28,4298.025059
3294,26,4307.094357
3294,27,4305.141766
3294,28,4298.025059
3295,26,4307.094357
3295,27,4305.141766
3295,28,4298.025059
3296,26,4307.094357
3296,27,4305.141766
3296,28,4298.025059
3297,26,4307.094357
3297,27,4305.141766
3297,28,4298.025059
3298,26,4307.094357
3298,27,4305.141766
3298,28,4298.025059
3299,26,4307.094357
3299,27,4305.141766
3299,28,4298.025059
3300,26,4307.094357
3300,27,4305.141766
3300,28,4298.025059
3301,26,4307.094357
3301,27,4305.141766
3301,28,4298.025059
3302,26,4307.094357
3302,27,4305.141766
3302,28,4298.025059
3303,26,4307.094357
3303,27,4305.141766
3303,28,4298.025059
3304,26,4307.094357
3304,27,4305.141766
3304,28,4298.025059
3305,26,4307.094357
3305,27,4305.141766
3305,28,4298.025059
3306,26,4307.094357
3306,27,4305.141766
3306,28,4298.025059
3307,26,4307.094357
3307,27,4305.141766
3307,28,4298.025059
3308,26,4307.094357
3308,27,4305.141766
3308,28,4298.025059
3309,26,4307.094357
3309,27,4305.141766
3309,28,4298.025059
3310,26,4307.094357
3310,27,4305.141766
3310,28,4298.025059
3311,26,4307.094357
3311,27,4305.141766
3311,28,4298.025059
3312,26,4307.094357
3312,27,4305.141766
3312,28,4298.025059
3313,26,4307.094357
3313,27,4305.141766
3313,28,4298.025059
3314,26,4307.094357
3314,27,4305.141766
3314,28,4298.025059
3315,26,4307.094357
3315,27,4305.141766
3315,28,4298.025059
3316,26,4307.094357
3316,27,4305.141766
3316,28,4298.025059
3317,26,4307.094357
3317,27,4305.141766
3317,28,4298.025059
3318,26,4307.094357
3318,27,4305.141766
3318,28,4298.025059
3319,26,4307.094357
3319,27,4305.141766
3319,28,4298.025059
3320,26,4307.094357
3320,27,4305.141766
3320,28,4298.025059
3321,26,4307.094357
3321,27,4305.141766
3321,28,4298.025059
3322,26,4307.094357
3322,27,4305.141766
3322,28,4298.025059
3323,26,4307.094357
3323,27,4305.141766
3323,28,4298.025059
3324,26,4307.094357
3324,27,4305.141766
3324,28,4298.025059
3325,26,4307.094357
3325,27,4305.141766
3325,28,4298.025059
3326,26,4307.094357
3326,27,4305.141766
3326,28,4298.025059
3327,26,4307.094357
3327,27,4305.141766
3327,28,4298.025059
3328,26,4307.094357
3328,27,4305.141766
3328,28,4298.025059
3329,26,4307.094357
3329,27,4305.141766
3329,28,4298.025059
3330,26,4307.094357
3330,27,4305.141766
3330,28,4298.025059
3331,26,4307.094357
3331,27,4305.141766
3331,28,4298.025059
3332,26,4307.094357
3332,27,4305.141766
3332,28,4298.025059
3333,26,4307.094357
3333,27,4305.141766
3333,28,4298.025059
3334,26,4307.094357
3334,27,4305.141766
3334,28,4298.025059
3335,26,4307.094357
3335,27,4305.141766
3335,28,4298.025059
3336,26,4307.094357
3336,27,4305.141766
3336,28,4298.025059
3337,26,4307.094357
3337,27,4305.141766
3337,28,4298.025059
3338,26,4307.094357
3338,27,4305.141766
3338,28,4298.025059
3339,26,4307.094357
3339,27,4305.141766
3339,28,4298.025059
3340,26,4307.094357
3340,27,4305.141766
3340,28,4298.025059
3341,26,4307.094357
3341,27,4305.141766
3341,28,4298.025059
3342,26,4307.094357
3342,27,4305.141766
3342,28,4298.025059
3343,26,4307.094357
3343,27,4305.141766
3343,28,4298.025059
3344,26,4307.094357
3344,27,4305.141766
3344,28,4298.025059
3345,26,4307.094357
3345,27,4305.141766
3345,28,4298.025059
3346,26,4307.094357
3346,27,4305.141766
3346,28,4298.025059
3347,26,4307.094357
3347,27,4305.141766
3347,28,4298.025059
3348,26,4307.094357
3348,27,4305.141766
3348,28,4298.025059
3349,26,4307.094357
3349,27,4305.141766
3349,28,4298.025059
3350,26,4307.094357
3350,27,4305.141766
3350,28,4298.025059
3351,26,4307.094357
3351,27,4305.141766
3351,28,4298.025059
3352,26,4307.094357
3352,27,4305.141766
3352,28,4298.025059
3353,26,4307.094357
3353,27,4305.141766
3353,28,4298.025059
3354,26,4307.094357
3354,27,4305.141766
3354,28,4298.025059
3355,26,4307.094357
3355,27,4305.141766
3355,28,4298.025059
3356,26,4307.094357
3356,27,4305.141766
3356,28,4298.025059
3357,26,4307.094357
3357,27,4305.141766
3357,28,4298.025059
3358,26,4307.094357
3358,27,4305.141766
3358,28,4298.025059
3359,26,4307.094357
3359,27,4305.141766
3359,28,4298.025059
3360,26,4307.094357
3360,27,4305.141766
3360,28,4298.025059
3361,26,4307.094357
3361,27,4305.141766
3361,28,4298.025059
3362,26,4307.094357
3362,27,4305.141766
3362,28,4298.025059
3363,26,4307.094357
3363,27,4305.141766
3363,28,4298.025059
3364,26,4307.094357
3364,27,4305.141766
3364,28,4298.025059
3365,26,4307.094357
3365,27,4305.141766
3365,28,4298.025059
3366,26,4307.094357
3366,27,4305.141766
3366,28,4298.025059
3367,26,4307.094357
3367,27,4305.141766
3367,28,4298.025059
3368,26,4307.094357
3368,27,4305.141766
3368,28,4298.025059
3369,26,4307.094357
3369,27,4305.141766
3369,28,4298.025059
3370,26,4307.094357
3370,27,4305.141766
3370,28,4298.025059
3371,26,4307.094357
3371,27,4305.141766
3371,28,4298.025059
3372,26,4307.094357
3372,27,4305.141766
3372,28,4298.025059
3373,26,4307.094357
3373,27,4305.141766
3373,28,4298.025059
3374,26,4307.094357
3374,27,4305.141766
3374,28,4298.025059
3375,26,4307.094357
3375,27,4305.141766
3375,28,4298.025059
3376,26,4307.094357
3376,27,4305.141766
3376,28,4298.025059
3377,26,4307.094357
3377,27,4305.141766
3377,28,4298.025059
3378,26,4307.094357
3378,27,4305.141766
3378,28,4298.025059
3379,26,4307.094357
3379,27,4305.141766
3379,28,4298.025059
3380,26,4307.094357
3380,27,4305.141766
3380,28,4298.025059
3381,26,4307.094357
3381,27,4305.141766
3381,28,4298.025059
3382,26,4307.094357
3382,27,4305.141766
3382,28,4298.025059
3383,26,4307.094357
3383,27,4305.141766
3383,28,4298.025059
3384,26,4307.094357
3384,27,4305.141766
3384,28,4298.025059
3385,26,4307.094357
3385,27,4305.141766
3385,28,4298.025059
3386,26,4307.094357
3386,27,4305.141766
3386,28,4298.025059
3387,26,4307.094357
3387,27,4305.141766
3387,28,4298.025059
3388,26,4307.094357
3388,27,4305.141766
3388,28,4298.025059
3389,26,4307.094357
3389,27,4305.141766
3389,28,4298.025059
3390,26,4307.094357
3390,27,4305.141766
3390,28,4298.025059
3391,26,4307.094357
3391,27,4305.141766
3391,28,4298.025059
3392,26,4307.094357
3392,27,4305.141766
3392,28,4298.025059
3393,26,4307.094357
3393,27,4305.141766
3393,28,4298.025059
3394,26,4307.094357
3394,27,4305.141766
3394,28,4298.025059
3395,26,4307.094357
3395,27,4305.141766
3395,28,4298.025059
3396,26,4307.094357
3396,27,4305.141766
3396,28,4298.025059
3397,26,4307.094357
3397,27,4305.141766
3397,28,4298.025059
3398,26,4307.094357
3398,27,4305.141766
3398,28,4298.025059
3399,26,4307.094357
3399,27,4305.141766
3399,28,4298.025059
3400,26,4307.094357
3400,27,4305.141766
3400,28,4298.025059
3401,26,4307.094357
3401,27,4305.141766
3401,28,4298.025059
3402,26,4307.094357
3402,27,4305.141766
3402,28,4298.025059
3403,26,4307.094357
3403,27,4305.141766
3403,28,4298.025059
3404,26,4307.094357
3404,27,4305.141766
3404,28,4298.025059
3405,26,4307.094357
3405,27,4305.141766
3405,28,4298.025059
3406,26,4307.094357
3406,27,4305.141766
3406,28,4298.025059
3407,26,4307.094357
3407,27,4305.141766
3407,28,4298.025059
3408,26,4307.094357
3408,27,4305.141766
3408,28,4298.025059
3409,26,4307.094357
3409,27,4305.141766
3409,28,4298.025059
3410,26,4307.094357
3410,27,4305.141766
3410,28,4298.025059
3411,26,4307.094357
3411,27,4305.141766
3411,28,4298.025059
3412,26,4307.094357
3412,27,4305.141766
3412,28,4298.025059
3413,26,4307.094357
3413,27,4305.141766
3413,28,4298.025059
3414,26,4307.094357
3414,27,4305.141766
3414,28,4298.025059
3415,26,4307.094357
3415,27,4305.141766
3415,28,4298.025059
3416,26,4307.094357
3416,27,4305.141766
3416,28,4298.025059
3417,26,4307.094357
3417,27,4305.141766
3417,28,4298.025059
3418,26,4307.094357
3418,27,4305.141766
3418,28,4298.025059
3419,26,4307.094357
3419,27,4305.141766
3419,28,4298.025059
3420,26,4307.094357
3420,27,4305.141766
3420,28,4298.025059
3421,26,4307.094357
3421,27,4305.141766
3421,28,4298.025059
3422,26,4307.094357
3422,27,4305.141766
3422,28,4298.025059
3423,26,4307.094357
3423,27,4305.141766
3423,28,4298.025059
3424,26,4307.094357
3424,27,4305.141766
3424,28,4298.025059
3425,26,4307.094357
3425,27,4305.141766
3425,28,4298.025059
3426,26,4307.094357
3426,27,4305.141766
3426,28,4298.025059
3427,26,4307.094357
3427,27,4305.141766
3427,28,4298.025059
3428,26,4307.094357
3428,27,4305.141766
3428,28,4298.025059
3429,26,4307.094357
3429,27,4305.141766
3429,28,4298.025059
3430,26,4307.094357
3430,27,4305.141766
3430,28,4298.025059
3431,26,4307.094357
3431,27,4305.141766
3431,28,4298.025059
3432,26,4307.094357
3432,27,4305.141766
3432,28,4298.025059
3433,26,4307.094357
3433,27,4305.141766
3433,28,4298.025059
3434,26,4307.094357
3434,27,4305.141766
3434,28,4298.025059
3435,26,4307.094357
3435,27,4305.141766
3435,28,4298.025059
3436,26,4307.094357
3436,27,4305.141766
3436,28,4298.025059
3437,26,4307.094357
3437,27,4305.141766
3437,28,4298.025059
3438,26,4307.094357
3438,27,4305.141766
3438,28,4298.025059
3439,26,4307.094357
3439,27,4305.141766
3439,28,4298.025059
3440,26,4307.094357
3440,27,4305.141766
3440,28,4298.025059
3441,26,4307.094357
3441,27,4305.141766
3441,28,4298.025059
3442,26,4307.094357
3442,27,4305.141766
3442,28,4298.025059
3443,26,4307.094357
3443,27,4305.141766
3443,28,4298.025059
3444,26,4307.094357
3444,27,4305.141766
3444,28,4298.025059
3445,26,4307.094357
3445,27,4305.141766
3445,28,4298.025059
3446,26,4307.094357
3446,27,4305.141766
3446,28,4298.025059
3447,26,4307.094357
3447,27,4305.141766
3447,28,4298.025059
3448,26,4307.094357
3448,27,4305.141766
3448,28,4298.025059
3449,26,4307.094357
3449,27,4305.141766
3449,28,4298.025059
3450,26,4307.094357
3450,27,4305.141766
3450,28,4298.025059
3451,26,4307.094357
3451,27,4305.141766
3451,28,4298.025059
3452,26,4307.094357
3452,27,4305.141766
3452,28,4298.025059
3453,26,4307.094357
3453,27,4305.141766
3453,28,4298.025059
3454,26,4307.094357
3454,27,4305.141766
3454,28,4298.025059
3455,26,4307.094357
3455,27,4305.141766
3455,28,4298.025059
3456,26,4307.094357
3456,27,4305.141766
3456,28,4298.025059
3457,26,4307.094357
3457,27,4305.141766
3457,28,4298.025059
3458,26,4307.094357
3458,27,4305.141766
3458,28,4298.025059
3459,26,4307.094357
3459,27,4305.141766
3459,28,4298.025059
3460,26,4307.094357
3460,27,4305.141766
3460,28,4298.025059
3461,26,4307.094357
3461,27,4305.141766
3461,28,4298.025059
3462,26,4307.094357
3462,27,4305.141766
3462,28,4298.025059
3463,26,4307.094357
3463,27,4305.141766
3463,28,4298.025059
3464,26,4307.094357
3464,27,4305.141766
3464,28,4298.025059
3465,26,4307.094357
3465,27,4305.141766
3465,28,4298.025059
3466,26,4307.094357
3466,27,4305.141766
3466,28,4298.025059
3467,26,4307.094357
3467,27,4305.141766
3467,28,4298.025059
3468,26,4307.094357
3468,27,4305.141766
3468,28,4298.025059
3469,26,4307.094357
3469,27,4305.141766
3469,28,4298.025059
3470,26,4307.094357
3470,27,4305.141766
3470,28,4298.025059
3471,26,4307.094357
3471,27,4305.141766
3471,28,4298.025059
3472,26,4307.094357
3472,27,4305.141766
3472,28,4298.025059
3473,26,4307.094357
3473,27,4305.141766
3473,28,4298.025059
3474,26,4307.094357
3474,27,4305.141766
3474,28,4298.025059
3475,26,4307.094357
3475,27,4305.141766
3475,28,4298.025059
3476,26,4307.094357
3476,27,4305.141766
3476,28,4298.025059
3477,26,4307.094357
3477,27,4305.141766
3477,28,4298.025059
3478,26,4307.094357
3478,27,4305.141766
3478,28,4298.025059
3479,26,4307.094357
3479,27,4305.141766
3479,28,4298.025059
3480,26,4307.094357
3480,27,4305.141766
3480,28,4298.025059
3481,26,4307.094357
3481,27,4305.141766
3481,28,4298.025059
3482,26,4307.094357
3482,27,4305.141766
3482,28,4298.025059
3483,26,4307.094357
3483,27,4305.141766
3483,28,4298.025059
3484,26,4307.094357
3484,27,4305.141766
3484,28,4298.025059
3485,26,4307.094357
3485,27,4305.141766
3485,28,4298.025059
3486,26,4307.094357
3486,27,4305.141766
3486,28,4298.025059
3487,26,4307.094357
3487,27,4305.141766
3487,28,4298.025059
3488,26,4307.094357
3488,27,4305.141766
3488,28,4298.025059
3489,26,4307.094357
3489,27,4305.141766
3489,28,4298.025059
3490,26,4307.094357
3490,27,4305.141766
3490,28,4298.025059
3491,26,4307.094357
3491,27,4305.141766
3491,28,4298.025059
3492,26,4307.094357
3492,27,4305.141766
3492,28,4298.025059
3493,26,4307.094357
3493,27,4305.141766
3493,28,4298.025059
3494,26,4307.094357
3494,27,4305.141766
3494,28,4298.025059
3495,26,4307.094357
3495,27,4305.141766
3495,28,4298.025059
3496,26,4307.094357
3496,27,4305.141766
3496,28,4298.025059
3497,26,4307.094357
3497,27,4305.141766
3497,28,4298.025059
3498,26,4307.094357
3498,27,4305.141766
3498,28,4298.025059
3499,26,4307.094357
3499,27,4305.141766
3499,28,4298.025059
3500,26,4307.094357
3500,27,4305.141766
3500,28,4298.025059
3501,26,4307.094357
3501,27,4305.141766
3501,28,4298.025059
3502,26,4307.094357
3502,27,4305.141766
3502,28,4298.025059
3503,26,4307.094357
3503,27,4305.141766
3503,28,4298.025059
3504,26,4307.094357
3504,27,4305.141766
3504,28,4298.025059
3505,26,4307.094357
3505,27,4305.141766
3505,28,4298.025059
3506,26,4307.094357
3506,27,4305.141766
3506,28,4298.025059
3507,26,4307.094357
3507,27,4305.141766
3507,28,4298.025059
3508,26,4307.094357
3508,27,4305.141766
3508,28,4298.025059
3509,26,4307.094357
3509,27,4305.141766
3509,28,4298.025059
3510,26,4307.094357
3510,27,4305.141766
3510,28,4298.025059
3511,26,4307.094357
3511,27,4305.141766
3511,28,4298.025059
3512,26,4307.094357
3512,27,4305.141766
3512,28,4298.025059
3513,26,4307.094357
3513,27,4305.141766
3513,28,4298.025059
3514,26,4307.094357
3514,27,4305.141766
3514,28,4298.025059
3515,26,4307.094357
3515,27,4305.141766
3515,28,4298.025059
3516,26,4307.094357
3516,27,4305.141766
3516,28,4298.025059
3517,26,4307.094357
3517,27,4305.141766
3517,28,4298.025059
3518,26,4307.094357
3518,27,4305.141766
3518,28,4298.025059
3519,26,4307.094357
3519,27,4305.141766
3519,28,4298.025059
3520,26,4307.094357
3520,27,4305.141766
3520,28,4298.025059
3521,26,4307.094357
3521,27,4305.141766
3521,28,4298.025059
3522,26,4307.094357
3522,27,4305.141766
3522,28,4298.025059
3523,26,4307.094357
3523,27,4305.141766
3523,28,4298.025059
3524,26,4307.094357
3524,27,4305.141766
3524,28,4298.025059
3525,26,4307.094357
3525,27,4305.141766
3525,28,4298.025059
3526,26,4307.094357
3526,27,4305.141766
3526,28,4298.025059
3527,26,4307.094357
3527,27,4305.141766
3527,28,4298.025059
3528,26,4307.094357
3528,27,4305.141766
3528,28,4298.025059
3529,26,4307.094357
3529,27,4305.141766
3529,28,4298.025059
3530,26,4307.094357
3530,27,4305.141766
3530,28,4298.025059
3531,26,4307.094357
3531,27,4305.141766
3531,28,4298.025059
3532,26,4307.094357
3532,27,4305.141766
3532,28,4298.025059
3533,26,4307.094357
3533,27,4305.141766
3533,28,4298.025059
3534,26,4307.094357
3534,27,4305.141766
3534,28,4298.025059
3535,26,4307.094357
3535,27,4305.141766
3535,28,4298.025059
3536,26,4307.094357
3536,27,4305.141766
3536,28,4298.025059
3537,26,4307.094357
3537,27,4305.141766
3537,28,4298.025059
3538,26,4307.094357
3538,27,4305.141766
3538,28,4298.025059
3539,26,4307.094357
3539,27,4305.141766
3539,28,4298.025059
3540,26,4307.094357
3540,27,4305.141766
3540,28,4298.025059
3541,26,4307.094357
3541,27,4305.141766
3541,28,4298.025059
3542,26,4307.094357
3542,27,4305.141766
3542,28,4298.025059
3543,26,4307.094357
3543,27,4305.141766
3543,28,4298.025059
3544,26,4307.094357
3544,27,4305.141766
3544,28,4298.025059
3545,26,4307.094357
3545,27,4305.141766
3545,28,4298.025059
3546,26,4307.094357
3546,27,4305.141766
3546,28,4298.025059
3547,26,4307.094357
3547,27,4305.141766
3547,28,4298.025059
3548,26,4307.094357
3548,27,4305.141766
3548,28,4298.025059
3549,26,4307.094357
3549,27,4305.141766
3549,28,4298.025059
3550,26,4307.094357
3550,27,4305.141766
3550,28,4298.025059
3551,26,4307.094357
3551,27,4305.141766
3551,28,4298.025059
3552,26,4307.094357
3552,27,4305.141766
3552,28,4298.025059
3553,26,4307.094357
3553,27,4305.141766
3553,28,4298.025059
3554,26,4307.094357
3554,27,4305.141766
3554,28,4298.025059
3555,26,4307.094357
3555,27,4305.141766
3555,28,4298.025059
3556,26,4307.094357
3556,27,4305.141766
3556,28,4298.025059
3557,26,4307.094357
3557,27,4305.141766
3557,28,4298.025059
3558,26,4307.094357
3558,27,4305.141766
3558,28,4298.025059
3559,26,4307.094357
3559,27,4305.141766
3559,28,4298.025059
3560,26,4307.094357
3560,27,4305.141766
3560,28,4298.025059
3561,26,4307.094357
3561,27,4305.141766
3561,28,4298.025059
3562,26,4307.094357
3562,27,4305.141766
3562,28,4298.025059
3563,26,4307.094357
3563,27,4305.141766
3563,28,4298.025059
3564,26,4307.094357
3564,27,4305.141766
3564,28,4298.025059
3565,26,4307.094357
3565,27,4305.141766
3565,28,4298.025059
3566,26,4307.094357
3566,27,4305.141766
3566,28,4298.025059
3567,26,4307.094357
3567,27,4305.141766
3567,28,4298.025059
3568,26,4307.094357
3568,27,4305.141766
3568,28,4298.025059
3569,26,4307.094357
3569,27,4305.141766
3569,28,4298.025059
3570,26,4307.094357
3570,27,4305.141766
3570,28,4298.025059
3571,26,4307.094357
3571,27,4305.141766
3571,28,4298.025059
3572,26,4307.094357
3572,27,4305.141766
3572,28,4298.025059
3573,26,4307.094357
3573,27,4305.141766
3573,28,4298.025059
3574,26,4307.094357
3574,27,4305.141766
3574,28,4298.025059
3575,26,4307.094357
3575,27,4305.141766
3575,28,4298.025059
3576,26,4307.094357
3576,27,4305.141766
3576,28,4298.025059
3577,26,4307.094357
3577,27,4305.141766
3577,28,4298.025059
3578,26,4307.094357
3578,27,4305.141766
3578,28,4298.025059
3579,26,4307.094357
3579,27,4305.141766
3579,28,4298.025059
3580,26,4307.094357
3580,27,4305.141766
3580,28,4298.025059
3581,26,4307.094357
3581,27,4305.141766
3581,28,4298.025059
3582,26,4307.094357
3582,27,4305.141766
3582,28,4298.025059
3583,26,4307.094357
3583,27,4305.141766
3583,28,4298.025059
3584,26,4307.094357
3584,27,4305.141766
3584,28,4298.025059
3585,26,4307.094357
3585,27,4305.141766
3585,28,4298.025059
3586,26,4307.094357
3586,27,4305.141766
3586,28,4298.025059
3587,26,4307.094357
3587,27,4305.141766
3587,28,4298.025059
3588,26,4307.094357
3588,27,4305.141766
3588,28,4298.025059
3589,26,4307.094357
3589,27,4305.141766
3589,28,4298.025059
3590,26,4307.094357
3590,27,4305.141766
3590,28,4298.025059
3591,26,4307.094357
3591,27,4305.141766
3591,28,4298.025059
3592,26,4307.094357
3592,27,4305.141766
3592,28,4298.025059
3593,26,4307.094357
3593,27,4305.141766
3593,28,4298.025059
3594,26,4307.094357
3594,27,4305.141766
3594,28,4298.025059
3595,26,4307.094357
3595,27,4305.141766
3595,28,4298.025059
3596,26,4307.094357
3596,27,4305.141766
3596,28,4298.025059
3597,26,4307.094357
3597,27,4305.141766
3597,28,4298.025059
3598,26,4307.094357
3598,27,4305.141766
3598,28,4298.025059
3599,26,4307.094357
3599,27,4305.141766
3599,28,4298.025059
3600,26,4307.094357
3600,27,4305.141766
3600,28,4298.025059
3601,26,4307.094357
3601,27,4305.141766
3601,28,4298.025059
3602,26,4307.094357
3602,27,4305.141766
3602,28,4298.025059
3603,26,4307.094357
3603,27,4305.141766
3603,28,4298.025059
3604,26,4307.094357
3604,27,4305.141766
3604,28,4298.025059
3605,26,4307.094357
3605,27,4305.141766
3605,28,4298.025059
3606,26,4307.094357
3606,27,4305.141766
3606,28,4298.025059
3607,26,4307.094357
3607,27,4305.141766
3607,28,4298.025059
3608,26,4307.094357
3608,27,4305.141766
3608,28,4298.025059
3609,26,4307.094357
3609,27,4305.141766
3609,28,4298.025059
3610,26,4307.094357
3610,27,4305.141766
3610,28,4298.025059
3611,26,4307.094357
3611,27,4305.141766
3611,28,4298.025059
3612,26,4307.094357
3612,27,4305.141766
3612,28,4298.025059
3613,26,4307.094357
3613,27,4305.141766
3613,28,4298.025059
3614,26,4307.094357
3614,27,4305.141766
3614,28,4298.025059
3615,26,4307.094357
3615,27,4305.141766
3615,28,4298.025059
3616,26,4307.094357
3616,27,4305.141766
3616,28,4298.025059
3617,26,4307.094357
3617,27,4305.141766
3617,28,4298.025059
3618,26,4307.094357
3618,27,4305.141766
3618,28,4298.025059
3619,26,4307.094357
3619,27,4305.141766
3619,28,4298.025059
3620,26,4307.094357
3620,27,4305.141766
3620,28,4298.025059
3621,26,4307.094357
3621,27,4305.141766
3621,28,4298.025059
3622,26,4307.094357
3622,27,4305.141766
3622,28,4298.025059
3623,26,4307.094357
3623,27,4305.141766
3623,28,4298.025059
3624,26,4307.094357
3624,27,4305.141766
3624,28,4298.025059
3625,26,4307.094357
3625,27,4305.141766
3625,28,4298.025059
3626,26,4307.094357
3626,27,4305.141766
3626,28,4298.025059
3627,26,4307.094357
3627,27,4305.141766
3627,28,4298.025059
3628,26,4307.094357
3628,27,4305.141766
3628,28,4298.025059
3629,26,4307.094357
3629,27,4305.141766
3629,28,4298.025059
3630,26,4307.094357
3630,27,4305.141766
3630,28,4298.025059
3631,26,4307.094357
3631,27,4305.141766
3631,28,4298.025059
3632,26,4307.094357
3632,27,4305.141766
3632,28,4298.025059
3633,26,4307.094357
3633,27,4305.141766
3633,28,4298.025059
3634,26,4307.094357
3634,27,4305.141766
3634,28,4298.025059
3635,26,4307.094357
3635,27,4305.141766
3635,28,4298.025059
3636,26,4307.094357
3636,27,4305.141766
3636,28,4298.025059
3637,26,4307.094357
3637,27,4305.141766
3637,28,4298.025059
3638,26,4307.094357
3638,27,4305.141766
3638,28,4298.025059
3639,26,4307.094357
3639,27,4305.141766
3639,28,4298.025059
3640,26,4307.094357
3640,27,4305.141766
3640,28,4298.025059
3641,26,4307.094357
3641,27,4305.141766
3641,28,4298.025059
3642,26,4307.094357
3642,27,4305.141766
3642,28,4298.025059
3643,26,4307.094357
3643,27,4305.141766
3643,28,4298.025059
3644,26,4307.094357
3644,27,4305.141766
3644,28,4298.025059
3645,26,4307.094357
3645,27,4305.141766
3645,28,4298.025059
3646,26,4307.094357
3646,27,4305.141766
3646,28,4298.025059
3647,26,4307.094357
3647,27,4305.141766
3647,28,4298.025059
3648,26,4307.094357
3648,27,4305.141766
3648,28,4298.025059
3649,26,4307.094357
3649,27,4305.141766
3649,28,4298.025059
3650,26,4307.094357
3650,27,4305.141766
3650,28,4298.025059
3651,26,4307.094357
3651,27,4305.141766
3651,28,4298.025059
3652,26,4307.094357
3652,27,4305.141766
3652,28,4298.025059
3653,26,4307.094357
3653,27,4305.141766
3653,28,4298.025059
3654,26,4307.094357
3654,27,4305.141766
3654,28,4298.025059
3655,26,4307.094357
3655,27,4305.141766
3655,28,4298.025059
3656,26,4307.094357
3656,27,4305.141766
3656,28,4298.025059
3657,26,4307.094357
3657,27,4305.141766
3657,28,4298.025059
3658,26,4307.094357
3658,27,4305.141766
3658,28,4298.025059
3659,26,4307.094357
3659,27,4305.141766
3659,28,4298.025059
3660,26,4307.094357
3660,27,4305.141766
3660,28,4298.025059
3661,26,4307.094357
3661,27,4305.141766
3661,28,4298.025059
3662,26,4307.094357
3662,27,4305.141766
3662,28,4298.025059
3663,26,4307.094357
3663,27,4305.141766
3663,28,4298.025059
3664,26,4307.094357
3664,27,4305.141766
3664,28,4298.025059
3665,26,4307.094357
3665,27,4305.141766
3665,28,4298.025059
3666,26,4307.094357
3666,27,4305.141766
3666,28,4298.025059
3667,26,4307.094357
3667,27,4305.141766
3667,28,4298.025059
3668,26,4307.094357
3668,27,4305.141766
3668,28,4298.025059
3669,26,4307.094357
3669,27,4305.141766
3669,28,4298.025059
3670,26,4307.094357
3670,27,4305.141766
3670,28,4298.025059
3671,26,4307.094357
3671,27,4305.141766
3671,28,4298.025059
3672,26,4307.094357
3672,27,4305.141766
3672,28,4298.025059
3673,26,4307.094357
3673,27,4305.141766
3673,28,4298.025059
3674,26,4307.094357
3674,27,4305.141766
3674,28,4298.025059
3675,26,4307.094357
3675,27,4305.141766
3675,28,4298.025059
3676,26,4307.094357
3676,27,4305.141766
3676,28,4298.025059
3677,26,4307.094357
3677,27,4305.141766
3677,28,4298.025059
3678,26,4307.094357
3678,27,4305.141766
3678,28,4298.025059
3679,26,4307.094357
3679,27,4305.141766
3679,28,4298.025059
3680,26,4307.094357
3680,27,4305.141766
3680,28,4298.025059
3681,26,4307.094357
3681,27,4305.141766
3681,28,4298.025059
3682,26,4307.094357
3682,27,4305.141766
3682,28,4298.025059
3683,26,4307.094357
3683,27,4305.141766
3683,28,4298.025059
3684,26,4307.094357
3684,27,4305.141766
3684,28,4298.025059
3685,26,4307.094357
3685,27,4305.141766
3685,28,4298.025059
3686,26,4307.094357
3686,27,4305.141766
3686,28,4298.025059
3687,26,4307.094357
3687,27,4305.141766
3687,28,4298.025059
3688,26,4307.094357
3688,27,4305.141766
3688,28,4298.025059
3689,26,4307.094357
3689,27,4305.141766
3689,28,4298.025059
3690,26,4307.094357
3690,27,4305.141766
3690,28,4298.025059
3691,26,4307.094357
3691,27,4305.141766
3691,28,4298.025059
3692,26,4307.094357
3692,27,4305.141766
3692,28,4298.025059
3693,26,4307.094357
3693,27,4305.141766
3693,28,4298.025059
3694,26,4307.094357
3694,27,4305.141766
3694,28,4298.025059
3695,26,4307.094357
3695,27,4305.141766
3695,28,4298.025059
3696,26,4307.094357
3696,27,4305.141766
3696,28,4298.025059
3697,26,4307.094357
3697,27,4305.141766
3697,28,4298.025059
3698,26,4307.094357
3698,27,4305.141766
3698,28,4298.025059
3699,26,4307.094357
3699,27,4305.141766
3699,28,4298.025059
3700,26,4307.094357
3700,27,4305.141766
3700,28,4298.025059
3701,26,4307.094357
3701,27,4305.141766
3701,28,4298.025059
3702,26,4307.094357
3702,27,4305.141766
3702,28,4298.025059
3703,26,4307.094357
3703,27,4305.141766
3703,28,4298.025059
3704,26,4307.094357
3704,27,4305.141766
3704,28,4298.025059
3705,26,4307.094357
3705,27,4305.141766
3705,28,4298.025059
3706,26,4307.094357
3706,27,4305.141766
3706,28,4298.025059
3707,26,4307.094357
3707,27,4305.141766
3707,28,4298.025059
3708,26,4307.094357
3708,27,4305.141766
3708,28,4298.025059
3709,26,4307.094357
3709,27,4305.141766
3709,28,4298.025059
3710,26,4307.094357
3710,27,4305.141766
3710,28,4298.025059
3711,26,4307.094357
3711,27,4305.141766
3711,28,4298.025059
3712,26,4307.094357
3712,27,4305.141766
3712,28,4298.025059
3713,26,4307.094357
3713,27,4305.141766
3713,28,4298.025059
3714,26,4307.094357
3714,27,4305.141766
3714,28,4298.025059
3715,26,4307.094357
3715,27,4305.141766
3715,28,4298.025059
3716,26,4307.094357
3716,27,4305.141766
3716,28,4298.025059
3717,26,4307.094357
3717,27,4305.141766
3717,28,4298.025059
3718,26,4307.094357
3718,27,4305.141766
3718,28,4298.025059
3719,26,4307.094357
3719,27,4305.141766
3719,28,4298.025059
3720,26,4307.094357
3720,27,4305.141766
3720,28,4298.025059
3721,26,4307.094357
3721,27,4305.141766
3721,28,4298.025059
3722,26,4307.094357
3722,27,4305.141766
3722,28,4298.025059
3723,26,4307.094357
3723,27,4305.141766
3723,28,4298.025059
3724,26,4307.094357
3724,27,4305.141766
3724,28,4298.025059
3725,26,4307.094357
3725,27,4305.141766
3725,28,4298.025059
3726,26,4307.094357
3726,27,4305.141766
3726,28,4298.025059
3727,26,4307.094357
3727,27,4305.141766
3727,28,4298.025059
3728,26,4307.094357
3728,27,4305.141766
3728,28,4298.025059
3729,26,4307.094357
3729,27,4305.141766
3729,28,4298.025059
3730,26,4307.094357
3730,27,4305.141766
3730,28,4298.025059
3731,26,4307.094357
3731,27,4305.141766
3731,28,4298.025059
3732,26,4307.094357
3732,27,4305.141766
3732,28,4298.025059
3733,26,4307.094357
3733,27,4305.141766
3733,28,4298.025059
3734,26,4307.094357
3734,27,4305.141766
3734,28,4298.025059
3735,26,4307.094357
3735,27,4305.141766
3735,28,4298.025059
3736,26,4307.094357
3736,27,4305.141766
3736,28,4298.025059
3737,26,4307.094357
3737,27,4305.141766
3737,28,4298.025059
3738,26,4307.094357
3738,27,4305.141766
3738,28,4298.025059
3739,26,4307.094357
3739,27,4305.141766
3739,28,4298.025059
3740,26,4307.094357
3740,27,4305.141766
3740,28,4298.025059
3741,26,4307.094357
3741,27,4305.141766
3741,28,4298.025059
3742,26,4307.094357
3742,27,4305.141766
3742,28,4298.025059
3743,26,4307.094357
3743,27,4305.141766
3743,28,4298.025059
3744,26,4307.094357
3744,27,4305.141766
3744,28,4298.025059
3745,26,4307.094357
3745,27,4305.141766
3745,28,4298.025059
3746,26,4307.094357
3746,27,4305.141766
3746,28,4298.025059
3747,26,4307.094357
3747,27,4305.141766
3747,28,4298.025059
3748,26,4307.094357
3748,27,4305.141766
3748,28,4298.025059
3749,26,4307.094357
3749,27,4305.141766
3749,28,4298.025059
3750,26,4307.094357
3750,27,4305.141766
3750,28,4298.025059
3751,26,4307.094357
3751,27,4305.141766
3751,28,4298.025059
3752,26,4307.094357
3752,27,4305.141766
3752,28,4298.025059
3753,26,4307.094357
3753,27,4305.141766
3753,28,4298.025059
3754,26,4307.094357
3754,27,4305.141766
3754,28,4298.025059
3755,26,4307.094357
3755,27,4305.141766
3755,28,4298.025059
3756,26,4307.094357
3756,27,4305.141766
3756,28,4298.025059
3757,26,4307.094357
3757,27,4305.141766
3757,28,4298.025059
3758,26,4307.094357
3758,27,4305.141766
3758,28,4298.025059
3759,26,4307.094357
3759,27,4305.141766
3759,28,4298.025059
3760,26,4307.094357
3760,27,4305.141766
3760,28,4298.025059
3761,26,4307.094357
3761,27,4305.141766
3761,28,4298.025059
3762,26,4307.094357
3762,27,4305.141766
3762,28,4298.025059
3763,26,4307.094357
3763,27,4305.141766
3763,28,4298.025059
3764,26,4307.094357
3764,27,4305.141766
3764,28,4298.025059
3765,26,4307.094357
3765,27,4305.141766
3765,28,4298.025059
3766,26,4307.094357
3766,27,4305.141766
3766,28,4298.025059
3767,26,4307.094357
3767,27,4305.141766
3767,28,4298.025059
3768,26,4307.094357
3768,27,4305.141766
3768,28,4298.025059
3769,26,4307.094357
3769,27,4305.141766
3769,28,4298.025059
3770,26,4307.094357
3770,27,4305.141766
3770,28,4298.025059
3771,26,4307.094357
3771,27,4305.141766
3771,28,4298.025059
3772,26,4307.094357
3772,27,4305.141766
3772,28,4298.025059
3773,26,4307.094357
3773,27,4305.141766
3773,28,4298.025059
3774,26,4307.094357
3774,27,4305.141766
3774,28,4298.025059
3775,26,4307.094357
3775,27,4305.141766
3775,28,4298.025059
3776,26,4307.094357
3776,27,4305.141766
3776,28,4298.025059
3777,26,4307.094357
3777,27,4305.141766
3777,28,4298.025059
3778,26,4307.094357
3778,27,4305.141766
3778,28,4298.025059
3779,26,4307.094357
3779,27,4305.141766
3779,28,4298.025059
3780,26,4307.094357
3780,27,4305.141766
3780,28,4298.025059
3781,26,4307.094357
3781,27,4305.141766
3781,28,4298.025059
3782,26,4307.094357
3782,27,4305.141766
3782,28,4298.025059
3783,26,4307.094357
3783,27,4305.141766
3783,28,4298.025059
3784,26,4307.094357
3784,27,4305.141766
3784,28,4298.025059
3785,26,4307.094357
3785,27,4305.141766
3785,28,4298.025059
3786,26,4307.094357
3786,27,4305.141766
3786,28,4298.025059
3787,26,4307.094357
3787,27,4305.141766
3787,28,4298.025059
3788,26,4307.094357
3788,27,4305.141766
3788,28,4298.025059
3789,26,4307.094357
3789,27,4305.141766
3789,28,4298.025059
3790,26,4307.094357
3790,27,4305.141766
3790,28,4298.025059
3791,26,4307.094357
3791,27,4305.141766
3791,28,4298.025059
3792,26,4307.094357
3792,27,4305.141766
3792,28,4298.025059
3793,26,4307.094357
3793,27,4305.141766
3793,28,4298.025059
3794,26,4307.094357
3794,27,4305.141766
3794,28,4298.025059
3795,26,4307.094357
3795,27,4305.141766
3795,28,4298.025059
3796,26,4307.094357
3796,27,4305.141766
3796,28,4298.025059
3797,26,4307.094357
3797,27,4305.141766
3797,28,4298.025059
3798,26,4307.094357
3798,27,4305.141766
3798,28,4298.025059
3799,26,4307.094357
3799,27,4305.141766
3799,28,4298.025059
3800,26,4307.094357
3800,27,4305.141766
3800,28,4298.025059
3801,26,4307.094357
3801,27,4305.141766
3801,28,4298.025059
3802,26,4307.094357
3802,27,4305.141766
3802,28,4298.025059
3803,26,4307.094357
3803,27,4305.141766
3803,28,4298.025059
3804,26,4307.094357
3804,27,4305.141766
3804,28,4298.025059
3805,26,4307.094357
3805,27,4305.141766
3805,28,4298.025059
3806,26,4307.094357
3806,27,4305.141766
3806,28,4298.025059
3807,26,4307.094357
3807,27,4305.141766
3807,28,4298.025059
3808,26,4307.094357
3808,27,4305.141766
3808,28,4298.025059
3809,26,4307.094357
3809,27,4305.141766
3809,28,4298.025059
3810,26,4307.094357
3810,27,4305.141766
3810,28,4298.025059
3811,26,4307.094357
3811,27,4305.141766
3811,28,4298.025059
3812,26,4307.094357
3812,27,4305.141766
3812,28,4298.025059
3813,26,4307.094357
3813,27,4305.141766
3813,28,4298.025059
3814,26,4307.094357
3814,27,4305.141766
3814,28,4298.025059
3815,26,4307.094357
3815,27,4305.141766
3815,28,4298.025059
3816,26,4307.094357
3816,27,4305.141766
3816,28,4298.025059
3817,26,4307.094357
3817,27,4305.141766
3817,28,4298.025059
3818,26,4307.094357
3818,27,4305.141766
3818,28,4298.025059
3819,26,4307.094357
3819,27,4305.141766
3819,28,4298.025059
3820,26,4307.094357
3820,27,4305.141766
3820,28,4298.025059
3821,26,4307.094357
3821,27,4305.141766
3821,28,4298.025059
3822,26,4307.094357
3822,27,4305.141766
3822,28,4298.025059
3823,26,4307.094357
3823,27,4305.141766
3823,28,4298.025059
3824,26,4307.094357
3824,27,4305.141766
3824,28,4298.025059
3825,26,4307.094357
3825,27,4305.141766
3825,28,4298.025059
3826,26,4307.094357
3826,27,4305.141766
3826,28,4298.025059
3827,26,4307.094357
3827,27,4305.141766
3827,28,4298.025059
3828,26,4307.094357
3828,27,4305.141766
3828,28,4298.025059
3829,26,4307.094357
3829,27,4305.141766
3829,28,4298.025059
3830,26,4307.094357
3830,27,4305.141766
3830,28,4298.025059
3831,26,4307.094357
3831,27,4305.141766
3831,28,4298.025059
3832,26,4307.094357
3832,27,4305.141766
3832,28,4298.025059
3833,26,4307.094357
3833,27,4305.141766
3833,28,4298.025059
3834,26,4307.094357
3834,27,4305.141766
3834,28,4298.025059
3835,26,4307.094357
3835,27,4305.141766
3835,28,4298.025059
3836,26,4307.094357
3836,27,4305.141766
3836,28,4298.025059
3837,26,4307.094357
3837,27,4305.141766
3837,28,4298.025059
3838,26,4307.094357
3838,27,4305.141766
3838,28,4298.025059
3839,26,4307.094357
3839,27,4305.141766
3839,28,4298.025059
3840,26,4307.094357
3840,27,4305.141766
3840,28,4298.025059
3841,26,4307.094357
3841,27,4305.141766
3841,28,4298.025059
3842,26,4307.094357
3842,27,4305.141766
3842,28,4298.025059
3843,26,4307.094357
3843,27,4305.141766
3843,28,4298.025059
3844,26,4307.094357
3844,27,4305.141766
3844,28,4298.025059
3845,26,4307.094357
3845,27,4305.141766
3845,28,4298.025059
3846,26,4307.094357
3846,27,4305.141766
3846,28,4298.025059
3847,26,4307.094357
3847,27,4305.141766
3847,28,4298.025059
3848,26,4307.094357
3848,27,4305.141766
3848,28,4298.025059
3849,26,4307.094357
3849,27,4305.141766
3849,28,4298.025059
3850,26,4307.094357
3850,27,4305.141766
3850,28,4298.025059
3851,26,4307.094357
3851,27,4305.141766
3851,28,4298.025059
3852,26,4307.094357
3852,27,4305.141766
3852,28,4298.025059
3853,26,4307.094357
3853,27,4305.141766
3853,28,4298.025059
3854,26,4307.094357
3854,27,4305.141766
3854,28,4298.025059
3855,26,4307.094357
3855,27,4305.141766
3855,28,4298.025059
3856,26,4307.094357
3856,27,4305.141766
3856,28,4298.025059
3857,26,4307.094357
3857,27,4305.141766
3857,28,4298.025059
3858,26,4307.094357
3858,27,4305.141766
3858,28,4298.025059
3859,26,4307.094357
3859,27,4305.141766
3859,28,4298.025059
3860,26,4307.094357
3860,27,4305.141766
3860,28,4298.025059
3861,26,4307.094357
3861,27,4305.141766
3861,28,4298.025059
3862,26,4307.094357
3862,27,4305.141766
3862,28,4298.025059
3863,26,4307.094357
3863,27,4305.141766
3863,28,4298.025059
3864,26,4307.094357
3864,27,4305.141766
3864,28,4298.025059
3865,26,4307.094357
3865,27,4305.141766
3865,28,4298.025059
3866,26,4307.094357
3866,27,4305.141766
3866,28,4298.025059
3867,26,4307.094357
3867,27,4305.141766
3867,28,4298.025059
3868,26,4307.094357
3868,27,4305.141766
3868,28,4298.025059
3869,26,4307.094357
3869,27,4305.141766
3869,28,4298.025059
3870,26,4307.094357
3870,27,4305.141766
3870,28,4298.025059
3871,26,4307.094357
3871,27,4305.141766
3871,28,4298.025059
3872,26,4307.094357
3872,27,4305.141766
3872,28,4298.025059
3873,26,4307.094357
3873,27,4305.141766
3873,28,4298.025059
3874,26,4307.094357
3874,27,4305.141766
3874,28,4298.025059
3875,26,4307.094357
3875,27,4305.141766
3875,28,4298.025059
3876,26,4307.094357
3876,27,4305.141766
3876,28,4298.025059
3877,26,4307.094357
3877,27,4305.141766
3877,28,4298.025059
3878,26,4307.094357
3878,27,4305.141766
3878,28,4298.025059
3879,26,4307.094357
3879,27,4305.141766
3879,28,4298.025059
3880,26,4307.094357
3880,27,4305.141766
3880,28,4298.025059
3881,26,4307.094357
3881,27,4305.141766
3881,28,4298.025059
3882,26,4307.094357
3882,27,4305.141766
3882,28,4298.025059
3883,26,4307.094357
3883,27,4305.141766
3883,28,4298.025059
3884,26,4307.094357
3884,27,4305.141766
3884,28,4298.025059
3885,26,4307.094357
3885,27,4305.141766
3885,28,4298.025059
3886,26,4307.094357
3886,27,4305.141766
3886,28,4298.025059
3887,26,4307.094357
3887,27,4305.141766
3887,28,4298.025059
3888,26,4307.094357
3888,27,4305.141766
3888,28,4298.025059
3889,26,4307.094357
3889,27,4305.141766
3889,28,4298.025059
3890,26,4307.094357
3890,27,4305.141766
3890,28,4298.025059
3891,26,4307.094357
3891,27,4305.141766
3891,28,4298.025059
3892,26,4307.094357
3892,27,4305.141766
3892,28,4298.025059
3893,26,4307.094357
3893,27,4305.141766
3893,28,4298.025059
3894,26,4307.094357
3894,27,4305.141766
3894,28,4298.025059
3895,26,4307.094357
3895,27,4305.141766
3895,28,4298.025059
3896,26,4307.094357
3896,27,4305.141766
3896,28,4298.025059
3897,26,4307.094357
3897,27,4305.141766
3897,28,4298.025059
3898,26,4307.094357
3898,27,4305.141766
3898,28,4298.025059
3899,26,4307.094357
3899,27,4305.141766
3899,28,4298.025059
3900,26,4307.094357
3900,27,4305.141766
3900,28,4298.025059
3901,26,4307.094357
3901,27,4305.141766
3901,28,4298.025059
3902,26,4307.094357
3902,27,4305.141766
3902,28,4298.025059
3903,26,4307.094357
3903,27,4305.141766
3903,28,4298.025059
3904,26,4307.094357
3904,27,4305.141766
3904,28,4298.025059
3905,26,4307.094357
3905,27,4305.141766
3905,28,4298.025059
3906,26,4307.094357
3906,27,4305.141766
3906,28,4298.025059
3907,26,4307.094357
3907,27,4305.141766
3907,28,4298.025059
3908,26,4307.094357
3908,27,4305.141766
3908,28,4298.025059
3909,26,4307.094357
3909,27,4305.141766
3909,28,4298.025059
3910,26,4307.094357
3910,27,4305.141766
3910,28,4298.025059
3911,26,4307.094357
3911,27,4305.141766
3911,28,4298.025059
3912,26,4307.094357
3912,27,4305.141766
3912,28,4298.025059
3913,26,4307.094357
3913,27,4305.141766
3913,28,4298.025059
3914,26,4307.094357
3914,27,4305.141766
3914,28,4298.025059
3915,26,4307.094357
3915,27,4305.141766
3915,28,4298.025059
3916,26,4307.094357
3916,27,4305.141766
3916,28,4298.025059
3917,26,4307.094357
3917,27,4305.141766
3917,28,4298.025059
3918,26,4307.094357
3918,27,4305.141766
3918,28,4298.025059
3919,26,4307.094357
3919,27,4305.141766
3919,28,4298.025059
3920,26,4307.094357
3920,27,4305.141766
3920,28,4298.025059
3921,26,4307.094357
3921,27,4305.141766
3921,28,4298.025059
3922,26,4307.094357
3922,27,4305.141766
3922,28,4298.025059
3923,26,4307.094357
3923,27,4305.141766
3923,28,4298.025059
3924,26,4307.094357
3924,27,4305.141766
3924,28,4298.025059
3925,26,4307.094357
3925,27,4305.141766
3925,28,4298.025059
3926,26,4307.094357
3926,27,4305.141766
3926,28,4298.025059
3927,26,4307.094357
3927,27,4305.141766
3927,28,4298.025059
3928,26,4307.094357
3928,27,4305.141766
3928,28,4298.025059
3929,26,4307.094357
3929,27,4305.141766
3929,28,4298.025059
3930,26,4307.094357
3930,27,4305.141766
3930,28,4298.025059
3931,26,4307.094357
3931,27,4305.141766
3931,28,4298.025059
3932,26,4307.094357
3932,27,4305.141766
3932,28,4298.025059
3933,26,4307.094357
3933,27,4305.141766
3933,28,4298.025059
3934,26,4307.094357
3934,27,4305.141766
3934,28,4298.025059
3935,26,4307.094357
3935,27,4305.141766
3935,28,4298.025059
3936,26,4307.094357
3936,27,4305.141766
3936,28,4298.025059
3937,26,4307.094357
3937,27,4305.141766
3937,28,4298.025059
3938,26,4307.094357
3938,27,4305.141766
3938,28,4298.025059
3939,26,4307.094357
3939,27,4305.141766
3939,28,4298.025059
3940,26,4307.094357
3940,27,4305.141766
3940,28,4298.025059
3941,26,4307.094357
3941,27,4305.141766
3941,28,4298.025059
3942,26,4307.094357
3942,27,4305.141766
3942,28,4298.025059
3943,26,4307.094357
3943,27,4305.141766
3943,28,4298.025059
3944,26,4307.094357
3944,27,4305.141766
3944,28,4298.025059
3945,26,4307.094357
3945,27,4305.141766
3945,28,4298.025059
3946,26,4307.094357
3946,27,4305.141766
3946,28,4298.025059
3947,26,4307.094357
3947,27,4305.141766
3947,28,4298.025059
3948,26,4307.094357
3948,27,4305.141766
3948,28,4298.025059
3949,26,4307.094357
3949,27,4305.141766
3949,28,4298.025059
3950,26,4307.094357
3950,27,4305.141766
3950,28,4298.025059
3951,26,4307.094357
3951,27,4305.141766
3951,28,4298.025059
3952,26,4307.094357
3952,27,4305.141766
3952,28,4298.025059
3953,26,4307.094357
3953,27,4305.141766
3953,28,4298.025059
3954,26,4307.094357
3954,27,4305.141766
3954,28,4298.025059
3955,26,4307.094357
3955,27,4305.141766
3955,28,4298.025059
3956,26,4307.094357
3956,27,4305.141766
3956,28,4298.025059
3957,26,4307.094357
3957,27,4305.141766
3957,28,4298.025059
3958,26,4307.094357
3958,27,4305.141766
3958,28,4298.025059
3959,26,4307.094357
3959,27,4305.141766
3959,28,4298.025059
3960,26,4307.094357
3960,27,4305.141766
3960,28,4298.025059
3961,26,4307.094357
3961,27,4305.141766
3961,28,4298.025059
3962,26,4307.094357
3962,27,4305.141766
3962,28,4298.025059
3963,26,4307.094357
3963,27,4305.141766
3963,28,4298.025059
3964,26,4307.094357
3964,27,4305.141766
3964,28,4298.025059
3965,26,4307.094357
3965,27,4305.141766
3965,28,4298.025059
3966,26,4307.094357
3966,27,4305.141766
3966,28,4298.025059
3967,26,4307.094357
3967,27,4305.141766
3967,28,4298.025059
3968,26,4307.094357
3968,27,4305.141766
3968,28,4298.025059
3969,26,4307.094357
3969,27,4305.141766
3969,28,4298.025059
3970,26,4307.094357
3970,27,4305.141766
3970,28,4298.025059
3971,26,4307.094357
3971,27,4305.141766
3971,28,4298.025059
3972,26,4307.094357
3972,27,4305.141766
3972,28,4298.025059
3973,26,4307.094357
3973,27,4305.141766
3973,28,4298.025059
3974,26,4307.094357
3974,27,4305.141766
3974,28,4298.025059
3975,26,4307.094357
3975,27,4305.141766
3975,28,4298.025059
3976,26,4307.094357
3976,27,4305.141766
3976,28,4298.025059
3977,26,4307.094357
3977,27,4305.141766
3977,28,4298.025059
3978,26,4307.094357
3978,27,4305.141766
3978,28,4298.025059
3979,26,4307.094357
3979,27,4305.141766
3979,28,4298.025059
3980,26,4307.094357
3980,27,4305.141766
3980,28,4298.025059
3981,26,4307.094357
3981,27,4305.141766
3981,28,4298.025059
3982,26,4307.094357
3982,27,4305.141766
3982,28,4298.025059
3983,26,4307.094357
3983,27,4305.141766
3983,28,4298.025059
3984,26,4307.094357
3984,27,4305.141766
3984,28,4298.025059
3985,26,4307.094357
3985,27,4305.141766
3985,28,4298.025059
3986,26,4307.094357
3986,27,4305.141766
3986,28,4298.025059
3987,26,4307.094357
3987,27,4305.141766
3987,28,4298.025059
3988,26,4307.094357
3988,27,4305.141766
3988,28,4298.025059
3989,26,4307.094357
3989,27,4305.141766
3989,28,4298.025059
3990,26,4307.094357
3990,27,4305.141766
3990,28,4298.025059
3991,26,4307.094357
3991,27,4305.141766
3991,28,4298.025059
3992,26,4307.094357
3992,27,4305.141766
3992,28,4298.025059
3993,26,4307.094357
3993,27,4305.141766
3993,28,4298.025059
3994,26,4307.094357
3994,27,4305.141766
3994,28,4298.025059
3995,26,4307.094357
3995,27,4305.141766
3995,28,4298.025059
3996,26,4307.094357
3996,27,4305.141766
3996,28,4298.025059
3997,26,4307.094357
3997,27,4305.141766
3997,28,4298.025059
3998,26,4307.094357
3998,27,4305.141766
3998,28,4298.025059
3999,26,4307.094357
3999,27,4305.141766
3999,28,4298.025059
4000,26,4307.094357
4000,27,4305.141766
4000,28,4298.025059
4001,26,4307.094357
4001,27,4305.141766
4001,28,4298.025059
4002,26,4307.094357
4002,27,4305.141766
4002,28,4298.025059
4003,26,4307.094357
4003,27,4305.141766
4003,28,4298.025059
4004,26,4307.094357
4004,27,4305.141766
4004,28,4298.025059
4005,26,4307.094357
4005,27,4305.141766
4005,28,4298.025059
4006,26,4307.094357
4006,27,4305.141766
4006,28,4298.025059
4007,26,4307.094357
4007,27,4305.141766
4007,28,4298.025059
4008,26,4307.094357
4008,27,4305.141766
4008,28,4298.025059
4009,26,4307.094357
4009,27,4305.141766
4009,28,4298.025059
4010,26,4307.094357
4010,27,4305.141766
4010,28,4298.025059
4011,26,4307.094357
4011,27,4305.141766
4011,28,4298.025059
4012,26,4307.094357
4012,27,4305.141766
4012,28,4298.025059
4013,26,4307.094357
4013,27,4305.141766
4013,28,4298.025059
4014,26,4307.094357
4014,27,4305.141766
4014,28,4298.025059
4015,26,4307.094357
4015,27,4305.141766
4015,28,4298.025059
4016,26,4307.094357
4016,27,4305.141766
4016,28,4298.025059
4017,26,4307.094357
4017,27,4305.141766
4017,28,4298.025059
4018,26,4307.094357
4018,27,4305.141766
4018,28,4298.025059
4019,26,4307.094357
4019,27,4305.141766
4019,28,4298.025059
4020,26,4307.094357
4020,27,4305.141766
4020,28,4298.025059
4021,26,4307.094357
4021,27,4305.141766
4021,28,4298.025059
4022,26,4307.094357
4022,27,4305.141766
4022,28,4298.025059
4023,26,4307.094357
4023,27,4305.141766
4023,28,4298.025059
4024,26,4307.094357
4024,27,4305.141766
4024,28,4298.025059
4025,26,4307.094357
4025,27,4305.141766
4025,28,4298.025059
4026,26,4307.094357
4026,27,4305.141766
4026,28,4298.025059
4027,26,4307.094357
4027,27,4305.141766
4027,28,4298.025059
4028,26,4307.094357
4028,27,4305.141766
4028,28,4298.025059
4029,26,4307.094357
4029,27,4305.141766
4029,28,4298.025059
4030,26,4307.094357
4030,27,4305.141766
4030,28,4298.025059
4031,26,4307.094357
4031,27,4305.141766
4031,28,4298.025059
4032,26,4307.094357
4032,27,4305.141766
4032,28,4298.025059
4033,26,4307.094357
4033,27,4305.141766
4033,28,4298.025059
4034,26,4307.094357
4034,27,4305.141766
4034,28,4298.025059
4035,26,4307.094357
4035,27,4305.141766
4035,28,4298.025059
4036,26,4307.094357
4036,27,4305.141766
4036,28,4298.025059
4037,26,4307.094357
4037,27,4305.141766
4037,28,4298.025059
4038,26,4307.094357
4038,27,4305.141766
4038,28,4298.025059
4039,26,4307.094357
4039,27,4305.141766
4039,28,4298.025059
4040,26,4307.094357
4040,27,4305.141766
4040,28,4298.025059
4041,26,4307.094357
4041,27,4305.141766
4041,28,4298.025059
4042,26,4307.094357
4042,27,4305.141766
4042,28,4298.025059
4043,26,4307.094357
4043,27,4305.141766
4043,28,4298.025059
4044,26,4307.094357
4044,27,4305.141766
4044,28,4298.025059
4045,26,4307.094357
4045,27,4305.141766
4045,28,4298.025059
4046,26,4307.094357
4046,27,4305.141766
4046,28,4298.025059
4047,26,4307.094357
4047,27,4305.141766
4047,28,4298.025059
4048,26,4307.094357
4048,27,4305.141766
4048,28,4298.025059
4049,26,4307.094357
4049,27,4305.141766
4049,28,4298.025059
4050,26,4307.094357
4050,27,4305.141766
4050,28,4298.025059
4051,26,4307.094357
4051,27,4305.141766
4051,28,4298.025059
4052,26,4307.094357
4052,27,4305.141766
4052,28,4298.025059
4053,26,4307.094357
4053,27,4305.141766
4053,28,4298.025059
4054,26,4307.094357
4054,27,4305.141766
4054,28,4298.025059
4055,26,4307.094357
4055,27,4305.141766
4055,28,4298.025059
4056,26,4307.094357
4056,27,4305.141766
4056,28,4298.025059
4057,26,4307.094357
4057,27,4305.141766
4057,28,4298.025059
4058,26,4307.094357
4058,27,4305.141766
4058,28,4298.025059
4059,26,4307.094357
4059,27,4305.141766
4059,28,4298.025059
4060,26,4307.094357
4060,27,4305.141766
4060,28,4298.025059
4061,26,4307.094357
4061,27,4305.141766
4061,28,4298.025059
4062,26,4307.094357
4062,27,4305.141766
4062,28,4298.025059
4063,26,4307.094357
4063,27,4305.141766
4063,28,4298.025059
4064,26,4307.094357
4064,27,4305.141766
4064,28,4298.025059
4065,26,4307.094357
4065,27,4305.141766
4065,28,4298.025059
4066,26,4307.094357
4066,27,4305.141766
4066,28,4298.025059
4067,26,4307.094357
4067,27,4305.141766
4067,28,4298.025059
4068,26,4307.094357
4068,27,4305.141766
4068,28,4298.025059
4069,26,4307.094357
4069,27,4305.141766
4069,28,4298.025059
4070,26,4307.094357
4070,27,4305.141766
4070,28,4298.025059
4071,26,4307.094357
4071,27,4305.141766
4071,28,4298.025059
4072,26,4307.094357
4072,27,4305.141766
4072,28,4298.025059
4073,26,4307.094357
4073,27,4305.141766
4073,28,4298.025059
4074,26,4307.094357
4074,27,4305.141766
4074,28,4298.025059
4075,26,4307.094357
4075,27,4305.141766
4075,28,4298.025059
4076,26,4307.094357
4076,27,4305.141766
4076,28,4298.025059
4077,26,4307.094357
4077,27,4305.141766
4077,28,4298.025059
4078,26,4307.094357
4078,27,4305.141766
4078,28,4298.025059
4079,26,4307.094357
4079,27,4305.141766
4079,28,4298.025059
4080,26,4307.094357
4080,27,4305.141766
4080,28,4298.025059
4081,26,4307.094357
4081,27,4305.141766
4081,28,4298.025059
4082,26,4307.094357
4082,27,4305.141766
4082,28,4298.025059
4083,26,4307.094357
4083,27,4305.141766
4083,28,4298.025059
4084,26,4307.094357
4084,27,4305.141766
4084,28,4298.025059
4085,26,4307.094357
4085,27,4305.141766
4085,28,4298.025059
4086,26,4307.094357
4086,27,4305.141766
4086,28,4298.025059
4087,26,4307.094357
4087,27,4305.141766
4087,28,4298.025059
4088,26,4307.094357
4088,27,4305.141766
4088,28,4298.025059
4089,26,4307.094357
4089,27,4305.141766
4089,28,4298.025059
4090,26,4307.094357
4090,27,4305.141766
4090,28,4298.025059
4091,26,4307.094357
4091,27,4305.141766
4091,28,4298.025059
4092,26,4307.094357
4092,27,4305.141766
4092,28,4298.025059
4093,26,4307.094357
4093,27,4305.141766
4093,28,4298.025059
4094,26,4307.094357
4094,27,4305.141766
4094,28,4298.025059
4095,26,4307.094357
4095,27,4305.141766
4095,28,4298.025059
4096,26,4307.094357
4096,27,4305.141766
4096,28,4298.025059
4097,26,4307.094357
4097,27,4305.141766
4097,28,4298.025059
4098,26,4307.094357
4098,27,4305.141766
4098,28,4298.025059
4099,26,4307.094357
4099,27,4305.141766
4099,28,4298.025059
4100,26,4307.094357
4100,27,4305.141766
4100,28,4298.025059
4101,26,4307.094357
4101,27,4305.141766
4101,28,4298.025059
4102,26,4307.094357
4102,27,4305.141766
4102,28,4298.025059
4103,26,4307.094357
4103,27,4305.141766
4103,28,4298.025059
4104,26,4307.094357
4104,27,4305.141766
4104,28,4298.025059
4105,26,4307.094357
4105,27,4305.141766
4105,28,4298.025059
4106,26,4307.094357
4106,27,4305.141766
4106,28,4298.025059
4107,26,4307.094357
4107,27,4305.141766
4107,28,4298.025059
4108,26,4307.094357
4108,27,4305.141766
4108,28,4298.025059
4109,26,4307.094357
4109,27,4305.141766
4109,28,4298.025059
4110,26,4307.094357
4110,27,4305.141766
4110,28,4298.025059
4111,26,4307.094357
4111,27,4305.141766
4111,28,4298.025059
4112,26,4307.094357
4112,27,4305.141766
4112,28,4298.025059
4113,26,4307.094357
4113,27,4305.141766
4113,28,4298.025059
4114,26,4307.094357
4114,27,4305.141766
4114,28,4298.025059
4115,26,4307.094357
4115,27,4305.141766
4115,28,4298.025059
4116,26,4307.094357
4116,27,4305.141766
4116,28,4298.025059
4117,26,4307.094357
4117,27,4305.141766
4117,28,4298.025059
4118,26,4307.094357
4118,27,4305.141766
4118,28,4298.025059
4119,26,4307.094357
4119,27,4305.141766
4119,28,4298.025059
4120,26,4307.094357
4120,27,4305.141766
4120,28,4298.025059
4121,26,4307.094357
4121,27,4305.141766
4121,28,4298.025059
4122,26,4307.094357
4122,27,4305.141766
4122,28,4298.025059
4123,26,4307.094357
4123,27,4305.141766
4123,28,4298.025059
4124,26,4307.094357
4124,27,4305.141766
4124,28,4298.025059
4125,26,4307.094357
4125,27,4305.141766
4125,28,4298.025059
4126,26,4307.094357
4126,27,4305.141766
4126,28,4298.025059
4127,26,4307.094357
4127,27,4305.141766
4127,28,4298.025059
4128,26,4307.094357
4128,27,4305.141766
4128,28,4298.025059
4129,26,4307.094357
4129,27,4305.141766
4129,28,4298.025059
4130,26,4307.094357
4130,27,4305.141766
4130,28,4298.025059
4131,26,4307.094357
4131,27,4305.141766
4131,28,4298.025059
4132,26,4307.094357
4132,27,4305.141766
4132,28,4298.025059
4133,26,4307.094357
4133,27,4305.141766
4133,28,4298.025059
4134,26,4307.094357
4134,27,4305.141766
4134,28,4298.025059
4135,26,4307.094357
4135,27,4305.141766
4135,28,4298.025059
4136,26,4307.094357
4136,27,4305.141766
4136,28,4298.025059
4137,26,4307.094357
4137,27,4305.141766
4137,28,4298.025059
4138,26,4307.094357
4138,27,4305.141766
4138,28,4298.025059
4139,26,4307.094357
4139,27,4305.141766
4139,28,4298.025059
4140,26,4307.094357
4140,27,4305.141766
4140,28,4298.025059
4141,26,4307.094357
4141,27,4305.141766
4141,28,4298.025059
4142,26,4307.094357
4142,27,4305.141766
4142,28,4298.025059
4143,26,4307.094357
4143,27,4305.141766
4143,28,4298.025059
4144,26,4307.094357
4144,27,4305.141766
4144,28,4298.025059
4145,26,4307.094357
4145,27,4305.141766
4145,28,4298.025059
4146,26,4307.094357
4146,27,4305.141766
4146,28,4298.025059
4147,26,4307.094357
4147,27,4305.141766
4147,28,4298.025059
4148,26,4307.094357
4148,27,4305.141766
4148,28,4298.025059
4149,26,4307.094357
4149,27,4305.141766
4149,28,4298.025059
4150,26,4307.094357
4150,27,4305.141766
4150,28,4298.025059
4151,26,4307.094357
4151,27,4305.141766
4151,28,4298.025059
4152,26,4307.094357
4152,27,4305.141766
4152,28,4298.025059
4153,26,4307.094357
4153,27,4305.141766
4153,28,4298.025059
4154,26,4307.094357
4154,27,4305.141766
4154,28,4298.025059
4155,26,4307.094357
4155,27,4305.141766
4155,28,4298.025059
4156,26,4307.094357
4156,27,4305.141766
4156,28,4298.025059
4157,26,4307.094357
4157,27,4305.141766
4157,28,4298.025059
4158,26,4307.094357
4158,27,4305.141766
4158,28,4298.025059
4159,26,4307.094357
4159,27,4305.141766
4159,28,4298.025059
4160,26,4307.094357
4160,27,4305.141766
4160,28,4298.025059
4161,26,4307.094357
4161,27,4305.141766
4161,28,4298.025059
4162,26,4307.094357
4162,27,4305.141766
4162,28,4298.025059
4163,26,4307.094357
4163,27,4305.141766
4163,28,4298.025059
4164,26,4307.094357
4164,27,4305.141766
4164,28,4298.025059
4165,26,4307.094357
4165,27,4305.141766
4165,28,4298.025059
4166,26,4307.094357
4166,27,4305.141766
4166,28,4298.025059
4167,26,4307.094357
4167,27,4305.141766
4167,28,4298.025059
4168,26,4307.094357
4168,27,4305.141766
4168,28,4298.025059
4169,26,4307.094357
4169,27,4305.141766
4169,28,4298.025059
4170,26,4307.094357
4170,27,4305.141766
4170,28,4298.025059
4171,26,4307.094357
4171,27,4305.141766
4171,28,4298.025059
4172,26,4307.094357
4172,27,4305.141766
4172,28,4298.025059
4173,26,4307.094357
4173,27,4305.141766
4173,28,4298.025059
4174,26,4307.094357
4174,27,4305.141766
4174,28,4298.025059
4175,26,4307.094357
4175,27,4305.141766
4175,28,4298.025059
4176,26,4307.094357
4176,27,4305.141766
4176,28,4298.025059
4177,26,4307.094357
4177,27,4305.141766
4177,28,4298.025059
4178,26,4307.094357
4178,27,4305.141766
4178,28,4298.025059
4179,26,4307.094357
4179,27,4305.141766
4179,28,4298.025059
4180,26,4307.094357
4180,27,4305.141766
4180,28,4298.025059
4181,26,4307.094357
4181,27,4305.141766
4181,28,4298.025059
4182,26,4307.094357
4182,27,4305.141766
4182,28,4298.025059
4183,26,4307.094357
4183,27,4305.141766
4183,28,4298.025059
4184,26,4307.094357
4184,27,4305.141766
4184,28,4298.025059
4185,26,4307.094357
4185,27,4305.141766
4185,28,4298.025059
4186,26,4307.094357
4186,27,4305.141766
4186,28,4298.025059
4187,26,4307.094357
4187,27,4305.141766
4187,28,4298.025059
4188,26,4307.094357
4188,27,4305.141766
4188,28,4298.025059
4189,26,4307.094357
4189,27,4305.141766
4189,28,4298.025059
4190,26,4307.094357
4190,27,4305.141766
4190,28,4298.025059
4191,26,4307.094357
4191,27,4305.141766
4191,28,4298.025059
4192,26,4307.094357
4192,27,4305.141766
4192,28,4298.025059
4193,26,4307.094357
4193,27,4305.141766
4193,28,4298.025059
4194,26,4307.094357
4194,27,4305.141766
4194,28,4298.025059
4195,26,4307.094357
4195,27,4305.141766
4195,28,4298.025059
4196,26,4307.094357
4196,27,4305.141766
4196,28,4298.025059
4197,26,4307.094357
4197,27,4305.141766
4197,28,4298.025059
4198,26,4307.094357
4198,27,4305.141766
4198,28,4298.025059
4199,26,4307.094357
4199,27,4305.141766
4199,28,4298.025059
4200,26,4307.094357
4200,27,4305.141766
4200,28,4298.025059
4201,26,4307.094357
4201,27,4305.141766
4201,28,4298.025059
4202,26,4307.094357
4202,27,4305.141766
4202,28,4298.025059
4203,26,4307.094357
4203,27,4305.141766
4203,28,4298.025059
4204,26,4307.094357
4204,27,4305.141766
4204,28,4298.025059
4205,26,4307.094357
4205,27,4305.141766
4205,28,4298.025059
4206,26,4307.094357
4206,27,4305.141766
4206,28,4298.025059
4207,26,4307.094357
4207,27,4305.141766
4207,28,4298.025059
4208,26,4307.094357
4208,27,4305.141766
4208,28,4298.025059
4209,26,4307.094357
4209,27,4305.141766
4209,28,4298.025059
4210,26,4307.094357
4210,27,4305.141766
4210,28,4298.025059
4211,26,4307.094357
4211,27,4305.141766
4211,28,4298.025059
4212,26,4307.094357
4212,27,4305.141766
4212,28,4298.025059
4213,26,4307.094357
4213,27,4305.141766
4213,28,4298.025059
4214,26,4307.094357
4214,27,4305.141766
4214,28,4298.025059
4215,26,4307.094357
4215,27,4305.141766
4215,28,4298.025059
4216,26,4307.094357
4216,27,4305.141766
4216,28,4298.025059
4217,26,4307.094357
4217,27,4305.141766
4217,28,4298.025059
4218,26,4307.094357
4218,27,4305.141766
4218,28,4298.025059
4219,26,4307.094357
4219,27,4305.141766
4219,28,4298.025059
4220,26,4307.094357
4220,27,4305.141766
4220,28,4298.025059
4221,26,4307.094357
4221,27,4305.141766
4221,28,4298.025059
4222,26,4307.094357
4222,27,4305.141766
4222,28,4298.025059
4223,26,4307.094357
4223,27,4305.141766
4223,28,4298.025059
4224,26,4307.094357
4224,27,4305.141766
4224,28,4298.025059
4225,26,4307.094357
4225,27,4305.141766
4225,28,4298.025059
4226,26,4307.094357
4226,27,4305.141766
4226,28,4298.025059
4227,26,4307.094357
4227,27,4305.141766
4227,28,4298.025059
4228,26,4307.094357
4228,27,4305.141766
4228,28,4298.025059
4229,26,4307.094357
4229,27,4305.141766
4229,28,4298.025059
4230,26,4307.094357
4230,27,4305.141766
4230,28,4298.025059
4231,26,4307.094357
4231,27,4305.141766
4231,28,4298.025059
4232,26,4307.094357
4232,27,4305.141766
4232,28,4298.025059
4233,26,4307.094357
4233,27,4305.141766
4233,28,4298.025059
4234,26,4307.094357
4234,27,4305.141766
4234,28,4298.025059
4235,26,4307.094357
4235,27,4305.141766
4235,28,4298.025059
4236,26,4307.094357
4236,27,4305.141766
4236,28,4298.025059
4237,26,4307.094357
4237,27,4305.141766
4237,28,4298.025059
4238,26,4307.094357
4238,27,4305.141766
4238,28,4298.025059
4239,26,4307.094357
4239,27,4305.141766
4239,28,4298.025059
4240,26,4307.094357
4240,27,4305.141766
4240,28,4298.025059
4241,26,4307.094357
4241,27,4305.141766
4241,28,4298.025059
4242,26,4307.094357
4242,27,4305.141766
4242,28,4298.025059
4243,26,4307.094357
4243,27,4305.141766
4243,28,4298.025059
4244,26,4307.094357
4244,27,4305.141766
4244,28,4298.025059
4245,26,4307.094357
4245,27,4305.141766
4245,28,4298.025059
4246,26,4307.094357
4246,27,4305.141766
4246,28,4298.025059
4247,26,4307.094357
4247,27,4305.141766
4247,28,4298.025059
4248,26,4307.094357
4248,27,4305.141766
4248,28,4298.025059
4249,26,4307.094357
4249,27,4305.141766
4249,28,4298.025059
4250,26,4307.094357
4250,27,4305.141766
4250,28,4298.025059
4251,26,4307.094357
4251,27,4305.141766
4251,28,4298.025059
4252,26,4307.094357
4252,27,4305.141766
4252,28,4298.025059
4253,26,4307.094357
4253,27,4305.141766
4253,28,4298.025059
4254,26,4307.094357
4254,27,4305.141766
4254,28,4298.025059
4255,26,4307.094357
4255,27,4305.141766
4255,28,4298.025059
4256,26,4307.094357
4256,27,4305.141766
4256,28,4298.025059
4257,26,4307.094357
4257,27,4305.141766
4257,28,4298.025059
4258,26,4307.094357
4258,27,4305.141766
4258,28,4298.025059
4259,26,4307.094357
4259,27,4305.141766
4259,28,4298.025059
4260,26,4307.094357
4260,27,4305.141766
4260,28,4298.025059
4261,26,4307.094357
4261,27,4305.141766
4261,28,4298.025059
4262,26,4307.094357
4262,27,4305.141766
4262,28,4298.025059
4263,26,4307.094357
4263,27,4305.141766
4263,28,4298.025059
4264,26,4307.094357
4264,27,4305.141766
4264,28,4298.025059
4265,26,4307.094357
4265,27,4305.141766
4265,28,4298.025059
4266,26,4307.094357
4266,27,4305.141766
4266,28,4298.025059
4267,26,4307.094357
4267,27,4305.141766
4267,28,4298.025059
4268,26,4307.094357
4268,27,4305.141766
4268,28,4298.025059
4269,26,4307.094357
4269,27,4305.141766
4269,28,4298.025059
4270,26,4307.094357
4270,27,4305.141766
4270,28,4298.025059
4271,26,4307.094357
4271,27,4305.141766
4271,28,4298.025059
4272,26,4307.094357
4272,27,4305.141766
4272,28,4298.025059
4273,26,4307.094357
4273,27,4305.141766
4273,28,4298.025059
4274,26,4307.094357
4274,27,4305.141766
4274,28,4298.025059
4275,26,4307.094357
4275,27,4305.141766
4275,28,4298.025059
4276,26,4307.094357
4276,27,4305.141766
4276,28,4298.025059
4277,26,4307.094357
4277,27,4305.141766
4277,28,4298.025059
4278,26,4307.094357
4278,27,4305.141766
4278,28,4298.025059
4279,26,4307.094357
4279,27,4305.141766
4279,28,4298.025059
4280,26,4307.094357
4280,27,4305.141766
4280,28,4298.025059
4281,26,4307.094357
4281,27,4305.141766
4281,28,4298.025059
4282,26,4307.094357
4282,27,4305.141766
4282,28,4298.025059
4283,26,4307.094357
4283,27,4305.141766
4283,28,4298.025059
4284,26,4307.094357
4284,27,4305.141766
4284,28,4298.025059
4285,26,4307.094357
4285,27,4305.141766
4285,28,4298.025059
4286,26,4307.094357
4286,27,4305.141766
4286,28,4298.025059
4287,26,4307.094357
4287,27,4305.141766
4287,28,4298.025059
4288,26,4307.094357
4288,27,4305.141766
4288,28,4298.025059
4289,26,4307.094357
4289,27,4305.141766
4289,28,4298.025059
4290,26,4307.094357
4290,27,4305.141766
4290,28,4298.025059
4291,26,4307.094357
4291,27,4305.141766
4291,28,4298.025059
4292,26,4307.094357
4292,27,4305.141766
4292,28,4298.025059
4293,26,4307.094357
4293,27,4305.141766
4293,28,4298.025059
4294,26,4307.094357
4294,27,4305.141766
4294,28,4298.025059
4295,26,4307.094357
4295,27,4305.141766
4295,28,4298.025059
4296,26,4307.094357
4296,27,4305.141766
4296,28,4298.025059
4297,26,4307.094357
4297,27,4305.141766
4297,28,4298.025059
4298,26,4307.094357
4298,27,4305.141766
4298,28,4298.025059
4299,26,4307.094357
4299,27,4305.141766
4299,28,4298.025059
4300,26,4307.094357
4300,27,4305.141766
4300,28,4298.025059
4301,26,4307.094357
4301,27,4305.141766
4301,28,4298.025059
4302,26,4307.094357
4302,27,4305.141766
4302,28,4298.025059
4303,26,4307.094357
4303,27,4305.141766
4303,28,4298.025059
4304,26,4307.094357
4304,27,4305.141766
4304,28,4298.025059
4305,26,4307.094357
4305,27,4305.141766
4305,28,4298.025059
4306,26,4307.094357
4306,27,4305.141766
4306,28,4298.025059
4307,26,4307.094357
4307,27,4305.141766
4307,28,4298.025059
4308,26,4307.094357
4308,27,4305.141766
4308,28,4298.025059
4309,26,4307.094357
4309,27,4305.141766
4309,28,4298.025059
4310,26,4307.094357
4310,27,4305.141766
4310,28,4298.025059
4311,26,4307.094357
4311,27,4305.141766
4311,28,4298.025059
4312,26,4307.094357
4312,27,4305.141766
4312,28,4298.025059
4313,26,4307.094357
4313,27,4305.141766
4313,28,4298.025059
4314,26,4307.094357
4314,27,4305.141766
4314,28,4298.025059
4315,26,4307.094357
4315,27,4305.141766
4315,28,4298.025059
4316,26,4307.094357
4316,27,4305.141766
4316,28,4298.025059
4317,26,4307.094357
4317,27,4305.141766
4317,28,4298.025059
4318,26,4307.094357
4318,27,4305.141766
4318,28,4298.025059
4319,26,4307.094357
4319,27,4305.141766
4319,28,4298.025059
4320,26,4307.094357
4320,27,4305.141766
4320,28,4298.025059
4321,26,4307.094357
4321,27,4305.141766
4321,28,4298.025059
4322,26,4307.094357
4322,27,4305.141766
4322,28,4298.025059
4323,26,4307.094357
4323,27,4305.141766
4323,28,4298.025059
4324,26,4307.094357
4324,27,4305.141766
4324,28,4298.025059
4325,26,4307.094357
4325,27,4305.141766
4325,28,4298.025059
4326,26,4307.094357
4326,27,4305.141766
4326,28,4298.025059
4327,26,4307.094357
4327,27,4305.141766
4327,28,4298.025059
4328,26,4307.094357
4328,27,4305.141766
4328,28,4298.025059
4329,26,4307.094357
4329,27,4305.141766
4329,28,4298.025059
4330,26,4307.094357
4330,27,4305.141766
4330,28,4298.025059
4331,26,4307.094357
4331,27,4305.141766
4331,28,4298.025059
4332,26,4307.094357
4332,27,4305.141766
4332,28,4298.025059
4333,26,4307.094357
4333,27,4305.141766
4333,28,4298.025059
4334,26,4307.094357
4334,27,4305.141766
4334,28,4298.025059
4335,26,4307.094357
4335,27,4305.141766
4335,28,4298.025059
4336,26,4307.094357
4336,27,4305.141766
4336,28,4298.025059
4337,26,4307.094357
4337,27,4305.141766
4337,28,4298.025059
4338,26,4307.094357
4338,27,4305.141766
4338,28,4298.025059
4339,26,4307.094357
4339,27,4305.141766
4339,28,4298.025059
4340,26,4307.094357
4340,27,4305.141766
4340,28,4298.025059
4341,26,4307.094357
4341,27,4305.141766
4341,28,4298.025059
4342,26,4307.094357
4342,27,4305.141766
4342,28,4298.025059
4343,26,4307.094357
4343,27,4305.141766
4343,28,4298.025059
4344,26,4307.094357
4344,27,4305.141766
4344,28,4298.025059
4345,26,4307.094357
4345,27,4305.141766
4345,28,4298.025059
4346,26,4307.094357
4346,27,4305.141766
4346,28,4298.025059
4347,26,4307.094357
4347,27,4305.141766
4347,28,4298.025059
4348,26,4307.094357
4348,27,4305.141766
4348,28,4298.025059
4349,26,4307.094357
4349,27,4305.141766
4349,28,4298.025059
4350,26,4307.094357
4350,27,4305.141766
4350,28,4298.025059
4351,26,4307.094357
4351,27,4305.141766
4351,28,4298.025059
4352,26,4307.094357
4352,27,4305.141766
4352,28,4298.025059
4353,26,4307.094357
4353,27,4305.141766
4353,28,4298.025059
4354,26,4307.094357
4354,27,4305.141766
4354,28,4298.025059
4355,26,4307.094357
4355,27,4305.141766
4355,28,4298.025059
4356,26,4307.094357
4356,27,4305.141766
4356,28,4298.025059
4357,26,4307.094357
4357,27,4305.141766
4357,28,4298.025059
4358,26,4307.094357
4358,27,4305.141766
4358,28,4298.025059
4359,26,4307.094357
4359,27,4305.141766
4359,28,4298.025059
4360,26,4307.094357
4360,27,4305.141766
4360,28,4298.025059
4361,26,4307.094357
4361,27,4305.141766
4361,28,4298.025059
4362,26,4307.094357
4362,27,4305.141766
4362,28,4298.025059
4363,26,4307.094357
4363,27,4305.141766
4363,28,4298.025059
4364,26,4307.094357
4364,27,4305.141766
4364,28,4298.025059
4365,26,4307.094357
4365,27,4305.141766
4365,28,4298.025059
4366,26,4307.094357
4366,27,4305.141766
4366,28,4298.025059
4367,26,4307.094357
4367,27,4305.141766
4367,28,4298.025059
4368,26,4307.094357
4368,27,4305.141766
4368,28,4298.025059
4369,26,4307.094357
4369,27,4305.141766
4369,28,4298.025059
4370,26,4307.094357
4370,27,4305.141766
4370,28,4298.025059
4371,26,4307.094357
4371,27,4305.141766
4371,28,4298.025059
4372,26,4307.094357
4372,27,4305.141766
4372,28,4298.025059
4373,26,4307.094357
4373,27,4305.141766
4373,28,4298.025059
4374,26,4307.094357
4374,27,4305.141766
4374,28,4298.025059
4375,26,4307.094357
4375,27,4305.141766
4375,28,4298.025059
4376,26,4307.094357
4376,27,4305.141766
4376,28,4298.025059
4377,26,4307.094357
4377,27,4305.141766
4377,28,4298.025059
4378,26,4307.094357
4378,27,4305.141766
4378,28,4298.025059
4379,26,4307.094357
4379,27,4305.141766
4379,28,4298.025059
4380,26,4307.094357
4380,27,4305.141766
4380,28,4298.025059
4381,26,4307.094357
4381,27,4305.141766
4381,28,4298.025059
4382,26,4307.094357
4382,27,4305.141766
4382,28,4298.025059
4383,26,4307.094357
4383,27,4305.141766
4383,28,4298.025059
4384,26,4307.094357
4384,27,4305.141766
4384,28,4298.025059
4385,26,4307.094357
4385,27,4305.141766
4385,28,4298.025059
4386,26,4307.094357
4386,27,4305.141766
4386,28,4298.025059
4387,26,4307.094357
4387,27,4305.141766
4387,28,4298.025059
4388,26,4307.094357
4388,27,4305.141766
4388,28,4298.025059
4389,26,4307.094357
4389,27,4305.141766
4389,28,4298.025059
4390,26,4307.094357
4390,27,4305.141766
4390,28,4298.025059
4391,26,4307.094357
4391,27,4305.141766
4391,28,4298.025059
4392,26,4307.094357
4392,27,4305.141766
4392,28,4298.025059
4393,26,4307.094357
4393,27,4305.141766
4393,28,4298.025059
4394,26,4307.094357
4394,27,4305.141766
4394,28,4298.025059
4395,26,4307.094357
4395,27,4305.141766
4395,28,4298.025059
4396,26,4307.094357
4396,27,4305.141766
4396,28,4298.025059
4397,26,4307.094357
4397,27,4305.141766
4397,28,4298.025059
4398,26,4307.094357
4398,27,4305.141766
4398,28,4298.025059
4399,26,4307.094357
4399,27,4305.141766
4399,28,4298.025059
4400,26,4307.094357
4400,27,4305.141766
4400,28,4298.025059
4401,26,4307.094357
4401,27,4305.141766
4401,28,4298.025059
4402,26,4307.094357
4402,27,4305.141766
4402,28,4298.025059
4403,26,4307.094357
4403,27,4305.141766
4403,28,4298.025059
4404,26,4307.094357
4404,27,4305.141766
4404,28,4298.025059
4405,26,4307.094357
4405,27,4305.141766
4405,28,4298.025059
4406,26,4307.094357
4406,27,4305.141766
4406,28,4298.025059
4407,26,4307.094357
4407,27,4305.141766
4407,28,4298.025059
4408,26,4307.094357
4408,27,4305.141766
4408,28,4298.025059
4409,26,4307.094357
4409,27,4305.141766
4409,28,4298.025059
4410,26,4307.094357
4410,27,4305.141766
4410,28,4298.025059
4411,26,4307.094357
4411,27,4305.141766
4411,28,4298.025059
4412,26,4307.094357
4412,27,4305.141766
4412,28,4298.025059
4413,26,4307.094357
4413,27,4305.141766
4413,28,4298.025059
4414,26,4307.094357
4414,27,4305.141766
4414,28,4298.025059
4415,26,4307.094357
4415,27,4305.141766
4415,28,4298.025059
4416,26,4307.094357
4416,27,4305.141766
4416,28,4298.025059
4417,26,4307.094357
4417,27,4305.141766
4417,28,4298.025059
4418,26,4307.094357
4418,27,4305.141766
4418,28,4298.025059
4419,26,4307.094357
4419,27,4305.141766
4419,28,4298.025059
4420,26,4307.094357
4420,27,4305.141766
4420,28,4298.025059
4421,26,4307.094357
4421,27,4305.141766
4421,28,4298.025059
4422,26,4307.094357
4422,27,4305.141766
4422,28,4298.025059
4423,26,4307.094357
4423,27,4305.141766
4423,28,4298.025059
4424,26,4307.094357
4424,27,4305.141766
4424,28,4298.025059
4425,26,4307.094357
4425,27,4305.141766
4425,28,4298.025059
4426,26,4307.094357
4426,27,4305.141766
4426,28,4298.025059
4427,26,4307.094357
4427,27,4305.141766
4427,28,4298.025059
4428,26,4307.094357
4428,27,4305.141766
4428,28,4298.025059
4429,26,4307.094357
4429,27,4305.141766
4429,28,4298.025059
4430,26,4307.094357
4430,27,4305.141766
4430,28,4298.025059
4431,26,4307.094357
4431,27,4305.141766
4431,28,4298.025059
4432,26,4307.094357
4432,27,4305.141766
4432,28,4298.025059
4433,26,4307.094357
4433,27,4305.141766
4433,28,4298.025059
4434,26,4307.094357
4434,27,4305.141766
4434,28,4298.025059
4435,26,4307.094357
4435,27,4305.141766
4435,28,4298.025059
4436,26,4307.094357
4436,27,4305.141766
4436,28,4298.025059
4437,26,4307.094357
4437,27,4305.141766
4437,28,4298.025059
4438,26,4307.094357
4438,27,4305.141766
4438,28,4298.025059
4439,26,4307.094357
4439,27,4305.141766
4439,28,4298.025059
4440,26,4307.094357
4440,27,4305.141766
4440,28,4298.025059
4441,26,4307.094357
4441,27,4305.141766
4441,28,4298.025059
4442,26,4307.094357
4442,27,4305.141766
4442,28,4298.025059
4443,26,4307.094357
4443,27,4305.141766
4443,28,4298.025059
4444,26,4307.094357
4444,27,4305.141766
4444,28,4298.025059
4445,26,4307.094357
4445,27,4305.141766
4445,28,4298.025059
4446,26,4307.094357
4446,27,4305.141766
4446,28,4298.025059
4447,26,4307.094357
4447,27,4305.141766
4447,28,4298.025059
4448,26,4307.094357
4448,27,4305.141766
4448,28,4298.025059
4449,26,4307.094357
4449,27,4305.141766
4449,28,4298.025059
4450,26,4307.094357
4450,27,4305.141766
4450,28,4298.025059
4451,26,4307.094357
4451,27,4305.141766
4451,28,4298.025059
4452,26,4307.094357
4452,27,4305.141766
4452,28,4298.025059
4453,26,4307.094357
4453,27,4305.141766
4453,28,4298.025059
4454,26,4307.094357
4454,27,4305.141766
4454,28,4298.025059
4455,26,4307.094357
4455,27,4305.141766
4455,28,4298.025059
4456,26,4307.094357
4456,27,4305.141766
4456,28,4298.025059
4457,26,4307.094357
4457,27,4305.141766
4457,28,4298.025059
4458,26,4307.094357
4458,27,4305.141766
4458,28,4298.025059
4459,26,4307.094357
4459,27,4305.141766
4459,28,4298.025059
4460,26,4307.094357
4460,27,4305.141766
4460,28,4298.025059
4461,26,4307.094357
4461,27,4305.141766
4461,28,4298.025059
4462,26,4307.094357
4462,27,4305.141766
4462,28,4298.025059
4463,26,4307.094357
4463,27,4305.141766
4463,28,4298.025059
4464,26,4307.094357
4464,27,4305.141766
4464,28,4298.025059
4465,26,4307.094357
4465,27,4305.141766
4465,28,4298.025059
4466,26,4307.094357
4466,27,4305.141766
4466,28,4298.025059
4467,26,4307.094357
4467,27,4305.141766
4467,28,4298.025059
4468,26,4307.094357
4468,27,4305.141766
4468,28,4298.025059
4469,26,4307.094357
4469,27,4305.141766
4469,28,4298.025059
4470,26,4307.094357
4470,27,4305.141766
4470,28,4298.025059
4471,26,4307.094357
4471,27,4305.141766
4471,28,4298.025059
4472,26,4307.094357
4472,27,4305.141766
4472,28,4298.025059
4473,26,4307.094357
4473,27,4305.141766
4473,28,4298.025059
4474,26,4307.094357
4474,27,4305.141766
4474,28,4298.025059
4475,26,4307.094357
4475,27,4305.141766
4475,28,4298.025059
4476,26,4307.094357
4476,27,4305.141766
4476,28,4298.025059
4477,26,4307.094357
4477,27,4305.141766
4477,28,4298.025059
4478,26,4307.094357
4478,27,4305.141766
4478,28,4298.025059
4479,26,4307.094357
4479,27,4305.141766
4479,28,4298.025059
4480,26,4307.094357
4480,27,4305.141766
4480,28,4298.025059
4481,26,4307.094357
4481,27,4305.141766
4481,28,4298.025059
4482,26,4307.094357
4482,27,4305.141766
4482,28,4298.025059
4483,26,4307.094357
4483,27,4305.141766
4483,28,4298.025059
4484,26,4307.094357
4484,27,4305.141766
4484,28,4298.025059
4485,26,4307.094357
4485,27,4305.141766
4485,28,4298.025059
4486,26,4307.094357
4486,27,4305.141766
4486,28,4298.025059
4487,26,4307.094357
4487,27,4305.141766
4487,28,4298.025059
4488,26,4307.094357
4488,27,4305.141766
4488,28,4298.025059
4489,26,4307.094357
4489,27,4305.141766
4489,28,4298.025059
4490,26,4307.094357
4490,27,4305.141766
4490,28,4298.025059
4491,26,4307.094357
4491,27,4305.141766
4491,28,4298.025059
4492,26,4307.094357
4492,27,4305.141766
4492,28,4298.025059
4493,26,4307.094357
4493,27,4305.141766
4493,28,4298.025059
4494,26,4307.094357
4494,27,4305.141766
4494,28,4298.025059
4495,26,4307.094357
4495,27,4305.141766
4495,28,4298.025059
4496,26,4307.094357
4496,27,4305.141766
4496,28,4298.025059
4497,26,4307.094357
4497,27,4305.141766
4497,28,4298.025059
4498,26,4307.094357
4498,27,4305.141766
4498,28,4298.025059
4499,26,4307.094357
4499,27,4305.141766
4499,28,4298.025059
4500,26,4307.094357
4500,27,4305.141766
4500,28,4298.025059
4501,26,4307.094357
4501,27,4305.141766
4501,28,4298.025059
4502,26,4307.094357
4502,27,4305.141766
4502,28,4298.025059
4503,26,4307.094357
4503,27,4305.141766
4503,28,4298.025059
4504,26,4307.094357
4504,27,4305.141766
4504,28,4298.025059
4505,26,4307.094357
4505,27,4305.141766
4505,28,4298.025059
4506,26,4307.094357
4506,27,4305.141766
4506,28,4298.025059
4507,26,4307.094357
4507,27,4305.141766
4507,28,4298.025059
4508,26,4307.094357
4508,27,4305.141766
4508,28,4298.025059
4509,26,4307.094357
4509,27,4305.141766
4509,28,4298.025059
4510,26,4307.094357
4510,27,4305.141766
4510,28,4298.025059
4511,26,4307.094357
4511,27,4305.141766
4511,28,4298.025059
4512,26,4307.094357
4512,27,4305.141766
4512,28,4298.025059
4513,26,4307.094357
4513,27,4305.141766
4513,28,4298.025059
4514,26,4307.094357
4514,27,4305.141766
4514,28,4298.025059
4515,26,4307.094357
4515,27,4305.141766
4515,28,4298.025059
4516,26,4307.094357
4516,27,4305.141766
4516,28,4298.025059
4517,26,4307.094357
4517,27,4305.141766
4517,28,4298.025059
4518,26,4307.094357
4518,27,4305.141766
4518,28,4298.025059
4519,26,4307.094357
4519,27,4305.141766
4519,28,4298.025059
4520,26,4307.094357
4520,27,4305.141766
4520,28,4298.025059
4521,26,4307.094357
4521,27,4305.141766
4521,28,4298.025059
4522,26,4307.094357
4522,27,4305.141766
4522,28,4298.025059
4523,26,4307.094357
4523,27,4305.141766
4523,28,4298.025059
4524,26,4307.094357
4524,27,4305.141766
4524,28,4298.025059
4525,26,4307.094357
4525,27,4305.141766
4525,28,4298.025059
4526,26,4307.094357
4526,27,4305.141766
4526,28,4298.025059
4527,26,4307.094357
4527,27,4305.141766
4527,28,4298.025059
4528,26,4307.094357
4528,27,4305.141766
4528,28,4298.025059
4529,26,4307.094357
4529,27,4305.141766
4529,28,4298.025059
4530,26,4307.094357
4530,27,4305.141766
4530,28,4298.025059
4531,26,4307.094357
4531,27,4305.141766
4531,28,4298.025059
4532,26,4307.094357
4532,27,4305.141766
4532,28,4298.025059
4533,26,4307.094357
4533,27,4305.141766
4533,28,4298.025059
4534,26,4307.094357
4534,27,4305.141766
4534,28,4298.025059
4535,26,4307.094357
4535,27,4305.141766
4535,28,4298.025059
4536,26,4307.094357
4536,27,4305.141766
4536,28,4298.025059
4537,26,4307.094357
4537,27,4305.141766
4537,28,4298.025059
4538,26,4307.094357
4538,27,4305.141766
4538,28,4298.025059
4539,26,4307.094357
4539,27,4305.141766
4539,28,4298.025059
4540,26,4307.094357
4540,27,4305.141766
4540,28,4298.025059
4541,26,4307.094357
4541,27,4305.141766
4541,28,4298.025059
4542,26,4307.094357
4542,27,4305.141766
4542,28,4298.025059
4543,26,4307.094357
4543,27,4305.141766
4543,28,4298.025059
4544,26,4307.094357
4544,27,4305.141766
4544,28,4298.025059
4545,26,4307.094357
4545,27,4305.141766
4545,28,4298.025059
4546,26,4307.094357
4546,27,4305.141766
4546,28,4298.025059
4547,26,4307.094357
4547,27,4305.141766
4547,28,4298.025059
4548,26,4307.094357
4548,27,4305.141766
4548,28,4298.025059
4549,26,4307.094357
4549,27,4305.141766
4549,28,4298.025059
4550,26,4307.094357
4550,27,4305.141766
4550,28,4298.025059
4551,26,4307.094357
4551,27,4305.141766
4551,28,4298.025059
4552,26,4307.094357
4552,27,4305.141766
4552,28,4298.025059
4553,26,4307.094357
4553,27,4305.141766
4553,28,4298.025059
4554,26,4307.094357
4554,27,4305.141766
4554,28,4298.025059
4555,26,4307.094357
4555,27,4305.141766
4555,28,4298.025059
4556,26,4307.094357
4556,27,4305.141766
4556,28,4298.025059
4557,26,4307.094357
4557,27,4305.141766
4557,28,4298.025059
4558,26,4307.094357
4558,27,4305.141766
4558,28,4298.025059
4559,26,4307.094357
4559,27,4305.141766
4559,28,4298.025059
4560,26,4307.094357
4560,27,4305.141766
4560,28,4298.025059
4561,26,4307.094357
4561,27,4305.141766
4561,28,4298.025059
4562,26,4307.094357
4562,27,4305.141766
4562,28,4298.025059
4563,26,4307.094357
4563,27,4305.141766
4563,28,4298.025059
4564,26,4307.094357
4564,27,4305.141766
4564,28,4298.025059
4565,26,4307.094357
4565,27,4305.141766
4565,28,4298.025059
4566,26,4307.094357
4566,27,4305.141766
4566,28,4298.025059
4567,26,4307.094357
4567,27,4305.141766
4567,28,4298.025059
4568,26,4307.094357
4568,27,4305.141766
4568,28,4298.025059
4569,26,4307.094357
4569,27,4305.141766
4569,28,4298.025059
4570,26,4307.094357
4570,27,4305.141766
4570,28,4298.025059
4571,26,4307.094357
4571,27,4305.141766
4571,28,4298.025059
4572,26,4307.094357
4572,27,4305.141766
4572,28,4298.025059
4573,26,4307.094357
4573,27,4305.141766
4573,28,4298.025059
4574,26,4307.094357
4574,27,4305.141766
4574,28,4298.025059
4575,26,4307.094357
4575,27,4305.141766
4575,28,4298.025059
4576,26,4307.094357
4576,27,4305.141766
4576,28,4298.025059
4577,26,4307.094357
4577,27,4305.141766
4577,28,4298.025059
4578,26,4307.094357
4578,27,4305.141766
4578,28,4298.025059
4579,26,4307.094357
4579,27,4305.141766
4579,28,4298.025059
4580,26,4307.094357
4580,27,4305.141766
4580,28,4298.025059
4581,26,4307.094357
4581,27,4305.141766
4581,28,4298.025059
4582,26,4307.094357
4582,27,4305.141766
4582,28,4298.025059
4583,26,4307.094357
4583,27,4305.141766
4583,28,4298.025059
4584,26,4307.094357
4584,27,4305.141766
4584,28,4298.025059
4585,26,4307.094357
4585,27,4305.141766
4585,28,4298.025059
4586,26,4307.094357
4586,27,4305.141766
4586,28,4298.025059
4587,26,4307.094357
4587,27,4305.141766
4587,28,4298.025059
4588,26,4307.094357
4588,27,4305.141766
4588,28,4298.025059
4589,26,4307.094357
4589,27,4305.141766
4589,28,4298.025059
4590,26,4307.094357
4590,27,4305.141766
4590,28,4298.025059
4591,26,4307.094357
4591,27,4305.141766
4591,28,4298.025059
4592,26,4307.094357
4592,27,4305.141766
4592,28,4298.025059
4593,26,4307.094357
4593,27,4305.141766
4593,28,4298.025059
4594,26,4307.094357
4594,27,4305.141766
4594,28,4298.025059
4595,26,4307.094357
4595,27,4305.141766
4595,28,4298.025059
4596,26,4307.094357
4596,27,4305.141766
4596,28,4298.025059
4597,26,4307.094357
4597,27,4305.141766
4597,28,4298.025059
4598,26,4307.094357
4598,27,4305.141766
4598,28,4298.025059
4599,26,4307.094357
4599,27,4305.141766
4599,28,4298.025059
4600,26,4307.094357
4600,27,4305.141766
4600,28,4298.025059
4601,26,4307.094357
4601,27,4305.141766
4601,28,4298.025059
4602,26,4307.094357
4602,27,4305.141766
4602,28,4298.025059
4603,26,4307.094357
4603,27,4305.141766
4603,28,4298.025059
4604,26,4307.094357
4604,27,4305.141766
4604,28,4298.025059
4605,26,4307.094357
4605,27,4305.141766
4605,28,4298.025059
4606,26,4307.094357
4606,27,4305.141766
4606,28,4298.025059
4607,26,4307.094357
4607,27,4305.141766
4607,28,4298.025059
4608,26,4307.094357
4608,27,4305.141766
4608,28,4298.025059
4609,26,4307.094357
4609,27,4305.141766
4609,28,4298.025059
4610,26,4307.094357
4610,27,4305.141766
4610,28,4298.025059
4611,26,4307.094357
4611,27,4305.141766
4611,28,4298.025059
4612,26,4307.094357
4612,27,4305.141766
4612,28,4298.025059
4613,26,4307.094357
4613,27,4305.141766
4613,28,4298.025059
4614,26,4307.094357
4614,27,4305.141766
4614,28,4298.025059
4615,26,4307.094357
4615,27,4305.141766
4615,28,4298.025059
4616,26,4307.094357
4616,27,4305.141766
4616,28,4298.025059
4617,26,4307.094357
4617,27,4305.141766
4617,28,4298.025059
4618,26,4307.094357
4618,27,4305.141766
4618,28,4298.025059
4619,26,4307.094357
4619,27,4305.141766
4619,28,4298.025059
4620,26,4307.094357
4620,27,4305.141766
4620,28,4298.025059
4621,26,4307.094357
4621,27,4305.141766
4621,28,4298.025059
4622,26,4307.094357
4622,27,4305.141766
4622,28,4298.025059
4623,26,4307.094357
4623,27,4305.141766
4623,28,4298.025059
4624,26,4307.094357
4624,27,4305.141766
4624,28,4298.025059
4625,26,4307.094357
4625,27,4305.141766
4625,28,4298.025059
4626,26,4307.094357
4626,27,4305.141766
4626,28,4298.025059
4627,26,4307.094357
4627,27,4305.141766
4627,28,4298.025059
4628,26,4307.094357
4628,27,4305.141766
4628,28,4298.025059
4629,26,4307.094357
4629,27,4305.141766
4629,28,4298.025059
4630,26,4307.094357
4630,27,4305.141766
4630,28,4298.025059
4631,26,4307.094357
4631,27,4305.141766
4631,28,4298.025059
4632,26,4307.094357
4632,27,4305.141766
4632,28,4298.025059
4633,26,4307.094357
4633,27,4305.141766
4633,28,4298.025059
4634,26,4307.094357
4634,27,4305.141766
4634,28,4298.025059
4635,26,4307.094357
4635,27,4305.141766
4635,28,4298.025059
4636,26,4307.094357
4636,27,4305.141766
4636,28,4298.025059
4637,26,4307.094357
4637,27,4305.141766
4637,28,4298.025059
4638,26,4307.094357
4638,27,4305.141766
4638,28,4298.025059
4639,26,4307.094357
4639,27,4305.141766
4639,28,4298.025059
4640,26,4307.094357
4640,27,4305.141766
4640,28,4298.025059
4641,26,4307.094357
4641,27,4305.141766
4641,28,4298.025059
4642,26,4307.094357
4642,27,4305.141766
4642,28,4298.025059
4643,26,4307.094357
4643,27,4305.141766
4643,28,4298.025059
4644,26,4307.094357
4644,27,4305.141766
4644,28,4298.025059
4645,26,4307.094357
4645,27,4305.141766
4645,28,4298.025059
4646,26,4307.094357
4646,27,4305.141766
4646,28,4298.025059
4647,26,4307.094357
4647,27,4305.141766
4647,28,4298.025059
4648,26,4307.094357
4648,27,4305.141766
4648,28,4298.025059
4649,26,4307.094357
4649,27,4305.141766
4649,28,4298.025059
4650,26,4307.094357
4650,27,4305.141766
4650,28,4298.025059
4651,26,4307.094357
4651,27,4305.141766
4651,28,4298.025059
4652,26,4307.094357
4652,27,4305.141766
4652,28,4298.025059
4653,26,4307.094357
4653,27,4305.141766
4653,28,4298.025059
4654,26,4307.094357
4654,27,4305.141766
4654,28,4298.025059
4655,26,4307.094357
4655,27,4305.141766
4655,28,4298.025059
4656,26,4307.094357
4656,27,4305.141766
4656,28,4298.025059
4657,26,4307.094357
4657,27,4305.141766
4657,28,4298.025059
4658,26,4307.094357
4658,27,4305.141766
4658,28,4298.025059
4659,26,4307.094357
4659,27,4305.141766
4659,28,4298.025059
4660,26,4307.094357
4660,27,4305.141766
4660,28,4298.025059
4661,26,4307.094357
4661,27,4305.141766
4661,28,4298.025059
4662,26,4307.094357
4662,27,4305.141766
4662,28,4298.025059
4663,26,4307.094357
4663,27,4305.141766
4663,28,4298.025059
4664,26,4307.094357
4664,27,4305.141766
4664,28,4298.025059
4665,26,4307.094357
4665,27,4305.141766
4665,28,4298.025059
4666,26,4307.094357
4666,27,4305.141766
4666,28,4298.025059
4667,26,4307.094357
4667,27,4305.141766
4667,28,4298.025059
4668,26,4307.094357
4668,27,4305.141766
4668,28,4298.025059
4669,26,4307.094357
4669,27,4305.141766
4669,28,4298.025059
4670,26,4307.094357
4670,27,4305.141766
4670,28,4298.025059
4671,26,4307.094357
4671,27,4305.141766
4671,28,4298.025059
4672,26,4307.094357
4672,27,4305.141766
4672,28,4298.025059
4673,26,4307.094357
4673,27,4305.141766
4673,28,4298.025059
4674,26,4307.094357
4674,27,4305.141766
4674,28,4298.025059
4675,26,4307.094357
4675,27,4305.141766
4675,28,4298.025059
4676,26,4307.094357
4676,27,4305.141766
4676,28,4298.025059
4677,26,4307.094357
4677,27,4305.141766
4677,28,4298.025059
4678,26,4307.094357
4678,27,4305.141766
4678,28,4298.025059
4679,26,4307.094357
4679,27,4305.141766
4679,28,4298.025059
4680,26,4307.094357
4680,27,4305.141766
4680,28,4298.025059
4681,26,4307.094357
4681,27,4305.141766
4681,28,4298.025059
4682,26,4307.094357
4682,27,4305.141766
4682,28,4298.025059
4683,26,4307.094357
4683,27,4305.141766
4683,28,4298.025059
4684,26,4307.094357
4684,27,4305.141766
4684,28,4298.025059
4685,26,4307.094357
4685,27,4305.141766
4685,28,4298.025059
4686,26,4307.094357
4686,27,4305.141766
4686,28,4298.025059
4687,26,4307.094357
4687,27,4305.141766
4687,28,4298.025059
4688,26,4307.094357
4688,27,4305.141766
4688,28,4298.025059
4689,26,4307.094357
4689,27,4305.141766
4689,28,4298.025059
4690,26,4307.094357
4690,27,4305.141766
4690,28,4298.025059
4691,26,4307.094357
4691,27,4305.141766
4691,28,4298.025059
4692,26,4307.094357
4692,27,4305.141766
4692,28,4298.025059
4693,26,4307.094357
4693,27,4305.141766
4693,28,4298.025059
4694,26,4307.094357
4694,27,4305.141766
4694,28,4298.025059
4695,26,4307.094357
4695,27,4305.141766
4695,28,4298.025059
4696,26,4307.094357
4696,27,4305.141766
4696,28,4298.025059
4697,26,4307.094357
4697,27,4305.141766
4697,28,4298.025059
4698,26,4307.094357
4698,27,4305.141766
4698,28,4298.025059
4699,26,4307.094357
4699,27,4305.141766
4699,28,4298.025059
4700,26,4307.094357
4700,27,4305.141766
4700,28,4298.025059
4701,26,4307.094357
4701,27,4305.141766
4701,28,4298.025059
4702,26,4307.094357
4702,27,4305.141766
4702,28,4298.025059
4703,26,4307.094357
4703,27,4305.141766
4703,28,4298.025059
4704,26,4307.094357
4704,27,4305.141766
4704,28,4298.025059
4705,26,4307.094357
4705,27,4305.141766
4705,28,4298.025059
4706,26,4307.094357
4706,27,4305.141766
4706,28,4298.025059
4707,26,4307.094357
4707,27,4305.141766
4707,28,4298.025059
4708,26,4307.094357
4708,27,4305.141766
4708,28,4298.025059
4709,26,4307.094357
4709,27,4305.141766
4709,28,4298.025059
4710,26,4307.094357
4710,27,4305.141766
4710,28,4298.025059
4711,26,4307.094357
4711,27,4305.141766
4711,28,4298.025059
4712,26,4307.094357
4712,27,4305.141766
4712,28,4298.025059
4713,26,4307.094357
4713,27,4305.141766
4713,28,4298.025059
4714,26,4307.094357
4714,27,4305.141766
4714,28,4298.025059
4715,26,4307.094357
4715,27,4305.141766
4715,28,4298.025059
4716,26,4307.094357
4716,27,4305.141766
4716,28,4298.025059
4717,26,4307.094357
4717,27,4305.141766
4717,28,4298.025059
4718,26,4307.094357
4718,27,4305.141766
4718,28,4298.025059
4719,26,4307.094357
4719,27,4305.141766
4719,28,4298.025059
4720,26,4307.094357
4720,27,4305.141766
4720,28,4298.025059
4721,26,4307.094357
4721,27,4305.141766
4721,28,4298.025059
4722,26,4307.094357
4722,27,4305.141766
4722,28,4298.025059
4723,26,4307.094357
4723,27,4305.141766
4723,28,4298.025059
4724,26,4307.094357
4724,27,4305.141766
4724,28,4298.025059
4725,26,4307.094357
4725,27,4305.141766
4725,28,4298.025059
4726,26,4307.094357
4726,27,4305.141766
4726,28,4298.025059
4727,26,4307.094357
4727,27,4305.141766
4727,28,4298.025059
4728,26,4307.094357
4728,27,4305.141766
4728,28,4298.025059
4729,26,4307.094357
4729,27,4305.141766
4729,28,4298.025059
4730,26,4307.094357
4730,27,4305.141766
4730,28,4298.025059
4731,26,4307.094357
4731,27,4305.141766
4731,28,4298.025059
4732,26,4307.094357
4732,27,4305.141766
4732,28,4298.025059
4733,26,4307.094357
4733,27,4305.141766
4733,28,4298.025059
4734,26,4307.094357
4734,27,4305.141766
4734,28,4298.025059
4735,26,4307.094357
4735,27,4305.141766
4735,28,4298.025059
4736,26,4307.094357
4736,27,4305.141766
4736,28,4298.025059
4737,26,4307.094357
4737,27,4305.141766
4737,28,4298.025059
4738,26,4307.094357
4738,27,4305.141766
4738,28,4298.025059
4739,26,4307.094357
4739,27,4305.141766
4739,28,4298.025059
4740,26,4307.094357
4740,27,4305.141766
4740,28,4298.025059
4741,26,4307.094357
4741,27,4305.141766
4741,28,4298.025059
4742,26,4307.094357
4742,27,4305.141766
4742,28,4298.025059
4743,26,4307.094357
4743,27,4305.141766
4743,28,4298.025059
4744,26,4307.094357
4744,27,4305.141766
4744,28,4298.025059
4745,26,4307.094357
4745,27,4305.141766
4745,28,4298.025059
4746,26,4307.094357
4746,27,4305.141766
4746,28,4298.025059
4747,26,4307.094357
4747,27,4305.141766
4747,28,4298.025059
4748,26,4307.094357
4748,27,4305.141766
4748,28,4298.025059
4749,26,4307.094357
4749,27,4305.141766
4749,28,4298.025059
4750,26,4307.094357
4750,27,4305.141766
4750,28,4298.025059
4751,26,4307.094357
4751,27,4305.141766
4751,28,4298.025059
4752,26,4307.094357
4752,27,4305.141766
4752,28,4298.025059
4753,26,4307.094357
4753,27,4305.141766
4753,28,4298.025059
4754,26,4307.094357
4754,27,4305.141766
4754,28,4298.025059
4755,26,4307.094357
4755,27,4305.141766
4755,28,4298.025059
4756,26,4307.094357
4756,27,4305.141766
4756,28,4298.025059
4757,26,4307.094357
4757,27,4305.141766
4757,28,4298.025059
4758,26,4307.094357
4758,27,4305.141766
4758,28,4298.025059
4759,26,4307.094357
4759,27,4305.141766
4759,28,4298.025059
4760,26,4307.094357
4760,27,4305.141766
4760,28,4298.025059
4761,26,4307.094357
4761,27,4305.141766
4761,28,4298.025059
4762,26,4307.094357
4762,27,4305.141766
4762,28,4298.025059
4763,26,4307.094357
4763,27,4305.141766
4763,28,4298.025059
4764,26,4307.094357
4764,27,4305.141766
4764,28,4298.025059
4765,26,4307.094357
4765,27,4305.141766
4765,28,4298.025059
4766,26,4307.094357
4766,27,4305.141766
4766,28,4298.025059
4767,26,4307.094357
4767,27,4305.141766
4767,28,4298.025059
4768,26,4307.094357
4768,27,4305.141766
4768,28,4298.025059
4769,26,4307.094357
4769,27,4305.141766
4769,28,4298.025059
4770,26,4307.094357
4770,27,4305.141766
4770,28,4298.025059
4771,26,4307.094357
4771,27,4305.141766
4771,28,4298.025059
4772,26,4307.094357
4772,27,4305.141766
4772,28,4298.025059
4773,26,4307.094357
4773,27,4305.141766
4773,28,4298.025059
4774,26,4307.094357
4774,27,4305.141766
4774,28,4298.025059
4775,26,4307.094357
4775,27,4305.141766
4775,28,4298.025059
4776,26,4307.094357
4776,27,4305.141766
4776,28,4298.025059
4777,26,4307.094357
4777,27,4305.141766
4777,28,4298.025059
4778,26,4307.094357
4778,27,4305.141766
4778,28,4298.025059
4779,26,4307.094357
4779,27,4305.141766
4779,28,4298.025059
4780,26,4307.094357
4780,27,4305.141766
4780,28,4298.025059
4781,26,4307.094357
4781,27,4305.141766
4781,28,4298.025059
4782,26,4307.094357
4782,27,4305.141766
4782,28,4298.025059
4783,26,4307.094357
4783,27,4305.141766
4783,28,4298.025059
4784,26,4307.094357
4784,27,4305.141766
4784,28,4298.025059
4785,26,4307.094357
4785,27,4305.141766
4785,28,4298.025059
4786,26,4307.094357
4786,27,4305.141766
4786,28,4298.025059
4787,26,4307.094357
4787,27,4305.141766
4787,28,4298.025059
4788,26,4307.094357
4788,27,4305.141766
4788,28,4298.025059
4789,26,4307.094357
4789,27,4305.141766
4789,28,4298.025059
4790,26,4307.094357
4790,27,4305.141766
4790,28,4298.025059
4791,26,4307.094357
4791,27,4305.141766
4791,28,4298.025059
4792,26,4307.094357
4792,27,4305.141766
4792,28,4298.025059
4793,26,4307.094357
4793,27,4305.141766
4793,28,4298.025059
4794,26,4307.094357
4794,27,4305.141766
4794,28,4298.025059
4795,26,4307.094357
4795,27,4305.141766
4795,28,4298.025059
4796,26,4307.094357
4796,27,4305.141766
4796,28,4298.025059
4797,26,4307.094357
4797,27,4305.141766
4797,28,4298.025059
4798,26,4307.094357
4798,27,4305.141766
4798,28,4298.025059
4799,26,4307.094357
4799,27,4305.141766
4799,28,4298.025059
4800,26,4307.094357
4800,27,4305.141766
4800,28,4298.025059
4801,26,4307.094357
4801,27,4305.141766
4801,28,4298.025059
4802,26,4307.094357
4802,27,4305.141766
4802,28,4298.025059
4803,26,4307.094357
4803,27,4305.141766
4803,28,4298.025059
4804,26,4307.094357
4804,27,4305.141766
4804,28,4298.025059
4805,26,4307.094357
4805,27,4305.141766
4805,28,4298.025059
4806,26,4307.094357
4806,27,4305.141766
4806,28,4298.025059
4807,26,4307.094357
4807,27,4305.141766
4807,28,4298.025059
4808,26,4307.094357
4808,27,4305.141766
4808,28,4298.025059
4809,26,4307.094357
4809,27,4305.141766
4809,28,4298.025059
4810,26,4307.094357
4810,27,4305.141766
4810,28,4298.025059
4811,26,4307.094357
4811,27,4305.141766
4811,28,4298.025059
4812,26,4307.094357
4812,27,4305.141766
4812,28,4298.025059
4813,26,4307.094357
4813,27,4305.141766
4813,28,4298.025059
4814,26,4307.094357
4814,27,4305.141766
4814,28,4298.025059
4815,26,4307.094357
4815,27,4305.141766
4815,28,4298.025059
4816,26,4307.094357
4816,27,4305.141766
4816,28,4298.025059
4817,26,4307.094357
4817,27,4305.141766
4817,28,4298.025059
4818,26,4307.094357
4818,27,4305.141766
4818,28,4298.025059
4819,26,4307.094357
4819,27,4305.141766
4819,28,4298.025059
4820,26,4307.094357
4820,27,4305.141766
4820,28,4298.025059
4821,26,4307.094357
4821,27,4305.141766
4821,28,4298.025059
4822,26,4307.094357
4822,27,4305.141766
4822,28,4298.025059
4823,26,4307.094357
4823,27,4305.141766
4823,28,4298.025059
4824,26,4307.094357
4824,27,4305.141766
4824,28,4298.025059
4825,26,4307.094357
4825,27,4305.141766
4825,28,4298.025059
4826,26,4307.094357
4826,27,4305.141766
4826,28,4298.025059
4827,26,4307.094357
4827,27,4305.141766
4827,28,4298.025059
4828,26,4307.094357
4828,27,4305.141766
4828,28,4298.025059
4829,26,4307.094357
4829,27,4305.141766
4829,28,4298.025059
4830,26,4307.094357
4830,27,4305.141766
4830,28,4298.025059
4831,26,4307.094357
4831,27,4305.141766
4831,28,4298.025059
4832,26,4307.094357
4832,27,4305.141766
4832,28,4298.025059
4833,26,4307.094357
4833,27,4305.141766
4833,28,4298.025059
4834,26,4307.094357
4834,27,4305.141766
4834,28,4298.025059
4835,26,4307.094357
4835,27,4305.141766
4835,28,4298.025059
4836,26,4307.094357
4836,27,4305.141766
4836,28,4298.025059
4837,26,4307.094357
4837,27,4305.141766
4837,28,4298.025059
4838,26,4307.094357
4838,27,4305.141766
4838,28,4298.025059
4839,26,4307.094357
4839,27,4305.141766
4839,28,4298.025059
4840,26,4307.094357
4840,27,4305.141766
4840,28,4298.025059
4841,26,4307.094357
4841,27,4305.141766
4841,28,4298.025059
4842,26,4307.094357
4842,27,4305.141766
4842,28,4298.025059
4843,26,4307.094357
4843,27,4305.141766
4843,28,4298.025059
4844,26,4307.094357
4844,27,4305.141766
4844,28,4298.025059
4845,26,4307.094357
4845,27,4305.141766
4845,28,4298.025059
4846,26,4307.094357
4846,27,4305.141766
4846,28,4298.025059
4847,26,4307.094357
4847,27,4305.141766
4847,28,4298.025059
4848,26,4307.094357
4848,27,4305.141766
4848,28,4298.025059
4849,26,4307.094357
4849,27,4305.141766
4849,28,4298.025059
4850,26,4307.094357
4850,27,4305.141766
4850,28,4298.025059
4851,26,4307.094357
4851,27,4305.141766
4851,28,4298.025059
4852,26,4307.094357
4852,27,4305.141766
4852,28,4298.025059
4853,26,4307.094357
4853,27,4305.141766
4853,28,4298.025059
4854,26,4307.094357
4854,27,4305.141766
4854,28,4298.025059
4855,26,4307.094357
4855,27,4305.141766
4855,28,4298.025059
4856,26,4307.094357
4856,27,4305.141766
4856,28,4298.025059
4857,26,4307.094357
4857,27,4305.141766
4857,28,4298.025059
4858,26,4307.094357
4858,27,4305.141766
4858,28,4298.025059
4859,26,4307.094357
4859,27,4305.141766
4859,28,4298.025059
4860,26,4307.094357
4860,27,4305.141766
4860,28,4298.025059
4861,26,4307.094357
4861,27,4305.141766
4861,28,4298.025059
4862,26,4307.094357
4862,27,4305.141766
4862,28,4298.025059
4863,26,4307.094357
4863,27,4305.141766
4863,28,4298.025059
4864,26,4307.094357
4864,27,4305.141766
4864,28,4298.025059
4865,26,4307.094357
4865,27,4305.141766
4865,28,4298.025059
4866,26,4307.094357
4866,27,4305.141766
4866,28,4298.025059
4867,26,4307.094357
4867,27,4305.141766
4867,28,4298.025059
4868,26,4307.094357
4868,27,4305.141766
4868,28,4298.025059
4869,26,4307.094357
4869,27,4305.141766
4869,28,4298.025059
4870,26,4307.094357
4870,27,4305.141766
4870,28,4298.025059
4871,26,4307.094357
4871,27,4305.141766
4871,28,4298.025059
4872,26,4307.094357
4872,27,4305.141766
4872,28,4298.025059
4873,26,4307.094357
4873,27,4305.141766
4873,28,4298.025059
4874,26,4307.094357
4874,27,4305.141766
4874,28,4298.025059
4875,26,4307.094357
4875,27,4305.141766
4875,28,4298.025059
4876,26,4307.094357
4876,27,4305.141766
4876,28,4298.025059
4877,26,4307.094357
4877,27,4305.141766
4877,28,4298.025059
4878,26,4307.094357
4878,27,4305.141766
4878,28,4298.025059
4879,26,4307.094357
4879,27,4305.141766
4879,28,4298.025059
4880,26,4307.094357
4880,27,4305.141766
4880,28,4298.025059
4881,26,4307.094357
4881,27,4305.141766
4881,28,4298.025059
4882,26,4307.094357
4882,27,4305.141766
4882,28,4298.025059
4883,26,4307.094357
4883,27,4305.141766
4883,28,4298.025059
4884,26,4307.094357
4884,27,4305.141766
4884,28,4298.025059
4885,26,4307.094357
4885,27,4305.141766
4885,28,4298.025059
4886,26,4307.094357
4886,27,4305.141766
4886,28,4298.025059
4887,26,4307.094357
4887,27,4305.141766
4887,28,4298.025059
4888,26,4307.094357
4888,27,4305.141766
4888,28,4298.025059
4889,26,4307.094357
4889,27,4305.141766
4889,28,4298.025059
4890,26,4307.094357
4890,27,4305.141766
4890,28,4298.025059
4891,26,4307.094357
4891,27,4305.141766
4891,28,4298.025059
4892,26,4307.094357
4892,27,4305.141766
4892,28,4298.025059
4893,26,4307.094357
4893,27,4305.141766
4893,28,4298.025059
4894,26,4307.094357
4894,27,4305.141766
4894,28,4298.025059
4895,26,4307.094357
4895,27,4305.141766
4895,28,4298.025059
4896,26,4307.094357
4896,27,4305.141766
4896,28,4298.025059
4897,26,4307.094357
4897,27,4305.141766
4897,28,4298.025059
4898,26,4307.094357
4898,27,4305.141766
4898,28,4298.025059
4899,26,4307.094357
4899,27,4305.141766
4899,28,4298.025059
4900,26,4307.094357
4900,27,4305.141766
4900,28,4298.025059
4901,26,4307.094357
4901,27,4305.141766
4901,28,4298.025059
4902,26,4307.094357
4902,27,4305.141766
4902,28,4298.025059
4903,26,4307.094357
4903,27,4305.141766
4903,28,4298.025059
4904,26,4307.094357
4904,27,4305.141766
4904,28,4298.025059
4905,26,4307.094357
4905,27,4305.141766
4905,28,4298.025059
4906,26,4307.094357
4906,27,4305.141766
4906,28,4298.025059
4907,26,4307.094357
4907,27,4305.141766
4907,28,4298.025059
4908,26,4307.094357
4908,27,4305.141766
4908,28,4298.025059
4909,26,4307.094357
4909,27,4305.141766
4909,28,4298.025059
4910,26,4307.094357
4910,27,4305.141766
4910,28,4298.025059
4911,26,4307.094357
4911,27,4305.141766
4911,28,4298.025059
4912,26,4307.094357
4912,27,4305.141766
4912,28,4298.025059
4913,26,4307.094357
4913,27,4305.141766
4913,28,4298.025059
4914,26,4307.094357
4914,27,4305.141766
4914,28,4298.025059
4915,26,4307.094357
4915,27,4305.141766
4915,28,4298.025059
4916,26,4307.094357
4916,27,4305.141766
4916,28,4298.025059
4917,26,4307.094357
4917,27,4305.141766
4917,28,4298.025059
4918,26,4307.094357
4918,27,4305.141766
4918,28,4298.025059
4919,26,4307.094357
4919,27,4305.141766
4919,28,4298.025059
4920,26,4307.094357
4920,27,4305.141766
4920,28,4298.025059
4921,26,4307.094357
4921,27,4305.141766
4921,28,4298.025059
4922,26,4307.094357
4922,27,4305.141766
4922,28,4298.025059
4923,26,4307.094357
4923,27,4305.141766
4923,28,4298.025059
4924,26,4307.094357
4924,27,4305.141766
4924,28,4298.025059
4925,26,4307.094357
4925,27,4305.141766
4925,28,4298.025059
4926,26,4307.094357
4926,27,4305.141766
4926,28,4298.025059
4927,26,4307.094357
4927,27,4305.141766
4927,28,4298.025059
4928,26,4307.094357
4928,27,4305.141766
4928,28,4298.025059
4929,26,4307.094357
4929,27,4305.141766
4929,28,4298.025059
4930,26,4307.094357
4930,27,4305.141766
4930,28,4298.025059
4931,26,4307.094357
4931,27,4305.141766
4931,28,4298.025059
4932,26,4307.094357
4932,27,4305.141766
4932,28,4298.025059
4933,26,4307.094357
4933,27,4305.141766
4933,28,4298.025059
4934,26,4307.094357
4934,27,4305.141766
4934,28,4298.025059
4935,26,4307.094357
4935,27,4305.141766
4935,28,4298.025059
4936,26,4307.094357
4936,27,4305.141766
4936,28,4298.025059
4937,26,4307.094357
4937,27,4305.141766
4937,28,4298.025059
4938,26,4307.094357
4938,27,4305.141766
4938,28,4298.025059
4939,26,4307.094357
4939,27,4305.141766
4939,28,4298.025059
4940,26,4307.094357
4940,27,4305.141766
4940,28,4298.025059
4941,26,4307.094357
4941,27,4305.141766
4941,28,4298.025059
4942,26,4307.094357
4942,27,4305.141766
4942,28,4298.025059
4943,26,4307.094357
4943,27,4305.141766
4943,28,4298.025059
4944,26,4307.094357
4944,27,4305.141766
4944,28,4298.025059
4945,26,4307.094357
4945,27,4305.141766
4945,28,4298.025059
4946,26,4307.094357
4946,27,4305.141766
4946,28,4298.025059
4947,26,4307.094357
4947,27,4305.141766
4947,28,4298.025059
4948,26,4307.094357
4948,27,4305.141766
4948,28,4298.025059
4949,26,4307.094357
4949,27,4305.141766
4949,28,4298.025059
4950,26,4307.094357
4950,27,4305.141766
4950,28,4298.025059
4951,26,4307.094357
4951,27,4305.141766
4951,28,4298.025059
4952,26,4307.094357
4952,27,4305.141766
4952,28,4298.025059
4953,26,4307.094357
4953,27,4305.141766
4953,28,4298.025059
4954,26,4307.094357
4954,27,4305.141766
4954,28,4298.025059
4955,26,4307.094357
4955,27,4305.141766
4955,28,4298.025059
4956,26,4307.094357
4956,27,4305.141766
4956,28,4298.025059
4957,26,4307.094357
4957,27,4305.141766
4957,28,4298.025059
4958,26,4307.094357
4958,27,4305.141766
4958,28,4298.025059
4959,26,4307.094357
4959,27,4305.141766
4959,28,4298.025059
4960,26,4307.094357
4960,27,4305.141766
4960,28,4298.025059
4961,26,4307.094357
4961,27,4305.141766
4961,28,4298.025059
4962,26,4307.094357
4962,27,4305.141766
4962,28,4298.025059
4963,26,4307.094357
4963,27,4305.141766
4963,28,4298.025059
4964,26,4307.094357
4964,27,4305.141766
4964,28,4298.025059
4965,26,4307.094357
4965,27,4305.141766
4965,28,4298.025059
4966,26,4307.094357
4966,27,4305.141766
4966,28,4298.025059
4967,26,4307.094357
4967,27,4305.141766
4967,28,4298.025059
4968,26,4307.094357
4968,27,4305.141766
4968,28,4298.025059
4969,26,4307.094357
4969,27,4305.141766
4969,28,4298.025059
4970,26,4307.094357
4970,27,4305.141766
4970,28,4298.025059
4971,26,4307.094357
4971,27,4305.141766
4971,28,4298.025059
4972,26,4307.094357
4972,27,4305.141766
4972,28,4298.025059
4973,26,4307.094357
4973,27,4305.141766
4973,28,4298.025059
4974,26,4307.094357
4974,27,4305.141766
4974,28,4298.025059
4975,26,4307.094357
4975,27,4305.141766
4975,28,4298.025059
4976,26,4307.094357
4976,27,4305.141766
4976,28,4298.025059
4977,26,4307.094357
4977,27,4305.141766
4977,28,4298.025059
4978,26,4307.094357
4978,27,4305.141766
4978,28,4298.025059
4979,26,4307.094357
4979,27,4305.141766
4979,28,4298.025059
4980,26,4307.094357
4980,27,4305.141766
4980,28,4298.025059
4981,26,4307.094357
4981,27,4305.141766
4981,28,4298.025059
4982,26,4307.094357
4982,27,4305.141766
4982,28,4298.025059
4983,26,4307.094357
4983,27,4305.141766
4983,28,4298.025059
4984,26,4307.094357
4984,27,4305.141766
4984,28,4298.025059
4985,26,4307.094357
4985,27,4305.141766
4985,28,4298.025059
4986,26,4307.094357
4986,27,4305.141766
4986,28,4298.025059
4987,26,4307.094357
4987,27,4305.141766
4987,28,4298.025059
4988,26,4307.094357
4988,27,4305.141766
4988,28,4298.025059
4989,26,4307.094357
4989,27,4305.141766
4989,28,4298.025059
4990,26,4307.094357
4990,27,4305.141766
4990,28,4298.025059
4991,26,4307.094357
4991,27,4305.141766
4991,28,4298.025059
4992,26,4307.094357
4992,27,4305.141766
4992,28,4298.025059
4993,26,4307.094357
4993,27,4305.141766
4993,28,4298.025059
4994,26,4307.094357
4994,27,4305.141766
4994,28,4298.025059
4995,26,4307.094357
4995,27,4305.141766
4995,28,4298.025059
4996,26,4307.094357
4996,27,4305.141766
4996,28,4298.025059
4997,26,4307.094357
4997,27,4305.141766
4997,28,4298.025059
4998,26,4307.094357
4998,27,4305.141766
4998,28,4298.025059
4999,26,4307.094357
4999,27,4305.141766
4999,28,4298.025059
