Generation,NV,TOC
1,29,11288.881197
1,31,10829.942982
1,32,10444.957527
1,34,9691.541238
1,37,8311.162014
1,46,7317.732361
1,50,6998.581548
1,55,6266.798733
1,58,5851.623911
1,60,5550.425499
1,68,5259.682416
1,70,5245.619740
2,28,11826.532004
2,29,11288.881197
2,31,10829.942982
2,32,9987.775220
2,34,9691.541238
2,35,9677.922415
2,37,8311.162014
2,44,5561.273579
2,57,5557.055618
2,60,5550.425499
2,63,5496.912742
2,64,5480.817008
2,68,5259.682416
2,70,5245.619740
2,77,5238.659654
3,28,11826.532004
3,29,11288.881197
3,30,9640.103464
3,37,6521.137706
3,44,5561.273579
3,56,5534.145332
3,61,5497.638792
3,63,5496.912742
3,64,5480.817008
3,65,5447.717984
3,68,5259.682416
3,70,5245.619740
3,71,5236.837226
4,28,11826.532004
4,29,11288.881197
4,30,9640.103464
4,32,8858.657113
4,37,6152.339568
4,41,5705.073567
4,44,5561.273579
4,45,5513.274374
4,46,5385.211710
4,68,5259.682416
4,69,5258.015221
4,70,5245.619740
4,71,5191.785452
5,27,13531.801926
5,28,10848.180959
5,30,9227.468504
5,32,8141.843607
5,33,7656.383099
5,37,6152.339568
5,41,5705.073567
5,44,5561.273579
5,45,5513.274374
5,46,5385.211710
5,64,5365.264015
5,68,5259.682416
5,69,5258.015221
5,70,5245.007298
5,71,5191.785452
6,27,13531.801926
6,28,10848.180959
6,30,8927.239498
6,32,8141.843607
6,33,7656.383099
6,37,6152.339568
6,39,6010.080316
6,41,5705.073567
6,44,5561.273579
6,45,5463.850525
6,46,5385.211710
6,63,5327.790286
6,65,5300.884990
6,68,5259.682416
6,69,5258.015221
6,70,5170.907340
6,75,5166.354800
7,26,9109.742264
7,30,8927.239498
7,32,8141.843607
7,33,7656.383099
7,37,6152.339568
7,39,6010.080316
7,41,5705.073567
7,44,5561.273579
7,45,5463.850525
7,46,5385.211710
7,62,5374.774630
7,63,5327.790286
7,65,5300.884990
7,68,5259.682416
7,69,5184.005471
7,70,5170.907340
7,72,5136.991623
8,23,10418.872756
8,26,9109.742264
8,30,8927.239498
8,32,8141.843607
8,33,7620.554367
8,37,6152.339568
8,39,6010.080316
8,40,5922.930091
8,41,5705.073567
8,42,5651.665993
8,44,5561.273579
8,45,5463.850525
8,46,5385.211710
8,60,5343.808136
8,63,5327.790286
8,65,5300.884990
8,68,5259.682416
8,69,5184.005471
8,70,5170.907340
8,72,5136.991623
9,23,10418.872756
9,25,10107.819573
9,26,9109.742264
9,29,7914.474025
9,33,7620.554367
9,37,6152.339568
9,39,6010.080316
9,40,5922.930091
9,41,5705.073567
9,42,5651.665993
9,44,5561.273579
9,45,5463.850525
9,46,5385.211710
9,48,5380.051428
9,57,5364.356850
9,60,5343.808136
9,63,5327.790286
9,65,5300.884990
9,68,5259.682416
9,69,5167.117974
9,72,5136.991623
9,73,5113.927245
10,23,10418.872756
10,25,10107.819573
10,26,9109.742264
10,29,7914.474025
10,32,7905.031784
10,33,7620.554367
10,36,7412.278327
10,37,6152.339568
10,39,6010.080316
10,40,5922.930091
10,41,5705.073567
10,42,5651.665993
10,43,5525.405882
10,44,5442.444025
10,46,5385.211710
10,47,5337.692470
10,55,5179.292619
10,59,5008.631199
11,23,10418.872756
11,25,10107.819573
11,26,9109.742264
11,29,7914.474025
11,32,7290.292733
11,36,6791.057240
11,37,6152.339568
11,39,6010.080316
11,40,5922.930091
11,41,5579.351044
11,43,5438.917908
11,46,5385.211710
11,47,5328.878874
11,49,5222.734970
11,54,5132.421146
11,57,5040.233848
11,59,4982.162761
12,23,10418.872756
12,25,10107.819573
12,26,9109.742264
12,29,7914.474025
12,31,7768.929747
12,32,7290.292733
12,35,6490.010786
12,37,6152.339568
12,39,6010.080316
12,40,5922.930091
12,41,5579.351044
12,43,5395.035783
12,46,5385.211710
12,47,5328.878874
12,49,5222.734970
12,54,5132.421146
12,57,5040.233848
12,59,4982.162761
13,23,10418.872756
13,25,10107.819573
13,26,9109.742264
13,29,7914.474025
13,31,7768.929747
13,32,7290.292733
13,34,6489.742919
13,37,6152.339568
13,38,5659.738180
13,41,5579.351044
13,43,5395.035783
13,46,5385.211710
13,47,5328.878874
13,48,5313.066756
13,49,5222.734970
13,53,5186.415169
13,54,5132.421146
13,57,5040.233848
13,59,4982.162761
14,23,10418.872756
14,25,10107.819573
14,26,9109.742264
14,29,7914.474025
14,31,7768.929747
14,32,7290.292733
14,33,6993.870681
14,34,6489.742919
14,35,6110.102490
14,38,5659.738180
14,41,5579.351044
14,43,5395.035783
14,44,5366.873905
14,47,5328.878874
14,48,5313.066756
14,49,5222.734970
14,53,5136.210448
14,54,5132.421146
14,57,5040.233848
14,59,4982.162761
15,23,10418.872756
15,25,10107.819573
15,26,9109.742264
15,28,8036.036126
15,29,7914.474025
15,31,7768.929747
15,32,7290.292733
15,33,6993.870681
15,34,6489.742919
15,35,6110.102490
15,38,5659.738180
15,41,5579.351044
15,42,5420.704899
15,43,5395.035783
15,44,5331.776124
15,46,5271.846252
15,48,5259.121161
15,49,5222.734970
15,53,5136.210448
15,54,5132.421146
15,56,5028.226260
15,59,4982.162761
16,23,10418.872756
16,25,10107.819573
16,26,9109.742264
16,28,8036.036126
16,29,7914.474025
16,31,7768.929747
16,32,7290.292733
16,33,6993.870681
16,34,5812.892954
16,38,5659.738180
16,40,5605.601405
16,41,5579.351044
16,42,5402.742347
16,43,5395.035783
16,44,5273.310863
16,46,5181.251884
16,50,5138.136621
16,53,5112.226256
16,54,5004.569936
16,59,4965.199330
17,23,10418.872756
17,25,10107.819573
17,26,9109.742264
17,28,8036.036126
17,29,7914.474025
17,31,7768.929747
17,32,7290.292733
17,33,6993.870681
17,34,5812.892954
17,37,5668.328393
17,38,5659.738180
17,40,5496.925249
17,42,5205.450725
17,46,5181.251884
17,50,5138.136621
17,53,5112.226256
17,54,4996.367780
17,57,4947.360833
18,23,10418.872756
18,25,9429.972983
18,26,9109.742264
18,28,8036.036126
18,29,7914.474025
18,31,7768.929747
18,32,7290.292733
18,33,6993.870681
18,34,5812.892954
18,37,5668.328393
18,38,5659.738180
18,40,5496.925249
18,42,5205.450725
18,46,5181.251884
18,50,5138.136621
18,53,5102.106699
18,54,4996.367780
18,57,4947.360833
19,23,10418.872756
19,25,9429.972983
19,26,9109.742264
19,28,8036.036126
19,29,7914.474025
19,31,7768.929747
19,32,7290.292733
19,33,6993.870681
19,34,5812.892954
19,37,5646.776990
19,40,5496.925249
19,42,5205.450725
19,46,5181.251884
19,50,5138.136621
19,51,5128.323209
19,53,5102.106699
19,54,4996.367780
19,57,4947.360833
20,23,10418.872756
20,24,10201.433556
20,25,9429.972983
20,26,9109.742264
20,28,8036.036126
20,29,7914.474025
20,31,7768.929747
20,32,7290.292733
20,33,6993.870681
20,34,5812.892954
20,37,5646.776990
20,40,5496.925249
20,42,5205.450725
20,46,5181.251884
20,50,5138.136621
20,51,5128.323209
20,53,5102.106699
20,54,4996.367780
20,57,4947.360833
21,23,10418.872756
21,24,10201.433556
21,25,9429.972983
21,26,9109.742264
21,28,8036.036126
21,29,7914.474025
21,31,7768.929747
21,32,7290.292733
21,33,6993.870681
21,34,5667.267937
21,37,5645.217471
21,40,5487.890410
21,42,5205.450725
21,46,5161.833407
21,50,5138.136621
21,51,5128.323209
21,52,5076.970907
21,53,4975.146500
21,57,4946.271589
22,23,10418.872756
22,24,10201.433556
22,25,9429.972983
22,26,8235.706270
22,28,7463.645340
22,29,6827.949846
22,34,5667.267937
22,37,5645.217471
22,40,5487.890410
22,41,5279.388416
22,42,5203.557877
22,46,5161.833407
22,48,5156.190063
22,50,5138.136621
22,51,5128.323209
22,52,5076.970907
22,53,4975.146500
22,57,4946.271589
23,23,10418.872756
23,24,10201.433556
23,25,9429.972983
23,26,8235.706270
23,28,7463.645340
23,29,6827.949846
23,34,5667.267937
23,37,5645.217471
23,40,5487.890410
23,41,5279.388416
23,42,5123.020890
23,47,5110.277967
23,52,5076.970907
23,53,4975.146500
23,57,4946.271589
24,22,12277.414366
24,23,10418.872756
24,24,10201.433556
24,25,9418.959453
24,26,8235.706270
24,28,7463.645340
24,29,6827.949846
24,34,5588.912432
24,40,5487.890410
24,41,5279.388416
24,42,5123.020890
24,44,5070.515706
24,53,4975.146500
24,57,4946.271589
25,22,12277.414366
25,23,10418.872756
25,24,9253.255662
25,26,8235.706270
25,28,7463.645340
25,29,6827.949846
25,34,5588.912432
25,37,5514.466748
25,40,5378.462935
25,41,5279.388416
25,42,5123.020890
25,44,5070.515706
25,50,5044.747534
25,53,4975.146500
25,56,4938.107463
26,22,12277.414366
26,23,10418.872756
26,24,9253.255662
26,26,8235.706270
26,28,7463.645340
26,29,6827.949846
26,33,6561.845926
26,34,5555.604396
26,36,5459.038761
26,40,5364.337019
26,41,5265.793961
26,42,5123.020890
26,43,5065.915088
26,45,5032.551501
26,49,4964.984672
26,51,4917.156812
26,55,4912.405731
27,22,12277.414366
27,23,10418.872756
27,24,9253.255662
27,26,8235.706270
27,28,7463.645340
27,29,6827.949846
27,33,6561.845926
27,34,5555.604396
27,36,5459.038761
27,40,5364.337019
27,41,5265.793961
27,42,5123.020890
27,43,5065.915088
27,45,5032.551501
27,47,4969.684175
27,49,4964.984672
27,51,4917.156812
27,55,4912.405731
28,22,12277.414366
28,23,10418.872756
28,24,9253.255662
28,26,8235.706270
28,28,7463.645340
28,29,6827.949846
28,33,6561.845926
28,34,5555.604396
28,36,5459.038761
28,37,5437.884805
28,38,5390.658279
28,39,5138.922876
28,41,5111.808914
28,43,5065.915088
28,45,5032.551501
28,47,4969.684175
28,49,4964.984672
28,51,4917.156812
28,55,4912.405731
28,58,4887.260839
29,22,12277.414366
29,23,10418.872756
29,24,9253.255662
29,26,8235.706270
29,28,7463.645340
29,29,6827.949846
29,33,6561.845926
29,34,5555.604396
29,36,5459.038761
29,37,5437.884805
29,38,5390.658279
29,39,5138.922876
29,41,5111.808914
29,43,5065.915088
29,45,5032.551501
29,47,4969.684175
29,49,4964.984672
29,51,4917.156812
29,55,4912.405731
29,58,4887.260839
30,22,10189.601180
30,24,9253.255662
30,26,8235.706270
30,28,7463.645340
30,29,6827.949846
30,33,6561.845926
30,34,5555.604396
30,36,5459.038761
30,37,5437.884805
30,38,5390.658279
30,39,5138.922876
30,41,5111.808914
30,43,5065.915088
30,45,4995.548258
30,47,4969.684175
30,49,4964.984672
30,51,4887.970908
30,58,4887.260839
31,22,10189.601180
31,24,9253.255662
31,25,8376.948205
31,26,8235.706270
31,28,7463.645340
31,29,6827.949846
31,33,6561.845926
31,34,5469.986907
31,36,5454.979414
31,37,5235.197185
31,39,5138.922876
31,41,5111.808914
31,43,5041.925124
31,45,4992.019328
31,46,4944.042212
31,51,4864.061000
31,55,4797.911955
32,22,10189.601180
32,24,9253.255662
32,25,8376.948205
32,26,8235.706270
32,28,7463.645340
32,29,6451.648361
32,34,5469.986907
32,36,5454.979414
32,37,5235.197185
32,39,5138.922876
32,41,5111.808914
32,43,5041.925124
32,45,4989.272360
32,46,4944.042212
32,51,4864.061000
32,54,4851.410043
32,55,4797.911955
33,22,10189.601180
33,24,9253.255662
33,25,8376.948205
33,26,8235.706270
33,28,7463.645340
33,29,6451.648361
33,33,6016.998729
33,34,5469.986907
33,35,5417.415622
33,37,5235.197185
33,39,5138.922876
33,41,5111.808914
33,42,4995.017206
33,45,4989.272360
33,46,4944.042212
33,47,4943.329228
33,50,4908.297009
33,51,4864.061000
33,54,4851.410043
33,55,4797.911955
34,22,10189.601180
34,24,9253.255662
34,25,8376.948205
34,26,8235.706270
34,28,7463.645340
34,29,6451.648361
34,33,6016.998729
34,34,5469.986907
34,35,5323.180128
34,37,5235.197185
34,39,5138.922876
34,41,5111.808914
34,42,4995.017206
34,45,4989.272360
34,46,4944.042212
34,47,4943.329228
34,50,4908.297009
34,51,4864.061000
34,54,4851.410043
34,55,4797.911955
35,22,10189.601180
35,24,9253.255662
35,25,8376.948205
35,26,8235.706270
35,28,7463.645340
35,29,6451.648361
35,32,6173.663029
35,33,6016.998729
35,34,5469.986907
35,35,5323.180128
35,37,5235.197185
35,39,5025.653873
35,42,4995.017206
35,45,4985.789184
35,46,4944.042212
35,47,4943.329228
35,50,4908.297009
35,51,4864.061000
35,54,4851.410043
35,55,4797.911955
36,22,10189.601180
36,24,9253.255662
36,25,8176.416675
36,28,6764.178062
36,29,6451.648361
36,32,6173.663029
36,33,6016.998729
36,34,5469.986907
36,35,5323.180128
36,37,5223.495934
36,39,4995.699947
36,42,4995.017206
36,45,4966.906381
36,46,4935.092158
36,50,4887.099809
36,51,4864.061000
36,54,4851.410043
36,55,4787.850882
37,22,10189.601180
37,23,10138.538367
37,24,9253.255662
37,25,8176.416675
37,28,6764.178062
37,29,6451.648361
37,30,6140.319983
37,33,6016.998729
37,34,5469.986907
37,35,5323.180128
37,37,5223.495934
37,38,5051.289081
37,39,4995.699947
37,40,4978.453979
37,45,4966.906381
37,46,4935.092158
37,50,4887.099809
37,51,4864.061000
37,54,4851.410043
37,55,4787.850882
38,22,10189.601180
38,23,10138.538367
38,24,9253.255662
38,25,8176.416675
38,26,8101.001901
38,27,7685.621919
38,28,6764.178062
38,29,6451.648361
38,30,6140.319983
38,33,5541.537291
38,34,5469.986907
38,35,5323.180128
38,37,5223.495934
38,38,5051.289081
38,39,4995.699947
38,40,4978.453979
38,45,4966.906381
38,46,4935.092158
38,47,4928.954278
38,50,4887.099809
38,51,4864.061000
38,53,4831.083281
38,55,4787.850882
39,22,10189.601180
39,23,10138.538367
39,24,9253.255662
39,25,8176.416675
39,26,8101.001901
39,27,7685.621919
39,28,6764.178062
39,29,6451.648361
39,30,6140.319983
39,33,5541.537291
39,34,5469.986907
39,35,5323.180128
39,37,5223.495934
39,38,5051.289081
39,39,4995.699947
39,40,4978.453979
39,45,4966.906381
39,46,4880.623835
39,51,4864.061000
39,53,4831.083281
39,55,4787.850882
40,22,10189.601180
40,23,10138.538367
40,24,9253.255662
40,25,8176.416675
40,26,8101.001901
40,27,7676.093701
40,28,6764.178062
40,29,6451.648361
40,30,6140.319983
40,33,5541.537291
40,34,5469.986907
40,35,5323.180128
40,37,5223.495934
40,38,5051.289081
40,39,4995.699947
40,40,4978.453979
40,43,4905.036092
40,46,4880.623835
40,51,4864.061000
40,53,4831.083281
40,54,4824.822363
40,55,4787.850882
41,22,10189.601180
41,23,10138.538367
41,24,9253.255662
41,25,8176.416675
41,26,8101.001901
41,27,7676.093701
41,28,6764.178062
41,29,6427.486168
41,30,6140.319983
41,33,5541.537291
41,34,5469.986907
41,35,5323.180128
41,37,5011.664842
41,39,4995.699947
41,40,4928.230293
41,43,4905.036092
41,45,4863.965211
41,51,4807.633401
41,54,4766.710832
42,22,10189.601180
42,23,9954.620726
42,24,9253.255662
42,25,7386.068193
42,28,6764.178062
42,29,6427.486168
42,30,6140.319983
42,33,5541.537291
42,34,5400.751711
42,35,5323.180128
42,37,5011.664842
42,39,4995.699947
42,40,4928.230293
42,43,4905.036092
42,45,4863.965211
42,50,4849.205908
42,51,4807.633401
42,54,4766.710832
43,22,10189.601180
43,23,9954.620726
43,24,9253.255662
43,25,7386.068193
43,28,6764.178062
43,29,6427.486168
43,30,6140.319983
43,33,5541.537291
43,34,5400.751711
43,35,5323.180128
43,36,5121.340153
43,37,5011.664842
43,39,4995.699947
43,40,4928.230293
43,43,4905.036092
43,45,4863.965211
43,50,4835.571818
43,51,4807.633401
43,54,4766.710832
44,22,10189.601180
44,23,9954.620726
44,24,9253.255662
44,25,7386.068193
44,28,6764.178062
44,29,6427.486168
44,30,6140.319983
44,33,5541.537291
44,34,5400.751711
44,35,5323.180128
44,36,5121.340153
44,37,5011.664842
44,39,4995.699947
44,40,4928.230293
44,43,4905.036092
44,45,4863.965211
44,49,4822.709526
44,51,4807.633401
44,52,4779.507792
44,54,4766.710832
45,22,10189.601180
45,23,9815.207849
45,24,9253.255662
45,25,7386.068193
45,28,6764.178062
45,29,6427.486168
45,30,6140.319983
45,32,5536.469841
45,34,5400.751711
45,35,5323.180128
45,36,5121.340153
45,37,5011.664842
45,39,4995.699947
45,40,4928.230293
45,43,4905.036092
45,45,4863.965211
45,48,4852.443958
45,49,4822.709526
45,51,4807.633401
45,52,4779.507792
45,54,4766.710832
46,22,10189.601180
46,23,9815.207849
46,24,9253.255662
46,25,7056.203573
46,28,6764.178062
46,29,6427.486168
46,30,6140.319983
46,31,5816.101139
46,32,5536.469841
46,34,5400.751711
46,35,5323.180128
46,36,5099.192208
46,37,5011.664842
46,39,4995.699947
46,40,4921.188702
46,43,4905.036092
46,44,4831.903514
46,46,4785.291102
46,52,4779.507792
46,54,4765.882718
47,22,10189.601180
47,23,7624.108695
47,25,7056.203573
47,27,6839.989342
47,28,6413.328266
47,30,6140.319983
47,31,5816.101139
47,32,5536.469841
47,34,5400.751711
47,35,5323.180128
47,36,5099.192208
47,37,5011.664842
47,39,4995.699947
47,40,4921.188702
47,43,4905.036092
47,44,4831.903514
47,46,4785.291102
47,47,4776.622336
47,54,4765.882718
48,21,11119.656442
48,22,10189.601180
48,23,7624.108695
48,25,7056.203573
48,27,6839.989342
48,28,6413.328266
48,30,6140.319983
48,31,5816.101139
48,32,5536.469841
48,34,5387.519473
48,35,5323.180128
48,36,5099.192208
48,37,5011.664842
48,39,4995.699947
48,40,4921.188702
48,43,4905.036092
48,44,4831.903514
48,46,4785.291102
48,47,4762.965381
49,21,11119.656442
49,22,10189.601180
49,23,7585.095794
49,25,7056.203573
49,27,6676.940168
49,28,6185.014179
49,30,6140.319983
49,31,5816.101139
49,32,5536.469841
49,33,5304.901053
49,35,5264.724390
49,36,5099.192208
49,37,5011.664842
49,39,4995.699947
49,40,4921.188702
49,43,4905.036092
49,44,4831.903514
49,46,4785.291102
49,47,4762.965381
50,21,11119.656442
50,22,10189.601180
50,23,7585.095794
50,24,7231.754658
50,25,7056.203573
50,27,6676.940168
50,28,6185.014179
50,30,6140.319983
50,31,5816.101139
50,32,5536.469841
50,33,5304.901053
50,34,5264.957006
50,35,5264.724390
50,36,5099.192208
50,37,5011.664842
50,39,4995.699947
50,40,4921.188702
50,43,4905.036092
50,44,4831.903514
50,46,4785.291102
50,47,4762.965381
51,21,11119.656442
51,22,10189.601180
51,23,7585.095794
51,24,7231.754658
51,25,7056.203573
51,27,6676.940168
51,28,6185.014179
51,30,6140.319983
51,31,5816.101139
51,32,5513.257855
51,33,5184.703870
51,36,5099.192208
51,37,4969.604203
51,40,4921.188702
51,43,4905.036092
51,44,4831.903514
51,46,4785.291102
51,47,4748.292861
52,21,11119.656442
52,22,9433.035533
52,23,7585.095794
52,24,7231.754658
52,25,7056.203573
52,27,6676.940168
52,28,6185.014179
52,30,6008.692180
52,31,5816.101139
52,32,5185.112620
52,33,5184.703870
52,36,5099.192208
52,37,4969.604203
52,40,4921.188702
52,43,4905.036092
52,44,4831.903514
52,46,4785.291102
52,47,4748.292861
53,21,11119.656442
53,22,9433.035533
53,23,7585.095794
53,24,7231.754658
53,25,7056.203573
53,27,6676.940168
53,28,6185.014179
53,30,6008.692180
53,31,5816.101139
53,32,5185.112620
53,33,5184.703870
53,36,5099.192208
53,37,4969.604203
53,40,4921.188702
53,43,4905.036092
53,44,4831.903514
53,46,4785.291102
53,47,4748.292861
54,21,11119.656442
54,22,8760.919700
54,23,7585.095794
54,24,7231.754658
54,25,7056.203573
54,27,6676.940168
54,28,6185.014179
54,30,6008.692180
54,31,5816.101139
54,32,5185.112620
54,33,5184.703870
54,36,5099.192208
54,37,4969.604203
54,40,4921.188702
54,43,4905.036092
54,44,4831.903514
54,46,4785.291102
54,47,4748.292861
55,21,11119.656442
55,22,8007.846370
55,23,7585.095794
55,24,7231.754658
55,25,6978.396783
55,27,6676.940168
55,28,6185.014179
55,30,6008.692180
55,31,5693.711566
55,32,5185.112620
55,33,5178.592765
55,36,5099.192208
55,37,4969.604203
55,40,4921.188702
55,43,4905.036092
55,44,4831.903514
55,46,4785.291102
55,47,4748.292861
56,21,9257.013892
56,22,8007.846370
56,23,7585.095794
56,24,7231.754658
56,25,6978.396783
56,26,6701.351386
56,27,6676.940168
56,28,6185.014179
56,30,6008.692180
56,31,5581.188900
56,32,5181.293078
56,33,5178.592765
56,36,5099.192208
56,37,4969.604203
56,40,4920.204545
56,42,4858.535437
56,44,4831.903514
56,46,4785.291102
56,47,4748.292861
57,21,9257.013892
57,22,8007.846370
57,23,7585.095794
57,24,7231.754658
57,25,6978.396783
57,26,6701.351386
57,27,6676.940168
57,28,6185.014179
57,30,6008.692180
57,31,5581.188900
57,32,5181.293078
57,33,5178.592765
57,36,5099.192208
57,37,4969.604203
57,40,4920.204545
57,42,4858.535437
57,44,4831.903514
57,46,4739.305425
58,21,9257.013892
58,22,8007.846370
58,23,7585.095794
58,24,7231.754658
58,25,6978.396783
58,26,6235.957884
58,28,6185.014179
58,30,6008.692180
58,31,5581.188900
58,32,5181.293078
58,33,5178.592765
58,36,5099.192208
58,37,4969.604203
58,40,4920.204545
58,42,4858.535437
58,44,4831.903514
58,46,4739.305425
59,21,8655.860441
59,22,8007.846370
59,23,7585.095794
59,24,6482.742161
59,26,6235.957884
59,28,6185.014179
59,30,6008.692180
59,31,5581.188900
59,32,5181.293078
59,33,5178.592765
59,34,5172.349485
59,36,5099.192208
59,37,4969.604203
59,40,4920.204545
59,42,4858.535437
59,44,4831.903514
59,46,4739.305425
60,21,8655.860441
60,22,8007.846370
60,23,7585.095794
60,24,6482.742161
60,26,6235.957884
60,28,6185.014179
60,30,6008.692180
60,31,5581.188900
60,32,5181.293078
60,33,5178.592765
60,34,5172.349485
60,36,5099.192208
60,37,4969.604203
60,40,4920.204545
60,42,4858.535437
60,44,4831.903514
60,46,4739.305425
61,21,8655.860441
61,22,8007.846370
61,23,7585.095794
61,24,6482.742161
61,26,6235.957884
61,28,6185.014179
61,30,6008.692180
61,31,5201.662134
61,32,5181.293078
61,33,5142.351229
61,34,5127.071468
61,36,5099.192208
61,37,4923.370273
61,40,4920.204545
61,42,4854.125015
61,44,4831.903514
61,46,4739.305425
62,21,8655.860441
62,22,8007.846370
62,23,7585.095794
62,24,6482.742161
62,26,6235.957884
62,28,6185.014179
62,30,6008.692180
62,31,5201.662134
62,32,5181.293078
62,33,5142.351229
62,34,5127.071468
62,36,5099.192208
62,37,4923.370273
62,40,4920.204545
62,42,4854.125015
62,44,4831.903514
62,46,4739.305425
63,21,8655.860441
63,22,8007.846370
63,23,7585.095794
63,24,6482.742161
63,26,6235.957884
63,28,6185.014179
63,30,6008.692180
63,31,5201.662134
63,32,5181.293078
63,33,5076.265227
63,34,5063.610113
63,37,4923.370273
63,40,4920.204545
63,42,4854.125015
63,44,4781.805338
63,46,4739.305425
64,21,8655.860441
64,22,8007.846370
64,23,7585.095794
64,24,6482.742161
64,26,6235.957884
64,28,6185.014179
64,29,5812.525399
64,30,5421.269159
64,31,5201.662134
64,32,5181.293078
64,33,5076.265227
64,34,5063.610113
64,37,4923.370273
64,40,4920.204545
64,42,4854.125015
64,44,4781.805338
64,45,4743.026584
64,46,4739.305425
65,20,9290.001283
65,21,8655.860441
65,22,7745.477439
65,23,7585.095794
65,24,6482.742161
65,26,6235.957884
65,28,6185.014179
65,29,5812.525399
65,30,5421.269159
65,31,5201.662134
65,32,5181.293078
65,33,5076.265227
65,34,5063.610113
65,37,4923.370273
65,40,4920.204545
65,42,4854.125015
65,44,4781.805338
65,45,4743.026584
65,46,4739.305425
66,20,9290.001283
66,21,8530.395112
66,22,7039.038123
66,24,6482.742161
66,26,6235.957884
66,27,5738.022434
66,29,5398.483374
66,31,5095.741166
66,33,5010.956481
66,37,4923.370273
66,40,4920.204545
66,42,4831.005380
66,43,4768.306172
66,44,4723.025932
66,46,4706.552363
66,47,4703.568704
67,20,9290.001283
67,21,8530.395112
67,22,7039.038123
67,24,6482.742161
67,26,6235.957884
67,27,5738.022434
67,29,5398.483374
67,31,5095.741166
67,33,5010.956481
67,37,4923.370273
67,40,4920.204545
67,42,4831.005380
67,43,4768.306172
67,44,4723.025932
67,46,4706.552363
67,47,4703.568704
68,20,9290.001283
68,21,8530.395112
68,22,7039.038123
68,24,6482.742161
68,26,6235.957884
68,27,5738.022434
68,29,5398.483374
68,31,5095.741166
68,33,5010.956481
68,37,4923.370273
68,40,4920.204545
68,42,4831.005380
68,43,4768.306172
68,44,4723.025932
68,46,4706.552363
68,47,4703.568704
69,20,9290.001283
69,21,8530.395112
69,22,7039.038123
69,24,6482.742161
69,25,6445.859190
69,26,6235.957884
69,27,5738.022434
69,29,5398.483374
69,31,5095.741166
69,33,5010.956481
69,37,4923.370273
69,40,4920.204545
69,42,4831.005380
69,43,4768.306172
69,44,4723.025932
69,46,4706.552363
69,47,4703.568704
70,20,9290.001283
70,21,7842.960388
70,22,7039.038123
70,24,6482.742161
70,25,6445.859190
70,26,6235.957884
70,27,5738.022434
70,29,5230.388479
70,31,5095.741166
70,33,5010.956481
70,37,4923.370273
70,40,4920.204545
70,42,4831.005380
70,43,4768.306172
70,44,4723.025932
70,46,4706.552363
70,47,4703.568704
71,20,9290.001283
71,21,7842.960388
71,22,7039.038123
71,24,6482.742161
71,25,6445.859190
71,26,6235.957884
71,27,5738.022434
71,29,5230.388479
71,31,5095.741166
71,33,4993.366750
71,34,4886.115439
71,42,4790.341160
71,43,4768.306172
71,44,4705.528829
71,46,4704.183093
71,47,4693.902386
72,20,8476.785841
72,21,7842.960388
72,22,7039.038123
72,24,6482.742161
72,25,6445.859190
72,26,6235.957884
72,27,5738.022434
72,29,5230.388479
72,31,5095.741166
72,33,4993.366750
72,34,4886.115439
72,42,4790.341160
72,43,4768.306172
72,44,4705.528829
72,46,4704.183093
72,47,4693.902386
73,20,8476.785841
73,21,7157.862314
73,22,7039.038123
73,24,6482.742161
73,25,6445.859190
73,26,6235.957884
73,27,5738.022434
73,29,5230.388479
73,31,5095.741166
73,33,4993.366750
73,34,4886.115439
73,42,4790.341160
73,43,4768.306172
73,44,4705.528829
73,46,4704.183093
73,47,4693.902386
74,20,8476.785841
74,21,7157.862314
74,22,7039.038123
74,24,6482.742161
74,25,6445.859190
74,26,6235.957884
74,27,5738.022434
74,29,5230.388479
74,31,5095.741166
74,33,4993.366750
74,34,4886.115439
74,42,4790.341160
74,43,4768.306172
74,44,4705.528829
74,46,4704.183093
74,47,4693.902386
75,20,8476.785841
75,21,7157.862314
75,22,7039.038123
75,24,6482.742161
75,25,6445.859190
75,26,6235.957884
75,27,5738.022434
75,29,5230.388479
75,31,5095.741166
75,33,4993.366750
75,34,4886.115439
75,42,4790.341160
75,43,4768.306172
75,44,4705.528829
75,46,4704.183093
75,47,4686.957821
76,20,8380.640523
76,21,7157.862314
76,22,7039.038123
76,24,6482.742161
76,25,6445.859190
76,26,6235.957884
76,27,5738.022434
76,29,5217.522036
76,31,5095.741166
76,33,4993.366750
76,34,4886.115439
76,42,4788.599659
76,43,4756.484923
76,44,4700.257818
76,46,4696.105217
76,47,4686.957821
77,20,8288.750402
77,21,7157.862314
77,22,7039.038123
77,24,6482.742161
77,25,6445.859190
77,26,6158.022697
77,27,5738.022434
77,29,5217.522036
77,31,5095.741166
77,33,4993.366750
77,34,4886.115439
77,42,4788.599659
77,43,4756.484923
77,44,4700.257818
77,46,4696.105217
77,47,4686.957821
78,20,8288.750402
78,21,7157.862314
78,22,7039.038123
78,23,6787.628009
78,24,6482.742161
78,25,6445.859190
78,26,6158.022697
78,27,5738.022434
78,29,5217.522036
78,31,5095.741166
78,33,4993.366750
78,34,4886.115439
78,38,4877.268533
78,42,4788.599659
78,43,4756.484923
78,44,4700.257818
78,46,4696.105217
78,47,4686.957821
79,20,8288.750402
79,21,7157.862314
79,22,7039.038123
79,23,6787.628009
79,24,6482.742161
79,25,6445.859190
79,26,6158.022697
79,27,5738.022434
79,29,5217.522036
79,31,5095.741166
79,33,4993.366750
79,34,4886.115439
79,38,4861.071099
79,42,4788.599659
79,43,4756.484923
79,44,4700.257818
79,46,4696.105217
79,47,4686.957821
80,20,8288.750402
80,21,6905.172634
80,23,6657.635828
80,24,6482.742161
80,25,6445.859190
80,26,6158.022697
80,27,5738.022434
80,29,5217.522036
80,31,5095.741166
80,33,4993.366750
80,34,4886.115439
80,38,4861.071099
80,40,4829.737234
80,42,4788.599659
80,43,4756.484923
80,44,4700.257818
80,46,4696.105217
80,47,4686.957821
81,20,8288.750402
81,21,6905.172634
81,23,6035.969991
81,27,5738.022434
81,28,5591.317644
81,29,5217.522036
81,31,5019.523192
81,33,4993.366750
81,34,4866.906697
81,38,4861.071099
81,40,4829.737234
81,42,4739.505872
81,44,4700.257818
81,46,4696.105217
81,47,4686.957821
82,20,8056.421380
82,21,6905.172634
82,22,6565.905046
82,23,6035.969991
82,27,5738.022434
82,28,5591.317644
82,29,5217.522036
82,31,5019.523192
82,33,4993.366750
82,34,4866.906697
82,38,4861.071099
82,39,4857.088465
82,40,4829.737234
82,42,4739.505872
82,44,4700.257818
82,46,4696.105217
82,47,4686.957821
83,19,7398.876524
83,21,6905.172634
83,22,6565.905046
83,23,6035.969991
83,27,5738.022434
83,28,5591.317644
83,29,5217.522036
83,31,5019.523192
83,33,4993.366750
83,34,4866.906697
83,38,4861.071099
83,39,4857.088465
83,40,4829.737234
83,42,4739.505872
83,44,4700.257818
83,46,4696.105217
83,47,4686.957821
84,19,7398.876524
84,21,6905.172634
84,22,6565.905046
84,23,6035.969991
84,27,5392.524429
84,29,5217.522036
84,31,5019.523192
84,33,4940.274342
84,34,4866.906697
84,38,4798.369148
84,42,4739.505872
84,44,4700.257818
84,46,4692.268916
84,47,4686.957821
84,51,4684.704659
85,18,7664.016707
85,19,7356.130493
85,21,6905.172634
85,22,6565.905046
85,23,6035.969991
85,27,5392.524429
85,29,5217.522036
85,31,5019.523192
85,33,4940.274342
85,34,4866.906697
85,38,4798.369148
85,42,4739.505872
85,44,4700.257818
85,45,4697.857362
85,46,4692.268916
85,47,4686.957821
85,51,4684.704659
86,18,7664.016707
86,19,7356.130493
86,21,6905.172634
86,22,6565.905046
86,23,6035.969991
86,27,5392.524429
86,29,5217.522036
86,31,5019.523192
86,32,4971.714457
86,33,4940.274342
86,34,4866.906697
86,38,4798.369148
86,42,4694.351064
86,44,4681.620238
86,49,4673.457883
87,18,7664.016707
87,19,7356.130493
87,21,6905.172634
87,22,6565.905046
87,23,6035.969991
87,27,5392.524429
87,29,5217.522036
87,31,5019.523192
87,32,4971.714457
87,33,4940.274342
87,34,4866.906697
87,38,4798.369148
87,42,4694.351064
87,44,4681.620238
87,49,4673.457883
88,18,7664.016707
88,19,7356.130493
88,20,7187.879117
88,21,6905.172634
88,22,6392.261404
88,23,6035.969991
88,27,5392.524429
88,29,5217.522036
88,30,5164.950751
88,31,5019.523192
88,32,4971.714457
88,33,4940.274342
88,34,4866.906697
88,37,4740.999144
88,42,4694.351064
88,44,4681.620238
88,49,4673.457883
89,18,7664.016707
89,19,7356.130493
89,20,7187.879117
89,21,6528.485776
89,22,6392.261404
89,23,6035.969991
89,27,5392.524429
89,29,5217.522036
89,30,5164.950751
89,31,5019.523192
89,32,4971.714457
89,33,4940.274342
89,34,4866.906697
89,37,4740.999144
89,42,4694.351064
89,44,4681.291705
89,49,4673.457883
90,18,7664.016707
90,19,7356.130493
90,20,7182.232951
90,21,6528.485776
90,22,6392.261404
90,23,6035.969991
90,27,5392.524429
90,29,5217.522036
90,30,5164.950751
90,31,5019.523192
90,32,4971.714457
90,33,4940.274342
90,34,4866.906697
90,37,4740.999144
90,42,4694.351064
90,44,4681.291705
90,49,4673.457883
90,51,4658.167829
91,18,7664.016707
91,19,7356.130493
91,20,7182.232951
91,21,6528.485776
91,22,6392.261404
91,23,6035.969991
91,27,5392.524429
91,29,5217.522036
91,30,5164.950751
91,31,5019.523192
91,32,4971.714457
91,33,4940.274342
91,34,4833.025920
91,37,4735.644029
91,42,4688.977255
91,44,4666.577739
91,51,4658.167829
92,18,7664.016707
92,19,7356.130493
92,20,7182.232951
92,21,6528.485776
92,22,6392.261404
92,23,6035.969991
92,27,5392.524429
92,29,5217.522036
92,30,5164.950751
92,31,5019.523192
92,32,4971.714457
92,33,4940.274342
92,34,4833.025920
92,37,4735.644029
92,42,4688.977255
92,44,4666.577739
92,51,4658.167829
93,18,7664.016707
93,19,7356.130493
93,20,7182.232951
93,21,6528.485776
93,22,6392.261404
93,23,6035.969991
93,27,5291.499934
93,29,5217.522036
93,30,5164.950751
93,31,5019.523192
93,32,4971.714457
93,33,4940.274342
93,34,4833.025920
93,37,4735.644029
93,42,4688.977255
93,44,4666.577739
93,51,4658.167829
94,18,7664.016707
94,19,7071.403327
94,20,6972.365024
94,21,6528.485776
94,22,6392.261404
94,23,6035.969991
94,27,5291.499934
94,29,5217.522036
94,30,5164.950751
94,31,5019.523192
94,32,4971.714457
94,33,4940.274342
94,34,4833.025920
94,37,4735.644029
94,42,4688.977255
94,44,4666.577739
94,51,4658.167829
95,18,7664.016707
95,19,7071.403327
95,20,6814.799147
95,21,6528.485776
95,22,6392.261404
95,23,6035.969991
95,27,5291.499934
95,29,5217.522036
95,30,5164.950751
95,31,5019.523192
95,32,4971.714457
95,33,4940.274342
95,34,4833.025920
95,37,4735.644029
95,42,4688.977255
95,44,4666.577739
95,51,4658.167829
96,18,7664.016707
96,19,7071.403327
96,20,6814.799147
96,21,6222.545392
96,23,6035.969991
96,27,5291.499934
96,29,5152.291223
96,31,5019.523192
96,32,4971.714457
96,33,4940.274342
96,34,4812.621974
96,37,4735.644029
96,40,4680.626917
96,42,4672.412378
96,43,4657.798907
96,51,4639.241085
97,18,7664.016707
97,19,7071.403327
97,20,6346.946353
97,21,6222.545392
97,23,6035.969991
97,27,5291.499934
97,29,5152.291223
97,31,5019.523192
97,32,4971.714457
97,33,4940.274342
97,34,4812.621974
97,37,4735.644029
97,40,4680.626917
97,42,4672.412378
97,43,4657.798907
97,51,4639.241085
98,18,7664.016707
98,19,7071.403327
98,20,6346.946353
98,21,6222.545392
98,23,6035.969991
98,27,5291.499934
98,29,5152.291223
98,31,5019.523192
98,32,4971.714457
98,33,4940.274342
98,34,4812.621974
98,37,4735.644029
98,40,4680.626917
98,41,4665.649889
98,43,4657.798907
98,51,4639.241085
99,18,7516.023980
99,19,7071.403327
99,20,6346.946353
99,21,6222.545392
99,23,6035.969991
99,26,5871.098736
99,27,5291.499934
99,29,5152.291223
99,31,5019.523192
99,32,4971.714457
99,33,4940.274342
99,34,4812.621974
99,35,4784.814020
99,37,4735.644029
99,40,4680.626917
99,41,4665.649889
99,43,4657.798907
99,51,4639.241085
100,17,7073.840426
100,19,7071.403327
100,20,6346.946353
100,21,6222.545392
100,23,6035.969991
100,25,6035.444273
100,26,5871.098736
100,27,5291.499934
100,29,5152.291223
100,31,5019.523192
100,32,4971.714457
100,33,4940.274342
100,34,4812.621974
100,35,4784.814020
100,37,4735.644029
100,40,4680.626917
100,41,4665.649889
100,43,4657.798907
100,51,4639.241085
101,17,7073.840426
101,19,6206.773380
101,23,6035.969991
101,25,6035.444273
101,26,5871.098736
101,27,5291.499934
101,29,5152.291223
101,31,5019.523192
101,32,4971.714457
101,33,4940.274342
101,34,4812.621974
101,35,4784.814020
101,36,4765.777550
101,37,4735.644029
101,40,4643.258392
101,51,4639.241085
102,17,7073.840426
102,19,6206.773380
102,23,6035.969991
102,25,6035.444273
102,26,5871.098736
102,27,5291.499934
102,29,5152.291223
102,31,4916.997472
102,34,4812.621974
102,35,4784.814020
102,36,4765.777550
102,37,4735.644029
102,40,4643.258392
102,46,4639.355191
102,51,4639.241085
103,17,7073.840426
103,19,6206.773380
103,22,5963.651766
103,24,5950.442055
103,25,5788.197334
103,27,5291.499934
103,29,5152.291223
103,31,4916.997472
103,34,4812.621974
103,35,4784.814020
103,36,4765.777550
103,37,4735.644029
103,40,4643.258392
103,44,4591.696962
104,17,6733.049896
104,18,6498.735013
104,19,6206.773380
104,22,5963.651766
104,24,5950.442055
104,25,5788.197334
104,27,5291.499934
104,29,5152.291223
104,31,4916.997472
104,34,4812.621974
104,35,4784.814020
104,36,4765.777550
104,37,4687.133625
104,40,4643.258392
104,44,4591.696962
105,17,6316.444260
105,19,6206.773380
105,22,5963.651766
105,24,5950.442055
105,25,5788.197334
105,27,5291.499934
105,29,5152.291223
105,31,4916.997472
105,34,4812.621974
105,35,4784.814020
105,36,4765.777550
105,37,4687.133625
105,40,4643.258392
105,44,4591.696962
106,16,7309.914774
106,17,6316.444260
106,19,5978.863050
106,22,5849.334614
106,25,5788.197334
106,26,5765.317275
106,27,5291.499934
106,29,5111.375599
106,31,4916.997472
106,34,4812.621974
106,35,4784.814020
106,36,4765.777550
106,37,4687.133625
106,40,4643.258392
106,44,4589.529854
107,16,7309.914774
107,17,6316.444260
107,19,5978.863050
107,22,5849.334614
107,25,5788.197334
107,26,5765.317275
107,27,5291.499934
107,29,5111.375599
107,31,4916.997472
107,34,4812.621974
107,35,4784.814020
107,36,4765.777550
107,37,4687.133625
107,40,4643.258392
107,44,4589.529854
108,16,7309.914774
108,17,6316.444260
108,19,5978.863050
108,22,5849.334614
108,25,5788.197334
108,26,5765.317275
108,27,5291.499934
108,29,5111.375599
108,31,4916.997472
108,34,4812.621974
108,35,4784.814020
108,36,4716.280383
108,37,4687.133625
108,40,4643.258392
108,44,4589.529854
109,16,7021.939550
109,17,6316.444260
109,18,6106.879816
109,19,5978.863050
109,22,5849.334614
109,25,5788.197334
109,26,5765.317275
109,27,5291.499934
109,29,5111.375599
109,31,4916.997472
109,34,4812.621974
109,35,4784.814020
109,36,4716.280383
109,37,4687.133625
109,40,4643.258392
109,44,4589.529854
110,16,7021.939550
110,17,6237.349857
110,18,6106.879816
110,19,5978.863050
110,21,5798.575212
110,25,5788.197334
110,26,5765.317275
110,27,5291.499934
110,29,5111.375599
110,31,4916.997472
110,34,4812.621974
110,35,4784.814020
110,36,4716.280383
110,37,4687.133625
110,40,4643.258392
110,44,4589.529854
111,16,6963.472857
111,17,6237.349857
111,18,6106.879816
111,19,5978.863050
111,21,5798.575212
111,24,5779.113869
111,26,5618.025154
111,27,5246.664859
111,29,5098.745810
111,31,4916.997472
111,33,4769.134136
111,35,4697.017402
111,37,4686.866733
111,40,4643.258392
111,44,4567.334621
112,16,6963.472857
112,17,6237.349857
112,18,6106.879816
112,19,5978.863050
112,21,5798.575212
112,24,5779.113869
112,26,5618.025154
112,27,5246.664859
112,29,5098.745810
112,31,4916.997472
112,33,4769.134136
112,35,4697.017402
112,37,4686.866733
112,40,4643.258392
112,44,4567.334621
113,16,6963.472857
113,17,6237.349857
113,18,6106.879816
113,19,5978.863050
113,20,5912.879904
113,21,5798.575212
113,24,5779.113869
113,25,5719.423510
113,26,5618.025154
113,27,5246.664859
113,29,5098.745810
113,31,4916.997472
113,33,4769.134136
113,35,4697.017402
113,37,4686.866733
113,40,4643.258392
113,44,4567.334621
114,16,6889.528766
114,17,6237.349857
114,18,6106.879816
114,19,5978.863050
114,20,5912.879904
114,21,5798.575212
114,24,5771.330667
114,25,5719.423510
114,26,5618.025154
114,27,5246.664859
114,29,5098.745810
114,31,4916.997472
114,33,4769.134136
114,35,4697.017402
114,37,4686.866733
114,40,4643.258392
114,44,4567.334621
115,16,6889.528766
115,17,6237.349857
115,18,6106.879816
115,19,5978.863050
115,20,5912.879904
115,21,5798.575212
115,22,5775.462407
115,24,5771.330667
115,25,5719.423510
115,26,5618.025154
115,27,5246.664859
115,29,5098.745810
115,31,4916.997472
115,33,4769.134136
115,35,4697.017402
115,37,4686.866733
115,40,4643.258392
115,44,4567.334621
116,16,6889.528766
116,17,6237.349857
116,18,6106.879816
116,19,5978.863050
116,20,5912.879904
116,21,5798.575212
116,22,5771.187368
116,25,5719.423510
116,26,5599.401677
116,27,5174.735255
116,29,5098.745810
116,31,4916.997472
116,33,4762.654301
116,35,4697.017402
116,37,4686.866733
116,40,4643.258392
116,44,4567.181972
117,16,6889.528766
117,17,6237.349857
117,18,6106.879816
117,19,5978.863050
117,20,5874.555477
117,21,5798.575212
117,22,5771.187368
117,25,5719.423510
117,26,5599.401677
117,27,5174.735255
117,29,5098.745810
117,31,4916.997472
117,33,4762.654301
117,35,4697.017402
117,37,4686.866733
117,40,4643.258392
117,42,4642.440144
117,44,4567.181972
118,16,6889.528766
118,17,6237.349857
118,18,6106.879816
118,19,5978.863050
118,20,5874.555477
118,21,5798.575212
118,22,5771.187368
118,25,5719.423510
118,26,5599.401677
118,27,5174.735255
118,29,5098.745810
118,31,4916.997472
118,33,4762.654301
118,35,4697.017402
118,37,4617.679269
118,44,4567.181972
119,16,6889.528766
119,17,6215.641190
119,18,6106.879816
119,19,5856.715212
119,21,5798.575212
119,22,5771.187368
119,23,5747.650702
119,25,5719.423510
119,26,5599.401677
119,27,5174.735255
119,28,5136.481507
119,29,5098.745810
119,31,4916.997472
119,33,4762.654301
119,35,4697.017402
119,37,4617.679269
119,44,4567.181972
120,16,6889.528766
120,17,6215.641190
120,18,6106.879816
120,19,5856.715212
120,21,5798.575212
120,22,5771.187368
120,23,5747.650702
120,25,5614.807881
120,26,5599.401677
120,27,5174.735255
120,28,5136.481507
120,29,5098.745810
120,31,4916.997472
120,33,4762.654301
120,35,4697.017402
120,37,4617.679269
120,44,4567.181972
121,16,6889.528766
121,17,6215.641190
121,18,6106.879816
121,19,5856.715212
121,21,5798.575212
121,22,5771.187368
121,23,5747.650702
121,25,5614.807881
121,26,5599.401677
121,27,5174.735255
121,28,5113.880616
121,29,5089.003980
121,31,4903.943515
121,33,4762.654301
121,35,4697.017402
121,37,4617.679269
121,38,4614.118466
121,44,4567.181972
122,16,6889.528766
122,17,6215.641190
122,18,6082.336680
122,19,5856.715212
122,20,5841.891807
122,21,5798.575212
122,22,5771.187368
122,23,5747.650702
122,24,5745.727545
122,25,5614.807881
122,26,5599.401677
122,27,5174.735255
122,28,4979.242021
122,31,4903.943515
122,33,4762.654301
122,35,4697.017402
122,37,4617.679269
122,38,4614.118466
122,44,4567.181972
123,16,6889.528766
123,17,6196.821278
123,18,6082.336680
123,19,5856.715212
123,20,5841.891807
123,21,5785.941105
123,22,5771.187368
123,23,5593.604084
123,27,5174.735255
123,28,4979.242021
123,31,4903.943515
123,33,4762.654301
123,35,4697.017402
123,37,4617.679269
123,38,4614.118466
123,44,4567.181972
124,16,6889.528766
124,17,6145.905062
124,18,6082.336680
124,19,5856.715212
124,20,5841.891807
124,21,5785.941105
124,22,5771.187368
124,23,5593.604084
124,27,5174.735255
124,28,4979.242021
124,31,4903.943515
124,33,4762.654301
124,35,4697.017402
124,37,4617.679269
124,38,4614.118466
124,44,4567.181972
125,16,6889.528766
125,17,6145.905062
125,18,6082.336680
125,19,5856.715212
125,20,5841.891807
125,21,5785.941105
125,22,5768.864327
125,23,5593.604084
125,26,5460.571413
125,27,5174.735255
125,28,4979.242021
125,31,4903.943515
125,33,4762.654301
125,35,4697.017402
125,37,4617.679269
125,38,4594.382666
125,44,4567.181972
126,16,6889.528766
126,17,6145.905062
126,18,6038.935003
126,19,5856.715212
126,20,5841.891807
126,21,5785.941105
126,22,5768.864327
126,23,5593.604084
126,26,5460.571413
126,27,5174.735255
126,28,4979.242021
126,30,4911.308845
126,31,4885.947307
126,33,4762.654301
126,35,4690.359060
126,37,4617.679269
126,38,4594.382666
126,40,4554.397395
127,16,6858.272809
127,17,6145.905062
127,18,5984.731978
127,19,5856.715212
127,20,5841.891807
127,21,5676.427374
127,23,5593.604084
127,26,5382.671825
127,27,5174.735255
127,28,4979.242021
127,30,4911.308845
127,31,4885.947307
127,32,4669.752547
127,37,4592.041304
127,40,4554.397395
128,16,6858.272809
128,17,6145.905062
128,18,5960.022023
128,19,5856.715212
128,20,5596.297478
128,23,5593.604084
128,26,5382.671825
128,27,5174.735255
128,28,4979.242021
128,30,4656.656479
128,37,4592.041304
128,40,4554.397395
129,16,6568.819552
129,17,6145.905062
129,18,5960.022023
129,19,5856.715212
129,20,5596.297478
129,23,5572.427803
129,26,5382.671825
129,27,5174.735255
129,28,4979.242021
129,30,4656.656479
129,37,4592.041304
129,40,4554.397395
130,16,6568.819552
130,17,6145.905062
130,18,5960.022023
130,19,5856.715212
130,20,5596.297478
130,23,5572.427803
130,26,5382.671825
130,27,5174.735255
130,28,4979.242021
130,30,4656.656479
130,37,4592.041304
130,39,4591.429111
130,40,4554.397395
131,16,6568.819552
131,17,6145.905062
131,18,5960.022023
131,19,5684.627431
131,20,5514.395108
131,22,5495.968182
131,26,5357.903222
131,27,5163.748649
131,28,4979.242021
131,30,4656.656479
131,32,4641.093048
131,37,4592.041304
131,39,4591.429111
131,40,4554.397395
132,16,6568.819552
132,17,6145.905062
132,18,5942.504083
132,19,5684.627431
132,20,5514.395108
132,22,5495.968182
132,26,5357.903222
132,27,5163.748649
132,28,4979.242021
132,30,4656.656479
132,32,4641.093048
132,37,4592.041304
132,39,4591.429111
132,40,4554.397395
133,16,6568.819552
133,17,6145.905062
133,18,5942.504083
133,19,5684.627431
133,20,5514.395108
133,22,5438.406299
133,23,5413.817057
133,26,5357.903222
133,27,5163.748649
133,28,4979.242021
133,30,4656.656479
133,32,4641.093048
133,37,4592.041304
133,39,4591.429111
133,40,4554.397395
134,16,6568.819552
134,17,6145.905062
134,18,5942.504083
134,19,5684.627431
134,20,5514.395108
134,22,5438.406299
134,23,5413.817057
134,26,5357.903222
134,27,5163.748649
134,28,4979.242021
134,30,4656.656479
134,32,4641.093048
134,37,4592.041304
134,39,4591.429111
134,40,4554.397395
135,16,6568.819552
135,17,6145.905062
135,18,5942.504083
135,19,5684.627431
135,20,5514.395108
135,22,5438.406299
135,23,5413.817057
135,24,5395.847873
135,26,5357.903222
135,27,5163.748649
135,28,4979.242021
135,29,4655.543783
135,31,4595.581925
135,37,4592.041304
135,39,4591.429111
135,40,4554.397395
136,16,6568.819552
136,17,6062.646125
136,18,5942.504083
136,19,5684.627431
136,20,5514.395108
136,22,5438.406299
136,23,5408.144216
136,24,5395.847873
136,26,5357.903222
136,27,5151.083533
136,28,4979.242021
136,29,4655.543783
136,30,4591.607589
136,39,4591.429111
136,40,4552.525211
137,16,6568.819552
137,17,6062.646125
137,18,5853.051044
137,19,5684.627431
137,20,5514.395108
137,22,5438.406299
137,23,5408.144216
137,24,5395.847873
137,26,5357.903222
137,27,5151.083533
137,28,4979.242021
137,29,4655.543783
137,30,4591.607589
137,39,4591.429111
137,40,4552.525211
138,16,6568.819552
138,17,6062.646125
138,18,5853.051044
138,19,5684.627431
138,20,5514.395108
138,22,5438.406299
138,23,5408.144216
138,24,5395.847873
138,26,5357.903222
138,27,5151.083533
138,28,4979.242021
138,29,4655.543783
138,30,4591.607589
138,39,4591.429111
138,40,4552.525211
139,16,6568.819552
139,17,5877.696543
139,18,5853.051044
139,19,5684.627431
139,20,5514.395108
139,22,5438.406299
139,23,5408.144216
139,24,5395.847873
139,26,5037.372266
139,28,4979.242021
139,29,4655.543783
139,30,4591.607589
139,39,4591.429111
139,40,4552.525211
140,16,6568.819552
140,17,5877.696543
140,18,5847.841085
140,19,5684.627431
140,20,5462.181250
140,22,5438.406299
140,23,5408.144216
140,24,5359.951231
140,26,5037.372266
140,28,4979.242021
140,29,4655.543783
140,30,4591.607589
140,39,4591.429111
140,40,4552.525211
141,16,6568.819552
141,17,5877.696543
141,18,5847.841085
141,19,5684.627431
141,20,5451.093119
141,22,5406.412946
141,23,5376.798868
141,24,5359.951231
141,26,5037.372266
141,28,4979.242021
141,29,4655.543783
141,30,4591.004011
141,39,4542.671030
142,16,6568.819552
142,17,5877.696543
142,18,5847.841085
142,19,5684.627431
142,20,5451.093119
142,22,5406.412946
142,23,5376.798868
142,24,5359.951231
142,26,5037.372266
142,28,4979.242021
142,29,4655.543783
142,30,4591.004011
142,39,4525.995551
143,16,6167.962045
143,17,5877.696543
143,18,5847.841085
143,19,5684.627431
143,20,5451.093119
143,22,5367.186739
143,24,5359.951231
143,26,5037.372266
143,28,4979.242021
143,29,4655.543783
143,30,4591.004011
143,39,4525.995551
143,40,4523.041996
144,16,6167.962045
144,17,5877.696543
144,18,5847.841085
144,19,5684.627431
144,20,5451.093119
144,22,5367.186739
144,24,5288.731671
144,26,5037.372266
144,28,4979.242021
144,29,4655.543783
144,30,4591.004011
144,39,4525.995551
144,40,4523.041996
145,16,6167.962045
145,17,5877.696543
145,18,5847.841085
145,19,5635.177764
145,20,5451.093119
145,22,5367.186739
145,24,5288.731671
145,26,5037.372266
145,28,4979.242021
145,29,4655.543783
145,30,4591.004011
145,37,4518.342473
146,16,6167.962045
146,17,5877.696543
146,18,5847.841085
146,19,5593.707873
146,20,5451.093119
146,22,5367.186739
146,24,5264.112973
146,26,5037.372266
146,28,4921.529380
146,29,4655.543783
146,30,4591.004011
146,37,4518.342473
147,16,6167.962045
147,17,5877.696543
147,18,5752.605299
147,19,5593.707873
147,20,5451.093119
147,22,5367.186739
147,24,5264.112973
147,26,5037.372266
147,28,4921.529380
147,29,4655.543783
147,30,4589.865552
147,37,4518.342473
148,16,6167.962045
148,17,5877.696543
148,18,5752.605299
148,19,5593.707873
148,20,5451.093119
148,22,5367.186739
148,24,5264.112973
148,26,5037.372266
148,28,4921.529380
148,29,4655.543783
148,30,4589.865552
148,37,4518.342473
149,16,6167.962045
149,17,5877.696543
149,18,5752.605299
149,19,5593.707873
149,20,5451.093119
149,22,5367.186739
149,24,5264.112973
149,26,5037.372266
149,28,4921.529380
149,29,4576.029821
149,34,4571.388009
149,37,4518.342473
150,16,6167.962045
150,17,5877.696543
150,18,5752.605299
150,19,5593.707873
150,20,5451.093119
150,22,5367.186739
150,24,5264.112973
150,26,5037.372266
150,28,4921.529380
150,29,4576.029821
150,30,4572.593142
150,34,4571.388009
150,37,4518.342473
151,16,6167.962045
151,17,5877.696543
151,18,5741.432879
151,19,5593.707873
151,20,5451.093119
151,22,5367.186739
151,24,5264.112973
151,26,5000.813038
151,28,4918.078653
151,29,4576.029821
151,30,4572.593142
151,33,4564.741094
151,37,4518.342473
152,16,6167.962045
152,17,5877.696543
152,18,5741.432879
152,19,5593.707873
152,20,5451.093119
152,22,5367.186739
152,24,5264.112973
152,26,5000.813038
152,28,4918.078653
152,29,4576.029821
152,30,4572.593142
152,33,4564.741094
152,37,4518.342473
153,16,6167.962045
153,17,5771.626786
153,18,5741.432879
153,19,5593.707873
153,20,5451.093119
153,22,5367.186739
153,24,5264.112973
153,26,5000.813038
153,28,4918.078653
153,29,4576.029821
153,30,4572.593142
153,33,4554.245557
153,37,4518.342473
154,16,6167.962045
154,17,5771.626786
154,18,5741.432879
154,19,5593.707873
154,20,5451.093119
154,22,5367.186739
154,24,5264.112973
154,26,5000.813038
154,28,4706.561909
154,29,4576.029821
154,30,4572.593142
154,33,4554.245557
154,37,4518.342473
155,16,6129.945990
155,17,5771.626786
155,18,5719.868764
155,19,5585.708793
155,20,5451.093119
155,22,5367.186739
155,24,5264.112973
155,25,5214.568512
155,26,5000.813038
155,28,4706.561909
155,29,4576.029821
155,30,4564.666554
155,33,4554.245557
155,37,4518.342473
156,16,6129.945990
156,17,5771.626786
156,18,5719.868764
156,19,5573.495394
156,20,5451.093119
156,22,5367.186739
156,24,5174.798320
156,26,5000.813038
156,28,4706.561909
156,29,4576.029821
156,30,4563.136566
156,33,4554.245557
156,37,4518.342473
157,16,6129.945990
157,17,5771.626786
157,18,5719.868764
157,19,5573.495394
157,20,5451.093119
157,22,5367.186739
157,24,5174.798320
157,25,5146.952495
157,26,5000.813038
157,28,4706.561909
157,29,4576.029821
157,30,4548.235303
157,37,4518.342473
157,45,4501.239096
158,16,6129.945990
158,17,5771.626786
158,18,5719.868764
158,19,5573.495394
158,20,5451.093119
158,22,5367.186739
158,24,5174.798320
158,25,5146.952495
158,26,5000.813038
158,28,4706.561909
158,29,4576.029821
158,30,4547.314827
158,31,4503.199961
158,45,4501.239096
159,16,6129.945990
159,17,5771.626786
159,18,5684.934049
159,19,5573.495394
159,20,5451.093119
159,21,5396.143039
159,22,5283.274605
159,24,5174.798320
159,25,5146.952495
159,26,5000.813038
159,28,4706.561909
159,29,4576.029821
159,30,4547.314827
159,31,4503.199961
159,45,4501.239096
160,16,6129.945990
160,17,5771.626786
160,18,5639.815550
160,19,5573.495394
160,20,5451.093119
160,21,5396.143039
160,22,5283.274605
160,24,5174.798320
160,25,5146.952495
160,26,5000.813038
160,28,4706.286252
160,29,4576.029821
160,30,4547.314827
160,31,4503.199961
160,45,4501.239096
161,16,6042.636591
161,17,5771.626786
161,18,5639.815550
161,19,5573.495394
161,20,5451.093119
161,21,5396.143039
161,22,5283.274605
161,24,5174.798320
161,25,5121.028503
161,26,5000.813038
161,28,4706.286252
161,29,4576.029821
161,30,4547.314827
161,31,4503.199961
161,45,4501.239096
162,16,5846.566118
162,17,5771.626786
162,18,5639.815550
162,19,5573.495394
162,20,5451.093119
162,21,5396.143039
162,22,5283.274605
162,24,5174.798320
162,25,5121.028503
162,26,5000.813038
162,28,4706.286252
162,29,4576.029821
162,30,4547.314827
162,31,4503.199961
162,45,4501.239096
163,16,5846.566118
163,17,5771.626786
163,18,5639.815550
163,19,5573.495394
163,20,5446.140480
163,21,5396.143039
163,22,5283.274605
163,24,5174.798320
163,25,5121.028503
163,26,5000.813038
163,28,4706.286252
163,29,4576.029821
163,30,4547.314827
163,31,4503.199961
163,45,4501.239096
164,16,5846.566118
164,17,5771.626786
164,18,5639.815550
164,19,5573.495394
164,20,5407.407205
164,21,5396.143039
164,22,5283.274605
164,24,5174.798320
164,25,5121.028503
164,26,5000.813038
164,28,4706.286252
164,29,4576.029821
164,30,4547.314827
164,31,4502.440099
164,45,4501.239096
165,16,5846.566118
165,17,5771.626786
165,18,5639.815550
165,19,5554.470549
165,20,5407.407205
165,21,5396.143039
165,22,5283.274605
165,24,5174.798320
165,25,5121.028503
165,26,5000.813038
165,28,4706.286252
165,29,4576.029821
165,30,4547.314827
165,31,4502.440099
165,45,4501.239096
166,16,5846.566118
166,17,5771.626786
166,18,5639.815550
166,19,5554.470549
166,20,5407.407205
166,21,5396.143039
166,22,5283.274605
166,24,5174.798320
166,25,5120.243514
166,26,5000.813038
166,28,4706.286252
166,29,4576.029821
166,30,4547.289056
166,31,4502.440099
166,45,4501.239096
167,15,6102.832028
167,16,5846.566118
167,17,5771.626786
167,18,5639.815550
167,19,5554.470549
167,20,5407.407205
167,21,5396.143039
167,22,5283.274605
167,24,5174.798320
167,25,5120.243514
167,26,4992.097117
167,28,4706.286252
167,29,4576.029821
167,30,4547.289056
167,31,4502.440099
167,33,4495.513952
168,15,6102.832028
168,16,5718.057883
168,18,5639.815550
168,19,5554.470549
168,20,5407.407205
168,21,5396.143039
168,22,5283.274605
168,24,5174.798320
168,25,5057.156258
168,26,4992.097117
168,27,4928.655412
168,28,4706.286252
168,29,4576.029821
168,30,4547.289056
168,31,4502.440099
168,33,4495.513952
169,15,6102.832028
169,16,5718.057883
169,17,5686.324521
169,18,5639.815550
169,19,5554.470549
169,20,5407.407205
169,21,5396.143039
169,22,5283.274605
169,24,5174.798320
169,25,5057.156258
169,26,4992.097117
169,27,4928.655412
169,28,4699.560323
169,29,4576.029821
169,30,4547.289056
169,31,4502.440099
169,33,4495.513952
170,15,6102.832028
170,16,5718.057883
170,17,5686.324521
170,18,5639.815550
170,19,5554.470549
170,20,5407.407205
170,21,5396.143039
170,22,5283.274605
170,24,5174.798320
170,25,5057.156258
170,26,4992.097117
170,27,4928.655412
170,28,4665.131536
170,29,4576.029821
170,30,4547.289056
170,31,4502.440099
170,33,4495.513952
171,15,5948.734194
171,16,5718.057883
171,17,5686.324521
171,18,5639.815550
171,19,5554.470549
171,20,5407.407205
171,21,5396.143039
171,22,5283.274605
171,24,5174.798320
171,25,5057.156258
171,26,4992.097117
171,27,4928.655412
171,28,4665.131536
171,29,4576.029821
171,30,4547.289056
171,31,4502.440099
171,33,4495.513952
172,15,5948.734194
172,16,5718.057883
172,17,5686.324521
172,18,5639.815550
172,19,5440.466432
172,20,5407.407205
172,21,5396.143039
172,22,5283.274605
172,24,5174.798320
172,25,5057.156258
172,26,4992.097117
172,27,4928.655412
172,28,4665.131536
172,29,4576.029821
172,30,4547.289056
172,31,4502.440099
172,32,4499.845382
172,33,4495.513952
173,15,5948.734194
173,16,5718.057883
173,17,5686.324521
173,18,5639.815550
173,19,5440.466432
173,20,5407.407205
173,21,5259.977433
173,23,5246.834625
173,24,5174.798320
173,25,5057.156258
173,26,4992.097117
173,27,4928.655412
173,28,4665.131536
173,29,4576.029821
173,30,4547.289056
173,31,4502.440099
173,32,4499.845382
173,33,4495.513952
174,15,5948.734194
174,16,5718.057883
174,17,5686.324521
174,18,5639.815550
174,19,5440.466432
174,20,5407.407205
174,21,5259.977433
174,23,5246.834625
174,24,5174.798320
174,25,5057.156258
174,26,4992.097117
174,27,4928.655412
174,28,4664.790675
174,29,4576.029821
174,30,4547.289056
174,31,4502.440099
174,32,4499.845382
174,33,4495.513952
175,15,5948.734194
175,16,5718.057883
175,17,5558.722884
175,19,5440.466432
175,20,5407.407205
175,21,5259.977433
175,23,5246.834625
175,24,5174.798320
175,25,5057.156258
175,26,4992.097117
175,27,4928.655412
175,28,4664.790675
175,29,4576.029821
175,30,4547.289056
175,31,4502.440099
175,32,4499.845382
175,33,4485.875945
176,15,5948.734194
176,16,5718.057883
176,17,5558.722884
176,19,5440.466432
176,20,5407.407205
176,21,5259.977433
176,23,5246.834625
176,24,5174.798320
176,25,5039.461977
176,26,4992.097117
176,27,4928.655412
176,28,4664.790675
176,29,4576.029821
176,30,4547.289056
176,31,4502.440099
176,32,4488.284275
176,33,4485.689558
177,15,5942.242389
177,16,5718.057883
177,17,5558.722884
177,19,5440.466432
177,20,5407.407205
177,21,5259.977433
177,23,5167.695248
177,25,5039.461977
177,26,4992.097117
177,27,4928.655412
177,28,4664.790675
177,29,4576.029821
177,30,4547.289056
177,31,4502.440099
177,32,4488.284275
177,33,4485.689558
178,15,5942.242389
178,16,5718.057883
178,17,5558.722884
178,19,5440.466432
178,20,5407.407205
178,21,5259.977433
178,23,5167.695248
178,25,5039.461977
178,26,4992.097117
178,27,4928.655412
178,28,4664.790675
178,29,4576.029821
178,30,4547.289056
178,31,4502.440099
178,32,4488.284275
178,33,4485.689558
179,15,5942.242389
179,16,5568.694559
179,17,5558.722884
179,19,5440.466432
179,20,5407.407205
179,21,5259.977433
179,23,5167.695248
179,25,5039.461977
179,26,4992.097117
179,27,4928.655412
179,28,4664.790675
179,29,4576.029821
179,30,4547.289056
179,31,4502.440099
179,32,4488.284275
179,33,4485.689558
180,15,5942.242389
180,16,5568.694559
180,17,5558.722884
180,19,5440.466432
180,20,5407.407205
180,21,5259.977433
180,23,5167.695248
180,25,5039.461977
180,26,4992.097117
180,27,4928.655412
180,28,4664.790675
180,29,4576.029821
180,30,4547.289056
180,31,4502.440099
180,32,4488.284275
180,33,4485.689558
181,15,5927.759896
181,16,5568.694559
181,17,5558.722884
181,19,5380.148611
181,21,5259.977433
181,23,5167.695248
181,25,5016.869379
181,26,4926.981131
181,28,4664.744763
181,29,4576.029821
181,30,4547.289056
181,31,4502.440099
181,32,4488.284275
181,33,4485.689558
181,37,4459.915965
182,15,5671.314581
182,16,5568.694559
182,17,5558.722884
182,19,5380.148611
182,21,5259.977433
182,23,5167.695248
182,25,5016.869379
182,26,4926.981131
182,28,4642.098205
182,29,4576.029821
182,30,4547.289056
182,31,4502.440099
182,32,4488.284275
182,33,4485.689558
182,37,4459.915965
183,15,5671.314581
183,16,5568.694559
183,17,5558.722884
183,18,5536.071094
183,19,5380.148611
183,21,5259.977433
183,23,5167.695248
183,25,5016.869379
183,26,4926.981131
183,28,4642.098205
183,29,4576.029821
183,30,4547.289056
183,31,4502.440099
183,32,4488.284275
183,33,4485.689558
183,37,4459.915965
184,15,5671.314581
184,16,5568.694559
184,17,5558.722884
184,18,5465.097746
184,19,5380.148611
184,21,5259.977433
184,23,5167.695248
184,24,5041.289600
184,25,5016.869379
184,26,4926.981131
184,28,4642.098205
184,29,4576.029821
184,30,4547.289056
184,31,4502.440099
184,32,4488.284275
184,33,4485.689558
184,37,4459.915965
185,14,5760.104795
185,15,5671.314581
185,16,5568.694559
185,17,5558.722884
185,18,5465.097746
185,19,5380.148611
185,21,5259.977433
185,23,5167.695248
185,24,5041.289600
185,25,5016.869379
185,26,4926.981131
185,28,4642.098205
185,29,4576.029821
185,30,4547.289056
185,31,4502.440099
185,32,4488.284275
185,33,4485.689558
185,36,4441.694762
186,14,5760.104795
186,15,5671.314581
186,16,5568.694559
186,17,5432.998333
186,19,5380.148611
186,20,5292.011495
186,21,5259.977433
186,23,5167.695248
186,24,5035.645294
186,25,5010.689621
186,26,4905.739337
186,28,4642.098205
186,29,4576.029821
186,30,4547.289056
186,31,4502.440099
186,32,4488.284275
186,33,4485.689558
186,36,4432.487935
187,14,5760.104795
187,15,5540.859000
187,17,5432.998333
187,19,5380.148611
187,20,5292.011495
187,21,5023.430777
187,25,5010.689621
187,26,4905.739337
187,28,4642.098205
187,29,4576.029821
187,30,4547.289056
187,31,4502.440099
187,32,4488.284275
187,33,4485.689558
187,36,4432.487935
188,14,5632.663753
188,15,5540.859000
188,17,5432.998333
188,19,5380.148611
188,20,5292.011495
188,21,5023.430777
188,25,5010.689621
188,26,4905.739337
188,28,4642.098205
188,29,4576.029821
188,30,4547.289056
188,31,4502.440099
188,32,4488.284275
188,33,4485.689558
188,36,4432.487935
189,14,5620.050975
189,15,5540.859000
189,17,5432.998333
189,18,5365.120186
189,20,5292.011495
189,21,5023.430777
189,25,5010.689621
189,26,4905.739337
189,27,4687.935128
189,28,4642.098205
189,29,4576.029821
189,30,4547.289056
189,31,4499.682044
189,32,4488.284275
189,33,4485.689558
189,36,4432.487935
190,14,5620.050975
190,15,5540.859000
190,17,5432.998333
190,18,5365.120186
190,20,5193.919628
190,21,5023.430777
190,25,5010.689621
190,26,4905.739337
190,27,4687.935128
190,28,4642.098205
190,29,4576.029821
190,30,4547.289056
190,31,4499.682044
190,32,4488.284275
190,33,4485.689558
190,36,4432.487935
191,14,5620.050975
191,15,5540.859000
191,17,5432.998333
191,18,5365.120186
191,19,5324.144598
191,20,5193.919628
191,21,5023.430777
191,25,5010.689621
191,26,4905.739337
191,27,4687.935128
191,28,4642.098205
191,29,4562.090531
191,30,4547.289056
191,31,4499.682044
191,32,4488.284275
191,33,4485.689558
191,36,4432.487935
192,14,5620.050975
192,15,5540.859000
192,17,5432.998333
192,18,5365.120186
192,19,5324.144598
192,20,5193.919628
192,21,5023.430777
192,25,5010.689621
192,26,4891.546565
192,27,4687.935128
192,28,4642.098205
192,29,4562.090531
192,30,4547.289056
192,31,4499.682044
192,32,4488.284275
192,33,4485.689558
192,36,4432.487935
193,14,5538.154548
193,17,5432.998333
193,18,5365.120186
193,19,5324.144598
193,20,5193.919628
193,21,5023.430777
193,25,5010.689621
193,26,4891.546565
193,27,4687.935128
193,28,4642.098205
193,29,4562.090531
193,30,4547.289056
193,31,4499.682044
193,32,4488.284275
193,33,4485.689558
193,35,4474.622738
193,36,4432.487935
194,14,5538.154548
194,17,5432.998333
194,18,5365.120186
194,19,5324.144598
194,20,5193.919628
194,21,5023.430777
194,25,5010.689621
194,26,4891.546565
194,27,4687.935128
194,28,4642.098205
194,29,4562.090531
194,30,4547.289056
194,31,4499.682044
194,32,4488.284275
194,33,4485.689558
194,35,4474.622738
194,36,4432.487935
195,14,5538.154548
195,15,5467.541942
195,17,5432.998333
195,18,5365.120186
195,19,5324.144598
195,20,5193.919628
195,21,5023.430777
195,25,5010.689621
195,26,4891.546565
195,27,4687.935128
195,28,4642.098205
195,29,4562.090531
195,30,4547.025887
195,31,4499.682044
195,32,4488.284275
195,33,4485.689558
195,35,4474.622738
195,36,4432.487935
196,14,5538.154548
196,15,5467.541942
196,17,5432.998333
196,18,5365.120186
196,19,5250.119243
196,20,5193.919628
196,21,5023.430777
196,25,5010.689621
196,26,4882.227216
196,27,4687.935128
196,28,4642.098205
196,29,4562.090531
196,30,4547.025887
196,31,4499.682044
196,32,4488.284275
196,33,4481.016018
196,35,4474.622738
196,36,4432.487935
197,14,5538.154548
197,15,5467.541942
197,17,5398.923102
197,18,5338.875907
197,19,5250.119243
197,20,5193.919628
197,21,5023.430777
197,25,5010.689621
197,26,4882.227216
197,27,4687.935128
197,28,4642.098205
197,29,4483.178345
197,33,4481.016018
197,35,4474.622738
197,36,4432.487935
198,14,5538.154548
198,15,5467.541942
198,17,5316.786388
198,19,5211.862830
198,20,5193.919628
198,21,5023.430777
198,25,5010.689621
198,26,4882.227216
198,27,4687.935128
198,28,4642.098205
198,29,4483.178345
198,33,4481.016018
198,35,4474.622738
198,36,4432.487935
199,14,5538.154548
199,15,5467.541942
199,17,5316.786388
199,19,5211.862830
199,20,5193.919628
199,21,5023.430777
199,25,5010.689621
199,26,4882.227216
199,27,4687.935128
199,28,4617.441840
199,29,4483.178345
199,33,4481.016018
199,35,4474.622738
199,36,4432.487935
200,14,5538.154548
200,15,5467.541942
200,17,5316.786388
200,19,5211.862830
200,20,5193.919628
200,21,5023.430777
200,25,5010.689621
200,26,4719.790855
200,27,4687.935128
200,28,4617.441840
200,29,4483.178345
200,33,4481.016018
200,35,4474.622738
200,36,4432.487935
200,38,4431.883280
201,14,5538.154548
201,15,5467.541942
201,17,5316.786388
201,19,5211.862830
201,20,5193.919628
201,21,5023.430777
201,25,5010.689621
201,26,4719.790855
201,27,4687.935128
201,28,4617.441840
201,29,4483.178345
201,33,4481.016018
201,35,4474.622738
201,36,4432.487935
201,38,4431.883280
202,14,5538.154548
202,15,5467.541942
202,17,5316.786388
202,19,5211.862830
202,20,5193.919628
202,21,5023.430777
202,25,5010.689621
202,26,4719.790855
202,27,4687.935128
202,28,4617.441840
202,29,4483.178345
202,33,4481.016018
202,35,4474.622738
202,36,4432.487935
202,38,4431.883280
203,14,5538.154548
203,15,5467.541942
203,17,5316.786388
203,19,5211.862830
203,20,5193.919628
203,21,5023.430777
203,25,5010.689621
203,26,4719.790855
203,27,4687.935128
203,28,4617.441840
203,29,4483.178345
203,33,4481.016018
203,35,4474.622738
203,36,4432.487935
203,38,4431.883280
204,14,5538.154548
204,15,5467.541942
204,17,5316.786388
204,19,5211.862830
204,20,5193.919628
204,21,5023.430777
204,25,5010.689621
204,26,4719.790855
204,27,4687.935128
204,28,4617.441840
204,29,4482.418483
204,33,4481.016018
204,35,4474.622738
204,36,4432.487935
204,38,4431.883280
205,14,5538.154548
205,15,5467.541942
205,17,5316.786388
205,19,5211.862830
205,20,5193.919628
205,21,5023.430777
205,25,4969.510867
205,26,4719.790855
205,27,4687.935128
205,28,4617.441840
205,29,4482.418483
205,31,4477.790002
205,35,4474.622738
205,36,4432.487935
205,38,4431.883280
206,14,5538.154548
206,15,5467.541942
206,17,5316.786388
206,19,5211.862830
206,20,5193.919628
206,21,5023.430777
206,25,4969.510867
206,26,4719.790855
206,27,4687.935128
206,28,4617.441840
206,29,4482.418483
206,31,4477.790002
206,35,4474.622738
206,36,4432.487935
206,38,4428.842738
207,14,5538.154548
207,15,5467.541942
207,17,5316.786388
207,19,5211.862830
207,20,5193.919628
207,21,5023.430777
207,25,4969.510867
207,26,4719.790855
207,27,4686.612050
207,28,4617.441840
207,29,4482.418483
207,31,4477.790002
207,35,4474.622738
207,36,4432.487935
207,38,4428.842738
208,14,5538.154548
208,15,5438.245219
208,17,5316.786388
208,19,5211.862830
208,20,5193.919628
208,21,5023.430777
208,25,4969.510867
208,26,4687.069315
208,27,4686.612050
208,28,4617.441840
208,29,4482.418483
208,31,4477.790002
208,35,4474.622738
208,36,4432.487935
208,38,4428.842738
209,14,5538.154548
209,15,5438.245219
209,17,5316.786388
209,19,5211.862830
209,20,5193.919628
209,21,5023.430777
209,25,4969.510867
209,26,4687.069315
209,27,4686.612050
209,28,4617.441840
209,29,4482.418483
209,30,4433.879063
209,36,4432.487935
209,38,4428.842738
210,14,5538.154548
210,15,5438.245219
210,17,5316.786388
210,19,5211.862830
210,20,5193.919628
210,21,5023.430777
210,22,4894.896460
210,25,4757.797415
210,26,4687.069315
210,27,4686.612050
210,28,4607.230370
210,29,4482.418483
210,30,4433.879063
210,36,4432.487935
210,38,4428.842738
211,14,5538.154548
211,15,5438.245219
211,17,5316.786388
211,19,5211.862830
211,20,5193.919628
211,21,5012.406496
211,22,4894.896460
211,25,4757.797415
211,26,4660.421512
211,28,4607.230370
211,29,4482.418483
211,30,4433.879063
211,36,4432.487935
211,38,4424.169198
212,14,5538.154548
212,15,5438.245219
212,17,5316.786388
212,19,5211.862830
212,20,5193.919628
212,21,5012.406496
212,22,4894.896460
212,25,4757.797415
212,26,4660.421512
212,28,4607.230370
212,29,4482.418483
212,30,4433.879063
212,36,4432.487935
212,38,4424.169198
213,14,5538.154548
213,15,5438.245219
213,17,5316.786388
213,19,5211.862830
213,20,5193.919628
213,21,5012.406496
213,22,4894.896460
213,25,4757.797415
213,26,4660.421512
213,28,4607.230370
213,29,4482.418483
213,30,4433.879063
213,31,4428.666440
213,38,4424.169198
214,14,5538.154548
214,15,5438.245219
214,17,5316.786388
214,19,5211.862830
214,20,5193.919628
214,21,5012.406496
214,22,4894.896460
214,25,4757.797415
214,26,4660.421512
214,28,4607.230370
214,29,4482.418483
214,30,4433.879063
214,31,4428.666440
214,38,4424.169198
215,14,5538.154548
215,15,5438.245219
215,17,5316.786388
215,19,5211.862830
215,20,5193.919628
215,21,5012.406496
215,22,4894.896460
215,25,4757.797415
215,26,4660.421512
215,28,4607.230370
215,29,4482.418483
215,30,4433.879063
215,31,4428.666440
215,38,4424.169198
216,14,5538.154548
216,15,5438.245219
216,17,5316.786388
216,18,5201.299793
216,20,5189.676150
216,21,4985.963419
216,22,4894.896460
216,25,4757.797415
216,26,4660.421512
216,28,4607.230370
216,29,4482.418483
216,30,4433.879063
216,31,4428.666440
216,38,4424.169198
217,14,5538.154548
217,15,5438.245219
217,17,5316.786388
217,18,5201.299793
217,20,5189.676150
217,21,4985.963419
217,22,4894.896460
217,25,4757.797415
217,26,4660.421512
217,28,4607.230370
217,29,4482.418483
217,30,4433.879063
217,31,4428.666440
217,38,4424.169198
218,14,5538.154548
218,15,5438.245219
218,17,5316.786388
218,18,5201.299793
218,20,5189.676150
218,21,4985.963419
218,22,4894.896460
218,25,4757.797415
218,26,4660.421512
218,28,4607.230370
218,29,4482.418483
218,30,4433.879063
218,31,4428.666440
218,38,4424.169198
219,14,5538.154548
219,15,5438.245219
219,17,5316.786388
219,18,5201.299793
219,20,5189.676150
219,21,4985.963419
219,22,4894.896460
219,25,4757.797415
219,26,4660.421512
219,28,4607.230370
219,29,4482.418483
219,30,4433.879063
219,31,4428.666440
219,38,4424.169198
220,14,5538.154548
220,15,5438.245219
220,17,5316.786388
220,18,5201.299793
220,20,5189.676150
220,21,4985.963419
220,22,4894.896460
220,25,4757.797415
220,26,4660.421512
220,28,4607.230370
220,29,4482.418483
220,30,4433.879063
220,31,4428.666440
220,38,4424.169198
221,13,5705.337750
221,14,5538.154548
221,15,5438.245219
221,17,5316.786388
221,18,5165.095190
221,21,4985.963419
221,22,4894.896460
221,25,4757.797415
221,26,4660.421512
221,28,4607.230370
221,29,4482.418483
221,30,4433.879063
221,31,4428.666440
221,38,4424.169198
222,13,5705.337750
222,14,5528.229275
222,15,5438.245219
222,17,5316.786388
222,18,5155.747082
222,21,4985.963419
222,22,4894.896460
222,25,4757.797415
222,26,4660.421512
222,28,4596.048921
222,29,4482.418483
222,30,4433.879063
222,31,4428.666440
222,38,4424.169198
223,13,5705.337750
223,14,5528.229275
223,15,5438.245219
223,17,5316.786388
223,18,5155.747082
223,21,4985.963419
223,22,4894.896460
223,25,4757.797415
223,26,4660.421512
223,27,4622.515997
223,28,4596.048921
223,29,4482.418483
223,30,4433.879063
223,31,4428.666440
223,38,4424.169198
224,13,5691.031083
224,14,5528.229275
224,15,5438.245219
224,17,5316.786388
224,18,5155.747082
224,21,4985.963419
224,22,4894.896460
224,25,4757.797415
224,26,4660.421512
224,27,4622.515997
224,28,4596.048921
224,29,4482.418483
224,30,4433.879063
224,31,4428.666440
224,38,4424.169198
225,13,5691.031083
225,14,5528.229275
225,15,5438.245219
225,16,5418.086593
225,17,5316.786388
225,18,5085.623818
225,21,4985.963419
225,22,4894.896460
225,25,4757.797415
225,26,4660.421512
225,27,4622.515997
225,28,4596.048921
225,29,4482.418483
225,30,4433.879063
225,31,4428.666440
225,38,4424.169198
226,13,5691.031083
226,14,5528.229275
226,15,5438.245219
226,16,5418.086593
226,17,5316.786388
226,18,5085.623818
226,21,4985.963419
226,22,4894.896460
226,25,4757.797415
226,26,4651.545064
226,27,4622.515997
226,28,4596.048921
226,29,4475.476723
226,30,4433.879063
226,31,4428.666440
226,38,4424.169198
227,13,5691.031083
227,14,5528.229275
227,15,5438.245219
227,16,5418.086593
227,17,5203.551704
227,18,5085.623818
227,21,4985.963419
227,22,4894.896460
227,25,4757.797415
227,26,4651.545064
227,27,4622.515997
227,28,4596.048921
227,29,4475.476723
227,30,4433.879063
227,31,4428.666440
227,38,4424.169198
228,13,5691.031083
228,14,5528.229275
228,15,5438.245219
228,16,5418.086593
228,17,5203.551704
228,18,5085.623818
228,21,4985.963419
228,22,4894.896460
228,25,4757.797415
228,26,4651.545064
228,27,4622.515997
228,28,4486.703281
228,29,4475.476723
228,30,4433.879063
228,31,4428.666440
228,38,4424.169198
229,13,5602.515806
229,14,5528.229275
229,15,5438.245219
229,16,5418.086593
229,17,5203.551704
229,18,5085.623818
229,21,4985.963419
229,22,4894.896460
229,25,4757.797415
229,26,4651.545064
229,27,4622.515997
229,28,4486.703281
229,29,4475.476723
229,30,4433.879063
229,31,4428.666440
229,38,4424.169198
230,13,5602.515806
230,14,5528.229275
230,15,5438.245219
230,16,5384.664535
230,17,5203.551704
230,18,5085.623818
230,21,4985.963419
230,22,4894.896460
230,25,4757.797415
230,26,4651.545064
230,27,4622.515997
230,28,4486.703281
230,29,4475.476723
230,30,4433.879063
230,31,4428.666440
230,38,4424.169198
231,13,5602.515806
231,14,5528.229275
231,15,5438.245219
231,16,5384.664535
231,17,5203.551704
231,18,5085.623818
231,21,4985.963419
231,22,4894.896460
231,25,4757.797415
231,26,4651.545064
231,27,4614.869113
231,28,4486.703281
231,29,4475.476723
231,30,4433.879063
231,31,4428.666440
231,38,4424.169198
232,13,5584.695971
232,14,5528.229275
232,15,5438.245219
232,16,5384.664535
232,17,5203.551704
232,18,5085.623818
232,20,5076.807812
232,21,4985.963419
232,22,4894.896460
232,25,4757.797415
232,26,4651.545064
232,27,4614.869113
232,28,4486.703281
232,29,4475.476723
232,30,4433.879063
232,31,4428.666440
232,38,4424.169198
233,13,5584.695971
233,14,5528.229275
233,15,5438.245219
233,16,5384.664535
233,17,5203.551704
233,18,5085.623818
233,20,5076.807812
233,21,4985.963419
233,22,4894.896460
233,25,4757.797415
233,26,4651.545064
233,27,4614.869113
233,28,4486.703281
233,29,4475.476723
233,30,4433.879063
233,31,4428.666440
233,38,4424.169198
234,13,5584.695971
234,14,5528.229275
234,15,5438.245219
234,16,5384.664535
234,17,5203.551704
234,18,5085.623818
234,20,5076.807812
234,21,4985.963419
234,22,4894.896460
234,25,4757.797415
234,26,4651.545064
234,27,4614.869113
234,28,4486.703281
234,29,4475.476723
234,30,4433.879063
234,31,4428.666440
234,38,4424.169198
235,13,5584.695971
235,14,5528.229275
235,15,5438.245219
235,16,5384.664535
235,17,5203.551704
235,18,5085.623818
235,20,5076.807812
235,21,4985.963419
235,22,4894.896460
235,25,4757.797415
235,26,4651.545064
235,27,4614.869113
235,28,4486.703281
235,29,4475.476723
235,30,4433.879063
235,31,4428.666440
235,38,4424.169198
236,13,5584.695971
236,14,5528.229275
236,15,5438.245219
236,16,5384.664535
236,17,5203.551704
236,18,5085.623818
236,19,5043.109936
236,21,4985.779389
236,22,4894.896460
236,25,4757.797415
236,26,4651.545064
236,27,4614.869113
236,28,4486.703281
236,29,4475.476723
236,30,4433.879063
236,31,4428.666440
236,38,4424.143426
237,12,6323.949494
237,13,5534.070504
237,14,5528.229275
237,15,5438.245219
237,16,5384.664535
237,17,5203.551704
237,18,5085.623818
237,19,5043.109936
237,21,4985.779389
237,22,4894.896460
237,25,4757.797415
237,26,4651.545064
237,27,4614.869113
237,28,4486.703281
237,29,4475.476723
237,30,4433.879063
237,31,4428.666440
237,38,4424.143426
238,12,6323.949494
238,13,5534.070504
238,14,5528.229275
238,15,5438.245219
238,16,5384.664535
238,17,5203.551704
238,18,5085.623818
238,19,5043.109936
238,21,4985.779389
238,22,4894.896460
238,25,4757.797415
238,26,4651.545064
238,27,4614.869113
238,28,4486.703281
238,29,4475.476723
238,30,4433.879063
238,31,4428.666440
238,32,4425.869933
238,38,4424.143426
239,12,6323.949494
239,13,5534.070504
239,14,5472.191104
239,15,5438.245219
239,16,5384.664535
239,17,5203.551704
239,18,5085.623818
239,19,5043.109936
239,21,4985.779389
239,22,4894.896460
239,25,4757.797415
239,26,4651.545064
239,27,4614.869113
239,28,4486.703281
239,29,4475.476723
239,30,4433.879063
239,31,4428.666440
239,32,4425.869933
239,38,4424.143426
240,12,6323.949494
240,13,5534.070504
240,14,5472.191104
240,15,5438.245219
240,16,5384.664535
240,17,5203.551704
240,18,5085.623818
240,19,5043.109936
240,21,4985.779389
240,22,4894.896460
240,25,4757.797415
240,26,4651.545064
240,27,4614.869113
240,28,4486.703281
240,29,4475.476723
240,30,4433.879063
240,31,4428.666440
240,32,4425.869933
240,38,4424.143426
241,12,6323.949494
241,13,5534.070504
241,14,5472.191104
241,15,5438.245219
241,16,5342.731052
241,17,5203.551704
241,18,5085.623818
241,19,5043.109936
241,21,4985.779389
241,22,4872.475226
241,25,4756.126086
241,26,4651.545064
241,27,4614.869113
241,28,4486.703281
241,29,4475.476723
241,30,4433.739484
241,31,4428.666440
241,32,4425.869933
241,38,4424.143426
242,12,6323.949494
242,13,5534.070504
242,14,5472.191104
242,15,5438.245219
242,16,5342.731052
242,17,5203.551704
242,18,5085.623818
242,19,5043.109936
242,21,4985.779389
242,22,4872.475226
242,25,4756.126086
242,26,4651.545064
242,27,4614.869113
242,28,4486.703281
242,29,4475.476723
242,30,4433.739484
242,31,4428.666440
242,32,4425.869933
242,38,4424.143426
243,12,6323.949494
243,13,5534.070504
243,14,5472.191104
243,15,5438.245219
243,16,5342.731052
243,17,5203.551704
243,18,5085.623818
243,19,5043.109936
243,20,5010.174228
243,21,4985.779389
243,22,4872.475226
243,25,4756.126086
243,26,4651.545064
243,27,4614.869113
243,28,4486.703281
243,29,4475.476723
243,30,4433.739484
243,31,4428.666440
243,32,4425.869933
243,38,4424.143426
244,12,6323.949494
244,13,5534.070504
244,14,5472.191104
244,15,5438.245219
244,16,5342.731052
244,17,5203.551704
244,18,5085.623818
244,19,5043.109936
244,20,5010.174228
244,21,4985.779389
244,22,4872.475226
244,25,4756.126086
244,26,4651.545064
244,27,4614.869113
244,28,4486.703281
244,29,4475.476723
244,30,4433.739484
244,31,4428.666440
244,32,4425.869933
244,38,4424.143426
245,12,6323.949494
245,13,5534.070504
245,14,5472.191104
245,15,5438.245219
245,16,5342.731052
245,17,5203.551704
245,18,5085.623818
245,19,5001.611285
245,21,4985.779389
245,22,4872.475226
245,25,4756.126086
245,26,4651.545064
245,27,4614.869113
245,28,4486.703281
245,29,4475.476723
245,30,4433.739484
245,31,4428.666440
245,32,4425.869933
245,38,4424.143426
246,12,6323.949494
246,13,5534.070504
246,14,5472.191104
246,15,5438.245219
246,16,5342.731052
246,17,5203.551704
246,18,5085.623818
246,19,5001.611285
246,21,4985.779389
246,22,4867.236195
246,25,4756.126086
246,26,4651.545064
246,27,4614.869113
246,28,4486.703281
246,29,4475.476723
246,30,4432.795270
246,31,4428.666440
246,32,4425.869933
246,38,4424.143426
247,12,6323.949494
247,13,5534.070504
247,14,5472.191104
247,15,5382.760437
247,16,5342.731052
247,17,5203.551704
247,18,5085.623818
247,19,5001.611285
247,21,4985.779389
247,22,4867.236195
247,25,4756.126086
247,26,4651.545064
247,27,4614.869113
247,28,4486.703281
247,29,4475.476723
247,30,4432.795270
247,31,4428.666440
247,32,4425.869933
247,38,4424.143426
248,12,6323.949494
248,13,5534.070504
248,14,5472.191104
248,15,5382.760437
248,16,5342.731052
248,17,5203.551704
248,18,5085.623818
248,19,5001.611285
248,21,4985.779389
248,22,4867.236195
248,25,4756.126086
248,26,4651.545064
248,27,4614.869113
248,28,4486.703281
248,29,4475.476723
248,30,4432.795270
248,31,4428.666440
248,32,4425.869933
248,38,4424.143426
249,12,6323.949494
249,13,5529.737981
249,14,5421.380925
249,15,5382.760437
249,16,5342.731052
249,17,5203.551704
249,18,5085.623818
249,19,5001.611285
249,21,4944.848250
249,22,4867.236195
249,25,4756.126086
249,26,4651.545064
249,27,4614.869113
249,28,4486.703281
249,29,4475.476723
249,30,4432.795270
249,31,4428.666440
249,32,4425.869933
249,38,4424.143426
250,12,6323.949494
250,13,5529.737981
250,14,5421.380925
250,15,5382.760437
250,16,5342.731052
250,17,5203.551704
250,18,5047.637197
250,19,5001.611285
250,21,4944.848250
250,22,4867.236195
250,25,4756.126086
250,26,4651.545064
250,27,4614.869113
250,28,4481.565828
250,29,4475.476723
250,30,4432.795270
250,31,4428.666440
250,32,4425.869933
250,38,4424.143426
251,12,6323.949494
251,13,5529.737981
251,14,5421.380925
251,15,5382.760437
251,16,5342.731052
251,17,5203.551704
251,18,5047.637197
251,19,5001.611285
251,21,4944.848250
251,22,4866.100531
251,25,4756.126086
251,26,4651.545064
251,27,4614.869113
251,28,4481.565828
251,29,4475.476723
251,30,4432.795270
251,31,4428.666440
251,32,4425.869933
251,37,4420.322001
252,12,6323.949494
252,13,5529.737981
252,14,5421.380925
252,15,5382.760437
252,16,5049.670471
252,18,5047.637197
252,19,5001.611285
252,21,4944.848250
252,22,4866.100531
252,25,4756.126086
252,26,4651.545064
252,27,4614.869113
252,28,4481.565828
252,29,4475.476723
252,30,4432.795270
252,31,4428.666440
252,32,4425.869933
252,37,4420.322001
253,12,6323.949494
253,13,5529.737981
253,14,5421.380925
253,15,5382.760437
253,16,5049.670471
253,18,5042.067327
253,19,5001.611285
253,21,4944.848250
253,22,4866.100531
253,25,4756.126086
253,26,4651.545064
253,27,4614.869113
253,28,4481.565828
253,29,4458.643658
253,30,4432.795270
253,31,4428.666440
253,32,4425.869933
253,37,4420.322001
254,12,5910.044849
254,13,5529.737981
254,14,5421.380925
254,15,5382.760437
254,16,5049.670471
254,18,5042.067327
254,19,5001.611285
254,21,4944.848250
254,22,4866.100531
254,25,4756.126086
254,26,4651.545064
254,27,4614.869113
254,28,4481.565828
254,29,4458.643658
254,30,4432.795270
254,31,4428.666440
254,32,4425.869933
254,37,4420.322001
255,12,5910.044849
255,13,5406.773238
255,15,5382.760437
255,16,5049.670471
255,18,5024.153965
255,19,5001.611285
255,21,4944.848250
255,22,4866.100531
255,25,4756.126086
255,26,4651.545064
255,27,4614.869113
255,28,4481.565828
255,29,4458.643658
255,30,4432.795270
255,31,4428.666440
255,32,4425.869933
255,37,4420.322001
256,12,5910.044849
256,13,5406.773238
256,15,5382.760437
256,16,5049.670471
256,18,5024.153965
256,19,4999.474121
256,21,4944.848250
256,22,4859.936693
256,25,4735.881819
256,26,4651.545064
256,27,4614.869113
256,28,4481.565828
256,29,4458.643658
256,30,4432.795270
256,31,4428.666440
256,32,4425.869933
256,37,4420.322001
257,12,5910.044849
257,13,5406.773238
257,15,5382.760437
257,16,5049.670471
257,18,4989.073656
257,19,4967.549387
257,21,4944.848250
257,22,4859.936693
257,25,4735.881819
257,26,4651.545064
257,27,4614.869113
257,28,4481.565828
257,29,4458.643658
257,30,4432.795270
257,31,4428.666440
257,32,4425.869933
257,37,4420.322001
258,12,5910.044849
258,13,5406.773238
258,15,5382.760437
258,16,5049.670471
258,18,4989.073656
258,19,4967.549387
258,21,4944.848250
258,22,4859.936693
258,25,4735.881819
258,26,4651.545064
258,27,4614.869113
258,28,4481.565828
258,29,4458.643658
258,30,4432.795270
258,31,4428.666440
258,32,4425.869933
258,37,4420.322001
259,12,5910.044849
259,13,5406.773238
259,15,5382.760437
259,16,5049.670471
259,18,4989.073656
259,19,4967.549387
259,21,4929.393014
259,22,4859.936693
259,25,4735.881819
259,26,4651.545064
259,27,4614.869113
259,28,4477.618013
259,29,4458.643658
259,30,4432.795270
259,31,4428.666440
259,32,4425.869933
259,37,4420.322001
260,12,5910.044849
260,13,5389.576066
260,15,5382.760437
260,16,5049.670471
260,17,5031.179027
260,18,4989.073656
260,19,4967.549387
260,21,4929.393014
260,22,4859.936693
260,25,4735.881819
260,26,4651.545064
260,27,4614.869113
260,28,4477.618013
260,29,4458.643658
260,30,4432.795270
260,31,4428.666440
260,32,4425.869933
260,37,4420.322001
261,12,5910.044849
261,13,5389.576066
261,14,5377.265081
261,16,5049.670471
261,17,5031.179027
261,18,4989.073656
261,19,4950.626804
261,20,4941.434249
261,21,4929.393014
261,22,4859.936693
261,25,4735.881819
261,26,4651.545064
261,27,4614.413854
261,28,4477.618013
261,29,4458.643658
261,30,4432.795270
261,31,4428.666440
261,32,4425.869933
261,37,4420.322001
262,12,5910.044849
262,13,5389.576066
262,14,5377.265081
262,16,5049.670471
262,17,5031.179027
262,18,4989.073656
262,19,4915.338271
262,22,4859.936693
262,25,4735.881819
262,26,4651.545064
262,27,4614.413854
262,28,4477.618013
262,29,4458.643658
262,30,4432.795270
262,31,4428.666440
262,32,4425.869933
262,36,4411.449063
263,12,5567.826782
263,13,5389.576066
263,14,5377.265081
263,16,5049.670471
263,17,5031.179027
263,18,4989.073656
263,19,4915.338271
263,22,4859.936693
263,25,4735.881819
263,26,4651.545064
263,27,4614.413854
263,28,4477.618013
263,29,4458.643658
263,30,4432.795270
263,31,4428.666440
263,32,4425.869933
263,36,4411.449063
264,12,5567.826782
264,13,5389.576066
264,14,5377.265081
264,16,5049.670471
264,17,5031.179027
264,18,4989.073656
264,19,4915.338271
264,22,4859.936693
264,25,4735.881819
264,26,4651.545064
264,27,4614.413854
264,28,4477.618013
264,29,4458.643658
264,30,4432.795270
264,31,4428.666440
264,32,4425.869933
264,36,4411.449063
265,12,5567.826782
265,13,5389.576066
265,14,5377.265081
265,16,5049.670471
265,17,5031.179027
265,18,4989.073656
265,19,4915.338271
265,22,4859.936693
265,25,4735.881819
265,26,4651.545064
265,27,4535.004141
265,28,4477.618013
265,29,4458.643658
265,30,4432.795270
265,31,4428.666440
265,32,4425.869933
265,36,4411.449063
266,12,5567.826782
266,13,5389.576066
266,14,5326.932422
266,16,5049.670471
266,17,5031.179027
266,18,4989.073656
266,19,4884.791844
266,22,4859.936693
266,25,4735.881819
266,26,4651.371329
266,27,4535.004141
266,28,4477.618013
266,29,4458.577879
266,30,4432.795270
266,31,4428.666440
266,32,4425.869933
266,36,4411.449063
267,12,5567.826782
267,13,5344.373481
267,14,5326.932422
267,16,5049.670471
267,17,5031.179027
267,18,4989.073656
267,19,4884.791844
267,22,4859.936693
267,25,4735.881819
267,26,4651.371329
267,27,4535.004141
267,28,4477.618013
267,29,4458.577879
267,30,4432.795270
267,31,4428.666440
267,32,4425.869933
267,36,4411.449063
268,12,5567.826782
268,13,5344.373481
268,14,5326.932422
268,16,5049.670471
268,17,5031.179027
268,18,4961.787589
268,19,4884.791844
268,22,4859.936693
268,25,4735.881819
268,26,4651.371329
268,27,4535.004141
268,28,4477.618013
268,29,4458.577879
268,30,4432.795270
268,31,4428.666440
268,32,4425.869933
268,36,4411.449063
269,12,5567.826782
269,13,5344.373481
269,14,5326.932422
269,16,5049.670471
269,17,5031.179027
269,18,4961.787589
269,19,4884.791844
269,22,4859.936693
269,25,4735.881819
269,26,4651.371329
269,27,4535.004141
269,28,4477.618013
269,29,4458.577879
269,30,4432.795270
269,31,4428.666440
269,32,4425.869933
269,36,4411.449063
270,12,5492.128868
270,13,5344.373481
270,14,5326.932422
270,16,5049.670471
270,17,5031.179027
270,18,4961.787589
270,19,4884.791844
270,22,4859.936693
270,25,4735.881819
270,26,4651.371329
270,27,4535.004141
270,28,4477.618013
270,29,4458.577879
270,30,4432.795270
270,31,4428.666440
270,32,4425.869933
270,36,4411.449063
271,12,5304.887875
271,16,5049.670471
271,17,5031.179027
271,18,4957.806093
271,19,4884.791844
271,22,4859.936693
271,25,4735.881819
271,26,4651.371329
271,27,4535.004141
271,28,4477.618013
271,29,4458.577879
271,30,4432.795270
271,31,4428.666440
271,32,4425.869933
271,36,4411.449063
272,12,5304.887875
272,16,5049.670471
272,17,5031.179027
272,18,4903.186148
272,19,4884.791844
272,22,4859.936693
272,25,4735.881819
272,26,4651.371329
272,27,4535.004141
272,28,4477.618013
272,29,4458.577879
272,30,4432.795270
272,31,4428.666440
272,32,4425.869933
272,34,4423.299286
272,36,4411.449063
273,12,5304.887875
273,16,5049.670471
273,17,5031.179027
273,18,4903.186148
273,19,4884.791844
273,22,4859.936693
273,25,4735.881819
273,26,4651.371329
273,27,4535.004141
273,28,4477.618013
273,29,4458.577879
273,30,4432.795270
273,31,4428.666440
273,32,4425.869933
273,34,4423.299286
273,36,4411.449063
274,12,5304.887875
274,16,5049.670471
274,17,5031.179027
274,18,4903.186148
274,19,4842.405630
274,25,4735.881819
274,26,4651.371329
274,27,4535.004141
274,28,4477.618013
274,29,4458.577879
274,30,4432.795270
274,31,4428.666440
274,32,4425.869933
274,34,4423.299286
274,36,4411.449063
275,12,5304.887875
275,16,5049.670471
275,17,5031.179027
275,18,4903.186148
275,19,4842.405630
275,25,4735.881819
275,26,4651.371329
275,27,4535.004141
275,28,4475.221868
275,29,4458.577879
275,30,4432.795270
275,31,4428.666440
275,32,4425.869933
275,34,4423.299286
275,36,4411.449063
276,12,5304.887875
276,16,5049.670471
276,17,5031.179027
276,18,4903.186148
276,19,4842.405630
276,23,4838.851521
276,24,4816.359701
276,25,4735.881819
276,26,4651.371329
276,27,4535.004141
276,28,4475.221868
276,29,4458.577879
276,30,4432.795270
276,31,4428.666440
276,32,4425.869933
276,34,4423.299286
276,36,4411.449063
277,12,5304.887875
277,16,5049.670471
277,17,5031.179027
277,18,4903.186148
277,19,4842.405630
277,23,4838.851521
277,24,4816.359701
277,25,4735.881819
277,26,4651.371329
277,27,4535.004141
277,28,4475.221868
277,29,4458.577879
277,30,4432.795270
277,31,4428.666440
277,32,4425.869933
277,34,4423.299286
277,36,4411.449063
278,12,5304.887875
278,14,5297.325176
278,16,5049.670471
278,17,4964.302496
278,18,4903.186148
278,19,4842.405630
278,23,4838.851521
278,24,4816.359701
278,25,4735.881819
278,26,4651.371329
278,27,4535.004141
278,28,4475.221868
278,29,4458.577879
278,30,4432.795270
278,31,4428.666440
278,32,4425.869933
278,34,4423.299286
278,36,4411.449063
279,12,5304.887875
279,14,5225.590350
279,16,5049.670471
279,17,4964.302496
279,18,4903.186148
279,19,4842.405630
279,23,4838.851521
279,24,4816.359701
279,25,4735.881819
279,26,4651.371329
279,27,4535.004141
279,28,4475.221868
279,29,4458.577879
279,30,4432.795270
279,31,4428.666440
279,32,4425.869933
279,34,4423.299286
279,36,4411.449063
280,12,5304.887875
280,14,5225.590350
280,16,5049.670471
280,17,4964.302496
280,18,4903.186148
280,19,4842.405630
280,23,4838.851521
280,24,4816.359701
280,25,4735.881819
280,26,4651.371329
280,27,4535.004141
280,28,4475.221868
280,29,4458.577879
280,30,4432.795270
280,31,4428.666440
280,32,4425.869933
280,34,4423.299286
280,36,4411.449063
281,12,5304.887875
281,14,5225.590350
281,16,5049.670471
281,17,4964.302496
281,18,4903.186148
281,19,4842.405630
281,23,4838.851521
281,24,4796.838160
281,25,4735.881819
281,26,4483.494481
281,28,4475.221868
281,29,4458.577879
281,30,4432.795270
281,31,4428.666440
281,32,4425.869933
281,34,4423.299286
281,36,4411.449063
282,12,5304.887875
282,14,5225.590350
282,16,5049.670471
282,17,4963.972212
282,18,4903.186148
282,19,4842.405630
282,23,4838.851521
282,24,4796.838160
282,25,4735.881819
282,26,4483.494481
282,28,4475.221868
282,29,4458.577879
282,30,4432.795270
282,31,4428.666440
282,32,4425.869933
282,34,4423.299286
282,36,4411.449063
283,12,5304.887875
283,13,5288.857300
283,14,5225.590350
283,16,5049.670471
283,17,4963.972212
283,18,4870.217225
283,19,4842.405630
283,23,4838.851521
283,24,4796.838160
283,25,4735.881819
283,26,4483.494481
283,28,4475.221868
283,29,4458.577879
283,30,4432.795270
283,31,4428.666440
283,32,4421.487087
283,36,4411.449063
284,12,5304.887875
284,13,5288.857300
284,14,5225.590350
284,16,5049.670471
284,17,4963.972212
284,18,4870.217225
284,19,4842.405630
284,20,4793.205133
284,25,4735.881819
284,26,4483.494481
284,28,4475.221868
284,29,4458.577879
284,30,4432.795270
284,31,4428.666440
284,32,4421.487087
284,36,4411.449063
285,12,5304.887875
285,13,5288.857300
285,14,5225.590350
285,16,5049.670471
285,17,4963.972212
285,18,4870.217225
285,19,4842.405630
285,20,4793.205133
285,25,4690.123276
285,26,4483.494481
285,28,4475.221868
285,29,4458.577879
285,30,4432.795270
285,31,4428.666440
285,32,4421.487087
285,36,4411.449063
286,12,5262.124817
286,14,5180.348930
286,16,5049.670471
286,17,4963.972212
286,18,4870.217225
286,19,4791.767329
286,20,4789.315394
286,24,4773.889257
286,25,4661.649065
286,26,4483.494481
286,28,4475.221868
286,29,4458.577879
286,30,4432.795270
286,31,4428.666440
286,32,4421.487087
286,36,4411.449063
287,12,5226.738456
287,14,5180.348930
287,16,5049.670471
287,17,4963.972212
287,18,4870.217225
287,19,4791.767329
287,20,4789.315394
287,24,4773.889257
287,25,4661.649065
287,26,4483.494481
287,28,4475.221868
287,29,4458.577879
287,30,4432.795270
287,31,4428.666440
287,32,4421.487087
287,36,4411.449063
288,12,5226.738456
288,14,5180.348930
288,16,5049.670471
288,17,4963.972212
288,18,4870.217225
288,19,4791.767329
288,20,4789.315394
288,24,4773.889257
288,25,4661.649065
288,26,4483.494481
288,28,4475.221868
288,29,4458.577879
288,30,4432.795270
288,31,4428.666440
288,32,4421.487087
288,36,4411.449063
289,12,5226.738456
289,14,5180.348930
289,16,5049.670471
289,17,4963.972212
289,18,4870.217225
289,19,4791.767329
289,20,4789.315394
289,21,4771.381110
289,24,4740.682535
289,25,4661.649065
289,26,4483.494481
289,28,4475.221868
289,29,4458.577879
289,30,4432.795270
289,31,4428.666440
289,32,4421.487087
289,36,4411.449063
290,12,5226.738456
290,14,5180.348930
290,16,5049.670471
290,17,4963.972212
290,18,4870.217225
290,19,4791.767329
290,20,4789.315394
290,21,4752.888571
290,23,4727.863966
290,25,4661.649065
290,26,4483.494481
290,28,4475.221868
290,29,4458.577879
290,30,4432.795270
290,31,4428.666440
290,32,4421.487087
290,36,4411.449063
291,12,5226.738456
291,14,5180.348930
291,16,5049.670471
291,17,4963.972212
291,18,4870.217225
291,19,4791.767329
291,20,4789.315394
291,21,4752.888571
291,23,4727.863966
291,25,4661.649065
291,26,4483.494481
291,28,4475.221868
291,29,4458.577879
291,30,4432.795270
291,31,4426.725957
291,32,4421.487087
291,36,4411.449063
292,12,5226.738456
292,14,5180.348930
292,16,5049.670471
292,17,4963.972212
292,18,4870.217225
292,19,4791.767329
292,20,4789.315394
292,21,4752.888571
292,23,4727.863966
292,25,4661.649065
292,26,4483.494481
292,28,4475.221868
292,29,4458.577879
292,30,4432.795270
292,31,4426.725957
292,32,4421.487087
292,36,4411.449063
293,12,5226.738456
293,14,5180.348930
293,16,5049.670471
293,17,4963.972212
293,18,4870.217225
293,19,4791.767329
293,20,4789.315394
293,21,4752.888571
293,23,4727.863966
293,25,4661.649065
293,26,4483.494481
293,28,4475.221868
293,29,4458.577879
293,30,4432.795270
293,31,4426.066280
293,32,4421.487087
293,36,4411.449063
294,12,5226.738456
294,14,5180.348930
294,16,5049.670471
294,17,4897.569550
294,18,4870.217225
294,19,4791.767329
294,20,4789.315394
294,21,4752.888571
294,23,4727.863966
294,25,4661.649065
294,26,4483.494481
294,28,4475.221868
294,29,4458.577879
294,30,4432.795270
294,31,4426.066280
294,32,4421.487087
294,36,4411.449063
295,12,5226.738456
295,14,5180.348930
295,16,5049.670471
295,17,4897.569550
295,18,4870.217225
295,19,4791.767329
295,20,4789.315394
295,21,4752.888571
295,23,4727.863966
295,25,4661.649065
295,26,4483.494481
295,28,4475.221868
295,29,4458.577879
295,30,4432.795270
295,31,4426.066280
295,32,4421.487087
295,36,4411.449063
296,12,5226.738456
296,13,5177.636096
296,14,5148.662357
296,16,5049.670471
296,17,4897.569550
296,18,4823.255843
296,19,4769.798407
296,21,4752.888571
296,23,4727.863966
296,25,4661.649065
296,26,4483.494481
296,28,4475.221868
296,29,4458.577879
296,30,4432.795270
296,31,4426.066280
296,32,4421.487087
296,36,4411.449063
297,12,5226.738456
297,13,5177.636096
297,14,5148.662357
297,16,5049.670471
297,17,4897.569550
297,18,4823.255843
297,19,4769.798407
297,21,4752.888571
297,23,4727.863966
297,25,4661.649065
297,26,4483.494481
297,28,4463.983706
297,29,4458.577879
297,30,4432.795270
297,31,4426.066280
297,32,4421.487087
297,36,4411.449063
298,11,5715.215132
298,12,5226.738456
298,13,5168.363587
298,14,5148.662357
298,16,5049.670471
298,17,4897.569550
298,18,4823.255843
298,19,4769.798407
298,21,4752.888571
298,23,4727.863966
298,25,4585.636465
298,26,4483.494481
298,28,4463.983706
298,29,4458.577879
298,30,4432.795270
298,31,4426.066280
298,32,4421.487087
298,36,4411.449063
299,11,5715.215132
299,12,5226.738456
299,13,5140.272714
299,16,5049.670471
299,17,4897.569550
299,18,4823.255843
299,19,4748.709382
299,23,4727.863966
299,25,4585.636465
299,26,4483.494481
299,28,4463.983706
299,29,4458.577879
299,30,4432.795270
299,31,4426.066280
299,32,4421.487087
299,36,4411.449063
300,11,5715.215132
300,12,5226.738456
300,13,5140.272714
300,16,5049.670471
300,17,4897.569550
300,18,4823.255843
300,19,4748.709382
300,22,4733.717747
300,23,4727.863966
300,25,4585.636465
300,26,4483.494481
300,27,4475.344366
300,28,4463.983706
300,29,4458.577879
300,30,4432.795270
300,31,4426.066280
300,32,4421.487087
300,36,4411.449063
301,11,5715.215132
301,12,5226.738456
301,13,5140.272714
301,16,5049.670471
301,17,4897.569550
301,18,4823.255843
301,19,4748.709382
301,22,4687.512800
301,25,4544.208387
301,26,4483.494481
301,27,4475.318594
301,28,4463.983706
301,29,4458.577879
301,30,4432.795270
301,31,4426.066280
301,32,4421.487087
301,36,4411.449063
302,11,5715.215132
302,12,5191.340782
302,13,5140.272714
302,16,5049.670471
302,17,4897.569550
302,18,4823.255843
302,19,4748.709382
302,22,4687.512800
302,25,4544.208387
302,26,4483.494481
302,27,4475.318594
302,28,4463.983706
302,29,4458.577879
302,30,4432.795270
302,31,4426.066280
302,32,4421.487087
302,36,4411.449063
303,11,5715.215132
303,12,5191.340782
303,13,5140.272714
303,15,5063.542214
303,16,5049.670471
303,17,4897.569550
303,18,4823.255843
303,19,4748.709382
303,21,4734.563400
303,22,4687.512800
303,25,4544.208387
303,26,4483.494481
303,27,4475.318594
303,28,4463.983706
303,29,4458.577879
303,30,4432.795270
303,31,4419.352811
303,36,4411.449063
304,11,5715.215132
304,12,5191.340782
304,13,5140.272714
304,15,5063.542214
304,16,5049.670471
304,17,4897.569550
304,18,4823.255843
304,19,4748.709382
304,21,4734.563400
304,22,4687.512800
304,24,4672.239947
304,25,4544.208387
304,26,4483.494481
304,27,4475.318594
304,28,4463.983706
304,29,4458.577879
304,30,4432.795270
304,31,4419.352811
304,36,4411.449063
305,11,5715.215132
305,12,5191.340782
305,13,5104.213642
305,15,5063.542214
305,16,5049.670471
305,17,4897.569550
305,18,4823.255843
305,19,4748.709382
305,21,4734.563400
305,22,4687.512800
305,24,4672.239947
305,25,4544.208387
305,26,4483.494481
305,27,4475.318594
305,28,4463.983706
305,29,4458.577879
305,30,4432.795270
305,31,4419.352811
305,36,4411.449063
306,11,5715.215132
306,12,5191.340782
306,13,5101.365883
306,15,5063.542214
306,16,5049.670471
306,17,4897.569550
306,18,4823.255843
306,19,4748.709382
306,21,4734.563400
306,22,4687.512800
306,24,4672.239947
306,25,4544.048062
306,26,4482.293639
306,27,4475.318594
306,28,4463.983706
306,29,4457.481739
306,30,4432.730526
306,31,4419.352811
306,36,4411.449063
307,11,5715.215132
307,12,5157.398799
307,13,5070.811366
307,15,5063.542214
307,16,5049.670471
307,17,4897.569550
307,18,4823.255843
307,19,4748.709382
307,21,4734.563400
307,22,4687.512800
307,24,4672.239947
307,25,4544.048062
307,26,4482.293639
307,27,4475.318594
307,28,4463.983706
307,29,4457.481739
307,30,4432.730526
307,31,4419.352811
307,36,4411.449063
308,11,5715.215132
308,12,5157.398799
308,13,5070.811366
308,15,5063.542214
308,16,5049.670471
308,17,4897.569550
308,18,4823.255843
308,19,4748.709382
308,21,4734.563400
308,22,4687.512800
308,24,4672.239947
308,25,4544.048062
308,26,4482.293639
308,27,4475.318594
308,28,4463.983706
308,29,4457.481739
308,30,4432.730526
308,31,4419.352811
308,36,4411.449063
309,11,5463.308536
309,12,5157.398799
309,13,5070.811366
309,15,5063.542214
309,16,5049.670471
309,17,4897.569550
309,18,4823.255843
309,19,4748.709382
309,21,4734.563400
309,22,4687.512800
309,24,4672.239947
309,25,4544.048062
309,26,4482.293639
309,27,4475.318594
309,28,4463.983706
309,29,4457.481739
309,30,4432.730526
309,31,4419.352811
309,36,4411.449063
310,11,5463.308536
310,12,5157.398799
310,13,5070.811366
310,15,5063.542214
310,16,5049.670471
310,17,4897.569550
310,18,4809.180957
310,19,4748.709382
310,20,4747.006071
310,21,4734.563400
310,22,4687.512800
310,24,4672.239947
310,25,4544.048062
310,26,4482.293639
310,27,4475.318594
310,28,4463.983706
310,29,4457.481739
310,30,4432.730526
310,31,4419.352811
310,36,4411.449063
311,11,5463.308536
311,12,5157.398799
311,13,5070.811366
311,15,5063.542214
311,16,5049.670471
311,17,4897.569550
311,18,4809.180957
311,19,4748.709382
311,20,4702.986450
311,22,4687.512800
311,24,4672.239947
311,25,4544.048062
311,26,4482.293639
311,27,4475.318594
311,28,4463.983706
311,29,4457.481739
311,30,4432.730526
311,31,4419.352811
311,36,4411.449063
312,11,5463.308536
312,12,5157.398799
312,13,5070.811366
312,15,5063.542214
312,16,5049.670471
312,17,4897.569550
312,18,4809.180957
312,19,4748.709382
312,20,4702.986450
312,22,4687.512800
312,24,4672.239947
312,25,4544.048062
312,26,4482.293639
312,27,4475.318594
312,28,4463.983706
312,29,4457.481739
312,30,4432.730526
312,31,4419.352811
312,36,4411.449063
313,11,5430.860719
313,12,5082.663841
313,13,5070.811366
313,15,5063.542214
313,16,5049.670471
313,17,4897.569550
313,18,4809.180957
313,19,4748.709382
313,20,4702.986450
313,22,4687.512800
313,24,4672.239947
313,25,4544.048062
313,26,4482.293639
313,27,4475.318594
313,28,4463.983706
313,29,4424.530439
313,31,4419.352811
313,36,4411.449063
314,11,5430.860719
314,12,5082.663841
314,13,5070.811366
314,15,5063.542214
314,16,5049.670471
314,17,4897.569550
314,18,4809.180957
314,19,4748.709382
314,20,4702.986450
314,22,4687.512800
314,24,4672.239947
314,25,4544.048062
314,26,4482.293639
314,27,4475.318594
314,28,4463.983706
314,29,4424.530439
314,31,4419.352811
314,36,4411.449063
315,11,5430.860719
315,12,5082.663841
315,13,5070.811366
315,15,5063.542214
315,16,5049.670471
315,17,4897.569550
315,18,4801.286920
315,19,4748.709382
315,20,4702.986450
315,22,4687.512800
315,24,4672.239947
315,25,4544.048062
315,26,4482.293639
315,27,4475.318594
315,28,4463.983706
315,29,4424.530439
315,31,4419.352811
315,36,4411.449063
316,11,5430.860719
316,12,5082.663841
316,13,5070.811366
316,14,5061.747436
316,15,5041.904237
316,17,4897.569550
316,18,4801.286920
316,19,4748.709382
316,20,4702.986450
316,22,4687.512800
316,24,4672.239947
316,25,4544.048062
316,26,4482.293639
316,27,4475.318594
316,28,4463.983706
316,29,4424.530439
316,31,4419.352811
316,36,4411.449063
317,11,5430.860719
317,12,5082.663841
317,13,5070.811366
317,14,5040.590301
317,15,4991.574192
317,17,4897.569550
317,18,4801.286920
317,19,4748.709382
317,20,4702.986450
317,22,4687.512800
317,24,4635.603475
317,25,4544.048062
317,26,4472.256318
317,28,4463.983706
317,29,4424.530439
317,31,4419.352811
317,36,4411.449063
318,11,5430.860719
318,12,5082.663841
318,13,5070.811366
318,14,5040.590301
318,15,4991.574192
318,17,4897.569550
318,18,4801.286920
318,19,4748.709382
318,20,4702.986450
318,22,4687.512800
318,24,4635.603475
318,25,4544.048062
318,26,4472.256318
318,27,4464.197475
318,28,4463.983706
318,29,4424.530439
318,31,4419.352811
318,36,4411.449063
319,11,5333.999044
319,12,5082.663841
319,13,5070.811366
319,14,5040.590301
319,15,4991.574192
319,17,4897.569550
319,18,4801.286920
319,19,4748.709382
319,20,4702.986450
319,21,4697.703238
319,22,4687.512800
319,24,4635.603475
319,25,4544.048062
319,26,4472.256318
319,27,4464.197475
319,28,4463.983706
319,29,4424.530439
319,31,4419.352811
319,36,4411.449063
320,11,5236.609599
320,12,5082.663841
320,13,5070.811366
320,14,5040.590301
320,15,4991.574192
320,17,4897.569550
320,18,4801.286920
320,19,4748.709382
320,20,4702.986450
320,21,4697.703238
320,22,4687.512800
320,24,4635.603475
320,25,4544.048062
320,26,4472.256318
320,27,4464.197475
320,28,4463.983706
320,29,4424.530439
320,31,4419.352811
320,36,4411.449063
321,11,5236.609599
321,12,5082.663841
321,13,5070.811366
321,14,5040.590301
321,15,4991.574192
321,17,4823.958918
321,18,4801.286920
321,19,4748.709382
321,20,4702.986450
321,21,4697.703238
321,22,4687.512800
321,24,4635.603475
321,25,4544.048062
321,26,4472.256318
321,27,4464.197475
321,28,4463.957934
321,29,4424.530439
321,31,4419.352811
321,36,4411.449063
322,11,5236.609599
322,12,5018.031098
322,15,4991.574192
322,17,4823.958918
322,18,4801.286920
322,19,4748.709382
322,20,4702.986450
322,21,4697.703238
322,22,4687.512800
322,24,4635.603475
322,25,4544.048062
322,26,4472.256318
322,27,4464.197475
322,28,4463.957934
322,29,4424.530439
322,31,4419.352811
322,36,4411.449063
323,11,5229.882851
323,12,5018.031098
323,15,4991.574192
323,17,4823.958918
323,18,4801.286920
323,19,4748.709382
323,20,4702.986450
323,21,4697.703238
323,22,4687.512800
323,24,4635.603475
323,25,4544.048062
323,26,4472.256318
323,27,4464.197475
323,28,4463.957934
323,29,4424.530439
323,31,4419.352811
323,36,4411.449063
324,11,5229.882851
324,12,5018.031098
324,15,4991.574192
324,17,4823.958918
324,18,4801.286920
324,19,4748.709382
324,20,4702.986450
324,21,4697.703238
324,22,4687.512800
324,24,4635.603475
324,25,4544.048062
324,26,4472.256318
324,27,4464.197475
324,28,4463.957934
324,29,4424.530439
324,31,4419.352811
324,36,4411.449063
325,11,5229.882851
325,12,5018.031098
325,15,4991.574192
325,17,4823.958918
325,18,4801.286920
325,19,4748.709382
325,20,4702.986450
325,21,4684.459857
325,24,4623.063641
325,25,4544.048062
325,26,4472.256318
325,27,4464.197475
325,28,4463.957934
325,29,4424.530439
325,31,4419.352811
325,36,4411.449063
326,11,5229.882851
326,12,5018.031098
326,15,4991.574192
326,16,4982.456706
326,17,4823.958918
326,18,4801.286920
326,19,4748.709382
326,20,4702.986450
326,21,4684.459857
326,24,4623.063641
326,25,4544.048062
326,26,4472.256318
326,27,4464.197475
326,28,4463.957934
326,29,4424.530439
326,31,4419.352811
326,36,4411.449063
327,11,5229.882851
327,12,5018.031098
327,15,4991.574192
327,16,4982.456706
327,17,4823.958918
327,18,4801.286920
327,19,4748.709382
327,20,4702.986450
327,21,4684.459857
327,24,4623.063641
327,25,4544.048062
327,26,4472.256318
327,27,4464.197475
327,28,4463.957934
327,29,4424.530439
327,30,4413.325987
327,36,4411.449063
328,11,5229.882851
328,12,5018.031098
328,15,4991.574192
328,16,4982.456706
328,17,4823.958918
328,18,4752.253470
328,19,4748.709382
328,20,4702.986450
328,21,4684.459857
328,24,4623.063641
328,25,4544.048062
328,26,4472.256318
328,27,4464.197475
328,28,4463.957934
328,29,4424.530439
328,30,4413.325987
328,36,4411.449063
