Generation,NV,TOC
1,17,10406.259653
1,20,9206.309218
1,21,8724.135690
1,22,8352.126804
1,23,8310.818052
1,24,7805.164865
1,27,6783.652673
1,32,6306.783009
1,33,5906.584256
1,39,5110.670479
1,43,5048.350614
1,46,4873.663586
1,49,4824.857574
1,51,4699.778236
1,55,4638.722225
1,58,4429.548806
1,66,4425.228297
2,17,10406.259653
2,20,9206.309218
2,21,8724.135690
2,22,7994.372738
2,24,7805.164865
2,26,7530.957893
2,27,6783.652673
2,29,6550.347562
2,30,6449.423820
2,32,6306.783009
2,33,5906.584256
2,36,5643.973251
2,39,5110.670479
2,43,5048.350614
2,45,4860.872961
2,49,4824.857574
2,51,4699.778236
2,54,4693.126802
2,55,4638.722225
2,58,4429.548806
2,66,4425.228297
3,17,10406.259653
3,18,9624.822093
3,20,9206.309218
3,21,8655.477856
3,22,7994.372738
3,24,7805.164865
3,26,7530.957893
3,27,6783.652673
3,29,6550.347562
3,30,6416.703525
3,32,6306.783009
3,33,5906.584256
3,36,5643.973251
3,39,5110.670479
3,42,5020.910416
3,44,4919.362864
3,45,4860.872961
3,47,4616.135316
3,50,4581.215444
3,51,4575.429657
3,55,4510.155559
3,56,4497.255102
3,58,4429.548806
3,66,4425.228297
4,17,10406.259653
4,18,9624.822093
4,20,9193.419874
4,21,8655.477856
4,22,7813.749958
4,24,7805.164865
4,26,7530.957893
4,27,6783.652673
4,29,6550.347562
4,30,6416.703525
4,32,6306.783009
4,33,5906.584256
4,35,5800.496879
4,36,5483.671990
4,38,5433.565074
4,39,5110.670479
4,40,4985.769117
4,44,4852.747149
4,46,4809.953687
4,47,4616.135316
4,50,4581.215444
4,51,4575.429657
4,54,4549.103089
4,55,4510.155559
4,56,4497.255102
4,58,4429.548806
4,60,4335.144321
5,17,10406.259653
5,18,9624.822093
5,19,9101.621311
5,20,8987.665768
5,21,8336.608979
5,22,7813.749958
5,24,7805.164865
5,26,7313.290450
5,27,6783.652673
5,28,6753.905101
5,29,6550.347562
5,30,6416.703525
5,32,6306.783009
5,33,5906.584256
5,35,5800.496879
5,36,5483.671990
5,38,5433.565074
5,39,5110.670479
5,40,4985.769117
5,43,4929.702050
5,44,4852.640672
5,46,4809.953687
5,47,4616.135316
5,50,4581.215444
5,51,4575.429657
5,53,4450.703186
5,57,4332.315243
5,60,4307.294498
6,17,10406.259653
6,18,9624.822093
6,19,9101.621311
6,20,8987.665768
6,21,8336.608979
6,22,7813.749958
6,24,7805.164865
6,25,6893.057815
6,27,6783.652673
6,28,6467.569149
6,30,6416.703525
6,32,6306.783009
6,33,5754.804233
6,35,5705.174221
6,36,5483.671990
6,38,5433.565074
6,39,5110.670479
6,40,4985.769117
6,42,4961.054172
6,43,4929.702050
6,44,4832.286616
6,46,4775.818179
6,47,4616.135316
6,49,4600.991704
6,50,4581.215444
6,51,4530.175515
6,53,4450.703186
6,57,4332.315243
6,60,4307.294498
7,17,10406.259653
7,18,9624.822093
7,19,9101.621311
7,20,8987.665768
7,21,8336.608979
7,22,7813.749958
7,24,7805.164865
7,25,6893.057815
7,27,6783.652673
7,28,6467.569149
7,30,6416.703525
7,32,6306.783009
7,33,5754.804233
7,35,5705.174221
7,36,5483.671990
7,37,5299.457118
7,39,5110.670479
7,40,4985.769117
7,41,4965.020052
7,42,4880.111515
7,44,4832.286616
7,45,4774.479631
7,46,4721.778677
7,47,4616.135316
7,49,4600.991704
7,50,4581.215444
7,51,4530.175515
7,53,4450.703186
7,57,4332.315243
7,59,4307.140537
8,17,10406.259653
8,18,9624.822093
8,19,9101.621311
8,20,8296.656422
8,22,7813.749958
8,24,7805.164865
8,25,6893.057815
8,27,6730.658779
8,28,6467.569149
8,30,6416.703525
8,32,6306.783009
8,33,5754.804233
8,34,5686.932763
8,36,5483.671990
8,37,5299.457118
8,39,5110.670479
8,40,4985.769117
8,41,4637.159021
8,47,4583.956264
8,49,4554.887950
8,50,4492.021489
8,52,4437.684013
8,57,4303.390912
8,59,4300.682851
9,17,10406.259653
9,18,9624.822093
9,19,9101.621311
9,20,8296.656422
9,22,7813.749958
9,24,7805.164865
9,25,6893.057815
9,27,6730.658779
9,28,6467.569149
9,29,6333.874049
9,32,6306.783009
9,33,5754.804233
9,34,5686.932763
9,36,5483.671990
9,37,5299.457118
9,38,5171.564348
9,39,5110.670479
9,40,4985.769117
9,41,4637.159021
9,47,4583.956264
9,49,4554.887950
9,50,4492.021489
9,52,4437.684013
9,54,4377.605421
9,57,4303.390912
9,59,4300.682851
10,17,9422.772867
10,19,8933.519586
10,20,8296.656422
10,22,7813.749958
10,24,7805.164865
10,25,6893.057815
10,26,6883.177848
10,27,6730.658779
10,28,6467.569149
10,29,6333.874049
10,32,6306.783009
10,33,5754.804233
10,34,5686.932763
10,36,5483.671990
10,37,5299.457118
10,38,5171.564348
10,39,5110.670479
10,40,4985.769117
10,41,4637.159021
10,47,4566.478847
10,49,4554.887950
10,50,4492.021489
10,52,4437.684013
10,54,4377.605421
10,57,4303.390912
10,59,4300.682851
11,17,9422.772867
11,19,8565.059069
11,20,7871.885056
11,22,7763.537138
11,23,7491.844829
11,24,6868.649030
11,27,6730.658779
11,28,6176.303354
11,33,5639.446728
11,36,5411.020681
11,37,5299.457118
11,38,5171.564348
11,39,5110.670479
11,40,4985.769117
11,41,4637.159021
11,46,4580.871171
11,47,4566.478847
11,49,4554.887950
11,50,4492.021489
11,51,4421.977538
11,54,4377.605421
11,56,4286.741399
11,58,4242.785179
12,17,9422.772867
12,19,8257.243204
12,20,7871.885056
12,22,7763.537138
12,23,7491.844829
12,24,6868.649030
12,27,6730.658779
12,28,6176.303354
12,30,5782.219120
12,33,5639.446728
12,34,5334.828922
12,37,5299.457118
12,38,5171.564348
12,39,5110.670479
12,40,4985.769117
12,41,4637.159021
12,46,4580.871171
12,47,4566.478847
12,48,4549.345477
12,50,4492.021489
12,51,4421.977538
12,54,4377.605421
12,55,4342.233172
12,56,4286.741399
12,58,4242.785179
13,17,9422.772867
13,19,8257.243204
13,20,7871.885056
13,22,7763.537138
13,23,7491.844829
13,24,6868.649030
13,27,6730.658779
13,28,6176.303354
13,30,5782.219120
13,33,5639.446728
13,34,5334.828922
13,37,5270.365874
13,38,5013.773739
13,39,4898.749981
13,40,4598.589251
13,45,4518.233226
13,48,4285.488021
13,56,4226.534473
14,17,9422.772867
14,19,8257.243204
14,20,7591.105769
14,23,7229.547137
14,24,6868.649030
14,27,6730.658779
14,28,6176.303354
14,29,5842.454384
14,30,5782.219120
14,33,5551.064687
14,34,5334.828922
14,37,5270.365874
14,38,5013.773739
14,39,4806.228545
14,40,4598.589251
14,45,4518.233226
14,48,4285.488021
14,56,4226.534473
15,17,9422.772867
15,18,8833.373696
15,19,7858.341035
15,20,7591.105769
15,21,7137.883284
15,24,6868.649030
15,26,6202.149761
15,28,6176.303354
15,29,5842.454384
15,30,5782.219120
15,32,5501.363436
15,34,5334.828922
15,35,5330.922362
15,36,5221.848396
15,38,5013.773739
15,39,4806.228545
15,40,4598.589251
15,45,4518.233226
15,48,4285.488021
15,56,4226.534473
16,17,9422.772867
16,18,8833.373696
16,19,7654.201071
16,20,7591.105769
16,21,7137.883284
16,24,6868.649030
16,26,6202.149761
16,28,6176.303354
16,29,5842.454384
16,30,5782.219120
16,32,5501.363436
16,34,5334.828922
16,35,5330.922362
16,36,5129.637930
16,38,5013.773739
16,39,4806.228545
16,40,4598.589251
16,45,4518.233226
16,46,4351.880925
16,48,4285.488021
16,56,4226.534473
17,17,9422.772867
17,18,8833.373696
17,19,7654.201071
17,20,6963.057624
17,24,6814.214022
17,25,6387.450846
17,26,6202.149761
17,28,6176.303354
17,29,5842.454384
17,30,5743.901505
17,32,5492.106814
17,34,5334.828922
17,35,5330.922362
17,36,5129.637930
17,38,5013.773739
17,39,4806.228545
17,40,4598.589251
17,45,4518.233226
17,46,4351.880925
17,48,4285.488021
17,56,4226.534473
18,17,9422.772867
18,18,8833.373696
18,19,7654.201071
18,20,6963.057624
18,21,6933.052104
18,24,6814.214022
18,25,6387.450846
18,26,6202.149761
18,28,6176.303354
18,29,5842.454384
18,30,5743.901505
18,32,5492.106814
18,34,5306.233696
18,36,5058.093360
18,38,4948.037180
18,39,4806.228545
18,40,4585.722838
18,43,4483.183463
18,46,4340.728043
18,48,4265.183910
18,55,4194.318123
18,56,4191.520464
19,17,9422.772867
19,18,8012.406879
19,19,7444.912765
19,20,6937.187484
19,21,6933.052104
19,22,6443.702567
19,25,6173.353411
19,28,6144.719807
19,29,5646.567478
19,32,5402.917021
19,34,5306.233696
19,36,5058.093360
19,38,4926.121152
19,39,4806.228545
19,40,4585.722838
19,43,4483.183463
19,46,4340.728043
19,48,4265.183910
19,51,4250.371802
19,55,4194.318123
19,56,4191.520464
20,17,9422.772867
20,18,8012.406879
20,19,7225.619053
20,20,6937.187484
20,21,6933.052104
20,22,6443.702567
20,24,6198.964804
20,25,6173.353411
20,27,5871.033746
20,28,5630.707657
20,30,5599.169250
20,32,5402.917021
20,33,5202.724827
20,36,5058.093360
20,37,5052.538920
20,38,4926.121152
20,39,4806.228545
20,40,4585.722838
20,43,4483.183463
20,46,4305.043550
20,48,4265.183910
20,51,4250.371802
20,55,4194.318123
20,56,4191.520464
21,17,9304.131615
21,18,8012.406879
21,19,7225.619053
21,20,6937.187484
21,21,6883.681149
21,22,6443.702567
21,24,6198.964804
21,25,6173.353411
21,27,5871.033746
21,28,5630.707657
21,30,5280.372941
21,33,5202.724827
21,36,5058.093360
21,37,5052.538920
21,38,4926.121152
21,39,4806.228545
21,40,4585.722838
21,43,4483.183463
21,46,4305.043550
21,47,4301.056133
21,48,4265.183910
21,51,4250.371802
21,55,4194.318123
21,56,4191.520464
22,17,9304.131615
22,18,8012.406879
22,19,7225.619053
22,20,6937.187484
22,21,6883.681149
22,22,6443.702567
22,23,6293.837618
22,24,6044.415384
22,27,5871.033746
22,28,5630.707657
22,30,5280.372941
22,33,5202.724827
22,36,5058.093360
22,37,5052.538920
22,38,4926.121152
22,39,4806.228545
22,40,4585.722838
22,43,4483.183463
22,46,4305.043550
22,47,4301.056133
22,48,4265.183910
22,51,4250.371802
22,55,4194.318123
22,56,4191.520464
23,17,9304.131615
23,18,8012.406879
23,19,7225.619053
23,20,6937.187484
23,21,6883.681149
23,22,6443.702567
23,23,6293.837618
23,24,6044.415384
23,27,5871.033746
23,28,5456.478190
23,30,5280.372941
23,33,5202.724827
23,36,5058.093360
23,37,4996.835993
23,38,4926.121152
23,39,4806.228545
23,40,4585.722838
23,43,4483.183463
23,45,4329.917077
23,46,4305.043550
23,47,4301.056133
23,48,4265.183910
23,51,4250.371802
23,55,4194.318123
23,56,4191.520464
24,17,9304.131615
24,18,8012.406879
24,19,7225.619053
24,20,6937.187484
24,21,6873.107978
24,22,6443.702567
24,23,6293.837618
24,24,6044.415384
24,25,5877.563521
24,26,5724.457446
24,28,5456.478190
24,30,5280.372941
24,33,5202.724827
24,36,5058.093360
24,37,4996.835993
24,38,4926.121152
24,39,4806.228545
24,40,4585.722838
24,42,4532.563030
24,43,4483.183463
24,45,4329.917077
24,46,4288.744882
24,48,4265.183910
24,51,4250.371802
24,55,4194.318123
24,56,4191.520464
24,58,4169.378762
25,17,7678.700022
25,19,7225.619053
25,20,6937.187484
25,21,6873.107978
25,22,6443.702567
25,23,6293.837618
25,24,5965.392924
25,25,5803.480039
25,26,5724.457446
25,28,5456.478190
25,30,5280.372941
25,33,5202.724827
25,36,5058.093360
25,37,4996.835993
25,38,4926.121152
25,39,4806.228545
25,40,4585.722838
25,42,4532.563030
25,43,4483.183463
25,45,4329.917077
25,46,4288.744882
25,48,4265.183910
25,51,4250.371802
25,55,4194.318123
25,56,4191.520464
25,58,4169.378762
26,17,7678.700022
26,19,7222.825391
26,20,6937.187484
26,21,6873.107978
26,22,6443.702567
26,23,6292.917509
26,24,5965.392924
26,25,5803.480039
26,26,5724.457446
26,28,5456.478190
26,30,5280.372941
26,33,5202.724827
26,36,5058.093360
26,37,4871.095010
26,39,4806.228545
26,40,4585.722838
26,42,4532.563030
26,43,4483.183463
26,45,4329.917077
26,46,4288.744882
26,48,4262.627279
26,49,4254.735649
26,51,4250.371802
26,55,4194.318123
26,56,4191.520464
26,58,4169.378762
27,17,7678.700022
27,18,7435.035563
27,19,7222.825391
27,20,6937.187484
27,21,6873.107978
27,22,6443.702567
27,23,6214.056939
27,24,5905.142379
27,25,5803.480039
27,26,5724.457446
27,27,5580.657651
27,28,5456.478190
27,30,5280.372941
27,33,5107.977814
27,36,5058.093360
27,37,4871.095010
27,39,4806.228545
27,40,4585.722838
27,42,4532.563030
27,43,4483.183463
27,44,4427.749044
27,45,4329.917077
27,46,4288.744882
27,48,4262.627279
27,49,4254.735649
27,50,4248.033881
27,51,4246.339611
27,55,4194.318123
27,56,4191.520464
27,58,4169.378762
28,17,7678.700022
28,18,7399.900323
28,19,7222.825391
28,20,6392.450571
28,23,6214.056939
28,24,5905.142379
28,25,5803.480039
28,26,5724.457446
28,27,5580.657651
28,28,5456.478190
28,30,5280.372941
28,31,5259.989520
28,32,5105.977300
28,33,4920.723880
28,37,4871.095010
28,39,4735.299628
28,40,4585.722838
28,42,4532.563030
28,43,4421.310891
28,45,4329.917077
28,46,4288.744882
28,47,4278.479605
28,48,4262.627279
28,49,4254.735649
28,50,4248.033881
28,51,4246.339611
28,55,4194.318123
28,56,4191.520464
28,58,4169.378762
29,17,7678.700022
29,18,7399.900323
29,19,7222.825391
29,20,6392.450571
29,22,6032.705568
29,24,5905.142379
29,25,5803.480039
29,26,5724.457446
29,27,5580.657651
29,28,5456.478190
29,30,5280.372941
29,31,5204.261381
29,32,5105.977300
29,33,4920.723880
29,37,4871.095010
29,39,4735.299628
29,40,4544.558259
29,42,4393.619832
29,44,4349.596756
29,45,4278.817660
29,47,4200.861144
29,55,4167.352179
29,58,4166.183803
30,17,7678.700022
30,18,7399.900323
30,19,7222.825391
30,20,6392.450571
30,22,6032.705568
30,24,5905.142379
30,25,5803.480039
30,26,5724.457446
30,27,5580.657651
30,28,5211.414267
30,31,5147.008051
30,32,5105.977300
30,33,4920.723880
30,37,4871.095010
30,39,4504.879981
30,42,4393.619832
30,44,4349.596756
30,45,4278.817660
30,47,4200.861144
30,55,4167.352179
30,58,4166.183803
31,17,7678.700022
31,18,7399.900323
31,19,7222.825391
31,20,6392.450571
31,22,6032.705568
31,24,5905.142379
31,25,5803.480039
31,26,5724.457446
31,27,5580.657651
31,28,5211.414267
31,31,5095.614865
31,32,4981.005953
31,33,4920.723880
31,37,4871.095010
31,39,4504.879981
31,42,4393.619832
31,44,4349.596756
31,45,4278.817660
31,47,4200.861144
31,55,4167.352179
31,58,4166.183803
32,17,7678.700022
32,18,7078.441136
32,20,6392.450571
32,22,6032.705568
32,24,5905.142379
32,25,5803.480039
32,26,5724.457446
32,27,5580.657651
32,28,5211.414267
32,31,5080.424593
32,32,4981.005953
32,33,4920.723880
32,37,4871.095010
32,38,4564.603543
32,39,4504.879981
32,42,4393.619832
32,44,4349.596756
32,45,4278.817660
32,47,4200.861144
32,55,4167.352179
32,58,4166.183803
33,17,7678.700022
33,18,7078.441136
33,20,6392.450571
33,22,6032.705568
33,24,5905.142379
33,25,5803.480039
33,26,5724.457446
33,27,5514.846362
33,28,5211.414267
33,30,5086.869749
33,31,5080.424593
33,32,4909.350032
33,37,4871.095010
33,38,4564.603543
33,39,4504.879981
33,40,4491.469725
33,42,4393.619832
33,44,4349.596756
33,45,4278.817660
33,46,4276.370917
33,47,4200.861144
33,55,4167.352179
33,58,4166.183803
34,15,8719.132224
34,17,7678.700022
34,18,7078.441136
34,20,6392.450571
34,22,6032.705568
34,24,5905.142379
34,25,5803.480039
34,26,5724.457446
34,27,5514.846362
34,28,5211.414267
34,30,5086.869749
34,31,5035.239073
34,32,4909.350032
34,33,4871.175523
34,37,4523.924419
34,39,4464.844586
34,42,4380.034818
34,43,4249.852810
34,46,4200.684891
34,55,4160.289133
34,57,4153.991588
35,15,8719.132224
35,16,7822.364764
35,17,7179.293676
35,18,7078.441136
35,20,6392.450571
35,22,6032.705568
35,24,5905.142379
35,25,5803.480039
35,26,5724.457446
35,27,5514.846362
35,28,5211.414267
35,30,4999.350209
35,32,4909.350032
35,33,4871.175523
35,35,4703.175313
35,37,4523.924419
35,39,4464.844586
35,42,4380.034818
35,43,4247.718675
35,45,4218.855944
35,46,4200.684891
35,55,4160.289133
35,57,4153.991588
36,15,7901.691119
36,16,7822.364764
36,17,7179.293676
36,18,7078.441136
36,19,7064.055424
36,20,6392.450571
36,22,6032.705568
36,24,5905.142379
36,25,5803.480039
36,26,5720.562603
36,27,5514.846362
36,28,5211.414267
36,30,4999.350209
36,32,4909.350032
36,33,4871.175523
36,35,4703.175313
36,37,4523.924419
36,39,4454.992746
36,41,4278.859036
36,43,4247.718675
36,45,4218.855944
36,46,4200.684891
36,55,4160.289133
36,57,4153.991588
37,15,7901.691119
37,16,7822.364764
37,17,7179.293676
37,18,7078.441136
37,19,7064.055424
37,20,6392.450571
37,22,6032.705568
37,24,5905.142379
37,25,5803.480039
37,26,5720.562603
37,27,5514.846362
37,28,5211.414267
37,30,4999.350209
37,32,4909.350032
37,33,4871.175523
37,35,4703.175313
37,37,4523.924419
37,39,4454.992746
37,41,4278.859036
37,43,4247.718675
37,45,4218.855944
37,46,4200.684891
37,55,4160.289133
37,57,4153.991588
38,15,7901.691119
38,16,7471.085560
38,17,7179.293676
38,18,7078.441136
38,19,7064.055424
38,20,6392.450571
38,22,6032.705568
38,24,5905.142379
38,25,5801.975938
38,26,5547.690945
38,27,5514.846362
38,28,5211.414267
38,30,4999.350209
38,32,4909.350032
38,33,4871.175523
38,35,4703.175313
38,37,4523.924419
38,38,4412.452640
38,40,4377.740744
38,41,4278.859036
38,43,4247.718675
38,45,4177.982127
38,55,4160.289133
38,57,4153.991588
39,15,7901.691119
39,16,7471.085560
39,17,7179.293676
39,18,7078.441136
39,19,7013.291229
39,20,6392.450571
39,22,6032.705568
39,24,5905.142379
39,25,5801.975938
39,26,5547.690945
39,27,5514.846362
39,28,5190.684776
39,30,4999.350209
39,32,4866.842741
39,35,4503.035864
39,37,4395.145783
39,38,4355.308460
39,41,4265.107785
39,43,4239.799809
39,45,4177.982127
39,54,4143.989283
39,55,4121.117185
40,15,7595.193724
40,16,7471.085560
40,17,7179.293676
40,18,7078.441136
40,19,7013.291229
40,20,6392.450571
40,21,6152.228125
40,22,6032.705568
40,24,5779.758637
40,26,5547.690945
40,27,5514.846362
40,28,5190.684776
40,30,4999.350209
40,32,4866.842741
40,35,4503.035864
40,37,4395.145783
40,38,4355.308460
40,41,4265.107785
40,42,4259.563742
40,43,4239.799809
40,45,4177.982127
40,54,4143.989283
40,55,4121.117185
41,15,7595.193724
41,16,7471.085560
41,17,7179.293676
41,18,7078.441136
41,19,7013.291229
41,20,6392.450571
41,21,6152.228125
41,22,6032.705568
41,24,5779.758637
41,26,5547.690945
41,27,5514.846362
41,28,5190.684776
41,30,4999.350209
41,32,4866.842741
41,35,4503.035864
41,37,4395.145783
41,38,4355.308460
41,40,4283.648888
41,41,4265.107785
41,42,4231.512302
41,45,4177.982127
41,54,4143.989283
41,55,4121.117185
42,14,8454.354829
42,15,7595.193724
42,16,7471.085560
42,17,7179.293676
42,18,7078.441136
42,19,7013.291229
42,20,6392.450571
42,21,6152.228125
42,22,6032.705568
42,24,5779.758637
42,26,5547.690945
42,27,5439.365000
42,28,5190.684776
42,30,4999.350209
42,32,4866.842741
42,34,4849.443300
42,35,4503.035864
42,37,4395.145783
42,38,4355.308460
42,40,4283.648888
42,41,4265.107785
42,42,4231.512302
42,45,4177.982127
42,54,4143.989283
42,55,4121.117185
43,14,8454.354829
43,15,7595.193724
43,16,7471.085560
43,17,7179.293676
43,18,7078.441136
43,19,6818.630646
43,20,6392.450571
43,21,6152.228125
43,22,6032.705568
43,24,5779.758637
43,26,5547.690945
43,27,5439.365000
43,28,5190.684776
43,30,4999.350209
43,32,4866.842741
43,34,4849.443300
43,35,4503.035864
43,37,4395.145783
43,38,4355.308460
43,40,4283.648888
43,41,4265.107785
43,42,4231.512302
43,43,4213.112369
43,45,4177.982127
43,54,4143.989283
43,55,4121.117185
44,14,8454.354829
44,15,7595.193724
44,16,7471.085560
44,17,7179.293676
44,18,7078.441136
44,19,6818.630646
44,20,6392.450571
44,21,6152.228125
44,22,6032.705568
44,23,5944.954649
44,24,5779.758637
44,26,5547.690945
44,27,5439.365000
44,28,5190.684776
44,30,4999.350209
44,32,4866.842741
44,34,4849.443300
44,35,4503.035864
44,36,4387.819792
44,38,4349.679520
44,40,4282.582558
44,41,4191.879381
44,45,4177.445331
44,53,4109.507509
44,55,4105.320815
45,14,8454.354829
45,15,7595.193724
45,16,7471.085560
45,17,7113.595664
45,18,7078.441136
45,19,6818.630646
45,20,6392.450571
45,21,6152.228125
45,22,6032.705568
45,23,5944.954649
45,24,5779.758637
45,26,5382.349466
45,28,5190.684776
45,30,4999.350209
45,32,4866.842741
45,34,4849.443300
45,35,4503.035864
45,36,4387.819792
45,38,4349.679520
45,40,4282.582558
45,41,4191.879381
45,45,4177.445331
45,53,4109.507509
45,55,4105.320815
46,14,8454.354829
46,15,7595.193724
46,16,7471.085560
46,17,7086.236372
46,18,7078.441136
46,19,6818.630646
46,20,6392.450571
46,21,6152.228125
46,22,6032.705568
46,23,5944.954649
46,24,5779.758637
46,26,5382.349466
46,28,5190.684776
46,30,4997.254969
46,32,4866.842741
46,34,4849.443300
46,35,4503.035864
46,36,4387.819792
46,38,4349.679520
46,40,4214.107543
46,41,4191.879381
46,45,4177.445331
46,53,4109.507509
46,55,4105.320815
47,14,8454.354829
47,15,7595.193724
47,16,7163.177482
47,17,7027.444546
47,19,6488.788550
47,20,6392.450571
47,21,6152.228125
47,22,6032.705568
47,23,5944.954649
47,24,5779.758637
47,26,5382.349466
47,28,5190.684776
47,30,4997.254969
47,32,4866.842741
47,34,4849.443300
47,35,4503.035864
47,36,4387.819792
47,38,4349.679520
47,39,4236.424674
47,40,4214.107543
47,41,4191.879381
47,44,4164.014841
47,53,4109.507509
47,55,4105.320815
48,14,8454.354829
48,15,7595.193724
48,16,7163.177482
48,17,7027.444546
48,18,6860.530726
48,19,6488.788550
48,20,6392.450571
48,21,6152.228125
48,22,6032.705568
48,23,5944.954649
48,24,5779.758637
48,26,5382.349466
48,28,5190.684776
48,30,4997.254969
48,32,4866.842741
48,34,4849.443300
48,35,4503.035864
48,36,4387.819792
48,38,4349.679520
48,39,4236.424674
48,40,4190.610429
48,44,4164.014841
48,46,4153.237208
48,53,4109.507509
48,55,4105.320815
49,14,8454.354829
49,15,7595.193724
49,16,7163.177482
49,17,7027.444546
49,18,6860.530726
49,19,6488.788550
49,20,6392.450571
49,21,6152.228125
49,22,6032.705568
49,23,5944.954649
49,24,5779.758637
49,26,5382.349466
49,27,5110.453911
49,30,4997.254969
49,32,4866.842741
49,33,4803.580115
49,35,4474.217219
49,36,4327.291522
49,38,4228.409840
49,39,4158.782549
49,43,4147.873373
49,45,4123.453065
49,50,4085.650576
50,14,8454.354829
50,15,7595.193724
50,16,7163.177482
50,17,6949.134822
50,18,6860.530726
50,19,6488.788550
50,20,6392.450571
50,21,6152.228125
50,22,6032.705568
50,23,5944.954649
50,24,5779.758637
50,26,5242.488421
50,27,5110.453911
50,30,4997.254969
50,32,4866.842741
50,33,4803.580115
50,35,4474.217219
50,36,4327.291522
50,38,4228.409840
50,39,4158.782549
50,43,4147.873373
50,45,4123.453065
50,50,4085.650576
51,14,8454.354829
51,15,7595.193724
51,16,7163.177482
51,17,6949.134822
51,18,6860.530726
51,19,6488.788550
51,20,6392.450571
51,21,6152.228125
51,22,6032.705568
51,23,5944.954649
51,24,5779.758637
51,26,5242.488421
51,27,5110.453911
51,30,4997.254969
51,32,4866.842741
51,33,4803.580115
51,35,4474.217219
51,36,4327.291522
51,38,4228.409840
51,39,4158.782549
51,43,4147.873373
51,45,4123.453065
51,50,4085.650576
52,14,8454.354829
52,15,7595.193724
52,16,7163.177482
52,17,6949.134822
52,18,6860.530726
52,19,6488.788550
52,20,6392.450571
52,21,6152.228125
52,22,6032.705568
52,23,5944.954649
52,24,5618.271859
52,26,5242.488421
52,27,5110.453911
52,30,4997.254969
52,32,4866.842741
52,33,4803.580115
52,35,4474.217219
52,36,4327.291522
52,38,4228.409840
52,39,4158.782549
52,43,4147.873373
52,45,4123.453065
52,50,4085.650576
53,14,8454.354829
53,15,7595.193724
53,16,7163.177482
53,17,6644.025219
53,18,6602.577549
53,19,6488.788550
53,20,6392.450571
53,21,6152.228125
53,22,6032.705568
53,23,5944.954649
53,24,5618.271859
53,26,5242.488421
53,27,5110.453911
53,30,4997.254969
53,32,4866.842741
53,33,4406.373542
53,35,4313.774519
53,38,4228.409840
53,39,4158.782549
53,43,4147.873373
53,45,4123.453065
53,50,4085.650576
54,14,8454.354829
54,15,7595.193724
54,16,7163.177482
54,17,6644.025219
54,18,6602.577549
54,19,6488.788550
54,20,5958.826569
54,23,5944.954649
54,24,5618.271859
54,26,5242.488421
54,27,4926.616855
54,32,4866.842741
54,33,4404.382520
54,35,4286.538659
54,38,4228.409840
54,39,4158.782549
54,43,4078.875006
54,50,4064.846082
55,14,8454.354829
55,15,7563.419572
55,16,7163.177482
55,17,6644.025219
55,18,6602.577549
55,19,6488.788550
55,20,5958.826569
55,22,5856.547285
55,24,5618.271859
55,26,5242.488421
55,27,4926.616855
55,32,4866.842741
55,33,4404.382520
55,35,4286.538659
55,38,4228.409840
55,39,4158.782549
55,43,4078.875006
55,50,4064.846082
56,14,8454.354829
56,15,7563.419572
56,16,7163.177482
56,17,6644.025219
56,18,6602.577549
56,19,6488.788550
56,20,5958.826569
56,21,5748.811423
56,24,5618.271859
56,26,5242.488421
56,27,4926.616855
56,32,4866.842741
56,33,4404.382520
56,35,4286.538659
56,38,4228.409840
56,39,4158.782549
56,43,4078.875006
56,50,4064.846082
57,14,8454.354829
57,15,7563.419572
57,16,7163.177482
57,17,6644.025219
57,18,6602.577549
57,19,6227.818289
57,20,5749.053014
57,21,5731.268604
57,23,5489.405783
57,25,5378.863593
57,26,5242.488421
57,27,4926.616855
57,32,4866.842741
57,33,4404.382520
57,35,4286.538659
57,37,4259.330053
57,38,4228.409840
57,39,4158.782549
57,43,4078.875006
57,50,4064.846082
58,14,8454.354829
58,15,7563.419572
58,16,7163.177482
58,17,6644.025219
58,18,6602.577549
58,19,6227.818289
58,20,5749.053014
58,21,5731.268604
58,23,5489.405783
58,24,5253.265999
58,26,5242.488421
58,27,4926.616855
58,32,4866.842741
58,33,4404.382520
58,35,4286.538659
58,37,4259.330053
58,38,4228.409840
58,39,4158.782549
58,43,4078.875006
58,50,4064.846082
59,14,8454.354829
59,15,7549.133670
59,16,6873.425260
59,17,6558.057987
59,19,5962.347046
59,20,5749.053014
59,21,5731.268604
59,22,5728.892140
59,23,5445.417956
59,24,5253.265999
59,26,5242.488421
59,27,4901.530430
59,32,4834.279529
59,33,4396.251009
59,34,4272.173173
59,37,4259.330053
59,38,4227.981557
59,39,4158.354266
59,43,4041.238720
60,14,8454.354829
60,15,7549.133670
60,16,6873.425260
60,17,6558.057987
60,18,5803.734210
60,20,5749.053014
60,21,5731.268604
60,22,5603.812611
60,23,5445.417956
60,24,5253.265999
60,26,5079.528193
60,27,4901.530430
60,32,4834.279529
60,33,4396.251009
60,34,4272.173173
60,36,4239.542775
60,38,4227.981557
60,39,4158.354266
60,42,4143.223231
60,43,4041.238720
61,14,8454.354829
61,15,7549.133670
61,16,6254.601042
61,18,5803.734210
61,20,5749.053014
61,21,5731.268604
61,22,5449.545786
61,23,5445.417956
61,24,5253.265999
61,26,5079.528193
61,27,4901.530430
61,32,4834.279529
61,33,4396.251009
61,34,4272.173173
61,36,4239.542775
61,38,4227.981557
61,39,4158.354266
61,42,4143.223231
61,43,4041.238720
62,14,8454.354829
62,15,7389.118670
62,16,6254.601042
62,17,6025.409616
62,18,5803.734210
62,19,5721.005721
62,21,5648.589633
62,22,5449.545786
62,23,5395.771919
62,24,5253.265999
62,26,5079.528193
62,27,4901.530430
62,32,4834.279529
62,33,4396.251009
62,34,4272.173173
62,36,4239.542775
62,38,4227.981557
62,39,4158.354266
62,42,4143.223231
62,43,4041.238720
63,14,8454.354829
63,15,7389.118670
63,16,6254.601042
63,17,6025.409616
63,18,5803.734210
63,19,5721.005721
63,20,5544.059100
63,22,5449.545786
63,23,5395.771919
63,24,5253.265999
63,26,5079.528193
63,27,4901.530430
63,32,4834.279529
63,33,4396.251009
63,34,4272.173173
63,36,4239.542775
63,38,4227.981557
63,39,4158.354266
63,42,4143.223231
63,43,4041.238720
64,14,8454.354829
64,15,6191.613184
64,17,6025.409616
64,18,5803.734210
64,19,5721.005721
64,20,5544.059100
64,22,5449.545786
64,23,5395.771919
64,24,5253.265999
64,26,5053.203595
64,27,4901.530430
64,31,4742.693333
64,32,4368.221620
64,34,4272.173173
64,36,4239.542775
64,38,4119.735918
64,41,4115.917151
64,43,4039.703425
65,14,8454.354829
65,15,6191.613184
65,17,6025.409616
65,18,5803.734210
65,19,5721.005721
65,20,5487.726137
65,22,5449.545786
65,23,5395.771919
65,24,5253.265999
65,26,5053.203595
65,27,4901.530430
65,30,4810.947144
65,31,4742.693333
65,32,4368.221620
65,34,4272.173173
65,36,4239.542775
65,38,4119.735918
65,41,4115.917151
65,43,4039.703425
66,14,8454.354829
66,15,6191.613184
66,17,6025.409616
66,18,5694.921644
66,19,5489.073122
66,20,5487.726137
66,22,5212.924200
66,26,5053.203595
66,27,4901.530430
66,30,4810.947144
66,31,4742.693333
66,32,4368.221620
66,34,4272.173173
66,36,4210.837082
66,38,4119.735918
66,41,4115.917151
66,43,4039.703425
67,14,8454.354829
67,15,6191.613184
67,16,5790.133609
67,18,5694.921644
67,19,5489.073122
67,20,5487.726137
67,22,5212.924200
67,23,5205.299451
67,26,5053.203595
67,27,4901.530430
67,30,4810.947144
67,31,4742.693333
67,32,4368.221620
67,34,4272.173173
67,36,4210.837082
67,37,4196.446249
67,38,4119.735918
67,41,4105.772265
67,43,4039.703425
68,14,8454.354829
68,15,6191.613184
68,16,5790.133609
68,17,5724.851564
68,18,5581.776870
68,19,5489.073122
68,20,5487.726137
68,22,5212.924200
68,23,5205.299451
68,25,5152.984320
68,26,5053.203595
68,27,4901.530430
68,30,4810.947144
68,31,4742.693333
68,32,4368.221620
68,34,4272.173173
68,36,4210.837082
68,37,4196.446249
68,38,4119.735918
68,40,4112.733519
68,41,4105.772265
68,43,4039.703425
69,14,7523.942173
69,15,6191.613184
69,16,5790.133609
69,17,5724.851564
69,18,5547.609878
69,19,5215.208053
69,22,5212.924200
69,23,5205.299451
69,24,5103.823426
69,26,5053.203595
69,27,4752.953920
69,31,4741.883690
69,32,4254.776165
69,35,4201.234476
69,37,4152.774919
69,38,4065.868274
69,43,4034.681978
70,14,7523.942173
70,15,6191.613184
70,16,5790.133609
70,17,5514.584616
70,19,5215.208053
70,22,5212.924200
70,23,5205.299451
70,24,5091.484519
70,25,5001.299725
70,27,4752.953920
70,30,4730.907014
70,31,4643.748568
70,32,4254.776165
70,35,4201.234476
70,37,4152.774919
70,38,4065.868274
70,43,4034.681978
71,14,7523.942173
71,15,6191.613184
71,16,5594.177616
71,17,5514.584616
71,19,5215.208053
71,20,5214.392871
71,22,5212.924200
71,23,5205.299451
71,24,5091.484519
71,25,5001.299725
71,27,4752.953920
71,30,4730.907014
71,31,4643.748568
71,32,4254.776165
71,35,4201.234476
71,36,4183.227195
71,37,4152.774919
71,38,4065.868274
71,43,4034.681978
72,14,6282.375387
72,15,6191.613184
72,16,5559.429750
72,17,5449.225124
72,19,5215.208053
72,20,5214.392871
72,22,5212.924200
72,23,5076.179491
72,25,5001.299725
72,26,4940.458346
72,27,4752.953920
72,30,4730.907014
72,31,4643.748568
72,32,4254.776165
72,35,4201.234476
72,36,4183.227195
72,37,4152.774919
72,38,4065.868274
72,43,4034.681978
73,14,6282.375387
73,15,6191.613184
73,16,5542.562903
73,17,5449.225124
73,19,5215.208053
73,20,5214.392871
73,22,5212.924200
73,23,5039.145152
73,25,5001.299725
73,26,4940.458346
73,27,4752.953920
73,30,4730.907014
73,31,4643.748568
73,32,4254.776165
73,35,4201.234476
73,36,4183.227195
73,37,4152.774919
73,38,4065.868274
73,43,4034.681978
74,14,6282.375387
74,15,6010.808796
74,16,5542.562903
74,17,5449.225124
74,18,5362.061742
74,19,5215.208053
74,20,5199.169122
74,22,4889.953047
74,27,4752.953920
74,29,4624.803354
74,32,4254.347882
74,35,4162.981728
74,36,4134.110093
74,38,4065.868274
74,43,4028.397095
75,14,6282.375387
75,15,5791.456599
75,16,5542.562903
75,17,5409.329628
75,18,5184.146813
75,22,4889.953047
75,27,4752.953920
75,29,4624.803354
75,32,4192.434875
75,35,4162.981728
75,36,4134.110093
75,38,4065.868274
75,43,4028.397095
76,14,5854.804822
76,15,5791.456599
76,16,5542.562903
76,17,5409.329628
76,18,5184.146813
76,22,4889.953047
76,23,4778.570036
76,27,4752.953920
76,29,4624.803354
76,32,4192.434875
76,35,4162.981728
76,36,4134.110093
76,37,4129.671273
76,38,4065.868274
76,43,4028.397095
77,13,7216.805283
77,14,5854.804822
77,15,5791.456599
77,16,5462.684928
77,17,5409.329628
77,18,5184.146813
77,22,4889.953047
77,23,4778.570036
77,27,4752.953920
77,29,4624.803354
77,32,4192.434875
77,33,4158.009733
77,34,4154.354430
77,36,4134.110093
77,37,4129.671273
77,38,4030.723386
77,43,4028.397095
78,13,6936.913436
78,14,5854.804822
78,15,5694.391520
78,16,5462.684928
78,17,5409.329628
78,18,5184.146813
78,21,5015.078941
78,22,4889.953047
78,23,4778.570036
78,27,4752.953920
78,29,4624.803354
78,32,4192.434875
78,33,4158.009733
78,34,4154.354430
78,36,4134.110093
78,37,4129.671273
78,38,4030.723386
78,40,4018.591416
79,12,8465.230434
79,13,6375.422666
79,14,5854.804822
79,15,5641.192602
79,16,5462.684928
79,17,5409.329628
79,18,5184.146813
79,21,5015.078941
79,22,4889.953047
79,23,4778.570036
79,27,4752.953920
79,29,4624.803354
79,32,4192.434875
79,33,4158.009733
79,34,4154.354430
79,36,4134.110093
79,37,4129.671273
79,38,4030.723386
79,40,4018.591416
79,41,4013.301242
80,12,6887.559272
80,13,6375.422666
80,14,5854.804822
80,15,5503.677467
80,16,5462.684928
80,17,5409.329628
80,18,5184.146813
80,21,5015.078941
80,22,4889.953047
80,23,4778.570036
80,27,4752.953920
80,29,4624.803354
80,30,4587.062097
80,32,4192.434875
80,33,4158.009733
80,34,4154.354430
80,36,4134.110093
80,37,4129.671273
80,38,4030.723386
80,40,4018.591416
80,41,4013.301242
81,12,6887.559272
81,13,6375.422666
81,14,5854.804822
81,15,5503.677467
81,16,5407.427497
81,18,5184.146813
81,21,5015.078941
81,22,4889.953047
81,23,4778.570036
81,27,4752.953920
81,29,4624.803354
81,30,4587.062097
81,32,4192.434875
81,33,4158.009733
81,34,4154.354430
81,36,4134.110093
81,37,4129.671273
81,38,4030.723386
81,40,4018.591416
81,41,4013.301242
82,12,6887.559272
82,13,6375.422666
82,14,5769.791437
82,15,5396.484883
82,18,5184.146813
82,21,5015.078941
82,22,4889.953047
82,23,4778.570036
82,27,4752.953920
82,29,4624.803354
82,30,4587.062097
82,31,4548.732110
82,32,4192.434875
82,33,4158.009733
82,34,4154.354430
82,36,4134.110093
82,37,4129.671273
82,38,4030.723386
82,40,4018.591416
82,41,4013.301242
83,12,6887.559272
83,13,6375.422666
83,14,5769.791437
83,15,5396.484883
83,16,5311.040244
83,18,5184.146813
83,21,4981.493313
83,22,4889.953047
83,23,4778.570036
83,27,4752.953920
83,29,4624.803354
83,30,4587.062097
83,31,4548.732110
83,32,4192.434875
83,33,4158.009733
83,34,4154.354430
83,36,4134.110093
83,37,4129.671273
83,38,4030.723386
83,39,4007.103367
84,12,6887.559272
84,13,6375.422666
84,14,5769.791437
84,15,5396.484883
84,16,5311.040244
84,18,5184.146813
84,21,4981.493313
84,22,4821.370966
84,23,4778.570036
84,27,4752.953920
84,28,4742.596327
84,29,4555.616667
84,31,4538.009237
84,32,4190.304417
84,33,4148.810350
84,34,4114.889117
84,38,4028.292559
84,39,4002.472530
85,12,6887.559272
85,13,6375.422666
85,14,5668.535000
85,15,5396.484883
85,16,5183.742090
85,21,4981.493313
85,22,4821.370966
85,23,4778.570036
85,26,4647.308169
85,29,4519.288407
85,31,4386.862150
85,32,4190.304417
85,33,4148.810350
85,34,4114.889117
85,37,4018.438102
85,39,4002.472530
86,12,6887.559272
86,13,6375.422666
86,14,5668.535000
86,15,5396.484883
86,16,5183.742090
86,21,4981.493313
86,22,4736.993048
86,25,4734.731476
86,26,4647.308169
86,29,4519.288407
86,31,4386.862150
86,32,4190.304417
86,33,4148.810350
86,34,4114.889117
86,37,4018.438102
86,39,4002.472530
87,12,6887.559272
87,13,6375.422666
87,14,5668.535000
87,15,5396.484883
87,16,5183.742090
87,21,4981.493313
87,22,4736.993048
87,25,4734.731476
87,26,4647.308169
87,29,4519.288407
87,31,4386.862150
87,32,4190.304417
87,33,4148.810350
87,34,4114.889117
87,37,4018.438102
87,38,3995.557985
88,12,6887.559272
88,13,6375.422666
88,14,5547.776484
88,15,5396.484883
88,16,5183.742090
88,19,5125.124675
88,21,4878.126098
88,22,4736.993048
88,24,4726.716707
88,25,4721.956312
88,26,4647.308169
88,29,4519.288407
88,31,4386.862150
88,32,4190.304417
88,33,4148.810350
88,34,4114.889117
88,37,4018.438102
88,38,3995.557985
89,12,6887.559272
89,13,6375.422666
89,14,5547.776484
89,15,5396.484883
89,16,5183.742090
89,19,5125.124675
89,20,5124.183288
89,21,4868.821411
89,22,4736.993048
89,24,4726.716707
89,25,4721.956312
89,26,4639.288163
89,29,4514.072177
89,30,4289.654553
89,32,4128.635527
89,34,4114.889117
89,36,4097.850222
89,37,4001.241187
89,38,3995.557985
90,12,6887.559272
90,13,6375.422666
90,14,5547.776484
90,15,5396.484883
90,16,5183.742090
90,18,5156.352952
90,19,5125.124675
90,20,5064.623393
90,21,4868.821411
90,22,4736.993048
90,24,4726.716707
90,25,4714.844506
90,26,4639.288163
90,28,4624.416285
90,29,4514.072177
90,30,4289.654553
90,32,4128.635527
90,34,4114.889117
90,36,4097.850222
90,37,4001.241187
90,38,3995.557985
91,12,6887.559272
91,13,6375.422666
91,14,5547.776484
91,15,5396.484883
91,16,5183.742090
91,18,5156.352952
91,19,5125.124675
91,20,5064.623393
91,21,4855.515942
91,22,4736.993048
91,24,4726.716707
91,25,4714.844506
91,26,4639.288163
91,28,4624.416285
91,29,4514.072177
91,30,4289.654553
91,32,4128.635527
91,34,4114.889117
91,36,4047.910150
91,37,4001.241187
91,38,3995.557985
92,12,6887.559272
92,13,6375.422666
92,14,5547.776484
92,15,5396.484883
92,16,5183.742090
92,18,5156.352952
92,19,5125.124675
92,20,5064.623393
92,21,4855.515942
92,22,4692.566619
92,26,4639.288163
92,28,4624.416285
92,29,4514.072177
92,30,4289.654553
92,32,4128.635527
92,34,4114.889117
92,36,4047.910150
92,37,4001.241187
92,38,3994.779142
93,12,6887.559272
93,13,6230.529019
93,14,5547.776484
93,15,5396.484883
93,16,5183.742090
93,17,5116.196272
93,20,5064.623393
93,21,4787.716054
93,22,4692.566619
93,26,4639.288163
93,28,4624.416285
93,29,4514.072177
93,30,4289.654553
93,32,4128.635527
93,34,4114.889117
93,36,4047.910150
93,37,4001.241187
93,38,3994.779142
94,12,6887.559272
94,13,6230.529019
94,14,5547.776484
94,15,5396.484883
94,16,5183.742090
94,17,5116.196272
94,20,5064.623393
94,21,4787.716054
94,22,4692.566619
94,24,4645.261805
94,26,4639.288163
94,28,4552.473907
94,29,4514.072177
94,30,4250.894910
94,31,4108.981231
94,33,4105.777121
94,36,4047.910150
94,37,3979.260311
95,12,6887.559272
95,13,6230.529019
95,14,5547.776484
95,15,5329.110773
95,16,5183.742090
95,17,5063.321232
95,21,4777.860593
95,22,4692.566619
95,24,4645.261805
95,26,4635.643242
95,28,4552.473907
95,29,4514.072177
95,30,4250.894910
95,31,4108.981231
95,33,4105.777121
95,36,4007.618208
95,37,3979.260311
96,12,6887.559272
96,13,6230.529019
96,14,5547.776484
96,15,5111.839560
96,16,5075.242485
96,17,5063.321232
96,19,4962.020172
96,20,4917.948130
96,21,4777.860593
96,22,4692.566619
96,24,4645.261805
96,25,4631.291841
96,27,4618.011708
96,28,4504.497840
96,30,4250.894910
96,31,4108.981231
96,33,4105.777121
96,36,4007.618208
96,37,3979.260311
96,38,3975.071478
97,12,6887.559272
97,13,6208.284400
97,14,5547.776484
97,15,5111.839560
97,16,5075.242485
97,17,5063.321232
97,19,4962.020172
97,20,4917.948130
97,21,4777.860593
97,22,4692.566619
97,24,4645.261805
97,25,4631.291841
97,26,4573.815652
97,28,4504.497840
97,30,4250.894910
97,31,4108.981231
97,33,4105.777121
97,36,4007.618208
97,37,3979.260311
97,38,3975.061957
98,12,6887.559272
98,13,6208.284400
98,14,5547.776484
98,15,5111.839560
98,16,5075.242485
98,17,4954.996027
98,20,4917.948130
98,21,4777.860593
98,22,4692.566619
98,24,4645.261805
98,25,4631.291841
98,26,4573.815652
98,28,4504.497840
98,30,4250.894910
98,31,4108.981231
98,33,4105.777121
98,36,4007.618208
98,37,3979.260311
98,38,3975.061957
99,12,6887.559272
99,13,6208.284400
99,14,5547.776484
99,15,5111.839560
99,16,5075.242485
99,17,4954.996027
99,20,4917.948130
99,21,4777.860593
99,22,4692.566619
99,24,4612.778244
99,25,4605.494971
99,26,4573.815652
99,28,4504.497840
99,29,4242.018525
99,31,4066.802558
99,36,3974.258839
99,38,3953.429876
100,12,6887.559272
100,13,6208.284400
100,14,5547.776484
100,15,5111.839560
100,16,5075.242485
100,17,4954.996027
100,20,4917.948130
100,21,4777.860593
100,22,4692.566619
100,24,4612.778244
100,25,4605.494971
100,26,4555.120780
100,28,4504.497840
100,29,4242.018525
100,31,4066.802558
100,36,3974.258839
100,37,3968.694174
100,38,3953.429876
101,12,6887.559272
101,13,6208.284400
101,14,5547.776484
101,15,5111.839560
101,16,5075.242485
101,17,4954.996027
101,19,4880.035550
101,21,4777.860593
101,22,4692.566619
101,24,4612.778244
101,25,4605.494971
101,26,4555.120780
101,28,4504.497840
101,29,4242.018525
101,31,4066.802558
101,36,3974.258839
101,37,3968.694174
101,38,3950.259398
102,12,6887.559272
102,13,6208.284400
102,14,5547.776484
102,15,5111.839560
102,16,5073.051152
102,17,4954.996027
102,19,4880.035550
102,20,4835.158940
102,21,4777.860593
102,22,4692.566619
102,24,4612.778244
102,25,4605.494971
102,26,4555.120780
102,28,4504.497840
102,29,4242.018525
102,31,4066.802558
102,36,3974.258839
102,37,3968.694174
102,38,3950.259398
103,12,6887.559272
103,13,6208.284400
103,14,5535.189556
103,15,5016.904051
103,17,4954.996027
103,19,4880.035550
103,20,4835.158940
103,21,4777.860593
103,22,4692.566619
103,24,4612.778244
103,25,4605.494971
103,26,4555.120780
103,28,4504.497840
103,29,4242.018525
103,31,4066.802558
103,36,3974.258839
103,37,3968.694174
103,38,3950.259398
104,12,6887.559272
104,13,6208.284400
104,14,5151.689920
104,15,5016.904051
104,17,4954.996027
104,18,4948.164588
104,19,4880.035550
104,20,4835.158940
104,21,4777.860593
104,22,4692.566619
104,24,4578.343982
104,26,4555.120780
104,28,4489.162533
104,29,4242.018525
104,31,4066.802558
104,35,3963.134496
104,38,3948.142362
105,12,6887.559272
105,13,6208.284400
105,14,5151.689920
105,15,5016.904051
105,16,4991.105753
105,17,4954.996027
105,18,4842.840550
105,20,4835.158940
105,21,4777.860593
105,22,4692.566619
105,24,4578.343982
105,26,4555.120780
105,28,4489.162533
105,29,4242.018525
105,31,4066.802558
105,35,3963.134496
105,37,3940.188443
106,12,6887.559272
106,13,6208.284400
106,14,5151.689920
106,15,5016.904051
106,16,4991.105753
106,17,4954.996027
106,18,4842.840550
106,20,4835.158940
106,21,4777.860593
106,22,4692.566619
106,24,4578.343982
106,26,4555.120780
106,28,4489.162533
106,29,4242.018525
106,31,4066.802558
106,34,3979.331264
106,35,3963.134496
106,37,3940.188443
107,12,6851.164848
107,13,6208.284400
107,14,5151.689920
107,15,5016.904051
107,16,4949.069266
107,18,4842.840550
107,20,4835.158940
107,21,4777.860593
107,22,4692.566619
107,24,4578.343982
107,26,4555.120780
107,28,4489.162533
107,29,4159.240404
107,31,4066.802558
107,34,3951.011797
107,37,3940.188443
108,12,6851.164848
108,13,6208.284400
108,14,5151.689920
108,15,5016.904051
108,16,4906.776288
108,18,4842.840550
108,20,4835.158940
108,21,4777.860593
108,22,4692.566619
108,24,4578.343982
108,26,4555.120780
108,28,4489.162533
108,29,4159.240404
108,31,4066.802558
108,34,3951.011797
108,37,3940.188443
109,12,6851.164848
109,13,6208.284400
109,14,5151.689920
109,15,5016.904051
109,16,4786.003344
109,21,4745.666530
109,22,4680.670251
109,23,4550.846217
109,28,4489.024865
109,29,4159.240404
109,31,4056.527530
109,34,3940.726434
109,36,3937.868323
110,12,6851.164848
110,13,6208.284400
110,14,5151.689920
110,15,4849.602340
110,16,4786.003344
110,21,4715.933919
110,22,4680.670251
110,23,4550.846217
110,28,4489.024865
110,29,4159.240404
110,31,4056.527530
110,34,3940.726434
110,36,3937.868323
111,12,6851.164848
111,13,6208.284400
111,14,5151.689920
111,15,4849.602340
111,16,4786.003344
111,21,4715.933919
111,22,4680.670251
111,23,4550.846217
111,28,4489.024865
111,29,4159.240404
111,31,4056.527530
111,34,3940.726434
111,36,3937.868323
112,12,6851.164848
112,13,6208.284400
112,14,5151.689920
112,15,4849.602340
112,16,4785.459976
112,17,4773.671746
112,18,4756.742788
112,21,4715.933919
112,22,4680.670251
112,23,4550.846217
112,28,4489.024865
112,29,4159.240404
112,31,4056.527530
112,34,3940.726434
112,36,3937.868323
113,12,6851.164848
113,13,6208.284400
113,14,5151.689920
113,15,4844.171632
113,16,4785.459976
113,17,4773.671746
113,18,4756.742788
113,21,4715.933919
113,22,4680.670251
113,23,4550.846217
113,28,4489.024865
113,29,4159.240404
113,31,4056.527530
113,33,3980.156409
113,34,3940.726434
113,36,3937.868323
114,12,6851.164848
114,13,6208.284400
114,14,5151.689920
114,15,4844.171632
114,16,4785.459976
114,17,4773.671746
114,18,4756.742788
114,21,4686.729677
114,22,4680.670251
114,23,4550.846217
114,25,4544.424358
114,27,4456.005310
114,29,4146.719314
114,31,4040.455962
114,33,3980.156409
114,34,3908.785331
115,12,6851.164848
115,13,5008.624547
115,15,4844.171632
115,16,4785.459976
115,17,4773.671746
115,18,4756.742788
115,20,4753.773215
115,21,4686.729677
115,22,4680.670251
115,23,4550.846217
115,25,4544.424358
115,27,4456.005310
115,29,4146.719314
115,31,4040.455962
115,33,3980.156409
115,34,3908.785331
116,12,6851.164848
116,13,5008.624547
116,15,4783.821749
116,17,4773.671746
116,18,4756.742788
116,20,4753.773215
116,21,4686.729677
116,22,4680.670251
116,23,4550.846217
116,25,4544.424358
116,27,4456.005310
116,29,4146.719314
116,31,4040.455962
116,33,3980.156409
116,34,3908.785331
117,12,6851.164848
117,13,5008.624547
117,15,4783.821749
117,17,4773.671746
117,18,4756.742788
117,19,4663.959234
117,20,4617.479608
117,23,4550.846217
117,25,4526.819748
117,27,4456.005310
117,28,4270.644606
117,29,4146.719314
117,31,4040.455962
117,33,3980.156409
117,34,3908.785331
117,37,3904.356685
118,12,6851.164848
118,13,5008.624547
118,15,4783.821749
118,17,4735.500330
118,19,4663.959234
118,20,4617.479608
118,23,4550.846217
118,25,4526.819748
118,27,4456.005310
118,28,4270.644606
118,29,4146.719314
118,31,4040.455962
118,33,3980.156409
118,34,3908.785331
118,37,3904.356685
118,40,3893.160887
119,12,6851.164848
119,13,5008.624547
119,15,4783.821749
119,16,4734.749530
119,19,4663.959234
119,20,4617.479608
119,21,4570.775267
119,23,4550.846217
119,25,4526.819748
119,27,4456.005310
119,28,4270.644606
119,29,4146.719314
119,31,4040.455962
119,33,3980.156409
119,34,3908.785331
119,37,3904.356685
119,40,3893.160887
120,12,6851.164848
120,13,5008.624547
120,15,4783.821749
120,16,4694.540095
120,17,4681.621956
120,19,4663.959234
120,20,4617.479608
120,21,4570.775267
120,23,4550.846217
120,24,4525.331154
120,27,4456.005310
120,28,4270.644606
120,29,4146.719314
120,31,4040.455962
120,33,3980.156409
120,34,3908.785331
120,37,3904.356685
120,40,3893.160887
121,12,6851.164848
121,13,5008.624547
121,15,4783.821749
121,16,4694.540095
121,17,4681.621956
121,18,4644.679840
121,20,4617.479608
121,21,4570.775267
121,23,4550.846217
121,24,4525.331154
121,27,4456.005310
121,28,4270.644606
121,29,4146.719314
121,31,4040.455962
121,33,3980.156409
121,34,3908.785331
121,37,3904.356685
121,40,3893.160887
122,12,6851.164848
122,13,4864.546012
122,14,4839.653844
122,15,4783.821749
122,16,4694.540095
122,17,4681.621956
122,18,4644.679840
122,20,4617.479608
122,21,4570.775267
122,23,4550.846217
122,24,4525.331154
122,27,4456.005310
122,28,4270.644606
122,29,4146.719314
122,31,4040.455962
122,33,3980.156409
122,34,3908.785331
122,37,3904.356685
122,40,3893.160887
123,12,6851.164848
123,13,4864.546012
123,14,4839.653844
123,15,4783.821749
123,16,4694.540095
123,17,4656.756573
123,18,4644.679840
123,20,4615.257945
123,21,4570.775267
123,23,4550.846217
123,24,4525.331154
123,26,4524.261906
123,27,4456.005310
123,28,4270.644606
123,29,4146.719314
123,31,4040.455962
123,33,3980.156409
123,34,3908.785331
123,37,3904.356685
123,40,3893.160887
124,12,6752.797748
124,13,4864.546012
124,14,4839.653844
124,15,4783.821749
124,16,4658.470098
124,17,4656.756573
124,18,4644.679840
124,20,4615.257945
124,21,4570.775267
124,23,4550.846217
124,24,4525.331154
124,26,4481.039485
124,27,4456.005310
124,28,4270.644606
124,29,4146.719314
124,31,4040.455962
124,33,3980.156409
124,34,3908.785331
124,37,3904.356685
124,40,3893.160887
125,12,6752.797748
125,13,4864.546012
125,14,4839.653844
125,15,4783.821749
125,16,4658.470098
125,17,4656.756573
125,18,4644.679840
125,20,4591.285050
125,21,4570.775267
125,23,4458.774962
125,27,4456.005310
125,28,4270.644606
125,29,4146.719314
125,31,4040.455962
125,33,3980.156409
125,34,3908.785331
125,37,3904.356685
125,40,3893.160887
126,12,6645.703715
126,13,4864.546012
126,14,4832.733230
126,15,4783.821749
126,16,4658.470098
126,17,4656.756573
126,18,4644.679840
126,19,4590.458433
126,21,4570.775267
126,22,4565.494355
126,23,4458.774962
126,27,4456.005310
126,28,4270.644606
126,29,4146.719314
126,31,4040.455962
126,33,3980.156409
126,34,3908.785331
126,37,3904.356685
126,40,3893.160887
127,12,6645.703715
127,13,4839.429349
127,14,4828.391099
127,15,4775.790465
127,16,4658.470098
127,17,4656.756573
127,18,4639.594817
127,19,4590.458433
127,21,4570.775267
127,22,4565.494355
127,23,4458.774962
127,26,4440.847131
127,28,4094.239884
127,31,4040.232927
127,33,3979.660648
127,34,3908.785331
127,37,3904.356685
127,40,3893.160887
128,12,6645.703715
128,13,4839.429349
128,14,4828.391099
128,15,4762.844111
128,16,4658.470098
128,17,4656.756573
128,18,4639.594817
128,19,4573.027694
128,21,4570.775267
128,22,4500.097397
128,23,4458.774962
128,24,4434.799378
128,28,4094.239884
128,31,4040.232927
128,33,3979.660648
128,34,3908.785331
128,37,3904.356685
128,40,3893.160887
129,12,6645.703715
129,13,4764.092911
129,15,4762.844111
129,16,4658.470098
129,17,4656.756573
129,18,4639.594817
129,19,4573.027694
129,21,4570.775267
129,22,4500.097397
129,23,4458.774962
129,24,4434.799378
129,27,4425.962195
129,28,4094.239884
129,31,4040.232927
129,33,3979.660648
129,34,3908.785331
129,37,3904.356685
129,40,3893.160887
130,12,6645.703715
130,13,4699.866491
130,16,4658.470098
130,17,4656.756573
130,18,4639.594817
130,19,4573.027694
130,21,4555.125419
130,22,4500.097397
130,23,4458.774962
130,24,4434.799378
130,27,4425.962195
130,28,4094.239884
130,31,4040.232927
130,33,3979.660648
130,34,3908.785331
130,37,3904.356685
130,40,3893.160887
131,12,6645.703715
131,13,4699.866491
131,16,4658.470098
131,17,4656.756573
131,18,4639.594817
131,19,4573.027694
131,20,4542.644635
131,21,4541.323967
131,22,4500.097397
131,23,4458.774962
131,24,4434.799378
131,27,4425.962195
131,28,4094.239884
131,31,4040.232927
131,33,3979.660648
131,34,3908.785331
131,37,3904.356685
131,40,3893.160887
132,12,6645.703715
132,13,4699.866491
132,16,4649.399094
132,18,4639.594817
132,19,4573.027694
132,20,4542.644635
132,21,4541.323967
132,22,4461.420501
132,23,4458.774962
132,24,4423.218689
132,28,4094.239884
132,31,4040.232927
132,33,3979.660648
132,34,3908.785331
132,37,3904.356685
132,40,3893.160887
133,12,6645.703715
133,13,4699.866491
133,16,4649.399094
133,18,4639.594817
133,19,4573.027694
133,20,4542.644635
133,21,4541.323967
133,22,4461.420501
133,23,4458.774962
133,24,4423.218689
133,28,4094.239884
133,31,4040.232927
133,33,3979.660648
133,34,3908.785331
133,37,3904.356685
133,40,3893.160887
134,12,6645.703715
134,13,4699.866491
134,16,4649.399094
134,18,4639.594817
134,19,4573.027694
134,20,4542.644635
134,21,4541.323967
134,22,4461.420501
134,23,4420.527923
134,25,4374.757683
134,28,4094.239884
134,31,4040.232927
134,33,3979.660648
134,34,3908.785331
134,37,3904.356685
134,40,3893.160887
135,12,6645.703715
135,13,4699.866491
135,14,4659.888798
135,16,4649.399094
135,18,4639.594817
135,19,4573.027694
135,20,4542.644635
135,21,4528.327601
135,22,4461.420501
135,23,4420.527923
135,25,4374.757683
135,28,4094.239884
135,31,4040.232927
135,33,3979.660648
135,34,3908.785331
135,37,3904.356685
135,40,3893.160887
136,12,6645.703715
136,13,4699.866491
136,14,4659.888798
136,16,4645.997268
136,17,4612.869928
136,19,4536.617862
136,21,4528.327601
136,22,4461.420501
136,23,4410.534779
136,25,4374.757683
136,28,4094.239884
136,31,4040.232927
136,33,3979.660648
136,34,3908.785331
136,37,3904.356685
136,40,3893.160887
137,12,6645.703715
137,13,4699.866491
137,14,4627.245005
137,17,4612.869928
137,19,4536.617862
137,21,4528.327601
137,22,4461.420501
137,23,4410.534779
137,25,4374.757683
137,26,4336.572089
137,28,4094.239884
137,31,4040.232927
137,33,3979.660648
137,34,3908.785331
137,37,3904.356685
137,40,3893.160887
138,12,6645.703715
138,13,4699.866491
138,14,4627.245005
138,17,4612.869928
138,19,4536.617862
138,20,4525.324803
138,22,4461.420501
138,23,4410.534779
138,24,4402.107564
138,25,4374.757683
138,26,4336.572089
138,28,4094.239884
138,31,4040.232927
138,33,3979.660648
138,34,3908.785331
138,37,3904.356685
138,40,3893.160887
139,12,6645.703715
139,13,4699.866491
139,14,4627.245005
139,17,4612.869928
139,19,4525.193036
139,22,4461.420501
139,23,4410.534779
139,24,4402.107564
139,25,4374.757683
139,26,4336.572089
139,28,4094.239884
139,31,4040.232927
139,33,3979.660648
139,34,3908.785331
139,37,3904.356685
139,40,3893.160887
140,12,6645.703715
140,13,4699.866491
140,14,4627.245005
140,17,4612.869928
140,18,4493.413541
140,20,4467.001289
140,22,4461.420501
140,23,4410.534779
140,24,4402.107564
140,25,4374.757683
140,26,4243.916312
140,28,4094.239884
140,31,4040.232927
140,33,3979.660648
140,34,3908.785331
140,37,3904.356685
140,40,3893.160887
141,12,6645.703715
141,13,4699.866491
141,14,4627.245005
141,15,4539.916925
141,18,4493.413541
141,20,4467.001289
141,22,4461.420501
141,23,4410.534779
141,24,4402.107564
141,25,4374.757683
141,26,4243.916312
141,28,4094.239884
141,31,4040.232927
141,33,3979.660648
141,34,3908.785331
141,37,3904.356685
141,40,3893.160887
142,12,6645.703715
142,13,4699.866491
142,14,4627.245005
142,15,4539.916925
142,18,4493.413541
142,20,4467.001289
142,22,4461.420501
142,23,4410.534779
142,24,4402.107564
142,25,4374.757683
142,26,4243.916312
142,28,4094.239884
142,31,4040.232927
142,33,3979.660648
142,34,3908.785331
142,37,3904.356685
142,40,3893.160887
143,12,6534.345503
143,13,4682.613909
143,14,4627.245005
143,15,4539.916925
143,18,4493.413541
143,20,4467.001289
143,22,4461.420501
143,23,4410.534779
143,24,4402.107564
143,25,4374.757683
143,26,4243.916312
143,28,4094.239884
143,31,4040.232927
143,33,3979.660648
143,34,3908.785331
143,37,3904.356685
143,40,3893.160887
144,12,5869.774177
144,13,4682.613909
144,14,4607.809426
144,15,4539.916925
144,17,4530.347758
144,18,4493.413541
144,20,4467.001289
144,21,4448.210557
144,23,4410.534779
144,24,4402.107564
144,25,4374.757683
144,26,4243.916312
144,28,4094.239884
144,31,4040.232927
144,33,3979.660648
144,34,3908.785331
144,37,3904.356685
144,40,3893.160887
145,12,5869.774177
145,13,4682.613909
145,14,4607.809426
145,15,4539.916925
145,17,4530.347758
145,18,4493.413541
145,20,4454.096525
145,21,4437.309016
145,23,4341.387873
145,26,4233.793119
145,28,4094.239884
145,31,4040.232927
145,33,3979.660648
145,34,3894.377604
145,39,3875.761768
146,12,5009.256723
146,13,4682.613909
146,14,4607.809426
146,15,4539.916925
146,17,4530.347758
146,18,4493.413541
146,20,4454.096525
146,21,4437.309016
146,23,4341.387873
146,26,4233.793119
146,28,4094.239884
146,31,4040.232927
146,33,3979.660648
146,34,3894.377604
146,39,3875.761768
147,12,5009.256723
147,13,4682.613909
147,14,4607.809426
147,15,4539.916925
147,17,4530.347758
147,18,4493.413541
147,20,4454.096525
147,21,4437.309016
147,23,4341.387873
147,26,4233.793119
147,28,4094.239884
147,31,4040.232927
147,33,3979.660648
147,34,3894.377604
147,39,3875.761768
148,11,6121.531290
148,12,5009.256723
148,13,4682.613909
148,14,4607.809426
148,15,4539.916925
148,17,4530.347758
148,18,4493.413541
148,20,4454.096525
148,21,4437.309016
148,23,4341.387873
148,24,4338.082744
148,26,4233.793119
148,28,4094.239884
148,31,4040.232927
148,33,3979.660648
148,34,3894.377604
148,39,3875.761768
149,11,5946.656432
149,12,5009.256723
149,13,4682.613909
149,14,4607.809426
149,15,4539.916925
149,17,4530.347758
149,18,4493.413541
149,20,4454.096525
149,21,4437.309016
149,23,4341.387873
149,24,4338.082744
149,26,4233.793119
149,28,4094.239884
149,31,4040.232927
149,33,3979.660648
149,34,3894.377604
149,39,3875.761768
150,11,5946.656432
150,12,5009.256723
150,13,4682.613909
150,14,4607.809426
150,15,4539.916925
150,17,4530.347758
150,18,4493.413541
150,20,4454.096525
150,21,4437.309016
150,22,4422.054052
150,23,4341.387873
150,24,4338.082744
150,25,4311.774459
150,26,4231.332402
150,28,4077.529834
150,31,4027.633179
150,32,3976.574938
150,33,3886.662026
150,37,3860.401326
151,11,5946.656432
151,12,5009.256723
151,13,4682.613909
151,14,4607.809426
151,15,4539.916925
151,17,4511.755249
151,18,4493.413541
151,20,4454.096525
151,21,4435.774823
151,22,4422.054052
151,23,4341.387873
151,24,4338.082744
151,25,4292.197661
151,26,4231.332402
151,28,4077.529834
151,31,4027.633179
151,32,3976.574938
151,33,3886.662026
151,37,3860.401326
152,11,5946.656432
152,12,5009.256723
152,13,4682.613909
152,14,4607.809426
152,15,4539.916925
152,17,4511.755249
152,18,4493.413541
152,19,4443.606038
152,20,4429.922226
152,22,4422.054052
152,23,4341.387873
152,24,4338.082744
152,25,4292.197661
152,26,4231.332402
152,28,4077.529834
152,31,4027.633179
152,32,3976.574938
152,33,3886.662026
152,37,3860.401326
153,11,5946.656432
153,12,5009.256723
153,13,4682.613909
153,14,4607.809426
153,15,4539.916925
153,16,4521.911936
153,17,4511.755249
153,18,4493.413541
153,19,4443.606038
153,20,4429.922226
153,22,4422.054052
153,23,4341.387873
153,24,4338.082744
153,25,4292.197661
153,26,4231.332402
153,28,4077.529834
153,31,4027.633179
153,32,3976.574938
153,33,3886.662026
153,37,3860.401326
154,11,5946.656432
154,12,5009.256723
154,13,4681.935370
154,14,4607.809426
154,15,4539.916925
154,16,4521.911936
154,17,4511.755249
154,18,4493.413541
154,19,4443.606038
154,20,4429.922226
154,22,4422.054052
154,23,4341.387873
154,24,4338.082744
154,25,4292.197661
154,26,4231.332402
154,28,4077.529834
154,31,4027.633179
154,32,3976.574938
154,33,3886.662026
154,37,3860.401326
155,11,5946.656432
155,12,5009.256723
155,13,4681.935370
155,14,4607.809426
155,15,4539.916925
155,16,4521.911936
155,17,4511.755249
155,18,4493.413541
155,19,4443.606038
155,20,4429.922226
155,22,4405.821995
155,23,4329.700552
155,24,4295.240762
155,25,4287.752878
155,26,4208.270044
155,28,4077.529834
155,31,4016.838434
155,32,3974.604880
155,33,3884.950067
155,37,3850.174864
156,11,5946.656432
156,12,5009.256723
156,13,4654.102695
156,14,4607.809426
156,15,4539.916925
156,16,4521.911936
156,17,4511.755249
156,18,4493.413541
156,19,4443.606038
156,20,4429.922226
156,22,4404.578420
156,23,4329.700552
156,24,4295.240762
156,25,4287.752878
156,26,4208.270044
156,28,4077.529834
156,31,4016.838434
156,32,3974.604880
156,33,3884.950067
156,37,3850.174864
157,11,5946.656432
157,12,5009.256723
157,13,4654.102695
157,14,4607.809426
157,15,4539.916925
157,16,4521.911936
157,17,4511.755249
157,18,4493.413541
157,19,4435.617592
157,20,4429.922226
157,21,4429.309813
157,22,4404.578420
157,23,4329.700552
157,24,4295.240762
157,25,4287.752878
157,26,4208.270044
157,28,4077.529834
157,31,4016.838434
157,32,3974.604880
157,33,3884.950067
157,37,3850.174864
158,11,5946.656432
158,12,4930.129914
158,13,4654.102695
158,14,4607.809426
158,15,4539.916925
158,16,4521.911936
158,17,4483.004721
158,19,4431.267271
158,20,4429.922226
158,21,4410.078377
158,22,4385.345587
158,23,4329.700552
158,24,4295.240762
158,25,4287.752878
158,26,4208.270044
158,28,4077.529834
158,31,4016.838434
158,32,3974.604880
158,33,3884.950067
158,37,3850.174864
159,11,5946.656432
159,12,4930.129914
159,13,4583.031087
159,15,4539.916925
159,16,4521.911936
159,17,4483.004721
159,19,4431.267271
159,20,4429.922226
159,21,4400.687154
159,22,4385.345587
159,23,4329.700552
159,24,4295.240762
159,25,4287.752878
159,26,4208.270044
159,28,4077.529834
159,31,4016.838434
159,32,3974.604880
159,33,3884.950067
159,37,3850.174864
160,11,5946.656432
160,12,4870.594637
160,13,4583.031087
160,15,4539.916925
160,16,4521.911936
160,17,4483.004721
160,19,4431.267271
160,20,4429.922226
160,21,4400.687154
160,22,4323.399852
160,24,4248.683280
160,26,4177.244725
160,27,4072.481187
160,31,4005.391603
160,32,3966.267227
160,33,3884.950067
160,37,3850.174864
161,11,5946.656432
161,12,4870.594637
161,13,4583.031087
161,15,4512.158958
161,16,4470.493701
161,19,4431.267271
161,20,4429.922226
161,21,4400.687154
161,22,4323.399852
161,24,4248.683280
161,26,4177.244725
161,27,4072.481187
161,31,4005.391603
161,32,3966.267227
161,33,3884.950067
161,37,3850.174864
162,11,5946.656432
162,12,4666.787520
162,13,4583.031087
162,15,4512.158958
162,16,4470.493701
162,17,4455.097752
162,19,4431.267271
162,20,4429.922226
162,21,4400.687154
162,22,4323.399852
162,24,4248.683280
162,26,4177.244725
162,27,4072.481187
162,31,4005.391603
162,32,3966.267227
162,33,3884.950067
162,37,3850.174864
163,11,5317.703440
163,12,4666.787520
163,13,4583.031087
163,15,4512.158958
163,16,4470.493701
163,17,4455.097752
163,19,4431.267271
163,20,4429.922226
163,21,4400.687154
163,22,4323.399852
163,24,4248.683280
163,26,4177.244725
163,27,4072.481187
163,31,4005.391603
163,32,3966.267227
163,33,3884.950067
163,37,3850.174864
164,11,5299.706352
164,12,4638.789889
164,13,4583.031087
164,14,4577.037622
164,15,4512.158958
164,16,4470.493701
164,17,4455.097752
164,19,4431.267271
164,20,4429.922226
164,21,4400.687154
164,22,4323.399852
164,24,4248.683280
164,26,4177.244725
164,27,4072.481187
164,31,4005.391603
164,32,3966.267227
164,33,3884.950067
164,37,3850.174864
165,11,5299.706352
165,12,4638.789889
165,13,4583.031087
165,14,4577.037622
165,15,4512.158958
165,16,4470.493701
165,17,4455.097752
165,19,4426.404030
165,21,4400.532483
165,22,4323.399852
165,24,4244.911104
165,26,4177.244725
165,27,4072.481187
165,31,3996.419869
165,32,3966.267227
165,33,3884.950067
165,36,3849.636523
166,11,5299.706352
166,12,4638.789889
166,13,4583.031087
166,14,4545.194110
166,15,4491.533934
166,16,4470.493701
166,17,4452.285366
166,19,4426.404030
166,20,4378.706231
166,22,4323.399852
166,24,4244.911104
166,26,4177.244725
166,27,4072.481187
166,31,3996.419869
166,32,3966.267227
166,33,3884.950067
166,36,3849.636523
167,11,5299.706352
167,12,4634.076826
167,13,4583.031087
167,14,4545.194110
167,15,4458.410762
167,17,4452.285366
167,18,4414.113342
167,20,4378.706231
167,22,4323.399852
167,24,4244.911104
167,26,4177.244725
167,27,4072.481187
167,31,3996.419869
167,32,3966.267227
167,33,3884.950067
167,36,3849.636523
167,38,3821.880988
168,11,5299.706352
168,12,4634.076826
168,13,4583.031087
168,14,4545.194110
168,15,4458.410762
168,16,4424.166834
168,17,4415.980035
168,18,4414.113342
168,20,4378.706231
168,22,4323.399852
168,24,4244.911104
168,26,4177.244725
168,27,4072.481187
168,31,3996.419869
168,32,3966.267227
168,33,3884.950067
168,36,3849.636523
168,38,3821.880988
169,11,5299.706352
169,12,4634.076826
169,13,4583.031087
169,14,4533.311300
169,15,4458.410762
169,16,4424.166834
169,17,4415.980035
169,18,4414.113342
169,19,4410.598552
169,20,4378.706231
169,22,4323.399852
169,24,4244.911104
169,26,4177.244725
169,27,4072.481187
169,31,3996.419869
169,32,3966.267227
169,33,3884.950067
169,36,3849.636523
169,38,3821.880988
170,11,5299.706352
170,12,4634.076826
170,13,4583.031087
170,14,4533.311300
170,15,4458.410762
170,16,4411.118159
170,19,4354.738797
170,22,4323.399852
170,24,4230.217869
170,26,4168.971644
170,27,4072.481187
170,31,3995.095457
170,32,3947.588814
170,33,3884.950067
170,36,3849.636523
170,37,3821.842882
171,11,5299.706352
171,12,4613.581846
171,13,4583.031087
171,14,4529.134206
171,15,4458.410762
171,16,4390.476106
171,19,4354.738797
171,20,4310.861976
171,24,4230.217869
171,26,4168.971644
171,27,4072.481187
171,31,3995.095457
171,32,3947.588814
171,33,3884.950067
171,36,3849.636523
171,37,3821.842882
172,11,4925.669877
172,12,4599.340076
172,13,4583.031087
172,14,4469.086244
172,15,4458.410762
172,16,4390.476106
172,18,4380.899763
172,19,4354.738797
172,20,4310.861976
172,24,4230.217869
172,26,4168.971644
172,27,4072.481187
172,31,3995.095457
172,32,3947.588814
172,33,3884.950067
172,36,3849.636523
172,37,3821.842882
173,11,4925.669877
173,12,4599.340076
173,13,4578.297687
173,14,4469.086244
173,15,4458.410762
173,16,4390.476106
173,17,4365.517336
173,19,4354.738797
173,20,4310.861976
173,24,4230.217869
173,25,4190.506106
173,26,4168.971644
173,27,4072.481187
173,31,3995.095457
173,32,3947.588814
173,33,3884.950067
173,36,3849.636523
173,37,3821.842882
174,11,4925.669877
174,12,4599.340076
174,13,4578.297687
174,14,4469.086244
174,15,4458.410762
174,16,4390.476106
174,17,4365.517336
174,19,4354.738797
174,20,4310.861976
174,21,4278.761308
174,24,4230.217869
174,25,4190.506106
174,26,4168.971644
174,27,4072.481187
174,31,3995.095457
174,32,3947.588814
174,33,3884.950067
174,36,3849.636523
174,37,3821.842882
175,11,4925.669877
175,12,4599.340076
175,13,4552.093325
175,14,4463.596808
175,15,4458.410762
175,16,4390.476106
175,17,4365.517336
175,19,4354.738797
175,20,4310.861976
175,21,4277.504136
175,24,4208.523136
175,25,4190.506106
175,26,4165.046323
175,27,4072.481187
175,31,3985.517181
175,32,3947.588814
175,33,3884.950067
175,36,3849.636523
175,37,3821.842882
176,11,4771.064386
176,12,4599.340076
176,13,4552.093325
176,14,4463.596808
176,15,4458.410762
176,16,4390.476106
176,17,4365.517336
176,18,4362.287952
176,19,4354.738797
176,20,4310.861976
176,21,4277.504136
176,24,4208.523136
176,25,4190.506106
176,26,4165.046323
176,27,4072.481187
176,31,3985.517181
176,32,3947.588814
176,33,3884.950067
176,36,3849.636523
176,37,3821.842882
177,11,4771.064386
177,12,4599.340076
177,13,4552.093325
177,14,4463.596808
177,15,4458.410762
177,16,4390.476106
177,17,4365.517336
177,18,4362.287952
177,19,4354.738797
177,20,4310.861976
177,21,4277.504136
177,24,4208.523136
177,25,4190.506106
177,26,4165.046323
177,27,4072.481187
177,31,3985.517181
177,32,3947.588814
177,33,3884.950067
177,36,3849.636523
177,37,3821.842882
178,11,4771.064386
178,12,4599.340076
178,13,4552.093325
178,14,4463.596808
178,15,4458.410762
178,16,4390.476106
178,17,4365.517336
178,18,4362.287952
178,19,4344.650399
178,20,4310.861976
178,21,4271.450256
178,24,4208.523136
178,25,4190.506106
178,26,4165.046323
178,27,4072.481187
178,31,3985.517181
178,32,3947.588814
178,33,3884.950067
178,36,3849.636523
178,37,3821.842882
179,11,4627.924587
179,12,4589.809699
179,13,4552.093325
179,14,4463.596808
179,15,4458.410762
179,16,4390.476106
179,17,4287.063310
179,21,4271.450256
179,23,4253.049086
179,24,4208.523136
179,25,4190.506106
179,26,4165.046323
179,27,4072.481187
179,31,3985.517181
179,32,3947.588814
179,33,3884.950067
179,36,3849.636523
179,37,3821.842882
180,11,4627.924587
180,12,4589.809699
180,13,4552.093325
180,14,4463.596808
180,15,4458.410762
180,16,4390.476106
180,17,4287.063310
180,21,4271.450256
180,23,4208.950330
180,24,4208.523136
180,25,4140.945627
180,27,4072.481187
180,31,3985.508594
180,32,3942.213897
180,33,3881.558468
180,36,3849.636523
180,37,3814.854625
181,11,4627.924587
181,12,4585.226894
181,13,4552.093325
181,14,4463.596808
181,15,4458.410762
181,16,4390.476106
181,17,4287.063310
181,21,4271.450256
181,23,4208.950330
181,24,4208.523136
181,25,4140.945627
181,26,4108.806576
181,27,4072.481187
181,31,3985.508594
181,32,3942.213897
181,33,3881.558468
181,36,3849.636523
181,37,3814.854625
182,11,4627.924587
182,12,4585.226894
182,13,4552.093325
182,14,4463.596808
182,15,4435.167359
182,16,4390.476106
182,17,4287.063310
182,20,4263.447324
182,23,4208.950330
182,24,4208.523136
182,25,4140.945627
182,26,4108.806576
182,27,4072.481187
182,31,3985.508594
182,32,3942.213897
182,33,3881.558468
182,36,3849.636523
182,37,3814.854625
183,11,4627.924587
183,12,4585.226894
183,13,4552.093325
183,14,4463.596808
183,15,4435.167359
183,16,4390.476106
183,17,4287.063310
183,19,4281.451191
183,20,4263.447324
183,21,4245.408023
183,23,4208.950330
183,24,4208.523136
183,25,4140.945627
183,26,4108.806576
183,27,4072.481187
183,31,3985.508594
183,32,3942.213897
183,33,3881.558468
183,36,3849.636523
183,37,3814.854625
184,11,4618.345033
184,12,4585.226894
184,13,4552.093325
184,14,4463.596808
184,15,4430.421569
184,16,4390.476106
184,17,4287.063310
184,19,4281.451191
184,20,4263.447324
184,21,4245.408023
184,23,4208.950330
184,24,4208.523136
184,25,4140.945627
184,26,4108.806576
184,27,4072.481187
184,31,3985.508594
184,32,3942.213897
184,33,3881.558468
184,36,3849.636523
184,37,3814.854625
185,11,4618.345033
185,12,4576.246839
185,13,4443.138595
185,15,4430.421569
185,16,4390.476106
185,17,4287.063310
185,19,4281.451191
185,20,4263.447324
185,21,4245.408023
185,23,4208.950330
185,24,4208.523136
185,25,4080.670532
185,27,4072.481187
185,31,3965.210412
185,32,3942.213897
185,33,3881.468771
185,36,3843.910716
185,37,3812.777035
186,11,4618.345033
186,12,4576.246839
186,13,4443.138595
186,15,4430.421569
186,16,4339.539372
186,17,4287.063310
186,19,4281.451191
186,20,4263.447324
186,21,4245.408023
186,22,4239.076885
186,23,4208.950330
186,24,4208.523136
186,25,4080.670532
186,27,4072.481187
186,31,3965.210412
186,32,3942.213897
186,33,3881.468771
186,36,3843.910716
186,37,3812.777035
187,11,4565.720116
187,13,4443.138595
187,15,4389.026062
187,16,4339.539372
187,17,4287.063310
187,19,4281.451191
187,20,4263.447324
187,21,4245.408023
187,22,4239.076885
187,23,4208.950330
187,24,4208.523136
187,25,4080.670532
187,27,4072.481187
187,31,3965.210412
187,32,3942.213897
187,33,3881.468771
187,36,3843.910716
187,37,3812.777035
188,11,4565.720116
188,13,4443.138595
188,15,4381.117273
188,16,4339.539372
188,17,4287.063310
188,19,4281.451191
188,20,4263.447324
188,21,4245.408023
188,22,4192.421664
188,25,4080.670532
188,27,4072.481187
188,31,3965.210412
188,32,3942.213897
188,33,3881.468771
188,36,3843.910716
188,37,3812.777035
189,11,4565.720116
189,13,4443.138595
189,15,4381.117273
189,16,4339.539372
189,17,4274.370286
189,20,4263.447324
189,21,4224.976137
189,22,4192.421664
189,25,4080.670532
189,27,4072.481187
189,31,3965.210412
189,32,3942.213897
189,33,3881.468771
189,36,3843.910716
189,37,3812.777035
190,10,5382.108596
190,11,4565.720116
190,13,4443.138595
190,14,4385.356094
190,15,4381.117273
190,16,4339.539372
190,17,4274.370286
190,20,4240.009717
190,21,4224.976137
190,22,4191.950608
190,25,4080.670532
190,27,4072.481187
190,31,3917.176108
190,33,3881.468771
190,36,3843.910716
190,37,3808.168756
191,10,5382.108596
191,11,4565.720116
191,13,4443.138595
191,14,4385.356094
191,15,4381.117273
191,16,4339.539372
191,17,4274.370286
191,20,4240.009717
191,21,4224.976137
191,22,4191.950608
191,25,4080.670532
191,27,4072.481187
191,31,3917.176108
191,33,3881.468771
191,36,3843.910716
191,37,3808.168756
192,10,5382.108596
192,11,4565.720116
192,13,4443.138595
192,14,4372.895803
192,15,4345.335006
192,16,4312.485968
192,17,4274.370286
192,19,4253.106242
192,20,4240.009717
192,21,4224.976137
192,22,4191.950608
192,25,4080.670532
192,27,4072.481187
192,31,3917.176108
192,33,3881.468771
192,36,3843.910716
192,37,3808.168756
193,10,5382.108596
193,11,4553.062497
193,13,4443.138595
193,14,4372.895803
193,15,4345.335006
193,16,4312.485968
193,17,4274.370286
193,19,4253.106242
193,20,4240.009717
193,21,4211.277187
193,22,4191.950608
193,25,4080.670532
193,27,4072.481187
193,30,4052.800866
193,31,3917.176108
193,33,3881.468771
193,36,3843.910716
193,37,3808.168756
194,10,5382.108596
194,11,4553.062497
194,13,4443.138595
194,14,4372.895803
194,15,4345.335006
194,16,4312.485968
194,17,4274.370286
194,18,4256.038017
194,19,4253.106242
194,20,4240.009717
194,21,4211.277187
194,22,4191.950608
194,25,4080.670532
194,27,4072.481187
194,30,4052.800866
194,31,3917.176108
194,33,3881.468771
194,35,3798.890252
195,10,5382.108596
195,11,4553.062497
195,13,4443.138595
195,14,4367.053322
195,15,4345.335006
195,16,4312.485968
195,17,4274.370286
195,18,4256.038017
195,19,4253.106242
195,20,4235.315920
195,21,4204.010276
195,22,4176.642457
195,25,4080.670532
195,27,4072.481187
195,30,4052.800866
195,31,3917.176108
195,33,3881.468771
195,35,3797.789480
196,10,5382.108596
196,11,4553.062497
196,13,4443.138595
196,14,4367.053322
196,15,4345.335006
196,16,4312.485968
196,17,4274.370286
196,18,4256.038017
196,19,4253.106242
196,20,4235.315920
196,21,4204.010276
196,22,4176.642457
196,25,4080.670532
196,27,4072.481187
196,30,4052.800866
196,31,3917.176108
196,33,3881.468771
196,35,3797.789480
197,10,5382.108596
197,11,4553.062497
197,12,4548.524952
197,13,4443.138595
197,14,4367.053322
197,15,4345.335006
197,16,4312.485968
197,17,4274.370286
197,18,4256.038017
197,19,4219.593340
197,21,4204.010276
197,22,4176.642457
197,25,4080.670532
197,27,4072.481187
197,30,4052.800866
197,31,3917.176108
197,33,3881.468771
197,35,3797.789480
198,10,5382.108596
198,11,4553.062497
198,12,4548.524952
198,13,4443.138595
198,14,4367.053322
198,15,4345.335006
198,16,4312.485968
198,17,4249.300893
198,19,4219.593340
198,21,4204.010276
198,22,4176.642457
198,25,4080.670532
198,27,4072.481187
198,30,4052.800866
198,31,3917.176108
198,32,3914.972253
198,33,3881.468771
198,35,3797.789480
199,10,5382.108596
199,11,4553.062497
199,12,4548.257228
199,13,4443.138595
199,14,4367.053322
199,15,4345.335006
199,16,4266.345647
199,17,4225.935380
199,19,4219.593340
199,21,4204.010276
199,22,4176.642457
199,25,4080.670532
199,27,4072.481187
199,30,4052.800866
199,31,3917.176108
199,32,3914.972253
199,33,3881.468771
199,35,3797.789480
200,10,5382.108596
200,11,4553.062497
200,12,4527.957814
200,13,4443.138595
200,14,4367.053322
200,15,4345.335006
200,16,4266.345647
200,17,4225.935380
200,19,4219.593340
200,21,4188.628465
200,22,4175.194044
200,25,4078.037283
200,27,4072.481187
200,30,4051.398350
200,31,3917.176108
200,32,3913.859667
200,33,3881.468771
200,35,3797.789480
201,10,5382.108596
201,11,4553.062497
201,12,4527.957814
201,13,4443.138595
201,14,4367.053322
201,15,4345.335006
201,16,4266.345647
201,17,4225.935380
201,19,4219.593340
201,20,4179.917649
201,22,4175.194044
201,25,4078.037283
201,27,4072.481187
201,30,4051.398350
201,31,3917.176108
201,32,3913.859667
201,33,3881.468771
201,35,3797.789480
202,10,5382.108596
202,11,4553.062497
202,12,4527.957814
202,13,4443.138595
202,14,4328.479173
202,16,4266.345647
202,17,4225.935380
202,19,4219.593340
202,20,4179.917649
202,22,4175.194044
202,25,4078.037283
202,27,4072.481187
202,30,4051.398350
202,31,3917.176108
202,32,3913.859667
202,33,3881.468771
202,35,3797.789480
203,10,5382.108596
203,11,4526.480421
203,13,4443.138595
203,14,4328.479173
203,16,4266.345647
203,17,4225.935380
203,19,4219.593340
203,20,4179.917649
203,22,4175.194044
203,25,4078.037283
203,27,4072.481187
203,30,4051.398350
203,31,3917.176108
203,32,3913.859667
203,33,3881.468771
203,35,3797.789480
204,10,5382.108596
204,11,4526.480421
204,13,4443.138595
204,14,4328.479173
204,16,4266.345647
204,17,4225.935380
204,19,4219.593340
204,20,4179.917649
204,22,4175.194044
204,25,4078.037283
204,27,4072.481187
204,30,4051.398350
204,31,3917.176108
204,32,3913.859667
204,33,3881.468771
204,35,3797.789480
204,38,3793.371434
205,10,5382.108596
205,11,4526.241820
205,13,4443.138595
205,14,4328.479173
205,15,4291.476965
205,16,4266.345647
205,17,4225.935380
205,19,4219.593340
205,20,4165.330796
205,25,4078.037283
205,26,4050.923742
205,30,4033.764754
205,31,3917.176108
205,32,3913.859667
205,33,3881.468771
205,35,3797.789480
205,38,3792.053274
206,10,5382.108596
206,11,4526.241820
206,12,4520.909635
206,13,4443.138595
206,14,4328.479173
206,15,4290.422676
206,16,4266.345647
206,17,4225.935380
206,19,4219.593340
206,20,4165.330796
206,25,4078.037283
206,26,4050.923742
206,30,4033.764754
206,31,3917.176108
206,32,3913.859667
206,33,3881.468771
206,35,3797.789480
206,38,3792.053274
207,10,5382.108596
207,11,4492.051898
207,13,4443.138595
207,14,4328.479173
207,15,4283.114847
207,16,4266.345647
207,17,4225.935380
207,19,4219.593340
207,20,4165.330796
207,25,4078.037283
207,26,4050.923742
207,30,4033.764754
207,31,3917.176108
207,32,3913.859667
207,33,3881.468771
207,35,3797.789480
207,38,3792.053274
207,42,3776.928030
208,10,5382.108596
208,11,4487.862823
208,13,4443.138595
208,14,4328.479173
208,15,4283.114847
208,16,4266.345647
208,17,4225.935380
208,19,4219.593340
208,20,4165.330796
208,25,4078.037283
208,26,4050.923742
208,30,4033.764754
208,31,3917.176108
208,32,3913.859667
208,33,3881.468771
208,35,3797.789480
208,36,3797.208538
208,38,3792.053274
208,42,3776.928030
209,10,5382.108596
209,11,4485.412949
209,12,4447.385896
209,13,4443.138595
209,14,4328.479173
209,15,4283.114847
209,16,4266.345647
209,17,4225.935380
209,19,4219.593340
209,20,4165.330796
209,25,4078.037283
209,26,4050.923742
209,30,4033.764754
209,31,3917.176108
209,32,3913.859667
209,33,3881.468771
209,35,3797.789480
209,36,3797.208538
209,38,3792.053274
209,42,3776.928030
210,10,5382.108596
210,11,4461.815608
210,12,4447.385896
210,13,4443.138595
210,14,4328.479173
210,15,4283.114847
210,16,4266.345647
210,17,4225.935380
210,18,4220.436542
210,19,4219.593340
210,20,4165.330796
210,25,4078.037283
210,26,4049.902981
210,30,4033.764754
210,31,3917.176108
210,32,3892.359110
210,33,3881.009852
210,35,3797.789480
210,36,3797.208538
210,37,3791.575499
210,42,3776.928030
211,10,5382.108596
211,11,4461.815608
211,12,4447.385896
211,13,4443.138595
211,14,4320.128637
211,15,4272.607304
211,16,4264.573582
211,17,4225.935380
211,18,4220.436542
211,19,4219.593340
211,20,4165.330796
211,25,4078.037283
211,26,4049.902981
211,30,4033.764754
211,31,3917.176108
211,32,3892.359110
211,33,3881.009852
211,34,3831.690888
211,35,3797.789480
211,36,3797.208538
211,37,3791.575499
211,42,3776.928030
212,10,5382.108596
212,11,4461.815608
212,12,4447.385896
212,13,4419.919778
212,14,4320.128637
212,15,4272.607304
212,16,4264.573582
212,17,4225.935380
212,18,4211.789091
212,20,4165.330796
212,25,4078.037283
212,26,4049.902981
212,30,4033.764754
212,31,3917.176108
212,32,3892.359110
212,33,3881.009852
212,34,3831.690888
212,35,3797.789480
212,36,3797.208538
212,37,3791.575499
212,42,3776.928030
213,10,5382.108596
213,11,4461.815608
213,12,4447.385896
213,13,4419.919778
213,14,4320.128637
213,15,4272.607304
213,16,4264.573582
213,17,4225.935380
213,18,4211.789091
213,20,4165.330796
213,25,4078.037283
213,26,4049.902981
213,30,4033.764754
213,31,3917.176108
213,32,3892.359110
213,33,3881.009852
213,34,3831.690888
213,35,3797.789480
213,36,3797.208538
213,37,3791.575499
213,41,3786.373231
213,42,3776.928030
214,10,5382.108596
214,11,4461.815608
214,12,4447.385896
214,13,4419.919778
214,14,4320.128637
214,15,4272.607304
214,16,4264.573582
214,17,4225.935380
214,18,4211.789091
214,20,4165.330796
214,25,4078.037283
214,26,4049.902981
214,30,4033.764754
214,31,3917.176108
214,32,3892.359110
214,33,3876.753270
214,34,3831.690888
214,35,3797.789480
214,36,3797.208538
214,37,3791.575499
214,41,3786.373231
214,42,3776.928030
215,10,5382.108596
215,11,4461.815608
215,12,4446.954565
215,13,4419.919778
215,14,4320.128637
215,15,4272.607304
215,16,4264.573582
215,17,4225.935380
215,18,4211.789091
215,20,4165.330796
215,22,4147.623195
215,25,4078.037283
215,26,4049.902981
215,30,3942.218215
215,31,3917.176108
215,32,3892.359110
215,33,3876.753270
215,34,3821.036041
215,35,3796.831764
215,37,3791.575499
215,41,3771.416231
216,10,5382.108596
216,11,4461.815608
216,12,4446.954565
216,13,4419.919778
216,14,4320.128637
216,15,4272.607304
216,16,4226.676005
216,17,4225.935380
216,18,4211.789091
216,19,4202.752623
216,20,4165.330796
216,22,4147.623195
216,25,4078.037283
216,26,4049.902981
216,30,3942.218215
216,31,3917.176108
216,32,3892.359110
216,33,3876.753270
216,34,3821.036041
216,35,3796.831764
216,37,3791.575499
216,41,3771.416231
217,10,5382.108596
217,11,4461.815608
217,12,4446.954565
217,13,4419.919778
217,14,4320.128637
217,15,4272.607304
217,16,4226.676005
217,17,4225.935380
217,18,4211.789091
217,19,4202.752623
217,20,4165.330796
217,21,4152.522500
217,22,4147.623195
217,25,4078.037283
217,26,4049.902981
217,30,3942.218215
217,31,3917.176108
217,32,3892.359110
217,33,3876.753270
217,34,3821.036041
217,35,3796.831764
217,37,3791.575499
217,41,3771.416231
218,10,5382.108596
218,11,4461.815608
218,12,4446.954565
218,13,4405.048542
218,14,4320.128637
218,15,4272.607304
218,16,4226.676005
218,17,4225.935380
218,18,4206.614441
218,19,4202.752623
218,20,4165.330796
218,21,4152.522500
218,22,4147.623195
218,25,4078.037283
218,26,4049.902981
218,30,3942.218215
218,31,3917.176108
218,32,3892.359110
218,33,3876.753270
218,34,3821.036041
218,35,3796.831764
218,37,3791.575499
218,41,3771.416231
219,10,5382.108596
219,11,4461.815608
219,12,4446.954565
219,13,4405.048542
219,14,4320.128637
219,15,4272.607304
219,16,4226.676005
219,17,4225.935380
219,18,4206.614441
219,19,4202.752623
219,20,4165.330796
219,21,4152.522500
219,22,4147.623195
219,25,4078.037283
219,26,4049.902981
219,30,3942.218215
219,31,3917.176108
219,32,3892.359110
219,33,3876.753270
219,34,3821.036041
219,35,3796.831764
219,37,3791.575499
219,41,3771.416231
220,10,5382.108596
220,11,4461.815608
220,12,4437.326803
220,13,4405.048542
220,14,4320.128637
220,15,4272.607304
220,16,4226.676005
220,17,4217.384313
220,18,4206.614441
220,19,4202.752623
220,20,4165.330796
220,21,4152.522500
220,22,4147.623195
220,25,4078.037283
220,26,4049.902981
220,30,3942.218215
220,31,3917.176108
220,32,3869.136201
220,34,3816.150181
220,35,3796.831764
220,37,3779.616171
220,41,3770.807700
221,10,5382.108596
221,11,4461.815608
221,12,4437.326803
221,13,4405.048542
221,14,4320.128637
221,15,4272.607304
221,16,4226.676005
221,17,4217.384313
221,18,4206.614441
221,19,4196.373495
221,20,4165.330796
221,21,4152.522500
221,22,4147.623195
221,25,4078.037283
221,26,4049.902981
221,30,3942.218215
221,31,3917.176108
221,32,3869.136201
221,34,3816.150181
221,35,3796.831764
221,37,3779.616171
221,39,3773.798357
221,41,3770.807700
222,10,5382.108596
222,11,4460.606707
222,12,4437.326803
222,13,4401.115125
222,14,4311.071614
222,15,4272.607304
222,16,4226.676005
222,17,4217.384313
222,18,4206.614441
222,19,4196.373495
222,20,4165.330796
222,21,4152.522500
222,22,4147.623195
222,25,4078.037283
222,26,4049.902981
222,30,3942.218215
222,31,3917.176108
222,32,3869.136201
222,34,3816.150181
222,35,3796.831764
222,37,3779.616171
222,39,3773.798357
222,41,3770.807700
223,10,5382.108596
223,11,4460.606707
223,12,4437.326803
223,13,4378.787723
223,14,4311.071614
223,15,4272.607304
223,16,4226.676005
223,17,4217.384313
223,18,4206.614441
223,19,4196.373495
223,20,4165.330796
223,21,4152.522500
223,22,4145.352326
223,23,4128.630065
223,24,4124.199952
223,25,4078.037283
223,26,4049.902981
223,27,4040.242403
223,30,3942.218215
223,31,3917.176108
223,32,3869.136201
223,34,3816.150181
223,35,3796.831764
223,37,3764.912951
224,10,5382.108596
224,11,4460.606707
224,12,4420.412226
224,13,4378.787723
224,14,4311.071614
224,15,4272.607304
224,16,4226.676005
224,17,4217.384313
224,18,4206.614441
224,19,4196.373495
224,20,4165.330796
224,21,4152.522500
224,22,4145.352326
224,23,4128.630065
224,24,4092.979985
224,25,4078.037283
224,26,4049.902981
224,27,4040.242403
224,30,3942.218215
224,31,3917.176108
224,32,3869.136201
224,34,3816.150181
224,35,3796.831764
224,37,3764.912951
225,10,5382.108596
225,11,4460.606707
225,12,4420.412226
225,13,4378.787723
225,14,4311.071614
225,15,4272.607304
225,16,4226.676005
225,17,4217.384313
225,18,4206.614441
225,19,4196.373495
225,20,4165.330796
225,21,4152.522500
225,22,4145.352326
225,23,4128.630065
225,24,4070.575588
225,26,4048.342336
225,27,4040.242403
225,30,3929.905442
225,31,3908.944954
225,32,3858.098101
225,34,3816.150181
225,35,3796.831764
225,37,3764.912951
226,10,5382.108596
226,11,4460.606707
226,12,4420.412226
226,13,4378.787723
226,14,4311.071614
226,15,4272.607304
226,16,4226.676005
226,17,4217.384313
226,18,4206.614441
226,19,4196.373495
226,20,4165.330796
226,21,4136.099427
226,23,4128.630065
226,24,4070.575588
226,26,4048.342336
226,27,4040.242403
226,30,3929.905442
226,31,3908.944954
226,32,3858.098101
226,34,3816.150181
226,35,3796.831764
226,36,3792.535650
226,37,3764.912951
227,10,5382.108596
227,11,4460.606707
227,12,4420.412226
227,13,4378.787723
227,14,4309.429573
227,15,4272.607304
227,16,4220.753841
227,17,4217.384313
227,18,4206.614441
227,19,4196.373495
227,20,4165.330796
227,21,4136.099427
227,23,4084.122132
227,24,4070.575588
227,26,4048.342336
227,27,4040.242403
227,30,3929.905442
227,31,3908.944954
227,32,3858.098101
227,34,3816.150181
227,35,3793.282231
227,36,3783.779794
227,37,3764.912951
228,10,5382.108596
228,11,4460.606707
228,12,4420.412226
228,13,4378.787723
228,14,4309.429573
228,15,4272.607304
228,16,4220.753841
228,17,4217.384313
228,18,4206.614441
228,19,4196.373495
228,20,4165.330796
228,21,4130.006342
228,23,4084.122132
228,24,4070.575588
228,26,4048.342336
228,27,4040.242403
228,30,3929.905442
228,31,3908.944954
228,32,3858.098101
228,34,3816.150181
228,35,3793.282231
228,36,3783.779794
228,37,3764.912951
229,10,5382.108596
229,11,4460.606707
229,12,4420.412226
229,13,4378.787723
229,14,4309.429573
229,15,4272.607304
229,16,4220.753841
229,17,4217.384313
229,18,4206.614441
229,19,4196.373495
229,20,4165.330796
229,21,4096.825042
229,23,4084.122132
229,24,4070.575588
229,26,4048.342336
229,27,4040.242403
229,30,3929.905442
229,31,3908.944954
229,32,3858.098101
229,34,3816.150181
229,35,3793.282231
229,36,3783.779794
229,37,3764.912951
230,10,5382.108596
230,11,4460.606707
230,12,4420.412226
230,13,4378.787723
230,14,4309.429573
230,15,4272.607304
230,16,4220.753841
230,17,4193.288387
230,18,4161.740216
230,21,4096.825042
230,23,4084.122132
230,24,4042.703012
230,27,4040.242403
230,30,3906.480902
230,32,3858.098101
230,34,3816.150181
230,35,3776.677881
230,37,3764.912951
231,10,5382.108596
231,11,4460.606707
231,12,4420.191095
231,13,4378.787723
231,14,4309.429573
231,15,4272.607304
231,16,4220.753841
231,17,4193.288387
231,18,4161.740216
231,20,4141.813335
231,21,4096.825042
231,23,4084.122132
231,24,4042.703012
231,27,4040.242403
231,30,3906.480902
231,32,3858.098101
231,34,3816.150181
231,35,3776.677881
231,37,3764.912951
232,10,5382.108596
232,11,4421.832346
232,12,4420.191095
232,13,4378.787723
232,14,4309.429573
232,15,4272.607304
232,16,4220.753841
232,17,4193.288387
232,18,4161.740216
232,20,4139.042992
232,21,4096.825042
232,23,4084.122132
232,24,4042.703012
232,27,4040.242403
232,30,3906.480902
232,32,3858.098101
232,34,3816.150181
232,35,3776.677881
232,37,3764.912951
233,10,5382.108596
233,11,4421.832346
233,12,4420.191095
233,13,4378.787723
233,14,4309.429573
233,15,4272.607304
233,16,4220.753841
233,17,4193.288387
233,18,4161.740216
233,20,4121.345055
233,21,4091.626904
233,23,4084.122132
233,24,4042.703012
233,27,4040.242403
233,30,3906.480902
233,32,3858.098101
233,34,3816.150181
233,35,3776.677881
233,37,3764.912951
234,10,5382.108596
234,11,4421.832346
234,12,4420.191095
234,13,4378.787723
234,14,4309.429573
234,15,4272.607304
234,16,4220.753841
234,17,4193.288387
234,18,4161.740216
234,20,4121.345055
234,21,4091.626904
234,23,4084.122132
234,24,4042.703012
234,27,4040.242403
234,30,3906.480902
234,32,3858.098101
234,34,3816.150181
234,35,3776.677881
234,37,3764.912951
235,10,5382.108596
235,11,4421.832346
235,12,4420.191095
235,13,4378.787723
235,14,4309.429573
235,15,4272.607304
235,16,4220.753841
235,17,4193.288387
235,18,4161.740216
235,20,4121.345055
235,21,4091.626904
235,23,4080.171693
235,24,4042.703012
235,27,4040.242403
235,30,3904.566087
235,32,3856.845351
235,34,3815.166197
235,35,3763.107921
236,10,5382.108596
236,11,4421.832346
236,12,4420.191095
236,13,4378.787723
236,14,4309.429573
236,15,4272.607304
236,16,4220.753841
236,17,4193.288387
236,18,4161.740216
236,19,4131.750058
236,20,4121.345055
236,21,4091.626904
236,23,4080.171693
236,24,4042.703012
236,27,4040.242403
236,29,4026.587589
236,30,3904.566087
236,32,3856.845351
236,34,3787.736357
236,35,3763.107921
237,10,5382.108596
237,11,4421.832346
237,12,4420.191095
237,13,4378.787723
237,14,4309.429573
237,15,4272.607304
237,16,4220.753841
237,17,4193.288387
237,18,4161.740216
237,19,4131.750058
237,20,4121.345055
237,21,4091.626904
237,23,4080.171693
237,24,4042.703012
237,27,4040.242403
237,29,4026.587589
237,30,3904.566087
237,32,3856.845351
237,34,3787.736357
237,35,3763.107921
238,10,5382.108596
238,11,4421.832346
238,12,4414.825543
238,13,4378.787723
238,14,4309.429573
238,15,4272.607304
238,16,4220.753841
238,17,4193.288387
238,18,4161.740216
238,19,4131.750058
238,20,4121.345055
238,21,4091.626904
238,23,4080.171693
238,24,4042.703012
238,27,4040.242403
238,29,4026.587589
238,30,3904.566087
238,32,3856.845351
238,34,3787.736357
238,35,3763.107921
239,10,5382.108596
239,11,4421.832346
239,12,4414.825543
239,13,4378.787723
239,14,4309.429573
239,15,4272.607304
239,16,4220.753841
239,17,4193.288387
239,18,4161.740216
239,19,4131.750058
239,20,4121.345055
239,21,4091.626904
239,23,4080.171693
239,24,4042.703012
239,27,4040.242403
239,29,4026.587589
239,30,3904.566087
239,32,3856.845351
239,34,3787.736357
239,35,3763.107921
240,10,5382.108596
240,11,4421.832346
240,12,4414.825543
240,13,4378.787723
240,14,4309.429573
240,15,4272.607304
240,16,4220.753841
240,17,4193.288387
240,18,4161.740216
240,19,4131.750058
240,20,4121.345055
240,21,4086.216335
240,23,4080.171693
240,24,4042.703012
240,27,4031.938736
240,29,4012.870899
240,30,3904.389982
240,32,3852.735576
240,34,3787.736357
240,35,3762.928726
241,10,5382.108596
241,11,4421.832346
241,12,4414.825543
241,13,4378.787723
241,14,4301.256458
241,15,4272.607304
241,16,4220.753841
241,17,4193.288387
241,18,4161.740216
241,19,4127.004358
241,20,4087.854495
241,21,4086.216335
241,23,4080.171693
241,24,4042.703012
241,27,4031.938736
241,29,4012.870899
241,30,3904.389982
241,32,3852.735576
241,34,3787.736357
241,35,3762.928726
242,10,5382.108596
242,11,4421.832346
242,12,4396.880118
242,13,4378.787723
242,14,4301.256458
242,15,4272.607304
242,16,4220.753841
242,17,4193.288387
242,18,4161.740216
242,19,4127.004358
242,20,4087.854495
242,21,4086.216335
242,23,4080.171693
242,24,4042.703012
242,27,4031.938736
242,29,4012.870899
242,30,3904.389982
242,32,3852.735576
242,34,3787.736357
242,35,3762.928726
243,10,5382.108596
243,11,4421.832346
243,12,4396.880118
243,13,4378.787723
243,14,4275.723798
243,15,4272.607304
243,16,4220.753841
243,17,4193.288387
243,18,4161.740216
243,19,4127.004358
243,20,4087.854495
243,21,4086.216335
243,23,4075.967530
243,24,4042.703012
243,27,4029.243328
243,29,3952.201661
243,30,3904.389982
243,32,3852.735576
243,34,3787.736357
243,35,3762.928726
244,10,5382.108596
244,11,4421.832346
244,12,4391.245916
244,13,4378.787723
244,14,4275.723798
244,15,4259.220973
244,16,4220.753841
244,17,4193.288387
244,18,4156.895781
244,19,4127.004358
244,20,4087.854495
244,21,4086.216335
244,23,4075.967530
244,24,4042.703012
244,27,4029.243328
244,29,3952.201661
244,30,3904.389982
244,32,3852.735576
244,34,3787.736357
244,35,3762.928726
245,10,5382.108596
245,11,4421.832346
245,12,4391.245916
245,13,4378.787723
245,14,4275.723798
245,15,4259.220973
245,16,4220.753841
245,17,4193.288387
245,18,4156.895781
245,19,4127.004358
245,20,4074.920649
245,23,4070.785435
245,24,4035.837251
245,27,4029.243328
245,29,3952.201661
245,30,3902.568870
245,32,3852.466547
245,34,3786.943795
245,35,3761.393296
246,10,5382.108596
246,11,4421.832346
246,12,4391.245916
246,13,4352.010705
246,14,4275.723798
246,15,4259.220973
246,16,4220.753841
246,17,4193.288387
246,18,4156.895781
246,19,4127.004358
246,20,4074.920649
246,23,4070.785435
246,24,4035.837251
246,27,4029.243328
246,29,3952.201661
246,30,3902.568870
246,32,3852.466547
246,34,3786.943795
246,35,3761.393296
247,10,5382.108596
247,11,4421.832346
247,12,4391.245916
247,13,4352.010705
247,14,4275.723798
247,15,4257.602339
247,16,4220.753841
247,17,4193.288387
247,18,4156.895781
247,19,4127.004358
247,20,4074.920649
247,21,4058.441267
247,24,4035.837251
247,27,4029.243328
247,29,3952.201661
247,30,3902.568870
247,32,3852.466547
247,34,3786.943795
247,35,3761.393296
248,10,5382.108596
248,11,4421.832346
248,12,4391.245916
248,13,4352.010705
248,14,4275.723798
248,15,4257.602339
248,16,4220.753841
248,17,4193.288387
248,18,4156.895781
248,19,4127.004358
248,20,4074.920649
248,21,4058.441267
248,24,4035.837251
248,27,4029.243328
248,29,3952.201661
248,30,3902.568870
248,32,3852.466547
248,34,3784.936866
248,35,3761.393296
249,10,5382.108596
249,11,4421.832346
249,12,4391.245916
249,13,4348.081540
249,14,4275.723798
249,15,4257.602339
249,16,4220.753841
249,17,4193.288387
249,18,4156.895781
249,19,4127.004358
249,20,4074.920649
249,21,4058.441267
249,24,4035.837251
249,27,4029.243328
249,29,3952.201661
249,30,3902.568870
249,32,3852.466547
249,34,3784.936866
249,35,3761.393296
250,10,5382.108596
250,11,4421.832346
250,12,4391.245916
250,13,4348.081540
250,14,4275.723798
250,15,4257.602339
250,16,4220.753841
250,17,4193.288387
250,18,4156.895781
250,19,4127.004358
250,20,4051.731407
250,21,4047.736379
250,24,4035.837251
250,27,4024.192254
250,28,4015.180887
250,29,3952.201661
250,30,3882.980604
250,32,3852.466547
250,34,3783.898209
250,35,3761.393296
251,10,5382.108596
251,11,4421.832346
251,12,4391.245916
251,13,4348.081540
251,14,4275.723798
251,15,4257.602339
251,16,4220.753841
251,17,4193.288387
251,18,4156.895781
251,19,4127.004358
251,20,4051.731407
251,21,4047.736379
251,24,4035.837251
251,27,4024.192254
251,28,4015.180887
251,29,3952.201661
251,30,3882.980604
251,32,3852.466547
251,34,3783.898209
251,35,3761.393296
252,10,5382.108596
252,11,4421.832346
252,12,4391.245916
252,13,4348.081540
252,14,4275.723798
252,15,4257.602339
252,16,4220.753841
252,17,4193.288387
252,18,4156.895781
252,19,4127.004358
252,20,4051.731407
252,21,4047.736379
252,24,4035.837251
252,27,4024.192254
252,28,4015.180887
252,29,3952.201661
252,30,3882.980604
252,32,3852.466547
252,34,3783.898209
252,35,3761.393296
253,10,5382.108596
253,11,4421.832346
253,12,4387.180002
253,13,4348.081540
253,14,4275.723798
253,15,4257.602339
253,16,4220.753841
253,17,4193.288387
253,18,4156.895781
253,19,4127.004358
253,20,4051.731407
253,21,4047.736379
253,24,4035.837251
253,26,3997.692891
253,29,3952.201661
253,30,3882.980604
253,32,3852.466547
253,34,3783.898209
253,35,3761.393296
254,10,5382.108596
254,11,4421.832346
254,12,4387.180002
254,13,4348.081540
254,14,4275.723798
254,15,4257.602339
254,16,4220.753841
254,17,4193.288387
254,18,4156.895781
254,19,4127.004358
254,20,4051.731407
254,21,4047.736379
254,24,4035.837251
254,26,3997.692891
254,29,3952.201661
254,30,3882.980604
254,32,3852.466547
254,34,3783.898209
254,35,3761.393296
255,10,5382.108596
255,11,4421.832346
255,12,4387.180002
255,13,4348.081540
255,14,4275.723798
255,15,4257.602339
255,16,4220.753841
255,17,4193.288387
255,18,4156.895781
255,19,4109.386400
255,20,4051.731407
255,21,4047.395356
255,24,4034.340693
255,26,3995.099252
255,29,3952.201661
255,30,3882.980604
255,31,3845.322794
255,33,3780.011499
255,35,3761.393296
256,10,5382.108596
256,11,4421.832346
256,12,4387.180002
256,13,4348.081540
256,14,4266.845749
256,15,4257.602339
256,16,4220.753841
256,17,4193.288387
256,18,4156.895781
256,19,4109.386400
256,20,4051.731407
256,21,4047.395356
256,24,4034.340693
256,25,4013.510955
256,26,3995.099252
256,29,3952.201661
256,30,3882.980604
256,31,3845.322794
256,33,3780.011499
256,35,3761.393296
257,10,5382.108596
257,11,4421.832346
257,12,4387.180002
257,13,4348.081540
257,14,4266.845749
257,15,4257.602339
257,16,4220.753841
257,17,4192.197239
257,18,4156.895781
257,19,4109.386400
257,20,4051.731407
257,21,4047.395356
257,24,4034.340693
257,25,4013.510955
257,26,3995.099252
257,29,3952.201661
257,30,3882.980604
257,31,3845.322794
257,33,3780.011499
257,35,3761.393296
258,10,5382.108596
258,11,4421.832346
258,12,4387.180002
258,13,4348.081540
258,14,4266.845749
258,15,4257.602339
258,16,4220.753841
258,17,4192.197239
258,18,4156.895781
258,19,4109.386400
258,20,4051.731407
258,21,4047.395356
258,24,4034.340693
258,25,4013.510955
258,26,3995.099252
258,29,3952.201661
258,30,3882.980604
258,31,3845.322794
258,33,3780.011499
258,35,3761.393296
259,10,5382.108596
259,11,4421.832346
259,12,4387.180002
259,13,4348.081540
259,14,4266.845749
259,15,4257.602339
259,16,4220.753841
259,17,4192.197239
259,18,4156.895781
259,19,4109.386400
259,20,4051.731407
259,21,4047.395356
259,24,4034.340693
259,25,4013.510955
259,26,3995.099252
259,29,3952.201661
259,30,3882.980604
259,31,3845.322794
259,33,3780.011499
259,35,3761.393296
260,10,5382.108596
260,11,4421.832346
260,12,4375.646717
260,13,4333.015548
260,14,4266.845749
260,15,4257.602339
260,16,4220.753841
260,17,4192.197239
260,18,4156.730007
260,19,4109.386400
260,20,4051.731407
260,21,4047.395356
260,22,4028.894548
260,25,4001.689430
260,26,3987.209431
260,28,3930.144192
260,30,3882.269448
260,31,3845.322794
260,33,3776.433789
260,35,3761.393296
261,10,5382.108596
261,11,4421.832346
261,12,4375.646717
261,13,4333.015548
261,14,4266.845749
261,15,4257.602339
261,16,4220.532188
261,17,4192.197239
261,18,4156.730007
261,19,4109.386400
261,20,4051.731407
261,21,4047.395356
261,22,4028.894548
261,25,4001.689430
261,26,3987.209431
261,27,3980.792622
261,28,3930.144192
261,30,3882.269448
261,31,3845.322794
261,33,3776.433789
261,35,3761.393296
262,10,5382.108596
262,11,4421.832346
262,12,4375.646717
262,13,4333.015548
262,14,4266.845749
262,15,4257.602339
262,16,4220.532188
262,17,4192.197239
262,18,4156.730007
262,19,4109.386400
262,20,4051.731407
262,21,4047.395356
262,22,4028.894548
262,24,4022.272099
262,25,3999.505791
262,26,3970.251013
262,28,3930.144192
262,30,3882.269448
262,31,3845.322794
262,33,3776.433789
262,35,3761.393296
263,10,5382.108596
263,11,4421.832346
263,12,4375.646717
263,13,4333.015548
263,14,4266.845749
263,15,4239.373460
263,16,4220.532188
263,17,4192.197239
263,18,4156.730007
263,19,4074.847455
263,20,4051.731407
263,21,4047.395356
263,22,4028.894548
263,24,4022.272099
263,25,3999.505791
263,26,3970.251013
263,28,3930.144192
263,30,3882.269448
263,31,3845.322794
263,33,3776.433789
263,35,3761.393296
264,10,5382.108596
264,11,4421.832346
264,12,4375.646717
264,13,4333.015548
264,14,4266.845749
264,15,4239.373460
264,16,4220.532188
264,17,4192.197239
264,18,4156.730007
264,19,4074.847455
264,20,4051.731407
264,21,4047.395356
264,22,4011.587186
264,25,3999.505791
264,26,3970.251013
264,28,3930.144192
264,30,3882.269448
264,31,3845.322794
264,33,3776.433789
264,35,3761.393296
265,10,5382.108596
265,11,4421.832346
265,12,4375.646717
265,13,4324.621890
265,14,4263.831736
265,15,4239.373460
265,16,4220.532188
265,17,4192.197239
265,18,4156.730007
265,19,4074.847455
265,20,4051.731407
265,21,4045.236615
265,22,4011.587186
265,25,3982.970636
265,26,3970.251013
265,28,3925.611135
265,29,3914.311404
265,30,3882.269448
265,31,3844.299753
265,33,3774.933023
265,34,3759.896527
266,10,5382.108596
266,11,4421.832346
266,12,4375.646717
266,13,4324.621890
266,14,4263.831736
266,15,4239.373460
266,16,4220.532188
266,17,4192.197239
266,18,4147.314422
266,19,4074.847455
266,20,4051.731407
266,21,4045.236615
266,22,4011.587186
266,23,4001.019223
266,25,3982.970636
266,26,3970.251013
266,27,3951.678949
266,28,3925.611135
266,29,3914.311404
266,30,3882.269448
266,31,3844.299753
266,33,3774.933023
266,34,3759.896527
267,10,5382.108596
267,11,4421.832346
267,12,4375.646717
267,13,4324.621890
267,14,4263.831736
267,15,4239.373460
267,16,4203.186739
267,17,4192.197239
267,18,4147.314422
267,19,4064.232670
267,20,4051.731407
267,21,4045.236615
267,22,4011.587186
267,23,4001.019223
267,25,3982.970636
267,26,3970.251013
267,27,3951.678949
267,28,3925.611135
267,29,3914.311404
267,30,3882.269448
267,31,3844.299753
267,33,3774.933023
267,34,3759.896527
267,35,3751.112616
268,10,5382.108596
268,11,4421.832346
268,12,4375.646717
268,13,4324.621890
268,14,4263.831736
268,15,4239.373460
268,16,4203.186739
268,17,4192.197239
268,18,4147.314422
268,19,4064.232670
268,20,4051.731407
268,21,4045.236615
268,22,4011.587186
268,23,4001.019223
268,25,3982.970636
268,26,3970.251013
268,27,3951.678949
268,28,3925.611135
268,29,3914.311404
268,30,3882.269448
268,31,3844.299753
268,33,3774.933023
268,34,3759.896527
268,35,3751.112616
269,10,5382.108596
269,11,4421.832346
269,12,4375.646717
269,13,4322.599527
269,14,4263.831736
269,15,4239.373460
269,16,4198.391238
269,17,4192.197239
269,18,4147.314422
269,19,4064.232670
269,20,4051.731407
269,21,4044.708992
269,22,4011.587186
269,23,4001.019223
269,25,3982.970636
269,26,3970.251013
269,27,3951.678949
269,28,3925.611135
269,29,3914.311404
269,30,3882.269448
269,31,3844.299753
269,33,3774.933023
269,34,3759.896527
269,35,3751.112616
270,10,5382.108596
270,11,4421.832346
270,12,4375.646717
270,13,4322.599527
270,14,4257.676992
270,15,4232.489182
270,16,4198.391238
270,17,4192.197239
270,18,4147.314422
270,19,4064.232670
270,20,4051.731407
270,21,4044.708992
270,22,4011.587186
270,23,4001.019223
270,25,3982.970636
270,26,3958.616631
270,27,3951.643766
270,28,3925.611135
270,29,3895.408526
270,30,3882.269448
270,31,3840.996143
270,33,3774.933023
270,34,3759.896527
270,35,3751.112616
271,10,5382.108596
271,11,4421.832346
271,12,4375.646717
271,13,4322.599527
271,14,4257.676992
271,15,4232.489182
271,16,4198.391238
271,17,4192.197239
271,18,4147.314422
271,19,4064.232670
271,20,4051.731407
271,21,4044.708992
271,22,4011.587186
271,23,4001.019223
271,25,3982.970636
271,26,3958.616631
271,27,3951.643766
271,28,3925.611135
271,29,3895.408526
271,30,3882.269448
271,31,3840.996143
271,33,3774.933023
271,34,3759.896527
271,35,3751.112616
272,10,5382.108596
272,11,4421.832346
272,12,4375.646717
272,13,4322.599527
272,14,4257.676992
272,15,4232.489182
272,16,4198.391238
272,17,4192.197239
272,18,4147.314422
272,19,4064.232670
272,20,4051.731407
272,21,4044.708992
272,22,4011.587186
272,23,4001.019223
272,25,3982.970636
272,26,3958.616631
272,27,3951.643766
272,28,3925.611135
272,29,3895.408526
272,30,3882.269448
272,31,3840.996143
272,33,3774.933023
272,34,3759.896527
272,35,3751.112616
273,10,5382.108596
273,11,4421.832346
273,12,4375.646717
273,13,4322.599527
273,14,4257.676992
273,15,4232.489182
273,16,4198.391238
273,17,4192.197239
273,18,4147.314422
273,19,4064.232670
273,20,4050.341893
273,21,4013.704359
273,22,4011.587186
273,23,4001.019223
273,25,3982.970636
273,26,3958.616631
273,27,3951.643766
273,28,3925.611135
273,29,3895.408526
273,30,3882.269448
273,31,3840.996143
273,33,3774.933023
273,34,3759.896527
273,35,3751.112616
274,10,5382.108596
274,11,4421.832346
274,12,4375.646717
274,13,4322.599527
274,14,4257.676992
274,15,4232.489182
274,16,4198.391238
274,17,4181.720895
274,18,4147.314422
274,19,4064.232670
274,20,4050.341893
274,21,4013.704359
274,22,4011.587186
274,23,4001.019223
274,25,3982.970636
274,26,3958.616631
274,27,3951.643766
274,28,3925.611135
274,29,3895.408526
274,30,3882.269448
274,31,3840.996143
274,33,3774.933023
274,34,3759.896527
274,35,3751.112616
275,10,5382.108596
275,11,4421.832346
275,12,4375.646717
275,13,4322.599527
275,14,4257.676992
275,15,4232.489182
275,16,4198.391238
275,17,4181.720895
275,18,4147.314422
275,19,4064.232670
275,20,4050.341893
275,21,4013.704359
275,22,4011.587186
275,23,4001.019223
275,25,3982.057671
275,26,3950.835635
275,27,3946.594367
275,28,3913.573371
275,29,3892.673182
275,30,3882.269448
275,31,3835.721185
275,33,3774.933023
275,34,3759.896527
275,35,3751.112616
276,10,5382.108596
276,11,4421.832346
276,12,4375.646717
276,13,4322.599527
276,14,4257.676992
276,15,4232.489182
276,16,4198.391238
276,17,4181.720895
276,18,4147.314422
276,19,4049.445510
276,21,4013.704359
276,22,4011.587186
276,23,4001.019223
276,25,3982.057671
276,26,3950.835635
276,27,3946.594367
276,28,3913.573371
276,29,3892.673182
276,30,3882.269448
276,31,3835.721185
276,33,3774.933023
276,34,3759.896527
276,35,3751.112616
277,10,5382.108596
277,11,4421.832346
277,12,4375.646717
277,13,4322.599527
277,14,4252.666677
277,15,4232.489182
277,16,4198.391238
277,17,4181.720895
277,18,4147.314422
277,19,4049.445510
277,20,4035.554733
277,21,4013.704359
277,22,4011.587186
277,23,4001.019223
277,25,3982.057671
277,26,3950.835635
277,27,3946.594367
277,28,3896.769818
277,29,3892.673182
277,30,3882.269448
277,31,3835.721185
277,33,3774.933023
277,34,3759.896527
277,35,3751.112616
278,10,5382.108596
278,11,4421.832346
278,12,4375.646717
278,13,4314.510445
278,14,4252.666677
278,15,4232.489182
278,16,4198.391238
278,17,4181.720895
278,18,4147.314422
278,19,4049.445510
278,20,4035.554733
278,21,4013.704359
278,22,3985.332092
278,25,3982.057671
278,26,3941.452889
278,28,3896.769818
278,29,3891.319980
278,30,3882.269448
278,31,3835.721185
278,33,3774.933023
278,34,3759.896527
278,35,3751.112616
279,10,5382.108596
279,11,4421.832346
279,12,4375.646717
279,13,4314.510445
279,14,4252.666677
279,15,4232.489182
279,16,4198.391238
279,17,4181.720895
279,18,4147.314422
279,19,4049.445510
279,20,4035.554733
279,21,4013.704359
279,22,3985.332092
279,25,3982.057671
279,26,3941.452889
279,28,3896.769818
279,29,3891.319980
279,30,3882.269448
279,31,3835.721185
279,33,3774.933023
279,34,3759.896527
279,35,3751.112616
280,10,5382.108596
280,11,4421.832346
280,12,4366.992422
280,13,4314.510445
280,14,4252.666677
280,15,4231.648922
280,16,4198.391238
280,17,4181.720895
280,18,4147.314422
280,19,4049.445510
280,20,4035.554733
280,21,4013.704359
280,22,3985.332092
280,25,3930.740163
280,28,3896.769818
280,29,3891.017817
280,30,3882.269448
280,31,3835.721185
280,33,3774.933023
280,34,3747.969544
281,10,5382.108596
281,11,4421.832346
281,12,4366.992422
281,13,4308.558737
281,14,4252.666677
281,15,4231.648922
281,16,4198.391238
281,17,4181.720895
281,18,4147.314422
281,19,4049.445510
281,20,4035.554733
281,21,4013.704359
281,22,3985.332092
281,25,3930.740163
281,28,3896.769818
281,29,3891.017817
281,30,3882.269448
281,31,3835.721185
281,33,3774.933023
281,34,3747.969544
282,10,5382.108596
282,11,4421.832346
282,12,4366.992422
282,13,4308.558737
282,14,4237.616389
282,15,4231.648922
282,16,4198.391238
282,17,4181.720895
282,18,4147.314422
282,19,4049.445510
282,20,4035.554733
282,21,4013.704359
282,22,3985.332092
282,25,3930.740163
282,28,3896.769818
282,29,3891.017817
282,30,3882.269448
282,31,3835.721185
282,33,3774.933023
282,34,3747.969544
283,10,5382.108596
283,11,4421.832346
283,12,4366.992422
283,13,4308.558737
283,14,4237.616389
283,15,4231.648922
283,16,4198.391238
283,17,4181.720895
283,18,4147.314422
283,19,4049.445510
283,20,4025.253481
283,21,4013.704359
283,22,3985.332092
283,25,3930.740163
283,28,3896.769818
283,29,3891.017817
283,30,3882.269448
283,31,3835.721185
283,33,3774.933023
283,34,3747.969544
284,10,5382.108596
284,11,4421.832346
284,12,4366.992422
284,13,4308.558737
284,14,4237.616389
284,15,4231.648922
284,16,4194.146333
284,17,4181.720895
284,18,4147.314422
284,19,4049.445510
284,20,4025.253481
284,21,4013.704359
284,22,3952.675979
284,25,3930.740163
284,28,3896.769818
284,29,3891.017817
284,30,3882.269448
284,31,3835.721185
284,33,3774.933023
284,34,3747.969544
285,10,5382.108596
285,11,4421.832346
285,12,4366.992422
285,13,4308.558737
285,14,4237.616389
285,15,4231.648922
285,16,4194.146333
285,17,4181.720895
285,18,4147.314422
285,19,4049.445510
285,20,4025.253481
285,21,3999.798577
285,22,3948.116559
285,25,3929.901072
285,27,3924.160731
285,28,3896.769818
285,29,3879.965136
285,31,3835.721185
285,33,3774.933023
285,34,3747.004044
286,10,5382.108596
286,11,4421.832346
286,12,4366.992422
286,13,4308.558737
286,14,4237.616389
286,15,4226.135989
286,16,4194.146333
286,17,4181.720895
286,18,4147.314422
286,19,4049.445510
286,20,4025.253481
286,21,3999.798577
286,22,3948.116559
286,25,3929.901072
286,27,3924.160731
286,28,3896.769818
286,29,3879.965136
286,31,3835.721185
286,33,3774.933023
286,34,3747.004044
287,10,5382.108596
287,11,4421.832346
287,12,4365.932383
287,13,4308.558737
287,14,4237.541977
287,15,4226.135989
287,16,4194.146333
287,17,4175.434991
287,18,4147.314422
287,19,4049.445510
287,20,4025.253481
287,21,3999.798577
287,22,3948.116559
287,25,3929.901072
287,27,3924.160731
287,28,3896.769818
287,29,3879.965136
287,31,3835.721185
287,33,3774.933023
287,34,3747.004044
288,10,5382.108596
288,11,4421.832346
288,12,4365.932383
288,13,4308.558737
288,14,4237.541977
288,15,4226.135989
288,16,4194.146333
288,17,4175.434991
288,18,4147.314422
288,19,4049.445510
288,20,4025.253481
288,21,3999.798577
288,22,3948.116559
288,25,3929.901072
288,27,3924.160731
288,28,3896.769818
288,29,3879.965136
288,31,3822.055671
288,33,3774.933023
288,34,3747.004044
289,10,5382.108596
289,11,4421.832346
289,12,4365.932383
289,13,4297.194375
289,14,4211.861415
289,16,4194.146333
289,17,4175.434991
289,18,4147.314422
289,19,4049.445510
289,20,4025.253481
289,21,3999.798577
289,22,3948.116559
289,25,3929.901072
289,27,3924.160731
289,28,3896.769818
289,29,3879.965136
289,31,3822.055671
289,33,3770.386477
289,34,3747.004044
290,10,5382.108596
290,11,4421.832346
290,12,4365.932383
290,13,4297.194375
290,14,4211.861415
290,16,4194.146333
290,17,4175.434991
290,18,4147.314422
290,19,4049.445510
290,20,4021.834048
290,21,3999.798577
290,22,3947.879744
290,25,3928.938169
290,27,3924.160731
290,28,3895.963214
290,29,3879.965136
290,31,3822.055671
290,33,3769.080769
290,34,3747.004044
291,10,5382.108596
291,11,4421.832346
291,12,4365.932383
291,13,4287.716270
291,14,4193.952146
291,17,4175.434991
291,18,4144.891812
291,19,4049.445510
291,20,4021.834048
291,21,3999.798577
291,22,3947.879744
291,24,3939.963592
291,25,3928.938169
291,27,3924.160731
291,28,3894.458835
291,29,3879.965136
291,31,3822.055671
291,33,3769.080769
291,34,3747.004044
292,10,5382.108596
292,11,4421.832346
292,12,4357.683521
292,13,4287.716270
292,14,4193.952146
292,17,4175.434991
292,18,4144.891812
292,19,4049.445510
292,20,4021.834048
292,21,3999.798577
292,22,3947.879744
292,24,3939.963592
292,25,3928.938169
292,27,3924.160731
292,28,3894.458835
292,29,3879.965136
292,31,3822.055671
292,33,3769.080769
292,34,3747.004044
293,10,5382.108596
293,11,4421.832346
293,12,4357.683521
293,13,4287.716270
293,14,4193.952146
293,16,4186.640279
293,17,4175.434991
293,18,4144.891812
293,19,4049.445510
293,20,4021.834048
293,21,3999.798577
293,22,3946.307449
293,24,3939.963592
293,25,3928.938169
293,27,3924.160731
293,28,3894.458835
293,29,3879.965136
293,31,3822.055671
293,33,3769.080769
293,34,3747.004044
294,10,5382.108596
294,11,4421.832346
294,12,4357.683521
294,13,4287.716270
294,14,4193.952146
294,16,4186.640279
294,17,4175.434991
294,18,4144.891812
294,19,4049.445510
294,20,4021.834048
294,21,3999.798577
294,22,3946.307449
294,24,3939.963592
294,25,3928.938169
294,27,3924.160731
294,28,3894.458835
294,29,3879.965136
294,30,3873.464090
294,31,3822.055671
294,33,3769.080769
294,34,3747.004044
295,10,5382.108596
295,11,4417.522921
295,12,4357.683521
295,13,4287.716270
295,14,4172.094510
295,18,4144.891812
295,19,4049.445510
295,20,4021.834048
295,21,3999.798577
295,22,3944.767487
295,24,3939.963592
295,25,3928.938169
295,27,3922.636509
295,28,3891.460520
295,29,3877.478206
295,30,3816.089683
295,33,3769.080769
295,34,3746.119154
296,10,5382.108596
296,11,4417.522921
296,12,4357.683521
296,13,4287.716270
296,14,4172.094510
296,18,4144.891812
296,19,4049.445510
296,20,4021.834048
296,21,3999.798577
296,22,3944.767487
296,24,3939.963592
296,25,3928.938169
296,27,3922.636509
296,28,3891.460520
296,29,3877.478206
296,30,3816.089683
296,32,3782.177815
296,33,3769.080769
296,34,3746.119154
297,10,5382.108596
297,11,4417.522921
297,12,4357.683521
297,13,4287.716270
297,14,4172.094510
297,18,4144.891812
297,19,4049.445510
297,20,4016.079367
297,21,3999.798577
297,22,3944.767487
297,24,3939.963592
297,25,3928.938169
297,27,3922.636509
297,28,3891.460520
297,29,3877.478206
297,30,3816.089683
297,32,3782.177815
297,33,3769.080769
297,34,3746.119154
298,10,5382.108596
298,11,4417.522921
298,12,4357.683521
298,13,4287.716270
298,14,4172.094510
298,18,4144.891812
298,19,4049.445510
298,20,4016.079367
298,21,3999.798577
298,22,3944.767487
298,24,3939.963592
298,25,3928.938169
298,27,3922.636509
298,28,3891.460520
298,29,3877.478206
298,30,3816.089683
298,32,3782.177815
298,33,3769.080769
298,34,3746.119154
299,10,5382.108596
299,11,4411.283221
299,12,4357.683521
299,13,4287.716270
299,14,4172.094510
299,18,4144.891812
299,19,4049.445510
299,20,4016.079367
299,21,3999.798577
299,22,3944.767487
299,24,3939.963592
299,25,3928.938169
299,27,3922.636509
299,28,3891.460520
299,29,3877.478206
299,30,3816.089683
299,32,3782.177815
299,33,3769.080769
299,34,3746.119154
300,10,5382.108596
300,11,4411.283221
300,12,4357.683521
300,13,4287.716270
300,14,4172.094510
300,18,4144.891812
300,19,4049.445510
300,20,4016.079367
300,21,3999.798577
300,22,3944.767487
300,24,3939.963592
300,25,3928.938169
300,27,3922.636509
300,28,3862.778725
300,30,3809.714357
300,31,3771.219466
300,33,3769.080769
300,34,3746.119154
301,10,5382.108596
301,11,4411.283221
301,12,4357.683521
301,13,4287.716270
301,14,4172.094510
301,17,4170.236534
301,18,4144.891812
301,19,4049.445510
301,20,4016.079367
301,21,3999.798577
301,22,3944.767487
301,24,3939.963592
301,25,3928.938169
301,27,3922.636509
301,28,3862.778725
301,30,3809.714357
301,31,3771.219466
301,33,3769.080769
301,34,3746.119154
302,10,5382.108596
302,11,4411.283221
302,12,4357.683521
302,13,4287.716270
302,14,4172.094510
302,16,4155.100505
302,18,4144.891812
302,19,4049.445510
302,20,4016.079367
302,21,3999.798577
302,22,3944.767487
302,24,3939.963592
302,25,3928.938169
302,27,3922.636509
302,28,3862.778725
302,30,3809.714357
302,31,3771.219466
302,33,3769.080769
302,34,3746.119154
303,10,5382.108596
303,11,4411.283221
303,12,4348.798104
303,13,4287.716270
303,14,4172.094510
303,16,4148.554574
303,18,4144.891812
303,19,4049.445510
303,20,4016.079367
303,21,3999.798577
303,22,3944.767487
303,24,3939.963592
303,25,3928.938169
303,27,3922.636509
303,28,3862.778725
303,30,3809.714357
303,31,3771.219466
303,33,3769.080769
303,34,3746.119154
304,10,5382.108596
304,11,4411.283221
304,12,4348.798104
304,13,4287.716270
304,14,4172.094510
304,16,4148.554574
304,18,4144.891812
304,19,4049.445510
304,20,4016.079367
304,21,3999.798577
304,22,3944.767487
304,24,3939.963592
304,25,3928.938169
304,27,3922.636509
304,28,3862.778725
304,30,3809.714357
304,31,3758.217710
304,34,3746.119154
305,10,5382.108596
305,11,4411.283221
305,12,4348.798104
305,13,4287.716270
305,14,4172.094510
305,16,4148.554574
305,18,4144.891812
305,19,4004.556869
305,21,3999.763922
305,22,3944.447994
305,24,3937.542422
305,25,3928.938169
305,27,3911.355562
305,28,3862.778725
305,30,3749.674559
305,34,3746.119154
306,10,5382.108596
306,11,4402.862347
306,12,4342.715104
306,13,4287.716270
306,14,4172.094510
306,15,4164.667695
306,16,4148.554574
306,18,4144.891812
306,19,4004.556869
306,21,3999.763922
306,22,3944.447994
306,24,3937.542422
306,25,3928.938169
306,27,3911.355562
306,28,3862.778725
306,30,3749.674559
306,34,3746.119154
307,10,5382.108596
307,11,4402.862347
307,12,4342.715104
307,13,4287.716270
307,14,4161.272862
307,16,4148.554574
307,18,4144.891812
307,19,4004.556869
307,20,3997.410004
307,22,3944.447994
307,24,3937.542422
307,25,3928.938169
307,27,3911.355562
307,28,3862.778725
307,30,3749.674559
307,34,3746.119154
308,10,5382.108596
308,11,4402.862347
308,12,4342.715104
308,13,4287.716270
308,14,4161.272862
308,16,4148.554574
308,18,4144.891812
308,19,4004.556869
308,20,3997.410004
308,22,3944.447994
308,24,3937.542422
308,25,3928.938169
308,27,3911.355562
308,28,3862.778725
308,30,3749.674559
308,34,3746.119154
309,10,5382.108596
309,11,4402.862347
309,12,4342.715104
309,13,4287.716270
309,14,4161.272862
309,16,4148.554574
309,18,4144.891812
309,19,4004.556869
309,20,3997.410004
309,22,3944.447994
309,24,3937.542422
309,25,3928.938169
309,27,3911.355562
309,28,3862.778725
309,30,3749.674559
309,34,3746.119154
310,10,5382.108596
310,11,4402.862347
310,12,4342.715104
310,13,4287.716270
310,14,4161.272862
310,15,4120.577246
310,19,4003.421275
310,20,3997.410004
310,22,3944.447994
310,24,3930.556706
310,25,3926.090043
310,27,3911.355562
310,28,3862.260551
310,30,3749.674559
310,34,3746.119154
311,10,5382.108596
311,11,4402.862347
311,12,4342.715104
311,13,4287.716270
311,14,4161.272862
311,15,4120.577246
311,18,4106.037348
311,19,4003.421275
311,20,3997.410004
311,22,3944.447994
311,24,3930.556706
311,25,3926.090043
311,27,3864.410701
311,28,3862.260551
311,30,3749.674559
311,34,3746.119154
312,10,5382.108596
312,11,4402.862347
312,12,4342.715104
312,13,4287.716270
312,14,4161.272862
312,15,4120.577246
312,18,4106.037348
312,19,4003.421275
312,20,3997.410004
312,22,3944.447994
312,24,3930.556706
312,25,3926.090043
312,27,3864.410701
312,28,3862.260551
312,30,3749.674559
312,34,3746.119154
313,10,5382.108596
313,11,4402.862347
313,12,4342.715104
313,13,4287.716270
313,14,4161.272862
313,15,4120.577246
313,18,4106.037348
313,19,4003.421275
313,20,3990.372280
313,22,3944.447994
313,24,3930.556706
313,25,3926.090043
313,27,3864.410701
313,28,3862.260551
313,30,3749.674559
313,34,3746.119154
314,10,5382.108596
314,11,4402.862347
314,12,4342.715104
314,13,4287.716270
314,14,4161.272862
314,15,4120.577246
314,18,4106.037348
314,19,4003.421275
314,20,3990.372280
314,21,3958.441192
314,22,3944.447994
314,24,3930.556706
314,25,3926.090043
314,27,3864.410701
314,28,3862.260551
314,30,3749.674559
314,34,3746.119154
315,10,5382.108596
315,11,4402.862347
315,12,4342.019382
315,13,4287.716270
315,14,4161.272862
315,15,4120.577246
315,18,4106.037348
315,19,3985.474155
315,20,3971.597500
315,21,3958.441192
315,22,3944.447994
315,24,3930.556706
315,25,3926.090043
315,27,3864.410701
315,28,3862.260551
315,30,3749.674559
315,34,3745.050287
316,10,5382.108596
316,11,4402.862347
316,12,4342.019382
316,13,4287.716270
316,14,4161.272862
316,15,4120.577246
316,18,4106.037348
316,19,3985.474155
316,20,3971.597500
316,21,3958.441192
316,22,3944.447994
316,24,3930.556706
316,25,3926.090043
316,27,3864.410701
316,28,3862.260551
316,30,3749.674559
316,34,3745.050287
317,10,5382.108596
317,11,4402.862347
317,12,4342.019382
317,13,4287.716270
317,14,4161.272862
317,15,4120.577246
317,18,4106.037348
317,19,3985.474155
317,20,3971.597500
317,21,3958.441192
317,22,3944.447994
317,24,3930.556706
317,25,3926.090043
317,27,3864.410701
317,28,3862.260551
317,30,3749.674559
317,34,3745.050287
318,10,5382.108596
318,11,4402.862347
318,12,4342.019382
318,13,4287.716270
318,14,4161.272862
318,15,4120.577246
318,18,4106.037348
318,19,3985.474155
318,20,3971.597500
318,21,3958.441192
318,22,3944.447994
318,24,3930.556706
318,25,3926.090043
318,26,3906.821034
318,27,3864.410701
318,28,3862.260551
318,29,3745.903507
318,34,3745.050287
319,10,5382.108596
319,11,4402.862347
319,12,4342.019382
319,13,4287.716270
319,14,4161.272862
319,15,4120.577246
319,18,4102.378892
319,19,3985.474155
319,20,3971.597500
319,21,3958.441192
319,22,3944.447994
319,24,3930.556706
319,25,3926.090043
319,26,3906.821034
319,27,3864.410701
319,28,3862.260551
319,29,3745.903507
319,34,3745.050287
320,10,5382.108596
320,11,4401.388376
320,12,4342.019382
320,13,4287.716270
320,14,4161.272862
320,15,4120.577246
320,18,4102.378892
320,19,3985.474155
320,20,3971.597500
320,21,3958.441192
320,22,3933.931873
320,24,3930.556706
320,25,3926.090043
320,26,3906.821034
320,27,3864.410701
320,28,3859.013019
320,29,3745.903507
320,34,3745.050287
321,10,5382.108596
321,11,4401.388376
321,12,4342.019382
321,13,4287.716270
321,14,4161.272862
321,15,4120.577246
321,16,4117.641384
321,18,4102.378892
321,19,3985.474155
321,20,3971.597500
321,21,3958.441192
321,22,3933.931873
321,24,3930.556706
321,25,3926.090043
321,26,3906.821034
321,27,3864.410701
321,28,3859.013019
321,29,3745.903507
321,34,3745.050287
322,10,5382.108596
322,11,4390.611571
322,12,4342.019382
322,13,4287.716270
322,14,4161.272862
322,15,4120.577246
322,16,4117.641384
322,18,4102.378892
322,19,3985.474155
322,20,3971.597500
322,21,3958.441192
322,22,3933.931873
322,24,3930.556706
322,25,3926.090043
322,26,3906.821034
322,27,3864.410701
322,28,3859.013019
322,29,3745.903507
322,34,3745.050287
323,10,5382.108596
323,11,4390.611571
323,12,4342.019382
323,13,4287.716270
323,14,4161.272862
323,15,4120.577246
323,16,4095.996838
323,19,3985.474155
323,20,3971.597500
323,21,3958.441192
323,22,3933.931873
323,24,3930.556706
323,25,3926.090043
323,26,3906.821034
323,27,3864.410701
323,28,3859.013019
323,29,3724.927366
324,10,5382.108596
324,11,4390.611571
324,12,4342.019382
324,13,4287.716270
324,14,4161.272862
324,15,4120.577246
324,16,4095.996838
324,19,3985.474155
324,20,3971.597500
324,21,3958.441192
324,22,3933.931873
324,24,3930.556706
324,25,3926.090043
324,26,3906.821034
324,27,3864.410701
324,28,3859.013019
324,29,3724.927366
325,10,5382.108596
325,11,4390.611571
325,12,4342.019382
325,13,4287.716270
325,14,4161.272862
325,15,4120.577246
325,16,4095.996838
325,19,3985.474155
325,20,3971.597500
325,21,3958.441192
325,22,3933.931873
325,23,3913.224856
325,26,3906.821034
325,27,3864.410701
325,28,3848.251777
325,29,3724.927366
326,10,5382.108596
326,11,4390.611571
326,12,4342.019382
326,13,4287.716270
326,14,4161.272862
326,15,4120.577246
326,16,4095.996838
326,19,3985.474155
326,20,3971.597500
326,21,3958.441192
326,22,3933.931873
326,23,3913.224856
326,26,3906.821034
326,27,3864.410701
326,28,3848.251777
326,29,3724.927366
327,10,5382.108596
327,11,4390.611571
327,12,4342.019382
327,13,4287.716270
327,14,4161.272862
327,15,4120.577246
327,16,4095.962599
327,19,3985.474155
327,20,3971.597500
327,21,3958.441192
327,22,3933.931873
327,23,3913.224856
327,26,3906.821034
327,27,3864.410701
327,28,3736.891949
327,29,3724.927366
328,10,5382.108596
328,11,4390.611571
328,12,4342.019382
328,13,4287.716270
328,14,4161.272862
328,15,4120.577246
328,16,4095.962599
328,17,4077.570026
328,19,3985.474155
328,20,3971.597500
328,21,3958.441192
328,22,3933.931873
328,23,3913.224856
328,26,3906.821034
328,27,3864.410701
328,28,3736.891949
328,29,3724.927366
