Iteration,NV,TOC
1,13,24053.235533
1,14,19810.241429
1,15,14045.924832
1,16,10210.824796
1,18,9439.612738
1,19,9265.006874
1,20,8682.918499
1,21,8263.287225
1,22,7758.825081
1,25,6765.804493
1,28,6105.289023
1,36,5843.063458
1,39,5554.945193
1,45,5521.728165
1,52,5512.586298
1,53,5379.803490
1,59,5362.945372
1,81,5358.438952
2,12,22059.516935
2,13,19481.683138
2,15,14045.924832
2,16,10210.824796
2,18,9439.612738
2,19,9265.006874
2,20,8682.918499
2,21,8263.287225
2,22,7758.825081
2,23,7329.989092
2,25,6765.804493
2,28,6105.289023
2,36,5843.063458
2,39,5554.945193
2,45,5521.728165
2,52,5512.586298
2,53,5379.803490
2,59,5362.945372
2,81,5358.438952
3,12,22059.516935
3,13,19481.683138
3,14,14470.388006
3,15,14045.924832
3,16,10210.824796
3,18,9439.612738
3,19,9265.006874
3,20,8682.918499
3,21,8263.287225
3,22,7758.825081
3,23,7329.989092
3,25,6765.804493
3,28,6105.289023
3,35,5938.472060
3,36,5843.063458
3,39,5554.945193
3,45,5521.728165
3,52,5512.586298
3,53,5379.803490
3,59,5362.945372
3,81,5358.438952
4,12,22059.516935
4,13,19481.683138
4,14,14470.388006
4,15,14045.924832
4,16,10210.824796
4,18,9439.612738
4,19,9265.006874
4,20,8682.918499
4,21,8263.287225
4,22,7758.825081
4,23,7329.989092
4,25,6765.804493
4,28,6105.289023
4,35,5938.472060
4,36,5843.063458
4,39,5554.945193
4,45,5521.728165
4,52,5512.586298
4,53,5379.803490
4,59,5362.945372
4,81,5358.438952
5,12,21876.794433
5,13,19481.683138
5,14,14470.388006
5,15,13908.579966
5,16,10210.824796
5,17,8937.290579
5,20,8682.918499
5,21,8263.287225
5,22,7758.825081
5,23,7329.989092
5,25,6765.804493
5,28,6105.289023
5,35,5938.472060
5,36,5843.063458
5,39,5554.945193
5,45,5521.728165
5,52,5512.586298
5,53,5379.803490
5,59,5362.945372
5,81,5358.438952
6,12,21876.794433
6,13,19481.683138
6,14,14470.388006
6,15,13908.579966
6,16,10210.824796
6,17,8937.290579
6,20,8682.918499
6,21,8263.287225
6,22,7758.825081
6,23,7329.989092
6,25,6765.804493
6,28,6105.289023
6,35,5938.472060
6,36,5843.063458
6,39,5554.945193
6,45,5521.728165
6,52,5512.586298
6,53,5379.803490
6,59,5362.945372
6,81,5358.438952
7,12,21876.794433
7,13,19481.683138
7,14,14470.388006
7,15,13908.579966
7,16,10210.824796
7,17,8937.290579
7,20,8682.918499
7,21,8263.287225
7,22,7758.825081
7,23,7329.989092
7,24,7145.795219
7,25,6765.804493
7,28,6105.289023
7,35,5938.472060
7,36,5843.063458
7,39,5554.945193
7,45,5521.728165
7,52,5512.586298
7,53,5379.803490
7,59,5362.945372
7,81,5358.438952
8,12,21876.794433
8,13,17521.245575
8,14,14470.388006
8,15,13908.579966
8,16,10210.824796
8,17,8937.290579
8,20,8682.918499
8,21,8263.287225
8,22,7758.825081
8,23,7329.989092
8,24,7145.795219
8,25,6765.804493
8,28,6105.289023
8,34,5954.949372
8,35,5938.472060
8,36,5843.063458
8,39,5554.945193
8,45,5521.728165
8,52,5512.586298
8,53,5379.803490
8,59,5362.945372
8,81,5358.438952
9,12,21876.794433
9,13,17521.245575
9,14,14470.388006
9,15,13848.752533
9,16,10210.824796
9,17,8937.290579
9,20,7707.657419
9,22,7163.710357
9,24,7145.795219
9,25,6765.804493
9,26,6297.462615
9,28,6105.289023
9,34,5954.949372
9,35,5938.472060
9,36,5843.063458
9,39,5554.945193
9,45,5521.728165
9,52,5512.586298
9,53,5379.803490
9,59,5362.945372
9,81,5358.438952
10,12,21876.794433
10,13,17521.245575
10,14,14470.388006
10,15,13848.752533
10,16,10210.824796
10,17,8937.290579
10,20,7707.657419
10,22,7163.710357
10,24,7145.795219
10,25,6765.804493
10,26,6297.462615
10,28,6105.289023
10,34,5954.949372
10,35,5938.472060
10,36,5843.063458
10,39,5554.945193
10,44,5485.521878
10,53,5379.803490
10,54,5370.840190
10,59,5362.945372
10,81,5358.438952
11,12,21876.794433
11,13,17521.245575
11,14,14470.388006
11,15,13848.752533
11,16,10210.824796
11,17,8937.290579
11,19,7869.451207
11,20,7707.657419
11,21,7575.653347
11,22,7163.710357
11,24,7145.795219
11,25,6765.804493
11,26,6297.462615
11,28,6105.289023
11,34,5954.949372
11,35,5938.472060
11,36,5843.063458
11,38,5784.039239
11,39,5554.945193
11,44,5485.521878
11,53,5379.803490
11,54,5370.840190
11,57,5364.532235
11,59,5362.945372
11,81,5358.438952
12,12,21876.794433
12,13,17521.245575
12,14,14470.388006
12,15,13675.884837
12,16,10210.824796
12,17,8937.290579
12,18,8876.240642
12,19,7869.451207
12,20,7707.657419
12,21,7575.653347
12,22,7163.710357
12,24,7145.795219
12,25,6765.804493
12,26,6297.462615
12,28,6105.289023
12,34,5954.949372
12,35,5938.472060
12,36,5843.063458
12,38,5784.039239
12,39,5554.945193
12,44,5485.521878
12,53,5379.803490
12,54,5370.840190
12,57,5364.532235
12,58,5341.703873
13,11,28949.195611
13,12,21876.794433
13,13,17521.245575
13,14,14470.388006
13,15,13675.884837
13,16,10210.824796
13,17,8937.290579
13,18,8876.240642
13,19,7869.451207
13,20,7707.657419
13,21,7575.653347
13,22,7163.710357
13,24,7145.795219
13,25,6705.429426
13,26,6297.462615
13,28,6105.289023
13,34,5954.949372
13,35,5938.472060
13,36,5843.063458
13,38,5784.039239
13,39,5554.945193
13,43,5504.035262
13,44,5485.521878
13,53,5379.803490
13,54,5370.840190
13,57,5364.532235
13,58,5341.703873
14,11,28949.195611
14,12,21876.794433
14,13,17521.245575
14,14,14470.388006
14,15,11648.114057
14,16,10210.824796
14,17,8937.290579
14,18,8876.240642
14,19,7869.451207
14,20,7707.657419
14,21,7575.653347
14,22,7163.710357
14,24,7145.795219
14,25,6705.429426
14,26,6297.462615
14,28,6105.289023
14,34,5924.936971
14,36,5843.063458
14,38,5784.039239
14,39,5554.945193
14,43,5504.035262
14,44,5485.521878
14,50,5334.462487
15,11,28949.195611
15,12,21876.794433
15,13,17521.245575
15,14,14470.388006
15,15,11648.114057
15,16,10210.824796
15,17,8516.618002
15,19,7869.451207
15,20,7707.657419
15,21,7575.653347
15,22,7163.710357
15,24,7145.795219
15,25,6208.021042
15,28,6105.289023
15,30,6057.029083
15,34,5902.049795
15,35,5721.018197
15,39,5554.945193
15,43,5504.035262
15,44,5485.521878
15,50,5334.462487
15,56,5330.177077
16,11,28949.195611
16,12,21876.794433
16,13,17521.245575
16,14,14470.388006
16,15,11648.114057
16,16,10210.824796
16,17,8516.618002
16,19,7869.451207
16,20,7707.657419
16,21,7575.653347
16,22,7163.710357
16,24,7145.795219
16,25,6208.021042
16,28,6105.289023
16,30,6057.029083
16,34,5902.049795
16,35,5721.018197
16,39,5554.945193
16,43,5504.035262
16,44,5485.521878
16,48,5413.826705
16,50,5334.462487
16,56,5245.831855
17,11,28949.195611
17,12,21876.794433
17,13,17521.245575
17,14,14470.388006
17,15,11648.114057
17,16,10210.824796
17,17,8516.618002
17,19,7869.451207
17,20,7707.657419
17,21,7575.653347
17,22,7163.710357
17,23,7120.003127
17,25,6208.021042
17,28,6105.289023
17,30,6057.029083
17,32,6034.194886
17,34,5902.049795
17,35,5721.018197
17,39,5554.945193
17,43,5498.144931
17,44,5485.521878
17,47,5461.751820
17,48,5395.157599
17,49,5325.101079
17,56,5245.831855
18,11,28949.195611
18,12,21876.794433
18,13,17521.245575
18,14,14470.388006
18,15,11648.114057
18,16,10210.824796
18,17,8516.618002
18,19,7869.451207
18,20,7707.657419
18,21,7575.653347
18,22,7163.710357
18,23,7120.003127
18,25,6208.021042
18,28,6105.289023
18,30,6057.029083
18,32,6034.194886
18,33,5981.577119
18,34,5902.049795
18,35,5721.018197
18,39,5554.945193
18,43,5422.801754
18,48,5395.157599
18,49,5325.101079
18,52,5265.376923
18,56,5245.831855
19,11,28949.195611
19,12,21876.794433
19,13,17521.245575
19,14,14470.388006
19,15,11648.114057
19,16,10210.824796
19,17,8516.618002
19,19,7869.451207
19,20,7707.657419
19,21,7575.653347
19,22,7163.710357
19,23,6985.242108
19,25,6208.021042
19,28,6105.289023
19,30,6057.029083
19,32,6034.194886
19,33,5981.577119
19,34,5902.049795
19,35,5721.018197
19,39,5554.945193
19,40,5506.425052
19,43,5422.801754
19,48,5346.326489
19,49,5325.101079
19,52,5265.376923
19,56,5245.831855
20,11,28949.195611
20,12,21876.794433
20,13,16849.269257
20,14,13953.926409
20,15,11648.114057
20,16,10210.824796
20,17,8373.644246
20,19,7869.451207
20,20,7707.657419
20,21,7262.560257
20,22,7163.710357
20,23,6985.242108
20,25,6208.021042
20,28,6105.289023
20,30,6057.029083
20,32,6034.194886
20,33,5981.577119
20,34,5902.049795
20,35,5721.018197
20,39,5554.945193
20,40,5506.425052
20,43,5422.801754
20,48,5346.326489
20,49,5325.101079
20,52,5265.376923
20,56,5245.831855
21,11,28949.195611
21,12,21876.794433
21,13,16849.269257
21,14,13953.926409
21,15,11648.114057
21,16,10210.824796
21,17,8373.644246
21,19,7771.958067
21,20,7707.657419
21,21,7262.560257
21,22,7163.710357
21,23,6985.242108
21,25,6208.021042
21,28,6105.289023
21,29,6104.319849
21,30,6057.029083
21,32,6034.194886
21,33,5981.577119
21,34,5902.049795
21,35,5721.018197
21,39,5554.945193
21,40,5506.425052
21,43,5422.801754
21,48,5346.326489
21,49,5325.101079
21,52,5265.376923
21,56,5245.831855
22,11,28949.195611
22,12,21876.794433
22,13,16849.269257
22,14,13935.025871
22,15,11648.114057
22,16,10210.824796
22,17,8373.644246
22,19,7771.958067
22,20,7707.657419
22,21,7262.560257
22,22,7163.710357
22,23,6985.242108
22,24,6879.502099
22,25,6208.021042
22,28,6105.289023
22,29,6104.319849
22,30,6057.029083
22,32,6034.194886
22,33,5981.577119
22,34,5902.049795
22,35,5721.018197
22,39,5554.945193
22,40,5506.425052
22,43,5422.801754
22,45,5371.918270
22,48,5346.326489
22,49,5325.101079
22,52,5265.376923
22,56,5221.045142
23,11,28949.195611
23,12,21876.794433
23,13,16849.269257
23,14,13935.025871
23,15,11648.114057
23,16,10210.824796
23,17,8373.644246
23,19,7771.958067
23,20,7707.657419
23,21,7262.560257
23,22,7163.710357
23,23,6985.242108
23,24,6879.502099
23,25,6208.021042
23,28,6105.289023
23,29,5939.722885
23,34,5902.049795
23,35,5721.018197
23,39,5554.945193
23,40,5506.425052
23,43,5422.801754
23,45,5371.918270
23,47,5331.220475
23,49,5325.101079
23,52,5265.376923
23,56,5221.045142
24,11,28949.195611
24,12,21876.794433
24,13,16849.269257
24,14,13935.025871
24,15,11648.114057
24,16,10210.824796
24,17,8373.644246
24,19,7771.958067
24,20,7707.657419
24,21,7262.560257
24,22,7163.710357
24,23,6985.242108
24,24,6879.502099
24,25,6208.021042
24,28,6105.289023
24,29,5939.722885
24,34,5902.049795
24,35,5721.018197
24,39,5554.945193
24,40,5506.425052
24,43,5422.801754
24,45,5371.918270
24,47,5331.220475
24,49,5325.101079
24,52,5265.376923
24,56,5221.045142
25,11,28949.195611
25,12,21876.794433
25,13,16849.269257
25,14,13935.025871
25,15,11648.114057
25,16,10210.824796
25,17,8350.488274
25,19,7771.958067
25,20,7707.657419
25,21,7262.560257
25,22,7163.710357
25,23,6985.242108
25,24,6879.502099
25,25,6208.021042
25,28,6105.289023
25,29,5894.074781
25,35,5721.018197
25,39,5352.937804
25,47,5331.220475
25,49,5325.101079
25,51,5298.476298
25,52,5265.376923
25,55,5218.921229
26,11,28949.195611
26,12,21876.794433
26,13,16849.269257
26,14,13935.025871
26,15,11648.114057
26,16,10210.824796
26,17,8350.488274
26,19,7771.958067
26,20,7707.657419
26,21,7262.560257
26,22,7163.710357
26,23,6985.242108
26,24,6879.502099
26,25,6208.021042
26,27,6199.139814
26,28,6105.289023
26,29,5894.074781
26,35,5721.018197
26,39,5352.937804
26,42,5326.380749
26,49,5325.101079
26,51,5298.476298
26,52,5265.376923
26,55,5218.921229
27,11,28949.195611
27,12,21876.794433
27,13,16849.269257
27,14,13935.025871
27,15,11648.114057
27,16,10210.824796
27,17,8350.488274
27,19,7771.958067
27,20,7707.657419
27,21,7262.560257
27,22,7163.710357
27,23,6985.242108
27,24,6879.502099
27,25,6208.021042
27,27,6199.139814
27,28,6105.289023
27,29,5894.074781
27,34,5782.333745
27,35,5721.018197
27,39,5352.937804
27,42,5326.380749
27,49,5325.101079
27,51,5298.476298
27,52,5265.376923
27,55,5218.921229
28,11,28949.195611
28,12,21876.794433
28,13,16849.269257
28,14,13935.025871
28,15,11648.114057
28,16,9825.056007
28,17,8350.488274
28,19,7771.958067
28,20,7707.657419
28,21,7262.560257
28,22,7163.710357
28,23,6985.242108
28,24,6879.502099
28,25,6208.021042
28,27,6199.139814
28,28,6105.289023
28,29,5894.074781
28,34,5782.333745
28,35,5721.018197
28,38,5680.747779
28,39,5352.937804
28,42,5326.380749
28,49,5325.101079
28,51,5298.476298
28,52,5265.376923
28,55,5218.921229
29,11,28949.195611
29,12,21876.794433
29,13,16320.756862
29,14,13935.025871
29,15,11648.114057
29,16,9825.056007
29,17,8350.488274
29,19,7771.958067
29,20,7669.422968
29,21,7262.560257
29,22,7163.710357
29,23,6985.242108
29,24,6879.502099
29,25,6208.021042
29,27,6199.139814
29,28,6105.289023
29,29,5894.074781
29,33,5813.112671
29,34,5782.333745
29,35,5721.018197
29,37,5488.198301
29,39,5352.937804
29,42,5326.380749
29,49,5325.101079
29,51,5298.476298
29,52,5265.376923
29,55,5218.921229
30,11,28949.195611
30,12,21876.794433
30,13,16320.756862
30,14,13935.025871
30,15,11648.114057
30,16,9825.056007
30,17,8180.212473
30,19,7771.958067
30,20,7669.422968
30,21,7262.560257
30,22,7163.710357
30,23,6985.242108
30,24,6879.502099
30,25,6208.021042
30,27,6199.139814
30,28,5922.010780
30,29,5894.074781
30,33,5813.112671
30,34,5782.333745
30,35,5721.018197
30,37,5488.198301
30,39,5352.937804
30,41,5304.694357
30,51,5298.476298
30,52,5265.376923
30,55,5218.921229
31,11,28949.195611
31,12,21876.794433
31,13,16320.756862
31,14,13935.025871
31,15,11648.114057
31,16,9825.056007
31,17,8180.212473
31,19,7771.958067
31,20,7669.422968
31,21,7262.560257
31,22,7163.710357
31,23,6985.242108
31,24,6879.502099
31,25,6208.021042
31,27,6199.139814
31,28,5922.010780
31,29,5894.074781
31,33,5813.112671
31,34,5782.333745
31,35,5709.273461
31,37,5488.198301
31,39,5352.937804
31,41,5304.694357
31,51,5298.476298
31,52,5265.376923
31,55,5218.921229
32,11,28949.195611
32,12,21876.794433
32,13,16320.756862
32,14,13935.025871
32,15,11648.114057
32,16,9825.056007
32,17,8180.212473
32,19,7771.958067
32,20,7669.422968
32,21,7262.560257
32,22,7163.710357
32,23,6985.242108
32,24,6879.502099
32,25,6208.021042
32,27,6199.139814
32,28,5922.010780
32,29,5894.074781
32,33,5813.112671
32,34,5782.333745
32,35,5709.273461
32,37,5488.198301
32,39,5352.937804
32,41,5304.694357
32,51,5298.476298
32,52,5265.376923
32,55,5218.921229
33,11,28949.195611
33,12,21876.794433
33,13,16320.756862
33,14,13935.025871
33,15,11648.114057
33,16,9825.056007
33,17,8180.212473
33,19,7771.958067
33,20,7669.422968
33,21,7262.560257
33,22,7163.710357
33,23,6985.242108
33,24,6879.502099
33,25,6208.021042
33,27,6199.139814
33,28,5922.010780
33,29,5894.074781
33,33,5813.112671
33,34,5782.333745
33,35,5709.273461
33,37,5488.198301
33,39,5352.937804
33,41,5304.694357
33,51,5298.476298
33,52,5265.376923
33,55,5218.921229
34,11,28949.195611
34,12,21876.794433
34,13,16320.756862
34,14,13935.025871
34,15,11648.114057
34,16,9825.056007
34,17,8180.212473
34,19,7771.958067
34,20,7669.422968
34,21,7262.560257
34,22,7163.710357
34,23,6985.242108
34,24,6879.502099
34,25,6208.021042
34,27,6199.139814
34,28,5922.010780
34,29,5894.074781
34,33,5813.112671
34,34,5782.333745
34,35,5709.273461
34,37,5488.198301
34,39,5352.937804
34,41,5304.694357
34,51,5298.476298
34,52,5265.376923
34,55,5218.921229
35,11,28949.195611
35,12,21876.794433
35,13,16320.756862
35,14,13935.025871
35,15,11648.114057
35,16,9825.056007
35,17,7600.041719
35,21,7262.560257
35,22,7163.710357
35,23,6985.242108
35,24,6879.502099
35,25,6208.021042
35,27,5907.318187
35,29,5894.074781
35,33,5813.112671
35,34,5782.333745
35,35,5709.273461
35,37,5488.198301
35,39,5352.937804
35,41,5304.694357
35,51,5298.476298
35,52,5265.376923
35,55,5218.921229
36,11,28949.195611
36,12,21876.794433
36,13,16053.180599
36,14,13935.025871
36,15,11648.114057
36,16,9825.056007
36,17,7600.041719
36,21,7262.560257
36,22,7163.710357
36,23,6985.242108
36,24,6879.502099
36,25,6208.021042
36,27,5907.318187
36,29,5894.074781
36,33,5813.112671
36,34,5782.333745
36,35,5709.273461
36,37,5488.198301
36,39,5352.937804
36,41,5304.694357
36,51,5298.476298
36,52,5265.376923
36,55,5218.921229
37,11,28949.195611
37,12,21876.794433
37,13,16053.180599
37,14,13935.025871
37,15,11648.114057
37,16,9825.056007
37,17,7600.041719
37,21,7262.560257
37,22,7163.710357
37,23,6985.242108
37,24,6879.502099
37,25,6208.021042
37,27,5907.318187
37,29,5894.074781
37,33,5813.112671
37,34,5782.333745
37,35,5709.273461
37,37,5488.198301
37,39,5352.937804
37,41,5304.694357
37,51,5298.476298
37,52,5265.376923
37,55,5218.921229
38,11,28949.195611
38,12,21876.794433
38,13,16053.180599
38,14,13935.025871
38,15,11648.114057
38,16,9825.056007
38,17,7600.041719
38,21,7262.560257
38,22,7163.710357
38,23,6985.242108
38,24,6879.502099
38,25,6208.021042
38,27,5907.318187
38,29,5894.074781
38,33,5813.112671
38,34,5782.333745
38,35,5709.273461
38,36,5578.937292
38,37,5488.198301
38,39,5352.937804
38,41,5304.694357
38,51,5298.476298
38,52,5265.376923
38,55,5218.921229
39,11,28949.195611
39,12,21876.794433
39,13,16053.180599
39,14,13935.025871
39,15,11648.114057
39,16,9825.056007
39,17,7600.041719
39,21,7262.560257
39,22,7163.710357
39,23,6985.242108
39,24,6842.391724
39,25,6208.021042
39,27,5907.318187
39,29,5894.074781
39,33,5813.112671
39,34,5782.333745
39,35,5709.273461
39,36,5578.937292
39,37,5488.198301
39,39,5352.937804
39,41,5304.694357
39,51,5298.476298
39,52,5265.376923
39,55,5218.921229
40,11,28949.195611
40,12,21876.794433
40,13,16053.180599
40,14,13935.025871
40,15,11648.114057
40,16,9825.056007
40,17,7600.041719
40,21,7262.560257
40,22,7163.710357
40,23,6939.185902
40,24,6822.868899
40,25,6208.021042
40,27,5907.318187
40,29,5894.074781
40,33,5813.112671
40,34,5782.333745
40,35,5709.273461
40,36,5578.937292
40,37,5488.198301
40,38,5300.289983
40,51,5298.476298
40,52,5265.376923
40,55,5218.921229
41,11,28949.195611
41,12,21876.794433
41,13,16053.180599
41,14,13935.025871
41,15,11648.114057
41,16,9825.056007
41,17,7600.041719
41,21,7262.560257
41,22,7163.710357
41,23,6939.185902
41,24,6691.342108
41,25,6208.021042
41,27,5907.318187
41,29,5894.074781
41,33,5813.112671
41,34,5782.333745
41,35,5709.273461
41,36,5578.937292
41,37,5488.198301
41,38,5300.289983
41,51,5298.476298
41,52,5265.376923
41,55,5218.921229
42,11,28949.195611
42,12,21876.794433
42,13,16053.180599
42,14,13935.025871
42,15,11648.114057
42,16,9825.056007
42,17,7600.041719
42,21,7262.560257
42,22,7163.710357
42,23,6939.185902
42,24,6691.342108
42,25,6208.021042
42,27,5907.318187
42,29,5894.074781
42,33,5813.112671
42,34,5782.333745
42,35,5709.273461
42,36,5578.937292
42,37,5488.198301
42,38,5300.289983
42,51,5298.476298
42,52,5265.376923
42,55,5218.921229
43,11,28949.195611
43,12,21876.794433
43,13,16053.180599
43,14,13935.025871
43,15,11648.114057
43,16,9825.056007
43,17,7600.041719
43,21,7262.560257
43,22,7163.710357
43,23,6939.185902
43,24,6691.342108
43,25,6208.021042
43,27,5907.318187
43,29,5894.074781
43,32,5798.746546
43,34,5782.333745
43,35,5709.273461
43,36,5578.937292
43,37,5488.198301
43,38,5300.289983
43,51,5298.476298
43,52,5265.376923
43,55,5218.921229
44,11,28949.195611
44,12,21876.794433
44,13,16053.180599
44,14,13935.025871
44,15,11648.114057
44,16,9825.056007
44,17,7600.041719
44,21,7262.560257
44,22,7163.710357
44,23,6939.185902
44,24,6691.342108
44,25,6208.021042
44,27,5907.318187
44,29,5894.074781
44,32,5798.746546
44,34,5782.333745
44,35,5709.273461
44,36,5578.937292
44,37,5488.198301
44,38,5300.289983
44,51,5298.476298
44,52,5265.376923
44,55,5218.921229
45,11,28949.195611
45,12,21876.794433
45,13,16053.180599
45,14,13935.025871
45,15,11648.114057
45,16,9825.056007
45,17,7600.041719
45,21,7262.560257
45,22,7163.710357
45,23,6939.185902
45,24,6691.342108
45,25,6208.021042
45,27,5907.318187
45,29,5894.074781
45,32,5798.746546
45,34,5568.495754
45,37,5488.198301
45,38,5300.289983
45,51,5298.476298
45,52,5265.376923
45,55,5218.921229
46,11,28949.195611
46,12,21876.794433
46,13,16053.180599
46,14,13935.025871
46,15,11648.114057
46,16,9825.056007
46,17,7600.041719
46,21,7262.560257
46,22,7163.710357
46,23,6939.185902
46,24,6691.342108
46,25,6208.021042
46,27,5907.318187
46,29,5894.074781
46,32,5798.746546
46,34,5568.495754
46,37,5488.198301
46,38,5300.289983
46,51,5298.476298
46,52,5265.376923
46,55,5218.921229
47,11,28949.195611
47,12,21876.794433
47,13,16053.180599
47,14,13935.025871
47,15,11648.114057
47,16,9825.056007
47,17,7600.041719
47,21,7262.560257
47,22,7163.710357
47,23,6939.185902
47,24,6691.342108
47,25,6208.021042
47,27,5907.318187
47,29,5894.074781
47,32,5798.746546
47,34,5568.495754
47,37,5488.198301
47,38,5300.289983
47,51,5298.476298
47,52,5265.376923
47,55,5218.921229
48,11,28949.195611
48,12,21876.794433
48,13,16053.180599
48,14,13935.025871
48,15,11648.114057
48,16,9825.056007
48,17,7600.041719
48,21,7262.560257
48,22,7163.710357
48,23,6902.465204
48,24,6691.342108
48,25,6208.021042
48,27,5907.318187
48,29,5894.074781
48,30,5702.068758
48,34,5568.495754
48,37,5488.198301
48,38,5300.289983
48,51,5298.476298
48,52,5265.376923
48,55,5218.921229
49,11,28949.195611
49,12,21876.794433
49,13,16053.180599
49,14,13935.025871
49,15,11648.114057
49,16,9825.056007
49,17,7600.041719
49,21,7262.560257
49,22,7163.710357
49,23,6902.465204
49,24,6691.342108
49,25,6208.021042
49,27,5907.318187
49,29,5894.074781
49,30,5702.068758
49,34,5568.495754
49,37,5488.198301
49,38,5300.289983
49,51,5298.476298
49,52,5265.376923
49,55,5218.921229
50,11,28949.195611
50,12,21876.794433
50,13,16053.180599
50,14,13935.025871
50,15,11648.114057
50,16,9825.056007
50,17,7600.041719
50,21,7262.560257
50,22,7163.710357
50,23,6902.465204
50,24,6691.342108
50,25,6208.021042
50,27,5907.318187
50,29,5575.310107
50,34,5461.357203
50,38,5300.289983
50,51,5298.476298
50,52,5265.376923
50,55,5218.921229
51,11,28949.195611
51,12,21876.794433
51,13,16053.180599
51,14,13935.025871
51,15,11648.114057
51,16,9825.056007
51,17,7600.041719
51,20,7458.298828
51,21,7262.560257
51,22,7163.710357
51,23,6902.465204
51,24,6691.342108
51,25,6208.021042
51,27,5907.318187
51,29,5575.310107
51,34,5461.357203
51,38,5300.289983
51,51,5298.476298
51,52,5265.376923
51,55,5218.921229
52,11,28949.195611
52,12,21876.794433
52,13,16053.180599
52,14,13935.025871
52,15,11648.114057
52,16,9825.056007
52,17,7600.041719
52,20,7458.298828
52,21,7262.560257
52,22,7163.710357
52,23,6813.543816
52,24,6691.342108
52,25,6208.021042
52,27,5907.318187
52,29,5575.310107
52,34,5461.357203
52,38,5300.289983
52,51,5298.476298
52,52,5265.376923
52,55,5218.921229
53,11,28949.195611
53,12,21876.794433
53,13,16053.180599
53,14,13935.025871
53,15,11648.114057
53,16,9825.056007
53,17,7600.041719
53,20,7458.298828
53,21,7262.560257
53,22,7163.710357
53,23,6813.543816
53,24,6691.342108
53,25,6208.021042
53,27,5907.318187
53,29,5575.310107
53,34,5461.357203
53,38,5300.289983
53,51,5298.476298
53,52,5265.376923
53,55,5218.921229
54,11,28949.195611
54,12,21876.794433
54,13,16053.180599
54,14,13935.025871
54,15,11648.114057
54,16,9825.056007
54,17,7600.041719
54,20,7458.298828
54,21,7262.560257
54,22,7163.710357
54,23,6813.543816
54,24,6671.039854
54,25,6208.021042
54,27,5907.318187
54,29,5575.310107
54,34,5461.357203
54,38,5300.289983
54,51,5298.476298
54,52,5265.376923
54,55,5218.921229
55,11,28949.195611
55,12,21876.794433
55,13,16053.180599
55,14,13935.025871
55,15,11648.114057
55,16,9825.056007
55,17,7600.041719
55,20,7458.298828
55,21,7262.560257
55,22,7163.710357
55,23,6813.543816
55,24,6671.039854
55,25,6208.021042
55,27,5907.318187
55,29,5575.310107
55,34,5461.357203
55,38,5300.289983
55,51,5298.476298
55,52,5265.376923
55,55,5218.921229
56,11,28949.195611
56,12,21876.794433
56,13,16053.180599
56,14,13935.025871
56,15,10657.165060
56,16,9825.056007
56,17,7600.041719
56,20,7458.298828
56,21,7262.560257
56,22,7163.710357
56,23,6813.543816
56,24,6671.039854
56,25,6208.021042
56,27,5907.318187
56,29,5575.310107
56,34,5461.357203
56,38,5300.289983
56,51,5298.476298
56,52,5265.376923
56,55,5218.921229
57,11,28949.195611
57,12,21876.794433
57,13,16053.180599
57,14,13935.025871
57,15,10657.165060
57,16,9825.056007
57,17,7600.041719
57,20,7458.298828
57,21,7262.560257
57,22,7163.710357
57,23,6813.543816
57,24,6671.039854
57,25,6208.021042
57,27,5907.318187
57,29,5575.310107
57,34,5461.357203
57,38,5300.289983
57,51,5298.476298
57,52,5265.376923
57,55,5218.921229
58,11,28949.195611
58,12,21876.794433
58,13,16053.180599
58,14,13935.025871
58,15,10657.165060
58,16,9825.056007
58,17,7600.041719
58,20,7458.298828
58,21,7262.560257
58,22,7163.710357
58,23,6813.543816
58,24,6671.039854
58,25,6208.021042
58,27,5907.318187
58,29,5575.310107
58,34,5461.357203
58,38,5300.289983
58,51,5298.476298
58,52,5265.376923
58,55,5218.921229
59,11,28949.195611
59,12,21876.794433
59,13,16053.180599
59,14,13935.025871
59,15,10657.165060
59,16,9825.056007
59,17,7600.041719
59,20,7458.298828
59,21,7262.560257
59,22,7163.710357
59,23,6813.543816
59,24,6671.039854
59,25,6208.021042
59,27,5907.318187
59,29,5575.310107
59,34,5461.357203
59,38,5300.289983
59,51,5298.476298
59,52,5265.376923
59,55,5218.921229
60,11,28949.195611
60,12,21876.794433
60,13,16053.180599
60,14,13935.025871
60,15,10657.165060
60,16,9825.056007
60,17,7600.041719
60,20,7458.298828
60,21,7262.560257
60,22,7163.710357
60,23,6813.543816
60,24,6671.039854
60,25,6208.021042
60,27,5907.318187
60,29,5575.310107
60,34,5461.357203
60,38,5300.289983
60,51,5298.476298
60,52,5265.376923
60,55,5218.921229
61,11,28949.195611
61,12,21876.794433
61,13,16053.180599
61,14,13935.025871
61,15,10657.165060
61,16,9825.056007
61,17,7600.041719
61,20,7458.298828
61,21,7262.560257
61,22,7163.710357
61,23,6813.543816
61,24,6671.039854
61,25,6208.021042
61,27,5907.318187
61,29,5575.310107
61,34,5461.357203
61,38,5300.289983
61,51,5298.476298
61,52,5265.376923
61,55,5218.921229
62,11,28949.195611
62,12,21876.794433
62,13,16053.180599
62,14,13935.025871
62,15,10657.165060
62,16,9825.056007
62,17,7600.041719
62,20,7458.298828
62,21,7262.560257
62,22,7163.710357
62,23,6813.543816
62,24,6671.039854
62,25,6208.021042
62,27,5907.318187
62,29,5575.310107
62,34,5461.357203
62,38,5300.289983
62,51,5298.476298
62,52,5265.376923
62,55,5218.921229
63,11,28949.195611
63,12,21876.794433
63,13,16053.180599
63,14,13935.025871
63,15,10657.165060
63,16,9825.056007
63,17,7600.041719
63,20,7458.298828
63,21,7262.560257
63,22,7163.710357
63,23,6813.543816
63,24,6671.039854
63,25,6208.021042
63,27,5907.318187
63,29,5575.310107
63,34,5461.357203
63,38,5300.289983
63,51,5298.476298
63,52,5265.376923
63,55,5218.921229
64,11,28949.195611
64,12,21876.794433
64,13,16053.180599
64,14,13935.025871
64,15,10657.165060
64,16,9825.056007
64,17,7600.041719
64,20,7458.298828
64,21,7226.703898
64,22,7163.710357
64,23,6813.543816
64,24,6671.039854
64,25,6208.021042
64,27,5907.318187
64,29,5575.310107
64,34,5461.357203
64,38,5300.289983
64,48,5262.339784
64,55,5218.921229
65,11,28949.195611
65,12,21876.794433
65,13,15082.522252
65,14,13935.025871
65,15,10657.165060
65,16,9825.056007
65,17,7600.041719
65,20,7458.298828
65,21,7226.703898
65,22,7163.710357
65,23,6813.543816
65,24,6547.984866
65,25,6208.021042
65,27,5850.445723
65,29,5575.310107
65,34,5461.357203
65,38,5300.289983
65,48,5213.934122
66,11,28949.195611
66,12,21876.794433
66,13,15082.522252
66,14,13935.025871
66,15,10657.165060
66,16,9825.056007
66,17,7600.041719
66,20,7458.298828
66,21,7226.703898
66,22,7163.710357
66,23,6813.543816
66,24,6547.984866
66,25,6208.021042
66,27,5850.445723
66,29,5575.310107
66,34,5461.357203
66,38,5300.289983
66,48,5213.934122
67,11,28949.195611
67,12,21876.794433
67,13,15082.522252
67,14,13935.025871
67,15,10657.165060
67,16,9825.056007
67,17,7600.041719
67,20,7458.298828
67,21,7226.703898
67,22,7163.710357
67,23,6813.543816
67,24,6547.984866
67,25,6208.021042
67,27,5850.445723
67,29,5575.310107
67,34,5461.357203
67,38,5300.289983
67,48,5213.934122
68,11,28949.195611
68,12,21876.794433
68,13,15082.522252
68,14,13935.025871
68,15,10657.165060
68,16,9825.056007
68,17,7600.041719
68,20,7458.298828
68,21,7226.703898
68,22,7163.710357
68,23,6813.543816
68,24,6547.984866
68,25,6208.021042
68,27,5850.445723
68,29,5575.310107
68,34,5461.357203
68,38,5300.289983
68,39,5248.945570
68,48,5213.934122
69,11,28949.195611
69,12,21876.794433
69,13,15082.522252
69,14,13935.025871
69,15,10657.165060
69,16,9825.056007
69,17,7600.041719
69,20,7458.298828
69,21,7226.703898
69,22,7163.710357
69,23,6813.543816
69,24,6547.984866
69,25,6208.021042
69,27,5850.445723
69,29,5575.310107
69,34,5461.357203
69,38,5300.289983
69,39,5248.945570
69,48,5213.934122
70,11,28949.195611
70,12,21876.794433
70,13,15082.522252
70,14,13935.025871
70,15,10657.165060
70,16,9825.056007
70,17,7600.041719
70,20,7458.298828
70,21,7103.011133
70,23,6813.543816
70,24,6547.984866
70,25,5848.001452
70,29,5575.310107
70,34,5461.357203
70,37,5327.192960
70,38,5300.289983
70,39,5248.945570
70,48,5213.934122
71,11,28949.195611
71,12,21876.794433
71,13,15082.522252
71,14,13935.025871
71,15,10657.165060
71,16,9825.056007
71,17,7600.041719
71,20,7458.298828
71,21,7103.011133
71,23,6813.543816
71,24,6547.984866
71,25,5848.001452
71,29,5575.310107
71,34,5461.357203
71,37,5327.192960
71,38,5300.289983
71,39,5248.945570
71,48,5213.934122
72,11,28949.195611
72,12,21876.794433
72,13,15082.522252
72,14,13935.025871
72,15,10657.165060
72,16,9825.056007
72,17,7600.041719
72,20,7438.231450
72,21,7103.011133
72,23,6813.543816
72,24,6547.984866
72,25,5848.001452
72,29,5575.310107
72,34,5461.357203
72,37,5327.192960
72,38,5300.289983
72,39,5248.945570
72,48,5213.934122
73,11,28949.195611
73,12,21876.794433
73,13,15082.522252
73,14,13935.025871
73,15,10657.165060
73,16,9825.056007
73,17,7600.041719
73,20,7438.231450
73,21,7103.011133
73,23,6813.543816
73,24,6547.984866
73,25,5848.001452
73,29,5575.310107
73,34,5461.357203
73,37,5327.192960
73,38,5300.289983
73,39,5248.945570
73,48,5213.934122
74,11,28949.195611
74,12,21876.794433
74,13,15082.522252
74,14,13935.025871
74,15,10657.165060
74,16,9825.056007
74,17,7600.041719
74,20,7438.231450
74,21,7103.011133
74,23,6813.543816
74,24,6547.984866
74,25,5848.001452
74,29,5575.310107
74,34,5461.357203
74,37,5327.192960
74,38,5300.289983
74,39,5248.945570
74,48,5213.934122
75,11,28949.195611
75,12,21296.112075
75,13,15082.522252
75,14,13935.025871
75,15,10520.653933
75,16,9825.056007
75,17,7600.041719
75,20,7438.231450
75,21,7103.011133
75,23,6813.543816
75,24,6547.984866
75,25,5848.001452
75,29,5575.310107
75,34,5461.357203
75,37,5327.192960
75,38,5300.289983
75,39,5248.945570
75,48,5213.934122
76,11,28949.195611
76,12,21296.112075
76,13,15082.522252
76,14,13935.025871
76,15,10520.653933
76,16,9825.056007
76,17,7600.041719
76,20,7438.231450
76,21,7103.011133
76,23,6813.543816
76,24,6547.984866
76,25,5848.001452
76,29,5575.310107
76,34,5461.357203
76,37,5327.192960
76,38,5300.289983
76,39,5248.945570
76,48,5213.934122
77,11,27476.148738
77,12,20428.512414
77,13,15082.522252
77,14,13935.025871
77,15,10520.653933
77,16,9825.056007
77,17,7600.041719
77,20,7438.231450
77,21,7103.011133
77,22,7035.753508
77,23,6813.543816
77,24,6547.984866
77,25,5848.001452
77,29,5575.310107
77,34,5461.357203
77,37,5327.192960
77,38,5300.289983
77,39,5248.945570
77,48,5213.934122
78,11,27476.148738
78,12,20428.512414
78,13,15082.522252
78,14,13935.025871
78,15,10520.653933
78,16,9825.056007
78,17,7600.041719
78,20,7438.231450
78,21,7103.011133
78,22,7035.753508
78,23,6813.543816
78,24,6547.984866
78,25,5848.001452
78,29,5575.310107
78,34,5461.357203
78,37,5327.192960
78,38,5300.289983
78,39,5248.945570
78,48,5213.934122
79,11,27476.148738
79,12,20428.512414
79,13,15082.522252
79,14,13935.025871
79,15,10520.653933
79,16,9825.056007
79,17,7600.041719
79,20,7438.231450
79,21,7103.011133
79,22,7035.753508
79,23,6750.818203
79,24,6547.984866
79,25,5848.001452
79,29,5575.310107
79,34,5461.357203
79,37,5327.192960
79,38,5300.289983
79,39,5248.945570
79,48,5213.934122
80,11,27476.148738
80,12,20428.512414
80,13,15082.522252
80,14,13935.025871
80,15,10520.653933
80,16,9825.056007
80,17,7530.833036
80,20,7438.231450
80,21,7103.011133
80,22,7011.934470
80,23,6750.818203
80,24,6547.984866
80,25,5848.001452
80,29,5575.310107
80,34,5461.357203
80,37,5327.192960
80,38,5300.289983
80,39,5248.945570
80,48,5213.934122
81,11,27476.148738
81,12,20428.512414
81,13,15082.522252
81,14,13935.025871
81,15,10520.653933
81,16,9825.056007
81,17,7530.833036
81,20,7438.231450
81,21,7103.011133
81,22,7011.934470
81,23,6750.818203
81,24,6547.984866
81,25,5848.001452
81,29,5575.310107
81,34,5461.357203
81,37,5327.192960
81,38,5300.289983
81,39,5248.945570
81,48,5213.934122
82,11,27476.148738
82,12,20428.512414
82,13,15082.522252
82,14,13935.025871
82,15,10520.653933
82,16,9825.056007
82,17,7530.833036
82,20,7438.231450
82,21,7103.011133
82,22,7011.934470
82,23,6750.818203
82,24,6547.984866
82,25,5848.001452
82,29,5575.310107
82,34,5461.357203
82,37,5327.192960
82,38,5300.289983
82,39,5248.945570
82,48,5213.934122
83,11,27476.148738
83,12,20428.512414
83,13,15082.522252
83,14,13935.025871
83,15,10520.653933
83,16,9825.056007
83,17,7530.833036
83,20,7438.231450
83,21,7103.011133
83,22,7011.934470
83,23,6750.818203
83,24,6547.984866
83,25,5848.001452
83,29,5575.310107
83,34,5461.357203
83,37,5327.192960
83,38,5300.289983
83,39,5248.945570
83,48,5213.934122
84,11,27476.148738
84,12,20428.512414
84,13,15082.522252
84,14,13935.025871
84,15,10520.653933
84,16,9825.056007
84,17,7530.833036
84,20,7438.231450
84,21,7103.011133
84,22,7011.934470
84,23,6750.818203
84,24,6547.984866
84,25,5848.001452
84,29,5575.310107
84,34,5461.357203
84,37,5327.192960
84,38,5300.289983
84,39,5248.945570
84,48,5213.934122
85,11,27476.148738
85,12,20428.512414
85,13,15082.522252
85,14,13935.025871
85,15,10520.653933
85,16,9825.056007
85,17,7530.833036
85,20,7438.231450
85,21,7103.011133
85,22,6835.136601
85,23,6750.818203
85,24,6547.984866
85,25,5763.172521
85,26,5574.731441
85,34,5461.357203
85,36,5456.683038
85,37,5327.192960
85,38,5300.289983
85,39,5248.945570
85,48,5213.934122
86,11,27476.148738
86,12,20428.512414
86,13,15082.522252
86,14,13935.025871
86,15,10520.653933
86,16,9825.056007
86,17,7530.833036
86,20,7438.231450
86,21,7103.011133
86,22,6835.136601
86,23,6750.818203
86,24,6547.984866
86,25,5763.172521
86,26,5574.731441
86,34,5461.357203
86,36,5456.683038
86,37,5327.192960
86,38,5300.289983
86,39,5248.945570
86,48,5213.934122
87,11,27476.148738
87,12,20428.512414
87,13,15082.522252
87,14,13935.025871
87,15,10520.653933
87,16,9825.056007
87,17,7530.833036
87,20,7075.435604
87,21,7064.210838
87,22,6835.136601
87,23,6750.818203
87,24,6547.984866
87,25,5763.172521
87,26,5574.731441
87,34,5461.357203
87,36,5456.683038
87,37,5327.192960
87,38,5300.289983
87,39,5248.945570
87,48,5213.934122
88,11,27476.148738
88,12,19317.945552
88,13,15082.522252
88,14,12046.832722
88,15,10520.653933
88,16,9825.056007
88,17,7530.833036
88,20,7075.435604
88,21,7064.210838
88,22,6835.136601
88,23,6750.818203
88,24,6547.984866
88,25,5763.172521
88,26,5574.731441
88,34,5461.357203
88,36,5456.683038
88,37,5327.192960
88,38,5300.289983
88,39,5248.945570
88,48,5213.934122
89,11,27476.148738
89,12,17428.794855
89,13,15082.522252
89,14,12046.832722
89,15,10520.653933
89,16,9825.056007
89,17,7530.833036
89,20,7075.435604
89,21,7064.210838
89,22,6835.136601
89,23,6713.774827
89,24,6547.984866
89,25,5763.172521
89,26,5574.731441
89,34,5461.357203
89,36,5456.683038
89,37,5327.192960
89,38,5300.289983
89,39,5248.945570
89,48,5213.934122
90,11,27476.148738
90,12,16493.430640
90,13,15082.522252
90,14,12046.832722
90,15,10520.653933
90,16,9825.056007
90,17,7530.833036
90,20,7075.435604
90,21,7064.210838
90,22,6835.136601
90,23,6713.774827
90,24,6547.984866
90,25,5763.172521
90,26,5574.731441
90,34,5461.357203
90,36,5456.683038
90,37,5327.192960
90,38,5300.289983
90,39,5248.945570
90,48,5213.934122
91,11,27476.148738
91,12,16493.430640
91,13,15082.522252
91,14,12046.832722
91,15,10520.653933
91,16,9825.056007
91,17,7530.833036
91,20,7075.435604
91,21,7064.210838
91,22,6835.136601
91,23,6713.774827
91,24,6547.984866
91,25,5763.172521
91,26,5574.731441
91,34,5461.357203
91,36,5456.683038
91,37,5327.192960
91,38,5300.289983
91,39,5248.945570
91,48,5213.934122
92,11,27476.148738
92,12,16493.430640
92,13,15082.522252
92,14,12046.832722
92,15,10520.653933
92,16,9825.056007
92,17,7530.833036
92,20,7075.435604
92,21,7064.210838
92,22,6835.136601
92,23,6713.774827
92,24,6547.984866
92,25,5763.172521
92,26,5574.731441
92,34,5461.357203
92,36,5456.683038
92,37,5327.192960
92,38,5300.289983
92,39,5248.945570
92,48,5213.934122
93,11,27476.148738
93,12,16493.430640
93,13,15082.522252
93,14,12046.832722
93,15,10520.653933
93,16,9825.056007
93,17,7530.833036
93,20,7075.435604
93,21,7064.210838
93,22,6835.136601
93,23,6713.774827
93,24,6547.984866
93,25,5763.172521
93,26,5574.731441
93,34,5461.357203
93,36,5456.683038
93,37,5319.923976
93,38,5300.289983
93,39,5248.945570
93,48,5213.934122
94,11,27476.148738
94,12,16493.430640
94,13,15082.522252
94,14,12046.832722
94,15,10520.653933
94,16,9825.056007
94,17,7530.833036
94,20,7075.435604
94,21,7064.210838
94,22,6835.136601
94,23,6713.774827
94,24,6547.984866
94,25,5763.172521
94,26,5574.731441
94,33,5490.837277
94,34,5461.357203
94,36,5456.683038
94,37,5319.923976
94,38,5300.289983
94,39,5248.945570
94,48,5213.934122
95,11,27476.148738
95,12,16493.430640
95,13,15082.522252
95,14,12046.832722
95,15,10520.653933
95,16,9825.056007
95,17,7426.357046
95,20,7075.435604
95,21,7064.210838
95,22,6835.136601
95,23,6713.774827
95,24,6547.984866
95,25,5763.172521
95,26,5574.731441
95,33,5490.837277
95,34,5461.357203
95,36,5456.683038
95,37,5319.923976
95,38,5300.289983
95,39,5248.945570
95,48,5213.934122
96,11,27476.148738
96,12,16493.430640
96,13,15082.522252
96,14,12046.832722
96,15,10520.653933
96,16,9825.056007
96,17,7426.357046
96,20,7075.435604
96,21,7064.210838
96,22,6835.136601
96,23,6713.774827
96,24,6547.984866
96,25,5763.172521
96,26,5574.731441
96,33,5490.837277
96,34,5461.357203
96,36,5456.683038
96,37,5319.923976
96,38,5300.289983
96,39,5248.945570
96,48,5213.934122
97,11,27476.148738
97,12,16493.430640
97,13,15082.522252
97,14,12046.832722
97,15,10520.653933
97,16,9825.056007
97,17,7426.357046
97,20,7075.435604
97,21,7064.210838
97,22,6835.136601
97,23,6562.855637
97,24,6547.984866
97,25,5763.172521
97,26,5574.731441
97,33,5490.837277
97,34,5461.357203
97,36,5456.683038
97,37,5319.923976
97,38,5300.289983
97,39,5248.945570
97,48,5213.934122
98,11,27476.148738
98,12,16493.430640
98,13,15082.522252
98,14,12046.832722
98,15,10520.653933
98,16,9825.056007
98,17,7426.357046
98,20,7075.435604
98,21,7064.210838
98,22,6835.136601
98,23,6562.855637
98,24,6492.340072
98,25,5763.172521
98,26,5574.731441
98,33,5490.837277
98,34,5461.357203
98,36,5361.304346
98,37,5319.923976
98,38,5300.289983
98,39,5248.945570
98,48,5213.934122
99,11,27476.148738
99,12,16493.430640
99,13,15082.522252
99,14,12046.832722
99,15,10520.653933
99,16,9825.056007
99,17,7426.357046
99,20,7075.435604
99,21,7064.210838
99,22,6835.136601
99,23,6562.855637
99,24,6492.340072
99,25,5763.172521
99,26,5574.731441
99,33,5490.837277
99,34,5461.357203
99,36,5361.304346
99,37,5319.923976
99,38,5300.289983
99,39,5248.945570
99,48,5213.934122
100,11,27476.148738
100,12,16493.430640
100,13,15082.522252
100,14,12046.832722
100,15,10520.653933
100,16,9825.056007
100,17,7426.357046
100,20,7075.435604
100,21,7064.210838
100,22,6630.607471
100,23,6562.855637
100,24,6492.340072
100,25,5763.172521
100,26,5574.731441
100,33,5490.837277
100,34,5461.357203
100,36,5333.315523
100,37,5319.923976
100,38,5300.289983
100,39,5248.945570
100,48,5213.934122
101,11,27476.148738
101,12,16493.430640
101,13,15078.468136
101,14,12046.832722
101,15,10520.653933
101,16,9825.056007
101,17,7426.357046
101,20,7075.435604
101,21,7064.210838
101,22,6630.607471
101,23,6562.855637
101,24,6492.340072
101,25,5763.172521
101,26,5574.731441
101,33,5490.837277
101,34,5461.357203
101,36,5333.315523
101,37,5319.923976
101,38,5300.289983
101,39,5248.945570
101,48,5213.934122
102,11,27476.148738
102,12,16493.430640
102,13,15078.468136
102,14,12046.832722
102,15,10520.653933
102,16,9825.056007
102,17,7426.357046
102,20,7075.435604
102,21,6977.638385
102,22,6630.607471
102,23,6562.855637
102,24,6492.340072
102,25,5763.172521
102,26,5574.731441
102,32,5553.982352
102,33,5490.837277
102,34,5461.357203
102,36,5333.315523
102,37,5319.923976
102,38,5300.289983
102,39,5248.945570
102,42,5183.654163
103,11,27476.148738
103,12,16493.430640
103,13,15078.468136
103,14,12046.832722
103,15,10520.653933
103,16,9825.056007
103,17,7426.357046
103,20,7075.435604
103,21,6977.638385
103,22,6630.607471
103,23,6562.855637
103,24,6492.340072
103,25,5763.172521
103,26,5574.731441
103,32,5553.982352
103,33,5490.837277
103,34,5461.357203
103,36,5333.315523
103,37,5319.923976
103,38,5300.289983
103,39,5248.945570
103,42,5183.654163
104,11,27476.148738
104,12,16493.430640
104,13,15078.468136
104,14,12046.832722
104,15,10520.653933
104,16,9825.056007
104,17,7426.357046
104,20,7075.435604
104,21,6977.638385
104,22,6630.607471
104,23,6434.061385
104,25,5763.172521
104,26,5574.731441
104,32,5553.982352
104,33,5490.837277
104,34,5461.357203
104,36,5333.315523
104,37,5319.923976
104,38,5300.289983
104,39,5248.945570
104,42,5183.654163
105,11,27476.148738
105,12,16493.430640
105,13,15078.468136
105,14,12046.832722
105,15,10520.653933
105,16,8758.288095
105,17,7426.357046
105,20,7075.435604
105,21,6912.491703
105,22,6630.607471
105,23,6434.061385
105,25,5763.172521
105,26,5574.731441
105,32,5553.982352
105,33,5490.837277
105,34,5461.357203
105,36,5333.315523
105,37,5319.923976
105,38,5300.289983
105,39,5248.945570
105,42,5183.654163
106,11,27476.148738
106,12,16493.430640
106,13,15078.468136
106,14,12046.832722
106,15,10520.653933
106,16,8758.288095
106,17,7426.357046
106,20,7075.435604
106,21,6912.491703
106,22,6630.607471
106,23,6434.061385
106,25,5763.172521
106,26,5574.731441
106,30,5550.397448
106,33,5490.837277
106,34,5461.357203
106,36,5333.315523
106,37,5319.923976
106,38,5300.289983
106,39,5248.945570
106,42,5183.654163
107,11,27476.148738
107,12,16493.430640
107,13,15078.468136
107,14,12046.832722
107,15,10520.653933
107,16,8758.288095
107,17,7426.357046
107,20,7075.435604
107,21,6912.491703
107,22,6630.607471
107,23,6434.061385
107,25,5763.172521
107,26,5574.731441
107,30,5550.397448
107,33,5490.837277
107,34,5461.357203
107,36,5333.315523
107,37,5319.923976
107,38,5300.289983
107,39,5248.945570
107,42,5183.654163
108,11,27476.148738
108,12,16493.430640
108,13,14862.812310
108,14,12046.832722
108,15,10520.653933
108,16,8758.288095
108,17,7426.357046
108,20,7075.435604
108,21,6912.491703
108,22,6630.607471
108,23,6434.061385
108,25,5763.172521
108,26,5574.731441
108,30,5550.397448
108,33,5490.837277
108,34,5461.357203
108,36,5333.315523
108,37,5319.923976
108,38,5300.289983
108,39,5248.945570
108,42,5183.654163
109,11,27476.148738
109,12,16493.430640
109,13,14862.812310
109,14,12046.832722
109,15,10520.653933
109,16,8758.288095
109,17,7426.357046
109,20,7075.435604
109,21,6912.491703
109,22,6630.607471
109,23,6434.061385
109,25,5763.172521
109,26,5574.731441
109,30,5550.397448
109,33,5490.837277
109,34,5461.357203
109,36,5333.315523
109,37,5319.923976
109,38,5300.289983
109,39,5248.945570
109,42,5183.654163
110,11,27476.148738
110,12,16493.430640
110,13,14634.181934
110,14,12046.832722
110,15,10520.653933
110,16,8758.288095
110,17,7426.357046
110,20,7075.435604
110,21,6912.491703
110,22,6630.607471
110,23,6434.061385
110,25,5763.172521
110,26,5574.731441
110,30,5550.397448
110,33,5490.837277
110,34,5461.357203
110,36,5333.315523
110,37,5319.923976
110,38,5300.289983
110,39,5248.945570
110,42,5183.654163
111,11,27476.148738
111,12,16493.430640
111,13,14634.181934
111,14,12046.832722
111,15,10520.653933
111,16,8758.288095
111,17,7426.357046
111,20,7075.435604
111,21,6912.491703
111,22,6630.607471
111,23,6434.061385
111,25,5763.172521
111,26,5574.731441
111,30,5550.397448
111,33,5490.837277
111,34,5461.357203
111,36,5333.315523
111,37,5319.923976
111,38,5300.289983
111,39,5248.945570
111,42,5183.654163
112,11,27476.148738
112,12,16493.430640
112,13,14634.181934
112,14,12046.832722
112,15,10520.653933
112,16,8758.288095
112,17,7426.357046
112,20,7075.435604
112,21,6714.951952
112,22,6630.607471
112,23,6434.061385
112,25,5763.172521
112,26,5574.731441
112,30,5550.397448
112,33,5490.837277
112,34,5461.357203
112,36,5333.315523
112,37,5319.923976
112,38,5300.289983
112,39,5248.945570
112,42,5183.654163
113,11,27476.148738
113,12,16493.430640
113,13,14440.304803
113,14,12046.832722
113,15,10520.653933
113,16,8758.288095
113,17,7426.357046
113,20,7075.435604
113,21,6714.951952
113,22,6630.607471
113,23,6434.061385
113,25,5763.172521
113,26,5574.731441
113,30,5550.397448
113,33,5490.837277
113,34,5461.357203
113,36,5333.315523
113,37,5319.923976
113,38,5300.289983
113,39,5248.945570
113,42,5183.654163
114,11,27476.148738
114,12,16493.430640
114,13,14440.304803
114,14,12046.832722
114,15,10520.653933
114,16,8758.288095
114,17,7426.357046
114,20,7001.274945
114,21,6714.951952
114,22,6630.607471
114,23,6434.061385
114,24,6265.491606
114,25,5763.172521
114,26,5574.731441
114,30,5550.397448
114,33,5490.837277
114,34,5461.357203
114,36,5333.315523
114,37,5319.923976
114,38,5300.289983
114,39,5248.945570
114,42,5183.654163
115,11,27476.148738
115,12,16493.430640
115,13,14440.304803
115,14,12046.832722
115,15,10520.653933
115,16,8758.288095
115,17,7426.357046
115,20,7001.274945
115,21,6714.951952
115,22,6630.607471
115,23,6434.061385
115,24,6215.143770
115,25,5763.172521
115,26,5574.731441
115,30,5550.397448
115,33,5490.837277
115,34,5461.357203
115,36,5333.315523
115,37,5319.923976
115,38,5300.289983
115,39,5248.945570
115,42,5183.654163
116,11,27476.148738
116,12,16493.430640
116,13,14440.304803
116,14,12046.832722
116,15,10520.653933
116,16,8758.288095
116,17,7426.357046
116,20,7001.274945
116,21,6714.951952
116,22,6630.607471
116,23,6434.061385
116,24,6215.143770
116,25,5763.172521
116,26,5574.731441
116,30,5550.397448
116,33,5490.837277
116,34,5461.357203
116,36,5333.315523
116,37,5319.923976
116,38,5300.289983
116,39,5248.945570
116,42,5183.654163
117,11,27476.148738
117,12,16493.430640
117,13,14440.304803
117,14,12046.832722
117,15,10520.653933
117,16,8758.288095
117,17,7426.357046
117,20,7001.274945
117,21,6714.951952
117,22,6630.607471
117,23,6434.061385
117,24,6215.143770
117,25,5763.172521
117,26,5574.731441
117,30,5550.397448
117,33,5490.837277
117,34,5461.357203
117,36,5333.315523
117,37,5319.923976
117,38,5300.289983
117,39,5248.945570
117,42,5183.654163
118,11,27476.148738
118,12,16493.430640
118,13,14440.304803
118,14,12046.832722
118,15,10520.653933
118,16,8758.288095
118,17,7426.357046
118,20,7001.274945
118,21,6714.951952
118,22,6630.607471
118,23,6434.061385
118,24,6215.143770
118,25,5763.172521
118,26,5574.731441
118,30,5550.397448
118,33,5490.837277
118,34,5461.357203
118,35,5397.852718
118,36,5333.315523
118,37,5319.923976
118,38,5300.289983
118,39,5248.945570
118,42,5183.654163
119,11,27476.148738
119,12,16493.430640
119,13,14440.304803
119,14,12046.832722
119,15,10520.653933
119,16,8758.288095
119,17,7426.357046
119,20,7001.274945
119,21,6714.951952
119,22,6630.607471
119,23,6434.061385
119,24,6215.143770
119,25,5763.172521
119,26,5574.731441
119,30,5550.397448
119,33,5490.837277
119,34,5461.357203
119,35,5397.852718
119,36,5333.315523
119,37,5319.923976
119,38,5300.289983
119,39,5248.945570
119,42,5183.654163
120,11,27476.148738
120,12,16493.430640
120,13,14440.304803
120,14,12046.832722
120,15,10520.653933
120,16,8489.120000
120,17,7426.357046
120,20,7001.274945
120,21,6714.951952
120,22,6297.229159
120,24,6215.143770
120,25,5763.172521
120,26,5574.731441
120,30,5550.397448
120,33,5351.269755
120,36,5231.221249
120,42,5183.654163
121,11,27476.148738
121,12,16493.430640
121,13,14440.304803
121,14,12046.832722
121,15,10520.653933
121,16,8489.120000
121,17,7426.357046
121,20,7001.274945
121,21,6714.951952
121,22,6297.229159
121,23,6228.534533
121,24,6215.143770
121,25,5763.172521
121,26,5574.731441
121,30,5550.397448
121,33,5351.269755
121,36,5231.221249
121,42,5183.654163
122,11,27476.148738
122,12,16493.430640
122,13,14440.304803
122,14,12046.832722
122,15,10520.653933
122,16,8489.120000
122,17,7426.357046
122,20,7001.274945
122,21,6714.951952
122,22,6297.229159
122,23,6228.534533
122,24,6215.143770
122,25,5763.172521
122,26,5574.731441
122,30,5550.397448
122,33,5351.269755
122,36,5231.221249
122,42,5183.654163
123,11,27476.148738
123,12,16493.430640
123,13,14440.304803
123,14,12046.832722
123,15,10261.396623
123,16,8489.120000
123,17,7426.357046
123,20,7001.274945
123,21,6714.951952
123,22,6297.229159
123,23,6228.534533
123,24,6215.143770
123,25,5763.172521
123,26,5574.731441
123,30,5550.397448
123,32,5516.833965
123,33,5351.269755
123,36,5231.221249
123,42,5183.654163
124,11,27476.148738
124,12,16493.430640
124,13,14440.304803
124,14,12046.832722
124,15,10261.396623
124,16,8489.120000
124,17,7426.357046
124,20,7001.274945
124,21,6714.951952
124,22,6297.229159
124,23,6228.534533
124,24,6215.143770
124,25,5763.172521
124,26,5574.731441
124,30,5550.397448
124,32,5516.833965
124,33,5351.269755
124,36,5231.221249
124,42,5183.654163
125,11,27476.148738
125,12,16493.430640
125,13,14440.304803
125,14,12046.832722
125,15,10261.396623
125,16,8489.120000
125,17,7426.357046
125,20,7001.274945
125,21,6714.951952
125,22,6297.229159
125,23,6085.837619
125,25,5763.172521
125,26,5574.731441
125,30,5550.397448
125,32,5470.144152
125,33,5351.269755
125,36,5231.221249
125,42,5183.654163
126,11,27476.148738
126,12,16493.430640
126,13,14440.304803
126,14,12046.832722
126,15,10261.396623
126,16,8489.120000
126,17,7426.357046
126,20,7001.274945
126,21,6714.951952
126,22,6297.229159
126,23,6085.837619
126,25,5763.172521
126,26,5574.731441
126,30,5550.397448
126,32,5470.144152
126,33,5351.269755
126,36,5231.221249
126,42,5183.654163
127,11,27476.148738
127,12,16493.430640
127,13,14440.304803
127,14,12046.832722
127,15,10261.396623
127,16,8489.120000
127,17,7426.357046
127,20,6981.073586
127,21,6714.951952
127,22,6297.229159
127,23,6085.837619
127,25,5763.172521
127,26,5574.731441
127,30,5550.397448
127,32,5470.144152
127,33,5351.269755
127,36,5231.221249
127,42,5183.654163
128,11,27476.148738
128,12,16493.430640
128,13,14440.304803
128,14,12046.832722
128,15,10261.396623
128,16,8489.120000
128,17,7426.357046
128,20,6981.073586
128,21,6714.951952
128,22,6297.229159
128,23,6085.837619
128,25,5763.172521
128,26,5574.731441
128,30,5550.397448
128,32,5470.144152
128,33,5351.269755
128,36,5231.221249
128,42,5183.654163
129,11,27476.148738
129,12,16493.430640
129,13,14440.304803
129,14,12046.832722
129,15,10261.396623
129,16,8489.120000
129,17,7426.357046
129,19,7319.737120
129,20,6981.073586
129,21,6714.951952
129,22,6297.229159
129,23,6085.837619
129,25,5763.172521
129,26,5574.731441
129,30,5550.397448
129,32,5470.144152
129,33,5351.269755
129,36,5231.221249
129,42,5183.654163
130,11,27476.148738
130,12,16493.430640
130,13,14440.304803
130,14,12046.832722
130,15,10261.396623
130,16,8489.120000
130,17,7426.357046
130,19,7319.737120
130,20,6981.073586
130,21,6714.951952
130,22,6297.229159
130,23,6022.609160
130,25,5763.172521
130,26,5574.731441
130,30,5550.397448
130,32,5470.144152
130,33,5351.269755
130,36,5196.835290
130,42,5183.654163
131,11,27476.148738
131,12,16493.430640
131,13,13977.997577
131,14,12046.832722
131,15,10261.396623
131,16,8489.120000
131,17,7426.357046
131,19,7319.737120
131,20,6981.073586
131,21,6714.951952
131,22,6297.229159
131,23,6022.609160
131,25,5763.172521
131,26,5574.731441
131,30,5550.397448
131,32,5470.144152
131,33,5351.269755
131,36,5196.835290
131,42,5183.654163
131,43,5173.063624
132,11,27476.148738
132,12,16493.430640
132,13,13977.997577
132,14,12046.832722
132,15,10261.396623
132,16,8489.120000
132,17,7426.357046
132,19,7319.737120
132,20,6981.073586
132,21,6714.951952
132,22,6297.229159
132,23,6022.609160
132,25,5763.172521
132,26,5574.731441
132,30,5550.397448
132,32,5470.144152
132,33,5351.269755
132,36,5196.835290
132,42,5183.654163
132,43,5173.063624
133,11,27476.148738
133,12,16493.430640
133,13,13977.997577
133,14,12046.832722
133,15,10261.396623
133,16,8489.120000
133,17,7426.357046
133,19,7319.737120
133,20,6981.073586
133,21,6714.951952
133,22,6297.229159
133,23,6022.609160
133,25,5763.172521
133,26,5574.731441
133,30,5550.397448
133,32,5470.144152
133,33,5351.269755
133,36,5196.835290
133,42,5183.654163
133,43,5173.063624
134,11,27476.148738
134,12,16493.430640
134,13,13977.997577
134,14,12046.832722
134,15,10261.396623
134,16,8489.120000
134,17,7426.357046
134,19,7319.737120
134,20,6981.073586
134,21,6714.951952
134,22,6297.229159
134,23,6022.609160
134,25,5763.172521
134,26,5574.731441
134,30,5550.397448
134,32,5470.144152
134,33,5351.269755
134,36,5196.835290
134,42,5183.654163
134,43,5173.063624
135,11,27476.148738
135,12,16493.430640
135,13,13977.997577
135,14,12046.832722
135,15,10261.396623
135,16,8489.120000
135,17,7426.357046
135,19,7319.737120
135,20,6564.988786
135,22,6040.460066
135,23,6022.609160
135,25,5763.172521
135,26,5574.731441
135,30,5550.397448
135,32,5470.144152
135,33,5351.269755
135,36,5196.835290
135,42,5183.654163
135,43,5173.063624
136,11,27476.148738
136,12,16493.430640
136,13,13977.997577
136,14,12046.832722
136,15,10261.396623
136,16,8489.120000
136,17,7426.357046
136,19,7319.737120
136,20,6564.988786
136,22,6040.460066
136,23,6022.609160
136,25,5763.172521
136,26,5574.731441
136,30,5550.397448
136,32,5470.144152
136,33,5351.269755
136,36,5196.835290
136,42,5183.654163
136,43,5173.063624
137,11,26304.571927
137,12,16493.430640
137,13,13977.997577
137,14,12046.832722
137,15,10261.396623
137,16,8489.120000
137,17,7426.357046
137,19,7319.737120
137,20,6564.988786
137,22,6040.460066
137,23,6022.609160
137,25,5763.172521
137,26,5574.731441
137,30,5550.397448
137,32,5470.144152
137,33,5351.269755
137,36,5196.835290
137,42,5183.654163
137,43,5173.063624
138,11,26304.571927
138,12,16493.430640
138,13,13977.997577
138,14,12046.832722
138,15,10261.396623
138,16,8489.120000
138,17,7426.357046
138,19,7319.737120
138,20,6564.988786
138,22,6040.460066
138,23,6022.609160
138,25,5763.172521
138,26,5574.731441
138,30,5550.397448
138,32,5470.144152
138,33,5351.269755
138,36,5196.835290
138,42,5183.654163
138,43,5173.063624
139,11,26304.571927
139,12,16493.430640
139,13,13977.997577
139,14,12046.832722
139,15,10261.396623
139,16,8489.120000
139,17,7426.357046
139,19,7286.446127
139,20,6564.988786
139,22,6040.460066
139,23,6022.609160
139,24,5959.956066
139,25,5763.172521
139,26,5574.731441
139,30,5550.397448
139,32,5470.144152
139,33,5351.269755
139,36,5196.835290
139,42,5183.654163
139,43,5173.063624
140,11,26304.571927
140,12,16493.430640
140,13,13977.997577
140,14,12046.832722
140,15,10261.396623
140,16,8489.120000
140,17,7426.357046
140,19,7278.180816
140,20,6564.988786
140,22,6040.460066
140,23,6022.609160
140,24,5959.956066
140,25,5763.172521
140,26,5574.731441
140,30,5550.397448
140,32,5470.144152
140,33,5351.269755
140,36,5162.676809
141,11,26304.571927
141,12,16493.430640
141,13,13977.997577
141,14,12046.832722
141,15,10261.396623
141,16,8489.120000
141,17,7426.357046
141,19,7278.180816
141,20,6564.988786
141,22,6040.460066
141,23,6022.609160
141,24,5959.956066
141,25,5763.172521
141,26,5574.731441
141,30,5550.397448
141,32,5470.144152
141,33,5351.269755
141,36,5162.676809
142,11,26304.571927
142,12,16493.430640
142,13,13977.997577
142,14,12046.832722
142,15,10261.396623
142,16,8489.120000
142,17,7426.357046
142,19,6976.583364
142,20,6564.988786
142,22,6040.460066
142,23,6022.609160
142,24,5959.956066
142,25,5763.172521
142,26,5574.731441
142,30,5550.397448
142,32,5470.144152
142,33,5351.269755
142,36,5162.676809
143,11,26304.571927
143,12,16493.430640
143,13,13977.997577
143,14,12046.832722
143,15,10261.396623
143,16,8489.120000
143,17,7426.357046
143,19,6976.583364
143,20,6564.988786
143,22,6040.460066
143,23,6022.609160
143,24,5959.956066
143,25,5763.172521
143,26,5574.731441
143,30,5550.397448
143,32,5470.144152
143,33,5351.269755
143,36,5162.676809
144,11,26304.571927
144,12,16493.430640
144,13,13977.997577
144,14,12046.832722
144,15,10261.396623
144,16,8489.120000
144,17,7426.357046
144,19,6976.583364
144,20,6564.988786
144,22,6040.460066
144,23,6022.609160
144,24,5959.956066
144,25,5763.172521
144,26,5574.731441
144,30,5550.397448
144,32,5470.144152
144,33,5351.269755
144,36,5162.676809
145,11,26304.571927
145,12,16493.430640
145,13,13977.997577
145,14,12046.832722
145,15,10261.396623
145,16,8489.120000
145,17,7426.357046
145,19,6976.583364
145,20,6564.988786
145,22,6040.460066
145,23,6022.609160
145,24,5959.956066
145,25,5763.172521
145,26,5574.731441
145,30,5550.397448
145,32,5470.144152
145,33,5351.269755
145,36,5162.676809
146,11,26304.571927
146,12,16493.430640
146,13,13977.997577
146,14,12046.832722
146,15,10261.396623
146,16,8489.120000
146,17,7426.357046
146,19,6976.583364
146,20,6564.988786
146,22,6040.460066
146,23,6022.609160
146,24,5959.956066
146,25,5763.172521
146,26,5574.731441
146,30,5550.397448
146,32,5470.144152
146,33,5351.269755
146,36,5162.676809
147,11,26304.571927
147,12,16493.430640
147,13,13977.997577
147,14,12046.832722
147,15,9867.446522
147,16,8489.120000
147,17,7426.357046
147,19,6976.583364
147,20,6564.988786
147,22,6040.460066
147,23,6022.609160
147,24,5959.956066
147,25,5763.172521
147,26,5574.731441
147,30,5550.397448
147,32,5470.144152
147,33,5351.269755
147,36,5162.676809
148,11,26304.571927
148,12,16493.430640
148,13,13977.997577
148,14,12046.832722
148,15,9867.446522
148,16,8489.120000
148,17,7426.357046
148,19,6976.583364
148,20,6564.988786
148,22,6040.460066
148,23,6022.609160
148,24,5959.956066
148,25,5763.172521
148,26,5574.731441
148,30,5550.397448
148,31,5545.002480
148,32,5470.144152
148,33,5351.269755
148,36,5162.676809
149,11,26304.571927
149,12,16493.430640
149,13,13977.997577
149,14,12046.832722
149,15,9867.446522
149,16,8489.120000
149,17,7426.357046
149,19,6976.583364
149,20,6564.988786
149,21,6365.579153
149,22,6040.460066
149,23,6022.609160
149,24,5959.956066
149,25,5763.172521
149,26,5574.731441
149,30,5550.397448
149,31,5545.002480
149,32,5470.144152
149,33,5351.269755
149,36,5162.676809
150,11,26304.571927
150,12,16493.430640
150,13,13977.997577
150,14,12046.832722
150,15,9837.584039
150,16,8451.511673
150,17,7426.357046
150,19,6976.583364
150,20,6564.988786
150,21,6365.579153
150,22,6040.460066
150,23,6022.609160
150,24,5959.956066
150,25,5763.172521
150,26,5574.731441
150,30,5550.397448
150,31,5533.621912
150,32,5470.144152
150,33,5351.269755
150,35,5225.878006
150,36,5162.676809
151,11,26304.571927
151,12,16493.430640
151,13,13977.997577
151,14,12046.832722
151,15,9837.584039
151,16,8451.511673
151,17,7426.357046
151,19,6976.583364
151,20,6564.988786
151,21,6365.579153
151,22,6040.460066
151,23,6022.609160
151,24,5959.956066
151,25,5763.172521
151,26,5574.731441
151,30,5550.397448
151,31,5533.621912
151,32,5470.144152
151,33,5351.269755
151,35,5225.878006
151,36,5162.676809
152,11,26304.571927
152,12,16493.430640
152,13,13977.997577
152,14,12046.832722
152,15,9837.584039
152,16,8451.511673
152,17,7426.357046
152,19,6976.583364
152,20,6564.988786
152,21,6365.579153
152,22,6040.460066
152,23,6022.609160
152,24,5959.956066
152,25,5763.172521
152,26,5574.731441
152,30,5550.397448
152,31,5533.621912
152,32,5470.144152
152,33,5351.269755
152,35,5225.878006
152,36,5162.676809
153,11,26304.571927
153,12,16493.430640
153,13,13977.997577
153,14,12046.832722
153,15,9711.131051
153,16,8343.874512
153,17,7426.357046
153,19,6976.583364
153,20,6564.988786
153,21,6365.579153
153,22,6040.460066
153,23,6022.609160
153,24,5959.956066
153,25,5763.172521
153,26,5574.731441
153,30,5550.397448
153,31,5533.621912
153,32,5470.144152
153,33,5351.269755
153,35,5225.878006
153,36,5162.676809
154,11,26304.571927
154,12,16493.430640
154,13,13977.997577
154,14,12046.832722
154,15,9711.131051
154,16,8343.874512
154,17,7426.357046
154,18,7307.313151
154,19,6976.583364
154,20,6564.988786
154,21,6365.579153
154,22,6040.460066
154,23,6022.609160
154,24,5959.956066
154,25,5763.172521
154,26,5574.731441
154,30,5550.397448
154,31,5533.621912
154,32,5470.144152
154,33,5351.269755
154,35,5225.878006
154,36,5162.676809
155,11,26304.571927
155,12,14963.861975
155,13,13977.997577
155,14,12046.832722
155,15,9711.131051
155,16,8343.874512
155,17,7426.357046
155,18,7307.313151
155,19,6976.583364
155,20,6564.988786
155,21,6365.303427
155,22,6040.460066
155,23,6022.609160
155,24,5959.956066
155,25,5763.172521
155,26,5574.731441
155,30,5550.397448
155,31,5533.621912
155,32,5470.144152
155,33,5351.269755
155,35,5225.878006
155,36,5162.676809
156,11,26304.571927
156,12,14963.861975
156,13,13977.997577
156,14,12046.832722
156,15,9711.131051
156,16,8343.874512
156,17,7426.357046
156,18,7307.313151
156,19,6976.583364
156,20,6564.988786
156,21,6365.303427
156,22,6040.460066
156,23,6022.609160
156,24,5959.956066
156,25,5763.172521
156,26,5574.731441
156,30,5550.397448
156,31,5533.621912
156,32,5470.144152
156,33,5351.269755
156,35,5225.878006
156,36,5162.676809
157,10,37291.881432
157,11,26304.571927
157,12,14963.861975
157,13,13977.997577
157,14,12046.832722
157,15,9711.131051
157,16,8343.874512
157,17,7426.357046
157,18,7307.313151
157,19,6976.583364
157,20,6564.988786
157,21,6365.303427
157,22,6040.460066
157,23,6022.609160
157,24,5959.956066
157,25,5763.172521
157,26,5574.731441
157,30,5550.397448
157,31,5533.621912
157,32,5442.581348
157,33,5351.269755
157,35,5225.878006
157,36,5162.676809
158,10,37291.881432
158,11,26304.571927
158,12,14963.861975
158,13,13977.997577
158,14,12046.832722
158,15,9711.131051
158,16,8343.874512
158,17,7426.357046
158,18,7307.313151
158,19,6976.583364
158,20,6564.988786
158,21,6365.303427
158,22,6040.460066
158,23,6022.609160
158,24,5959.956066
158,25,5763.172521
158,26,5574.731441
158,30,5550.397448
158,31,5498.218702
158,32,5442.581348
158,33,5351.269755
158,35,5225.878006
158,36,5162.676809
159,10,37291.881432
159,11,26304.571927
159,12,14963.861975
159,13,13977.997577
159,14,12046.832722
159,15,9554.451412
159,16,8233.216272
159,17,7426.357046
159,18,7307.313151
159,19,6976.583364
159,20,6564.988786
159,21,6365.303427
159,22,6040.460066
159,23,6022.609160
159,24,5959.956066
159,25,5763.172521
159,26,5574.731441
159,29,5548.333344
159,31,5498.218702
159,32,5442.581348
159,33,5351.269755
159,35,5225.878006
159,36,5162.676809
160,10,37291.881432
160,11,26304.571927
160,12,14963.861975
160,13,13977.997577
160,14,12046.832722
160,15,9554.451412
160,16,8233.216272
160,17,7272.131674
160,19,6976.583364
160,20,6564.988786
160,21,6365.303427
160,22,6040.460066
160,23,6022.609160
160,24,5959.956066
160,25,5763.172521
160,26,5574.731441
160,28,5478.175447
160,32,5442.581348
160,33,5351.269755
160,35,5225.878006
160,36,5162.676809
161,10,37291.881432
161,11,26304.571927
161,12,14963.861975
161,13,13977.997577
161,14,12046.832722
161,15,9554.451412
161,16,8233.216272
161,17,7272.131674
161,19,6976.583364
161,20,6564.988786
161,21,6365.303427
161,22,6040.460066
161,23,6022.609160
161,24,5959.956066
161,25,5564.454410
161,28,5478.175447
161,32,5442.581348
161,33,5351.269755
161,35,5225.878006
161,36,5162.676809
162,10,37291.881432
162,11,26304.571927
162,12,14963.861975
162,13,13977.997577
162,14,12046.832722
162,15,9554.451412
162,16,8233.216272
162,17,7272.131674
162,19,6976.583364
162,20,6564.988786
162,21,6365.303427
162,22,6040.460066
162,23,6022.609160
162,24,5959.956066
162,25,5564.454410
162,28,5478.175447
162,31,5451.831669
162,32,5442.581348
162,33,5351.269755
162,35,5225.878006
162,36,5162.676809
163,10,37291.881432
163,11,26304.571927
163,12,14963.861975
163,13,13977.997577
163,14,12046.832722
163,15,9554.451412
163,16,8233.216272
163,17,7272.131674
163,19,6976.583364
163,20,6149.199924
163,22,6040.460066
163,23,6022.609160
163,24,5959.956066
163,25,5564.454410
163,28,5478.175447
163,31,5451.831669
163,32,5442.581348
163,33,5351.269755
163,35,5225.878006
163,36,5162.676809
164,10,37291.881432
164,11,26304.571927
164,12,14963.861975
164,13,13977.997577
164,14,12046.832722
164,15,9554.451412
164,16,8233.216272
164,17,7272.131674
164,19,6976.583364
164,20,6149.199924
164,22,6040.460066
164,23,6022.609160
164,24,5959.956066
164,25,5564.454410
164,28,5478.175447
164,31,5451.831669
164,32,5442.581348
164,33,5351.269755
164,35,5225.878006
164,36,5162.676809
165,10,37291.881432
165,11,26304.571927
165,12,14963.861975
165,13,13977.997577
165,14,12046.832722
165,15,9554.451412
165,16,7364.426526
165,17,7272.131674
165,19,6976.583364
165,20,6149.199924
165,22,6040.460066
165,23,6022.609160
165,24,5959.956066
165,25,5564.454410
165,28,5478.175447
165,31,5451.831669
165,32,5442.581348
165,33,5351.269755
165,34,5142.585924
166,10,37291.881432
166,11,26304.571927
166,12,14963.861975
166,13,13977.997577
166,14,12046.832722
166,15,9374.317512
166,16,7364.426526
166,17,7272.131674
166,19,6952.872260
166,20,6149.199924
166,22,6040.460066
166,23,6022.609160
166,24,5959.956066
166,25,5564.454410
166,27,5529.470419
166,28,5478.175447
166,31,5451.831669
166,32,5442.581348
166,33,5351.269755
166,34,5142.585924
167,10,37291.881432
167,11,26304.571927
167,12,14963.861975
167,13,13977.997577
167,14,12046.832722
167,15,9286.295774
167,16,7364.426526
167,17,7272.131674
167,19,6810.197834
167,20,6149.199924
167,21,6054.823316
167,22,6040.460066
167,23,6022.609160
167,24,5959.956066
167,25,5564.454410
167,27,5529.470419
167,28,5478.175447
167,31,5451.831669
167,32,5442.581348
167,33,5351.269755
167,34,5142.585924
168,10,37291.881432
168,11,26304.571927
168,12,14963.861975
168,13,13977.997577
168,14,12046.832722
168,15,9286.295774
168,16,7364.426526
168,17,7272.131674
168,19,6810.197834
168,20,6149.199924
168,21,6054.823316
168,22,6040.460066
168,23,6022.609160
168,24,5959.956066
168,25,5564.454410
168,27,5529.470419
168,28,5478.175447
168,31,5451.831669
168,32,5442.581348
168,33,5351.269755
168,34,5142.585924
169,10,37291.881432
169,11,26304.571927
169,12,14963.861975
169,13,13977.997577
169,14,12046.832722
169,15,9286.295774
169,16,7364.426526
169,17,7272.131674
169,18,7156.420175
169,19,6607.863975
169,20,6149.199924
169,21,6054.823316
169,22,6040.460066
169,23,6022.609160
169,24,5959.956066
169,25,5564.454410
169,27,5486.024523
169,28,5478.175447
169,31,5451.831669
169,32,5442.581348
169,33,5333.758006
169,34,5142.585924
170,10,37291.881432
170,11,26304.571927
170,12,14511.975540
170,13,13977.997577
170,14,12046.832722
170,15,9286.295774
170,16,7364.426526
170,17,7153.347930
170,19,6464.963279
170,20,6149.199924
170,21,6036.947729
170,23,5971.098858
170,24,5959.956066
170,25,5564.454410
170,27,5486.024523
170,28,5478.175447
170,31,5451.831669
170,32,5442.581348
170,33,5333.758006
170,34,5142.585924
171,10,37291.881432
171,11,26304.571927
171,12,14511.975540
171,13,13977.997577
171,14,12046.832722
171,15,9286.295774
171,16,7364.426526
171,17,7153.347930
171,19,6464.963279
171,20,6149.199924
171,21,6036.947729
171,23,5971.098858
171,24,5959.956066
171,25,5564.454410
171,27,5486.024523
171,28,5478.175447
171,31,5451.831669
171,32,5442.581348
171,33,5333.758006
171,34,5142.585924
172,10,37291.881432
172,11,26304.571927
172,12,14511.975540
172,13,13977.997577
172,14,12046.832722
172,15,9286.295774
172,16,7364.426526
172,17,7153.347930
172,19,6464.963279
172,20,6149.199924
172,21,6036.947729
172,23,5971.098858
172,24,5959.956066
172,25,5564.454410
172,27,5486.024523
172,28,5414.247911
172,33,5333.758006
172,34,5142.585924
173,10,37291.881432
173,11,26304.571927
173,12,14511.975540
173,13,13977.997577
173,14,12046.832722
173,15,9286.295774
173,16,7364.426526
173,17,7153.347930
173,19,6464.963279
173,20,6149.199924
173,21,6036.947729
173,23,5971.098858
173,24,5959.956066
173,25,5564.454410
173,27,5486.024523
173,28,5414.247911
173,33,5333.758006
173,34,5142.585924
174,10,37291.881432
174,11,26304.571927
174,12,14511.975540
174,13,13977.997577
174,14,12046.832722
174,15,9280.277045
174,16,7364.426526
174,17,7153.347930
174,19,6464.963279
174,20,6149.199924
174,21,6036.947729
174,23,5971.098858
174,24,5959.956066
174,25,5564.454410
174,27,5486.024523
174,28,5414.247911
174,33,5333.758006
174,34,5142.585924
175,10,37291.881432
175,11,26304.571927
175,12,14511.975540
175,13,13977.997577
175,14,12046.832722
175,15,9280.277045
175,16,7364.426526
175,17,7153.347930
175,19,6464.963279
175,20,6149.199924
175,21,6036.947729
175,23,5971.098858
175,24,5959.956066
175,25,5564.454410
175,27,5486.024523
175,28,5414.247911
175,33,5333.758006
175,34,5142.585924
176,10,37291.881432
176,11,26304.571927
176,12,14511.975540
176,13,13977.997577
176,14,10075.295737
176,15,9280.277045
176,16,7364.426526
176,17,7153.347930
176,19,6464.963279
176,20,6149.199924
176,21,6036.947729
176,23,5971.098858
176,24,5959.956066
176,25,5564.454410
176,27,5486.024523
176,28,5414.247911
176,33,5288.699677
176,34,5142.585924
177,10,37291.881432
177,11,26304.571927
177,12,14511.975540
177,13,13977.997577
177,14,10075.295737
177,15,9280.277045
177,16,7364.426526
177,17,7153.347930
177,18,7112.138027
177,19,6434.089176
177,20,6149.199924
177,21,5890.214513
177,24,5887.574568
177,25,5564.454410
177,27,5486.024523
177,28,5414.247911
177,30,5370.871874
177,33,5288.699677
177,34,5142.585924
178,10,37291.881432
178,11,26304.571927
178,12,14511.975540
178,13,13977.997577
178,14,10075.295737
178,15,9280.277045
178,16,7364.426526
178,17,7153.347930
178,18,7112.138027
178,19,6434.089176
178,20,6149.199924
178,21,5890.214513
178,24,5782.148774
178,25,5564.454410
178,27,5486.024523
178,28,5414.247911
178,30,5370.871874
178,33,5288.699677
178,34,5142.585924
178,46,5099.428588
179,10,37291.881432
179,11,26304.571927
179,12,14511.975540
179,13,13977.997577
179,14,10075.295737
179,15,9280.277045
179,16,7193.764052
179,17,7153.347930
179,18,7112.138027
179,19,6434.089176
179,20,6149.199924
179,21,5890.214513
179,24,5782.148774
179,25,5564.454410
179,27,5486.024523
179,28,5414.247911
179,30,5370.871874
179,32,5316.286250
179,33,5288.699677
179,34,5142.585924
179,46,5099.428588
180,10,37291.881432
180,11,26304.571927
180,12,14511.975540
180,13,13977.997577
180,14,10075.295737
180,15,8123.758587
180,16,6920.101913
180,18,6811.168041
180,19,6391.798526
180,20,6149.199924
180,21,5890.214513
180,24,5771.179140
180,25,5564.454410
180,27,5486.024523
180,28,5414.247911
180,30,5370.871874
180,32,5316.286250
180,33,5288.699677
180,34,5142.585924
180,46,5099.428588
181,10,37291.881432
181,11,22106.287188
181,12,14511.975540
181,13,13977.997577
181,14,10075.295737
181,15,8123.758587
181,16,6920.101913
181,18,6811.168041
181,19,6391.798526
181,20,6149.199924
181,21,5890.214513
181,24,5771.179140
181,25,5544.858592
181,27,5486.024523
181,28,5414.247911
181,29,5345.992960
181,30,5323.695117
181,32,5316.286250
181,33,5288.699677
181,34,5142.585924
181,46,5099.428588
182,10,37291.881432
182,11,22106.287188
182,12,14511.975540
182,13,13977.997577
182,14,10075.295737
182,15,7747.410298
182,16,6920.101913
182,18,6811.168041
182,19,6135.606618
182,21,5890.214513
182,22,5884.604739
182,24,5771.179140
182,25,5544.858592
182,27,5486.024523
182,28,5414.247911
182,29,5345.992960
182,30,5323.695117
182,32,5316.286250
182,33,5288.699677
182,34,5142.585924
182,46,5099.428588
183,10,37291.881432
183,11,22106.287188
183,12,14511.975540
183,13,13977.997577
183,14,10075.295737
183,15,7747.410298
183,16,6920.101913
183,18,6811.168041
183,19,6135.606618
183,21,5890.214513
183,22,5884.604739
183,24,5771.179140
183,25,5544.858592
183,27,5486.024523
183,28,5413.702922
183,29,5345.992960
183,30,5323.695117
183,32,5316.286250
183,33,5287.873837
183,34,5142.585924
183,46,5099.428588
184,10,37291.881432
184,11,22106.287188
184,12,14511.975540
184,13,13977.997577
184,14,10075.295737
184,15,7747.410298
184,16,6920.101913
184,18,6687.465517
184,19,6135.606618
184,21,5890.214513
184,22,5884.604739
184,24,5771.179140
184,25,5544.858592
184,27,5486.024523
184,28,5413.702922
184,29,5345.992960
184,30,5323.695117
184,32,5307.314634
184,33,5287.873837
184,34,5142.585924
184,46,5099.428588
185,10,37291.881432
185,11,22106.287188
185,12,14511.975540
185,13,13977.997577
185,14,10075.295737
185,15,7747.410298
185,16,6920.101913
185,18,6687.465517
185,19,6135.606618
185,21,5890.214513
185,22,5884.604739
185,24,5771.179140
185,25,5544.858592
185,27,5486.024523
185,28,5413.702922
185,29,5345.992960
185,30,5323.695117
185,32,5307.314634
185,33,5287.873837
185,34,5142.585924
185,46,5099.428588
186,10,37291.881432
186,11,22106.287188
186,12,14511.975540
186,13,13977.997577
186,14,10075.295737
186,15,7747.410298
186,16,6920.101913
186,18,6687.465517
186,19,6135.606618
186,21,5890.214513
186,22,5884.604739
186,24,5771.179140
186,25,5544.858592
186,27,5486.024523
186,28,5413.702922
186,29,5345.992960
186,30,5323.695117
186,32,5307.314634
186,33,5287.873837
186,34,5142.585924
186,46,5099.428588
187,10,37291.881432
187,11,22106.287188
187,12,14511.975540
187,13,13977.997577
187,14,10075.295737
187,15,7747.410298
187,16,6920.101913
187,17,6887.212078
187,18,6591.576627
187,19,6135.606618
187,21,5890.214513
187,22,5840.818823
187,24,5771.179140
187,25,5544.858592
187,27,5486.024523
187,28,5413.702922
187,29,5345.992960
187,30,5323.695117
187,32,5307.314634
187,33,5287.873837
187,34,5142.585924
187,41,5141.658972
187,46,5099.428588
188,10,37291.881432
188,11,22106.287188
188,12,14511.975540
188,13,13977.997577
188,14,10075.295737
188,15,7747.410298
188,16,6920.101913
188,17,6887.212078
188,18,6591.576627
188,19,6135.606618
188,21,5890.214513
188,22,5826.983167
188,24,5771.179140
188,25,5544.858592
188,27,5486.024523
188,28,5413.702922
188,29,5345.992960
188,30,5323.695117
188,32,5307.314634
188,33,5287.873837
188,34,5142.585924
188,41,5141.658972
188,46,5099.428588
189,10,37291.881432
189,11,22106.287188
189,12,14511.975540
189,13,13815.744474
189,14,10075.295737
189,15,7747.410298
189,16,6920.101913
189,17,6887.212078
189,18,6591.576627
189,19,6135.606618
189,21,5890.214513
189,22,5826.983167
189,24,5652.268958
189,25,5544.858592
189,27,5486.024523
189,28,5413.702922
189,29,5345.992960
189,30,5323.695117
189,31,5288.072330
189,33,5287.873837
189,34,5142.585924
189,41,5141.658972
189,46,5099.428588
190,10,37291.881432
190,11,22106.287188
190,12,14511.975540
190,13,13815.744474
190,14,10075.295737
190,15,7747.410298
190,16,6920.101913
190,17,6859.185673
190,18,6591.576627
190,19,6135.606618
190,21,5890.214513
190,22,5826.983167
190,24,5652.268958
190,25,5544.858592
190,26,5536.366982
190,27,5486.024523
190,28,5413.702922
190,29,5345.992960
190,30,5323.695117
190,31,5122.850384
190,46,5099.428588
191,10,37291.881432
191,11,22106.287188
191,12,14511.975540
191,13,13815.744474
191,14,10075.295737
191,15,7747.410298
191,16,6920.101913
191,17,6859.185673
191,18,6591.576627
191,19,6135.606618
191,21,5890.214513
191,22,5826.983167
191,23,5778.430915
191,24,5652.268958
191,25,5544.858592
191,26,5536.366982
191,27,5486.024523
191,28,5413.702922
191,29,5345.992960
191,30,5323.695117
191,31,5122.850384
191,46,5099.428588
192,10,37291.881432
192,11,22106.287188
192,12,14511.975540
192,13,13815.744474
192,14,10075.295737
192,15,7747.410298
192,16,6920.101913
192,17,6859.185673
192,18,6591.576627
192,19,6083.371847
192,21,5890.214513
192,22,5774.038676
192,24,5652.268958
192,25,5544.858592
192,26,5536.366982
192,27,5486.024523
192,28,5413.702922
192,29,5345.992960
192,30,5323.695117
192,31,5122.850384
192,46,5099.428588
193,10,37291.881432
193,11,22106.287188
193,12,14511.975540
193,13,13626.944835
193,14,10075.295737
193,15,7747.410298
193,16,6920.101913
193,17,6859.185673
193,18,6391.115170
193,19,6083.371847
193,21,5890.214513
193,22,5774.038676
193,24,5652.268958
193,25,5544.858592
193,26,5536.366982
193,27,5486.024523
193,28,5387.038882
193,29,5345.992960
193,30,5323.695117
193,31,5122.850384
193,46,5099.428588
194,10,37291.881432
194,11,22106.287188
194,12,14511.975540
194,13,13439.550007
194,14,10075.295737
194,15,7747.410298
194,16,6920.101913
194,17,6859.185673
194,18,6391.115170
194,19,6083.371847
194,21,5890.214513
194,22,5736.273627
194,24,5652.268958
194,25,5544.858592
194,26,5462.329691
194,28,5387.038882
194,29,5345.992960
194,30,5323.695117
194,31,5122.850384
194,46,5099.428588
195,10,37291.881432
195,11,22106.287188
195,12,14511.975540
195,13,13439.550007
195,14,9930.738924
195,15,7747.410298
195,16,6920.101913
195,17,6859.185673
195,18,6391.115170
195,19,6083.371847
195,21,5890.214513
195,22,5736.273627
195,24,5652.268958
195,25,5544.858592
195,26,5462.329691
195,28,5387.038882
195,29,5345.992960
195,30,5046.939298
196,10,37291.881432
196,11,17934.888959
196,12,14511.975540
196,13,12487.461183
196,14,9930.738924
196,15,7747.410298
196,16,6920.101913
196,17,6859.185673
196,18,6391.115170
196,19,6083.371847
196,21,5890.214513
196,22,5736.273627
196,24,5596.625156
196,25,5544.858592
196,26,5462.329691
196,28,5387.038882
196,29,5345.992960
196,30,5046.939298
197,10,37291.881432
197,11,17934.888959
197,12,14511.975540
197,13,12487.461183
197,14,9930.738924
197,15,7747.410298
197,16,6920.101913
197,17,6859.185673
197,18,6391.115170
197,19,6083.371847
197,21,5890.214513
197,22,5736.273627
197,24,5596.625156
197,25,5544.858592
197,26,5462.329691
197,28,5387.038882
197,29,5345.992960
197,30,5046.939298
198,10,37291.881432
198,11,17934.888959
198,12,14511.975540
198,13,12487.461183
198,14,9930.738924
198,15,7747.410298
198,16,6920.101913
198,17,6859.185673
198,18,6391.115170
198,19,6083.371847
198,21,5890.214513
198,22,5736.273627
198,24,5596.625156
198,25,5544.858592
198,26,5462.329691
198,27,5446.396743
198,28,5387.038882
198,29,5345.992960
198,30,5046.939298
199,10,37291.881432
199,11,17934.888959
199,12,14511.975540
199,13,12429.438936
199,14,9930.738924
199,15,7747.410298
199,16,6920.101913
199,17,6859.185673
199,18,6391.115170
199,19,6083.371847
199,21,5890.214513
199,22,5736.273627
199,24,5596.625156
199,25,5544.858592
199,26,5462.329691
199,27,5446.396743
199,28,5387.038882
199,29,5345.992960
199,30,5046.939298
200,10,37291.881432
200,11,17934.888959
200,12,14511.975540
200,13,12429.438936
200,14,9930.738924
200,15,7747.410298
200,16,6920.101913
200,17,6859.185673
200,18,6391.115170
200,19,6083.371847
200,21,5890.214513
200,22,5736.273627
200,24,5596.625156
200,25,5544.858592
200,26,5462.329691
200,27,5446.396743
200,28,5382.676542
200,29,5345.992960
200,30,5046.939298
201,10,37291.881432
201,11,17934.888959
201,12,14511.975540
201,13,12429.438936
201,14,9930.738924
201,15,7747.410298
201,16,6920.101913
201,17,6859.185673
201,18,6391.115170
201,19,6083.371847
201,20,6050.463155
201,21,5890.214513
201,22,5736.273627
201,24,5596.625156
201,25,5544.858592
201,26,5462.329691
201,27,5446.396743
201,28,5382.676542
201,29,5345.992960
201,30,5046.939298
202,10,37291.881432
202,11,17934.888959
202,12,14511.975540
202,13,12429.438936
202,14,9930.738924
202,15,7747.410298
202,16,6920.101913
202,17,6859.185673
202,18,6391.115170
202,19,6083.371847
202,20,6050.463155
202,21,5890.214513
202,22,5736.273627
202,24,5596.625156
202,25,5544.858592
202,26,5462.329691
202,27,5446.396743
202,28,5382.676542
202,29,5345.992960
202,30,5046.939298
203,10,37291.881432
203,11,17934.888959
203,12,14511.975540
203,13,12429.438936
203,14,9930.738924
203,15,7747.410298
203,16,6920.101913
203,17,6859.185673
203,18,6391.115170
203,19,6083.371847
203,20,5947.162682
203,21,5890.214513
203,22,5736.273627
203,24,5596.625156
203,25,5544.858592
203,26,5462.329691
203,27,5446.396743
203,28,5382.676542
203,29,5345.992960
203,30,5046.939298
204,10,37291.881432
204,11,17934.888959
204,12,14511.975540
204,13,12429.438936
204,14,9930.738924
204,15,7747.410298
204,16,6920.101913
204,17,6859.185673
204,18,6391.115170
204,19,6083.371847
204,20,5947.162682
204,21,5890.214513
204,22,5736.273627
204,24,5596.625156
204,25,5544.858592
204,26,5462.329691
204,27,5446.396743
204,28,5382.676542
204,29,5345.992960
204,30,5046.939298
205,10,37291.881432
205,11,17934.888959
205,12,14511.975540
205,13,12429.438936
205,14,9930.738924
205,15,7747.410298
205,16,6920.101913
205,17,6859.185673
205,18,6391.115170
205,19,6083.371847
205,20,5846.298479
205,22,5736.273627
205,24,5596.625156
205,25,5544.858592
205,26,5462.329691
205,27,5446.396743
205,28,5382.676542
205,29,5345.992960
205,30,5046.939298
206,10,37291.881432
206,11,17934.888959
206,12,14511.975540
206,13,12429.438936
206,14,9930.738924
206,15,7747.410298
206,16,6920.101913
206,17,6859.185673
206,18,6388.086278
206,19,6083.371847
206,20,5846.298479
206,22,5736.273627
206,24,5596.625156
206,25,5544.858592
206,26,5462.329691
206,27,5446.396743
206,28,5382.676542
206,29,5345.992960
206,30,5046.939298
207,10,37291.881432
207,11,17934.888959
207,12,14511.975540
207,13,12429.438936
207,14,9878.115851
207,15,7747.410298
207,16,6920.101913
207,17,6859.185673
207,18,6388.086278
207,19,6083.371847
207,20,5846.298479
207,22,5736.273627
207,24,5596.625156
207,25,5544.858592
207,26,5462.329691
207,27,5446.396743
207,28,5382.676542
207,29,5345.992960
207,30,5046.939298
208,10,37291.881432
208,11,17934.888959
208,12,14511.975540
208,13,12429.438936
208,14,9878.115851
208,15,7747.410298
208,16,6920.101913
208,17,6859.185673
208,18,6388.086278
208,19,6083.371847
208,20,5846.298479
208,22,5736.273627
208,24,5596.625156
208,25,5544.858592
208,26,5462.329691
208,27,5446.396743
208,28,5382.676542
208,29,5345.992960
208,30,5046.939298
209,10,37291.881432
209,11,17934.888959
209,12,14511.975540
209,13,12429.438936
209,14,9878.115851
209,15,7747.410298
209,16,6920.101913
209,17,6859.185673
209,18,6388.086278
209,19,6083.371847
209,20,5846.298479
209,22,5736.273627
209,24,5596.625156
209,25,5544.858592
209,26,5462.329691
209,27,5446.396743
209,28,5382.676542
209,29,5345.992960
209,30,5046.939298
210,10,37291.881432
210,11,17934.888959
210,12,14511.975540
210,13,12429.438936
210,14,9352.031942
210,15,7747.410298
210,16,6920.101913
210,17,6859.185673
210,18,6388.086278
210,19,6083.371847
210,20,5846.298479
210,22,5736.273627
210,24,5596.625156
210,25,5544.858592
210,26,5462.329691
210,27,5446.396743
210,28,5382.676542
210,29,5345.992960
210,30,4934.383808
211,10,37291.881432
211,11,17934.888959
211,12,14511.975540
211,13,12429.438936
211,14,9352.031942
211,15,7747.410298
211,16,6920.101913
211,17,6859.185673
211,18,6388.086278
211,19,6083.371847
211,20,5846.298479
211,22,5736.273627
211,24,5596.625156
211,25,5544.858592
211,26,5462.329691
211,27,5446.396743
211,28,5382.676542
211,29,5345.992960
211,30,4934.383808
212,10,37291.881432
212,11,17934.888959
212,12,14511.975540
212,13,11425.754128
212,14,9352.031942
212,15,7747.410298
212,16,6920.101913
212,17,6859.185673
212,18,6388.086278
212,19,6083.371847
212,20,5846.298479
212,22,5736.273627
212,24,5572.209553
212,25,5544.858592
212,26,5462.329691
212,27,5446.396743
212,28,5382.676542
212,29,5345.992960
212,30,4934.383808
213,10,37291.881432
213,11,17934.888959
213,12,14511.975540
213,13,11425.754128
213,14,9352.031942
213,15,7747.410298
213,16,6920.101913
213,17,6802.987825
213,18,6388.086278
213,19,6083.371847
213,20,5846.298479
213,22,5736.273627
213,24,5572.209553
213,25,5544.858592
213,26,5462.329691
213,27,5446.396743
213,28,5382.676542
213,29,5345.992960
213,30,4934.383808
214,10,37291.881432
214,11,17934.888959
214,12,14511.975540
214,13,11425.754128
214,14,9352.031942
214,15,7747.410298
214,16,6920.101913
214,17,6802.987825
214,18,6388.086278
214,19,6083.371847
214,20,5846.298479
214,22,5736.273627
214,24,5572.209553
214,25,5544.858592
214,26,5462.329691
214,27,5446.396743
214,28,5382.676542
214,29,5345.992960
214,30,4934.383808
215,10,37291.881432
215,11,17934.888959
215,12,14511.975540
215,13,11425.754128
215,14,9352.031942
215,15,7643.618165
215,16,6920.101913
215,17,6802.987825
215,18,6388.086278
215,19,6079.383558
215,20,5846.298479
215,22,5736.273627
215,24,5572.209553
215,25,5544.858592
215,26,5462.329691
215,27,5446.396743
215,28,5382.676542
215,29,5257.740702
215,30,4934.383808
216,10,37291.881432
216,11,17934.888959
216,12,14511.975540
216,13,11425.754128
216,14,9352.031942
216,15,7643.618165
216,16,6920.101913
216,17,6802.987825
216,18,6388.086278
216,19,6079.383558
216,20,5846.298479
216,21,5730.539224
216,24,5572.209553
216,25,5544.858592
216,26,5462.329691
216,27,5446.396743
216,28,5382.676542
216,29,5257.740702
216,30,4934.383808
217,10,37291.881432
217,11,17934.888959
217,12,14511.975540
217,13,11425.754128
217,14,9352.031942
217,15,7643.618165
217,16,6920.101913
217,17,6802.987825
217,18,6388.086278
217,19,6079.383558
217,20,5846.298479
217,21,5730.539224
217,23,5693.893371
217,24,5572.209553
217,25,5544.858592
217,26,5462.329691
217,27,5446.396743
217,28,5366.008735
217,29,5257.740702
217,30,4934.383808
218,10,37291.881432
218,11,17934.888959
218,12,14511.975540
218,13,11425.754128
218,14,9352.031942
218,15,7643.618165
218,16,6920.101913
218,17,6802.987825
218,18,6388.086278
218,19,6079.383558
218,20,5846.298479
218,21,5730.539224
218,23,5693.893371
218,24,5572.209553
218,25,5544.858592
218,26,5462.329691
218,27,5446.396743
218,28,5366.008735
218,29,5257.740702
218,30,4934.383808
219,10,37291.881432
219,11,17934.888959
219,12,14511.975540
219,13,11425.754128
219,14,8614.733323
219,15,7643.618165
219,16,6920.101913
219,17,6802.987825
219,18,6388.086278
219,19,6079.383558
219,20,5846.298479
219,21,5730.539224
219,23,5693.893371
219,24,5572.209553
219,25,5544.858592
219,26,5462.329691
219,27,5446.396743
219,28,5366.008735
219,29,5257.740702
219,30,4934.383808
220,10,37291.881432
220,11,17934.888959
220,12,14511.975540
220,13,11425.754128
220,14,8614.733323
220,15,7643.618165
220,16,6670.827191
220,18,6089.486622
220,19,6079.383558
220,20,5846.298479
220,21,5730.539224
220,23,5693.893371
220,24,5572.209553
220,25,5544.858592
220,26,5462.329691
220,27,5446.396743
220,28,5366.008735
220,29,5257.740702
220,30,4934.383808
221,10,37291.881432
221,11,17934.888959
221,12,14511.975540
221,13,11425.754128
221,14,8614.733323
221,15,7643.618165
221,16,6670.827191
221,18,6089.486622
221,19,6079.383558
221,20,5846.298479
221,21,5730.539224
221,23,5693.893371
221,24,5572.209553
221,25,5544.858592
221,26,5462.329691
221,27,5446.396743
221,28,5366.008735
221,29,5257.740702
221,30,4934.383808
222,10,37291.881432
222,11,17934.888959
222,12,14511.975540
222,13,11425.754128
222,14,8614.733323
222,15,7643.618165
222,16,6670.827191
222,18,6089.486622
222,19,6079.383558
222,20,5846.298479
222,21,5730.539224
222,23,5693.893371
222,24,5572.209553
222,25,5544.858592
222,26,5462.329691
222,27,5446.396743
222,28,5186.549580
222,30,4934.383808
223,10,37291.881432
223,11,17934.888959
223,12,14511.975540
223,13,11425.754128
223,14,8614.733323
223,15,7643.618165
223,16,6670.827191
223,18,6089.486622
223,19,6079.383558
223,20,5846.298479
223,21,5730.539224
223,22,5670.328934
223,24,5572.209553
223,25,5544.858592
223,26,5462.329691
223,27,5446.396743
223,28,5186.549580
223,30,4934.383808
224,10,37291.881432
224,11,17934.888959
224,12,14511.975540
224,13,11425.754128
224,14,8614.733323
224,15,7643.618165
224,16,6670.827191
224,18,6089.486622
224,19,6079.383558
224,20,5846.298479
224,21,5730.539224
224,22,5670.328934
224,24,5572.209553
224,25,5544.858592
224,26,5462.329691
224,27,5446.396743
224,28,5186.549580
224,30,4934.383808
225,10,37291.881432
225,11,17934.888959
225,12,14511.975540
225,13,11425.754128
225,14,8614.733323
225,15,7643.618165
225,16,6670.827191
225,18,6089.486622
225,19,6079.383558
225,20,5846.298479
225,21,5730.539224
225,22,5670.328934
225,23,5567.241285
225,25,5544.858592
225,26,5462.329691
225,27,5446.396743
225,28,5186.549580
225,30,4934.383808
226,10,37291.881432
226,11,17934.888959
226,12,14511.975540
226,13,11425.754128
226,14,8614.733323
226,15,7591.325822
226,16,6670.827191
226,18,6089.486622
226,19,6079.383558
226,20,5846.298479
226,21,5730.539224
226,22,5670.328934
226,23,5567.241285
226,25,5544.858592
226,26,5462.329691
226,27,5446.396743
226,28,5186.549580
226,30,4934.383808
227,10,37291.881432
227,11,17934.888959
227,12,14511.975540
227,13,11425.754128
227,14,8614.733323
227,15,7591.325822
227,16,6670.827191
227,18,6082.634166
227,19,6079.383558
227,20,5846.298479
227,21,5730.539224
227,22,5670.328934
227,23,5567.241285
227,25,5544.858592
227,26,5462.329691
227,27,5446.396743
227,28,5186.549580
227,30,4934.383808
228,10,37291.881432
228,11,17934.888959
228,12,14511.975540
228,13,11425.754128
228,14,8614.733323
228,15,7591.325822
228,16,6670.827191
228,17,6622.843056
228,18,6082.634166
228,19,6079.383558
228,20,5846.298479
228,21,5730.539224
228,22,5670.328934
228,23,5567.241285
228,25,5544.858592
228,26,5462.329691
228,27,5446.396743
228,28,5186.549580
228,30,4934.383808
229,10,37291.881432
229,11,17934.888959
229,12,14511.975540
229,13,11425.754128
229,14,8614.733323
229,15,7591.325822
229,16,6670.827191
229,17,6622.843056
229,18,6082.634166
229,19,6079.383558
229,20,5846.298479
229,21,5730.539224
229,22,5670.328934
229,23,5567.241285
229,25,5544.858592
229,26,5462.329691
229,27,5446.396743
229,28,5186.549580
229,30,4934.383808
230,10,37291.881432
230,11,17934.888959
230,12,14511.975540
230,13,10882.536818
230,14,8614.733323
230,15,7591.325822
230,16,6670.827191
230,17,6622.843056
230,18,6082.634166
230,19,6079.383558
230,20,5846.298479
230,21,5730.539224
230,22,5670.328934
230,23,5567.241285
230,25,5448.621373
230,27,5446.396743
230,28,5186.549580
230,30,4934.383808
231,10,37291.881432
231,11,17934.888959
231,12,14511.975540
231,13,10882.536818
231,14,8614.733323
231,15,7591.325822
231,16,6670.827191
231,17,6396.597143
231,18,6082.634166
231,19,5971.402148
231,20,5846.298479
231,21,5730.539224
231,22,5670.328934
231,23,5567.241285
231,25,5448.621373
231,26,5355.708890
231,28,5186.549580
231,30,4934.383808
232,10,37291.881432
232,11,17934.888959
232,12,14511.975540
232,13,10882.536818
232,14,8614.733323
232,15,7591.325822
232,16,6670.827191
232,17,6396.597143
232,18,6082.634166
232,19,5971.402148
232,20,5846.298479
232,21,5730.539224
232,22,5670.328934
232,23,5567.241285
232,25,5448.621373
232,26,5355.708890
232,28,5186.549580
232,30,4934.383808
233,10,37291.881432
233,11,17934.888959
233,12,14511.975540
233,13,10882.536818
233,14,8614.733323
233,15,7569.179309
233,16,6670.827191
233,17,6396.597143
233,18,6082.634166
233,19,5971.402148
233,20,5846.298479
233,21,5730.539224
233,22,5610.053110
233,23,5567.241285
233,25,5448.621373
233,26,5210.842361
233,28,5186.549580
233,30,4934.383808
234,10,37291.881432
234,11,17934.888959
234,12,13053.531045
234,13,10882.536818
234,14,8614.733323
234,15,7569.179309
234,16,6670.827191
234,17,6396.597143
234,18,6082.634166
234,19,5971.402148
234,20,5846.298479
234,21,5730.539224
234,22,5468.799741
234,25,5448.621373
234,26,5210.842361
234,28,5186.549580
234,30,4934.383808
234,42,4898.263857
235,10,37291.881432
235,11,17934.888959
235,12,13053.531045
235,13,10882.536818
235,14,8614.733323
235,15,7569.179309
235,16,6670.827191
235,17,6139.670183
235,18,5899.131547
235,20,5846.298479
235,21,5730.539224
235,22,5468.799741
235,25,5448.621373
235,26,5210.842361
235,28,5186.549580
235,30,4934.383808
235,42,4898.263857
236,10,37291.881432
236,11,17934.888959
236,12,13053.531045
236,13,10882.536818
236,14,8532.139249
236,15,7524.027876
236,16,6670.827191
236,17,6139.670183
236,18,5899.131547
236,20,5846.298479
236,21,5730.539224
236,22,5468.799741
236,25,5448.621373
236,26,5210.842361
236,28,5186.549580
236,30,4934.383808
236,42,4898.263857
237,10,37291.881432
237,11,17934.888959
237,12,13053.531045
237,13,10882.536818
237,14,8532.139249
237,15,7524.027876
237,16,6670.827191
237,17,6139.670183
237,18,5899.131547
237,20,5846.298479
237,21,5591.213363
237,22,5468.799741
237,25,5448.621373
237,26,5210.842361
237,28,5186.549580
237,30,4934.383808
237,42,4898.263857
238,10,37291.881432
238,11,17934.888959
238,12,13053.531045
238,13,10882.536818
238,14,8532.139249
238,15,7524.027876
238,16,6670.827191
238,17,6139.670183
238,18,5899.131547
238,20,5846.298479
238,21,5591.213363
238,22,5468.799741
238,25,5448.621373
238,26,5210.842361
238,28,5186.549580
238,30,4934.383808
238,42,4898.263857
239,10,37291.881432
239,11,17934.888959
239,12,13053.531045
239,13,10882.536818
239,14,8532.139249
239,15,7524.027876
239,16,6670.827191
239,17,6139.670183
239,18,5899.131547
239,20,5846.298479
239,21,5591.213363
239,22,5468.799741
239,25,5448.621373
239,26,5210.842361
239,28,5186.549580
239,29,5183.707458
239,30,4934.383808
239,42,4898.263857
240,10,37291.881432
240,11,17934.888959
240,12,13053.531045
240,13,10882.536818
240,14,8532.139249
240,15,7512.954707
240,16,6472.901576
240,17,6139.670183
240,18,5899.131547
240,20,5846.298479
240,21,5591.213363
240,22,5468.799741
240,25,5448.621373
240,26,5210.842361
240,28,5186.549580
240,29,5183.707458
240,30,4934.383808
240,42,4898.263857
241,10,37291.881432
241,11,17934.888959
241,12,13053.531045
241,13,10882.536818
241,14,8532.139249
241,15,7512.954707
241,16,6472.901576
241,17,6139.670183
241,18,5899.131547
241,20,5846.298479
241,21,5591.213363
241,22,5468.799741
241,25,5448.621373
241,26,5210.842361
241,28,5186.549580
241,29,5183.707458
241,30,4934.383808
241,42,4898.263857
242,10,37291.881432
242,11,17934.888959
242,12,13053.531045
242,13,10882.536818
242,14,8532.139249
242,15,7512.954707
242,16,6472.901576
242,17,6139.670183
242,18,5899.131547
242,20,5846.298479
242,21,5591.213363
242,22,5468.799741
242,25,5448.621373
242,26,5210.842361
242,28,5186.549580
242,29,5183.707458
242,30,4934.383808
242,42,4898.263857
243,10,37291.881432
243,11,17934.888959
243,12,13053.531045
243,13,10882.536818
243,14,8532.139249
243,15,7512.954707
243,16,6472.901576
243,17,6139.670183
243,18,5899.131547
243,20,5846.298479
243,21,5591.213363
243,22,5468.799741
243,24,5437.932270
243,26,5210.842361
243,28,5186.549580
243,29,5183.707458
243,30,4934.383808
243,42,4898.263857
244,10,37291.881432
244,11,17934.888959
244,12,13053.531045
244,13,10882.536818
244,14,8532.139249
244,15,7271.500695
244,16,6472.901576
244,17,6139.670183
244,18,5899.131547
244,20,5846.298479
244,21,5591.213363
244,22,5468.799741
244,24,5437.932270
244,26,5210.842361
244,28,5186.549580
244,29,5183.707458
244,30,4934.383808
244,42,4898.263857
245,10,35558.754831
245,11,17934.888959
245,12,13053.531045
245,13,10882.536818
245,14,8532.139249
245,15,7059.432636
245,16,6333.669508
245,17,6139.670183
245,18,5899.131547
245,20,5806.254252
245,21,5591.213363
245,22,5468.799741
245,24,5437.932270
245,26,5210.842361
245,28,5186.549580
245,29,5183.707458
245,30,4934.383808
245,37,4894.436657
246,10,35558.754831
246,11,17934.888959
246,12,13053.531045
246,13,10882.536818
246,14,8532.139249
246,15,7059.432636
246,16,6333.669508
246,17,6139.670183
246,18,5899.131547
246,20,5806.254252
246,21,5591.213363
246,22,5468.799741
246,24,5437.932270
246,26,5210.842361
246,28,5186.549580
246,29,5183.707458
246,30,4934.383808
246,37,4894.436657
247,10,35558.754831
247,11,17934.888959
247,12,13053.531045
247,13,10882.536818
247,14,8233.962120
247,15,7059.432636
247,16,6333.669508
247,17,6139.670183
247,18,5899.131547
247,20,5806.254252
247,21,5591.213363
247,22,5468.799741
247,24,5437.932270
247,25,5390.932557
247,26,5210.842361
247,28,5186.549580
247,29,5183.707458
247,30,4934.383808
247,37,4894.436657
248,10,35558.754831
248,11,17934.888959
248,12,13053.531045
248,13,10882.536818
248,14,8233.962120
248,15,7059.432636
248,16,6333.669508
248,17,6139.670183
248,18,5899.131547
248,20,5806.254252
248,21,5591.213363
248,22,5468.799741
248,24,5330.219667
248,26,5210.842361
248,28,5186.549580
248,29,5183.707458
248,30,4934.383808
248,37,4894.436657
249,10,35558.754831
249,11,17934.888959
249,12,13053.531045
249,13,10882.536818
249,14,8233.962120
249,15,7059.432636
249,16,6333.669508
249,17,6139.670183
249,18,5899.131547
249,20,5806.254252
249,21,5591.213363
249,22,5468.799741
249,24,5330.219667
249,26,5210.842361
249,28,5186.549580
249,29,5183.707458
249,30,4934.383808
249,37,4894.436657
250,10,35558.754831
250,11,17934.888959
250,12,13053.531045
250,13,10882.536818
250,14,8233.962120
250,15,7059.432636
250,16,6333.669508
250,17,6139.670183
250,18,5899.131547
250,20,5806.254252
250,21,5591.213363
250,22,5468.799741
250,24,5330.219667
250,26,5210.842361
250,28,5186.549580
250,29,5183.707458
250,30,4934.383808
250,37,4894.436657
251,10,35558.754831
251,11,17934.888959
251,12,13053.531045
251,13,10882.536818
251,14,8233.962120
251,15,7059.432636
251,16,6333.669508
251,17,6139.670183
251,18,5899.131547
251,20,5806.254252
251,21,5591.213363
251,22,5468.799741
251,24,5330.219667
251,26,5210.842361
251,28,5186.549580
251,29,5183.707458
251,30,4934.383808
251,37,4894.436657
252,10,35558.754831
252,11,17934.888959
252,12,13053.531045
252,13,10882.536818
252,14,8233.962120
252,15,7059.432636
252,16,6333.669508
252,17,6139.670183
252,18,5899.131547
252,20,5806.254252
252,21,5591.213363
252,22,5468.799741
252,24,5330.219667
252,26,5210.842361
252,28,5186.549580
252,29,5183.707458
252,30,4934.383808
252,37,4894.436657
253,10,35558.754831
253,11,16348.778910
253,12,13053.531045
253,13,10882.536818
253,14,8233.962120
253,15,7059.432636
253,16,6333.669508
253,17,6139.670183
253,18,5899.131547
253,20,5806.254252
253,21,5591.213363
253,22,5468.799741
253,24,5330.219667
253,26,5210.842361
253,28,5186.549580
253,29,5183.707458
253,30,4934.383808
253,37,4894.436657
254,10,35558.754831
254,11,16348.778910
254,12,13053.531045
254,13,10882.536818
254,14,8233.962120
254,15,7059.432636
254,16,6333.669508
254,17,6139.670183
254,18,5899.131547
254,20,5806.254252
254,21,5591.213363
254,22,5468.799741
254,24,5330.219667
254,26,5210.842361
254,28,5186.549580
254,29,5183.707458
254,30,4934.383808
254,37,4894.436657
255,10,35558.754831
255,11,16348.778910
255,12,13053.531045
255,13,10882.536818
255,14,8233.962120
255,15,7059.432636
255,16,6333.669508
255,17,6137.357779
255,18,5899.131547
255,20,5806.254252
255,21,5420.450549
255,24,5330.219667
255,26,5210.842361
255,28,5186.549580
255,29,5183.707458
255,30,4934.383808
255,37,4894.436657
256,10,35558.754831
256,11,16348.778910
256,12,13053.531045
256,13,10882.536818
256,14,8233.962120
256,15,7059.432636
256,16,6333.669508
256,17,6137.357779
256,18,5899.131547
256,20,5806.254252
256,21,5420.450549
256,24,5330.219667
256,26,5210.842361
256,28,5186.549580
256,29,5183.707458
256,30,4934.383808
256,37,4894.436657
257,10,35558.754831
257,11,16348.778910
257,12,13053.531045
257,13,10882.536818
257,14,8233.962120
257,15,7059.432636
257,16,6333.669508
257,17,6137.357779
257,18,5899.131547
257,20,5806.254252
257,21,5420.450549
257,24,5330.219667
257,26,5210.842361
257,28,5186.549580
257,29,5183.707458
257,30,4934.383808
257,37,4894.436657
258,10,35558.754831
258,11,16348.778910
258,12,13053.531045
258,13,10882.536818
258,14,8233.962120
258,15,7059.432636
258,16,6333.669508
258,17,6137.357779
258,18,5899.131547
258,20,5740.537002
258,21,5420.450549
258,24,5330.219667
258,26,5210.842361
258,28,5186.549580
258,29,5183.707458
258,30,4934.383808
258,37,4894.436657
259,10,35558.754831
259,11,16348.778910
259,12,13053.531045
259,13,10882.536818
259,14,8233.962120
259,15,7059.432636
259,16,6333.669508
259,17,6137.357779
259,18,5899.131547
259,20,5740.537002
259,21,5420.450549
259,24,5330.219667
259,26,5210.842361
259,28,5186.549580
259,29,5183.707458
259,30,4934.383808
259,37,4894.436657
260,10,35558.754831
260,11,16348.778910
260,12,13053.531045
260,13,10882.536818
260,14,8233.962120
260,15,7059.432636
260,16,6333.669508
260,17,6137.357779
260,18,5899.131547
260,20,5740.537002
260,21,5420.450549
260,24,5330.219667
260,26,5210.842361
260,28,5186.549580
260,29,5183.707458
260,30,4934.383808
260,37,4894.436657
261,10,35558.754831
261,11,16348.778910
261,12,13053.531045
261,13,10882.536818
261,14,8233.962120
261,15,7059.432636
261,16,6333.669508
261,17,6137.357779
261,18,5899.131547
261,20,5740.537002
261,21,5420.450549
261,24,5330.219667
261,26,5210.842361
261,28,5186.549580
261,29,5183.707458
261,30,4934.383808
261,37,4894.436657
262,10,35558.754831
262,11,16348.778910
262,12,13053.531045
262,13,10882.536818
262,14,8233.962120
262,15,7059.432636
262,16,6333.669508
262,17,6137.357779
262,18,5899.131547
262,20,5740.537002
262,21,5420.450549
262,24,5330.219667
262,26,5210.842361
262,28,5186.549580
262,29,5183.707458
262,30,4934.383808
262,37,4894.436657
263,10,35558.754831
263,11,16348.778910
263,12,13053.531045
263,13,10882.536818
263,14,8233.962120
263,15,7059.432636
263,16,6333.669508
263,17,6137.357779
263,18,5899.131547
263,20,5532.671503
263,21,5420.450549
263,24,5330.219667
263,26,5174.805727
263,30,4934.383808
263,37,4894.436657
264,10,35558.754831
264,11,16348.778910
264,12,13053.531045
264,13,10882.536818
264,14,8233.962120
264,15,7059.432636
264,16,6333.669508
264,17,6137.357779
264,18,5899.131547
264,20,5532.671503
264,21,5420.450549
264,24,5330.219667
264,26,5174.805727
264,30,4934.383808
264,37,4894.436657
265,10,35558.754831
265,11,16348.778910
265,12,13053.531045
265,13,10882.536818
265,14,8079.450760
265,15,7059.432636
265,16,6217.783196
265,17,6137.357779
265,18,5899.131547
265,20,5532.671503
265,21,5408.458894
265,24,5330.219667
265,26,5174.805727
265,30,4934.383808
265,37,4894.436657
266,10,35558.754831
266,11,16348.778910
266,12,13053.531045
266,13,10882.536818
266,14,8079.450760
266,15,7059.432636
266,16,6217.783196
266,17,6137.357779
266,18,5899.131547
266,19,5841.628533
266,20,5532.671503
266,21,5408.458894
266,24,5237.571854
266,26,5174.805727
266,30,4934.383808
266,37,4894.436657
267,10,35558.754831
267,11,16348.778910
267,12,13053.531045
267,13,10882.536818
267,14,8079.450760
267,15,7059.432636
267,16,6217.783196
267,17,6137.357779
267,18,5899.131547
267,19,5841.628533
267,20,5532.671503
267,21,5408.458894
267,23,5274.233838
267,24,5237.571854
267,26,5174.805727
267,27,5162.956581
267,30,4934.383808
267,37,4894.436657
268,10,35558.754831
268,11,16348.778910
268,12,13053.531045
268,13,10882.536818
268,14,8079.450760
268,15,7059.432636
268,16,6217.783196
268,17,6137.357779
268,18,5899.131547
268,19,5841.628533
268,20,5532.671503
268,21,5408.458894
268,23,5274.233838
268,24,5237.571854
268,26,5174.805727
268,27,5162.956581
268,29,5121.557300
268,30,4934.383808
268,37,4894.436657
269,10,35558.754831
269,11,16348.778910
269,12,13053.531045
269,13,10882.536818
269,14,8079.450760
269,15,7059.432636
269,16,6217.783196
269,17,6137.357779
269,18,5899.131547
269,19,5817.652129
269,20,5532.671503
269,21,5408.458894
269,23,5274.233838
269,24,5237.571854
269,26,5174.805727
269,27,5162.956581
269,29,5121.557300
269,30,4934.383808
269,37,4894.436657
270,10,35558.754831
270,11,16348.778910
270,12,13053.531045
270,13,10882.536818
270,14,8079.450760
270,15,7059.432636
270,16,6217.783196
270,17,6137.357779
270,18,5899.131547
270,19,5817.652129
270,20,5532.671503
270,21,5408.458894
270,23,5274.233838
270,24,5237.571854
270,26,5174.805727
270,27,5162.956581
270,29,5121.557300
270,30,4934.383808
270,37,4894.436657
271,10,35558.754831
271,11,16348.778910
271,12,13053.531045
271,13,10882.536818
271,14,8079.450760
271,15,7059.432636
271,16,6217.783196
271,17,6137.357779
271,18,5899.131547
271,19,5817.652129
271,20,5532.671503
271,21,5408.458894
271,23,5274.233838
271,24,5237.571854
271,26,5174.805727
271,27,5162.956581
271,29,5121.557300
271,30,4934.383808
271,37,4894.436657
272,10,35558.754831
272,11,16348.778910
272,12,13053.531045
272,13,10882.536818
272,14,8079.450760
272,15,7059.432636
272,16,6217.783196
272,17,6137.357779
272,18,5899.131547
272,19,5817.652129
272,20,5532.671503
272,21,5408.458894
272,23,5274.233838
272,24,5237.571854
272,26,5174.805727
272,27,5162.956581
272,29,5121.557300
272,30,4934.383808
272,37,4894.436657
273,10,35558.754831
273,11,16348.778910
273,12,13053.531045
273,13,10882.536818
273,14,8079.450760
273,15,7059.432636
273,16,6217.783196
273,17,6137.357779
273,18,5899.131547
273,19,5725.931997
273,20,5532.671503
273,21,5408.458894
273,23,5274.233838
273,24,5237.571854
273,26,5174.805727
273,27,5100.123514
273,30,4934.383808
273,37,4894.436657
274,10,35558.754831
274,11,16348.778910
274,12,12373.004755
274,13,10882.536818
274,14,8079.450760
274,15,7059.432636
274,16,6217.783196
274,17,6137.357779
274,18,5899.131547
274,19,5725.931997
274,20,5532.671503
274,21,5408.458894
274,23,5274.233838
274,24,5237.571854
274,26,5168.404381
274,27,5100.123514
274,30,4934.383808
274,37,4894.436657
275,10,35558.754831
275,11,16348.778910
275,12,12373.004755
275,13,10882.536818
275,14,8079.450760
275,15,7059.432636
275,16,6217.783196
275,17,6137.357779
275,18,5899.131547
275,19,5725.931997
275,20,5532.671503
275,21,5408.458894
275,23,5274.233838
275,24,5237.571854
275,26,5168.404381
275,27,5100.123514
275,30,4934.383808
275,37,4894.436657
276,10,35558.754831
276,11,16348.778910
276,12,12373.004755
276,13,10882.536818
276,14,8079.450760
276,15,7059.432636
276,16,6217.783196
276,17,6137.357779
276,18,5899.131547
276,19,5725.931997
276,20,5532.671503
276,21,5408.458894
276,23,5274.233838
276,24,5237.571854
276,25,5198.106404
276,26,5168.404381
276,27,5100.123514
276,30,4934.383808
276,37,4894.436657
277,10,35558.754831
277,11,16348.778910
277,12,12373.004755
277,13,10882.536818
277,14,8079.450760
277,15,7059.432636
277,16,6217.783196
277,17,6071.352981
277,18,5899.131547
277,19,5725.931997
277,20,5532.671503
277,21,5408.458894
277,23,5274.233838
277,24,5237.571854
277,25,5198.106404
277,26,5168.404381
277,27,5100.123514
277,30,4934.383808
277,37,4894.436657
278,10,35558.754831
278,11,16348.778910
278,12,12373.004755
278,13,10882.536818
278,14,8079.450760
278,15,7059.432636
278,16,6217.783196
278,17,6053.053514
278,18,5899.131547
278,19,5725.931997
278,20,5532.671503
278,21,5408.458894
278,23,5274.233838
278,24,5237.571854
278,25,5198.106404
278,26,5168.404381
278,27,5100.123514
278,30,4934.383808
278,37,4894.436657
279,10,35558.754831
279,11,16115.949504
279,12,12373.004755
279,13,10882.536818
279,14,8079.450760
279,15,7059.432636
279,16,6217.783196
279,17,6053.053514
279,18,5899.131547
279,19,5725.931997
279,20,5532.671503
279,21,5408.458894
279,23,5274.233838
279,24,5237.571854
279,25,5198.106404
279,26,5168.404381
279,27,5100.123514
279,30,4934.383808
279,37,4894.436657
280,10,35558.754831
280,11,16115.949504
280,12,12373.004755
280,13,10882.536818
280,14,8079.450760
280,15,7059.432636
280,16,6217.783196
280,17,6053.053514
280,18,5899.131547
280,19,5725.931997
280,20,5532.671503
280,21,5408.458894
280,23,5274.233838
280,24,5237.571854
280,25,5198.106404
280,26,5168.404381
280,27,5100.123514
280,30,4934.383808
280,37,4894.436657
281,10,35558.754831
281,11,16115.949504
281,12,12373.004755
281,13,10882.536818
281,14,8079.450760
281,15,7059.432636
281,16,6217.783196
281,17,5875.130291
281,18,5823.384436
281,19,5725.931997
281,20,5532.671503
281,21,5408.458894
281,23,5274.233838
281,24,5237.571854
281,25,5198.106404
281,26,5168.404381
281,27,5100.123514
281,30,4934.383808
281,37,4894.436657
282,10,35558.754831
282,11,16115.949504
282,12,12373.004755
282,13,8922.009721
282,14,8016.383818
282,15,7059.432636
282,16,6217.783196
282,17,5875.130291
282,18,5823.384436
282,19,5725.931997
282,20,5532.671503
282,21,5408.458894
282,23,5274.233838
282,24,5237.571854
282,25,5198.106404
282,26,5168.404381
282,27,5100.123514
282,30,4934.383808
282,37,4894.436657
283,10,35558.754831
283,11,16115.949504
283,12,12373.004755
283,13,8922.009721
283,14,8016.383818
283,15,7059.432636
283,16,6217.783196
283,17,5875.130291
283,18,5823.384436
283,19,5725.931997
283,20,5532.671503
283,21,5408.458894
283,23,5274.233838
283,24,5237.571854
283,25,5198.106404
283,26,5168.404381
283,27,5100.123514
283,30,4934.383808
283,37,4894.436657
284,10,35558.754831
284,11,16115.949504
284,12,12373.004755
284,13,8922.009721
284,14,8016.383818
284,15,7059.432636
284,16,6217.783196
284,17,5875.130291
284,18,5823.384436
284,19,5725.931997
284,20,5532.671503
284,21,5408.458894
284,23,5274.233838
284,24,5237.571854
284,25,5198.106404
284,26,5168.404381
284,27,5100.123514
284,30,4934.383808
284,37,4894.436657
285,10,35558.754831
285,11,16115.949504
285,12,12373.004755
285,13,8922.009721
285,14,8016.383818
285,15,7059.432636
285,16,6217.783196
285,17,5875.130291
285,18,5814.697803
285,19,5573.055823
285,20,5532.671503
285,21,5408.458894
285,23,5274.233838
285,24,5237.571854
285,25,5198.106404
285,26,5168.404381
285,27,5100.123514
285,30,4934.383808
285,37,4894.436657
286,10,35558.754831
286,11,16115.949504
286,12,12373.004755
286,13,8922.009721
286,14,8016.383818
286,15,6989.839760
286,16,6217.783196
286,17,5875.130291
286,18,5814.697803
286,19,5573.055823
286,20,5532.671503
286,21,5386.473441
286,23,5268.372106
286,24,5237.571854
286,25,5198.106404
286,26,5168.404381
286,27,5100.123514
286,30,4934.383808
286,37,4894.436657
287,10,35558.754831
287,11,16115.949504
287,12,12373.004755
287,13,8922.009721
287,14,8016.383818
287,15,6989.839760
287,16,6217.783196
287,17,5875.130291
287,18,5814.697803
287,19,5573.055823
287,20,5532.671503
287,21,5386.473441
287,23,5268.372106
287,24,5237.571854
287,25,5198.106404
287,26,5168.404381
287,27,5100.123514
287,30,4934.383808
287,37,4894.436657
288,10,35558.754831
288,11,16115.949504
288,12,12373.004755
288,13,8922.009721
288,14,8016.383818
288,15,6989.839760
288,16,6217.783196
288,17,5875.130291
288,18,5814.697803
288,19,5573.055823
288,20,5532.671503
288,21,5386.473441
288,23,5268.372106
288,24,5237.571854
288,25,5198.106404
288,26,5168.404381
288,27,5100.123514
288,30,4934.383808
288,37,4894.436657
289,10,35558.754831
289,11,16115.949504
289,12,12373.004755
289,13,8922.009721
289,14,8016.383818
289,15,6989.839760
289,16,6217.783196
289,17,5875.130291
289,18,5814.697803
289,19,5573.055823
289,20,5532.671503
289,21,5386.473441
289,23,5268.372106
289,24,5237.571854
289,25,5198.106404
289,26,5168.404381
289,27,5100.123514
289,30,4934.383808
289,37,4894.436657
290,10,35558.754831
290,11,16115.949504
290,12,12373.004755
290,13,8922.009721
290,14,8016.383818
290,15,6989.839760
290,16,6217.783196
290,17,5875.130291
290,18,5814.697803
290,19,5573.055823
290,20,5532.671503
290,21,5386.473441
290,23,5268.372106
290,24,5237.571854
290,25,5198.106404
290,26,5168.404381
290,27,5100.123514
290,30,4934.383808
290,37,4894.436657
291,10,35558.754831
291,11,16115.949504
291,12,12373.004755
291,13,8922.009721
291,14,8016.383818
291,15,6820.517447
291,16,6217.783196
291,17,5875.130291
291,18,5814.697803
291,19,5573.055823
291,20,5532.671503
291,21,5386.473441
291,23,5268.372106
291,24,5237.571854
291,25,5198.106404
291,26,5168.404381
291,27,5100.123514
291,30,4934.383808
291,37,4894.436657
292,10,35558.754831
292,11,16115.949504
292,12,12373.004755
292,13,8922.009721
292,14,8016.383818
292,15,6820.517447
292,16,6217.783196
292,17,5875.130291
292,18,5814.697803
292,19,5573.055823
292,20,5532.671503
292,21,5386.473441
292,23,5268.372106
292,24,5237.571854
292,25,5198.106404
292,26,5168.404381
292,27,5100.123514
292,30,4934.383808
292,37,4894.436657
293,10,35558.754831
293,11,16115.949504
293,12,12373.004755
293,13,8922.009721
293,14,8016.383818
293,15,6820.517447
293,16,6217.783196
293,17,5875.130291
293,18,5814.697803
293,19,5573.055823
293,20,5532.671503
293,21,5386.473441
293,23,5268.372106
293,24,5237.571854
293,25,5198.106404
293,26,5168.404381
293,27,5100.123514
293,30,4934.383808
293,37,4894.436657
294,10,35558.754831
294,11,16115.949504
294,12,12373.004755
294,13,8922.009721
294,14,8016.383818
294,15,6820.517447
294,16,6217.783196
294,17,5875.130291
294,18,5814.697803
294,19,5573.055823
294,20,5532.671503
294,21,5386.473441
294,23,5268.372106
294,24,5237.571854
294,25,5198.106404
294,26,5168.404381
294,27,5100.123514
294,30,4934.383808
294,37,4894.436657
295,10,35558.754831
295,11,16115.949504
295,12,11723.262036
295,13,8922.009721
295,14,8016.383818
295,15,6820.517447
295,16,6217.783196
295,17,5875.130291
295,18,5814.697803
295,19,5573.055823
295,20,5532.671503
295,21,5386.473441
295,23,5268.372106
295,24,5237.571854
295,25,5198.106404
295,26,5168.404381
295,27,5100.123514
295,30,4934.383808
295,37,4894.436657
296,10,35558.754831
296,11,16115.949504
296,12,11723.262036
296,13,8922.009721
296,14,8016.383818
296,15,6820.517447
296,16,6217.783196
296,17,5875.130291
296,18,5814.697803
296,19,5573.055823
296,20,5532.671503
296,21,5386.473441
296,22,5288.223828
296,23,5268.372106
296,24,5237.571854
296,25,5198.106404
296,26,5168.404381
296,27,5100.123514
296,30,4934.383808
296,37,4894.436657
297,10,35558.754831
297,11,16115.949504
297,12,11723.262036
297,13,8922.009721
297,14,8016.383818
297,15,6820.517447
297,16,6217.783196
297,17,5875.130291
297,18,5814.697803
297,19,5573.055823
297,20,5532.671503
297,21,5386.473441
297,22,5288.223828
297,23,5268.372106
297,24,5237.571854
297,25,5198.106404
297,26,5168.404381
297,27,5100.123514
297,30,4934.383808
297,37,4894.436657
298,10,35558.754831
298,11,16115.949504
298,12,11723.262036
298,13,8922.009721
298,14,8016.383818
298,15,6820.517447
298,16,6217.783196
298,17,5875.130291
298,18,5814.697803
298,19,5573.055823
298,20,5532.671503
298,21,5386.473441
298,22,5288.223828
298,23,5268.372106
298,24,5237.571854
298,25,5198.106404
298,26,5168.404381
298,27,5100.123514
298,30,4934.383808
298,37,4894.436657
299,10,35558.754831
299,11,15920.898251
299,12,11723.262036
299,13,8922.009721
299,14,8016.383818
299,15,6820.517447
299,16,6217.783196
299,17,5875.130291
299,18,5814.697803
299,19,5573.055823
299,20,5532.671503
299,21,5386.473441
299,22,5288.223828
299,23,5268.372106
299,24,5237.571854
299,25,5198.106404
299,26,5168.404381
299,27,5100.123514
299,30,4934.383808
299,37,4894.436657
300,10,35558.754831
300,11,15920.898251
300,12,11581.752543
300,13,8922.009721
300,14,8016.383818
300,15,6820.517447
300,16,6217.783196
300,17,5875.130291
300,18,5814.697803
300,19,5573.055823
300,20,5532.671503
300,21,5386.473441
300,22,5288.223828
300,23,5268.372106
300,24,5237.571854
300,25,5198.106404
300,26,5168.404381
300,27,5100.123514
300,30,4934.383808
300,37,4894.436657
301,10,35558.754831
301,11,15786.338749
301,12,11581.752543
301,13,8922.009721
301,14,8016.383818
301,15,6820.517447
301,16,6217.783196
301,17,5875.130291
301,18,5814.697803
301,19,5573.055823
301,20,5532.671503
301,21,5386.473441
301,22,5288.223828
301,23,5268.372106
301,24,5202.052848
301,25,5198.106404
301,26,5168.404381
301,27,5100.123514
301,30,4934.383808
301,37,4894.436657
302,10,35558.754831
302,11,15786.338749
302,12,11581.752543
302,13,8922.009721
302,14,8016.383818
302,15,6820.517447
302,16,6217.783196
302,17,5875.130291
302,18,5753.219668
302,19,5573.055823
302,20,5532.671503
302,21,5386.473441
302,22,5288.223828
302,23,5268.372106
302,24,5202.052848
302,25,5198.106404
302,26,5168.404381
302,27,5100.123514
302,30,4934.383808
302,37,4894.436657
303,10,35558.754831
303,11,15786.338749
303,12,11581.752543
303,13,8922.009721
303,14,8016.383818
303,15,6820.517447
303,16,6217.783196
303,17,5875.130291
303,18,5753.219668
303,19,5573.055823
303,20,5532.671503
303,21,5386.473441
303,22,5288.223828
303,23,5268.372106
303,24,5202.052848
303,25,5198.106404
303,26,5168.404381
303,27,5100.123514
303,30,4934.383808
303,37,4894.436657
304,10,35558.754831
304,11,15786.338749
304,12,11581.752543
304,13,8922.009721
304,14,8016.383818
304,15,6820.517447
304,16,6217.783196
304,17,5875.130291
304,18,5753.219668
304,19,5573.055823
304,20,5532.671503
304,21,5386.473441
304,22,5288.223828
304,23,5268.372106
304,24,5202.052848
304,25,5198.106404
304,26,5168.404381
304,27,5100.123514
304,30,4934.383808
304,37,4894.436657
305,10,35558.754831
305,11,14841.824958
305,12,11581.752543
305,13,8922.009721
305,14,8016.383818
305,15,6820.517447
305,16,6217.783196
305,17,5875.130291
305,18,5753.219668
305,19,5573.055823
305,20,5532.671503
305,21,5386.473441
305,22,5288.223828
305,23,5199.932428
305,25,5198.106404
305,26,5168.404381
305,27,5100.123514
305,30,4934.383808
305,37,4894.436657
306,10,35558.754831
306,11,14841.824958
306,12,11581.752543
306,13,8922.009721
306,14,8016.383818
306,15,6820.517447
306,16,6217.783196
306,17,5875.130291
306,18,5753.219668
306,19,5573.055823
306,20,5532.671503
306,21,5386.473441
306,22,5288.223828
306,23,5199.932428
306,25,5198.106404
306,26,5168.404381
306,27,5100.123514
306,30,4934.383808
306,37,4894.436657
307,10,35558.754831
307,11,14841.824958
307,12,11581.752543
307,13,8922.009721
307,14,8016.383818
307,15,6820.517447
307,16,6217.783196
307,17,5875.130291
307,18,5753.219668
307,19,5573.055823
307,20,5532.671503
307,21,5386.473441
307,22,5288.223828
307,23,5199.932428
307,25,5198.106404
307,26,5168.404381
307,27,5100.123514
307,30,4934.383808
307,37,4894.436657
308,10,35558.754831
308,11,14841.824958
308,12,11581.752543
308,13,8922.009721
308,14,8016.383818
308,15,6820.517447
308,16,6217.783196
308,17,5875.130291
308,18,5753.219668
308,19,5573.055823
308,20,5532.671503
308,21,5386.473441
308,22,5288.223828
308,23,5199.932428
308,25,5198.106404
308,26,5168.404381
308,27,5100.123514
308,30,4934.383808
308,37,4894.436657
309,10,35558.754831
309,11,14841.824958
309,12,11581.752543
309,13,8922.009721
309,14,7964.606420
309,15,6820.517447
309,16,6217.783196
309,17,5875.130291
309,18,5753.219668
309,19,5573.055823
309,20,5532.671503
309,21,5386.473441
309,22,5288.223828
309,23,5199.932428
309,25,5198.106404
309,26,5168.404381
309,27,5100.123514
309,30,4934.383808
309,37,4894.436657
310,10,35558.754831
310,11,14841.824958
310,12,11581.752543
310,13,8922.009721
310,14,7964.606420
310,15,6820.517447
310,16,6217.783196
310,17,5875.130291
310,18,5753.219668
310,19,5573.055823
310,20,5532.671503
310,21,5386.473441
310,22,5288.223828
310,23,5199.932428
310,25,5198.106404
310,26,5168.404381
310,27,5100.123514
310,30,4934.383808
310,37,4894.436657
311,10,35558.754831
311,11,14841.824958
311,12,11581.752543
311,13,8922.009721
311,14,7964.606420
311,15,6820.517447
311,16,6217.783196
311,17,5875.130291
311,18,5753.219668
311,19,5573.055823
311,20,5532.671503
311,21,5386.473441
311,22,5288.223828
311,23,5199.932428
311,25,5198.106404
311,26,5168.404381
311,27,5100.123514
311,28,5089.760338
311,29,4973.570197
311,30,4934.383808
311,37,4894.436657
312,10,35558.754831
312,11,14841.824958
312,12,11581.752543
312,13,8922.009721
312,14,7964.606420
312,15,6820.517447
312,16,6217.783196
312,17,5875.130291
312,18,5753.219668
312,19,5573.055823
312,20,5532.671503
312,21,5386.473441
312,22,5288.223828
312,23,5199.932428
312,25,5153.363141
312,27,5100.123514
312,28,5089.760338
312,29,4973.570197
312,30,4934.383808
312,37,4894.436657
313,10,35558.754831
313,11,14841.824958
313,12,11581.752543
313,13,8922.009721
313,14,7964.606420
313,15,6820.517447
313,16,6217.783196
313,17,5875.130291
313,18,5753.219668
313,19,5573.055823
313,20,5532.671503
313,21,5386.473441
313,22,5288.223828
313,23,5199.932428
313,25,5153.363141
313,27,5100.123514
313,28,5089.760338
313,29,4973.570197
313,30,4934.383808
313,37,4894.436657
314,10,35558.754831
314,11,14841.824958
314,12,11581.752543
314,13,8922.009721
314,14,7964.606420
314,15,6820.517447
314,16,6217.783196
314,17,5875.130291
314,18,5753.219668
314,19,5573.055823
314,20,5532.671503
314,21,5386.473441
314,22,5288.223828
314,23,5199.932428
314,25,5153.363141
314,27,5100.123514
314,28,5089.760338
314,29,4973.570197
314,30,4934.383808
314,37,4894.436657
315,10,35558.754831
315,11,14841.824958
315,12,11581.752543
315,13,8922.009721
315,14,7964.606420
315,15,6820.517447
315,16,6217.783196
315,17,5875.130291
315,18,5753.219668
315,19,5573.055823
315,20,5532.671503
315,21,5386.473441
315,22,5288.223828
315,23,5199.932428
315,25,5153.363141
315,27,5100.123514
315,28,5089.760338
315,29,4973.570197
315,30,4934.383808
315,37,4894.436657
316,10,35558.754831
316,11,14841.824958
316,12,11581.752543
316,13,8922.009721
316,14,7964.606420
316,15,6820.517447
316,16,6217.783196
316,17,5875.130291
316,18,5753.219668
316,19,5573.055823
316,20,5532.671503
316,21,5386.473441
316,22,5288.223828
316,23,5199.932428
316,25,5153.363141
316,27,5100.123514
316,28,5089.760338
316,29,4973.570197
316,30,4934.383808
316,37,4894.436657
317,10,35558.754831
317,11,14841.824958
317,12,11581.752543
317,13,8922.009721
317,14,7964.606420
317,15,6820.517447
317,16,6217.783196
317,17,5875.130291
317,18,5753.219668
317,19,5573.055823
317,20,5532.671503
317,21,5386.473441
317,22,5288.223828
317,23,5199.932428
317,25,5153.363141
317,27,5100.123514
317,28,5089.760338
317,29,4973.570197
317,30,4934.383808
317,37,4894.436657
318,10,35558.754831
318,11,14841.824958
318,12,11581.752543
318,13,8922.009721
318,14,7964.606420
318,15,6820.517447
318,16,6217.783196
318,17,5875.130291
318,18,5753.219668
318,19,5573.055823
318,20,5532.671503
318,21,5385.921850
318,22,5288.223828
318,23,5199.932428
318,25,5153.363141
318,27,5100.123514
318,28,5089.760338
318,29,4973.570197
318,30,4934.383808
318,37,4894.436657
319,10,35558.754831
319,11,14841.824958
319,12,11581.752543
319,13,8922.009721
319,14,7964.606420
319,15,6820.517447
319,16,6217.783196
319,17,5875.130291
319,18,5753.219668
319,19,5573.055823
319,20,5532.671503
319,21,5385.921850
319,22,5288.223828
319,23,5199.932428
319,25,5153.363141
319,27,5100.123514
319,28,5089.760338
319,29,4973.570197
319,30,4934.383808
319,37,4894.436657
320,10,35558.754831
320,11,14841.824958
320,12,11581.752543
320,13,8922.009721
320,14,7964.606420
320,15,6820.517447
320,16,6217.783196
320,17,5875.130291
320,18,5753.219668
320,19,5573.055823
320,20,5532.671503
320,21,5385.921850
320,22,5288.223828
320,23,5199.932428
320,25,5121.668039
320,26,5096.913727
320,28,5089.760338
320,29,4973.570197
320,30,4881.428918
321,10,35558.754831
321,11,14841.824958
321,12,11581.752543
321,13,8922.009721
321,14,7964.606420
321,15,6820.517447
321,16,6217.783196
321,17,5875.130291
321,18,5753.219668
321,19,5573.055823
321,20,5532.671503
321,21,5385.921850
321,22,5288.223828
321,23,5199.932428
321,25,5121.668039
321,26,5096.913727
321,28,5089.760338
321,29,4973.570197
321,30,4881.428918
322,10,35558.754831
322,11,14841.824958
322,12,11581.752543
322,13,8922.009721
322,14,7964.606420
322,15,6820.517447
322,16,6217.783196
322,17,5875.130291
322,18,5753.219668
322,19,5573.055823
322,20,5532.671503
322,21,5385.921850
322,22,5288.223828
322,23,5199.932428
322,25,5121.668039
322,26,5096.913727
322,28,5089.760338
322,29,4973.570197
322,30,4881.428918
323,10,35558.754831
323,11,14841.824958
323,12,11581.752543
323,13,8922.009721
323,14,7964.606420
323,15,6820.517447
323,16,6217.783196
323,17,5875.130291
323,18,5753.219668
323,19,5573.055823
323,20,5532.671503
323,21,5385.921850
323,22,5288.223828
323,23,5199.932428
323,25,5121.668039
323,26,5096.913727
323,28,5089.760338
323,29,4973.570197
323,30,4881.428918
