Iteration,NV,TOC
1,14,8428.673119
1,15,7630.059271
1,17,6577.741724
1,20,6357.352920
1,21,6296.303210
1,22,5725.609061
1,24,5240.029093
1,32,5014.515826
1,33,4676.974729
1,39,4396.943866
1,54,4312.541346
2,14,8428.673119
2,15,7630.059271
2,17,6577.741724
2,20,6357.352920
2,21,6261.195891
2,22,5725.609061
2,24,5240.029093
2,31,4741.148098
2,33,4676.974729
2,39,4396.943866
2,49,4345.522412
2,54,4312.541346
3,13,11141.088845
3,14,8428.673119
3,15,7630.059271
3,17,6577.741724
3,20,6357.352920
3,21,6261.195891
3,22,5725.609061
3,24,5240.029093
3,31,4741.148098
3,33,4676.974729
3,39,4396.943866
3,49,4345.522412
3,54,4312.541346
4,13,9647.300979
4,14,8428.673119
4,15,7630.059271
4,17,6577.741724
4,20,6357.352920
4,21,5987.826186
4,22,5725.609061
4,24,5240.029093
4,28,4715.801100
4,32,4625.757445
4,38,4573.792793
4,39,4396.943866
4,49,4345.522412
4,54,4312.541346
4,61,4310.743069
5,13,9647.300979
5,14,8428.673119
5,15,7630.059271
5,17,6577.741724
5,18,6386.372223
5,20,6357.352920
5,21,5987.826186
5,22,5725.609061
5,24,5240.029093
5,28,4715.801100
5,32,4625.757445
5,38,4573.792793
5,39,4396.943866
5,49,4345.522412
5,53,4282.078621
6,13,9647.300979
6,14,8428.673119
6,15,7630.059271
6,17,6577.741724
6,18,6386.372223
6,20,6093.263508
6,21,5987.826186
6,22,5725.609061
6,24,5240.029093
6,28,4715.801100
6,32,4625.757445
6,38,4573.792793
6,39,4396.943866
6,49,4345.522412
6,53,4282.078621
7,13,9647.300979
7,14,8428.673119
7,15,7630.059271
7,17,6577.741724
7,18,6386.372223
7,19,6253.221450
7,20,5727.879494
7,22,5725.609061
7,24,5240.029093
7,27,5230.101286
7,28,4715.801100
7,32,4625.757445
7,38,4573.792793
7,39,4396.943866
7,48,4331.569729
7,53,4282.078621
8,13,9647.300979
8,14,8428.673119
8,15,7630.059271
8,17,6577.741724
8,18,6386.372223
8,19,5815.676732
8,20,5727.879494
8,22,5224.134360
8,28,4715.801100
8,32,4625.757445
8,38,4573.792793
8,39,4396.943866
8,48,4294.801884
8,52,4275.668277
9,13,9647.300979
9,14,8428.673119
9,15,7630.059271
9,17,6577.741724
9,18,6386.372223
9,19,5815.676732
9,20,5727.879494
9,22,5224.134360
9,28,4715.801100
9,30,4473.103480
9,39,4396.943866
9,48,4294.801884
9,52,4275.668277
9,54,4274.117785
10,13,9647.300979
10,14,8428.673119
10,15,7630.059271
10,17,6577.741724
10,18,6386.372223
10,19,5815.676732
10,20,5727.879494
10,22,5224.134360
10,28,4715.801100
10,30,4473.103480
10,39,4396.943866
10,48,4294.801884
10,52,4275.668277
10,54,4274.117785
10,60,4257.241997
11,13,9647.300979
11,14,8428.673119
11,15,7630.059271
11,16,7402.582606
11,17,6577.741724
11,18,6386.372223
11,19,5815.676732
11,20,5727.879494
11,22,5224.134360
11,27,5127.044675
11,28,4715.801100
11,30,4473.103480
11,39,4396.943866
11,48,4294.801884
11,52,4275.668277
11,54,4274.117785
11,60,4257.241997
12,13,9647.300979
12,14,8428.673119
12,15,7630.059271
12,16,7402.582606
12,17,6577.741724
12,18,6386.372223
12,19,5815.676732
12,20,5727.879494
12,22,5224.134360
12,27,5127.044675
12,28,4715.801100
12,30,4473.103480
12,39,4396.943866
12,48,4294.801884
12,52,4275.668277
12,54,4274.117785
12,60,4257.241997
13,13,9647.300979
13,14,8428.673119
13,15,7630.059271
13,16,7402.582606
13,17,6577.741724
13,18,6386.372223
13,19,5815.676732
13,20,5727.879494
13,22,5224.134360
13,27,5071.851874
13,28,4715.801100
13,30,4473.103480
13,39,4396.943866
13,48,4294.801884
13,52,4275.668277
13,54,4274.117785
13,60,4257.241997
14,13,9647.300979
14,14,8428.673119
14,15,7630.059271
14,16,7402.582606
14,17,6577.741724
14,18,6386.372223
14,19,5815.676732
14,20,5727.879494
14,21,5629.302129
14,22,5224.134360
14,25,5177.198651
14,27,5071.851874
14,28,4715.801100
14,30,4473.103480
14,39,4396.943866
14,48,4294.801884
14,52,4275.668277
14,54,4274.117785
14,57,4267.166368
14,60,4257.241997
15,13,9647.300979
15,14,8428.673119
15,15,7630.059271
15,16,7402.582606
15,17,6577.741724
15,18,6386.372223
15,19,5815.676732
15,20,5727.879494
15,21,5629.302129
15,22,5224.134360
15,25,5177.198651
15,27,5071.851874
15,28,4394.572985
15,48,4294.801884
15,52,4255.390076
16,13,9647.300979
16,14,8428.673119
16,15,7630.059271
16,16,7402.582606
16,17,6577.741724
16,18,6386.372223
16,19,5815.676732
16,20,5727.879494
16,21,5629.302129
16,22,5224.134360
16,25,5177.198651
16,27,5071.851874
16,28,4394.572985
16,48,4294.801884
16,52,4255.390076
17,13,9356.251500
17,14,8428.673119
17,15,7630.059271
17,16,7402.582606
17,17,6577.741724
17,18,6386.372223
17,19,5815.676732
17,20,5727.879494
17,21,5510.776116
17,22,5224.134360
17,25,5177.198651
17,26,5164.369827
17,27,5006.685185
17,28,4394.572985
17,29,4356.495882
17,48,4294.801884
17,52,4255.390076
18,13,9356.251500
18,14,8428.673119
18,15,7630.059271
18,16,7402.582606
18,17,6353.298020
18,19,5815.676732
18,20,5727.879494
18,21,5510.776116
18,22,5224.134360
18,25,5177.198651
18,26,5164.369827
18,27,5006.685185
18,28,4394.572985
18,29,4356.495882
18,45,4196.784085
19,13,9356.251500
19,14,8235.421218
19,15,7630.059271
19,16,7402.582606
19,17,6353.298020
19,19,5815.676732
19,20,5727.879494
19,21,5510.776116
19,22,5224.134360
19,25,5177.198651
19,26,4986.678209
19,28,4394.572985
19,29,4356.495882
19,45,4196.784085
20,13,9356.251500
20,14,8235.421218
20,15,7630.059271
20,16,7402.582606
20,17,6353.298020
20,18,6020.928225
20,19,5531.957019
20,21,5510.776116
20,22,5224.134360
20,24,5168.813193
20,26,4986.678209
20,28,4394.572985
20,29,4356.495882
20,45,4196.784085
21,13,9356.251500
21,14,8235.421218
21,15,7630.059271
21,16,7402.582606
21,17,6353.298020
21,18,6020.928225
21,19,5531.957019
21,21,5510.776116
21,22,5224.134360
21,24,5168.813193
21,26,4917.871040
21,28,4394.572985
21,29,4356.495882
21,45,4196.784085
22,13,9356.251500
22,14,8235.421218
22,15,7630.059271
22,16,7402.582606
22,17,6353.298020
22,18,6020.928225
22,19,5531.957019
22,21,5510.776116
22,22,5224.134360
22,24,5146.549744
22,25,5118.814579
22,26,4917.871040
22,28,4367.854245
22,29,4356.495882
22,45,4196.784085
23,13,9356.251500
23,14,8235.421218
23,15,7630.059271
23,16,7402.582606
23,17,6242.576124
23,18,6020.928225
23,19,5531.957019
23,21,5510.776116
23,22,5224.134360
23,24,5146.549744
23,25,5118.814579
23,26,4917.871040
23,27,4828.902289
23,28,4367.854245
23,29,4356.495882
23,45,4196.784085
24,13,9356.251500
24,14,8235.421218
24,15,7110.722309
24,17,6242.576124
24,18,6020.928225
24,19,5531.957019
24,21,5510.776116
24,22,5224.134360
24,24,5021.528627
24,26,4758.981922
24,28,4367.854245
24,29,4356.495882
24,45,4196.784085
25,13,8600.616868
25,14,8235.421218
25,15,7110.722309
25,17,6242.576124
25,18,6020.928225
25,19,5531.957019
25,21,5510.776116
25,22,5224.134360
25,24,4797.093745
25,26,4758.981922
25,28,4367.854245
25,29,4356.495882
25,45,4196.784085
26,13,8600.616868
26,14,8235.421218
26,15,7110.722309
26,17,6242.576124
26,18,6020.928225
26,19,5531.957019
26,21,5510.776116
26,22,5224.134360
26,24,4797.093745
26,26,4758.981922
26,28,4367.854245
26,29,4356.495882
26,45,4196.784085
27,13,8600.616868
27,14,8235.421218
27,15,7110.722309
27,17,6242.576124
27,18,6020.928225
27,19,5531.957019
27,21,5510.776116
27,22,5224.134360
27,24,4797.093745
27,26,4758.981922
27,27,4526.608476
27,28,4367.854245
27,29,4356.495882
27,40,4296.270288
27,45,4196.784085
28,13,8600.616868
28,14,8235.421218
28,15,7110.722309
28,17,6242.576124
28,18,6020.928225
28,19,5531.957019
28,21,5510.776116
28,22,5224.134360
28,24,4797.093745
28,26,4758.981922
28,27,4526.608476
28,28,4367.854245
28,29,4356.495882
28,37,4335.670833
28,39,4302.386194
28,40,4296.270288
28,45,4196.784085
29,13,8600.616868
29,14,8235.421218
29,15,7110.722309
29,17,6242.576124
29,18,6020.928225
29,19,5531.957019
29,21,5510.776116
29,22,4986.476891
29,24,4797.093745
29,26,4758.981922
29,27,4526.608476
29,28,4367.854245
29,29,4356.495882
29,37,4335.670833
29,39,4302.386194
29,40,4296.270288
29,45,4196.784085
30,13,8286.652034
30,14,8235.421218
30,15,7110.722309
30,17,6242.576124
30,18,6020.928225
30,19,5531.957019
30,20,5167.519386
30,22,4986.476891
30,24,4797.093745
30,26,4758.981922
30,27,4526.608476
30,28,4367.854245
30,29,4356.495882
30,37,4335.670833
30,39,4302.386194
30,40,4206.352495
30,44,4085.975104
31,12,10070.208790
31,13,8286.652034
31,14,8235.421218
31,15,7110.722309
31,17,6242.576124
31,18,6020.928225
31,19,5440.434790
31,20,5167.519386
31,22,4986.476891
31,24,4797.093745
31,26,4758.981922
31,27,4526.608476
31,28,4367.854245
31,29,4356.495882
31,35,4316.743498
31,39,4302.386194
31,40,4127.207739
31,44,4085.975104
32,12,10070.208790
32,13,8286.652034
32,14,8235.421218
32,15,7110.722309
32,16,6854.748121
32,17,6242.576124
32,18,6020.928225
32,19,5440.434790
32,20,5167.519386
32,22,4986.476891
32,24,4793.119999
32,26,4758.981922
32,27,4526.608476
32,28,4367.854245
32,29,4356.495882
32,35,4316.743498
32,39,4302.386194
32,40,4127.207739
32,44,4085.975104
33,12,10070.208790
33,13,8286.652034
33,14,8181.237000
33,15,7062.926802
33,16,6854.748121
33,17,6242.576124
33,18,6020.928225
33,19,5440.434790
33,20,5167.519386
33,22,4986.476891
33,23,4802.696645
33,24,4793.119999
33,26,4457.820581
33,28,4367.854245
33,29,4356.495882
33,34,4296.593044
33,40,4127.207739
33,44,4085.975104
34,12,10070.208790
34,13,8286.652034
34,14,8181.237000
34,15,7062.926802
34,16,6854.748121
34,17,6242.576124
34,18,6020.928225
34,19,5440.434790
34,20,5167.519386
34,22,4986.476891
34,23,4802.696645
34,24,4793.119999
34,26,4457.820581
34,28,4367.854245
34,29,4356.495882
34,33,4288.144397
34,40,4127.207739
34,43,4099.208117
34,44,4085.975104
35,12,10070.208790
35,13,8286.652034
35,14,8083.651705
35,15,7062.926802
35,16,6854.748121
35,17,6242.576124
35,18,6014.861229
35,19,5440.434790
35,20,5167.519386
35,22,4986.476891
35,23,4802.696645
35,24,4793.119999
35,25,4768.885586
35,26,4457.820581
35,27,4364.612318
35,29,4356.495882
35,33,4288.144397
35,37,4097.998777
35,44,4085.975104
36,12,10070.208790
36,13,8286.652034
36,14,8083.651705
36,15,7062.926802
36,16,6854.748121
36,17,6242.576124
36,18,6014.861229
36,19,5401.692194
36,20,5167.519386
36,22,4986.476891
36,23,4802.696645
36,24,4793.119999
36,25,4768.885586
36,26,4457.820581
36,27,4364.612318
36,29,4356.495882
36,33,4288.144397
36,37,4097.998777
36,44,4085.975104
37,12,10070.208790
37,13,8286.652034
37,14,8083.651705
37,15,7062.926802
37,16,6854.748121
37,17,6242.576124
37,18,5989.272717
37,19,5401.692194
37,20,5167.519386
37,22,4986.476891
37,23,4802.696645
37,24,4793.119999
37,25,4768.885586
37,26,4457.820581
37,27,4364.612318
37,29,4356.495882
37,33,4288.144397
37,36,4120.453140
37,37,4097.998777
37,39,4084.320946
38,12,10070.208790
38,13,8286.652034
38,14,8083.651705
38,15,7062.926802
38,16,6854.748121
38,17,6242.576124
38,18,5989.272717
38,19,5401.692194
38,20,5167.519386
38,22,4986.476891
38,23,4802.696645
38,24,4793.119999
38,25,4768.885586
38,26,4457.820581
38,27,4364.612318
38,29,4356.495882
38,32,4297.186929
38,33,4288.144397
38,36,4120.453140
38,37,4097.998777
38,39,4084.320946
38,44,4080.241963
39,12,10070.208790
39,13,8286.652034
39,14,7820.740491
39,15,7062.926802
39,16,6854.748121
39,17,6242.576124
39,18,5989.272717
39,19,5401.692194
39,20,5167.519386
39,22,4986.476891
39,23,4729.569274
39,25,4623.074810
39,26,4457.820581
39,27,4364.612318
39,29,4312.396664
39,32,4297.186929
39,33,4288.144397
39,36,4120.453140
39,37,4097.998777
39,39,4084.320946
39,44,4080.241963
40,12,10070.208790
40,13,8286.652034
40,14,7820.740491
40,15,7062.926802
40,16,6582.679917
40,17,5922.784309
40,19,5401.692194
40,20,5167.519386
40,22,4986.476891
40,23,4729.569274
40,25,4500.000690
40,26,4457.820581
40,27,4364.612318
40,29,4312.396664
40,32,4297.186929
40,33,4288.144397
40,36,4120.453140
40,37,4097.998777
40,39,4084.320946
40,43,3994.687678
41,12,10070.208790
41,13,8286.652034
41,14,7820.740491
41,15,7062.926802
41,16,6582.679917
41,17,5922.784309
41,19,5401.692194
41,20,5167.519386
41,22,4986.476891
41,23,4729.569274
41,25,4500.000690
41,26,4457.820581
41,27,4364.612318
41,29,4312.396664
41,32,4297.186929
41,33,4288.144397
41,34,4170.507922
41,36,4120.453140
41,37,4097.998777
41,39,4084.320946
41,43,3994.687678
42,12,10070.208790
42,13,8286.652034
42,14,7820.740491
42,15,7062.926802
42,16,6582.679917
42,17,5922.784309
42,19,5401.692194
42,20,5167.519386
42,22,4986.476891
42,23,4729.569274
42,25,4500.000690
42,26,4457.820581
42,27,4364.612318
42,29,4312.396664
42,32,4297.186929
42,33,4288.144397
42,34,4170.507922
42,36,4120.453140
42,37,4097.998777
42,39,4078.091403
42,43,3994.687678
43,12,10070.208790
43,13,8286.652034
43,14,7820.740491
43,15,7062.926802
43,16,6582.679917
43,17,5922.784309
43,19,5401.692194
43,20,5167.519386
43,22,4986.476891
43,23,4729.569274
43,25,4500.000690
43,26,4457.820581
43,27,4364.612318
43,29,4312.396664
43,32,4297.186929
43,33,4156.228240
43,36,4120.453140
43,37,4097.998777
43,39,4078.091403
43,43,3994.687678
44,12,10070.208790
44,13,8286.652034
44,14,7665.893966
44,15,7062.926802
44,16,6582.679917
44,17,5922.784309
44,19,5401.692194
44,20,5167.519386
44,22,4792.524490
44,23,4729.569274
44,24,4724.542399
44,25,4500.000690
44,26,4457.820581
44,27,4364.612318
44,29,4312.396664
44,32,4297.186929
44,33,4156.228240
44,36,4120.453140
44,37,4097.998777
44,39,4078.091403
44,43,3994.687678
45,12,10070.208790
45,13,8286.652034
45,14,7665.893966
45,15,7062.926802
45,16,6582.679917
45,17,5922.784309
45,18,5526.166441
45,19,5401.692194
45,20,5167.519386
45,22,4792.524490
45,23,4637.477504
45,25,4500.000690
45,26,4457.820581
45,27,4364.612318
45,29,4312.396664
45,30,4294.819927
45,33,4156.228240
45,36,4120.453140
45,37,4097.998777
45,39,4073.841618
45,43,3994.687678
46,12,10070.208790
46,13,8286.652034
46,14,7665.893966
46,15,7062.926802
46,16,6582.679917
46,17,5922.784309
46,18,5526.166441
46,19,5401.692194
46,20,5167.519386
46,22,4792.524490
46,23,4637.477504
46,25,4500.000690
46,26,4457.820581
46,27,4364.612318
46,29,4312.396664
46,30,4294.819927
46,32,4256.812083
46,33,4156.228240
46,36,4120.453140
46,37,4097.998777
46,39,4073.841618
46,42,4057.558073
46,43,3994.687678
47,12,10070.208790
47,13,8286.652034
47,14,7665.893966
47,15,7062.926802
47,16,6582.679917
47,17,5810.121936
47,18,5526.166441
47,19,5401.692194
47,20,5167.519386
47,22,4792.524490
47,23,4637.477504
47,25,4500.000690
47,26,4457.820581
47,27,4364.612318
47,28,4295.473600
47,30,4294.819927
47,32,4256.812083
47,33,4156.228240
47,36,4120.453140
47,37,4097.998777
47,39,4073.841618
47,42,4050.002439
47,43,3994.687678
47,44,3972.968433
48,12,10070.208790
48,13,8286.652034
48,14,7665.893966
48,15,7062.926802
48,16,6342.932733
48,17,5810.121936
48,18,5526.166441
48,19,5401.692194
48,20,5167.519386
48,22,4792.524490
48,23,4637.477504
48,25,4500.000690
48,26,4457.820581
48,27,4364.612318
48,28,4295.473600
48,30,4294.819927
48,32,4256.812083
48,33,4156.228240
48,34,4142.678896
48,36,4120.453140
48,37,4097.998777
48,38,4086.792964
48,39,4073.841618
48,42,4042.183943
48,43,3994.687678
48,44,3972.968433
49,12,10070.208790
49,13,8286.652034
49,14,7665.893966
49,15,7062.926802
49,16,6342.932733
49,17,5810.121936
49,18,5526.166441
49,19,5401.692194
49,20,5167.519386
49,22,4792.524490
49,23,4637.477504
49,25,4500.000690
49,26,4457.820581
49,27,4364.612318
49,28,4295.473600
49,30,4294.819927
49,32,4256.812083
49,33,4156.228240
49,34,4142.678896
49,36,4120.453140
49,37,4097.998777
49,38,4086.792964
49,39,4073.841618
49,42,4042.183943
49,43,3994.687678
49,44,3957.657823
50,12,10070.208790
50,13,8286.652034
50,14,7014.761766
50,16,6342.932733
50,17,5810.121936
50,18,5526.166441
50,19,5401.692194
50,20,5167.519386
50,22,4792.524490
50,23,4450.742712
50,27,4364.612318
50,28,4295.473600
50,30,4294.819927
50,32,4256.812083
50,33,4156.228240
50,34,4142.678896
50,36,4120.453140
50,37,4097.998777
50,38,4086.792964
50,39,4073.841618
50,41,4053.934199
50,42,4042.183943
50,43,3994.687678
50,44,3957.657823
51,12,10070.208790
51,13,8286.652034
51,14,7014.761766
51,15,6916.260972
51,16,6342.932733
51,17,5810.121936
51,18,5526.166441
51,19,5072.521013
51,22,4792.524490
51,23,4450.742712
51,27,4364.612318
51,28,4295.473600
51,30,4294.819927
51,32,4256.812083
51,33,4156.228240
51,34,4135.842370
51,35,4125.788522
51,36,4120.453140
51,37,4097.998777
51,38,4086.792964
51,39,4073.841618
51,41,4053.934199
51,42,4042.183943
51,43,3994.687678
51,44,3957.657823
52,12,10070.208790
52,13,8286.652034
52,14,7014.761766
52,15,6916.260972
52,16,6342.932733
52,17,5810.121936
52,18,5526.166441
52,19,5072.521013
52,21,4909.933376
52,22,4792.524490
52,23,4450.742712
52,27,4364.612318
52,28,4295.473600
52,30,4294.819927
52,32,4124.339271
52,36,4120.453140
52,37,4097.998777
52,38,4086.792964
52,39,4073.841618
52,41,4053.934199
52,42,4042.183943
52,43,3994.687678
52,44,3957.657823
52,49,3950.242021
53,12,10070.208790
53,13,8286.652034
53,14,7014.761766
53,15,6916.260972
53,16,6342.932733
53,17,5810.121936
53,18,5526.166441
53,19,5072.521013
53,21,4909.933376
53,22,4792.524490
53,23,4450.742712
53,26,4396.100490
53,27,4364.612318
53,28,4295.473600
53,30,4294.819927
53,31,4043.850954
53,42,4042.183943
53,43,3994.687678
53,44,3957.657823
53,49,3950.242021
54,12,10070.208790
54,13,8286.652034
54,14,7014.761766
54,15,6916.260972
54,16,6342.932733
54,17,5810.121936
54,18,5526.166441
54,19,5072.521013
54,21,4909.933376
54,22,4792.524490
54,23,4450.742712
54,24,4412.031881
54,26,4396.100490
54,27,4364.612318
54,28,4295.473600
54,30,4294.819927
54,31,4043.850954
54,42,4042.183943
54,43,3962.782482
54,44,3957.657823
54,45,3949.534618
55,12,10070.208790
55,13,8286.652034
55,14,6879.667639
55,16,6342.932733
55,17,5810.121936
55,18,5526.166441
55,19,5072.521013
55,21,4909.933376
55,22,4792.524490
55,23,4450.742712
55,24,4412.031881
55,25,4390.488822
55,27,4364.612318
55,28,4295.473600
55,30,4294.819927
55,31,4043.850954
55,42,4041.173416
55,43,3962.782482
55,44,3957.657823
55,45,3949.534618
56,12,10070.208790
56,13,8286.652034
56,14,6879.667639
56,16,6342.932733
56,17,5810.121936
56,18,5526.166441
56,19,5072.521013
56,21,4909.933376
56,22,4792.524490
56,23,4450.742712
56,24,4405.778979
56,25,4390.488822
56,27,4364.612318
56,28,4295.473600
56,30,4294.819927
56,31,4043.850954
56,42,4041.173416
56,43,3962.782482
56,44,3957.657823
56,45,3949.534618
57,12,10070.208790
57,13,8286.652034
57,14,6879.667639
57,16,6342.932733
57,17,5810.121936
57,18,5526.166441
57,19,5072.521013
57,21,4909.933376
57,22,4792.524490
57,23,4450.742712
57,24,4405.778979
57,25,4390.488822
57,27,4364.612318
57,28,4295.473600
57,30,4294.819927
57,31,4043.850954
57,42,4041.173416
57,43,3962.782482
57,44,3957.657823
57,45,3949.534618
58,12,10070.208790
58,13,8286.652034
58,14,6879.667639
58,16,6342.932733
58,17,5810.121936
58,18,5526.166441
58,19,5072.521013
58,21,4909.933376
58,22,4792.524490
58,23,4450.742712
58,24,4405.778979
58,25,4390.488822
58,27,4364.612318
58,28,4295.473600
58,29,4247.274750
58,30,4130.258660
58,31,4043.850954
58,42,4041.173416
58,43,3962.782482
58,44,3881.452626
59,12,10070.208790
59,13,8286.652034
59,14,6879.667639
59,16,6342.932733
59,17,5810.121936
59,18,5526.166441
59,19,5072.521013
59,21,4909.933376
59,22,4792.524490
59,23,4450.742712
59,24,4405.778979
59,25,4390.488822
59,27,4364.612318
59,28,4295.473600
59,29,4247.274750
59,30,4130.258660
59,31,4043.850954
59,41,3983.520085
59,43,3962.782482
59,44,3881.452626
60,12,10070.208790
60,13,8286.652034
60,14,6466.412172
60,16,6342.932733
60,17,5718.930469
60,18,5526.166441
60,19,5072.521013
60,21,4909.933376
60,22,4792.524490
60,23,4450.742712
60,24,4405.778979
60,25,4390.488822
60,27,4317.922813
60,28,4295.473600
60,29,4247.274750
60,30,4130.258660
60,31,3914.253272
60,40,3908.765986
60,44,3881.452626
61,12,10070.208790
61,13,8286.652034
61,14,6466.412172
61,16,6171.507761
61,17,5718.930469
61,18,5526.166441
61,19,5072.521013
61,21,4909.933376
61,22,4792.524490
61,23,4450.742712
61,24,4405.778979
61,25,4390.488822
61,27,4317.922813
61,28,4295.473600
61,29,4247.274750
61,30,4130.258660
61,31,3914.253272
61,40,3908.765986
61,44,3881.452626
61,47,3875.436992
62,12,10070.208790
62,13,8286.652034
62,14,6466.412172
62,16,6171.507761
62,17,5718.930469
62,18,5526.166441
62,19,5072.521013
62,21,4909.933376
62,22,4792.524490
62,23,4450.742712
62,24,4405.778979
62,25,4390.488822
62,27,4317.922813
62,28,4295.473600
62,29,4247.274750
62,30,4130.258660
62,31,3914.253272
62,40,3908.765986
62,44,3881.452626
62,47,3875.436992
63,12,10070.208790
63,13,8286.652034
63,14,6466.412172
63,16,6171.507761
63,17,5718.930469
63,18,5526.166441
63,19,5072.521013
63,21,4909.933376
63,22,4792.524490
63,23,4450.742712
63,24,4405.778979
63,25,4390.488822
63,27,4317.922813
63,28,4295.473600
63,29,4115.545698
63,31,3914.253272
63,40,3908.765986
63,44,3881.452626
63,47,3875.436992
64,12,10070.208790
64,13,8286.652034
64,14,6466.412172
64,16,6171.507761
64,17,5718.930469
64,18,5526.166441
64,19,5072.521013
64,21,4909.933376
64,22,4792.524490
64,23,4450.742712
64,24,4405.778979
64,25,4390.488822
64,27,4317.922813
64,28,4295.473600
64,29,4115.545698
64,31,3914.253272
64,40,3908.765986
64,44,3881.452626
64,47,3875.436992
65,12,10070.208790
65,13,8286.652034
65,14,6466.412172
65,16,5886.747927
65,17,5718.930469
65,18,5266.728786
65,19,5072.521013
65,21,4909.933376
65,22,4792.524490
65,23,4450.742712
65,24,4405.778979
65,25,4225.199209
65,29,4115.545698
65,31,3914.253272
65,40,3908.765986
65,44,3881.452626
65,47,3875.436992
66,12,10070.208790
66,13,8286.652034
66,14,6466.412172
66,16,5886.747927
66,17,5718.930469
66,18,5266.728786
66,19,5072.521013
66,21,4909.933376
66,22,4792.524490
66,23,4450.742712
66,24,4405.778979
66,25,4225.199209
66,28,4143.320909
66,29,4115.545698
66,31,3914.253272
66,40,3908.765986
66,44,3881.452626
66,47,3875.436992
67,12,10070.208790
67,13,8286.652034
67,14,6466.412172
67,16,5886.747927
67,17,5718.930469
67,18,5266.728786
67,19,5072.521013
67,20,5066.280215
67,21,4733.229594
67,23,4450.742712
67,24,4405.778979
67,25,4225.199209
67,28,4143.320909
67,29,4115.545698
67,31,3914.253272
67,40,3908.765986
67,43,3875.919472
67,47,3875.436992
68,12,10070.208790
68,13,8286.652034
68,14,6466.412172
68,16,5886.747927
68,17,5718.930469
68,18,5266.728786
68,19,5072.521013
68,20,5066.280215
68,21,4733.229594
68,23,4450.742712
68,24,4405.778979
68,25,4225.199209
68,28,4143.320909
68,29,4115.545698
68,31,3914.253272
68,40,3908.765986
68,43,3875.919472
68,47,3875.436992
69,12,10070.208790
69,13,8286.652034
69,14,6466.412172
69,16,5886.747927
69,17,5718.930469
69,18,5266.728786
69,19,5072.521013
69,20,5066.280215
69,21,4733.229594
69,23,4450.742712
69,24,4405.778979
69,25,4225.199209
69,28,4143.320909
69,29,4115.545698
69,31,3914.253272
69,40,3908.765986
69,42,3860.479161
70,12,10070.208790
70,13,8286.652034
70,14,6466.412172
70,16,5886.747927
70,17,5718.930469
70,18,5266.728786
70,19,5072.521013
70,20,5066.280215
70,21,4733.229594
70,23,4450.742712
70,24,4405.778979
70,25,4225.199209
70,28,4143.320909
70,29,4115.545698
70,31,3914.253272
70,40,3908.765986
70,42,3860.479161
71,12,10070.208790
71,13,8286.652034
71,14,6466.412172
71,16,5886.747927
71,17,5533.414096
71,18,5266.728786
71,19,5072.521013
71,20,5066.280215
71,21,4733.229594
71,23,4450.742712
71,24,4405.778979
71,25,4225.199209
71,28,4143.320909
71,29,4115.545698
71,31,3914.253272
71,37,3900.904882
71,42,3860.479161
72,12,10070.208790
72,13,8286.652034
72,14,6466.412172
72,16,5886.747927
72,17,5533.414096
72,18,5266.728786
72,19,5072.521013
72,20,5066.280215
72,21,4733.229594
72,22,4711.105038
72,23,4450.742712
72,24,4405.778979
72,25,4225.199209
72,28,4143.320909
72,29,4115.545698
72,31,3914.253272
72,37,3883.594565
72,42,3860.479161
73,12,10070.208790
73,13,8286.652034
73,14,6466.412172
73,16,5886.747927
73,17,5533.414096
73,18,5266.728786
73,19,5072.521013
73,20,5066.280215
73,21,4733.229594
73,22,4711.105038
73,23,4450.742712
73,24,4405.778979
73,25,4225.199209
73,28,4143.320909
73,29,4115.545698
73,31,3914.253272
73,37,3883.594565
73,42,3860.479161
74,12,10070.208790
74,13,8286.652034
74,14,6466.412172
74,16,5886.747927
74,17,5533.414096
74,18,5266.728786
74,19,5072.521013
74,20,5066.280215
74,21,4733.229594
74,22,4711.105038
74,23,4450.742712
74,24,4405.778979
74,25,4225.199209
74,28,4143.320909
74,29,4115.545698
74,31,3914.253272
74,37,3883.594565
74,42,3860.479161
75,11,13400.318438
75,12,9694.188683
75,13,8286.652034
75,14,6466.412172
75,16,5886.747927
75,17,5533.414096
75,18,5266.728786
75,19,5072.521013
75,20,5034.009677
75,21,4733.229594
75,22,4711.105038
75,23,4450.084741
75,24,4405.778979
75,25,4225.199209
75,28,4143.320909
75,29,4115.545698
75,31,3914.253272
75,37,3883.594565
75,42,3820.966245
76,11,13400.318438
76,12,9694.188683
76,13,8286.652034
76,14,6466.412172
76,16,5886.747927
76,17,5533.414096
76,18,5266.728786
76,19,5072.521013
76,20,5034.009677
76,21,4733.229594
76,22,4711.105038
76,23,4450.084741
76,24,4405.778979
76,25,4225.199209
76,28,4143.320909
76,29,4115.545698
76,31,3914.253272
76,37,3883.594565
76,42,3820.966245
77,11,13400.318438
77,12,9694.188683
77,13,8286.652034
77,14,6466.412172
77,16,5886.747927
77,17,5533.414096
77,18,5266.728786
77,19,5072.521013
77,20,5034.009677
77,21,4733.229594
77,22,4685.837351
77,23,4450.084741
77,24,4405.778979
77,25,4225.199209
77,28,4143.320909
77,29,4115.545698
77,31,3914.253272
77,37,3883.594565
77,42,3820.966245
78,11,13400.318438
78,12,9694.188683
78,13,8286.652034
78,14,6466.412172
78,16,5886.747927
78,17,5533.414096
78,18,5266.728786
78,19,5072.521013
78,20,5034.009677
78,21,4733.229594
78,22,4685.837351
78,23,4450.084741
78,24,4405.778979
78,25,4225.199209
78,28,4143.320909
78,29,4115.545698
78,31,3914.253272
78,37,3883.594565
78,42,3820.966245
79,11,13400.318438
79,12,9694.188683
79,13,8286.652034
79,14,6466.412172
79,16,5886.747927
79,17,5533.414096
79,18,5266.728786
79,19,5072.521013
79,20,5034.009677
79,21,4733.229594
79,22,4685.837351
79,23,4450.084741
79,24,4405.778979
79,25,4225.199209
79,28,4143.320909
79,29,4115.545698
79,31,3914.253272
79,36,3910.541582
79,37,3883.594565
79,42,3820.966245
80,11,13400.318438
80,12,9694.188683
80,13,8286.652034
80,14,6466.412172
80,16,5886.747927
80,17,5533.414096
80,18,5266.728786
80,19,5072.521013
80,20,5034.009677
80,21,4733.229594
80,22,4685.837351
80,23,4450.084741
80,24,4405.778979
80,25,4225.199209
80,28,4143.320909
80,29,4115.545698
80,31,3914.253272
80,36,3910.541582
80,37,3883.594565
80,42,3820.966245
81,11,13400.318438
81,12,9694.188683
81,13,8286.652034
81,14,6466.412172
81,16,5886.747927
81,17,5533.414096
81,18,5266.728786
81,19,5072.521013
81,20,5034.009677
81,21,4733.229594
81,22,4685.837351
81,23,4450.084741
81,24,4405.778979
81,25,4225.199209
81,28,4143.320909
81,29,4115.545698
81,31,3914.253272
81,36,3910.541582
81,37,3852.201577
81,42,3820.966245
82,11,13400.318438
82,12,9694.188683
82,13,8286.652034
82,14,6466.412172
82,16,5886.747927
82,17,5533.414096
82,18,5266.728786
82,19,5072.521013
82,20,4970.483126
82,21,4733.229594
82,22,4685.837351
82,23,4450.084741
82,24,4405.778979
82,25,4225.199209
82,28,4143.320909
82,29,4115.545698
82,31,3914.253272
82,36,3910.541582
82,37,3852.201577
82,42,3820.966245
83,11,13400.318438
83,12,9694.188683
83,13,8286.652034
83,14,6466.412172
83,16,5886.747927
83,17,5533.414096
83,18,5266.728786
83,19,5072.521013
83,20,4970.483126
83,21,4733.229594
83,22,4685.837351
83,23,4450.084741
83,24,4405.778979
83,25,4225.199209
83,26,4196.368412
83,28,4143.320909
83,29,4115.545698
83,31,3914.253272
83,36,3901.230642
83,37,3852.201577
83,42,3820.966245
84,11,13400.318438
84,12,9694.188683
84,13,8286.652034
84,14,6466.412172
84,16,5886.747927
84,17,5533.414096
84,18,5266.728786
84,19,5072.521013
84,20,4970.483126
84,21,4733.229594
84,22,4685.837351
84,23,4450.084741
84,24,4405.778979
84,25,4225.199209
84,26,4196.368412
84,28,4143.320909
84,29,4115.545698
84,31,3914.253272
84,36,3901.230642
84,37,3852.201577
84,42,3820.966245
85,11,13400.318438
85,12,9694.188683
85,13,8286.652034
85,14,6466.412172
85,16,5886.747927
85,17,5533.414096
85,18,5266.728786
85,19,5072.521013
85,20,4970.483126
85,21,4733.229594
85,22,4685.837351
85,23,4437.488929
85,24,4405.778979
85,25,4225.199209
85,26,4196.368412
85,28,4143.320909
85,29,4115.545698
85,31,3914.253272
85,36,3901.230642
85,37,3852.201577
85,38,3753.468699
86,11,13400.318438
86,12,9694.188683
86,13,8286.652034
86,14,6466.412172
86,16,5886.747927
86,17,5533.414096
86,18,5266.728786
86,19,5072.521013
86,20,4970.483126
86,21,4733.229594
86,22,4685.837351
86,23,4437.488929
86,24,4405.778979
86,25,4225.199209
86,26,4196.368412
86,28,4055.244987
86,31,3914.253272
86,36,3901.230642
86,37,3852.201577
86,38,3753.468699
87,11,13400.318438
87,12,9694.188683
87,13,8286.652034
87,14,6466.412172
87,16,5886.747927
87,17,5533.414096
87,18,5266.728786
87,19,5072.521013
87,20,4970.483126
87,21,4733.229594
87,22,4685.837351
87,23,4437.488929
87,24,4405.778979
87,25,4225.199209
87,26,4196.368412
87,28,4055.244987
87,30,4040.907307
87,31,3914.253272
87,36,3901.230642
87,37,3852.201577
87,38,3753.468699
88,11,13400.318438
88,12,9694.188683
88,13,8286.652034
88,14,6466.412172
88,16,5886.747927
88,17,5533.414096
88,18,5266.728786
88,19,5072.521013
88,20,4970.483126
88,21,4733.229594
88,22,4685.837351
88,23,4437.488929
88,24,4405.778979
88,25,4225.199209
88,26,4196.368412
88,28,4055.244987
88,30,4040.907307
88,31,3914.253272
88,36,3901.230642
88,37,3852.201577
88,38,3753.468699
89,11,13400.318438
89,12,9694.188683
89,13,8286.652034
89,14,6466.412172
89,16,5886.747927
89,17,5533.414096
89,18,5266.728786
89,19,5072.521013
89,20,4970.483126
89,21,4733.229594
89,22,4685.837351
89,23,4437.488929
89,24,4405.778979
89,25,4225.199209
89,26,4196.368412
89,28,4055.244987
89,30,4040.907307
89,31,3914.253272
89,36,3901.230642
89,37,3852.201577
89,38,3753.468699
90,11,13400.318438
90,12,9694.188683
90,13,8286.652034
90,14,6466.412172
90,16,5886.747927
90,17,5533.414096
90,18,5266.728786
90,19,5072.521013
90,20,4970.483126
90,21,4733.229594
90,22,4685.837351
90,23,4437.488929
90,24,4405.778979
90,25,4225.199209
90,26,4196.368412
90,28,4055.244987
90,30,4038.960066
90,31,3914.253272
90,36,3901.230642
90,37,3852.201577
90,38,3753.468699
91,11,13400.318438
91,12,9694.188683
91,13,8286.652034
91,14,6466.412172
91,16,5886.747927
91,17,5533.414096
91,18,5266.728786
91,19,5072.521013
91,20,4970.483126
91,21,4733.229594
91,22,4685.837351
91,23,4437.488929
91,24,4405.778979
91,25,4225.199209
91,26,4196.368412
91,28,4055.244987
91,30,4038.960066
91,31,3914.253272
91,36,3901.230642
91,37,3852.201577
91,38,3753.468699
92,11,13400.318438
92,12,9694.188683
92,13,8286.652034
92,14,6466.412172
92,16,5886.747927
92,17,5533.414096
92,18,5266.728786
92,19,5072.521013
92,20,4970.483126
92,21,4733.229594
92,22,4654.335546
92,23,4437.488929
92,24,4405.778979
92,25,4225.199209
92,26,4196.368412
92,27,4136.867598
92,28,4055.244987
92,30,4038.960066
92,31,3914.253272
92,36,3901.230642
92,37,3852.201577
92,38,3753.468699
93,11,13400.318438
93,12,9694.188683
93,13,7991.301944
93,14,6466.412172
93,16,5886.747927
93,17,5533.414096
93,18,5266.728786
93,19,5072.521013
93,20,4970.483126
93,21,4733.229594
93,22,4589.210872
93,23,4437.488929
93,24,4405.778979
93,25,4225.199209
93,26,4196.368412
93,27,4136.867598
93,28,4055.244987
93,30,4038.960066
93,31,3910.770344
93,36,3901.230642
93,37,3852.201577
93,38,3753.468699
94,11,13400.318438
94,12,9694.188683
94,13,7991.301944
94,14,6466.412172
94,16,5886.747927
94,17,5533.414096
94,18,5266.728786
94,19,5072.521013
94,20,4807.616083
94,21,4733.229594
94,22,4589.210872
94,23,4437.488929
94,24,4405.778979
94,25,4225.199209
94,26,4196.368412
94,27,4136.867598
94,28,4055.244987
94,29,4052.503792
94,30,4038.960066
94,31,3910.770344
94,36,3901.230642
94,37,3852.201577
94,38,3753.468699
95,11,13400.318438
95,12,9694.188683
95,13,7991.301944
95,14,6466.412172
95,16,5886.747927
95,17,5533.414096
95,18,5266.728786
95,19,5072.521013
95,20,4807.616083
95,21,4733.229594
95,22,4589.210872
95,23,4437.488929
95,24,4405.778979
95,25,4225.199209
95,26,4196.368412
95,27,4136.867598
95,28,4055.244987
95,29,4052.503792
95,30,4038.960066
95,31,3910.770344
95,36,3901.230642
95,37,3852.201577
95,38,3753.468699
96,11,13400.318438
96,12,9694.188683
96,13,7551.372873
96,14,6466.412172
96,16,5886.747927
96,17,5533.414096
96,18,5266.728786
96,19,5072.521013
96,20,4807.616083
96,21,4733.229594
96,22,4589.210872
96,23,4403.744546
96,25,4225.199209
96,26,4196.368412
96,27,4136.867598
96,28,4055.244987
96,29,4052.503792
96,30,4038.960066
96,31,3910.770344
96,36,3901.230642
96,37,3852.201577
96,38,3753.468699
97,11,13400.318438
97,12,9694.188683
97,13,7551.372873
97,14,6466.412172
97,16,5451.342952
97,18,5266.728786
97,19,5072.521013
97,20,4807.616083
97,21,4733.229594
97,22,4589.210872
97,23,4403.744546
97,25,4225.199209
97,26,4196.368412
97,27,4136.867598
97,28,4055.244987
97,29,4052.503792
97,30,4038.960066
97,31,3910.770344
97,36,3901.230642
97,37,3852.201577
97,38,3753.468699
98,11,13400.318438
98,12,9694.188683
98,13,7551.372873
98,14,6466.412172
98,16,5451.342952
98,18,5266.728786
98,19,5072.521013
98,20,4807.616083
98,21,4733.229594
98,22,4589.210872
98,23,4403.744546
98,25,4225.199209
98,26,4196.368412
98,27,4136.867598
98,28,4055.244987
98,29,4052.503792
98,30,4038.960066
98,31,3910.770344
98,33,3885.870349
98,36,3862.381288
98,37,3852.201577
98,38,3753.468699
99,11,13400.318438
99,12,9694.188683
99,13,7551.372873
99,14,6466.412172
99,16,5451.342952
99,18,5266.728786
99,19,5072.521013
99,20,4807.616083
99,21,4733.229594
99,22,4589.210872
99,23,4403.744546
99,25,4225.199209
99,26,4196.368412
99,27,4136.867598
99,28,4055.244987
99,29,3993.939029
99,31,3910.770344
99,33,3885.870349
99,36,3862.381288
99,37,3852.201577
99,38,3753.468699
99,45,3721.196442
100,11,13400.318438
100,12,9694.188683
100,13,7551.372873
100,14,6466.412172
100,16,5451.342952
100,18,5232.755680
100,19,5072.521013
100,20,4807.616083
100,21,4733.229594
100,22,4486.008783
100,23,4403.744546
100,25,4204.871438
100,26,4196.368412
100,27,4136.867598
100,28,4055.244987
100,29,3993.939029
100,31,3910.770344
100,33,3855.220568
100,36,3853.781362
100,37,3852.201577
100,38,3753.468699
100,45,3721.196442
101,11,13400.318438
101,12,9694.188683
101,13,7551.372873
101,14,6466.412172
101,16,5451.342952
101,18,5232.755680
101,19,5072.521013
101,20,4807.616083
101,21,4733.229594
101,22,4486.008783
101,23,4403.744546
101,25,4204.871438
101,26,4196.368412
101,27,4136.867598
101,28,4055.244987
101,29,3993.939029
101,31,3910.770344
101,33,3855.220568
101,34,3843.471576
101,38,3753.468699
101,45,3721.196442
102,11,13400.318438
102,12,9694.188683
102,13,7551.372873
102,14,6466.412172
102,16,5451.342952
102,18,5232.755680
102,19,5072.521013
102,20,4807.616083
102,21,4733.229594
102,22,4486.008783
102,23,4403.744546
102,25,4204.871438
102,26,4196.368412
102,27,4136.867598
102,28,4055.244987
102,29,3993.939029
102,31,3910.770344
102,33,3855.220568
102,34,3843.471576
102,38,3753.468699
102,45,3721.196442
103,11,13400.318438
103,12,9694.188683
103,13,7551.372873
103,14,6466.412172
103,16,5451.342952
103,18,5232.755680
103,19,5072.521013
103,20,4807.616083
103,21,4717.547394
103,22,4486.008783
103,23,4403.744546
103,25,4204.871438
103,26,4196.368412
103,27,4136.867598
103,28,4055.244987
103,29,3993.939029
103,31,3910.770344
103,33,3855.220568
103,34,3843.471576
103,35,3838.855641
103,38,3753.468699
103,45,3721.196442
104,11,13400.318438
104,12,9694.188683
104,13,7551.372873
104,14,6466.412172
104,16,5451.342952
104,18,5232.755680
104,19,5072.521013
104,20,4807.616083
104,21,4717.547394
104,22,4486.008783
104,23,4403.744546
104,25,4204.871438
104,26,4196.368412
104,27,4136.867598
104,28,4055.244987
104,29,3993.939029
104,31,3910.770344
104,33,3855.220568
104,34,3843.471576
104,35,3838.855641
104,38,3753.468699
104,45,3721.196442
105,11,13400.318438
105,12,9694.188683
105,13,7551.372873
105,14,6466.412172
105,16,5451.342952
105,18,5232.755680
105,19,5072.521013
105,20,4807.616083
105,21,4717.547394
105,22,4486.008783
105,23,4403.744546
105,25,4204.871438
105,26,4196.368412
105,27,4136.867598
105,28,4055.244987
105,29,3993.939029
105,31,3910.770344
105,32,3869.270574
105,33,3855.220568
105,34,3843.471576
105,35,3838.855641
105,38,3753.468699
105,42,3750.201155
105,45,3721.196442
106,11,13400.318438
106,12,9694.188683
106,13,7551.372873
106,14,6466.412172
106,16,5451.342952
106,18,5232.755680
106,19,5072.521013
106,20,4807.616083
106,21,4717.547394
106,22,4486.008783
106,23,4403.744546
106,25,4204.871438
106,26,4196.368412
106,27,4136.867598
106,28,4055.244987
106,29,3993.939029
106,31,3910.770344
106,32,3869.270574
106,33,3855.220568
106,34,3843.471576
106,35,3838.855641
106,37,3807.766316
106,38,3753.468699
106,42,3750.201155
106,45,3721.196442
107,11,13400.318438
107,12,9694.188683
107,13,7551.372873
107,14,6466.412172
107,15,6167.220714
107,16,5451.342952
107,18,5232.755680
107,19,5072.521013
107,20,4807.616083
107,21,4717.547394
107,22,4486.008783
107,23,4403.744546
107,25,4204.871438
107,26,4196.368412
107,27,4136.867598
107,28,4055.244987
107,29,3993.939029
107,31,3910.770344
107,32,3869.270574
107,33,3855.220568
107,34,3843.471576
107,35,3838.855641
107,37,3807.766316
107,38,3753.468699
107,42,3750.201155
107,45,3721.196442
108,11,13400.318438
108,12,9694.188683
108,13,7551.372873
108,14,6466.412172
108,15,6167.220714
108,16,5451.342952
108,18,5232.755680
108,19,5072.521013
108,20,4807.616083
108,21,4717.547394
108,22,4486.008783
108,23,4403.744546
108,24,4396.391459
108,25,4204.871438
108,26,4196.368412
108,27,4136.867598
108,28,4055.244987
108,29,3993.939029
108,31,3910.770344
108,32,3869.270574
108,33,3855.220568
108,34,3843.471576
108,35,3838.855641
108,37,3807.766316
108,38,3753.468699
108,42,3750.201155
108,45,3721.196442
109,11,13400.318438
109,12,9694.188683
109,13,7551.372873
109,14,6466.412172
109,15,6167.220714
109,16,5451.342952
109,18,5232.755680
109,19,5072.521013
109,20,4807.616083
109,21,4717.547394
109,22,4486.008783
109,23,4403.744546
109,24,4396.391459
109,25,4204.871438
109,26,4196.368412
109,27,4136.867598
109,28,4055.244987
109,29,3993.939029
109,31,3910.770344
109,32,3869.270574
109,33,3855.220568
109,34,3843.471576
109,35,3838.855641
109,37,3807.766316
109,38,3753.468699
109,42,3750.201155
109,45,3686.581165
110,11,13400.318438
110,12,9694.188683
110,13,7551.372873
110,14,6466.412172
110,15,6167.220714
110,16,5451.342952
110,18,5232.755680
110,19,5072.521013
110,20,4807.616083
110,21,4717.547394
110,22,4486.008783
110,23,4403.744546
110,24,4396.391459
110,25,4204.871438
110,26,4196.368412
110,27,4136.867598
110,28,4055.244987
110,29,3993.939029
110,31,3910.770344
110,32,3869.270574
110,33,3855.220568
110,34,3843.471576
110,35,3838.855641
110,37,3807.766316
110,38,3740.318827
110,45,3686.581165
111,11,13400.318438
111,12,9694.188683
111,13,7551.372873
111,14,6466.412172
111,15,6167.220714
111,16,5451.342952
111,18,5232.755680
111,19,5072.521013
111,20,4807.616083
111,21,4717.547394
111,22,4486.008783
111,23,4403.744546
111,24,4396.391459
111,25,4204.871438
111,26,4196.368412
111,27,4136.867598
111,28,4055.244987
111,29,3993.939029
111,31,3910.770344
111,32,3869.270574
111,33,3855.220568
111,34,3843.471576
111,35,3838.855641
111,37,3807.766316
111,38,3740.318827
111,45,3686.581165
112,11,13400.318438
112,12,9694.188683
112,13,7551.372873
112,14,6466.412172
112,15,6167.220714
112,16,5451.342952
112,18,5232.755680
112,19,5072.521013
112,20,4807.616083
112,21,4717.547394
112,22,4486.008783
112,23,4403.744546
112,24,4396.391459
112,25,4204.871438
112,26,4196.368412
112,27,4136.867598
112,28,4055.244987
112,29,3993.939029
112,31,3910.770344
112,32,3869.270574
112,33,3855.220568
112,34,3843.471576
112,35,3838.855641
112,37,3807.766316
112,38,3740.318827
112,45,3686.581165
113,11,13400.318438
113,12,9144.351785
113,13,7551.372873
113,14,6466.412172
113,15,6167.220714
113,16,5451.342952
113,18,5232.755680
113,19,5064.375747
113,20,4807.616083
113,21,4717.547394
113,22,4486.008783
113,23,4403.744546
113,24,4396.391459
113,25,4204.871438
113,26,4196.368412
113,27,4136.867598
113,28,4055.244987
113,29,3993.939029
113,31,3910.770344
113,32,3869.270574
113,33,3855.220568
113,34,3843.471576
113,35,3838.855641
113,37,3807.766316
113,38,3740.318827
113,45,3686.581165
114,11,13092.153835
114,12,9144.351785
114,13,7551.372873
114,14,6466.412172
114,15,6167.220714
114,16,5451.342952
114,18,5232.755680
114,19,4738.184709
114,21,4717.547394
114,22,4486.008783
114,23,4403.744546
114,24,4396.391459
114,25,4204.871438
114,26,4196.368412
114,27,4136.867598
114,28,4055.244987
114,29,3993.939029
114,31,3910.770344
114,32,3869.270574
114,33,3855.220568
114,34,3843.471576
114,35,3838.855641
114,37,3807.766316
114,38,3740.318827
114,45,3686.581165
115,11,13092.153835
115,12,9144.351785
115,13,7551.372873
115,14,6466.412172
115,15,6167.220714
115,16,5451.342952
115,18,5232.755680
115,19,4738.184709
115,21,4717.547394
115,22,4486.008783
115,23,4403.744546
115,24,4396.391459
115,25,4204.871438
115,26,4196.368412
115,27,4136.867598
115,28,4055.244987
115,29,3993.939029
115,31,3910.770344
115,32,3869.270574
115,33,3855.220568
115,34,3843.471576
115,35,3838.855641
115,37,3807.766316
115,38,3740.318827
115,45,3686.581165
116,11,13092.153835
116,12,9144.351785
116,13,7551.372873
116,14,6466.412172
116,15,6167.220714
116,16,5451.342952
116,18,5232.755680
116,19,4738.184709
116,21,4717.547394
116,22,4486.008783
116,23,4403.744546
116,24,4396.391459
116,25,4204.871438
116,26,4196.368412
116,27,4136.867598
116,28,4055.244987
116,29,3993.939029
116,31,3910.770344
116,32,3869.270574
116,33,3855.220568
116,34,3843.471576
116,35,3838.855641
116,37,3807.766316
116,38,3740.318827
116,44,3712.713706
116,45,3686.581165
117,11,13092.153835
117,12,9144.351785
117,13,7169.118630
117,14,6466.412172
117,15,6167.220714
117,16,5451.342952
117,18,5232.755680
117,19,4738.184709
117,21,4717.547394
117,22,4486.008783
117,23,4403.744546
117,24,4396.391459
117,25,4204.871438
117,26,4196.368412
117,27,4136.867598
117,28,4055.244987
117,29,3993.939029
117,31,3910.770344
117,32,3869.270574
117,33,3855.220568
117,34,3843.471576
117,35,3838.855641
117,37,3807.766316
117,38,3740.318827
117,44,3712.713706
117,45,3686.581165
118,11,13092.153835
118,12,9144.351785
118,13,7169.118630
118,14,6466.412172
118,15,6167.220714
118,16,5451.342952
118,18,5232.755680
118,19,4738.184709
118,21,4717.547394
118,22,4486.008783
118,23,4403.744546
118,24,4396.391459
118,25,4204.871438
118,26,4196.368412
118,27,4136.867598
118,28,4055.244987
118,29,3993.939029
118,31,3910.770344
118,32,3869.270574
118,33,3855.220568
118,34,3843.471576
118,35,3838.855641
118,37,3807.766316
118,38,3740.318827
118,41,3684.253549
119,11,13092.153835
119,12,9144.351785
119,13,7169.118630
119,14,6466.412172
119,15,6167.220714
119,16,5451.342952
119,18,5050.790669
119,19,4738.184709
119,21,4717.547394
119,22,4486.008783
119,23,4403.744546
119,24,4396.391459
119,25,4204.871438
119,26,4118.897108
119,28,4055.244987
119,29,3993.939029
119,31,3879.475378
119,32,3869.270574
119,33,3855.220568
119,34,3843.471576
119,35,3838.855641
119,37,3807.766316
119,38,3740.318827
119,41,3684.253549
120,11,13092.153835
120,12,9144.351785
120,13,7169.118630
120,14,6466.412172
120,15,6167.220714
120,16,5451.342952
120,18,5050.790669
120,19,4738.184709
120,21,4717.547394
120,22,4486.008783
120,23,4403.744546
120,24,4396.391459
120,25,4204.871438
120,26,4118.897108
120,28,4055.244987
120,29,3993.939029
120,31,3879.475378
120,32,3869.270574
120,33,3855.220568
120,34,3843.471576
120,35,3838.855641
120,37,3807.766316
120,38,3740.318827
120,41,3684.253549
121,11,13092.153835
121,12,8889.774431
121,13,7169.118630
121,14,6466.412172
121,15,6167.220714
121,16,5451.342952
121,18,5050.790669
121,19,4738.184709
121,21,4717.547394
121,22,4486.008783
121,23,4403.744546
121,24,4396.391459
121,25,4204.871438
121,26,4118.897108
121,28,4055.244987
121,29,3993.939029
121,31,3879.475378
121,32,3869.270574
121,33,3855.220568
121,34,3843.471576
121,35,3838.855641
121,37,3807.766316
121,38,3740.318827
121,41,3684.253549
122,11,13092.153835
122,12,8889.774431
122,13,7169.118630
122,14,6466.412172
122,15,6167.220714
122,16,5451.342952
122,18,5050.790669
122,19,4738.184709
122,21,4717.547394
122,22,4486.008783
122,23,4403.744546
122,24,4396.391459
122,25,4204.871438
122,26,4118.897108
122,28,4055.244987
122,29,3993.939029
122,31,3879.475378
122,32,3869.270574
122,33,3855.220568
122,34,3843.471576
122,35,3838.855641
122,36,3781.175579
122,38,3740.318827
122,41,3684.253549
123,11,13092.153835
123,12,8889.774431
123,13,7169.118630
123,14,6466.412172
123,15,6167.220714
123,16,5451.342952
123,18,5050.790669
123,19,4738.184709
123,21,4717.547394
123,22,4486.008783
123,23,4403.744546
123,24,4396.391459
123,25,4204.871438
123,26,4118.897108
123,28,4055.244987
123,29,3993.939029
123,31,3879.475378
123,32,3869.270574
123,33,3855.220568
123,34,3843.471576
123,35,3838.855641
123,36,3781.175579
123,38,3740.318827
123,41,3684.253549
124,11,13092.153835
124,12,8889.774431
124,13,7169.118630
124,14,6466.412172
124,15,6167.220714
124,16,5451.342952
124,18,5050.790669
124,19,4738.184709
124,21,4371.504240
124,25,4204.871438
124,26,4118.897108
124,28,4055.244987
124,29,3993.939029
124,31,3879.475378
124,32,3869.270574
124,33,3855.220568
124,34,3843.471576
124,35,3838.855641
124,36,3781.175579
124,38,3740.318827
124,39,3682.327434
125,11,13092.153835
125,12,8889.774431
125,13,7169.118630
125,14,6466.412172
125,15,6167.220714
125,16,5451.342952
125,18,5050.790669
125,19,4738.184709
125,21,4371.504240
125,25,4096.439801
125,28,4055.244987
125,29,3993.939029
125,31,3879.475378
125,32,3869.270574
125,33,3855.220568
125,34,3843.471576
125,35,3838.855641
125,36,3781.175579
125,38,3740.318827
125,39,3682.327434
126,11,13092.153835
126,12,8889.774431
126,13,7169.118630
126,14,6466.412172
126,15,6167.220714
126,16,5451.342952
126,18,5050.790669
126,19,4738.184709
126,21,4371.504240
126,25,4096.439801
126,28,4055.244987
126,29,3993.939029
126,31,3879.475378
126,32,3869.270574
126,33,3855.220568
126,34,3843.471576
126,35,3838.855641
126,36,3781.175579
126,38,3740.318827
126,39,3682.327434
127,11,13092.153835
127,12,8889.774431
127,13,7169.118630
127,14,6466.412172
127,15,6167.220714
127,16,5451.342952
127,18,5050.790669
127,19,4738.184709
127,21,4371.504240
127,24,4347.333570
127,25,4096.439801
127,28,4055.244987
127,29,3993.939029
127,31,3879.475378
127,32,3869.270574
127,33,3855.220568
127,34,3843.471576
127,35,3838.855641
127,36,3781.175579
127,38,3740.318827
127,39,3682.327434
128,11,13092.153835
128,12,8889.774431
128,13,7169.118630
128,14,6466.412172
128,15,6167.220714
128,16,5451.342952
128,18,5050.790669
128,19,4738.184709
128,21,4371.504240
128,24,4347.333570
128,25,4096.439801
128,28,3949.147700
128,31,3879.475378
128,32,3869.270574
128,33,3855.220568
128,34,3843.471576
128,35,3838.855641
128,36,3781.175579
128,38,3740.318827
128,39,3682.327434
129,11,13092.153835
129,12,8889.774431
129,13,7169.118630
129,14,6466.412172
129,15,6167.220714
129,16,5451.342952
129,18,5050.790669
129,19,4738.184709
129,21,4371.504240
129,24,4347.333570
129,25,4096.439801
129,28,3949.147700
129,31,3879.475378
129,32,3869.270574
129,33,3855.220568
129,34,3843.471576
129,35,3786.785692
129,36,3781.175579
129,38,3740.318827
129,39,3682.327434
130,11,13092.153835
130,12,8889.774431
130,13,7169.118630
130,14,6231.083978
130,15,5747.110016
130,16,5451.342952
130,18,5050.790669
130,19,4738.184709
130,21,4371.504240
130,24,4347.333570
130,25,4096.439801
130,28,3949.147700
130,31,3879.475378
130,32,3866.442842
130,33,3855.220568
130,34,3843.471576
130,35,3786.785692
130,36,3781.175579
130,38,3740.318827
130,39,3682.327434
130,40,3678.855433
131,11,13092.153835
131,12,8889.774431
131,13,7169.118630
131,14,6231.083978
131,15,5747.110016
131,16,5451.342952
131,17,5351.091169
131,18,5050.790669
131,19,4738.184709
131,21,4371.504240
131,24,4347.333570
131,25,4096.439801
131,28,3949.147700
131,31,3879.475378
131,32,3866.442842
131,33,3855.220568
131,34,3843.471576
131,35,3786.785692
131,36,3781.175579
131,38,3740.318827
131,39,3682.327434
131,40,3678.855433
131,44,3657.877137
132,11,13092.153835
132,12,8889.774431
132,13,6722.123496
132,14,6231.083978
132,15,5747.110016
132,16,5451.342952
132,17,5351.091169
132,18,5050.790669
132,19,4738.184709
132,21,4371.504240
132,24,4347.333570
132,25,4096.439801
132,28,3949.147700
132,31,3879.475378
132,32,3866.442842
132,33,3855.220568
132,34,3843.471576
132,35,3786.785692
132,36,3781.175579
132,38,3740.318827
132,39,3682.327434
132,40,3678.855433
132,42,3634.357190
133,11,13092.153835
133,12,8889.774431
133,13,6722.123496
133,14,6231.083978
133,15,5747.110016
133,16,5438.634053
133,17,5351.091169
133,18,5050.790669
133,19,4738.184709
133,20,4730.302512
133,21,4371.504240
133,24,4347.333570
133,25,4096.439801
133,28,3949.147700
133,31,3879.475378
133,32,3866.442842
133,33,3855.220568
133,34,3843.471576
133,35,3786.785692
133,36,3781.175579
133,38,3740.318827
133,39,3682.327434
133,40,3678.855433
133,42,3634.357190
134,11,13092.153835
134,12,8889.774431
134,13,6533.870202
134,14,6231.083978
134,15,5747.110016
134,16,5438.634053
134,17,5351.091169
134,18,5050.790669
134,19,4738.184709
134,20,4730.302512
134,21,4371.504240
134,24,4347.333570
134,25,4096.439801
134,28,3949.147700
134,31,3879.475378
134,32,3859.392227
134,33,3855.220568
134,34,3843.471576
134,35,3642.385097
134,42,3634.357190
135,11,13092.153835
135,12,8889.774431
135,13,6533.870202
135,14,6231.083978
135,15,5747.110016
135,16,5438.634053
135,17,5351.091169
135,18,5050.790669
135,19,4738.184709
135,20,4730.302512
135,21,4371.504240
135,24,4347.333570
135,25,4096.439801
135,28,3949.147700
135,30,3934.276552
135,31,3879.475378
135,32,3859.392227
135,33,3855.220568
135,34,3843.471576
135,35,3642.385097
135,42,3634.357190
135,43,3632.653961
136,11,13092.153835
136,12,8889.774431
136,13,6533.870202
136,14,6231.083978
136,15,5747.110016
136,16,5438.634053
136,17,5351.091169
136,18,5050.790669
136,19,4738.184709
136,20,4676.919284
136,21,4371.504240
136,24,4347.333570
136,25,4096.439801
136,27,4063.363186
136,28,3949.147700
136,30,3934.276552
136,31,3879.475378
136,32,3859.392227
136,33,3855.220568
136,34,3772.551984
136,35,3642.385097
136,38,3638.231546
136,42,3634.357190
136,43,3632.653961
137,11,13092.153835
137,12,8889.774431
137,13,6533.870202
137,14,6231.083978
137,15,5747.110016
137,16,5438.634053
137,17,4997.349815
137,19,4738.184709
137,20,4587.043738
137,21,4371.504240
137,24,4347.333570
137,25,4096.439801
137,27,4063.363186
137,28,3949.147700
137,30,3934.276552
137,31,3879.475378
137,32,3859.392227
137,33,3806.325255
137,34,3772.551984
137,35,3642.385097
137,38,3638.231546
137,41,3634.626316
137,42,3634.357190
137,43,3632.653961
138,11,13092.153835
138,12,8889.774431
138,13,6533.870202
138,14,6231.083978
138,15,5747.110016
138,16,5438.634053
138,17,4997.349815
138,19,4738.184709
138,20,4587.043738
138,21,4371.504240
138,24,4347.333570
138,25,4096.439801
138,27,4063.363186
138,28,3949.147700
138,29,3918.072839
138,30,3884.662160
138,31,3851.534132
138,33,3806.325255
138,34,3772.551984
138,35,3642.385097
138,38,3638.231546
138,41,3634.626316
138,42,3634.357190
138,43,3632.653961
139,11,13092.153835
139,12,8834.238303
139,13,6533.870202
139,14,6231.083978
139,15,5747.110016
139,16,5438.634053
139,17,4997.349815
139,19,4738.184709
139,20,4587.043738
139,21,4371.504240
139,24,4215.739443
139,25,4096.439801
139,27,4063.363186
139,28,3949.147700
139,29,3918.072839
139,30,3884.662160
139,31,3851.534132
139,33,3806.325255
139,34,3772.551984
139,35,3642.385097
139,38,3638.231546
139,41,3634.626316
139,42,3634.357190
139,43,3632.653961
140,11,13092.153835
140,12,8834.238303
140,13,6533.870202
140,14,6231.083978
140,15,5747.110016
140,16,5438.634053
140,17,4997.349815
140,18,4889.570641
140,19,4738.184709
140,20,4587.043738
140,21,4371.504240
140,24,4215.739443
140,25,4096.439801
140,27,4063.363186
140,28,3949.147700
140,29,3918.072839
140,30,3884.662160
140,31,3842.508423
140,33,3806.325255
140,34,3772.551984
140,35,3642.385097
140,38,3638.231546
140,41,3634.626316
140,42,3634.357190
140,43,3632.653961
141,11,11655.399754
141,12,8834.238303
141,13,6533.870202
141,14,6231.083978
141,15,5747.110016
141,16,5438.634053
141,17,4997.349815
141,18,4889.570641
141,19,4738.184709
141,20,4587.043738
141,21,4371.504240
141,24,4215.739443
141,25,4096.439801
141,27,4063.363186
141,28,3949.147700
141,29,3918.072839
141,30,3884.662160
141,31,3842.508423
141,33,3806.325255
141,34,3772.551984
141,35,3642.385097
141,38,3638.231546
141,41,3634.626316
141,42,3604.613192
142,11,11655.399754
142,12,8834.238303
142,13,6533.870202
142,14,6003.480813
142,15,5747.110016
142,16,5438.634053
142,17,4997.349815
142,18,4889.570641
142,19,4738.184709
142,20,4587.043738
142,21,4371.504240
142,24,4215.739443
142,25,4096.439801
142,27,4063.363186
142,28,3949.147700
142,29,3918.072839
142,30,3884.662160
142,31,3842.508423
142,33,3792.693768
142,34,3702.635762
142,35,3642.385097
142,38,3638.231546
142,41,3634.626316
142,42,3604.613192
143,11,11655.399754
143,12,8834.238303
143,13,6533.870202
143,14,6003.480813
143,15,5747.110016
143,16,5438.634053
143,17,4997.349815
143,18,4889.570641
143,19,4738.184709
143,20,4587.043738
143,21,4371.504240
143,24,4215.739443
143,25,4096.439801
143,27,4063.363186
143,28,3949.147700
143,29,3918.072839
143,30,3884.662160
143,31,3842.508423
143,33,3714.837891
143,34,3702.635762
143,35,3642.385097
143,38,3638.231546
143,41,3634.626316
143,42,3604.613192
144,11,11655.399754
144,12,8834.238303
144,13,6533.870202
144,14,6003.480813
144,15,5747.110016
144,16,5438.634053
144,17,4997.349815
144,18,4889.570641
144,19,4738.184709
144,20,4587.043738
144,21,4371.504240
144,24,4215.739443
144,25,4096.439801
144,26,4055.372969
144,28,3846.031680
144,31,3842.508423
144,33,3714.837891
144,34,3702.635762
144,35,3642.385097
144,38,3638.231546
144,41,3634.626316
144,42,3604.613192
145,11,11655.399754
145,12,8834.238303
145,13,6309.984203
145,14,6003.480813
145,15,5747.110016
145,16,5438.634053
145,17,4997.349815
145,18,4889.570641
145,19,4738.184709
145,20,4587.043738
145,21,4371.504240
145,24,4057.136472
145,25,3808.572252
145,33,3714.837891
145,34,3702.635762
145,35,3642.385097
145,38,3638.231546
145,41,3634.626316
145,42,3604.613192
146,11,11655.399754
146,12,8834.238303
146,13,6309.984203
146,14,6003.480813
146,15,5747.110016
146,16,5438.634053
146,17,4997.349815
146,18,4889.570641
146,19,4738.184709
146,20,4587.043738
146,21,4371.504240
146,24,4057.136472
146,25,3808.572252
146,32,3799.216454
146,33,3714.837891
146,34,3702.635762
146,35,3642.385097
146,37,3636.987200
146,41,3634.626316
146,42,3604.613192
147,11,10564.192681
147,12,8379.147565
147,13,6309.984203
147,14,6003.480813
147,15,5747.110016
147,16,5438.634053
147,17,4997.349815
147,18,4889.570641
147,19,4738.184709
147,20,4587.043738
147,21,4371.504240
147,23,4206.977109
147,24,4057.136472
147,25,3808.572252
147,32,3799.216454
147,33,3714.837891
147,34,3702.635762
147,35,3642.385097
147,36,3624.543820
147,42,3604.613192
148,11,10564.192681
148,12,8379.147565
148,13,6309.984203
148,14,6003.480813
148,15,5747.110016
148,16,5438.634053
148,17,4997.349815
148,18,4889.570641
148,19,4738.184709
148,20,4587.043738
148,21,4371.504240
148,23,4206.977109
148,24,4057.136472
148,25,3808.572252
148,32,3799.216454
148,33,3714.837891
148,34,3702.635762
148,35,3642.385097
148,36,3624.543820
148,42,3604.613192
149,11,10564.192681
149,12,8379.147565
149,13,6309.984203
149,14,6003.480813
149,15,5747.110016
149,16,5438.634053
149,17,4997.349815
149,18,4889.570641
149,19,4738.184709
149,20,4587.043738
149,21,4371.504240
149,23,4206.977109
149,24,4057.136472
149,25,3808.572252
149,32,3799.216454
149,33,3714.837891
149,34,3702.635762
149,35,3642.385097
149,36,3624.543820
149,42,3604.613192
150,11,10564.192681
150,12,8379.147565
150,13,6309.984203
150,14,5941.161430
150,15,5747.110016
150,16,5438.634053
150,17,4997.349815
150,18,4889.570641
150,19,4660.387717
150,20,4587.043738
150,21,4371.504240
150,23,4152.615558
150,24,4057.136472
150,25,3808.572252
150,32,3799.216454
150,33,3714.837891
150,34,3617.802246
150,42,3604.613192
151,11,10564.192681
151,12,8379.147565
151,13,6309.984203
151,14,5941.161430
151,15,5747.110016
151,16,5438.634053
151,17,4997.349815
151,18,4889.570641
151,19,4660.387717
151,20,4587.043738
151,21,4371.504240
151,23,4152.615558
151,24,4057.136472
151,25,3808.572252
151,32,3749.799430
151,33,3714.837891
151,34,3617.802246
151,42,3604.613192
152,11,10564.192681
152,12,8379.147565
152,13,6309.984203
152,14,5941.161430
152,15,5747.110016
152,16,5438.634053
152,17,4997.349815
152,18,4889.570641
152,19,4660.387717
152,20,4587.043738
152,21,4371.504240
152,23,4152.615558
152,24,4057.136472
152,25,3808.572252
152,32,3730.720422
152,33,3714.837891
152,34,3617.802246
152,42,3604.613192
153,11,10564.192681
153,12,8379.147565
153,13,6309.984203
153,14,5941.161430
153,15,5747.110016
153,16,5438.634053
153,17,4997.349815
153,18,4889.570641
153,19,4660.387717
153,20,4587.043738
153,21,4371.504240
153,23,4152.615558
153,24,4057.136472
153,25,3808.572252
153,32,3708.419844
153,34,3617.802246
153,42,3604.613192
154,11,10564.192681
154,12,8379.147565
154,13,6309.984203
154,14,5941.161430
154,15,5747.110016
154,16,5438.634053
154,17,4997.349815
154,18,4889.570641
154,19,4660.387717
154,20,4587.043738
154,21,4371.504240
154,22,4253.838929
154,23,4152.615558
154,24,4057.136472
154,25,3808.572252
154,31,3775.327883
154,32,3708.419844
154,34,3617.802246
154,42,3604.613192
155,11,10564.192681
155,12,8379.147565
155,13,6309.984203
155,14,5941.161430
155,15,5747.110016
155,16,5438.634053
155,17,4997.349815
155,18,4864.240371
155,19,4660.387717
155,20,4587.043738
155,21,4371.504240
155,22,4253.838929
155,23,4152.615558
155,24,4057.136472
155,25,3808.572252
155,31,3775.327883
155,32,3708.419844
155,34,3617.802246
155,38,3573.023611
156,11,10564.192681
156,12,7863.593527
156,13,6309.984203
156,14,5941.161430
156,15,5747.110016
156,16,5223.666178
156,17,4997.349815
156,18,4864.240371
156,19,4660.387717
156,20,4587.043738
156,21,4371.504240
156,22,4253.838929
156,23,4152.615558
156,24,4057.136472
156,25,3808.572252
156,31,3775.327883
156,32,3708.419844
156,34,3617.802246
156,38,3573.023611
157,11,10564.192681
157,12,7863.593527
157,13,6309.984203
157,14,5941.161430
157,15,5747.110016
157,16,5223.666178
157,17,4997.349815
157,18,4782.299440
157,19,4660.387717
157,20,4587.043738
157,21,4371.504240
157,22,4253.838929
157,23,4152.615558
157,24,4057.136472
157,25,3808.572252
157,31,3775.327883
157,32,3708.419844
157,34,3617.802246
157,38,3573.023611
158,11,10564.192681
158,12,7863.593527
158,13,6309.984203
158,14,5941.161430
158,15,5736.843430
158,16,5223.666178
158,17,4997.349815
158,18,4782.299440
158,19,4660.387717
158,20,4587.043738
158,21,4371.504240
158,22,4253.838929
158,23,4152.615558
158,24,4057.136472
158,25,3808.572252
158,31,3775.327883
158,32,3708.419844
158,34,3617.802246
158,38,3573.023611
159,11,9965.062633
159,12,7863.593527
159,13,6309.984203
159,14,5941.161430
159,15,5736.843430
159,16,5223.666178
159,17,4997.349815
159,18,4759.765747
159,19,4660.387717
159,20,4587.043738
159,21,4371.504240
159,22,4253.838929
159,23,4152.615558
159,24,4057.136472
159,25,3808.572252
159,31,3775.327883
159,32,3699.762960
159,34,3617.802246
159,38,3573.023611
160,11,9965.062633
160,12,7863.593527
160,13,6309.984203
160,14,5941.161430
160,15,5736.843430
160,16,5223.666178
160,17,4997.349815
160,18,4759.765747
160,19,4499.546055
160,21,4371.504240
160,22,4253.838929
160,23,4152.615558
160,24,4057.136472
160,25,3808.572252
160,31,3775.327883
160,32,3699.762960
160,33,3607.760196
160,36,3560.650908
161,11,9965.062633
161,12,7863.593527
161,13,6309.984203
161,14,5941.161430
161,15,5736.843430
161,16,5223.666178
161,17,4997.349815
161,18,4759.765747
161,19,4499.546055
161,21,4371.504240
161,22,4253.838929
161,23,4152.615558
161,24,4057.136472
161,25,3808.572252
161,31,3775.327883
161,32,3699.762960
161,33,3607.760196
161,36,3560.650908
162,11,9965.062633
162,12,7863.593527
162,13,6309.984203
162,14,5941.161430
162,15,5736.843430
162,16,5223.666178
162,17,4997.349815
162,18,4759.765747
162,19,4499.546055
162,21,4371.504240
162,22,4253.838929
162,23,4152.615558
162,24,4057.136472
162,25,3808.572252
162,31,3775.327883
162,32,3699.762960
162,33,3607.760196
162,36,3560.650908
163,11,9965.062633
163,12,7863.593527
163,13,6309.984203
163,14,5941.161430
163,15,5736.843430
163,16,5223.666178
163,17,4997.349815
163,18,4759.765747
163,19,4499.546055
163,21,4371.504240
163,22,4253.838929
163,23,4152.615558
163,24,4057.136472
163,25,3808.572252
163,31,3775.327883
163,32,3699.762960
163,33,3607.760196
163,36,3560.650908
164,11,9965.062633
164,12,7863.593527
164,13,6309.984203
164,14,5941.161430
164,15,5736.843430
164,16,5223.666178
164,17,4997.349815
164,18,4759.765747
164,19,4499.546055
164,21,4371.504240
164,22,4253.838929
164,23,4152.615558
164,24,4057.136472
164,25,3808.572252
164,31,3775.327883
164,32,3673.789451
164,33,3607.760196
164,36,3560.650908
165,11,9965.062633
165,12,7863.593527
165,13,6309.984203
165,14,5941.161430
165,15,5736.843430
165,16,5135.007539
165,17,4997.349815
165,18,4759.765747
165,19,4388.641483
165,21,4371.504240
165,22,4253.838929
165,23,4152.615558
165,24,4057.136472
165,25,3808.572252
165,31,3748.876142
165,32,3673.789451
165,33,3607.760196
165,36,3560.650908
166,11,9965.062633
166,12,7863.593527
166,13,6309.984203
166,14,5941.161430
166,15,5731.044102
166,16,5135.007539
166,17,4997.349815
166,18,4759.765747
166,19,4388.641483
166,21,4371.504240
166,22,4253.838929
166,23,4152.615558
166,24,4057.136472
166,25,3808.572252
166,31,3748.876142
166,32,3673.789451
166,33,3607.760196
166,36,3560.650908
167,11,9965.062633
167,12,7863.593527
167,13,6309.984203
167,14,5941.161430
167,15,5731.044102
167,16,5135.007539
167,17,4997.349815
167,18,4759.765747
167,19,4388.641483
167,21,4371.504240
167,22,4253.838929
167,23,4152.615558
167,24,3910.209060
167,25,3808.572252
167,31,3748.876142
167,32,3673.789451
167,33,3607.760196
167,36,3560.650908
168,11,9965.062633
168,12,7863.593527
168,13,6309.984203
168,14,5941.161430
168,15,5731.044102
168,16,5135.007539
168,17,4997.349815
168,18,4759.765747
168,19,4388.641483
168,21,4371.504240
168,22,4253.838929
168,23,4136.428554
168,24,3910.209060
168,25,3808.572252
168,31,3748.876142
168,32,3673.789451
168,33,3607.760196
168,36,3560.650908
169,11,9799.378033
169,12,7863.593527
169,13,6309.984203
169,14,5941.161430
169,15,5731.044102
169,16,5135.007539
169,17,4997.349815
169,18,4759.765747
169,19,4388.641483
169,21,4371.504240
169,22,4253.838929
169,23,4136.428554
169,24,3910.209060
169,25,3808.572252
169,31,3748.876142
169,32,3673.789451
169,33,3607.760196
169,36,3560.650908
170,11,9290.574105
170,12,7863.593527
170,13,5882.479666
170,15,5731.044102
170,16,5135.007539
170,17,4997.349815
170,18,4759.765747
170,19,4388.641483
170,21,4371.504240
170,22,4253.838929
170,23,4136.428554
170,24,3910.209060
170,25,3808.572252
170,30,3593.277083
170,36,3560.650908
171,11,9144.511990
171,12,7863.593527
171,13,5882.479666
171,15,5731.044102
171,16,5135.007539
171,17,4997.349815
171,18,4759.765747
171,19,4388.641483
171,21,4371.504240
171,22,4253.838929
171,23,4136.428554
171,24,3910.209060
171,25,3808.572252
171,30,3593.277083
171,36,3560.650908
172,11,9144.511990
172,12,7863.593527
172,13,5882.479666
172,15,5691.881209
172,16,5135.007539
172,17,4997.349815
172,18,4759.765747
172,19,4388.641483
172,21,4371.504240
172,22,4253.838929
172,23,4136.428554
172,24,3910.209060
172,25,3808.572252
172,30,3593.277083
172,36,3560.650908
173,11,9144.511990
173,12,7863.593527
173,13,5882.479666
173,15,5691.881209
173,16,5135.007539
173,17,4997.349815
173,18,4759.765747
173,19,4388.641483
173,21,4371.504240
173,22,4253.838929
173,23,4136.428554
173,24,3910.209060
173,25,3808.572252
173,30,3593.277083
173,34,3542.403992
174,11,9144.511990
174,12,7863.593527
174,13,5882.479666
174,14,5845.926447
174,15,5691.881209
174,16,5135.007539
174,17,4997.349815
174,18,4759.765747
174,19,4388.641483
174,21,4371.504240
174,22,4253.838929
174,23,4136.428554
174,24,3910.209060
174,25,3808.572252
174,30,3593.277083
174,34,3542.403992
175,11,9144.511990
175,12,7863.593527
175,13,5869.408384
175,14,5845.926447
175,15,5691.881209
175,16,5135.007539
175,17,4997.349815
175,18,4759.765747
175,19,4388.641483
175,21,4371.504240
175,22,4253.838929
175,23,4102.845286
175,24,3910.209060
175,25,3793.608035
175,30,3593.277083
175,34,3542.403992
176,11,9144.511990
176,12,7863.593527
176,13,5869.408384
176,14,5845.926447
176,15,5669.159099
176,16,5135.007539
176,17,4997.349815
176,18,4759.765747
176,19,4388.641483
176,21,4320.240515
176,22,4253.838929
176,23,4102.845286
176,24,3910.209060
176,25,3793.608035
176,30,3593.277083
176,34,3542.403992
177,11,9144.511990
177,12,7863.593527
177,13,5869.408384
177,14,5845.926447
177,15,5669.159099
177,16,5135.007539
177,17,4997.349815
177,18,4759.765747
177,19,4388.641483
177,21,4320.240515
177,22,4253.838929
177,23,4102.845286
177,24,3910.209060
177,25,3793.608035
177,30,3593.277083
177,34,3542.403992
178,11,9144.511990
178,12,7781.188677
178,13,5869.408384
178,14,5845.926447
178,15,5669.159099
178,16,5135.007539
178,17,4997.349815
178,18,4759.765747
178,19,4388.641483
178,21,4298.262347
178,22,4253.838929
178,23,4102.845286
178,24,3910.209060
178,25,3793.608035
178,30,3593.277083
178,34,3542.403992
178,40,3499.673039
179,11,9144.511990
179,12,7781.188677
179,13,5869.408384
179,14,5845.926447
179,15,5669.159099
179,16,5135.007539
179,17,4997.349815
179,18,4759.765747
179,19,4388.641483
179,21,4298.262347
179,22,4253.838929
179,23,4102.845286
179,24,3910.209060
179,25,3793.608035
179,30,3593.277083
179,34,3542.403992
179,40,3499.673039
180,11,9144.511990
180,12,7781.188677
180,13,5869.408384
180,14,5778.765184
180,15,5669.159099
180,16,5135.007539
180,17,4851.790040
180,18,4759.765747
180,19,4388.641483
180,21,4298.262347
180,22,4253.838929
180,23,4102.845286
180,24,3910.209060
180,25,3793.608035
180,30,3593.277083
180,34,3542.403992
180,40,3499.673039
181,11,9144.511990
181,12,7781.188677
181,13,5869.408384
181,14,5778.765184
181,15,5669.159099
181,16,5135.007539
181,17,4851.790040
181,18,4759.765747
181,19,4388.641483
181,21,4298.262347
181,22,4253.838929
181,23,4102.845286
181,24,3910.209060
181,25,3793.608035
181,27,3739.214838
181,28,3682.111042
181,30,3593.277083
181,34,3542.403992
181,40,3499.673039
182,11,9144.511990
182,12,7781.188677
182,13,5869.408384
182,14,5778.765184
182,15,5669.159099
182,16,5135.007539
182,17,4851.790040
182,18,4759.765747
182,19,4388.641483
182,21,4298.262347
182,22,4253.838929
182,23,4102.845286
182,24,3910.209060
182,25,3793.608035
182,27,3739.214838
182,28,3682.111042
182,30,3593.277083
182,34,3542.403992
182,40,3499.673039
183,11,9144.511990
183,12,7781.188677
183,13,5869.408384
183,14,5778.765184
183,15,5655.322960
183,16,5135.007539
183,17,4851.790040
183,18,4759.765747
183,19,4388.641483
183,21,4214.797018
183,23,4102.845286
183,24,3910.209060
183,25,3793.608035
183,27,3739.214838
183,28,3682.111042
183,30,3593.277083
183,34,3542.403992
183,40,3499.673039
184,11,9144.511990
184,12,7781.188677
184,13,5869.408384
184,14,5778.765184
184,15,5655.322960
184,16,5135.007539
184,17,4851.790040
184,18,4759.765747
184,19,4388.641483
184,21,4214.797018
184,23,4039.772913
184,24,3910.209060
184,25,3793.608035
184,26,3790.552113
184,27,3739.214838
184,28,3682.111042
184,30,3593.277083
184,34,3542.403992
184,38,3537.404265
184,40,3499.673039
185,11,9144.511990
185,12,7781.188677
185,13,5869.408384
185,14,5535.916858
185,16,5135.007539
185,17,4851.790040
185,18,4759.765747
185,19,4388.641483
185,21,4214.797018
185,23,4026.153083
185,24,3910.209060
185,25,3793.608035
185,26,3790.552113
185,27,3739.214838
185,28,3682.111042
185,30,3593.277083
185,34,3542.403992
185,38,3537.404265
185,40,3499.673039
186,11,9144.511990
186,12,7781.188677
186,13,5869.408384
186,14,5535.916858
186,16,5135.007539
186,17,4851.790040
186,18,4759.765747
186,19,4388.641483
186,21,4214.797018
186,22,4123.621794
186,23,3964.149377
186,24,3910.209060
186,25,3793.608035
186,26,3780.197502
186,27,3739.214838
186,28,3682.111042
186,30,3593.277083
186,34,3542.403992
186,38,3537.404265
186,40,3499.673039
187,11,9144.511990
187,12,7421.245657
187,13,5869.408384
187,14,5535.916858
187,16,5135.007539
187,17,4851.790040
187,18,4759.765747
187,19,4388.641483
187,21,4214.797018
187,22,4123.621794
187,23,3964.149377
187,24,3910.209060
187,25,3793.608035
187,26,3780.197502
187,27,3739.214838
187,28,3682.111042
187,30,3593.277083
187,34,3542.403992
187,35,3533.066386
187,40,3499.673039
188,11,9144.511990
188,12,7421.245657
188,13,5869.408384
188,14,5535.916858
188,16,5135.007539
188,17,4851.790040
188,18,4759.765747
188,19,4388.641483
188,21,4214.797018
188,22,4123.621794
188,23,3964.149377
188,24,3910.209060
188,25,3793.608035
188,26,3780.197502
188,27,3684.430469
188,28,3682.111042
188,30,3593.277083
188,34,3542.403992
188,35,3533.066386
188,40,3499.673039
189,11,9144.511990
189,12,7421.245657
189,13,5869.408384
189,14,5535.916858
189,16,5135.007539
189,17,4851.790040
189,18,4759.765747
189,19,4388.641483
189,21,4214.797018
189,22,4123.621794
189,23,3964.149377
189,24,3910.209060
189,25,3793.608035
189,26,3780.197502
189,27,3684.430469
189,28,3682.111042
189,30,3593.277083
189,34,3542.403992
189,35,3533.066386
189,40,3499.673039
190,11,9144.511990
190,12,7421.245657
190,13,5869.408384
190,14,5535.916858
190,16,4777.284356
190,18,4759.765747
190,19,4388.641483
190,21,4214.797018
190,22,4123.621794
190,23,3964.149377
190,24,3910.209060
190,25,3793.608035
190,26,3780.197502
190,27,3684.430469
190,28,3682.111042
190,30,3593.277083
190,32,3528.291011
190,40,3499.673039
191,11,9144.511990
191,12,7421.245657
191,13,5869.408384
191,14,5535.916858
191,16,4777.284356
191,18,4759.765747
191,19,4388.641483
191,21,4214.797018
191,22,4123.621794
191,23,3964.149377
191,24,3910.209060
191,25,3793.608035
191,26,3780.197502
191,27,3684.430469
191,28,3682.111042
191,30,3593.277083
191,32,3528.291011
191,40,3499.673039
192,11,9144.511990
192,12,7421.245657
192,13,5869.408384
192,14,5535.916858
192,16,4777.284356
192,18,4759.765747
192,19,4388.641483
192,21,4214.797018
192,22,4123.621794
192,23,3964.149377
192,24,3910.209060
192,25,3793.608035
192,26,3780.197502
192,27,3684.430469
192,28,3682.111042
192,30,3593.277083
192,32,3528.291011
192,40,3499.673039
193,11,9144.511990
193,12,7421.245657
193,13,5869.408384
193,14,5535.916858
193,16,4777.284356
193,18,4759.765747
193,19,4388.641483
193,21,4214.797018
193,22,4123.621794
193,23,3964.149377
193,24,3910.209060
193,25,3793.608035
193,26,3780.197502
193,27,3684.430469
193,28,3682.111042
193,30,3593.277083
193,32,3528.291011
193,40,3499.673039
194,11,9144.511990
194,12,7421.245657
194,13,5869.408384
194,14,5535.916858
194,16,4777.284356
194,18,4679.439674
194,19,4388.641483
194,21,4214.797018
194,22,4123.621794
194,23,3964.149377
194,24,3910.209060
194,25,3793.608035
194,26,3780.197502
194,27,3684.430469
194,28,3682.111042
194,30,3593.277083
194,32,3528.291011
194,40,3499.673039
195,11,8924.878715
195,12,7356.967706
195,13,5869.408384
195,14,5535.916858
195,16,4777.284356
195,18,4679.439674
195,19,4388.641483
195,21,4214.797018
195,22,4123.621794
195,23,3964.149377
195,24,3895.418796
195,25,3793.608035
195,26,3681.176365
195,30,3593.277083
195,32,3528.291011
195,40,3499.673039
196,11,8924.878715
196,12,7356.967706
196,13,5869.408384
196,14,5535.916858
196,16,4777.284356
196,18,4634.221314
196,19,4388.641483
196,21,4214.797018
196,22,4123.621794
196,23,3964.149377
196,24,3895.418796
196,25,3793.608035
196,26,3681.176365
196,30,3593.277083
196,32,3528.291011
196,40,3499.673039
197,11,8924.878715
197,12,7356.967706
197,13,5869.408384
197,14,5535.916858
197,16,4777.284356
197,18,4634.221314
197,19,4388.641483
197,21,4214.797018
197,22,4097.738812
197,23,3964.149377
197,24,3895.418796
197,25,3793.608035
197,26,3681.176365
197,30,3593.277083
197,32,3528.291011
197,40,3499.673039
198,11,8924.878715
198,12,7356.967706
198,13,5869.408384
198,14,5535.916858
198,16,4777.284356
198,18,4634.221314
198,19,4388.641483
198,21,4214.797018
198,22,4097.738812
198,23,3964.149377
198,24,3895.418796
198,25,3793.608035
198,26,3681.176365
198,30,3593.277083
198,32,3528.291011
198,40,3499.673039
199,11,8924.878715
199,12,7356.967706
199,13,5869.408384
199,14,5535.916858
199,16,4777.284356
199,18,4634.221314
199,19,4388.641483
199,21,4214.797018
199,22,4097.738812
199,23,3964.149377
199,24,3895.418796
199,25,3793.608035
199,26,3681.176365
199,30,3593.277083
199,32,3528.291011
199,40,3499.673039
200,11,8924.878715
200,12,7356.967706
200,13,5869.408384
200,14,5389.291331
200,16,4777.284356
200,18,4578.735015
200,19,4388.641483
200,21,4214.797018
200,22,4097.738812
200,23,3964.149377
200,24,3895.418796
200,25,3793.608035
200,26,3681.176365
200,30,3593.277083
200,32,3528.291011
200,40,3499.673039
201,11,8924.878715
201,12,7356.967706
201,13,5869.408384
201,14,5389.291331
201,16,4777.284356
201,17,4581.307612
201,18,4578.735015
201,19,4388.641483
201,21,4214.797018
201,22,4097.738812
201,23,3964.149377
201,24,3895.418796
201,25,3793.608035
201,26,3681.176365
201,30,3593.277083
201,32,3528.291011
201,40,3499.673039
202,11,8924.878715
202,12,7356.967706
202,13,5869.408384
202,14,5389.291331
202,16,4777.284356
202,17,4581.307612
202,18,4578.735015
202,19,4388.641483
202,21,4214.797018
202,22,4097.738812
202,23,3964.149377
202,24,3895.418796
202,25,3793.608035
202,26,3681.176365
202,30,3593.277083
202,32,3528.291011
202,40,3499.673039
203,11,8924.878715
203,12,7356.967706
203,13,5869.408384
203,14,5389.291331
203,16,4777.284356
203,17,4581.307612
203,18,4578.735015
203,19,4388.641483
203,21,4214.797018
203,22,4097.738812
203,23,3964.149377
203,24,3895.418796
203,25,3793.608035
203,26,3681.176365
203,30,3593.277083
203,32,3528.291011
203,40,3499.673039
204,11,8924.878715
204,12,7356.967706
204,13,5869.408384
204,14,5389.291331
204,16,4777.284356
204,17,4581.307612
204,18,4578.735015
204,19,4388.641483
204,20,4353.357750
204,21,4214.797018
204,22,4097.738812
204,23,3964.149377
204,24,3895.418796
204,25,3793.608035
204,26,3681.176365
204,30,3593.277083
204,32,3528.291011
204,40,3499.673039
205,11,8924.878715
205,12,7356.967706
205,13,5869.408384
205,14,5240.630773
205,16,4777.284356
205,17,4349.887915
205,21,3893.966622
205,25,3793.608035
205,26,3681.176365
205,30,3593.277083
205,32,3528.291011
205,40,3499.673039
206,11,8924.878715
206,12,7356.967706
206,13,5869.408384
206,14,5240.630773
206,16,4777.284356
206,17,4349.887915
206,21,3893.966622
206,25,3793.608035
206,26,3681.176365
206,30,3593.277083
206,32,3528.291011
206,40,3499.673039
207,11,8924.878715
207,12,7356.967706
207,13,5869.408384
207,14,5240.630773
207,16,4777.284356
207,17,4349.887915
207,21,3893.966622
207,24,3813.117593
207,25,3793.608035
207,26,3681.176365
207,30,3593.277083
207,32,3528.291011
207,40,3499.673039
208,11,8924.878715
208,12,7356.967706
208,13,5869.408384
208,14,5240.630773
208,16,4777.284356
208,17,4349.887915
208,21,3893.966622
208,24,3813.117593
208,25,3793.608035
208,26,3681.176365
208,30,3593.277083
208,32,3528.291011
208,40,3499.673039
209,11,8924.878715
209,12,7356.967706
209,13,5869.408384
209,14,5117.800088
209,16,4777.284356
209,17,4349.887915
209,21,3893.966622
209,24,3813.117593
209,25,3793.608035
209,26,3681.176365
209,30,3593.277083
209,32,3528.291011
209,40,3499.673039
210,11,8924.878715
210,12,7356.967706
210,13,5737.165825
210,14,5117.800088
210,15,4621.009632
210,17,4349.887915
210,21,3893.966622
210,24,3813.117593
210,25,3793.608035
210,26,3681.176365
210,30,3593.277083
210,32,3528.291011
210,40,3499.673039
211,11,8924.878715
211,12,7356.967706
211,13,5737.165825
211,14,5117.800088
211,15,4621.009632
211,17,4349.887915
211,21,3893.966622
211,24,3813.117593
211,25,3793.608035
211,26,3681.176365
211,30,3593.277083
211,32,3528.291011
211,40,3499.673039
212,11,8924.878715
212,12,7356.967706
212,13,5737.165825
212,14,5117.800088
212,15,4621.009632
212,17,4349.887915
212,21,3893.966622
212,24,3813.117593
212,25,3793.608035
212,26,3681.176365
212,28,3625.799361
212,30,3593.277083
212,32,3528.291011
212,40,3499.673039
213,11,8924.878715
213,12,7356.967706
213,13,5737.165825
213,14,5117.800088
213,15,4621.009632
213,17,4349.887915
213,21,3893.966622
213,24,3813.117593
213,25,3793.608035
213,26,3681.176365
213,28,3625.799361
213,30,3593.277083
213,32,3528.291011
213,40,3499.673039
214,11,8924.878715
214,12,7356.967706
214,13,5737.165825
214,14,5117.800088
214,15,4621.009632
214,17,4349.887915
214,21,3893.966622
214,24,3813.117593
214,25,3793.608035
214,26,3681.176365
214,28,3625.799361
214,30,3593.277083
214,32,3528.291011
214,40,3499.673039
215,11,8924.878715
215,12,7356.967706
215,13,5737.165825
215,14,5117.800088
215,15,4621.009632
215,17,4349.887915
215,21,3893.966622
215,23,3823.848679
215,24,3813.117593
215,25,3793.608035
215,26,3681.176365
215,28,3625.799361
215,30,3593.277083
215,32,3528.291011
215,40,3499.673039
216,11,8924.878715
216,12,7229.502356
216,13,5737.165825
216,14,5117.800088
216,15,4621.009632
216,17,4349.887915
216,21,3893.966622
216,23,3823.848679
216,24,3813.117593
216,25,3793.608035
216,26,3681.176365
216,28,3625.799361
216,30,3593.277083
216,32,3528.291011
216,40,3499.673039
217,11,8924.878715
217,12,7229.502356
217,13,5737.165825
217,14,5117.800088
217,15,4621.009632
217,17,4349.887915
217,21,3893.966622
217,23,3823.848679
217,24,3813.117593
217,25,3793.608035
217,26,3681.176365
217,28,3625.799361
217,30,3593.277083
217,32,3528.291011
217,40,3499.673039
218,11,8924.878715
218,12,7229.502356
218,13,5737.165825
218,14,5117.800088
218,15,4621.009632
218,17,4349.887915
218,21,3893.966622
218,23,3823.848679
218,24,3813.117593
218,25,3793.608035
218,26,3681.176365
218,28,3625.799361
218,30,3593.277083
218,32,3528.291011
218,40,3499.673039
219,11,8924.878715
219,12,7186.655216
219,13,5737.165825
219,14,5117.800088
219,15,4621.009632
219,17,4349.887915
219,21,3893.966622
219,23,3823.848679
219,24,3813.117593
219,25,3793.608035
219,26,3681.176365
219,28,3625.799361
219,30,3593.277083
219,32,3528.291011
219,40,3499.673039
220,11,8924.878715
220,12,7186.655216
220,13,5737.165825
220,14,5117.800088
220,15,4621.009632
220,17,4349.887915
220,21,3893.966622
220,23,3823.848679
220,24,3813.117593
220,25,3793.608035
220,26,3681.176365
220,28,3625.799361
220,30,3593.277083
220,32,3528.291011
220,40,3499.673039
221,11,8924.878715
221,12,7186.655216
221,13,5737.165825
221,14,5117.800088
221,15,4621.009632
221,17,4349.887915
221,18,4239.677240
221,21,3893.966622
221,23,3823.848679
221,24,3813.117593
221,25,3793.608035
221,26,3681.176365
221,28,3625.799361
221,30,3593.277083
221,32,3528.291011
221,40,3499.673039
222,11,8924.878715
222,12,7186.655216
222,13,5737.165825
222,14,5117.800088
222,15,4621.009632
222,17,4349.887915
222,18,4239.677240
222,21,3893.966622
222,23,3823.848679
222,24,3813.117593
222,25,3793.608035
222,26,3681.176365
222,28,3625.799361
222,30,3593.277083
222,32,3528.291011
222,40,3499.673039
223,11,8924.878715
223,12,7186.655216
223,13,5737.165825
223,14,5117.800088
223,15,4621.009632
223,17,4247.761843
223,18,4239.677240
223,21,3893.966622
223,23,3823.848679
223,24,3813.117593
223,25,3793.608035
223,26,3681.176365
223,28,3625.799361
223,30,3593.277083
223,32,3528.291011
223,40,3499.673039
224,11,8924.878715
224,12,6882.891687
224,13,5737.165825
224,14,5117.800088
224,15,4621.009632
224,17,4247.761843
224,18,4187.567137
224,21,3893.966622
224,23,3823.848679
224,24,3813.117593
224,25,3793.608035
224,26,3681.176365
224,28,3625.799361
224,30,3593.277083
224,32,3528.291011
224,40,3499.673039
225,11,8924.878715
225,12,6882.891687
225,13,5737.165825
225,14,5117.800088
225,15,4621.009632
225,16,4360.610868
225,17,4247.761843
225,18,4187.567137
225,21,3893.966622
225,23,3823.848679
225,24,3785.955496
225,26,3681.176365
225,28,3625.799361
225,30,3593.277083
225,32,3528.291011
225,40,3499.673039
226,11,8924.878715
226,12,6882.891687
226,13,5737.165825
226,14,5117.800088
226,15,4621.009632
226,16,4360.610868
226,17,4247.761843
226,18,4187.567137
226,21,3868.196082
226,23,3823.848679
226,24,3785.955496
226,26,3681.176365
226,28,3625.799361
226,30,3593.277083
226,32,3528.291011
226,40,3487.017284
227,11,8924.878715
227,12,6882.891687
227,13,5737.165825
227,14,5117.800088
227,15,4621.009632
227,16,4360.610868
227,17,4247.761843
227,18,4187.567137
227,21,3868.196082
227,23,3823.848679
227,24,3785.955496
227,26,3681.176365
227,28,3625.799361
227,30,3593.277083
227,32,3528.291011
227,40,3487.017284
228,11,8924.878715
228,12,6882.891687
228,13,5737.165825
228,14,5117.800088
228,15,4621.009632
228,16,4360.610868
228,17,4247.761843
228,18,4187.567137
228,21,3868.196082
228,23,3823.848679
228,24,3785.955496
228,26,3681.176365
228,28,3625.799361
228,30,3593.277083
228,32,3528.291011
228,40,3487.017284
229,11,8924.878715
229,12,6594.903771
229,13,5737.165825
229,14,5117.800088
229,15,4621.009632
229,16,4360.610868
229,17,4247.761843
229,18,4187.567137
229,21,3868.196082
229,23,3823.848679
229,24,3785.955496
229,26,3681.176365
229,28,3625.799361
229,30,3593.277083
229,32,3528.291011
229,40,3487.017284
230,11,8724.291483
230,12,6594.903771
230,13,5512.526567
230,14,5117.800088
230,15,4621.009632
230,16,4360.610868
230,17,4247.761843
230,18,4187.567137
230,21,3868.196082
230,23,3823.848679
230,24,3772.741948
230,26,3681.176365
230,27,3567.537114
230,32,3528.291011
230,40,3487.017284
231,11,8724.291483
231,12,6594.903771
231,13,5512.526567
231,14,5117.800088
231,15,4621.009632
231,16,4360.610868
231,17,4247.761843
231,18,4187.567137
231,21,3868.196082
231,23,3823.848679
231,24,3772.741948
231,26,3681.176365
231,27,3567.537114
231,32,3528.291011
231,35,3487.784301
231,40,3487.017284
232,11,8724.291483
232,12,6594.903771
232,13,5512.526567
232,14,5117.800088
232,15,4621.009632
232,16,4360.610868
232,17,4247.761843
232,18,4187.567137
232,21,3868.196082
232,23,3823.848679
232,24,3772.741948
232,26,3681.176365
232,27,3567.537114
232,32,3528.291011
232,35,3487.784301
232,40,3487.017284
233,11,8724.291483
233,12,6594.903771
233,13,5512.526567
233,14,5117.800088
233,15,4621.009632
233,16,4360.610868
233,17,4247.761843
233,18,4187.567137
233,21,3868.196082
233,23,3823.848679
233,24,3772.741948
233,26,3681.176365
233,27,3567.537114
233,32,3528.291011
233,35,3487.784301
233,40,3487.017284
234,11,8724.291483
234,12,6594.903771
234,13,5512.526567
234,14,5117.800088
234,15,4621.009632
234,16,4360.610868
234,17,4247.761843
234,18,4187.567137
234,21,3868.196082
234,23,3823.848679
234,24,3772.741948
234,26,3681.176365
234,27,3567.537114
234,32,3528.291011
234,35,3487.784301
234,40,3487.017284
235,11,8724.291483
235,12,6594.903771
235,13,5512.526567
235,14,5117.800088
235,15,4621.009632
235,16,4360.610868
235,17,4247.761843
235,18,4187.567137
235,20,4155.400957
235,21,3868.196082
235,23,3823.848679
235,24,3772.741948
235,26,3681.176365
235,27,3567.537114
235,32,3528.291011
235,35,3487.784301
235,40,3487.017284
236,11,8724.291483
236,12,6594.903771
236,13,5512.526567
236,14,5117.800088
236,15,4621.009632
236,16,4360.610868
236,17,4247.761843
236,18,4187.567137
236,20,4155.400957
236,21,3868.196082
236,23,3823.848679
236,24,3772.741948
236,26,3681.176365
236,27,3567.537114
236,32,3528.291011
236,35,3487.784301
236,40,3487.017284
237,11,8724.291483
237,12,6594.903771
237,13,5512.526567
237,14,5117.800088
237,15,4621.009632
237,16,4360.610868
237,17,4247.761843
237,18,4187.567137
237,20,4155.400957
237,21,3868.196082
237,23,3823.848679
237,24,3772.741948
237,26,3681.176365
237,27,3567.537114
237,32,3528.291011
237,35,3487.784301
237,40,3487.017284
238,11,8724.291483
238,12,6594.903771
238,13,5512.526567
238,14,5117.800088
238,15,4621.009632
238,16,4360.610868
238,17,4247.761843
238,18,4187.567137
238,20,4155.400957
238,21,3868.196082
238,23,3823.848679
238,24,3772.741948
238,26,3681.176365
238,27,3567.537114
238,32,3528.291011
238,35,3487.784301
238,40,3487.017284
239,11,8724.291483
239,12,6594.903771
239,13,5512.526567
239,14,5117.800088
239,15,4621.009632
239,16,4360.610868
239,17,4247.761843
239,18,4187.567137
239,20,4155.400957
239,21,3868.196082
239,23,3823.848679
239,24,3772.741948
239,26,3681.176365
239,27,3567.537114
239,32,3528.291011
239,35,3487.784301
239,40,3487.017284
240,11,8724.291483
240,12,6594.903771
240,13,5512.526567
240,14,5117.800088
240,15,4621.009632
240,16,4360.610868
240,17,4247.761843
240,18,4187.567137
240,20,4155.400957
240,21,3868.196082
240,23,3823.848679
240,24,3772.741948
240,25,3759.862546
240,26,3681.176365
240,27,3567.537114
240,32,3528.291011
240,35,3487.784301
240,38,3478.584688
241,11,8724.291483
241,12,6594.903771
241,13,5494.212772
241,14,5117.800088
241,15,4621.009632
241,16,4360.610868
241,17,4247.761843
241,18,4187.567137
241,20,4061.684393
241,21,3868.196082
241,23,3823.848679
241,24,3772.741948
241,25,3759.862546
241,26,3681.176365
241,27,3567.537114
241,32,3528.291011
241,35,3487.784301
241,38,3478.584688
242,11,8724.291483
242,12,6594.903771
242,13,5494.212772
242,14,5117.800088
242,15,4621.009632
242,16,4360.610868
242,17,4247.761843
242,18,4187.567137
242,20,4061.684393
242,21,3868.196082
242,23,3823.848679
242,24,3772.741948
242,25,3759.862546
242,26,3681.176365
242,27,3567.537114
242,32,3528.291011
242,35,3487.784301
242,38,3478.584688
243,11,8724.291483
243,12,6594.903771
243,13,5494.212772
243,14,4788.186496
243,15,4621.009632
243,16,4360.610868
243,17,4247.761843
243,18,4187.567137
243,20,4061.684393
243,21,3868.196082
243,22,3639.338867
243,27,3567.537114
243,32,3528.291011
243,35,3487.784301
243,38,3478.584688
244,11,8724.291483
244,12,6594.903771
244,13,5494.212772
244,14,4788.186496
244,15,4621.009632
244,16,4360.610868
244,17,4247.761843
244,18,4187.567137
244,20,4061.684393
244,21,3868.196082
244,22,3639.338867
244,27,3567.537114
244,28,3505.343170
244,35,3487.784301
244,38,3478.584688
245,11,8724.291483
245,12,6594.903771
245,13,5493.085413
245,14,4788.186496
245,15,4621.009632
245,16,4360.610868
245,17,4247.761843
245,18,4187.567137
245,20,4061.684393
245,21,3868.196082
245,22,3639.338867
245,27,3567.537114
245,28,3505.343170
245,35,3487.784301
245,38,3478.584688
246,11,8724.291483
246,12,6594.903771
246,13,5493.085413
246,14,4788.186496
246,15,4621.009632
246,16,4360.610868
246,17,4247.761843
246,18,4187.567137
246,20,3997.488971
246,21,3868.196082
246,22,3639.338867
246,27,3567.537114
246,28,3505.343170
246,35,3487.784301
246,38,3478.584688
247,11,8724.291483
247,12,6594.903771
247,13,5493.085413
247,14,4788.186496
247,15,4621.009632
247,16,4360.610868
247,17,4247.761843
247,18,4187.567137
247,20,3997.488971
247,21,3848.491047
247,22,3639.338867
247,27,3567.537114
247,28,3505.343170
247,35,3487.784301
247,38,3478.584688
248,11,8499.155977
248,12,6594.903771
248,13,5460.583138
248,14,4788.186496
248,15,4621.009632
248,16,4360.610868
248,17,4247.761843
248,18,4187.567137
248,20,3997.488971
248,21,3848.491047
248,22,3639.338867
248,27,3567.537114
248,28,3505.343170
248,35,3487.784301
248,38,3478.584688
249,11,8499.155977
249,12,6594.903771
249,13,5460.583138
249,14,4788.186496
249,15,4621.009632
249,16,4360.610868
249,17,4247.761843
249,18,4187.567137
249,20,3997.488971
249,21,3848.491047
249,22,3639.338867
249,27,3567.537114
249,28,3505.343170
249,35,3487.784301
249,38,3478.584688
250,11,8499.155977
250,12,6594.903771
250,13,5460.583138
250,14,4788.186496
250,15,4621.009632
250,16,4360.610868
250,17,4247.761843
250,18,4187.567137
250,20,3997.488971
250,21,3848.491047
250,22,3639.338867
250,27,3567.537114
250,28,3505.343170
250,33,3488.328282
250,35,3444.788556
251,11,8499.155977
251,12,6594.903771
251,13,5460.583138
251,14,4788.186496
251,15,4621.009632
251,16,4360.610868
251,17,4247.761843
251,18,4187.567137
251,20,3997.488971
251,21,3848.491047
251,22,3639.338867
251,27,3567.537114
251,28,3505.343170
251,33,3488.328282
251,35,3444.788556
252,11,8499.155977
252,12,6594.903771
252,13,5460.583138
252,14,4788.186496
252,15,4621.009632
252,16,4360.610868
252,17,4247.761843
252,18,4187.567137
252,20,3997.488971
252,21,3848.491047
252,22,3639.338867
252,27,3567.537114
252,28,3505.343170
252,33,3488.328282
252,35,3444.788556
253,11,8499.155977
253,12,6594.903771
253,13,5460.583138
253,14,4788.186496
253,15,4621.009632
253,16,4360.610868
253,17,4247.761843
253,18,4187.567137
253,19,4099.953596
253,20,3997.488971
253,21,3848.491047
253,22,3639.338867
253,27,3567.537114
253,28,3505.343170
253,33,3488.328282
253,35,3444.788556
254,11,8499.155977
254,12,6594.903771
254,13,5460.583138
254,14,4788.186496
254,15,4621.009632
254,16,4360.610868
254,17,4247.761843
254,18,4187.567137
254,19,4099.953596
254,20,3997.488971
254,21,3848.491047
254,22,3639.338867
254,27,3567.537114
254,28,3505.343170
254,33,3488.328282
254,34,3465.153728
254,35,3444.788556
255,11,8499.155977
255,12,6305.635904
255,13,5460.583138
255,14,4603.304332
255,15,4477.648833
255,16,4360.610868
255,17,4247.761843
255,18,4187.567137
255,19,4099.953596
255,20,3997.488971
255,21,3848.491047
255,22,3639.338867
255,27,3567.537114
255,28,3505.343170
255,33,3488.328282
255,34,3465.153728
255,35,3444.788556
256,11,8499.155977
256,12,6305.635904
256,13,5460.583138
256,14,4603.304332
256,15,4477.648833
256,16,4360.610868
256,17,4247.761843
256,18,4187.567137
256,19,4099.953596
256,20,3997.488971
256,21,3848.491047
256,22,3639.338867
256,27,3567.537114
256,28,3505.343170
256,33,3488.328282
256,34,3465.153728
256,35,3444.788556
257,11,8499.155977
257,12,6305.635904
257,13,5460.583138
257,14,4603.304332
257,15,4477.648833
257,16,4360.610868
257,17,4247.761843
257,18,4187.567137
257,19,4099.953596
257,20,3997.488971
257,21,3848.491047
257,22,3639.338867
257,27,3567.537114
257,28,3505.343170
257,33,3488.328282
257,34,3465.153728
257,35,3444.788556
258,11,8499.155977
258,12,6305.635904
258,13,5460.583138
258,14,4603.304332
258,15,4477.648833
258,16,4360.610868
258,17,4247.761843
258,18,4187.567137
258,19,4079.603457
258,20,3997.488971
258,21,3848.491047
258,22,3639.338867
258,27,3567.537114
258,28,3505.343170
258,32,3477.780096
258,34,3465.153728
258,35,3444.788556
259,11,8499.155977
259,12,6305.635904
259,13,5460.583138
259,14,4603.304332
259,15,4477.648833
259,16,4360.610868
259,17,4247.761843
259,18,4187.567137
259,19,4079.603457
259,20,3997.488971
259,21,3848.491047
259,22,3639.338867
259,27,3567.537114
259,28,3505.343170
259,32,3477.780096
259,33,3444.015083
259,35,3428.916806
260,11,8499.155977
260,12,6305.635904
260,13,5460.583138
260,14,4603.304332
260,15,4477.648833
260,16,4360.610868
260,17,4247.761843
260,18,4187.567137
260,19,4079.603457
260,20,3997.488971
260,21,3697.292151
260,22,3639.338867
260,27,3567.537114
260,28,3505.343170
260,32,3430.627737
260,33,3373.931135
261,11,8499.155977
261,12,6305.635904
261,13,5460.583138
261,14,4603.304332
261,15,4477.648833
261,16,4360.610868
261,17,4247.761843
261,18,4187.567137
261,19,4079.603457
261,20,3997.488971
261,21,3697.292151
261,22,3639.338867
261,27,3567.537114
261,28,3505.343170
261,32,3430.627737
261,33,3373.931135
262,11,8499.155977
262,12,6305.635904
262,13,5460.583138
262,14,4603.304332
262,15,4477.648833
262,16,4360.610868
262,17,4247.761843
262,18,4187.567137
262,19,4079.603457
262,20,3997.488971
262,21,3697.292151
262,22,3639.338867
262,27,3564.063213
262,28,3478.021604
262,32,3430.627737
262,33,3373.931135
263,11,8499.155977
263,12,6305.635904
263,13,5460.583138
263,14,4603.304332
263,15,4477.648833
263,16,4360.610868
263,17,4247.761843
263,18,4187.567137
263,19,3966.236148
263,21,3697.292151
263,22,3639.338867
263,27,3564.063213
263,28,3478.021604
263,32,3430.627737
263,33,3373.931135
264,11,8499.155977
264,12,6305.635904
264,13,5460.583138
264,14,4603.304332
264,15,4477.648833
264,16,4360.610868
264,17,4247.761843
264,18,4187.567137
264,19,3966.236148
264,21,3697.292151
264,22,3639.338867
264,27,3564.063213
264,28,3478.021604
264,32,3430.627737
264,33,3373.931135
265,11,8370.824446
265,12,6305.635904
265,13,5245.014216
265,14,4603.304332
265,15,4477.648833
265,16,4348.562750
265,17,4247.761843
265,18,4187.567137
265,19,3966.236148
265,21,3697.292151
265,22,3639.338867
265,25,3639.147030
265,27,3564.063213
265,28,3478.021604
265,29,3469.494961
265,31,3425.492369
265,33,3373.931135
266,11,8370.824446
266,12,6305.635904
266,13,5245.014216
266,14,4603.304332
266,15,4477.648833
266,16,4348.562750
266,17,4247.761843
266,18,4187.567137
266,19,3966.236148
266,21,3697.292151
266,22,3639.338867
266,25,3639.147030
266,26,3539.487433
266,28,3478.021604
266,29,3469.494961
266,31,3425.492369
266,33,3373.931135
267,11,8370.824446
267,12,6305.635904
267,13,5245.014216
267,14,4603.304332
267,15,4477.648833
267,16,4348.562750
267,17,4247.761843
267,18,4187.567137
267,19,3966.236148
267,21,3697.292151
267,22,3639.338867
267,25,3636.004666
267,26,3539.487433
267,28,3478.021604
267,29,3469.494961
267,31,3425.492369
267,33,3373.931135
268,11,8370.824446
268,12,6305.635904
268,13,5245.014216
268,14,4603.304332
268,15,4477.648833
268,16,4348.562750
268,17,4247.761843
268,18,4187.567137
268,19,3966.236148
268,21,3672.064199
268,22,3639.338867
268,25,3618.355501
268,26,3539.487433
268,27,3474.256976
268,29,3469.494961
268,31,3425.492369
268,33,3373.931135
269,11,8370.824446
269,12,6305.635904
269,13,5245.014216
269,14,4603.304332
269,15,4477.648833
269,16,4348.562750
269,17,4247.761843
269,18,4187.567137
269,19,3966.236148
269,21,3672.064199
269,22,3639.338867
269,25,3618.355501
269,26,3539.487433
269,27,3474.256976
269,29,3469.494961
269,30,3454.738858
269,31,3425.492369
269,33,3373.931135
270,11,8370.824446
270,12,6305.635904
270,13,5245.014216
270,14,4603.304332
270,15,4477.648833
270,16,4348.562750
270,17,4247.761843
270,18,4187.567137
270,19,3966.236148
270,21,3672.064199
270,22,3639.338867
270,25,3618.355501
270,26,3539.487433
270,27,3474.256976
270,29,3469.494961
270,30,3454.738858
270,31,3425.492369
270,33,3373.931135
271,11,8370.824446
271,12,6305.635904
271,13,5245.014216
271,14,4603.304332
271,15,4477.648833
271,16,4348.562750
271,17,4195.827607
271,18,4187.567137
271,19,3966.236148
271,21,3672.064199
271,22,3639.338867
271,23,3591.581396
271,25,3548.636482
271,26,3539.487433
271,27,3474.256976
271,29,3469.494961
271,30,3454.738858
271,31,3425.492369
271,33,3373.931135
272,11,8370.824446
272,12,6305.635904
272,13,5245.014216
272,14,4603.304332
272,15,4477.648833
272,16,4348.562750
272,17,4195.827607
272,18,4187.567137
272,19,3966.236148
272,20,3944.802755
272,21,3672.064199
272,22,3639.338867
272,23,3591.581396
272,25,3548.636482
272,26,3539.487433
272,27,3474.256976
272,29,3469.494961
272,30,3454.738858
272,31,3425.492369
272,33,3373.931135
273,11,8370.824446
273,12,6305.635904
273,13,5245.014216
273,14,4603.304332
273,15,4477.648833
273,16,4348.562750
273,17,4195.827607
273,18,4187.567137
273,19,3966.236148
273,20,3944.802755
273,21,3672.064199
273,22,3639.338867
273,23,3591.581396
273,25,3548.636482
273,26,3539.487433
273,27,3474.256976
273,28,3473.559240
273,29,3469.494961
273,30,3401.404436
273,33,3373.931135
274,11,8370.824446
274,12,6305.635904
274,13,5245.014216
274,14,4603.304332
274,15,4477.648833
274,16,4348.562750
274,17,4195.827607
274,18,4187.567137
274,19,3966.236148
274,20,3944.802755
274,21,3672.064199
274,22,3639.338867
274,23,3591.581396
274,25,3513.036294
274,27,3474.256976
274,28,3473.559240
274,29,3469.494961
274,30,3401.404436
274,33,3373.931135
275,11,8370.824446
275,12,6305.635904
275,13,5245.014216
275,14,4426.589285
275,16,4348.562750
275,17,4195.827607
275,18,4154.071325
275,19,3966.236148
275,20,3944.802755
275,21,3672.064199
275,22,3639.338867
275,23,3591.581396
275,25,3513.036294
275,27,3474.256976
275,28,3473.559240
275,29,3469.494961
275,30,3401.404436
275,33,3373.931135
276,11,8370.824446
276,12,6305.635904
276,13,5245.014216
276,14,4426.589285
276,16,4348.562750
276,17,4195.827607
276,18,4154.071325
276,19,3966.236148
276,20,3944.802755
276,21,3672.064199
276,22,3639.338867
276,23,3591.581396
276,25,3513.036294
276,27,3474.256976
276,28,3473.559240
276,29,3469.494961
276,30,3401.404436
276,33,3373.931135
277,11,8370.824446
277,12,6305.635904
277,13,5245.014216
277,14,4426.589285
277,16,4348.562750
277,17,4195.827607
277,18,4154.071325
277,19,3966.236148
277,20,3944.802755
277,21,3672.064199
277,22,3639.338867
277,23,3591.581396
277,25,3513.036294
277,27,3474.256976
277,28,3473.559240
277,29,3469.494961
277,30,3401.404436
277,31,3380.771845
277,33,3373.931135
278,11,8370.824446
278,12,6305.635904
278,13,5245.014216
278,14,4426.589285
278,16,4348.562750
278,17,4195.827607
278,18,4154.071325
278,19,3966.236148
278,20,3944.802755
278,21,3672.064199
278,22,3639.338867
278,23,3591.581396
278,25,3513.036294
278,27,3474.256976
278,28,3473.559240
278,29,3469.494961
278,30,3401.404436
278,31,3380.771845
278,33,3373.931135
279,11,8370.824446
279,12,6305.635904
279,13,5245.014216
279,14,4426.589285
279,16,4348.562750
279,17,4195.827607
279,18,4154.071325
279,19,3966.236148
279,20,3944.802755
279,21,3672.064199
279,22,3639.338867
279,23,3591.581396
279,25,3513.036294
279,27,3474.256976
279,28,3473.559240
279,29,3469.494961
279,30,3401.404436
279,31,3380.771845
279,33,3373.931135
280,11,8370.824446
280,12,6305.635904
280,13,5245.014216
280,14,4426.589285
280,16,4348.562750
280,17,4195.827607
280,18,4154.071325
280,19,3966.236148
280,20,3944.802755
280,21,3672.064199
280,22,3639.338867
280,23,3591.581396
280,25,3513.036294
280,27,3474.256976
280,28,3473.559240
280,29,3459.228511
280,30,3401.404436
280,31,3380.771845
280,33,3373.931135
281,11,8370.824446
281,12,6305.635904
281,13,5245.014216
281,14,4426.589285
281,16,4309.701556
281,17,4195.827607
281,18,4154.071325
281,19,3966.236148
281,20,3944.802755
281,21,3672.064199
281,22,3639.338867
281,23,3591.581396
281,25,3513.036294
281,27,3474.256976
281,28,3473.559240
281,29,3459.228511
281,30,3401.404436
281,31,3380.771845
281,33,3373.931135
282,11,8370.824446
282,12,6305.635904
282,13,5245.014216
282,14,4426.589285
282,16,4309.701556
282,17,4195.827607
282,18,4154.071325
282,19,3966.236148
282,20,3877.002518
282,21,3672.064199
282,22,3639.338867
282,23,3591.581396
282,25,3513.036294
282,27,3474.256976
282,28,3473.559240
282,29,3459.228511
282,30,3401.404436
282,31,3380.771845
282,33,3373.931135
283,11,8370.824446
283,12,6305.635904
283,13,5245.014216
283,14,4426.589285
283,16,4309.701556
283,17,4195.827607
283,18,4154.071325
283,19,3966.236148
283,20,3773.634274
283,21,3672.064199
283,22,3639.338867
283,23,3591.581396
283,25,3513.036294
283,27,3474.256976
283,28,3465.955118
283,29,3459.228511
283,30,3401.404436
283,31,3380.771845
283,33,3373.931135
284,11,8370.824446
284,12,6305.635904
284,13,5245.014216
284,14,4426.589285
284,16,4262.833298
284,17,4195.827607
284,18,4154.071325
284,19,3966.236148
284,20,3773.634274
284,21,3672.064199
284,22,3639.338867
284,23,3591.581396
284,25,3513.036294
284,26,3407.655888
284,30,3401.404436
284,31,3380.771845
284,33,3373.931135
285,11,8370.824446
285,12,6305.635904
285,13,5245.014216
285,14,4426.589285
285,16,4262.833298
285,17,4195.827607
285,18,4154.071325
285,19,3966.236148
285,20,3773.634274
285,21,3672.064199
285,22,3639.338867
285,23,3576.889907
285,25,3513.036294
285,26,3407.655888
285,30,3401.404436
285,31,3380.771845
285,33,3373.931135
286,11,8370.824446
286,12,6305.635904
286,13,5245.014216
286,14,4426.589285
286,16,4262.833298
286,17,4195.827607
286,18,4154.071325
286,19,3966.236148
286,20,3773.634274
286,21,3672.064199
286,22,3639.338867
286,23,3576.889907
286,25,3513.036294
286,26,3407.655888
286,30,3401.404436
286,31,3380.771845
286,33,3373.931135
287,11,8370.824446
287,12,6305.635904
287,13,5245.014216
287,14,4426.589285
287,16,4262.833298
287,17,4195.827607
287,18,4154.071325
287,19,3966.236148
287,20,3773.634274
287,21,3672.064199
287,22,3639.338867
287,23,3576.889907
287,25,3513.036294
287,26,3407.655888
287,30,3401.404436
287,31,3380.771845
287,33,3373.931135
288,11,8370.824446
288,12,6305.635904
288,13,5245.014216
288,14,4426.589285
288,16,4262.833298
288,17,4195.827607
288,18,4137.132216
288,19,3966.236148
288,20,3773.634274
288,21,3672.064199
288,22,3639.338867
288,23,3576.889907
288,25,3513.036294
288,26,3407.655888
288,30,3401.404436
288,31,3380.771845
288,33,3373.931135
289,11,8370.824446
289,12,6121.286186
289,13,5245.014216
289,14,4426.589285
289,16,4262.833298
289,17,4195.827607
289,18,4137.132216
289,19,3966.236148
289,20,3773.634274
289,21,3672.064199
289,22,3639.338867
289,23,3576.889907
289,25,3513.036294
289,26,3407.655888
289,30,3401.404436
289,31,3380.771845
289,33,3373.931135
290,11,8370.824446
290,12,6121.286186
290,13,5137.742342
290,14,4426.589285
290,16,4262.833298
290,17,4195.827607
290,18,4137.132216
290,19,3966.236148
290,20,3773.634274
290,21,3672.064199
290,22,3639.338867
290,23,3543.034159
290,24,3483.659689
290,26,3407.655888
290,30,3401.404436
290,31,3380.771845
290,33,3373.931135
291,11,8370.824446
291,12,6121.286186
291,13,5137.742342
291,14,4426.589285
291,16,4262.833298
291,17,4195.827607
291,18,4137.132216
291,19,3966.236148
291,20,3773.634274
291,21,3672.064199
291,22,3639.338867
291,23,3543.034159
291,24,3483.659689
291,26,3407.655888
291,30,3401.404436
291,31,3380.771845
291,33,3373.931135
292,11,8370.824446
292,12,6121.286186
292,13,5137.742342
292,14,4426.589285
292,16,4262.833298
292,17,4195.827607
292,18,4137.132216
292,19,3966.236148
292,20,3773.634274
292,21,3672.064199
292,22,3639.338867
292,23,3543.034159
292,24,3483.659689
292,26,3407.655888
292,30,3401.404436
292,31,3380.771845
292,33,3373.931135
293,11,8370.824446
293,12,6121.286186
293,13,5137.742342
293,14,4426.589285
293,16,4262.833298
293,17,4195.827607
293,18,4124.955220
293,19,3966.236148
293,20,3773.634274
293,21,3672.064199
293,22,3639.338867
293,23,3543.034159
293,24,3483.659689
293,26,3407.655888
293,30,3401.404436
293,31,3380.771845
293,33,3373.931135
294,11,8370.824446
294,12,6026.743868
294,13,5137.742342
294,14,4426.589285
294,16,4262.833298
294,17,4195.827607
294,18,4124.955220
294,19,3966.236148
294,20,3773.634274
294,21,3672.064199
294,22,3639.338867
294,23,3543.034159
294,24,3483.659689
294,26,3407.655888
294,30,3401.404436
294,31,3380.771845
294,33,3373.931135
295,11,8370.824446
295,12,5985.111203
295,13,5137.742342
295,14,4426.589285
295,16,4262.833298
295,17,4195.827607
295,18,4124.955220
295,19,3966.236148
295,20,3773.634274
295,21,3672.064199
295,22,3639.338867
295,23,3543.034159
295,24,3483.659689
295,26,3407.655888
295,30,3370.349991
296,11,8370.824446
296,12,5985.111203
296,13,5137.742342
296,14,4426.589285
296,16,4262.833298
296,17,4161.162433
296,18,4124.955220
296,19,3966.236148
296,20,3773.634274
296,21,3672.064199
296,22,3639.338867
296,23,3543.034159
296,24,3483.659689
296,26,3407.655888
296,30,3370.349991
297,11,8370.824446
297,12,5985.111203
297,13,5137.742342
297,14,4426.589285
297,16,4262.833298
297,17,4161.162433
297,18,4124.955220
297,19,3966.236148
297,20,3773.634274
297,21,3672.064199
297,22,3639.338867
297,23,3543.034159
297,24,3483.659689
297,26,3407.655888
297,30,3370.349991
298,11,8370.824446
298,12,5985.111203
298,13,5137.742342
298,14,4426.589285
298,16,4262.833298
298,17,4109.660567
298,19,3966.236148
298,20,3773.634274
298,21,3672.064199
298,22,3639.338867
298,23,3543.034159
298,24,3483.659689
298,26,3407.655888
298,30,3370.349991
299,11,8370.824446
299,12,5985.111203
299,13,5137.742342
299,14,4426.589285
299,16,4262.833298
299,17,4109.660567
299,19,3966.236148
299,20,3773.634274
299,21,3672.064199
299,22,3639.338867
299,23,3543.034159
299,24,3483.659689
299,26,3407.655888
299,29,3382.625635
299,30,3370.349991
300,11,8370.824446
300,12,5985.111203
300,13,5068.252390
300,14,4426.589285
300,16,4233.160045
300,17,4109.660567
300,19,3966.236148
300,20,3773.634274
300,21,3672.064199
300,22,3639.338867
300,23,3543.034159
300,24,3483.659689
300,26,3407.655888
300,29,3382.625635
300,30,3370.349991
301,11,8370.824446
301,12,5985.111203
301,13,5068.252390
301,14,4426.589285
301,16,4233.160045
301,17,4109.660567
301,19,3966.236148
301,20,3773.634274
301,21,3672.064199
301,22,3639.338867
301,23,3543.034159
301,24,3483.659689
301,26,3407.655888
301,29,3382.625635
301,30,3370.349991
302,11,8370.824446
302,12,5985.111203
302,13,5068.252390
302,14,4426.589285
302,16,4233.160045
302,17,4109.660567
302,18,4100.546042
302,19,3966.236148
302,20,3773.634274
302,21,3672.064199
302,22,3639.338867
302,23,3543.034159
302,24,3483.659689
302,26,3407.655888
302,29,3382.625635
302,30,3370.349991
303,11,8370.824446
303,12,5985.111203
303,13,5068.252390
303,14,4426.589285
303,16,4233.160045
303,17,4109.660567
303,18,4088.778121
303,19,3966.236148
303,20,3773.634274
303,21,3672.064199
303,22,3639.338867
303,23,3543.034159
303,24,3483.659689
303,26,3407.655888
303,29,3382.625635
303,30,3370.349991
304,11,8370.824446
304,12,5985.111203
304,13,5068.252390
304,14,4426.589285
304,15,4424.869248
304,16,4233.160045
304,17,4109.660567
304,18,3900.901851
304,20,3749.146792
304,21,3672.064199
304,22,3639.338867
304,23,3543.034159
304,24,3483.659689
304,26,3407.655888
304,29,3382.625635
304,30,3370.349991
305,11,8370.824446
305,12,5985.111203
305,13,5068.252390
305,14,4332.989924
305,16,4233.160045
305,17,4028.095573
305,18,3900.901851
305,20,3749.146792
305,21,3672.064199
305,22,3639.338867
305,23,3543.034159
305,24,3483.659689
305,26,3342.188252
306,11,8370.824446
306,12,5985.111203
306,13,5068.252390
306,14,4332.989924
306,16,4233.160045
306,17,4028.095573
306,18,3900.901851
306,20,3749.146792
306,21,3672.064199
306,22,3629.339948
306,23,3543.034159
306,24,3483.659689
306,26,3342.188252
307,11,8370.824446
307,12,5985.111203
307,13,5068.252390
307,14,4332.989924
307,16,4233.160045
307,17,4028.095573
307,18,3900.901851
307,20,3749.146792
307,21,3672.064199
307,22,3629.339948
307,23,3543.034159
307,24,3483.659689
307,26,3342.188252
308,11,8370.824446
308,12,5985.111203
308,13,5068.252390
308,14,4332.989924
308,16,4233.160045
308,17,4028.095573
308,18,3900.901851
308,20,3749.146792
308,21,3672.064199
308,22,3629.339948
308,23,3543.034159
308,24,3483.659689
308,26,3342.188252
309,11,8370.824446
309,12,5985.111203
309,13,5068.252390
309,14,4332.989924
309,16,4233.160045
309,17,4028.095573
309,18,3900.901851
309,20,3749.146792
309,21,3672.064199
309,22,3629.339948
309,23,3543.034159
309,24,3483.659689
309,26,3342.188252
310,11,8370.824446
310,12,5985.111203
310,13,5068.252390
310,14,4332.989924
310,15,4319.945579
310,16,4233.160045
310,17,4028.095573
310,18,3869.499404
310,20,3749.146792
310,21,3538.495279
310,24,3483.659689
310,26,3342.188252
311,11,8370.824446
311,12,5985.111203
311,13,5068.252390
311,14,4332.989924
311,15,4319.945579
311,16,4233.160045
311,17,4028.095573
311,18,3869.499404
311,20,3749.146792
311,21,3538.495279
311,24,3483.659689
311,26,3342.188252
312,11,8370.824446
312,12,5985.111203
312,13,5068.252390
312,14,4332.989924
312,15,4319.945579
312,16,4233.160045
312,17,4028.095573
312,18,3869.499404
312,20,3749.146792
312,21,3538.495279
312,24,3483.659689
312,26,3342.188252
313,11,7979.075478
313,12,5985.111203
313,13,5068.252390
313,14,4332.989924
313,15,4319.945579
313,16,4233.160045
313,17,4028.095573
313,18,3869.499404
313,20,3749.146792
313,21,3538.495279
313,24,3444.169213
313,26,3342.188252
314,11,7312.878386
314,12,5985.111203
314,13,5068.252390
314,14,4332.989924
314,15,4319.945579
314,16,4233.160045
314,17,4028.095573
314,18,3869.499404
314,20,3749.146792
314,21,3538.495279
314,24,3444.169213
314,26,3342.188252
315,11,7312.878386
315,12,5985.111203
315,13,5068.252390
315,14,4332.989924
315,15,4319.945579
315,16,4233.160045
315,17,4028.095573
315,18,3869.499404
315,20,3749.146792
315,21,3538.495279
315,24,3444.169213
315,26,3342.188252
316,11,7312.878386
316,12,5985.111203
316,13,5068.252390
316,14,4332.989924
316,15,4319.945579
316,16,4194.349938
316,17,4028.095573
316,18,3869.499404
316,20,3749.146792
316,21,3538.495279
316,24,3444.169213
316,26,3342.188252
317,11,7312.878386
317,12,5985.111203
317,13,5068.252390
317,14,4332.989924
317,15,4319.945579
317,16,4194.349938
317,17,4028.095573
317,18,3869.499404
317,20,3749.146792
317,21,3538.495279
317,24,3444.169213
317,26,3342.188252
318,11,7312.878386
318,12,5985.111203
318,13,5068.252390
318,14,4332.989924
318,15,4319.945579
318,16,4194.349938
318,17,4028.095573
318,18,3869.499404
318,20,3749.146792
318,21,3538.495279
318,24,3444.169213
318,26,3342.188252
319,11,7312.878386
319,12,5410.468642
319,13,5068.252390
319,14,4332.989924
319,15,4319.945579
319,16,4194.349938
319,17,4028.095573
319,18,3869.499404
319,20,3749.146792
319,21,3538.495279
319,24,3444.169213
319,26,3342.188252
320,11,7312.878386
320,12,5410.468642
320,13,5068.252390
320,14,4332.989924
320,15,4319.945579
320,16,4194.349938
320,17,4028.095573
320,18,3869.499404
320,20,3677.703179
320,21,3538.495279
320,24,3444.169213
320,26,3342.188252
321,11,7312.878386
321,12,5410.468642
321,13,5068.252390
321,14,4332.989924
321,15,4319.945579
321,16,4194.349938
321,17,4028.095573
321,18,3869.499404
321,20,3677.703179
321,21,3538.495279
321,23,3521.031525
321,24,3444.169213
321,26,3342.188252
322,11,7312.878386
322,12,5410.468642
322,13,5068.252390
322,14,4332.989924
322,15,4319.945579
322,16,4194.349938
322,17,4028.095573
322,18,3869.499404
322,20,3677.703179
322,21,3538.495279
322,22,3455.397593
322,24,3444.169213
322,26,3342.188252
323,11,7312.878386
323,12,5410.468642
323,13,5068.252390
323,14,4332.989924
323,15,4319.945579
323,16,4194.349938
323,17,4028.095573
323,18,3869.499404
323,20,3677.703179
323,21,3538.495279
323,22,3455.397593
323,24,3444.169213
323,26,3342.188252
324,11,7312.878386
324,12,5410.468642
324,13,5068.252390
324,14,4332.989924
324,15,4319.945579
324,16,4194.349938
324,17,4028.095573
324,18,3869.499404
324,20,3677.703179
324,21,3538.495279
324,22,3455.397593
324,24,3444.169213
324,26,3342.188252
